    0.207493412494659424E+02    0.178431272506713867E+00    0.941130727529525757E+00   -0.892103995697596669E+07   -0.460515351937698814E+01    1
    0.242010962963104248E+02    0.247113108634948730E+00    0.536085546016693115E+00   -0.628302032775171380E+07   -0.461515351937698259E+01    1
    0.204672741889953613E+02    0.107207477092742920E+01    0.811724871397018433E+00   -0.586839834599689208E+07   -0.462515351937698149E+01    1
    0.211845386028289795E+02    0.119895279407501221E+01    0.601323306560516357E+00   -0.515299224616743252E+07   -0.463515351937698661E+01    1
    0.254626190662384033E+02    0.458554625511169434E+00    0.620287805795669556E+00   -0.479387512931228988E+07   -0.464515351937698728E+01    1
    0.269296681880950928E+02    0.613936185836791992E+00    0.816407173871994019E+00   -0.346020526690924540E+07   -0.465515351937698174E+01    1
    0.296610546112060547E+02    0.235649943351745605E+00    0.553122222423553467E+00   -0.289514294717445876E+07   -0.466515351937698153E+01    1
    0.276465451717376709E+02    0.853575468063354492E+00    0.938832610845565796E+00   -0.259500588861361519E+07   -0.467515351937698398E+01    1
    0.235880827903747559E+02    0.196900963783264160E+01    0.709729462862014771E+00   -0.233995361408624845E+07   -0.468515351937698377E+01    1
    0.226919138431549072E+02    0.245866179466247559E+01    0.506799936294555664E+00   -0.202789574171525822E+07   -0.469515351937698444E+01    1
    0.229509723186492920E+02    0.238089323043823242E+01    0.794666320085525513E+00   -0.196215363843253138E+07   -0.470515351937698423E+01    1
    0.313423299789428711E+02    0.358582735061645508E+00    0.837285727262496948E+00   -0.183716606288411608E+07   -0.471515351937698135E+01    1
    0.200497996807098389E+02    0.324970364570617676E+01    0.592123359441757202E+00   -0.181125914544551354E+07   -0.472515351937698025E+01    1
    0.236967182159423828E+02    0.244386136531829834E+01    0.615326553583145142E+00   -0.174298818559959903E+07   -0.473515351937698448E+01    1
    0.301429593563079834E+02    0.933628082275390625E+00    0.536287277936935425E+00   -0.167770251394012058E+07   -0.474515351937698782E+01    1
    0.222108185291290283E+02    0.288818836212158203E+01    0.806524634361267090E+00   -0.161411825375521882E+07   -0.475515351937698494E+01    1
    0.307551336288452148E+02    0.868164300918579102E+00    0.711736589670181274E+00   -0.148214868372054561E+07   -0.476515351937698117E+01    1
    0.218403661251068115E+02    0.325811803340911865E+01    0.592698544263839722E+00   -0.142407177153556515E+07   -0.477515351937698451E+01    1
    0.234251391887664795E+02    0.290488481521606445E+01    0.921993464231491089E+00   -0.131925308428936545E+07   -0.478515351937698341E+01    1
    0.232719075679779053E+02    0.323503196239471436E+01    0.668479084968566895E+00   -0.115356957920825761E+07   -0.479515351937697876E+01    1
    0.230741286277770996E+02    0.353042542934417725E+01    0.577693790197372437E+00   -0.102181723666285467E+07   -0.480515351937698032E+01    1
    0.300172615051269531E+02    0.168874025344848633E+01    0.962849438190460205E+00   -0.859860501070190105E+06   -0.481515351937698277E+01    1
    0.254157853126525879E+02    0.320104420185089111E+01    0.721707284450531006E+00   -0.809165851433997508E+06   -0.482515351937698345E+01    1
    0.305869781970977783E+02    0.173446834087371826E+01    0.638493984937667847E+00   -0.775924727123973658E+06   -0.483515351937698323E+01    1
    0.205090630054473877E+02    0.497397959232330322E+01    0.501678913831710815E+00   -0.724029505580998491E+06   -0.484515351937698480E+01    1
    0.248205995559692383E+02    0.361086845397949219E+01    0.602871656417846680E+00   -0.719469975347440224E+06   -0.485515351937698814E+01    1
    0.350898766517639160E+02    0.238350033760070801E+00    0.928895771503448486E+00   -0.706681699138480471E+06   -0.486515351937698437E+01    1
    0.317933619022369385E+02    0.148422896862030029E+01    0.673530966043472290E+00   -0.691311610277671134E+06   -0.487515351937698149E+01    1
    0.218215155601501465E+02    0.457368135452270508E+01    0.917096763849258423E+00   -0.675500625719307223E+06   -0.488515351937698572E+01    1
    0.362738406658172607E+02    0.778317451477050781E-02    0.633299082517623901E+00   -0.605004902114237193E+06   -0.489515351937698817E+01    1
    0.351429224014282227E+02    0.715073347091674805E+00    0.510385900735855103E+00   -0.529007106722750468E+06   -0.490515351937698973E+01    1
    0.275568044185638428E+02    0.334581017494201660E+01    0.681538373231887817E+00   -0.471843463210262882E+06   -0.491515351937698775E+01    1
    0.351149880886077881E+02    0.802329182624816895E+00    0.585036337375640869E+00   -0.468099622538379801E+06   -0.492515351937698220E+01    1
    0.261451387405395508E+02    0.392429888248443604E+01    0.990800946950912476E+00   -0.418858455390768999E+06   -0.493515351937698199E+01    1
    0.287523221969604492E+02    0.313657581806182861E+01    0.803676754236221313E+00   -0.393813254675506963E+06   -0.494515351937698799E+01    1
    0.254398369789123535E+02    0.438526332378387451E+01    0.656481027603149414E+00   -0.390181129795991932E+06   -0.495515351937699045E+01    1
    0.216983699798583984E+02    0.589302420616149902E+01    0.549804151058197021E+00   -0.368048580916475039E+06   -0.496515351937698846E+01    1
    0.360371184349060059E+02    0.700181126594543457E+00    0.587991565465927124E+00   -0.355501928385164007E+06   -0.497515351937698824E+01    1
    0.209204566478729248E+02    0.627615272998809814E+01    0.861515074968338013E+00   -0.332104024297018419E+06   -0.498515351937698359E+01    1
    0.361992883682250977E+02    0.729802846908569336E+00    0.693804979324340820E+00   -0.298522261994139059E+06   -0.499515351937698426E+01    1
    0.214924538135528564E+02    0.631762981414794922E+01    0.883493125438690186E+00   -0.288997035743035492E+06   -0.500515351937698583E+01    1
    0.372062063217163086E+02    0.222893953323364258E+00    0.943382382392883301E+00   -0.286316388314894109E+06   -0.501515351937698384E+01    1
    0.370879042148590088E+02    0.281869173049926758E+00    0.944567829370498657E+00   -0.285529207819406758E+06   -0.502515351937698451E+01    1
    0.394348371028900146E+02    0.872822046279907227E+01    0.854282736778259277E+00   -0.278173465651814244E+06   -0.503515351937698608E+01    1
    0.396110951900482178E+02    0.837564706802368164E+01    0.647481232881546021E+00   -0.269491297204233997E+06   -0.504515351937698409E+01    1
    0.386750447750091553E+02    0.990668058395385742E+01    0.586082935333251953E+00   -0.261307366706193134E+06   -0.505515351937698298E+01    1
    0.393044614791870117E+02    0.793813705444335938E+01    0.934630930423736572E+00   -0.255264673107025097E+06   -0.506515351937698455E+01    1
    0.384375655651092529E+02    0.964142441749572754E+01    0.752451747655868530E+00   -0.252364377724790975E+06   -0.507515351937697989E+01    1
    0.397757565975189209E+02    0.694547355175018311E+01    0.952469468116760254E+00   -0.252138570331668801E+06   -0.508515351937698501E+01    1
    0.393742489814758301E+02    0.808949172496795654E+01    0.601119965314865112E+00   -0.248937975722042203E+06   -0.509515351937699013E+01    1
    0.399544739723205566E+02    0.633765637874603271E+01    0.847926020622253418E+00   -0.239384346533259464E+06   -0.510515351937699080E+01    1
    0.378971517086029053E+02    0.989861190319061279E+01    0.683330923318862915E+00   -0.234308728058180364E+06   -0.511515351937698348E+01    1
    0.389197468757629395E+02    0.772539854049682617E+01    0.907113403081893921E+00   -0.230605239955702273E+06   -0.512515351937698238E+01    1
    0.396519172191619873E+02    0.628910183906555176E+01    0.935886323451995850E+00   -0.225136174415187328E+06   -0.513515351937698394E+01    1
    0.397894060611724854E+02    0.612502217292785645E+01    0.877354621887207031E+00   -0.224917042697325291E+06   -0.514515351937697751E+01    1
    0.399632239341735840E+02    0.574416100978851318E+01    0.946446746587753296E+00   -0.224560825841057987E+06   -0.515515351937698085E+01    1
    0.392860567569732666E+02    0.693238139152526855E+01    0.868979156017303467E+00   -0.223909217816059216E+06   -0.516515351937698330E+01    1
    0.211139488220214844E+02    0.701459407806396484E+01    0.749273985624313354E+00   -0.221163965160712483E+06   -0.517515351937698220E+01    1
    0.372697985172271729E+02    0.998614251613616943E+01    0.934599667787551880E+00   -0.220430758807806065E+06   -0.518515351937698643E+01    1
    0.288005650043487549E+02    0.395285189151763916E+01    0.665896922349929810E+00   -0.213863281215269293E+06   -0.519515351937698533E+01    1
    0.383025693893432617E+02    0.863604307174682617E+01    0.545702159404754639E+00   -0.213759667733042588E+06   -0.520515351937697623E+01    1
    0.308186006546020508E+02    0.304313898086547852E+01    0.940585672855377197E+00   -0.213671535894974717E+06   -0.521515351937698224E+01    1
    0.372580671310424805E+02    0.963670849800109863E+01    0.912911921739578247E+00   -0.211181356869623705E+06   -0.522515351937697670E+01    1
    0.377235615253448486E+02    0.915488660335540771E+01    0.624875098466873169E+00   -0.207537294347305957E+06   -0.523515351937698092E+01    1
    0.207755374908447266E+02    0.721809089183807373E+01    0.964681208133697510E+00   -0.206702175527963875E+06   -0.524515351937698071E+01    1
    0.274677503108978271E+02    0.444529533386230469E+01    0.986511021852493286E+00   -0.204898337215968990E+06   -0.525515351937698583E+01    1
    0.308424627780914307E+02    0.326216220855712891E+01    0.542980402708053589E+00   -0.199840019263171067E+06   -0.526515351937698739E+01    1
    0.384015488624572754E+02    0.800316214561462402E+01    0.517462462186813354E+00   -0.199412785716790531E+06   -0.527515351937698007E+01    1
    0.321768963336944580E+02    0.270648300647735596E+01    0.631004154682159424E+00   -0.194430815332075756E+06   -0.528515351937697542E+01    1
    0.265331292152404785E+02    0.504863917827606201E+01    0.720901757478713989E+00   -0.186493067681065470E+06   -0.529515351937697609E+01    1
    0.366857767105102539E+02    0.958478331565856934E+01    0.711784869432449341E+00   -0.183329169198511576E+06   -0.530515351937697677E+01    1
    0.329114186763763428E+02    0.245852351188659668E+01    0.822904944419860840E+00   -0.168814304634750821E+06   -0.531515351937698188E+01    1
    0.305080807209014893E+02    0.359046041965484619E+01    0.539737105369567871E+00   -0.168082240103514923E+06   -0.532515351937698078E+01    1
    0.256570553779602051E+02    0.559402108192443848E+01    0.685170531272888184E+00   -0.166894328359194449E+06   -0.533515351937697613E+01    1
    0.364730548858642578E+02    0.927458703517913818E+01    0.596580624580383301E+00   -0.164237136625179788E+06   -0.534515351937697680E+01    1
    0.371178460121154785E+02    0.723035931587219238E+00    0.860222846269607544E+00   -0.162168933919738047E+06   -0.535515351937698103E+01    1
    0.356905174255371094E+02    0.981718063354492188E+01    0.936040371656417847E+00   -0.161819105902351439E+06   -0.536515351937698171E+01    1
    0.261847794055938721E+02    0.557937085628509521E+01    0.823908418416976929E+00   -0.138123616924056987E+06   -0.537515351937698238E+01    1
    0.210040211677551270E+02    0.801325023174285889E+01    0.541037201881408691E+00   -0.138012863875038573E+06   -0.538515351937698128E+01    1
    0.370308732986450195E+02    0.749576568603515625E+01    0.618316382169723511E+00   -0.135741739855427470E+06   -0.539515351937698018E+01    1
    0.210654866695404053E+02    0.795710384845733643E+01    0.785472601652145386E+00   -0.132491025941639527E+06   -0.540515351937698263E+01    1
    0.389289534091949463E+02    0.515540778636932373E+01    0.549453914165496826E+00   -0.131764488546720764E+06   -0.541515351937698153E+01    1
    0.224856078624725342E+02    0.727242469787597656E+01    0.951939433813095093E+00   -0.131653886216371902E+06   -0.542515351937697865E+01    1
    0.288644099235534668E+02    0.444134235382080078E+01    0.952551156282424927E+00   -0.127779719758221458E+06   -0.543515351937697933E+01    1
    0.394829988479614258E+02    0.405263543128967285E+01    0.788275212049484253E+00   -0.125639047340937657E+06   -0.544515351937698178E+01    1
    0.363010907173156738E+02    0.746589958667755127E+01    0.991199284791946411E+00   -0.120227717619795469E+06   -0.545515351937698245E+01    1
    0.288988029956817627E+02    0.463950991630554199E+01    0.803065687417984009E+00   -0.110628349951410346E+06   -0.546515351937698401E+01    1
    0.373946082592010498E+02    0.597509503364562988E+01    0.891483992338180542E+00   -0.110048443560438522E+06   -0.547515351937698025E+01    1
    0.353464615345001221E+02    0.808961749076843262E+01    0.964343696832656860E+00   -0.106768084139626968E+06   -0.548515351937698004E+01    1
    0.370473539829254150E+02    0.623740494251251221E+01    0.855018079280853271E+00   -0.104850963546896150E+06   -0.549515351937697805E+01    1
    0.399546158313751221E+02    0.292393088340759277E+01    0.905366212129592896E+00   -0.102713901613874346E+06   -0.550515351937697694E+01    1
    0.341493332386016846E+02    0.903568565845489502E+01    0.978834897279739380E+00   -0.979360057015408383E+05   -0.551515351937698295E+01    1
    0.219952249526977539E+02    0.816119074821472168E+01    0.579026609659194946E+00   -0.954133188499773532E+05   -0.552515351937698185E+01    1
    0.380849683284759521E+02    0.483398020267486572E+01    0.849265635013580322E+00   -0.951638366726760141E+05   -0.553515351937698163E+01    1
    0.327827394008636475E+02    0.296428501605987549E+01    0.941681742668151855E+00   -0.947163832883095747E+05   -0.554515351937698142E+01    1
    0.200647485256195068E+02    0.901456952095031738E+01    0.780785560607910156E+00   -0.946139635863674048E+05   -0.555515351937698032E+01    1
    0.220585703849792480E+02    0.813594639301300049E+01    0.654471009969711304E+00   -0.930696797716211440E+05   -0.556515351937698544E+01    1
    0.355052065849304199E+02    0.737291991710662842E+01    0.987146377563476562E+00   -0.919647925077393302E+05   -0.557515351937698611E+01    1
    0.353958225250244141E+02    0.194966673851013184E+01    0.621746152639389038E+00   -0.914816898456282070E+05   -0.558515351937698146E+01    1
    0.229414701461791992E+02    0.769880890846252441E+01    0.816086083650588989E+00   -0.901641110729397624E+05   -0.559515351937697680E+01    1
    0.285672926902770996E+02    0.510933160781860352E+01    0.651689916849136353E+00   -0.881081793963694072E+05   -0.560515351937697748E+01    1
    0.273335611820220947E+02    0.568482458591461182E+01    0.714134663343429565E+00   -0.867511589772291918E+05   -0.561515351937697904E+01    1
    0.357290768623352051E+02    0.740815639495849609E+01    0.507361590862274170E+00   -0.864951942442028376E+05   -0.562515351937698060E+01    1
    0.372619330883026123E+02    0.547627985477447510E+01    0.762332767248153687E+00   -0.843144720057276718E+05   -0.563515351937698039E+01    1
    0.344720625877380371E+02    0.231537818908691406E+01    0.847462296485900879E+00   -0.841931070528744604E+05   -0.564515351937698284E+01    1
    0.269446754455566406E+02    0.591808915138244629E+01    0.766731709241867065E+00   -0.818971150275124819E+05   -0.565515351937698085E+01    1
    0.281519139853092426E+02    0.535562913368921567E+01    0.860745793205116128E+00   -0.780038206373184512E+05   -0.566515351937697975E+01    1
    0.206660580635070801E+02    0.912882506847381592E+01    0.600621163845062256E+00   -0.776507820556613151E+05   -0.567515351937697954E+01    1
    0.259994435310363770E+02    0.640949845314025879E+01    0.884576737880706787E+00   -0.769662497591658466E+05   -0.568515351937697666E+01    1
    0.224837172031402588E+02    0.818068027496337891E+01    0.807887971401214600E+00   -0.760214877863361035E+05   -0.569515351937697734E+01    1
    0.287944996356964111E+02    0.522152960300445557E+01    0.546452671289443970E+00   -0.755219623818106775E+05   -0.570515351937697890E+01    1
    0.207729423046112061E+02    0.908503890037536621E+01    0.698726683855056763E+00   -0.752111735170730390E+05   -0.571515351937697780E+01    1
    0.373663675785064697E+02    0.524145901203155518E+01    0.571417152881622314E+00   -0.733680259487255244E+05   -0.572515351937697403E+01    1
    0.365567467878972252E+02    0.144333564899293143E+01    0.865692160873328675E+00   -0.729857275784304802E+05   -0.573515351937697382E+01    1
    0.364752447605133057E+02    0.594587028026580811E+01    0.689199566841125488E+00   -0.714909024081940152E+05   -0.574515351937697805E+01    1
    0.242167687416076660E+02    0.736483991146087646E+01    0.977672308683395386E+00   -0.709192415223363787E+05   -0.575515351937698227E+01    1
    0.384014379978179932E+02    0.396754682064056396E+01    0.724381744861602783E+00   -0.699295974618032633E+05   -0.576515351937698384E+01    1
    0.266980826854705811E+02    0.629834294319152832E+01    0.620087593793869019E+00   -0.694210731535896339E+05   -0.577515351937697918E+01    1
    0.333173263072967529E+02    0.298301100730895996E+01    0.910700619220733643E+00   -0.675543050871326996E+05   -0.578515351937698075E+01    1
    0.378540396690368652E+02    0.461089491844177246E+01    0.526936471462249756E+00   -0.663283732457489969E+05   -0.579515351937698409E+01    1
    0.331310462951660156E+02    0.871487140655517578E+01    0.804955780506134033E+00   -0.624247539782410167E+05   -0.580515351937698565E+01    1
    0.235903513431549072E+02    0.796115815639495850E+01    0.678246706724166870E+00   -0.623236607059826929E+05   -0.581515351937698366E+01    1
    0.335921072959899902E+02    0.813035130500793457E+01    0.956218689680099487E+00   -0.613978436767113308E+05   -0.582515351937698256E+01    1
    0.251867854595184326E+02    0.728513062000274658E+01    0.546284943819046021E+00   -0.591660355282432938E+05   -0.583515351937698412E+01    1
    0.252179707920679164E+02    0.726705456915622783E+01    0.628932469267453831E+00   -0.572367443787815064E+05   -0.584515351937698391E+01    1
    0.364435539088816824E+02    0.564288942394355253E+01    0.529632018916510350E+00   -0.560963755143012386E+05   -0.585515351937697837E+01    1
    0.329871110565022860E+02    0.844839535843818012E+01    0.907513416325216538E+00   -0.549963666752704448E+05   -0.586515351937697371E+01    1
    0.313322067260742188E+02    0.417835593223571777E+01    0.960117131471633911E+00   -0.489913068622901628E+05   -0.587515351937697705E+01    1
    0.331846463680267334E+02    0.814539492130279541E+01    0.619505763053894043E+00   -0.468318671923820802E+05   -0.588515351937697684E+01    1
    0.341297900676727295E+02    0.728617608547210693E+01    0.535789191722869873E+00   -0.441977783617167588E+05   -0.589515351937697751E+01    1
    0.393323528766632080E+02    0.239349961280822754E+01    0.826794207096099854E+00   -0.436432696095971914E+05   -0.590515351937697286E+01    1
    0.233163785934448242E+02    0.847194373607635498E+01    0.963995277881622314E+00   -0.434724103404543639E+05   -0.591515351937697531E+01    1
    0.381907367706298828E+02    0.365012347698211670E+01    0.523951798677444458E+00   -0.428833104272596829E+05   -0.592515351937697687E+01    1
    0.265162467956542969E+02    0.680106282234191895E+01    0.938623487949371338E+00   -0.427569907936132804E+05   -0.593515351937697400E+01    1
    0.328640270233154297E+02    0.804865956306457520E+01    0.832547456026077271E+00   -0.424266773353724493E+05   -0.594515351937698000E+01    1
    0.380004386304087731E+02    0.117680328741183882E+01    0.624403558629639810E+00   -0.411466333522071582E+05   -0.595515351937698156E+01    1
    0.258157360553741455E+02    0.732599079608917236E+01    0.684392720460891724E+00   -0.405899465263758466E+05   -0.596515351937697336E+01    1
    0.321019918133509634E+02    0.855588948235430991E+01    0.888500268939183324E+00   -0.401727530338093493E+05   -0.597515351937696959E+01    1
    0.342815458774566650E+02    0.283342838287353516E+01    0.941821873188018799E+00   -0.401341107729354699E+05   -0.598515351937697559E+01    1
    0.249878513813018799E+02    0.776155173778533936E+01    0.832042008638381958E+00   -0.386717184198605246E+05   -0.599515351937697627E+01    1
    0.239231789112091064E+02    0.850509822368621826E+01    0.511289864778518677E+00   -0.379358126680735295E+05   -0.600515351937697517E+01    1
    0.258787485261415924E+02    0.745762063193475822E+01    0.581652411946723236E+00   -0.364759925503531485E+05   -0.601515351937697851E+01    1
    0.360867977142333984E+02    0.526762068271636963E+01    0.525237590074539185E+00   -0.357742556850189430E+05   -0.602515351937697829E+01    1
    0.357622139249493927E+02    0.225613629404528337E+01    0.736507710323297760E+00   -0.353905394453700428E+05   -0.603515351937697453E+01    1
    0.253449470475262970E+02    0.781085502845185520E+01    0.538317886968769699E+00   -0.350917693275898127E+05   -0.604515351937697520E+01    1
    0.341712876548373004E+02    0.317415627541886547E+01    0.546397400329532545E+00   -0.347059141871368629E+05   -0.605515351937697410E+01    1
    0.380664587020874023E+02    0.325865626335144043E+01    0.851221621036529541E+00   -0.346562109745420457E+05   -0.606515351937697478E+01    1
    0.343108458255559370E+02    0.647298475882656810E+01    0.804842723482991462E+00   -0.341453703643798071E+05   -0.607515351937697723E+01    1
    0.266702507656991195E+02    0.704795352346106974E+01    0.844741546581575076E+00   -0.318511420531059557E+05   -0.608515351937697790E+01    1
    0.350312089920043945E+02    0.582699954509735107E+01    0.722703874111175537E+00   -0.316474512444219217E+05   -0.609515351937697769E+01    1
    0.354697624358109280E+02    0.543330605866636596E+01    0.686628457144838222E+00   -0.302440779559943257E+05   -0.610515351937697481E+01    1
    0.275389170646667480E+02    0.662744760513305664E+01    0.848457932472229004E+00   -0.299978608454912683E+05   -0.611515351937697282E+01    1
    0.235147455822651992E+02    0.900533301487946147E+01    0.631915093863963384E+00   -0.283005524066400103E+05   -0.612515351937697528E+01    1
    0.241199475079098420E+02    0.860273029390169874E+01    0.839442300233575467E+00   -0.277568033862004886E+05   -0.613515351937697417E+01    1
    0.265031576156616211E+02    0.730559945106506348E+01    0.774959594011306763E+00   -0.275455928226810429E+05   -0.614515351937697485E+01    1
    0.229246264166100104E+02    0.938043038856833178E+01    0.640993580094762705E+00   -0.271319819737531507E+05   -0.615515351937697819E+01    1
    0.319917001867180026E+02    0.813402671995842752E+01    0.636714411984076745E+00   -0.264283137061014568E+05   -0.616515351937697620E+01    1
    0.329573988914489746E+02    0.399726152420043945E+01    0.503728896379470825E+00   -0.259425013105472754E+05   -0.617515351937697776E+01    1
    0.364128196239471436E+02    0.443299174308776855E+01    0.658595532178878784E+00   -0.239222832256679103E+05   -0.618515351937698288E+01    1
    0.354729001505284458E+02    0.253258236101165846E+01    0.839052432024513850E+00   -0.239215208780313442E+05   -0.619515351937698000E+01    1
    0.338010370731353760E+02    0.638016223907470703E+01    0.879625082015991211E+00   -0.238382417693978859E+05   -0.620515351937697535E+01    1
    0.326968706184245335E+02    0.753118098610364051E+01    0.523616163624819220E+00   -0.236564825623831421E+05   -0.621515351937697247E+01    1
    0.358887612819671631E+02    0.479194045066833496E+01    0.731409996747970581E+00   -0.236020000058856313E+05   -0.622515351937697314E+01    1
    0.259482034129472154E+02    0.783041364459452538E+01    0.818800909950481715E+00   -0.215099130881417877E+05   -0.623515351937697559E+01    1
    0.339058670429636919E+02    0.354916043200850195E+01    0.573805833568822976E+00   -0.214871008239482871E+05   -0.624515351937698071E+01    1
    0.398341059684753418E+02    0.158768415451049805E+01    0.587226569652557373E+00   -0.211868987287139062E+05   -0.625515351937697694E+01    1
    0.380398046970367432E+02    0.280924022197723389E+01    0.948820590972900391E+00   -0.208239906841492484E+05   -0.626515351937697407E+01    1
    0.346979288457459347E+02    0.302262211433783623E+01    0.803675836724882076E+00   -0.204469938265157107E+05   -0.627515351937697385E+01    1
    0.380105590820312500E+02    0.288085341453552246E+01    0.837221771478652954E+00   -0.203455221366898586E+05   -0.628515351937697986E+01    1
    0.353663660512255547E+02    0.526140835287757014E+01    0.505219100463222603E+00   -0.202389553099284458E+05   -0.629515351937697432E+01    1
    0.282691609859466553E+02    0.659725785255432129E+01    0.736974895000457764E+00   -0.201277107663913193E+05   -0.630515351937697766E+01    1
    0.334474766254425049E+02    0.663174033164978027E+01    0.631070017814636230E+00   -0.197123038196774432E+05   -0.631515351937697567E+01    1
    0.273621475696563721E+02    0.707462310791015625E+01    0.893930524587631226E+00   -0.195520860635542631E+05   -0.632515351937697190E+01    1
    0.284317767620086670E+02    0.651364445686340332E+01    0.811217516660690308E+00   -0.190672016195133365E+05   -0.633515351937697790E+01    1
    0.263371172410005627E+02    0.778315482791854407E+01    0.664714674999513311E+00   -0.189930251483096654E+05   -0.634515351937697858E+01    1
    0.391055359073915838E+02    0.791114734965308597E+00    0.908070300246694884E+00   -0.187710215922919961E+05   -0.635515351937697659E+01    1
    0.272458394150789687E+02    0.737676489603791286E+01    0.500152062758077220E+00   -0.184624655778181041E+05   -0.636515351937697371E+01    1
    0.385064971446990967E+02    0.262369751930236816E+01    0.526543706655502319E+00   -0.180721097629174037E+05   -0.637515351937697350E+01    1
    0.302543962001800537E+02    0.893100440502166748E+01    0.668661981821060181E+00   -0.178927535355196887E+05   -0.638515351937697861E+01    1
    0.353130370438319829E+02    0.507975524496124375E+01    0.635100320665871076E+00   -0.178893311795290392E+05   -0.639515351937698195E+01    1
    0.274768195654927538E+02    0.722173484752785644E+01    0.581665140962434823E+00   -0.178314689715083005E+05   -0.640515351937697730E+01    1
    0.302209960338725026E+02    0.899235326941658641E+01    0.615259887195087618E+00   -0.177532771064996014E+05   -0.641515351937697620E+01    1
    0.240026307106018066E+02    0.926130473613739014E+01    0.585421234369277954E+00   -0.174393157712723660E+05   -0.642515351937697776E+01    1
    0.289263629913330078E+02    0.638619661331176758E+01    0.630832195281982422E+00   -0.172925146923969005E+05   -0.643515351937697222E+01    1
    0.331682578887141943E+02    0.654321563357946623E+01    0.851446813814481285E+00   -0.170483579232634074E+05   -0.644515351937697556E+01    1
    0.255794656975768682E+02    0.830323793549781897E+01    0.715071947825717480E+00   -0.168959314745974043E+05   -0.645515351937697535E+01    1
    0.377856004238128662E+02    0.172289848327636719E+01    0.509796291589736938E+00   -0.168029501530409325E+05   -0.646515351937697513E+01    1
    0.310289728641510010E+02    0.828091919422149658E+01    0.649708777666091919E+00   -0.166426625972768816E+05   -0.647515351937697048E+01    1
    0.255712389945983887E+02    0.833152711391448975E+01    0.721748858690261841E+00   -0.163986479692544199E+05   -0.648515351937697559E+01    1
    0.386804623859258498E+02    0.103835518767925006E+01    0.945342236624543530E+00   -0.155350443206320360E+05   -0.649515351937697538E+01    1
    0.292394518852233887E+02    0.617411971092224121E+01    0.914907246828079224E+00   -0.150246614485587234E+05   -0.650515351937697694E+01    1
    0.363167977333068848E+02    0.225255846977233887E+01    0.907483100891113281E+00   -0.148189896673325784E+05   -0.651515351937697318E+01    1
    0.347021238586663046E+02    0.529544493273794892E+01    0.766388422500603350E+00   -0.145692913847574582E+05   -0.652515351937697652E+01    1
    0.269205558300018311E+02    0.773137390613555908E+01    0.546225726604461670E+00   -0.144020923285832796E+05   -0.653515351937697631E+01    1
    0.397594879001674499E+02    0.878458797067298569E+00    0.535576858544050238E+00   -0.140333214471667925E+05   -0.654515351937697609E+01    1
    0.328547835350036621E+02    0.674187541007995605E+01    0.651838541030883789E+00   -0.139742970491679771E+05   -0.655515351937696966E+01    1
    0.304895801996056903E+02    0.848972485279953304E+01    0.653134382737985630E+00   -0.139684610763965247E+05   -0.656515351937697567E+01    1
    0.387823022094463994E+02    0.197251360449702862E+01    0.955043448081021928E+00   -0.138545976227474202E+05   -0.657515351937698256E+01    1
    0.286239886283874512E+02    0.675680100917816162E+01    0.658302068710327148E+00   -0.126526919252776715E+05   -0.658515351937698501E+01    1
    0.377997028827667236E+02    0.152735650539398193E+01    0.957027494907379150E+00   -0.126227479081382662E+05   -0.659515351937696881E+01    1
    0.392562538402535921E+02    0.157356965762164469E+01    0.879062772387868785E+00   -0.124415302839792239E+05   -0.660515351937696948E+01    1
    0.380732476711273193E+02    0.169722199440002441E+01    0.509301126003265381E+00   -0.123468180310654971E+05   -0.661515351937697371E+01    1
    0.291777605346782494E+02    0.634821740531909917E+01    0.887625301018068802E+00   -0.122756729568375176E+05   -0.662515351937697705E+01    1
    0.342084765434265137E+02    0.572750508785247803E+01    0.526983171701431274E+00   -0.121922465320192550E+05   -0.663515351937697861E+01    1
    0.332093883289563934E+02    0.630619239204796678E+01    0.714711186370693641E+00   -0.119719786265225630E+05   -0.664515351937698107E+01    1
    0.395123217005716043E+02    0.150897344044025772E+01    0.561454756559668589E+00   -0.118943149919403477E+05   -0.665515351937697286E+01    1
    0.315116564412345390E+02    0.762923054451066740E+01    0.608644079303423124E+00   -0.118853257256238903E+05   -0.666515351937697353E+01    1
    0.250799466643169495E+02    0.890051935476946454E+01    0.747920378586765855E+00   -0.117921417832897332E+05   -0.667515351937697510E+01    1
    0.321300649642944336E+02    0.472241520881652832E+01    0.753255009651184082E+00   -0.114888162605914986E+05   -0.668515351937697488E+01    1
    0.260445702937692261E+02    0.844828540671811723E+01    0.517401737112129112E+00   -0.114515468509612110E+05   -0.669515351937697734E+01    1
    0.398253870032179549E+02    0.997663270528269752E+00    0.564508129335358433E+00   -0.112572785562975496E+05   -0.670515351937697446E+01    1
    0.392808317799173352E+02    0.151806492015802541E+01    0.840353895337929147E+00   -0.112363435295497911E+05   -0.671515351937697247E+01    1
    0.245549682633005375E+02    0.924656918415143281E+01    0.832924090757436231E+00   -0.110924219270090180E+05   -0.672515351937697314E+01    1
    0.346909856186503731E+02    0.519541897892237081E+01    0.642438610657009246E+00   -0.109460933619239404E+05   -0.673515351937697382E+01    1
    0.396826137737023714E+02    0.112402290150319328E+01    0.854174318545763089E+00   -0.105484695213286832E+05   -0.674515351937697183E+01    1
    0.316690313816070557E+02    0.722161173820495605E+01    0.867291778326034546E+00   -0.104377283550550928E+05   -0.675515351937697428E+01    1
    0.270434410579080833E+02    0.787643163821890813E+01    0.592110285178131801E+00   -0.103061783967386400E+05   -0.676515351937697584E+01    1
    0.296599698066711426E+02    0.634643256664276123E+01    0.565303951501846313E+00   -0.983829996644320090E+04   -0.677515351937697829E+01    1
    0.379902736400957082E+02    0.269354495420379170E+01    0.519003422620791910E+00   -0.983715802322210766E+04   -0.678515351937697098E+01    1
    0.338423925968981933E+02    0.578199816551581147E+01    0.589670806243468792E+00   -0.955712998608516500E+04   -0.679515351937697432E+01    1
    0.383180832862854004E+02    0.236431956291198730E+01    0.588026940822601318E+00   -0.954837898586955635E+04   -0.680515351937697410E+01    1
    0.379778675216631854E+02    0.248668077779110064E+01    0.827649061467903735E+00   -0.944249940592974781E+04   -0.681515351937697567E+01    1
    0.302507898025639648E+02    0.830110354049340771E+01    0.622975377037294886E+00   -0.917213120926534248E+04   -0.682515351937697723E+01    1
    0.345240509510040283E+02    0.524955511093139648E+01    0.575894415378570557E+00   -0.891581190131483891E+04   -0.683515351937697613E+01    1
    0.394730035042511957E+02    0.116328218345661538E+01    0.779581714076046040E+00   -0.874932698875662209E+04   -0.684515351937697059E+01    1
    0.254978552451374441E+02    0.895195787941154997E+01    0.606569109256336669E+00   -0.867043089113037240E+04   -0.685515351937697126E+01    1
    0.389556109905242920E+02    0.160512149333953857E+01    0.933747410774230957E+00   -0.862535379193045083E+04   -0.686515351937697371E+01    1
    0.362287285421441965E+02    0.376858358489761347E+01    0.830447963253862387E+00   -0.829038708310801485E+04   -0.687515351937697083E+01    1
    0.278783899446502268E+02    0.742385976517590152E+01    0.795320443923460019E+00   -0.815491338960806206E+04   -0.688515351937697062E+01    1
    0.354220902919769287E+02    0.446586251258850098E+01    0.652223855257034302E+00   -0.797344891903691678E+04   -0.689515351937697307E+01    1
    0.337157571545103849E+02    0.551644541006063438E+01    0.965412825631859040E+00   -0.789833036504880511E+04   -0.690515351937697019E+01    1
    0.391902586900851162E+02    0.138131635628848848E+01    0.731544475481390122E+00   -0.784082433988455705E+04   -0.691515351937697176E+01    1
    0.388620674610137939E+02    0.178408861160278320E+01    0.583361595869064331E+00   -0.782842596493874225E+04   -0.692515351937697421E+01    1
    0.294003939628601074E+02    0.852583289146423340E+01    0.934676140546798706E+00   -0.770721597553339598E+04   -0.693515351937697400E+01    1
    0.298068336727271017E+02    0.851260561141295291E+01    0.562191660871361076E+00   -0.755762846518375409E+04   -0.694515351937697556E+01    1
    0.330191592747058777E+02    0.429976012262661822E+01    0.947042759385455790E+00   -0.744937008735850031E+04   -0.695515351937697623E+01    1
    0.389390344630685661E+02    0.127022929211892821E+01    0.844078384941293391E+00   -0.734895620705026067E+04   -0.696515351937697869E+01    1
    0.267309590679645481E+02    0.832228232802165735E+01    0.557351548916746431E+00   -0.731600655297292269E+04   -0.697515351937697670E+01    1
    0.331821545383686640E+02    0.420886619181710309E+01    0.955339441907082865E+00   -0.729693286253033239E+04   -0.698515351937697471E+01    1
    0.277638361968311784E+02    0.985268767602029527E+01    0.560355490904932196E+00   -0.715510952783153607E+04   -0.699515351937697627E+01    1
    0.340514081722342823E+02    0.384419032144987494E+01    0.704526852907001011E+00   -0.706250656587652702E+04   -0.700515351937697339E+01    1
    0.252226380415698728E+02    0.934325518080225592E+01    0.509655266834626142E+00   -0.698531539208580944E+04   -0.701515351937697229E+01    1
    0.319136037730033699E+02    0.672893349225223680E+01    0.930680981041042354E+00   -0.688413737486178889E+04   -0.702515351937697385E+01    1
    0.379075448522286536E+02    0.177422250148934024E+01    0.770789899523947941E+00   -0.679591982140509208E+04   -0.703515351937696920E+01    1
    0.250623083114624023E+02    0.937018454074859619E+01    0.745229035615921021E+00   -0.677938067239950033E+04   -0.704515351937696899E+01    1
    0.346964969440475670E+02    0.485621407881986755E+01    0.746740501523682876E+00   -0.675382197947922305E+04   -0.705515351937697233E+01    1
    0.343241961478026028E+02    0.526721160427523927E+01    0.548967418233796800E+00   -0.669319911118699383E+04   -0.706515351937697300E+01    1
    0.371384981554942328E+02    0.224056456287596006E+01    0.655262567102172566E+00   -0.652101405827167491E+04   -0.707515351937697190E+01    1
    0.285676479146442688E+02    0.711488498600930530E+01    0.869463990275485821E+00   -0.630008083306665321E+04   -0.708515351937697524E+01    1
    0.374381150060358934E+02    0.288557405069408723E+01    0.558406639470053534E+00   -0.626172462588786129E+04   -0.709515351937697947E+01    1
    0.348091577488323694E+02    0.464377591335778117E+01    0.911692464323697660E+00   -0.624856965709541601E+04   -0.710515351937697481E+01    1
    0.318765783309936523E+02    0.513448297977447510E+01    0.750928789377212524E+00   -0.616598977559215382E+04   -0.711515351937697194E+01    1
    0.343476600541346500E+02    0.376614975282562714E+01    0.642836352193966287E+00   -0.603454470673458491E+04   -0.712515351937697261E+01    1
    0.328671932220458984E+02    0.614458084106445312E+01    0.685674726963043213E+00   -0.598527503425970826E+04   -0.713515351937696796E+01    1
    0.282292167612426610E+02    0.747474499331022102E+01    0.602307750072981429E+00   -0.596661734312205408E+04   -0.714515351937696508E+01    1
    0.282223963737487793E+02    0.922133564949035645E+01    0.764164298772811890E+00   -0.595051609068527250E+04   -0.715515351937696753E+01    1
    0.329591572284698486E+02    0.593035995960235596E+01    0.896515667438507080E+00   -0.580800182702069560E+04   -0.716515351937696821E+01    1
    0.334885974557307975E+02    0.555977672090467046E+01    0.890742972390413446E+00   -0.576622638443353844E+04   -0.717515351937696444E+01    1
    0.251371620142393510E+02    0.944668437007698003E+01    0.851813005113530308E+00   -0.561811988417141583E+04   -0.718515351937696511E+01    1
    0.282774214557492130E+02    0.741633180173109086E+01    0.740362749323864588E+00   -0.558047922986356753E+04   -0.719515351937696845E+01    1
    0.321975614066244802E+02    0.639886144831128512E+01    0.962051301841303719E+00   -0.556984161939816840E+04   -0.720515351937697446E+01    1
    0.354575347900390625E+02    0.429325282573699951E+01    0.617587924003601074E+00   -0.543303193817973624E+04   -0.721515351937697869E+01    1
    0.339816279720668604E+02    0.386560812241052343E+01    0.899549821986501907E+00   -0.541940343400554320E+04   -0.722515351937697670E+01    1
    0.336415113141151991E+02    0.420820416601387493E+01    0.635527768606805044E+00   -0.540148903845215500E+04   -0.723515351937696849E+01    1
    0.304970309750443462E+02    0.750703978139708283E+01    0.939232877169843494E+00   -0.509085095777730658E+04   -0.724515351937696384E+01    1
    0.316276121139526367E+02    0.537159144878387451E+01    0.741979956626892090E+00   -0.494631833180183366E+04   -0.725515351937697073E+01    1
    0.250636131093116674E+02    0.969914994408654252E+01    0.575841196445813996E+00   -0.488707584843696441E+04   -0.726515351937697051E+01    1
    0.257339457130708666E+02    0.924093310731000273E+01    0.607076566253471062E+00   -0.481911428349555172E+04   -0.727515351937696853E+01    1
    0.365811856897424974E+02    0.337339665999460703E+01    0.624701390365792641E+00   -0.447913134961789910E+04   -0.728515351937696742E+01    1
    0.250774426345698167E+02    0.978365011999465750E+01    0.549228696088759683E+00   -0.442359978190980837E+04   -0.729515351937696988E+01    1
    0.357028647345578776E+02    0.293700470901849897E+01    0.923433778151965146E+00   -0.439894453508109655E+04   -0.730515351937697766E+01    1
    0.357345814716132537E+02    0.390293138206138090E+01    0.785827396195896033E+00   -0.437700191735991211E+04   -0.731515351937697655E+01    1
    0.268017027126932206E+02    0.852330776553663405E+01    0.816559585043527658E+00   -0.432086581934760216E+04   -0.732515351937697723E+01    1
    0.288158046159309578E+02    0.860705816798816770E+01    0.769321982403438298E+00   -0.431392729256010898E+04   -0.733515351937697524E+01    1
    0.313528197995650828E+02    0.560418458454407631E+01    0.715846181717190722E+00   -0.429968492245076050E+04   -0.734515351937696614E+01    1
    0.328095463340456064E+02    0.476108507074226583E+01    0.647369539856874510E+00   -0.426912578828889946E+04   -0.735515351937696948E+01    1
    0.340032559777762557E+02    0.521812007922715004E+01    0.655027476194409930E+00   -0.425292290086184585E+04   -0.736515351937697105E+01    1
    0.311720812731753512E+02    0.566851408033932458E+01    0.847099749499678922E+00   -0.415054346732300655E+04   -0.737515351937696906E+01    1
    0.297805839388515423E+02    0.669381668470485192E+01    0.563101057496215196E+00   -0.410103735822028102E+04   -0.738515351937697240E+01    1
    0.264038693904876709E+02    0.894069254398345947E+01    0.536656945943832397E+00   -0.404336957303876170E+04   -0.739515351937697218E+01    1
    0.268625462918225217E+02    0.862770199155363571E+01    0.550631001967331724E+00   -0.400556609494984514E+04   -0.740515351937697464E+01    1
    0.267941296300466121E+02    0.865642966148658388E+01    0.593738877900862994E+00   -0.399854907992646349E+04   -0.741515351937697265E+01    1
    0.316480229404160696E+02    0.667835928732155182E+01    0.839479463567196826E+00   -0.397525133052581896E+04   -0.742515351937696799E+01    1
    0.367407603994691243E+02    0.261579164370292272E+01    0.623427746364280888E+00   -0.395752942721715590E+04   -0.743515351937697044E+01    1
    0.280003349850858072E+02    0.900156678509344310E+01    0.829800905303977210E+00   -0.391565465417272344E+04   -0.744515351937697023E+01    1
    0.311250144570048484E+02    0.569740567408997833E+01    0.901720172097062900E+00   -0.391540502995547877E+04   -0.745515351937696646E+01    1
    0.337139556822049329E+02    0.409203031744594448E+01    0.954531986712564007E+00   -0.389080860591914643E+04   -0.746515351937696536E+01    1
    0.374795032288460277E+02    0.223272703671735728E+01    0.696900276325689072E+00   -0.384760424406231778E+04   -0.747515351937696515E+01    1
    0.255081302882760781E+02    0.956344162171514256E+01    0.825526739920878327E+00   -0.378079818536597486E+04   -0.748515351937696671E+01    1
    0.345205953030728878E+02    0.472949974200207546E+01    0.769604877336304338E+00   -0.371482278991412022E+04   -0.749515351937696561E+01    1
    0.292297133776513363E+02    0.823769226408962041E+01    0.790132787616086740E+00   -0.371289400035948893E+04   -0.750515351937696362E+01    1
    0.269801437698850961E+02    0.975552529279955039E+01    0.613905110261603548E+00   -0.366588047509357193E+04   -0.751515351937696874E+01    1
    0.274958773441434303E+02    0.826404462615164448E+01    0.543146105625828435E+00   -0.361595852413428383E+04   -0.752515351937696853E+01    1
    0.284131289831240750E+02    0.866005267637063270E+01    0.858558661414584146E+00   -0.354315541666187255E+04   -0.753515351937696742E+01    1
    0.361494266986846924E+02    0.274814426898956299E+01    0.926587045192718506E+00   -0.352044766992392942E+04   -0.754515351937696721E+01    1
    0.314248287677764893E+02    0.676515221595764160E+01    0.848062396049499512E+00   -0.351663935471475270E+04   -0.755515351937696877E+01    1
    0.377529022947031336E+02    0.214213123133590688E+01    0.940345133219668616E+00   -0.344735289613026316E+04   -0.756515351937697211E+01    1
    0.270604399604850094E+02    0.975176434827025673E+01    0.526865778838250476E+00   -0.342284492444433181E+04   -0.757515351937696835E+01    1
    0.366687575528035694E+02    0.314455087920286269E+01    0.736643634790527080E+00   -0.341428237771515796E+04   -0.758515351937696991E+01    1
    0.307307311241950423E+02    0.740254455214225793E+01    0.582569055970065919E+00   -0.340375336495163128E+04   -0.759515351937697325E+01    1
    0.272319841384887695E+02    0.843688607215881348E+01    0.683976113796234131E+00   -0.335499986542641000E+04   -0.760515351937697126E+01    1
    0.345746316625047285E+02    0.466538259602389438E+01    0.748883318087517069E+00   -0.330766963056225995E+04   -0.761515351937696572E+01    1
    0.297694559499758213E+02    0.668022897271306526E+01    0.794228082759481646E+00   -0.329340530096483280E+04   -0.762515351937696639E+01    1
    0.373246632634397884E+02    0.258681048721226414E+01    0.596562558319273184E+00   -0.323918790669027430E+04   -0.763515351937696973E+01    1
    0.364338937536112084E+02    0.330500855991323839E+01    0.737271951393159708E+00   -0.321742510212640718E+04   -0.764515351937696952E+01    1
    0.266954511882236005E+02    0.887900663403885737E+01    0.618244599656321614E+00   -0.317947706382124534E+04   -0.765515351937697019E+01    1
    0.337774174210586722E+02    0.411006306044774838E+01    0.952559081810588570E+00   -0.314857962867272136E+04   -0.766515351937697087E+01    1
    0.368122661727884619E+02    0.303323417513995697E+01    0.660940233685737843E+00   -0.311496064990737068E+04   -0.767515351937697066E+01    1
    0.323116466500181474E+02    0.501528715241497647E+01    0.934718389128631477E+00   -0.310592447928168622E+04   -0.768515351937697044E+01    1
    0.369947375974482497E+02    0.286333927303215852E+01    0.670501114419318145E+00   -0.303065590208555022E+04   -0.769515351937697201E+01    1
    0.320184022348785078E+02    0.524908727765290184E+01    0.849422445755994682E+00   -0.295174020424129185E+04   -0.770515351937697446E+01    1
    0.254884926039966686E+02    0.990476931556112028E+01    0.579391462303507576E+00   -0.293823070437243405E+04   -0.771515351937697069E+01    1
    0.311231064796447754E+02    0.693709731101989746E+01    0.762349218130111694E+00   -0.291367831739481699E+04   -0.772515351937696959E+01    1
    0.333776295185089111E+02    0.542249083518981934E+01    0.799069195985794067E+00   -0.290701765000016212E+04   -0.773515351937697382E+01    1
    0.267878766150085212E+02    0.886231667006682322E+01    0.810350809548035400E+00   -0.290602846966582183E+04   -0.774515351937697538E+01    1
    0.355587947368621826E+02    0.400796055793762207E+01    0.601889014244079590E+00   -0.290279311117538327E+04   -0.775515351937697517E+01    1
    0.283335050341873114E+02    0.878772823785234714E+01    0.592567459653638440E+00   -0.280800203890275179E+04   -0.776515351937697407E+01    1
    0.267874770610255766E+02    0.932783079015870165E+01    0.860726974664163702E+00   -0.278693414026726668E+04   -0.777515351937697297E+01    1
    0.370511615276336670E+02    0.274162590503692627E+01    0.592759966850280762E+00   -0.278250595831621013E+04   -0.778515351937696565E+01    1
    0.274346787977333939E+02    0.900608640772953706E+01    0.849419309268291567E+00   -0.270828665633956462E+04   -0.779515351937696011E+01    1
    0.291669088656101607E+02    0.805372910506412865E+01    0.828677051936644427E+00   -0.266253200259126788E+04   -0.780515351937696522E+01    1
    0.289714878220035601E+02    0.841000786189153793E+01    0.547806447489153303E+00   -0.260182549986626964E+04   -0.781515351937697123E+01    1
    0.371681729976860424E+02    0.255167979917806242E+01    0.801700361496302971E+00   -0.257733181770469400E+04   -0.782515351937697279E+01    1
    0.367824849024966198E+02    0.265491841867575928E+01    0.746026456328016341E+00   -0.246306093286513533E+04   -0.783515351937697524E+01    1
    0.318743965227312742E+02    0.635345075089032374E+01    0.811953620851432412E+00   -0.245473386163007308E+04   -0.784515351937695993E+01    1
    0.371124124526977539E+02    0.256466388702392578E+01    0.826460123062133789E+00   -0.244770714230156545E+04   -0.785515351937696593E+01    1
    0.298862066727044819E+02    0.759232526665104501E+01    0.809084667621970732E+00   -0.243159232306635931E+04   -0.786515351937697016E+01    1
    0.271520567454373492E+02    0.898784337857590288E+01    0.814706000832027044E+00   -0.242145740426387601E+04   -0.787515351937697172E+01    1
    0.267016871419962172E+02    0.943603350398385565E+01    0.634060717630637427E+00   -0.240140054852879393E+04   -0.788515351937697417E+01    1
    0.369221781391563084E+02    0.274994733138112357E+01    0.852053854826598789E+00   -0.239775876761532436E+04   -0.789515351937696952E+01    1
    0.266668345901511934E+02    0.944298478918093309E+01    0.620276355504707722E+00   -0.237055511825606891E+04   -0.790515351937697019E+01    1
    0.265372714700203503E+02    0.933155421606055668E+01    0.564182538530060285E+00   -0.235783907824979224E+04   -0.791515351937696643E+01    1
    0.327491583823899290E+02    0.575621169126672516E+01    0.827865829739382830E+00   -0.233740227157914205E+04   -0.792515351937696444E+01    1
    0.291456684988485790E+02    0.733495690159901947E+01    0.594506735419870758E+00   -0.233615713668017452E+04   -0.793515351937696778E+01    1
    0.278072351642142301E+02    0.857524818325000560E+01    0.913555090436097172E+00   -0.232438014230154204E+04   -0.794515351937696490E+01    1
    0.286291017398667194E+02    0.847789427877921753E+01    0.606929081561232819E+00   -0.230264818923930034E+04   -0.795515351937696735E+01    1
    0.273220200858134703E+02    0.909764516055322048E+01    0.647509068296219348E+00   -0.227442977393762931E+04   -0.796515351937696447E+01    1
    0.284035349436825371E+02    0.783650628192642085E+01    0.768776160118408880E+00   -0.224176957431063829E+04   -0.797515351937695893E+01    1
    0.266753216251934617E+02    0.932940524263045923E+01    0.556248310671663915E+00   -0.222886040024514705E+04   -0.798515351937696582E+01    1
    0.276383718026576197E+02    0.849486158888228360E+01    0.793994042211357276E+00   -0.221419300748483874E+04   -0.799515351937696650E+01    1
    0.322815770730013440E+02    0.522925670698068057E+01    0.715183905296659317E+00   -0.221189013767903180E+04   -0.800515351937696096E+01    1
    0.359642487524833570E+02    0.308831345416497172E+01    0.720606255183345201E+00   -0.220566311839139689E+04   -0.801515351937696785E+01    1
    0.364953479477398162E+02    0.286959768219702971E+01    0.686364629224223366E+00   -0.220169571437331388E+04   -0.802515351937697652E+01    1
    0.267723929882049561E+02    0.931053280830383301E+01    0.566065281629562378E+00   -0.219601129330868844E+04   -0.803515351937696920E+01    1
    0.343242391419804491E+02    0.480883517590734577E+01    0.609913387270357044E+00   -0.218824261366981045E+04   -0.804515351937696543E+01    1
    0.282409329869367980E+02    0.848192741751287116E+01    0.764757413559537635E+00   -0.218048495443483534E+04   -0.805515351937697233E+01    1
    0.308957176107071874E+02    0.614207766351958373E+01    0.679383366710455405E+00   -0.217789027530988460E+04   -0.806515351937697034E+01    1
    0.273143178367176631E+02    0.880574811530285828E+01    0.689312780779317902E+00   -0.217700503525596923E+04   -0.807515351937696657E+01    1
    0.313197090383987522E+02    0.573973579602584305E+01    0.989291536912059843E+00   -0.217174405318363142E+04   -0.808515351937696636E+01    1
    0.299606899339566723E+02    0.744862561296583880E+01    0.853690903085859265E+00   -0.212641729707994318E+04   -0.809515351937696259E+01    1
    0.291025897846587718E+02    0.737021770836709322E+01    0.719256178629718468E+00   -0.209832779133210397E+04   -0.810515351937696593E+01    1
    0.364341157773210114E+02    0.299321148526880876E+01    0.620632439617122444E+00   -0.206679050758261928E+04   -0.811515351937696572E+01    1
    0.363191907926591782E+02    0.283381815381115842E+01    0.862107418829193950E+00   -0.205551951673996609E+04   -0.812515351937696728E+01    1
    0.278132493152877380E+02    0.853371454987189537E+01    0.748942637424940716E+00   -0.202998387179282145E+04   -0.813515351937696707E+01    1
    0.281391987127402032E+02    0.816278342113750810E+01    0.522113850690165249E+00   -0.202738038824640853E+04   -0.814515351937696508E+01    1
    0.280579046013229707E+02    0.831036209607549914E+01    0.806862406507685148E+00   -0.199810073651610401E+04   -0.815515351937696664E+01    1
    0.317364107042917354E+02    0.558758915663813749E+01    0.746086718689573325E+00   -0.199785625685172272E+04   -0.816515351937696643E+01    1
    0.349454391002655029E+02    0.353260576725006104E+01    0.940664529800415039E+00   -0.199305538660000866E+04   -0.817515351937696622E+01    1
    0.281322610378265381E+02    0.872237920761108398E+01    0.543759167194366455E+00   -0.198516039400985392E+04   -0.818515351937696600E+01    1
    0.368065751311555402E+02    0.272713869643554085E+01    0.917072575782113431E+00   -0.197492230146028692E+04   -0.819515351937696224E+01    1
    0.362379711257752746E+02    0.306085584143783063E+01    0.648193249843531327E+00   -0.194878231350012243E+04   -0.820515351937696558E+01    1
    0.290852008065299543E+02    0.780789834133442717E+01    0.931023495903284704E+00   -0.194610901263636561E+04   -0.821515351937696714E+01    1
    0.339326834678649902E+02    0.427285134792327881E+01    0.684100359678268433E+00   -0.192750040137797441E+04   -0.822515351937696693E+01    1
    0.366469217589717786E+02    0.287095544801892277E+01    0.753467765373755594E+00   -0.192624509006539711E+04   -0.823515351937696671E+01    1
    0.362127452860066370E+02    0.290661038265048344E+01    0.864699843490305708E+00   -0.189226528151160778E+04   -0.824515351937696295E+01    1
    0.285010701387447369E+02    0.815275374429640998E+01    0.810941048591203861E+00   -0.188870688266298134E+04   -0.825515351937696096E+01    1
    0.303028751304439048E+02    0.725149996975757283E+01    0.767759944054348442E+00   -0.186111989364868941E+04   -0.826515351937696252E+01    1
    0.343161655784421953E+02    0.477044145695909716E+01    0.610566187704653762E+00   -0.186079232318812524E+04   -0.827515351937696408E+01    1
    0.277822096541239354E+02    0.858290812001023262E+01    0.609113093395543648E+00   -0.186058286873008046E+04   -0.828515351937696565E+01    1
    0.276971361360179031E+02    0.864467030894350508E+01    0.571071076276773781E+00   -0.184909748165087990E+04   -0.829515351937696543E+01    1
    0.282690879078140860E+02    0.837214959445411111E+01    0.693137062398503145E+00   -0.184198660639078935E+04   -0.830515351937696344E+01    1
    0.280942786767027286E+02    0.857398213871713111E+01    0.598675640300702638E+00   -0.181862557715658340E+04   -0.831515351937696146E+01    1
    0.280073089640543067E+02    0.868308656071014617E+01    0.545401732144847662E+00   -0.179476523201909004E+04   -0.832515351937696302E+01    1
    0.358950117215806301E+02    0.351073258581365977E+01    0.787110271227805525E+00   -0.179095396166463502E+04   -0.833515351937696813E+01    1
    0.325483328069995395E+02    0.513414697010290944E+01    0.682763808115421034E+00   -0.178080100336339888E+04   -0.834515351937696437E+01    1
    0.357327762791216728E+02    0.357735369427698391E+01    0.907474714134195226E+00   -0.177400888774621012E+04   -0.835515351937696593E+01    1
    0.363547013454447807E+02    0.314169554925116312E+01    0.671772618467536664E+00   -0.175943589979729472E+04   -0.836515351937696927E+01    1
    0.356468390157535850E+02    0.320066850142578252E+01    0.883473285465962377E+00   -0.175750031102899879E+04   -0.837515351937696906E+01    1
    0.305729221445967916E+02    0.711530001128776757E+01    0.706152657948204032E+00   -0.174857703958126331E+04   -0.838515351937696174E+01    1
    0.286997257634744827E+02    0.822581380827916142E+01    0.622366457638094950E+00   -0.172951889379999238E+04   -0.839515351937695975E+01    1
    0.334485341701814463E+02    0.447342848617343591E+01    0.897433140177759325E+00   -0.171357760340988966E+04   -0.840515351937696487E+01    1
    0.296315677594563454E+02    0.784922038261112842E+01    0.510595275319410180E+00   -0.170617592206045902E+04   -0.841515351937696821E+01    1
    0.283059071448789084E+02    0.840168016657425376E+01    0.597152368805032752E+00   -0.169148311005849337E+04   -0.842515351937696266E+01    1
    0.280240990809592248E+02    0.842008789382235534E+01    0.501551340383127431E+00   -0.168282735334146764E+04   -0.843515351937695534E+01    1
    0.327669751644134521E+02    0.506089985370635986E+01    0.606116682291030884E+00   -0.167488623970132335E+04   -0.844515351937695691E+01    1
    0.304491966316147824E+02    0.647777645095143928E+01    0.827784398579525460E+00   -0.167007640135226302E+04   -0.845515351937696202E+01    1
    0.283131146782825240E+02    0.820002641222415285E+01    0.585533269479953100E+00   -0.165778714091677057E+04   -0.846515351937696536E+01    1
    0.340723922836762227E+02    0.475045974301996932E+01    0.875054335917066162E+00   -0.165549392365080848E+04   -0.847515351937696160E+01    1
    0.334303342033740307E+02    0.520412611992046781E+01    0.831970195920452404E+00   -0.164396336312186531E+04   -0.848515351937696316E+01    1
    0.285593323496223839E+02    0.800282591284865497E+01    0.642004990666304343E+00   -0.163624393771968994E+04   -0.849515351937696295E+01    1
    0.335806152608409576E+02    0.459238199196783370E+01    0.578887062291936649E+00   -0.163505403591484719E+04   -0.850515351937696629E+01    1
    0.351090347309712243E+02    0.402068208439002905E+01    0.883750328034195731E+00   -0.162599738758400554E+04   -0.851515351937696785E+01    1
    0.293268373521629115E+02    0.760835777587704953E+01    0.844027461211154906E+00   -0.160739146197925083E+04   -0.852515351937696408E+01    1
    0.352059109328080027E+02    0.369874343004410022E+01    0.560060400725929664E+00   -0.159969740458100637E+04   -0.853515351937696032E+01    1
    0.300639818173802809E+02    0.676441640289433543E+01    0.939666085845831556E+00   -0.157602394924563487E+04   -0.854515351937695655E+01    1
    0.305868264706762005E+02    0.714743689702155738E+01    0.612407306425712950E+00   -0.157181471353950565E+04   -0.855515351937696344E+01    1
    0.352757762952929070E+02    0.358092561643635454E+01    0.655450955296421389E+00   -0.156251711215170462E+04   -0.856515351937696323E+01    1
    0.301907016461725632E+02    0.725951217856126707E+01    0.739378648131284510E+00   -0.156234328433904784E+04   -0.857515351937696124E+01    1
    0.307336367048046384E+02    0.626797633193555281E+01    0.964958844787254799E+00   -0.155123999069738852E+04   -0.858515351937696103E+01    1
    0.304263198375701904E+02    0.651796877384185791E+01    0.872581630945205688E+00   -0.153247767407249421E+04   -0.859515351937696259E+01    1
    0.298773074150085449E+02    0.693627357482910156E+01    0.875793367624282837E+00   -0.153028105105240456E+04   -0.860515351937696771E+01    1
    0.344468454232059855E+02    0.410803584205706240E+01    0.574357260312494899E+00   -0.152546595173119886E+04   -0.861515351937696039E+01    1
    0.305849501908148760E+02    0.694567932151235023E+01    0.837059379874964371E+00   -0.152189830137009540E+04   -0.862515351937695662E+01    1
    0.361436328589916940E+02    0.322378138453823304E+01    0.866301086243305818E+00   -0.151271600980062135E+04   -0.863515351937696352E+01    1
    0.292645411597324987E+02    0.768549826649398149E+01    0.746284383597315415E+00   -0.150702126824642937E+04   -0.864515351937696508E+01    1
    0.285645414410028273E+02    0.810517321664398693E+01    0.572152153068927527E+00   -0.150643195199349566E+04   -0.865515351937695954E+01    1
    0.347392674264627530E+02    0.425545167486435716E+01    0.898718061638237642E+00   -0.149677314348378741E+04   -0.866515351937696288E+01    1
    0.295061819171383029E+02    0.746844657540547185E+01    0.834717711241165783E+00   -0.149285694315035471E+04   -0.867515351937696266E+01    1
    0.284872346020999956E+02    0.821673017258404670E+01    0.505126265161165655E+00   -0.144229840134911092E+04   -0.868515351937696423E+01    1
    0.299834289732315256E+02    0.730688879250957868E+01    0.760523638943340519E+00   -0.143594487869567820E+04   -0.869515351937696934E+01    1
    0.288361193234215207E+02    0.816945361151965521E+01    0.507190873852188973E+00   -0.143383086704517677E+04   -0.870515351937696735E+01    1
    0.292228152469334432E+02    0.772006593647954542E+01    0.689252085590570940E+00   -0.143173942963541367E+04   -0.871515351937696181E+01    1
    0.328660687600996653E+02    0.498782392380381001E+01    0.680136878928056632E+00   -0.142176959927986218E+04   -0.872515351937695982E+01    1
    0.301729099946646642E+02    0.742388510943773738E+01    0.536923803445513492E+00   -0.141493956825451232E+04   -0.873515351937696316E+01    1
    0.291359380159525685E+02    0.793438545318215382E+01    0.563335677998672235E+00   -0.140837273071875870E+04   -0.874515351937695762E+01    1
    0.332161956556643005E+02    0.532964852991041838E+01    0.793639270371234273E+00   -0.140587355409299425E+04   -0.875515351937695741E+01    1
    0.294400248702984513E+02    0.759663252359870977E+01    0.703396425092873478E+00   -0.139490998586275145E+04   -0.876515351937696252E+01    1
    0.302671124321656784E+02    0.707366158167855552E+01    0.823544391928734076E+00   -0.136553095701913162E+04   -0.877515351937696231E+01    1
    0.306065748290376369E+02    0.645511893623968191E+01    0.804182664013667781E+00   -0.135862933776487853E+04   -0.878515351937696209E+01    1
    0.339821944660497053E+02    0.429861981821002104E+01    0.711764162009026591E+00   -0.135062868550242320E+04   -0.879515351937696188E+01    1
    0.293638775573843986E+02    0.746834752001884628E+01    0.620524042978633505E+00   -0.135051511614498554E+04   -0.880515351937695812E+01    1
    0.319071905277706520E+02    0.552756606385390281E+01    0.879654149245592265E+00   -0.133358747188965890E+04   -0.881515351937695790E+01    1
    0.298448248954861626E+02    0.743266508331322839E+01    0.661501401249813492E+00   -0.132877667381155834E+04   -0.882515351937695769E+01    1
    0.306225438701396051E+02    0.654323579780713338E+01    0.579172994609918668E+00   -0.131152271457456322E+04   -0.883515351937695925E+01    1
    0.340462309329720725E+02    0.474450658115808910E+01    0.817476405321134303E+00   -0.130467975287977424E+04   -0.884515351937695904E+01    1
    0.308638566689791105E+02    0.624795161724526160E+01    0.974369181932213002E+00   -0.129772094895699706E+04   -0.885515351937696238E+01    1
    0.305519338434225602E+02    0.716418580802208904E+01    0.541875080780585883E+00   -0.129583789990230525E+04   -0.886515351937696394E+01    1
    0.351964467965054979E+02    0.398056445737167808E+01    0.722004447904066260E+00   -0.129283751903079360E+04   -0.887515351937696018E+01    1
    0.299679873681986599E+02    0.701519455575117501E+01    0.775618340328058764E+00   -0.125647546403653496E+04   -0.888515351937696174E+01    1
    0.340375765260178014E+02    0.484254595204783733E+01    0.646308619913100513E+00   -0.124444729529949882E+04   -0.889515351937696330E+01    1
    0.307827164747850759E+02    0.635748984424141028E+01    0.832652409740018418E+00   -0.123786871908951230E+04   -0.890515351937696309E+01    1
    0.357700466664552508E+02    0.348866297406049908E+01    0.651718048778605286E+00   -0.123732466025087751E+04   -0.891515351937696288E+01    1
    0.316958522532859099E+02    0.621054114977548810E+01    0.851133335325126694E+00   -0.122570406846742321E+04   -0.892515351937696089E+01    1
    0.330289008903212959E+02    0.544951770057989471E+01    0.742480712211300964E+00   -0.121626968253133577E+04   -0.893515351937696423E+01    1
    0.332670443837473755E+02    0.524141295494178205E+01    0.819758130454294909E+00   -0.119161624237987257E+04   -0.894515351937696579E+01    1
    0.346288028452278027E+02    0.446245667459155637E+01    0.567779814345892753E+00   -0.118549135995792449E+04   -0.895515351937696202E+01    1
    0.300751747638428952E+02    0.696997260104783578E+01    0.631239319440891622E+00   -0.118268025382027804E+04   -0.896515351937696181E+01    1
    0.339522912444669629E+02    0.433653413176438463E+01    0.721877387020967265E+00   -0.117764274818792546E+04   -0.897515351937695982E+01    1
    0.294169447518275220E+02    0.768268842803702245E+01    0.537653666670364183E+00   -0.117631831576580930E+04   -0.898515351937695428E+01    1
    0.297837238866614058E+02    0.723480566125421376E+01    0.519879713087640027E+00   -0.117039357522972568E+04   -0.899515351937695407E+01    1
    0.323915366697797680E+02    0.520976667951404959E+01    0.958979143891146357E+00   -0.116373499799755768E+04   -0.900515351937695741E+01    1
    0.296188831407644138E+02    0.742929751628134838E+01    0.596345818479687151E+00   -0.114970945964920338E+04   -0.901515351937696252E+01    1
    0.356110205429806825E+02    0.344904439990155920E+01    0.724037776880108952E+00   -0.114907243114428957E+04   -0.902515351937696408E+01    1
    0.311684463345907403E+02    0.648517286293656525E+01    0.855737378907916568E+00   -0.114628953314935416E+04   -0.903515351937696032E+01    1
    0.336985373039922109E+02    0.463031983046401763E+01    0.543197714922126429E+00   -0.112165565315605500E+04   -0.904515351937695833E+01    1
    0.318201186103197813E+02    0.624656560915583281E+01    0.663924639034533581E+00   -0.111564098861416778E+04   -0.905515351937695989E+01    1
    0.344122458578814943E+02    0.445899839510072127E+01    0.817630951892668212E+00   -0.111421226643104410E+04   -0.906515351937695790E+01    1
    0.352212644363219525E+02    0.377976756837497074E+01    0.577125855413080258E+00   -0.111285688688057280E+04   -0.907515351937695591E+01    1
    0.297309838479156987E+02    0.731741684126985881E+01    0.565151966645026982E+00   -0.111245322164671006E+04   -0.908515351937695925E+01    1
    0.341037651340361094E+02    0.464100534143526389E+01    0.871168853780562635E+00   -0.110846950745578965E+04   -0.909515351937696437E+01    1
    0.356908180504159489E+02    0.348054874381332624E+01    0.721537817827770933E+00   -0.109823715498888055E+04   -0.910515351937696060E+01    1
    0.304123443377561884E+02    0.675290915392271884E+01    0.813919031377463353E+00   -0.109620445959835752E+04   -0.911515351937695506E+01    1
    0.300242635810422698E+02    0.733537346909633392E+01    0.560965900855156852E+00   -0.107689287960202296E+04   -0.912515351937696195E+01    1
    0.338163677735043677E+02    0.478899084208977666E+01    0.942440161351367212E+00   -0.107088793114033751E+04   -0.913515351937696529E+01    1
    0.306672116360810563E+02    0.655371486299233297E+01    0.882919955477095120E+00   -0.106625031606728066E+04   -0.914515351937696153E+01    1
    0.324082589038506228E+02    0.524302871743917098E+01    0.895096287356880516E+00   -0.106489441411489520E+04   -0.915515351937696131E+01    1
    0.356323744680850467E+02    0.350001440520455809E+01    0.928386706857027066E+00   -0.105918810583812365E+04   -0.916515351937695577E+01    1
    0.349862629267952698E+02    0.393911424451458636E+01    0.546355630981853913E+00   -0.105812951833947818E+04   -0.917515351937695733E+01    1
    0.317413533534858132E+02    0.577081617781731282E+01    0.712115444092974892E+00   -0.105778292582079030E+04   -0.918515351937696067E+01    1
    0.330243877744353185E+02    0.481315158178614499E+01    0.971277266124357164E+00   -0.104578802350674232E+04   -0.919515351937696046E+01    1
    0.308393002336672737E+02    0.650744406097929851E+01    0.920687471693400816E+00   -0.103545061717412068E+04   -0.920515351937696202E+01    1
    0.301462368516426622E+02    0.702127245993089844E+01    0.624398318486776072E+00   -0.102538539712793704E+04   -0.921515351937696536E+01    1
    0.320257366778743133E+02    0.589808700362255411E+01    0.940981012447893117E+00   -0.101934750047866874E+04   -0.922515351937696337E+01    1
    0.321351424840564448E+02    0.542610112267428768E+01    0.935814696238020716E+00   -0.101693519827206444E+04   -0.923515351937695961E+01    1
    0.337047600263801570E+02    0.455852834153209940E+01    0.655096838462988051E+00   -0.100954430121495545E+04   -0.924515351937695584E+01    1
    0.345002874180072112E+02    0.442711274967589752E+01    0.720357675067409220E+00   -0.100492386834898491E+04   -0.925515351937695918E+01    1
    0.327077479055644460E+02    0.562867405753942052E+01    0.710860787368116309E+00   -0.991307664963152547E+03   -0.926515351937696607E+01    1
    0.354389087441453725E+02    0.356041940312188121E+01    0.747375537513778609E+00   -0.981248018685454326E+03   -0.927515351937695876E+01    1
    0.328100171999960537E+02    0.549309132886710660E+01    0.809316653223518090E+00   -0.970171937402040157E+03   -0.928515351937695499E+01    1
    0.355201582449838256E+02    0.350101607252039271E+01    0.788417948856097839E+00   -0.968522706152988803E+03   -0.929515351937696188E+01    1
    0.311491885720813890E+02    0.620931738458222249E+01    0.744161996003234627E+00   -0.966693607537961498E+03   -0.930515351937696522E+01    1
    0.338288523738052902E+02    0.482598930237503421E+01    0.814811770025770432E+00   -0.958327844527637239E+03   -0.931515351937695790E+01    1
    0.344536657371664887E+02    0.403908413228505303E+01    0.792263099348276878E+00   -0.956704650777176539E+03   -0.932515351937696657E+01    1
    0.332124748703421346E+02    0.522497332899408740E+01    0.821765172080495931E+00   -0.952282549689886991E+03   -0.933515351937696458E+01    1
    0.353510910311971784E+02    0.374663766211286031E+01    0.772183357342294596E+00   -0.951712751474542870E+03   -0.934515351937696082E+01    1
    0.305552862096892852E+02    0.695839413856906219E+01    0.596294981163944193E+00   -0.942663272818575706E+03   -0.935515351937695883E+01    1
    0.310859927972950523E+02    0.644835178638054085E+01    0.832134310010699374E+00   -0.942407089129640099E+03   -0.936515351937696394E+01    1
    0.336233813135900519E+02    0.493398729583728901E+01    0.857807917934915620E+00   -0.940046418872973277E+03   -0.937515351937696728E+01    1
    0.353495485697626748E+02    0.373043908427766624E+01    0.668419348084225096E+00   -0.939570704752120491E+03   -0.938515351937696352E+01    1
    0.314353111099007023E+02    0.608534499592969791E+01    0.577738614450712840E+00   -0.931693515957972522E+03   -0.939515351937695797E+01    1
    0.311277474213906480E+02    0.669941079784546556E+01    0.553740873417483681E+00   -0.930783548819723251E+03   -0.940515351937695776E+01    1
    0.350565394553290659E+02    0.398811534713616522E+01    0.738836978095492536E+00   -0.925660226199394970E+03   -0.941515351937695755E+01    1
    0.355603608095921686E+02    0.351412098244100246E+01    0.891663829046685841E+00   -0.925247936182057288E+03   -0.942515351937696089E+01    1
    0.343033995601195230E+02    0.453438042792358775E+01    0.743941549317499895E+00   -0.924843753665249096E+03   -0.943515351937695712E+01    1
    0.353373268819503181E+02    0.364817479122350186E+01    0.725919631226113693E+00   -0.922967784538189790E+03   -0.944515351937694980E+01    1
    0.354959118829158555E+02    0.358631811288281321E+01    0.819473575042477975E+00   -0.922786537055504368E+03   -0.945515351937695137E+01    1
    0.304955727431750852E+02    0.689691860344671426E+01    0.638727764484393390E+00   -0.920527768966255849E+03   -0.946515351937695826E+01    1
    0.329985959795241541E+02    0.529795692368730720E+01    0.913913552120644512E+00   -0.917893021342968495E+03   -0.947515351937695982E+01    1
    0.334035513641872583E+02    0.503374442659161758E+01    0.923338425057342982E+00   -0.910580110280307622E+03   -0.948515351937695605E+01    1
    0.337028852644177164E+02    0.462887263361529122E+01    0.591921603351725389E+00   -0.905156313071639374E+03   -0.949515351937695584E+01    1
    0.308578123333193375E+02    0.648586504564227795E+01    0.701876364762150540E+00   -0.901903569183282571E+03   -0.950515351937695741E+01    1
    0.338348876723334797E+02    0.487222684532872297E+01    0.690506333909779668E+00   -0.858806489544113674E+03   -0.951515351937695897E+01    1
    0.329308080406743997E+02    0.552151316546984905E+01    0.616255320963020381E+00   -0.858381819085926509E+03   -0.952515351937695876E+01    1
    0.348138606138807845E+02    0.381446151153819679E+01    0.868268009773995431E+00   -0.854298157951257053E+03   -0.953515351937695854E+01    1
    0.332590410524179916E+02    0.485084610841972541E+01    0.672832260811154104E+00   -0.853203561852521943E+03   -0.954515351937695833E+01    1
    0.350230710282951705E+02    0.363734126945363112E+01    0.988352669153179875E+00   -0.848948977606400376E+03   -0.955515351937695989E+01    1
    0.321649041635122188E+02    0.553168279745313374E+01    0.729879482528380641E+00   -0.847214640578604758E+03   -0.956515351937696323E+01    1
    0.329622881114366137E+02    0.550130235692891922E+01    0.610973029549979008E+00   -0.843952472008940276E+03   -0.957515351937696302E+01    1
    0.354335459264170396E+02    0.357001410204310776E+01    0.855140613372379454E+00   -0.843447352637978042E+03   -0.958515351937695215E+01    1
    0.311922118082374418E+02    0.645737813463939503E+01    0.714119366396840927E+00   -0.842137055388529916E+03   -0.959515351937695371E+01    1
    0.329691288978750663E+02    0.539022052062822432E+01    0.761910004137433372E+00   -0.840925222739050355E+03   -0.960515351937695527E+01    1
    0.346354919466142022E+02    0.418589451514252353E+01    0.932426978822196828E+00   -0.838975671862885065E+03   -0.961515351937695861E+01    1
    0.344867689585311012E+02    0.429298023891020719E+01    0.925982750169771052E+00   -0.838855890460294290E+03   -0.962515351937695662E+01    1
    0.311321884946827048E+02    0.661564001712934235E+01    0.591354186337372800E+00   -0.835997809461784982E+03   -0.963515351937695286E+01    1
    0.311073238749609651E+02    0.654120527932075824E+01    0.668327470995298101E+00   -0.832154306205265584E+03   -0.964515351937695797E+01    1
    0.312802053236460829E+02    0.627653982186118320E+01    0.500731625430656413E+00   -0.827568791550617902E+03   -0.965515351937696309E+01    1
    0.354394447747284431E+02    0.353464954333557246E+01    0.914916050910800527E+00   -0.816352920742146011E+03   -0.966515351937695755E+01    1
    0.336215198517530638E+02    0.486980449934353832E+01    0.921923267127634838E+00   -0.814772902335486378E+03   -0.967515351937695556E+01    1
    0.310575434969423938E+02    0.654852151877738997E+01    0.667298705719424401E+00   -0.811255874798038803E+03   -0.968515351937696067E+01    1
    0.350356331505643368E+02    0.392983659984019607E+01    0.642974824905596876E+00   -0.805907439027399960E+03   -0.969515351937696224E+01    1
    0.313507919327494164E+02    0.640741775204621433E+01    0.662372594136606652E+00   -0.799389275167952064E+03   -0.970515351937696025E+01    1
    0.307178796412570492E+02    0.688747055316789414E+01    0.515036474439827030E+00   -0.794167006579232748E+03   -0.971515351937696003E+01    1
    0.341266269153415180E+02    0.445506484290229654E+01    0.546554617106207452E+00   -0.793772661312791456E+03   -0.972515351937696160E+01    1
    0.324750913308414795E+02    0.557544261806455665E+01    0.918123588404949564E+00   -0.791951021153259262E+03   -0.973515351937696316E+01    1
    0.341354817923848231E+02    0.429300517539357784E+01    0.740826037115292158E+00   -0.788773983545988017E+03   -0.974515351937696295E+01    1
    0.346362874648771424E+02    0.404409393394682848E+01    0.699332291858689170E+00   -0.788010843089781474E+03   -0.975515351937696273E+01    1
    0.346354117676778088E+02    0.410078261239937891E+01    0.636303219121231556E+00   -0.786050212662612239E+03   -0.976515351937695542E+01    1
    0.310903666792308400E+02    0.645120596118081036E+01    0.695639734943199084E+00   -0.779926235205673947E+03   -0.977515351937695698E+01    1
    0.330902271025940848E+02    0.517642019363258044E+01    0.958622139747252522E+00   -0.778689759607264250E+03   -0.978515351937696209E+01    1
    0.341777842769166398E+02    0.464769686295527329E+01    0.631747397670442190E+00   -0.777333322409884431E+03   -0.979515351937696011E+01    1
    0.345858308434840822E+02    0.432060213761439549E+01    0.686715765364832698E+00   -0.775085502642710480E+03   -0.980515351937695812E+01    1
    0.337175462347139714E+02    0.493562485459102085E+01    0.678853060916940310E+00   -0.769734310690348821E+03   -0.981515351937695613E+01    1
    0.320538125981644697E+02    0.580757842138820735E+01    0.905381619394735937E+00   -0.764913721349226762E+03   -0.982515351937695769E+01    1
    0.339635827726858253E+02    0.453288632943627334E+01    0.570775356364393138E+00   -0.756779761072421024E+03   -0.983515351937696103E+01    1
    0.317409924762201712E+02    0.588154429881111263E+01    0.931918968196967068E+00   -0.752812304007200282E+03   -0.984515351937696082E+01    1
    0.318582554798446367E+02    0.576394347487045167E+01    0.965540419267464922E+00   -0.747253011332840060E+03   -0.985515351937696060E+01    1
    0.317615206882502363E+02    0.596568034886041865E+01    0.871084431174999008E+00   -0.746693302296077945E+03   -0.986515351937695506E+01    1
    0.321846626320075728E+02    0.553947385689262894E+01    0.760655370646301732E+00   -0.743805339286320759E+03   -0.987515351937695307E+01    1
    0.314772667713443326E+02    0.609926102376740609E+01    0.645998700795525682E+00   -0.742213643760942091E+03   -0.988515351937695641E+01    1
    0.342055609334078454E+02    0.414257015169031995E+01    0.965605398021220029E+00   -0.739207199223976886E+03   -0.989515351937695975E+01    1
    0.316419387860510071E+02    0.598986019371065481E+01    0.630680717845429006E+00   -0.726729085797625658E+03   -0.990515351937695954E+01    1
    0.346962201273176731E+02    0.420982756024271243E+01    0.700003631623507205E+00   -0.723293447815002310E+03   -0.991515351937695577E+01    1
    0.311907554946794754E+02    0.647681426716518693E+01    0.615082912849642227E+00   -0.719577065179295118E+03   -0.992515351937695911E+01    1
    0.324195044359780269E+02    0.564680792041290847E+01    0.818061661602761836E+00   -0.714965935525108534E+03   -0.993515351937696067E+01    1
    0.344860396648800673E+02    0.433061258459102394E+01    0.774634221333120987E+00   -0.714244783350552325E+03   -0.994515351937695513E+01    1
    0.321310928284049879E+02    0.570507109039740445E+01    0.542127787368832714E+00   -0.711846386520766828E+03   -0.995515351937695492E+01    1
    0.316455477309044930E+02    0.599712023040052244E+01    0.628402383723679514E+00   -0.709064201963466644E+03   -0.996515351937695826E+01    1
    0.347566204118843274E+02    0.400703505444826114E+01    0.709675746032271126E+00   -0.708228330703140045E+03   -0.997515351937695982E+01    1
    0.344943608619131652E+02    0.399416628729370071E+01    0.939752541039327038E+00   -0.708179874694893329E+03   -0.998515351937696138E+01    1
    0.337389545969328921E+02    0.494044640999738860E+01    0.619051654542976171E+00   -0.706903762277899432E+03   -0.999515351937695584E+01    1
    0.324598638220897300E+02    0.533822809858002678E+01    0.822027385333210514E+00   -0.705477323190061270E+03   -0.100051535193769503E+02    1
    0.338542679521392316E+02    0.488702285105483636E+01    0.575365687251938929E+00   -0.703358485127885274E+03   -0.100151535193769536E+02    1
    0.349144655709323146E+02    0.389916842960745846E+01    0.758064986531737928E+00   -0.703137050363297249E+03   -0.100251535193769570E+02    1
    0.310104913709770358E+02    0.664697617671836660E+01    0.528214360958741636E+00   -0.695687784913809764E+03   -0.100351535193769603E+02    1
    0.333509453889052594E+02    0.525329981854097383E+01    0.541970150865905831E+00   -0.695095612062790792E+03   -0.100451535193769637E+02    1
    0.344468633893883549E+02    0.421327261110887807E+01    0.657190641030815703E+00   -0.690682407515614614E+03   -0.100551535193769475E+02    1
    0.325833715792902012E+02    0.526413569777135848E+01    0.807435950309510986E+00   -0.690324348898379185E+03   -0.100651535193769543E+02    1
    0.320534500559221840E+02    0.575505790881908474E+01    0.557879559927502267E+00   -0.689259358897514403E+03   -0.100751535193769577E+02    1
    0.334772174065940504E+02    0.476634143039824920E+01    0.662622775045458301E+00   -0.684542536526996400E+03   -0.100851535193769539E+02    1
    0.348708278443009192E+02    0.392588845171271972E+01    0.762341357550757159E+00   -0.682711305388369738E+03   -0.100951535193769484E+02    1
    0.326319650501639273E+02    0.527927446993823235E+01    0.708462751360676712E+00   -0.682401053885654051E+03   -0.101051535193769499E+02    1
    0.340950357452718364E+02    0.456403008937331300E+01    0.834641422570086222E+00   -0.681126837703428464E+03   -0.101151535193769551E+02    1
    0.317017937271988615E+02    0.601551922952889750E+01    0.544120440473861877E+00   -0.674467912402739898E+03   -0.101251535193769566E+02    1
    0.311750082370644392E+02    0.644141910417058483E+01    0.571418875699556073E+00   -0.671679594583732523E+03   -0.101351535193769582E+02    1
    0.339558792797009374E+02    0.462751337769649229E+01    0.885987148412339609E+00   -0.669838464803660145E+03   -0.101451535193769562E+02    1
    0.312195993599161916E+02    0.650475847506383431E+01    0.545559427121480534E+00   -0.663865892348806710E+03   -0.101551535193769507E+02    1
    0.329556530025940688E+02    0.532089190755188568E+01    0.794669140875098101E+00   -0.660207897823337817E+03   -0.101651535193769487E+02    1
    0.348009943517151754E+02    0.404675521511913239E+01    0.825593569071035427E+00   -0.659261263885984363E+03   -0.101751535193769485E+02    1
    0.335235488414764404E+02    0.460203349590301514E+01    0.937001645565032959E+00   -0.651134179979719647E+03   -0.101851535193769500E+02    1
    0.318482078264979691E+02    0.593906974418386380E+01    0.519477947751348257E+00   -0.650300032510078950E+03   -0.101951535193769534E+02    1
    0.332879279691783978E+02    0.500550362506630631E+01    0.965442750090597435E+00   -0.646028279236902108E+03   -0.102051535193769531E+02    1
    0.343281515761795859E+02    0.433813105626953899E+01    0.941036463839886261E+00   -0.644460935470681079E+03   -0.102151535193769565E+02    1
    0.327729190451210926E+02    0.530486566557358241E+01    0.972030388937860534E+00   -0.642442584178214247E+03   -0.102251535193769545E+02    1
    0.341343257555995336E+02    0.451779790665573433E+01    0.843848659810985557E+00   -0.638094446422472402E+03   -0.102351535193769507E+02    1
    0.328300238295798152E+02    0.539601639784090725E+01    0.783953985063500891E+00   -0.637214199194094817E+03   -0.102451535193769541E+02    1
    0.347225944513670868E+02    0.409978627034324106E+01    0.814330708182276597E+00   -0.634557468436385989E+03   -0.102551535193769521E+02    1
    0.324861735782095025E+02    0.532133639395316926E+01    0.985127878626430808E+00   -0.630816583449743007E+03   -0.102651535193769536E+02    1
    0.343385323301674887E+02    0.447771618219030998E+01    0.612989984174560187E+00   -0.628508640562776350E+03   -0.102751535193769570E+02    1
    0.316051104177177500E+02    0.609257133910641624E+01    0.607231381825832250E+00   -0.626923023157517832E+03   -0.102851535193769532E+02    1
    0.348631466055017185E+02    0.389051653650705997E+01    0.857946941146763731E+00   -0.626276090186932606E+03   -0.102951535193769512E+02    1
    0.317502245067340425E+02    0.596536218854511091E+01    0.707298645488462885E+00   -0.625670014365925681E+03   -0.103051535193769492E+02    1
    0.316485051762186806E+02    0.629590742488475286E+01    0.522988344367011804E+00   -0.623935873228259879E+03   -0.103151535193769526E+02    1
    0.316969176507444921E+02    0.623976410466640985E+01    0.550157002675295104E+00   -0.623714726406305203E+03   -0.103251535193769541E+02    1
    0.348676328637374056E+02    0.393861346887568908E+01    0.825860870938004199E+00   -0.622975888134663137E+03   -0.103351535193769539E+02    1
    0.325968029441453666E+02    0.556959380888056632E+01    0.728067834658282287E+00   -0.621901731523496892E+03   -0.103451535193769555E+02    1
    0.328155248692097956E+02    0.538955850798774616E+01    0.795066486474989786E+00   -0.619363405134231016E+03   -0.103551535193769570E+02    1
    0.345865844516135894E+02    0.408735451390679216E+01    0.764316686464366124E+00   -0.618272353050321954E+03   -0.103651535193769533E+02    1
    0.319861388295770617E+02    0.580765025704630311E+01    0.607134295909398269E+00   -0.615074730822180641E+03   -0.103751535193769513E+02    1
    0.334649313268981885E+02    0.501913576571264386E+01    0.735200458565911763E+00   -0.613546561505209752E+03   -0.103851535193769564E+02    1
    0.333699796341722461E+02    0.482266191563116120E+01    0.713613999108443808E+00   -0.611810481457822789E+03   -0.103951535193769562E+02    1
    0.338367952189682271E+02    0.490367536992377850E+01    0.502534623491785348E+00   -0.610786902990911926E+03   -0.104051535193769507E+02    1
    0.324638373636584419E+02    0.544413310509321757E+01    0.963399809841546495E+00   -0.610415902292369537E+03   -0.104151535193769558E+02    1
    0.347098203146068442E+02    0.392785340193028709E+01    0.915667862623910978E+00   -0.610081742905165470E+03   -0.104251535193769538E+02    1
    0.330896987771647488E+02    0.499651272368600452E+01    0.724247333723668230E+00   -0.606963915834493378E+03   -0.104351535193769482E+02    1
    0.317892789401679750E+02    0.598646679206882659E+01    0.549904166963895102E+00   -0.606800909144310708E+03   -0.104451535193769534E+02    1
    0.316575686839670993E+02    0.607231980394146387E+01    0.613628853187266565E+00   -0.604267460477769760E+03   -0.104551535193769531E+02    1
    0.324942401955058955E+02    0.546387376172738470E+01    0.922237564118579711E+00   -0.603579755255701912E+03   -0.104651535193769529E+02    1
    0.322769436944345003E+02    0.556821316518414733E+01    0.896025708233985529E+00   -0.602949585893744370E+03   -0.104751535193769580E+02    1
    0.326125602181037735E+02    0.540106289720584609E+01    0.924233118250709085E+00   -0.600484920038996052E+03   -0.104851535193769543E+02    1
    0.317788989349026636E+02    0.596777967888432759E+01    0.658621263692366843E+00   -0.599883780674397144E+03   -0.104951535193769523E+02    1
    0.333958767048899929E+02    0.498654133145812040E+01    0.852354783733427102E+00   -0.599378598602274224E+03   -0.105051535193769539E+02    1
    0.341418514420930066E+02    0.422371936116691682E+01    0.968267155699092053E+00   -0.596657594912756167E+03   -0.105151535193769536E+02    1
    0.346832010918708846E+02    0.403600940726112967E+01    0.795553087364169409E+00   -0.596325274185702710E+03   -0.105251535193769499E+02    1
    0.343719988987490908E+02    0.426791698107819428E+01    0.984809983079515172E+00   -0.595865871246575011E+03   -0.105351535193769514E+02    1
    0.317654100472016303E+02    0.602994033413141839E+01    0.666284258602110935E+00   -0.595140585615553960E+03   -0.105451535193769512E+02    1
    0.331543877881918903E+02    0.488260614609164367E+01    0.889550963927709937E+00   -0.594447826384401424E+03   -0.105551535193769528E+02    1
    0.347049400217545241E+02    0.402929347755531175E+01    0.969885757066436094E+00   -0.592743380457783360E+03   -0.105651535193769543E+02    1
    0.336994056385105196E+02    0.479639227752078412E+01    0.835527572733985924E+00   -0.588608748580425640E+03   -0.105751535193769524E+02    1
    0.323374368177793343E+02    0.552586153979492511E+01    0.892568987554908655E+00   -0.587584396144397374E+03   -0.105851535193769575E+02    1
    0.320851470727445189E+02    0.577702413592191188E+01    0.563770450408692558E+00   -0.585489801679042216E+03   -0.105951535193769573E+02    1
    0.342600038997712915E+02    0.437736966827901242E+01    0.908092877906871321E+00   -0.583853818602642036E+03   -0.106051535193769570E+02    1
    0.348644114794992603E+02    0.387257423233275233E+01    0.991494357892595213E+00   -0.583338463867251562E+03   -0.106151535193769551E+02    1
    0.335980238251082994E+02    0.460115917462023383E+01    0.885908644429156955E+00   -0.580236945503042307E+03   -0.106251535193769495E+02    1
    0.330876725573102135E+02    0.520413024909277322E+01    0.799475408867236670E+00   -0.580033979348062758E+03   -0.106351535193769458E+02    1
    0.317164709712270785E+02    0.605868336890445569E+01    0.610385615624144950E+00   -0.579036014361543380E+03   -0.106451535193769526E+02    1
    0.339085498724597798E+02    0.462796857561644437E+01    0.882750300029487400E+00   -0.578740352114139228E+03   -0.106551535193769560E+02    1
    0.348376725373814224E+02    0.389365647373676182E+01    0.967964995324196220E+00   -0.577770384811215308E+03   -0.106651535193769540E+02    1
    0.323999064687043870E+02    0.544997396975658255E+01    0.861432094028275586E+00   -0.576596945013684490E+03   -0.106751535193769556E+02    1
    0.348123544942408216E+02    0.391449596735775662E+01    0.999631733008094603E+00   -0.576298112110960119E+03   -0.106851535193769500E+02    1
    0.336402002646818374E+02    0.494243937257762322E+01    0.646448890979843371E+00   -0.574646112642808248E+03   -0.106951535193769480E+02    1
    0.331880713882792051E+02    0.501573729672188051E+01    0.615864400615621532E+00   -0.574251883573008172E+03   -0.107051535193769549E+02    1
    0.345142148274582254E+02    0.419406793393205213E+01    0.725279768164582506E+00   -0.569935075681565877E+03   -0.107151535193769494E+02    1
    0.331608814606407094E+02    0.488824690162901376E+01    0.892728391709471825E+00   -0.569145368860699250E+03   -0.107251535193769456E+02    1
    0.328163778925533762E+02    0.527785799374009201E+01    0.914336065090358252E+00   -0.568467471688974683E+03   -0.107351535193769543E+02    1
    0.343795335292816162E+02    0.411021769046783447E+01    0.941555410623550415E+00   -0.567956880687039074E+03   -0.107451535193769505E+02    1
    0.341765376360531192E+02    0.420905085743229357E+01    0.982054019335782069E+00   -0.567170837148641681E+03   -0.107551535193769414E+02    1
    0.329350784438665727E+02    0.526098844805800958E+01    0.515092839055534157E+00   -0.565308034265714468E+03   -0.107651535193769483E+02    1
    0.339160611409878854E+02    0.461043786296552938E+01    0.895474613844976064E+00   -0.565136765635863185E+03   -0.107751535193769499E+02    1
    0.343584972612112338E+02    0.439243207418718384E+01    0.680642377158112266E+00   -0.564152935893674567E+03   -0.107851535193769426E+02    1
    0.327138784482966329E+02    0.551920329017591982E+01    0.666018720772376449E+00   -0.562822128449392721E+03   -0.107951535193769441E+02    1
    0.346548884845502343E+02    0.406481696212547394E+01    0.824253763070177281E+00   -0.562804839436198336E+03   -0.108051535193769528E+02    1
    0.345713570107675210E+02    0.416734416952623388E+01    0.827344541337633133E+00   -0.562339846494741778E+03   -0.108151535193769561E+02    1
    0.344184388184976768E+02    0.427668068366386400E+01    0.853825899874005589E+00   -0.560342602868142762E+03   -0.108251535193769524E+02    1
    0.329773424981510956E+02    0.502572956820557515E+01    0.874079487158054391E+00   -0.558329057154713837E+03   -0.108351535193769521E+02    1
    0.329229449614759702E+02    0.514852443489088607E+01    0.996574056439039735E+00   -0.555820965787150271E+03   -0.108451535193769519E+02    1
    0.328394041469169338E+02    0.530647160391009809E+01    0.846939700134002549E+00   -0.555736213194182255E+03   -0.108551535193769482E+02    1
    0.317820402918845915E+02    0.613748820935338113E+01    0.548770847931449146E+00   -0.554340385327000604E+03   -0.108651535193769480E+02    1
    0.334500618479263991E+02    0.496822503770294688E+01    0.793725175605578648E+00   -0.553214583172898529E+03   -0.108751535193769477E+02    1
    0.340762476522414630E+02    0.463231521216878228E+01    0.621206753182889759E+00   -0.552943090620886323E+03   -0.108851535193769493E+02    1
    0.346327918030321555E+02    0.408360482627275800E+01    0.892290259063876601E+00   -0.552549855301006460E+03   -0.108951535193769473E+02    1
    0.328305848096255346E+02    0.512567160171639191E+01    0.906503455754715803E+00   -0.551885632186209477E+03   -0.109051535193769453E+02    1
    0.341357030841951783E+02    0.431981382857127905E+01    0.822837176879485099E+00   -0.551588705098195533E+03   -0.109151535193769469E+02    1
    0.338879581990531165E+02    0.481395924323938029E+01    0.522812644588491526E+00   -0.551498853531076861E+03   -0.109251535193769485E+02    1
    0.318493674872501842E+02    0.597900115124823461E+01    0.606879178283996623E+00   -0.551445367576435501E+03   -0.109351535193769500E+02    1
    0.339605308236990311E+02    0.437207272465024488E+01    0.922944694981221558E+00   -0.549961729869277178E+03   -0.109451535193769498E+02    1
    0.317075296005149454E+02    0.613269346772229884E+01    0.541815944645805181E+00   -0.545336429825681080E+03   -0.109551535193769460E+02    1
    0.340911646255679699E+02    0.450300046434728518E+01    0.855224878636439811E+00   -0.544862589037397129E+03   -0.109651535193769440E+02    1
    0.326858178369356551E+02    0.525773534530979880E+01    0.834021163214990313E+00   -0.541885691531249336E+03   -0.109751535193769456E+02    1
    0.326520496207394473E+02    0.531906685586778849E+01    0.918144720577736106E+00   -0.541231229106153705E+03   -0.109851535193769454E+02    1
    0.323535684657092730E+02    0.554967838321181617E+01    0.794761557404000452E+00   -0.539742651893622337E+03   -0.109951535193769434E+02    1
    0.329211155870724923E+02    0.506547761054567758E+01    0.918148838886168939E+00   -0.539511181637610321E+03   -0.110051535193769485E+02    1
    0.338698315251139022E+02    0.447452068788172763E+01    0.838532675035523756E+00   -0.535410202829218179E+03   -0.110151535193769536E+02    1
    0.336635475850203676E+02    0.483486620340395934E+01    0.528361214987600247E+00   -0.534851920171641837E+03   -0.110251535193769499E+02    1
    0.339569597018662392E+02    0.463334008175105438E+01    0.573883253916747771E+00   -0.533795671525939269E+03   -0.110351535193769461E+02    1
    0.343094832207044931E+02    0.434477255598763268E+01    0.845350951658174088E+00   -0.533070640858021534E+03   -0.110451535193769441E+02    1
    0.344988803626159068E+02    0.412522611127878580E+01    0.851711138532062595E+00   -0.532949234529028672E+03   -0.110551535193769439E+02    1
    0.330052246194544949E+02    0.513476368051591603E+01    0.637869422192490432E+00   -0.531948909900469744E+03   -0.110651535193769455E+02    1
    0.328244930060092983E+02    0.519885140691527248E+01    0.738947309612447922E+00   -0.531771769111798221E+03   -0.110751535193769488E+02    1
    0.325052471274572383E+02    0.541898785083588308E+01    0.820812498353207021E+00   -0.530692885134756693E+03   -0.110851535193769504E+02    1
    0.333894045148873744E+02    0.494742197279104623E+01    0.574050303995706779E+00   -0.527711529870128516E+03   -0.110951535193769502E+02    1
    0.342853897120458697E+02    0.429197858481894823E+01    0.766223819116216065E+00   -0.526741182078620113E+03   -0.111051535193769553E+02    1
    0.333076040059830589E+02    0.490882431046597123E+01    0.694239799795840828E+00   -0.524875473871430927E+03   -0.111151535193769551E+02    1
    0.341808217817274240E+02    0.436392165387684550E+01    0.987504283145432149E+00   -0.524801599942178314E+03   -0.111251535193769460E+02    1
    0.325888117267455613E+02    0.535509940260698958E+01    0.831655796052234608E+00   -0.523991645542110632E+03   -0.111351535193769493E+02    1
    0.344004655487280857E+02    0.428882639971464119E+01    0.765068480445333821E+00   -0.523955691896435837E+03   -0.111451535193769491E+02    1
    0.317884804821267437E+02    0.610606906170267472E+01    0.513245000272195329E+00   -0.521143975583526640E+03   -0.111551535193769507E+02    1
    0.339881769830699341E+02    0.442254170169256966E+01    0.818617116157681624E+00   -0.520909904428985783E+03   -0.111651535193769469E+02    1
    0.329211845444734692E+02    0.508448244028435070E+01    0.950896908542739672E+00   -0.518346035111852416E+03   -0.111751535193769467E+02    1
    0.333131136534134669E+02    0.505492076584892569E+01    0.516334612459181663E+00   -0.517651393063122214E+03   -0.111851535193769482E+02    1
    0.324988110425485885E+02    0.545022028059559283E+01    0.722724128810062094E+00   -0.517275915451159904E+03   -0.111951535193769498E+02    1
    0.345444997599267367E+02    0.405152755313205315E+01    0.970089330755331547E+00   -0.517253337557712484E+03   -0.112051535193769514E+02    1
    0.329441500786332995E+02    0.513043389006729456E+01    0.950356024704009927E+00   -0.514298341746912570E+03   -0.112151535193769529E+02    1
    0.329945995897721289E+02    0.534820015592492926E+01    0.629427576777981335E+00   -0.513297520850481760E+03   -0.112251535193769527E+02    1
    0.328141563406773713E+02    0.523386697706175497E+01    0.703450921408332430E+00   -0.513076541387897691E+03   -0.112351535193769525E+02    1
    0.330023828840100251E+02    0.517084219942805934E+01    0.865050288692563951E+00   -0.511933532931700483E+03   -0.112451535193769505E+02    1
    0.338095274070228484E+02    0.482598724472741658E+01    0.525314213881526104E+00   -0.511876076878446725E+03   -0.112551535193769485E+02    1
    0.334299818566977933E+02    0.476198747708906289E+01    0.835539096574766660E+00   -0.511792958714897509E+03   -0.112651535193769465E+02    1
    0.332643129287094297E+02    0.502177453477689717E+01    0.855857629362200001E+00   -0.508280541309904834E+03   -0.112751535193769428E+02    1
    0.344812179303241066E+02    0.413620487140716264E+01    0.963130675074573617E+00   -0.508269092407376434E+03   -0.112851535193769514E+02    1
    0.333702348097866519E+02    0.497839862308828884E+01    0.564410621622075892E+00   -0.508166540114719169E+03   -0.112951535193769441E+02    1
    0.338401522260611998E+02    0.479819009310515820E+01    0.546477186970353301E+00   -0.508072358358703525E+03   -0.113051535193769475E+02    1
    0.323185441525000527E+02    0.563236606036981513E+01    0.698971771487474691E+00   -0.506565057668740565E+03   -0.113151535193769508E+02    1
    0.336458960431589844E+02    0.493606282753945802E+01    0.588617446373001951E+00   -0.506059498428415964E+03   -0.113251535193769524E+02    1
    0.328866049518555457E+02    0.528457818313922356E+01    0.794060527628907775E+00   -0.504959872011732045E+03   -0.113351535193769486E+02    1
    0.325082628238019709E+02    0.545573176155417006E+01    0.733621937556646175E+00   -0.503984343918994114E+03   -0.113451535193769519E+02    1
    0.327550815150456174E+02    0.526549987672246278E+01    0.869397000282944532E+00   -0.503435713446658951E+03   -0.113551535193769464E+02    1
    0.329866075411713169E+02    0.505573881035229000E+01    0.888427811355315233E+00   -0.501641125108677841E+03   -0.113651535193769444E+02    1
    0.329527795684127511E+02    0.527892795860540609E+01    0.519400909373322395E+00   -0.501161586427133102E+03   -0.113751535193769477E+02    1
    0.342110602643352095E+02    0.436564015463839805E+01    0.907063332609021944E+00   -0.500753650534976657E+03   -0.113851535193769493E+02    1
    0.341736824092337983E+02    0.424861762427869483E+01    0.981802275636099342E+00   -0.499068191177612448E+03   -0.113951535193769544E+02    1
    0.334555396397687019E+02    0.475535534703167073E+01    0.829732257024393460E+00   -0.498835639579027315E+03   -0.114051535193769453E+02    1
    0.339470676762805823E+02    0.467484426507264139E+01    0.591151075002457005E+00   -0.498319218585061492E+03   -0.114151535193769433E+02    1
    0.344585149082671762E+02    0.410631144296734529E+01    0.994512259131788534E+00   -0.498240362119642214E+03   -0.114251535193769502E+02    1
    0.336030027865449412E+02    0.496656254454002433E+01    0.575974161178331223E+00   -0.496532167391126677E+03   -0.114351535193769465E+02    1
    0.339639460201977528E+02    0.466700717393162989E+01    0.616136256873490273E+00   -0.495717094648874536E+03   -0.114451535193769427E+02    1
    0.326587066322375463E+02    0.533882872228423455E+01    0.768091625903357222E+00   -0.495522987566465531E+03   -0.114551535193769425E+02    1
    0.329337917469113677E+02    0.513515580063524180E+01    0.767559366441442625E+00   -0.494328993242727165E+03   -0.114651535193769476E+02    1
    0.339783268837379069E+02    0.449676293398497329E+01    0.957629292700502788E+00   -0.492901475469459513E+03   -0.114751535193769509E+02    1
    0.339190225769436395E+02    0.442977864221343243E+01    0.918025238372991881E+00   -0.492838862983728973E+03   -0.114851535193769489E+02    1
    0.337250631386672950E+02    0.483341551711223794E+01    0.540961127965077337E+00   -0.491566253428040909E+03   -0.114951535193769505E+02    1
    0.334268291965741327E+02    0.511805578946127415E+01    0.520377872511781026E+00   -0.491282158217385472E+03   -0.115051535193769467E+02    1
    0.323769276693793842E+02    0.561303553482081163E+01    0.609329329866750147E+00   -0.489525339772295581E+03   -0.115151535193769430E+02    1
    0.324384624323303825E+02    0.558049409218750192E+01    0.584910759600289820E+00   -0.488080456912044156E+03   -0.115251535193769428E+02    1
    0.330757491372087173E+02    0.516632309782453003E+01    0.788963967201131933E+00   -0.487550473940728580E+03   -0.115351535193769426E+02    1
    0.333353907666934930E+02    0.479649626450455457E+01    0.995406287678479273E+00   -0.486833865296499994E+03   -0.115451535193769423E+02    1
    0.332052306849692371E+02    0.490781112244237594E+01    0.898023591429008117E+00   -0.486331660183734414E+03   -0.115551535193769439E+02    1
    0.330802324589313059E+02    0.518034877556165085E+01    0.764302937926487735E+00   -0.485788484467496687E+03   -0.115651535193769455E+02    1
    0.328348921608222355E+02    0.522078858006056734E+01    0.850307952216516783E+00   -0.485537165051865259E+03   -0.115751535193769453E+02    1
    0.331854664857838273E+02    0.491960771457034962E+01    0.917302912136264137E+00   -0.485026345123246870E+03   -0.115851535193769433E+02    1
    0.340263215519817734E+02    0.449710813261924791E+01    0.716348717616823838E+00   -0.484988063266771917E+03   -0.115951535193769448E+02    1
    0.323891466945904938E+02    0.560220672118455809E+01    0.641923753039171041E+00   -0.483927371857205117E+03   -0.116051535193769446E+02    1
    0.334481714136692219E+02    0.508028244970534448E+01    0.551948564638044425E+00   -0.483916433750882334E+03   -0.116151535193769408E+02    1
    0.342801083152967863E+02    0.430178396645378402E+01    0.830901262207722757E+00   -0.483376670648010702E+03   -0.116251535193769424E+02    1
    0.334065151186016749E+02    0.483114633246206981E+01    0.758889076208775437E+00   -0.483336804170361575E+03   -0.116351535193769458E+02    1
    0.334469202345652832E+02    0.507922856419609481E+01    0.554690487714877611E+00   -0.483321098795880289E+03   -0.116451535193769455E+02    1
    0.340061754816500752E+02    0.447132388713044815E+01    0.767133757766462976E+00   -0.481185529725668914E+03   -0.116551535193769418E+02    1
    0.338034267236782995E+02    0.478654455707570747E+01    0.602155044217603685E+00   -0.480683385764124750E+03   -0.116651535193769451E+02    1
    0.330736338084636827E+02    0.504160403319540151E+01    0.788824187637396035E+00   -0.478521806753079943E+03   -0.116751535193769502E+02    1
    0.332894448829505976E+02    0.517845115723999605E+01    0.565909405089224604E+00   -0.478416448007621909E+03   -0.116851535193769465E+02    1
    0.336060869343770463E+02    0.488817204820939644E+01    0.689656156035394430E+00   -0.478313907410368074E+03   -0.116951535193769445E+02    1
    0.325361269508229114E+02    0.549595544566180738E+01    0.629376370223335702E+00   -0.478224961106995352E+03   -0.117051535193769460E+02    1
    0.334472876386962596E+02    0.496027857545484974E+01    0.559377619445141860E+00   -0.477819379280423959E+03   -0.117151535193769476E+02    1
    0.326847023277146107E+02    0.539127890201468496E+01    0.752959374165896311E+00   -0.477658501011622548E+03   -0.117251535193769456E+02    1
    0.339528011256586666E+02    0.445002014780992905E+01    0.856676968479933132E+00   -0.477383822231332658E+03   -0.117351535193769418E+02    1
    0.333926842215366833E+02    0.509131059898902638E+01    0.590997446930876857E+00   -0.476773995094043926E+03   -0.117451535193769399E+02    1
    0.339695246456485478E+02    0.462301983967634467E+01    0.676265708441424085E+00   -0.476122155573446207E+03   -0.117551535193769414E+02    1
    0.326946559639535366E+02    0.534568332907838695E+01    0.720223550245271071E+00   -0.475888308095772345E+03   -0.117651535193769430E+02    1
    0.341980914916877907E+02    0.435066406323926635E+01    0.820639815811301965E+00   -0.475087152986724846E+03   -0.117751535193769463E+02    1
    0.337249591345556468E+02    0.468047517878886676E+01    0.904530987983767742E+00   -0.474676034197754916E+03   -0.117851535193769479E+02    1
    0.327560179203599233E+02    0.532314508523025864E+01    0.779391368478200341E+00   -0.474659253079296036E+03   -0.117951535193769459E+02    1
    0.333835621270065914E+02    0.479881860582143105E+01    0.882593915428730225E+00   -0.474271216718085668E+03   -0.118051535193769439E+02    1
    0.342717616406646428E+02    0.425370149805372222E+01    0.965203485091455038E+00   -0.474267296970794064E+03   -0.118151535193769472E+02    1
    0.337812145415710674E+02    0.477082147296475867E+01    0.588784039921715463E+00   -0.473940288479969297E+03   -0.118251535193769470E+02    1
    0.332011699917677703E+02    0.492316350868852659E+01    0.927351751044033223E+00   -0.473789596137213778E+03   -0.118351535193769397E+02    1
    0.332119749169281846E+02    0.516198233864497880E+01    0.662838530400267856E+00   -0.473677936006142943E+03   -0.118451535193769431E+02    1
    0.327946867691774102E+02    0.527581985783465157E+01    0.794971641862454392E+00   -0.472863654494580715E+03   -0.118551535193769446E+02    1
    0.334820621807269561E+02    0.491753734127338760E+01    0.586091858918497910E+00   -0.472801726297008258E+03   -0.118651535193769391E+02    1
    0.328761736066114025E+02    0.538916712520582131E+01    0.635981057910223635E+00   -0.472785684385165951E+03   -0.118751535193769389E+02    1
    0.324653911590576172E+02    0.559589207172393799E+01    0.647258818149566650E+00   -0.472630275961458835E+03   -0.118851535193769422E+02    1
    0.342070743433920086E+02    0.429290797130874680E+01    0.909300040195972548E+00   -0.472363208271184817E+03   -0.118951535193769455E+02    1
    0.330748063728972852E+02    0.505913398508869161E+01    0.759816005480474455E+00   -0.470593700878147217E+03   -0.119051535193769453E+02    1
    0.332925778924798834E+02    0.495745309907662612E+01    0.881181121715381321E+00   -0.470394843001133609E+03   -0.119151535193769504E+02    1
    0.336767700053316901E+02    0.468915602739435045E+01    0.934287243472051054E+00   -0.470085840794430510E+03   -0.119251535193769467E+02    1
    0.333259346982248417E+02    0.485328427344019797E+01    0.850531622464183568E+00   -0.469171426008563913E+03   -0.119351535193769447E+02    1
    0.336127656375368957E+02    0.474499261567362218E+01    0.707894762912623765E+00   -0.468472370434526397E+03   -0.119451535193769427E+02    1
    0.329164145612804475E+02    0.532889235577953357E+01    0.516052350546621574E+00   -0.468122970417798285E+03   -0.119551535193769443E+02    1
    0.333701780415750662E+02    0.507521038486878773E+01    0.510191841565529547E+00   -0.467368416863463040E+03   -0.119651535193769440E+02    1
    0.333516008900596361E+02    0.497330829990268786E+01    0.613726042898339319E+00   -0.467034401209997668E+03   -0.119751535193769421E+02    1
    0.337464630981388751E+02    0.479137524666619719E+01    0.667534073188380095E+00   -0.467022763039343886E+03   -0.119851535193769418E+02    1
    0.336644188800017190E+02    0.488447105830822537E+01    0.576487030186823679E+00   -0.466953758578786847E+03   -0.119951535193769452E+02    1
    0.329117089753096863E+02    0.528358364146113058E+01    0.733649462674994646E+00   -0.466072638334217800E+03   -0.120051535193769467E+02    1
    0.336321331851152507E+02    0.463604814969997481E+01    0.898803425060477501E+00   -0.466060148578575081E+03   -0.120151535193769430E+02    1
    0.326244585336481592E+02    0.542873880025101130E+01    0.675305863380603832E+00   -0.465938384724907564E+03   -0.120251535193769445E+02    1
    0.334677687350703508E+02    0.478831161999895549E+01    0.962820343278105395E+00   -0.465225355133204516E+03   -0.120351535193769426E+02    1
    0.331201426355090192E+02    0.514239115631726484E+01    0.583037187677736823E+00   -0.465074338054060775E+03   -0.120451535193769441E+02    1
    0.333926265779640374E+02    0.492902272266347019E+01    0.639944771684585856E+00   -0.465048672231775186E+03   -0.120551535193769492E+02    1
    0.340003708398073883E+02    0.454741028436990735E+01    0.712558099764324160E+00   -0.465024189671997647E+03   -0.120651535193769472E+02    1
    0.330561018560071673E+02    0.522397866578717363E+01    0.701698877604653548E+00   -0.464616487022795525E+03   -0.120751535193769470E+02    1
    0.338531505646244568E+02    0.449071722097797377E+01    0.921213202496537376E+00   -0.464604382759885766E+03   -0.120851535193769504E+02    1
    0.334892656590795212E+02    0.503047213053583064E+01    0.533836334289305992E+00   -0.464170746395194101E+03   -0.120951535193769466E+02    1
    0.338319824139863385E+02    0.449468147630723713E+01    0.948001194613839804E+00   -0.463962440219494056E+03   -0.121051535193769411E+02    1
    0.335367255201612124E+02    0.468806881002669762E+01    0.949317999835402548E+00   -0.462875484167055333E+03   -0.121151535193769444E+02    1
    0.339077571722539233E+02    0.458464956796664591E+01    0.837911959774197967E+00   -0.462665261864867830E+03   -0.121251535193769460E+02    1
    0.335822753541212577E+02    0.473195049425044623E+01    0.945583575575787427E+00   -0.462543764120352876E+03   -0.121351535193769386E+02    1
    0.328723156849683278E+02    0.531883587090157040E+01    0.563912336502536360E+00   -0.462326583476294559E+03   -0.121451535193769420E+02    1
    0.338980018664636091E+02    0.454978570079583378E+01    0.911675101721471259E+00   -0.461987726545909595E+03   -0.121551535193769453E+02    1
    0.334331691027282574E+02    0.480376177694078788E+01    0.811118140373238705E+00   -0.461934050544051502E+03   -0.121651535193769433E+02    1
    0.338370594276827461E+02    0.471540882377607762E+01    0.659306465349932536E+00   -0.461695018183575542E+03   -0.121751535193769413E+02    1
    0.339045558722181255E+02    0.450518438696245749E+01    0.832964506184167841E+00   -0.460832231861056016E+03   -0.121851535193769358E+02    1
    0.333883967218828204E+02    0.481564525939106503E+01    0.958497982871358345E+00   -0.460819129646824194E+03   -0.121951535193769427E+02    1
    0.339260634638799132E+02    0.443630222792112505E+01    0.963939738387284084E+00   -0.460807861836861321E+03   -0.122051535193769496E+02    1
    0.334729309391498191E+02    0.503702256769519252E+01    0.539062531644978638E+00   -0.460567518064384103E+03   -0.122151535193769423E+02    1
    0.340296298750692259E+02    0.437580113815559546E+01    0.971392837936899234E+00   -0.460343246237961125E+03   -0.122251535193769385E+02    1
    0.326629063683886045E+02    0.542376088642482834E+01    0.629375535644302486E+00   -0.459742822560269303E+03   -0.122351535193769383E+02    1
    0.334257784324893521E+02    0.494113878448951738E+01    0.608403455677281380E+00   -0.458856548738348863E+03   -0.122451535193769416E+02    1
    0.340575013939636193E+02    0.445818729131522229E+01    0.857412005576103753E+00   -0.458854765573778934E+03   -0.122551535193769450E+02    1
    0.338868523684048881E+02    0.460651525240887505E+01    0.707583348811829715E+00   -0.458097193441660238E+03   -0.122651535193769465E+02    1
    0.341035843215475936E+02    0.440503782194041715E+01    0.877063417725181371E+00   -0.457693343745652101E+03   -0.122751535193769445E+02    1
    0.335843382347643882E+02    0.466282263185328372E+01    0.986700923023323129E+00   -0.457642364919436773E+03   -0.122851535193769408E+02    1
    0.334226418282086755E+02    0.506572943526902275E+01    0.523724067159059836E+00   -0.457561164485048607E+03   -0.122951535193769388E+02    1
    0.332443874604478680E+02    0.497413235919448926E+01    0.869678907093915821E+00   -0.456311729908978577E+03   -0.123051535193769421E+02    1
    0.337639559062276291E+02    0.454145581402846243E+01    0.975531069481904600E+00   -0.455748219118712314E+03   -0.123151535193769419E+02    1
    0.334482123682732748E+02    0.484036443675511663E+01    0.732542531540688824E+00   -0.454878044906859714E+03   -0.123251535193769381E+02    1
    0.340374653365526783E+02    0.446350365957762474E+01    0.811431958059156466E+00   -0.454827644348174772E+03   -0.123351535193769379E+02    1
    0.334253581801039275E+02    0.481257986074068889E+01    0.936446425032657404E+00   -0.454785587848432840E+03   -0.123451535193769395E+02    1
    0.333961227828290177E+02    0.484790958704315678E+01    0.916904644124638013E+00   -0.454604166677732451E+03   -0.123551535193769428E+02    1
    0.326840480097607511E+02    0.545853890512676010E+01    0.654301221593243665E+00   -0.454490260957800672E+03   -0.123651535193769408E+02    1
    0.336313491537881433E+02    0.488562447753147211E+01    0.597891568494764214E+00   -0.454436174427535889E+03   -0.123751535193769424E+02    1
    0.332797984763160031E+02    0.508903105502916731E+01    0.549886903916701919E+00   -0.454017053551615390E+03   -0.123851535193769422E+02    1
    0.324442563927958787E+02    0.564631295998745308E+01    0.550433964874230797E+00   -0.454015201164694986E+03   -0.123951535193769384E+02    1
    0.327320342049038260E+02    0.554346833782966808E+01    0.528343103550762749E+00   -0.453782692784976689E+03   -0.124051535193769382E+02    1
    0.337285075620129007E+02    0.478008222603098432E+01    0.627242044164036283E+00   -0.453355083507107906E+03   -0.124151535193769398E+02    1
    0.334957459316692052E+02    0.480937529451523726E+01    0.893475384778620318E+00   -0.453068898909431141E+03   -0.124251535193769431E+02    1
    0.328535631461395852E+02    0.546910597914865448E+01    0.524108199079462378E+00   -0.451859966314511098E+03   -0.124351535193769447E+02    1
    0.336321304752672461E+02    0.465463656165481332E+01    0.888699499835252205E+00   -0.451639635306142736E+03   -0.124451535193769427E+02    1
    0.328305789681992053E+02    0.534447591625253615E+01    0.691407810053360050E+00   -0.451464122758319036E+03   -0.124551535193769389E+02    1
    0.328578909260610601E+02    0.525930801826564220E+01    0.707274486539098080E+00   -0.451115056073395408E+03   -0.124651535193769369E+02    1
    0.339726866224379975E+02    0.444065036870387164E+01    0.923039201857733804E+00   -0.451051183402568370E+03   -0.124751535193769385E+02    1
    0.328960583340711921E+02    0.531270887869330366E+01    0.566537524856319918E+00   -0.450565839616367612E+03   -0.124851535193769383E+02    1
    0.335247896647392878E+02    0.477114224142610865E+01    0.778503672830140214E+00   -0.450478289509388333E+03   -0.124951535193769399E+02    1
    0.338914741311467012E+02    0.456622818195070934E+01    0.865061793815862456E+00   -0.450319206884458822E+03   -0.125051535193769414E+02    1
    0.333647427816864592E+02    0.488290227050915693E+01    0.760262487058849246E+00   -0.450091737796035773E+03   -0.125151535193769394E+02    1
    0.333745149944096937E+02    0.483398629907285216E+01    0.891289966839544645E+00   -0.450034890604030011E+03   -0.125251535193769392E+02    1
    0.339197298739914146E+02    0.452992792092053165E+01    0.889877307884619384E+00   -0.449522117021196038E+03   -0.125351535193769408E+02    1
    0.333208463642678296E+02    0.490451432570171608E+01    0.884983863049519703E+00   -0.449461763295102855E+03   -0.125451535193769388E+02    1
    0.336558202012361392E+02    0.483699402803874712E+01    0.614076642745304824E+00   -0.449315600260594579E+03   -0.125551535193769404E+02    1
    0.332971760505518688E+02    0.495424585077535706E+01    0.710672337615581240E+00   -0.449012015569748201E+03   -0.125651535193769437E+02    1
    0.338606318373577011E+02    0.454797601254864325E+01    0.923601042270259853E+00   -0.448172715479268163E+03   -0.125751535193769470E+02    1
    0.332203442979252230E+02    0.521188811702330757E+01    0.505428194652598139E+00   -0.448156551117519314E+03   -0.125851535193769468E+02    1
    0.332683485012826736E+02    0.494479545298923373E+01    0.769438934854057122E+00   -0.447932752242695415E+03   -0.125951535193769413E+02    1
    0.335490411693489818E+02    0.488992917919108994E+01    0.606469969756184391E+00   -0.447821370355517502E+03   -0.126051535193769357E+02    1
    0.330236644444142797E+02    0.519386701997576772E+01    0.616178264758241889E+00   -0.447812121908822292E+03   -0.126151535193769408E+02    1
    0.336296543588779855E+02    0.486716410267349797E+01    0.635756932539406683E+00   -0.447781027015633299E+03   -0.126251535193769389E+02    1
    0.330518096625583482E+02    0.521434504240126984E+01    0.694352178313085266E+00   -0.447112790357105837E+03   -0.126351535193769404E+02    1
    0.332579643126776148E+02    0.499678759455717270E+01    0.684891682371754018E+00   -0.447097025707695252E+03   -0.126451535193769455E+02    1
    0.330160688136254947E+02    0.531269809161657669E+01    0.591858564172812018E+00   -0.446989690090310319E+03   -0.126551535193769382E+02    1
    0.329101190653083790E+02    0.525777264155690371E+01    0.728816017176106334E+00   -0.446989031069250700E+03   -0.126651535193769345E+02    1
    0.338700718751320622E+02    0.452363093091743806E+01    0.871176990892676528E+00   -0.446965591342787604E+03   -0.126751535193769378E+02    1
    0.334697437570061993E+02    0.493372217033005533E+01    0.604968511427460887E+00   -0.446824483735497438E+03   -0.126851535193769429E+02    1
    0.335336973020362805E+02    0.472463387230454934E+01    0.900373890911991825E+00   -0.446602906400996005E+03   -0.126951535193769462E+02    1
    0.332896430640325107E+02    0.500722545299804089E+01    0.641551634311214425E+00   -0.446439643028785497E+03   -0.127051535193769389E+02    1
    0.332601966556517823E+02    0.516545601835224044E+01    0.567507356060161339E+00   -0.445888126368217229E+03   -0.127151535193769352E+02    1
    0.329444425790059654E+02    0.523917081681209496E+01    0.729571608978933028E+00   -0.445837882468221949E+03   -0.127251535193769367E+02    1
    0.330758349528525315E+02    0.508480584389586099E+01    0.784852221781550341E+00   -0.445516386419211358E+03   -0.127351535193769383E+02    1
    0.339249222133195829E+02    0.448598569979579764E+01    0.909199680087501294E+00   -0.445489832942624048E+03   -0.127451535193769399E+02    1
    0.336527744044797785E+02    0.475473227718660585E+01    0.694075382596427426E+00   -0.445382869739363173E+03   -0.127551535193769396E+02    1
    0.337536617616886829E+02    0.463358800058858211E+01    0.896545335701537605E+00   -0.445081779613814433E+03   -0.127651535193769430E+02    1
    0.331760368358809146E+02    0.503057309879626846E+01    0.819799968557011871E+00   -0.444653577001351778E+03   -0.127751535193769410E+02    1
    0.338468291603003735E+02    0.455991628376072633E+01    0.830805902184755807E+00   -0.444551384102569898E+03   -0.127851535193769372E+02    1
    0.336986581273382058E+02    0.476451260694407708E+01    0.661723510533577808E+00   -0.444533742719380029E+03   -0.127951535193769352E+02    1
    0.336799107638510691E+02    0.480537826385675437E+01    0.642179380968813884E+00   -0.444277466541204603E+03   -0.128051535193769332E+02    1
    0.332487770819272157E+02    0.495747360329351139E+01    0.784293487913055198E+00   -0.444016771423489104E+03   -0.128151535193769330E+02    1
    0.332026487266239130E+02    0.510311555690071295E+01    0.592925296406679347E+00   -0.444007912644288126E+03   -0.128251535193769310E+02    1
    0.334121947404990607E+02    0.488207081452524072E+01    0.845200308805867273E+00   -0.443975554981727896E+03   -0.128351535193769379E+02    1
    0.333389554249321662E+02    0.495940089334393175E+01    0.669200658013372585E+00   -0.443833007027135579E+03   -0.128451535193769448E+02    1
    0.331893191533800547E+02    0.502795110365231590E+01    0.814595226737375055E+00   -0.443553620194335281E+03   -0.128551535193769428E+02    1
    0.327898326737812482E+02    0.539813729677966592E+01    0.641938918399772129E+00   -0.443448130034617520E+03   -0.128651535193769408E+02    1
    0.330722175702912295E+02    0.525670671691131997E+01    0.521910370701049509E+00   -0.443250489522572252E+03   -0.128751535193769406E+02    1
    0.337607038835872331E+02    0.466582280215507161E+01    0.739475162870759206E+00   -0.443005399996816436E+03   -0.128851535193769422E+02    1
    0.334379928263129500E+02    0.492057726085149305E+01    0.643384479331692738E+00   -0.442976635638437756E+03   -0.128951535193769384E+02    1
    0.335067420169934849E+02    0.495710652282738984E+01    0.625080577543713378E+00   -0.442930981839176752E+03   -0.129051535193769364E+02    1
    0.330610553713186874E+02    0.526719247803241775E+01    0.609489640468785510E+00   -0.442906700664842560E+03   -0.129151535193769416E+02    1
    0.334590536329231512E+02    0.482155675536072703E+01    0.881246548543122676E+00   -0.442840708690953988E+03   -0.129251535193769396E+02    1
    0.327404370202807087E+02    0.552954072383093465E+01    0.518666231696201852E+00   -0.442802524867867589E+03   -0.129351535193769358E+02    1
    0.328829919593671178E+02    0.528202155178150701E+01    0.706318541457348070E+00   -0.442787984008213698E+03   -0.129451535193769356E+02    1
    0.329452943126914093E+02    0.521158052346832967E+01    0.735530162020596956E+00   -0.442630648790081636E+03   -0.129551535193769336E+02    1
    0.330045553237263150E+02    0.524997947553825206E+01    0.676560391208095746E+00   -0.442561142981679950E+03   -0.129651535193769405E+02    1
    0.339213141141733132E+02    0.452769810408782458E+01    0.845339626659822541E+00   -0.442447602132100087E+03   -0.129751535193769403E+02    1
    0.338500352756730507E+02    0.455005671282604762E+01    0.906903114355172235E+00   -0.442297271119969423E+03   -0.129851535193769401E+02    1
    0.337827174559536587E+02    0.460654949685228488E+01    0.816541444581778797E+00   -0.442207881987202654E+03   -0.129951535193769381E+02    1
    0.335703265554627137E+02    0.484378281358815421E+01    0.751180430968454216E+00   -0.442024950603765092E+03   -0.130051535193769379E+02    1
    0.327835208813457086E+02    0.544390104335216485E+01    0.517434120498466932E+00   -0.441870948188477541E+03   -0.130151535193769377E+02    1
    0.329628194150628104E+02    0.536871773380001027E+01    0.550073647942187050E+00   -0.441805533723623512E+03   -0.130251535193769410E+02    1
    0.331242105283046016E+02    0.527217095870665009E+01    0.528119498092103012E+00   -0.441802715610734595E+03   -0.130351535193769426E+02    1
    0.329497203644121157E+02    0.539947358139344225E+01    0.511820284148916449E+00   -0.441720520761394482E+03   -0.130451535193769388E+02    1
    0.327454233050212764E+02    0.544343046950812237E+01    0.546137468936355841E+00   -0.441664270455974815E+03   -0.130551535193769386E+02    1
    0.335510674293165039E+02    0.489210040734221696E+01    0.688345879035092367E+00   -0.441277815103394062E+03   -0.130651535193769419E+02    1
    0.327005179190485293E+02    0.547642783893907392E+01    0.601129038266738136E+00   -0.441252039607135941E+03   -0.130751535193769399E+02    1
    0.327462762528088263E+02    0.540233833607065694E+01    0.609470857151952039E+00   -0.441015122419272643E+03   -0.130851535193769362E+02    1
    0.334843394185972301E+02    0.477704335232356581E+01    0.881876114602312633E+00   -0.440549422220937458E+03   -0.130951535193769359E+02    1
    0.336425685520228086E+02    0.466695080262806705E+01    0.905498982274440145E+00   -0.440288919093669847E+03   -0.131051535193769393E+02    1
    0.330330593059492443E+02    0.524245410272422685E+01    0.661135302095169575E+00   -0.440215739208240166E+03   -0.131151535193769391E+02    1
    0.330053244573265872E+02    0.521117920906364418E+01    0.621685620708593900E+00   -0.440205763059517096E+03   -0.131251535193769353E+02    1
    0.335744194220759979E+02    0.472429097798968289E+01    0.901821830193405893E+00   -0.440098193076221264E+03   -0.131351535193769315E+02    1
    0.336797992210931127E+02    0.479038050770758428E+01    0.699654730829470717E+00   -0.440036085574777758E+03   -0.131451535193769349E+02    1
    0.338534193770786374E+02    0.461334951495249435E+01    0.784055938041993583E+00   -0.440013751060412346E+03   -0.131551535193769382E+02    1
    0.335356942069225283E+02    0.492896698599045724E+01    0.621442661133557173E+00   -0.439859082160481080E+03   -0.131651535193769345E+02    1
    0.326196773725786500E+02    0.554420757974336542E+01    0.556572587670228325E+00   -0.439819263938588847E+03   -0.131751535193769342E+02    1
    0.333254677269164432E+02    0.489990745383695270E+01    0.841000903191317484E+00   -0.439722473772175476E+03   -0.131851535193769323E+02    1
    0.327932012108486788E+02    0.541300623159331895E+01    0.616348854944209212E+00   -0.439640974896786588E+03   -0.131951535193769320E+02    1
    0.326609113036696783E+02    0.552987085246377141E+01    0.561333102561803354E+00   -0.439604055864230531E+03   -0.132051535193769336E+02    1
    0.330862591408286164E+02    0.510953439518364760E+01    0.704741923010013593E+00   -0.439586390693589806E+03   -0.132151535193769334E+02    1
    0.334833188993301363E+02    0.481381090096867137E+01    0.769987149854066799E+00   -0.439511608350016274E+03   -0.132251535193769367E+02    1
    0.328910444059536928E+02    0.526949004924812670E+01    0.665714164643949169E+00   -0.439471741266159370E+03   -0.132351535193769418E+02    1
    0.334259390743320282E+02    0.501996479492807879E+01    0.599651504818748071E+00   -0.439115450512804728E+03   -0.132451535193769399E+02    1
    0.330683401784093007E+02    0.511514603446525307E+01    0.726132317158080243E+00   -0.439045960338462010E+03   -0.132551535193769343E+02    1
    0.336174404325122111E+02    0.468945182019108397E+01    0.873454225289716057E+00   -0.439000860778364824E+03   -0.132651535193769359E+02    1
    0.337685626691313274E+02    0.467863894479718390E+01    0.788743303564433340E+00   -0.438967714082895100E+03   -0.132751535193769392E+02    1
    0.338170918067080493E+02    0.457495426277470507E+01    0.885606815252568902E+00   -0.438954597207110908E+03   -0.132851535193769372E+02    1
    0.329839813089647578E+02    0.521421352660395332E+01    0.717966951990749225E+00   -0.438539073051321452E+03   -0.132951535193769352E+02    1
    0.329320768149941046E+02    0.527474973305320383E+01    0.684146160858167596E+00   -0.438474561234732050E+03   -0.133051535193769332E+02    1
    0.329808753687225789E+02    0.520578680893391876E+01    0.663272360234443803E+00   -0.438468346305918203E+03   -0.133151535193769330E+02    1
    0.334529444066072301E+02    0.484257992685184302E+01    0.850797221930397862E+00   -0.438452687316984338E+03   -0.133251535193769346E+02    1
    0.332261239586525505E+02    0.518267445278100425E+01    0.538870393119855295E+00   -0.438446930727009885E+03   -0.133351535193769397E+02    1
    0.327631686549381413E+02    0.539517901763384344E+01    0.632514705831198287E+00   -0.438387101077649277E+03   -0.133451535193769431E+02    1
    0.333169382238767611E+02    0.491714345467201408E+01    0.789979925735199373E+00   -0.438211390537908926E+03   -0.133551535193769411E+02    1
    0.331961011713692997E+02    0.517971311352060049E+01    0.600796864100576422E+00   -0.438072129386591428E+03   -0.133651535193769355E+02    1
    0.332537927497772969E+02    0.507680365658385568E+01    0.596832015835749297E+00   -0.437997602642377501E+03   -0.133751535193769353E+02    1
    0.331212356444115557E+02    0.523896998846663831E+01    0.584103497503011271E+00   -0.437912124739319097E+03   -0.133851535193769404E+02    1
    0.335668841461701533E+02    0.489201209326078956E+01    0.632094145254012973E+00   -0.437598898265865387E+03   -0.133951535193769420E+02    1
    0.332513803952450289E+02    0.501233712884996851E+01    0.784272608277640559E+00   -0.437524527274305683E+03   -0.134051535193769382E+02    1
    0.327508574881020991E+02    0.542773702832464178E+01    0.610077059345077499E+00   -0.436847206407973260E+03   -0.134151535193769345E+02    1
    0.331594375497668850E+02    0.522974984707600576E+01    0.534978593743923980E+00   -0.436637290261712906E+03   -0.134251535193769378E+02    1
    0.333065554077225556E+02    0.492612349809498884E+01    0.823155721622423231E+00   -0.436578963996404809E+03   -0.134351535193769376E+02    1
    0.330441843513563072E+02    0.515236722446768702E+01    0.739672888668694739E+00   -0.436481622082052354E+03   -0.134451535193769338E+02    1
    0.335360872947514679E+02    0.477177422963006581E+01    0.867303570623822351E+00   -0.436303557958575311E+03   -0.134551535193769372E+02    1
    0.337283839339233538E+02    0.463206261176958822E+01    0.860440672138688467E+00   -0.436299651557012510E+03   -0.134651535193769423E+02    1
    0.330409516580668594E+02    0.531763843016149096E+01    0.517265844123054319E+00   -0.436279572391668466E+03   -0.134751535193769367E+02    1
    0.329344446695095030E+02    0.526653822598732191E+01    0.621271604438286440E+00   -0.435970300471780945E+03   -0.134851535193769294E+02    1
    0.335533904331318098E+02    0.489580519396945490E+01    0.633739747525266628E+00   -0.435896502901404915E+03   -0.134951535193769345E+02    1
    0.330351536004926487E+02    0.528065799117995560E+01    0.598991518135604029E+00   -0.435599977671786576E+03   -0.135051535193769414E+02    1
    0.330380972824943058E+02    0.523241519485696749E+01    0.575999152649027235E+00   -0.435539494796763449E+03   -0.135151535193769359E+02    1
    0.336530971443335005E+02    0.468870198372921188E+01    0.873815373608703982E+00   -0.435393714842637451E+03   -0.135251535193769303E+02    1
    0.336990224994782679E+02    0.466012185894241249E+01    0.834129855694757616E+00   -0.435244255419489150E+03   -0.135351535193769337E+02    1
    0.333252588055287688E+02    0.493133958037530196E+01    0.751220664144315764E+00   -0.435226784042221084E+03   -0.135451535193769317E+02    1
    0.328421946919219607E+02    0.535870979093907884E+01    0.634041528526542164E+00   -0.435125054252744690E+03   -0.135551535193769279E+02    1
    0.331727271941305517E+02    0.517953255068597240E+01    0.551675432053648329E+00   -0.435049243614005036E+03   -0.135651535193769366E+02    1
    0.336027136976781833E+02    0.478567190671862708E+01    0.793200197031890597E+00   -0.435045825935097014E+03   -0.135751535193769381E+02    1
    0.327590770654340204E+02    0.547882077788610111E+01    0.547294011024679006E+00   -0.434999111661966026E+03   -0.135851535193769308E+02    1
    0.334665029601815149E+02    0.482028517717639637E+01    0.851406766258819614E+00   -0.434969070584021210E+03   -0.135951535193769377E+02    1
    0.337227410971029684E+02    0.464982098181423087E+01    0.862405400508410747E+00   -0.434926441520027879E+03   -0.136051535193769428E+02    1
    0.327371118513904804E+02    0.548388339562875160E+01    0.552169168901423757E+00   -0.434656280799238175E+03   -0.136151535193769373E+02    1
    0.328352330023217007E+02    0.542836993276377378E+01    0.517814481805664806E+00   -0.434646537965863217E+03   -0.136251535193769335E+02    1
    0.335710828784873883E+02    0.477796756065294748E+01    0.832191111553107765E+00   -0.434622575922522742E+03   -0.136351535193769369E+02    1
    0.334999009730709929E+02    0.484822925396494053E+01    0.705760869942597124E+00   -0.434609348653555685E+03   -0.136451535193769367E+02    1
    0.333259652597387444E+02    0.508921202867040101E+01    0.583786253787989651E+00   -0.434485406867308825E+03   -0.136551535193769364E+02    1
    0.331508180286611491E+02    0.521345536417055655E+01    0.584551647368561578E+00   -0.434433502968535890E+03   -0.136651535193769398E+02    1
    0.336896907935087739E+02    0.468894083034952036E+01    0.844344395170052220E+00   -0.434363576999750535E+03   -0.136751535193769360E+02    1
    0.337355902415364710E+02    0.471039287528191597E+01    0.745850375322248071E+00   -0.434341323667022039E+03   -0.136851535193769305E+02    1
    0.337644315289567487E+02    0.465842858842411189E+01    0.805230446035261282E+00   -0.434273558895467374E+03   -0.136951535193769338E+02    1
    0.330464297338036488E+02    0.515033770166502869E+01    0.727727518166131460E+00   -0.434260245138682990E+03   -0.137051535193769354E+02    1
    0.330001689101898990E+02    0.528601200459611498E+01    0.549120473047021274E+00   -0.434058827263613011E+03   -0.137151535193769316E+02    1
    0.328304304672726133E+02    0.544030679966651221E+01    0.515253979987853050E+00   -0.434018003305936304E+03   -0.137251535193769367E+02    1
    0.329853594389088585E+02    0.524892098179755351E+01    0.671547075734784338E+00   -0.433856836994773516E+03   -0.137351535193769365E+02    1
    0.337410616892097863E+02    0.469784967209172599E+01    0.750876332673174551E+00   -0.433815654134876581E+03   -0.137451535193769327E+02    1
    0.334699578295381457E+02    0.483113265104304546E+01    0.769250082750359665E+00   -0.433758224163780142E+03   -0.137551535193769361E+02    1
    0.332980686046406831E+02    0.494299871675152769E+01    0.778540502074817065E+00   -0.433717729255365214E+03   -0.137651535193769359E+02    1
    0.333733987953209521E+02    0.490787407687486432E+01    0.739301157416190291E+00   -0.433659612933999767E+03   -0.137751535193769321E+02    1
    0.337582012920911367E+02    0.465537926499922428E+01    0.810343912581808601E+00   -0.433506163160377525E+03   -0.137851535193769337E+02    1
    0.336401506818820124E+02    0.476308228044412463E+01    0.783501199712257512E+00   -0.433499870163414300E+03   -0.137951535193769335E+02    1
    0.327720499496419109E+02    0.542062121500017113E+01    0.586036489204809774E+00   -0.433428922344460148E+03   -0.138051535193769315E+02    1
    0.329306157615340283E+02    0.529045984600091135E+01    0.596908741760739381E+00   -0.433426697404490369E+03   -0.138151535193769348E+02    1
    0.334865995636001799E+02    0.480072106937459964E+01    0.829219989797084889E+00   -0.433274230353862947E+03   -0.138251535193769364E+02    1
    0.328650333795952179E+02    0.532215534947503066E+01    0.643008776481675315E+00   -0.433215160920964308E+03   -0.138351535193769326E+02    1
    0.328554959176994998E+02    0.533338683252563506E+01    0.637514746546319233E+00   -0.433108031760380413E+03   -0.138451535193769306E+02    1
    0.333256744612281821E+02    0.505141620635773503E+01    0.658280950240715201E+00   -0.433030240789412687E+03   -0.138551535193769340E+02    1
    0.331268206354576407E+02    0.520837685472463452E+01    0.614135433927297414E+00   -0.432914433872722384E+03   -0.138651535193769337E+02    1
    0.335887655956710205E+02    0.479781590686083970E+01    0.782203579695711193E+00   -0.432794739943046466E+03   -0.138751535193769282E+02    1
    0.331739731807573861E+02    0.514389798199918502E+01    0.664598305572383863E+00   -0.432766193974105590E+03   -0.138851535193769280E+02    1
    0.335870901052048438E+02    0.473893255173117556E+01    0.851089003409307931E+00   -0.432753736008671979E+03   -0.138951535193769278E+02    1
    0.334076080120010701E+02    0.486589033793533865E+01    0.826517116539432273E+00   -0.432737657844949126E+03   -0.139051535193769276E+02    1
    0.328264594137082071E+02    0.536672094492191043E+01    0.617615987032779423E+00   -0.432736643136450539E+03   -0.139151535193769291E+02    1
    0.336419725422559210E+02    0.473669715908607980E+01    0.818197134193655029E+00   -0.432711764612041804E+03   -0.139251535193769325E+02    1
    0.337210686144630358E+02    0.466340360378075403E+01    0.825244841919237304E+00   -0.432574233400921912E+03   -0.139351535193769323E+02    1
    0.328209133110355396E+02    0.544311380938666733E+01    0.532645441532142438E+00   -0.432494865018461553E+03   -0.139451535193769356E+02    1
    0.332148029320796567E+02    0.515390867078184733E+01    0.607914202893124145E+00   -0.432411006868679237E+03   -0.139551535193769389E+02    1
    0.335429251725011284E+02    0.488298214066567660E+01    0.687535744453300790E+00   -0.432319325475758205E+03   -0.139651535193769387E+02    1
    0.331111623681914651E+02    0.524772446222964817E+01    0.556194395667791275E+00   -0.432002188363497396E+03   -0.139751535193769332E+02    1
    0.335937739669087634E+02    0.477130016461342787E+01    0.812068828316461433E+00   -0.431828006863811538E+03   -0.139851535193769276E+02    1
    0.332998239513150978E+02    0.496928324992394099E+01    0.785454361749577501E+00   -0.431802575788970103E+03   -0.139951535193769292E+02    1
    0.335587519917837795E+02    0.486211854497415086E+01    0.663163515788777636E+00   -0.431766946751892135E+03   -0.140051535193769290E+02    1
    0.330139496692248997E+02    0.525917077010085166E+01    0.635959693414519633E+00   -0.431766828296933113E+03   -0.140151535193769305E+02    1
    0.334938422158654063E+02    0.493243155125670718E+01    0.652990219058666610E+00   -0.431713482589132980E+03   -0.140251535193769321E+02    1
    0.335034123336183995E+02    0.479944092597251970E+01    0.805746015421278328E+00   -0.431647270651730935E+03   -0.140351535193769301E+02    1
    0.330708484648399974E+02    0.520156268064857041E+01    0.595269612923409852E+00   -0.431639676183359029E+03   -0.140451535193769317E+02    1
    0.332333993227875482E+02    0.500782015409347636E+01    0.734516005247134340E+00   -0.431597379733611774E+03   -0.140551535193769332E+02    1
    0.328466473920361892E+02    0.535573725759124031E+01    0.616449188442992679E+00   -0.431586448543416623E+03   -0.140651535193769348E+02    1
    0.331729888249601430E+02    0.515764232350719087E+01    0.576303137599231130E+00   -0.431580006003428821E+03   -0.140751535193769310E+02    1
    0.331097891857281468E+02    0.524751352610115873E+01    0.552385070187669136E+00   -0.431540834943400966E+03   -0.140851535193769308E+02    1
    0.332281218141350081E+02    0.508602832770063795E+01    0.695646297283641246E+00   -0.431509004960548168E+03   -0.140951535193769324E+02    1
    0.331202767034978152E+02    0.510158165855616907E+01    0.701795819718552982E+00   -0.431508919445139213E+03   -0.141051535193769304E+02    1
    0.331946300512287706E+02    0.512104554991925198E+01    0.675381845839567507E+00   -0.431365956003283713E+03   -0.141151535193769302E+02    1
    0.331642326664924028E+02    0.505844613848112346E+01    0.743060437916398642E+00   -0.431356699678279938E+03   -0.141251535193769335E+02    1
    0.335654809008231751E+02    0.475604167592703586E+01    0.829550739642496149E+00   -0.431226955546418594E+03   -0.141351535193769298E+02    1
    0.333512472910705071E+02    0.503785522543356290E+01    0.598750745807738238E+00   -0.431201734387016643E+03   -0.141451535193769331E+02    1
    0.328540323890770765E+02    0.535823839252708645E+01    0.612407858972299879E+00   -0.431149507046784265E+03   -0.141551535193769329E+02    1
    0.329384489022618041E+02    0.535689510595553742E+01    0.559123864937529969E+00   -0.431098307181164273E+03   -0.141651535193769345E+02    1
    0.330046885651526907E+02    0.527525991836539720E+01    0.563526647935463476E+00   -0.431049196791113218E+03   -0.141751535193769325E+02    1
    0.336955114542951080E+02    0.471130262210207462E+01    0.767136488380401382E+00   -0.430991524941152875E+03   -0.141851535193769251E+02    1
    0.331173932424943729E+02    0.511542942335526618E+01    0.678313764848211598E+00   -0.430986756239433362E+03   -0.141951535193769285E+02    1
    0.336264750539188171E+02    0.478870685047975631E+01    0.707512298775268333E+00   -0.430975261365595031E+03   -0.142051535193769300E+02    1
    0.336278605989320596E+02    0.474247057830440522E+01    0.768403542577113186E+00   -0.430934132658283829E+03   -0.142151535193769263E+02    1
    0.328441567993042725E+02    0.536529778953844527E+01    0.604445295101901370E+00   -0.430869310216102917E+03   -0.142251535193769278E+02    1
    0.333641898386201632E+02    0.493350558269721873E+01    0.711716807343325431E+00   -0.430817679936459967E+03   -0.142351535193769365E+02    1
    0.333661338804892651E+02    0.504066450505915675E+01    0.610840434928177856E+00   -0.430794715499117785E+03   -0.142451535193769399E+02    1
    0.336137492038867975E+02    0.479206998957056918E+01    0.709837509717581416E+00   -0.430778871546074242E+03   -0.142551535193769414E+02    1
    0.332763281173998280E+02    0.497800788117765691E+01    0.738902580080269655E+00   -0.430770544390268128E+03   -0.142651535193769412E+02    1
    0.336011541622863490E+02    0.478159516718838162E+01    0.730349896271615950E+00   -0.430767928069529262E+03   -0.142751535193769321E+02    1
    0.328581104487225630E+02    0.537648556795946586E+01    0.563770674824493390E+00   -0.430748414661663958E+03   -0.142851535193769266E+02    1
    0.336201280516286829E+02    0.480587920002364033E+01    0.717375006792469794E+00   -0.430740429724996829E+03   -0.142951535193769299E+02    1
    0.334682071286642184E+02    0.485030600784155741E+01    0.744263841259895198E+00   -0.430727137415689299E+03   -0.143051535193769297E+02    1
    0.334356644582262561E+02    0.498010695242198764E+01    0.635106788599926753E+00   -0.430698370398981751E+03   -0.143151535193769295E+02    1
    0.330640019963731149E+02    0.524436029717728847E+01    0.559435282319581395E+00   -0.430652495768835763E+03   -0.143251535193769310E+02    1
    0.333438622282697139E+02    0.505860209513673187E+01    0.600634326064240498E+00   -0.430646547263999082E+03   -0.143351535193769326E+02    1
    0.331807464549957132E+02    0.509899525484884997E+01    0.637998258849997502E+00   -0.430639714835465952E+03   -0.143451535193769359E+02    1
    0.334819579665192677E+02    0.481718615368063308E+01    0.822060519101782461E+00   -0.430631119273554305E+03   -0.143551535193769340E+02    1
    0.330843801675790345E+02    0.525778699029429575E+01    0.547413228020507181E+00   -0.430615768262688562E+03   -0.143651535193769337E+02    1
    0.336048743905310587E+02    0.475446594891472074E+01    0.817797450493551681E+00   -0.430576541173522173E+03   -0.143751535193769318E+02    1
    0.331059678561068864E+02    0.515619427720492052E+01    0.626385380201114339E+00   -0.430558239714382694E+03   -0.143851535193769298E+02    1
    0.334934185279532173E+02    0.492677932589276413E+01    0.643657816498415247E+00   -0.430513304500530126E+03   -0.143951535193769349E+02    1
    0.334545896228020112E+02    0.484114248403880332E+01    0.818034298146256056E+00   -0.430431090189854956E+03   -0.144051535193769329E+02    1
    0.333199186203196902E+02    0.502519769554321805E+01    0.698038505546128674E+00   -0.430415801582625704E+03   -0.144151535193769291E+02    1
    0.334710535563734410E+02    0.485270046058792026E+01    0.802561650731666409E+00   -0.430411855884331771E+03   -0.144251535193769325E+02    1
    0.335389902686372707E+02    0.482172878354515699E+01    0.723281724909624502E+00   -0.430288580380613212E+03   -0.144351535193769358E+02    1
    0.331546652057300122E+02    0.508249618998340935E+01    0.695560463505533022E+00   -0.430262514787729629E+03   -0.144451535193769320E+02    1
    0.336616656739548858E+02    0.475448520268670816E+01    0.751204858211016457E+00   -0.430202600911906416E+03   -0.144551535193769283E+02    1
    0.330285630029416737E+02    0.519829973783209809E+01    0.644565682127764550E+00   -0.430070014111797491E+03   -0.144651535193769316E+02    1
    0.334793420327356657E+02    0.492222494695122492E+01    0.690699939510404759E+00   -0.429982362985512054E+03   -0.144751535193769314E+02    1
    0.333284457700781260E+02    0.495120102161482745E+01    0.781797725836398172E+00   -0.429968425075713981E+03   -0.144851535193769312E+02    1
    0.332939672774480471E+02    0.495966500106730823E+01    0.768589633796426641E+00   -0.429876738803575108E+03   -0.144951535193769345E+02    1
    0.334457488278177877E+02    0.484720743703534218E+01    0.790183615293493347E+00   -0.429870329106354461E+03   -0.145051535193769308E+02    1
    0.330660859996933354E+02    0.516235352054752905E+01    0.702647958900995961E+00   -0.429846636288836066E+03   -0.145151535193769323E+02    1
    0.333426514556603948E+02    0.504440584268830339E+01    0.638947013219459348E+00   -0.429646679489775465E+03   -0.145251535193769339E+02    1
    0.336112882826348738E+02    0.474117925514333027E+01    0.815828673004141525E+00   -0.429612618879749959E+03   -0.145351535193769283E+02    1
    0.332688132494296980E+02    0.501322653351247283E+01    0.684134323101242114E+00   -0.429585850647837105E+03   -0.145451535193769281E+02    1
    0.328585795644632981E+02    0.538642499578989664E+01    0.566295133451299004E+00   -0.429582450902751930E+03   -0.145551535193769279E+02    1
    0.335290619427926515E+02    0.482295676754910119E+01    0.791105933353278612E+00   -0.429494477767487297E+03   -0.145651535193769277E+02    1
    0.333178675280050385E+02    0.506702843708594131E+01    0.627396646393192814E+00   -0.429493739565149440E+03   -0.145751535193769328E+02    1
    0.329356259522375154E+02    0.530899238221843994E+01    0.582204407090235132E+00   -0.429385864157924061E+03   -0.145851535193769326E+02    1
    0.333785967405626423E+02    0.499068037960140476E+01    0.689248847718468394E+00   -0.429304377686286216E+03   -0.145951535193769324E+02    1
    0.336390092123695723E+02    0.477264763370127998E+01    0.734404518402619999E+00   -0.429245288314856111E+03   -0.146051535193769340E+02    1
    0.334404577053828191E+02    0.493586853227512456E+01    0.710786709190083799E+00   -0.429238525603695393E+03   -0.146151535193769302E+02    1
    0.331242845464184157E+02    0.517719369339684743E+01    0.590952974616969384E+00   -0.429233644916426840E+03   -0.146251535193769318E+02    1
    0.328923454300266158E+02    0.535070010755139247E+01    0.594260998669240426E+00   -0.429216579266912163E+03   -0.146351535193769351E+02    1
    0.329605780328560769E+02    0.526037119000638853E+01    0.627670432928644662E+00   -0.429199010961195540E+03   -0.146451535193769313E+02    1
    0.329063471474243983E+02    0.532936100931852952E+01    0.609213263958304108E+00   -0.428988017598260399E+03   -0.146551535193769329E+02    1
    0.332002182631812062E+02    0.509474771185950104E+01    0.699291247200275246E+00   -0.428967209627729176E+03   -0.146651535193769309E+02    1
    0.332747811999717413E+02    0.508072594026338109E+01    0.600646291842112823E+00   -0.428914700914521063E+03   -0.146751535193769307E+02    1
    0.329253555885029812E+02    0.529562201368521368E+01    0.616414404091181756E+00   -0.428908951394290000E+03   -0.146851535193769358E+02    1
    0.329953343353160378E+02    0.525293525019538965E+01    0.602258160287054034E+00   -0.428755468055365668E+03   -0.146951535193769338E+02    1
    0.329125637866634335E+02    0.535497949430343567E+01    0.562036047087881685E+00   -0.428578404543681984E+03   -0.147051535193769336E+02    1
    0.335775808441518819E+02    0.477080257456440204E+01    0.805571258149968550E+00   -0.428578362861879782E+03   -0.147151535193769334E+02    1
    0.336298572272433631E+02    0.477440040844244074E+01    0.745310635856307746E+00   -0.428575485930194304E+03   -0.147251535193769314E+02    1
    0.334062089904823623E+02    0.498795994142765942E+01    0.656595039211732012E+00   -0.428517938201696666E+03   -0.147351535193769294E+02    1
    0.333935067383949331E+02    0.500507895265870140E+01    0.625823793330259726E+00   -0.428435391320615395E+03   -0.147451535193769274E+02    1
    0.331637507000652718E+02    0.507952621999454212E+01    0.728637983384665677E+00   -0.428382283005462227E+03   -0.147551535193769272E+02    1
    0.334267747364005174E+02    0.495098701498244154E+01    0.647776474069147734E+00   -0.428291160904083142E+03   -0.147651535193769234E+02    1
    0.336221910625575902E+02    0.476624595740433676E+01    0.753021738071720348E+00   -0.428265478795882302E+03   -0.147751535193769286E+02    1
    0.329407948564852404E+02    0.528428978517321379E+01    0.627643323817950738E+00   -0.428177254712123442E+03   -0.147851535193769337E+02    1
    0.333456569855009164E+02    0.495677002526475441E+01    0.700936974331081819E+00   -0.428150402320512569E+03   -0.147951535193769281E+02    1
    0.329585858308606561E+02    0.527570156341306351E+01    0.635011561093900667E+00   -0.428124921312104448E+03   -0.148051535193769244E+02    1
    0.329501399563116877E+02    0.529713134550993114E+01    0.618166749033463470E+00   -0.428120239337855935E+03   -0.148151535193769277E+02    1
    0.329578207021910004E+02    0.532790534833802543E+01    0.561346041726587086E+00   -0.428114942561897522E+03   -0.148251535193769310E+02    1
    0.329660583194732340E+02    0.526967398813117160E+01    0.637859012504227163E+00   -0.428092757383096398E+03   -0.148351535193769291E+02    1
    0.332864784844586978E+02    0.498918649887288801E+01    0.712169559309357547E+00   -0.428052061816135165E+03   -0.148451535193769306E+02    1
    0.329071687963676069E+02    0.533641345634789577E+01    0.591378020904352875E+00   -0.428051250582336820E+03   -0.148551535193769304E+02    1
    0.329498121748419948E+02    0.528665185859360065E+01    0.605061380707105911E+00   -0.428048123325839526E+03   -0.148651535193769320E+02    1
    0.329519061917752012E+02    0.532377736345549746E+01    0.564310015774641016E+00   -0.428019691433912953E+03   -0.148751535193769318E+02    1
    0.335877070473708912E+02    0.477516664720676420E+01    0.790695254842234685E+00   -0.427967569746206095E+03   -0.148851535193769298E+02    1
    0.335120208688393291E+02    0.488025118164160787E+01    0.715452449773663512E+00   -0.427913428532767171E+03   -0.148951535193769313E+02    1
    0.332802086921704827E+02    0.504945544047062267E+01    0.691729904952425367E+00   -0.427833066268311029E+03   -0.149051535193769347E+02    1
    0.333117240740892271E+02    0.506161383872829251E+01    0.638238830832265069E+00   -0.427747873182950286E+03   -0.149151535193769238E+02    1
    0.331873888584235743E+02    0.515157422539123289E+01    0.585885587990672585E+00   -0.427732138003510954E+03   -0.149251535193769254E+02    1
    0.331944009250637535E+02    0.513180455534061863E+01    0.649901089876036564E+00   -0.427712791907581391E+03   -0.149351535193769216E+02    1
    0.334826094188717818E+02    0.491256664146608824E+01    0.693053069892598295E+00   -0.427668127795594728E+03   -0.149451535193769285E+02    1
    0.330118113996498082E+02    0.522343330225293467E+01    0.659461435040339827E+00   -0.427651281527390324E+03   -0.149551535193769300E+02    1
    0.330962871015977314E+02    0.516762072869028088E+01    0.677330691549638653E+00   -0.427646360187111441E+03   -0.149651535193769245E+02    1
    0.331038287672017617E+02    0.516923074402735772E+01    0.619681276174135820E+00   -0.427621314343583037E+03   -0.149751535193769278E+02    1
    0.331756284311005345E+02    0.517649373321359096E+01    0.589599247589265296E+00   -0.427573982919098000E+03   -0.149851535193769259E+02    1
    0.330918011388383349E+02    0.514385139673334191E+01    0.677264244362919543E+00   -0.427556998415178100E+03   -0.149951535193769221E+02    1
    0.335507227815353133E+02    0.485304096007971708E+01    0.701550657024579749E+00   -0.427421138503412863E+03   -0.150051535193769272E+02    1
    0.330219094084655396E+02    0.523206624327308578E+01    0.611014003069258016E+00   -0.427410605013788881E+03   -0.150151535193769305E+02    1
    0.333183267868830200E+02    0.504104054610245012E+01    0.665694179223524030E+00   -0.427405109314539800E+03   -0.150251535193769286E+02    1
    0.334639502062818295E+02    0.491009591519901889E+01    0.718971117291061779E+00   -0.427244022053894014E+03   -0.150351535193769301E+02    1
    0.333764127813278009E+02    0.494590430247343082E+01    0.691318764954242493E+00   -0.427211749068852100E+03   -0.150451535193769299E+02    1
    0.333593854550536832E+02    0.492475379713939088E+01    0.771800659713071990E+00   -0.427200591603788041E+03   -0.150551535193769279E+02    1
    0.334898436559581043E+02    0.484395898777074052E+01    0.747535438052380319E+00   -0.427173703540824249E+03   -0.150651535193769295E+02    1
    0.332144731419266748E+02    0.514395546666499914E+01    0.600380314194695397E+00   -0.427154806016516204E+03   -0.150751535193769275E+02    1
    0.334794727983346903E+02    0.484596586767889725E+01    0.787070832300845957E+00   -0.427115739383545588E+03   -0.150851535193769237E+02    1
    0.331214975723890745E+02    0.515554695211435021E+01    0.673638010550065447E+00   -0.427079607284270935E+03   -0.150951535193769217E+02    1
    0.333827129288702977E+02    0.491330739999490085E+01    0.775360694316979848E+00   -0.427077110819388395E+03   -0.151051535193769269E+02    1
    0.331419929199524574E+02    0.511405367347984896E+01    0.704293633135201103E+00   -0.427006117342959101E+03   -0.151151535193769284E+02    1
    0.332731416272472842E+02    0.500050996206448239E+01    0.748613280936928582E+00   -0.427001373740315501E+03   -0.151251535193769282E+02    1
    0.335229749305091858E+02    0.481279655273942897E+01    0.786717688314749308E+00   -0.426998096024325037E+03   -0.151351535193769298E+02    1
    0.331564873345504623E+02    0.508863900450745987E+01    0.702203601030508384E+00   -0.426996809640032779E+03   -0.151451535193769278E+02    1
    0.330123889564780484E+02    0.524122114934493588E+01    0.639724832198030557E+00   -0.426857450214413348E+03   -0.151551535193769258E+02    1
    0.334916944045772667E+02    0.489799864457933243E+01    0.703196697405816695E+00   -0.426830316051972318E+03   -0.151651535193769238E+02    1
    0.334435206476850482E+02    0.488281716285013356E+01    0.729340553695487559E+00   -0.426777968025003588E+03   -0.151751535193769271E+02    1
    0.329928828697718401E+02    0.525602370046507428E+01    0.611031977614634125E+00   -0.426749555671258861E+03   -0.151851535193769305E+02    1
    0.333910061278228056E+02    0.490256913172875919E+01    0.770010599128201578E+00   -0.426741642525402085E+03   -0.151951535193769249E+02    1
    0.334187821784928545E+02    0.488594330299934576E+01    0.777490003789844453E+00   -0.426668591563331915E+03   -0.152051535193769247E+02    1
    0.334375781701666881E+02    0.487051703461181607E+01    0.777665507204368112E+00   -0.426645156311964342E+03   -0.152151535193769263E+02    1
    0.331885041911956762E+02    0.506502215840007519E+01    0.704590733461954333E+00   -0.426626895990946423E+03   -0.152251535193769278E+02    1
    0.331272594019597335E+02    0.512828847428347778E+01    0.661719036239607705E+00   -0.426580765193755440E+03   -0.152351535193769276E+02    1
    0.331519589154312371E+02    0.513008182860406858E+01    0.633274664592375469E+00   -0.426577902762477947E+03   -0.152451535193769221E+02    1
    0.335231526870501000E+02    0.487230149864939222E+01    0.701915778539367707E+00   -0.426574704616476595E+03   -0.152551535193769201E+02    1
    0.333927684833556668E+02    0.496377985259875398E+01    0.706938821869910750E+00   -0.426549712611879272E+03   -0.152651535193769270E+02    1
    0.333026293563394518E+02    0.500177963425009686E+01    0.678647616276237930E+00   -0.426490716892262412E+03   -0.152751535193769303E+02    1
    0.331004196082001698E+02    0.516381129498944791E+01    0.634695820441088521E+00   -0.426482427089994474E+03   -0.152851535193769266E+02    1
    0.330358463226743737E+02    0.521044359981591043E+01    0.655683510569825212E+00   -0.426444191722595747E+03   -0.152951535193769264E+02    1
    0.332234579003238863E+02    0.508104497411749989E+01    0.638234974555580536E+00   -0.426412658640748475E+03   -0.153051535193769297E+02    1
    0.335525885215001267E+02    0.482149499909497870E+01    0.733237227631588939E+00   -0.426407163295208477E+03   -0.153151535193769313E+02    1
    0.334145708011889013E+02    0.491488274842566764E+01    0.706732847827303612E+00   -0.426388869524914753E+03   -0.153251535193769257E+02    1
    0.331633083270731674E+02    0.511144213345654830E+01    0.649889884432995224E+00   -0.426354721205575743E+03   -0.153351535193769255E+02    1
    0.332213008881721024E+02    0.511578611608408274E+01    0.604292986098435625E+00   -0.426342284227210541E+03   -0.153451535193769288E+02    1
    0.329937852634789976E+02    0.528269529648112801E+01    0.595932658237115276E+00   -0.426334639368175544E+03   -0.153551535193769304E+02    1
    0.332840917222944910E+02    0.507154106209249367E+01    0.613747582409847170E+00   -0.426328150670760920E+03   -0.153651535193769249E+02    1
    0.332753048928069006E+02    0.499557141194354504E+01    0.743819418760294448E+00   -0.426327436274482125E+03   -0.153751535193769246E+02    1
    0.333152567586524384E+02    0.502373264719711266E+01    0.691658265340243994E+00   -0.426323842903913828E+03   -0.153851535193769244E+02    1
    0.334028926786179881E+02    0.494850617022584771E+01    0.718856167536566559E+00   -0.426308043724161848E+03   -0.153951535193769207E+02    1
    0.335428360941730759E+02    0.481121363052218420E+01    0.762304281465050915E+00   -0.426281601633678747E+03   -0.154051535193769258E+02    1
    0.331617096734229904E+02    0.515779254189153580E+01    0.597623219557725127E+00   -0.426266128365657323E+03   -0.154151535193769273E+02    1
    0.332904968134407113E+02    0.503462686856987318E+01    0.645604992082368878E+00   -0.426224076957114733E+03   -0.154251535193769236E+02    1
    0.330891744849480389E+02    0.516457119210993731E+01    0.647833570497618361E+00   -0.426170970947246246E+03   -0.154351535193769198E+02    1
    0.335121520298442022E+02    0.483929592997323255E+01    0.739179308778131761E+00   -0.426162271462138733E+03   -0.154451535193769267E+02    1
    0.334070530403883339E+02    0.491651555089556780E+01    0.756331149176674766E+00   -0.426160983472792907E+03   -0.154551535193769283E+02    1
    0.332565341041095834E+02    0.501326559539928329E+01    0.716635287248031161E+00   -0.426132636211055342E+03   -0.154651535193769263E+02    1
    0.334290235666189517E+02    0.488183544588976837E+01    0.772248717581859090E+00   -0.426125590874236082E+03   -0.154751535193769261E+02    1
    0.334888628713802845E+02    0.484090750781709644E+01    0.769988288801003007E+00   -0.426094922429161443E+03   -0.154851535193769205E+02    1
    0.331061109615291329E+02    0.517959007161166962E+01    0.650860885266659750E+00   -0.426073556107995614E+03   -0.154951535193769203E+02    1
    0.331909546035053253E+02    0.510205903682364870E+01    0.639088043891377744E+00   -0.426009671505765823E+03   -0.155051535193769237E+02    1
    0.334422372392970431E+02    0.493739463085086783E+01    0.664788331355841366E+00   -0.425947226288348702E+03   -0.155151535193769234E+02    1
    0.333063919285721681E+02    0.499612163061126680E+01    0.685982905726216230E+00   -0.425938152119633457E+03   -0.155251535193769197E+02    1
    0.334621771813335158E+02    0.491152202990089837E+01    0.711473785202992426E+00   -0.425886407006657294E+03   -0.155351535193769248E+02    1
    0.335192648169888372E+02    0.482942844442737407E+01    0.754918922096079026E+00   -0.425848020646700547E+03   -0.155451535193769281E+02    1
    0.332467053487467226E+02    0.510914004139873068E+01    0.606568521646794645E+00   -0.425840580355785335E+03   -0.155551535193769244E+02    1
    0.332295195267166363E+02    0.511323466825564665E+01    0.635590792125323212E+00   -0.425830383940143520E+03   -0.155651535193769259E+02    1
    0.335250974227358185E+02    0.484005690748636219E+01    0.729995009798782069E+00   -0.425830257642687059E+03   -0.155751535193769239E+02    1
    0.335426769178376034E+02    0.482071270633249505E+01    0.754133823606603970E+00   -0.425821243278885049E+03   -0.155851535193769202E+02    1
    0.331068768109717269E+02    0.520282868622259365E+01    0.590205796115119474E+00   -0.425790238611632731E+03   -0.155951535193769217E+02    1
    0.332900923980007590E+02    0.498682628570186814E+01    0.741739482157800500E+00   -0.425788890972959734E+03   -0.156051535193769233E+02    1
    0.331777309067049657E+02    0.507902492539848716E+01    0.707714498326225239E+00   -0.425787677907500552E+03   -0.156151535193769195E+02    1
    0.333498893494244300E+02    0.496665637851592034E+01    0.736662403585068626E+00   -0.425786161213306514E+03   -0.156251535193769264E+02    1
    0.333271520527113267E+02    0.503113297300487439E+01    0.631079618288883260E+00   -0.425740576482202187E+03   -0.156351535193769333E+02    1
    0.333888959604072681E+02    0.496645635213474002E+01    0.661516483613614037E+00   -0.425711498116347229E+03   -0.156451535193769296E+02    1
    0.330720050125408633E+02    0.523423121487387633E+01    0.586809463800577635E+00   -0.425687359740965917E+03   -0.156551535193769293E+02    1
    0.334196482759831213E+02    0.495630436452923018E+01    0.658503183196888386E+00   -0.425685062257475693E+03   -0.156651535193769256E+02    1
    0.330751094238755030E+02    0.522116306919708784E+01    0.592333698824788035E+00   -0.425625384681737955E+03   -0.156751535193769271E+02    1
    0.332863057615307909E+02    0.507284717567996335E+01    0.617123188039306103E+00   -0.425616214187427659E+03   -0.156851535193769340E+02    1
    0.332853530819345025E+02    0.503453362597064924E+01    0.651799612076096935E+00   -0.425581513922982595E+03   -0.156951535193769303E+02    1
    0.330506573289528163E+02    0.523991856635002939E+01    0.591544465250419149E+00   -0.425540300390239281E+03   -0.157051535193769265E+02    1
    0.334435869746426846E+02    0.493881509277152109E+01    0.681133336800131439E+00   -0.425527314664706978E+03   -0.157151535193769245E+02    1
    0.330348258925842728E+02    0.521709184195100573E+01    0.640483819560152101E+00   -0.425523768941982667E+03   -0.157251535193769243E+02    1
    0.333925102136471921E+02    0.497307201710670554E+01    0.687151426427853096E+00   -0.425518274381826586E+03   -0.157351535193769205E+02    1
    0.334505778326243330E+02    0.487087780314319563E+01    0.763518204709020321E+00   -0.425505078262724396E+03   -0.157451535193769239E+02    1
    0.330807100058046473E+02    0.520108399415222777E+01    0.608613069535275830E+00   -0.425500304273200186E+03   -0.157551535193769254E+02    1
    0.334417003743542836E+02    0.487887160608705717E+01    0.750035877276032270E+00   -0.425499209658730308E+03   -0.157651535193769252E+02    1
    0.331339474356110202E+02    0.512048662424701284E+01    0.688853920313111434E+00   -0.425498913214323807E+03   -0.157751535193769250E+02    1
    0.332022896860155470E+02    0.506522000180062548E+01    0.713047997025253233E+00   -0.425458470532377305E+03   -0.157851535193769212E+02    1
    0.333803934780410714E+02    0.492803673660363017E+01    0.726482803877035566E+00   -0.425413113531146564E+03   -0.157951535193769192E+02    1
    0.331585225546470355E+02    0.514329058931281136E+01    0.655676660683117363E+00   -0.425399829550995662E+03   -0.158051535193769226E+02    1
    0.331196855946986091E+02    0.516063021426131918E+01    0.661425691853041897E+00   -0.425398236368416178E+03   -0.158151535193769295E+02    1
    0.334114205100338921E+02    0.495372027568792106E+01    0.697136643986741911E+00   -0.425382349224440645E+03   -0.158251535193769204E+02    1
    0.334386806958828515E+02    0.488096283712783219E+01    0.762123248368321127E+00   -0.425350955566589391E+03   -0.158351535193769237E+02    1
    0.334139897598670501E+02    0.494460335188522127E+01    0.708939275026281290E+00   -0.425345469515624814E+03   -0.158451535193769235E+02    1
    0.333406368976956102E+02    0.499397630039952389E+01    0.662309174513431964E+00   -0.425342673663638095E+03   -0.158551535193769215E+02    1
    0.332555984778774345E+02    0.504482047683906121E+01    0.663801607327145105E+00   -0.425313655191419798E+03   -0.158651535193769213E+02    1
    0.334897300264525342E+02    0.487787750907400053E+01    0.706627501308366490E+00   -0.425280765958606082E+03   -0.158751535193769211E+02    1
    0.332378398170601912E+02    0.503325456552534156E+01    0.722195024412296216E+00   -0.425275336174148208E+03   -0.158851535193769209E+02    1
    0.334685492744970148E+02    0.490733727363878725E+01    0.705785812758046860E+00   -0.425272754781500680E+03   -0.158951535193769207E+02    1
    0.332590482610618707E+02    0.501530431451258529E+01    0.727664064062973126E+00   -0.425265787680278834E+03   -0.159051535193769240E+02    1
    0.330298627225833599E+02    0.524868522753847078E+01    0.606458169666606706E+00   -0.425245429742938541E+03   -0.159151535193769220E+02    1
    0.332828850257487190E+02    0.501777234743653899E+01    0.678598863348741643E+00   -0.425244192427830171E+03   -0.159251535193769236E+02    1
    0.334507062823926162E+02    0.492807495414389063E+01    0.675940831398045727E+00   -0.425227931119913592E+03   -0.159351535193769287E+02    1
    0.333092758940134033E+02    0.504392470734399634E+01    0.660750969037970037E+00   -0.425218068051217301E+03   -0.159451535193769232E+02    1
    0.333742244768074698E+02    0.492590183416805250E+01    0.747927063026488370E+00   -0.425217578902981529E+03   -0.159551535193769194E+02    1
    0.334997763513944449E+02    0.485161505228805545E+01    0.738760388427791570E+00   -0.425209726002160323E+03   -0.159651535193769210E+02    1
    0.334924919914252399E+02    0.488626278797621527E+01    0.708500627159142971E+00   -0.425183064810728524E+03   -0.159751535193769225E+02    1
    0.332760523767443459E+02    0.507533648891231870E+01    0.643940001450210131E+00   -0.425172479981539709E+03   -0.159851535193769188E+02    1
    0.330519890301268120E+02    0.523433849669204143E+01    0.611229791377096543E+00   -0.425141443867155886E+03   -0.159951535193769203E+02    1
    0.331162221377320023E+02    0.518807582376528487E+01    0.626003106210198945E+00   -0.425103019496590719E+03   -0.160051535193769219E+02    1
    0.334641053743338404E+02    0.488545846927299454E+01    0.743402625374314896E+00   -0.425102602088001959E+03   -0.160151535193769199E+02    1
    0.330994609911021485E+02    0.520919505110774139E+01    0.595754794830585688E+00   -0.425056076126471453E+03   -0.160251535193769179E+02    1
    0.334432815300421566E+02    0.492189206345595576E+01    0.683239159410058861E+00   -0.425055289459688538E+03   -0.160351535193769230E+02    1
    0.332106435857374791E+02    0.510436603768198527E+01    0.625702688864425705E+00   -0.425045420100218394E+03   -0.160451535193769246E+02    1
    0.334872716678017994E+02    0.488785000279284887E+01    0.711748170535378644E+00   -0.424999242514145010E+03   -0.160551535193769190E+02    1
    0.333863789050411128E+02    0.498613637530769793E+01    0.665334731852426975E+00   -0.424997017901579397E+03   -0.160651535193769135E+02    1
    0.334296092424346725E+02    0.489208758843470992E+01    0.756146995800559107E+00   -0.424969191828379394E+03   -0.160751535193769257E+02    1
    0.334992538563256090E+02    0.486355067043670797E+01    0.736599480780666838E+00   -0.424963653349875415E+03   -0.160851535193769237E+02    1
    0.332852356711128579E+02    0.500851072655773955E+01    0.726459946126569611E+00   -0.424963379088233296E+03   -0.160951535193769217E+02    1
    0.332952185892178250E+02    0.499067367740997625E+01    0.717081872353749539E+00   -0.424946240290577293E+03   -0.161051535193769162E+02    1
    0.333197814793888654E+02    0.497283705588393765E+01    0.719585988699639967E+00   -0.424941845982651898E+03   -0.161151535193769178E+02    1
    0.331287942024788293E+02    0.513118646654983124E+01    0.667445240344939794E+00   -0.424941332633422462E+03   -0.161251535193769229E+02    1
    0.334797290434391783E+02    0.486962548815746921E+01    0.747487920341090240E+00   -0.424938561191934355E+03   -0.161351535193769244E+02    1
    0.333814579991067717E+02    0.494174311463726212E+01    0.738841017544799250E+00   -0.424932568722039491E+03   -0.161451535193769189E+02    1
    0.333202421346890816E+02    0.497088210722540147E+01    0.739698499118480735E+00   -0.424930684036989192E+03   -0.161551535193769169E+02    1
    0.333364439089746014E+02    0.503090594285366066E+01    0.640833923111908788E+00   -0.424925977112638407E+03   -0.161651535193769220E+02    1
    0.331282729492226835E+02    0.518836883298608065E+01    0.610478216449246380E+00   -0.424917175399842677E+03   -0.161751535193769271E+02    1
    0.331107046187910612E+02    0.517999828531450390E+01    0.640898349638836962E+00   -0.424910122030279467E+03   -0.161851535193769251E+02    1
    0.334810455833135592E+02    0.489551854047820534E+01    0.702855133684847866E+00   -0.424907054976582003E+03   -0.161951535193769232E+02    1
    0.330845066410088151E+02    0.518442394680298690E+01    0.651092733412252045E+00   -0.424898337398974661E+03   -0.162051535193769212E+02    1
    0.331023705717427035E+02    0.517412286793552489E+01    0.627023339718072781E+00   -0.424879772839260170E+03   -0.162151535193769227E+02    1
    0.332823865874367399E+02    0.501603814984806018E+01    0.720296232578535811E+00   -0.424865274700638452E+03   -0.162251535193769172E+02    1
    0.331230199259887357E+02    0.517883452731060157E+01    0.606827482686565833E+00   -0.424845490397373169E+03   -0.162351535193769152E+02    1
    0.330607934561265040E+02    0.521130525040311543E+01    0.618675264942193270E+00   -0.424807514531593256E+03   -0.162451535193769203E+02    1
    0.334763617558827491E+02    0.486460433932600900E+01    0.748914733815417843E+00   -0.424796989593843364E+03   -0.162551535193769219E+02    1
    0.334028045848099708E+02    0.496628435197221130E+01    0.680712056100247986E+00   -0.424787029189801444E+03   -0.162651535193769270E+02    1
    0.330469225181567055E+02    0.522463298093778583E+01    0.617617421468530714E+00   -0.424786319915625029E+03   -0.162751535193769286E+02    1
    0.330481043919822639E+02    0.522029781078595612E+01    0.623689255254514130E+00   -0.424763141825135676E+03   -0.162851535193769230E+02    1
    0.334936187827274523E+02    0.487577899411803362E+01    0.715692903910886913E+00   -0.424758519760383138E+03   -0.162951535193769281E+02    1
    0.331692319751158209E+02    0.510690207349307279E+01    0.687300889630901524E+00   -0.424744665007281242E+03   -0.163051535193769261E+02    1
    0.330507442653294135E+02    0.522624660369231187E+01    0.613559310608674746E+00   -0.424723747574655363E+03   -0.163151535193769242E+02    1
    0.333136669345347585E+02    0.503766082752468414E+01    0.636653322541209765E+00   -0.424693184464757110E+03   -0.163251535193769186E+02    1
    0.333106765824114035E+02    0.497860728727260415E+01    0.733034622214039810E+00   -0.424682290237383882E+03   -0.163351535193769166E+02    1
    0.330810007263513270E+02    0.520314958953685291E+01    0.629766431512558844E+00   -0.424678233275040213E+03   -0.163451535193769217E+02    1
    0.332809663050718001E+02    0.500497923889776786E+01    0.708939051396220821E+00   -0.424658070286791713E+03   -0.163551535193769233E+02    1
    0.334227886480471170E+02    0.494682988651984523E+01    0.672498190266409668E+00   -0.424654835044771687E+03   -0.163651535193769284E+02    1
    0.331025250704028906E+02    0.520328387551834481E+01    0.603362019342385647E+00   -0.424630363730032229E+03   -0.163751535193769264E+02    1
    0.332264638012759406E+02    0.508670386587244927E+01    0.673554382170587163E+00   -0.424624787963751487E+03   -0.163851535193769244E+02    1
    0.330725974479219218E+02    0.520888513649462048E+01    0.613141401810458064E+00   -0.424616645569171851E+03   -0.163951535193769224E+02    1
    0.334571004525378370E+02    0.487779807177826630E+01    0.747483896581769391E+00   -0.424607179711543722E+03   -0.164051535193769205E+02    1
    0.332106472944534801E+02    0.512676476024662797E+01    0.622981836897162022E+00   -0.424552500064664628E+03   -0.164151535193769185E+02    1
    0.334124785234424451E+02    0.494192676945221265E+01    0.709757178840780600E+00   -0.424546832074709982E+03   -0.164251535193769200E+02    1
    0.330726192856189911E+02    0.521192134142933394E+01    0.621739508919346262E+00   -0.424546188478437784E+03   -0.164351535193769216E+02    1
    0.332139705083370984E+02    0.505784682112814288E+01    0.699941904739493026E+00   -0.424530463307667560E+03   -0.164451535193769196E+02    1
    0.332186734451131827E+02    0.507913529173820244E+01    0.652511913868626170E+00   -0.424521953726482025E+03   -0.164551535193769212E+02    1
    0.332896334683688124E+02    0.503372719470510610E+01    0.692417698491703870E+00   -0.424514101266814009E+03   -0.164651535193769156E+02    1
    0.331145724306272200E+02    0.519223106450437299E+01    0.604690028531532864E+00   -0.424508488679811990E+03   -0.164751535193769136E+02    1
    0.333407445469869756E+02    0.499761346900957015E+01    0.697627946063318238E+00   -0.424503557253324061E+03   -0.164851535193769188E+02    1
    0.332106532345121508E+02    0.512690029280365867E+01    0.621295966540976519E+00   -0.424489771500128938E+03   -0.164951535193769239E+02    1
    0.332873842148119792E+02    0.499907089749326072E+01    0.716026999934938235E+00   -0.424467237647158868E+03   -0.165051535193769183E+02    1
    0.331721349742079781E+02    0.515442894403634799E+01    0.616865692927927922E+00   -0.424456458323240327E+03   -0.165151535193769163E+02    1
    0.334682063380312584E+02    0.489720005857781615E+01    0.714864032160444030E+00   -0.424437880272484847E+03   -0.165251535193769215E+02    1
    0.334416009127625031E+02    0.489119935177803722E+01    0.734542618874910791E+00   -0.424433918907749614E+03   -0.165351535193769195E+02    1
    0.331849806079834053E+02    0.509239697008082004E+01    0.691192755404918313E+00   -0.424413640030892225E+03   -0.165451535193769175E+02    1
    0.334176080936077824E+02    0.490459258958277822E+01    0.744483119855993580E+00   -0.424392755771057523E+03   -0.165551535193769155E+02    1
    0.331569283683544000E+02    0.516521844666747221E+01    0.611367112006003355E+00   -0.424383444343727774E+03   -0.165651535193769170E+02    1
    0.331379159801204253E+02    0.517410213644759498E+01    0.620804380395356459E+00   -0.424357403234291269E+03   -0.165751535193769222E+02    1
    0.331730181406607372E+02    0.515212889281816544E+01    0.610404265229390397E+00   -0.424356405465041917E+03   -0.165851535193769202E+02    1
    0.334258175414113481E+02    0.490155203336098211E+01    0.733717246747126017E+00   -0.424343564439977854E+03   -0.165951535193769182E+02    1
    0.332831659344281832E+02    0.500897034778244254E+01    0.699536641753414346E+00   -0.424337494613659828E+03   -0.166051535193769197E+02    1
    0.331120174283220337E+02    0.515652619361015674E+01    0.660017755333224265E+00   -0.424319390915000668E+03   -0.166151535193769178E+02    1
    0.332852036737616714E+02    0.506011143141046738E+01    0.632542460515996385E+00   -0.424313059674272381E+03   -0.166251535193769122E+02    1
    0.331131830410091581E+02    0.518632956442666426E+01    0.624797905017718147E+00   -0.424307656013726159E+03   -0.166351535193769173E+02    1
    0.334384739716793362E+02    0.492769763082489298E+01    0.686992567077921334E+00   -0.424307204162806897E+03   -0.166451535193769224E+02    1
    0.333818940346631194E+02    0.492962305265623080E+01    0.739907681787429050E+00   -0.424295710016073599E+03   -0.166551535193769169E+02    1
    0.333919771646696475E+02    0.493703777056949011E+01    0.704886993169072773E+00   -0.424271308200806402E+03   -0.166651535193769149E+02    1
    0.331730265936391717E+02    0.513775349463714193E+01    0.619860202115098402E+00   -0.424201354872164984E+03   -0.166751535193769200E+02    1
    0.332921924520216237E+02    0.506097589296297468E+01    0.637214742640930032E+00   -0.424199810676586253E+03   -0.166851535193769180E+02    1
    0.332615011764804365E+02    0.508231018828363101E+01    0.641415695284723419E+00   -0.424199194082851591E+03   -0.166951535193769196E+02    1
    0.330929142611646938E+02    0.518811859530545760E+01    0.624098363299962489E+00   -0.424197196716137114E+03   -0.167051535193769176E+02    1
    0.333819261259113205E+02    0.498261573380573441E+01    0.669595799708922912E+00   -0.424128588833425397E+03   -0.167151535193769192E+02    1
    0.331835028892078725E+02    0.508855214650567511E+01    0.685812920555014860E+00   -0.424118223942380041E+03   -0.167251535193769207E+02    1
    0.334258194776046054E+02    0.490374245832962963E+01    0.737157733237274182E+00   -0.424084421467936295E+03   -0.167351535193769152E+02    1
    0.333948084840307047E+02    0.497046995517860957E+01    0.671599008520037510E+00   -0.424069498908280480E+03   -0.167451535193769203E+02    1
    0.332472054464218658E+02    0.508530259697327125E+01    0.652820807462962116E+00   -0.424060379862992534E+03   -0.167551535193769219E+02    1
    0.334228641416371204E+02    0.493086743591951926E+01    0.711505510565175192E+00   -0.424056550737899670E+03   -0.167651535193769163E+02    1
    0.331792586603143960E+02    0.513167309484824230E+01    0.646936260262109486E+00   -0.424055653885024640E+03   -0.167751535193769143E+02    1
    0.333332541040866204E+02    0.497074884014164731E+01    0.712865287536565195E+00   -0.424055228115310911E+03   -0.167851535193769195E+02    1
    0.333200772535073426E+02    0.499551900197914911E+01    0.683229493165934065E+00   -0.424054128739997338E+03   -0.167951535193769175E+02    1
    0.331289068807815710E+02    0.514778903666838428E+01    0.660301953391857377E+00   -0.424051977215449995E+03   -0.168051535193769190E+02    1
    0.332841399003927307E+02    0.501707858755509406E+01    0.713043902958522491E+00   -0.424049759891364943E+03   -0.168151535193769170E+02    1
    0.333700439298239857E+02    0.494396646990860233E+01    0.735077956409666888E+00   -0.424047559338985479E+03   -0.168251535193769186E+02    1
    0.333556318222605270E+02    0.495540103625839201E+01    0.714629869880930246E+00   -0.424042982609865930E+03   -0.168351535193769166E+02    1
    0.332408836962757519E+02    0.508913197043900833E+01    0.653108381579066144E+00   -0.424037939578285091E+03   -0.168451535193769146E+02    1
    0.334551815853994867E+02    0.490210011269926937E+01    0.710620977247799712E+00   -0.424031724615156577E+03   -0.168551535193769197E+02    1
    0.334286516732835253E+02    0.493634681970456501E+01    0.689031976100903165E+00   -0.424019106219924822E+03   -0.168651535193769213E+02    1
    0.334304003943483252E+02    0.490313889182386564E+01    0.730084661735787566E+00   -0.424012959585499289E+03   -0.168751535193769229E+02    1
    0.333237554282399842E+02    0.502515809150250803E+01    0.647355921592365768E+00   -0.424008494084535926E+03   -0.168851535193769244E+02    1
    0.332073072897866552E+02    0.506901366547127363E+01    0.692707236217708688E+00   -0.424000489695053943E+03   -0.168951535193769224E+02    1
    0.331679700722459430E+02    0.514075475029109441E+01    0.621460033770336762E+00   -0.423998282165722003E+03   -0.169051535193769205E+02    1
    0.331848582768790479E+02    0.509541446001702791E+01    0.666494364013376472E+00   -0.423963915825899335E+03   -0.169151535193769149E+02    1
    0.332977839419980342E+02    0.505356687251164249E+01    0.644312070891911670E+00   -0.423957328391417150E+03   -0.169251535193769129E+02    1
    0.333601351166735043E+02    0.497763243332315497E+01    0.704755556700568886E+00   -0.423950989843334582E+03   -0.169351535193769109E+02    1
    0.331081293029479440E+02    0.518638191273330307E+01    0.619459295661169529E+00   -0.423942384209312308E+03   -0.169451535193769161E+02    1
    0.331404048024210454E+02    0.514838409083779869E+01    0.633253401248070169E+00   -0.423936092421697253E+03   -0.169551535193769176E+02    1
    0.333595019792132774E+02    0.499560210125698223E+01    0.659103854711341031E+00   -0.423932950586738798E+03   -0.169651535193769156E+02    1
    0.331880262731235334E+02    0.510711364683685254E+01    0.671893044090175029E+00   -0.423930392797368768E+03   -0.169751535193769172E+02    1
    0.334107398135985534E+02    0.492714883335386045E+01    0.726699972967807306E+00   -0.423927858819705875E+03   -0.169851535193769223E+02    1
    0.333255914205468144E+02    0.497988975045403937E+01    0.705471032431935541E+00   -0.423910794330551539E+03   -0.169951535193769274E+02    1
    0.332023603086946508E+02    0.512391082946172638E+01    0.620688902421871802E+00   -0.423908753241425870E+03   -0.170051535193769219E+02    1
    0.332524565181713427E+02    0.508332125311504690E+01    0.630334753346031396E+00   -0.423899824716803948E+03   -0.170151535193769128E+02    1
    0.331534865420762586E+02    0.512948973527597651E+01    0.647144017695017615E+00   -0.423894881945095221E+03   -0.170251535193769072E+02    1
    0.334046777993799537E+02    0.495290612604660474E+01    0.694428901595647741E+00   -0.423870945904312748E+03   -0.170351535193769124E+02    1
    0.331332020328832186E+02    0.515744812998623914E+01    0.645965756469402241E+00   -0.423860484149334184E+03   -0.170451535193769175E+02    1
    0.334315365912802918E+02    0.490633287774478699E+01    0.725681136763780987E+00   -0.423833973793586665E+03   -0.170551535193769226E+02    1
    0.332107144069245663E+02    0.508825647248925961E+01    0.678545645841289069E+00   -0.423822321326637734E+03   -0.170651535193769242E+02    1
    0.332054769729143686E+02    0.512040694442396660E+01    0.635856035791553031E+00   -0.423813156789193840E+03   -0.170751535193769186E+02    1
    0.332729890757454001E+02    0.505577423844816209E+01    0.671710751695638209E+00   -0.423799518496977782E+03   -0.170851535193769131E+02    1
    0.333600310104760069E+02    0.496852643192449861E+01    0.689137765029801397E+00   -0.423797217726046313E+03   -0.170951535193769111E+02    1
    0.334186186192454784E+02    0.493654128145358317E+01    0.690853263299217146E+00   -0.423792085094328513E+03   -0.171051535193769126E+02    1
    0.332569192170828671E+02    0.503423484816406130E+01    0.689707893711495768E+00   -0.423783331265752565E+03   -0.171151535193769142E+02    1
    0.332914114888947381E+02    0.504358955845574641E+01    0.672003094325324013E+00   -0.423776968267332109E+03   -0.171251535193769122E+02    1
    0.331671281414742225E+02    0.512467304020690939E+01    0.641585187228637555E+00   -0.423772964762935771E+03   -0.171351535193769102E+02    1
    0.331322636473163286E+02    0.517052396331493291E+01    0.624534961360713958E+00   -0.423766479311624721E+03   -0.171451535193769118E+02    1
    0.332822771313506962E+02    0.501207291704179525E+01    0.700902004339931217E+00   -0.423741631056083975E+03   -0.171551535193769134E+02    1
    0.331397619332761124E+02    0.514100154235036655E+01    0.658910267007479789E+00   -0.423740487838197851E+03   -0.171651535193769149E+02    1
    0.333363573913109548E+02    0.497471055055693867E+01    0.703652028896335158E+00   -0.423738970099024527E+03   -0.171751535193769200E+02    1
    0.332077938414322062E+02    0.507914885428720186E+01    0.668980354952927847E+00   -0.423738020276271868E+03   -0.171851535193769180E+02    1
    0.331560713511559726E+02    0.514565941720880815E+01    0.626420635135951698E+00   -0.423719574837307846E+03   -0.171951535193769125E+02    1
    0.332859271818208953E+02    0.505977473540308686E+01    0.647134255138973269E+00   -0.423714826477740303E+03   -0.172051535193769141E+02    1
    0.332433554977358199E+02    0.506967826445304137E+01    0.649359638914342563E+00   -0.423687550752644142E+03   -0.172151535193769156E+02    1
    0.334188223892754266E+02    0.493926960008104565E+01    0.691863516735297113E+00   -0.423686382288156551E+03   -0.172251535193769101E+02    1
    0.331850727425013474E+02    0.511444719305893614E+01    0.663182741584225854E+00   -0.423684673977698708E+03   -0.172351535193769116E+02    1
    0.333314116826309217E+02    0.500380432230159489E+01    0.665894982515568001E+00   -0.423667757091972135E+03   -0.172451535193769168E+02    1
    0.333626749433122143E+02    0.499348489461691614E+01    0.671138837165400126E+00   -0.423654701727182214E+03   -0.172551535193769148E+02    1
    0.332746191393161084E+02    0.506641395703269470E+01    0.637816784606185072E+00   -0.423645331117344369E+03   -0.172651535193769128E+02    1
    0.331382446673300137E+02    0.516385290590679880E+01    0.623741643730989392E+00   -0.423637168495578862E+03   -0.172751535193769143E+02    1
    0.333807403498004192E+02    0.496198192444259867E+01    0.704925478986307974E+00   -0.423634286272863164E+03   -0.172851535193769195E+02    1
    0.331847968625858982E+02    0.512551207985808244E+01    0.628847054851599863E+00   -0.423631148267249273E+03   -0.172951535193769210E+02    1
    0.333117545905586780E+02    0.499065205249226729E+01    0.717722497842042229E+00   -0.423598608719192441E+03   -0.173051535193769155E+02    1
    0.331607163699503360E+02    0.514510334548196280E+01    0.638856221542519975E+00   -0.423594915242824129E+03   -0.173151535193769135E+02    1
    0.332185052074895069E+02    0.511131824664430656E+01    0.631375870808019601E+00   -0.423587693367287443E+03   -0.173251535193769151E+02    1
    0.333873292335072875E+02    0.496086302375958521E+01    0.682000562771129859E+00   -0.423581046423162888E+03   -0.173351535193769202E+02    1
    0.333074023518231996E+02    0.503798683895641197E+01    0.647625677161417945E+00   -0.423574287191803705E+03   -0.173451535193769217E+02    1
    0.334088349882102378E+02    0.494531423517467772E+01    0.697144655342568864E+00   -0.423543800001901161E+03   -0.173551535193769162E+02    1
    0.333906386836829938E+02    0.494142394747190838E+01    0.721355818118919467E+00   -0.423542297058061422E+03   -0.173651535193769142E+02    1
    0.333904422393173945E+02    0.495975678883369042E+01    0.682341801721188301E+00   -0.423540515045678319E+03   -0.173751535193769122E+02    1
    0.331402361823712610E+02    0.514690888383361855E+01    0.640284245652839257E+00   -0.423527083259269546E+03   -0.173851535193769102E+02    1
    0.333511385977572132E+02    0.498755538315507874E+01    0.695669480212243840E+00   -0.423520513840469107E+03   -0.173951535193769118E+02    1
    0.331849823633920664E+02    0.511482375015889534E+01    0.641047463853826494E+00   -0.423517325783412275E+03   -0.174051535193769098E+02    1
    0.332235405641081201E+02    0.508917339734310215E+01    0.642222385130964635E+00   -0.423515849738947736E+03   -0.174151535193769078E+02    1
    0.332258808071583331E+02    0.506234417925479541E+01    0.692610189374548213E+00   -0.423512658156360885E+03   -0.174251535193769094E+02    1
    0.333980248982589529E+02    0.493176337587978963E+01    0.717449287327887930E+00   -0.423512006393545448E+03   -0.174351535193769074E+02    1
    0.331847507046287191E+02    0.513054072990257914E+01    0.626577338321658184E+00   -0.423510393209457391E+03   -0.174451535193769089E+02    1
    0.333427006450582653E+02    0.496849694320423563E+01    0.711640373161049000E+00   -0.423510237651616308E+03   -0.174551535193769141E+02    1
    0.334179338533905508E+02    0.493175082357257288E+01    0.707423281358851574E+00   -0.423507879173252377E+03   -0.174651535193769156E+02    1
    0.331993350766332469E+02    0.508329665505947492E+01    0.677518658937640073E+00   -0.423492851445986275E+03   -0.174751535193769136E+02    1
    0.331463623166555266E+02    0.513486371575800504E+01    0.655686099824838386E+00   -0.423490273712698809E+03   -0.174851535193769152E+02    1
    0.331311709708901816E+02    0.515705438838611396E+01    0.639415698560632295E+00   -0.423483177296434803E+03   -0.174951535193769168E+02    1
    0.332206825514156989E+02    0.507897796393726875E+01    0.657580509715225414E+00   -0.423482395257900578E+03   -0.175051535193769148E+02    1
    0.333985114909811287E+02    0.495635674937225712E+01    0.686243448569657355E+00   -0.423477376742792842E+03   -0.175151535193769092E+02    1
    0.333669111172904067E+02    0.497073174058725353E+01    0.683585475434807410E+00   -0.423468642434636422E+03   -0.175251535193769072E+02    1
    0.333374415490056393E+02    0.499902489615647561E+01    0.691666189799997944E+00   -0.423464659912670072E+03   -0.175351535193769053E+02    1
    0.334146395045603342E+02    0.492898192857556339E+01    0.707385967268181259E+00   -0.423463691767802402E+03   -0.175451535193769104E+02    1
    0.332709658964800923E+02    0.506313948530708657E+01    0.658971181359077729E+00   -0.423460186103917010E+03   -0.175551535193769119E+02    1
    0.333469864755192518E+02    0.496810392307149584E+01    0.719931027865254425E+00   -0.423446391266794649E+03   -0.175651535193769064E+02    1
    0.332202445931684593E+02    0.510344065513616663E+01    0.632032433805850613E+00   -0.423442858591084018E+03   -0.175751535193769115E+02    1
    0.333683368742878486E+02    0.495070554841426702E+01    0.721853319339329724E+00   -0.423442813474576838E+03   -0.175851535193769202E+02    1
    0.333043325915576247E+02    0.500969755009351658E+01    0.681015527929049957E+00   -0.423440638858776765E+03   -0.175951535193769182E+02    1
    0.331795891575350126E+02    0.511750834181827940E+01    0.660862892610379782E+00   -0.423438195456856931E+03   -0.176051535193769126E+02    1
    0.332371986430556845E+02    0.505490035800330251E+01    0.694148796068198015E+00   -0.423429587174994765E+03   -0.176151535193769107E+02    1
    0.333247922498200211E+02    0.502244344733823667E+01    0.665354632734030060E+00   -0.423428176797671313E+03   -0.176251535193769087E+02    1
    0.331640534109802871E+02    0.513862137789724471E+01    0.643754922126115181E+00   -0.423422965468960228E+03   -0.176351535193769138E+02    1
    0.333265643611724585E+02    0.502279568150069977E+01    0.657478468312857944E+00   -0.423418941043151335E+03   -0.176451535193769189E+02    1
    0.332447051943732532E+02    0.507498606909277683E+01    0.666638795822192209E+00   -0.423407079579092795E+03   -0.176551535193769205E+02    1
    0.331736030851827195E+02    0.511867052240155296E+01    0.647301483254756116E+00   -0.423404559058110749E+03   -0.176651535193769149E+02    1
    0.331632367964063661E+02    0.512208411954794940E+01    0.654086554448719437E+00   -0.423400653081720520E+03   -0.176751535193769129E+02    1
    0.332814357890262116E+02    0.502106900063704931E+01    0.704842079050555181E+00   -0.423398202702022502E+03   -0.176851535193769145E+02    1
    0.333686902863057000E+02    0.495736604142450599E+01    0.702563377663177890E+00   -0.423393306651313310E+03   -0.176951535193769089E+02    1
    0.333250339990922839E+02    0.502283864691573267E+01    0.662997486323444574E+00   -0.423390155387306436E+03   -0.177051535193769141E+02    1
    0.333578155761426842E+02    0.495829926547213340E+01    0.718126896523238911E+00   -0.423383628695340803E+03   -0.177151535193769156E+02    1
    0.331493974162212339E+02    0.514351610064118780E+01    0.646782946788794888E+00   -0.423382292425957303E+03   -0.177251535193769101E+02    1
    0.333114482220340733E+02    0.500972340851422171E+01    0.675100902534861547E+00   -0.423380313067887528E+03   -0.177351535193769081E+02    1
    0.333761977555868015E+02    0.494768082082903504E+01    0.720618415110994448E+00   -0.423378490350159382E+03   -0.177451535193769061E+02    1
    0.332265489591614127E+02    0.507169465348162873E+01    0.663567997495542405E+00   -0.423373783384473768E+03   -0.177551535193769148E+02    1
    0.331920399299073381E+02    0.509180322511259220E+01    0.675965668560022936E+00   -0.423370506640174199E+03   -0.177651535193769163E+02    1
    0.333588507573237365E+02    0.497383326490829880E+01    0.706158890788904481E+00   -0.423366800272875594E+03   -0.177751535193769143E+02    1
    0.333999293219904985E+02    0.494714182072656694E+01    0.694007822857907630E+00   -0.423366072563043872E+03   -0.177851535193769159E+02    1
    0.333947108684236582E+02    0.495670102161365289E+01    0.692491055227610897E+00   -0.423365102090591051E+03   -0.177951535193769175E+02    1
    0.332249611200421100E+02    0.509528055147863768E+01    0.636821414075579462E+00   -0.423362103731664263E+03   -0.178051535193769155E+02    1
    0.332700010317705619E+02    0.505247328214451130E+01    0.676080193114284578E+00   -0.423361847257411853E+03   -0.178151535193769135E+02    1
    0.333257351170902041E+02    0.498147753940394544E+01    0.713743413859110554E+00   -0.423358929081607243E+03   -0.178251535193769115E+02    1
    0.333228660945936355E+02    0.499890925714612688E+01    0.703256681804585115E+00   -0.423351749842645972E+03   -0.178351535193769095E+02    1
    0.333405661913321936E+02    0.498722323697374925E+01    0.703937523495617556E+00   -0.423343308160095603E+03   -0.178451535193769075E+02    1
    0.333983065218616204E+02    0.494054514009853030E+01    0.704020484400618263E+00   -0.423337941664555501E+03   -0.178551535193769126E+02    1
    0.333917771449355030E+02    0.494051910518669146E+01    0.710296732683683540E+00   -0.423335881218238569E+03   -0.178651535193769107E+02    1
    0.333508888094432123E+02    0.497479622249400855E+01    0.692063943798864156E+00   -0.423324667612197572E+03   -0.178751535193769087E+02    1
    0.331639300469178266E+02    0.513109141941742752E+01    0.641069011564234348E+00   -0.423319526077783848E+03   -0.178851535193769102E+02    1
    0.331928164368777701E+02    0.510164351416362827E+01    0.669748535371551879E+00   -0.423318236934025549E+03   -0.178951535193769118E+02    1
    0.333904529872315692E+02    0.495069814901390792E+01    0.695402099026663612E+00   -0.423316452718696951E+03   -0.179051535193769134E+02    1
    0.333405047464949931E+02    0.500473864725722706E+01    0.664169861187997146E+00   -0.423314831136296334E+03   -0.179151535193769149E+02    1
    0.332590627083990569E+02    0.507039601220036396E+01    0.642443245955490516E+00   -0.423313215819326615E+03   -0.179251535193769129E+02    1
    0.333248516855329768E+02    0.498818027925565133E+01    0.712323361174866942E+00   -0.423307912621995683E+03   -0.179351535193769145E+02    1
    0.331768720048026395E+02    0.512684562563962132E+01    0.635907867877691158E+00   -0.423307177567486690E+03   -0.179451535193769161E+02    1
    0.332170031636860230E+02    0.509227104438250677E+01    0.664787167547388202E+00   -0.423285040597943862E+03   -0.179551535193769141E+02    1
    0.332393363284600412E+02    0.505158410792100998E+01    0.691055438810265210E+00   -0.423265154182135575E+03   -0.179651535193769085E+02    1
    0.332312805853635567E+02    0.508702945858642330E+01    0.659624666047311181E+00   -0.423255892396799027E+03   -0.179751535193769101E+02    1
    0.333212068216321597E+02    0.499532809687160473E+01    0.688877145531648249E+00   -0.423255614047025631E+03   -0.179851535193769152E+02    1
    0.333720263806719117E+02    0.497833491056280408E+01    0.680115171474565905E+00   -0.423254673450964958E+03   -0.179951535193769097E+02    1
    0.332931541466034346E+02    0.500770834802125275E+01    0.704001142399190094E+00   -0.423254036972503286E+03   -0.180051535193769077E+02    1
    0.332887570180723884E+02    0.503857501785232387E+01    0.657314451482734263E+00   -0.423244429950630092E+03   -0.180151535193769092E+02    1
    0.333307607823463030E+02    0.498082565783654374E+01    0.705935253701174048E+00   -0.423241329805247801E+03   -0.180251535193769108E+02    1
    0.333167740688781464E+02    0.500376345550402846E+01    0.680188658375416755E+00   -0.423240793079320497E+03   -0.180351535193769088E+02    1
    0.332166821598560631E+02    0.507326853255755061E+01    0.675061437088079419E+00   -0.423238254202668600E+03   -0.180451535193769104E+02    1
    0.333598971000491247E+02    0.496871071814267484E+01    0.694466981017100693E+00   -0.423227588990466870E+03   -0.180551535193769084E+02    1
    0.333365816288281280E+02    0.497654559596701507E+01    0.713394451465391266E+00   -0.423222224362639736E+03   -0.180651535193769099E+02    1
    0.333053484406273341E+02    0.501465522138063058E+01    0.674759241613537064E+00   -0.423221281123318136E+03   -0.180751535193769044E+02    1
    0.333115085036664311E+02    0.499439663293593128E+01    0.708675516929362592E+00   -0.423220518996300825E+03   -0.180851535193769060E+02    1
