    0.201762104034423828E+02    0.752373933792114258E+00    0.639047920703887939E+00   -0.462063677090961300E+07   -0.460515351937698814E+01    1
    0.212632489204406738E+02    0.673819184303283691E+00    0.830663979053497314E+00   -0.419260368833097024E+07   -0.461515351937698259E+01    1
    0.235148870944976807E+02    0.593981742858886719E+00    0.821921139955520630E+00   -0.334284062481014337E+07   -0.462515351937698149E+01    1
    0.233976018428802490E+02    0.819815397262573242E+00    0.698109656572341919E+00   -0.308659163865550328E+07   -0.463515351937698661E+01    1
    0.243246448040008545E+02    0.703553557395935059E+00    0.537149757146835327E+00   -0.296245072431428451E+07   -0.464515351937698728E+01    1
    0.232198059558868408E+02    0.104873478412628174E+01    0.977644294500350952E+00   -0.273323677712679328E+07   -0.465515351937698174E+01    1
    0.261971557140350342E+02    0.569174885749816895E+00    0.782917141914367676E+00   -0.236114376186726615E+07   -0.466515351937698153E+01    1
    0.267833805084228516E+02    0.534051656723022461E+00    0.585414141416549683E+00   -0.225744378040366992E+07   -0.467515351937698398E+01    1
    0.224104142189025879E+02    0.168535351753234863E+01    0.511270821094512939E+00   -0.222194212851851899E+07   -0.468515351937698377E+01    1
    0.229679179191589355E+02    0.150719642639160156E+01    0.982188731431961060E+00   -0.218459981221907027E+07   -0.469515351937698444E+01    1
    0.249243009090423584E+02    0.116735935211181641E+01    0.875310182571411133E+00   -0.204645358373637684E+07   -0.470515351937698423E+01    1
    0.200104212760925293E+02    0.247471392154693604E+01    0.508545994758605957E+00   -0.192066202647323115E+07   -0.471515351937698135E+01    1
    0.283966338634490967E+02    0.599167346954345703E+00    0.811037480831146240E+00   -0.162370648456340563E+07   -0.472515351937698025E+01    1
    0.208232605457305908E+02    0.262192845344543457E+01    0.697620362043380737E+00   -0.157597248846902279E+07   -0.473515351937698448E+01    1
    0.202163505554199219E+02    0.298973917961120605E+01    0.659291774034500122E+00   -0.140468652970233932E+07   -0.474515351937698782E+01    1
    0.292238163948059082E+02    0.858032703399658203E+00    0.709113776683807373E+00   -0.121728128474558820E+07   -0.475515351937698494E+01    1
    0.263998317718505859E+02    0.178162992000579834E+01    0.747263729572296143E+00   -0.112792275135091133E+07   -0.476515351937698117E+01    1
    0.316385543346405029E+02    0.172060728073120117E-01    0.851116925477981567E+00   -0.109382476570177544E+07   -0.477515351937698451E+01    1
    0.308111190795898438E+02    0.608487725257873535E+00    0.975590139627456665E+00   -0.971377625875531812E+06   -0.478515351937698341E+01    1
    0.268813943862915039E+02    0.194739878177642822E+01    0.582272052764892578E+00   -0.952901555197464069E+06   -0.479515351937697876E+01    1
    0.258061480522155762E+02    0.222419857978820801E+01    0.689680159091949463E+00   -0.951485119841909851E+06   -0.480515351937698032E+01    1
    0.220804250240325928E+02    0.343734443187713623E+01    0.532426416873931885E+00   -0.873928697875383077E+06   -0.481515351937698277E+01    1
    0.210852253437042236E+02    0.376786530017852783E+01    0.847380071878433228E+00   -0.823842541125554708E+06   -0.482515351937698345E+01    1
    0.260970401763916016E+02    0.236271798610687256E+01    0.807247579097747803E+00   -0.815248593629109440E+06   -0.483515351937698323E+01    1
    0.232971012592315674E+02    0.349637269973754883E+01    0.550612270832061768E+00   -0.698789212438938906E+06   -0.484515351937698480E+01    1
    0.220220291614532471E+02    0.381276607513427734E+01    0.927764356136322021E+00   -0.694783269656859338E+06   -0.485515351937698814E+01    1
    0.267323029041290283E+02    0.247765660285949707E+01    0.626200795173645020E+00   -0.688467303278744221E+06   -0.486515351937698437E+01    1
    0.321178758144378662E+02    0.794103145599365234E+00    0.640022844076156616E+00   -0.662262737432138994E+06   -0.487515351937698149E+01    1
    0.245149993896484375E+02    0.319964826107025146E+01    0.871573597192764282E+00   -0.646635675783844548E+06   -0.488515351937698572E+01    1
    0.245419454574584961E+02    0.324836134910583496E+01    0.703489392995834351E+00   -0.637266414127938799E+06   -0.489515351937698817E+01    1
    0.258641803264617920E+02    0.294943988323211670E+01    0.563768625259399414E+00   -0.609868707840568619E+06   -0.490515351937698973E+01    1
    0.276238954067230225E+02    0.244579613208770752E+01    0.520655572414398193E+00   -0.598388497327907826E+06   -0.491515351937698775E+01    1
    0.267462241649627686E+02    0.266865253448486328E+01    0.721335887908935547E+00   -0.597546412002537167E+06   -0.492515351937698220E+01    1
    0.210250687599182129E+02    0.458316743373870850E+01    0.770670920610427856E+00   -0.556640224275975837E+06   -0.493515351937698199E+01    1
    0.229076504707336426E+02    0.423643589019775391E+01    0.668059259653091431E+00   -0.492203092432301724E+06   -0.494515351937698799E+01    1
    0.234058368206024170E+02    0.403869867324829102E+01    0.859142154455184937E+00   -0.491227483819697169E+06   -0.495515351937699045E+01    1
    0.283151590824127197E+02    0.247434616088867188E+01    0.846369683742523193E+00   -0.474937467884345911E+06   -0.496515351937698846E+01    1
    0.243828022480010986E+02    0.381571114063262939E+01    0.888395935297012329E+00   -0.462971496693177905E+06   -0.497515351937698824E+01    1
    0.212223780155181885E+02    0.517953813076019287E+01    0.539703130722045898E+00   -0.413189420992918836E+06   -0.498515351937698359E+01    1
    0.221257650852203369E+02    0.490857183933258057E+01    0.608579814434051514E+00   -0.401080831142084848E+06   -0.499515351937698426E+01    1
    0.226416563987731934E+02    0.472942531108856201E+01    0.704501718282699585E+00   -0.396417635474960611E+06   -0.500515351937698583E+01    1
    0.216487038135528564E+02    0.526886403560638428E+01    0.512669354677200317E+00   -0.368991248651350848E+06   -0.501515351937698384E+01    1
    0.208220195770263672E+02    0.555771112442016602E+01    0.568207412958145142E+00   -0.367181946531552938E+06   -0.502515351937698451E+01    1
    0.259187018871307373E+02    0.373171091079711914E+01    0.745270222425460815E+00   -0.361400908664380258E+06   -0.503515351937698608E+01    1
    0.200850069522857666E+02    0.595450818538665771E+01    0.939782321453094482E+00   -0.333554665401209670E+06   -0.504515351937698409E+01    1
    0.291247022151947021E+02    0.275669038295745850E+01    0.689034789800643921E+00   -0.323986102147906320E+06   -0.505515351937698298E+01    1
    0.200268471240997314E+02    0.617314040660858154E+01    0.970180004835128784E+00   -0.303950122020019277E+06   -0.506515351937698455E+01    1
    0.299449551105499268E+02    0.263476371765136719E+01    0.530954807996749878E+00   -0.293578635210416571E+06   -0.507515351937697989E+01    1
    0.286573123931884766E+02    0.310273468494415283E+01    0.747356176376342773E+00   -0.281804202173226688E+06   -0.508515351937698501E+01    1
    0.210577094554901123E+02    0.646832585334777832E+01    0.842524230480194092E+00   -0.220862834537361719E+06   -0.509515351937699013E+01    1
    0.282673549652099609E+02    0.371203899383544922E+01    0.506020098924636841E+00   -0.213315819434892735E+06   -0.510515351937699080E+01    1
    0.252154839038848877E+02    0.495556533336639404E+01    0.636995673179626465E+00   -0.205429096952500346E+06   -0.511515351937698348E+01    1
    0.218031382560729980E+02    0.634152591228485107E+01    0.987670212984085083E+00   -0.199498423359168519E+06   -0.512515351937698238E+01    1
    0.396289074420928955E+02    0.991074681282043457E+01    0.503156781196594238E+00   -0.187642922098597162E+06   -0.513515351937698394E+01    1
    0.338647413253784180E+02    0.151213109493255615E+01    0.758426308631896973E+00   -0.186865621407510043E+06   -0.514515351937697751E+01    1
    0.399074912071228027E+02    0.797090649604797363E+01    0.821310997009277344E+00   -0.183173006322167348E+06   -0.515515351937698085E+01    1
    0.252218985557556152E+02    0.525429069995880127E+01    0.847301512956619263E+00   -0.165927289098517853E+06   -0.516515351937698330E+01    1
    0.387464582920074463E+02    0.947567522525787354E+01    0.971623539924621582E+00   -0.165595542224563716E+06   -0.517515351937698220E+01    1
    0.394390833377838135E+02    0.735797822475433350E+01    0.907327443361282349E+00   -0.161069476610839803E+06   -0.518515351937698643E+01    1
    0.393529903888702393E+02    0.781550645828247070E+01    0.569569677114486694E+00   -0.158079392104586354E+06   -0.519515351937698533E+01    1
    0.388812696933746338E+02    0.851131856441497803E+01    0.697347372770309448E+00   -0.154804578682228981E+06   -0.520515351937697623E+01    1
    0.391532647609710693E+02    0.741747081279754639E+01    0.947906494140625000E+00   -0.152975270523055049E+06   -0.521515351937698224E+01    1
    0.391234600543975830E+02    0.776863813400268555E+01    0.617991179227828979E+00   -0.151207638417006528E+06   -0.522515351937697670E+01    1
    0.383060526847839355E+02    0.907655477523803711E+01    0.946768283843994141E+00   -0.148585990407734644E+06   -0.523515351937698092E+01    1
    0.259891331195831299E+02    0.515337288379669189E+01    0.682724416255950928E+00   -0.147121162065332755E+06   -0.524515351937698071E+01    1
    0.245429587364196777E+02    0.579695761203765869E+01    0.752685874700546265E+00   -0.144897465402964328E+06   -0.525515351937698583E+01    1
    0.244155466556549072E+02    0.599942326545715332E+01    0.925453931093215942E+00   -0.129991270362585521E+06   -0.526515351937698739E+01    1
    0.380022430419921875E+02    0.841238498687744141E+01    0.764300853013992310E+00   -0.129483192653345264E+06   -0.527515351937698007E+01    1
    0.223809444904327393E+02    0.705623984336853027E+01    0.580266416072845459E+00   -0.126715467949747574E+06   -0.528515351937697542E+01    1
    0.373342680931091309E+02    0.981242239475250244E+01    0.511051595211029053E+00   -0.125903850424492732E+06   -0.529515351937697609E+01    1
    0.397453868389129639E+02    0.493136703968048096E+01    0.633831262588500977E+00   -0.124819019594842190E+06   -0.530515351937697677E+01    1
    0.396767389774322510E+02    0.508651256561279297E+01    0.581351846456527710E+00   -0.124079830082392626E+06   -0.531515351937698188E+01    1
    0.375992429256439209E+02    0.846842467784881592E+01    0.680544376373291016E+00   -0.118221072293510719E+06   -0.532515351937698078E+01    1
    0.354679918289184570E+02    0.121142089366912842E+01    0.744366735219955444E+00   -0.117405919369917319E+06   -0.533515351937697613E+01    1
    0.330948269367218018E+02    0.232055068016052246E+01    0.681010335683822632E+00   -0.114962941334623087E+06   -0.534515351937697680E+01    1
    0.372173869609832764E+02    0.905760109424591064E+01    0.543104410171508789E+00   -0.114257825919264171E+06   -0.535515351937698103E+01    1
    0.376653993129730225E+02    0.811120867729187012E+01    0.584856003522872925E+00   -0.113295173551467829E+06   -0.536515351937698171E+01    1
    0.325952184200286865E+02    0.261118650436401367E+01    0.572509318590164185E+00   -0.111869268261671823E+06   -0.537515351937698238E+01    1
    0.351926910877227783E+02    0.151402115821838379E+01    0.564674228429794312E+00   -0.103766298167457207E+06   -0.538515351937698128E+01    1
    0.205860090255737305E+02    0.825266063213348389E+01    0.740409612655639648E+00   -0.103351736985744501E+06   -0.539515351937698018E+01    1
    0.260093259811401367E+02    0.571450591087341309E+01    0.643454372882843018E+00   -0.101975335833897261E+06   -0.540515351937698263E+01    1
    0.362003993988037109E+02    0.985378623008728027E+00    0.812597751617431641E+00   -0.966120369862952793E+05   -0.541515351937698153E+01    1
    0.362457621097564697E+02    0.916000008583068848E+01    0.761083811521530151E+00   -0.962360620879757189E+05   -0.542515351937697865E+01    1
    0.383340573310852051E+02    0.554287731647491455E+01    0.907068043947219849E+00   -0.935317204464756505E+05   -0.543515351937697933E+01    1
    0.215487289428710938E+02    0.806753754615783691E+01    0.551089495420455933E+00   -0.917747424321870785E+05   -0.544515351937698178E+01    1
    0.271292865276336670E+02    0.537328839302062988E+01    0.677087217569351196E+00   -0.884574095476184448E+05   -0.545515351937698245E+01    1
    0.220676577091217041E+02    0.792744636535644531E+01    0.547469496726989746E+00   -0.862994649377105670E+05   -0.546515351937698401E+01    1
    0.259153842926025391E+02    0.604254126548767090E+01    0.627015501260757446E+00   -0.845167395451485063E+05   -0.547515351937698025E+01    1
    0.354459893703460693E+02    0.151602387428283691E+01    0.641720622777938843E+00   -0.841607049362296821E+05   -0.548515351937698004E+01    1
    0.200074160099029541E+02    0.898585498332977295E+01    0.660751640796661377E+00   -0.834239365887763270E+05   -0.549515351937697805E+01    1
    0.371704518795013428E+02    0.731707811355590820E+00    0.587649673223495483E+00   -0.817601194007388549E+05   -0.550515351937697694E+01    1
    0.375788116455078125E+02    0.615260481834411621E+01    0.644660383462905884E+00   -0.793385600521174638E+05   -0.551515351937698295E+01    1
    0.386688184738159180E+02    0.438174307346343994E+01    0.706141173839569092E+00   -0.745723104647290747E+05   -0.552515351937698185E+01    1
    0.319972062110900879E+02    0.328022480010986328E+01    0.633613526821136475E+00   -0.714953271321148350E+05   -0.553515351937698163E+01    1
    0.303069221973419189E+02    0.416205763816833496E+01    0.560998618602752686E+00   -0.692665695418854884E+05   -0.554515351937698142E+01    1
    0.349420034885406494E+02    0.177904069423675537E+01    0.953913956880569458E+00   -0.692470620996305661E+05   -0.555515351937698032E+01    1
    0.383920109272003174E+02    0.503164529800415039E-01    0.856982618570327759E+00   -0.657687231074932934E+05   -0.556515351937698544E+01    1
    0.398866474628448486E+02    0.251135051250457764E+01    0.662889331579208374E+00   -0.628059406715662044E+05   -0.557515351937698611E+01    1
    0.213292109966278076E+02    0.892175734043121338E+01    0.517643958330154419E+00   -0.617590862960106606E+05   -0.558515351937698146E+01    1
    0.350312209129333496E+02    0.842725098133087158E+01    0.731419473886489868E+00   -0.608356113746196497E+05   -0.559515351937697680E+01    1
    0.244692039489746094E+02    0.718506455421447754E+01    0.998110681772232056E+00   -0.604685923620401009E+05   -0.560515351937697748E+01    1
    0.251730298995971680E+02    0.697385668754577637E+01    0.649214625358581543E+00   -0.574402652740494450E+05   -0.561515351937697904E+01    1
    0.277004265785217285E+02    0.564492404460906982E+01    0.807044118642807007E+00   -0.557544559317794192E+05   -0.562515351937698060E+01    1
    0.350707483291625977E+02    0.790948033332824707E+01    0.750393927097320557E+00   -0.542223202669491729E+05   -0.563515351937698039E+01    1
    0.239428448677062988E+02    0.777449667453765869E+01    0.684535533189773560E+00   -0.516749002910761410E+05   -0.564515351937698284E+01    1
    0.393348503112792969E+02    0.280028939247131348E+01    0.608453214168548584E+00   -0.506435417745615996E+05   -0.565515351937698085E+01    1
    0.364335525035858154E+02    0.605681955814361572E+01    0.690595477819442749E+00   -0.503389661583018460E+05   -0.566515351937697975E+01    1
    0.372733724117279053E+02    0.979242324829101562E+00    0.606162011623382568E+00   -0.498441776671577391E+05   -0.567515351937697954E+01    1
    0.337281918525695801E+02    0.898069024085998535E+01    0.863147020339965820E+00   -0.473025218924326909E+05   -0.568515351937697666E+01    1
    0.365607821941375732E+02    0.558645784854888916E+01    0.920951366424560547E+00   -0.470483346843930194E+05   -0.569515351937697734E+01    1
    0.338009238243103027E+02    0.885348260402679443E+01    0.587816148996353149E+00   -0.442657524838436657E+05   -0.570515351937697890E+01    1
    0.261737859249114990E+02    0.686127781867980957E+01    0.546120077371597290E+00   -0.431711971890684799E+05   -0.571515351937697780E+01    1
    0.350291621685028076E+02    0.710856318473815918E+01    0.916282683610916138E+00   -0.428387943739649054E+05   -0.572515351937697403E+01    1
    0.349881517887115479E+02    0.717497229576110840E+01    0.848647296428680420E+00   -0.425506945719453943E+05   -0.573515351937697382E+01    1
    0.353051280975341797E+02    0.691617310047149658E+01    0.653199315071105957E+00   -0.421658896292940117E+05   -0.574515351937697805E+01    1
    0.246789622306823730E+02    0.761686742305755615E+01    0.996189564466476440E+00   -0.415734224288491459E+05   -0.575515351937698227E+01    1
    0.328452420234680176E+02    0.962935864925384521E+01    0.669674783945083618E+00   -0.408777053630067458E+05   -0.576515351937698384E+01    1
    0.234431469440460205E+02    0.843819677829742432E+01    0.601245164871215820E+00   -0.405596373902285632E+05   -0.577515351937697918E+01    1
    0.358762848377227783E+02    0.177107214927673340E+01    0.662280946969985962E+00   -0.403841809950848256E+05   -0.578515351937698075E+01    1
    0.336076605319976807E+02    0.866222262382507324E+01    0.682720065116882324E+00   -0.398182827699407062E+05   -0.579515351937698409E+01    1
    0.227474939823150635E+02    0.890626490116119385E+01    0.608195662498474121E+00   -0.384985435841169237E+05   -0.580515351937698565E+01    1
    0.357096791267395020E+02    0.599563121795654297E+01    0.974366098642349243E+00   -0.375913494177458197E+05   -0.581515351937698366E+01    1
    0.210392010211944580E+02    0.995729446411132812E+01    0.882182806730270386E+00   -0.352623068894210592E+05   -0.582515351937698256E+01    1
    0.301071810722351074E+02    0.480752885341644287E+01    0.964756399393081665E+00   -0.349898046235061338E+05   -0.583515351937698412E+01    1
    0.333436548709869385E+02    0.855251550674438477E+01    0.712157458066940308E+00   -0.348858921323949326E+05   -0.584515351937698391E+01    1
    0.374265504858763833E+02    0.407293286745295102E+01    0.630346903860899643E+00   -0.316405970921133558E+05   -0.585515351937697837E+01    1
    0.349625448350660406E+02    0.655262696099379482E+01    0.740300422760074461E+00   -0.315142547445766650E+05   -0.586515351937697371E+01    1
    0.328525972366333008E+02    0.887966752052307129E+01    0.575168758630752563E+00   -0.311587424827377545E+05   -0.587515351937697705E+01    1
    0.321564042568206787E+02    0.965259253978729248E+01    0.514655292034149170E+00   -0.309096811053541023E+05   -0.588515351937697684E+01    1
    0.321754682064056396E+02    0.960020601749420166E+01    0.520425438880920410E+00   -0.306097885822087337E+05   -0.589515351937697751E+01    1
    0.229427091925850704E+02    0.910072505869730364E+01    0.775064614366031135E+00   -0.304205327085557074E+05   -0.590515351937697286E+01    1
    0.369117081165313721E+02    0.451574265956878662E+01    0.592191010713577271E+00   -0.294251009111317107E+05   -0.591515351937697531E+01    1
    0.219705939292907715E+02    0.972935020923614502E+01    0.984133154153823853E+00   -0.285038677602888347E+05   -0.592515351937697687E+01    1
    0.371076297760009766E+02    0.418408393859863281E+01    0.730256825685501099E+00   -0.284991229860826861E+05   -0.593515351937697400E+01    1
    0.237413311004638672E+02    0.874869465827941895E+01    0.793109983205795288E+00   -0.278793690062547175E+05   -0.594515351937698000E+01    1
    0.360632275668420732E+02    0.513510960044532361E+01    0.786894404919543211E+00   -0.272661847381873740E+05   -0.595515351937698156E+01    1
    0.270402729511260986E+02    0.694857716560363770E+01    0.602394878864288330E+00   -0.260007914757168583E+05   -0.596515351937697336E+01    1
    0.248740673065185547E+02    0.824366688728332520E+01    0.612136274576187134E+00   -0.254799042715873147E+05   -0.597515351937696959E+01    1
    0.329104018211364746E+02    0.832388281822204590E+01    0.544758528470993042E+00   -0.249707110598363652E+05   -0.598515351937697559E+01    1
    0.264797997474670410E+02    0.738862633705139160E+01    0.562046200037002563E+00   -0.238051291685362230E+05   -0.599515351937697627E+01    1
    0.327269074612029485E+02    0.818005934787913880E+01    0.842932653639377416E+00   -0.233604768382517068E+05   -0.600515351937697517E+01    1
    0.237981767684483074E+02    0.892483259592143163E+01    0.970059493400488915E+00   -0.231596293937569535E+05   -0.601515351937697851E+01    1
    0.325160896778106689E+02    0.383952379226684570E+01    0.833750575780868530E+00   -0.227091969887817177E+05   -0.602515351937697829E+01    1
    0.325906663243515027E+02    0.825600376904132283E+01    0.825820752425737603E+00   -0.225622133807743157E+05   -0.603515351937697453E+01    1
    0.337078261375427246E+02    0.732464432716369629E+01    0.548986405134201050E+00   -0.225527897137895925E+05   -0.604515351937697520E+01    1
    0.346440251138631297E+02    0.266340624047507868E+01    0.852129342853124583E+00   -0.223477195091594076E+05   -0.605515351937697410E+01    1
    0.339928162097930908E+02    0.691081464290618896E+01    0.678821235895156860E+00   -0.219892910892744585E+05   -0.606515351937697478E+01    1
    0.251142442226409912E+02    0.830833613872528076E+01    0.591233700513839722E+00   -0.215523436853655912E+05   -0.607515351937697723E+01    1
    0.349633598327636719E+02    0.592644035816192627E+01    0.630120933055877686E+00   -0.210146243459665056E+05   -0.608515351937697790E+01    1
    0.350152808422607507E+02    0.587182504226491098E+01    0.615935635551744243E+00   -0.208121884789154356E+05   -0.609515351937697769E+01    1
    0.334750056266784668E+02    0.711871683597564697E+01    0.699908107519149780E+00   -0.184391710392046225E+05   -0.610515351937697481E+01    1
    0.360630451322555103E+02    0.206088505886738371E+01    0.703674068026463928E+00   -0.181229315389556432E+05   -0.611515351937697282E+01    1
    0.301663553714752197E+02    0.545946240425109863E+01    0.598479717969894409E+00   -0.177347749557718380E+05   -0.612515351937697528E+01    1
    0.377369678020477295E+02    0.305979371070861816E+01    0.738214969635009766E+00   -0.176228285097897460E+05   -0.613515351937697417E+01    1
    0.288703092930514629E+02    0.622121359347230563E+01    0.650917746516214257E+00   -0.175668054936327972E+05   -0.614515351937697485E+01    1
    0.366755210560040865E+02    0.177508135024831493E+01    0.675854025532978131E+00   -0.170559643995034967E+05   -0.615515351937697819E+01    1
    0.382452178001403809E+02    0.254510998725891113E+01    0.772989153861999512E+00   -0.168201472588753386E+05   -0.616515351937697620E+01    1
    0.335463315386814003E+02    0.687011422603959510E+01    0.646269178170259528E+00   -0.158635640061676604E+05   -0.617515351937697776E+01    1
    0.334430865057284166E+02    0.696624955856072514E+01    0.642644812106907271E+00   -0.158380867763121460E+05   -0.618515351937698288E+01    1
    0.278334323285235712E+02    0.689327229476629277E+01    0.850791437224376890E+00   -0.157015900701644223E+05   -0.619515351937698000E+01    1
    0.334769737720489502E+02    0.677873551845550537E+01    0.905956298112869263E+00   -0.156807808345900667E+05   -0.620515351937697535E+01    1
    0.288537511912509608E+02    0.638448082474101231E+01    0.529484118570897722E+00   -0.154958953671458876E+05   -0.621515351937697247E+01    1
    0.344990813732147217E+02    0.595836222171783447E+01    0.610264241695404053E+00   -0.152042263142996271E+05   -0.622515351937697314E+01    1
    0.321706724829525825E+02    0.797073599161544522E+01    0.698715727664431352E+00   -0.143410369102089953E+05   -0.623515351937697559E+01    1
    0.388897532588620436E+02    0.193021730222554089E+01    0.584355079570123781E+00   -0.140614988780075782E+05   -0.624515351937698071E+01    1
    0.380393646344246577E+02    0.107130595566556952E+01    0.781871295174571213E+00   -0.140306996666162031E+05   -0.625515351937697694E+01    1
    0.324983429908752441E+02    0.752562880516052246E+01    0.893735766410827637E+00   -0.139175905354992046E+05   -0.626515351937697407E+01    1
    0.373520469665527344E+02    0.152348935604095459E+01    0.658321470022201538E+00   -0.134546511446813547E+05   -0.627515351937697385E+01    1
    0.298864169165491091E+02    0.584844740953608877E+01    0.567685411601425716E+00   -0.134086540667979098E+05   -0.628515351937697986E+01    1
    0.367820036411285400E+02    0.361095488071441650E+01    0.920875430107116699E+00   -0.133576475732890649E+05   -0.629515351937697432E+01    1
    0.324114542319484400E+02    0.754448122287966960E+01    0.906142206960325103E+00   -0.133563488573530485E+05   -0.630515351937697766E+01    1
    0.254026269912719727E+02    0.860940039157867432E+01    0.757944703102111816E+00   -0.133081008807358812E+05   -0.631515351937697567E+01    1
    0.268696117401123047E+02    0.768795311450958252E+01    0.727792263031005859E+00   -0.131981673483592567E+05   -0.632515351937697190E+01    1
    0.255489268174337312E+02    0.858444137173453647E+01    0.581396045944041817E+00   -0.130673396095703956E+05   -0.633515351937697790E+01    1
    0.302761530876159668E+02    0.952736020088195801E+01    0.748422563076019287E+00   -0.130090303282845052E+05   -0.634515351937697858E+01    1
    0.335953927040100098E+02    0.657090842723846436E+01    0.644648164510726929E+00   -0.128960854567887509E+05   -0.635515351937697659E+01    1
    0.325349880267508240E+02    0.745259700571973571E+01    0.773507287986562542E+00   -0.128778642283459922E+05   -0.636515351937697371E+01    1
    0.342577934265136719E+02    0.327881038188934326E+01    0.589520633220672607E+00   -0.127906070368456494E+05   -0.637515351937697350E+01    1
    0.254618096351623535E+02    0.860272526741027832E+01    0.900549471378326416E+00   -0.125136602245669783E+05   -0.638515351937697861E+01    1
    0.294024114302041752E+02    0.611415845570132710E+01    0.902674955286561831E+00   -0.120586861712450809E+05   -0.639515351937698195E+01    1
    0.287606728076934814E+02    0.651468992233276367E+01    0.993321537971496582E+00   -0.118082734294304701E+05   -0.640515351937697730E+01    1
    0.328924918174743652E+02    0.705064058303833008E+01    0.726046144962310791E+00   -0.117750812188327582E+05   -0.641515351937697620E+01    1
    0.272531922245646996E+02    0.759699932802458289E+01    0.660181405731392390E+00   -0.113413239060192991E+05   -0.642515351937697776E+01    1
    0.331566381454467773E+02    0.391780972480773926E+01    0.726143598556518555E+00   -0.111718447930434704E+05   -0.643515351937697222E+01    1
    0.336824375704319081E+02    0.625582610017843521E+01    0.780788143463362339E+00   -0.110809257407723962E+05   -0.644515351937697556E+01    1
    0.369218206405639648E+02    0.173043072223663330E+01    0.838183850049972534E+00   -0.109724314100985139E+05   -0.645515351937697535E+01    1
    0.386153948307037354E+02    0.198397696018218994E+01    0.641912192106246948E+00   -0.109308742836850579E+05   -0.646515351937697513E+01    1
    0.282533740997314453E+02    0.698231399059295654E+01    0.708096951246261597E+00   -0.107716176015232941E+05   -0.647515351937697048E+01    1
    0.387880992889404297E+02    0.181446611881256104E+01    0.644097775220870972E+00   -0.106564784839033819E+05   -0.648515351937697559E+01    1
    0.310400512090372089E+02    0.853671557048560103E+01    0.742529640285667814E+00   -0.104176497777480035E+05   -0.649515351937697538E+01    1
    0.309015342483105115E+02    0.853562933617891062E+01    0.942293227033992209E+00   -0.102446490219288426E+05   -0.650515351937697694E+01    1
    0.355682301521301270E+02    0.455916166305541992E+01    0.702419191598892212E+00   -0.100488653675288060E+05   -0.651515351937697318E+01    1
    0.316580390930175781E+02    0.809840798377990723E+01    0.504556417465209961E+00   -0.997811436223435157E+04   -0.652515351937697652E+01    1
    0.257002797671888707E+02    0.876655618973017958E+01    0.595222458449381930E+00   -0.971445769325915535E+04   -0.653515351937697631E+01    1
    0.268402707576751709E+02    0.798991203308105469E+01    0.687741041183471680E+00   -0.969699217215735553E+04   -0.654515351937697609E+01    1
    0.302190690176914067E+02    0.913268131171887987E+01    0.652286290464106466E+00   -0.904032955602412767E+04   -0.655515351937696966E+01    1
    0.386373913288116455E+02    0.116388976573944092E+01    0.533457994461059570E+00   -0.873399293668627070E+04   -0.656515351937697567E+01    1
    0.380217969086679943E+02    0.234687085604648749E+01    0.688142807284412905E+00   -0.864181120723097774E+04   -0.657515351937698256E+01    1
    0.358920601026844466E+02    0.413180904365532786E+01    0.751317257300515462E+00   -0.840920348194760845E+04   -0.658515351937698501E+01    1
    0.352654122352470623E+02    0.456177203693932931E+01    0.979481917029577875E+00   -0.832705116354213715E+04   -0.659515351937696881E+01    1
    0.394936466217041016E+02    0.959869027137756348E+00    0.854057788848876953E+00   -0.825754550227597065E+04   -0.660515351937696948E+01    1
    0.344857172647682120E+02    0.529254642460405300E+01    0.789313671458048427E+00   -0.815699805167493287E+04   -0.661515351937697371E+01    1
    0.256698716345626750E+02    0.889264159680669231E+01    0.809053040942887103E+00   -0.814502806892054741E+04   -0.662515351937697705E+01    1
    0.340243756771087646E+02    0.351017355918884277E+01    0.833002418279647827E+00   -0.795604153520144700E+04   -0.663515351937697861E+01    1
    0.313250274016249506E+02    0.798711560786414054E+01    0.708188966507713125E+00   -0.779727137834908262E+04   -0.664515351937698107E+01    1
    0.310020613670349121E+02    0.815141916275024414E+01    0.892883509397506714E+00   -0.770134099384217279E+04   -0.665515351937697286E+01    1
    0.365323829650878906E+02    0.223988592624664307E+01    0.564170837402343750E+00   -0.756994994493739705E+04   -0.666515351937697353E+01    1
    0.311552568559472114E+02    0.803156620556871914E+01    0.832863445165373584E+00   -0.754947372090041063E+04   -0.667515351937697510E+01    1
    0.289129258656934240E+02    0.677341642649204800E+01    0.837702725794215342E+00   -0.753883959095507635E+04   -0.668515351937697488E+01    1
    0.327722062001244723E+02    0.666528234647991358E+01    0.778289857540773067E+00   -0.730979228203373350E+04   -0.669515351937697734E+01    1
    0.326274931430816650E+02    0.679926276206970215E+01    0.690592199563980103E+00   -0.700463952543836513E+04   -0.670515351937697446E+01    1
    0.388324356170697769E+02    0.145541545823555074E+01    0.906443238333719092E+00   -0.697385167003391325E+04   -0.671515351937697247E+01    1
    0.314130874955893447E+02    0.790552526440629499E+01    0.545224501258463889E+00   -0.693798923955172722E+04   -0.672515351937697314E+01    1
    0.302646713658122515E+02    0.882503173449011946E+01    0.609656884902654350E+00   -0.692434909055263688E+04   -0.673515351937697382E+01    1
    0.381720402192340487E+02    0.207531262970321251E+01    0.744533283692647929E+00   -0.690572803962455328E+04   -0.674515351937697183E+01    1
    0.266756357881312098E+02    0.846183194899938584E+01    0.526594446611401867E+00   -0.660306224586519966E+04   -0.675515351937697428E+01    1
    0.334589670811366773E+02    0.407376309182202245E+01    0.555291434122037297E+00   -0.639460253346218997E+04   -0.676515351937697584E+01    1
    0.330545508861541748E+02    0.630532860755920410E+01    0.794746071100234985E+00   -0.629480612604942871E+04   -0.677515351937697829E+01    1
    0.368371133913417310E+02    0.321219016482747222E+01    0.608580548218892070E+00   -0.611402283403105139E+04   -0.678515351937697098E+01    1
    0.343686049987569930E+02    0.520689970104260169E+01    0.766572629619312051E+00   -0.610896104430794458E+04   -0.679515351937697432E+01    1
    0.266702473163604736E+02    0.843603849411010742E+01    0.940157711505889893E+00   -0.601783170573105144E+04   -0.680515351937697410E+01    1
    0.277915866486750431E+02    0.778567030031548502E+01    0.541536487663149435E+00   -0.585286009566751090E+04   -0.681515351937697567E+01    1
    0.326787029762180907E+02    0.659357783873014824E+01    0.723828671841676208E+00   -0.579453728483624582E+04   -0.682515351937697723E+01    1
    0.332305211190972187E+02    0.601028284638227639E+01    0.931182311379789240E+00   -0.554420110728413601E+04   -0.683515351937697613E+01    1
    0.296647000500244893E+02    0.892007187400521850E+01    0.887574641127595987E+00   -0.540636884577824458E+04   -0.684515351937697059E+01    1
    0.306830012798309326E+02    0.586072623729705811E+01    0.641785800457000732E+00   -0.540277023457636551E+04   -0.685515351937697126E+01    1
    0.385529090155398322E+02    0.135875377826523813E+01    0.653993065204891200E+00   -0.538895045500687593E+04   -0.686515351937697371E+01    1
    0.346610379729232108E+02    0.331460699146281179E+01    0.739848266982659486E+00   -0.536582963720256157E+04   -0.687515351937697083E+01    1
    0.325902243819412405E+02    0.467045858017519411E+01    0.577875143538581937E+00   -0.533785189368088777E+04   -0.688515351937697062E+01    1
    0.330492932847704779E+02    0.622374006758992326E+01    0.698494031306296947E+00   -0.515868626924660202E+04   -0.689515351937697307E+01    1
    0.308483174801592455E+02    0.801285640069025007E+01    0.667094106442916113E+00   -0.498574052692420082E+04   -0.690515351937697019E+01    1
    0.295004334992735338E+02    0.674487250271738947E+01    0.544455398237090993E+00   -0.483832024043131969E+04   -0.691515351937697176E+01    1
    0.329766213893890381E+02    0.442873597145080566E+01    0.653447806835174561E+00   -0.482582416228063266E+04   -0.692515351937697421E+01    1
    0.347110713884144388E+02    0.479957195229414779E+01    0.741246491228419568E+00   -0.479285050545851664E+04   -0.693515351937697400E+01    1
    0.303179311752319336E+02    0.606720507144927979E+01    0.964005112648010254E+00   -0.479205865616218944E+04   -0.694515351937697556E+01    1
    0.306722251100184238E+02    0.799823186737167813E+01    0.896453794975611840E+00   -0.478623719346554935E+04   -0.695515351937697623E+01    1
    0.333738017082214355E+02    0.406948328018188477E+01    0.946975886821746826E+00   -0.473615368878768004E+04   -0.696515351937697869E+01    1
    0.385288311379495809E+02    0.149684560313733450E+01    0.817994899491881533E+00   -0.467857219842482027E+04   -0.697515351937697670E+01    1
    0.261987917315398811E+02    0.900782111214135739E+01    0.763546576493212670E+00   -0.459385001798154917E+04   -0.698515351937697471E+01    1
    0.292350358914869304E+02    0.923537985420134433E+01    0.681943841015586250E+00   -0.458652709457400215E+04   -0.699515351937697627E+01    1
    0.339508149288495957E+02    0.548108994609664713E+01    0.579854577073566912E+00   -0.457794949633525266E+04   -0.700515351937697339E+01    1
    0.348322046150197906E+02    0.323210500316324545E+01    0.821057482062965693E+00   -0.448335175547492418E+04   -0.701515351937697229E+01    1
    0.253591926359121729E+02    0.964252556352193402E+01    0.727111594602354527E+00   -0.445459083581092818E+04   -0.702515351937697385E+01    1
    0.372465498241249691E+02    0.267635519182981252E+01    0.627537475494031938E+00   -0.426377030339481462E+04   -0.703515351937696920E+01    1
    0.327612578063533419E+02    0.627620092127363716E+01    0.796882215068866806E+00   -0.415985134271281640E+04   -0.704515351937696899E+01    1
    0.369982612133026123E+02    0.279013156890869141E+01    0.904678076505661011E+00   -0.411675381970548369E+04   -0.705515351937697233E+01    1
    0.305886936995627323E+02    0.605653079951635753E+01    0.649172060419299868E+00   -0.406676754597023091E+04   -0.706515351937697300E+01    1
    0.304321328161399229E+02    0.823191378003614460E+01    0.605852524727796271E+00   -0.405585828036889825E+04   -0.707515351937697190E+01    1
    0.258859706760141606E+02    0.933288247776170721E+01    0.833886497191616671E+00   -0.399123580638703970E+04   -0.708515351937697524E+01    1
    0.257056638724844433E+02    0.948851299021734462E+01    0.735168245194400938E+00   -0.394040905135126923E+04   -0.709515351937697947E+01    1
    0.277791059285937045E+02    0.797882377316233793E+01    0.845169375900117537E+00   -0.388981242669909716E+04   -0.710515351937697481E+01    1
    0.304755528726895442E+02    0.798501832803290945E+01    0.905903364298831892E+00   -0.383173742932244113E+04   -0.711515351937697194E+01    1
    0.253959691524505615E+02    0.973361968994140625E+01    0.812195241451263428E+00   -0.381054577533307247E+04   -0.712515351937697261E+01    1
    0.307497778942729312E+02    0.785077740521951473E+01    0.718945721995680964E+00   -0.372909905087653669E+04   -0.713515351937696796E+01    1
    0.258650559407805716E+02    0.940510350386108129E+01    0.816224256163862627E+00   -0.372480004196864411E+04   -0.714515351937696508E+01    1
    0.312716447152149257E+02    0.558768125040266295E+01    0.791565248130618127E+00   -0.370754233300000442E+04   -0.715515351937696753E+01    1
    0.341533005237579346E+02    0.524628818035125732E+01    0.503380000591278076E+00   -0.366380565365792336E+04   -0.716515351937696821E+01    1
    0.320443323794023343E+02    0.680809572483740233E+01    0.709284389581461450E+00   -0.358436959499795739E+04   -0.717515351937696444E+01    1
    0.302251005172729492E+02    0.830784678459167480E+01    0.597940981388092041E+00   -0.355040860362529656E+04   -0.718515351937696511E+01    1
    0.265183265496970222E+02    0.897936372560083029E+01    0.721463655803866954E+00   -0.352684904375789210E+04   -0.719515351937696845E+01    1
    0.253730097496570828E+02    0.985436096656819061E+01    0.774029052996558331E+00   -0.338043400793696628E+04   -0.720515351937697446E+01    1
    0.376587357883719349E+02    0.214120270624339204E+01    0.703670255092662122E+00   -0.330521221472319394E+04   -0.721515351937697869E+01    1
    0.376515209674835205E+02    0.199212908744812012E+01    0.640818834304809570E+00   -0.329976754932783297E+04   -0.722515351937697670E+01    1
    0.326716325801337746E+02    0.634080984875625564E+01    0.547981255385460719E+00   -0.317321192196387983E+04   -0.723515351937696849E+01    1
    0.290155894141974073E+02    0.917562686345033285E+01    0.556098131323695899E+00   -0.305172886437830721E+04   -0.724515351937696384E+01    1
    0.375128815393340602E+02    0.222397545190633217E+01    0.816476205047377168E+00   -0.295996463175198733E+04   -0.725515351937697073E+01    1
    0.301256323739415066E+02    0.805193604875212010E+01    0.945787374044650742E+00   -0.291218664778823495E+04   -0.726515351937697051E+01    1
    0.330947892504457784E+02    0.588341544774533176E+01    0.667207365929682217E+00   -0.283772693043476829E+04   -0.727515351937696853E+01    1
    0.294761625490086487E+02    0.694559745587047139E+01    0.840824981896704737E+00   -0.280707743737837791E+04   -0.728515351937696742E+01    1
    0.336032016959397879E+02    0.419192229016445417E+01    0.703703491775312107E+00   -0.278465980031603794E+04   -0.729515351937696988E+01    1
    0.360575028429130526E+02    0.343360860778558674E+01    0.808341109078877906E+00   -0.266720596941248414E+04   -0.730515351937697766E+01    1
    0.363101696968078613E+02    0.328430533409118652E+01    0.599910467863082886E+00   -0.265266615844391526E+04   -0.731515351937697655E+01    1
    0.285288197360725029E+02    0.770850905986173096E+01    0.647238661416414063E+00   -0.262454867136845633E+04   -0.732515351937697723E+01    1
    0.304555462056943611E+02    0.782018338432045645E+01    0.769871203878267130E+00   -0.257144188283083895E+04   -0.733515351937697524E+01    1
    0.366243612766265869E+02    0.293958961963653564E+01    0.842362731695175171E+00   -0.255256560466493329E+04   -0.734515351937696614E+01    1
    0.325905895451447591E+02    0.495009535499428477E+01    0.565792477224801194E+00   -0.250617667847338362E+04   -0.735515351937696948E+01    1
    0.286815206757581578E+02    0.765258178920249055E+01    0.574331575085716195E+00   -0.245674751088347693E+04   -0.736515351937697105E+01    1
    0.359291905969333669E+02    0.290891443786856296E+01    0.594266781215330941E+00   -0.245047603072286665E+04   -0.737515351937696906E+01    1
    0.372448979004461336E+02    0.217588728735476566E+01    0.734981409502480476E+00   -0.241135205627959203E+04   -0.738515351937697240E+01    1
    0.270017531197992611E+02    0.892407036036074786E+01    0.581774817295894309E+00   -0.232688742360726064E+04   -0.739515351937697218E+01    1
    0.306356401660637125E+02    0.618561873962041275E+01    0.910195965566637177E+00   -0.232265934505331052E+04   -0.740515351937697464E+01    1
    0.298519417140766805E+02    0.677501515744978988E+01    0.803614034278101741E+00   -0.230247442671314775E+04   -0.741515351937697265E+01    1
    0.287365915223686699E+02    0.911133862955620977E+01    0.658714030896215830E+00   -0.228508964508925737E+04   -0.742515351937696799E+01    1
    0.306538059334589548E+02    0.751311941948824114E+01    0.921241965266993423E+00   -0.224272772021115816E+04   -0.743515351937697044E+01    1
    0.292307918609111574E+02    0.721153304884288815E+01    0.993131724772097213E+00   -0.224112303600077939E+04   -0.744515351937697023E+01    1
    0.309084527340704120E+02    0.734512048314549215E+01    0.874191202288150393E+00   -0.223571352484610634E+04   -0.745515351937696646E+01    1
    0.280575174326882788E+02    0.813601278217094759E+01    0.786233534091711039E+00   -0.217059989175126475E+04   -0.746515351937696536E+01    1
    0.308051521871779315E+02    0.612729986920492653E+01    0.768054298619415543E+00   -0.217054309530584214E+04   -0.747515351937696515E+01    1
    0.367814632901101817E+02    0.252259509824674000E+01    0.637002090054176962E+00   -0.212094950950115390E+04   -0.748515351937696671E+01    1
    0.302116274223022607E+02    0.652622048712103897E+01    0.956011794546976712E+00   -0.208866002138736349E+04   -0.749515351937696561E+01    1
    0.320310081593814715E+02    0.528931870211497568E+01    0.780505982711054314E+00   -0.205526612119332276E+04   -0.750515351937696362E+01    1
    0.293208018869324789E+02    0.859167473526618508E+01    0.671285049316225901E+00   -0.201374948358396796E+04   -0.751515351937696874E+01    1
    0.329922701086535000E+02    0.580738188552735934E+01    0.689135079146662832E+00   -0.199341584685059092E+04   -0.752515351937696853E+01    1
    0.296502495729349818E+02    0.833684207401729793E+01    0.659583276601389046E+00   -0.194325366778428042E+04   -0.753515351937696742E+01    1
    0.296405491882021579E+02    0.698674272723209899E+01    0.915868493545899165E+00   -0.193794726497270608E+04   -0.754515351937696721E+01    1
    0.354782998784739476E+02    0.376395101003112176E+01    0.903704354382772523E+00   -0.192366847748042073E+04   -0.755515351937696877E+01    1
    0.297909638286916234E+02    0.689760119598853372E+01    0.814885181439612527E+00   -0.191482378060725841E+04   -0.756515351937697211E+01    1
    0.284773322819619850E+02    0.788830699459983364E+01    0.915653854605461115E+00   -0.187455699527521710E+04   -0.757515351937696835E+01    1
    0.275668819052286693E+02    0.862106422858013843E+01    0.988296927013116111E+00   -0.184833905102725043E+04   -0.758515351937696991E+01    1
    0.261361634573721631E+02    0.977153290748826109E+01    0.566256466354479349E+00   -0.182083314789535871E+04   -0.759515351937697325E+01    1
    0.297751235961914062E+02    0.800324082374572754E+01    0.991698563098907471E+00   -0.181703244517850794E+04   -0.760515351937697126E+01    1
    0.261795668616485067E+02    0.976778279735154520E+01    0.720767835351823427E+00   -0.178488096749075476E+04   -0.761515351937696572E+01    1
    0.330553652359592007E+02    0.574322657179255636E+01    0.624000270427007342E+00   -0.173467780985351010E+04   -0.762515351937696639E+01    1
    0.271944074077300044E+02    0.896218394989983658E+01    0.666926379589752094E+00   -0.172389906991346470E+04   -0.763515351937696973E+01    1
    0.264848902561073558E+02    0.955452522637095214E+01    0.739606398915618857E+00   -0.171159783616778759E+04   -0.764515351937696952E+01    1
    0.283066365488804728E+02    0.898592996410326350E+01    0.980737514281216249E+00   -0.169269710485776295E+04   -0.765515351937697019E+01    1
    0.328263831138610840E+02    0.481529772281646729E+01    0.760650157928466797E+00   -0.167786767903977716E+04   -0.766515351937697087E+01    1
    0.350349814262877004E+02    0.416770309975078046E+01    0.636472289893139753E+00   -0.166579678405758796E+04   -0.767515351937697066E+01    1
    0.270293616375140680E+02    0.917206905053999755E+01    0.965315048419160160E+00   -0.165907907586376291E+04   -0.768515351937697044E+01    1
    0.363588981125271005E+02    0.294791348557883248E+01    0.592146910999399867E+00   -0.163822674261835573E+04   -0.769515351937697201E+01    1
    0.264159692468751999E+02    0.971924837813335607E+01    0.810122212405026465E+00   -0.159007504588768279E+04   -0.770515351937697446E+01    1
    0.274795169106713963E+02    0.960834301753510545E+01    0.816220059469802806E+00   -0.158892687842597820E+04   -0.771515351937697069E+01    1
    0.273522754824729510E+02    0.891920237688402828E+01    0.808850618867270832E+00   -0.155871483634111155E+04   -0.772515351937696959E+01    1
    0.278215437978944991E+02    0.943553851895393692E+01    0.735342881541341420E+00   -0.155589568833153226E+04   -0.773515351937697382E+01    1
    0.292824741393949175E+02    0.835428665755042488E+01    0.837962925558186411E+00   -0.155574734332869866E+04   -0.774515351937697538E+01    1
    0.360323065711022394E+02    0.328973136302909364E+01    0.733065760044398385E+00   -0.154788743505052435E+04   -0.775515351937697517E+01    1
    0.291633807794224964E+02    0.752795931136281737E+01    0.530157892326930447E+00   -0.154163536581534527E+04   -0.776515351937697407E+01    1
    0.327670633077382831E+02    0.594515263025073892E+01    0.571427950092730175E+00   -0.150180915937993609E+04   -0.777515351937697297E+01    1
    0.274131230163998865E+02    0.892385109039286206E+01    0.893039916010134438E+00   -0.149712810073010769E+04   -0.778515351937696565E+01    1
    0.263762552154963004E+02    0.996027984215210438E+01    0.856895577695259814E+00   -0.149583481812878404E+04   -0.779515351937696011E+01    1
    0.266676581651883886E+02    0.993065863406848770E+01    0.876352989880889943E+00   -0.149413252550422953E+04   -0.780515351937696522E+01    1
    0.297645162436910695E+02    0.789462538442306272E+01    0.994860000205245454E+00   -0.148975569012178926E+04   -0.781515351937697123E+01    1
    0.347012862328480125E+02    0.437501213701254876E+01    0.697972971485117943E+00   -0.147456159269775117E+04   -0.782515351937697279E+01    1
    0.270243628542107324E+02    0.922859182223770169E+01    0.690068156194020621E+00   -0.146919840173795137E+04   -0.783515351937697524E+01    1
    0.270232728614503230E+02    0.963850135472358005E+01    0.928198570464964234E+00   -0.145950466042425251E+04   -0.784515351937695993E+01    1
    0.264509285989465148E+02    0.997685036807839687E+01    0.832616038456564289E+00   -0.145450166942178089E+04   -0.785515351937696593E+01    1
    0.279703126282613610E+02    0.846152201736218679E+01    0.584224668730305874E+00   -0.144570351470435412E+04   -0.786515351937697016E+01    1
    0.276568377686049836E+02    0.944044095109392423E+01    0.779826240042377328E+00   -0.144499191729571521E+04   -0.787515351937697172E+01    1
    0.280927261205976322E+02    0.837463560073909719E+01    0.541596490700981370E+00   -0.143663407009986418E+04   -0.788515351937697417E+01    1
    0.332865208877870202E+02    0.546562037407890955E+01    0.697859347251094442E+00   -0.143447645801169779E+04   -0.789515351937696952E+01    1
    0.273065235674078934E+02    0.941903868726343951E+01    0.952787129464149896E+00   -0.142015443138008732E+04   -0.790515351937697019E+01    1
    0.324850058627819536E+02    0.606485933379055275E+01    0.698706300546138914E+00   -0.140120461200232512E+04   -0.791515351937696643E+01    1
    0.276325475533550389E+02    0.875612592195274786E+01    0.590691453959793278E+00   -0.138933882915452114E+04   -0.792515351937696444E+01    1
    0.273411161519488743E+02    0.909651087523057811E+01    0.885544276269490060E+00   -0.137659302090423262E+04   -0.793515351937696778E+01    1
    0.282508768814575397E+02    0.924236972942679103E+01    0.532321555008038017E+00   -0.136520283279609384E+04   -0.794515351937696490E+01    1
    0.308690153426185674E+02    0.622708388127709345E+01    0.860110551328853834E+00   -0.135646895554447497E+04   -0.795515351937696735E+01    1
    0.300508018018865855E+02    0.691429886462367627E+01    0.559927156418757455E+00   -0.134579488073753737E+04   -0.796515351937696447E+01    1
    0.267387561605334803E+02    0.958704754054508435E+01    0.686977480855606282E+00   -0.134044092025081727E+04   -0.797515351937695893E+01    1
    0.282294833660125732E+02    0.907163083553314209E+01    0.710499376058578491E+00   -0.133730496778816223E+04   -0.798515351937696582E+01    1
    0.351669144630432129E+02    0.396234273910522461E+01    0.733286201953887939E+00   -0.133426412077290752E+04   -0.799515351937696650E+01    1
    0.281032111453451954E+02    0.845965781737074884E+01    0.924996854054767503E+00   -0.130656198187171276E+04   -0.800515351937696096E+01    1
    0.360867261781388109E+02    0.310201642519658893E+01    0.641515928242986755E+00   -0.127550536701058559E+04   -0.801515351937696785E+01    1
    0.281365279611199348E+02    0.894182295186039866E+01    0.861892553811071105E+00   -0.127352365864521835E+04   -0.802515351937697652E+01    1
    0.321425545215606689E+02    0.638262689113616943E+01    0.536947786808013916E+00   -0.125952827061738299E+04   -0.803515351937696920E+01    1
    0.334102479039749056E+02    0.452496816981464267E+01    0.703989305996371439E+00   -0.124597630069839647E+04   -0.804515351937696543E+01    1
    0.299314213034949788E+02    0.696840751370987554E+01    0.979050987699099151E+00   -0.123162694913712949E+04   -0.805515351937697233E+01    1
    0.298941717327175667E+02    0.795841877871831382E+01    0.621808887470028271E+00   -0.123100523803235887E+04   -0.806515351937697034E+01    1
    0.338911317953992750E+02    0.496993471852783930E+01    0.661698516484777621E+00   -0.121575812565442902E+04   -0.807515351937696657E+01    1
    0.283933282370230557E+02    0.827089893746147276E+01    0.903992389446868660E+00   -0.120550109846707278E+04   -0.808515351937696636E+01    1
    0.277280903971927657E+02    0.946815358403807750E+01    0.563409987718344940E+00   -0.119950554680878304E+04   -0.809515351937696259E+01    1
    0.310647392272949219E+02    0.695013821125030518E+01    0.861250042915344238E+00   -0.117508934268265193E+04   -0.810515351937696593E+01    1
    0.306038328531347830E+02    0.654163809947175423E+01    0.597916860088967383E+00   -0.117378438307623333E+04   -0.811515351937696572E+01    1
    0.274167293867780515E+02    0.919884519702191739E+01    0.737800282225806625E+00   -0.116653619358101673E+04   -0.812515351937696728E+01    1
    0.312428324928925214E+02    0.695740248751448931E+01    0.632790178091999889E+00   -0.115641936158447606E+04   -0.813515351937696707E+01    1
    0.345151479416867559E+02    0.445528337647190664E+01    0.695274468542636748E+00   -0.115557524689923321E+04   -0.814515351937696508E+01    1
    0.294004204335402193E+02    0.806199582606193133E+01    0.882591060153562035E+00   -0.115548031151966779E+04   -0.815515351937696664E+01    1
    0.355725769166491403E+02    0.359089432078745263E+01    0.587374186570978396E+00   -0.115429163480184411E+04   -0.816515351937696643E+01    1
    0.302202391624450684E+02    0.681135594844818115E+01    0.668816268444061279E+00   -0.115300207921865922E+04   -0.817515351937696622E+01    1
    0.284481633047534146E+02    0.833900991060927410E+01    0.957531804279773802E+00   -0.113982486971217872E+04   -0.818515351937696600E+01    1
    0.275446101740837825E+02    0.936519351417308066E+01    0.675187026980376026E+00   -0.113367403872809768E+04   -0.819515351937696224E+01    1
    0.278885362002839159E+02    0.868255040524324606E+01    0.538951313817756739E+00   -0.112769071396206073E+04   -0.820515351937696558E+01    1
    0.273564487137121013E+02    0.915434358205644827E+01    0.543976319616753301E+00   -0.111291835506599023E+04   -0.821515351937696714E+01    1
    0.267534079362387232E+02    0.997968786291036203E+01    0.531569337967022104E+00   -0.111207600977382526E+04   -0.822515351937696693E+01    1
    0.285564032584696328E+02    0.879888094941329868E+01    0.636952904503588879E+00   -0.111066510657454000E+04   -0.823515351937696671E+01    1
    0.353146437544968563E+02    0.380867768883557378E+01    0.620667881730799453E+00   -0.110350706425195267E+04   -0.824515351937696295E+01    1
    0.282729767660287692E+02    0.840354464173338656E+01    0.703240604591255258E+00   -0.109224459844229295E+04   -0.825515351937696096E+01    1
    0.267598804746350503E+02    0.988711911586300296E+01    0.528231216312345930E+00   -0.107887366390936677E+04   -0.826515351937696252E+01    1
    0.282214339642410117E+02    0.843604509320030260E+01    0.571745316640303480E+00   -0.107698054806470418E+04   -0.827515351937696408E+01    1
    0.287773388248990578E+02    0.828102043738290305E+01    0.949736264618251669E+00   -0.107293979273940795E+04   -0.828515351937696565E+01    1
    0.286984779066729274E+02    0.804780075442672072E+01    0.659171870275679250E+00   -0.106696989747032922E+04   -0.829515351937696543E+01    1
    0.359834796872233227E+02    0.307130518698624622E+01    0.724505575382092926E+00   -0.106312714768222077E+04   -0.830515351937696344E+01    1
    0.293907262499285231E+02    0.801779660418294426E+01    0.874493924740450290E+00   -0.106155698238783498E+04   -0.831515351937696146E+01    1
    0.308512775231033665E+02    0.709889289037052151E+01    0.794484255953205931E+00   -0.105789235572931693E+04   -0.832515351937696302E+01    1
    0.292041521115035678E+02    0.764270921168340678E+01    0.646060701929353498E+00   -0.105104764643785848E+04   -0.833515351937696813E+01    1
    0.320993724191468743E+02    0.630735431204212738E+01    0.614762287277513808E+00   -0.104612556726556204E+04   -0.834515351937696437E+01    1
    0.271624076033692035E+02    0.940992231892074038E+01    0.524196553963488521E+00   -0.103842257035801003E+04   -0.835515351937696593E+01    1
    0.312719852702596306E+02    0.687375903743322070E+01    0.656963821561854511E+00   -0.101346696413072686E+04   -0.836515351937696927E+01    1
    0.283900000701088935E+02    0.840952573841331130E+01    0.746233781040198663E+00   -0.999730083723983171E+03   -0.837515351937696906E+01    1
    0.325907929839597017E+02    0.509148570460483541E+01    0.797894858453131794E+00   -0.999404217340214245E+03   -0.838515351937696174E+01    1
    0.285309088230133057E+02    0.823461055755615234E+01    0.647497683763504028E+00   -0.997492996495820307E+03   -0.839515351937695975E+01    1
    0.332926876172464858E+02    0.538338643630551061E+01    0.642680951594668759E+00   -0.993898750802440873E+03   -0.840515351937696487E+01    1
    0.299225000638882648E+02    0.771467763841921439E+01    0.778211606802595712E+00   -0.992552986130915087E+03   -0.841515351937696821E+01    1
    0.287763802612609609E+02    0.806082199983020153E+01    0.755422183925073543E+00   -0.980607349776354567E+03   -0.842515351937696266E+01    1
    0.308467179872731165E+02    0.703550231864505093E+01    0.834328324953277800E+00   -0.955514696379272095E+03   -0.843515351937695534E+01    1
    0.320076334476470947E+02    0.625959753990173340E+01    0.762991786003112793E+00   -0.952601454123623625E+03   -0.844515351937695691E+01    1
    0.300499265338062074E+02    0.700795987116718599E+01    0.962262870111833202E+00   -0.949176506196018636E+03   -0.845515351937696202E+01    1
    0.301337213825013741E+02    0.764257047532726830E+01    0.656023499271959576E+00   -0.937604593751471612E+03   -0.846515351937696536E+01    1
    0.286111725507114869E+02    0.821688765071925431E+01    0.653504178246184231E+00   -0.934300360989031674E+03   -0.847515351937696160E+01    1
    0.335273372602983883E+02    0.518778048568190719E+01    0.637161393019121891E+00   -0.922543359195174389E+03   -0.848515351937696316E+01    1
    0.330713374407169454E+02    0.555199703965622771E+01    0.597905589494877487E+00   -0.915046459652925478E+03   -0.849515351937696295E+01    1
    0.282221650992174169E+02    0.861374786607361287E+01    0.625969609379767644E+00   -0.908668881132458978E+03   -0.850515351937696629E+01    1
    0.313694500043591198E+02    0.661632358373210927E+01    0.893976069874364621E+00   -0.899193426887254191E+03   -0.851515351937696785E+01    1
    0.278838051029636134E+02    0.900058025885733848E+01    0.567510449863663724E+00   -0.895207695940957137E+03   -0.852515351937696408E+01    1
    0.339087698379853251E+02    0.482273188660140217E+01    0.786146136902749704E+00   -0.886835239229279750E+03   -0.853515351937696032E+01    1
    0.287336576091713738E+02    0.824328944821666099E+01    0.735971061081050593E+00   -0.881662145906274645E+03   -0.854515351937695655E+01    1
    0.343800902964632513E+02    0.385001325234887615E+01    0.963850836387598386E+00   -0.880706546139114721E+03   -0.855515351937696344E+01    1
    0.304498886073586021E+02    0.723631394482304824E+01    0.873476254028524912E+00   -0.879205457994100243E+03   -0.856515351937696323E+01    1
    0.280796552904404706E+02    0.891313575098913091E+01    0.577508475469960980E+00   -0.878210918419694963E+03   -0.857515351937696124E+01    1
    0.315928908364386274E+02    0.639965782349465329E+01    0.979314791649467553E+00   -0.864433711891625535E+03   -0.858515351937696103E+01    1
    0.290820961189652039E+02    0.786223073315528875E+01    0.675592090662860301E+00   -0.862740701120118274E+03   -0.859515351937696259E+01    1
    0.305164069114686676E+02    0.671358983552729605E+01    0.594775289231167958E+00   -0.849369417628807923E+03   -0.860515351937696771E+01    1
    0.348486350088608177E+02    0.382136618407928363E+01    0.578810023229093473E+00   -0.846356093509439461E+03   -0.861515351937696039E+01    1
    0.296519213927205563E+02    0.764280570113531343E+01    0.895695880813311973E+00   -0.840379683003620471E+03   -0.862515351937695662E+01    1
    0.331492275693673264E+02    0.469921883811616148E+01    0.926834352764035918E+00   -0.840246189526451417E+03   -0.863515351937696352E+01    1
    0.334179459907346867E+02    0.463173971376902749E+01    0.655827132002725910E+00   -0.839905914907727606E+03   -0.864515351937696508E+01    1
    0.320987126395310085E+02    0.614398508854308556E+01    0.782784178714491352E+00   -0.835692227266500367E+03   -0.865515351937695954E+01    1
    0.290892456405091622E+02    0.789222220356860582E+01    0.697477646538875562E+00   -0.834393661844387680E+03   -0.866515351937696288E+01    1
    0.297040651002945530E+02    0.762182459517797639E+01    0.884621927366307403E+00   -0.830178292757905069E+03   -0.867515351937696266E+01    1
    0.301887480220590412E+02    0.763856774775168823E+01    0.552444976138992683E+00   -0.825615086327643212E+03   -0.868515351937696423E+01    1
    0.322628527953580999E+02    0.612148264082832494E+01    0.603236280213559461E+00   -0.815178578221498583E+03   -0.869515351937696934E+01    1
    0.293385819031524484E+02    0.817871555290361307E+01    0.566995105679249489E+00   -0.811255075117556089E+03   -0.870515351937696735E+01    1
    0.319908712466920235E+02    0.617587303156502898E+01    0.841478301095184289E+00   -0.802514589963015851E+03   -0.871515351937696181E+01    1
    0.345684482502741588E+02    0.432922565984370689E+01    0.658493623984674703E+00   -0.801766515820538871E+03   -0.872515351937695982E+01    1
    0.351948517778180943E+02    0.379308639802482528E+01    0.728231326699431691E+00   -0.800569474959317517E+03   -0.873515351937696316E+01    1
    0.303071672808788399E+02    0.689797426538411695E+01    0.972845337891565576E+00   -0.799112502406236672E+03   -0.874515351937695762E+01    1
    0.328553789245485248E+02    0.503639546138008320E+01    0.624127310654881251E+00   -0.798593868282219773E+03   -0.875515351937695741E+01    1
    0.292938070127058694E+02    0.791439333543324786E+01    0.766933621390012199E+00   -0.796586526319624227E+03   -0.876515351937696252E+01    1
    0.292269564035024914E+02    0.777995845520150375E+01    0.500331487852024748E+00   -0.787610716881310623E+03   -0.877515351937696231E+01    1
    0.333606164792455786E+02    0.521931554126513575E+01    0.756451974038183650E+00   -0.784910264095836737E+03   -0.878515351937696209E+01    1
    0.341092519699872980E+02    0.465206373618382507E+01    0.755662738689980906E+00   -0.782399612922019287E+03   -0.879515351937696188E+01    1
    0.295661201451147875E+02    0.799635428671890480E+01    0.579964987444441360E+00   -0.776582636935658911E+03   -0.880515351937695812E+01    1
    0.285079379554274013E+02    0.856557268857309850E+01    0.561694665289045214E+00   -0.771239806903691374E+03   -0.881515351937695790E+01    1
    0.286115748870428277E+02    0.836226915665481840E+01    0.554864708217672198E+00   -0.768503686334481586E+03   -0.882515351937695769E+01    1
    0.290437667048959369E+02    0.796169708650728136E+01    0.578467016902885711E+00   -0.763085714863839712E+03   -0.883515351937695925E+01    1
    0.356390094757080078E+02    0.336699724197387695E+01    0.912861406803131104E+00   -0.758204013076846877E+03   -0.884515351937695904E+01    1
    0.303301049974285455E+02    0.731486116867664826E+01    0.770158255810605707E+00   -0.750172208485315878E+03   -0.885515351937696238E+01    1
    0.322456024481946031E+02    0.595579996452058058E+01    0.876875357334458094E+00   -0.745809381928909488E+03   -0.886515351937696394E+01    1
    0.310189469010253447E+02    0.697517578557262219E+01    0.616971810739549986E+00   -0.743850662993209426E+03   -0.887515351937696018E+01    1
    0.314206077407527786E+02    0.661551834661215032E+01    0.731730878882728475E+00   -0.741561839482218829E+03   -0.888515351937696174E+01    1
    0.299479528035549691E+02    0.748176327915908601E+01    0.804553625127035654E+00   -0.731156950571241168E+03   -0.889515351937696330E+01    1
    0.291426201215899887E+02    0.789419918491339079E+01    0.509365224655465076E+00   -0.726549081234666460E+03   -0.890515351937696309E+01    1
    0.334100303705567825E+02    0.518665716594286152E+01    0.705198230072702437E+00   -0.724475020147553323E+03   -0.891515351937696288E+01    1
    0.311998549208949569E+02    0.621502742475119874E+01    0.703880807088917537E+00   -0.723756794259909839E+03   -0.892515351937696089E+01    1
    0.294186808679007932E+02    0.783590603930025331E+01    0.700433994772525548E+00   -0.715450624218650887E+03   -0.893515351937696423E+01    1
    0.319083674901616376E+02    0.628242760735073791E+01    0.693801342442097679E+00   -0.704760070089332999E+03   -0.894515351937696579E+01    1
    0.327720737028234268E+02    0.502713843496599200E+01    0.845678288999824335E+00   -0.703493457263675737E+03   -0.895515351937696202E+01    1
    0.296402759741745783E+02    0.788522966718847407E+01    0.587523822182867694E+00   -0.702791466730181583E+03   -0.896515351937696181E+01    1
    0.330644366062727926E+02    0.538784376703279477E+01    0.807271950455549336E+00   -0.701783785041223950E+03   -0.897515351937695982E+01    1
    0.332881636320696970E+02    0.465959920451117249E+01    0.867498776479651457E+00   -0.700981726883518604E+03   -0.898515351937695428E+01    1
    0.346470627775706248E+02    0.377760486372735471E+01    0.846067219370701395E+00   -0.700787602715999697E+03   -0.899515351937695407E+01    1
    0.309129237515025537E+02    0.685913597368450922E+01    0.835719721392359505E+00   -0.697877881738674660E+03   -0.900515351937695741E+01    1
    0.288271215208066778E+02    0.824393195714437432E+01    0.533717943463881683E+00   -0.697412632864661191E+03   -0.901515351937696252E+01    1
    0.297081060505008274E+02    0.744369287929026680E+01    0.519284567640487138E+00   -0.692994892894637132E+03   -0.902515351937696408E+01    1
    0.298992599108543686E+02    0.732932983346339206E+01    0.774720453537876663E+00   -0.692589885135887243E+03   -0.903515351937696032E+01    1
    0.294901340688676932E+02    0.770998462566476661E+01    0.686720925596808862E+00   -0.689576908251929012E+03   -0.904515351937695833E+01    1
    0.328546920253597676E+02    0.553986706719901711E+01    0.798824357184407585E+00   -0.688236180720367429E+03   -0.905515351937695989E+01    1
    0.324031075553553336E+02    0.599584331295715778E+01    0.556938182655285829E+00   -0.675289248467097536E+03   -0.906515351937695790E+01    1
    0.292244352693654577E+02    0.787512895646404143E+01    0.528287645472465539E+00   -0.674201215117672064E+03   -0.907515351937695591E+01    1
    0.327351490015518891E+02    0.569540997338716792E+01    0.654178512617758834E+00   -0.671698555025812766E+03   -0.908515351937695925E+01    1
    0.341256517069667353E+02    0.421149877499474101E+01    0.675863976271556588E+00   -0.670265275483312053E+03   -0.909515351937696437E+01    1
    0.343606679617099431E+02    0.445380459645435511E+01    0.645184696689823478E+00   -0.669893364117693864E+03   -0.910515351937696060E+01    1
    0.335476416306881546E+02    0.445399653127383033E+01    0.987426591958468824E+00   -0.660391351475930605E+03   -0.911515351937695506E+01    1
    0.347275572314184586E+02    0.368556576051219986E+01    0.962957164267255528E+00   -0.653625730716221369E+03   -0.912515351937696195E+01    1
    0.303537430596682896E+02    0.700904272636933179E+01    0.868644080926495032E+00   -0.651980326396650071E+03   -0.913515351937696529E+01    1
    0.320875280525231119E+02    0.607834397279663108E+01    0.780455600968593899E+00   -0.642556680661846485E+03   -0.914515351937696153E+01    1
    0.324017582659743226E+02    0.574277551285297339E+01    0.988149092485324232E+00   -0.635730811713747244E+03   -0.915515351937696131E+01    1
    0.309473944731250512E+02    0.649837059055868238E+01    0.544131429371109698E+00   -0.628154037360790539E+03   -0.916515351937695577E+01    1
    0.343382293899218922E+02    0.417937125552318101E+01    0.584148932178925051E+00   -0.625922595927502925E+03   -0.917515351937695733E+01    1
    0.340600838378989721E+02    0.426331318562100048E+01    0.681455536865550271E+00   -0.624451303057243308E+03   -0.918515351937696067E+01    1
    0.350593275368418915E+02    0.382423623408062685E+01    0.727476993842071762E+00   -0.624118448425233851E+03   -0.919515351937696046E+01    1
    0.311684108700320479E+02    0.671623639177749787E+01    0.746083511107025421E+00   -0.623904572170607366E+03   -0.920515351937696202E+01    1
    0.292172550225935090E+02    0.800654300855647705E+01    0.542860756087027663E+00   -0.623101172265536775E+03   -0.921515351937696536E+01    1
    0.317166326730990846E+02    0.595310038019954035E+01    0.513338754887244009E+00   -0.614578144741944584E+03   -0.922515351937696337E+01    1
    0.309944997142992058E+02    0.676981558635837466E+01    0.808005010150885994E+00   -0.611291074915287709E+03   -0.923515351937695961E+01    1
    0.307460232356039924E+02    0.663412895846471784E+01    0.800560824180894803E+00   -0.610660266697331963E+03   -0.924515351937695584E+01    1
    0.349364819170483614E+02    0.392244185772750820E+01    0.683939785987744187E+00   -0.608236915730852388E+03   -0.925515351937695918E+01    1
    0.344906208519845876E+02    0.431114073783594787E+01    0.690570440609257208E+00   -0.606925171255634609E+03   -0.926515351937696607E+01    1
    0.311370632442811726E+02    0.633602896645885316E+01    0.982396774767138936E+00   -0.604261089515719050E+03   -0.927515351937695876E+01    1
    0.308439787981737368E+02    0.659929961228577167E+01    0.909334676132114383E+00   -0.597939736444918026E+03   -0.928515351937695499E+01    1
    0.337475041808418581E+02    0.457096586378775527E+01    0.552936874335668960E+00   -0.590956978784960484E+03   -0.929515351937696188E+01    1
    0.343057099718659373E+02    0.444621147948185946E+01    0.714386790622984491E+00   -0.587629859941272343E+03   -0.930515351937696522E+01    1
    0.321451724706694222E+02    0.614855993579217053E+01    0.557191753866456807E+00   -0.587333625200143842E+03   -0.931515351937695790E+01    1
    0.306275350003830269E+02    0.716257531578498252E+01    0.597021627251107634E+00   -0.578811452683419930E+03   -0.932515351937696657E+01    1
    0.306584941856665196E+02    0.711547455825337849E+01    0.626252138374401746E+00   -0.578606476320181628E+03   -0.933515351937696458E+01    1
    0.312158149471134720E+02    0.626822259961947381E+01    0.756521402268087728E+00   -0.573834837837883697E+03   -0.934515351937696082E+01    1
    0.307601025532446535E+02    0.692066999244561298E+01    0.759223226754414782E+00   -0.572816987377948635E+03   -0.935515351937695883E+01    1
    0.343825620330867991E+02    0.407840010676848852E+01    0.693676129666951802E+00   -0.570445394524766698E+03   -0.936515351937696394E+01    1
    0.349371716933258085E+02    0.384415596892386136E+01    0.677808869250898782E+00   -0.569336144692525295E+03   -0.937515351937696728E+01    1
    0.312824607637038952E+02    0.621780469592845009E+01    0.777135752085268638E+00   -0.565852420712536514E+03   -0.938515351937696352E+01    1
    0.320131810675673592E+02    0.611463193311426068E+01    0.746395792169882832E+00   -0.565492819192700040E+03   -0.939515351937695797E+01    1
    0.348711461639009954E+02    0.395701720227861653E+01    0.756146135009798215E+00   -0.561330374380336025E+03   -0.940515351937695776E+01    1
    0.311665858520141761E+02    0.647052173265067943E+01    0.952601499278211028E+00   -0.559895970548895320E+03   -0.941515351937695755E+01    1
    0.314217830916127028E+02    0.657125395532808909E+01    0.660798679806700484E+00   -0.556300148482813370E+03   -0.942515351937696089E+01    1
    0.305241329425071548E+02    0.687996778539867737E+01    0.506017473451820021E+00   -0.553889499445859656E+03   -0.943515351937695712E+01    1
    0.327647955796579708E+02    0.569630588896915135E+01    0.521917077972547605E+00   -0.553638136024294795E+03   -0.944515351937694980E+01    1
    0.337477501145922076E+02    0.489905104500374300E+01    0.626806604688410762E+00   -0.553628323074734226E+03   -0.945515351937695137E+01    1
    0.337310177348441869E+02    0.447051143238958915E+01    0.729579602726914467E+00   -0.546833728794183116E+03   -0.946515351937695826E+01    1
    0.317424424174858615E+02    0.643177522222123166E+01    0.534053997407561987E+00   -0.542089415024069012E+03   -0.947515351937695982E+01    1
    0.315782393996912774E+02    0.603569519198750726E+01    0.622215953318228432E+00   -0.540309893867563233E+03   -0.948515351937695605E+01    1
    0.307267536587414014E+02    0.703341474268060196E+01    0.632038894853395816E+00   -0.536240788466635991E+03   -0.949515351937695584E+01    1
    0.335820273077274862E+02    0.492373588796048178E+01    0.858950210903363542E+00   -0.533197970261917703E+03   -0.950515351937695741E+01    1
    0.312444069251889864E+02    0.672804308057910916E+01    0.592286494828331178E+00   -0.531030844420039671E+03   -0.951515351937695897E+01    1
    0.302409429831773870E+02    0.730475016260210630E+01    0.625102968609398624E+00   -0.529614163836011926E+03   -0.952515351937695876E+01    1
    0.330943956874362755E+02    0.537697912693000646E+01    0.648087858654886939E+00   -0.529553956971120897E+03   -0.953515351937695854E+01    1
    0.308105826377868652E+02    0.664635002613067627E+01    0.733088374137878418E+00   -0.528670741052197286E+03   -0.954515351937695833E+01    1
    0.328153046987939945E+02    0.556830920666981921E+01    0.673919887748123170E+00   -0.526446793657012222E+03   -0.955515351937695989E+01    1
    0.323945453885806955E+02    0.581002609232873723E+01    0.779073452110146558E+00   -0.523935219835498401E+03   -0.956515351937696323E+01    1
    0.311069899378579251E+02    0.640188911619644685E+01    0.800947515182714120E+00   -0.521943643552052663E+03   -0.957515351937696302E+01    1
    0.311235583085742249E+02    0.670275601225449158E+01    0.707223819963052169E+00   -0.518004038263665507E+03   -0.958515351937695215E+01    1
    0.324652836502798792E+02    0.580879226460692522E+01    0.685869383338574057E+00   -0.514794743615166567E+03   -0.959515351937695371E+01    1
    0.323632958621932261E+02    0.574131529013651409E+01    0.927021326533126633E+00   -0.514753054812491428E+03   -0.960515351937695527E+01    1
    0.307296665786199412E+02    0.673982235935338370E+01    0.712189516434574066E+00   -0.509787033950182547E+03   -0.961515351937695861E+01    1
    0.340607071170263609E+02    0.461547930941163465E+01    0.680348690455747640E+00   -0.508668930613524196E+03   -0.962515351937695662E+01    1
    0.324072219225464337E+02    0.537173385943348425E+01    0.824416315098059793E+00   -0.506661394153994706E+03   -0.963515351937695286E+01    1
    0.315288876967647198E+02    0.621385727999779736E+01    0.960110513661119103E+00   -0.505978441422941955E+03   -0.964515351937695797E+01    1
    0.330177965167118543E+02    0.544047169015071663E+01    0.611720514076992128E+00   -0.505182728763748685E+03   -0.965515351937696309E+01    1
    0.339466771855457807E+02    0.464754705719810879E+01    0.840402268346209347E+00   -0.503869988640600695E+03   -0.966515351937695755E+01    1
    0.332411119074155650E+02    0.527903165983473510E+01    0.593466167248108745E+00   -0.502058545537436657E+03   -0.967515351937695556E+01    1
    0.299672038331591537E+02    0.741441848148970184E+01    0.517953114469945408E+00   -0.498282118496447026E+03   -0.968515351937696067E+01    1
    0.325316673826192044E+02    0.577038549229530684E+01    0.655419331093260005E+00   -0.498076678491381358E+03   -0.969515351937696224E+01    1
    0.308162303341277344E+02    0.675733462034295052E+01    0.762137284706900453E+00   -0.497830013544708549E+03   -0.970515351937696025E+01    1
    0.341243992861274776E+02    0.453692370284069479E+01    0.756091646294000830E+00   -0.496145233703433519E+03   -0.971515351937696003E+01    1
    0.318066778690821117E+02    0.587358779234056438E+01    0.661289879392787827E+00   -0.495325248904431078E+03   -0.972515351937696160E+01    1
    0.313531920681829845E+02    0.636805989517849280E+01    0.885973095596651161E+00   -0.495118959324993511E+03   -0.973515351937696316E+01    1
    0.339343985391945466E+02    0.434164170645999548E+01    0.760094577874412480E+00   -0.494644658882677959E+03   -0.974515351937696295E+01    1
    0.314435415065606385E+02    0.619795001076151486E+01    0.938981726610065959E+00   -0.492555309133166929E+03   -0.975515351937696273E+01    1
    0.313939363685582542E+02    0.618089781092314894E+01    0.745478585828160956E+00   -0.492550387986971145E+03   -0.976515351937695542E+01    1
    0.308786053500255200E+02    0.667261551369194628E+01    0.765883620790044906E+00   -0.490455973720165844E+03   -0.977515351937695698E+01    1
    0.318667430789342774E+02    0.580966856797283793E+01    0.745064264214726157E+00   -0.487138270282019334E+03   -0.978515351937696209E+01    1
    0.341464234383643301E+02    0.443761283656536687E+01    0.538748416494314375E+00   -0.485995445301405368E+03   -0.979515351937696011E+01    1
    0.314122799728591389E+02    0.619215258311615724E+01    0.623969791835711995E+00   -0.485571680404339645E+03   -0.980515351937695812E+01    1
    0.316054688519514748E+02    0.607228618644595652E+01    0.976658689047473327E+00   -0.484713682645981066E+03   -0.981515351937695613E+01    1
    0.339569902420043945E+02    0.469555556774139404E+01    0.634710550308227539E+00   -0.480194105162852907E+03   -0.982515351937695769E+01    1
    0.312969973243873554E+02    0.656189432348705193E+01    0.707841056237215716E+00   -0.479430827835594641E+03   -0.983515351937696103E+01    1
    0.329080369757910773E+02    0.535493237548585466E+01    0.918013251090283866E+00   -0.478595440156716336E+03   -0.984515351937696082E+01    1
    0.322644430720115025E+02    0.547870350870236678E+01    0.985750404847213213E+00   -0.472621076399620165E+03   -0.985515351937696060E+01    1
    0.324178674106248650E+02    0.572674082132475171E+01    0.846973160834742167E+00   -0.471849866982205072E+03   -0.986515351937695506E+01    1
    0.306964463439967936E+02    0.694732259542736053E+01    0.652554987374881712E+00   -0.470114959203936507E+03   -0.987515351937695307E+01    1
    0.321331991961607670E+02    0.612603762261661355E+01    0.513943760598345456E+00   -0.469039151066265504E+03   -0.988515351937695641E+01    1
    0.308473031977249335E+02    0.676219023586984491E+01    0.716978516096763330E+00   -0.467892238434743433E+03   -0.989515351937695975E+01    1
    0.333204924063309846E+02    0.487535293629335342E+01    0.572053219237036559E+00   -0.467625572572652743E+03   -0.990515351937695954E+01    1
    0.315892648867784587E+02    0.610926898469884350E+01    0.940372162228458097E+00   -0.467269969634168888E+03   -0.991515351937695577E+01    1
    0.335009026895151365E+02    0.458473513448141290E+01    0.891272263385364694E+00   -0.465137284734187404E+03   -0.992515351937695911E+01    1
    0.335751379346118739E+02    0.463828140143535794E+01    0.675495142819953820E+00   -0.462096052561135878E+03   -0.993515351937696067E+01    1
    0.331922249123203272E+02    0.520969735556746905E+01    0.779854575254793847E+00   -0.456244939066212964E+03   -0.994515351937695513E+01    1
    0.343061521889824661E+02    0.402725587534536356E+01    0.954202077500343027E+00   -0.453295471209806465E+03   -0.995515351937695492E+01    1
    0.341635173794451816E+02    0.448143620190142045E+01    0.766089980003333615E+00   -0.452304901580219394E+03   -0.996515351937695826E+01    1
    0.314378949774998482E+02    0.620932097251381165E+01    0.839987384175001628E+00   -0.449318373156159623E+03   -0.997515351937695982E+01    1
    0.312247741410026300E+02    0.656462816177804598E+01    0.714312838070582212E+00   -0.447015747592782645E+03   -0.998515351937696138E+01    1
    0.312155133963229474E+02    0.641160434874056762E+01    0.763607339940584051E+00   -0.439921965565138464E+03   -0.999515351937695584E+01    1
    0.305930786834072990E+02    0.704528175949691793E+01    0.580022070227457665E+00   -0.438560742516419623E+03   -0.100051535193769503E+02    1
    0.316356566130385133E+02    0.611029074444976850E+01    0.894158241339136239E+00   -0.437288874944155623E+03   -0.100151535193769536E+02    1
    0.345668119693818738E+02    0.385163902078995868E+01    0.999691960291450354E+00   -0.436072861455136263E+03   -0.100251535193769570E+02    1
    0.344133121349965876E+02    0.403870037763546819E+01    0.817282507713545048E+00   -0.434684725182359330E+03   -0.100351535193769603E+02    1
    0.313533919759385356E+02    0.641476059123005005E+01    0.760358471034444428E+00   -0.428352265014959471E+03   -0.100451535193769637E+02    1
    0.325311467756481321E+02    0.534644584339151407E+01    0.738296040106967255E+00   -0.426057262820939513E+03   -0.100551535193769475E+02    1
    0.313789358801125609E+02    0.641715564513569259E+01    0.744379603053764161E+00   -0.425077927782505867E+03   -0.100651535193769543E+02    1
    0.344184953527508810E+02    0.418665696557092026E+01    0.673210987348692780E+00   -0.423610425300878717E+03   -0.100751535193769577E+02    1
    0.312562853078932790E+02    0.648791962787302445E+01    0.724257195091101202E+00   -0.418308495255509115E+03   -0.100851535193769539E+02    1
    0.349059150827760192E+02    0.380289541383219420E+01    0.991707717267097388E+00   -0.417999405524707129E+03   -0.100951535193769484E+02    1
    0.327683329882001857E+02    0.517696969821129294E+01    0.744574112992703929E+00   -0.416878884397336094E+03   -0.101051535193769499E+02    1
    0.322939578441730362E+02    0.566226002475032519E+01    0.993621717230188106E+00   -0.416778602710302721E+03   -0.101151535193769551E+02    1
    0.322026811343718151E+02    0.559579933964594112E+01    0.743374557048416373E+00   -0.416723944560744599E+03   -0.101251535193769566E+02    1
    0.334852596266603442E+02    0.500416903633633403E+01    0.708642445958456935E+00   -0.416681410103892460E+03   -0.101351535193769582E+02    1
    0.316736656330294224E+02    0.605653524611276772E+01    0.567596087219468415E+00   -0.416466045116181704E+03   -0.101451535193769562E+02    1
    0.345767989563683926E+02    0.401359252322716120E+01    0.761554046237040261E+00   -0.414674496087941407E+03   -0.101551535193769507E+02    1
    0.319317010647867150E+02    0.596466090924532732E+01    0.878149271477582705E+00   -0.413743855352705737E+03   -0.101651535193769487E+02    1
    0.335547985336272703E+02    0.454223147708535446E+01    0.987990949352382963E+00   -0.412501393449116676E+03   -0.101751535193769485E+02    1
    0.305554597821988096E+02    0.699666942511981027E+01    0.508342320588242025E+00   -0.411625964261111903E+03   -0.101851535193769500E+02    1
    0.326921395604625786E+02    0.530205467711761802E+01    0.606602739795687462E+00   -0.407535728002381120E+03   -0.101951535193769534E+02    1
    0.333137313891365707E+02    0.504888460351518109E+01    0.882626049004078039E+00   -0.407410517383357728E+03   -0.102051535193769531E+02    1
    0.324439181145709981E+02    0.576729679488497293E+01    0.677151597950473194E+00   -0.402642833401572943E+03   -0.102151535193769565E+02    1
    0.319762681317547823E+02    0.582029184118434717E+01    0.924843535268134342E+00   -0.401405327189845821E+03   -0.102251535193769545E+02    1
    0.312737969514457212E+02    0.666956919042899887E+01    0.523164279284943912E+00   -0.401307107264151398E+03   -0.102351535193769507E+02    1
    0.306433647155917122E+02    0.706755556513801952E+01    0.502951965892801334E+00   -0.400300270671204089E+03   -0.102451535193769541E+02    1
    0.325465764488570741E+02    0.567363059244128820E+01    0.710342695316483641E+00   -0.398550453054904210E+03   -0.102551535193769521E+02    1
    0.320224684167742311E+02    0.599590162053173170E+01    0.755954400188976305E+00   -0.398328504965354568E+03   -0.102651535193769536E+02    1
    0.347776102332768033E+02    0.388193486861010006E+01    0.858045159720771888E+00   -0.396384295898990501E+03   -0.102751535193769570E+02    1
    0.346355306778021799E+02    0.390962422366725137E+01    0.865311907828454130E+00   -0.395805372500633212E+03   -0.102851535193769532E+02    1
    0.323160233671877677E+02    0.550276011816359123E+01    0.880480271565086681E+00   -0.394837770239143083E+03   -0.102951535193769512E+02    1
    0.332792986722169459E+02    0.476360392868264793E+01    0.931574088286789670E+00   -0.393188620119941334E+03   -0.103051535193769492E+02    1
    0.343546683930195655E+02    0.426948066154165673E+01    0.858994379180702872E+00   -0.393156923081810874E+03   -0.103151535193769526E+02    1
    0.331869561074946517E+02    0.527979148512817531E+01    0.528442247938339826E+00   -0.391004784002685938E+03   -0.103251535193769541E+02    1
    0.312083748165694956E+02    0.646295084833506284E+01    0.657968494454583386E+00   -0.389783467415879272E+03   -0.103351535193769539E+02    1
    0.325860252021249011E+02    0.552575253876733186E+01    0.895247986151960440E+00   -0.385550001957274389E+03   -0.103451535193769555E+02    1
    0.316872208523067371E+02    0.606081403527393903E+01    0.790516580596000829E+00   -0.385292172555743377E+03   -0.103551535193769570E+02    1
    0.323777928735078291E+02    0.552714544595162582E+01    0.629673249574083771E+00   -0.383929543870959037E+03   -0.103651535193769533E+02    1
    0.320078692319103482E+02    0.581965390196606158E+01    0.893587457814077668E+00   -0.381947083151959419E+03   -0.103751535193769513E+02    1
    0.315857581075195739E+02    0.640233909694792569E+01    0.576777063590836359E+00   -0.381778825607307112E+03   -0.103851535193769564E+02    1
    0.306753783051875502E+02    0.696341781095888024E+01    0.502965340351265611E+00   -0.381031073436790848E+03   -0.103951535193769562E+02    1
    0.322009463588929208E+02    0.561831026573536185E+01    0.775815396416640102E+00   -0.379303821367654280E+03   -0.104051535193769507E+02    1
    0.313025078841834095E+02    0.639695780351455312E+01    0.515534845524195040E+00   -0.378580274786996938E+03   -0.104151535193769558E+02    1
    0.321377906435744407E+02    0.592757480356663180E+01    0.723420997799428922E+00   -0.378419782770916754E+03   -0.104251535193769538E+02    1
    0.320374918463036948E+02    0.579836938294974225E+01    0.888233438556045751E+00   -0.375785700438071672E+03   -0.104351535193769482E+02    1
    0.336381962493737348E+02    0.485985706339656787E+01    0.718503241104245238E+00   -0.375547183039553374E+03   -0.104451535193769534E+02    1
    0.325727604702679940E+02    0.531780245524984174E+01    0.867833746313625420E+00   -0.373642747256190432E+03   -0.104551535193769531E+02    1
    0.342075450797205036E+02    0.437820626286410697E+01    0.685512148015557377E+00   -0.370208224502718849E+03   -0.104651535193769529E+02    1
    0.335330409643468172E+02    0.477741428841581062E+01    0.599831767992904941E+00   -0.368837360991531796E+03   -0.104751535193769580E+02    1
    0.309667717958388451E+02    0.683743264568976183E+01    0.502296531228386467E+00   -0.367978337573706995E+03   -0.104851535193769543E+02    1
    0.313522685423449126E+02    0.637282320102773703E+01    0.507000086534877381E+00   -0.367025190031695615E+03   -0.104951535193769523E+02    1
    0.314558606521214159E+02    0.645276500665343011E+01    0.592081691441737390E+00   -0.365573035002206211E+03   -0.105051535193769539E+02    1
    0.313167369823390018E+02    0.638718879707005982E+01    0.576576873349349928E+00   -0.364831922925494723E+03   -0.105151535193769536E+02    1
    0.337482254671348585E+02    0.475929262529416164E+01    0.743301938739935664E+00   -0.364140959312640007E+03   -0.105251535193769499E+02    1
    0.345305952960905316E+02    0.392043604472894636E+01    0.994463337778958789E+00   -0.364115312852161651E+03   -0.105351535193769514E+02    1
    0.340830935386870379E+02    0.436133968996351484E+01    0.710456021140401517E+00   -0.363125013141129671E+03   -0.105451535193769512E+02    1
    0.337361366108946470E+02    0.479424390803494216E+01    0.624946784073537098E+00   -0.363056003290060232E+03   -0.105551535193769528E+02    1
    0.324652081478518753E+02    0.562158425967064623E+01    0.837735841529288483E+00   -0.362850545872369480E+03   -0.105651535193769543E+02    1
    0.326816838361006106E+02    0.545155094460165124E+01    0.882086245917255485E+00   -0.361887676002507988E+03   -0.105751535193769524E+02    1
    0.341141552695330432E+02    0.420025291214111540E+01    0.956231907827450156E+00   -0.359408205997540335E+03   -0.105851535193769575E+02    1
    0.327099393005043879E+02    0.540082549804477363E+01    0.926870765820197784E+00   -0.359035124925285970E+03   -0.105951535193769573E+02    1
    0.322768900119248983E+02    0.595511220288245546E+01    0.502704014610317329E+00   -0.358767446507784371E+03   -0.106051535193769570E+02    1
    0.344033219905189327E+02    0.418051574322822184E+01    0.950697407802440275E+00   -0.357913594920032210E+03   -0.106151535193769551E+02    1
    0.326634601353595144E+02    0.540777839700497864E+01    0.954563967920931455E+00   -0.357862393193225614E+03   -0.106251535193769495E+02    1
    0.332377674722518535E+02    0.505774985417611056E+01    0.909234803626850052E+00   -0.357363942290175260E+03   -0.106351535193769458E+02    1
    0.336034236942554543E+02    0.488494062415704100E+01    0.682551366071885046E+00   -0.356883835726163682E+03   -0.106451535193769526E+02    1
    0.325855336388285508E+02    0.536765872614568007E+01    0.691098704776297201E+00   -0.356049991569893848E+03   -0.106551535193769560E+02    1
    0.321699154556572680E+02    0.568616599344867524E+01    0.671154196300170147E+00   -0.355902389724256068E+03   -0.106651535193769540E+02    1
    0.316293477071144657E+02    0.612756190463393935E+01    0.637878969412883468E+00   -0.355656967892316288E+03   -0.106751535193769556E+02    1
    0.331178215664017941E+02    0.521376990987512379E+01    0.761830672943425879E+00   -0.354955045047465887E+03   -0.106851535193769500E+02    1
    0.340108765073057455E+02    0.451371308573946095E+01    0.644978667582294163E+00   -0.354194206956490007E+03   -0.106951535193769480E+02    1
    0.327907178060074713E+02    0.529948032933072177E+01    0.560730945430806038E+00   -0.353838335903309030E+03   -0.107051535193769549E+02    1
    0.319891484457000139E+02    0.582867465783342897E+01    0.676211106865601819E+00   -0.353295946130062362E+03   -0.107151535193769494E+02    1
    0.315988650067196275E+02    0.616217547239054042E+01    0.598480717236516635E+00   -0.352537937647674141E+03   -0.107251535193769456E+02    1
    0.342980473085116842E+02    0.408167222963206910E+01    0.972101356546208661E+00   -0.351669569214862804E+03   -0.107351535193769543E+02    1
    0.336924407967846875E+02    0.460238858953764929E+01    0.711183085955341854E+00   -0.350549995487202523E+03   -0.107451535193769505E+02    1
    0.323068396805068403E+02    0.561391056466949312E+01    0.907140889781262727E+00   -0.349838977435283311E+03   -0.107551535193769414E+02    1
    0.330628060498660048E+02    0.516380133492364735E+01    0.923476572823195285E+00   -0.349588906818254202E+03   -0.107651535193769483E+02    1
    0.330699344558509978E+02    0.533695471761738727E+01    0.525311157323438027E+00   -0.348879588660533045E+03   -0.107751535193769499E+02    1
    0.325016777903254734E+02    0.565350694530507880E+01    0.733347440190365463E+00   -0.348322456927277244E+03   -0.107851535193769426E+02    1
    0.315404528068431276E+02    0.636093281996651516E+01    0.606829335390298596E+00   -0.347035131652361486E+03   -0.107951535193769441E+02    1
    0.316692654535669149E+02    0.623720721418179558E+01    0.652273266211899960E+00   -0.345295693678507519E+03   -0.108051535193769528E+02    1
    0.316254387915577126E+02    0.628342092849644374E+01    0.631189662652758665E+00   -0.344813490573098534E+03   -0.108151535193769561E+02    1
    0.329629230053559183E+02    0.503266963783210119E+01    0.928813472564060105E+00   -0.344375360936661195E+03   -0.108251535193769524E+02    1
    0.334328270973853563E+02    0.481525565227673802E+01    0.653256876155281163E+00   -0.341832571656096093E+03   -0.108351535193769521E+02    1
    0.331528071041616030E+02    0.501425679947185721E+01    0.633021507721126309E+00   -0.339322239073241803E+03   -0.108451535193769519E+02    1
    0.320000341824967407E+02    0.598296038977616718E+01    0.708745908238988531E+00   -0.339123738784093291E+03   -0.108551535193769482E+02    1
    0.314211490808343399E+02    0.649182665125205993E+01    0.534376215589560277E+00   -0.339010926486770813E+03   -0.108651535193769480E+02    1
    0.327788983797531586E+02    0.531609147539248461E+01    0.951310187506157146E+00   -0.338511851124571649E+03   -0.108751535193769477E+02    1
    0.326349152813322902E+02    0.553853182433468127E+01    0.759009457860587489E+00   -0.337798054730489184E+03   -0.108851535193769493E+02    1
    0.336889179062041961E+02    0.478761372645753447E+01    0.593321329429601585E+00   -0.337380038314215994E+03   -0.108951535193769473E+02    1
    0.313924004098539555E+02    0.640513272696034797E+01    0.596772376393524318E+00   -0.337286201596203796E+03   -0.109051535193769453E+02    1
    0.314479363135379621E+02    0.632373034917727583E+01    0.538671603649192865E+00   -0.336516291470525857E+03   -0.109151535193769469E+02    1
    0.342515641133146218E+02    0.411773043493032542E+01    0.985166429621280537E+00   -0.336493768418027685E+03   -0.109251535193769485E+02    1
    0.329054959582256288E+02    0.509092120599009323E+01    0.882517886406712027E+00   -0.336043190185230742E+03   -0.109351535193769500E+02    1
    0.341611626493120752E+02    0.439106008893960809E+01    0.789562687243410277E+00   -0.335586053995670966E+03   -0.109451535193769498E+02    1
    0.316185458683428209E+02    0.621200181172014609E+01    0.658827751017709851E+00   -0.335105955233164082E+03   -0.109551535193769460E+02    1
    0.335289210415846455E+02    0.472714951269738037E+01    0.698076458705805702E+00   -0.335086543159270263E+03   -0.109651535193769440E+02    1
    0.330531441615339148E+02    0.500165746100089237E+01    0.807131958765850310E+00   -0.333704633151094129E+03   -0.109751535193769456E+02    1
    0.332345607806283425E+02    0.504708342043018554E+01    0.548043208140435945E+00   -0.332511148115254855E+03   -0.109851535193769454E+02    1
    0.314341523662178233E+02    0.635496455600589538E+01    0.588259953596771745E+00   -0.332075889817759787E+03   -0.109951535193769434E+02    1
    0.323435309004232181E+02    0.561563893962820870E+01    0.862272010842518921E+00   -0.330811287309660429E+03   -0.110051535193769485E+02    1
    0.335741487368305229E+02    0.485391735521584256E+01    0.778313465759406187E+00   -0.329658900721892053E+03   -0.110151535193769536E+02    1
    0.329945836627815936E+02    0.509387295323296918E+01    0.693193288480191794E+00   -0.328931999650837099E+03   -0.110251535193769499E+02    1
    0.318747547315566635E+02    0.598643298036603522E+01    0.552284269164790009E+00   -0.327674917540538274E+03   -0.110351535193769461E+02    1
    0.335033186156462008E+02    0.493648838308548221E+01    0.684528128460568430E+00   -0.326139320249471609E+03   -0.110451535193769441E+02    1
    0.314780641398400363E+02    0.631748743876217311E+01    0.541386301797037284E+00   -0.325687697789939762E+03   -0.110551535193769439E+02    1
    0.329170686327793689E+02    0.522605437416366492E+01    0.936102553158699946E+00   -0.325381663821205109E+03   -0.110651535193769455E+02    1
    0.336271086326541706E+02    0.481916859594899805E+01    0.596329063499989376E+00   -0.325205771222415024E+03   -0.110751535193769488E+02    1
    0.319852440210760456E+02    0.590193711235798268E+01    0.558215466557144935E+00   -0.324807364588291591E+03   -0.110851535193769504E+02    1
    0.339602401960881366E+02    0.444372898250156112E+01    0.741781467880335388E+00   -0.324207481744315771E+03   -0.110951535193769502E+02    1
    0.328290658864021268E+02    0.516340768652229265E+01    0.874953920152674591E+00   -0.323854107410519532E+03   -0.111051535193769553E+02    1
    0.327391001624597777E+02    0.538896287904197813E+01    0.860672074248038932E+00   -0.323406409711014931E+03   -0.111151535193769551E+02    1
    0.340581697475920890E+02    0.445941054693985528E+01    0.817840887678234152E+00   -0.323284844392132356E+03   -0.111251535193769460E+02    1
    0.322345098206038685E+02    0.578147316542103340E+01    0.752599594234915514E+00   -0.323192862522529822E+03   -0.111351535193769493E+02    1
    0.318497025739503030E+02    0.604727351911593214E+01    0.687421110132782842E+00   -0.322886932006089069E+03   -0.111451535193769491E+02    1
    0.332175735600244053E+02    0.506789174586884883E+01    0.549540617420441690E+00   -0.322875210162001736E+03   -0.111551535193769507E+02    1
    0.324878564127160558E+02    0.547701118375549267E+01    0.881456600014791647E+00   -0.320505098070054828E+03   -0.111651535193769469E+02    1
    0.333233580674762990E+02    0.485170078493023649E+01    0.737315692470663642E+00   -0.319980478497166246E+03   -0.111751535193769467E+02    1
    0.341268437770275170E+02    0.439567494253579216E+01    0.774684304047572825E+00   -0.319774455245537524E+03   -0.111851535193769482E+02    1
    0.338354832862805850E+02    0.445451710746599350E+01    0.852781008981959299E+00   -0.319745327094489028E+03   -0.111951535193769498E+02    1
    0.319261807147079466E+02    0.605266745915225002E+01    0.647038656126269318E+00   -0.319667118701575589E+03   -0.112051535193769514E+02    1
    0.336526951996544668E+02    0.476694375615478894E+01    0.829977551838504191E+00   -0.319461272277037097E+03   -0.112151535193769529E+02    1
    0.344656091029109035E+02    0.405426056345394681E+01    0.935432927993700813E+00   -0.318979285855373917E+03   -0.112251535193769527E+02    1
    0.329655183788045747E+02    0.510481327062089996E+01    0.731179562644733605E+00   -0.318952890974579361E+03   -0.112351535193769525E+02    1
    0.341948149027418538E+02    0.433493621417094843E+01    0.823378738679432898E+00   -0.318722342717587992E+03   -0.112451535193769505E+02    1
    0.344485873378030050E+02    0.407067173731673471E+01    0.926932553471969678E+00   -0.318131712305247049E+03   -0.112551535193769485E+02    1
    0.344098687788966515E+02    0.411976272818466072E+01    0.907434134653653190E+00   -0.316896257015347658E+03   -0.112651535193769465E+02    1
    0.336923911009975825E+02    0.471152756234052639E+01    0.889116615635782592E+00   -0.316865881314542435E+03   -0.112751535193769428E+02    1
    0.340100337816467260E+02    0.448974942425724688E+01    0.824238689789577927E+00   -0.316565857989269603E+03   -0.112851535193769514E+02    1
    0.344637676692521353E+02    0.407064980457951187E+01    0.963378941435630409E+00   -0.316414524207877264E+03   -0.112951535193769441E+02    1
    0.329385091387445499E+02    0.519879766889060679E+01    0.936117959021671830E+00   -0.315464405804556122E+03   -0.113051535193769475E+02    1
    0.335019761910552916E+02    0.481756841170995109E+01    0.951755533104273965E+00   -0.315290848885312130E+03   -0.113151535193769508E+02    1
    0.341546241488728555E+02    0.435924028476291792E+01    0.794741581982204348E+00   -0.314356198228837457E+03   -0.113251535193769524E+02    1
    0.328541766564590318E+02    0.516390265251888270E+01    0.953491801771326308E+00   -0.314230015861765878E+03   -0.113351535193769486E+02    1
    0.338333334976842792E+02    0.460195178091073576E+01    0.677574348707621343E+00   -0.313599045213406157E+03   -0.113451535193769519E+02    1
    0.324376555278290652E+02    0.559069907416589906E+01    0.813553710861089519E+00   -0.313465943244019343E+03   -0.113551535193769464E+02    1
    0.342394279958238741E+02    0.423823318995426135E+01    0.838726153986340428E+00   -0.313141644677315639E+03   -0.113651535193769444E+02    1
    0.320879139423173072E+02    0.580099385652865784E+01    0.686169235338723094E+00   -0.312317886275160106E+03   -0.113751535193769477E+02    1
    0.331648921680348039E+02    0.515228220837662843E+01    0.529199461113103786E+00   -0.312277886888210332E+03   -0.113851535193769493E+02    1
    0.342074104052570078E+02    0.426660238056343211E+01    0.826871769659314415E+00   -0.311805729160045985E+03   -0.113951535193769544E+02    1
    0.339872938802725670E+02    0.450518809590245617E+01    0.742065597651598186E+00   -0.311356771595719806E+03   -0.114051535193769453E+02    1
    0.318056336677793361E+02    0.610425900803844979E+01    0.629809480714310088E+00   -0.309394211820857777E+03   -0.114151535193769433E+02    1
    0.324412100388908442E+02    0.560067224349907811E+01    0.535643444276024505E+00   -0.308486400081724014E+03   -0.114251535193769502E+02    1
    0.334664460721703705E+02    0.484070663563879222E+01    0.939596473952237332E+00   -0.307603109068499691E+03   -0.114351535193769465E+02    1
    0.343406698191282160E+02    0.410373422065195559E+01    0.974475675620160020E+00   -0.307520251154703260E+03   -0.114451535193769427E+02    1
    0.342888871880316586E+02    0.422069524393936035E+01    0.891486989159924192E+00   -0.307173569226015672E+03   -0.114551535193769425E+02    1
    0.325159725182378239E+02    0.544486121417781543E+01    0.799346391382353527E+00   -0.307147774975670416E+03   -0.114651535193769476E+02    1
    0.327525727345658737E+02    0.525569898250967693E+01    0.786571228083289276E+00   -0.307143089752941933E+03   -0.114751535193769509E+02    1
    0.329459028724940310E+02    0.522615226160122504E+01    0.875061907193059429E+00   -0.306635958598839466E+03   -0.114851535193769489E+02    1
    0.315660310289923807E+02    0.633374722450392014E+01    0.530873493108480199E+00   -0.306049077947621072E+03   -0.114951535193769505E+02    1
    0.323984617827788952E+02    0.580019754692499134E+01    0.530306839774233874E+00   -0.305834294847669526E+03   -0.115051535193769467E+02    1
    0.330818759513473424E+02    0.507648260713081534E+01    0.959689107312319711E+00   -0.305111588193823309E+03   -0.115151535193769430E+02    1
    0.334895251146451045E+02    0.482333386979100354E+01    0.647967557922816795E+00   -0.304899807647204000E+03   -0.115251535193769428E+02    1
    0.336754597157055002E+02    0.456711313942684427E+01    0.870387693591356815E+00   -0.304152663075839314E+03   -0.115351535193769426E+02    1
    0.329689491111133890E+02    0.516432456200063594E+01    0.930237713683409906E+00   -0.303421128755680570E+03   -0.115451535193769423E+02    1
    0.328979720847510038E+02    0.517427489651117156E+01    0.716110400488306986E+00   -0.303194305537184107E+03   -0.115551535193769439E+02    1
    0.319566170052694787E+02    0.596138655561524988E+01    0.542572501330491841E+00   -0.302739767687177505E+03   -0.115651535193769455E+02    1
    0.320842346046139042E+02    0.582817234402710582E+01    0.631646349134840634E+00   -0.302141745724757754E+03   -0.115751535193769453E+02    1
    0.324631772627674593E+02    0.558001199894981514E+01    0.551923916062903808E+00   -0.302135484461848478E+03   -0.115851535193769433E+02    1
    0.326457604207068428E+02    0.536817095676622458E+01    0.868659119725088802E+00   -0.301889777158101992E+03   -0.115951535193769448E+02    1
    0.339076044263898808E+02    0.455739119888226973E+01    0.801523087760196873E+00   -0.300366633082823910E+03   -0.116051535193769446E+02    1
    0.333580859954487963E+02    0.477657070964916564E+01    0.943434761176828895E+00   -0.299957774413459447E+03   -0.116151535193769408E+02    1
    0.329140282931069663E+02    0.516372434019455717E+01    0.725763331653492161E+00   -0.298316690556594381E+03   -0.116251535193769424E+02    1
    0.337634963764359242E+02    0.461782030115468967E+01    0.713455603258319138E+00   -0.298225529764884755E+03   -0.116351535193769458E+02    1
    0.321440906465344653E+02    0.578243964360639406E+01    0.652109421586059002E+00   -0.298187017238440717E+03   -0.116451535193769455E+02    1
    0.342894497213481486E+02    0.415221602194194883E+01    0.974119902515597769E+00   -0.298099990677757262E+03   -0.116551535193769418E+02    1
    0.321957011372066049E+02    0.573743835582610995E+01    0.689208973758010712E+00   -0.298025853915540324E+03   -0.116651535193769451E+02    1
    0.324374421359711320E+02    0.559620795056763498E+01    0.562257435117271998E+00   -0.297833939918584292E+03   -0.116751535193769502E+02    1
    0.318698915762026296E+02    0.615862188619088080E+01    0.515475473674152584E+00   -0.297815635464086029E+03   -0.116851535193769465E+02    1
    0.336222299015782369E+02    0.460748824441820126E+01    0.877435218472665257E+00   -0.297400717686783310E+03   -0.116951535193769445E+02    1
    0.316785088735070630E+02    0.624947098463144357E+01    0.527521181740679301E+00   -0.297339433608291131E+03   -0.117051535193769460E+02    1
    0.330419322493588510E+02    0.505423764517855467E+01    0.964318610726927261E+00   -0.296892065853213467E+03   -0.117151535193769476E+02    1
    0.337272311935758395E+02    0.471161269642286307E+01    0.709063225866557234E+00   -0.296852993823002294E+03   -0.117251535193769456E+02    1
    0.328198789259062238E+02    0.521312175793517874E+01    0.876791279294639070E+00   -0.296814659818512155E+03   -0.117351535193769418E+02    1
    0.334942373021180231E+02    0.491181698131715638E+01    0.665540289658216655E+00   -0.296550688308039639E+03   -0.117451535193769399E+02    1
    0.328221614029675024E+02    0.522823804389532221E+01    0.899868125531043006E+00   -0.296430620970028940E+03   -0.117551535193769414E+02    1
    0.333753514919057608E+02    0.500281314470252880E+01    0.603961262795621456E+00   -0.296392203377304213E+03   -0.117651535193769430E+02    1
    0.329570087293567724E+02    0.533501736048885000E+01    0.523901116677825129E+00   -0.295124241526643289E+03   -0.117751535193769463E+02    1
    0.330466962109008122E+02    0.506074375719754777E+01    0.956530119823961078E+00   -0.294534486176632640E+03   -0.117851535193769479E+02    1
    0.322184036597330845E+02    0.572536418573114236E+01    0.675824771198758945E+00   -0.294435124358471853E+03   -0.117951535193769459E+02    1
    0.330111999292978595E+02    0.505860777151943175E+01    0.894679483864436076E+00   -0.294003315376019543E+03   -0.118051535193769439E+02    1
    0.322079872168353347E+02    0.573621664301354706E+01    0.676249162805716009E+00   -0.293874416251462094E+03   -0.118151535193769472E+02    1
    0.333825110566875765E+02    0.499999665911277447E+01    0.654910042562057870E+00   -0.293546122876114509E+03   -0.118251535193769470E+02    1
    0.339477056062018931E+02    0.449390344177471768E+01    0.884731344071664427E+00   -0.293156935706643935E+03   -0.118351535193769397E+02    1
    0.330697270632120137E+02    0.501544255046598764E+01    0.873064539534191719E+00   -0.292471601360264003E+03   -0.118451535193769431E+02    1
    0.337470912249043948E+02    0.465292047879344395E+01    0.869527117099397895E+00   -0.292074972906064318E+03   -0.118551535193769446E+02    1
    0.333391359785904768E+02    0.503224473287633600E+01    0.620996761657846674E+00   -0.291807581091178577E+03   -0.118651535193769391E+02    1
    0.333528079593080307E+02    0.492950721097922173E+01    0.885795382839096312E+00   -0.291685302358171668E+03   -0.118751535193769389E+02    1
    0.340001531662184391E+02    0.444982590658348087E+01    0.881216337839874742E+00   -0.291603807318553834E+03   -0.118851535193769422E+02    1
    0.331944449006335276E+02    0.503019698662393644E+01    0.895032137452240861E+00   -0.291294681523293093E+03   -0.118951535193769455E+02    1
    0.322791531130442948E+02    0.570902355138968431E+01    0.716699574719040222E+00   -0.291254677225164585E+03   -0.119051535193769453E+02    1
    0.329487778389181045E+02    0.514180412138841803E+01    0.740356966082475032E+00   -0.290348001924672417E+03   -0.119151535193769504E+02    1
    0.333105384930941426E+02    0.495321901803457898E+01    0.646415455236859504E+00   -0.290330555994661040E+03   -0.119251535193769467E+02    1
    0.321950542010128871E+02    0.581490473770400840E+01    0.522455949509638029E+00   -0.289874605388935095E+03   -0.119351535193769447E+02    1
    0.326140702052122222E+02    0.541617463196848448E+01    0.674433041479726936E+00   -0.289780152616602606E+03   -0.119451535193769427E+02    1
    0.336507873185704796E+02    0.473557677700076773E+01    0.835382116105459649E+00   -0.289742600641622403E+03   -0.119551535193769443E+02    1
    0.325446083934531458E+02    0.547190015877646196E+01    0.792119702867878028E+00   -0.289473226907345179E+03   -0.119651535193769440E+02    1
    0.323854618190114607E+02    0.568062124503080490E+01    0.521083616869072230E+00   -0.289046820467269868E+03   -0.119751535193769421E+02    1
    0.330757626306985770E+02    0.523339867999367492E+01    0.559983985750862612E+00   -0.288940329992124248E+03   -0.119851535193769418E+02    1
    0.329610241632735779E+02    0.532016749754501639E+01    0.538746740494852161E+00   -0.288887871377280135E+03   -0.119951535193769452E+02    1
    0.337215852014335837E+02    0.470114231246729908E+01    0.735548393687075031E+00   -0.288845513325006948E+03   -0.120051535193769467E+02    1
    0.337427929360120444E+02    0.463673718723011330E+01    0.906395115965692666E+00   -0.288625173936242390E+03   -0.120151535193769430E+02    1
    0.324512369691290274E+02    0.573589374828445031E+01    0.520339640520599112E+00   -0.287391436451074242E+03   -0.120251535193769445E+02    1
    0.326327520508559275E+02    0.538631683353061241E+01    0.788569544685937096E+00   -0.287319191946995261E+03   -0.120351535193769426E+02    1
    0.333846651685882208E+02    0.493139973005550303E+01    0.635788892533761141E+00   -0.286949783029644266E+03   -0.120451535193769441E+02    1
    0.336285391021272062E+02    0.471272587520291708E+01    0.712759901911881100E+00   -0.286857676809864074E+03   -0.120551535193769492E+02    1
    0.335827498680577747E+02    0.480699123100241366E+01    0.677584859508951975E+00   -0.286740563409600782E+03   -0.120651535193769472E+02    1
    0.334854495856688743E+02    0.487013321638448460E+01    0.651014557943457528E+00   -0.286346835279287632E+03   -0.120751535193769470E+02    1
    0.338368865256585707E+02    0.453385568255310201E+01    0.788335014496149844E+00   -0.286278021308763869E+03   -0.120851535193769504E+02    1
    0.334863099786646998E+02    0.489721421114350974E+01    0.701763916532867738E+00   -0.286185597520716158E+03   -0.120951535193769466E+02    1
    0.323496951909157318E+02    0.570760814335387590E+01    0.525234930060778371E+00   -0.286139329878827198E+03   -0.121051535193769411E+02    1
    0.330992129258335552E+02    0.510574978108285560E+01    0.859428566073556777E+00   -0.285055051918202139E+03   -0.121151535193769444E+02    1
    0.331669587991811738E+02    0.505218543973733247E+01    0.873574881882482668E+00   -0.285033033831926787E+03   -0.121251535193769460E+02    1
    0.326648894209370724E+02    0.539196751362294169E+01    0.658709821907508042E+00   -0.284890682602789923E+03   -0.121351535193769386E+02    1
    0.329975244248425597E+02    0.515924464056235710E+01    0.871296276890722643E+00   -0.284883977326504237E+03   -0.121451535193769420E+02    1
    0.328841764002634420E+02    0.519615055830538441E+01    0.742961330200521575E+00   -0.284559352666972359E+03   -0.121551535193769453E+02    1
    0.327359665058261129E+02    0.537645239565012822E+01    0.600388898797661774E+00   -0.284474068971843735E+03   -0.121651535193769433E+02    1
    0.335039739298126378E+02    0.480446203466730104E+01    0.695847445324703995E+00   -0.283809856457767523E+03   -0.121751535193769413E+02    1
    0.329142044128764226E+02    0.521061576921328218E+01    0.664905047750736000E+00   -0.283735933969856376E+03   -0.121851535193769358E+02    1
    0.339407688850894402E+02    0.447997105129833084E+01    0.818014730124575706E+00   -0.283622472714693174E+03   -0.121951535193769427E+02    1
    0.320427015953228604E+02    0.599136124875793374E+01    0.547294276302989879E+00   -0.283592098356162751E+03   -0.122051535193769496E+02    1
    0.325309669766356393E+02    0.566416572701204046E+01    0.508510274593181322E+00   -0.283544600577999461E+03   -0.122151535193769423E+02    1
    0.324007731695843049E+02    0.560017329488025872E+01    0.715388333859605430E+00   -0.283436458770547972E+03   -0.122251535193769385E+02    1
    0.325859004208351877E+02    0.544326851227680031E+01    0.772188917568159550E+00   -0.282870196103542185E+03   -0.122351535193769383E+02    1
    0.338992479086944911E+02    0.451141469840911835E+01    0.803259301678650006E+00   -0.282693836512237908E+03   -0.122451535193769416E+02    1
    0.335392985390672038E+02    0.476625368880690381E+01    0.719676301693524145E+00   -0.281985910263189680E+03   -0.122551535193769450E+02    1
    0.329627951458913202E+02    0.518198594945018876E+01    0.856745978797344598E+00   -0.281000309003888560E+03   -0.122651535193769465E+02    1
    0.320516651077124592E+02    0.595276620586783967E+01    0.567903352874704614E+00   -0.280890785962635789E+03   -0.122751535193769445E+02    1
    0.326355822379003513E+02    0.541399384635105196E+01    0.782384613442515642E+00   -0.280757558995844192E+03   -0.122851535193769408E+02    1
    0.322810083585428629E+02    0.583804634269807021E+01    0.531493479966412496E+00   -0.280437793138337156E+03   -0.122951535193769388E+02    1
    0.328377897766589086E+02    0.527193994859975668E+01    0.831455285841057101E+00   -0.280399660909231102E+03   -0.123051535193769421E+02    1
    0.331583723472318255E+02    0.497717214488322490E+01    0.818377103040186515E+00   -0.279827254625986996E+03   -0.123151535193769419E+02    1
    0.338522492123543515E+02    0.455879630879663367E+01    0.834116440924339564E+00   -0.279705434489035781E+03   -0.123251535193769381E+02    1
    0.335801020009039703E+02    0.464549719193679156E+01    0.930638761274440229E+00   -0.279681156855867982E+03   -0.123351535193769379E+02    1
    0.333760385038977319E+02    0.484428736326765552E+01    0.956246547685903225E+00   -0.279617668445795061E+03   -0.123451535193769395E+02    1
    0.333279369501133971E+02    0.501556999800791736E+01    0.683370522328929697E+00   -0.279532988936018910E+03   -0.123551535193769428E+02    1
    0.325653222594758347E+02    0.550466397798185980E+01    0.744621123339829660E+00   -0.279517202134436161E+03   -0.123651535193769408E+02    1
    0.328844354665074974E+02    0.519306417611899995E+01    0.791989526186177351E+00   -0.279396469439563020E+03   -0.123751535193769424E+02    1
    0.336633339360245643E+02    0.471846178336851718E+01    0.729547412844326892E+00   -0.279071088847478507E+03   -0.123851535193769422E+02    1
    0.333657595837143646E+02    0.480934919290809404E+01    0.943848513855620519E+00   -0.278540580661153285E+03   -0.123951535193769384E+02    1
    0.322653778680128767E+02    0.576072782298977071E+01    0.559166202812743207E+00   -0.278522087008614733E+03   -0.124051535193769382E+02    1
    0.329948914603643289E+02    0.515606829948386558E+01    0.675144719214291644E+00   -0.278406772015254830E+03   -0.124151535193769398E+02    1
    0.328953682075823366E+02    0.528354558005466757E+01    0.596198623339384448E+00   -0.278374011925534660E+03   -0.124251535193769431E+02    1
    0.338655858677809505E+02    0.449878878229820334E+01    0.841596713119083351E+00   -0.278343832506329363E+03   -0.124351535193769447E+02    1
    0.329236857196281534E+02    0.519616599390849743E+01    0.850828305472115298E+00   -0.278303493101639674E+03   -0.124451535193769427E+02    1
    0.324940326469459677E+02    0.565866484018001881E+01    0.512927499201153103E+00   -0.278202742213156796E+03   -0.124551535193769389E+02    1
    0.338800639961907066E+02    0.452728525791164671E+01    0.845809106837301816E+00   -0.278124323016345272E+03   -0.124651535193769369E+02    1
    0.322556856970344796E+02    0.583987301045232421E+01    0.504807778744334468E+00   -0.277820578541053578E+03   -0.124751535193769385E+02    1
    0.321304110417869708E+02    0.591773374753364134E+01    0.517577718531248565E+00   -0.277587098842966611E+03   -0.124851535193769383E+02    1
    0.331917850999727406E+02    0.510120613259315370E+01    0.612553418738449262E+00   -0.277517953070764861E+03   -0.124951535193769399E+02    1
    0.339517559526249144E+02    0.444647578426539702E+01    0.877232524386276191E+00   -0.277425266079093433E+03   -0.125051535193769414E+02    1
    0.339831223076700653E+02    0.438270171837161282E+01    0.976850288245799669E+00   -0.277354570901258796E+03   -0.125151535193769394E+02    1
    0.327427258402192720E+02    0.533268065181623108E+01    0.690191942203976172E+00   -0.277239878867869947E+03   -0.125251535193769392E+02    1
    0.327054577412770016E+02    0.540273139986931206E+01    0.611035308560488932E+00   -0.277072336785756818E+03   -0.125351535193769408E+02    1
    0.334755576044864540E+02    0.475369684418276073E+01    0.973774190350671698E+00   -0.276842217372133177E+03   -0.125451535193769388E+02    1
    0.334198235742132965E+02    0.489893133685199178E+01    0.810358662310670441E+00   -0.276826388641786707E+03   -0.125551535193769404E+02    1
    0.337474669322213501E+02    0.460256994493566385E+01    0.792612124978243404E+00   -0.276722937649828282E+03   -0.125651535193769437E+02    1
    0.329842736156474103E+02    0.516887037613148337E+01    0.671115586692619503E+00   -0.276545400929506968E+03   -0.125751535193769470E+02    1
    0.334533371920526861E+02    0.479161363686534791E+01    0.951368928470165631E+00   -0.276502076686544342E+03   -0.125851535193769468E+02    1
    0.335588314729997990E+02    0.476371147374212001E+01    0.882066199848261956E+00   -0.276445185805329288E+03   -0.125951535193769413E+02    1
    0.327227914134738143E+02    0.542323600727519040E+01    0.726510200093672953E+00   -0.276434038403173190E+03   -0.126051535193769357E+02    1
    0.335288847225658060E+02    0.483716704072839931E+01    0.742309391861366574E+00   -0.276414300244166384E+03   -0.126151535193769408E+02    1
    0.334128147052306801E+02    0.481995650244589502E+01    0.773969789283604825E+00   -0.276364708720658598E+03   -0.126251535193769389E+02    1
    0.337132188598641491E+02    0.455777804112917728E+01    0.939246390498292394E+00   -0.276177877152599592E+03   -0.126351535193769404E+02    1
    0.334535011691440332E+02    0.477287133786498430E+01    0.817872604309135109E+00   -0.276089827976375034E+03   -0.126451535193769455E+02    1
    0.335480608871568080E+02    0.481450465020354379E+01    0.772297766444683509E+00   -0.276059952407933906E+03   -0.126551535193769382E+02    1
    0.338335733193205002E+02    0.451255581072008827E+01    0.971190091687839541E+00   -0.275883336882404535E+03   -0.126651535193769345E+02    1
    0.335285872657176327E+02    0.469336301337291406E+01    0.918541423116265854E+00   -0.275267212250903242E+03   -0.126751535193769378E+02    1
    0.338136499975907157E+02    0.455362688494714618E+01    0.820207945585645692E+00   -0.275239981210342478E+03   -0.126851535193769429E+02    1
    0.332825873554344724E+02    0.488303533939609835E+01    0.906432399671130762E+00   -0.274801435096954151E+03   -0.126951535193769462E+02    1
    0.324347206489322701E+02    0.561584958389406452E+01    0.681373463430685722E+00   -0.274607384367676559E+03   -0.127051535193769389E+02    1
    0.338844969865208370E+02    0.446298666426861423E+01    0.972639064747897408E+00   -0.274589144512162989E+03   -0.127151535193769352E+02    1
    0.332202355898921127E+02    0.508104416636595424E+01    0.713754481701217469E+00   -0.274352233571066563E+03   -0.127251535193769367E+02    1
    0.338699310871335655E+02    0.450961486680374701E+01    0.855374760098400300E+00   -0.274253559119753277E+03   -0.127351535193769383E+02    1
    0.337095519491821065E+02    0.466612330122610963E+01    0.826325843779035285E+00   -0.273994234923761610E+03   -0.127451535193769399E+02    1
    0.334030414163867206E+02    0.484058417508962702E+01    0.755786823925609696E+00   -0.273883663557090927E+03   -0.127551535193769396E+02    1
    0.326369308294805194E+02    0.542433791066588178E+01    0.742829750625463969E+00   -0.273697426536597959E+03   -0.127651535193769430E+02    1
    0.324780887096319120E+02    0.556491513351406919E+01    0.690067285947917775E+00   -0.273625132990771306E+03   -0.127751535193769410E+02    1
    0.332828269892624959E+02    0.493892741423296311E+01    0.892819190464930856E+00   -0.273599424189741171E+03   -0.127851535193769372E+02    1
    0.334727509248915567E+02    0.481877079812595355E+01    0.883060673279461028E+00   -0.273547434654046299E+03   -0.127951535193769352E+02    1
    0.333357129738263822E+02    0.496668437251407457E+01    0.782453659371773469E+00   -0.273323667101592150E+03   -0.128051535193769332E+02    1
    0.329452933019114411E+02    0.528042556648641526E+01    0.707250730246856030E+00   -0.273234151452925857E+03   -0.128151535193769330E+02    1
    0.332042665627924407E+02    0.503620257319936826E+01    0.663010438252488177E+00   -0.273220907529126805E+03   -0.128251535193769310E+02    1
    0.330170668117932564E+02    0.513281740786620677E+01    0.847532571400806400E+00   -0.273213396104100980E+03   -0.128351535193769379E+02    1
    0.337271450569885189E+02    0.464492691105289790E+01    0.787711393600193599E+00   -0.273092717241516084E+03   -0.128451535193769448E+02    1
    0.330148410392947511E+02    0.510119868172766111E+01    0.823654471557829337E+00   -0.273063835332757435E+03   -0.128551535193769428E+02    1
    0.338363795820155104E+02    0.448718181995796606E+01    0.954296955751269715E+00   -0.272848552049338707E+03   -0.128651535193769408E+02    1
    0.324416217160164209E+02    0.559738987477179872E+01    0.663713377541650162E+00   -0.272766323783952885E+03   -0.128751535193769406E+02    1
    0.329654050219215904E+02    0.525828944317377012E+01    0.720693337769680142E+00   -0.272600838454037671E+03   -0.128851535193769422E+02    1
    0.337198776313406796E+02    0.456362009346812059E+01    0.940261733288996870E+00   -0.272446028743108286E+03   -0.128951535193769384E+02    1
    0.330081804608685303E+02    0.523846007825098514E+01    0.698869339673608314E+00   -0.272377116294807820E+03   -0.129051535193769364E+02    1
    0.337282042220858358E+02    0.457482553103891121E+01    0.967856984227352335E+00   -0.272281897103820199E+03   -0.129151535193769416E+02    1
    0.333764245736561804E+02    0.491494483005858385E+01    0.687794289021841254E+00   -0.272196064446025787E+03   -0.129251535193769396E+02    1
    0.328792391904513579E+02    0.533882903306340140E+01    0.678440050199733524E+00   -0.272182288738910415E+03   -0.129351535193769358E+02    1
    0.337139146137700862E+02    0.456844362543726135E+01    0.942274421464341150E+00   -0.272181537669937029E+03   -0.129451535193769356E+02    1
    0.331652546930248420E+02    0.508251269562565966E+01    0.788619639301146091E+00   -0.272130210701091130E+03   -0.129551535193769336E+02    1
    0.328136666814483036E+02    0.529349978795682485E+01    0.680939976088465349E+00   -0.272069497821753885E+03   -0.129651535193769405E+02    1
    0.325039379282966294E+02    0.554986827224295620E+01    0.689559558852100851E+00   -0.272062138906179825E+03   -0.129751535193769403E+02    1
    0.325772372825632104E+02    0.552786355935048057E+01    0.689237954650455453E+00   -0.271936257804186027E+03   -0.129851535193769401E+02    1
    0.336349814266321374E+02    0.464449612577203119E+01    0.854971971149883880E+00   -0.271930200506167864E+03   -0.129951535193769381E+02    1
    0.330120260607576839E+02    0.511751559323307781E+01    0.757357667778902455E+00   -0.271679615632702792E+03   -0.130051535193769379E+02    1
    0.334963710908302872E+02    0.483197812522875747E+01    0.812659614694417498E+00   -0.271646940477855253E+03   -0.130151535193769377E+02    1
    0.332558481950954601E+02    0.495480748460037557E+01    0.734038324778523044E+00   -0.271637178982112403E+03   -0.130251535193769410E+02    1
    0.332772669153108680E+02    0.497487106478496433E+01    0.686566565152791686E+00   -0.271391207755482696E+03   -0.130351535193769426E+02    1
    0.334701615282567673E+02    0.482881033747245869E+01    0.724092685634843081E+00   -0.271307341311700611E+03   -0.130451535193769388E+02    1
    0.327517493723376276E+02    0.533039031590861789E+01    0.755872345007981727E+00   -0.270939154936358591E+03   -0.130551535193769386E+02    1
    0.330185490134065418E+02    0.510760160759332216E+01    0.783297431154665325E+00   -0.270892025552997097E+03   -0.130651535193769419E+02    1
    0.326854354334324739E+02    0.542222431958175477E+01    0.732173546253661045E+00   -0.270791530878404501E+03   -0.130751535193769399E+02    1
    0.329321168737267769E+02    0.522007595040048855E+01    0.664566512311419832E+00   -0.270729048050731365E+03   -0.130851535193769362E+02    1
    0.330032286314594216E+02    0.511774529261232924E+01    0.807836344041200416E+00   -0.270685542319769695E+03   -0.130951535193769359E+02    1
    0.327768168658465768E+02    0.535974461970788152E+01    0.620459459647674905E+00   -0.270582055156227625E+03   -0.131051535193769393E+02    1
    0.332024901865446367E+02    0.502608319790585867E+01    0.833998715237763477E+00   -0.270494944281369158E+03   -0.131151535193769391E+02    1
    0.333727198195799133E+02    0.486652817337384658E+01    0.898042934372725754E+00   -0.270155402428399043E+03   -0.131251535193769353E+02    1
    0.329737286912875973E+02    0.514447512724918710E+01    0.784506848279874713E+00   -0.270144526224720607E+03   -0.131351535193769315E+02    1
    0.337425647733323828E+02    0.456017194013667826E+01    0.931646422495042703E+00   -0.270106222143178798E+03   -0.131451535193769349E+02    1
    0.336807711744537670E+02    0.467172167871166000E+01    0.849587372732647839E+00   -0.270095398040730743E+03   -0.131551535193769382E+02    1
    0.329763213258196117E+02    0.521348310731786846E+01    0.773737053303488520E+00   -0.270075478255523024E+03   -0.131651535193769345E+02    1
    0.337567921650027145E+02    0.455957613035858955E+01    0.893005051023802565E+00   -0.270058288531205278E+03   -0.131751535193769342E+02    1
    0.333044461151800917E+02    0.488144766716837797E+01    0.845169062647874725E+00   -0.270024923922811126E+03   -0.131851535193769323E+02    1
    0.325730862352759587E+02    0.552744010849499290E+01    0.594734239315125479E+00   -0.270012470525090805E+03   -0.131951535193769320E+02    1
    0.331197860570923908E+02    0.512065402885466447E+01    0.640536091061366886E+00   -0.269962170242836123E+03   -0.132051535193769336E+02    1
    0.329358692991567494E+02    0.521717636294417808E+01    0.797968934341855229E+00   -0.269941293058135898E+03   -0.132151535193769334E+02    1
    0.332880842676245123E+02    0.489696287827651755E+01    0.830175776022773704E+00   -0.269905127123253067E+03   -0.132251535193769367E+02    1
    0.334291741855822764E+02    0.489092181044001961E+01    0.701250924924813224E+00   -0.269870960571243018E+03   -0.132351535193769418E+02    1
    0.336823004736242027E+02    0.462917454346037083E+01    0.837240328186811267E+00   -0.269809733703494373E+03   -0.132451535193769399E+02    1
    0.337977374332316529E+02    0.453960120605735895E+01    0.905588415527491586E+00   -0.269574263835848910E+03   -0.132551535193769343E+02    1
    0.337473295665966901E+02    0.459907017708292010E+01    0.892023092439383936E+00   -0.269574150560271846E+03   -0.132651535193769359E+02    1
    0.330246273878185406E+02    0.523866085366920586E+01    0.632669585441510307E+00   -0.269497835722288528E+03   -0.132751535193769392E+02    1
    0.335118052565515683E+02    0.479571773199592855E+01    0.856442303925973647E+00   -0.269361183786215349E+03   -0.132851535193769372E+02    1
    0.330448148708952516E+02    0.521969322040842520E+01    0.656446493948685039E+00   -0.269302102809105918E+03   -0.132951535193769352E+02    1
    0.331769107155155467E+02    0.504866804525323509E+01    0.820374669288240543E+00   -0.269137237937141435E+03   -0.133051535193769332E+02    1
    0.326694094059303524E+02    0.546517351211894375E+01    0.687572744263357016E+00   -0.269064456542251548E+03   -0.133151535193769330E+02    1
    0.324956533194863582E+02    0.557702818877603690E+01    0.617791115626877940E+00   -0.268889606659749347E+03   -0.133251535193769346E+02    1
    0.330981132187711680E+02    0.505230881286215538E+01    0.845097391062174186E+00   -0.268862041618110538E+03   -0.133351535193769397E+02    1
    0.327152530205996328E+02    0.541951077495541256E+01    0.709813149561066781E+00   -0.268851783515629563E+03   -0.133451535193769431E+02    1
    0.331549803630896065E+02    0.512815110720491774E+01    0.647792768141232211E+00   -0.268826108352808546E+03   -0.133551535193769411E+02    1
    0.326388739810798114E+02    0.546993510410485850E+01    0.700202469302237951E+00   -0.268763900881900611E+03   -0.133651535193769355E+02    1
    0.333389853843078399E+02    0.497539711654466732E+01    0.718701706019079234E+00   -0.268542147536560833E+03   -0.133751535193769353E+02    1
    0.325996407534107746E+02    0.551821136131091627E+01    0.669576082325779476E+00   -0.268501339315001189E+03   -0.133851535193769404E+02    1
    0.330238828122000996E+02    0.514949748638915850E+01    0.810213507132032995E+00   -0.268409142267885841E+03   -0.133951535193769420E+02    1
    0.330596950577865485E+02    0.514783225511411757E+01    0.784377721599423650E+00   -0.268393919818404584E+03   -0.134051535193769382E+02    1
    0.328906476787112396E+02    0.521994315123850416E+01    0.762512961679761903E+00   -0.268204049807192177E+03   -0.134151535193769345E+02    1
    0.327657421555117239E+02    0.533805355668862358E+01    0.750816243762611801E+00   -0.268177672252188813E+03   -0.134251535193769378E+02    1
    0.336328867705029495E+02    0.470558309087349613E+01    0.844969556155881873E+00   -0.268175100730833606E+03   -0.134351535193769376E+02    1
    0.328947814896180759E+02    0.523582574477035934E+01    0.695055508125038024E+00   -0.268142894550361859E+03   -0.134451535193769338E+02    1
    0.328211378202506125E+02    0.535163173720407759E+01    0.709051625587042489E+00   -0.267992838401778954E+03   -0.134551535193769372E+02    1
    0.334822496984763021E+02    0.482122863504782018E+01    0.841277807392994292E+00   -0.267930072642031234E+03   -0.134651535193769423E+02    1
    0.327018537280675048E+02    0.541693417321700377E+01    0.715791939368912944E+00   -0.267893022496677872E+03   -0.134751535193769367E+02    1
    0.336733216552459069E+02    0.467251472611391794E+01    0.839683153944694172E+00   -0.267866875187330834E+03   -0.134851535193769294E+02    1
    0.329236511807137973E+02    0.523731453220884990E+01    0.657790455003776864E+00   -0.267806856680717829E+03   -0.134951535193769345E+02    1
    0.337162125028581201E+02    0.461936567664990960E+01    0.883930556522435795E+00   -0.267795408780759772E+03   -0.135051535193769414E+02    1
    0.336835087744649400E+02    0.463045564222054473E+01    0.849188439508743342E+00   -0.267743805983722723E+03   -0.135151535193769359E+02    1
    0.328538642778453749E+02    0.525303245262928975E+01    0.752013821276984795E+00   -0.267699216158952936E+03   -0.135251535193769303E+02    1
    0.325825404266192322E+02    0.551267007546238030E+01    0.618535967965217370E+00   -0.267579852463723455E+03   -0.135351535193769337E+02    1
    0.335505800447579858E+02    0.470462765996162968E+01    0.881016964163539362E+00   -0.267546390352747892E+03   -0.135451535193769317E+02    1
    0.332213112125472634E+02    0.498950790436293889E+01    0.729043078090112706E+00   -0.267545772982828396E+03   -0.135551535193769279E+02    1
    0.327011634669122202E+02    0.538760009491956549E+01    0.716575947987464379E+00   -0.267529595023434922E+03   -0.135651535193769366E+02    1
    0.332822648598966424E+02    0.490702434666142118E+01    0.831263310818041612E+00   -0.267481672254017212E+03   -0.135751535193769381E+02    1
    0.329061603903160744E+02    0.521786196777879852E+01    0.786609285905530586E+00   -0.267410940609410943E+03   -0.135851535193769308E+02    1
    0.335188577136177912E+02    0.481553430833923279E+01    0.754647147356651837E+00   -0.267394613811997829E+03   -0.135951535193769377E+02    1
    0.329201158638008664E+02    0.520644967454993246E+01    0.726224455626242715E+00   -0.267377414520122898E+03   -0.136051535193769428E+02    1
    0.337064732237526599E+02    0.461043513934981153E+01    0.903907769570768238E+00   -0.267344432653715103E+03   -0.136151535193769373E+02    1
    0.324997217463040471E+02    0.558183081539886938E+01    0.637994680322029994E+00   -0.267319112757032258E+03   -0.136251535193769335E+02    1
    0.332376288627653622E+02    0.502088002971950775E+01    0.790279179696460554E+00   -0.267278137223114527E+03   -0.136351535193769369E+02    1
    0.330070478085497570E+02    0.512866530660424047E+01    0.769666936289661430E+00   -0.267233731792826745E+03   -0.136451535193769367E+02    1
    0.334320590376122340E+02    0.482253002486276650E+01    0.780532975140540319E+00   -0.267124614242401776E+03   -0.136551535193769364E+02    1
    0.330884548754556604E+02    0.507319803617609733E+01    0.751047019650926018E+00   -0.267099408115167535E+03   -0.136651535193769398E+02    1
    0.330300086909314388E+02    0.522564687575273901E+01    0.644760081557757547E+00   -0.267091918148424952E+03   -0.136751535193769360E+02    1
    0.330481901065555235E+02    0.510339422615975113E+01    0.823598670241430630E+00   -0.267067743524164484E+03   -0.136851535193769305E+02    1
    0.327040663311181703E+02    0.538680838101645332E+01    0.708125103643023168E+00   -0.266976802983512187E+03   -0.136951535193769338E+02    1
    0.327136817547967382E+02    0.541475404880410682E+01    0.621468689583304701E+00   -0.266945118593218638E+03   -0.137051535193769354E+02    1
    0.327988126250856453E+02    0.539537442415099555E+01    0.650120443133965775E+00   -0.266934496650817437E+03   -0.137151535193769316E+02    1
    0.332635173845722178E+02    0.499661418907856714E+01    0.799645141439581320E+00   -0.266844876867695007E+03   -0.137251535193769367E+02    1
    0.326705668532081503E+02    0.549238578262060884E+01    0.586249126044639746E+00   -0.266775656864934888E+03   -0.137351535193769365E+02    1
    0.334965526664535602E+02    0.477326599078201763E+01    0.894592377804284689E+00   -0.266656055236764757E+03   -0.137451535193769327E+02    1
    0.331896697576713606E+02    0.508429785500770759E+01    0.722390696366994378E+00   -0.266540949993326706E+03   -0.137551535193769361E+02    1
    0.329632700684413535E+02    0.523492750613134294E+01    0.739862674135990495E+00   -0.266501393328776317E+03   -0.137651535193769359E+02    1
    0.327939338962141989E+02    0.538911467751305739E+01    0.599195145798501527E+00   -0.266456821289009895E+03   -0.137751535193769321E+02    1
    0.332517932619620424E+02    0.495716816043911823E+01    0.755815957489600510E+00   -0.266429376604348477E+03   -0.137851535193769337E+02    1
    0.328822985025331178E+02    0.530160436679365876E+01    0.717809084878484382E+00   -0.266387209723003480E+03   -0.137951535193769335E+02    1
    0.328705637073869354E+02    0.526790996712126081E+01    0.675640077728766775E+00   -0.266339918919544232E+03   -0.138051535193769315E+02    1
    0.328775481514031327E+02    0.533909343814517712E+01    0.611742069739190208E+00   -0.266315489316314370E+03   -0.138151535193769348E+02    1
    0.335784217288643205E+02    0.472354887576297955E+01    0.802000703855569208E+00   -0.266287681698321762E+03   -0.138251535193769364E+02    1
    0.335030269346751481E+02    0.475164519274582631E+01    0.841017846489836796E+00   -0.266258643431137159E+03   -0.138351535193769326E+02    1
    0.330164354818263774E+02    0.518836404273195306E+01    0.756921266421934913E+00   -0.266258293872915999E+03   -0.138451535193769306E+02    1
    0.326682630882214369E+02    0.543624341344531459E+01    0.699844686057258247E+00   -0.266208803350826429E+03   -0.138551535193769340E+02    1
    0.332699261461348073E+02    0.501062433917951111E+01    0.756602081503147894E+00   -0.266079978224802289E+03   -0.138651535193769337E+02    1
    0.330486229893887540E+02    0.514451790155349897E+01    0.788794384074898103E+00   -0.266073930021733759E+03   -0.138751535193769282E+02    1
    0.334577976097928627E+02    0.483982056242154091E+01    0.742339097049008245E+00   -0.266053559099620202E+03   -0.138851535193769280E+02    1
    0.333203594652126043E+02    0.497094337070719838E+01    0.761875901095175778E+00   -0.266042185793515728E+03   -0.138951535193769278E+02    1
    0.335235721325058904E+02    0.473866032404278847E+01    0.841642560931979089E+00   -0.265989229224351334E+03   -0.139051535193769276E+02    1
    0.332617933293887589E+02    0.494610317496760565E+01    0.862374285427970344E+00   -0.265974849527319407E+03   -0.139151535193769291E+02    1
    0.332875650960720080E+02    0.498406345547777985E+01    0.692302724097441646E+00   -0.265945945508678051E+03   -0.139251535193769325E+02    1
    0.331408281318739526E+02    0.507990959823344568E+01    0.681593732555191734E+00   -0.265892788279930755E+03   -0.139351535193769323E+02    1
    0.326383301666568570E+02    0.550873822881784747E+01    0.629119494627994769E+00   -0.265824651537893715E+03   -0.139451535193769356E+02    1
    0.329388071738915116E+02    0.520116895418238556E+01    0.713965367328218359E+00   -0.265781274484878736E+03   -0.139551535193769389E+02    1
    0.325747034924307144E+02    0.553146369889780143E+01    0.615550101499205637E+00   -0.265766449566537972E+03   -0.139651535193769387E+02    1
    0.334788046147241403E+02    0.481432360386058189E+01    0.758380642401753513E+00   -0.265764997329443133E+03   -0.139751535193769332E+02    1
    0.336466196604310568E+02    0.465634406517999633E+01    0.862322028672616536E+00   -0.265759412635235662E+03   -0.139851535193769276E+02    1
    0.329549498887236041E+02    0.525802923345529294E+01    0.624988072525129112E+00   -0.265746208155005888E+03   -0.139951535193769292E+02    1
    0.333876992596040409E+02    0.490605585977930048E+01    0.795565446317793024E+00   -0.265674533765721662E+03   -0.140051535193769290E+02    1
    0.332954548692182399E+02    0.499951342683109345E+01    0.695298786150396753E+00   -0.265659226130009245E+03   -0.140151535193769305E+02    1
    0.330504181399410939E+02    0.520309233828061490E+01    0.658531995606116194E+00   -0.265584418721885640E+03   -0.140251535193769321E+02    1
    0.325907579935501133E+02    0.552018225806976659E+01    0.651259685399840249E+00   -0.265581783238630351E+03   -0.140351535193769301E+02    1
    0.334796760361992227E+02    0.483534843563074634E+01    0.795375340568583167E+00   -0.265508640253642852E+03   -0.140451535193769317E+02    1
    0.326857220422916868E+02    0.548060646433959420E+01    0.605690071522000495E+00   -0.265495612943400204E+03   -0.140551535193769332E+02    1
    0.328723496906150388E+02    0.529047948388606493E+01    0.737631661142716721E+00   -0.265449267947393196E+03   -0.140651535193769348E+02    1
    0.330423022647283489E+02    0.520822793080797819E+01    0.651525652961571722E+00   -0.265310265770955425E+03   -0.140751535193769310E+02    1
    0.329399460797854289E+02    0.521645690148938534E+01    0.683436947079517854E+00   -0.265304319874263911E+03   -0.140851535193769308E+02    1
    0.332821829574283541E+02    0.491766077462799878E+01    0.859731128643246301E+00   -0.265223331076054592E+03   -0.140951535193769324E+02    1
    0.331084740863140183E+02    0.506614400736011472E+01    0.744191862001492233E+00   -0.265212925245607266E+03   -0.141051535193769304E+02    1
    0.330954072486751443E+02    0.513388282863020518E+01    0.754172016449820126E+00   -0.265207218970373788E+03   -0.141151535193769302E+02    1
    0.326289131089900835E+02    0.551635211751596088E+01    0.607925348465964910E+00   -0.265188583560297729E+03   -0.141251535193769335E+02    1
    0.335587617467741097E+02    0.475726548501652591E+01    0.834362003506251892E+00   -0.265161501145987017E+03   -0.141351535193769298E+02    1
    0.336126370292979360E+02    0.471283280032568541E+01    0.820363781502577494E+00   -0.265090066193022608E+03   -0.141451535193769331E+02    1
    0.326774117497505543E+02    0.545073405137370415E+01    0.620778616460921917E+00   -0.265048919054229657E+03   -0.141551535193769329E+02    1
    0.328565354945505632E+02    0.534527287144972085E+01    0.658870928413458179E+00   -0.265027203259335295E+03   -0.141651535193769345E+02    1
    0.331944320562114257E+02    0.506895259370017648E+01    0.742030599376337530E+00   -0.264938476698279032E+03   -0.141751535193769325E+02    1
    0.335269824966534387E+02    0.474271113057869798E+01    0.888466632941339873E+00   -0.264904027057450378E+03   -0.141851535193769251E+02    1
    0.330429736855936795E+02    0.520524035016490583E+01    0.652262585939121786E+00   -0.264833302158810625E+03   -0.141951535193769285E+02    1
    0.332471031539559334E+02    0.496682725659699287E+01    0.751479552854617761E+00   -0.264790120642506110E+03   -0.142051535193769300E+02    1
    0.327073603723981492E+02    0.542160777483182255E+01    0.630894540341977894E+00   -0.264788415788411328E+03   -0.142151535193769263E+02    1
    0.330629915512973724E+02    0.509065942311597652E+01    0.785430125139557012E+00   -0.264775624926235139E+03   -0.142251535193769278E+02    1
    0.335192956526435921E+02    0.475159192712341039E+01    0.882748016908943778E+00   -0.264536240337287325E+03   -0.142351535193769365E+02    1
    0.326869144409897316E+02    0.541895547155301927E+01    0.679725837849193049E+00   -0.264492711105440208E+03   -0.142451535193769399E+02    1
    0.330894330291149501E+02    0.516588225474379659E+01    0.662539908806148214E+00   -0.264415413264161486E+03   -0.142551535193769414E+02    1
    0.334006439016458714E+02    0.486821972946245207E+01    0.842191244904679337E+00   -0.264412904613070850E+03   -0.142651535193769412E+02    1
    0.333435094348148056E+02    0.487468395920020381E+01    0.818581892866979244E+00   -0.264378225879127569E+03   -0.142751535193769321E+02    1
    0.330510649090406403E+02    0.511029336471517759E+01    0.744758268520550271E+00   -0.264363489241529635E+03   -0.142851535193769266E+02    1
    0.333790381011666426E+02    0.492342313031788059E+01    0.750237381534235470E+00   -0.264360255182000628E+03   -0.142951535193769299E+02    1
    0.328454162880069234E+02    0.532326848110616613E+01    0.709943129726047895E+00   -0.264349541508903712E+03   -0.143051535193769297E+02    1
    0.333432553020480782E+02    0.494376373387285550E+01    0.713521675068711780E+00   -0.264344078667624444E+03   -0.143151535193769295E+02    1
    0.333219541523904894E+02    0.489511049088455596E+01    0.801866351336894434E+00   -0.264326392986328415E+03   -0.143251535193769310E+02    1
    0.327269605712426568E+02    0.541766651207552563E+01    0.621985793939400233E+00   -0.264317364263471745E+03   -0.143351535193769326E+02    1
    0.329621302660280975E+02    0.523039678400057362E+01    0.737216451294941288E+00   -0.264300967069272701E+03   -0.143451535193769359E+02    1
    0.333287029493550619E+02    0.488189738121177541E+01    0.842632242600525161E+00   -0.264293187558012562E+03   -0.143551535193769340E+02    1
    0.333526377721461245E+02    0.494677770078004642E+01    0.729699009018288103E+00   -0.264244533947328534E+03   -0.143651535193769337E+02    1
    0.335484145711638320E+02    0.476632733700373645E+01    0.793034681674574582E+00   -0.264196773030732857E+03   -0.143751535193769318E+02    1
    0.330562007678438974E+02    0.514434497391427570E+01    0.772916944481471302E+00   -0.264073113969405085E+03   -0.143851535193769298E+02    1
    0.329542076146270091E+02    0.518913380603401997E+01    0.772392767640469713E+00   -0.264016153629532255E+03   -0.143951535193769349E+02    1
    0.334714691029686975E+02    0.482987642701775677E+01    0.760802202815319739E+00   -0.263979842195665015E+03   -0.144051535193769329E+02    1
    0.330100289593550116E+02    0.515386805261457415E+01    0.714793044022772106E+00   -0.263928268982694533E+03   -0.144151535193769291E+02    1
    0.326424733909396707E+02    0.548419839088447070E+01    0.642661098175892564E+00   -0.263915919559478652E+03   -0.144251535193769325E+02    1
    0.334735496315866925E+02    0.480746077205266165E+01    0.851941039701919034E+00   -0.263912865519490822E+03   -0.144351535193769358E+02    1
    0.335651608438654847E+02    0.474802436343681578E+01    0.809876452250251400E+00   -0.263904074899539694E+03   -0.144451535193769320E+02    1
    0.329314492875212181E+02    0.526195300457858650E+01    0.716430454925672922E+00   -0.263868714553971017E+03   -0.144551535193769283E+02    1
    0.328785320708830469E+02    0.525085875348522535E+01    0.740437670305534867E+00   -0.263822602522285365E+03   -0.144651535193769316E+02    1
    0.333841125750265064E+02    0.485149862260164078E+01    0.809294421767289718E+00   -0.263722558756546050E+03   -0.144751535193769314E+02    1
    0.333700256645469864E+02    0.491861459685998081E+01    0.727046962050392431E+00   -0.263716273013259126E+03   -0.144851535193769312E+02    1
    0.332973278050807338E+02    0.491909507497818144E+01    0.851354019545237262E+00   -0.263697653883284374E+03   -0.144951535193769345E+02    1
    0.328269559045700206E+02    0.536658451534524694E+01    0.634607053452321157E+00   -0.263683830155412124E+03   -0.145051535193769308E+02    1
    0.327213041278815027E+02    0.541463535208289670E+01    0.679988232405892568E+00   -0.263677196507806741E+03   -0.145151535193769323E+02    1
    0.333799557482158917E+02    0.488677689544030436E+01    0.831056423346432815E+00   -0.263671012562958879E+03   -0.145251535193769339E+02    1
    0.333278121664572708E+02    0.491387948556101239E+01    0.842452405931932824E+00   -0.263658851724803185E+03   -0.145351535193769283E+02    1
    0.334078198179915802E+02    0.486697680888209394E+01    0.830706824162158242E+00   -0.263638551040991047E+03   -0.145451535193769281E+02    1
    0.335198638376526432E+02    0.474824398191113684E+01    0.861189557475642631E+00   -0.263628029459082029E+03   -0.145551535193769279E+02    1
    0.331061450855476025E+02    0.514330114005796801E+01    0.706464765292128427E+00   -0.263626360316835246E+03   -0.145651535193769277E+02    1
    0.330739919540182044E+02    0.516644858063122125E+01    0.707607783771354137E+00   -0.263621895021713442E+03   -0.145751535193769328E+02    1
    0.331069179317354880E+02    0.510018332721461043E+01    0.786366466212134241E+00   -0.263612236332138991E+03   -0.145851535193769326E+02    1
    0.335399114680749975E+02    0.475948610128134675E+01    0.843738981900523655E+00   -0.263597945246261702E+03   -0.145951535193769324E+02    1
    0.335460771179995874E+02    0.474730129848799454E+01    0.853743764915595893E+00   -0.263490815679969160E+03   -0.146051535193769340E+02    1
    0.327619939420856952E+02    0.535697012389684168E+01    0.693684055914352893E+00   -0.263476659082485185E+03   -0.146151535193769302E+02    1
    0.329830438214714121E+02    0.521491670690794251E+01    0.735024944565139671E+00   -0.263407523225829095E+03   -0.146251535193769318E+02    1
    0.326683031817506588E+02    0.545987362590367731E+01    0.649367520654550612E+00   -0.263395657017966812E+03   -0.146351535193769351E+02    1
    0.335150312397934016E+02    0.475415370104026369E+01    0.860653652830401183E+00   -0.263373406079344193E+03   -0.146451535193769313E+02    1
    0.331834295702628310E+02    0.500174553999812233E+01    0.791614123453875274E+00   -0.263364452041692175E+03   -0.146551535193769329E+02    1
    0.333081002085100977E+02    0.495434258047519194E+01    0.800428984785261255E+00   -0.263353834802431777E+03   -0.146651535193769309E+02    1
    0.334042129119220021E+02    0.487672609823511038E+01    0.815385409901620895E+00   -0.263325377081501415E+03   -0.146751535193769307E+02    1
    0.332806713486951651E+02    0.497963639107602951E+01    0.711981568515566376E+00   -0.263306848066082011E+03   -0.146851535193769358E+02    1
    0.329014396914516141E+02    0.527325617967600113E+01    0.724872197143382802E+00   -0.263298012979218470E+03   -0.146951535193769338E+02    1
    0.334462107821766779E+02    0.484773794200786501E+01    0.759979050735681283E+00   -0.263234717260590514E+03   -0.147051535193769336E+02    1
    0.329997943453947826E+02    0.523147297836500869E+01    0.655821223253684638E+00   -0.263221067928458865E+03   -0.147151535193769334E+02    1
    0.328338280366222079E+02    0.535809659755104661E+01    0.635892118331869760E+00   -0.263209952372953182E+03   -0.147251535193769314E+02    1
    0.329246661754888876E+02    0.528854192240774168E+01    0.641691434670404792E+00   -0.263186509672775628E+03   -0.147351535193769294E+02    1
    0.332572703516521884E+02    0.498633007308204235E+01    0.804970150065985046E+00   -0.263159145603310378E+03   -0.147451535193769274E+02    1
    0.328455850347516503E+02    0.528534815081197351E+01    0.727657171853409501E+00   -0.263131998517895397E+03   -0.147551535193769272E+02    1
    0.331645389532581305E+02    0.508612382895704229E+01    0.679006851369583719E+00   -0.263111618497092593E+03   -0.147651535193769234E+02    1
    0.335523883227891844E+02    0.474622985349220183E+01    0.829369701726592079E+00   -0.263077546920794134E+03   -0.147751535193769286E+02    1
    0.331230547532745021E+02    0.505843493690528767E+01    0.754087476625551201E+00   -0.262991162490264117E+03   -0.147851535193769337E+02    1
    0.332156596580896490E+02    0.504433616046019129E+01    0.749483418805065083E+00   -0.262988487745710188E+03   -0.147951535193769281E+02    1
    0.333574819328305523E+02    0.488108720630359727E+01    0.787797097451976680E+00   -0.262899578384976792E+03   -0.148051535193769244E+02    1
    0.331276274408826623E+02    0.507632552001905157E+01    0.795327736804730456E+00   -0.262893688456855784E+03   -0.148151535193769277E+02    1
    0.333702705307961267E+02    0.485980768271380903E+01    0.828016647384904769E+00   -0.262826852748197553E+03   -0.148251535193769310E+02    1
    0.330788707623363507E+02    0.516667859593754208E+01    0.674182941193597229E+00   -0.262810097289114083E+03   -0.148351535193769291E+02    1
    0.327011713975440799E+02    0.543520541032830273E+01    0.647277153576143904E+00   -0.262803253807861097E+03   -0.148451535193769306E+02    1
    0.327560248986212628E+02    0.537426570348867827E+01    0.691365993750573393E+00   -0.262800790940724937E+03   -0.148551535193769304E+02    1
    0.333317375156241553E+02    0.495646405216756758E+01    0.740796856470427367E+00   -0.262797899647225790E+03   -0.148651535193769320E+02    1
    0.335114164485884345E+02    0.477875698652416059E+01    0.806355715389009409E+00   -0.262796685717963669E+03   -0.148751535193769318E+02    1
    0.330965857896585618E+02    0.515141571928433528E+01    0.690971434763918202E+00   -0.262785447074858155E+03   -0.148851535193769298E+02    1
    0.335308432883837995E+02    0.475943759948180212E+01    0.826188224907166702E+00   -0.262731631265168573E+03   -0.148951535193769313E+02    1
    0.333349873030685302E+02    0.488978471580903928E+01    0.808240167458620817E+00   -0.262717685604717758E+03   -0.149051535193769347E+02    1
    0.330943528733606200E+02    0.510551491756176290E+01    0.783901200892666128E+00   -0.262710291682021762E+03   -0.149151535193769238E+02    1
    0.329199536315826435E+02    0.522184284802284271E+01    0.734481987897837696E+00   -0.262668986658004087E+03   -0.149251535193769254E+02    1
    0.333899276123079716E+02    0.490413620375697867E+01    0.762932481740361101E+00   -0.262665439334052735E+03   -0.149351535193769216E+02    1
    0.330062965248675795E+02    0.522261028004296790E+01    0.673963073173279748E+00   -0.262647280638376515E+03   -0.149451535193769285E+02    1
    0.335061664990757961E+02    0.476882667600379495E+01    0.837806165789076629E+00   -0.262623996223962536E+03   -0.149551535193769300E+02    1
    0.333836196765981725E+02    0.488284350192924421E+01    0.758858927733918942E+00   -0.262617782328635883E+03   -0.149651535193769245E+02    1
    0.330760339737736331E+02    0.513551013015421276E+01    0.680573790793981170E+00   -0.262591659067175215E+03   -0.149751535193769278E+02    1
    0.334883906794125039E+02    0.481028700767865214E+01    0.807046091010085398E+00   -0.262589177189126985E+03   -0.149851535193769259E+02    1
    0.333171136025313785E+02    0.496661220630168820E+01    0.745718214354856634E+00   -0.262583130326247954E+03   -0.149951535193769221E+02    1
    0.332181708260883539E+02    0.498797515715972661E+01    0.824077293222708507E+00   -0.262511817397248990E+03   -0.150051535193769272E+02    1
    0.328164633346957970E+02    0.535723370140531596E+01    0.669562186983739815E+00   -0.262509002629915358E+03   -0.150151535193769305E+02    1
    0.330212596495519577E+02    0.521035324382955523E+01    0.673981568448441037E+00   -0.262478656765865367E+03   -0.150251535193769286E+02    1
    0.332421460331054419E+02    0.496009538919696880E+01    0.823926581086262821E+00   -0.262459060782591337E+03   -0.150351535193769301E+02    1
    0.328137226933032125E+02    0.533866757595185959E+01    0.653876505692828625E+00   -0.262438008665059499E+03   -0.150451535193769299E+02    1
    0.333005842794276674E+02    0.494863225378196958E+01    0.812188700352695081E+00   -0.262414018934184583E+03   -0.150551535193769279E+02    1
    0.328173812185086575E+02    0.536245947410285062E+01    0.650760162920553498E+00   -0.262383771700660191E+03   -0.150651535193769295E+02    1
    0.333134906862335143E+02    0.493887721192946660E+01    0.813209268002017316E+00   -0.262381581206900307E+03   -0.150751535193769275E+02    1
    0.332855140343546694E+02    0.493385055974335174E+01    0.835024068963338251E+00   -0.262373570604649274E+03   -0.150851535193769237E+02    1
    0.332973135349154177E+02    0.492007607605983299E+01    0.800557316263933338E+00   -0.262371151307834168E+03   -0.150951535193769217E+02    1
    0.333626641448224248E+02    0.490104204925954168E+01    0.753080730570924395E+00   -0.262338678328717151E+03   -0.151051535193769269E+02    1
    0.334492142247659388E+02    0.481045483329519907E+01    0.821294661558391259E+00   -0.262336487367737732E+03   -0.151151535193769284E+02    1
    0.334510355866497378E+02    0.484224206100269150E+01    0.800231565718653060E+00   -0.262333300911249523E+03   -0.151251535193769282E+02    1
    0.331337347885910276E+02    0.511481167107097079E+01    0.716073163828819359E+00   -0.262309123607843844E+03   -0.151351535193769298E+02    1
    0.333576731713753105E+02    0.489383131064487742E+01    0.768033447189855556E+00   -0.262281138723740639E+03   -0.151451535193769278E+02    1
    0.332261709726381156E+02    0.498055684861027181E+01    0.771239393880315482E+00   -0.262274770795794211E+03   -0.151551535193769258E+02    1
    0.333347577031044011E+02    0.494890451272656140E+01    0.754069142012620430E+00   -0.262238135672132671E+03   -0.151651535193769238E+02    1
    0.331554383541990418E+02    0.509490995780532785E+01    0.684408612475763123E+00   -0.262226485002633922E+03   -0.151751535193769271E+02    1
    0.331387117804103752E+02    0.504256252763495283E+01    0.794370922947105540E+00   -0.262164822000611991E+03   -0.151851535193769305E+02    1
    0.328856602626911751E+02    0.530832603810023418E+01    0.669366473371748150E+00   -0.262078084330227284E+03   -0.151951535193769249E+02    1
    0.328667557824140317E+02    0.528796314132961331E+01    0.673573903798244222E+00   -0.262076827331413710E+03   -0.152051535193769247E+02    1
    0.330364568852262508E+02    0.518940597907683276E+01    0.703134060119996906E+00   -0.262047830439785457E+03   -0.152151535193769263E+02    1
    0.329485617702292046E+02    0.524028517437198893E+01    0.661138124106654845E+00   -0.262007560802531827E+03   -0.152251535193769278E+02    1
    0.330096812746630093E+02    0.515821390320687811E+01    0.721304537324379158E+00   -0.262001105100914231E+03   -0.152351535193769276E+02    1
    0.329617745897400880E+02    0.525306008569589888E+01    0.669849305274912488E+00   -0.261988491615881344E+03   -0.152451535193769221E+02    1
    0.328052775032144694E+02    0.535455153103210968E+01    0.679442880713087782E+00   -0.261925009038731673E+03   -0.152551535193769201E+02    1
    0.332453857903206540E+02    0.495982096250336912E+01    0.813115819843512555E+00   -0.261874157286774164E+03   -0.152651535193769270E+02    1
    0.329424532672754395E+02    0.526726008685724700E+01    0.660002880134354042E+00   -0.261873365712122563E+03   -0.152751535193769303E+02    1
    0.329532626079116397E+02    0.525848532522552947E+01    0.670684327874746744E+00   -0.261868749596829048E+03   -0.152851535193769266E+02    1
    0.330209394274035333E+02    0.517025123743925441E+01    0.686813695453432294E+00   -0.261852914060758167E+03   -0.152951535193769264E+02    1
    0.333866077334356675E+02    0.489919367135857975E+01    0.776426238598337037E+00   -0.261848742737473572E+03   -0.153051535193769297E+02    1
    0.328776947200355210E+02    0.531363684540392089E+01    0.651021776188416279E+00   -0.261784537666560880E+03   -0.153151535193769313E+02    1
    0.327751479589870414E+02    0.537839379433429698E+01    0.658013362214536768E+00   -0.261762112855362716E+03   -0.153251535193769257E+02    1
    0.329866962512915620E+02    0.517110699011360708E+01    0.751774959838146239E+00   -0.261746608612332466E+03   -0.153351535193769255E+02    1
    0.330671617865944256E+02    0.511818665248578242E+01    0.719802615010680436E+00   -0.261739474742586367E+03   -0.153451535193769288E+02    1
    0.330253220178603328E+02    0.513843457826337691E+01    0.754915176130449561E+00   -0.261724542079971172E+03   -0.153551535193769304E+02    1
    0.334365438682134553E+02    0.484119465042803476E+01    0.785448250864451025E+00   -0.261717648528784935E+03   -0.153651535193769249E+02    1
    0.333318262500001907E+02    0.494882293656768191E+01    0.748551810755082592E+00   -0.261693842586429810E+03   -0.153751535193769246E+02    1
    0.331713230282234548E+02    0.507739817379515301E+01    0.735907979213255126E+00   -0.261691888488563507E+03   -0.153851535193769244E+02    1
    0.331940462270224899E+02    0.501362970817627041E+01    0.808591325164853658E+00   -0.261691771118361544E+03   -0.153951535193769207E+02    1
    0.332505785354937160E+02    0.501836098072573655E+01    0.729872640742335044E+00   -0.261688013992673291E+03   -0.154051535193769258E+02    1
    0.330613429322813630E+02    0.517228143423096842E+01    0.693718442272240443E+00   -0.261668379595728993E+03   -0.154151535193769273E+02    1
    0.332673095167833068E+02    0.500402462195500775E+01    0.733874308167799860E+00   -0.261657938867423468E+03   -0.154251535193769236E+02    1
    0.330829512043346199E+02    0.513661782884265872E+01    0.742530477785522725E+00   -0.261642294363478356E+03   -0.154351535193769198E+02    1
    0.333260346510770518E+02    0.490235889397713631E+01    0.829512321985054535E+00   -0.261642184961218845E+03   -0.154451535193769267E+02    1
    0.328852481142126507E+02    0.526070903281346247E+01    0.718785150906328885E+00   -0.261634410384367811E+03   -0.154551535193769283E+02    1
    0.328784162145205059E+02    0.531177060463002082E+01    0.655387854259371183E+00   -0.261588985043293519E+03   -0.154651535193769263E+02    1
    0.328243725181832957E+02    0.532706661721335806E+01    0.695515968876852186E+00   -0.261563792843911415E+03   -0.154751535193769261E+02    1
    0.331755143888045296E+02    0.504609664796434920E+01    0.718258418264143716E+00   -0.261555220064870355E+03   -0.154851535193769205E+02    1
    0.332288633150381543E+02    0.497484131580861266E+01    0.803702597802719465E+00   -0.261526932693598326E+03   -0.154951535193769203E+02    1
    0.334364944778848212E+02    0.484280404139949194E+01    0.787603776967970459E+00   -0.261509437387380899E+03   -0.155051535193769237E+02    1
    0.330752048403698922E+02    0.512410297350394650E+01    0.702223518073205044E+00   -0.261501343873879705E+03   -0.155151535193769234E+02    1
    0.327957082549036087E+02    0.536173453612624584E+01    0.662773332696550588E+00   -0.261492523630688822E+03   -0.155251535193769197E+02    1
    0.328457879640898938E+02    0.531099828830507903E+01    0.701283097653362164E+00   -0.261478133189009327E+03   -0.155351535193769248E+02    1
    0.329251147992555460E+02    0.526482207410166936E+01    0.699894009557068264E+00   -0.261442790167688941E+03   -0.155451535193769281E+02    1
    0.328688599397979004E+02    0.529795475531888194E+01    0.702059011736138716E+00   -0.261417021250500738E+03   -0.155551535193769244E+02    1
    0.332177556930898064E+02    0.500109000136077775E+01    0.806001073907237520E+00   -0.261408816634274899E+03   -0.155651535193769259E+02    1
    0.333360927887607872E+02    0.492436461056289154E+01    0.802316076936657296E+00   -0.261405174201074090E+03   -0.155751535193769239E+02    1
    0.330706266437049834E+02    0.510895956925411809E+01    0.738649032705772868E+00   -0.261386208087927287E+03   -0.155851535193769202E+02    1
    0.331603795956012277E+02    0.507790615447100180E+01    0.749645942119115283E+00   -0.261378000133014837E+03   -0.155951535193769217E+02    1
    0.334230370253176119E+02    0.484394072408212395E+01    0.824346496829383657E+00   -0.261364066578729535E+03   -0.156051535193769233E+02    1
    0.329270139740658649E+02    0.526105268767839895E+01    0.661349997470286666E+00   -0.261316465157978541E+03   -0.156151535193769195E+02    1
    0.333374141078081365E+02    0.489866186152274530E+01    0.796375059230524651E+00   -0.261306126154715912E+03   -0.156251535193769264E+02    1
    0.328422487594147583E+02    0.532349357032987847E+01    0.685496743866306990E+00   -0.261301730390412786E+03   -0.156351535193769333E+02    1
    0.330728748809864896E+02    0.512573156459352575E+01    0.703788923543658296E+00   -0.261281154461209780E+03   -0.156451535193769296E+02    1
    0.330622644510325614E+02    0.514025983720167545E+01    0.755015022942251091E+00   -0.261251210226945545E+03   -0.156551535193769293E+02    1
    0.330632461745670057E+02    0.513649225638920903E+01    0.758997490833894228E+00   -0.261240731934299617E+03   -0.156651535193769256E+02    1
    0.332771327956899441E+02    0.497401883427080271E+01    0.733487128984196879E+00   -0.261239458763836979E+03   -0.156751535193769271E+02    1
    0.333343615409936973E+02    0.489745582461329221E+01    0.813970635933348952E+00   -0.261233473225006435E+03   -0.156851535193769340E+02    1
    0.334168835245141480E+02    0.484772406390688637E+01    0.822838402266774072E+00   -0.261232163505209201E+03   -0.156951535193769303E+02    1
    0.330320616838545646E+02    0.514200532987637970E+01    0.729215045581207644E+00   -0.261222205144191832E+03   -0.157051535193769265E+02    1
    0.329619422833974340E+02    0.520478312682948197E+01    0.704896947572655863E+00   -0.261216936470420194E+03   -0.157151535193769245E+02    1
    0.331710045463944141E+02    0.506155642670563211E+01    0.764660391418457430E+00   -0.261182929926311658E+03   -0.157251535193769243E+02    1
    0.328223505792978614E+02    0.533087941464950976E+01    0.682850427449572139E+00   -0.261182758798678776E+03   -0.157351535193769205E+02    1
    0.334240197103823107E+02    0.484569391582974696E+01    0.799370175455414111E+00   -0.261114480464310304E+03   -0.157451535193769239E+02    1
    0.332324893735537330E+02    0.497523018526358118E+01    0.797041528470263438E+00   -0.261100078327057190E+03   -0.157551535193769254E+02    1
    0.330415533470059586E+02    0.518413815984332782E+01    0.692266567170308988E+00   -0.261095474781624148E+03   -0.157651535193769252E+02    1
    0.330446494593679461E+02    0.517717481267879265E+01    0.707963077666636798E+00   -0.261084289591129846E+03   -0.157751535193769250E+02    1
    0.334149505737311117E+02    0.484979146837462149E+01    0.817347073696020776E+00   -0.261044594847559893E+03   -0.157851535193769212E+02    1
    0.330478597353150789E+02    0.514405640338083980E+01    0.704110654742497677E+00   -0.261031846915343635E+03   -0.157951535193769192E+02    1
    0.330898908724653964E+02    0.509764902040110890E+01    0.735974929482603124E+00   -0.261009119523411584E+03   -0.158051535193769226E+02    1
    0.330823112641505475E+02    0.510891171690447266E+01    0.723405666990076246E+00   -0.261008273680739421E+03   -0.158151535193769295E+02    1
    0.330828075876671974E+02    0.511460170480584253E+01    0.712676431030296320E+00   -0.261005141158385300E+03   -0.158251535193769204E+02    1
    0.333139400326992074E+02    0.492735912041629032E+01    0.814727958837127453E+00   -0.260993025789566445E+03   -0.158351535193769237E+02    1
    0.330533695862805459E+02    0.517263404669844284E+01    0.679873033885162847E+00   -0.260983097070472866E+03   -0.158451535193769235E+02    1
    0.328994849069001560E+02    0.527887241552406739E+01    0.665998059914552298E+00   -0.260974277812034245E+03   -0.158551535193769215E+02    1
    0.331385264722486212E+02    0.509407788273500906E+01    0.696475491813993930E+00   -0.260962770992313267E+03   -0.158651535193769213E+02    1
    0.332129015553274485E+02    0.502728354681508982E+01    0.771575321688888316E+00   -0.260953166534295008E+03   -0.158751535193769211E+02    1
    0.329564474694934333E+02    0.523083491364939590E+01    0.718003399635694151E+00   -0.260950755003016639E+03   -0.158851535193769209E+02    1
    0.331253950721076151E+02    0.511307320508967766E+01    0.720721813497815389E+00   -0.260920477555685011E+03   -0.158951535193769207E+02    1
    0.332624738111022822E+02    0.499695269185830693E+01    0.758663190417583899E+00   -0.260894464742622745E+03   -0.159051535193769240E+02    1
    0.333420076235058787E+02    0.489597275005862453E+01    0.806348091024956082E+00   -0.260885830452056894E+03   -0.159151535193769220E+02    1
    0.330228527832829286E+02    0.515126921920027492E+01    0.728205501646960407E+00   -0.260865445579446543E+03   -0.159251535193769236E+02    1
    0.333707011484395224E+02    0.488661544601897901E+01    0.782464899721371232E+00   -0.260861776748146269E+03   -0.159351535193769287E+02    1
    0.331131858556942404E+02    0.508699106377068855E+01    0.725280220624192506E+00   -0.260851904023631391E+03   -0.159451535193769232E+02    1
    0.330873154251746016E+02    0.509637407743488424E+01    0.773954363471560325E+00   -0.260841340338137343E+03   -0.159551535193769194E+02    1
    0.332007945895038645E+02    0.504210588865573328E+01    0.758586767920085392E+00   -0.260836349536660578E+03   -0.159651535193769210E+02    1
    0.330004823542451788E+02    0.518004725656351805E+01    0.746579477468306885E+00   -0.260827586076477246E+03   -0.159751535193769225E+02    1
    0.330130186412385171E+02    0.515946423906977092E+01    0.753751951067891723E+00   -0.260817232207900247E+03   -0.159851535193769188E+02    1
    0.328804208941208742E+02    0.527946092536629052E+01    0.687799137844174013E+00   -0.260797118929572207E+03   -0.159951535193769203E+02    1
    0.330487279450319207E+02    0.513832815998974901E+01    0.761068419879607161E+00   -0.260785878976722870E+03   -0.160051535193769219E+02    1
    0.330954678373459501E+02    0.508821771580208448E+01    0.772092559500742071E+00   -0.260769153319316501E+03   -0.160151535193769199E+02    1
    0.329434872795697800E+02    0.525607083461531754E+01    0.673085256328242565E+00   -0.260760157375985841E+03   -0.160251535193769179E+02    1
    0.329346827640792270E+02    0.526125385226864317E+01    0.682211998475884429E+00   -0.260758408238918946E+03   -0.160351535193769230E+02    1
    0.332412859675235453E+02    0.501807340602777874E+01    0.724439662611414459E+00   -0.260758231852851395E+03   -0.160451535193769246E+02    1
    0.328881372502880680E+02    0.529154617133496075E+01    0.682775600495247770E+00   -0.260742953345865089E+03   -0.160551535193769190E+02    1
    0.333082057410695924E+02    0.496091320357098109E+01    0.752956169299130229E+00   -0.260741856668864671E+03   -0.160651535193769135E+02    1
    0.334018923785718158E+02    0.486303097297029652E+01    0.801131462096735358E+00   -0.260738476780514418E+03   -0.160751535193769257E+02    1
    0.332200382525249864E+02    0.499079799033996530E+01    0.801183652804998037E+00   -0.260737584648971506E+03   -0.160851535193769237E+02    1
    0.333415765175501519E+02    0.489858907367716689E+01    0.813644710551768569E+00   -0.260729105745067955E+03   -0.160951535193769217E+02    1
    0.332430890163691686E+02    0.500926370406535426E+01    0.761416009485447853E+00   -0.260702282907125152E+03   -0.161051535193769162E+02    1
    0.331444751613436352E+02    0.505904115802189658E+01    0.738567973275725320E+00   -0.260698765987779268E+03   -0.161151535193769178E+02    1
    0.333383616215066638E+02    0.493018268967274942E+01    0.775714478151561804E+00   -0.260668454300520068E+03   -0.161251535193769229E+02    1
    0.332084122447359036E+02    0.499874527026656956E+01    0.779647945172789791E+00   -0.260647040545808750E+03   -0.161351535193769244E+02    1
    0.329683500768415598E+02    0.520787310253918001E+01    0.696665489211888200E+00   -0.260641556234793939E+03   -0.161451535193769189E+02    1
    0.330046444012862139E+02    0.517335634434240177E+01    0.711154906822730415E+00   -0.260640383318882982E+03   -0.161551535193769169E+02    1
    0.332974710972785957E+02    0.495574223499407474E+01    0.787938791037616992E+00   -0.260640299339998137E+03   -0.161651535193769220E+02    1
    0.330792592072504732E+02    0.511368142389216906E+01    0.722258722308700252E+00   -0.260629864020245009E+03   -0.161751535193769271E+02    1
    0.332402373793192822E+02    0.498708452736260544E+01    0.752250445940172985E+00   -0.260629851953941511E+03   -0.161851535193769251E+02    1
    0.333082762411809057E+02    0.492383211635241924E+01    0.809911496714919132E+00   -0.260623437786567422E+03   -0.161951535193769232E+02    1
    0.330314429037339181E+02    0.515833524349915340E+01    0.749527721832310312E+00   -0.260613678110606770E+03   -0.162051535193769212E+02    1
    0.329018095371949073E+02    0.527846440550091067E+01    0.671385514773875314E+00   -0.260609414579935105E+03   -0.162151535193769227E+02    1
    0.332874461253296516E+02    0.497144706473294207E+01    0.770681686550883982E+00   -0.260602765518445835E+03   -0.162251535193769172E+02    1
    0.330797854655729537E+02    0.510204064967601667E+01    0.756084544777666623E+00   -0.260585879371059320E+03   -0.162351535193769152E+02    1
    0.328914655457622160E+02    0.528563708635513763E+01    0.686987735751791839E+00   -0.260585230976637490E+03   -0.162451535193769203E+02    1
    0.333771917576017572E+02    0.487945819884449428E+01    0.796418849209282964E+00   -0.260584975510197523E+03   -0.162551535193769219E+02    1
    0.329107422061757262E+02    0.525473014371364577E+01    0.692697950349968172E+00   -0.260580060560356003E+03   -0.162651535193769270E+02    1
    0.328918664532554956E+02    0.528130215536937708E+01    0.675884376260309283E+00   -0.260573342414881154E+03   -0.162751535193769286E+02    1
    0.330804379871389571E+02    0.513985964517597438E+01    0.689830672532724343E+00   -0.260570418133118096E+03   -0.162851535193769230E+02    1
    0.331632991552282874E+02    0.506149759595392990E+01    0.716440814060198994E+00   -0.260563086976541456E+03   -0.162951535193769281E+02    1
    0.332154669392014554E+02    0.502241100564907761E+01    0.772729721537093850E+00   -0.260541875212030504E+03   -0.163051535193769261E+02    1
    0.333767876643417623E+02    0.488104851592984357E+01    0.803650295470098919E+00   -0.260511504907084998E+03   -0.163151535193769242E+02    1
    0.332091587065688643E+02    0.503827964044225229E+01    0.749237058863143512E+00   -0.260497168910302207E+03   -0.163251535193769186E+02    1
    0.331457002722225980E+02    0.504939850297355619E+01    0.767342555038823204E+00   -0.260496384176562287E+03   -0.163351535193769166E+02    1
    0.333025121341677064E+02    0.493180815620605451E+01    0.784484132692006009E+00   -0.260487762144405281E+03   -0.163451535193769217E+02    1
    0.329704460336479244E+02    0.520566089054424364E+01    0.699990517531072776E+00   -0.260480342001889369E+03   -0.163551535193769233E+02    1
    0.329096560193629983E+02    0.526567897932278317E+01    0.679380362759660850E+00   -0.260469183076897082E+03   -0.163651535193769284E+02    1
    0.330352155751444627E+02    0.518399692468406492E+01    0.693499024090849181E+00   -0.260465134882126790E+03   -0.163751535193769264E+02    1
    0.332563487250734795E+02    0.499378850467373159E+01    0.770407922185970540E+00   -0.260450746600666889E+03   -0.163851535193769244E+02    1
    0.333008945513522718E+02    0.493085432499448828E+01    0.804724711578682417E+00   -0.260439668138776938E+03   -0.163951535193769224E+02    1
    0.331578801800277461E+02    0.505528326914760129E+01    0.778508967267602547E+00   -0.260433746737713363E+03   -0.164051535193769205E+02    1
    0.330756161355646299E+02    0.513166944427901406E+01    0.700769111254045063E+00   -0.260432186347129061E+03   -0.164151535193769185E+02    1
    0.329806411558556931E+02    0.521872315756562521E+01    0.677880428054490558E+00   -0.260421255702111466E+03   -0.164251535193769200E+02    1
    0.328925068404564556E+02    0.527532857195693783E+01    0.695710458372325924E+00   -0.260419889859475802E+03   -0.164351535193769216E+02    1
    0.329811455447021302E+02    0.519486177074651589E+01    0.735773884406494716E+00   -0.260403097724583063E+03   -0.164451535193769196E+02    1
    0.329017793203333184E+02    0.526357625035439458E+01    0.700842520333310182E+00   -0.260397938786026600E+03   -0.164551535193769212E+02    1
    0.330572512706191191E+02    0.514851117017432269E+01    0.695718523107918707E+00   -0.260391470728219701E+03   -0.164651535193769156E+02    1
    0.332070180247688214E+02    0.501920087976953422E+01    0.737548236838661109E+00   -0.260390546509112937E+03   -0.164751535193769136E+02    1
    0.332047966537953556E+02    0.504166829783344372E+01    0.718004991502300571E+00   -0.260387067262728067E+03   -0.164851535193769188E+02    1
    0.331067263521766364E+02    0.508234590452150847E+01    0.755993649466788598E+00   -0.260382715239498623E+03   -0.164951535193769239E+02    1
    0.329111020654658475E+02    0.525422398797978651E+01    0.700479170323003775E+00   -0.260382068312615502E+03   -0.165051535193769183E+02    1
    0.328995768693104367E+02    0.527731528089286606E+01    0.686913144435182255E+00   -0.260378466012890556E+03   -0.165151535193769163E+02    1
    0.333048518706060364E+02    0.495824044376686857E+01    0.764340373071246137E+00   -0.260375249961098177E+03   -0.165251535193769215E+02    1
    0.331417456407986535E+02    0.506872497357181473E+01    0.773944981610543481E+00   -0.260374405644295564E+03   -0.165351535193769195E+02    1
    0.330664277291868061E+02    0.513807881845846115E+01    0.746231185671263675E+00   -0.260374042094609990E+03   -0.165451535193769175E+02    1
    0.333078791145905058E+02    0.495004198943896156E+01    0.779786085736491996E+00   -0.260366546644397204E+03   -0.165551535193769155E+02    1
    0.333348620091256791E+02    0.491249271423770750E+01    0.804294966779695142E+00   -0.260349442346339742E+03   -0.165651535193769170E+02    1
    0.332163042408208469E+02    0.500423033168339160E+01    0.753398885918826089E+00   -0.260348432762841867E+03   -0.165751535193769222E+02    1
    0.331240420836052323E+02    0.510746477395912724E+01    0.729816288736934715E+00   -0.260346418251143461E+03   -0.165851535193769202E+02    1
    0.329626732264729014E+02    0.520711252762805898E+01    0.713248915997052091E+00   -0.260342694260661347E+03   -0.165951535193769182E+02    1
    0.330286175023065738E+02    0.518607818922969521E+01    0.701765972515539627E+00   -0.260338989352749081E+03   -0.166051535193769197E+02    1
    0.331402494637082867E+02    0.506891590446579521E+01    0.774192950479705821E+00   -0.260337603125176429E+03   -0.166151535193769178E+02    1
    0.330315924655827544E+02    0.515981004287738987E+01    0.704428642938053740E+00   -0.260315451148231318E+03   -0.166251535193769122E+02    1
    0.332828140819216713E+02    0.496507759565633489E+01    0.749696930733226519E+00   -0.260311295155645212E+03   -0.166351535193769173E+02    1
    0.330423463038711844E+02    0.517443658129624851E+01    0.706846275505815802E+00   -0.260309424580462917E+03   -0.166451535193769224E+02    1
    0.330320733772478121E+02    0.514739099927312971E+01    0.729804897399311869E+00   -0.260301639974086015E+03   -0.166551535193769169E+02    1
    0.330879486511326704E+02    0.510012777942648654E+01    0.765344547815483223E+00   -0.260295603887203242E+03   -0.166651535193769149E+02    1
    0.329053174631086875E+02    0.526947121636410021E+01    0.685549384473340018E+00   -0.260280216634181272E+03   -0.166751535193769200E+02    1
    0.333368533572406704E+02    0.491270031147306518E+01    0.800870448878562846E+00   -0.260268410442587765E+03   -0.166851535193769180E+02    1
    0.331513724455814724E+02    0.508299938745099045E+01    0.739960126000690610E+00   -0.260265186026432389E+03   -0.166951535193769196E+02    1
    0.329732995736909658E+02    0.519817941134655470E+01    0.716851086912248747E+00   -0.260264974716769188E+03   -0.167051535193769176E+02    1
    0.332111714007836270E+02    0.503801668368656586E+01    0.740911828974799791E+00   -0.260255384148188909E+03   -0.167151535193769192E+02    1
    0.330486885745097965E+02    0.515305184687852602E+01    0.739534282929771414E+00   -0.260250678920870030E+03   -0.167251535193769207E+02    1
    0.330398177698134106E+02    0.514426732353148264E+01    0.751945459129333416E+00   -0.260247793619039726E+03   -0.167351535193769152E+02    1
    0.333371393896007930E+02    0.491257374282977466E+01    0.783752323643507109E+00   -0.260238782880653730E+03   -0.167451535193769203E+02    1
    0.332749654801081292E+02    0.495664678437318607E+01    0.799768294861484152E+00   -0.260238305359370088E+03   -0.167551535193769219E+02    1
    0.329399371294703798E+02    0.524473124550329661E+01    0.701597885989179604E+00   -0.260235577625014685E+03   -0.167651535193769163E+02    1
    0.330447615690748862E+02    0.516237489322868015E+01    0.728673500109994876E+00   -0.260233618793960659E+03   -0.167751535193769143E+02    1
    0.329791603817230197E+02    0.519248097106818030E+01    0.722864907749598773E+00   -0.260221895720206987E+03   -0.167851535193769195E+02    1
    0.330551462916640517E+02    0.516484785529578527E+01    0.705467880970298777E+00   -0.260217976686784368E+03   -0.167951535193769175E+02    1
    0.329734512579207859E+02    0.519750564543259586E+01    0.725052300423658425E+00   -0.260217205700060049E+03   -0.168051535193769190E+02    1
    0.329780936586364390E+02    0.522382772880628288E+01    0.685424160886038414E+00   -0.260211092240190396E+03   -0.168151535193769170E+02    1
    0.330299650057196175E+02    0.517722566957248187E+01    0.688082691176230332E+00   -0.260200862238214199E+03   -0.168251535193769186E+02    1
    0.330692361463382767E+02    0.515444501354999396E+01    0.704001632644879805E+00   -0.260191651350764005E+03   -0.168351535193769166E+02    1
    0.332485751002574048E+02    0.500546948928862534E+01    0.734841747778619547E+00   -0.260190669114263244E+03   -0.168451535193769146E+02    1
    0.332774951802325134E+02    0.495027466654426895E+01    0.792315947218793837E+00   -0.260188139521872699E+03   -0.168551535193769197E+02    1
    0.333090022162658812E+02    0.493213170288350611E+01    0.779811594538874608E+00   -0.260178428028222015E+03   -0.168651535193769213E+02    1
    0.331198985786608944E+02    0.507955343815398308E+01    0.738679081438260887E+00   -0.260168978781928104E+03   -0.168751535193769229E+02    1
    0.332800551715848769E+02    0.497411204592632217E+01    0.745751293248332003E+00   -0.260160917706070563E+03   -0.168851535193769244E+02    1
    0.331960882801301835E+02    0.501568131618824875E+01    0.786851261491480769E+00   -0.260135402088242529E+03   -0.168951535193769224E+02    1
    0.332368687870776256E+02    0.498818678952472716E+01    0.761248720746522056E+00   -0.260119855805472127E+03   -0.169051535193769205E+02    1
    0.330067320679765714E+02    0.520031158892488943E+01    0.699719394802718053E+00   -0.260117840811206065E+03   -0.169151535193769149E+02    1
    0.330547421379969819E+02    0.514879447495540798E+01    0.700303217037203218E+00   -0.260112511665011823E+03   -0.169251535193769129E+02    1
    0.330005700437337239E+02    0.517515612356408461E+01    0.727866216189744786E+00   -0.260091055335647638E+03   -0.169351535193769109E+02    1
    0.330050296069267475E+02    0.517534161706368145E+01    0.737442740043292799E+00   -0.260083559850048744E+03   -0.169451535193769161E+02    1
    0.329947336307587094E+02    0.518418957015064485E+01    0.713319032822072874E+00   -0.260076690761137911E+03   -0.169551535193769176E+02    1
    0.330523695881264317E+02    0.513058248307776843E+01    0.741349349676004521E+00   -0.260069284340148442E+03   -0.169651535193769156E+02    1
    0.330635974557846950E+02    0.512154248914730026E+01    0.752754383209891964E+00   -0.260063157566316875E+03   -0.169751535193769172E+02    1
    0.331928958583656524E+02    0.501776330834389839E+01    0.783902222858936293E+00   -0.260051468091819061E+03   -0.169851535193769223E+02    1
    0.332990449076524513E+02    0.493743801165206087E+01    0.789316963751743650E+00   -0.260050132037868707E+03   -0.169951535193769274E+02    1
    0.332559816553895971E+02    0.499839039598686785E+01    0.742079872783771188E+00   -0.260046096474554872E+03   -0.170051535193769219E+02    1
    0.332976225042004046E+02    0.496027693675136305E+01    0.756740446979180303E+00   -0.260043761939372473E+03   -0.170151535193769128E+02    1
    0.329872141913314465E+02    0.519432678275403781E+01    0.704871188492753653E+00   -0.260042811844955395E+03   -0.170251535193769072E+02    1
    0.330500492902699960E+02    0.515243637009254041E+01    0.700957176679246508E+00   -0.260013121239339682E+03   -0.170351535193769124E+02    1
    0.329827965229912508E+02    0.521685809741236639E+01    0.689069173710990079E+00   -0.260006465397383295E+03   -0.170451535193769175E+02    1
    0.330085572501494227E+02    0.519154112322528949E+01    0.690216906797393559E+00   -0.260002817882247825E+03   -0.170551535193769226E+02    1
    0.333149557270253993E+02    0.494179381129737028E+01    0.775101454433665404E+00   -0.259993589390681336E+03   -0.170651535193769242E+02    1
    0.332290415036931179E+02    0.499394433019206119E+01    0.762527431467044381E+00   -0.259992304607113624E+03   -0.170751535193769186E+02    1
    0.333005700312422306E+02    0.495218569980495005E+01    0.778511293514225988E+00   -0.259980283192730099E+03   -0.170851535193769131E+02    1
    0.332417968981127601E+02    0.500054061093002034E+01    0.740024076994818203E+00   -0.259978734592824708E+03   -0.170951535193769111E+02    1
    0.331154111357144103E+02    0.508663484866848670E+01    0.733209567449040978E+00   -0.259977668044179836E+03   -0.171051535193769126E+02    1
    0.332147973834726287E+02    0.500436307906501288E+01    0.761305064334402370E+00   -0.259977639563028845E+03   -0.171151535193769142E+02    1
    0.330301979515754027E+02    0.515712683604768518E+01    0.715652199677875744E+00   -0.259974798643610711E+03   -0.171251535193769122E+02    1
    0.333082583924692486E+02    0.494752255453574019E+01    0.774223909261430365E+00   -0.259971020525588187E+03   -0.171351535193769102E+02    1
    0.332202649015585010E+02    0.499590659397978598E+01    0.778628652179338854E+00   -0.259966873982483662E+03   -0.171451535193769118E+02    1
    0.331880913767011876E+02    0.505444418187202427E+01    0.737439098838106211E+00   -0.259962530738013015E+03   -0.171551535193769134E+02    1
    0.331712053521714978E+02    0.503648693617137599E+01    0.778367758819464406E+00   -0.259958999765053647E+03   -0.171651535193769149E+02    1
    0.331212453378427512E+02    0.508009262671323114E+01    0.767243429329835691E+00   -0.259941527184484016E+03   -0.171751535193769200E+02    1
    0.329834198933529592E+02    0.521506244608589142E+01    0.696613392624392702E+00   -0.259939108165045241E+03   -0.171851535193769180E+02    1
    0.330903406697451388E+02    0.512489700020765326E+01    0.703987922908206110E+00   -0.259937718877972600E+03   -0.171951535193769125E+02    1
    0.329471869447817767E+02    0.523683151971475613E+01    0.696654605877278676E+00   -0.259932235579154508E+03   -0.172051535193769141E+02    1
    0.329998984217556810E+02    0.520304966099223520E+01    0.691962360372625152E+00   -0.259920447581304188E+03   -0.172151535193769156E+02    1
    0.331713056968548941E+02    0.503460817910080394E+01    0.770105485902098708E+00   -0.259906231456420471E+03   -0.172251535193769101E+02    1
    0.332091089807735642E+02    0.502418346548421191E+01    0.769040906642740496E+00   -0.259901531977209800E+03   -0.172351535193769116E+02    1
    0.332013463633691686E+02    0.501271859282694798E+01    0.781871758622721402E+00   -0.259898245759406450E+03   -0.172451535193769168E+02    1
    0.331315093779023684E+02    0.509033928310461015E+01    0.748027361260802159E+00   -0.259896647522132810E+03   -0.172551535193769148E+02    1
    0.333128877143962043E+02    0.493392199736500192E+01    0.786062034161757461E+00   -0.259893719603657416E+03   -0.172651535193769128E+02    1
    0.331926283384728151E+02    0.504855361241779210E+01    0.724254176843569741E+00   -0.259888918586692853E+03   -0.172751535193769143E+02    1
    0.329865514416429733E+02    0.520308282947561462E+01    0.695709163223433569E+00   -0.259885811590507558E+03   -0.172851535193769195E+02    1
    0.332550550574972448E+02    0.497114507098103964E+01    0.785156866897301908E+00   -0.259883169197604275E+03   -0.172951535193769210E+02    1
    0.332567060776251822E+02    0.497002632804727984E+01    0.782522327682223628E+00   -0.259879673353389080E+03   -0.173051535193769155E+02    1
    0.330822629308359240E+02    0.511579131060275394E+01    0.754323048374668126E+00   -0.259878278780347273E+03   -0.173151535193769135E+02    1
    0.332216047141788735E+02    0.499721386048850746E+01    0.784146045727748042E+00   -0.259875111595696467E+03   -0.173251535193769151E+02    1
    0.329854298757431224E+02    0.519279404235290265E+01    0.721513245476715692E+00   -0.259871890957619655E+03   -0.173351535193769202E+02    1
    0.331056955920325038E+02    0.508993954156276907E+01    0.761597112468038073E+00   -0.259869280948198082E+03   -0.173451535193769217E+02    1
    0.332641413491962510E+02    0.498573891300866023E+01    0.764346414909836791E+00   -0.259869261224322827E+03   -0.173551535193769162E+02    1
    0.331105636227788551E+02    0.511746165365753125E+01    0.707864962552422372E+00   -0.259866547893062034E+03   -0.173651535193769142E+02    1
    0.332131693713667886E+02    0.501598530065504278E+01    0.743280275344040842E+00   -0.259849727526577340E+03   -0.173751535193769122E+02    1
    0.333089351553265089E+02    0.493797338199141755E+01    0.781218059668966402E+00   -0.259842262754642547E+03   -0.173851535193769102E+02    1
    0.331664104288945012E+02    0.506198639075692647E+01    0.754697416031342772E+00   -0.259841145524505578E+03   -0.173951535193769118E+02    1
    0.330241561045132173E+02    0.515848550865018751E+01    0.735655887476287629E+00   -0.259836218522629963E+03   -0.174051535193769098E+02    1
    0.332641088626378263E+02    0.496606531433146170E+01    0.780681499226353992E+00   -0.259813271455209360E+03   -0.174151535193769078E+02    1
    0.329925385740565105E+02    0.520608167163464142E+01    0.700010387680356283E+00   -0.259811330934286048E+03   -0.174251535193769094E+02    1
    0.329804184447138340E+02    0.520242365978774401E+01    0.717961051495446423E+00   -0.259800842116932529E+03   -0.174351535193769074E+02    1
    0.332067799049062842E+02    0.501083076168230157E+01    0.780906052763060687E+00   -0.259796402284074759E+03   -0.174451535193769089E+02    1
    0.331650708055761783E+02    0.505902295459174134E+01    0.726758637095420990E+00   -0.259791168005365364E+03   -0.174551535193769141E+02    1
