#        weight    minuslogpost        alpha_ls         beta_ls              H0         Omega_m   minuslogprior minuslogprior__0            chi2 chi2__lsigma_hiig_likelihood.LSigmaHIIG
              1       29790.245       30.162153       5.3420177       70.029643       0.2903051       8.9871968        8.9871968       59562.517                               59562.517
              1       12698.762       30.187954       5.8737228       70.029643       0.2903051       8.9871968        8.9871968       25379.549                               25379.549
              1       2939.9796       31.319325       5.7851532       70.029643       0.2903051       8.9871968        8.9871968       5861.9847                               5861.9847
              1       1528.5167       31.933227       6.2302397       71.065603      0.28190294       8.9871968        8.9871968       3039.0591                               3039.0591
              2       1012.3839       30.997007       6.6700767       71.065603      0.28190294       8.9871968        8.9871968       2006.7933                               2006.7933
              3       949.84483       30.482398       6.8178048       69.335824      0.29614413       8.9871968        8.9871968       1881.7153                               1881.7153
              4       937.62532        30.49806       6.8176872       68.338987      0.30484664       8.9871968        8.9871968       1857.2762                               1857.2762
              1       836.53614       30.881767       6.6416299       68.338987      0.30484664       8.9871968        8.9871968       1655.0979                               1655.0979
              2       744.11052       31.279647       6.4010436       68.338987      0.30484664       8.9871968        8.9871968       1470.2467                               1470.2467
              1       695.15394       31.348928       6.2267201       68.338987      0.30484664       8.9871968        8.9871968       1372.3335                               1372.3335
              2       683.56848       31.458894       6.1359758       69.975463      0.29075482       8.9871968        8.9871968       1349.1626                               1349.1626
              3       680.66324       31.461735       6.1364589       72.600146      0.27011176       8.9871968        8.9871968       1343.3521                               1343.3521
              1       680.26095       31.461735       6.1364589       71.620643      0.27755052       8.9871968        8.9871968       1342.5475                               1342.5475
              2       614.89563       31.794062       6.0346334       71.620643      0.27755052       8.9871968        8.9871968       1211.8169                               1211.8169
              2       605.12479       31.775834       6.0322672       71.620643      0.27755052       8.9871968        8.9871968       1192.2752                               1192.2752
              3       520.64966       32.067236       5.8260623       67.670835       0.3108962       8.9871968        8.9871968       1023.3249                               1023.3249
              7       465.97744       32.449097       5.5531723       67.670835       0.3108962       8.9871968        8.9871968       913.98048                               913.98048
              1       464.13747       32.449552       5.5784518       64.945804      0.33753304       8.9871968        8.9871968       910.30054                               910.30054
              2       460.61024       32.519215       5.5084538       64.945804      0.33753304       8.9871968        8.9871968        903.2461                                903.2461
              3        442.6539         32.7969       5.3317092       64.843678      0.33859707       8.9871968        8.9871968       867.33341                               867.33341
             10       439.89909         32.7969       5.3317092       66.686096      0.32014586       8.9871968        8.9871968       861.82379                               861.82379
              1       440.71176         32.7969       5.3317092         70.4131      0.28715181       8.9871968        8.9871968       863.44912                               863.44912
              8       439.70174         32.7969       5.3317092       69.411692       0.2954971       8.9871968        8.9871968       861.42909                               861.42909
              1       437.19202        32.93186       5.2231918       69.411692       0.2954971       8.9871968        8.9871968       856.40965                               856.40965
              1        435.2713        32.93186       5.2231918       71.649254       0.2773289       8.9871968        8.9871968       852.56821                               852.56821
              6       434.22764       33.123544        5.112314       71.649254       0.2773289       8.9871968        8.9871968       850.48089                               850.48089
              5       434.83375       33.123544        5.112314       69.179754      0.29748184       8.9871968        8.9871968       851.69311                               851.69311
              4       434.29195       33.123544        5.112314       69.876007      0.29158308       8.9871968        8.9871968       850.60951                               850.60951
              3       434.03106       33.123544        5.112314       70.706037      0.28477738       8.9871968        8.9871968       850.08772                               850.08772
              1       433.73851       33.114171       5.1141597       70.706037      0.28477738       8.9871968        8.9871968       849.50263                               849.50263
              6       434.04377       33.114171       5.1141597        70.18553      0.28901695       8.9871968        8.9871968       850.11314                               850.11314
              2        433.7668       33.114171       5.1141597       70.643112      0.28528493       8.9871968        8.9871968        849.5592                                849.5592
              3       435.07095       33.114171       5.1141597       73.742181      0.26181018       8.9871968        8.9871968       852.16751                               852.16751
              5       434.49483       33.114171       5.1141597       73.237763      0.26542899       8.9871968        8.9871968       851.01526                               851.01526
             10       433.58378       33.114171       5.1141597       71.341864       0.2797239       8.9871968        8.9871968       849.19316                               849.19316
              1       434.26237       33.071179       5.1296681       71.341864       0.2797239       8.9871968        8.9871968       850.55034                               850.55034
              2       434.24746       33.071179       5.1296681       71.355896       0.2796139       8.9871968        8.9871968       850.52053                               850.52053
             11       433.86507       33.134639       5.1006949       71.355896       0.2796139       8.9871968        8.9871968       849.75574                               849.75574
              6       433.97909       33.134639       5.1006949       72.233078        0.272864       8.9871968        8.9871968       849.98378                               849.98378
              2       434.26151       33.134639       5.1006949       72.766037      0.26888157       8.9871968        8.9871968       850.54863                               850.54863
              3       434.00667       33.121105       5.1088623       72.766037      0.26888157       8.9871968        8.9871968       850.03894                               850.03894
              4       434.02307       33.017332       5.1613153       72.948262      0.26753991       8.9871968        8.9871968       850.07176                               850.07176
              1       434.02257       33.017332       5.1613153       72.949991      0.26752723       8.9871968        8.9871968       850.07075                               850.07075
             22       433.31781       33.059443       5.1433213       72.949991      0.26752723       8.9871968        8.9871968       848.66122                               848.66122
             16       433.29989       33.059443       5.1433213       71.469356      0.27872681       8.9871968        8.9871968       848.62539                               848.62539
              8       433.15475       33.059443       5.1433213       72.220061      0.27296237       8.9871968        8.9871968        848.3351                                848.3351
             11       433.14371       33.070537        5.136072       72.220061      0.27296237       8.9871968        8.9871968       848.31303                               848.31303
              4       433.58167       33.055936        5.144785       73.513454      0.26344189       8.9871968        8.9871968       849.18895                               849.18895
              5       433.83918       33.055936        5.144785       73.852671      0.26102739       8.9871968        8.9871968       849.70398                               849.70398
              4       433.17477       33.055936        5.144785       72.389831      0.27168356       8.9871968        8.9871968       848.37515                               848.37515
              4       433.18761       33.052327       5.1473792       72.389831      0.27168356       8.9871968        8.9871968       848.40082                               848.40082
              4        433.4173       33.038187       5.1603854       72.389831      0.27168356       8.9871968        8.9871968        848.8602                                848.8602
              3       433.51067       33.037075        5.162068       72.389831      0.27168356       8.9871968        8.9871968       849.04695                               849.04695
              1       434.45734       33.034054       5.1487454       72.389831      0.27168356       8.9871968        8.9871968       850.94029                               850.94029
              7       434.77954       33.064829        5.151786       72.389831      0.27168356       8.9871968        8.9871968        851.5847                                851.5847
             10       434.37298       33.064829        5.151786       72.008044      0.27457213       8.9871968        8.9871968       850.77157                               850.77157
              1        433.8032       33.064829        5.151786       71.244483      0.28048911       8.9871968        8.9871968       849.63201                               849.63201
              3       433.84487       33.070676       5.1481648       71.244483      0.28048911       8.9871968        8.9871968       849.71535                               849.71535
              3       434.15891       33.070676       5.1481648         71.7169      0.27680598       8.9871968        8.9871968       850.34344                               850.34344
              2       435.52677       33.070676       5.1481648        72.92567       0.2677057       8.9871968        8.9871968       853.07915                               853.07915
              3       434.69422       33.070676       5.1481648       68.425648      0.30407495       8.9871968        8.9871968       851.41404                               851.41404
              1       435.66145       33.070676       5.1481648       67.727792      0.31037352       8.9871968        8.9871968       853.34851                               853.34851
              5       435.63991       33.097098         5.13448       67.727792      0.31037352       8.9871968        8.9871968       853.30542                               853.30542
              1       435.51747       33.091795       5.1382047       67.727792      0.31037352       8.9871968        8.9871968       853.06054                               853.06054
              7       436.34392       33.118358       5.1317139       67.727792      0.31037352       8.9871968        8.9871968       854.71345                               854.71345
              4       436.25058       33.118358       5.1317139       68.073225      0.30723156       8.9871968        8.9871968       854.52676                               854.52676
              3       436.26536       33.118358       5.1317139        67.99378      0.30794993       8.9871968        8.9871968       854.55632                               854.55632
              1       436.40705       33.118358       5.1317139       69.087252      0.29827898       8.9871968        8.9871968        854.8397                                854.8397
              1       437.10477       33.101994       5.1136523       69.087252      0.29827898       8.9871968        8.9871968       856.23514                               856.23514
              3       434.52767       33.126706       5.1143406       70.436786      0.28695872       8.9871968        8.9871968       851.08095                               851.08095
              6       434.56475       33.126706       5.1143406       70.625028      0.28543105       8.9871968        8.9871968       851.15512                               851.15512
              4       434.55804       33.126706       5.1143406        70.59753      0.28565345       8.9871968        8.9871968       851.14168                               851.14168
              3       434.54046       33.126706       5.1143406       70.514546      0.28632618       8.9871968        8.9871968       851.10652                               851.10652
              1       433.47193        33.06359       5.1450355       70.514546      0.28632618       8.9871968        8.9871968       848.96947                               848.96947
              7       434.14662        33.06359       5.1450355       73.356536      0.26457016       8.9871968        8.9871968       850.31884                               850.31884
              1       433.43915        33.06359       5.1450355       70.573004      0.28585203       8.9871968        8.9871968        848.9039                                848.9039
              2       433.32957       33.054869       5.1539436       70.573004      0.28585203       8.9871968        8.9871968       848.68475                               848.68475
              3        433.6669        33.06139       5.1549756       70.573004      0.28585203       8.9871968        8.9871968       849.35941                               849.35941
              6       433.69096        33.03135       5.1632041       70.573004      0.28585203       8.9871968        8.9871968       849.40752                               849.40752
              3       433.57979        33.03135       5.1632041       70.743541      0.28447552       8.9871968        8.9871968       849.18519                               849.18519
              5       434.03408       33.014205       5.1716256       70.743541      0.28447552       8.9871968        8.9871968       850.09377                               850.09377
              6       434.32943       32.962952       5.2077472       70.743541      0.28447552       8.9871968        8.9871968       850.68446                               850.68446
              1       434.65712       32.962952       5.2077472       70.161572      0.28921437       8.9871968        8.9871968       851.33985                               851.33985
              1       437.83408       32.881934       5.2547511       70.161572      0.28921437       8.9871968        8.9871968       857.69376                               857.69376
              1        437.3796       33.141265       5.0828437       70.161572      0.28921437       8.9871968        8.9871968        856.7848                                856.7848
              1       437.59927       33.141265       5.0828437       70.059718      0.29005591       8.9871968        8.9871968       857.22414                               857.22414
              6       435.83144       33.141265       5.0828437       70.990596      0.28249895       8.9871968        8.9871968       853.68849                               853.68849
              8       434.89424       33.141265       5.0828437       71.654094      0.27729145       8.9871968        8.9871968       851.81409                               851.81409
              4       433.71652       33.057108       5.1331131       74.220463       0.2584468       8.9871968        8.9871968       849.45865                               849.45865
             13       433.61017       33.081152       5.1247185       74.220463       0.2584468       8.9871968        8.9871968       849.24595                               849.24595
              3        433.3604       33.081152       5.1247185       73.747516       0.2617723       8.9871968        8.9871968       848.74642                               848.74642
              2       433.22617       33.081152       5.1247185       73.234099      0.26545555       8.9871968        8.9871968       848.47796                               848.47796
              2       433.30294       33.078138       5.1243587       73.234099      0.26545555       8.9871968        8.9871968       848.63148                               848.63148
             10       433.34793       33.078138       5.1243587       72.947484      0.26754562       8.9871968        8.9871968       848.72146                               848.72146
              3       433.53952        33.02628       5.1642737       72.947484      0.26754562       8.9871968        8.9871968       849.10465                               849.10465
              7       435.90669       33.030242       5.1747942       72.947484      0.26754562       8.9871968        8.9871968       853.83899                               853.83899
             12       434.62848       33.133277       5.1028035       72.947484      0.26754562       8.9871968        8.9871968       851.28257                               851.28257
              2        434.5824       33.133277       5.1028035       69.868326       0.2916472       8.9871968        8.9871968        851.1904                                851.1904
              1       434.26068       33.121462       5.1130549       69.868326       0.2916472       8.9871968        8.9871968       850.54697                               850.54697
              4        434.9789       33.121462       5.1130549       69.045689       0.2986382       8.9871968        8.9871968       851.98341                               851.98341
              3       434.74028       32.941635       5.2371812       69.045689       0.2986382       8.9871968        8.9871968       851.50616                               851.50616
             17       434.68714       32.940234       5.2365818       69.045689       0.2986382       8.9871968        8.9871968       851.39989                               851.39989
              1       434.91535       32.940234       5.2365818       70.025229       0.2903417       8.9871968        8.9871968        851.8563                                851.8563
              8       434.89755       32.938787       5.2256963       70.025229       0.2903417       8.9871968        8.9871968        851.8207                                851.8207
              4       434.65577       32.938787       5.2256963       71.140459      0.28130999       8.9871968        8.9871968       851.33714                               851.33714
              1       434.95585        33.09712       5.1115856       71.140459      0.28130999       8.9871968        8.9871968        851.9373                                851.9373
              6       435.34962       33.096362       5.1106052       71.140459      0.28130999       8.9871968        8.9871968       852.72484                               852.72484
              8       434.83818       33.095084       5.1133015       71.140459      0.28130999       8.9871968        8.9871968       851.70197                               851.70197
              5         433.599       33.091893       5.1223255       71.140459      0.28130999       8.9871968        8.9871968        849.2236                                849.2236
              1       434.33466        33.09786       5.1326546       71.140459      0.28130999       8.9871968        8.9871968       850.69492                               850.69492
              1       437.18227        33.09786       5.1326546       73.445961      0.26392629       8.9871968        8.9871968       856.39015                               856.39015
              8       435.13188        33.09786       5.1326546       72.071434      0.27408935       8.9871968        8.9871968       852.28938                               852.28938
             12       433.31427       33.087688       5.1293288       72.071434      0.27408935       8.9871968        8.9871968       848.65414                               848.65414
             10        433.2756       33.083457       5.1317548       72.071434      0.27408935       8.9871968        8.9871968        848.5768                                848.5768
              5       433.86499       33.083457       5.1317548       70.184541       0.2890251       8.9871968        8.9871968        849.7556                                849.7556
              1       433.78752       33.093845       5.1271805       70.184541       0.2890251       8.9871968        8.9871968       849.60064                               849.60064
              2       433.52358       33.093845       5.1271805       70.657569       0.2851682       8.9871968        8.9871968       849.07276                               849.07276
              6        433.9114        33.10714       5.1241939       70.657569       0.2851682       8.9871968        8.9871968        849.8484                                849.8484
              6       434.78166       33.141221       5.1045527       70.657569       0.2851682       8.9871968        8.9871968       851.58893                               851.58893
              6       435.03125        33.14169       5.1047175       69.411896      0.29549536       8.9871968        8.9871968       852.08811                               852.08811
              8       434.86609        33.14169       5.1047175       70.658167      0.28516338       8.9871968        8.9871968       851.75778                               851.75778
              8       433.81518       33.117423       5.1115617       70.658167      0.28516338       8.9871968        8.9871968       849.65596                               849.65596
             12       435.34724       33.117423       5.1115617       69.104253      0.29813223       8.9871968        8.9871968       852.72008                               852.72008
              9       435.83132       33.117423       5.1115617       68.795015       0.3008185       8.9871968        8.9871968       853.68826                               853.68826
              4       435.44945       33.136593       5.1051903       68.795015       0.3008185       8.9871968        8.9871968        852.9245                                852.9245
              4       434.54783       33.136593       5.1051903       69.931286      0.29112229       8.9871968        8.9871968       851.12126                               851.12126
              3       434.82204       32.940682       5.2379131       68.433491      0.30400526       8.9871968        8.9871968       851.66969                               851.66969
             10       434.87889       33.008882       5.2011658       68.433491      0.30400526       8.9871968        8.9871968        851.7834                                851.7834
              3       435.04685       33.008882       5.2011658       68.897528      0.29992399       8.9871968        8.9871968       852.11931                               852.11931
              8         435.502       33.008882       5.2011658       66.618446       0.3207964       8.9871968        8.9871968        853.0296                                853.0296
              9       437.26967       32.973235       5.2112816       66.618446       0.3207964       8.9871968        8.9871968       856.56494                               856.56494
              2       435.62188       32.973235       5.2112816       67.571419       0.3118117       8.9871968        8.9871968       853.26937                               853.26937
              1       436.21831       32.977682       5.2054174       67.571419       0.3118117       8.9871968        8.9871968       854.46222                               854.46222
              3       436.31981       32.988453       5.1978064       67.571419       0.3118117       8.9871968        8.9871968       854.66524                               854.66524
              5       435.69713       32.988453       5.1978064       67.940846      0.30842997       8.9871968        8.9871968       853.41987                               853.41987
              3       434.75467        32.96393       5.2224561       67.940846      0.30842997       8.9871968        8.9871968       851.53494                               851.53494
              2       434.60122        32.96393       5.2224561       69.929781      0.29113482       8.9871968        8.9871968       851.22805                               851.22805
              3       434.90714        32.96393       5.2224561       67.736404       0.3102946       8.9871968        8.9871968       851.83988                               851.83988
              1       434.85828        32.96393       5.2224561       67.798213      0.30972909       8.9871968        8.9871968       851.74217                               851.74217
              1       436.50179       32.883286       5.2723081       67.798213      0.30972909       8.9871968        8.9871968       855.02918                               855.02918
              1       434.80761       32.972329       5.2165878       67.798213      0.30972909       8.9871968        8.9871968       851.64082                               851.64082
              1       433.18828       33.066703       5.1401936       71.583222      0.27784079       8.9871968        8.9871968       848.40217                               848.40217
              2       433.89503       33.010981       5.1843939       71.583222      0.27784079       8.9871968        8.9871968       849.81566                               849.81566
              1       433.65539       32.995634       5.1894483       71.583222      0.27784079       8.9871968        8.9871968       849.33639                               849.33639
              1       437.04975       33.096579        5.141096       71.583222      0.27784079       8.9871968        8.9871968       856.12511                               856.12511
              1       435.02126       33.191497       5.0590458       71.583222      0.27784079       8.9871968        8.9871968       852.06813                               852.06813
              1       435.72907       33.064431       5.1533587       72.810222      0.26855533       8.9871968        8.9871968       853.48374                               853.48374
              1        433.4431        33.06124       5.1350183       72.810222      0.26855533       8.9871968        8.9871968        848.9118                                848.9118
              1       433.90356       33.024994       5.1698728       72.810222      0.26855533       8.9871968        8.9871968       849.83273                               849.83273
              1       436.41868       32.883011       5.2702335       68.247003      0.30566894       8.9871968        8.9871968       854.86297                               854.86297
              1       434.50339       32.981979       5.2143145       68.247003      0.30566894       8.9871968        8.9871968       851.03238                               851.03238
              1       434.50727       32.971289       5.2192049       68.247003      0.30566894       8.9871968        8.9871968       851.04015                               851.04015
              1       434.60934       32.964367       5.2247113       68.247003      0.30566894       8.9871968        8.9871968       851.24429                               851.24429
              1       436.83212       33.199577       5.0576765       69.704222      0.29302206       8.9871968        8.9871968       855.68985                               855.68985
              1       434.09441       33.100676       5.1251084       69.704222      0.29302206       8.9871968        8.9871968       850.21442                               850.21442
              1       434.08957       32.979123       5.2026712       69.704222      0.29302206       8.9871968        8.9871968       850.20475                               850.20475
              1       434.04038       33.042349        5.158972       69.704222      0.29302206       8.9871968        8.9871968       850.10637                               850.10637
              1       433.71827        33.07121       5.1477084       69.704222      0.29302206       8.9871968        8.9871968       849.46215                               849.46215
              1       433.59746        33.03278        5.172945       69.704222      0.29302206       8.9871968        8.9871968       849.22052                               849.22052
              2       434.14901       32.998604       5.2003226       69.704222      0.29302206       8.9871968        8.9871968       850.32362                               850.32362
              1        433.6424       33.016131       5.1838565       69.704222      0.29302206       8.9871968        8.9871968        849.3104                                849.3104
              1       435.52114       33.128547       5.1195339       69.704222      0.29302206       8.9871968        8.9871968       853.06789                               853.06789
              2       433.90842        32.98342       5.2055306       69.704222      0.29302206       8.9871968        8.9871968       849.84245                               849.84245
              1       434.81576       32.927994       5.2402943       69.704222      0.29302206       8.9871968        8.9871968       851.65712                               851.65712
              1       434.80133       32.928525       5.2397501       69.754975      0.29259581       8.9871968        8.9871968       851.62826                               851.62826
              1          434.66       33.126741       5.1153204       69.754975      0.29259581       8.9871968        8.9871968        851.3456                                851.3456
              1       433.83829       33.085366        5.139032       69.754975      0.29259581       8.9871968        8.9871968       849.70219                               849.70219
              1       434.40685       32.951978       5.2212097       69.754975      0.29259581       8.9871968        8.9871968       850.83931                               850.83931
              2       434.60096       32.972024       5.2034369       69.754975      0.29259581       8.9871968        8.9871968       851.22754                               851.22754
              1       433.74026       33.004412       5.1924508       69.754975      0.29259581       8.9871968        8.9871968       849.50612                               849.50612
              2       433.77948       32.998104       5.1963749       69.754975      0.29259581       8.9871968        8.9871968       849.58456                               849.58456
              1       435.88316       33.173429       5.0748499       69.754975      0.29259581       8.9871968        8.9871968       853.79192                               853.79192
              1       435.44081       33.130269       5.1177837       69.754975      0.29259581       8.9871968        8.9871968       852.90722                               852.90722
              1       434.24641       33.144295       5.0714515       74.667293      0.25536282       8.9871968        8.9871968       850.51842                               850.51842
              1       436.09167       32.972639       5.1808622       74.667293      0.25536282       8.9871968        8.9871968       854.20894                               854.20894
              1       436.73158       32.982052        5.172898       73.681665      0.26224042       8.9871968        8.9871968       855.48877                               855.48877
              1       435.83718       33.101497       5.1254628       73.681665      0.26224042       8.9871968        8.9871968       853.69997                               853.69997
              2       434.71001       33.065939       5.1596735       68.090405      0.30707655       8.9871968        8.9871968       851.44562                               851.44562
              1       434.75027        33.06521       5.1610226       68.090405      0.30707655       8.9871968        8.9871968       851.52615                               851.52615
              1       436.19949       32.899676        5.258731       68.090405      0.30707655       8.9871968        8.9871968       854.42458                               854.42458
              1       436.60995       32.972738       5.2038519       68.090405      0.30707655       8.9871968        8.9871968       855.24551                               855.24551
              1       434.37461       33.157204       5.0780058       71.616076      0.27758593       8.9871968        8.9871968       850.77483                               850.77483
              1       434.83977       33.142832       5.1015888       71.616076      0.27758593       8.9871968        8.9871968       851.70514                               851.70514
              1        434.5777       33.041933       5.1689842       71.616076      0.27758593       8.9871968        8.9871968       851.18101                               851.18101
              1       435.42456       32.970013        5.192668       71.616076      0.27758593       8.9871968        8.9871968       852.87473                               852.87473
              1       436.92388       33.064337       5.1628329       71.400252       0.2792666       8.9871968        8.9871968       855.87337                               855.87337
              1       433.56269       33.020628       5.1768936       71.400252       0.2792666       8.9871968        8.9871968       849.15098                               849.15098
              1       435.54372       33.203568       5.0565453       71.400252       0.2792666       8.9871968        8.9871968       853.11304                               853.11304
              1       435.71213       33.195583       5.0647312       70.636749      0.28533634       8.9871968        8.9871968       853.44987                               853.44987
              1       436.38156       33.182076       5.0812493       70.636749      0.28533634       8.9871968        8.9871968       854.78873                               854.78873
              1       436.17645       33.206395       5.0591598       70.636749      0.28533634       8.9871968        8.9871968       854.37851                               854.37851
              1       433.88273       33.038526       5.1566186       70.636749      0.28533634       8.9871968        8.9871968       849.79106                               849.79106
              1       437.35511       32.955515       5.2004407       70.636749      0.28533634       8.9871968        8.9871968       856.73583                               856.73583
              1       435.87864       33.079622       5.1219623       70.636749      0.28533634       8.9871968        8.9871968       853.78289                               853.78289
              1       435.79995       33.079478       5.1222984       70.636749      0.28533634       8.9871968        8.9871968        853.6255                                853.6255
              1       433.87466       32.975734       5.2045293       70.636749      0.28533634       8.9871968        8.9871968       849.77494                               849.77494
              1       434.76617       32.938119       5.2251036       70.636749      0.28533634       8.9871968        8.9871968       851.55795                               851.55795
              1       434.81627       32.971502       5.1982675       70.636749      0.28533634       8.9871968        8.9871968       851.65814                               851.65814
              1       434.96323       33.083273       5.1059861       74.816163      0.25434759       8.9871968        8.9871968       851.95206                               851.95206
              2       434.29638       33.122786       5.0837384       74.816163      0.25434759       8.9871968        8.9871968       850.61836                               850.61836
              1       433.95493       33.127539       5.0932595       74.816163      0.25434759       8.9871968        8.9871968       849.93546                               849.93546
              1       434.15511       33.122197       5.0850267       74.816163      0.25434759       8.9871968        8.9871968       850.33583                               850.33583
              1       433.75407       33.098257       5.1107353       74.816163      0.25434759       8.9871968        8.9871968       849.53374                               849.53374
              1       434.35218       33.181891       5.0510457       74.816163      0.25434759       8.9871968        8.9871968       850.72996                               850.72996
              1       435.49482       33.113347       5.1213104       68.262527      0.30552993       8.9871968        8.9871968       853.01525                               853.01525
              1       435.33765       32.922742       5.2533822       68.262527      0.30552993       8.9871968        8.9871968        852.7009                                852.7009
              1       435.83689       33.092106       5.1301587       68.262527      0.30552993       8.9871968        8.9871968       853.69939                               853.69939
              2       433.58692       33.006603       5.1821449       71.852418      0.27576282       8.9871968        8.9871968       849.19944                               849.19944
              2       435.22324        32.98242        5.212255       67.140926      0.31582306       8.9871968        8.9871968       852.47209                               852.47209
              1       435.06092       32.992379       5.2086082       67.140926      0.31582306       8.9871968        8.9871968       852.14745                               852.14745
              1       435.72964       32.952346       5.2278394       67.265767      0.31465185       8.9871968        8.9871968       853.48488                               853.48488
              1        435.2623       33.020692       5.1853577       67.265767      0.31465185       8.9871968        8.9871968       852.55021                               852.55021
              1       434.99979       32.985322        5.214889       67.265767      0.31465185       8.9871968        8.9871968       852.02519                               852.02519
              1       435.11345       33.035297       5.1788034       67.265767      0.31465185       8.9871968        8.9871968        852.2525                                852.2525
              1       435.39737       32.962923       5.2333073       67.265767      0.31465185       8.9871968        8.9871968       852.82035                               852.82035
              1       435.08152       32.988052       5.2150225       67.265767      0.31465185       8.9871968        8.9871968       852.18865                               852.18865
              1       433.72172       33.050899       5.1505984       73.274641      0.26516188       8.9871968        8.9871968       849.46906                               849.46906
              2       434.00779       33.001338       5.1792903       73.274641      0.26516188       8.9871968        8.9871968       850.04119                               850.04119
              1       436.99894       32.902421       5.2468815       73.274641      0.26516188       8.9871968        8.9871968       856.02348                               856.02348
              3       433.65535       33.068505       5.1393296       73.274641      0.26516188       8.9871968        8.9871968        849.3363                                849.3363
              1       433.29494       33.061773       5.1387036       73.274641      0.26516188       8.9871968        8.9871968       848.61549                               848.61549
              1       434.58215       33.190349       5.0572516       73.274641      0.26516188       8.9871968        8.9871968       851.18992                               851.18992
              1       435.12327       33.090724       5.1460553        68.42937      0.30404187       8.9871968        8.9871968       852.27214                               852.27214
              1       435.07402       33.029236       5.1890289        68.42937      0.30404187       8.9871968        8.9871968       852.17364                               852.17364
              1       434.39855       33.055047       5.1625706       70.897145      0.28324417       8.9871968        8.9871968        850.8227                                850.8227
              1       434.38976       33.027394       5.1801978       70.897145      0.28324417       8.9871968        8.9871968       850.80514                               850.80514
              1       434.44797       32.951988       5.2154359       70.897145      0.28324417       8.9871968        8.9871968       850.92154                               850.92154
              1       434.26708       32.977529       5.2088165       70.897145      0.28324417       8.9871968        8.9871968       850.55977                               850.55977
              1       435.10586       32.969265        5.218252       70.897145      0.28324417       8.9871968        8.9871968       852.23732                               852.23732
              1       434.07394        33.05354       5.1554319       72.482404      0.27099002       8.9871968        8.9871968        850.1735                                850.1735
              1       434.29359        32.98865       5.1945134       72.482404      0.27099002       8.9871968        8.9871968       850.61278                               850.61278
              2       433.66389       33.021395       5.1718069       72.482404      0.27099002       8.9871968        8.9871968       849.35338                               849.35338
              1       435.24184       32.945678       5.2224158       72.482404      0.27099002       8.9871968        8.9871968       852.50928                               852.50928
              1        433.4363       33.079236       5.1243655       72.482404      0.27099002       8.9871968        8.9871968       848.89821                               848.89821
              2       434.24558       33.160244       5.0829687       71.967694      0.27488011       8.9871968        8.9871968       850.51677                               850.51677
              1       436.18857       33.188478       5.0724637       71.967694      0.27488011       8.9871968        8.9871968       854.40274                               854.40274
              1       433.72638       33.137502       5.0958521       71.967694      0.27488011       8.9871968        8.9871968       849.47836                               849.47836
              1       433.49673        33.10631       5.1183375       71.967694      0.27488011       8.9871968        8.9871968       849.01906                               849.01906
              1       438.25263       32.899111       5.2341273       71.967694      0.27488011       8.9871968        8.9871968       858.53087                               858.53087
              1       435.71798       32.909761       5.2410959       71.967694      0.27488011       8.9871968        8.9871968       853.46157                               853.46157
              1       436.47105       33.232763       5.0375664       71.967694      0.27488011       8.9871968        8.9871968       854.96771                               854.96771
              2       434.45865       33.156169       5.0883147       71.967694      0.27488011       8.9871968        8.9871968       850.94291                               850.94291
              2       434.77043       33.139823       5.0768514       73.131366      0.26620187       8.9871968        8.9871968       851.56646                               851.56646
              1       433.52206       33.058093       5.1355784       73.131366      0.26620187       8.9871968        8.9871968       849.06973                               849.06973
              1       434.22354       33.083761        5.109266       75.585545      0.24919595       8.9871968        8.9871968       850.47269                               850.47269
              1       434.93425       33.043168       5.1467103       75.585545      0.24919595       8.9871968        8.9871968        851.8941                                851.8941
              1       435.31024       33.016895       5.1631983       75.585545      0.24919595       8.9871968        8.9871968       852.64609                               852.64609
              1       436.07592       33.064335       5.1395941       75.585545      0.24919595       8.9871968        8.9871968       854.17745                               854.17745
              2       434.67174       33.042178       5.1449906       75.585545      0.24919595       8.9871968        8.9871968       851.36908                               851.36908
              1       434.50098       33.182892       5.0480325       75.585545      0.24919595       8.9871968        8.9871968       851.02757                               851.02757
              1       433.91977       33.146159       5.0869113       71.803672      0.27613736       8.9871968        8.9871968       849.86516                               849.86516
              1       433.60417       33.123823       5.1061535       71.803672      0.27613736       8.9871968        8.9871968       849.23395                               849.23395
              1       433.64859       33.127319       5.0986631       71.803672      0.27613736       8.9871968        8.9871968       849.32278                               849.32278
              1       434.55555       33.074586       5.1470301       71.803672      0.27613736       8.9871968        8.9871968       851.13671                               851.13671
              1       433.43588       33.083944       5.1245961       71.803672      0.27613736       8.9871968        8.9871968       848.89737                               848.89737
              1       433.45974       33.103375       5.1205113       71.803672      0.27613736       8.9871968        8.9871968       848.94509                               848.94509
              1       433.61717       32.998061       5.1847925       71.803672      0.27613736       8.9871968        8.9871968       849.25996                               849.25996
              3       433.27325       33.031522       5.1642902       71.803672      0.27613736       8.9871968        8.9871968        848.5721                                848.5721
              1       433.55424       33.117374        5.104617       71.803672      0.27613736       8.9871968        8.9871968       849.13409                               849.13409
              1       433.77872       33.132369       5.0944771       71.803672      0.27613736       8.9871968        8.9871968       849.58304                               849.58304
              2       435.80309        32.91865       5.2420057       68.770336      0.30103444       8.9871968        8.9871968       853.63179                               853.63179
              1       435.88187       32.891442       5.2703013       68.770336      0.30103444       8.9871968        8.9871968       853.78934                               853.78934
              2        438.8821       33.013947       5.2099424       68.770336      0.30103444       8.9871968        8.9871968       859.78981                               859.78981
              1       434.15392       32.997147        5.196146       68.770336      0.30103444       8.9871968        8.9871968       850.33344                               850.33344
              1       434.42419       33.056128       5.1552294       68.770336      0.30103444       8.9871968        8.9871968       850.87398                               850.87398
              1       434.45971       32.979847       5.2153827       68.770336      0.30103444       8.9871968        8.9871968       850.94503                               850.94503
              2       436.08251       33.065364       5.1683363       68.770336      0.30103444       8.9871968        8.9871968       854.19062                               854.19062
              1       435.79874       32.908724       5.2500066       68.770336      0.30103444       8.9871968        8.9871968       853.62308                               853.62308
              1       434.61809        33.08774       5.1360066       68.770336      0.30103444       8.9871968        8.9871968       851.26178                               851.26178
              1       434.59804       33.084966       5.1465313       68.770336      0.30103444       8.9871968        8.9871968       851.22168                               851.22168
              1       434.55754       33.002043       5.1888208       68.770336      0.30103444       8.9871968        8.9871968       851.14069                               851.14069
              1       435.02582       32.965553       5.2114542       68.770336      0.30103444       8.9871968        8.9871968       852.07726                               852.07726
              1       435.09354       32.977078        5.202891       68.770336      0.30103444       8.9871968        8.9871968        852.2127                                852.2127
              1       435.01022        33.10961       5.1307791       68.770336      0.30103444       8.9871968        8.9871968       852.04605                               852.04605
              1       435.02172       33.082122       5.1359355       68.770336      0.30103444       8.9871968        8.9871968       852.06904                               852.06904
              1        435.2439       33.103644       5.1225852       68.770336      0.30103444       8.9871968        8.9871968       852.51341                               852.51341
              3       434.49887       33.090936       5.1366033       68.770336      0.30103444       8.9871968        8.9871968       851.02335                               851.02335
              2       434.20439        32.99434       5.1974507       68.770336      0.30103444       8.9871968        8.9871968       850.43439                               850.43439
              1       434.54506       32.963569       5.2167583       68.770336      0.30103444       8.9871968        8.9871968       851.11572                               851.11572
              1       433.99613       33.026314       5.1807853       68.770336      0.30103444       8.9871968        8.9871968       850.01787                               850.01787
              1       434.73347       33.018055        5.188051       70.769686      0.28426536       8.9871968        8.9871968       851.49255                               851.49255
              1       433.69629       33.057616       5.1447245       70.769686      0.28426536       8.9871968        8.9871968       849.41818                               849.41818
              1       433.42895       33.056134       5.1482276       70.769686      0.28426536       8.9871968        8.9871968        848.8835                                848.8835
              1        433.7385        33.10512       5.0996806       74.824035      0.25429407       8.9871968        8.9871968       849.50261                               849.50261
              1       435.36639       33.181203       5.0434735       74.824035      0.25429407       8.9871968        8.9871968       852.75838                               852.75838
              1       433.76197        33.08138       5.1154875       74.824035      0.25429407       8.9871968        8.9871968       849.54955                               849.54955
              1       436.45825       33.245717       5.0041868       74.824035      0.25429407       8.9871968        8.9871968        854.9421                                854.9421
              1       434.56882       33.129462       5.0960495       74.824035      0.25429407       8.9871968        8.9871968       851.16325                               851.16325
              1       434.30296       33.086434        5.117215        75.56551      0.24932811       8.9871968        8.9871968       850.63152                               850.63152
              1       434.52779       33.172041       5.0519723        75.56551      0.24932811       8.9871968        8.9871968        851.0812                                851.0812
              1       434.84503       33.167799       5.0663864        75.56551      0.24932811       8.9871968        8.9871968       851.71567                               851.71567
              2       434.56151        33.14931       5.0777517        75.56551      0.24932811       8.9871968        8.9871968       851.14863                               851.14863
              1        434.9547       33.188815       5.0394879        75.56551      0.24932811       8.9871968        8.9871968       851.93501                               851.93501
              1       434.04169       33.080795       5.1150339        75.56551      0.24932811       8.9871968        8.9871968       850.10899                               850.10899
              1       433.98193        33.09104       5.1088558        75.56551      0.24932811       8.9871968        8.9871968       849.98946                               849.98946
              1       434.74443       33.194995       5.0437687        75.56551      0.24932811       8.9871968        8.9871968       851.51447                               851.51447
              1       437.57676       33.126403       5.0804797        79.30416        0.226374       8.9871968        8.9871968       857.17913                               857.17913
              1       436.85643       33.215525        5.013184        79.30416        0.226374       8.9871968        8.9871968       855.73847                               855.73847
              1       437.22977       33.083475       5.0972959       79.467633      0.22544361       8.9871968        8.9871968       856.48515                               856.48515
              1       436.75162       33.192805       5.0270645       79.467633      0.22544361       8.9871968        8.9871968       855.52884                               855.52884
              1       438.09704       33.273246        4.976223       79.467633      0.22544361       8.9871968        8.9871968       858.21968                               858.21968
              1       434.17036       33.175609       5.0631398       73.872341      0.26088839       8.9871968        8.9871968       850.36632                               850.36632
              1       434.12046       33.169903       5.0677997       73.872341      0.26088839       8.9871968        8.9871968       850.26652                               850.26652
              2       434.81539       33.051958       5.1301911       73.872341      0.26088839       8.9871968        8.9871968       851.65638                               851.65638
              2       434.55546       33.050488       5.1323744       73.872341      0.26088839       8.9871968        8.9871968       851.13654                               851.13654
              1       434.53466       33.012656       5.1596862       73.872341      0.26088839       8.9871968        8.9871968       851.09493                               851.09493
              1       434.72765       33.007571       5.1623078       73.872341      0.26088839       8.9871968        8.9871968        851.4809                                851.4809
              1       433.43588         33.1175       5.0977428       73.872341      0.26088839       8.9871968        8.9871968       848.89737                               848.89737
              1       433.73182       33.050394       5.1468475       73.872341      0.26088839       8.9871968        8.9871968       849.48924                               849.48924
              1       434.26988       33.043487       5.1387733       73.872341      0.26088839       8.9871968        8.9871968       850.56538                               850.56538
              1       434.19883       33.039304       5.1429189       73.526124       0.2633511       8.9871968        8.9871968       850.42327                               850.42327
              1       436.05803       32.930632         5.22643       73.526124       0.2633511       8.9871968        8.9871968       854.14166                               854.14166
              1        435.9501        32.92885        5.228685       73.253511      0.26531487       8.9871968        8.9871968       853.92581                               853.92581
              2       435.91097         32.9333       5.2267416       73.253511      0.26531487       8.9871968        8.9871968       853.84754                               853.84754
              1       436.01935       32.929103       5.2292605       73.253511      0.26531487       8.9871968        8.9871968       854.06431                               854.06431
              1       435.64141       33.229485        5.031444       73.253511      0.26531487       8.9871968        8.9871968       853.30842                               853.30842
              2       433.33395       33.114482        5.103191       73.253511      0.26531487       8.9871968        8.9871968       848.69351                               848.69351
              1       433.29239       33.105847       5.1080491       73.253511      0.26531487       8.9871968        8.9871968       848.61038                               848.61038
              1       433.34296       33.112946        5.103014       73.253511      0.26531487       8.9871968        8.9871968       848.71153                               848.71153
              1       433.34147       33.112424       5.1032903       73.253511      0.26531487       8.9871968        8.9871968       848.70855                               848.70855
              1       434.07798       33.159739       5.0695075       73.253511      0.26531487       8.9871968        8.9871968       850.18156                               850.18156
              1       433.71782       33.078802       5.1333671       73.253511      0.26531487       8.9871968        8.9871968       849.46124                               849.46124
              1       434.19819       33.097043       5.1052112       73.253511      0.26531487       8.9871968        8.9871968       850.42199                               850.42199
              1        435.0478       33.019505       5.1521745       73.748084      0.26176827       8.9871968        8.9871968        852.1212                                852.1212
              1       433.93742       33.032915       5.1490635       73.748084      0.26176827       8.9871968        8.9871968       849.90045                               849.90045
              2       434.83791       32.981729       5.1821393       73.748084      0.26176827       8.9871968        8.9871968       851.70143                               851.70143
              1       434.79957       33.139734       5.0955638       73.748084      0.26176827       8.9871968        8.9871968       851.62474                               851.62474
              1       435.04279       33.093221       5.1278914       73.748084      0.26176827       8.9871968        8.9871968       852.11118                               852.11118
              1       434.46697       33.090335       5.1274125       73.748084      0.26176827       8.9871968        8.9871968       850.95955                               850.95955
              1       434.65254        33.01107       5.1603223       73.748084      0.26176827       8.9871968        8.9871968       851.33069                               851.33069
              1       435.46477       33.010784       5.1566499       73.748084      0.26176827       8.9871968        8.9871968       852.95515                               852.95515
              1       437.81427       32.884202        5.246564       73.497286      0.26355781       8.9871968        8.9871968       857.65414                               857.65414
              1       437.03815       33.245013       5.0079628       73.497286      0.26355781       8.9871968        8.9871968        856.1019                                856.1019
              3       434.66234       33.131854       5.0805771       73.497286      0.26355781       8.9871968        8.9871968       851.35028                               851.35028
              2       434.56249       33.172143        5.058121       73.497286      0.26355781       8.9871968        8.9871968       851.15059                               851.15059
              2       434.89586       33.057234       5.1274036       73.497286      0.26355781       8.9871968        8.9871968       851.81733                               851.81733
              1       434.17992       33.079175       5.1159854       73.497286      0.26355781       8.9871968        8.9871968       850.38545                               850.38545
              1       435.98039       32.925783        5.223638       73.497286      0.26355781       8.9871968        8.9871968       853.98639                               853.98639
              1       433.59204       33.075682       5.1220853       73.497286      0.26355781       8.9871968        8.9871968       849.20969                               849.20969
              1       435.81666       33.131453        5.066814       78.113205      0.23332946       8.9871968        8.9871968       853.65893                               853.65893
              2       435.72516       33.141539       5.0609927       78.113205      0.23332946       8.9871968        8.9871968       853.47592                               853.47592
              1       436.48601       33.049672       5.1280481       78.113205      0.23332946       8.9871968        8.9871968       854.99763                               854.99763
              1       436.63436       33.039012       5.1326567       78.113205      0.23332946       8.9871968        8.9871968       855.29432                               855.29432
              1       434.17639       33.040426       5.1422192       74.993575      0.25314559       8.9871968        8.9871968       850.37839                               850.37839
              1       433.78301       33.097213       5.1100416       74.993575      0.25314559       8.9871968        8.9871968       849.59163                               849.59163
              1       434.55585         33.1629       5.0578057       74.993575      0.25314559       8.9871968        8.9871968        851.1373                                851.1373
              1       435.72439       33.203916       5.0243756       77.684304      0.23591303       8.9871968        8.9871968       853.47439                               853.47439
              1       435.85297        33.12803        5.084145       77.684304      0.23591303       8.9871968        8.9871968       853.73155                               853.73155
              1       436.51765       33.211505       5.0136852       77.684304      0.23591303       8.9871968        8.9871968        855.0609                                855.0609
              2       435.31643       33.102442        5.093818       77.684304      0.23591303       8.9871968        8.9871968       852.65846                               852.65846
              1       435.65729       33.148622       5.0561932       77.684304      0.23591303       8.9871968        8.9871968        853.3402                                853.3402
              1       436.80409       33.182543       5.0522841       77.684304      0.23591303       8.9871968        8.9871968       855.63379                               855.63379
              1       435.63608       33.170036       5.0432291       77.684304      0.23591303       8.9871968        8.9871968       853.29776                               853.29776
              1       434.17681       33.168831       5.0601518         75.1642       0.2519976       8.9871968        8.9871968       850.37923                               850.37923
              1       434.58783       33.086706       5.1220014         75.1642       0.2519976       8.9871968        8.9871968       851.20126                               851.20126
              1       435.75059       33.115999        5.080705         75.1642       0.2519976       8.9871968        8.9871968       853.52679                               853.52679
              3       434.64304       33.122959       5.0871497       73.227112       0.2655062       8.9871968        8.9871968       851.31169                               851.31169
              2       433.93538       33.030553       5.1516109       73.227112       0.2655062       8.9871968        8.9871968       849.89637                               849.89637
              2       433.42814        33.12377       5.0959728       73.227112       0.2655062       8.9871968        8.9871968       848.88188                               848.88188
              1       436.34529       33.228083        5.021054       73.227112       0.2655062       8.9871968        8.9871968        854.7162                                854.7162
              2       433.79019       33.151719       5.0815515       73.227112       0.2655062       8.9871968        8.9871968       849.60598                               849.60598
              1       435.02377       33.202885       5.0414665       73.227112       0.2655062       8.9871968        8.9871968       852.07315                               852.07315
              1       434.09269       32.995607       5.2017672       69.636125      0.29359543       8.9871968        8.9871968       850.21099                               850.21099
              1       434.75918       32.983091       5.2135063       69.636125      0.29359543       8.9871968        8.9871968       851.54397                               851.54397
              1        435.6425       33.008248       5.2017917       69.636125      0.29359543       8.9871968        8.9871968        853.3106                                853.3106
              1       434.35361       33.025214       5.1854277       69.636125      0.29359543       8.9871968        8.9871968       850.73282                               850.73282
              1       434.13867       32.989161       5.2058439       69.636125      0.29359543       8.9871968        8.9871968       850.30295                               850.30295
              1       433.86755       32.997861       5.1914921       69.636125      0.29359543       8.9871968        8.9871968       849.76071                               849.76071
              1       434.72941         33.0138       5.1742475       69.636125      0.29359543       8.9871968        8.9871968       851.48443                               851.48443
              1       434.39594       33.118165       5.1190252       69.636125      0.29359543       8.9871968        8.9871968       850.81748                               850.81748
              1       433.19909       33.058347       5.1488894       71.503468      0.27846093       8.9871968        8.9871968       848.42378                               848.42378
              1       433.31198        33.04155       5.1613452       71.503468      0.27846093       8.9871968        8.9871968       848.64956                               848.64956
              2       433.46466       33.104184       5.1147035       71.503468      0.27846093       8.9871968        8.9871968       848.95492                               848.95492
              1       434.63583       33.001737       5.1943971       71.503468      0.27846093       8.9871968        8.9871968       851.29726                               851.29726
              1       436.60991       32.912848       5.2525004       71.503468      0.27846093       8.9871968        8.9871968       855.24543                               855.24543
              2        433.3181       33.097218       5.1222421       71.503468      0.27846093       8.9871968        8.9871968        848.6618                                848.6618
              1       435.59519       33.169321        5.085676       71.503468      0.27846093       8.9871968        8.9871968       853.21598                               853.21598
              1       433.45676       33.071664        5.143762       71.503468      0.27846093       8.9871968        8.9871968       848.93913                               848.93913
              1       433.33858         33.0435       5.1605645       71.503468      0.27846093       8.9871968        8.9871968       848.70276                               848.70276
              1       433.37658       33.038838       5.1638378       71.503468      0.27846093       8.9871968        8.9871968       848.77876                               848.77876
              1       433.86561       33.109213       5.1078676       71.503468      0.27846093       8.9871968        8.9871968       849.75682                               849.75682
              2       433.23562       33.084607       5.1301657       71.503468      0.27846093       8.9871968        8.9871968       848.49684                               848.49684
              1        434.7888       33.176136       5.0669002       71.503468      0.27846093       8.9871968        8.9871968       851.60321                               851.60321
              1       433.48461       33.007658       5.1815213       71.503468      0.27846093       8.9871968        8.9871968       848.99483                               848.99483
              1       436.24641       33.236101       5.0145163       73.848428      0.26105738       8.9871968        8.9871968       854.51843                               854.51843
              1       433.51765       33.062935       5.1373215       73.848428      0.26105738       8.9871968        8.9871968       849.06091                               849.06091
              1       434.25074       33.097696       5.1210225       73.848428      0.26105738       8.9871968        8.9871968       850.52708                               850.52708
              1       434.06452       33.085886       5.1327261       72.871012      0.26810745       8.9871968        8.9871968       850.15465                               850.15465
              1       434.49143       32.970331       5.2015326       72.871012      0.26810745       8.9871968        8.9871968       851.00846                               851.00846
              2       434.78916       32.964351       5.2073974       72.871012      0.26810745       8.9871968        8.9871968       851.60392                               851.60392
              2       433.67263        33.01009       5.1722114       72.871012      0.26810745       8.9871968        8.9871968       849.37087                               849.37087
              1       434.88949       33.172312       5.0758818       72.871012      0.26810745       8.9871968        8.9871968       851.80458                               851.80458
              1       433.40325       33.033647        5.158654       72.871012      0.26810745       8.9871968        8.9871968       848.83211                               848.83211
              1       433.70677       32.997409       5.1945666       69.871813      0.29161809       8.9871968        8.9871968       849.43915                               849.43915
              1       435.40784       32.904842       5.2529592       69.871813      0.29161809       8.9871968        8.9871968       852.84129                               852.84129
              1       434.21392       32.970627       5.2158437       69.871813      0.29161809       8.9871968        8.9871968       850.45345                               850.45345
              2       433.76704       32.991679         5.19674       69.871813      0.29161809       8.9871968        8.9871968       849.55968                               849.55968
              1       433.77062       33.073781       5.1410991       69.871813      0.29161809       8.9871968        8.9871968       849.56685                               849.56685
              1       433.69954        33.06448       5.1536578       69.871813      0.29161809       8.9871968        8.9871968       849.42469                               849.42469
              1       433.47415       33.107901       5.1106267       73.465508      0.26378586       8.9871968        8.9871968       848.97391                               848.97391
              1       433.77425       33.122179       5.1033876       73.465508      0.26378586       8.9871968        8.9871968       849.57411                               849.57411
              1       434.19911       33.172649       5.0680662       73.465508      0.26378586       8.9871968        8.9871968       850.42382                               850.42382
              1       433.61308       33.050086       5.1488264       73.465508      0.26378586       8.9871968        8.9871968       849.25176                               849.25176
              1       433.48652       33.038092       5.1545006       73.301586      0.26496697       8.9871968        8.9871968       848.99864                               848.99864
              1       435.01486       33.204353        5.049149       73.301586      0.26496697       8.9871968        8.9871968       852.05533                               852.05533
              1       434.26758       33.180713       5.0612776       73.301586      0.26496697       8.9871968        8.9871968       850.56076                               850.56076
              1       433.49508       33.039207       5.1529068       71.901674      0.27538513       8.9871968        8.9871968       849.01577                               849.01577
              1       435.09265       33.129874       5.1111098       71.901674      0.27538513       8.9871968        8.9871968       852.21092                               852.21092
              1       433.25067       33.071204       5.1341653       71.901674      0.27538513       8.9871968        8.9871968       848.52694                               848.52694
              3       433.36767       33.110265       5.1127043       71.901674      0.27538513       8.9871968        8.9871968       848.76094                               848.76094
              1       436.22757       33.073821       5.1527205       71.901674      0.27538513       8.9871968        8.9871968       854.48075                               854.48075
              2        433.6626       33.042065       5.1627973       71.901674      0.27538513       8.9871968        8.9871968        849.3508                                849.3508
              1       435.99494       33.187879       5.0722863       71.901674      0.27538513       8.9871968        8.9871968       854.01548                               854.01548
              1       435.02551       33.139243       5.1041687       71.901674      0.27538513       8.9871968        8.9871968       852.07662                               852.07662
              1       433.64467       33.079734       5.1344628       70.391843      0.28732526       8.9871968        8.9871968       849.31495                               849.31495
              2       434.10401       33.121639       5.1144383       70.391843      0.28732526       8.9871968        8.9871968       850.23362                               850.23362
              1       433.76457       33.077074       5.1347369       70.391843      0.28732526       8.9871968        8.9871968       849.55474                               849.55474
              1       433.85822       33.038201       5.1720719       70.391843      0.28732526       8.9871968        8.9871968       849.74204                               849.74204
              1        433.7134       33.070775        5.149263       70.391843      0.28732526       8.9871968        8.9871968        849.4524                                849.4524
              1       435.15766       33.171499       5.0759577       70.391843      0.28732526       8.9871968        8.9871968       852.34092                               852.34092
              1       434.57624       33.140922        5.093881       70.391843      0.28732526       8.9871968        8.9871968       851.17809                               851.17809
              1       433.48086       33.014469       5.1796963       70.391843      0.28732526       8.9871968        8.9871968       848.98732                               848.98732
              1       435.78081       33.185097       5.0369254       78.256354      0.23247661       8.9871968        8.9871968       853.58723                               853.58723
              1       436.25709       33.081284       5.0995623       78.256354      0.23247661       8.9871968        8.9871968       854.53978                               854.53978
              2       434.53335       33.047646       5.1332389       75.575887      0.24925965       8.9871968        8.9871968        851.0923                                851.0923
              1       434.58765       33.118591       5.0987661       75.575887      0.24925965       8.9871968        8.9871968       851.20091                               851.20091
              1       434.36045       33.155408       5.0715801       75.575887      0.24925965       8.9871968        8.9871968        850.7465                                850.7465
              1       434.20695       33.115321       5.0880799       75.575887      0.24925965       8.9871968        8.9871968        850.4395                                850.4395
              1       434.17028       33.119681       5.0856609       75.575887      0.24925965       8.9871968        8.9871968       850.36616                               850.36616
              1       434.05444       33.138734       5.0760049       75.575887      0.24925965       8.9871968        8.9871968       850.13448                               850.13448
              1       434.54126       33.120866       5.0969764       75.575887      0.24925965       8.9871968        8.9871968       851.10813                               851.10813
              2        434.3574       33.136655       5.0779244       73.831479      0.26117725       8.9871968        8.9871968       850.74042                               850.74042
              3       434.85873       32.990135       5.1883453       73.831479      0.26117725       8.9871968        8.9871968       851.74306                               851.74306
              1       433.43823       33.091635       5.1188401       73.831479      0.26117725       8.9871968        8.9871968       848.90208                               848.90208
              1       433.92945       33.159541       5.0690445       73.831479      0.26117725       8.9871968        8.9871968        849.8845                                849.8845
              1        434.1974       33.034593       5.1456882       73.831479      0.26117725       8.9871968        8.9871968       850.42042                               850.42042
              1       434.35925       32.992737       5.1788508       73.831479      0.26117725       8.9871968        8.9871968        850.7441                                850.7441
              2        435.2356       33.177191       5.0501788       73.831479      0.26117725       8.9871968        8.9871968       852.49681                               852.49681
              1       434.17241       33.143808       5.0748602       73.831479      0.26117725       8.9871968        8.9871968       850.37042                               850.37042
              2        433.5891       33.043055       5.1484144       73.831479      0.26117725       8.9871968        8.9871968        849.2038                                849.2038
              1       433.78482       33.036101        5.155405       73.831479      0.26117725       8.9871968        8.9871968       849.59525                               849.59525
              2       433.74785       33.085304       5.1136568       73.831479      0.26117725       8.9871968        8.9871968       849.52131                               849.52131
              1       433.54705       33.089101       5.1218609       73.831479      0.26117725       8.9871968        8.9871968       849.11971                               849.11971
              1       433.55664       33.125186       5.0968601       73.831479      0.26117725       8.9871968        8.9871968       849.13888                               849.13888
              1       433.90552       33.019074       5.1645323       73.831479      0.26117725       8.9871968        8.9871968       849.83664                               849.83664
              1       433.71171       32.997476       5.1861548       72.110449      0.27379284       8.9871968        8.9871968       849.44902                               849.44902
              2       433.81349       33.125469        5.095636       72.110449      0.27379284       8.9871968        8.9871968       849.65259                               849.65259
              1        433.8816       33.120622       5.0977925       72.110449      0.27379284       8.9871968        8.9871968        849.7888                                849.7888
              1       433.92675       33.122043       5.0966639       72.110449      0.27379284       8.9871968        8.9871968       849.87911                               849.87911
              1        433.2114       33.062668       5.1443951       72.110449      0.27379284       8.9871968        8.9871968       848.44841                               848.44841
              1       436.94249       32.892448       5.2599754       72.110449      0.27379284       8.9871968        8.9871968       855.91058                               855.91058
              1       433.87466       33.149079        5.084146       72.110449      0.27379284       8.9871968        8.9871968       849.77492                               849.77492
              1       433.90836       33.158286       5.0749283       72.844126       0.2683054       8.9871968        8.9871968       849.84234                               849.84234
              2       433.87103       33.065013       5.1452861       72.844126       0.2683054       8.9871968        8.9871968       849.76767                               849.76767
              1       433.46675       33.026442       5.1612639       72.844126       0.2683054       8.9871968        8.9871968       848.95911                               848.95911
              2       433.19446       33.081697       5.1276605       72.844126       0.2683054       8.9871968        8.9871968       848.41453                               848.41453
              1       433.28141          33.092       5.1168954       72.844126       0.2683054       8.9871968        8.9871968       848.58843                               848.58843
              1       434.27287       32.978039       5.1958557       72.844126       0.2683054       8.9871968        8.9871968       850.57135                               850.57135
              1       433.65567       33.143371         5.08761       72.844126       0.2683054       8.9871968        8.9871968       849.33694                               849.33694
              1       433.52097       33.084099       5.1191536       72.844126       0.2683054       8.9871968        8.9871968       849.06754                               849.06754
              1       435.98361       33.237198       5.0236089       72.844126       0.2683054       8.9871968        8.9871968       853.99282                               853.99282
              2       433.38159       33.060881       5.1457978       70.787551       0.2841219       8.9871968        8.9871968       848.78878                               848.78878
              1       433.45013       33.066147       5.1416101       70.787551       0.2841219       8.9871968        8.9871968       848.92587                               848.92587
              1        433.3332       33.052012       5.1568556       70.787551       0.2841219       8.9871968        8.9871968       848.69201                               848.69201
              1       433.42834       33.035037       5.1690191       70.787551       0.2841219       8.9871968        8.9871968        848.8823                                848.8823
              2       433.61476       33.090363       5.1256142       70.787551       0.2841219       8.9871968        8.9871968       849.25513                               849.25513
              1       433.60532       33.086829       5.1276888       70.787551       0.2841219       8.9871968        8.9871968       849.23624                               849.23624
              2       433.66748       33.087039       5.1269226       70.787551       0.2841219       8.9871968        8.9871968       849.36057                               849.36057
              1       433.68974       33.111152        5.117687       70.787551       0.2841219       8.9871968        8.9871968       849.40508                               849.40508
              1       433.84684       33.001658       5.1913003       69.391834      0.29566625       8.9871968        8.9871968       849.71929                               849.71929
              1       433.96766       33.078554       5.1453123       69.391834      0.29566625       8.9871968        8.9871968       849.96092                               849.96092
              1       433.72477       33.037887       5.1685458       69.391834      0.29566625       8.9871968        8.9871968       849.47514                               849.47514
              1       434.74733       33.052031       5.1435114       70.629226      0.28539712       8.9871968        8.9871968       851.52027                               851.52027
              1       433.98473       32.989577       5.1903617       70.629226      0.28539712       8.9871968        8.9871968       849.99507                               849.99507
              1       433.49664       33.008045        5.182831       70.629226      0.28539712       8.9871968        8.9871968        849.0189                                849.0189
              1       433.76074       33.063483       5.1414047       70.629226      0.28539712       8.9871968        8.9871968       849.54708                               849.54708
              2         434.301       33.097843        5.133858       70.629226      0.28539712       8.9871968        8.9871968        850.6276                                850.6276
              1       435.30435       32.996691       5.2040255       70.629226      0.28539712       8.9871968        8.9871968       852.63431                               852.63431
              1       433.50519       33.042928       5.1553331        72.93935       0.2676053       8.9871968        8.9871968       849.03599                               849.03599
              1       435.05005       33.012411       5.1825942        72.93935       0.2676053       8.9871968        8.9871968        852.1257                                852.1257
              1       435.25798       32.939543       5.2200303        72.93935       0.2676053       8.9871968        8.9871968       852.54156                               852.54156
              1       433.59224       33.043091       5.1561444        72.93935       0.2676053       8.9871968        8.9871968       849.21009                               849.21009
              1       435.63527         33.0804       5.1429398       72.764095      0.26889593       8.9871968        8.9871968       853.29614                               853.29614
              2       434.86248       33.005953       5.1653516       72.764095      0.26889593       8.9871968        8.9871968       851.75056                               851.75056
              1       434.28138       33.064587       5.1276307       72.764095      0.26889593       8.9871968        8.9871968       850.58836                               850.58836
              2       435.56201       33.003439       5.1888478       67.891556      0.30887799       8.9871968        8.9871968       853.14962                               853.14962
              1       434.86361       32.993772       5.1995818       67.891556      0.30887799       8.9871968        8.9871968       851.75283                               851.75283
              1       434.65641       32.997613       5.1991388       67.891556      0.30887799       8.9871968        8.9871968       851.33843                               851.33843
              1       434.51341       33.006581       5.1976753       67.891556      0.30887799       8.9871968        8.9871968       851.05242                               851.05242
              1       434.51532       33.006728       5.1976979       67.891556      0.30887799       8.9871968        8.9871968       851.05624                               851.05624
              1       436.71427       32.886499        5.267275       67.891556      0.30887799       8.9871968        8.9871968       855.45415                               855.45415
              1       436.75632       32.882965       5.2844066       67.891556      0.30887799       8.9871968        8.9871968       855.53824                               855.53824
              1       434.31918       33.138113       5.1020565       70.378175      0.28743688       8.9871968        8.9871968       850.66396                               850.66396
              1       433.51375       33.023731       5.1717248       70.378175      0.28743688       8.9871968        8.9871968       849.05311                               849.05311
              1       434.00044        33.11363       5.1128081       70.378175      0.28743688       8.9871968        8.9871968       850.02649                               850.02649
              1       434.07069       33.034094       5.1598588       70.378175      0.28743688       8.9871968        8.9871968       850.16699                               850.16699
              1       434.47623       32.999408       5.1812723       70.378175      0.28743688       8.9871968        8.9871968       850.97806                               850.97806
              1       435.77416       32.952917       5.2328007       70.378175      0.28743688       8.9871968        8.9871968       853.57393                               853.57393
              1       435.21297       32.976837       5.2165894       70.378175      0.28743688       8.9871968        8.9871968       852.45155                               852.45155
              1        436.4177       32.881416       5.2622338       70.378175      0.28743688       8.9871968        8.9871968       854.86101                               854.86101
              1       437.03972       32.866235       5.2712929       70.378175      0.28743688       8.9871968        8.9871968       856.10504                               856.10504
              3       435.34906       33.020294       5.1686695       74.686309       0.2552328       8.9871968        8.9871968       852.72372                               852.72372
              1       434.15745       33.050068       5.1338447       74.686309       0.2552328       8.9871968        8.9871968       850.34051                               850.34051
              1       434.25288       33.176314       5.0549187       74.686309       0.2552328       8.9871968        8.9871968       850.53137                               850.53137
              3        434.6881       33.050002       5.1303294       74.686309       0.2552328       8.9871968        8.9871968        851.4018                                851.4018
              1       433.30074       33.043164       5.1614645       71.060377       0.2819444       8.9871968        8.9871968       848.62709                               848.62709
              2       433.51808         33.1059       5.1192234       71.060377       0.2819444       8.9871968        8.9871968       849.06176                               849.06176
              1       434.73276       33.168858       5.0745427       71.060377       0.2819444       8.9871968        8.9871968       851.49113                               851.49113
              1       434.80955       33.160842       5.0768841       71.060377       0.2819444       8.9871968        8.9871968       851.64472                               851.64472
              2       433.48199       33.010596       5.1780865       71.060377       0.2819444       8.9871968        8.9871968       848.98958                               848.98958
              1       434.31371        33.07185       5.1304626       71.060377       0.2819444       8.9871968        8.9871968       850.65302                               850.65302
              1       437.32869       33.047783       5.1194533       75.909266      0.24707505       8.9871968        8.9871968       856.68299                               856.68299
              1       436.35468       33.150297       5.0548856       75.909266      0.24707505       8.9871968        8.9871968       854.73497                               854.73497
              1       435.60461       33.053804       5.1214717       75.909266      0.24707505       8.9871968        8.9871968       853.23483                               853.23483
              1       434.14573       33.129089       5.0811301       75.909266      0.24707505       8.9871968        8.9871968       850.31707                               850.31707
              1       434.15235       33.118168       5.0876286       75.909266      0.24707505       8.9871968        8.9871968       850.33031                               850.33031
              1       434.34576       33.122705        5.083086       76.270831      0.24473807       8.9871968        8.9871968       850.71712                               850.71712
              1       434.99257       33.140324       5.0818896       76.270831      0.24473807       8.9871968        8.9871968       852.01075                               852.01075
              1       435.37741       33.210626        5.023972       76.270831      0.24473807       8.9871968        8.9871968       852.78044                               852.78044
              1       435.59276       33.229541        5.016969       76.270831      0.24473807       8.9871968        8.9871968       853.21112                               853.21112
              1        434.3136       33.036453       5.1514491       71.484714      0.27860706       8.9871968        8.9871968       850.65281                               850.65281
              1        435.7852         32.9275       5.2410518       71.484714      0.27860706       8.9871968        8.9871968         853.596                                 853.596
              1       433.83673       33.112253       5.1064847       71.484714      0.27860706       8.9871968        8.9871968       849.69907                               849.69907
              1       433.52369       33.114577       5.1007254       72.834523      0.26837615       8.9871968        8.9871968       849.07299                               849.07299
              2        434.1033       33.170314       5.0691542       72.834523      0.26837615       8.9871968        8.9871968       850.23222                               850.23222
              2       435.25542       32.939084       5.2215692       72.834523      0.26837615       8.9871968        8.9871968       852.53645                               852.53645
              1       436.67674       32.982149       5.2068007       72.834523      0.26837615       8.9871968        8.9871968       855.37908                               855.37908
              1       436.78667       33.000092       5.1964194       72.834523      0.26837615       8.9871968        8.9871968       855.59895                               855.59895
              1       433.49782       33.100823       5.1090136       72.834523      0.26837615       8.9871968        8.9871968       849.02125                               849.02125
              1       433.47091       33.085726       5.1241282       71.631489      0.27746648       8.9871968        8.9871968       848.96744                               848.96744
              1       433.45298       33.080633       5.1273826       71.631489      0.27746648       8.9871968        8.9871968       848.93156                               848.93156
              1       433.32081        33.08978       5.1236638       71.631489      0.27746648       8.9871968        8.9871968       848.66722                               848.66722
              1       435.35665       33.086283       5.1132955       71.867676      0.27564574       8.9871968        8.9871968        852.7389                                852.7389
              1       433.64275        33.12581       5.1050278       71.867676      0.27564574       8.9871968        8.9871968        849.3111                                849.3111
              1       434.18822       33.149081       5.0817116       71.867676      0.27564574       8.9871968        8.9871968       850.40204                               850.40204
              1       434.14715        33.13648       5.1015741       71.867676      0.27564574       8.9871968        8.9871968       850.31991                               850.31991
              1       434.43388       32.965203       5.2014763       71.867676      0.27564574       8.9871968        8.9871968       850.89338                               850.89338
              1       433.63403       33.074733       5.1283795       71.867676      0.27564574       8.9871968        8.9871968       849.29366                               849.29366
              1       433.72269        33.00441       5.1760038       72.087315       0.2739686       8.9871968        8.9871968       849.47099                               849.47099
              1       434.01344       32.979926       5.1934887       72.087315       0.2739686       8.9871968        8.9871968       850.05249                               850.05249
              1       433.76959       32.988179       5.1946012       70.534591      0.28616346       8.9871968        8.9871968       849.56478                               849.56478
              1        433.4484       33.066048       5.1437847       70.534591      0.28616346       8.9871968        8.9871968        848.9224                                848.9224
              2       434.06281       33.020123       5.1684458       70.534591      0.28616346       8.9871968        8.9871968       850.15122                               850.15122
              1        433.6311       33.091808       5.1268994       70.534591      0.28616346       8.9871968        8.9871968        849.2878                                849.2878
              1       433.34629       33.056769       5.1518961       70.534591      0.28616346       8.9871968        8.9871968       848.71819                               848.71819
              1       434.21503       33.138139       5.0993278       70.534591      0.28616346       8.9871968        8.9871968       850.45566                               850.45566
              1       434.26676       33.139843       5.0972783       70.534591      0.28616346       8.9871968        8.9871968       850.55912                               850.55912
              1       434.45616       32.946712        5.221708       70.534591      0.28616346       8.9871968        8.9871968       850.93794                               850.93794
              1       434.35892       32.993516       5.1766453       73.361657      0.26453322       8.9871968        8.9871968       850.74345                               850.74345
              1       434.28722       33.122293       5.1140224       69.863663      0.29168613       8.9871968        8.9871968       850.60004                               850.60004
              2       434.06936       33.076841       5.1485795       69.863663      0.29168613       8.9871968        8.9871968       850.16433                               850.16433
              1       434.85294       32.927414       5.2377129       69.863663      0.29168613       8.9871968        8.9871968       851.73148                               851.73148
              1       434.53728       33.135391       5.1037251       69.863663      0.29168613       8.9871968        8.9871968       851.10016                               851.10016
              1       433.99458       33.004454       5.1836996       69.863663      0.29168613       8.9871968        8.9871968       850.01477                               850.01477
              1       434.73761       33.129949       5.1025507       69.863663      0.29168613       8.9871968        8.9871968       851.50082                               851.50082
              2       434.01476       33.116945       5.1096439       70.523022      0.28625735       8.9871968        8.9871968       850.05513                               850.05513
              1        433.7018       33.040604       5.1572206       70.523022      0.28625735       8.9871968        8.9871968       849.42922                               849.42922
              1       435.21832       33.159454        5.093067       70.523022      0.28625735       8.9871968        8.9871968       852.46225                               852.46225
              1       435.16156        32.94381       5.2342337       70.523022      0.28625735       8.9871968        8.9871968       852.34872                               852.34872
              1       434.22464        33.01961       5.1743216       72.938462      0.26761181       8.9871968        8.9871968       850.47489                               850.47489
              1       433.83234       33.014622       5.1740251       72.938462      0.26761181       8.9871968        8.9871968       849.69029                               849.69029
              1       434.75749       32.969787       5.1931571       72.938462      0.26761181       8.9871968        8.9871968       851.54059                               851.54059
              2       435.07797       33.047721       5.1349962       72.938462      0.26761181       8.9871968        8.9871968       852.18155                               852.18155
              2       433.58595       33.132605       5.0900253       72.938462      0.26761181       8.9871968        8.9871968       849.19751                               849.19751
              1       433.70418       33.011193       5.1700484       72.938462      0.26761181       8.9871968        8.9871968       849.43397                               849.43397
              1         434.153       32.967475       5.2138153       69.454866      0.29512985       8.9871968        8.9871968        850.3316                                850.3316
              1       434.87694       33.106848       5.1324984       69.454866      0.29512985       8.9871968        8.9871968       851.77949                               851.77949
              1       434.48414       33.117043        5.120435       69.454866      0.29512985       8.9871968        8.9871968       850.99389                               850.99389
              1       434.50199       33.117306       5.1205278       69.454866      0.29512985       8.9871968        8.9871968       851.02959                               851.02959
              1       434.00046       33.029187       5.1770158       68.785955      0.30089775       8.9871968        8.9871968       850.02653                               850.02653
              1       435.25269       32.941167       5.2280063       68.785955      0.30089775       8.9871968        8.9871968       852.53098                               852.53098
              2       434.30061       33.049545       5.1698748       68.785955      0.30089775       8.9871968        8.9871968       850.62682                               850.62682
              1       435.25159       32.913852        5.253574       68.785955      0.30089775       8.9871968        8.9871968       852.52879                               852.52879
              1       438.20495       33.203452       5.0734712       68.785955      0.30089775       8.9871968        8.9871968        858.4355                                858.4355
              1       438.08145       33.201489       5.0744768       68.785955      0.30089775       8.9871968        8.9871968        858.1885                                858.1885
              1       433.99957       33.025263       5.1794915       68.785955      0.30089775       8.9871968        8.9871968       850.02475                               850.02475
              2       433.80639       33.016302       5.1689446       73.390758      0.26432348       8.9871968        8.9871968       849.63839                               849.63839
              1       434.34131       33.108065       5.1038161       75.593621      0.24914271       8.9871968        8.9871968       850.70823                               850.70823
              1       434.50975       33.093314       5.1143559       75.593621      0.24914271       8.9871968        8.9871968        851.0451                                851.0451
              2       436.18993       33.192148       5.0551784       75.593621      0.24914271       8.9871968        8.9871968       854.40547                               854.40547
              1       435.01262       33.056991        5.139301       75.593621      0.24914271       8.9871968        8.9871968       852.05086                               852.05086
              1       437.01294       33.217813       5.0396188       75.593621      0.24914271       8.9871968        8.9871968       856.05149                               856.05149
              1       436.36117       32.965808       5.1920838       75.701342      0.24843417       8.9871968        8.9871968       854.74794                               854.74794
              3        437.5596       33.005809       5.1487579       75.701342      0.24843417       8.9871968        8.9871968       857.14481                               857.14481
              1       434.25929       33.073568       5.1226102       75.701342      0.24843417       8.9871968        8.9871968       850.54419                               850.54419
              2       433.75646       32.998795       5.1950341       70.269257      0.28832863       8.9871968        8.9871968       849.53853                               849.53853
              1       434.42463       33.005364       5.1962563       70.269257      0.28832863       8.9871968        8.9871968       850.87486                               850.87486
              2       433.84678       33.084808       5.1146704       75.229014      0.25156356       8.9871968        8.9871968       849.71917                               849.71917
              1        433.5704       33.070175       5.1283869       72.675704      0.26955041       8.9871968        8.9871968        849.1664                                849.1664
              1       434.68066       33.193166       5.0562101       72.675704      0.26955041       8.9871968        8.9871968       851.38692                               851.38692
              1       435.34166       33.204275       5.0535633       72.675704      0.26955041       8.9871968        8.9871968       852.70894                               852.70894
              1       437.19089       33.267144       5.0080693       72.675704      0.26955041       8.9871968        8.9871968       856.40738                               856.40738
              1       435.44734       33.112151        5.121627       72.675704      0.26955041       8.9871968        8.9871968       852.92028                               852.92028
              1       434.37386       33.131051       5.1042231       72.675704      0.26955041       8.9871968        8.9871968       850.77332                               850.77332
              2       434.45849       32.984773       5.1836517       72.675704      0.26955041       8.9871968        8.9871968        850.9426                                850.9426
              1       434.29853        32.97317       5.1993087       72.675704      0.26955041       8.9871968        8.9871968       850.62267                               850.62267
              1       435.19448       33.187334       5.0665575       72.675704      0.26955041       8.9871968        8.9871968       852.41456                               852.41456
              1       435.87069       33.221376        5.042577       72.675704      0.26955041       8.9871968        8.9871968       853.76698                               853.76698
              2       433.41499       33.109711       5.1054469       72.675704      0.26955041       8.9871968        8.9871968       848.85558                               848.85558
              1       433.35874        33.11845       5.1033098       72.675704      0.26955041       8.9871968        8.9871968       848.74309                               848.74309
              1       433.64412       33.141483       5.0871115       72.675704      0.26955041       8.9871968        8.9871968       849.31386                               849.31386
              1       433.24214       33.102476       5.1141701       72.675704      0.26955041       8.9871968        8.9871968        848.5099                                848.5099
              1       433.62737       33.140814       5.0878761       72.675704      0.26955041       8.9871968        8.9871968       849.28034                               849.28034
              1       433.75899       33.015285       5.1674601       73.382671      0.26438174       8.9871968        8.9871968       849.54359                               849.54359
              2       433.54976       33.093577       5.1111263       73.382671      0.26438174       8.9871968        8.9871968       849.12513                               849.12513
              1        433.4939       33.005385        5.183295       70.960773      0.28273645       8.9871968        8.9871968       849.01341                               849.01341
              1       436.94096       33.191351       5.0757622       70.960773      0.28273645       8.9871968        8.9871968       855.90753                               855.90753
              1       437.02876       33.193316       5.0745917       70.960773      0.28273645       8.9871968        8.9871968       856.08312                               856.08312
              1       433.41826       33.047403        5.152756       70.960773      0.28273645       8.9871968        8.9871968       848.86212                               848.86212
              1       433.47371       33.049582       5.1479181       71.471384      0.27871099       8.9871968        8.9871968       848.97302                               848.97302
              1       433.32182       33.090198       5.1246433       71.471384      0.27871099       8.9871968        8.9871968       848.66925                               848.66925
              1       435.40863        32.97312        5.214636       71.471384      0.27871099       8.9871968        8.9871968       852.84286                               852.84286
              3       434.84964        33.16526       5.0713782       71.471384      0.27871099       8.9871968        8.9871968       851.72488                               851.72488
              1        433.6969       33.111589       5.1081782       71.471384      0.27871099       8.9871968        8.9871968        849.4194                                849.4194
              1       433.68483       33.113862       5.1070999       71.471384      0.27871099       8.9871968        8.9871968       849.39527                               849.39527
              1       434.19024       33.156798       5.0842064       71.471384      0.27871099       8.9871968        8.9871968       850.40608                               850.40608
              1       433.94237       32.984531       5.1913205       71.494325      0.27853216       8.9871968        8.9871968       849.91035                               849.91035
              1       434.03019       32.976109       5.1975039       71.494325      0.27853216       8.9871968        8.9871968       850.08599                               850.08599
              1       435.05484       32.939126       5.2305603       71.494325      0.27853216       8.9871968        8.9871968       852.13529                               852.13529
              1       438.63812       33.259063       5.0274744       71.494325      0.27853216       8.9871968        8.9871968       859.30184                               859.30184
              1       434.00421        33.14603       5.0885294       71.494325      0.27853216       8.9871968        8.9871968       850.03402                               850.03402
              1       434.13823       33.097203       5.1133268       71.494325      0.27853216       8.9871968        8.9871968       850.30207                               850.30207
              3       433.71624       33.018433       5.1780471       71.728996      0.27671263       8.9871968        8.9871968       849.45809                               849.45809
              1       434.03272       33.035541       5.1699033       71.728996      0.27671263       8.9871968        8.9871968       850.09105                               850.09105
              1       433.60164       33.026096       5.1726521       71.728996      0.27671263       8.9871968        8.9871968       849.22889                               849.22889
              1       435.13372       33.180155       5.0741764       71.728996      0.27671263       8.9871968        8.9871968       852.29305                               852.29305
              1       434.77729       33.153881       5.0926954       71.728996      0.27671263       8.9871968        8.9871968       851.58018                               851.58018
              1       434.10937        33.06849       5.1493066       71.728996      0.27671263       8.9871968        8.9871968       850.24435                               850.24435
              1       434.98676       32.950164       5.2234838       71.728996      0.27671263       8.9871968        8.9871968       851.99912                               851.99912
              1       435.54415       33.054816       5.1637683       71.728996      0.27671263       8.9871968        8.9871968        853.1139                                853.1139
              1       434.23129       33.133006       5.1051358       71.728996      0.27671263       8.9871968        8.9871968        850.4882                                850.4882
              1       434.57288       33.154047       5.0913166       71.728996      0.27671263       8.9871968        8.9871968       851.17137                               851.17137
              1       433.49276       33.026907       5.1711074       71.728996      0.27671263       8.9871968        8.9871968       849.01112                               849.01112
              2       433.19586       33.048858       5.1538171       71.728996      0.27671263       8.9871968        8.9871968       848.41732                               848.41732
              1       433.26334       33.082138       5.1334899       71.728996      0.27671263       8.9871968        8.9871968       848.55229                               848.55229
              1       433.83172       32.983368       5.1947145       71.728996      0.27671263       8.9871968        8.9871968       849.68904                               849.68904
              2       433.65154       33.061077       5.1376977       71.728996      0.27671263       8.9871968        8.9871968       849.32868                               849.32868
              1       434.87433       33.091484       5.1123855       71.728996      0.27671263       8.9871968        8.9871968       851.77427                               851.77427
              1       434.22748        33.09898       5.1105495       71.728996      0.27671263       8.9871968        8.9871968       850.48057                               850.48057
              1       434.44348       33.083922       5.1188782       71.728996      0.27671263       8.9871968        8.9871968       850.91256                               850.91256
              1       434.52515       33.078502       5.1219531       71.728996      0.27671263       8.9871968        8.9871968        851.0759                                851.0759
              1       433.76391       33.048596       5.1451961       71.728996      0.27671263       8.9871968        8.9871968       849.55342                               849.55342
              1       434.03475       33.146782       5.0854493       71.728996      0.27671263       8.9871968        8.9871968        850.0951                                850.0951
              1       433.22151       33.039159       5.1593982       71.728996      0.27671263       8.9871968        8.9871968       848.46862                               848.46862
              1        433.1827       33.055374       5.1468837       71.728996      0.27671263       8.9871968        8.9871968         848.391                                 848.391
              2       434.51819       33.154753       5.0903841       71.728996      0.27671263       8.9871968        8.9871968       851.06198                               851.06198
              1        435.3692       33.104188       5.1027136       71.728996      0.27671263       8.9871968        8.9871968         852.764                                 852.764
              1       434.99602       32.960871       5.2118251       69.294762       0.2964952       8.9871968        8.9871968       852.01765                               852.01765
              2       434.19146       33.089649       5.1394474       69.294762       0.2964952       8.9871968        8.9871968       850.40852                               850.40852
              1       436.07487       33.134696       5.0969352       69.294762       0.2964952       8.9871968        8.9871968       854.17534                               854.17534
              1       435.14119       33.041236       5.1565858       69.294762       0.2964952       8.9871968        8.9871968       852.30798                               852.30798
              1        434.3607       33.017277       5.1760823       69.294762       0.2964952       8.9871968        8.9871968         850.747                                 850.747
              1       434.41906       32.983131       5.1993459       69.294762       0.2964952       8.9871968        8.9871968       850.86372                               850.86372
              1       434.09354        33.07892        5.146809       69.294762       0.2964952       8.9871968        8.9871968       850.21269                               850.21269
              1       434.16669       33.086839       5.1090271       75.822799       0.2476389       8.9871968        8.9871968       850.35899                               850.35899
              1       434.21775       33.083526       5.1104352       75.822799       0.2476389       8.9871968        8.9871968        850.4611                                850.4611
              1       435.59688       33.084648       5.1003053       75.822799       0.2476389       8.9871968        8.9871968       853.21937                               853.21937
              1       434.90778       33.123413       5.0779009       75.822799       0.2476389       8.9871968        8.9871968       851.84117                               851.84117
              1       437.29732       33.247018       5.0177147       75.822799       0.2476389       8.9871968        8.9871968       856.62024                               856.62024
              1       434.45132       33.129398       5.0770044       75.822799       0.2476389       8.9871968        8.9871968       850.92825                               850.92825
              1       436.05919       33.213233        5.036909       72.050591      0.27424795       8.9871968        8.9871968       854.14398                               854.14398
              1       433.89958       33.001019       5.1874659       72.050591      0.27424795       8.9871968        8.9871968       849.82477                               849.82477
              1       434.47983       32.975628       5.2052595       72.050591      0.27424795       8.9871968        8.9871968       850.98527                               850.98527
              1       437.06076       32.915967       5.2252803       72.050591      0.27424795       8.9871968        8.9871968       856.14712                               856.14712
              1       437.27939       32.886106       5.2485248       72.050591      0.27424795       8.9871968        8.9871968       856.58438                               856.58438
              1       434.51666       33.048985       5.1397389       72.050591      0.27424795       8.9871968        8.9871968       851.05893                               851.05893
              1        433.2404       33.094444       5.1201637       72.050591      0.27424795       8.9871968        8.9871968       848.50642                               848.50642
              1       434.34575       32.976481       5.1919342       72.341497      0.27204673       8.9871968        8.9871968       850.71711                               850.71711
              1       433.79363       33.006347       5.1730694       72.341497      0.27204673       8.9871968        8.9871968       849.61288                               849.61288
              3       433.23169       33.060546       5.1449472       72.341497      0.27204673       8.9871968        8.9871968       848.48898                               848.48898
              2       433.33606       33.041816       5.1630895       70.980752      0.28257731       8.9871968        8.9871968       848.69773                               848.69773
              2       437.88128       33.029418       5.1894176       70.980752      0.28257731       8.9871968        8.9871968       857.78817                               857.78817
              1       438.24799       33.132654       5.1216663       70.980752      0.28257731       8.9871968        8.9871968       858.52159                               858.52159
              1       438.21784       33.135444       5.1189642       71.183421      0.28097053       8.9871968        8.9871968       858.46129                               858.46129
              1       435.84783       33.051638       5.1689922       71.183421      0.28097053       8.9871968        8.9871968       853.72127                               853.72127
              2       433.50765       33.108864       5.1157379       71.183421      0.28097053       8.9871968        8.9871968       849.04091                               849.04091
              1       434.07929       33.025142       5.1788688       71.183421      0.28097053       8.9871968        8.9871968       850.18419                               850.18419
              1       434.23832       33.029325        5.148894       74.377051      0.25735972       8.9871968        8.9871968       850.50224                               850.50224
              1       434.69504       32.999197        5.169177       74.377051      0.25735972       8.9871968        8.9871968       851.41568                               851.41568
              1       435.30102       33.127811       5.1027259       74.377051      0.25735972       8.9871968        8.9871968       852.62765                               852.62765
              1       434.60347        33.00699       5.1734203       74.377051      0.25735972       8.9871968        8.9871968       851.23255                               851.23255
              1       434.80681       33.205188       5.0420364       74.377051      0.25735972       8.9871968        8.9871968       851.63922                               851.63922
              1       435.02068       32.980828       5.1886458       74.377051      0.25735972       8.9871968        8.9871968       852.06697                               852.06697
              1       433.83289       33.066824       5.1246941       74.377051      0.25735972       8.9871968        8.9871968       849.69138                               849.69138
              1       435.41487       32.989764        5.207936       66.921893      0.31789379       8.9871968        8.9871968       852.85534                               852.85534
              1       433.68212       33.100118       5.1263048       70.459229      0.28677594       8.9871968        8.9871968       849.38984                               849.38984
              2       434.26377       33.047538       5.1682582       70.459229      0.28677594       8.9871968        8.9871968       850.55315                               850.55315
              1       434.39289       33.065305       5.1571726       70.459229      0.28677594       8.9871968        8.9871968       850.81139                               850.81139
              1       435.23006       33.157556        5.094723       70.459229      0.28677594       8.9871968        8.9871968       852.48572                               852.48572
              1       439.29048       32.905562       5.2822657        67.64193      0.31116196       8.9871968        8.9871968       860.60657                               860.60657
              1       434.27373       33.118119       5.0931686       72.903305      0.26786998       8.9871968        8.9871968       850.57306                               850.57306
              1       434.27651       33.017319       5.1761529       72.903305      0.26786998       8.9871968        8.9871968       850.57862                               850.57862
              1       435.57288       32.929361       5.2227354       72.903305      0.26786998       8.9871968        8.9871968       853.17136                               853.17136
              1       433.69429       33.012671       5.1687273       72.903305      0.26786998       8.9871968        8.9871968       849.41419                               849.41419
              2       433.70468       33.014022       5.1674186       73.001465      0.26715009       8.9871968        8.9871968       849.43496                               849.43496
              1       434.44709       33.180963       5.0650111       73.001465      0.26715009       8.9871968        8.9871968       850.91978                               850.91978
              1        434.4942       33.134589       5.1010182       73.001465      0.26715009       8.9871968        8.9871968       851.01401                               851.01401
              1       434.88426       33.160752       5.0881912       71.666201      0.27719776       8.9871968        8.9871968       851.79412                               851.79412
              1        434.2751       32.965532       5.2103767       71.666201      0.27719776       8.9871968        8.9871968        850.5758                                850.5758
              2       433.76851       33.072003       5.1301962       71.666201      0.27719776       8.9871968        8.9871968       849.56263                               849.56263
              1       435.69647       32.934395       5.2182038       71.666201      0.27719776       8.9871968        8.9871968       853.41854                               853.41854
              1       433.74957       33.052034       5.1432821       71.666201      0.27719776       8.9871968        8.9871968       849.52475                               849.52475
              1       433.44417       33.010825       5.1778345       71.666201      0.27719776       8.9871968        8.9871968       848.91395                               848.91395
              1       434.83885       33.002423       5.1941404       71.666201      0.27719776       8.9871968        8.9871968       851.70331                               851.70331
              1        434.2731       33.009199       5.1873938       71.666201      0.27719776       8.9871968        8.9871968        850.5718                                850.5718
              1       435.64889       33.207071       5.0455441       71.666201      0.27719776       8.9871968        8.9871968       853.32339                               853.32339
              1       434.38472       33.134639       5.1050448       71.666201      0.27719776       8.9871968        8.9871968       850.79505                               850.79505
              1       434.22135       33.067418       5.1508038       71.666201      0.27719776       8.9871968        8.9871968       850.46831                               850.46831
              1        434.3497       33.055047       5.1627855       70.767522      0.28428275       8.9871968        8.9871968       850.72502                               850.72502
              1       434.89982         32.9456       5.2170457       70.767522      0.28428275       8.9871968        8.9871968       851.82525                               851.82525
              1       434.35407       33.081071       5.1261431       70.767522      0.28428275       8.9871968        8.9871968       850.73375                               850.73375
              1       433.75862       32.988383       5.1984994       70.767522      0.28428275       8.9871968        8.9871968       849.54284                               849.54284
              2       435.05059       33.177777       5.0745725       70.767522      0.28428275       8.9871968        8.9871968       852.12678                               852.12678
              1       433.33931       33.038947       5.1642224       71.230561      0.28059877       8.9871968        8.9871968       848.70423                               848.70423
              1       433.39463       33.090229       5.1252025       71.230561      0.28059877       8.9871968        8.9871968       848.81487                               848.81487
              1       433.90885       33.137035       5.0963055       71.230561      0.28059877       8.9871968        8.9871968        849.8433                                849.8433
              1       435.57015       33.043278       5.1733259       71.230561      0.28059877       8.9871968        8.9871968       853.16591                               853.16591
              1       435.87333       32.908056       5.2520375       71.230561      0.28059877       8.9871968        8.9871968       853.77227                               853.77227
              1       436.17434       33.189024       5.0737795       71.230561      0.28059877       8.9871968        8.9871968       854.37428                               854.37428
              1       434.17299       33.113288       5.1205698       71.230561      0.28059877       8.9871968        8.9871968       850.37159                               850.37159
              1       434.18861       33.075563       5.1278327       71.230561      0.28059877       8.9871968        8.9871968       850.40282                               850.40282
              1       434.50357       33.059603        5.136556       71.230561      0.28059877       8.9871968        8.9871968       851.03275                               851.03275
              1       434.82419       33.068852       5.1293212       71.230561      0.28059877       8.9871968        8.9871968       851.67398                               851.67398
              1       434.05933       32.982086       5.1929444       71.230561      0.28059877       8.9871968        8.9871968       850.14427                               850.14427
              1       433.42879       33.053793       5.1573231       70.702223      0.28480811       8.9871968        8.9871968       848.88319                               848.88319
              1       433.50522       33.093044        5.127275       70.702223      0.28480811       8.9871968        8.9871968       849.03604                               849.03604
              2       433.46002       33.085617       5.1314634       70.702223      0.28480811       8.9871968        8.9871968       848.94564                               848.94564
              1       433.70902       33.109512       5.1193658       70.702223      0.28480811       8.9871968        8.9871968       849.44364                               849.44364
              1       434.19136       33.140945       5.0978388       70.702223      0.28480811       8.9871968        8.9871968       850.40832                               850.40832
              1       434.18523       33.003144       5.1946402       70.702223      0.28480811       8.9871968        8.9871968       850.39606                               850.39606
              2       434.11614       32.961961        5.212456       70.702223      0.28480811       8.9871968        8.9871968       850.25788                               850.25788
              1       434.04665       32.976187       5.1999715       70.702223      0.28480811       8.9871968        8.9871968       850.11891                               850.11891
              1       433.74506       33.076774       5.1448176       70.702223      0.28480811       8.9871968        8.9871968       849.51573                               849.51573
              2       434.70245       33.044056       5.1484913       70.702223      0.28480811       8.9871968        8.9871968        851.4305                                851.4305
              1       435.37532        33.17588       5.0686895       70.702223      0.28480811       8.9871968        8.9871968       852.77624                               852.77624
              1       435.23854       33.078479       5.1510748       70.702223      0.28480811       8.9871968        8.9871968       852.50268                               852.50268
              1       438.94714       32.816731       5.3057448       70.702223      0.28480811       8.9871968        8.9871968       859.91988                               859.91988
              2       437.28921       32.881615       5.2575944       72.958214      0.26746693       8.9871968        8.9871968       856.60402                               856.60402
              1       434.81827        33.10014       5.1262228       72.958214      0.26746693       8.9871968        8.9871968       851.66215                               851.66215
              1       433.19881       33.069264         5.13404       72.958214      0.26746693       8.9871968        8.9871968       848.42323                               848.42323
              1       433.29099       33.048341       5.1479099       72.958214      0.26746693       8.9871968        8.9871968       848.60759                               848.60759
              1       437.13053       33.168303       5.0670996       77.046143      0.23983728       8.9871968        8.9871968       856.28667                               856.28667
              1       437.10204       33.263524       4.9969056       77.046143      0.23983728       8.9871968        8.9871968       856.22969                               856.22969
              1       435.79406         33.2218       5.0213653       77.046143      0.23983728       8.9871968        8.9871968       853.61374                               853.61374
              1       434.36642       33.143067       5.0995923       70.857171      0.28356385       8.9871968        8.9871968       850.75844                               850.75844
              1       433.53126       33.100692       5.1237418       70.857171      0.28356385       8.9871968        8.9871968       849.08813                               849.08813
              1       433.56267       33.100137       5.1251845       70.857171      0.28356385       8.9871968        8.9871968       849.15095                               849.15095
              2        433.8801        33.11691        5.108192       70.857171      0.28356385       8.9871968        8.9871968        849.7858                                849.7858
              1       435.97807       33.208723       5.0523853       73.151813      0.26605308       8.9871968        8.9871968       853.98174                               853.98174
              1       437.39985       33.001517       5.1588079       73.151813      0.26605308       8.9871968        8.9871968        856.8253                                856.8253
              1       433.45379       33.092045       5.1137024       73.151813      0.26605308       8.9871968        8.9871968       848.93319                               848.93319
              1       434.71845       32.962529       5.2015086       73.151813      0.26605308       8.9871968        8.9871968        851.4625                                851.4625
              1       434.11005       33.101485       5.1032444       73.151813      0.26605308       8.9871968        8.9871968        850.2457                                850.2457
              1        434.1857       33.176297       5.0629527       73.151813      0.26605308       8.9871968        8.9871968       850.39701                               850.39701
              1       433.62423       33.138901       5.0832702       73.889157      0.26076966       8.9871968        8.9871968       849.27408                               849.27408
              1       434.72256       33.188866       5.0468232       73.889157      0.26076966       8.9871968        8.9871968       851.47073                               851.47073
              1       435.03013       33.169557       5.0552074       73.889157      0.26076966       8.9871968        8.9871968       852.08587                               852.08587
              2       434.41212       33.004485       5.1670531       73.889157      0.26076966       8.9871968        8.9871968       850.84986                               850.84986
              2       434.18231        32.97655       5.1948085       71.693277      0.27698843       8.9871968        8.9871968       850.39022                               850.39022
              1       438.82221        33.05743        5.170445       71.693277      0.27698843       8.9871968        8.9871968       859.67002                               859.67002
              1       434.58528       32.989131       5.1823689       71.693277      0.27698843       8.9871968        8.9871968       851.19617                               851.19617
              3       433.87306       33.080308       5.1241844       71.693277      0.27698843       8.9871968        8.9871968       849.77173                               849.77173
              1       433.42374       33.036521       5.1563804       71.693277      0.27698843       8.9871968        8.9871968       848.87308                               848.87308
              1        435.0048       32.990074       5.1796871       71.693277      0.27698843       8.9871968        8.9871968        852.0352                                852.0352
              1       434.96674       32.959315       5.2020594       71.912266      0.27530401       8.9871968        8.9871968       851.95909                               851.95909
              2       433.21703       33.074798        5.132457       71.912266      0.27530401       8.9871968        8.9871968       848.45966                               848.45966
              1       434.03154        32.99492       5.1808913       71.912266      0.27530401       8.9871968        8.9871968       850.08869                               850.08869
              1        434.1815       32.978378       5.1973274       70.611913      0.28553709       8.9871968        8.9871968       850.38861                               850.38861
              1        435.1034       33.061022       5.1364607       70.611913      0.28553709       8.9871968        8.9871968       852.23241                               852.23241
              1       435.03271       33.136084       5.0915575       70.611913      0.28553709       8.9871968        8.9871968       852.09102                               852.09102
              2       434.17174       33.137935       5.0997423       70.611913      0.28553709       8.9871968        8.9871968       850.36909                               850.36909
              1       434.59836       33.058019       5.1612976       70.956467      0.28277077       8.9871968        8.9871968       851.22233                               851.22233
              1       434.27816       32.990833       5.2012983       70.956467      0.28277077       8.9871968        8.9871968       850.58192                               850.58192
              1       433.66953       32.991517       5.1945385       70.956467      0.28277077       8.9871968        8.9871968       849.36468                               849.36468
              2        433.3252       33.069192       5.1404307       70.956467      0.28277077       8.9871968        8.9871968         848.676                                 848.676
              1       435.07631       33.166737       5.0858016       70.956467      0.28277077       8.9871968        8.9871968       852.17823                               852.17823
              1       433.56152       33.107445       5.1175859       70.956467      0.28277077       8.9871968        8.9871968       849.14864                               849.14864
              1       434.56001       32.960628        5.219493       70.956467      0.28277077       8.9871968        8.9871968       851.14564                               851.14564
              1       433.82393       33.051692       5.1465833       70.956467      0.28277077       8.9871968        8.9871968       849.67347                               849.67347
              1       433.69365       33.091645       5.1228355       70.956467      0.28277077       8.9871968        8.9871968        849.4129                                849.4129
              2       433.68506       33.000584       5.1909638       70.956467      0.28277077       8.9871968        8.9871968       849.39573                               849.39573
              1       433.95206       32.975321       5.2010584       70.956467      0.28277077       8.9871968        8.9871968       849.92972                               849.92972
              1       433.57543       33.092024       5.1285621       72.173357      0.27331576       8.9871968        8.9871968       849.17646                               849.17646
              1       435.03693       32.935861       5.2257223       72.173357      0.27331576       8.9871968        8.9871968       852.09946                               852.09946
              1        433.6914       33.065856       5.1467984       72.173357      0.27331576       8.9871968        8.9871968       849.40842                               849.40842
              1       433.57473       33.040052       5.1620457       72.173357      0.27331576       8.9871968        8.9871968       849.17507                               849.17507
              2       433.50748       33.027516       5.1686252       72.173357      0.27331576       8.9871968        8.9871968       849.04056                               849.04056
              1       433.74185       33.005642       5.1745802       72.173357      0.27331576       8.9871968        8.9871968        849.5093                                849.5093
              1       433.60809       33.031473       5.1673863       72.173357      0.27331576       8.9871968        8.9871968       849.24178                               849.24178
              2       433.45578       33.016129       5.1730604       72.173357      0.27331576       8.9871968        8.9871968       848.93717                               848.93717
              1       433.59798       33.064501       5.1470233       72.173357      0.27331576       8.9871968        8.9871968       849.22156                               849.22156
              1       433.63253       33.094349       5.1147332       72.173357      0.27331576       8.9871968        8.9871968       849.29066                               849.29066
              1       434.13855       33.060611       5.1482545       69.521301      0.29456606       8.9871968        8.9871968       850.30271                               850.30271
              1       434.21761        33.00467       5.1976326       69.521301      0.29456606       8.9871968        8.9871968       850.46084                               850.46084
              1       433.74219       33.004921       5.1910538       69.521301      0.29456606       8.9871968        8.9871968       849.50998                               849.50998
              1       434.07974       33.097123       5.1313714       69.521301      0.29456606       8.9871968        8.9871968       850.18509                               850.18509
              2       434.03893       33.125705       5.0915825       72.549537      0.27048874       8.9871968        8.9871968       850.10346                               850.10346
              1       433.55205       33.129314       5.0925351       72.851278      0.26825272       8.9871968        8.9871968       849.12971                               849.12971
              1       434.72548       33.197388       5.0513845       72.851278      0.26825272       8.9871968        8.9871968       851.47656                               851.47656
              1       433.54767       33.134892       5.0932551       72.851278      0.26825272       8.9871968        8.9871968       849.12095                               849.12095
              3       433.28384       33.047767       5.1474021       72.851278      0.26825272       8.9871968        8.9871968       848.59329                               848.59329
              2       433.26405       33.044798       5.1503517       72.617915      0.26997959       8.9871968        8.9871968       848.55372                               848.55372
              1       435.15617       33.195725       5.0471402       72.617915      0.26997959       8.9871968        8.9871968       852.33794                               852.33794
              1       434.29059       32.971441       5.1996684       72.617915      0.26997959       8.9871968        8.9871968       850.60678                               850.60678
              1       434.32106       32.995586       5.1902327       72.617915      0.26997959       8.9871968        8.9871968       850.66772                               850.66772
              1       434.20605       32.974175       5.2036457       72.011477      0.27454595       8.9871968        8.9871968       850.43771                               850.43771
              2       433.33679       33.028059       5.1665334       72.011477      0.27454595       8.9871968        8.9871968        848.6992                                848.6992
              3       433.77229       32.998511       5.1804185       72.011477      0.27454595       8.9871968        8.9871968       849.57019                               849.57019
              1       433.49233       33.035561       5.1647577       72.011477      0.27454595       8.9871968        8.9871968       849.01026                               849.01026
              1       434.79344       32.976641       5.1894566       72.011477      0.27454595       8.9871968        8.9871968       851.61249                               851.61249
              1       433.63922       33.132811       5.0951073       72.011477      0.27454595       8.9871968        8.9871968       849.30405                               849.30405
              1       433.64473       33.130674       5.0972307       71.843479      0.27583145       8.9871968        8.9871968       849.31507                               849.31507
              1       434.08977       33.138702       5.0994818       71.843479      0.27583145       8.9871968        8.9871968       850.20515                               850.20515
              1       434.65613        33.14641       5.0973398       71.843479      0.27583145       8.9871968        8.9871968       851.33786                               851.33786
              1       436.85818       32.893742       5.2607972       71.843479      0.27583145       8.9871968        8.9871968       855.74196                               855.74196
              2       433.34041        33.03168       5.1605015       71.843479      0.27583145       8.9871968        8.9871968       848.70642                               848.70642
              1       433.18636       33.066184       5.1388962       71.843479      0.27583145       8.9871968        8.9871968       848.39833                               848.39833
              1        433.1762       33.049093       5.1517311       71.843479      0.27583145       8.9871968        8.9871968         848.378                                 848.378
              1       433.17787       33.048627       5.1521934       71.806905       0.2761125       8.9871968        8.9871968       848.38135                               848.38135
              2       433.99919       33.066549       5.1496959       71.806905       0.2761125       8.9871968        8.9871968       850.02398                               850.02398
              2       433.76544        33.03452       5.1685522       71.806905       0.2761125       8.9871968        8.9871968        849.5565                                849.5565
              1       433.68794       33.117837        5.112069       71.806905       0.2761125       8.9871968        8.9871968       849.40149                               849.40149
              1       433.89921       33.025539       5.1748417       71.806905       0.2761125       8.9871968        8.9871968       849.82403                               849.82403
              1       434.82342       33.035616       5.1484525       71.806905       0.2761125       8.9871968        8.9871968       851.67245                               851.67245
              1       434.80318       33.014419       5.1629847       71.806905       0.2761125       8.9871968        8.9871968       851.63196                               851.63196
              1       433.65148       33.063036       5.1360589       71.806905       0.2761125       8.9871968        8.9871968       849.32856                               849.32856
              1       433.56685       33.030249       5.1589601       71.806905       0.2761125       8.9871968        8.9871968        849.1593                                849.1593
              1        433.8793       32.981512       5.1965081       71.806905       0.2761125       8.9871968        8.9871968       849.78421                               849.78421
              1       433.75379       32.991406       5.1914507       71.806905       0.2761125       8.9871968        8.9871968       849.53319                               849.53319
              2       434.77776       33.113833       5.0986383       71.806905       0.2761125       8.9871968        8.9871968       851.58113                               851.58113
              1       434.63753         33.1671       5.0697208       71.806905       0.2761125       8.9871968        8.9871968       851.30067                               851.30067
              2       434.25419       33.157614       5.0776359       71.806905       0.2761125       8.9871968        8.9871968       850.53398                               850.53398
              1       434.25328       33.032564       5.1529863       71.806905       0.2761125       8.9871968        8.9871968       850.53217                               850.53217
              1       434.45749       32.956172       5.2150706       71.806905       0.2761125       8.9871968        8.9871968       850.94058                               850.94058
              1       433.27101       33.097625       5.1208896       71.806905       0.2761125       8.9871968        8.9871968       848.56762                               848.56762
              1       433.44691       33.022157       5.1727141       71.806905       0.2761125       8.9871968        8.9871968       848.91943                               848.91943
              1       433.26699       33.054212       5.1455307       71.806905       0.2761125       8.9871968        8.9871968       848.55959                               848.55959
              1       435.76306       33.127748       5.1153526       71.806905       0.2761125       8.9871968        8.9871968       853.55173                               853.55173
              1       435.94973       33.189393       5.0711608       71.806905       0.2761125       8.9871968        8.9871968       853.92507                               853.92507
              1       433.24203       33.093511       5.1231882       71.806905       0.2761125       8.9871968        8.9871968       848.50966                               848.50966
              1       433.54761        33.00703       5.1814921       71.806905       0.2761125       8.9871968        8.9871968       849.12082                               849.12082
              1       434.40357       33.013948       5.1651167       71.806905       0.2761125       8.9871968        8.9871968       850.83274                               850.83274
              1       433.48612       33.086533       5.1306994       72.390255      0.27168037       8.9871968        8.9871968       848.99784                               848.99784
              1       433.20529       33.095273       5.1193266       72.390255      0.27168037       8.9871968        8.9871968       848.43618                               848.43618
              1       433.17455       33.080195        5.127916       72.390255      0.27168037       8.9871968        8.9871968       848.37471                               848.37471
              1       433.18749       33.047311       5.1539452       71.586773      0.27781323       8.9871968        8.9871968       848.40059                               848.40059
              1       433.24152       33.040046        5.157238       71.586773      0.27781323       8.9871968        8.9871968       848.50864                               848.50864
              1       433.64458       33.001185       5.1833985       70.981046      0.28257497       8.9871968        8.9871968       849.31476                               849.31476
              1       433.58318       33.087799       5.1162931       72.847531      0.26828032       8.9871968        8.9871968       849.19197                               849.19197
              1       434.15145       33.040016       5.1623447       72.847531      0.26828032       8.9871968        8.9871968        850.3285                                850.3285
              1       433.39354       33.121055       5.0995941       72.847531      0.26828032       8.9871968        8.9871968       848.81268                               848.81268
              1       435.25767       33.022125       5.1780734       72.847531      0.26828032       8.9871968        8.9871968       852.54096                               852.54096
              1       435.28233       32.937239       5.2219577       72.847531      0.26828032       8.9871968        8.9871968       852.59027                               852.59027
              1        434.1828       33.017395        5.172637       69.991711      0.29061985       8.9871968        8.9871968        850.3912                                850.3912
              1       434.86384       33.124352       5.1034114       69.991711      0.29061985       8.9871968        8.9871968       851.75328                               851.75328
              2       435.18311       33.162445       5.0893524       69.991711      0.29061985       8.9871968        8.9871968       852.39183                               852.39183
              1       433.82067       33.033781       5.1755298       69.991711      0.29061985       8.9871968        8.9871968       849.66695                               849.66695
              1       433.53116       33.056859       5.1562201       69.991711      0.29061985       8.9871968        8.9871968       849.08793                               849.08793
              1       434.94344       32.938666       5.2377001       69.991711      0.29061985       8.9871968        8.9871968       851.91249                               851.91249
              1       434.12343       33.054746       5.1639665       69.991711      0.29061985       8.9871968        8.9871968       850.27247                               850.27247
              1       434.95518       33.118913       5.1234002       69.991711      0.29061985       8.9871968        8.9871968       851.93597                               851.93597
              1       433.70642        32.99449       5.1956282       69.991711      0.29061985       8.9871968        8.9871968       849.43845                               849.43845
              1       435.51207       33.176536       5.0788351       69.991711      0.29061985       8.9871968        8.9871968       853.04975                               853.04975
              1        434.2404       33.123279       5.1138757       70.069068       0.2899785       8.9871968        8.9871968        850.5064                                850.5064
              1       434.66815       32.934278        5.234966       70.069068       0.2899785       8.9871968        8.9871968        851.3619                                851.3619
              1       434.64408        32.93534       5.2342458       70.069068       0.2899785       8.9871968        8.9871968       851.31377                               851.31377
              1        434.7092        32.93472       5.2362338       70.069068       0.2899785       8.9871968        8.9871968       851.44401                               851.44401
              1       434.44868       32.962163       5.2089166       72.291385      0.27242402       8.9871968        8.9871968       850.92296                               850.92296
              1        433.3848       33.053031       5.1518394       72.291385      0.27242402       8.9871968        8.9871968        848.7952                                848.7952
              1       433.80195       33.076174       5.1424289       71.755714       0.2765066       8.9871968        8.9871968        849.6295                                849.6295
              1       433.25775        33.04306       5.1537913       71.755714       0.2765066       8.9871968        8.9871968       848.54111                               848.54111
              1       433.16462       33.058675       5.1451504       71.755714       0.2765066       8.9871968        8.9871968       848.35486                               848.35486
              1       433.50255       33.023497         5.17299       71.755714       0.2765066       8.9871968        8.9871968       849.03071                               849.03071
              2       433.53057       33.036695       5.1598531       72.824427      0.26845057       8.9871968        8.9871968       849.08674                               849.08674
              1       433.56625       33.061884       5.1334422       72.824427      0.26845057       8.9871968        8.9871968       849.15811                               849.15811
              1       433.39953       33.099932       5.1186856       72.824427      0.26845057       8.9871968        8.9871968       848.82466                               848.82466
              1       438.59515       33.299252       4.9839181       72.824427      0.26845057       8.9871968        8.9871968        859.2159                                859.2159
              1       436.71815         33.1391         5.10952       67.540332      0.31209881       8.9871968        8.9871968       855.46191                               855.46191
              2       434.78198       33.004815        5.201499       67.540332      0.31209881       8.9871968        8.9871968       851.58957                               851.58957
              4       435.35352       32.995631       5.2106402       66.796681      0.31908671       8.9871968        8.9871968       852.73265                               852.73265
              2        435.3926        33.00224       5.2071726       66.796681      0.31908671       8.9871968        8.9871968       852.81081                               852.81081
              1       435.77785       32.943953       5.2384621       66.796681      0.31908671       8.9871968        8.9871968       853.58131                               853.58131
              1       435.69076       33.007649       5.1953258       66.796681      0.31908671       8.9871968        8.9871968       853.40712                               853.40712
              1       434.43455       33.028971       5.1741016       68.523311       0.3032088       8.9871968        8.9871968        850.8947                                850.8947
              1       434.46123       33.028908       5.1739091       68.523311       0.3032088       8.9871968        8.9871968       850.94807                               850.94807
              1       434.51551       32.959189       5.2247792       68.523311       0.3032088       8.9871968        8.9871968       851.05662                               851.05662
              1       434.49367       32.960919       5.2236853       68.523311       0.3032088       8.9871968        8.9871968       851.01295                               851.01295
              1       434.83175       33.097561       5.1376528       68.523311       0.3032088       8.9871968        8.9871968        851.6891                                851.6891
              1       434.76051       33.084725       5.1390015       68.523311       0.3032088       8.9871968        8.9871968       851.54662                               851.54662
              1       435.46607       33.155861       5.0975145       69.613273      0.29378822       8.9871968        8.9871968       852.95774                               852.95774
              1       434.91657       33.110474       5.1299086       69.613273      0.29378822       8.9871968        8.9871968       851.85875                               851.85875
              1       434.29191       33.021086       5.1718417       69.613273      0.29378822       8.9871968        8.9871968       850.60942                               850.60942
              1       434.27224       33.108672       5.1256943       69.613273      0.29378822       8.9871968        8.9871968       850.57008                               850.57008
              1       434.11359       33.084307       5.1435495       69.613273      0.29378822       8.9871968        8.9871968       850.25279                               850.25279
              1       435.16719       32.965826       5.2055866       69.613273      0.29378822       8.9871968        8.9871968          852.36                                  852.36
              3       434.37195       33.070155       5.1401983       69.613273      0.29378822       8.9871968        8.9871968        850.7695                                850.7695
              2       433.99168       33.088208       5.1335144       69.613273      0.29378822       8.9871968        8.9871968       850.00897                               850.00897
              1       434.06099       33.008427       5.1939773       69.613273      0.29378822       8.9871968        8.9871968       850.14759                               850.14759
              1       435.82119       32.942316       5.2311652        71.91264      0.27530115       8.9871968        8.9871968       853.66798                               853.66798
              1       433.49594       33.018586       5.1729118       72.196413      0.27314122       8.9871968        8.9871968       849.01749                               849.01749
              1       433.49281        33.01889       5.1727165       72.196413      0.27314122       8.9871968        8.9871968       849.01123                               849.01123
              1       434.15543       33.126787        5.107814       72.196413      0.27314122       8.9871968        8.9871968       850.33647                               850.33647
              1       433.51292        33.12811       5.0988713       72.196413      0.27314122       8.9871968        8.9871968       849.05145                               849.05145
              1       435.24132       32.948397       5.2083677       72.196413      0.27314122       8.9871968        8.9871968       852.50825                               852.50825
              1       436.71502       33.231033       5.0405238       72.196413      0.27314122       8.9871968        8.9871968       855.45564                               855.45564
              1       433.29021       33.097115       5.1166741       72.196413      0.27314122       8.9871968        8.9871968       848.60602                               848.60602
              1       433.49831       33.035882        5.163683       72.196413      0.27314122       8.9871968        8.9871968       849.02222                               849.02222
              1       433.83367       33.125805       5.0964404       74.347461      0.25756462       8.9871968        8.9871968       849.69295                               849.69295
              1       434.42031       33.010923       5.1699701       74.347461      0.25756462       8.9871968        8.9871968       850.86623                               850.86623
              1       434.09406       32.975567       5.2051639        71.48437      0.27860974       8.9871968        8.9871968       850.21373                               850.21373
              1       434.36017       33.087968       5.1384398        71.48437      0.27860974       8.9871968        8.9871968       850.74595                               850.74595
              1       434.58515       33.077654       5.1431641       72.279023      0.27251722       8.9871968        8.9871968       851.19591                               851.19591
              1       433.50917       33.076049       5.1383688       72.279023      0.27251722       8.9871968        8.9871968       849.04394                               849.04394
              1        434.4638       33.005186       5.1693554       72.279023      0.27251722       8.9871968        8.9871968       850.95321                               850.95321
              1       435.16136       32.933202       5.2232744       72.279023      0.27251722       8.9871968        8.9871968       852.34832                               852.34832
              1       435.33534       32.939156       5.2274932       72.279023      0.27251722       8.9871968        8.9871968       852.69629                               852.69629
              1       435.82753       32.965449       5.1921714       72.279023      0.27251722       8.9871968        8.9871968       853.68066                               853.68066
              1        434.8961       32.977743        5.187285       72.279023      0.27251722       8.9871968        8.9871968       851.81781                               851.81781
              1       434.89291       32.974632       5.1903812       72.027145      0.27442652       8.9871968        8.9871968       851.81143                               851.81143
              2       433.84386       33.146781       5.0889997       72.027145      0.27442652       8.9871968        8.9871968       849.71332                               849.71332
              1       433.16095       33.066716       5.1409064       72.027145      0.27442652       8.9871968        8.9871968        848.3475                                848.3475
              1       433.49515       33.122501       5.1049141       72.027145      0.27442652       8.9871968        8.9871968        849.0159                                849.0159
              1       433.53761       33.110904        5.106709       72.027145      0.27442652       8.9871968        8.9871968       849.10082                               849.10082
              1       434.87245        33.16691       5.0509608       76.562379       0.2428777       8.9871968        8.9871968       851.77051                               851.77051
              1       434.61697       33.096324       5.0985427       76.562379       0.2428777       8.9871968        8.9871968       851.25955                               851.25955
              1       434.60865       33.087756       5.1081953       76.562379       0.2428777       8.9871968        8.9871968        851.2429                                851.2429
              1       434.84215       33.156813       5.0671683       76.562379       0.2428777       8.9871968        8.9871968        851.7099                                851.7099
              1       435.07782       33.117219       5.0831161       77.484939      0.23712858       8.9871968        8.9871968       852.18124                               852.18124
              1       435.13129       33.123458       5.0827606       77.484939      0.23712858       8.9871968        8.9871968        852.2882                                852.2882
              1        435.0636       33.127074       5.0790731       77.484939      0.23712858       8.9871968        8.9871968        852.1528                                852.1528
              1       436.07507       33.218338       5.0235207       77.484939      0.23712858       8.9871968        8.9871968       854.17575                               854.17575
              1        438.1407       33.210221       5.0084647       77.484939      0.23712858       8.9871968        8.9871968       858.30701                               858.30701
              1       437.62686       33.233634        4.996564       77.484939      0.23712858       8.9871968        8.9871968       857.27932                               857.27932
              1       443.63213       33.411068       4.8919915        77.20752      0.23883572       8.9871968        8.9871968       869.28986                               869.28986
              2       436.98282       33.247686       4.9926327        77.20752      0.23883572       8.9871968        8.9871968       855.99124                               855.99124
              1       435.42923       33.100611       5.1026629        77.20752      0.23883572       8.9871968        8.9871968       852.88407                               852.88407
              1       434.60538       32.995037       5.2077506       68.658415      0.30201669       8.9871968        8.9871968       851.23636                               851.23636
              2       436.55248       32.947976       5.2177971       68.658415      0.30201669       8.9871968        8.9871968       855.13057                               855.13057
              1       436.15523       32.884729       5.2688568       68.658415      0.30201669       8.9871968        8.9871968       854.33607                               854.33607
              1       435.42395       32.933204       5.2337806       68.658415      0.30201669       8.9871968        8.9871968        852.8735                                852.8735
              1       435.83527       32.894301       5.2691907       68.658415      0.30201669       8.9871968        8.9871968       853.69615                               853.69615
              1       434.77044       32.992895       5.1945145       68.658415      0.30201669       8.9871968        8.9871968       851.56649                               851.56649
              1       435.20241       32.927763       5.2399759       68.658415      0.30201669       8.9871968        8.9871968       852.43042                               852.43042
              1       433.92058       33.140573       5.0841908       74.713096      0.25504982       8.9871968        8.9871968       849.86677                               849.86677
              1       435.81105       33.105771       5.0836429        77.72107      0.23568988       8.9871968        8.9871968       853.64771                               853.64771
              1       436.63726       33.193001       5.0440284        77.72107      0.23568988       8.9871968        8.9871968       855.30013                               855.30013
              1       436.65108       33.165844       5.0628156        77.72107      0.23568988       8.9871968        8.9871968       855.32777                               855.32777
              1       436.07082        33.18421       5.0318656        77.72107      0.23568988       8.9871968        8.9871968       854.16725                               854.16725
              1       438.85712       33.102458       5.0731779       80.483591      0.21978791       8.9871968        8.9871968       859.73985                               859.73985
              1       438.24005       33.244778       4.9906605       80.483591      0.21978791       8.9871968        8.9871968        858.5057                                858.5057
              1       437.73894       33.172133       5.0328429       80.483591      0.21978791       8.9871968        8.9871968       857.50349                               857.50349
              1        437.9356       33.123545       5.0649066       80.483591      0.21978791       8.9871968        8.9871968       857.89682                               857.89682
              1       437.07079       33.145082       5.0580718       79.876124      0.22314365       8.9871968        8.9871968       856.16718                               856.16718
              1       433.34544       33.062491       5.1402834       73.188036      0.26578979       8.9871968        8.9871968       848.71648                               848.71648
              1       433.29844       33.084091       5.1261518       73.188036      0.26578979       8.9871968        8.9871968       848.62249                               848.62249
              1       433.34081       33.048189       5.1468278       73.188036      0.26578979       8.9871968        8.9871968       848.70722                               848.70722
              1       433.86317       33.057552       5.1480743       73.188036      0.26578979       8.9871968        8.9871968       849.75195                               849.75195
              1       433.20901       33.078282        5.133964        72.13818      0.27358238       8.9871968        8.9871968       848.44363                               848.44363
              1       434.90786       33.093761       5.1089082        72.13818      0.27358238       8.9871968        8.9871968       851.84132                               851.84132
              1       436.88609       33.219922       5.0289281        72.13818      0.27358238       8.9871968        8.9871968       855.79779                               855.79779
              1       439.71241       33.186736       5.0536081       69.661518      0.29338143       8.9871968        8.9871968       861.45043                               861.45043
              1       436.49633       33.123368        5.099175       69.661518      0.29338143       8.9871968        8.9871968       855.01827                               855.01827
              1       435.51364       33.149875       5.0890005       69.661518      0.29338143       8.9871968        8.9871968       853.05289                               853.05289
              1       435.16201       33.062927       5.1455864        68.90124      0.29989168       8.9871968        8.9871968       852.34963                               852.34963
              1       434.08414       33.148118       5.0700028       75.370743      0.25061836       8.9871968        8.9871968       850.19389                               850.19389
              1       433.92639       33.084848       5.1148071       75.370743      0.25061836       8.9871968        8.9871968       849.87838                               849.87838
              1       433.90288       33.091133       5.1109423       75.370743      0.25061836       8.9871968        8.9871968       849.83136                               849.83136
              1       434.22444       33.071865       5.1267787       75.370743      0.25061836       8.9871968        8.9871968       850.47449                               850.47449
              1       434.85675       33.013653       5.1617387       75.370743      0.25061836       8.9871968        8.9871968        851.7391                                851.7391
              1       434.91223       33.180978       5.0444196       75.370743      0.25061836       8.9871968        8.9871968       851.85007                               851.85007
              1        435.6197       33.009357       5.1661567       71.158297      0.28116897       8.9871968        8.9871968         853.265                                 853.265
              1        435.5868       32.911089       5.2402303       71.158297      0.28116897       8.9871968        8.9871968        853.1992                                853.1992
              1         433.938       33.053797       5.1434555       71.158297      0.28116897       8.9871968        8.9871968       849.90162                               849.90162
              1       433.79795       33.007468       5.1871149       69.454469      0.29513322       8.9871968        8.9871968       849.62151                               849.62151
              1       436.61449       33.062888       5.1368839       69.454469      0.29513322       8.9871968        8.9871968       855.25459                               855.25459
              1       435.94494       33.061837        5.139609       69.454469      0.29513322       8.9871968        8.9871968       853.91548                               853.91548
              1       435.92723       32.922423       5.2348134       69.454469      0.29513322       8.9871968        8.9871968       853.88007                               853.88007
              1       433.67803       33.032442       5.1731223       69.454469      0.29513322       8.9871968        8.9871968       849.38166                               849.38166
              1       433.71814        33.04963       5.1629939       69.454469      0.29513322       8.9871968        8.9871968       849.46189                               849.46189
              1       433.99257       33.074774       5.1491623       69.454469      0.29513322       8.9871968        8.9871968       850.01075                               850.01075
              1       436.32699        33.18949       5.0720016       69.454469      0.29513322       8.9871968        8.9871968       854.67958                               854.67958
              1       433.83337       33.125958       5.1063466        70.90845      0.28315387       8.9871968        8.9871968       849.69235                               849.69235
              1       433.51288        33.03605       5.1596905        70.90845      0.28315387       8.9871968        8.9871968       849.05136                               849.05136
              1       434.16337       33.140889       5.0937616        70.90845      0.28315387       8.9871968        8.9871968       850.35236                               850.35236
              2        433.5878       33.054538       5.1580318        70.90845      0.28315387       8.9871968        8.9871968       849.20121                               849.20121
              1       435.06759       32.921656        5.237286        70.90845      0.28315387       8.9871968        8.9871968       852.16079                               852.16079
              1       433.78573       33.108025       5.1220483        70.90845      0.28315387       8.9871968        8.9871968       849.59707                               849.59707
              2       433.63328       33.020206       5.1695928        70.90845      0.28315387       8.9871968        8.9871968       849.29217                               849.29217
              2       433.38495        33.05291        5.152759       72.117673      0.27373799       8.9871968        8.9871968       848.79551                               848.79551
              1       435.16911       33.185784       5.0548895       72.117673      0.27373799       8.9871968        8.9871968       852.36383                               852.36383
              1        433.8744       33.124697       5.1083681       70.776728       0.2842088       8.9871968        8.9871968       849.77441                               849.77441
              1       433.55196       33.095498       5.1287411       70.776728       0.2842088       8.9871968        8.9871968       849.12952                               849.12952
              1       433.65837       33.015831       5.1829869       70.776728       0.2842088       8.9871968        8.9871968       849.34234                               849.34234
              2        435.7712       33.084518        5.118489       70.776728       0.2842088       8.9871968        8.9871968         853.568                                 853.568
              1       435.34037       33.040306       5.1481885       70.776728       0.2842088       8.9871968        8.9871968       852.70635                               852.70635
              1        433.9954       33.100972       5.1293415       70.776728       0.2842088       8.9871968        8.9871968        850.0164                                850.0164
              1       433.51357       33.023853       5.1767621       70.776728       0.2842088       8.9871968        8.9871968       849.05274                               849.05274
              1       433.59894        33.07576       5.1342672       70.776728       0.2842088       8.9871968        8.9871968       849.22348                               849.22348
              1       433.34816       33.026681       5.1718353       70.776728       0.2842088       8.9871968        8.9871968       848.72193                               848.72193
              1       435.00773       33.037119       5.1770968       70.776728       0.2842088       8.9871968        8.9871968       852.04106                               852.04106
              1       439.69489       32.806887       5.3190937       70.776728       0.2842088       8.9871968        8.9871968       861.41539                               861.41539
              1       434.78146        32.98167       5.2101159       70.776728       0.2842088       8.9871968        8.9871968       851.58853                               851.58853
              1       433.57241        33.07314       5.1456689       70.776728       0.2842088       8.9871968        8.9871968       849.17042                               849.17042
              1       433.28308       33.045268       5.1588988       70.776728       0.2842088       8.9871968        8.9871968       848.59177                               848.59177
              1       433.36614       33.024326       5.1736406       70.776728       0.2842088       8.9871968        8.9871968       848.75789                               848.75789
              2       433.88826       33.122603       5.1064742       70.776728       0.2842088       8.9871968        8.9871968       849.80212                               849.80212
              1        433.9395        33.06145       5.1563511       70.776728       0.2842088       8.9871968        8.9871968       849.90461                               849.90461
              1       433.88304       33.118686       5.1145504       70.776728       0.2842088       8.9871968        8.9871968       849.79169                               849.79169
              1       433.92625       33.120469       5.1136316       70.776728       0.2842088       8.9871968        8.9871968       849.87811                               849.87811
              1        433.7898       33.132997        5.101117       71.790413      0.27623937       8.9871968        8.9871968       849.60521                               849.60521
              1       434.38502       33.017695       5.1823256       71.790413      0.27623937       8.9871968        8.9871968       850.79564                               850.79564
              1        433.6908        32.99313       5.1891735       71.790413      0.27623937       8.9871968        8.9871968        849.4072                                849.4072
              1       433.99847       33.104006       5.1122386       71.128071      0.28140799       8.9871968        8.9871968       850.02254                               850.02254
              2       434.97359       33.182478       5.0694621       71.128071      0.28140799       8.9871968        8.9871968       851.97278                               851.97278
              1       434.39826       33.071279       5.1510685       71.128071      0.28140799       8.9871968        8.9871968       850.82213                               850.82213
              1       434.92288       33.128959       5.0928196       71.128071      0.28140799       8.9871968        8.9871968       851.87136                               851.87136
              1       435.13353       33.165931       5.0558851       74.119772      0.25914948       8.9871968        8.9871968       852.29267                               852.29267
              1       433.60261       33.097379       5.1065626       74.119772      0.25914948       8.9871968        8.9871968       849.23082                               849.23082
              1       434.09762       33.086395       5.1105145       75.728277      0.24825748       8.9871968        8.9871968       850.22086                               850.22086
              1       435.06529       33.090705       5.0987322       75.728277      0.24825748       8.9871968        8.9871968       852.15619                               852.15619
              2       434.77176       33.127364       5.0930072       75.728277      0.24825748       8.9871968        8.9871968       851.56912                               851.56912
              1       434.67558       33.036032       5.1426064       75.728277      0.24825748       8.9871968        8.9871968       851.37676                               851.37676
              1         433.785       32.994598       5.1839975       72.375597      0.27179044       8.9871968        8.9871968       849.59561                               849.59561
              2       433.42126       33.104054       5.1099575       72.375597      0.27179044       8.9871968        8.9871968       848.86813                               848.86813
              1       433.59554       33.103622       5.1084918       72.375597      0.27179044       8.9871968        8.9871968       849.21668                               849.21668
              1       433.23986       33.068831       5.1397367       72.375597      0.27179044       8.9871968        8.9871968       848.50532                               848.50532
              1       436.12983       32.904286       5.2413609       72.375597      0.27179044       8.9871968        8.9871968       854.28526                               854.28526
              1       435.32785        33.20716       5.0512266       72.375597      0.27179044       8.9871968        8.9871968       852.68131                               852.68131
              1       435.39593       33.213638       5.0452229       72.375597      0.27179044       8.9871968        8.9871968       852.81747                               852.81747
              1       434.63576       33.161636       5.0841544       72.375597      0.27179044       8.9871968        8.9871968       851.29712                               851.29712
              1       435.43343       33.183222       5.0719293       72.375597      0.27179044       8.9871968        8.9871968       852.89247                               852.89247
              1       434.21854       32.985475        5.208794       69.557621      0.29425852       8.9871968        8.9871968       850.46269                               850.46269
              1        434.0275       33.039316       5.1547096       74.012455      0.25990154       8.9871968        8.9871968       850.08062                               850.08062
              2       434.57967       32.986304        5.183934       74.012455      0.25990154       8.9871968        8.9871968       851.18495                               851.18495
              1       434.38684       33.024543       5.1655903       74.012455      0.25990154       8.9871968        8.9871968       850.79929                               850.79929
              1       435.29821       32.978161       5.1815235       74.012455      0.25990154       8.9871968        8.9871968       852.62202                               852.62202
              1       435.31908       32.985487       5.1755817       74.012455      0.25990154       8.9871968        8.9871968       852.66377                               852.66377
              1       434.74396       32.990076       5.1760475       74.012455      0.25990154       8.9871968        8.9871968       851.51353                               851.51353
              1       434.76634       32.990721       5.1752853       74.012455      0.25990154       8.9871968        8.9871968       851.55828                               851.55828
              1       435.80046       32.941248       5.2116859       74.012455      0.25990154       8.9871968        8.9871968       853.62653                               853.62653
              2       434.21068       33.006698       5.1680511       74.012455      0.25990154       8.9871968        8.9871968       850.44696                               850.44696
              1       435.17809       33.107273       5.0884607       75.166459      0.25198245       8.9871968        8.9871968       852.38179                               852.38179
              1       436.22436       33.074458       5.1064049       75.166459      0.25198245       8.9871968        8.9871968       854.47433                               854.47433
              2       433.87969       33.075096       5.1217389       75.166459      0.25198245       8.9871968        8.9871968       849.78499                               849.78499
              1       436.29936       33.129956        5.083602        77.89754      0.23462322       8.9871968        8.9871968       854.62433                               854.62433
              3       435.76725        33.09393       5.1019591        77.89754      0.23462322       8.9871968        8.9871968       853.56011                               853.56011
              1       437.74653       33.150041       5.0760948        77.89754      0.23462322       8.9871968        8.9871968       857.51867                               857.51867
              1       436.36589       33.128342       5.0849581        77.89754      0.23462322       8.9871968        8.9871968       854.75738                               854.75738
              2       433.84469       33.046596       5.1516721       73.650234      0.26246429       8.9871968        8.9871968       849.71498                               849.71498
              1        433.6144       33.140814       5.0833793       73.650234      0.26246429       8.9871968        8.9871968       849.25441                               849.25441
              1       434.22504       33.041772       5.1407325       73.650234      0.26246429       8.9871968        8.9871968       850.47568                               850.47568
              1       433.98014        33.15154       5.0723531       75.139682      0.25216208       8.9871968        8.9871968       849.98588                               849.98588
              1       434.24808       33.086135       5.1203954       75.139682      0.25216208       8.9871968        8.9871968       850.52177                               850.52177
              1        433.9549       33.065498       5.1258385       75.139682      0.25216208       8.9871968        8.9871968        849.9354                                849.9354
              1       434.08316       33.059357       5.1341974       75.139682      0.25216208       8.9871968        8.9871968       850.19192                               850.19192
              2       433.78553        33.11169       5.0989424       75.139682      0.25216208       8.9871968        8.9871968       849.59667                               849.59667
              1       434.01894       33.076652       5.1159932       75.139682      0.25216208       8.9871968        8.9871968       850.06348                               850.06348
              1        433.7913       33.090456       5.1120352       75.139682      0.25216208       8.9871968        8.9871968        849.6082                                849.6082
              2       433.94378       33.064412       5.1278007       75.139682      0.25216208       8.9871968        8.9871968       849.91316                               849.91316
              1        434.0121       33.100555       5.1094086       75.139682      0.25216208       8.9871968        8.9871968        850.0498                                850.0498
              4       433.79848       33.090838       5.1094612       75.139682      0.25216208       8.9871968        8.9871968       849.62257                               849.62257
              1       434.38398       33.170071       5.0636455       75.139682      0.25216208       8.9871968        8.9871968       850.79358                               850.79358
              1       434.56655       33.020584       5.1548296       75.139682      0.25216208       8.9871968        8.9871968       851.15872                               851.15872
              1       435.27068       33.025415       5.1621502       75.139682      0.25216208       8.9871968        8.9871968       852.56696                               852.56696
              2       434.53758       33.124087       5.1163332       70.499683      0.28644692       8.9871968        8.9871968       851.10077                               851.10077
              1       433.67283       33.066743       5.1515233       70.499683      0.28644692       8.9871968        8.9871968       849.37127                               849.37127
              1       433.61034         33.0488       5.1629743       70.499683      0.28644692       8.9871968        8.9871968       849.24628                               849.24628
              1       435.97508       32.901756       5.2561655       68.487856      0.30352281       8.9871968        8.9871968       853.97576                               853.97576
              2       435.23811       32.919454       5.2487329       68.487856      0.30352281       8.9871968        8.9871968       852.50183                               852.50183
              2       434.18772       33.023437       5.1812013       68.487856      0.30352281       8.9871968        8.9871968       850.40104                               850.40104
              1       435.67957       33.125272       5.1114487       68.487856      0.30352281       8.9871968        8.9871968       853.38474                               853.38474
              1       438.84465       32.979533       5.2328117       68.487856      0.30352281       8.9871968        8.9871968       859.71491                               859.71491
              1       437.43604       33.090542       5.1559905       68.487856      0.30352281       8.9871968        8.9871968       856.89769                               856.89769
              1       434.96577       32.931383       5.2436773       68.487856      0.30352281       8.9871968        8.9871968       851.95715                               851.95715
              1       434.39394        32.99169       5.1998373       68.487856      0.30352281       8.9871968        8.9871968       850.81348                               850.81348
              1       434.05657       33.003622       5.1949113       68.721644      0.30146118       8.9871968        8.9871968       850.13875                               850.13875
              2       434.43543       32.960394       5.2223567       68.721644      0.30146118       8.9871968        8.9871968       850.89646                               850.89646
              1       434.43465       32.974811       5.2178917       68.721644      0.30146118       8.9871968        8.9871968       850.89491                               850.89491
              1       434.02562       33.030066       5.1785612       68.721644      0.30146118       8.9871968        8.9871968       850.07685                               850.07685
              1       433.64274        33.08002       5.1413524       70.864862      0.28350231       8.9871968        8.9871968       849.31109                               849.31109
              1       434.75677       32.939702        5.223046       70.864862      0.28350231       8.9871968        8.9871968       851.53915                               851.53915
              1       434.54003        32.94857       5.2175013       70.864862      0.28350231       8.9871968        8.9871968       851.10567                               851.10567
              1       433.69028       33.084886       5.1274192       70.864862      0.28350231       8.9871968        8.9871968       849.40617                               849.40617
              1       433.51671       33.094883        5.128726       70.864862      0.28350231       8.9871968        8.9871968       849.05903                               849.05903
              2        433.5558         33.0938       5.1232966       70.935233      0.28294009       8.9871968        8.9871968       849.13721                               849.13721
              2       433.87478       33.120271       5.1132304       70.935233      0.28294009       8.9871968        8.9871968       849.77517                               849.77517
              1       433.85088       32.997652       5.1840118       70.935233      0.28294009       8.9871968        8.9871968       849.72737                               849.72737
              1       433.72073       33.112517       5.1117005       70.935233      0.28294009       8.9871968        8.9871968       849.46708                               849.46708
              2       433.34497       33.027864       5.1679223       71.829264      0.27594063       8.9871968        8.9871968       848.71554                               848.71554
              1       433.44199       33.112896       5.1125139       71.829264      0.27594063       8.9871968        8.9871968       848.90958                               848.90958
              1       433.50822       33.096182       5.1164646       71.829264      0.27594063       8.9871968        8.9871968       849.04205                               849.04205
              1       433.87668       33.028268       5.1567074       72.158548      0.27342795       8.9871968        8.9871968       849.77896                               849.77896
              1       434.39322        33.17538       5.0701163       72.158548      0.27342795       8.9871968        8.9871968       850.81206                               850.81206
              1        437.0415       33.070775       5.1347839       68.787862      0.30088107       8.9871968        8.9871968        856.1086                                856.1086
              1       435.28534       33.069854        5.141644       68.787862      0.30088107       8.9871968        8.9871968       852.59628                               852.59628
              1       434.85516       33.023868       5.1724747       68.787862      0.30088107       8.9871968        8.9871968       851.73593                               851.73593
              1        436.3751       32.912933       5.2641085       68.787862      0.30088107       8.9871968        8.9871968       854.77582                               854.77582
              1        436.1285       32.885584       5.2675463       68.787862      0.30088107       8.9871968        8.9871968       854.28261                               854.28261
              1       434.55043       33.033698       5.1679347       68.787862      0.30088107       8.9871968        8.9871968       851.12647                               851.12647
              1       434.04919       33.045212       5.1664232       68.787862      0.30088107       8.9871968        8.9871968       850.12399                               850.12399
              1       434.51091       33.080552       5.1406171       68.787862      0.30088107       8.9871968        8.9871968       851.04742                               851.04742
              1       433.98699       33.150335        5.070906       74.434469      0.25696282       8.9871968        8.9871968       849.99958                               849.99958
              2       434.87168       33.033723       5.1413929       74.434469      0.25696282       8.9871968        8.9871968       851.76896                               851.76896
              1       433.81984       33.026068       5.1679079       70.215976      0.28876637       8.9871968        8.9871968       849.66529                               849.66529
              1       435.41374       32.994129       5.2076391       70.215976      0.28876637       8.9871968        8.9871968       852.85308                               852.85308
              1       434.44446       33.104854       5.1304676       70.215976      0.28876637       8.9871968        8.9871968       850.91452                               850.91452
              1       433.88529         33.0703       5.1390612       70.215976      0.28876637       8.9871968        8.9871968       849.79618                               849.79618
              1       434.07064       33.121269       5.1127369       70.215976      0.28876637       8.9871968        8.9871968        850.1669                                850.1669
              1       436.98314       33.114833       5.0993851       70.215976      0.28876637       8.9871968        8.9871968       855.99189                               855.99189
              2       434.85367       33.110026       5.1098512       70.215976      0.28876637       8.9871968        8.9871968       851.73295                               851.73295
              1       434.18524       32.957917       5.2186187       70.215976      0.28876637       8.9871968        8.9871968       850.39609                               850.39609
              1       434.42792       32.955291       5.2154646       70.215976      0.28876637       8.9871968        8.9871968       850.88144                               850.88144
              1       433.63251       33.066005       5.1479335       69.862752      0.29169374       8.9871968        8.9871968       849.29063                               849.29063
              1       433.56573       33.043563       5.1659712       69.862752      0.29169374       8.9871968        8.9871968       849.15706                               849.15706
              1       434.84124       33.041896       5.1539496       69.862752      0.29169374       8.9871968        8.9871968       851.70808                               851.70808
              1       435.60846       33.119901       5.1031477       69.862752      0.29169374       8.9871968        8.9871968       853.24252                               853.24252
              1        434.7816       33.019136       5.1907889       69.862752      0.29169374       8.9871968        8.9871968        851.5888                                851.5888
              1       437.79302       32.895554       5.2457323       69.862752      0.29169374       8.9871968        8.9871968       857.61165                               857.61165
              3       434.54543       32.957415       5.2256679       69.862752      0.29169374       8.9871968        8.9871968       851.11647                               851.11647
              1        433.6184       33.063462       5.1495821       69.862752      0.29169374       8.9871968        8.9871968        849.2624                                849.2624
              1        435.5337       33.152385       5.0858656       69.862752      0.29169374       8.9871968        8.9871968       853.09301                               853.09301
              2       433.85322       33.044465       5.1690812       69.862752      0.29169374       8.9871968        8.9871968       849.73205                               849.73205
              1       434.17203       32.999176       5.1997373       69.862752      0.29169374       8.9871968        8.9871968       850.36966                               850.36966
              1       433.60726       33.066167       5.1495637       69.862752      0.29169374       8.9871968        8.9871968       849.24012                               849.24012
              1       434.86289       33.065166       5.1390923       69.862752      0.29169374       8.9871968        8.9871968       851.75138                               851.75138
              1       434.51164       33.033601       5.1608417       69.862752      0.29169374       8.9871968        8.9871968       851.04888                               851.04888
              1       434.44966       32.954436       5.2261405       69.862752      0.29169374       8.9871968        8.9871968       850.92492                               850.92492
              1       434.34155       33.099846       5.1338505       69.862752      0.29169374       8.9871968        8.9871968       850.70871                               850.70871
              1       434.16438       33.139924       5.0738092       75.752658       0.2480977       8.9871968        8.9871968       850.35437                               850.35437
              2        434.2224       33.075023        5.116689       75.752658       0.2480977       8.9871968        8.9871968        850.4704                                850.4704
              1       434.62578       33.160405       5.0689996       75.752658       0.2480977       8.9871968        8.9871968       851.27717                               851.27717
              1       435.24552       33.096441       5.1152473       75.752658       0.2480977       8.9871968        8.9871968       852.51665                               852.51665
              1       434.99672       33.157484       5.0734995       75.752658       0.2480977       8.9871968        8.9871968       852.01905                               852.01905
              1         434.291       33.099404       5.1075127       75.752658       0.2480977       8.9871968        8.9871968       850.60761                               850.60761
              1       435.06419       33.207593       5.0353989       75.752658       0.2480977       8.9871968        8.9871968         852.154                                 852.154
              1       436.43415       32.965289        5.192456       75.752658       0.2480977       8.9871968        8.9871968       854.89391                               854.89391
              1        434.1443       33.118221        5.093841       75.752658       0.2480977       8.9871968        8.9871968       850.31421                               850.31421
              3       434.93099       33.023245       5.1504943       75.752658       0.2480977       8.9871968        8.9871968       851.88758                               851.88758
              1       437.56491       33.269627       5.0012872       75.752658       0.2480977       8.9871968        8.9871968       857.15543                               857.15543
              1       439.21707       32.891391       5.2384602       75.752658       0.2480977       8.9871968        8.9871968       860.45974                               860.45974
              1       439.44162       32.898583       5.2258269       75.752658       0.2480977       8.9871968        8.9871968       860.90885                               860.90885
              1       439.10469       32.809569       5.3143238       68.874288      0.30012643       8.9871968        8.9871968       860.23498                               860.23498
              1       436.68964        33.03785       5.1559919       68.874288      0.30012643       8.9871968        8.9871968        855.4049                                855.4049
              1       437.12315       33.141121        5.092361       68.874288      0.30012643       8.9871968        8.9871968        856.2719                                856.2719
              1       433.43453       33.111254       5.1116258       71.609079      0.27764017       8.9871968        8.9871968       848.89467                               848.89467
              1       433.46111       33.111328       5.1142806       71.609079      0.27764017       8.9871968        8.9871968       848.94783                               848.94783
              1       433.46323       33.114037       5.1115196       71.609079      0.27764017       8.9871968        8.9871968       848.95207                               848.95207
              1       434.91329       33.076737       5.1221168       71.609079      0.27764017       8.9871968        8.9871968       851.85218                               851.85218
              1       435.32809       33.051896        5.150472       69.077992      0.29835895       8.9871968        8.9871968       852.68179                               852.68179
              1       433.91682       33.054698       5.1603042       69.077992      0.29835895       8.9871968        8.9871968       849.85925                               849.85925
              1       433.86424       33.013171       5.1872886       69.077992      0.29835895       8.9871968        8.9871968       849.75408                               849.75408
              1       435.34401       33.145904       5.1002369       69.077992      0.29835895       8.9871968        8.9871968       852.71363                               852.71363
              2       434.28798       32.989592       5.2079401       69.064202      0.29847811       8.9871968        8.9871968       850.60158                               850.60158
              1       434.64677       32.984183       5.2138088       69.064202      0.29847811       8.9871968        8.9871968       851.31914                               851.31914
              1       434.76499        32.93828       5.2387526       69.064202      0.29847811       8.9871968        8.9871968       851.55559                               851.55559
              1       434.29928       32.990517       5.2075084       69.064202      0.29847811       8.9871968        8.9871968       850.62417                               850.62417
              1       434.22161       33.039176       5.1596174       73.485524      0.26364218       8.9871968        8.9871968       850.46882                               850.46882
              1       433.78161       33.027983       5.1624554       73.485524      0.26364218       8.9871968        8.9871968       849.58882                               849.58882
              2       433.33877       33.111605       5.1038517       73.485524      0.26364218       8.9871968        8.9871968       848.70315                               848.70315
              1       433.38903       33.115202       5.1036318       73.485524      0.26364218       8.9871968        8.9871968       848.80366                               848.80366
              1       433.68083       33.104633       5.1147688       73.485524      0.26364218       8.9871968        8.9871968       849.38726                               849.38726
              1       433.49708       33.124991       5.0980853       73.485524      0.26364218       8.9871968        8.9871968       849.01976                               849.01976
              1       434.46778       33.188351       5.0519757       73.485524      0.26364218       8.9871968        8.9871968       850.96116                               850.96116
              1         434.107       33.048162       5.1569937       69.414634      0.29547205       8.9871968        8.9871968       850.23961                               850.23961
              1       436.98043       33.168265       5.0741081       69.414634      0.29547205       8.9871968        8.9871968       855.98647                               855.98647
              1        434.6439       33.017463         5.17357       69.414634      0.29547205       8.9871968        8.9871968        851.3134                                851.3134
              1       434.09563       33.062687       5.1590694       69.414634      0.29547205       8.9871968        8.9871968       850.21686                               850.21686
              1         434.674       33.127549       5.1126663       69.414634      0.29547205       8.9871968        8.9871968        851.3736                                851.3736
              1        433.8144       33.066113       5.1512139       69.414634      0.29547205       8.9871968        8.9871968       849.65441                               849.65441
              1       433.77404       33.007469       5.1906355       69.414634      0.29547205       8.9871968        8.9871968       849.57368                               849.57368
              1       435.23864        32.92496        5.248802       69.414634      0.29547205       8.9871968        8.9871968       852.50289                               852.50289
              1       435.12257       32.929771       5.2441921       69.787855      0.29232017       8.9871968        8.9871968       852.27074                               852.27074
              1       435.90536       33.059614       5.1363561       76.387728      0.24398959       8.9871968        8.9871968       853.83633                               853.83633
              1       435.16367       33.140881       5.0646254       76.387728      0.24398959       8.9871968        8.9871968       852.35296                               852.35296
              1       437.23041       33.106607       5.1118609       76.387728      0.24398959       8.9871968        8.9871968       856.48642                               856.48642
              1        436.8166       33.224471       5.0299534       76.387728      0.24398959       8.9871968        8.9871968        855.6588                                855.6588
              1       434.76875       33.183447       5.0463098       76.387728      0.24398959       8.9871968        8.9871968       851.56311                               851.56311
              2       436.07512       33.071336       5.1065825       76.387728      0.24398959       8.9871968        8.9871968       854.17584                               854.17584
              1       435.41859       33.049004       5.1259137       76.387728      0.24398959       8.9871968        8.9871968       852.86278                               852.86278
              1       435.61335       33.126286       5.0717389       76.387728      0.24398959       8.9871968        8.9871968        853.2523                                853.2523
              1       436.24206        33.13737       5.0604765       77.338691      0.23802625       8.9871968        8.9871968       854.50972                               854.50972
              1       435.08809       33.098628        5.095215       77.338691      0.23802625       8.9871968        8.9871968       852.20179                               852.20179
              1       436.27436       33.242898       5.0046098       77.338691      0.23802625       8.9871968        8.9871968       854.57433                               854.57433
              1       435.22329       33.165977       5.0489411       77.338691      0.23802625       8.9871968        8.9871968       852.47218                               852.47218
              1       436.77553       33.197399       5.0211877       77.338691      0.23802625       8.9871968        8.9871968       855.57666                               855.57666
              1       436.14263       33.142009       5.0745397       72.272302       0.2725679       8.9871968        8.9871968       854.31086                               854.31086
              1       433.69078        32.99888       5.1818688       72.272302       0.2725679       8.9871968        8.9871968       849.40717                               849.40717
              1       433.84365       33.022354       5.1607684       72.272302       0.2725679       8.9871968        8.9871968       849.71291                               849.71291
              1       435.01874        33.05658       5.1517191       68.694592      0.30169867       8.9871968        8.9871968       852.06308                               852.06308
              1       435.37537       33.070308       5.1416512       68.694592      0.30169867       8.9871968        8.9871968       852.77635                               852.77635
              1       434.90771       33.104881       5.1333511       68.694592      0.30169867       8.9871968        8.9871968       851.84102                               851.84102
              1       434.67168       33.089384       5.1435472       68.694592      0.30169867       8.9871968        8.9871968       851.36898                               851.36898
              1       434.04116       33.020322       5.1833685       68.694592      0.30169867       8.9871968        8.9871968       850.10792                               850.10792
              2        434.0872       33.003717       5.1964855       68.694592      0.30169867       8.9871968        8.9871968           850.2                                   850.2
              2       434.15132       33.062094       5.1437493       70.000833      0.29054411       8.9871968        8.9871968       850.32824                               850.32824
              1       434.40737       33.084565       5.1285934       70.000833      0.29054411       8.9871968        8.9871968       850.84035                               850.84035
              1       434.09388       32.987517        5.194323       70.000833      0.29054411       8.9871968        8.9871968       850.21337                               850.21337
              2       434.52356       33.031178        5.182716       69.559856      0.29423961       8.9871968        8.9871968       851.07272                               851.07272
              1        434.3408       33.055426       5.1656819       69.559856      0.29423961       8.9871968        8.9871968       850.70721                               850.70721
              1        433.7504       33.065906       5.1499799       69.559856      0.29423961       8.9871968        8.9871968       849.52641                               849.52641
              2       433.58751       33.123212       5.0917525       74.476424      0.25667339       8.9871968        8.9871968       849.20062                               849.20062
              3       434.42417       33.145521       5.0690854       76.390373      0.24397269       8.9871968        8.9871968       850.87394                               850.87394
              1       434.39974       33.128226       5.0833543       76.390373      0.24397269       8.9871968        8.9871968       850.82508                               850.82508
              1       434.39873        33.12666       5.0843914       76.390373      0.24397269       8.9871968        8.9871968       850.82306                               850.82306
              1       434.39831       33.124223       5.0860066       76.390373      0.24397269       8.9871968        8.9871968       850.82223                               850.82223
              1       433.70937       33.044183       5.1673335       69.523344      0.29454875       8.9871968        8.9871968       849.44436                               849.44436
              1       435.59679       32.897388       5.2606576       69.523344      0.29454875       8.9871968        8.9871968       853.21919                               853.21919
              2        435.3303       33.067927       5.1620071       69.523344      0.29454875       8.9871968        8.9871968       852.68621                               852.68621
              1       436.29668       32.919592        5.234903       69.523344      0.29454875       8.9871968        8.9871968       854.61897                               854.61897
              1        434.6018       32.945209       5.2329283       69.523344      0.29454875       8.9871968        8.9871968       851.22921                               851.22921
              3       434.17365       32.969623       5.2127419       70.724045      0.28463238       8.9871968        8.9871968        850.3729                                850.3729
              1       435.02773       32.960128       5.2129958       72.644916      0.26977893       8.9871968        8.9871968       852.08107                               852.08107
              1       433.23208       33.056151       5.1420465       72.644916      0.26977893       8.9871968        8.9871968       848.48976                               848.48976
              1       433.64804       33.111673       5.1020729       72.644916      0.26977893       8.9871968        8.9871968       849.32169                               849.32169
              1       433.88106       33.048881       5.1564421       72.644916      0.26977893       8.9871968        8.9871968       849.78772                               849.78772
              1       434.05912       33.092255       5.1294967       72.644916      0.26977893       8.9871968        8.9871968       850.14385                               850.14385
              1       433.78894       33.049618        5.140768       72.644916      0.26977893       8.9871968        8.9871968       849.60348                               849.60348
              1       435.39411        33.06752       5.1218988       72.644916      0.26977893       8.9871968        8.9871968       852.81382                               852.81382
              1       435.13884       33.122236       5.0868746       77.223987      0.23873388       8.9871968        8.9871968        852.3033                                852.3033
              1       435.99384       33.232232       5.0122825       77.223987      0.23873388       8.9871968        8.9871968       854.01328                               854.01328
              1       435.24969       33.180994       5.0471653       77.223987      0.23873388       8.9871968        8.9871968       852.52499                               852.52499
              1       435.80005       33.183433       5.0342935       77.223987      0.23873388       8.9871968        8.9871968        853.6257                                853.6257
              1       435.56368       33.179303       5.0384906       76.869595      0.24094022       8.9871968        8.9871968       853.15297                               853.15297
              1       438.22656       32.984843       5.1843046       76.869595      0.24094022       8.9871968        8.9871968       858.47872                               858.47872
              1       436.83309       33.065329       5.1072339       76.869595      0.24094022       8.9871968        8.9871968       855.69179                               855.69179
              1       436.04253       33.088908       5.1158103       76.869595      0.24094022       8.9871968        8.9871968       854.11067                               854.11067
              1       435.18767       33.153978       5.0560417       77.147576      0.23920702       8.9871968        8.9871968       852.40095                               852.40095
              1       435.07578       33.162122       5.0523466       77.147576      0.23920702       8.9871968        8.9871968       852.17716                               852.17716
              1       439.48071       33.239786       5.0235396       77.147576      0.23920702       8.9871968        8.9871968       860.98703                               860.98703
              1       434.83876       33.141426        5.070982       77.147576      0.23920702       8.9871968        8.9871968       851.70313                               851.70313
              1       434.83512       33.146014       5.0671163       77.147576      0.23920702       8.9871968        8.9871968       851.69584                               851.69584
              2        433.5545       33.115028       5.0986006       74.489128      0.25658585       8.9871968        8.9871968       849.13461                               849.13461
              1       434.10676       33.113299       5.0916272       74.489128      0.25658585       8.9871968        8.9871968       850.23912                               850.23912
              1       433.83771       32.980661       5.2002886       70.519116      0.28628907       8.9871968        8.9871968       849.70102                               849.70102
              3       433.36283       33.062621       5.1484175       70.519116      0.28628907       8.9871968        8.9871968       848.75126                               848.75126
              1          433.49       33.085247       5.1338668       70.519116      0.28628907       8.9871968        8.9871968        849.0056                                849.0056
              1       436.62066       32.978676       5.1784367       72.723862      0.26919353       8.9871968        8.9871968       855.26692                               855.26692
              1       437.26241       33.167064        5.054198       72.723862      0.26919353       8.9871968        8.9871968       856.55042                               856.55042
              1       434.19622       33.172082       5.0701437       72.723862      0.26919353       8.9871968        8.9871968       850.41805                               850.41805
              1       433.38964       33.117298       5.1017842       72.723862      0.26919353       8.9871968        8.9871968       848.80489                               848.80489
              2       433.19726       33.059792       5.1416579       72.723862      0.26919353       8.9871968        8.9871968       848.42013                               848.42013
              1       433.16979       33.074126       5.1324273       72.723862      0.26919353       8.9871968        8.9871968       848.36518                               848.36518
              1       433.24051       33.074761       5.1287507       72.723862      0.26919353       8.9871968        8.9871968       848.50664                               848.50664
              1       433.22213        33.08711       5.1254471       72.723862      0.26919353       8.9871968        8.9871968       848.46987                               848.46987
              2         434.845       33.130284       5.0840358       72.723862      0.26919353       8.9871968        8.9871968       851.71561                               851.71561
              1       433.60644       33.081147       5.1337398       72.723862      0.26919353       8.9871968        8.9871968       849.23849                               849.23849
              2       433.57024       33.083575       5.1318649       72.723862      0.26919353       8.9871968        8.9871968       849.16608                               849.16608
              1       433.20504       33.077607       5.1276373       72.723862      0.26919353       8.9871968        8.9871968       848.43569                               848.43569
              2       434.16784       33.027675       5.1705029       72.723862      0.26919353       8.9871968        8.9871968       850.36129                               850.36129
              2       433.64073       33.045034        5.156692       72.723862      0.26919353       8.9871968        8.9871968       849.30707                               849.30707
              1        434.0522        33.02712        5.154576       72.723862      0.26919353       8.9871968        8.9871968          850.13                                  850.13
              1       434.37047       33.144303       5.0781301       72.723862      0.26919353       8.9871968        8.9871968       850.76654                               850.76654
              1       433.95357       33.008938       5.1796173       72.723862      0.26919353       8.9871968        8.9871968       849.93275                               849.93275
              1       433.18369       33.077905       5.1280746       72.723862      0.26919353       8.9871968        8.9871968         848.393                                 848.393
              1       433.20035       33.091989       5.1193485       72.723862      0.26919353       8.9871968        8.9871968        848.4263                                848.4263
              1       433.61542       33.073994       5.1404073       70.149766      0.28931173       8.9871968        8.9871968       849.25645                               849.25645
              1       433.87057       33.066551       5.1538897       70.149766      0.28931173       8.9871968        8.9871968       849.76675                               849.76675
              1       433.63888       33.100553       5.1193418       73.066897      0.26667184       8.9871968        8.9871968       849.30336                               849.30336
              1       433.29578       33.052594       5.1433305       73.066897      0.26667184       8.9871968        8.9871968       848.61717                               848.61717
              1       433.30019       33.108647       5.1091461       73.066897      0.26667184       8.9871968        8.9871968       848.62599                               848.62599
              1       433.22742       33.095495        5.115997       73.066897      0.26667184       8.9871968        8.9871968       848.48045                               848.48045
              1       435.10501       32.972837       5.1880485       73.066897      0.26667184       8.9871968        8.9871968       852.23562                               852.23562
              1       433.88132         33.1201       5.1074958       73.066897      0.26667184       8.9871968        8.9871968       849.78824                               849.78824
              1       433.43462       33.123175       5.0966062       73.066897      0.26667184       8.9871968        8.9871968       848.89484                               848.89484
              1       433.43781       33.107912       5.1106705       71.856894      0.27572847       8.9871968        8.9871968       848.90123                               848.90123
              2       434.93902       32.934801       5.2249669       71.856894      0.27572847       8.9871968        8.9871968       851.90365                               851.90365
              1       434.57375       32.986389        5.183884       71.856894      0.27572847       8.9871968        8.9871968       851.17311                               851.17311
              2       433.60578       33.099778       5.1133255       71.856894      0.27572847       8.9871968        8.9871968       849.23717                               849.23717
              1       433.60158       33.101118         5.11258       71.856894      0.27572847       8.9871968        8.9871968       849.22877                               849.22877
              1       433.74636       33.065031       5.1420505        70.40453      0.28722172       8.9871968        8.9871968       849.51832                               849.51832
              1       433.43968       33.021154       5.1772406        70.40453      0.28722172       8.9871968        8.9871968       848.90497                               848.90497
              1        433.4646       33.017938       5.1770591        70.40453      0.28722172       8.9871968        8.9871968       848.95481                               848.95481
              1       434.44109       32.991893       5.1963675        68.81414      0.30065131       8.9871968        8.9871968       850.90778                               850.90778
              1       434.39308       33.023827        5.175159        68.81414      0.30065131       8.9871968        8.9871968       850.81177                               850.81177
              1       437.14058       33.130279       5.0988391        68.81414      0.30065131       8.9871968        8.9871968       856.30678                               856.30678
              1       434.57094       32.977307       5.2177476        68.81414      0.30065131       8.9871968        8.9871968       851.16748                               851.16748
              1       434.29811       33.059189       5.1629924        68.81414      0.30065131       8.9871968        8.9871968       850.62183                               850.62183
              1       433.58355        33.11357       5.1077372       73.479741      0.26368368       8.9871968        8.9871968        849.1927                                849.1927
              1       434.14057        33.16881       5.0706767       73.479741      0.26368368       8.9871968        8.9871968       850.30674                               850.30674
              1       434.47765       33.138253       5.0776987       73.479741      0.26368368       8.9871968        8.9871968        850.9809                                850.9809
              1       434.88695       32.965116       5.2022863       73.479741      0.26368368       8.9871968        8.9871968        851.7995                                851.7995
              1       439.39945       33.040663       5.1232773       80.472847       0.2198466       8.9871968        8.9871968        860.8245                                860.8245
              1       438.72986        33.06733       5.1054159       80.472847       0.2198466       8.9871968        8.9871968       859.48532                               859.48532
              1       437.06928       33.046155       5.1269314       78.656141      0.23011939       8.9871968        8.9871968       856.16417                               856.16417
              2       437.05121       33.125462       5.0840107       78.656141      0.23011939       8.9871968        8.9871968       856.12803                               856.12803
              1       437.02024       33.104485       5.0784284       78.656141      0.23011939       8.9871968        8.9871968       856.06608                               856.06608
              1       434.94132       33.097257       5.0949468       75.737959        0.248194       8.9871968        8.9871968       851.90824                               851.90824
              1       434.96717       33.106178       5.0889106       75.737959        0.248194       8.9871968        8.9871968       851.95995                               851.95995
              1       435.97154       33.175026       5.0416238       75.737959        0.248194       8.9871968        8.9871968       853.96868                               853.96868
              1       434.18961       33.019105       5.1662811       74.075111      0.25946206       8.9871968        8.9871968       850.40483                               850.40483
              1       434.10379        33.02701       5.1614749       74.075111      0.25946206       8.9871968        8.9871968       850.23319                               850.23319
              1       433.85858       33.031401       5.1560717       74.075111      0.25946206       8.9871968        8.9871968       849.74278                               849.74278
              3       433.66323       33.020764       5.1668802       73.162472      0.26597557       8.9871968        8.9871968       849.35208                               849.35208
              1       434.14867       33.075709       5.1484975       69.008796      0.29895759       8.9871968        8.9871968       850.32294                               850.32294
              1       435.04986         33.1276       5.1103862       69.008796      0.29895759       8.9871968        8.9871968       852.12532                               852.12532
              1        436.2582       33.170561       5.0815433       69.008796      0.29895759       8.9871968        8.9871968       854.54201                               854.54201
              1       434.30427       33.003422       5.1879342       69.008796      0.29895759       8.9871968        8.9871968       850.63414                               850.63414
              1       433.89933       33.044895       5.1661547       69.034837      0.29873209       8.9871968        8.9871968       849.82427                               849.82427
              1       434.29883       33.067789       5.1470109       69.034837      0.29873209       8.9871968        8.9871968       850.62326                               850.62326
              2       434.79774       33.026408       5.1770011       68.076874      0.30719863       8.9871968        8.9871968       851.62109                               851.62109
              1       436.56638       33.112795       5.1167248       68.076874      0.30719863       8.9871968        8.9871968       855.15837                               855.15837
              1       437.52267        32.88573       5.2827369       69.032393      0.29875324       8.9871968        8.9871968       857.07094                               857.07094
              1       435.41277       32.912226       5.2570949       69.032393      0.29875324       8.9871968        8.9871968       852.85115                               852.85115
              1       435.72265       32.903985       5.2532127       69.032393      0.29875324       8.9871968        8.9871968       853.47091                               853.47091
              1       433.93597       33.004012       5.1946902       69.032393      0.29875324       8.9871968        8.9871968       849.89754                               849.89754
              1       435.19113       32.953921       5.2346037       69.032393      0.29875324       8.9871968        8.9871968       852.40787                               852.40787
              2       434.21556       33.074765       5.1508252       69.032393      0.29875324       8.9871968        8.9871968       850.45673                               850.45673
              2       433.32054       33.103041        5.116931       72.432312      0.27136497       8.9871968        8.9871968       848.66669                               848.66669
              1       435.15937       33.130406       5.1090563       72.432312      0.27136497       8.9871968        8.9871968       852.34434                               852.34434
              1       434.92437       33.150813       5.0730694       72.432312      0.27136497       8.9871968        8.9871968       851.87435                               851.87435
              1       434.40641       32.981189       5.1994929       72.432312      0.27136497       8.9871968        8.9871968       850.83843                               850.83843
              1       434.62328       32.959604       5.2056299       72.785902      0.26873483       8.9871968        8.9871968       851.27217                               851.27217
              1       433.25447       33.086529       5.1261688       72.785902      0.26873483       8.9871968        8.9871968       848.53454                               848.53454
              1       434.28627       33.054899       5.1339771       72.785902      0.26873483       8.9871968        8.9871968       850.59815                               850.59815
              2       434.09267       32.983592       5.1902916       72.785902      0.26873483       8.9871968        8.9871968       850.21095                               850.21095
              1       435.52889       33.083744       5.1253989       75.601824      0.24908865       8.9871968        8.9871968       853.08339                               853.08339
              3       435.13396        33.20781       5.0371606       75.601824      0.24908865       8.9871968        8.9871968       852.29353                               852.29353
              1       434.27274        33.15093       5.0737431       75.601824      0.24908865       8.9871968        8.9871968       850.57109                               850.57109
              1       433.98176       33.095658       5.1057036       75.601824      0.24908865       8.9871968        8.9871968       849.98913                               849.98913
              2        434.4646       33.106945       5.0943602       76.533619      0.24306027       8.9871968        8.9871968       850.95481                               850.95481
              1       435.16956       33.050992       5.1268824       76.533619      0.24306027       8.9871968        8.9871968       852.36473                               852.36473
              2       435.05681       33.051744       5.1278481       76.533619      0.24306027       8.9871968        8.9871968       852.13922                               852.13922
              1       434.68696       33.094659       5.0986391       76.533619      0.24306027       8.9871968        8.9871968       851.39952                               851.39952
              1       434.88647       33.058828       5.1252983       76.533619      0.24306027       8.9871968        8.9871968       851.79855                               851.79855
              1        434.6267       33.091381       5.1019243       76.533619      0.24306027       8.9871968        8.9871968         851.279                                 851.279
              2       434.59458       33.093385       5.1009642       76.533619      0.24306027       8.9871968        8.9871968       851.21476                               851.21476
              1       433.57722       33.068392       5.1290151       74.382735      0.25732039       8.9871968        8.9871968       849.18004                               849.18004
              2       433.56938       33.069813       5.1281571       74.382735      0.25732039       8.9871968        8.9871968       849.16437                               849.16437
              1       433.58973       33.127099       5.0912971       74.382735      0.25732039       8.9871968        8.9871968       849.20507                               849.20507
              4       433.88574       33.090786        5.120126       74.382735      0.25732039       8.9871968        8.9871968       849.79709                               849.79709
              1       433.70585       33.142398        5.080267       74.382735      0.25732039       8.9871968        8.9871968       849.43731                               849.43731
              1        433.6109       33.094368       5.1285336       70.417897      0.28711268       8.9871968        8.9871968        849.2474                                849.2474
              1       435.22096       32.912831       5.2458404       70.417897      0.28711268       8.9871968        8.9871968       852.46752                               852.46752
              1       434.70678       32.933018       5.2342546       70.417897      0.28711268       8.9871968        8.9871968       851.43917                               851.43917
              1       435.88654       33.039643       5.1646207       67.844682      0.30930494       8.9871968        8.9871968       853.79868                               853.79868
              1       435.71511       32.904869        5.262313       67.844682      0.30930494       8.9871968        8.9871968       853.45583                               853.45583
              1       435.03281       33.069208       5.1600849       67.844682      0.30930494       8.9871968        8.9871968       852.09122                               852.09122
              1       433.79611        33.09905       5.1264766       70.114308      0.28960442       8.9871968        8.9871968       849.61782                               849.61782
              1        434.4393       32.995776       5.2026386       70.114308      0.28960442       8.9871968        8.9871968       850.90421                               850.90421
              1       435.07057       32.926597       5.2436948       70.114308      0.28960442       8.9871968        8.9871968       852.16675                               852.16675
              1       433.84594       33.020001       5.1840827       70.114308      0.28960442       8.9871968        8.9871968       849.71749                               849.71749
              1       433.45814       33.031403       5.1706604       70.114308      0.28960442       8.9871968        8.9871968       848.94189                               848.94189
              2       434.07464       32.965638       5.2123365       70.114308      0.28960442       8.9871968        8.9871968       850.17489                               850.17489
              2       433.63319       33.043308       5.1673913       70.114308      0.28960442       8.9871968        8.9871968       849.29199                               849.29199
              1       433.79462       33.084487       5.1402847       70.114308      0.28960442       8.9871968        8.9871968       849.61485                               849.61485
              1       434.44948       33.057818       5.1634184       70.114308      0.28960442       8.9871968        8.9871968       850.92457                               850.92457
              1       434.20869       33.106981       5.1272671       70.114308      0.28960442       8.9871968        8.9871968       850.44299                               850.44299
              2       433.74205        33.07484       5.1385191       70.114308      0.28960442       8.9871968        8.9871968       849.50971                               849.50971
              1       435.70057       32.894937       5.2592378       70.114308      0.28960442       8.9871968        8.9871968       853.42674                               853.42674
              2       435.16401       33.160186        5.082819       70.114308      0.28960442       8.9871968        8.9871968       852.35362                               852.35362
              1       434.89341       33.157024       5.0908398       70.114308      0.28960442       8.9871968        8.9871968       851.81243                               851.81243
              1       436.66042       33.142077       5.0998757       68.192192      0.30616052       8.9871968        8.9871968       855.34644                               855.34644
              1       435.23024       33.080814       5.1406915       68.192192      0.30616052       8.9871968        8.9871968        852.4861                                852.4861
              1       435.02614       33.074621        5.145647       68.192192      0.30616052       8.9871968        8.9871968        852.0779                                852.0779
              1       434.68725       32.961513       5.2272788       68.192192      0.30616052       8.9871968        8.9871968       851.40012                               851.40012
              1       433.33261       33.076404       5.1346516       71.133002      0.28136897       8.9871968        8.9871968       848.69083                               848.69083
              1       434.38181       33.149987        5.085074       71.133002      0.28136897       8.9871968        8.9871968       850.78922                               850.78922
              1       435.32137       33.104411       5.1318419       68.014474      0.30776256       8.9871968        8.9871968       852.66834                               852.66834
              1       434.89185       33.034595       5.1845135       68.014474      0.30776256       8.9871968        8.9871968        851.8093                                851.8093
              1        436.7378       32.993379       5.1900821       68.014474      0.30776256       8.9871968        8.9871968       855.50121                               855.50121
              2       435.06412        32.99799       5.1941967       68.014474      0.30776256       8.9871968        8.9871968       852.15385                               852.15385
              1       435.27589       33.067855       5.1494135       68.014474      0.30776256       8.9871968        8.9871968       852.57738                               852.57738
              1       434.99789       32.947869       5.2293789       68.175616      0.30630941       8.9871968        8.9871968       852.02139                               852.02139
              1          435.92       33.116709        5.117251       68.175616      0.30630941       8.9871968        8.9871968       853.86561                               853.86561
              1       435.50444       33.091966       5.1475034       68.175616      0.30630941       8.9871968        8.9871968       853.03448                               853.03448
              1       434.37944       33.010728       5.1951694       68.175616      0.30630941       8.9871968        8.9871968       850.78449                               850.78449
              2       436.80978        32.88755       5.2816857       68.175616      0.30630941       8.9871968        8.9871968       855.64517                               855.64517
              1       433.74267       33.097513       5.1048629       74.265956      0.25813027       8.9871968        8.9871968       849.51094                               849.51094
              1       434.47712        33.00254       5.1749754       74.265956      0.25813027       8.9871968        8.9871968       850.97985                               850.97985
              1       434.11134       33.123471       5.1006576       74.265956      0.25813027       8.9871968        8.9871968       850.24829                               850.24829
              1       434.73528       33.121063       5.1055578       74.265956      0.25813027       8.9871968        8.9871968       851.49617                               851.49617
              1       435.66535       33.082904        5.105175       74.265956      0.25813027       8.9871968        8.9871968       853.35631                               853.35631
              1       434.73605       33.084895       5.1293212       74.265956      0.25813027       8.9871968        8.9871968       851.49771                               851.49771
              1       433.57421       33.099998       5.1118924       74.265956      0.25813027       8.9871968        8.9871968       849.17403                               849.17403
              2       433.82134       33.037631       5.1480152       74.265956      0.25813027       8.9871968        8.9871968       849.66828                               849.66828
              1       434.38462       32.971688       5.1972891       72.897438       0.2679131       8.9871968        8.9871968       850.79484                               850.79484
              1       433.39146       33.069251       5.1386359       72.897438       0.2679131       8.9871968        8.9871968       848.80853                               848.80853
              1       434.33392        32.97604       5.1968986       72.897438       0.2679131       8.9871968        8.9871968       850.69345                               850.69345
              1       435.73431       32.946435       5.2224135       72.897438       0.2679131       8.9871968        8.9871968       853.49422                               853.49422
              1       435.89258       32.953405        5.219694       72.897438       0.2679131       8.9871968        8.9871968       853.81076                               853.81076
              1       434.64854       32.990386       5.1775689       72.897438       0.2679131       8.9871968        8.9871968       851.32268                               851.32268
              1       437.59147       32.841098       5.3049602       67.534677      0.31215107       8.9871968        8.9871968       857.20855                               857.20855
              1       437.48071       32.844403        5.302808       67.534677      0.31215107       8.9871968        8.9871968       856.98703                               856.98703
              2        435.2974       33.039595       5.1706204       67.534677      0.31215107       8.9871968        8.9871968        852.6204                                852.6204
              1       435.77071       32.915731         5.26144       67.534677      0.31215107       8.9871968        8.9871968       853.56703                               853.56703
              1       434.49385       33.004623       5.1672721       73.127778        0.266228       8.9871968        8.9871968       851.01331                               851.01331
              1       434.51853       33.006385       5.1655013       73.273239      0.26517202       8.9871968        8.9871968       851.06266                               851.06266
              3       433.42639       33.046495       5.1496677       73.273239      0.26517202       8.9871968        8.9871968       848.87839                               848.87839
              1       433.36407       33.052469       5.1417868       73.273239      0.26517202       8.9871968        8.9871968       848.75374                               848.75374
              1       433.27586       33.034661       5.1596826       71.803195      0.27614104       8.9871968        8.9871968       848.57734                               848.57734
              1       433.57399       33.035357       5.1552987       71.803195      0.27614104       8.9871968        8.9871968       849.17358                               849.17358
              1         434.476       32.991028       5.1823789       71.475421      0.27867951       8.9871968        8.9871968        850.9776                                850.9776
              1       433.72138       33.114473       5.1156686       71.475421      0.27867951       8.9871968        8.9871968       849.46836                               849.46836
              3       433.92231       33.085289       5.1380054       71.475421      0.27867951       8.9871968        8.9871968       849.87023                               849.87023
              1        434.0382       33.134349       5.1031647       71.475421      0.27867951       8.9871968        8.9871968       850.10201                               850.10201
              1       436.43774       32.985866       5.2106595       71.475421      0.27867951       8.9871968        8.9871968       854.90108                               854.90108
              1       433.85152       33.106751       5.1225116       71.475421      0.27867951       8.9871968        8.9871968       849.72865                               849.72865
              1       433.87772       33.104066       5.1252092       71.253826      0.28041556       8.9871968        8.9871968       849.78105                               849.78105
              1       437.95707       32.948132       5.2385166       71.253826      0.28041556       8.9871968        8.9871968       857.93975                               857.93975
              1       433.77397       33.087695       5.1226456       71.253826      0.28041556       8.9871968        8.9871968       849.57354                               849.57354
              1       434.80776       32.934314       5.2305386       71.253826      0.28041556       8.9871968        8.9871968       851.64113                               851.64113
              1       433.81472       33.016798       5.1856277       69.214381      0.29718427       8.9871968        8.9871968       849.65505                               849.65505
              1       434.65005       32.951594       5.2313924       69.214381      0.29718427       8.9871968        8.9871968        851.3257                                851.3257
              1       434.01921       33.062071       5.1514276       69.214381      0.29718427       8.9871968        8.9871968       850.06403                               850.06403
              2       434.72261       33.123583       5.1154484       69.214381      0.29718427       8.9871968        8.9871968       851.47083                               851.47083
              1       434.01551       33.073019       5.1497441       69.214381      0.29718427       8.9871968        8.9871968       850.05662                               850.05662
              1       435.30215       33.035818       5.1840993       69.214381      0.29718427       8.9871968        8.9871968       852.62992                               852.62992
              1       433.93353       33.008997        5.186163       69.214381      0.29718427       8.9871968        8.9871968       849.89267                               849.89267
              1       435.95006        32.91115       5.2509771        68.12563      0.30675908       8.9871968        8.9871968       853.92573                               853.92573
              1        435.3019       32.957881       5.2351452        68.12563      0.30675908       8.9871968        8.9871968        852.6294                                852.6294
              1       434.21483        33.14022       5.0931774       70.911663      0.28312821       8.9871968        8.9871968       850.45527                               850.45527
              2       433.34099       33.078839       5.1377354       70.911663      0.28312821       8.9871968        8.9871968       848.70759                               848.70759
              1       433.63409       33.001733       5.1834433       70.911663      0.28312821       8.9871968        8.9871968       849.29378                               849.29378
              2       433.87704       33.121283        5.105712       70.911663      0.28312821       8.9871968        8.9871968       849.77968                               849.77968
              1       434.18931       33.145123       5.0947699       70.911663      0.28312821       8.9871968        8.9871968       850.40423                               850.40423
              1       434.38517       33.106074       5.1156175         70.1019      0.28970694       8.9871968        8.9871968       850.79595                               850.79595
              1       434.12804       33.098426        5.121775         70.1019      0.28970694       8.9871968        8.9871968       850.28169                               850.28169
              1       433.79886       33.059959       5.1469084         70.1019      0.28970694       8.9871968        8.9871968       849.62332                               849.62332
              1       434.40873       33.136196       5.1034721         70.1019      0.28970694       8.9871968        8.9871968       850.84306                               850.84306
              1       434.01535        33.04519       5.1693514         70.1019      0.28970694       8.9871968        8.9871968       850.05631                               850.05631
              1       435.02693       33.129803       5.0986679         70.1019      0.28970694       8.9871968        8.9871968       852.07947                               852.07947
              1       433.75769       33.094237       5.1313405         70.1019      0.28970694       8.9871968        8.9871968       849.54098                               849.54098
              1       434.19004       33.085011       5.1203334       75.180073       0.2518912       8.9871968        8.9871968        850.4057                                850.4057
              1       434.08088       33.084433       5.1197276       75.180073       0.2518912       8.9871968        8.9871968       850.18736                               850.18736
              1       433.89624       33.076591       5.1182764       75.180073       0.2518912       8.9871968        8.9871968       849.81809                               849.81809
              1       434.06404       33.056157       5.1318682       75.180073       0.2518912       8.9871968        8.9871968       850.15368                               850.15368
              1       434.49789        33.17117       5.0533096       75.180073       0.2518912       8.9871968        8.9871968       851.02139                               851.02139
              1       436.20325       32.960696       5.1910871       75.180073       0.2518912       8.9871968        8.9871968        854.4321                                854.4321
              1       433.82738       33.084065       5.1147039       75.180073       0.2518912       8.9871968        8.9871968       849.68036                               849.68036
              1       433.96975       33.147131       5.0724491       75.180073       0.2518912       8.9871968        8.9871968       849.96511                               849.96511
              1       434.14043       33.156428       5.0712466       75.180073       0.2518912       8.9871968        8.9871968       850.30646                               850.30646
              1        433.7998       33.144057       5.0836765         74.1499      0.25893893       8.9871968        8.9871968        849.6252                                849.6252
              1       433.74683       33.038803       5.1486875         74.1499      0.25893893       8.9871968        8.9871968       849.51927                               849.51927
              1       435.54923       32.975723       5.1817617        74.25297      0.25822057       8.9871968        8.9871968       853.12408                               853.12408
              1       433.65179       33.053587       5.1399241        74.25297      0.25822057       8.9871968        8.9871968       849.32918                               849.32918
              2       433.57568       33.120747       5.0974764        74.25297      0.25822057       8.9871968        8.9871968       849.17696                               849.17696
              1       433.56647       33.066067       5.1321533        74.25297      0.25822057       8.9871968        8.9871968       849.15854                               849.15854
              1       433.69946       33.047354       5.1433355        74.25297      0.25822057       8.9871968        8.9871968       849.42452                               849.42452
              1       433.78335       33.130777          5.0842        74.25297      0.25822057       8.9871968        8.9871968       849.59231                               849.59231
              1       433.84365       33.138035       5.0794963        74.25297      0.25822057       8.9871968        8.9871968        849.7129                                849.7129
              3       433.98213       33.161652       5.0660856        74.25297      0.25822057       8.9871968        8.9871968       849.98987                               849.98987
              1       434.62307       33.157611       5.0597342       76.606367      0.24259886       8.9871968        8.9871968       851.27174                               851.27174
              1       435.39997       33.054262       5.1223626       76.606367      0.24259886       8.9871968        8.9871968       852.82554                               852.82554
              1       434.70124       33.092796       5.1068022       76.606367      0.24259886       8.9871968        8.9871968       851.42808                               851.42808
              1       435.58527        33.17198       5.0430682       76.606367      0.24259886       8.9871968        8.9871968       853.19614                               853.19614
              1       434.81506        33.17057       5.0561778       76.606367      0.24259886       8.9871968        8.9871968       851.65572                               851.65572
              1        435.0334       33.084954       5.1146475       76.606367      0.24259886       8.9871968        8.9871968       852.09242                               852.09242
              1       436.22366       33.191611       5.0501606       76.606367      0.24259886       8.9871968        8.9871968       854.47293                               854.47293
              1       435.88818       33.088344       5.0954001       76.606367      0.24259886       8.9871968        8.9871968       853.80196                               853.80196
              1       434.36874       33.008593       5.1964713       68.200666      0.30608444       8.9871968        8.9871968       850.76309                               850.76309
              1       435.91646       32.942999        5.226646       68.200666      0.30608444       8.9871968        8.9871968       853.85853                               853.85853
              1       435.57933       33.098601       5.1286104       68.200666      0.30608444       8.9871968        8.9871968       853.18427                               853.18427
              1       434.78551       33.055023       5.1692627        68.08173      0.30715481       8.9871968        8.9871968       851.59662                               851.59662
              1       434.56018       32.987256       5.2117059        68.08173      0.30715481       8.9871968        8.9871968       851.14597                               851.14597
              1       434.49583       32.992797       5.2074851        68.08173      0.30715481       8.9871968        8.9871968       851.01726                               851.01726
              1       434.62783       32.994115       5.2085575        68.08173      0.30715481       8.9871968        8.9871968       851.28127                               851.28127
              1       440.88573        33.00324       5.1731985        68.08173      0.30715481       8.9871968        8.9871968       863.79706                               863.79706
              2          436.29       32.905956       5.2531572        68.08173      0.30715481       8.9871968        8.9871968       854.60561                               854.60561
              1       434.61271        32.98975       5.2109828        68.08173      0.30715481       8.9871968        8.9871968       851.25102                               851.25102
              1       435.45189       33.044254       5.1619094        68.08173      0.30715481       8.9871968        8.9871968       852.92939                               852.92939
              1       434.73494       33.063534       5.1560572        68.08173      0.30715481       8.9871968        8.9871968       851.49549                               851.49549
              1       435.43327       33.103049       5.1289703        68.08173      0.30715481       8.9871968        8.9871968       852.89215                               852.89215
              1       435.49765       33.126765       5.1097097       68.710429       0.3015596       8.9871968        8.9871968        853.0209                                853.0209
              3       437.51158       33.201921       5.0649512       68.710429       0.3015596       8.9871968        8.9871968       857.04877                               857.04877
              2       435.81985       32.907545       5.2638632       68.710429       0.3015596       8.9871968        8.9871968       853.66531                               853.66531
              1       435.52705       33.134929       5.1060344       68.710429       0.3015596       8.9871968        8.9871968       853.07972                               853.07972
              1       433.76225       33.143667       5.0809036       73.234741      0.26545089       8.9871968        8.9871968        849.5501                                849.5501
              3       434.58763       32.977192       5.1883576       73.234741      0.26545089       8.9871968        8.9871968       851.20086                               851.20086
              1       435.81676       32.999401       5.1648183       73.234741      0.26545089       8.9871968        8.9871968       853.65914                               853.65914
              1       433.23628        33.08775       5.1198768       73.234741      0.26545089       8.9871968        8.9871968       848.49818                               848.49818
              1       436.04887       33.033006       5.1720676       73.234741      0.26545089       8.9871968        8.9871968       854.12335                               854.12335
              1       433.91715       33.125959       5.0891918       73.234741      0.26545089       8.9871968        8.9871968        849.8599                                849.8599
              1       434.25341       33.087606       5.1110347       73.234741      0.26545089       8.9871968        8.9871968       850.53243                               850.53243
              1       436.91083       33.243708       5.0106835       73.234741      0.26545089       8.9871968        8.9871968       855.84727                               855.84727
              1       434.08654       33.161177       5.0688336       73.234741      0.26545089       8.9871968        8.9871968       850.19869                               850.19869
              2       434.09493       33.137437       5.0926871       71.257809      0.28038422       8.9871968        8.9871968       850.21546                               850.21546
              1       433.53155       33.104099       5.1156775       71.257809      0.28038422       8.9871968        8.9871968       849.08871                               849.08871
              1       433.44646       33.104722       5.1189222       71.257809      0.28038422       8.9871968        8.9871968       848.91852                               848.91852
              1       433.77152       33.104167       5.1242927       71.257809      0.28038422       8.9871968        8.9871968       849.56864                               849.56864
              1        434.8765       33.178478       5.0507437       76.599241        0.242644       8.9871968        8.9871968       851.77861                               851.77861
              1       434.88314       33.152969        5.058921       76.599241        0.242644       8.9871968        8.9871968       851.79189                               851.79189
              2       433.46818       33.077792        5.124596        72.58653      0.27021311       8.9871968        8.9871968       848.96197                               848.96197
              1       433.82624       33.124462       5.0935823        72.58653      0.27021311       8.9871968        8.9871968       849.67809                               849.67809
              1       433.45334       33.099735       5.1204613        72.58653      0.27021311       8.9871968        8.9871968       848.93229                               848.93229
              1        433.8102       33.079753        5.136651        72.58653      0.27021311       8.9871968        8.9871968       849.64602                               849.64602
              1       434.83074       33.038424       5.1677608        72.58653      0.27021311       8.9871968        8.9871968       851.68709                               851.68709
              1        434.6342       33.023046       5.1763339        72.58653      0.27021311       8.9871968        8.9871968         851.294                                 851.294
              1       433.87809        32.99617       5.1857143        72.58653      0.27021311       8.9871968        8.9871968       849.78179                               849.78179
              1       433.82416       33.095986       5.1184377       71.079081      0.28179604       8.9871968        8.9871968       849.67393                               849.67393
              2       433.86951       33.007453       5.1884758       71.079081      0.28179604       8.9871968        8.9871968       849.76462                               849.76462
              2       433.66488       33.004207       5.1883467       71.079081      0.28179604       8.9871968        8.9871968       849.35537                               849.35537
              1        433.9963        33.13901       5.0977286       71.079081      0.28179604       8.9871968        8.9871968       850.01821                               850.01821
              1       435.47408       32.997904        5.174853       71.079081      0.28179604       8.9871968        8.9871968       852.97378                               852.97378
              1       437.22673       33.240349       5.0093539       73.514054      0.26343758       8.9871968        8.9871968       856.47907                               856.47907
              3       434.55912       33.033994       5.1643213       73.514054      0.26343758       8.9871968        8.9871968       851.14385                               851.14385
              2       433.31328       33.097385       5.1117287       73.514054      0.26343758       8.9871968        8.9871968       848.65217                               848.65217
              1       434.01371       33.093348        5.127641       69.876764      0.29157676       8.9871968        8.9871968       850.05303                               850.05303
              1       433.58642       33.028765       5.1759181       69.876764      0.29157676       8.9871968        8.9871968       849.19845                               849.19845
              1       434.91954       32.942532        5.223176       69.876764      0.29157676       8.9871968        8.9871968       851.86469                               851.86469
              1       434.60982        33.10159       5.1343444       69.876764      0.29157676       8.9871968        8.9871968       851.24524                               851.24524
              1       434.09443        33.09257       5.1372446       69.876764      0.29157676       8.9871968        8.9871968       850.21446                               850.21446
              1       433.57238       33.057614       5.1560346       69.876764      0.29157676       8.9871968        8.9871968       849.17037                               849.17037
              1        435.2838       33.073319       5.1322293       69.876764      0.29157676       8.9871968        8.9871968       852.59321                               852.59321
              1       434.92347       33.123515       5.1044048       69.876764      0.29157676       8.9871968        8.9871968       851.87254                               851.87254
              2       433.54635       33.029643       5.1718272       69.876764      0.29157676       8.9871968        8.9871968        849.1183                                849.1183
              1       433.87076       33.068577       5.1256624       75.064707      0.25266606       8.9871968        8.9871968       849.76714                               849.76714
              1       433.94316       32.997219       5.1978584       70.274087        0.288289       8.9871968        8.9871968       849.91193                               849.91193
              1        433.8407       33.018615       5.1844707       70.274087        0.288289       8.9871968        8.9871968         849.707                                 849.707
              1       435.48134       33.036087       5.1812845       70.274087        0.288289       8.9871968        8.9871968       852.98828                               852.98828
              1       434.31901       32.981189       5.2097611       70.274087        0.288289       8.9871968        8.9871968       850.66363                               850.66363
              2       434.69704       33.144882       5.1009474       70.274087        0.288289       8.9871968        8.9871968       851.41969                               851.41969
              1       434.36424       33.054898       5.1453772       70.274087        0.288289       8.9871968        8.9871968       850.75409                               850.75409
              1       434.01535       33.113551       5.1137795       70.274087        0.288289       8.9871968        8.9871968        850.0563                                850.0563
              1       435.12143       33.041143       5.1767315       70.274087        0.288289       8.9871968        8.9871968       852.26847                               852.26847
              1       434.79958       32.936004       5.2279881       70.274087        0.288289       8.9871968        8.9871968       851.62476                               851.62476
              1        433.5859        33.00223       5.1888477       70.274087        0.288289       8.9871968        8.9871968       849.19742                               849.19742
              1       433.52275       33.035402       5.1642518       70.274087        0.288289       8.9871968        8.9871968       849.07111                               849.07111
              2       433.51817       33.032758       5.1661189       70.274087        0.288289       8.9871968        8.9871968       849.06194                               849.06194
              3       433.56777         33.0782       5.1377364       70.274087        0.288289       8.9871968        8.9871968       849.16114                               849.16114
              1       433.56099       33.075143       5.1394085       70.274087        0.288289       8.9871968        8.9871968       849.14759                               849.14759
              3       433.41066       33.040671       5.1631876       70.274087        0.288289       8.9871968        8.9871968       848.84692                               848.84692
              1       433.63284       33.040879       5.1687472       70.274087        0.288289       8.9871968        8.9871968       849.29128                               849.29128
              1       433.95165       33.110817       5.1159426       70.274087        0.288289       8.9871968        8.9871968        849.9289                                849.9289
              1       434.53657        33.08651        5.143912       70.274087        0.288289       8.9871968        8.9871968       851.09874                               851.09874
              1       437.55103       33.017845       5.1988609       70.274087        0.288289       8.9871968        8.9871968       857.12767                               857.12767
              1       437.19612       33.041642       5.1826717       70.274087        0.288289       8.9871968        8.9871968       856.41785                               856.41785
              1       434.09622       32.966181        5.214887       70.274087        0.288289       8.9871968        8.9871968       850.21805                               850.21805
              1       433.80617       32.983155       5.2003099       70.274087        0.288289       8.9871968        8.9871968       849.63794                               849.63794
              1       433.75229       32.986654       5.1985856       70.274087        0.288289       8.9871968        8.9871968        849.5302                                849.5302
              1       434.93009       32.931923       5.2302214       70.274087        0.288289       8.9871968        8.9871968       851.88579                               851.88579
              1       434.77673       32.963454       5.1985398       72.899793       0.2678958       8.9871968        8.9871968       851.57906                               851.57906
              1       434.10441        33.08281       5.1160912       72.899793       0.2678958       8.9871968        8.9871968       850.23443                               850.23443
              1       433.63088       33.119975       5.0963181       72.899793       0.2678958       8.9871968        8.9871968       849.28737                               849.28737
              2       433.59084       33.022333       5.1673879       72.899793       0.2678958       8.9871968        8.9871968        849.2073                                849.2073
              1       433.60021       33.008973       5.1834758       71.436971      0.27897958       8.9871968        8.9871968       849.22604                               849.22604
              1       433.26636       33.030939       5.1653891       71.436971      0.27897958       8.9871968        8.9871968       848.55833                               848.55833
              1       435.00606       33.147997       5.0661768        77.36771      0.23784772       8.9871968        8.9871968       852.03773                               852.03773
              1       435.45072       33.093093       5.1056751        77.36771      0.23784772       8.9871968        8.9871968       852.92705                               852.92705
              1       437.96388       33.037906       5.1499855        77.36771      0.23784772       8.9871968        8.9871968       857.95337                               857.95337
              1       439.31689        33.22409       5.0330893        77.36771      0.23784772       8.9871968        8.9871968        860.6594                                860.6594
              1       434.55524       33.012503       5.1732397        74.01775      0.25986436       8.9871968        8.9871968       851.13608                               851.13608
              1        435.3376       33.016414       5.1751823        74.01775      0.25986436       8.9871968        8.9871968       852.70081                               852.70081
              1       433.47794       33.093072       5.1279308       71.905142      0.27535856       8.9871968        8.9871968       848.98149                               848.98149
              1       434.33437       33.106625        5.104482       71.905142      0.27535856       8.9871968        8.9871968       850.69435                               850.69435
              1       434.25565       33.104945       5.1058874       71.905142      0.27535856       8.9871968        8.9871968       850.53691                               850.53691
              2       433.49191        33.09246       5.1183964       71.905142      0.27535856       8.9871968        8.9871968       849.00943                               849.00943
              1        434.2095       33.022915       5.1777481       71.905142      0.27535856       8.9871968        8.9871968        850.4446                                850.4446
              1       434.92772       32.937665       5.2264277       71.905142      0.27535856       8.9871968        8.9871968       851.88104                               851.88104
              1       433.33025       33.071527       5.1328939       71.905142      0.27535856       8.9871968        8.9871968       848.68612                               848.68612
              1       434.51648        33.10574        5.097992        73.32098      0.26482682       8.9871968        8.9871968       851.05856                               851.05856
              3       433.41699       33.096816       5.1106486        73.32098      0.26482682       8.9871968        8.9871968       848.85959                               848.85959
              1       433.97133       33.095539       5.1071331        73.32098      0.26482682       8.9871968        8.9871968       849.96826                               849.96826
              1       434.22733       33.065863       5.1442124        73.32098      0.26482682       8.9871968        8.9871968       850.48026                               850.48026
              1       433.30264       33.071024        5.133422        73.32098      0.26482682       8.9871968        8.9871968       848.63089                               848.63089
              1       433.20877       33.054112        5.150379       71.926334      0.27519633       8.9871968        8.9871968       848.44315                               848.44315
              1       433.19211       33.045241       5.1538765       71.926334      0.27519633       8.9871968        8.9871968       848.40983                               848.40983
              1       433.66526       33.020522       5.1818711       69.638951      0.29357161       8.9871968        8.9871968       849.35613                               849.35613
              2       435.61199       32.932326       5.2279813       69.638951      0.29357161       8.9871968        8.9871968       853.24959                               853.24959
              1       433.83728       33.017825        5.186155       69.638951      0.29357161       8.9871968        8.9871968       849.70017                               849.70017
              2       433.67227       33.022775       5.1807372       69.638951      0.29357161       8.9871968        8.9871968       849.37014                               849.37014
              1       434.50592       33.076064       5.1356665       69.638951      0.29357161       8.9871968        8.9871968       851.03745                               851.03745
              1       438.92503       33.069046       5.1669359       64.632296      0.34081548       8.9871968        8.9871968       859.87566                               859.87566
              1       437.90264       32.915214       5.2739154       64.632296      0.34081548       8.9871968        8.9871968       857.83088                               857.83088
              1       438.54034       32.925881       5.2732045       64.632296      0.34081548       8.9871968        8.9871968       859.10629                               859.10629
              1       437.98212       33.011441       5.2141762       64.781631        0.339246       8.9871968        8.9871968       857.98985                               857.98985
              1       438.16589       33.049238       5.1810147       64.781631        0.339246       8.9871968        8.9871968       858.35739                               858.35739
              1       438.70369       33.013328       5.2174517       65.123376      0.33569484       8.9871968        8.9871968       859.43299                               859.43299
              3       438.56206       33.031028       5.2045649       65.123376      0.33569484       8.9871968        8.9871968       859.14973                               859.14973
              1        438.6497       33.001066       5.2255653       65.123376      0.33569484       8.9871968        8.9871968       859.32501                               859.32501
              2        437.2638       32.922171       5.2657283       65.123376      0.33569484       8.9871968        8.9871968       856.55321                               856.55321
              2       437.52219       32.900223       5.2786393       65.123376      0.33569484       8.9871968        8.9871968       857.06999                               857.06999
              1       437.26029        33.01393       5.2077946       65.123376      0.33569484       8.9871968        8.9871968       856.54618                               856.54618
              1       437.46286       32.968914       5.2408608       65.123376      0.33569484       8.9871968        8.9871968       856.95132                               856.95132
              1       437.21258       33.014938        5.202342       65.123376      0.33569484       8.9871968        8.9871968       856.45077                               856.45077
              1        433.6254       33.074008       5.1433627       69.950165      0.29096517       8.9871968        8.9871968       849.27641                               849.27641
              1       433.81146       32.994068       5.1988484       69.950165      0.29096517       8.9871968        8.9871968       849.64853                               849.64853
              1       434.25299       32.961347       5.2203443       69.950165      0.29096517       8.9871968        8.9871968       850.53158                               850.53158
              1       434.19688       33.118645       5.0898102       76.081936      0.24595484       8.9871968        8.9871968       850.41936                               850.41936
              1        434.7955        33.04272       5.1378288       76.081936      0.24595484       8.9871968        8.9871968       851.61661                               851.61661
              1       434.33388       33.082882       5.1109452       76.081936      0.24595484       8.9871968        8.9871968       850.69336                               850.69336
              1       435.38346        33.01323       5.1557284       76.081936      0.24595484       8.9871968        8.9871968       852.79253                               852.79253
              1       434.68996         33.0044       5.1648428       74.416492      0.25708699       8.9871968        8.9871968       851.40552                               851.40552
              1       437.44991       32.983806       5.1991734       74.416492      0.25708699       8.9871968        8.9871968       856.92542                               856.92542
              1       439.55597       32.913475       5.2447282       74.416492      0.25708699       8.9871968        8.9871968       861.13755                               861.13755
              1       437.44158       33.110758        5.120211       74.416492      0.25708699       8.9871968        8.9871968       856.90877                               856.90877
              1       434.59359       33.031746       5.1600075       74.416492      0.25708699       8.9871968        8.9871968       851.21279                               851.21279
              1       433.50286       33.100032       5.1086124       74.416492      0.25708699       8.9871968        8.9871968       849.03132                               849.03132
              1       433.51009       33.100319       5.1083257       74.439957      0.25692494       8.9871968        8.9871968       849.04578                               849.04578
              1       436.14545       33.004837       5.1824808       74.439957      0.25692494       8.9871968        8.9871968        854.3165                                854.3165
              2        434.1103       33.123034       5.0856841       74.439957      0.25692494       8.9871968        8.9871968        850.2462                                850.2462
              1       435.76888       33.032049       5.1387691       74.439957      0.25692494       8.9871968        8.9871968       853.56337                               853.56337
              1       434.16206       33.109485       5.1244377       69.880924      0.29154206       8.9871968        8.9871968       850.34973                               850.34973
              1       434.28483       32.955534       5.2230252       69.880924      0.29154206       8.9871968        8.9871968       850.59526                               850.59526
              1       434.26976        32.99538       5.1879962       69.880924      0.29154206       8.9871968        8.9871968       850.56513                               850.56513
              1       434.91215       32.985135       5.1916807       69.880924      0.29154206       8.9871968        8.9871968       851.84991                               851.84991
              1       434.43583        33.11861       5.1126212       69.699381      0.29306276       8.9871968        8.9871968       850.89726                               850.89726
              1        435.0405       33.122723       5.1213527       69.699381      0.29306276       8.9871968        8.9871968        852.1066                                852.1066
              1       433.93705       33.081664       5.1436744       69.699381      0.29306276       8.9871968        8.9871968        849.8997                                849.8997
              1       433.69699       33.053578       5.1611135       69.699381      0.29306276       8.9871968        8.9871968       849.41958                               849.41958
              1       433.63289       33.030097       5.1714753       69.699381      0.29306276       8.9871968        8.9871968       849.29138                               849.29138
              1       435.20952       33.157813       5.0887519       69.699381      0.29306276       8.9871968        8.9871968       852.44464                               852.44464
              1       436.77885       33.200119       5.0685006       69.699381      0.29306276       8.9871968        8.9871968       855.58331                               855.58331
              1       436.18798       32.971274       5.1972806       69.699381      0.29306276       8.9871968        8.9871968       854.40157                               854.40157
              1       434.33791        33.08788       5.1293482       69.699381      0.29306276       8.9871968        8.9871968       850.70143                               850.70143
              2       434.18977       33.074324       5.1514323       69.699381      0.29306276       8.9871968        8.9871968       850.40514                               850.40514
              2       434.68822       33.075017       5.1539165       69.699381      0.29306276       8.9871968        8.9871968       851.40206                               851.40206
              1       434.12198       32.979106       5.2109802       69.699381      0.29306276       8.9871968        8.9871968       850.26957                               850.26957
              1       434.05403       32.971723       5.2131542       69.699381      0.29306276       8.9871968        8.9871968       850.13367                               850.13367
              1       434.18568        32.96225       5.2191245       69.699381      0.29306276       8.9871968        8.9871968       850.39696                               850.39696
              1       434.16401       32.963418       5.2182431       69.699381      0.29306276       8.9871968        8.9871968       850.35364                               850.35364
              1       434.41676       32.958737       5.2242912       69.699381      0.29306276       8.9871968        8.9871968       850.85913                               850.85913
              1       434.46501       32.962226       5.2230522       69.699381      0.29306276       8.9871968        8.9871968       850.95563                               850.95563
              1       434.29862       32.961522       5.2215714       69.699381      0.29306276       8.9871968        8.9871968       850.62284                               850.62284
              2       434.34076       32.998033       5.2020061       69.699381      0.29306276       8.9871968        8.9871968       850.70713                               850.70713
              2       434.41608       32.969808        5.218662       69.699381      0.29306276       8.9871968        8.9871968       850.85776                               850.85776
              1       435.49201       32.913898       5.2432279       69.699381      0.29306276       8.9871968        8.9871968       853.00962                               853.00962
              1       435.51606       32.908325       5.2479809       69.699381      0.29306276       8.9871968        8.9871968       853.05772                               853.05772
              1       434.53996       32.941197       5.2305153       69.699381      0.29306276       8.9871968        8.9871968       851.10552                               851.10552
              1       434.54716       33.035491       5.1604337       69.699381      0.29306276       8.9871968        8.9871968       851.11992                               851.11992
              1       433.95916         33.0853       5.1343345       69.699381      0.29306276       8.9871968        8.9871968       849.94392                               849.94392
              1       434.08453       32.967771       5.2147248       69.699381      0.29306276       8.9871968        8.9871968       850.19467                               850.19467
              1       434.34092       32.955228       5.2196443       69.699381      0.29306276       8.9871968        8.9871968       850.70745                               850.70745
              1       433.87854       33.116139       5.0915306       74.490107      0.25657911       8.9871968        8.9871968       849.78269                               849.78269
              1       433.66638       33.066991       5.1270294       74.490107      0.25657911       8.9871968        8.9871968       849.35836                               849.35836
              1       433.80304        33.06924       5.1318116       74.490107      0.25657911       8.9871968        8.9871968        849.6317                                849.6317
              1       435.79084        33.14436       5.0649099       74.490107      0.25657911       8.9871968        8.9871968       853.60728                               853.60728
              1       434.96964       33.192381       5.0544089       74.490107      0.25657911       8.9871968        8.9871968       851.96489                               851.96489
              1       434.54034       33.001296       5.1703357       74.490107      0.25657911       8.9871968        8.9871968       851.10629                               851.10629
              1       434.57541       33.020085       5.1532514       74.490107      0.25657911       8.9871968        8.9871968       851.17642                               851.17642
              1       434.77201       33.176886       5.0502296       74.490107      0.25657911       8.9871968        8.9871968       851.56963                               851.56963
              1       433.79879       33.088084       5.1203448       74.490107      0.25657911       8.9871968        8.9871968       849.62319                               849.62319
              1       434.18617       33.041914       5.1460971       74.968253      0.25331663       8.9871968        8.9871968       850.39794                               850.39794
              1       436.81623       33.128615       5.0700085       74.968253      0.25331663       8.9871968        8.9871968       855.65807                               855.65807
              1       434.26053       33.047214       5.1352136       74.968253      0.25331663       8.9871968        8.9871968       850.54667                               850.54667
              1       434.59308       33.043734       5.1491174       74.968253      0.25331663       8.9871968        8.9871968       851.21177                               851.21177
              1        436.2186        33.16004       5.0522518       78.956875      0.22836975       8.9871968        8.9871968       854.46281                               854.46281
              1       436.18183        33.15665       5.0533953       78.956875      0.22836975       8.9871968        8.9871968       854.38928                               854.38928
              1       436.29787       33.160705       5.0465188       78.956875      0.22836975       8.9871968        8.9871968       854.62135                               854.62135
              1       437.92225       33.210778       5.0060485       78.956875      0.22836975       8.9871968        8.9871968       857.87011                               857.87011
              1       436.86336       33.220534       5.0151612       78.956875      0.22836975       8.9871968        8.9871968       855.75232                               855.75232
              1       436.81199       33.210239       5.0126317       78.956875      0.22836975       8.9871968        8.9871968        855.6496                                855.6496
              1       436.07922       33.179656       5.0417865       78.615238      0.23035891       8.9871968        8.9871968       854.18405                               854.18405
              1       438.73436       33.298684       4.9674048       78.615238      0.23035891       8.9871968        8.9871968       859.49433                               859.49433
              1       438.03725       33.020258        5.148684       78.615238      0.23035891       8.9871968        8.9871968       858.10011                               858.10011
              1       436.81677       33.240687        4.999096       78.615238      0.23035891       8.9871968        8.9871968       855.65914                               855.65914
              1       436.56236       33.077331       5.1018129       78.615238      0.23035891       8.9871968        8.9871968       855.15033                               855.15033
              1       435.15408       33.053251       5.1258559       76.647591      0.24233797       8.9871968        8.9871968       852.33377                               852.33377
              2       436.35312       33.016399       5.1453673       76.647591      0.24233797       8.9871968        8.9871968       854.73184                               854.73184
              1        434.5341        33.11481       5.0904684       76.647591      0.24233797       8.9871968        8.9871968       851.09382                               851.09382
              1        435.0302        33.12415       5.0900159       76.647591      0.24233797       8.9871968        8.9871968         852.086                                 852.086
              1       435.17846       33.135908       5.0832275       76.647591      0.24233797       8.9871968        8.9871968       852.38253                               852.38253
              1       435.56272       33.161343       5.0680871       76.647591      0.24233797       8.9871968        8.9871968       853.15104                               853.15104
              1        435.5501       33.048151       5.1386327       76.647591      0.24233797       8.9871968        8.9871968       853.12581                               853.12581
              1       434.68678       33.107078       5.0902421       76.647591      0.24233797       8.9871968        8.9871968       851.39917                               851.39917
              1       435.18379       33.134413       5.0683202       76.647591      0.24233797       8.9871968        8.9871968       852.39319                               852.39319
              1       435.61235       33.168887       5.0631022       76.647591      0.24233797       8.9871968        8.9871968        853.2503                                853.2503
              1       435.05518       33.161294       5.0650489       76.647591      0.24233797       8.9871968        8.9871968       852.13596                               852.13596
              1       439.14964       33.234225       4.9931413       81.622936      0.21369485       8.9871968        8.9871968       860.32488                               860.32488
              1       438.92088       33.198234       5.0173309       81.622936      0.21369485       8.9871968        8.9871968       859.86736                               859.86736
              1       438.95339       33.180854       5.0229366       81.622936      0.21369485       8.9871968        8.9871968       859.93239                               859.93239
              1       439.07293       33.185566       5.0184965       81.622936      0.21369485       8.9871968        8.9871968       860.17146                               860.17146
              1       439.29342       33.214213       4.9988881       81.622936      0.21369485       8.9871968        8.9871968       860.61244                               860.61244
              1       439.42638         33.1285       5.0552165       81.622936      0.21369485       8.9871968        8.9871968       860.87837                               860.87837
              1       439.92388       33.095996        5.086496       81.622936      0.21369485       8.9871968        8.9871968       861.87338                               861.87338
              1       440.28786       33.171279       5.0440625       81.622936      0.21369485       8.9871968        8.9871968       862.60133                               862.60133
              1       440.15079       33.171612       5.0432824       81.622936      0.21369485       8.9871968        8.9871968       862.32718                               862.32718
              1       433.97373       33.120829       5.1073611       70.631192      0.28538124       8.9871968        8.9871968       849.97306                               849.97306
              1       433.80746        33.07779       5.1322616       70.631192      0.28538124       8.9871968        8.9871968       849.64053                               849.64053
              1       434.06592       33.067955       5.1531704       70.631192      0.28538124       8.9871968        8.9871968       850.15746                               850.15746
              1       433.51966       33.012057       5.1786556       70.631192      0.28538124       8.9871968        8.9871968       849.06493                               849.06493
              1       433.70977       33.003509       5.1871902       69.932735      0.29111023       8.9871968        8.9871968       849.44515                               849.44515
              1       440.13254       33.075459       5.1680692       69.932735      0.29111023       8.9871968        8.9871968       862.29069                               862.29069
              1       436.23241       32.936207       5.2460595       69.932735      0.29111023       8.9871968        8.9871968       854.49044                               854.49044
              1       436.09066       32.923836       5.2523245       69.932735      0.29111023       8.9871968        8.9871968       854.20693                               854.20693
              2       434.16281       33.116517       5.1179984       69.932735      0.29111023       8.9871968        8.9871968       850.35123                               850.35123
              1       433.93419       32.994586       5.1886272       70.325437      0.28786814       8.9871968        8.9871968       849.89399                               849.89399
              1        435.0163       32.920046       5.2427681       70.325437      0.28786814       8.9871968        8.9871968       852.05821                               852.05821
              1       435.16469        33.10759       5.1091573       70.325437      0.28786814       8.9871968        8.9871968       852.35498                               852.35498
              3       433.60013       33.079021       5.1419705       70.325437      0.28786814       8.9871968        8.9871968       849.22586                               849.22586
              2       433.63548       33.001985       5.1867216       70.325437      0.28786814       8.9871968        8.9871968       849.29656                               849.29656
              1       433.66721        32.99365       5.1951682       70.325437      0.28786814       8.9871968        8.9871968       849.36002                               849.36002
              1       433.52793       33.039048       5.1686392       70.325437      0.28786814       8.9871968        8.9871968       849.08146                               849.08146
              1       433.46397       33.069426       5.1464218       70.325437      0.28786814       8.9871968        8.9871968       848.95354                               848.95354
              1       437.04452        32.85867       5.2846333       70.325437      0.28786814       8.9871968        8.9871968       856.11464                               856.11464
              2       434.85314       33.161524       5.0853212       70.325437      0.28786814       8.9871968        8.9871968       851.73189                               851.73189
              1       435.80668       33.194307       5.0636461       70.325437      0.28786814       8.9871968        8.9871968       853.63897                               853.63897
              1       435.96268       33.248618       5.0094181       74.763382      0.25470684       8.9871968        8.9871968       853.95097                               853.95097
              1       435.47392       33.225519       5.0292677       74.763382      0.25470684       8.9871968        8.9871968       852.97344                               852.97344
              1         433.885       33.099226       5.1120131       74.763382      0.25470684       8.9871968        8.9871968        849.7956                                849.7956
              3       433.75592       33.089313       5.1168421       74.763382      0.25470684       8.9871968        8.9871968       849.53744                               849.53744
              1        434.1836       33.102033       5.1041413       75.802796      0.24776961       8.9871968        8.9871968       850.39281                               850.39281
              1        434.8816       33.167778       5.0510461       75.802796      0.24776961       8.9871968        8.9871968        851.7888                                851.7888
              1       434.47633       33.116481       5.0850346       75.802796      0.24776961       8.9871968        8.9871968       850.97826                               850.97826
              1       434.96619        33.02687       5.1465528       75.802796      0.24776961       8.9871968        8.9871968       851.95799                               851.95799
              1       434.47513        33.08561        5.105792       75.802796      0.24776961       8.9871968        8.9871968       850.97586                               850.97586
              1       435.14314       33.090816       5.1179824       75.802796      0.24776961       8.9871968        8.9871968       852.31189                               852.31189
              1       435.49233        33.09308       5.1181108       75.802796      0.24776961       8.9871968        8.9871968       853.01028                               853.01028
              2        434.7781       33.037205       5.1386371       75.229914      0.25155755       8.9871968        8.9871968        851.5818                                851.5818
              1       434.29456       33.056112       5.1282678       75.117506      0.25231099       8.9871968        8.9871968       850.61472                               850.61472
              1       434.13169       33.108884       5.0931243       75.117506      0.25231099       8.9871968        8.9871968       850.28899                               850.28899
              1       434.01009       33.135909        5.077599       75.117506      0.25231099       8.9871968        8.9871968       850.04578                               850.04578
              1       435.93053        33.20369       5.0480278       75.117506      0.25231099       8.9871968        8.9871968       853.88667                               853.88667
              1       435.29964        33.03734       5.1556675       75.117506      0.25231099       8.9871968        8.9871968       852.62488                               852.62488
              1       434.84843       33.031308        5.156517       75.117506      0.25231099       8.9871968        8.9871968       851.72248                               851.72248
              2       435.15204        32.99417       5.1709955       75.117506      0.25231099       8.9871968        8.9871968       852.32969                               852.32969
              1       435.14761       32.994387       5.1708419       75.117506      0.25231099       8.9871968        8.9871968       852.32083                               852.32083
              3       435.10937       32.995663       5.1701674       75.117506      0.25231099       8.9871968        8.9871968       852.24435                               852.24435
              1       434.13679       32.984799       5.1988317       69.548517      0.29433556       8.9871968        8.9871968       850.29918                               850.29918
              1        433.8494       33.003246       5.1884431       69.548517      0.29433556       8.9871968        8.9871968        849.7244                                849.7244
              1        433.7312       33.008715       5.1895191       69.548517      0.29433556       8.9871968        8.9871968       849.48801                               849.48801
              1       434.72864       33.015625        5.193699       69.548517      0.29433556       8.9871968        8.9871968       851.48289                               851.48289
              1       433.65759       33.043533       5.1663733       69.548517      0.29433556       8.9871968        8.9871968       849.34078                               849.34078
              1       434.51015       32.971916       5.2186793       69.548517      0.29433556       8.9871968        8.9871968        851.0459                                851.0459
              1       433.43868       33.068504       5.1296873        73.98826      0.26007156       8.9871968        8.9871968       848.90296                               848.90296
              2       433.60249       33.138047       5.0846506        73.98826      0.26007156       8.9871968        8.9871968       849.23058                               849.23058
              1       433.72894       33.077413       5.1299351        73.98826      0.26007156       8.9871968        8.9871968       849.48349                               849.48349
              1         435.607         33.0209       5.1738006        73.98826      0.26007156       8.9871968        8.9871968        853.2396                                853.2396
              1       433.61518       33.061199       5.1312652        73.98826      0.26007156       8.9871968        8.9871968       849.25597                               849.25597
              1       434.79132       32.980896       5.1838514        73.98826      0.26007156       8.9871968        8.9871968       851.60825                               851.60825
              1       433.87763       33.117701       5.0917888        73.98826      0.26007156       8.9871968        8.9871968       849.78086                               849.78086
              1       433.81809       33.147357       5.0772363       73.515328      0.26342845       8.9871968        8.9871968       849.66178                               849.66178
              1       434.16263        33.00397       5.1699551       73.515328      0.26342845       8.9871968        8.9871968       850.35086                               850.35086
              1       436.42098       33.008705       5.1554299       73.515328      0.26342845       8.9871968        8.9871968       854.86756                               854.86756
              1       437.12529       32.950861       5.2131849       68.788738       0.3008734       8.9871968        8.9871968       856.27618                               856.27618
              1       434.73502       32.941886        5.232728       68.788738       0.3008734       8.9871968        8.9871968       851.49566                               851.49566
              1       434.18192       32.983796       5.2093551       68.788738       0.3008734       8.9871968        8.9871968       850.38944                               850.38944
              1        437.5437       32.838504       5.3025584       68.788738       0.3008734       8.9871968        8.9871968       857.11301                               857.11301
              1       435.10678       32.917135       5.2442937       69.851886      0.29178449       8.9871968        8.9871968       852.23918                               852.23918
              1       435.40467       32.907406       5.2497171       69.851886      0.29178449       8.9871968        8.9871968       852.83494                               852.83494
              1       433.56888       33.042044       5.1670228       69.851886      0.29178449       8.9871968        8.9871968       849.16337                               849.16337
              1       433.55436       33.030354       5.1740041       69.851886      0.29178449       8.9871968        8.9871968       849.13433                               849.13433
              2       434.33168       32.952347       5.2248632       69.851886      0.29178449       8.9871968        8.9871968       850.68898                               850.68898
              1       434.94077       32.978879       5.1877794       74.328988      0.25769266       8.9871968        8.9871968       851.90714                               851.90714
              1        434.4306        33.01002       5.1626724       74.328988      0.25769266       8.9871968        8.9871968        850.8868                                850.8868
              1        434.4736       33.012096       5.1604532       74.328988      0.25769266       8.9871968        8.9871968       850.97281                               850.97281
              1       435.77135       32.958857       5.1944917       74.328988      0.25769266       8.9871968        8.9871968        853.5683                                853.5683
              1       434.05199       33.098346       5.1018868       74.328988      0.25769266       8.9871968        8.9871968       850.12958                               850.12958
              1       433.80331       33.093331       5.1069517       74.328988      0.25769266       8.9871968        8.9871968       849.63222                               849.63222
              1         434.856        33.09251       5.1016504       74.328988      0.25769266       8.9871968        8.9871968        851.7376                                851.7376
              1       433.78066       33.008458       5.1755497        72.99282      0.26721338       8.9871968        8.9871968       849.58693                               849.58693
              1       438.22642       32.878317       5.2668233        72.99282      0.26721338       8.9871968        8.9871968       858.47844                               858.47844
              1       435.60716       33.115259       5.1186999        72.99282      0.26721338       8.9871968        8.9871968       853.23993                               853.23993
              1       433.64255       33.053885       5.1378057        72.99282      0.26721338       8.9871968        8.9871968       849.31071                               849.31071
              1       433.32352       33.095612        5.113589        72.99282      0.26721338       8.9871968        8.9871968       848.67264                               848.67264
              1       433.70846       32.999613       5.1940301       70.213606      0.28878586       8.9871968        8.9871968       849.44253                               849.44253
              1       433.83593       33.011746       5.1887091       70.213606      0.28878586       8.9871968        8.9871968       849.69746                               849.69746
              1       436.23894       33.159001       5.0990632       70.213606      0.28878586       8.9871968        8.9871968       854.50348                               854.50348
              1       433.97573       33.012907       5.1757783       70.213606      0.28878586       8.9871968        8.9871968       849.97707                               849.97707
              1       433.70247       32.995022       5.1921024       70.213606      0.28878586       8.9871968        8.9871968       849.43054                               849.43054
              1       433.67809       32.992183       5.1893171       71.369549      0.27950693       8.9871968        8.9871968       849.38178                               849.38178
              4       433.70771       33.042567        5.165035       71.369549      0.27950693       8.9871968        8.9871968       849.44102                               849.44102
              1       433.84473       33.102315       5.1259373       71.369549      0.27950693       8.9871968        8.9871968       849.71507                               849.71507
              1       433.48536       33.098966       5.1249831       71.369549      0.27950693       8.9871968        8.9871968       848.99632                               848.99632
              1       435.78876       33.162187       5.0688665       71.369549      0.27950693       8.9871968        8.9871968       853.60313                               853.60313
              1       435.51639       33.017727       5.1598992       71.369549      0.27950693       8.9871968        8.9871968       853.05838                               853.05838
              1       437.28119       32.867008       5.2669622       71.369549      0.27950693       8.9871968        8.9871968       856.58799                               856.58799
              2       434.56208        32.94756       5.2170651       71.369549      0.27950693       8.9871968        8.9871968       851.14976                               851.14976
              1        434.5406       32.948348       5.2166119       71.369549      0.27950693       8.9871968        8.9871968       851.10681                               851.10681
              1       435.33671       33.117468        5.085044       73.968148      0.26021301       8.9871968        8.9871968       852.69902                               852.69902
              1       434.28263       33.173303       5.0578728       73.968148      0.26021301       8.9871968        8.9871968       850.59087                               850.59087
              1       434.96182       33.191708       5.0571646       73.968148      0.26021301       8.9871968        8.9871968       851.94924                               851.94924
              1       436.49955       33.263774       4.9955087       75.991301      0.24654189       8.9871968        8.9871968       855.02471                               855.02471
              1       434.51257        33.09163       5.1014038       75.991301      0.24654189       8.9871968        8.9871968       851.05074                               851.05074
              1       436.29962       33.044234       5.1252221       75.991301      0.24654189       8.9871968        8.9871968       854.62484                               854.62484
              1       435.23151       33.142305       5.0640573       75.991301      0.24654189       8.9871968        8.9871968       852.48862                               852.48862
              1       435.87855       33.243954       5.0084698       75.275217      0.25125485       8.9871968        8.9871968       853.78271                               853.78271
              1       435.03233       33.196415       5.0357343       75.275217      0.25125485       8.9871968        8.9871968       852.09026                               852.09026
              1       436.41972       33.227602       5.0060064       77.381978      0.23776002       8.9871968        8.9871968       854.86505                               854.86505
              1       435.18189       33.092893       5.1021249       77.381978      0.23776002       8.9871968        8.9871968       852.38938                               852.38938
              1       437.59179       32.998498       5.1696964       77.381978      0.23776002       8.9871968        8.9871968       857.20919                               857.20919
              1       435.65615       33.136827       5.0797802       77.381978      0.23776002       8.9871968        8.9871968        853.3379                                853.3379
              1       435.82129       33.215497       5.0171533       77.381978      0.23776002       8.9871968        8.9871968       853.66818                               853.66818
              1       435.48489       33.192674       5.0317803       77.381978      0.23776002       8.9871968        8.9871968       852.99539                               852.99539
              2       433.97062       33.155318       5.0685626        74.46663      0.25674091       8.9871968        8.9871968       849.96685                               849.96685
              1       434.04362       33.167606       5.0626816        74.46663      0.25674091       8.9871968        8.9871968       850.11284                               850.11284
              1        434.2639       33.039524       5.1408684        74.46663      0.25674091       8.9871968        8.9871968       850.55341                               850.55341
              1       435.18149        33.00585       5.1602376        74.46663      0.25674091       8.9871968        8.9871968       852.38859                               852.38859
              1       435.05887       33.132913       5.0747434        74.46663      0.25674091       8.9871968        8.9871968       852.14335                               852.14335
              1       435.83793       32.993414       5.1663088        74.46663      0.25674091       8.9871968        8.9871968       853.70146                               853.70146
              1       433.66002       33.067095       5.1269724        74.46663      0.25674091       8.9871968        8.9871968       849.34565                               849.34565
              2       436.84805        32.93256       5.2097994        74.46663      0.25674091       8.9871968        8.9871968       855.72171                               855.72171
              1       437.46262       32.859924       5.2729493       70.853045      0.28359688       8.9871968        8.9871968       856.95084                               856.95084
              1       437.75853       32.845072       5.2875737       69.693927      0.29310863       8.9871968        8.9871968       857.54268                               857.54268
              1        434.0268       33.077032       5.1481449       69.693927      0.29310863       8.9871968        8.9871968        850.0792                                850.0792
              1        434.2791       33.008944       5.1950185       69.693927      0.29310863       8.9871968        8.9871968        850.5838                                850.5838
              2       433.67745       33.011017       5.1874764       69.693927      0.29310863       8.9871968        8.9871968        849.3805                                849.3805
              1       433.59982        33.04781       5.1620874       69.693927      0.29310863       8.9871968        8.9871968       849.22525                               849.22525
              3       434.81147       33.122562       5.1071967       69.693927      0.29310863       8.9871968        8.9871968       851.64855                               851.64855
              1       434.26174       32.962533       5.2142695       69.693927      0.29310863       8.9871968        8.9871968       850.54909                               850.54909
              1       433.77139        33.01603       5.1864099       69.693927      0.29310863       8.9871968        8.9871968       849.56838                               849.56838
              1       433.44806       33.063238       5.1399272       73.378117      0.26441456       8.9871968        8.9871968       848.92172                               848.92172
              3       433.27187       33.080849       5.1261586       73.378117      0.26441456       8.9871968        8.9871968       848.56934                               848.56934
              1       433.26092       33.074264       5.1293991       73.378117      0.26441456       8.9871968        8.9871968       848.54744                               848.54744
              1       433.44379        33.04404       5.1471559       73.378117      0.26441456       8.9871968        8.9871968       848.91318                               848.91318
              1       433.51615       33.132003        5.089878       73.378117      0.26441456       8.9871968        8.9871968        849.0579                                849.0579
              1       433.46066       33.077725       5.1311656       73.378117      0.26441456       8.9871968        8.9871968       848.94692                               848.94692
              2       433.34449       33.099219       5.1101033       73.378117      0.26441456       8.9871968        8.9871968       848.71458                               848.71458
              1       435.13206       33.030588        5.169635       73.378117      0.26441456       8.9871968        8.9871968       852.28972                               852.28972
              1       434.43971       32.998603       5.1718093       73.378117      0.26441456       8.9871968        8.9871968       850.90503                               850.90503
              1       434.96023       32.993914       5.1721254       73.378117      0.26441456       8.9871968        8.9871968       851.94607                               851.94607
              1       434.18909       33.112003       5.0954359       73.378117      0.26441456       8.9871968        8.9871968       850.40378                               850.40378
              1       436.11491       33.083114       5.1067266       73.378117      0.26441456       8.9871968        8.9871968       854.25542                               854.25542
              2       438.05424       33.003303       5.1853107       67.149588      0.31574158       8.9871968        8.9871968       858.13408                               858.13408
              1       436.49656       33.005946        5.188797       67.149588      0.31574158       8.9871968        8.9871968       855.01872                               855.01872
              1       435.04089       32.995913       5.2070823       67.149588      0.31574158       8.9871968        8.9871968       852.10739                               852.10739
              1       435.60699       32.943674       5.2364159       67.149588      0.31574158       8.9871968        8.9871968       853.23958                               853.23958
              1       436.34557       32.991676        5.198707       67.149588      0.31574158       8.9871968        8.9871968       854.71675                               854.71675
              1       435.49245       32.996029       5.2137265       67.149588      0.31574158       8.9871968        8.9871968        853.0105                                853.0105
              1       435.75725       33.072958       5.1531172       67.149588      0.31574158       8.9871968        8.9871968        853.5401                                853.5401
              1       436.40111       32.960704       5.2408272       67.149588      0.31574158       8.9871968        8.9871968       854.82784                               854.82784
              1       435.33535       33.091119       5.1171759       76.027214      0.24630903       8.9871968        8.9871968        852.6963                                852.6963
              1       437.10991       33.007541       5.1739173       76.027214      0.24630903       8.9871968        8.9871968       856.24542                               856.24542
              1       433.36549       33.108272       5.1090582       72.271747      0.27257208       8.9871968        8.9871968       848.75658                               848.75658
              1       433.27614        33.04861       5.1475335       72.271747      0.27257208       8.9871968        8.9871968       848.57788                               848.57788
              1       433.47351       33.073903        5.128317       72.271747      0.27257208       8.9871968        8.9871968       848.97262                               848.97262
              1       434.44512       33.174386       5.0722367       72.271747      0.27257208       8.9871968        8.9871968       850.91585                               850.91585
              1       433.96553       33.046327       5.1603603       72.271747      0.27257208       8.9871968        8.9871968       849.95667                               849.95667
              2       435.71108       33.120569       5.0951624       76.764133       0.2416027       8.9871968        8.9871968       853.44778                               853.44778
              2       436.16421       33.006121       5.1567939       76.764133       0.2416027       8.9871968        8.9871968       854.35403                               854.35403
              2       434.75499       33.090963       5.1143394       71.493612      0.27853771       8.9871968        8.9871968       851.53558                               851.53558
              1       436.73846       32.958007       5.1970647       71.493612      0.27853771       8.9871968        8.9871968       855.50253                               855.50253
              1       436.77361       33.238025       5.0341341        72.59437      0.27015475       8.9871968        8.9871968       855.57283                               855.57283
              1       434.50401       32.968978       5.1965769        72.59437      0.27015475       8.9871968        8.9871968       851.03362                               851.03362
              1       435.44266       32.929942       5.2230203        72.59437      0.27015475       8.9871968        8.9871968       852.91092                               852.91092
              2       433.56318       33.061134       5.1347378        72.59437      0.27015475       8.9871968        8.9871968       849.15196                               849.15196
              1       435.75209       32.946456       5.2055478        72.88897      0.26797536       8.9871968        8.9871968       853.52979                               853.52979
              1       433.76172       33.138386       5.0936862        72.88897      0.26797536       8.9871968        8.9871968       849.54904                               849.54904
              1       433.95939       33.012788       5.1653817        72.88897      0.26797536       8.9871968        8.9871968       849.94438                               849.94438
              1       434.86072       33.166686        5.061179       73.095432      0.26646368       8.9871968        8.9871968       851.74705                               851.74705
              1       434.13926       33.159492       5.0698064       73.095432      0.26646368       8.9871968        8.9871968       850.30413                               850.30413
              1       434.07387       33.147013       5.0820935       72.121567      0.27370843       8.9871968        8.9871968       850.17336                               850.17336
              1        434.0558        33.14597       5.0827742       72.121567      0.27370843       8.9871968        8.9871968       850.13721                               850.13721
              1       433.72357       33.113064       5.1166663       71.526901      0.27827851       8.9871968        8.9871968       849.47274                               849.47274
              1       433.40276        33.09092       5.1225014       71.526901      0.27827851       8.9871968        8.9871968       848.83113                               848.83113
              1        433.1819       33.053979       5.1508284       71.526901      0.27827851       8.9871968        8.9871968       848.38941                               848.38941
              1       434.82858       33.055632       5.1615932       71.526901      0.27827851       8.9871968        8.9871968       851.68277                               851.68277
              1        434.1192        33.13773       5.0902843       71.526901      0.27827851       8.9871968        8.9871968       850.26401                               850.26401
              1       433.27551       33.089141       5.1259093       71.526901      0.27827851       8.9871968        8.9871968       848.57663                               848.57663
              1       433.39655       33.033124       5.1673306       71.526901      0.27827851       8.9871968        8.9871968       848.81872                               848.81872
              1       434.37407       33.148277       5.0948299       71.526901      0.27827851       8.9871968        8.9871968       850.77374                               850.77374
              3       434.33239       32.971414       5.2092639       71.526901      0.27827851       8.9871968        8.9871968       850.69038                               850.69038
              1       434.10712        33.05466       5.1310251       74.420679      0.25705806       8.9871968        8.9871968       850.23984                               850.23984
              1       433.71744       33.059071       5.1368344       74.420679      0.25705806       8.9871968        8.9871968       849.46049                               849.46049
              1       433.63002       33.062799       5.1315335       74.420679      0.25705806       8.9871968        8.9871968       849.28565                               849.28565
              1       433.79306       33.045692       5.1422884       74.420679      0.25705806       8.9871968        8.9871968       849.61172                               849.61172
              1       434.14847       33.058905       5.1277013       74.420679      0.25705806       8.9871968        8.9871968       850.32255                               850.32255
              1       434.60638       33.103833       5.1119929       75.037873       0.2528468       8.9871968        8.9871968       851.23836                               851.23836
              1       433.93734       33.073995       5.1255289       75.037873       0.2528468       8.9871968        8.9871968       849.90029                               849.90029
              1       433.79233       33.080071         5.11719       75.037873       0.2528468       8.9871968        8.9871968       849.61026                               849.61026
              1       433.86357       33.106341       5.1049353       75.037873       0.2528468       8.9871968        8.9871968       849.75275                               849.75275
              1       433.84572       33.070402       5.1249425       75.037873       0.2528468       8.9871968        8.9871968       849.71704                               849.71704
              1       433.96273       33.106446        5.105954       75.037873       0.2528468       8.9871968        8.9871968       849.95107                               849.95107
              1       433.71286       33.103895        5.102735       75.037873       0.2528468       8.9871968        8.9871968       849.45132                               849.45132
              2       434.09872       33.150702        5.068433       75.026946      0.25292045       8.9871968        8.9871968       850.22305                               850.22305
              1       433.95819       33.061359       5.1283644       75.026946      0.25292045       8.9871968        8.9871968       849.94198                               849.94198
              1        433.8374       33.092858       5.1132232       75.026946      0.25292045       8.9871968        8.9871968       849.70041                               849.70041
              1       436.03369       32.965939       5.1872201       75.026946      0.25292045       8.9871968        8.9871968         854.093                                 854.093
              1       435.04317        33.12697       5.0754992        75.55369      0.24940613       8.9871968        8.9871968       852.11195                               852.11195
              1        434.0759        33.14395       5.0727972        75.55369      0.24940613       8.9871968        8.9871968        850.1774                                850.1774
              1       433.97006       33.129279       5.0849413        75.55369      0.24940613       8.9871968        8.9871968       849.96573                               849.96573
              2       434.55515       33.116313       5.1002163        75.55369      0.24940613       8.9871968        8.9871968       851.13591                               851.13591
              2       434.22821       33.071016       5.1253455        75.55369      0.24940613       8.9871968        8.9871968       850.48203                               850.48203
              1       434.17432       33.086059       5.1162458        75.55369      0.24940613       8.9871968        8.9871968       850.37425                               850.37425
              1       435.74702        32.97766        5.179287       75.047883      0.25277935       8.9871968        8.9871968       853.51964                               853.51964
              1       435.33326       33.057966       5.1440013       75.047883      0.25277935       8.9871968        8.9871968       852.69213                               852.69213
              1       433.98495        33.12496       5.0936635       75.047883      0.25277935       8.9871968        8.9871968        849.9955                                849.9955
              1       434.35445       33.032343       5.1517281       75.047883      0.25277935       8.9871968        8.9871968        850.7345                                850.7345
              1       433.99438        33.05518       5.1351787       75.047883      0.25277935       8.9871968        8.9871968       850.01436                               850.01436
              1       434.20524       33.037846       5.1459184       75.047883      0.25277935       8.9871968        8.9871968       850.43609                               850.43609
              1       434.67445       33.021485       5.1606922       75.047883      0.25277935       8.9871968        8.9871968        851.3745                                851.3745
              1       434.52072       33.021602       5.1584675       75.047883      0.25277935       8.9871968        8.9871968       851.06705                               851.06705
              2       437.97588       33.013639       5.1793461       75.047883      0.25277935       8.9871968        8.9871968       857.97736                               857.97736
              1       437.55513         32.9977       5.1875638       75.047883      0.25277935       8.9871968        8.9871968       857.13586                               857.13586
              1       433.85097       33.070306       5.1249312       75.047883      0.25277935       8.9871968        8.9871968       849.72754                               849.72754
              1       434.76762       33.020395       5.1517386       75.047883      0.25277935       8.9871968        8.9871968       851.56084                               851.56084
              1       434.18344       33.054864       5.1302511       75.047883      0.25277935       8.9871968        8.9871968       850.39248                               850.39248
              1       434.26848       33.141404       5.0845891       75.047883      0.25277935       8.9871968        8.9871968       850.56257                               850.56257
              1       435.25114        33.18082       5.0434981       75.047883      0.25277935       8.9871968        8.9871968       852.52788                               852.52788
              1       434.63804       33.034257       5.1539751       75.047883      0.25277935       8.9871968        8.9871968       851.30169                               851.30169
              1       434.17937       33.123336       5.0964456       75.047883      0.25277935       8.9871968        8.9871968       850.38434                               850.38434
              1       435.40915       33.051898       5.1479924       75.047883      0.25277935       8.9871968        8.9871968        852.8439                                852.8439
              1       435.10918       33.186614       5.0410425       75.047883      0.25277935       8.9871968        8.9871968       852.24397                               852.24397
              1       434.09705        33.07463       5.1268558       75.047883      0.25277935       8.9871968        8.9871968       850.21971                               850.21971
              1        433.9695       33.115245       5.1001253       75.047883      0.25277935       8.9871968        8.9871968        849.9646                                849.9646
              1       434.18586        33.04044        5.142591       75.047883      0.25277935       8.9871968        8.9871968       850.39732                               850.39732
              2       433.25852       33.074294       5.1390324       71.125477      0.28142851       8.9871968        8.9871968       848.54264                               848.54264
              2        433.6938       33.036823       5.1564519       71.125477      0.28142851       8.9871968        8.9871968       849.41321                               849.41321
              1       433.78468       33.107771       5.1117977       71.125477      0.28142851       8.9871968        8.9871968       849.59496                               849.59496
              1       435.15022       33.019381       5.1611339       71.125477      0.28142851       8.9871968        8.9871968       852.32605                               852.32605
              1       435.70944       32.911103        5.242214       70.104917      0.28968201       8.9871968        8.9871968       853.44449                               853.44449
              1        434.4465        33.00451       5.1793175       70.104917      0.28968201       8.9871968        8.9871968        850.9186                                850.9186
              1       433.48051       33.033011        5.168366       70.104917      0.28968201       8.9871968        8.9871968       848.98662                               848.98662
              1       433.46094       33.035345       5.1674895       70.104917      0.28968201       8.9871968        8.9871968       848.94748                               848.94748
              1       433.44941       33.044358       5.1626384       70.104917      0.28968201       8.9871968        8.9871968       848.92442                               848.92442
              1        433.7586       32.995464       5.1970798       70.104917      0.28968201       8.9871968        8.9871968        849.5428                                849.5428
              1       433.53743       33.070611       5.1457657       70.104917      0.28968201       8.9871968        8.9871968       849.10046                               849.10046
              1       434.11845        33.03342       5.1788345       69.556959      0.29426412       8.9871968        8.9871968        850.2625                                850.2625
              1       435.07529       33.060591        5.142965       69.556959      0.29426412       8.9871968        8.9871968       852.17618                               852.17618
              1       435.74564       33.074694       5.1588668       69.556959      0.29426412       8.9871968        8.9871968       853.51689                               853.51689
              1       436.54682       33.180845       5.0688885       69.556959      0.29426412       8.9871968        8.9871968       855.11925                               855.11925
              1       434.57916       33.128176       5.1102893       69.556959      0.29426412       8.9871968        8.9871968       851.18393                               851.18393
              2       434.28476       33.139445       5.0991916       70.444362        0.286897       8.9871968        8.9871968       850.59512                               850.59512
              2       436.21919         33.0948       5.1431579       66.928694      0.31782919       8.9871968        8.9871968         854.464                                 854.464
              1       435.84638       33.063707       5.1600972       66.928694      0.31782919       8.9871968        8.9871968       853.71836                               853.71836
              1       434.31345       33.093268       5.1309861       69.256495      0.29682295       8.9871968        8.9871968       850.65251                               850.65251
              1       434.18511       33.088685       5.1350593       69.256495      0.29682295       8.9871968        8.9871968       850.39583                               850.39583
              1       434.39954       32.952463       5.2262443       69.256495      0.29682295       8.9871968        8.9871968       850.82469                               850.82469
              1       434.06747       33.038606        5.175362       69.256495      0.29682295       8.9871968        8.9871968       850.16055                               850.16055
              1       433.99015       33.053784       5.1641959       69.256495      0.29682295       8.9871968        8.9871968        850.0059                                850.0059
              1       434.14128       33.049517       5.1683985       68.920436      0.29972464       8.9871968        8.9871968       850.30816                               850.30816
              1       435.91777       33.136176       5.1163035       68.920436      0.29972464       8.9871968        8.9871968       853.86115                               853.86115
              1       434.42305        32.98628       5.2112215       68.920436      0.29972464       8.9871968        8.9871968        850.8717                                850.8717
              1       434.21648       32.972935       5.2148983       68.920436      0.29972464       8.9871968        8.9871968       850.45857                               850.45857
              3       434.09231       33.060758       5.1592271       68.920436      0.29972464       8.9871968        8.9871968       850.21023                               850.21023
              1        434.0587        33.05556       5.1626498       68.920436      0.29972464       8.9871968        8.9871968       850.14301                               850.14301
              1       434.33403       32.962757       5.2205714       68.920436      0.29972464       8.9871968        8.9871968       850.69367                               850.69367
              1       433.68496       33.035967       5.1729225       69.788275      0.29231665       8.9871968        8.9871968       849.39552                               849.39552
              1       436.37389       33.097836        5.144452       69.788275      0.29231665       8.9871968        8.9871968       854.77338                               854.77338
              1       434.03678       33.091869       5.1290375       69.788275      0.29231665       8.9871968        8.9871968       850.09916                               850.09916
              1       433.89871       33.079692        5.137087       69.788275      0.29231665       8.9871968        8.9871968       849.82302                               849.82302
              1       433.63251       33.065094       5.1503194       69.788275      0.29231665       8.9871968        8.9871968       849.29063                               849.29063
              1       435.46166       32.902409       5.2555423       69.788275      0.29231665       8.9871968        8.9871968       852.94892                               852.94892
              1       433.90136       33.057609       5.1607292       69.788275      0.29231665       8.9871968        8.9871968       849.82832                               849.82832
              1       434.83152       32.927868       5.2409122       69.788275      0.29231665       8.9871968        8.9871968       851.68864                               851.68864
              1       435.16494       32.990416       5.2104963       69.788275      0.29231665       8.9871968        8.9871968       852.35549                               852.35549
              1       434.42448       33.127113       5.1113362       69.788275      0.29231665       8.9871968        8.9871968       850.87456                               850.87456
              1       435.10634       33.172389       5.0554896       76.883531      0.24085288       8.9871968        8.9871968       852.23829                               852.23829
              1       435.11251        33.09851       5.0926569       76.883531      0.24085288       8.9871968        8.9871968       852.25063                               852.25063
              1       435.09604       33.079271        5.106767       76.883531      0.24085288       8.9871968        8.9871968        852.2177                                852.2177
              1       435.38571       33.151172       5.0724544       76.883531      0.24085288       8.9871968        8.9871968       852.79702                               852.79702
              1       435.25517       33.065463       5.1157803       76.883531      0.24085288       8.9871968        8.9871968       852.53596                               852.53596
              2       436.36353         33.0499       5.1201063       76.883531      0.24085288       8.9871968        8.9871968       854.75266                               854.75266
              1        435.7914       32.945597       5.2234945       68.501448      0.30340238       8.9871968        8.9871968        853.6084                                853.6084
              1        434.4127       32.945869        5.225693       70.262073      0.28838759       8.9871968        8.9871968         850.851                                 850.851
              1        435.0334        32.92466       5.2358273       70.262073      0.28838759       8.9871968        8.9871968       852.09241                               852.09241
              1       435.34631       32.961652       5.2045815       70.262073      0.28838759       8.9871968        8.9871968       852.71823                               852.71823
              1       435.54947        32.95464       5.2087912       70.262073      0.28838759       8.9871968        8.9871968       853.12455                               853.12455
              2       434.78631       32.980249        5.193819       70.262073      0.28838759       8.9871968        8.9871968       851.59822                               851.59822
              1       433.44877       33.035634       5.1655571       70.262073      0.28838759       8.9871968        8.9871968       848.92314                               848.92314
              1       436.31973       32.893513       5.2523748       70.262073      0.28838759       8.9871968        8.9871968       854.66507                               854.66507
              1       437.67684       32.877399       5.2585564       70.262073      0.28838759       8.9871968        8.9871968       857.37929                               857.37929
              1       436.36566       32.915332       5.2346155       70.262073      0.28838759       8.9871968        8.9871968       854.75692                               854.75692
              2       434.38479       33.109097       5.1127234       70.262073      0.28838759       8.9871968        8.9871968       850.79518                               850.79518
              1       433.61014       33.030362       5.1751527       70.262073      0.28838759       8.9871968        8.9871968       849.24589                               849.24589
              1       434.16415       32.958977       5.2168072       70.262073      0.28838759       8.9871968        8.9871968       850.35392                               850.35392
              1       434.29413       33.038263       5.1602167       73.544233      0.26322143       8.9871968        8.9871968       850.61387                               850.61387
              1       434.06282       33.008534       5.1745868       73.544233      0.26322143       8.9871968        8.9871968       850.15124                               850.15124
              2       433.44789       33.056111        5.142639       73.544233      0.26322143       8.9871968        8.9871968       848.92139                               848.92139
              1       434.11246       33.149926       5.0729759       73.544233      0.26322143       8.9871968        8.9871968       850.25054                               850.25054
              1       434.07972       33.039826       5.1432425       73.544233      0.26322143       8.9871968        8.9871968       850.18504                               850.18504
              1       434.33052       32.987192       5.1856011       73.544233      0.26322143       8.9871968        8.9871968       850.68664                               850.68664
              1       434.26406        33.12979        5.109071       70.283469      0.28821203       8.9871968        8.9871968       850.55372                               850.55372
              1       433.83444       33.096359       5.1317211       70.283469      0.28821203       8.9871968        8.9871968       849.69448                               849.69448
              1       434.55106       33.147028       5.0964182       70.283469      0.28821203       8.9871968        8.9871968       851.12772                               851.12772
              1       435.71065       33.165995       5.0910126       70.283469      0.28821203       8.9871968        8.9871968        853.4469                                853.4469
              1       435.75949       33.160481       5.0956266       70.283469      0.28821203       8.9871968        8.9871968       853.54458                               853.54458
              1       435.65048       33.200654       5.0560657       73.446875      0.26391972       8.9871968        8.9871968       853.32656                               853.32656
              1       434.10516       33.053964       5.1502686       73.446875      0.26391972       8.9871968        8.9871968       850.23592                               850.23592
              1       437.33203       33.245553       5.0283906       73.446875      0.26391972       8.9871968        8.9871968       856.68966                               856.68966
              1       438.20937       33.266058       5.0155141       73.446875      0.26391972       8.9871968        8.9871968       858.44435                               858.44435
              1       434.11416       33.173234       5.0629916       73.446875      0.26391972       8.9871968        8.9871968       850.25392                               850.25392
              1       435.36091        33.12696       5.0847355       72.581214      0.27025269       8.9871968        8.9871968       852.74743                               852.74743
              1       434.85065       33.099344       5.1036526       72.581214      0.27025269       8.9871968        8.9871968       851.72691                               851.72691
              1       433.40163       33.028292       5.1635983       72.581214      0.27025269       8.9871968        8.9871968       848.82887                               848.82887
              1       433.65523       33.102422       5.1077955       72.581214      0.27025269       8.9871968        8.9871968       849.33607                               849.33607
              2       433.71048       33.135542       5.0887773       72.581214      0.27025269       8.9871968        8.9871968       849.44657                               849.44657
              1       434.14346       32.989837       5.1919205       72.581214      0.27025269       8.9871968        8.9871968       850.31253                               850.31253
              1       433.76683        33.01016       5.1780756       72.581214      0.27025269       8.9871968        8.9871968       849.55927                               849.55927
              1       434.34789       33.179383       5.0643552       72.581214      0.27025269       8.9871968        8.9871968       850.72138                               850.72138
              1       437.24938       33.072939       5.1699371       66.634736      0.32063957       8.9871968        8.9871968       856.52437                               856.52437
              1       436.61968       33.076035       5.1640353       66.634736      0.32063957       8.9871968        8.9871968       855.26496                               855.26496
              1       435.55599       33.022641       5.1914519       66.634736      0.32063957       8.9871968        8.9871968       853.13759                               853.13759
              2        435.7552       33.029772       5.1836731       66.634736      0.32063957       8.9871968        8.9871968         853.536                                 853.536
              1       435.70299       33.017743       5.1995299       66.634736      0.32063957       8.9871968        8.9871968       853.43158                               853.43158
              2       434.07673       33.012651       5.1911256       68.686377      0.30177083       8.9871968        8.9871968       850.17907                               850.17907
              1       434.43956       33.052471       5.1580769       68.686377      0.30177083       8.9871968        8.9871968       850.90473                               850.90473
              2       434.20135       32.997549       5.2023015       68.686377      0.30177083       8.9871968        8.9871968       850.42831                               850.42831
              1       434.98031       33.030386       5.1603711       74.785344      0.25455726       8.9871968        8.9871968       851.98622                               851.98622
              1       433.86437       33.097692       5.1126317       74.785344      0.25455726       8.9871968        8.9871968       849.75434                               849.75434
              3       433.84899        33.14093       5.0771971       74.785344      0.25455726       8.9871968        8.9871968       849.72359                               849.72359
              1       434.40281       33.181738       5.0502057       74.785344      0.25455726       8.9871968        8.9871968       850.83123                               850.83123
              1       434.05917       33.132494       5.0909127       74.785344      0.25455726       8.9871968        8.9871968       850.14395                               850.14395
              2       433.68134        33.10364       5.1015286       74.785344      0.25455726       8.9871968        8.9871968       849.38829                               849.38829
              2       434.36649       33.030467       5.1471101       74.785344      0.25455726       8.9871968        8.9871968       850.75859                               850.75859
              1       434.89611       33.032589       5.1415727       74.785344      0.25455726       8.9871968        8.9871968       851.81782                               851.81782
              1       433.81965       33.064889       5.1269045       74.785344      0.25455726       8.9871968        8.9871968       849.66492                               849.66492
              1       433.71392       33.084685       5.1138402       74.785344      0.25455726       8.9871968        8.9871968       849.45344                               849.45344
              1       433.75314       33.086737       5.1117254       74.785344      0.25455726       8.9871968        8.9871968       849.53188                               849.53188
              2       433.75632       33.088878       5.1101941       74.785344      0.25455726       8.9871968        8.9871968       849.53826                               849.53826
              1        433.9952       33.083354       5.1228084       74.785344      0.25455726       8.9871968        8.9871968       850.01601                               850.01601
              1       433.87133       33.136753       5.0790373       74.785344      0.25455726       8.9871968        8.9871968       849.76827                               849.76827
              1        437.2254       33.162399       5.0959525       67.655683      0.31103547       8.9871968        8.9871968       856.47641                               856.47641
              1        436.6272       33.055691       5.1532275       67.655683      0.31103547       8.9871968        8.9871968       855.28002                               855.28002
              1       434.67528       32.997914       5.2035398       67.655683      0.31103547       8.9871968        8.9871968       851.37617                               851.37617
              1       436.04606       32.951176       5.2440143       67.655683      0.31103547       8.9871968        8.9871968       854.11772                               854.11772
              1       434.70463       33.008369       5.1948038       67.655683      0.31103547       8.9871968        8.9871968       851.43487                               851.43487
              1       434.88659        33.05403       5.1675114       67.655683      0.31103547       8.9871968        8.9871968       851.79879                               851.79879
              1       435.00403       32.951636       5.2341911       67.655683      0.31103547       8.9871968        8.9871968       852.03367                               852.03367
              1       434.86304       32.965697       5.2235865       67.655683      0.31103547       8.9871968        8.9871968        851.7517                                851.7517
              1       435.78026       33.029556        5.192033        66.65647      0.32043051       8.9871968        8.9871968       853.58612                               853.58612
              2       436.23538       32.953465       5.2447501        66.65647      0.32043051       8.9871968        8.9871968       854.49637                               854.49637
              2       433.44817       33.107617       5.1103723        73.48659      0.26363453       8.9871968        8.9871968       848.92195                               848.92195
              1       433.56944       33.109152         5.11067        73.48659      0.26363453       8.9871968        8.9871968       849.16449                               849.16449
              1       433.30058         33.0692       5.1323912        73.48659      0.26363453       8.9871968        8.9871968       848.62676                               848.62676
              1       433.30632       33.087905       5.1215732        73.48659      0.26363453       8.9871968        8.9871968       848.63825                               848.63825
              1       433.22996       33.094331       5.1205175       72.064615      0.27414122       8.9871968        8.9871968       848.48553                               848.48553
              1        436.1616       33.139132       5.0856585       70.531088      0.28619189       8.9871968        8.9871968       854.34881                               854.34881
              1       435.16173       33.079802       5.1504559       70.531088      0.28619189       8.9871968        8.9871968       852.34906                               852.34906
              1       439.76647       32.901779        5.273642       70.531088      0.28619189       8.9871968        8.9871968       861.55855                               861.55855
              1       433.56578          33.091       5.1286501       70.531088      0.28619189       8.9871968        8.9871968       849.15716                               849.15716
              1        433.4032       33.031969       5.1707336       70.531088      0.28619189       8.9871968        8.9871968       848.83201                               848.83201
              2       434.34527       32.988834       5.2044957       70.561976      0.28594139       8.9871968        8.9871968       850.71614                               850.71614
              1       433.60134       33.009337       5.1866029       70.561976      0.28594139       8.9871968        8.9871968       849.22829                               849.22829
              1       433.84376       32.979764       5.2040648       70.561976      0.28594139       8.9871968        8.9871968       849.71313                               849.71313
              1       434.78245       33.037882       5.1529355       70.561976      0.28594139       8.9871968        8.9871968        851.5905                                851.5905
              1       434.96384       33.087249       5.1208294       70.561976      0.28594139       8.9871968        8.9871968       851.95329                               851.95329
              1       435.57026       33.110942       5.1041639       70.561976      0.28594139       8.9871968        8.9871968       853.16612                               853.16612
              1       436.92635       33.103753       5.1043659       70.561976      0.28594139       8.9871968        8.9871968        855.8783                                855.8783
              1       436.62354       33.104316       5.1048533       70.561976      0.28594139       8.9871968        8.9871968       855.27268                               855.27268
              1       435.80317       33.145938       5.0829186       70.561976      0.28594139       8.9871968        8.9871968       853.63195                               853.63195
              1        434.2845       32.993879       5.2006692       70.699269      0.28483191       8.9871968        8.9871968        850.5946                                850.5946
              1       434.33096       33.135883       5.0957481       70.699269      0.28483191       8.9871968        8.9871968       850.68753                               850.68753
              2       434.26608       33.130791       5.0987895       70.699269      0.28483191       8.9871968        8.9871968       850.55776                               850.55776
              3       433.39682       33.059764       5.1469567       70.699269      0.28483191       8.9871968        8.9871968       848.81924                               848.81924
              2       433.97756       33.040027       5.1729745       69.863471      0.29168773       8.9871968        8.9871968       849.98073                               849.98073
              1        433.8196       33.065636       5.1452154       69.863471      0.29168773       8.9871968        8.9871968       849.66482                               849.66482
              1       434.04898       33.059519       5.1469776       69.863471      0.29168773       8.9871968        8.9871968       850.12356                               850.12356
              1       435.13753       33.120831       5.1231303       69.863471      0.29168773       8.9871968        8.9871968       852.30066                               852.30066
              1        433.5955       33.034352       5.1675172       69.863471      0.29168773       8.9871968        8.9871968       849.21661                               849.21661
              3       434.10551       32.979976       5.2007786       69.863471      0.29168773       8.9871968        8.9871968       850.23662                               850.23662
              1       436.96658       33.182102       5.0839323       68.734025      0.30135259       8.9871968        8.9871968       855.95877                               855.95877
              1       434.29157       32.971647       5.2161759       68.734025      0.30135259       8.9871968        8.9871968       850.60875                               850.60875
              1       434.29918       32.993315       5.1973724       68.734025      0.30135259       8.9871968        8.9871968       850.62396                               850.62396
              1       434.64895       33.049832       5.1724041       68.734025      0.30135259       8.9871968        8.9871968       851.32351                               851.32351
              1       433.50241       33.071065       5.1343386       73.594621      0.26286111       8.9871968        8.9871968       849.03042                               849.03042
              1       433.97946       33.035661       5.1468571       73.594621      0.26286111       8.9871968        8.9871968       849.98453                               849.98453
              1       434.94515        33.00742       5.1811865       73.594621      0.26286111       8.9871968        8.9871968       851.91591                               851.91591
              1       433.90704        33.15047       5.0828004       73.594621      0.26286111       8.9871968        8.9871968       849.83969                               849.83969
              2       434.12494       33.174058       5.0617522       73.594621      0.26286111       8.9871968        8.9871968       850.27549                               850.27549
              1       434.34028       33.038464       5.1600488       73.594621      0.26286111       8.9871968        8.9871968       850.70616                               850.70616
              1       434.34362       33.041259       5.1405638       73.594621      0.26286111       8.9871968        8.9871968       850.71284                               850.71284
              1       435.41111       33.223783       5.0340144       73.594621      0.26286111       8.9871968        8.9871968       852.84782                               852.84782
              1       433.96483       33.025153       5.1548739       73.594621      0.26286111       8.9871968        8.9871968       849.95527                               849.95527
              1       433.82539       33.003326       5.1762394        71.90412       0.2753664       8.9871968        8.9871968       849.67639                               849.67639
              1       434.80768       33.189485        5.060722        71.90412       0.2753664       8.9871968        8.9871968       851.64096                               851.64096
              2       434.03886       32.973896       5.1997618        71.90412       0.2753664       8.9871968        8.9871968       850.10332                               850.10332
              1       435.57399       33.032305       5.1476323        71.90412       0.2753664       8.9871968        8.9871968       853.17359                               853.17359
              2       433.73638       32.999505        5.179954       72.422421       0.2714391       8.9871968        8.9871968       849.49836                               849.49836
              1       435.80335       32.997883       5.1685151       72.422421       0.2714391       8.9871968        8.9871968        853.6323                                853.6323
              1       435.34261       33.001068       5.1679305       72.422421       0.2714391       8.9871968        8.9871968       852.71082                               852.71082
              1       433.68053       33.031785       5.1664808       72.422421       0.2714391       8.9871968        8.9871968       849.38667                               849.38667
              1        434.1974       33.157238       5.0846508       71.550483       0.2780951       8.9871968        8.9871968       850.42041                               850.42041
              1       434.39019       32.957551       5.2156269       71.550483       0.2780951       8.9871968        8.9871968       850.80599                               850.80599
              1       433.31204       33.057334       5.1440942       71.550483       0.2780951       8.9871968        8.9871968       848.64968                               848.64968
              2       433.68206       32.991785       5.1911634       71.550483       0.2780951       8.9871968        8.9871968       849.38973                               849.38973
              1       433.56183       33.031361        5.170011       71.550483       0.2780951       8.9871968        8.9871968       849.14928                               849.14928
              1       433.38094       33.016409       5.1739965       71.550483       0.2780951       8.9871968        8.9871968       848.78749                               848.78749
              1       433.41517       33.029743       5.1693948       71.550483       0.2780951       8.9871968        8.9871968       848.85595                               848.85595
              1       434.07895       33.152518       5.0850975       71.550483       0.2780951       8.9871968        8.9871968       850.18351                               850.18351
              2       434.06028        33.05072       5.1612661       71.550483       0.2780951       8.9871968        8.9871968       850.14616                               850.14616
              1       435.67267       32.919668       5.2308308       71.550483       0.2780951       8.9871968        8.9871968       853.37095                               853.37095
              1       434.84012       33.140536       5.1034636       71.550483       0.2780951       8.9871968        8.9871968       851.70584                               851.70584
              1       434.52657       33.017067       5.1626901       71.722647      0.27676162       8.9871968        8.9871968       851.07875                               851.07875
              1        433.2846       33.067305       5.1370787       71.722647      0.27676162       8.9871968        8.9871968       848.59481                               848.59481
              1       433.19282       33.048446       5.1516691       71.722647      0.27676162       8.9871968        8.9871968       848.41125                               848.41125
              1       433.19336       33.074467        5.137425       71.722647      0.27676162       8.9871968        8.9871968       848.41232                               848.41232
              1       433.55526       33.018096       5.1767102       71.722647      0.27676162       8.9871968        8.9871968       849.13614                               849.13614
              1       433.30041       33.046193       5.1575646       71.722647      0.27676162       8.9871968        8.9871968       848.62643                               848.62643
              1       433.18184       33.077753       5.1331984       71.722647      0.27676162       8.9871968        8.9871968       848.38929                               848.38929
              1       433.49393       33.080838       5.1371717       71.722647      0.27676162       8.9871968        8.9871968       849.01346                               849.01346
              1       434.39586       33.165147       5.0804262       71.722647      0.27676162       8.9871968        8.9871968       850.81733                               850.81733
              1       433.65167        33.03167       5.1698203       71.722647      0.27676162       8.9871968        8.9871968       849.32895                               849.32895
              1       433.97101       32.987386       5.1969341       71.722647      0.27676162       8.9871968        8.9871968       849.96762                               849.96762
              1       434.05088       32.994323       5.1941148       71.722647      0.27676162       8.9871968        8.9871968       850.12737                               850.12737
              1       434.60177       33.172783       5.0683468       71.722647      0.27676162       8.9871968        8.9871968       851.22915                               851.22915
              2       433.89511       32.979275       5.2022204       71.227968      0.28061919       8.9871968        8.9871968       849.81583                               849.81583
              1       433.51688       33.005534       5.1846375       71.227968      0.28061919       8.9871968        8.9871968       849.05936                               849.05936
              1       433.36106        33.01941       5.1747113       71.227968      0.28061919       8.9871968        8.9871968       848.74773                               848.74773
              1       433.31155       33.079127       5.1327585       71.227968      0.28061919       8.9871968        8.9871968       848.64871                               848.64871
              1       434.28927       32.957044       5.2123482       71.227968      0.28061919       8.9871968        8.9871968       850.60415                               850.60415
              2       433.96728       32.991757       5.1936432       71.911866      0.27530707       8.9871968        8.9871968       849.96016                               849.96016
              1       433.88523       33.004132        5.186469       71.911866      0.27530707       8.9871968        8.9871968       849.79607                               849.79607
              1       433.33318       33.088041       5.1298453       71.911866      0.27530707       8.9871968        8.9871968       848.69198                               848.69198
              3       433.70682       33.123733       5.1075144        71.22757      0.28062233       8.9871968        8.9871968       849.43924                               849.43924
              1       436.19955       33.158145       5.0971098        71.22757      0.28062233       8.9871968        8.9871968        854.4247                                854.4247
              1       436.21595       33.156309       5.0989066       71.085404      0.28174591       8.9871968        8.9871968        854.4575                                854.4575
              3         433.599       33.108786       5.1188543       71.085404      0.28174591       8.9871968        8.9871968        849.2236                                849.2236
              2       433.27679       33.033345       5.1658607       71.085404      0.28174591       8.9871968        8.9871968       848.57919                               848.57919
              3       433.48774       33.053697       5.1575567       70.058739      0.29006401       8.9871968        8.9871968       849.00108                               849.00108
              1        433.5732       33.072433       5.1453048       70.058739      0.29006401       8.9871968        8.9871968       849.17201                               849.17201
              1       433.43536       33.059984        5.145402       72.798946      0.26863853       8.9871968        8.9871968       848.89633                               848.89633
              1         433.592       33.054759       5.1500096       72.798946      0.26863853       8.9871968        8.9871968        849.2096                                849.2096
              1       434.04946       33.085548       5.1332059       72.798946      0.26863853       8.9871968        8.9871968       850.12452                               850.12452
              1       433.40869        33.04557       5.1465206       72.798946      0.26863853       8.9871968        8.9871968       848.84299                               848.84299
              1       434.10906       33.059162       5.1607694       70.058286      0.29006777       8.9871968        8.9871968       850.24373                               850.24373
              1       434.56497       32.972388       5.2171034       70.058286      0.29006777       8.9871968        8.9871968       851.15555                               851.15555
              1       433.88987       32.982211       5.2006511       70.058286      0.29006777       8.9871968        8.9871968       849.80535                               849.80535
              1       433.89716       32.980869       5.2017225       70.058286      0.29006777       8.9871968        8.9871968       849.81992                               849.81992
              1       436.30799       33.096196       5.1135987       70.058286      0.29006777       8.9871968        8.9871968       854.64159                               854.64159
              1        435.4677        33.17551        5.079985       70.058286      0.29006777       8.9871968        8.9871968       852.96101                               852.96101
              1       437.19034       33.202923       5.0506847       70.058286      0.29006777       8.9871968        8.9871968       856.40629                               856.40629
              1       437.95392        33.09774       5.1302015        74.36587      0.25743712       8.9871968        8.9871968       857.93345                               857.93345
              2       434.06379       33.058863       5.1411881        74.36587      0.25743712       8.9871968        8.9871968       850.15318                               850.15318
              1       434.18377       33.115599       5.1058989        74.36587      0.25743712       8.9871968        8.9871968       850.39316                               850.39316
              1       434.29613       33.101234       5.1160723        74.36587      0.25743712       8.9871968        8.9871968       850.61787                               850.61787
              1       436.84275       33.206849       5.0525768        74.36587      0.25743712       8.9871968        8.9871968       855.71111                               855.71111
              1       436.95076       33.134894       5.1222154       68.716884      0.30150295       8.9871968        8.9871968       855.92713                               855.92713
              1       436.27434       32.955272       5.2396737       68.716884      0.30150295       8.9871968        8.9871968       854.57428                               854.57428
              1       434.47785       32.995294       5.2065675       68.716884      0.30150295       8.9871968        8.9871968       850.98131                               850.98131
              1       436.76081       33.099891       5.1184684       68.716884      0.30150295       8.9871968        8.9871968       855.54723                               855.54723
              1       434.56953       33.055621       5.1674914       68.395085      0.30434677       8.9871968        8.9871968       851.16467                               851.16467
              1       434.47355       33.058892       5.1574763       68.395085      0.30434677       8.9871968        8.9871968        850.9727                                850.9727
              1       434.59191       32.957675       5.2272332       68.395085      0.30434677       8.9871968        8.9871968       851.20943                               851.20943
              1       435.50473       32.957182        5.217256       68.395085      0.30434677       8.9871968        8.9871968       853.03508                               853.03508
              2       437.22967        33.26901       4.9812731       77.921929      0.23447638       8.9871968        8.9871968       856.48495                               856.48495
              1       438.27656       33.289311       4.9638731       77.921929      0.23447638       8.9871968        8.9871968       858.57873                               858.57873
              1       435.45369       33.136819        5.072692       77.921929      0.23447638       8.9871968        8.9871968       852.93299                               852.93299
              1       434.30127       33.098849       5.0981043       75.666465      0.24866324       8.9871968        8.9871968       850.62815                               850.62815
              3       434.88542       33.071466       5.1277343       75.890582      0.24719673       8.9871968        8.9871968       851.79645                               851.79645
              1       436.02522        33.15401       5.0537704       75.890582      0.24719673       8.9871968        8.9871968       854.07605                               854.07605
              2       434.55718       33.065991        5.119448       75.890582      0.24719673       8.9871968        8.9871968       851.13996                               851.13996
              1       435.84493       33.203391       5.0253588       75.890582      0.24719673       8.9871968        8.9871968       853.71548                               853.71548
              1        437.1204       33.226029       5.0073603       75.890582      0.24719673       8.9871968        8.9871968        856.2664                                856.2664
              1       436.09564       33.219498       5.0153607       75.890582      0.24719673       8.9871968        8.9871968       854.21689                               854.21689
              1        436.0653       33.220375        5.015061       75.890582      0.24719673       8.9871968        8.9871968        854.1562                                854.1562
              1       434.98498       33.163582       5.0526625       75.890582      0.24719673       8.9871968        8.9871968       851.99557                               851.99557
              1       434.89497       33.148899        5.061958       75.890582      0.24719673       8.9871968        8.9871968       851.81556                               851.81556
              1        434.8218       33.153743       5.0897839       72.757953      0.26894132       8.9871968        8.9871968        851.6692                                851.6692
              1       433.82625       33.154219       5.0787462       72.757953      0.26894132       8.9871968        8.9871968       849.67811                               849.67811
              1       433.59589       33.130829       5.0981363       72.757953      0.26894132       8.9871968        8.9871968       849.21739                               849.21739
              1       433.18904       33.089287       5.1224333       72.757953      0.26894132       8.9871968        8.9871968       848.40368                               848.40368
              1       435.61238        33.21047       5.0363797       72.757953      0.26894132       8.9871968        8.9871968       853.25037                               853.25037
              1       434.02274       33.093878       5.1277155       72.757953      0.26894132       8.9871968        8.9871968       850.07108                               850.07108
              1       433.70868       33.007909       5.1766369       72.757953      0.26894132       8.9871968        8.9871968       849.44297                               849.44297
              2       434.62863        33.03843       5.1479163       75.443191      0.25013726       8.9871968        8.9871968       851.28287                               851.28287
              2       433.89129       33.106635        5.100216       75.443191      0.25013726       8.9871968        8.9871968       849.80819                               849.80819
              1       434.18215       33.055165       5.1626013       70.536696      0.28614639       8.9871968        8.9871968       850.38992                               850.38992
              1       434.13295       33.030149       5.1784455       70.536696      0.28614639       8.9871968        8.9871968        850.2915                                850.2915
              1       434.16896       33.022438       5.1834632       70.536696      0.28614639       8.9871968        8.9871968       850.36352                               850.36352
              1       435.64998       33.127059       5.0944926       70.536696      0.28614639       8.9871968        8.9871968       853.32557                               853.32557
              1       435.46215       33.156836       5.0653449       72.842951      0.26831405       8.9871968        8.9871968        852.9499                                852.9499
              1       434.97872       33.171961       5.0767298       72.842951      0.26831405       8.9871968        8.9871968       851.98304                               851.98304
              1       433.20818       33.071832       5.1311687       72.842951      0.26831405       8.9871968        8.9871968       848.44197                               848.44197
              1       434.27224       33.149712       5.0751466       72.842951      0.26831405       8.9871968        8.9871968       850.57008                               850.57008
              2       433.86221       33.093234       5.1204891       70.965967      0.28269507       8.9871968        8.9871968       849.75002                               849.75002
              1       435.06301       33.040915       5.1478385       70.965967      0.28269507       8.9871968        8.9871968       852.15163                               852.15163
              4       433.47199       33.095279       5.1237453       70.965967      0.28269507       8.9871968        8.9871968       848.96958                               848.96958
              1       435.55522       32.916348        5.247723       70.965967      0.28269507       8.9871968        8.9871968       853.13604                               853.13604
              1       435.51699       33.094846        5.129579         73.5232      0.26337205       8.9871968        8.9871968        853.0596                                853.0596
              2       436.03533       33.020708       5.1780329         73.5232      0.26337205       8.9871968        8.9871968       854.09626                               854.09626
              2       433.50222       33.131501        5.090199         73.5232      0.26337205       8.9871968        8.9871968       849.03004                               849.03004
              1       433.39627        33.12174       5.0997537       72.767204      0.26887295       8.9871968        8.9871968       848.81814                               848.81814
              1       434.36622       32.975799       5.1989323       72.767204      0.26887295       8.9871968        8.9871968       850.75806                               850.75806
              1        434.9071       33.201415       5.0468014       72.767204      0.26887295       8.9871968        8.9871968        851.8398                                851.8398
              1       433.38867       33.121334        5.101788       72.767204      0.26887295       8.9871968        8.9871968       848.80295                               848.80295
              2       433.64141        33.10852       5.1152006       72.767204      0.26887295       8.9871968        8.9871968       849.30842                               849.30842
              2        433.2189       33.069593       5.1366427       72.767204      0.26887295       8.9871968        8.9871968        848.4634                                848.4634
              2       434.36073       33.041474       5.1427833       72.767204      0.26887295       8.9871968        8.9871968       850.74707                               850.74707
              2       434.22161       32.977096       5.1940424       72.767204      0.26887295       8.9871968        8.9871968       850.46882                               850.46882
              1       435.79528       33.001946       5.1645334       72.767204      0.26887295       8.9871968        8.9871968       853.61617                               853.61617
              1       438.07835       32.939303        5.236138       72.767204      0.26887295       8.9871968        8.9871968        858.1823                                858.1823
              2       433.90046       33.025664       5.1697247       72.767204      0.26887295       8.9871968        8.9871968       849.82652                               849.82652
              1       434.07962        32.97986       5.1927596       72.444922      0.27127051       8.9871968        8.9871968       850.18484                               850.18484
              1       433.29358       33.046887       5.1533781       72.444922      0.27127051       8.9871968        8.9871968       848.61276                               848.61276
              1       434.49357       33.129935       5.0871271       72.444922      0.27127051       8.9871968        8.9871968       851.01276                               851.01276
              1       433.90736       33.096686       5.1273391       72.243574      0.27278472       8.9871968        8.9871968       849.84032                               849.84032
              2       433.75853       33.143337       5.0908398       72.243574      0.27278472       8.9871968        8.9871968       849.54267                               849.54267
              2       433.23482       33.099149       5.1179438       72.243574      0.27278472       8.9871968        8.9871968       848.49524                               848.49524
              1        433.3943       33.078624       5.1379904       70.666724      0.28509432       8.9871968        8.9871968       848.81421                               848.81421
              2       433.39224       33.078267       5.1382596       70.666724      0.28509432       8.9871968        8.9871968       848.81009                               848.81009
              1       433.40905       33.077289       5.1392144        70.59162      0.28570128       8.9871968        8.9871968       848.84371                               848.84371
              1       433.25455       33.104856       5.1122895        72.70951      0.26929981       8.9871968        8.9871968        848.5347                                848.5347
              1         434.078        33.16619       5.0702899        72.70951      0.26929981       8.9871968        8.9871968       850.18161                               850.18161
              1       433.50672       33.126399       5.1005338        72.70951      0.26929981       8.9871968        8.9871968       849.03904                               849.03904
              1       433.74315       33.117288       5.0977532        72.70951      0.26929981       8.9871968        8.9871968       849.51191                               849.51191
              4       434.21543       33.173421       5.0690226        72.70951      0.26929981       8.9871968        8.9871968       850.45647                               850.45647
              1       435.41819       33.106559       5.1251579        72.70951      0.26929981       8.9871968        8.9871968       852.86198                               852.86198
              1       435.27513       33.118161       5.1168138        72.70951      0.26929981       8.9871968        8.9871968       852.57586                               852.57586
              1       435.83127       33.148898       5.0867927       75.070946      0.25262406       8.9871968        8.9871968       853.68814                               853.68814
              1       435.57647       33.024551        5.164653       75.070946      0.25262406       8.9871968        8.9871968       853.17854                               853.17854
              1       434.00099       33.069694       5.1284157       75.070946      0.25262406       8.9871968        8.9871968       850.02758                               850.02758
              1       433.27694       33.089454       5.1177015       73.484413      0.26365015       8.9871968        8.9871968       848.57949                               848.57949
              2        433.5418       33.046913       5.1554112       70.404902      0.28721869       8.9871968        8.9871968        849.1092                                849.1092
              1       434.79455       33.006389       5.1747981       70.404902      0.28721869       8.9871968        8.9871968        851.6147                                851.6147
              1       433.51818       33.014065       5.1787424       70.404902      0.28721869       8.9871968        8.9871968       849.06196                               849.06196
              1       433.81042       33.065908        5.140996       70.404902      0.28721869       8.9871968        8.9871968       849.64645                               849.64645
              1       434.24427       32.955823       5.2170388       70.404902      0.28721869       8.9871968        8.9871968       850.51415                               850.51415
              1       433.68429       32.996548       5.1946902       70.404902      0.28721869       8.9871968        8.9871968       849.39418                               849.39418
              1       434.17941       33.030876       5.1486097       74.589072       0.2558987       8.9871968        8.9871968       850.38442                               850.38442
              1       433.91843       33.051707       5.1351177       74.589072       0.2558987       8.9871968        8.9871968       849.86247                               849.86247
              1       435.05033       32.982904       5.1854914       74.589072       0.2558987       8.9871968        8.9871968       852.12626                               852.12626
              1       434.26972       33.023294        5.160003       74.589072       0.2558987       8.9871968        8.9871968       850.56504                               850.56504
              2       433.79448       33.052601       5.1372074       74.589072       0.2558987       8.9871968        8.9871968       849.61457                               849.61457
              1       433.56891       33.108146       5.1008703       74.589072       0.2558987       8.9871968        8.9871968       849.16343                               849.16343
              1       433.81904       33.014764       5.1822806       71.448187      0.27889201       8.9871968        8.9871968       849.66368                               849.66368
              1       434.19877       33.089719       5.1365898       71.448187      0.27889201       8.9871968        8.9871968       850.42316                               850.42316
              1       433.95537       33.005952       5.1748389       71.448187      0.27889201       8.9871968        8.9871968       849.93635                               849.93635
              1       434.13859       33.038373       5.1431729       73.939016      0.26041809       8.9871968        8.9871968       850.30279                               850.30279
              1       434.34487       32.995571       5.1782678       73.939016      0.26041809       8.9871968        8.9871968       850.71535                               850.71535
              1       438.12875       33.144014       5.0626003       73.507188       0.2634868       8.9871968        8.9871968       858.28311                               858.28311
              1       436.73633       33.024501       5.1436119       73.507188       0.2634868       8.9871968        8.9871968       855.49826                               855.49826
              1       433.62822       33.044392       5.1437587       73.507188       0.2634868       8.9871968        8.9871968       849.28204                               849.28204
              1       433.43528        33.04909       5.1460629       73.507188       0.2634868       8.9871968        8.9871968       848.89616                               848.89616
              1       433.85195       33.153896       5.0795897       73.507188       0.2634868       8.9871968        8.9871968       849.72951                               849.72951
              1       436.19999       33.096126       5.1309003       73.507188       0.2634868       8.9871968        8.9871968       854.42559                               854.42559
              1       433.45935        33.08434       5.1176361       73.507188       0.2634868       8.9871968        8.9871968       848.94431                               848.94431
              1       433.38517       33.099186       5.1152602       73.507188       0.2634868       8.9871968        8.9871968       848.79594                               848.79594
              1       433.47085       33.083944       5.1177677       73.507188       0.2634868       8.9871968        8.9871968       848.96731                               848.96731
              2       433.93592       33.104307       5.0978788       75.071633      0.25261943       8.9871968        8.9871968       849.89744                               849.89744
              1       438.12928       33.168754       5.0798399       75.071633      0.25261943       8.9871968        8.9871968       858.28417                               858.28417
              1       435.92437       33.215944       5.0208436       75.071633      0.25261943       8.9871968        8.9871968       853.87435                               853.87435
              1       434.49611       33.164736       5.0691935       75.071633      0.25261943       8.9871968        8.9871968       851.01782                               851.01782
              1        434.0975       33.161237        5.067309       75.071633      0.25261943       8.9871968        8.9871968       850.22061                               850.22061
              2       433.88009       33.125658       5.0917238       75.071633      0.25261943       8.9871968        8.9871968       849.78579                               849.78579
              1       435.38216       33.081829       5.1292625       75.071633      0.25261943       8.9871968        8.9871968       852.78993                               852.78993
              1       437.05185       32.930058       5.2127166       75.071633      0.25261943       8.9871968        8.9871968        856.1293                                856.1293
              1       436.00894       32.949445       5.2005867       73.879691      0.26083649       8.9871968        8.9871968       854.04349                               854.04349
              1       436.23111       33.024541       5.1743841       73.879691      0.26083649       8.9871968        8.9871968       854.48782                               854.48782
              1       436.18816       33.023333       5.1749787       73.879691      0.26083649       8.9871968        8.9871968       854.40192                               854.40192
              1       434.36731       33.017768       5.1701083       73.879691      0.26083649       8.9871968        8.9871968       850.76022                               850.76022
              1       434.92985       33.021075       5.1512884       73.879691      0.26083649       8.9871968        8.9871968       851.88531                               851.88531
              1       434.60626       33.057604       5.1272411       73.879691      0.26083649       8.9871968        8.9871968       851.23812                               851.23812
              1       433.81114       33.052565       5.1463272       73.879691      0.26083649       8.9871968        8.9871968       849.64789                               849.64789
              1       433.37583       33.082118       5.1204336       73.879691      0.26083649       8.9871968        8.9871968       848.77727                               848.77727
              1        433.8909       33.125449       5.0876472       75.403405      0.25040129       8.9871968        8.9871968        849.8074                                849.8074
              1       434.96493       33.108632       5.0879512       75.403405      0.25040129       8.9871968        8.9871968       851.95547                               851.95547
              1       434.02719       33.153878       5.0727285       73.286544      0.26507575       8.9871968        8.9871968          850.08                                  850.08
              1       434.69884       32.985238       5.1805862       73.286544      0.26507575       8.9871968        8.9871968       851.42328                               851.42328
              1       438.03195       33.274335       4.9908986       73.286544      0.26507575       8.9871968        8.9871968        858.0895                                858.0895
              1       433.77761       33.046806       5.1409729       73.286544      0.26507575       8.9871968        8.9871968       849.58083                               849.58083
              2       433.76012       33.050445       5.1385399       73.286544      0.26507575       8.9871968        8.9871968       849.54585                               849.54585
              1       433.44527       33.086314       5.1170346       73.286544      0.26507575       8.9871968        8.9871968       848.91614                               848.91614
              1       433.70743       33.100575       5.1057814       73.286544      0.26507575       8.9871968        8.9871968       849.44047                               849.44047
              1       433.32458       33.056485       5.1397041       73.286544      0.26507575       8.9871968        8.9871968       848.67477                               848.67477
              1       434.00289       33.067288       5.1423027       73.286544      0.26507575       8.9871968        8.9871968       850.03138                               850.03138
              1       435.14814        33.19742       5.0562959       73.286544      0.26507575       8.9871968        8.9871968       852.32189                               852.32189
              1       433.25251       33.094699       5.1168625       73.286544      0.26507575       8.9871968        8.9871968       848.53062                               848.53062
              1       433.44844        33.03881       5.1530039       73.286544      0.26507575       8.9871968        8.9871968       848.92249                               848.92249
              1       433.30603       33.109387       5.1069008       73.286544      0.26507575       8.9871968        8.9871968       848.63767                               848.63767
              1       434.84155       33.071529       5.1188118       73.286544      0.26507575       8.9871968        8.9871968        851.7087                                851.7087
              1       434.97695       33.044958       5.1360654       73.286544      0.26507575       8.9871968        8.9871968       851.97952                               851.97952
              1       434.99387       33.015105       5.1652229       70.993037      0.28247952       8.9871968        8.9871968       852.01334                               852.01334
              1       434.40408       33.151642        5.085474       70.993037      0.28247952       8.9871968        8.9871968       850.83378                               850.83378
              2       436.09932       33.099788       5.1384954       70.993037      0.28247952       8.9871968        8.9871968       854.22424                               854.22424
              1         434.522       33.054087       5.1412351       70.993037      0.28247952       8.9871968        8.9871968        851.0696                                851.0696
              1       435.11358       33.008073       5.1948362       70.993037      0.28247952       8.9871968        8.9871968       852.25276                               852.25276
              1       434.76661       33.036694       5.1756058       70.993037      0.28247952       8.9871968        8.9871968       851.55882                               851.55882
              1       433.78407         33.1201        5.106858       70.993037      0.28247952       8.9871968        8.9871968       849.59374                               849.59374
              1       434.10908       33.133902          5.0964       70.993037      0.28247952       8.9871968        8.9871968       850.24378                               850.24378
              1       433.94252       33.095232       5.1326281       70.993037      0.28247952       8.9871968        8.9871968       849.91066                               849.91066
              1       434.65901       33.142113       5.1020821       70.002405      0.29053105       8.9871968        8.9871968       851.34363                               851.34363
              1       435.67254       33.017792       5.1945916       70.002405      0.29053105       8.9871968        8.9871968       853.37069                               853.37069
              1       434.27181       33.085156       5.1439169       70.002405      0.29053105       8.9871968        8.9871968       850.56924                               850.56924
              1        435.1071       33.097234       5.1341828       68.175486      0.30631058       8.9871968        8.9871968       852.23981                               852.23981
              1       434.92591       32.989911       5.2136224       68.175486      0.30631058       8.9871968        8.9871968       851.87743                               851.87743
              1       434.74677       32.991594       5.2112656       68.175486      0.30631058       8.9871968        8.9871968       851.51914                               851.51914
              1       434.86655       33.020208       5.1795483       68.175486      0.30631058       8.9871968        8.9871968       851.75872                               851.75872
              1       434.88187       32.994996       5.2101867       68.175486      0.30631058       8.9871968        8.9871968       851.78935                               851.78935
              1       435.66426       33.125389       5.1206609       68.175486      0.30631058       8.9871968        8.9871968       853.35413                               853.35413
              1       437.59716       32.932217       5.2281182       68.175486      0.30631058       8.9871968        8.9871968       857.21993                               857.21993
              1       437.59128       33.189297       5.0761711       68.175486      0.30631058       8.9871968        8.9871968       857.20816                               857.20816
              1       434.55787        33.05643       5.1609366       68.175486      0.30631058       8.9871968        8.9871968       851.14135                               851.14135
              3       434.49792       33.048577       5.1707115       68.175486      0.30631058       8.9871968        8.9871968       851.02144                               851.02144
              1       434.03231       33.075137       5.1450936       69.193603      0.29736277       8.9871968        8.9871968       850.09023                               850.09023
              1       433.92711       33.064431       5.1544509       69.193603      0.29736277       8.9871968        8.9871968       849.87983                               849.87983
              2       433.80409       33.028787       5.1778638       69.193603      0.29736277       8.9871968        8.9871968       849.63379                               849.63379
              1        435.2661       33.040423       5.1809804       69.193603      0.29736277       8.9871968        8.9871968       852.55782                               852.55782
              1        434.8336       32.994346       5.1895972       69.193603      0.29736277       8.9871968        8.9871968        851.6928                                851.6928
              1       433.81379       33.036777       5.1712737       70.849192      0.28362773       8.9871968        8.9871968       849.65319                               849.65319
              1       433.40365       33.017346       5.1777873       70.770862      0.28425592       8.9871968        8.9871968       848.83291                               848.83291
              1       433.36792       33.077547       5.1390467       70.770862      0.28425592       8.9871968        8.9871968       848.76145                               848.76145
              1       435.89799       32.897843       5.2505588       70.770862      0.28425592       8.9871968        8.9871968       853.82158                               853.82158
              1       433.71096        32.99931       5.1850237       70.770862      0.28425592       8.9871968        8.9871968       849.44752                               849.44752
              1       434.51811       32.942299       5.2264419       70.770862      0.28425592       8.9871968        8.9871968       851.06182                               851.06182
              1       434.06874       32.964494        5.210735       70.770862      0.28425592       8.9871968        8.9871968       850.16309                               850.16309
              1       434.30077        32.96588       5.2155982       70.770862      0.28425592       8.9871968        8.9871968       850.62716                               850.62716
              1       435.85762       32.899778       5.2579071       70.770862      0.28425592       8.9871968        8.9871968       853.74085                               853.74085
              1       436.58455       33.222819       5.0466678       70.770862      0.28425592       8.9871968        8.9871968       855.19471                               855.19471
              1       433.34503       33.075168       5.1393472       70.770862      0.28425592       8.9871968        8.9871968       848.71567                               848.71567
              2       433.63081        33.04109       5.1674292       70.770862      0.28425592       8.9871968        8.9871968       849.28723                               849.28723
              2       433.81782       33.000465        5.193197       70.770862      0.28425592       8.9871968        8.9871968       849.66125                               849.66125
              1       433.92017       32.995056       5.1970958       70.770862      0.28425592       8.9871968        8.9871968       849.86594                               849.86594
              2       435.72731       33.185583       5.0746718       70.770862      0.28425592       8.9871968        8.9871968       853.48023                               853.48023
              1       435.37883       32.967724       5.2209187       70.770862      0.28425592       8.9871968        8.9871968       852.78327                               852.78327
              1       433.40062          33.066       5.1425274       70.770862      0.28425592       8.9871968        8.9871968       848.82684                               848.82684
              1       433.51292       33.023268       5.1694562       70.770862      0.28425592       8.9871968        8.9871968       849.05144                               849.05144
              1       433.52426       33.022571       5.1701378       70.717242      0.28468714       8.9871968        8.9871968       849.07413                               849.07413
              1        434.2487       33.099871       5.1319094       70.717242      0.28468714       8.9871968        8.9871968       850.52302                               850.52302
              1       433.48087       33.080666       5.1391698       70.717242      0.28468714       8.9871968        8.9871968       848.98735                               848.98735
              1       433.58306        33.08605       5.1289463       70.717242      0.28468714       8.9871968        8.9871968       849.19174                               849.19174
              1       434.80232       33.089984       5.1415241       70.717242      0.28468714       8.9871968        8.9871968       851.63025                               851.63025
              1       433.75903       33.107312       5.1222859       70.717242      0.28468714       8.9871968        8.9871968       849.54367                               849.54367
              1       434.32905       33.102891        5.115244       70.448759      0.28686119       8.9871968        8.9871968       850.68371                               850.68371
              1       433.97545       33.044253       5.1533482       70.448759      0.28686119       8.9871968        8.9871968        849.9765                                849.9765
              2       433.54082       33.005294        5.187235       70.448759      0.28686119       8.9871968        8.9871968       849.10724                               849.10724
              1       434.28503       33.097637       5.1185493       70.448759      0.28686119       8.9871968        8.9871968       850.59566                               850.59566
              1       434.19737       33.097724       5.1190466       70.448759      0.28686119       8.9871968        8.9871968       850.42035                               850.42035
              1       433.87075       33.012537       5.1878384       70.448759      0.28686119       8.9871968        8.9871968        849.7671                                849.7671
              1       435.13231        32.93329       5.2396625       70.448759      0.28686119       8.9871968        8.9871968       852.29022                               852.29022
              1       434.94051       33.153351       5.0844671       70.448759      0.28686119       8.9871968        8.9871968       851.90662                               851.90662
              1        433.3561       33.050156       5.1575491       70.448759      0.28686119       8.9871968        8.9871968        848.7378                                848.7378
              1       434.46841       33.017649       5.1892999       67.951266      0.30833539       8.9871968        8.9871968       850.96243                               850.96243
              1        434.5848       32.998517         5.20495       67.951266      0.30833539       8.9871968        8.9871968       851.19521                               851.19521
              1       434.92207       32.957012       5.2324175       67.951266      0.30833539       8.9871968        8.9871968       851.86974                               851.86974
              2        434.9215       33.077097       5.1498102       67.951266      0.30833539       8.9871968        8.9871968       851.86861                               851.86861
              1       434.92611       33.075116       5.1501142       67.951266      0.30833539       8.9871968        8.9871968       851.87783                               851.87783
              1       435.05816       32.948534       5.2297525       68.005755      0.30784149       8.9871968        8.9871968       852.14192                               852.14192
              1       435.81095       32.909026       5.2646607       68.005755      0.30784149       8.9871968        8.9871968       853.64752                               853.64752
              1       436.11092       33.112136       5.1201191       68.005755      0.30784149       8.9871968        8.9871968       854.24744                               854.24744
              1       435.45324       33.002478       5.1891499       68.005755      0.30784149       8.9871968        8.9871968       852.93209                               852.93209
              1       434.98787       33.067908       5.1517851       68.005755      0.30784149       8.9871968        8.9871968       852.00135                               852.00135
              3       434.82507       33.069485       5.1579105       68.005755      0.30784149       8.9871968        8.9871968       851.67574                               851.67574
              1       434.79302       33.064977       5.1612113       68.005755      0.30784149       8.9871968        8.9871968       851.61164                               851.61164
              1       433.40466       33.106711       5.1150661        72.53756      0.27057807       8.9871968        8.9871968       848.83492                               848.83492
              1       434.37459       32.966504       5.2033984        72.53756      0.27057807       8.9871968        8.9871968       850.77479                               850.77479
              1       434.03207       33.009798       5.1704928       73.797044      0.26142105       8.9871968        8.9871968       850.08974                               850.08974
              1       434.24565       33.150745       5.0845082       73.797044      0.26142105       8.9871968        8.9871968       850.51692                               850.51692
              1       433.99008       33.167918       5.0668019       73.797044      0.26142105       8.9871968        8.9871968       850.00576                               850.00576
              2       434.14889       33.167324       5.0627765       73.797044      0.26142105       8.9871968        8.9871968       850.32338                               850.32338
              1       434.12186       33.165538       5.0639042       73.797044      0.26142105       8.9871968        8.9871968       850.26932                               850.26932
              2       433.44373       33.057313       5.1382002       73.797044      0.26142105       8.9871968        8.9871968       848.91306                               848.91306
              1       433.63655        33.03721       5.1502313       73.797044      0.26142105       8.9871968        8.9871968       849.29871                               849.29871
              1       434.33286       33.177937        5.055975       73.797044      0.26142105       8.9871968        8.9871968       850.69133                               850.69133
              2        434.4401       33.005732       5.1775819       73.797044      0.26142105       8.9871968        8.9871968       850.90581                               850.90581
              3       434.37193       33.156721       5.0616911       75.777931      0.24793224       8.9871968        8.9871968       850.76946                               850.76946
              1       433.49065        33.09992       5.1172686       71.403104      0.27924429       8.9871968        8.9871968        849.0069                                849.0069
              1        433.3543        33.06061       5.1503348       71.403104      0.27924429       8.9871968        8.9871968       848.73421                               848.73421
              1       433.27771       33.043961       5.1596941       71.403104      0.27924429       8.9871968        8.9871968       848.58102                               848.58102
              1       433.42547        33.06114       5.1507587       71.403104      0.27924429       8.9871968        8.9871968       848.87656                               848.87656
              1       434.00424       33.046153       5.1644621       71.403104      0.27924429       8.9871968        8.9871968       850.03408                               850.03408
              1       433.80329        33.09106       5.1195543       71.403104      0.27924429       8.9871968        8.9871968       849.63219                               849.63219
              1       434.02271       33.103311       5.1263184       71.403104      0.27924429       8.9871968        8.9871968       850.07102                               850.07102
              2       434.63284       33.009436        5.168817       71.403104      0.27924429       8.9871968        8.9871968        851.2913                                851.2913
              1       433.19136       33.056568       5.1480619       71.403104      0.27924429       8.9871968        8.9871968       848.40833                               848.40833
              1          433.21       33.048443       5.1553786       71.403104      0.27924429       8.9871968        8.9871968       848.44562                               848.44562
              2       433.20154       33.067468       5.1428604       71.403104      0.27924429       8.9871968        8.9871968       848.42869                               848.42869
              1       433.59155       33.092349       5.1204332       71.403104      0.27924429       8.9871968        8.9871968       849.20872                               849.20872
              1       433.76523       33.098792       5.1152387       71.403104      0.27924429       8.9871968        8.9871968       849.55607                               849.55607
              1        435.0207       33.051614       5.1389012       71.403104      0.27924429       8.9871968        8.9871968       852.06701                               852.06701
              1       433.36476       33.017725       5.1743062       71.403104      0.27924429       8.9871968        8.9871968       848.75512                               848.75512
              1       434.12104        33.14204       5.0891185       71.403104      0.27924429       8.9871968        8.9871968       850.26769                               850.26769
              1       433.65703       33.105223       5.1124986       71.403104      0.27924429       8.9871968        8.9871968       849.33966                               849.33966
              1       433.26317       33.033246       5.1649895       71.403104      0.27924429       8.9871968        8.9871968       848.55194                               848.55194
              1       434.79812        33.06175       5.1579959       71.403104      0.27924429       8.9871968        8.9871968       851.62185                               851.62185
              1        434.9512       33.036856       5.1745694       71.403104      0.27924429       8.9871968        8.9871968         851.928                                 851.928
              1       433.33354        33.05621       5.1453627       71.403104      0.27924429       8.9871968        8.9871968       848.69269                               848.69269
              1       434.17776       32.961878       5.2106179       71.403104      0.27924429       8.9871968        8.9871968       850.38113                               850.38113
              1       434.70411        32.98968       5.1824546       71.403104      0.27924429       8.9871968        8.9871968       851.43382                               851.43382
              1       434.42237       33.057107        5.137686       71.403104      0.27924429       8.9871968        8.9871968       850.87034                               850.87034
              1       436.57989        32.94226       5.2093211       71.403104      0.27924429       8.9871968        8.9871968       855.18539                               855.18539
              1       434.47691       33.035235       5.1736643       71.403104      0.27924429       8.9871968        8.9871968       850.97942                               850.97942
              1       434.14607        33.04596       5.1697111       70.080732      0.28988198       8.9871968        8.9871968       850.31775                               850.31775
              1       434.15347       33.104146       5.1186671       70.080732      0.28988198       8.9871968        8.9871968       850.33255                               850.33255
              1       433.82233       33.132428       5.0909944       72.259014      0.27266815       8.9871968        8.9871968       849.67027                               849.67027
              1       433.49535       33.034799       5.1547784       72.259014      0.27266815       8.9871968        8.9871968        849.0163                                849.0163
              1       434.57947       33.125081       5.0904992       72.259014      0.27266815       8.9871968        8.9871968       851.18454                               851.18454
              1       434.50006       33.001738       5.1717225       72.259014      0.27266815       8.9871968        8.9871968       851.02572                               851.02572
              1        433.1903       33.091051       5.1226024       72.259014      0.27266815       8.9871968        8.9871968        848.4062                                848.4062
              1       433.47894        33.11575       5.1100826       72.259014      0.27266815       8.9871968        8.9871968       848.98349                               848.98349
              1       433.64054       33.087943       5.1182147       72.259014      0.27266815       8.9871968        8.9871968       849.30668                               849.30668
              1       434.35834       33.013146       5.1825819       72.259014      0.27266815       8.9871968        8.9871968       850.74228                               850.74228
              2       434.29723        33.01346       5.1820697       72.259014      0.27266815       8.9871968        8.9871968       850.62006                               850.62006
              1       434.32542       33.081874       5.1182584       72.259014      0.27266815       8.9871968        8.9871968       850.67644                               850.67644
              1       434.60787       33.050597       5.1607907       72.259014      0.27266815       8.9871968        8.9871968       851.24135                               851.24135
              1       433.75142       33.096721       5.1074828       75.107978      0.25237501       8.9871968        8.9871968       849.52845                               849.52845
              1       433.97361       33.065109       5.1254036       75.107978      0.25237501       8.9871968        8.9871968       849.97283                               849.97283
              1       435.56658       33.111853       5.0841747       75.107978      0.25237501       8.9871968        8.9871968       853.15876                               853.15876
              1       434.30232       33.143083       5.0707561       75.107978      0.25237501       8.9871968        8.9871968       850.63024                               850.63024
              1       434.90768       33.176111       5.0633108       75.107978      0.25237501       8.9871968        8.9871968       851.84097                               851.84097
              2       435.30666       33.088757       5.1487832       68.379946      0.30448155       8.9871968        8.9871968       852.63893                               852.63893
              1       436.10957       33.121134        5.128956       68.379946      0.30448155       8.9871968        8.9871968       854.24475                               854.24475
              1       435.43651       32.960979       5.2336067       68.379946      0.30448155       8.9871968        8.9871968       852.89863                               852.89863
              1        435.6206        33.12203       5.1147409       68.379946      0.30448155       8.9871968        8.9871968       853.26681                               853.26681
              2       434.42896       32.987125       5.2107707       68.379946      0.30448155       8.9871968        8.9871968       850.88353                               850.88353
              1       434.56712       32.979508       5.2167267       68.379946      0.30448155       8.9871968        8.9871968       851.15985                               851.15985
              1       436.13418       32.949691       5.2197934       68.379946      0.30448155       8.9871968        8.9871968       854.29397                               854.29397
              2       435.77358       33.094269       5.1473496       68.379946      0.30448155       8.9871968        8.9871968       853.57277                               853.57277
              1       436.33693       33.125037       5.1064998       68.612573      0.30242039       8.9871968        8.9871968       854.69946                               854.69946
              1       434.89794       32.940019       5.2403909       68.612573      0.30242039       8.9871968        8.9871968       851.82149                               851.82149
              1       434.97571       32.939638       5.2415188       68.612573      0.30242039       8.9871968        8.9871968       851.97704                               851.97704
              1       435.43622       33.110865       5.1329511       68.612573      0.30242039       8.9871968        8.9871968       852.89805                               852.89805
              1       434.95467       33.004877       5.1856856       68.612573      0.30242039       8.9871968        8.9871968       851.93494                               851.93494
              1       434.16431       33.040158       5.1695759       68.612573      0.30242039       8.9871968        8.9871968       850.35422                               850.35422
              2       435.99689       33.025151       5.1952357       68.612573      0.30242039       8.9871968        8.9871968       854.01938                               854.01938
              1       434.48851       33.074175       5.1463852       68.612573      0.30242039       8.9871968        8.9871968       851.00262                               851.00262
              1       434.61999       33.082147       5.1407523       68.612573      0.30242039       8.9871968        8.9871968       851.26558                               851.26558
              1       433.38854       33.066136       5.1310151       73.504704      0.26350461       8.9871968        8.9871968       848.80269                               848.80269
              2       433.97312       33.071749       5.1381188       73.504704      0.26350461       8.9871968        8.9871968       849.97184                               849.97184
              1       436.49595       33.199252       5.0604195       73.504704      0.26350461       8.9871968        8.9871968       855.01751                               855.01751
              1       433.36119       33.061373       5.1352355       73.504704      0.26350461       8.9871968        8.9871968       848.74798                               848.74798
              1       433.64268       33.096786       5.1196357       73.508012       0.2634809       8.9871968        8.9871968       849.31096                               849.31096
              1       433.32446        33.10496         5.10972       73.508012       0.2634809       8.9871968        8.9871968       848.67452                               848.67452
              1       433.43209       33.111297       5.1035195       73.996091      0.26001651       8.9871968        8.9871968       848.88978                               848.88978
              1       434.85488        33.01399       5.1743907       73.998896       0.2599968       8.9871968        8.9871968       851.73536                               851.73536
              1       434.48453       33.081316        5.111573       73.998896       0.2599968       8.9871968        8.9871968       850.99467                               850.99467
              1       434.35013       33.113409       5.0915778       73.998896       0.2599968       8.9871968        8.9871968       850.72587                               850.72587
              1        433.3892       33.086405       5.1192325       73.998896       0.2599968       8.9871968        8.9871968       848.80401                               848.80401
              1       435.28403       32.941958       5.2412529       67.356891      0.31380107       8.9871968        8.9871968       852.59366                               852.59366
              2       436.03622       32.905008       5.2688716       67.356891      0.31380107       8.9871968        8.9871968       854.09804                               854.09804
              1       435.97451       33.097425        5.144362       67.356891      0.31380107       8.9871968        8.9871968       853.97462                               853.97462
              1       435.82906       33.089767       5.1493491       67.356891      0.31380107       8.9871968        8.9871968       853.68373                               853.68373
              1        435.2458       32.945656       5.2397558       67.356891      0.31380107       8.9871968        8.9871968       852.51721                               852.51721
              1       436.08788       32.952676       5.2438487       67.356891      0.31380107       8.9871968        8.9871968       854.20136                               854.20136
              1       437.06522       33.085488       5.1362235       67.356891      0.31380107       8.9871968        8.9871968       856.15605                               856.15605
              1       439.83232       33.144929       5.0902163       67.750095       0.3101692       8.9871968        8.9871968       861.69025                               861.69025
              1       440.89702       33.233571       5.0413716       67.750095       0.3101692       8.9871968        8.9871968       863.81965                               863.81965
              1       438.79181       33.121765       5.1392783       67.750095       0.3101692       8.9871968        8.9871968       859.60923                               859.60923
              1         437.182       33.063097       5.1756701       67.750095       0.3101692       8.9871968        8.9871968        856.3896                                856.3896
              2        437.1109       32.855594       5.2978877       67.750095       0.3101692       8.9871968        8.9871968        856.2474                                856.2474
              1       436.84639       32.863927       5.2922933       67.750095       0.3101692       8.9871968        8.9871968       855.71839                               855.71839
              2       437.52119        32.84424       5.3059829       67.750095       0.3101692       8.9871968        8.9871968       857.06799                               857.06799
              1       437.71626       32.837856       5.3096875       67.750095       0.3101692       8.9871968        8.9871968       857.45812                               857.45812
              1       434.29751        32.97304       5.2097295         69.0712      0.29841763       8.9871968        8.9871968       850.62063                               850.62063
              1       435.71638       32.907664       5.2618244         69.0712      0.29841763       8.9871968        8.9871968       853.45836                               853.45836
              1       436.62419       33.019391       5.1996814         69.0712      0.29841763       8.9871968        8.9871968       855.27399                               855.27399
              1       434.80348       33.101996       5.1155447       74.801673      0.25444614       8.9871968        8.9871968       851.63256                               851.63256
              1       434.29851       33.066032       5.1354441       74.801673      0.25444614       8.9871968        8.9871968       850.62263                               850.62263
              1       434.10686       33.082687       5.1239754       74.801673      0.25444614       8.9871968        8.9871968       850.23932                               850.23932
              1       433.75637       33.030863       5.1746833       70.810153      0.28394055       8.9871968        8.9871968       849.53834                               849.53834
              1       433.80362       33.064123       5.1535992       70.810153      0.28394055       8.9871968        8.9871968       849.63285                               849.63285
              1       434.24884       32.974302       5.1990641       70.810153      0.28394055       8.9871968        8.9871968       850.52329                               850.52329
              1       433.83208       33.000617       5.1930958       70.810153      0.28394055       8.9871968        8.9871968       849.68977                               849.68977
              1       434.96206       33.147946       5.0841683       70.810153      0.28394055       8.9871968        8.9871968       851.94973                               851.94973
              1       434.88761        33.15335       5.0788807       71.226374      0.28063176       8.9871968        8.9871968       851.80082                               851.80082
              1       435.84985       32.897589       5.2525465       71.226374      0.28063176       8.9871968        8.9871968       853.72532                               853.72532
              1       433.37135       33.050122       5.1546559       72.045533      0.27428646       8.9871968        8.9871968       848.76831                               848.76831
              1       434.40306       32.981987       5.2014554       72.045533      0.27428646       8.9871968        8.9871968       850.83173                               850.83173
              1       436.70593       32.909178       5.2727208        66.40114      0.32289953       8.9871968        8.9871968       855.43747                               855.43747
              1       437.22679       33.059574       5.1793517        66.40114      0.32289953       8.9871968        8.9871968       856.47918                               856.47918
              1       435.68829       32.983208         5.21986        66.40114      0.32289953       8.9871968        8.9871968       853.40218                               853.40218
              2       436.51725       32.938012       5.2555707        66.40114      0.32289953       8.9871968        8.9871968        855.0601                                855.0601
              1       438.40693       33.093683       5.1595644        66.40114      0.32289953       8.9871968        8.9871968       858.83946                               858.83946
              2       437.34798       33.113048       5.1319369        66.40114      0.32289953       8.9871968        8.9871968       856.72157                               856.72157
              1       436.52077       32.930848        5.245994        66.40114      0.32289953       8.9871968        8.9871968       855.06714                               855.06714
              1       435.74031        32.98502       5.2201838        66.40114      0.32289953       8.9871968        8.9871968       853.50624                               853.50624
              1       438.74147       33.156896       5.1092536        66.40114      0.32289953       8.9871968        8.9871968       859.50855                               859.50855
              1       435.69675        33.00094        5.206183        66.40114      0.32289953       8.9871968        8.9871968       853.41911                               853.41911
              2       436.00651       33.004496       5.1995068        66.40114      0.32289953       8.9871968        8.9871968       854.03863                               854.03863
              2       438.08706       32.999284       5.1931471        66.40114      0.32289953       8.9871968        8.9871968       858.19972                               858.19972
              1       440.70711       32.911747       5.2444889        66.40114      0.32289953       8.9871968        8.9871968       863.43983                               863.43983
              1       434.84089       33.079537       5.1083459       75.142884      0.25214059       8.9871968        8.9871968        851.7074                                851.7074
              1       434.46929       33.185293       5.0515286       75.142884      0.25214059       8.9871968        8.9871968       850.96418                               850.96418
              1       439.43667       33.271247       5.0095341       75.142884      0.25214059       8.9871968        8.9871968       860.89895                               860.89895
              1       435.94421       33.103352        5.112431       75.946505      0.24683282       8.9871968        8.9871968       853.91403                               853.91403
              1       434.50563       33.127071       5.0779775       75.946505      0.24683282       8.9871968        8.9871968       851.03686                               851.03686
              1       434.47228       33.086797       5.1051198       75.946505      0.24683282       8.9871968        8.9871968       850.97018                               850.97018
              1       435.56548       33.046309       5.1270066       75.946505      0.24683282       8.9871968        8.9871968       853.15657                               853.15657
              1       435.80962        33.24046       5.0091389       75.946505      0.24683282       8.9871968        8.9871968       853.64484                               853.64484
              1       434.80301       33.119813       5.0806123       75.946505      0.24683282       8.9871968        8.9871968       851.63163                               851.63163
              2        434.7969        33.03794       5.1404069       75.946505      0.24683282       8.9871968        8.9871968       851.61941                               851.61941
              1       433.84364       32.984216       5.1929743       71.808621       0.2760993       8.9871968        8.9871968       849.71288                               849.71288
              1       436.60363       32.951728       5.2296358       71.808621       0.2760993       8.9871968        8.9871968       855.23286                               855.23286
              2       433.95384       33.059401       5.1357059       72.007318      0.27457767       8.9871968        8.9871968        849.9333                                849.9333
              2       435.21514       33.043824       5.1407029       72.007318      0.27457767       8.9871968        8.9871968       852.45589                               852.45589
              1       433.59487       33.023239       5.1728287       72.007318      0.27457767       8.9871968        8.9871968       849.21535                               849.21535
              1       434.35685       33.172921       5.0705842       72.007318      0.27457767       8.9871968        8.9871968       850.73931                               850.73931
              1       434.66843       33.181177        5.068706       72.007318      0.27457767       8.9871968        8.9871968       851.36247                               851.36247
              1       434.05239       33.006633       5.1858362       72.007318      0.27457767       8.9871968        8.9871968       850.13038                               850.13038
              1       433.75217       33.053782       5.1406062       72.007318      0.27457767       8.9871968        8.9871968       849.52995                               849.52995
              1       433.82903       33.069909       5.1295682       72.007318      0.27457767       8.9871968        8.9871968       849.68366                               849.68366
              1       433.93661       32.992997        5.183035       72.007318      0.27457767       8.9871968        8.9871968       849.89882                               849.89882
              1       433.30372       33.085454       5.1241279       72.007318      0.27457767       8.9871968        8.9871968       848.63304                               848.63304
              1       434.81316       32.976883        5.189179       72.007318      0.27457767       8.9871968        8.9871968       851.65192                               851.65192
              1       433.81801       33.035865       5.1523466       72.007318      0.27457767       8.9871968        8.9871968       849.66163                               849.66163
              1       433.16896       33.051763       5.1493492       72.007318      0.27457767       8.9871968        8.9871968       848.36353                               848.36353
              1       433.43256       33.116735       5.1057742       72.007318      0.27457767       8.9871968        8.9871968       848.89072                               848.89072
              1       433.45149       33.111649       5.1107413       71.618459      0.27756745       8.9871968        8.9871968       848.92859                               848.92859
              1       433.22857       33.070248        5.136747       71.618459      0.27756745       8.9871968        8.9871968       848.48275                               848.48275
              1       435.39314       33.096096       5.1364965       71.618459      0.27756745       8.9871968        8.9871968       852.81189                               852.81189
              1       433.80912       33.149528       5.0853152        72.74611       0.2690289       8.9871968        8.9871968       849.64384                               849.64384
              2       436.54662         33.0496       5.1299179        72.74611       0.2690289       8.9871968        8.9871968       855.11885                               855.11885
              1       438.68983       32.837638       5.2886977       69.643362      0.29353441       8.9871968        8.9871968       859.40527                               859.40527
              1       435.84005       32.889196       5.2657386       69.643362      0.29353441       8.9871968        8.9871968       853.70571                               853.70571
              2       435.47923        32.90824       5.2471404       71.099359      0.28163531       8.9871968        8.9871968       852.98406                               852.98406
              1       433.22735        33.05227       5.1524209       71.099359      0.28163531       8.9871968        8.9871968       848.48031                               848.48031
              1       433.36851       33.043263       5.1612166       70.410766      0.28717085       8.9871968        8.9871968       848.76264                               848.76264
              1       433.50375        33.07578       5.1386772       70.410766      0.28717085       8.9871968        8.9871968       849.03311                               849.03311
              2       435.85575       32.945396       5.2372628       70.410766      0.28717085       8.9871968        8.9871968        853.7371                                853.7371
              1       435.27759        33.10655       5.1087923       70.410766      0.28717085       8.9871968        8.9871968       852.58079                               852.58079
              1       435.67338       32.995903       5.1785741       70.410766      0.28717085       8.9871968        8.9871968       853.37237                               853.37237
              1       435.54576       33.000497       5.1758785       70.410766      0.28717085       8.9871968        8.9871968       853.11713                               853.11713
              1       434.55277       33.100037       5.1159019       70.410766      0.28717085       8.9871968        8.9871968       851.13116                               851.13116
              1       436.65907       33.174029        5.065065       70.410766      0.28717085       8.9871968        8.9871968       855.34374                               855.34374
              1       434.36084        33.06741       5.1366854       70.410766      0.28717085       8.9871968        8.9871968       850.74728                               850.74728
              1       433.46905       33.104572       5.1109009       73.784967      0.26150663       8.9871968        8.9871968        848.9637                                848.9637
              1       434.52367       33.002416       5.1677841       73.784967      0.26150663       8.9871968        8.9871968       851.07295                               851.07295
              1       433.84174       33.026587       5.1552556       73.784967      0.26150663       8.9871968        8.9871968       849.70908                               849.70908
              1       433.51076       33.048647       5.1433303       73.784967      0.26150663       8.9871968        8.9871968       849.04713                               849.04713
              2       434.20542       33.056929        5.129964       73.784967      0.26150663       8.9871968        8.9871968       850.43645                               850.43645
              1       433.42218       33.094633       5.1110581       73.784967      0.26150663       8.9871968        8.9871968       848.86998                               848.86998
              2       433.31407       33.059705       5.1451682       71.114585      0.28151473       8.9871968        8.9871968       848.65376                               848.65376
              2       433.27763       33.056902       5.1476137       71.114585      0.28151473       8.9871968        8.9871968       848.58087                               848.58087
              1       434.95525        33.00049        5.174885       71.114585      0.28151473       8.9871968        8.9871968       851.93611                               851.93611
              1       436.11394       33.068366       5.1085974       76.304052      0.24452501       8.9871968        8.9871968       854.25349                               854.25349
              1        434.8407       33.060322       5.1221135       76.304052      0.24452501       8.9871968        8.9871968         851.707                                 851.707
              1         436.487       33.057325       5.1406912       76.304052      0.24452501       8.9871968        8.9871968       854.99961                               854.99961
              1       435.48633       32.974735       5.2234996       69.144559      0.29778476       8.9871968        8.9871968       852.99826                               852.99826
              1        434.2154       32.968862       5.2173564       69.144559      0.29778476       8.9871968        8.9871968       850.45641                               850.45641
              1       433.98222        33.06815       5.1521733       69.144559      0.29778476       8.9871968        8.9871968       849.99004                               849.99004
              1         434.847       33.065072       5.1434394       74.068374      0.25950926       8.9871968        8.9871968        851.7196                                851.7196
              1       434.39311       33.002988       5.1759053       74.068374      0.25950926       8.9871968        8.9871968       850.81183                               850.81183
              1       433.73055       33.046249       5.1472959       74.068374      0.25950926       8.9871968        8.9871968       849.48671                               849.48671
              1       433.91159       33.090349       5.1086168       74.068374      0.25950926       8.9871968        8.9871968       849.84878                               849.84878
              1       433.86042       33.090221       5.1223159       74.068374      0.25950926       8.9871968        8.9871968       849.74645                               849.74645
              1       435.30413       32.956342       5.2005643       73.759704       0.2616858       8.9871968        8.9871968       852.63386                               852.63386
              1       434.17324       33.007905       5.1666798       73.759704       0.2616858       8.9871968        8.9871968       850.37209                               850.37209
              1        434.8126       33.010935       5.1595015       73.759704       0.2616858       8.9871968        8.9871968       851.65081                               851.65081
              1       434.61246       32.983434       5.1895028       73.759704       0.2616858       8.9871968        8.9871968       851.25052                               851.25052
              1       434.60725       32.983897       5.1892786       73.759704       0.2616858       8.9871968        8.9871968       851.24011                               851.24011
              1       437.25284       32.881579       5.2892025        65.93695       0.3274619       8.9871968        8.9871968        856.5313                                856.5313
              1       436.81672       32.902535       5.2744676        65.93695       0.3274619       8.9871968        8.9871968       855.65904                               855.65904
              1       436.22607       33.011258       5.2045562        65.93695       0.3274619       8.9871968        8.9871968       854.47775                               854.47775
              1       436.43979       32.963755        5.238859        65.93695       0.3274619       8.9871968        8.9871968       854.90519                               854.90519
              2       436.47857       32.951049       5.2368977        65.93695       0.3274619       8.9871968        8.9871968       854.98274                               854.98274
              1       435.40836       33.216083       5.0368508       74.802131      0.25444302       8.9871968        8.9871968       852.84233                               852.84233
              1       435.09717       33.168236       5.0522651       74.802131      0.25444302       8.9871968        8.9871968       852.21994                               852.21994
              1       436.42063       33.004663       5.1550972       74.802131      0.25444302       8.9871968        8.9871968       854.86686                               854.86686
              1       434.93531       33.135323       5.0727267       74.802131      0.25444302       8.9871968        8.9871968       851.89622                               851.89622
              1       433.82059       33.018172       5.1621534        73.29899      0.26498574       8.9871968        8.9871968       849.66679                               849.66679
              1       434.85049       33.124004         5.08535        73.29899      0.26498574       8.9871968        8.9871968       851.72658                               851.72658
              1        435.3198       33.144933       5.0649106       74.899136      0.25378437       8.9871968        8.9871968       852.66521                               852.66521
              1        434.7391       33.197278       5.0392465       74.899136      0.25378437       8.9871968        8.9871968        851.5038                                851.5038
              1       433.99301       33.049709       5.1399753       74.899136      0.25378437       8.9871968        8.9871968       850.01162                               850.01162
              1       433.84084       33.066581       5.1293469       74.899136      0.25378437       8.9871968        8.9871968       849.70729                               849.70729
              1       433.70256       33.123491       5.0903926       74.899136      0.25378437       8.9871968        8.9871968       849.43072                               849.43072
              1       433.70424       33.074181       5.1260755       74.644544       0.2555185       8.9871968        8.9871968       849.43408                               849.43408
              2       433.85038       33.135995       5.0798483       74.644544       0.2555185       8.9871968        8.9871968       849.72636                               849.72636
              2       433.80264       33.142747       5.0772037       74.644544       0.2555185       8.9871968        8.9871968       849.63088                               849.63088
              1       433.79739       33.144473       5.0793928       74.644544       0.2555185       8.9871968        8.9871968       849.62039                               849.62039
              4       433.95911       33.106399       5.1088064       74.644544       0.2555185       8.9871968        8.9871968       849.94382                               849.94382
              1       435.23165       33.098045       5.0956517       74.644544       0.2555185       8.9871968        8.9871968        852.4889                                852.4889
              1       433.37471       33.065836       5.1391097       73.133184      0.26618864       8.9871968        8.9871968       848.77503                               848.77503
              2       433.39355       33.048082       5.1445062       73.133184      0.26618864       8.9871968        8.9871968        848.8127                                848.8127
              1        433.2717        33.09724       5.1132529       73.133184      0.26618864       8.9871968        8.9871968       848.56901                               848.56901
              1       434.35468       33.071852       5.1211733       73.133184      0.26618864       8.9871968        8.9871968       850.73496                               850.73496
              1       434.36276       33.079339        5.116239       73.133184      0.26618864       8.9871968        8.9871968       850.75113                               850.75113
              1       435.08069       33.109479       5.0868046       75.437517      0.25017489       8.9871968        8.9871968       852.18699                               852.18699
              1       434.89871       33.111038       5.0866314       75.437517      0.25017489       8.9871968        8.9871968       851.82303                               851.82303
              1       435.31334       33.106557       5.0877219       75.437517      0.25017489       8.9871968        8.9871968       852.65228                               852.65228
              1       438.89396       33.116855       5.0684973       76.247164      0.24489002       8.9871968        8.9871968       859.81352                               859.81352
              1       434.50584       33.149406       5.0645681       76.247164      0.24489002       8.9871968        8.9871968       851.03729                               851.03729
              1       435.59492       33.010332       5.1604422       76.247164      0.24489002       8.9871968        8.9871968       853.21545                               853.21545
              1        437.8081       33.201929       5.0502896       76.247164      0.24489002       8.9871968        8.9871968       857.64181                               857.64181
              1       435.25063       33.037746       5.1456149       76.247164      0.24489002       8.9871968        8.9871968       852.52687                               852.52687
              1       434.63156       33.177431       5.0495043       76.247164      0.24489002       8.9871968        8.9871968       851.28872                               851.28872
              2       434.67243       33.104526       5.0914044       76.247164      0.24489002       8.9871968        8.9871968       851.37046                               851.37046
              1       440.23059       33.016903       5.1327903       76.247164      0.24489002       8.9871968        8.9871968       862.48679                               862.48679
              1       438.53015       33.133359       5.0625738       75.030774      0.25289464       8.9871968        8.9871968        859.0859                                859.0859
              1       433.78615       33.094675       5.1062936       75.030774      0.25289464       8.9871968        8.9871968        849.5979                                849.5979
              1       434.21767       33.072326        5.129382       75.030774      0.25289464       8.9871968        8.9871968       850.46095                               850.46095
              1       434.44656        33.18593       5.0477836       75.030774      0.25289464       8.9871968        8.9871968       850.91872                               850.91872
              1       436.37535       32.947221       5.2063968       75.030774      0.25289464       8.9871968        8.9871968       854.77631                               854.77631
              1       438.16301       32.899327        5.236857       75.030774      0.25289464       8.9871968        8.9871968       858.35163                               858.35163
              1       436.48637       32.979035       5.1736152       75.030774      0.25289464       8.9871968        8.9871968       854.99834                               854.99834
              1       433.77311        33.12941       5.0864813       75.030774      0.25289464       8.9871968        8.9871968       849.57183                               849.57183
              1       433.85878       33.115394       5.0916952       75.030774      0.25289464       8.9871968        8.9871968       849.74317                               849.74317
              1       433.92332       33.102162       5.0994146       75.030774      0.25289464       8.9871968        8.9871968       849.87224                               849.87224
              1         436.825       33.147515       5.0910649       75.030774      0.25289464       8.9871968        8.9871968        855.6756                                855.6756
              1       437.25344       33.137826       5.0987551       75.030774      0.25289464       8.9871968        8.9871968       856.53249                               856.53249
              2       433.86186       33.083941       5.1126014       75.030774      0.25289464       8.9871968        8.9871968       849.74933                               849.74933
              1       437.91405       33.214679       5.0123001        75.60873      0.24904315       8.9871968        8.9871968       857.85371                               857.85371
              3       439.58561       33.306625       4.9571982        75.60873      0.24904315       8.9871968        8.9871968       861.19682                               861.19682
              1       437.00404       33.135986       5.0627946        75.60873      0.24904315       8.9871968        8.9871968       856.03369                               856.03369
              1       434.37128       33.133814       5.0750702        75.60873      0.24904315       8.9871968        8.9871968       850.76816                               850.76816
              1       435.19897       33.118549       5.0800508        75.60873      0.24904315       8.9871968        8.9871968       852.42355                               852.42355
              1       434.25711       33.159974       5.0616335        75.60873      0.24904315       8.9871968        8.9871968       850.53984                               850.53984
              1       434.00308       33.125344       5.0881315        75.60873      0.24904315       8.9871968        8.9871968       850.03176                               850.03176
              1       434.38237       33.051023       5.1362587        75.60873      0.24904315       8.9871968        8.9871968       850.79035                               850.79035
              1       433.33767       33.106266       5.1063108        73.62693      0.26263046       8.9871968        8.9871968       848.70094                               848.70094
              2        433.4618       33.062371       5.1325504        73.62693      0.26263046       8.9871968        8.9871968        848.9492                                848.9492
              1       435.59241       32.994857       5.1679249        73.62693      0.26263046       8.9871968        8.9871968       853.21043                               853.21043
              1       436.18699       32.939077       5.2082627        73.62693      0.26263046       8.9871968        8.9871968       854.39959                               854.39959
              1       434.47682       32.984607       5.1837453        73.62693      0.26263046       8.9871968        8.9871968       850.97925                               850.97925
              3       433.35131       33.067158       5.1314431        73.62693      0.26263046       8.9871968        8.9871968       848.72822                               848.72822
              1       433.57833       33.137972       5.0854412        73.62693      0.26263046       8.9871968        8.9871968       849.18227                               849.18227
              1       433.86415       33.151342       5.0723833       74.649196      0.25548665       8.9871968        8.9871968        849.7539                                849.7539
              1        433.7602       33.060938       5.1308409       74.649196      0.25548665       8.9871968        8.9871968       849.54601                               849.54601
              1       433.73985       33.064689       5.1281072       74.649196      0.25548665       8.9871968        8.9871968        849.5053                                849.5053
              1       433.87148       33.132264       5.0902055       74.649196      0.25548665       8.9871968        8.9871968       849.76857                               849.76857
              1        434.1868       33.086606       5.1080827       74.649196      0.25548665       8.9871968        8.9871968        850.3992                                850.3992
              2       434.16678       33.174164       5.0596938       74.649196      0.25548665       8.9871968        8.9871968       850.35916                               850.35916
              1        434.0841       33.036251       5.1509294       74.649196      0.25548665       8.9871968        8.9871968        850.1938                                850.1938
              2       433.83329       33.067814       5.1315425       74.649196      0.25548665       8.9871968        8.9871968       849.69219                               849.69219
              1       435.16958       33.022039       5.1480206       74.649196      0.25548665       8.9871968        8.9871968       852.36476                               852.36476
              2       435.55886       33.061993       5.1161162       75.749433      0.24811882       8.9871968        8.9871968       853.14334                               853.14334
              1        434.3613       33.062916       5.1240196       75.749433      0.24811882       8.9871968        8.9871968       850.74821                               850.74821
              1       434.09386       33.138997       5.0762263       75.749433      0.24811882       8.9871968        8.9871968       850.21333                               850.21333
              1       434.20281       33.128357       5.0800235       75.749433      0.24811882       8.9871968        8.9871968       850.43123                               850.43123
              2       435.47118       33.229456       5.0184493       75.749433      0.24811882       8.9871968        8.9871968       852.96796                               852.96796
              1       434.57067       33.154627       5.0829452       70.929748      0.28298385       8.9871968        8.9871968       851.16695                               851.16695
              1       434.89105       33.152549       5.0960222       70.929748      0.28298385       8.9871968        8.9871968       851.80771                               851.80771
              1       433.29199       33.033544       5.1655223       70.929748      0.28298385       8.9871968        8.9871968       848.60959                               848.60959
              1       433.34483       33.078387       5.1383395       70.929748      0.28298385       8.9871968        8.9871968       848.71527                               848.71527
              2       434.15979       33.047821       5.1681262       68.618814      0.30236539       8.9871968        8.9871968       850.34518                               850.34518
              1       434.26785       33.064774       5.1557995       68.618814      0.30236539       8.9871968        8.9871968        850.5613                                850.5613
              1       434.44785       33.077606       5.1454644       68.618814      0.30236539       8.9871968        8.9871968       850.92131                               850.92131
              1       434.84356       33.104417       5.1321293       68.618814      0.30236539       8.9871968        8.9871968       851.71273                               851.71273
              2       434.18792       33.049961       5.1672352       68.618814      0.30236539       8.9871968        8.9871968       850.40145                               850.40145
              1       434.15322       33.111024       5.1202157       69.751312      0.29262655       8.9871968        8.9871968       850.33205                               850.33205
              2       434.35613        33.06081       5.1450244       69.751312      0.29262655       8.9871968        8.9871968       850.73787                               850.73787
              1       434.21961       33.084829       5.1315357       69.751312      0.29262655       8.9871968        8.9871968       850.46484                               850.46484
              1       434.84588       32.978528       5.1973627       69.751312      0.29262655       8.9871968        8.9871968       851.71737                               851.71737
              1       435.01534       33.103795       5.1158734       69.751312      0.29262655       8.9871968        8.9871968       852.05628                               852.05628
              1       433.84157       32.990862       5.1965751       69.751312      0.29262655       8.9871968        8.9871968       849.70876                               849.70876
              1       433.81269       33.057617       5.1598731       69.751312      0.29262655       8.9871968        8.9871968       849.65098                               849.65098
              1       433.77771       33.058981        5.158544       69.854429      0.29176325       8.9871968        8.9871968       849.58103                               849.58103
              2       433.97462       33.043675       5.1575366       69.854429      0.29176325       8.9871968        8.9871968       849.97485                               849.97485
              1       434.49859       33.062185       5.1427141       69.854429      0.29176325       8.9871968        8.9871968       851.02279                               851.02279
              1       434.21777        33.07557       5.1296698       70.866445      0.28348964       8.9871968        8.9871968       850.46115                               850.46115
              1       435.75336       33.191535       5.0576663       70.866445      0.28348964       8.9871968        8.9871968       853.53233                               853.53233
              1       433.35303       33.073397       5.1423261       70.866445      0.28348964       8.9871968        8.9871968       848.73166                               848.73166
              2       434.71384       33.055233       5.1691023       68.439623      0.30395078       8.9871968        8.9871968       851.45328                               851.45328
              1       434.54529        32.97477       5.2191199       68.439623      0.30395078       8.9871968        8.9871968       851.11618                               851.11618
              1       436.33639       32.949262       5.2189394       68.439623      0.30395078       8.9871968        8.9871968       854.69838                               854.69838
              3       434.53375       33.050182       5.1518593       69.580262      0.29406705       8.9871968        8.9871968        851.0931                                851.0931
              1       433.67256       33.043294       5.1636403       69.580262      0.29406705       8.9871968        8.9871968       849.37073                               849.37073
              1       433.75768       33.044158       5.1683481       69.580262      0.29406705       8.9871968        8.9871968       849.54097                               849.54097
              1       434.31099       33.040197       5.1742505       68.309562      0.30510933       8.9871968        8.9871968       850.64759                               850.64759
              1       435.77611       32.918369       5.2593444       68.309562      0.30510933       8.9871968        8.9871968       853.57782                               853.57782
              1       435.22533       33.108134       5.1322222       68.309562      0.30510933       8.9871968        8.9871968       852.47626                               852.47626
              1       435.56319       33.218772        5.024403       76.674493      0.24216794       8.9871968        8.9871968       853.15199                               853.15199
              2       436.08958       33.242197       5.0089596       76.674493      0.24216794       8.9871968        8.9871968       854.20477                               854.20477
              1        435.9027       33.108186       5.1045308       76.674493      0.24216794       8.9871968        8.9871968         853.831                                 853.831
              1       435.42669       33.001584       5.2019996       70.500319      0.28644175       8.9871968        8.9871968       852.87899                               852.87899
              1       433.61173       33.031005       5.1742803       70.500319      0.28644175       8.9871968        8.9871968       849.24906                               849.24906
              2       434.20236       33.084388       5.1430479       70.500319      0.28644175       8.9871968        8.9871968       850.43033                               850.43033
              1       434.14421       33.079378       5.1461807       70.500319      0.28644175       8.9871968        8.9871968       850.31402                               850.31402
              1        434.7453       33.091284       5.1196513       70.500319      0.28644175       8.9871968        8.9871968        851.5162                                851.5162
              2       433.89789        33.03886        5.171616       70.500319      0.28644175       8.9871968        8.9871968       849.82138                               849.82138
              1       434.76372       32.987995       5.2074847       70.500319      0.28644175       8.9871968        8.9871968       851.55305                               851.55305
              1       435.26303       32.967562       5.2274131       68.929223      0.29964823       8.9871968        8.9871968       852.55167                               852.55167
              1       436.52845       32.884019       5.2790079       68.929223      0.29964823       8.9871968        8.9871968       855.08251                               855.08251
              1       435.69957       32.897971        5.261316       69.977929      0.29073433       8.9871968        8.9871968       853.42475                               853.42475
              1       434.80207       33.147671       5.0986218       69.977929      0.29073433       8.9871968        8.9871968       851.62976                               851.62976
              1       433.59716       33.072136       5.1451554       69.977929      0.29073433       8.9871968        8.9871968       849.21993                               849.21993
              1       434.25114       33.096875       5.1353072       69.977929      0.29073433       8.9871968        8.9871968       850.52788                               850.52788
              1       433.70488       33.055498       5.1601254       69.977929      0.29073433       8.9871968        8.9871968       849.43536                               849.43536
              1       435.69515       32.953984       5.2099621       69.977929      0.29073433       8.9871968        8.9871968       853.41591                               853.41591
              1       435.66943       32.955018       5.2089548       70.056075      0.29008607       8.9871968        8.9871968       853.36447                               853.36447
              1       435.15967       32.993122       5.2078637       70.056075      0.29008607       8.9871968        8.9871968       852.34496                               852.34496
              3       434.47387       33.110248       5.1130707       70.056075      0.29008607       8.9871968        8.9871968       850.97334                               850.97334
              1       434.50063       33.111218       5.1123585       70.056075      0.29008607       8.9871968        8.9871968       851.02687                               851.02687
              1       434.16174       33.056521       5.1628695       70.056075      0.29008607       8.9871968        8.9871968       850.34909                               850.34909
              2       433.97243       33.067251        5.152413       70.867319      0.28348264       8.9871968        8.9871968       849.97046                               849.97046
              1       434.59457       32.983044       5.1900133       70.867319      0.28348264       8.9871968        8.9871968       851.21475                               851.21475
              1       434.32655       33.054729       5.1625446       70.867319      0.28348264       8.9871968        8.9871968       850.67872                               850.67872
              1       434.21628       32.958144       5.2135107       70.867319      0.28348264       8.9871968        8.9871968       850.45816                               850.45816
              1       435.72174        32.99243       5.2071174       70.867319      0.28348264       8.9871968        8.9871968       853.46909                               853.46909
              1       435.36928       33.020664       5.1884693       70.867319      0.28348264       8.9871968        8.9871968       852.76417                               852.76417
              1       433.31565       33.065983       5.1433602       70.867319      0.28348264       8.9871968        8.9871968        848.6569                                848.6569
              1       433.43773       33.063934       5.1425436       70.867319      0.28348264       8.9871968        8.9871968       848.90107                               848.90107
              2       433.60148       33.107213       5.1003669       74.139511       0.2590115       8.9871968        8.9871968       849.22857                               849.22857
              1       433.96272       33.136108       5.0797865       74.139511       0.2590115       8.9871968        8.9871968       849.95104                               849.95104
              2        433.9915       33.132394       5.0817211       74.139511       0.2590115       8.9871968        8.9871968        850.0086                                850.0086
              1       433.71859       33.035506        5.168933       69.470804      0.29499444       8.9871968        8.9871968       849.46278                               849.46278
              1       433.71725       33.012514       5.1860329       69.470804      0.29499444       8.9871968        8.9871968       849.46011                               849.46011
              2       433.72023       33.012058       5.1859649       69.470804      0.29499444       8.9871968        8.9871968       849.46606                               849.46606
              1       433.36999       33.068895       5.1305751       73.768108      0.26162618       8.9871968        8.9871968       848.76559                               848.76559
              1       433.54098       33.108887       5.1089231       73.768108      0.26162618       8.9871968        8.9871968       849.10756                               849.10756
              2        433.5524        33.10771       5.1098704       73.768108      0.26162618       8.9871968        8.9871968        849.1304                                849.1304
              1        434.7755       33.005309       5.1803137       73.768108      0.26162618       8.9871968        8.9871968        851.5766                                851.5766
              1       435.13552       33.064497       5.1465742       73.768108      0.26162618       8.9871968        8.9871968       852.29666                               852.29666
              1       435.10401       33.184542       5.0643974       73.768108      0.26162618       8.9871968        8.9871968       852.23362                               852.23362
              1       435.24221       33.191575       5.0575431       74.299883      0.25789459       8.9871968        8.9871968       852.51003                               852.51003
              2        434.3943       33.003582       5.1725011       74.299883      0.25789459       8.9871968        8.9871968       850.81421                               850.81421
              1       435.82613       32.946491       5.2072491       74.299883      0.25789459       8.9871968        8.9871968       853.67787                               853.67787
              1       439.02728       33.233556       5.0036809       74.299883      0.25789459       8.9871968        8.9871968       860.08016                               860.08016
              1       434.32398       33.184818       5.0522207       74.299883      0.25789459       8.9871968        8.9871968       850.67357                               850.67357
              1        435.4799       33.218604       5.0373978       74.299883      0.25789459       8.9871968        8.9871968       852.98541                               852.98541
              1       437.00996       33.242728       5.0263093       74.299883      0.25789459       8.9871968        8.9871968       856.04553                               856.04553
              1       435.10709       33.218381       5.0329645       74.299883      0.25789459       8.9871968        8.9871968       852.23978                               852.23978
              1       434.95764       33.122073       5.0824428       74.299883      0.25789459       8.9871968        8.9871968       851.94089                               851.94089
              1       434.69278       33.164257       5.0583704       74.299883      0.25789459       8.9871968        8.9871968       851.41116                               851.41116
              2       434.55929       33.014385       5.1700719       74.299883      0.25789459       8.9871968        8.9871968       851.14418                               851.14418
              1       433.54611       33.122752       5.0926439       74.299883      0.25789459       8.9871968        8.9871968       849.11783                               849.11783
              2       433.95846       33.131608        5.081993       74.299883      0.25789459       8.9871968        8.9871968       849.94253                               849.94253
              2       433.59672       33.124686       5.0901898       74.299883      0.25789459       8.9871968        8.9871968       849.21906                               849.21906
              4        433.4999       33.081247       5.1193468       74.299883      0.25789459       8.9871968        8.9871968       849.02541                               849.02541
              1       433.55664       33.107132       5.1009273       74.299883      0.25789459       8.9871968        8.9871968        849.1389                                849.1389
              1       433.22591       33.081201       5.1290413       72.816731      0.26850732       8.9871968        8.9871968       848.47743                               848.47743
              1       433.17582       33.074298       5.1309911       72.816731      0.26850732       8.9871968        8.9871968       848.37724                               848.37724
              1       433.34769       33.041273       5.1545993       72.816731      0.26850732       8.9871968        8.9871968       848.72098                               848.72098
              1       434.35562       33.073622       5.1283601       75.195171      0.25179006       8.9871968        8.9871968       850.73684                               850.73684
              1       433.79651        33.09331       5.1090493       75.195171      0.25179006       8.9871968        8.9871968       849.61863                               849.61863
              1       433.88018       33.138387       5.0800146       75.195171      0.25179006       8.9871968        8.9871968       849.78597                               849.78597
              1       435.14161       33.001152       5.1728871       75.195171      0.25179006       8.9871968        8.9871968       852.30884                               852.30884
              1       434.71578       32.981765       5.1917806       73.729352       0.2619013       8.9871968        8.9871968       851.45716                               851.45716
              1       435.18469       32.976551       5.1981322       73.729352       0.2619013       8.9871968        8.9871968       852.39499                               852.39499
              1       433.94871       33.047259        5.139062       74.739452      0.25486997       8.9871968        8.9871968       849.92303                               849.92303
              1       433.82257       33.056337       5.1346353       74.739452      0.25486997       8.9871968        8.9871968       849.67074                               849.67074
              2       435.03291        33.21127       5.0308817       74.739452      0.25486997       8.9871968        8.9871968       852.09142                               852.09142
              1       435.07904       33.062154       5.1663635       68.749241      0.30121921       8.9871968        8.9871968       852.18369                               852.18369
              2       434.27831       33.002199       5.2005896       68.749241      0.30121921       8.9871968        8.9871968       850.58223                               850.58223
              1       434.67151         33.0788       5.1519055       68.749241      0.30121921       8.9871968        8.9871968       851.36863                               851.36863
              1       436.93144       32.960856       5.2070831       68.749241      0.30121921       8.9871968        8.9871968        855.8885                                855.8885
              1       434.52909       32.952797       5.2285082       68.749241      0.30121921       8.9871968        8.9871968       851.08379                               851.08379
              1       433.71312       33.027011       5.1604065       73.613594      0.26272563       8.9871968        8.9871968       849.45184                               849.45184
              1       434.96989       32.950018       5.2354379       67.792434      0.30978189       8.9871968        8.9871968       851.96539                               851.96539
              1        434.9914       33.052292       5.1724128       67.792434      0.30978189       8.9871968        8.9871968       852.00841                               852.00841
              1       434.98785        33.04048       5.1808983       67.792434      0.30978189       8.9871968        8.9871968        852.0013                                852.0013
              1       435.00531       33.072862       5.1556423       67.792434      0.30978189       8.9871968        8.9871968       852.03622                               852.03622
              1       433.90135       33.102675       5.1265887       70.046493      0.29016544       8.9871968        8.9871968        849.8283                                849.8283
              1       433.70356       33.081962       5.1407304       70.046493      0.29016544       8.9871968        8.9871968       849.43273                               849.43273
              1       434.03821       33.111913       5.1171038       70.046493      0.29016544       8.9871968        8.9871968       850.10203                               850.10203
              1       435.67278       33.155689       5.0991772       70.046493      0.29016544       8.9871968        8.9871968       853.37117                               853.37117
              3       434.52884       32.942341       5.2309813       70.046493      0.29016544       8.9871968        8.9871968       851.08328                               851.08328
              1       434.04599       33.059299       5.1458508       70.046493      0.29016544       8.9871968        8.9871968       850.11759                               850.11759
              2       434.69983       33.120324       5.1061792       70.046493      0.29016544       8.9871968        8.9871968       851.42527                               851.42527
              1       434.99673        33.15274       5.0882148       70.046493      0.29016544       8.9871968        8.9871968       852.01906                               852.01906
              2       433.93965       32.975733       5.2088271       70.046493      0.29016544       8.9871968        8.9871968       849.90492                               849.90492
              1       433.95974       32.974875       5.2096637       69.981583      0.29070397       8.9871968        8.9871968       849.94509                               849.94509
              1       434.20533       33.022457       5.1854014       69.981583      0.29070397       8.9871968        8.9871968       850.43626                               850.43626
              1       433.80111       33.040332       5.1711614       69.981583      0.29070397       8.9871968        8.9871968       849.62783                               849.62783
              1        434.2065       33.115033       5.1205632       69.981583      0.29070397       8.9871968        8.9871968        850.4386                                850.4386
              1       434.76825         33.1144       5.1257095       69.981583      0.29070397       8.9871968        8.9871968        851.5621                                851.5621
              1       435.92314       32.948876       5.2127201       69.981583      0.29070397       8.9871968        8.9871968       853.87188                               853.87188
              1       434.34942        32.95693        5.223427       69.981583      0.29070397       8.9871968        8.9871968       850.72445                               850.72445
              1       434.10919         33.0023       5.1793622       73.385577       0.2643608       8.9871968        8.9871968       850.24399                               850.24399
              1       434.05563       32.998716       5.1795359       73.385577       0.2643608       8.9871968        8.9871968       850.13687                               850.13687
              1       434.21973       32.989343       5.1850699       73.385577       0.2643608       8.9871968        8.9871968       850.46506                               850.46506
              4       433.25049       33.086402       5.1206727       73.385577       0.2643608       8.9871968        8.9871968       848.52659                               848.52659
              1       433.39534       33.068335       5.1294209       73.385577       0.2643608       8.9871968        8.9871968       848.81629                               848.81629
              1       433.88053        33.08894       5.1271435       73.385577       0.2643608       8.9871968        8.9871968       849.78667                               849.78667
              1       433.44979       33.053848        5.145271       73.385577       0.2643608       8.9871968        8.9871968       848.92518                               848.92518
              1       433.27452       33.100156       5.1119795       73.385577       0.2643608       8.9871968        8.9871968       848.57465                               848.57465
              1       433.18439       33.090347       5.1215061        72.64965      0.26974378       8.9871968        8.9871968       848.39439                               848.39439
              1       433.37782       33.119952        5.102991        72.64965      0.26974378       8.9871968        8.9871968       848.78124                               848.78124
              1       433.88497       33.001893       5.1829241        72.64965      0.26974378       8.9871968        8.9871968       849.79554                               849.79554
              2       433.23621       33.064305       5.1409849        72.64965      0.26974378       8.9871968        8.9871968       848.49803                               848.49803
              2       433.35501       33.036376       5.1548508        72.64965      0.26974378       8.9871968        8.9871968       848.73564                               848.73564
              1       433.37182       33.021005       5.1697799       71.496382      0.27851613       8.9871968        8.9871968       848.76925                               848.76925
              2       433.33535        33.08879       5.1302674       71.496382      0.27851613       8.9871968        8.9871968       848.69631                               848.69631
              2       434.03985       33.018166       5.1632626       74.136179      0.25903478       8.9871968        8.9871968        850.1053                                850.1053
              1       433.84132       33.047925        5.147223       74.136179      0.25903478       8.9871968        8.9871968       849.70824                               849.70824
              1       433.70223       33.004377       5.1895186       70.868859      0.28347032       8.9871968        8.9871968       849.43007                               849.43007
              1       433.58759       33.002275       5.1840007       70.868859      0.28347032       8.9871968        8.9871968        849.2008                                849.2008
              2       433.52155         33.0074        5.180986       70.868859      0.28347032       8.9871968        8.9871968        849.0687                                849.0687
              1       434.65319       33.031098       5.1564113       70.868859      0.28347032       8.9871968        8.9871968       851.33198                               851.33198
              2        433.7911       33.060219       5.1418005       70.868859      0.28347032       8.9871968        8.9871968       849.60781                               849.60781
              1       433.86804       33.016203       5.1841796       70.868859      0.28347032       8.9871968        8.9871968       849.76169                               849.76169
              1       433.91103       33.107674       5.1125729       70.868859      0.28347032       8.9871968        8.9871968       849.84766                               849.84766
              1       434.01053       32.967936       5.2081565       70.868859      0.28347032       8.9871968        8.9871968       850.04666                               850.04666
              1       433.37557       33.084111        5.133979       70.868859      0.28347032       8.9871968        8.9871968       848.77675                               848.77675
              1       433.28469       33.048126       5.1581404       70.868859      0.28347032       8.9871968        8.9871968       848.59499                               848.59499
              2       433.32869       33.058673       5.1523097       70.868859      0.28347032       8.9871968        8.9871968       848.68299                               848.68299
              2       433.32446       33.027991       5.1694502       70.868859      0.28347032       8.9871968        8.9871968       848.67453                               848.67453
              1       433.29023       33.031767       5.1672934        71.08017       0.2817874       8.9871968        8.9871968       848.60607                               848.60607
              1       433.37103       33.019382       5.1755363        71.08017       0.2817874       8.9871968        8.9871968       848.76767                               848.76767
              2       437.61606       32.932356       5.2091863       72.663711      0.26963939       8.9871968        8.9871968       857.25773                               857.25773
              1       434.00895       33.158455       5.0742105       72.663711      0.26963939       8.9871968        8.9871968        850.0435                                850.0435
              1       436.09482       33.239459       5.0242699       72.663711      0.26963939       8.9871968        8.9871968       854.21524                               854.21524
              1       436.75578       33.184889       5.0748992       72.663711      0.26963939       8.9871968        8.9871968       855.53717                               855.53717
              1       435.50836       33.207098       5.0392005       72.663711      0.26963939       8.9871968        8.9871968       853.04233                               853.04233
              1       435.38179       33.072513       5.1477145       72.663711      0.26963939       8.9871968        8.9871968       852.78919                               852.78919
              1       436.25096       32.904078        5.243937       72.663711      0.26963939       8.9871968        8.9871968       854.52752                               854.52752
              1       436.49322       32.869545       5.2790906       69.702247      0.29303866       8.9871968        8.9871968       855.01205                               855.01205
              2       435.84531       32.895589       5.2567321       70.929829       0.2829832       8.9871968        8.9871968       853.71622                               853.71622
              1       434.64125       33.164146       5.0788785       70.929829       0.2829832       8.9871968        8.9871968       851.30811                               851.30811
              1       433.64765       33.098557       5.1277823       70.929829       0.2829832       8.9871968        8.9871968        849.3209                                849.3209
              1       433.63649       33.027917       5.1640255       70.929829       0.2829832       8.9871968        8.9871968       849.29859                               849.29859
              1       433.84622       33.117384       5.1077376       70.929829       0.2829832       8.9871968        8.9871968       849.71805                               849.71805
              1       435.68882       33.112935       5.1283633       70.929829       0.2829832       8.9871968        8.9871968       853.40325                               853.40325
              1       434.49937       32.942834       5.2259761       70.728793      0.28459417       8.9871968        8.9871968       851.02435                               851.02435
              1       440.54752       32.831784       5.2826836       70.728793      0.28459417       8.9871968        8.9871968       863.12065                               863.12065
              1       435.49931       32.908791       5.2443634       70.728793      0.28459417       8.9871968        8.9871968       853.02422                               853.02422
              1       434.82372       32.932371       5.2296996       70.728793      0.28459417       8.9871968        8.9871968       851.67305                               851.67305
              1       435.25561       32.973621       5.2171654       70.728793      0.28459417       8.9871968        8.9871968       852.53683                               852.53683
              1       434.20217        33.12479        5.102105       70.728793      0.28459417       8.9871968        8.9871968       850.42995                               850.42995
              1       434.40932       33.140291       5.0926815       70.728793      0.28459417       8.9871968        8.9871968       850.84424                               850.84424
              1       433.79847       32.980753       5.2013309       70.728793      0.28459417       8.9871968        8.9871968       849.62255                               849.62255
              1       433.50091       33.039893       5.1670583       70.728793      0.28459417       8.9871968        8.9871968       849.02743                               849.02743
              1       436.14512       32.970954       5.2272486       69.446226      0.29520328       8.9871968        8.9871968       854.31585                               854.31585
              1       435.15388       33.126514       5.1049893       69.446226      0.29520328       8.9871968        8.9871968       852.33337                               852.33337
              2       437.43133       33.130758       5.0933174       69.446226      0.29520328       8.9871968        8.9871968       856.88826                               856.88826
              3       433.71802       33.041124       5.1658241       69.446226      0.29520328       8.9871968        8.9871968       849.46165                               849.46165
              1       433.72026       33.040731       5.1659986       69.446226      0.29520328       8.9871968        8.9871968       849.46612                               849.46612
              1       433.69848       33.045161       5.1645181       69.446226      0.29520328       8.9871968        8.9871968       849.42256                               849.42256
              1       434.43669       33.018351       5.1738947       69.446226      0.29520328       8.9871968        8.9871968       850.89899                               850.89899
              1       434.66829       33.015168       5.1747779       69.446226      0.29520328       8.9871968        8.9871968       851.36219                               851.36219
              1        434.4258       33.014177       5.1767499       69.446226      0.29520328       8.9871968        8.9871968        850.8772                                850.8772
              2       434.14582       32.985424       5.1989908       69.446226      0.29520328       8.9871968        8.9871968       850.31725                               850.31725
              1       435.15387       33.006612       5.2047481       67.954007      0.30831052       8.9871968        8.9871968       852.33336                               852.33336
              1       436.28668       33.142797       5.1078892       67.954007      0.30831052       8.9871968        8.9871968       854.59896                               854.59896
              1       435.15289       32.932153        5.246111       67.954007      0.30831052       8.9871968        8.9871968       852.33139                               852.33139
              1       436.11008       32.940045       5.2294471       67.954007      0.30831052       8.9871968        8.9871968       854.24577                               854.24577
              1       436.22613       33.117471        5.117212       67.954007      0.30831052       8.9871968        8.9871968       854.47786                               854.47786
              1       434.58383       33.005476       5.2006613       67.954007      0.30831052       8.9871968        8.9871968       851.19326                               851.19326
              2       434.55597       32.985035       5.2117134       67.954007      0.30831052       8.9871968        8.9871968       851.13754                               851.13754
              1       434.92455       33.050801       5.1733299       67.954007      0.30831052       8.9871968        8.9871968       851.87471                               851.87471
              1       434.96403       32.958503       5.2234585       67.954007      0.30831052       8.9871968        8.9871968       851.95367                               851.95367
              1       435.15639       33.068619       5.1601095       69.808568      0.29214673       8.9871968        8.9871968       852.33839                               852.33839
              1       436.08139       32.885337       5.2704372       69.808568      0.29214673       8.9871968        8.9871968       854.18839                               854.18839
              1       435.49656       33.058193       5.1413315       69.808568      0.29214673       8.9871968        8.9871968       853.01872                               853.01872
              1       435.44536       33.048879       5.1480089       69.710192      0.29297188       8.9871968        8.9871968       852.91633                               852.91633
              1       433.86118       32.991989       5.1956082       69.710192      0.29297188       8.9871968        8.9871968       849.74796                               849.74796
              1       435.05823       33.118508       5.1246259       69.710192      0.29297188       8.9871968        8.9871968       852.14207                               852.14207
              1       434.27047       33.090567       5.1282483       69.710192      0.29297188       8.9871968        8.9871968       850.56655                               850.56655
              1       434.22027       32.979814       5.2007434       69.710192      0.29297188       8.9871968        8.9871968       850.46614                               850.46614
              1       436.49944       32.874312       5.2704176       69.710192      0.29297188       8.9871968        8.9871968       855.02448                               855.02448
              1       435.81872        32.90787       5.2457967       69.710192      0.29297188       8.9871968        8.9871968       853.66305                               853.66305
              1       434.68997        33.07759       5.1521215       69.710192      0.29297188       8.9871968        8.9871968       851.40555                               851.40555
              1       434.15358        33.00199       5.1983359       69.710192      0.29297188       8.9871968        8.9871968       850.33277                               850.33277
              1       434.75743       32.965295       5.2235008       69.710192      0.29297188       8.9871968        8.9871968       851.54046                               851.54046
              1       436.07415       33.047715       5.1749067       66.391869      0.32298972       8.9871968        8.9871968        854.1739                                854.1739
              2       435.81002       33.001039       5.2106962       66.391869      0.32298972       8.9871968        8.9871968       853.64565                               853.64565
              1       435.82408       32.978447        5.225514       66.391869      0.32298972       8.9871968        8.9871968       853.67376                               853.67376
              1       434.02748       33.014587       5.1904131       69.103403      0.29813957       8.9871968        8.9871968       850.08057                               850.08057
              1        433.9296       33.013574       5.1896521       69.103403      0.29813957       8.9871968        8.9871968       849.88481                               849.88481
              1        435.3161       33.140371       5.1082714       69.103403      0.29813957       8.9871968        8.9871968       852.65782                               852.65782
              3       434.37607        33.09559       5.1312266       69.103403      0.29813957       8.9871968        8.9871968       850.77774                               850.77774
              2       434.36606       32.949196       5.2238229       69.986799      0.29066064       8.9871968        8.9871968       850.75772                               850.75772
              1       434.25064       32.956582       5.2183238       69.986799      0.29066064       8.9871968        8.9871968       850.52688                               850.52688
              1       434.90631       32.924241       5.2421219       69.986799      0.29066064       8.9871968        8.9871968       851.83823                               851.83823
              1       435.71435       33.091483       5.1188348       69.986799      0.29066064       8.9871968        8.9871968        853.4543                                853.4543
              1       435.66558       32.957761       5.2073199       69.986799      0.29066064       8.9871968        8.9871968       853.35677                               853.35677
              2       435.41424       32.966051       5.2024233       69.986799      0.29066064       8.9871968        8.9871968       852.85409                               852.85409
              1        433.9372       33.096853       5.1257214       69.986799      0.29066064       8.9871968        8.9871968       849.90002                               849.90002
              3       433.68133        33.07086       5.1488642       69.986799      0.29066064       8.9871968        8.9871968       849.38828                               849.38828
              1       433.52876       33.060311       5.1523987       69.986799      0.29066064       8.9871968        8.9871968       849.08312                               849.08312
              1       433.66731       33.070448       5.1432406       69.986799      0.29066064       8.9871968        8.9871968       849.36023                               849.36023
              1       433.94596       33.100782       5.1238373       69.986799      0.29066064       8.9871968        8.9871968       849.91753                               849.91753
              1       435.42943       33.057381       5.1410544       69.986799      0.29066064       8.9871968        8.9871968       852.88446                               852.88446
              1       438.63414        33.15893       5.0702226       69.986799      0.29066064       8.9871968        8.9871968       859.29389                               859.29389
              1       436.26521       33.010984       5.2008429       69.986799      0.29066064       8.9871968        8.9871968       854.55602                               854.55602
              1       436.53037       33.151141       5.0810046       69.986799      0.29066064       8.9871968        8.9871968       855.08635                               855.08635
              1       434.30356       33.115634       5.1123056       69.986799      0.29066064       8.9871968        8.9871968       850.63273                               850.63273
              1        435.5863       33.153032       5.0842004       69.986799      0.29066064       8.9871968        8.9871968        853.1982                                853.1982
              1       434.76457       33.031422       5.1825007       69.986799      0.29066064       8.9871968        8.9871968       851.55474                               851.55474
              1       434.95532       32.961716       5.2256365       69.986799      0.29066064       8.9871968        8.9871968       851.93625                               851.93625
              1       433.50217       33.048132       5.1595835       69.986799      0.29066064       8.9871968        8.9871968       849.02994                               849.02994
              1       434.84187       33.087502       5.1453691       69.986799      0.29066064       8.9871968        8.9871968       851.70935                               851.70935
              1       435.02155       33.080308       5.1523557       69.447086      0.29519598       8.9871968        8.9871968        852.0687                                852.0687
              1       435.08188       33.090078       5.1257299       69.447086      0.29519598       8.9871968        8.9871968       852.18936                               852.18936
              1       433.75511       33.008148       5.1879908       69.447086      0.29519598       8.9871968        8.9871968       849.53582                               849.53582
              2       433.72754       33.032052        5.175515       69.447086      0.29519598       8.9871968        8.9871968       849.48068                               849.48068
              1       436.84081       32.902557       5.2691796       69.447086      0.29519598       8.9871968        8.9871968       855.70723                               855.70723
              2       433.85772       33.050649       5.1576152       69.447086      0.29519598       8.9871968        8.9871968       849.74105                               849.74105
              1       433.74951       33.053409       5.1580086       69.447086      0.29519598       8.9871968        8.9871968       849.52463                               849.52463
              2       434.33225       33.066257       5.1440562       69.447086      0.29519598       8.9871968        8.9871968       850.69011                               850.69011
              1       433.84393       33.006996       5.1926398       69.447086      0.29519598       8.9871968        8.9871968       849.71346                               849.71346
              2       433.83386       33.067325       5.1521312       69.447086      0.29519598       8.9871968        8.9871968       849.69334                               849.69334
              1       433.78988       33.012242       5.1837853       69.447086      0.29519598       8.9871968        8.9871968       849.60536                               849.60536
              1       433.75166       33.031809       5.1709504       69.447086      0.29519598       8.9871968        8.9871968       849.52893                               849.52893
              1       436.11699       32.963558       5.2316006       69.447086      0.29519598       8.9871968        8.9871968       854.25958                               854.25958
              1       434.05901       33.077538       5.1478733       69.447086      0.29519598       8.9871968        8.9871968       850.14363                               850.14363
              1       434.34502       33.132778       5.0825088       73.262575      0.26524923       8.9871968        8.9871968       850.71564                               850.71564
              1       436.11443       33.059107       5.1208155       73.869075      0.26091146       8.9871968        8.9871968       854.25446                               854.25446
              1       435.82307       33.205864       5.0513109       73.869075      0.26091146       8.9871968        8.9871968       853.67175                               853.67175
              2        433.3554       33.084179       5.1198613       73.869075      0.26091146       8.9871968        8.9871968        848.7364                                848.7364
              1       433.61981       33.121881       5.0999649       73.869075      0.26091146       8.9871968        8.9871968       849.26522                               849.26522
              1       434.29205       33.069428       5.1542005       70.344454      0.28771252       8.9871968        8.9871968        850.6097                                850.6097
              1       433.79243       33.037468       5.1596858       70.344454      0.28771252       8.9871968        8.9871968       849.61047                               849.61047
              1         434.843       33.096481       5.1382395       70.344454      0.28771252       8.9871968        8.9871968        851.7116                                851.7116
              1       434.78685       33.065149       5.1203896       74.227658      0.25839671       8.9871968        8.9871968       851.59931                               851.59931
              1       433.53403       33.077062       5.1212035       74.227658      0.25839671       8.9871968        8.9871968       849.09368                               849.09368
              1       433.54522       33.084691       5.1156306       74.227658      0.25839671       8.9871968        8.9871968       849.11605                               849.11605
              1       433.59333       33.091745       5.1102271       74.227658      0.25839671       8.9871968        8.9871968       849.21227                               849.21227
              1       434.71857        33.08639       5.1065276       74.227658      0.25839671       8.9871968        8.9871968       851.46274                               851.46274
              1       433.65614       33.131606       5.0854977       74.227658      0.25839671       8.9871968        8.9871968       849.33788                               849.33788
              1       435.36954        33.18168       5.0454135       74.227658      0.25839671       8.9871968        8.9871968       852.76469                               852.76469
              1       434.80039       33.182469       5.0603834       71.974316      0.27482953       8.9871968        8.9871968       851.62639                               851.62639
              1         433.416       33.035424       5.1641927       71.974316      0.27482953       8.9871968        8.9871968        848.8576                                848.8576
              1       433.21107       33.044423       5.1554878       71.974316      0.27482953       8.9871968        8.9871968       848.44775                               848.44775
              3       433.34406       33.104639       5.1132016       71.974316      0.27482953       8.9871968        8.9871968       848.71373                               848.71373
              1       433.37738       33.113013       5.1094892       71.974316      0.27482953       8.9871968        8.9871968       848.78038                               848.78038
              1        434.8808       33.055898       5.1649928        67.69125       0.3107087       8.9871968        8.9871968       851.78721                               851.78721
              1       435.04226       33.064759       5.1626464        67.69125       0.3107087       8.9871968        8.9871968       852.11013                               852.11013
              1       434.84695       32.974675       5.2156224        67.69125       0.3107087       8.9871968        8.9871968        851.7195                                851.7195
              1       434.83128       33.015818       5.1875461        67.69125       0.3107087       8.9871968        8.9871968       851.68817                               851.68817
              1       435.29567       32.961813       5.2332932        67.69125       0.3107087       8.9871968        8.9871968       852.61694                               852.61694
              1       436.40558       32.901595       5.2718118       66.551911      0.32143816       8.9871968        8.9871968       854.83677                               854.83677
              1       435.69907        33.00621       5.2069566       66.551911      0.32143816       8.9871968        8.9871968       853.42375                               853.42375
              1       433.49064       33.098566       5.1172057       73.477744      0.26369801       8.9871968        8.9871968       849.00688                               849.00688
              1       433.60449       33.089075       5.1245943       73.477744      0.26369801       8.9871968        8.9871968       849.23458                               849.23458
              1       433.47143       33.049342       5.1471999       73.477744      0.26369801       8.9871968        8.9871968       848.96846                               848.96846
              1        434.0018       33.051568       5.1445994       74.402758      0.25718191       8.9871968        8.9871968       850.02921                               850.02921
              1       434.08203       33.052869       5.1445446       74.402758      0.25718191       8.9871968        8.9871968       850.18966                               850.18966
              1       433.71758       33.141287       5.0824673       74.402758      0.25718191       8.9871968        8.9871968       849.46077                               849.46077
              1        433.6871       33.056221       5.1374866       74.402758      0.25718191       8.9871968        8.9871968       849.39981                               849.39981
              1       434.06933       32.989975       5.1866515       71.250705      0.28044012       8.9871968        8.9871968       850.16427                               850.16427
              1       434.10137       33.073974       5.1291715       71.250705      0.28044012       8.9871968        8.9871968       850.22835                               850.22835
              1       433.29758       33.094918       5.1182315       72.108646      0.27380653       8.9871968        8.9871968       848.62077                               848.62077
              1        433.7596       32.995003       5.1836691       72.108646      0.27380653       8.9871968        8.9871968       849.54481                               849.54481
              2       433.48693       33.020953       5.1657928       72.108646      0.27380653       8.9871968        8.9871968       848.99947                               848.99947
              1       434.10956       33.101003       5.1141964       74.521857      0.25636052       8.9871968        8.9871968       850.24472                               850.24472
              1       435.09089        33.14487         5.08952       74.521857      0.25636052       8.9871968        8.9871968       852.20739                               852.20739
              1       433.76246       33.078801       5.1169481       74.521857      0.25636052       8.9871968        8.9871968       849.55052                               849.55052
              2       434.10813       33.077942       5.1146455       74.521857      0.25636052       8.9871968        8.9871968       850.24186                               850.24186
              1       433.55567       33.084163       5.1182272       74.521857      0.25636052       8.9871968        8.9871968       849.13694                               849.13694
              2       434.60243       33.193027       5.0529239       73.936533      0.26043559       8.9871968        8.9871968       851.23047                               851.23047
              2       434.01593       33.155512       5.0693843       73.936533      0.26043559       8.9871968        8.9871968       850.05747                               850.05747
              2       434.33763       33.086138       5.1285075       73.936533      0.26043559       8.9871968        8.9871968       850.70086                               850.70086
              1       433.84047         33.0172       5.1752679       72.555867      0.27044155       8.9871968        8.9871968       849.70655                               849.70655
              1       436.19313       33.126433       5.1147379       72.555867      0.27044155       8.9871968        8.9871968       854.41187                               854.41187
              1       433.91202       33.105983       5.1197235       72.555867      0.27044155       8.9871968        8.9871968       849.84965                               849.84965
              1        433.5611       33.113124       5.1120412       72.555867      0.27044155       8.9871968        8.9871968       849.14781                               849.14781
              2       433.52665       33.108411       5.1151286       72.555867      0.27044155       8.9871968        8.9871968       849.07891                               849.07891
              1        435.2444       33.045595       5.1649571       72.555867      0.27044155       8.9871968        8.9871968        852.5144                                852.5144
              1       434.56597       33.157769       5.0861261       72.555867      0.27044155       8.9871968        8.9871968       851.15755                               851.15755
              1       435.72903       33.141256       5.0749639       72.555867      0.27044155       8.9871968        8.9871968       853.48367                               853.48367
              1       433.17031       33.078926       5.1305766       72.555867      0.27044155       8.9871968        8.9871968       848.36623                               848.36623
              1       435.88836       33.068685       5.1522625       72.555867      0.27044155       8.9871968        8.9871968       853.80232                               853.80232
              1       435.17907       33.113565       5.1202378       72.555867      0.27044155       8.9871968        8.9871968       852.38375                               852.38375
              1       435.83971       33.135387        5.078136       72.555867      0.27044155       8.9871968        8.9871968       853.70503                               853.70503
              1       434.37581       33.111675       5.1249263       70.238612      0.28858028       8.9871968        8.9871968       850.77722                               850.77722
              1       435.51083       32.940658       5.2194345       70.238612      0.28858028       8.9871968        8.9871968       853.04728                               853.04728
              1       435.98507       32.891463       5.2652081       70.238612      0.28858028       8.9871968        8.9871968       853.99574                               853.99574
              2       436.89174       33.054042       5.1374313       70.238612      0.28858028       8.9871968        8.9871968       855.80908                               855.80908
              1       435.06832       33.081952       5.1255608       70.238612      0.28858028       8.9871968        8.9871968       852.16226                               852.16226
              1       433.89481       33.097962       5.1311568       70.238612      0.28858028       8.9871968        8.9871968       849.81522                               849.81522
              1       433.76234       33.091364       5.1346487       70.238612      0.28858028       8.9871968        8.9871968       849.55029                               849.55029
              1       435.32653       33.102539        5.136306       70.238612      0.28858028       8.9871968        8.9871968       852.67868                               852.67868
              2       433.48475       33.035907       5.1648323       70.238612      0.28858028       8.9871968        8.9871968        848.9951                                848.9951
              1       434.52269       33.139356       5.0967734       70.238612      0.28858028       8.9871968        8.9871968         851.071                                 851.071
              1       433.58927       33.035499       5.1682417       69.755151      0.29259433       8.9871968        8.9871968       849.20414                               849.20414
              1       435.11053        33.14476       5.0935534       69.755151      0.29259433       8.9871968        8.9871968       852.24667                               852.24667
              1       435.69295       33.046438        5.148453       69.755151      0.29259433       8.9871968        8.9871968       853.41151                               853.41151
              1       434.03967       33.036303       5.1625162       69.755151      0.29259433       8.9871968        8.9871968       850.10494                               850.10494
              1       433.65878       33.032932       5.1744604       69.755151      0.29259433       8.9871968        8.9871968       849.34317                               849.34317
              1       433.90911       33.091253       5.1318363       69.755151      0.29259433       8.9871968        8.9871968       849.84384                               849.84384
              1       435.11832        32.99582       5.1840365       69.755151      0.29259433       8.9871968        8.9871968       852.26224                               852.26224
              2       435.78601       32.905867       5.2475298       69.755151      0.29259433       8.9871968        8.9871968       853.59762                               853.59762
              1       433.84097        33.06218       5.1479902       69.755151      0.29259433       8.9871968        8.9871968       849.70755                               849.70755
              2       434.08213       32.967235       5.2134865       69.755151      0.29259433       8.9871968        8.9871968       850.18986                               850.18986
              1       433.89933         32.9809       5.2056923       69.755151      0.29259433       8.9871968        8.9871968       849.82426                               849.82426
              1       434.14345       33.024888       5.1657016       73.724982      0.26193235       8.9871968        8.9871968        850.3125                                850.3125
              2       434.25289       33.182089       5.0574423       73.724982      0.26193235       8.9871968        8.9871968       850.53139                               850.53139
              2       434.11952       33.012528       5.1718074       73.724982      0.26193235       8.9871968        8.9871968       850.26465                               850.26465
              1       433.49212       33.108627       5.1015877       73.724982      0.26193235       8.9871968        8.9871968       849.00984                               849.00984
              1       433.73239       33.137658       5.0902553       73.724982      0.26193235       8.9871968        8.9871968       849.49039                               849.49039
              1       433.50471       33.047293       5.1456974       73.724982      0.26193235       8.9871968        8.9871968       849.03502                               849.03502
              1       433.95626       33.019429       5.1595901       73.724982      0.26193235       8.9871968        8.9871968       849.93813                               849.93813
              1       434.00439       33.118579       5.1062331       73.724982      0.26193235       8.9871968        8.9871968       850.03439                               850.03439
              1       434.36925       33.137968       5.0774771       73.724982      0.26193235       8.9871968        8.9871968        850.7641                                850.7641
              1       434.44536       33.172693       5.0545375       75.908106       0.2470826       8.9871968        8.9871968       850.91633                               850.91633
              1       434.16863       33.115615       5.0889517       75.908106       0.2470826       8.9871968        8.9871968       850.36286                               850.36286
              2       434.28094       33.075206       5.1171902       75.908106       0.2470826       8.9871968        8.9871968       850.58749                               850.58749
              1       434.46468       33.082078       5.1420488       68.687083      0.30176463       8.9871968        8.9871968       850.95497                               850.95497
              2       434.68959       33.004261       5.2025746       68.687083      0.30176463       8.9871968        8.9871968       851.40479                               851.40479
              1       434.32003       33.020464       5.1895552       68.687083      0.30176463       8.9871968        8.9871968       850.66567                               850.66567
              1       434.11794       32.994511        5.201318       68.687083      0.30176463       8.9871968        8.9871968       850.26148                               850.26148
              4       434.30555       32.974263       5.2134587        68.64898      0.30209971       8.9871968        8.9871968        850.6367                                850.6367
              1       434.22555       33.004837       5.1948001       68.392831      0.30436683       8.9871968        8.9871968       850.47671                               850.47671
              1       435.32483       32.959618       5.2164947       68.392831      0.30436683       8.9871968        8.9871968       852.67527                               852.67527
              1       435.25162       32.953537       5.2213437       68.392831      0.30436683       8.9871968        8.9871968       852.52886                               852.52886
              1       434.67005       32.985481       5.2024299       68.392831      0.30436683       8.9871968        8.9871968        851.3657                                851.3657
              1       434.48045       33.070292       5.1533014       68.392831      0.30436683       8.9871968        8.9871968        850.9865                                850.9865
              1       437.01184       32.932597       5.2285405       68.392831      0.30436683       8.9871968        8.9871968       856.04928                               856.04928
              1       434.98713       32.936256       5.2374564       68.392831      0.30436683       8.9871968        8.9871968       851.99987                               851.99987
              1       434.87555       33.059368       5.1534327       68.392831      0.30436683       8.9871968        8.9871968       851.77671                               851.77671
              2       435.94232       33.067674       5.1427082       68.439774      0.30394944       8.9871968        8.9871968       853.91025                               853.91025
              1       436.26892       33.094327       5.1255434       68.439774      0.30394944       8.9871968        8.9871968       854.56345                               854.56345
              1       434.75406       32.959678        5.220318       68.439774      0.30394944       8.9871968        8.9871968       851.53374                               851.53374
              1       435.21905       32.928195       5.2495583       68.439774      0.30394944       8.9871968        8.9871968        852.4637                                852.4637
              1       435.89204       33.046824       5.1342773       77.335698      0.23804467       8.9871968        8.9871968       853.80969                               853.80969
              1       435.01713       33.153643       5.0590617       77.335698      0.23804467       8.9871968        8.9871968       852.05986                               852.05986
              1       433.78625       33.068833       5.1275711       72.735734      0.26910566       8.9871968        8.9871968        849.5981                                849.5981
              1       433.96879       33.160011        5.073914       72.735734      0.26910566       8.9871968        8.9871968       849.96318                               849.96318
              1       434.40211       32.989343       5.1933305       72.735734      0.26910566       8.9871968        8.9871968       850.82982                               850.82982
              1        434.8147       33.010235       5.1719099       74.570099      0.25602894       8.9871968        8.9871968         851.655                                 851.655
              1       435.15718       33.144748       5.0667447       74.570099      0.25602894       8.9871968        8.9871968       852.33997                               852.33997
              1       433.72016       33.131249       5.1011152       72.138417      0.27358058       8.9871968        8.9871968       849.46593                               849.46593
              1       436.22884       33.080267        5.147502       72.138417      0.27358058       8.9871968        8.9871968       854.48329                               854.48329
              1       435.69753       33.221849       5.0391625       72.138417      0.27358058       8.9871968        8.9871968       853.42066                               853.42066
              1       433.50474        33.04478       5.1530982       73.112989      0.26633572       8.9871968        8.9871968       849.03509                               849.03509
              1       434.90677       33.065446       5.1484676       73.112989      0.26633572       8.9871968        8.9871968       851.83914                               851.83914
              1       437.80454       32.917827       5.2184448       73.112989      0.26633572       8.9871968        8.9871968       857.63469                               857.63469
              1       437.52306       32.899463       5.2344356       73.112989      0.26633572       8.9871968        8.9871968       857.07172                               857.07172
              1       437.14939       32.899951       5.2362581       73.112989      0.26633572       8.9871968        8.9871968       856.32439                               856.32439
              1       434.17584       33.175825       5.0638772       73.112989      0.26633572       8.9871968        8.9871968       850.37729                               850.37729
              1       433.27227       33.102358       5.1131225       73.112989      0.26633572       8.9871968        8.9871968       848.57014                               848.57014
              1       433.71683        33.14739        5.080726       73.112989      0.26633572       8.9871968        8.9871968       849.45926                               849.45926
              3        434.0218        32.99398        5.181244       73.112989      0.26633572       8.9871968        8.9871968        850.0692                                850.0692
              1       436.06621       32.960809       5.2151649       73.112989      0.26633572       8.9871968        8.9871968       854.15802                               854.15802
              2       433.35841       33.111072       5.1038914       73.112989      0.26633572       8.9871968        8.9871968       848.74242                               848.74242
              2       433.35241       33.085702       5.1285456       71.210491      0.28075695       8.9871968        8.9871968       848.73043                               848.73043
              1        433.2394       33.064628       5.1429449       71.210491      0.28075695       8.9871968        8.9871968       848.50441                               848.50441
              1       434.55614        32.95674       5.2091519       71.210491      0.28075695       8.9871968        8.9871968       851.13789                               851.13789
              1       435.25941       33.014377       5.1531411       75.532692      0.24954482       8.9871968        8.9871968       852.54443                               852.54443
              1       434.35227       33.083929       5.1194272       75.532692      0.24954482       8.9871968        8.9871968       850.73015                               850.73015
              2       435.58408       33.021539       5.1454059       75.532692      0.24954482       8.9871968        8.9871968       853.19376                               853.19376
              1       434.39369       33.170718       5.0543403       75.532692      0.24954482       8.9871968        8.9871968       850.81299                               850.81299
              1       434.72357       33.179222       5.0460759       76.170434      0.24538365       8.9871968        8.9871968       851.47275                               851.47275
              1       435.47303       33.227635       5.0180318       75.983088      0.24659519       8.9871968        8.9871968       852.97167                               852.97167
              1       437.29851       33.025145       5.1352683       75.983088      0.24659519       8.9871968        8.9871968       856.62262                               856.62262
              1       437.22667       33.006239       5.1491663       75.983088      0.24659519       8.9871968        8.9871968       856.47895                               856.47895
              3       434.25849       33.148598       5.0709726       75.983088      0.24659519       8.9871968        8.9871968       850.54258                               850.54258
              1       434.90419       33.178587       5.0561128       75.983088      0.24659519       8.9871968        8.9871968       851.83399                               851.83399
              1       437.49151        33.24167         5.02179       75.983088      0.24659519       8.9871968        8.9871968       857.00863                               857.00863
              1       436.35747       33.201201       5.0240488       75.983088      0.24659519       8.9871968        8.9871968       854.74055                               854.74055
              1       437.35398       33.252138       5.0153564        75.52265      0.24961119       8.9871968        8.9871968       856.73357                               856.73357
              1       435.00506       33.205581       5.0381223        75.52265      0.24961119       8.9871968        8.9871968       852.03573                               852.03573
              1        435.0217       33.207016        5.037006        75.52265      0.24961119       8.9871968        8.9871968         852.069                                 852.069
              1         435.165       33.076245       5.1083909        75.52265      0.24961119       8.9871968        8.9871968       852.35561                               852.35561
              1       438.65608       33.043257       5.1200123        75.52265      0.24961119       8.9871968        8.9871968       859.33776                               859.33776
              1       442.00132       33.046225       5.1112642        75.52265      0.24961119       8.9871968        8.9871968       866.02825                               866.02825
              1       434.90153       33.118935       5.0813564        75.52265      0.24961119       8.9871968        8.9871968       851.82866                               851.82866
              2       435.13371       33.128518       5.1161333       68.933296      0.29961282       8.9871968        8.9871968       852.29302                               852.29302
              1       434.57812       33.081704       5.1377827       68.933296      0.29961282       8.9871968        8.9871968       851.18185                               851.18185
              1       435.67966       32.991236       5.2148215       68.933296      0.29961282       8.9871968        8.9871968       853.38493                               853.38493
              3       435.33039       33.026873        5.167356       68.933296      0.29961282       8.9871968        8.9871968       852.68638                               852.68638
              1        435.4872       33.028411       5.1657344       68.933296      0.29961282       8.9871968        8.9871968       853.00001                               853.00001
              1       436.36796       33.205296       5.0431621       71.438816      0.27896517       8.9871968        8.9871968       854.76153                               854.76153
              1       434.17777        32.96216       5.2098705       71.438816      0.27896517       8.9871968        8.9871968       850.38114                               850.38114
              1       434.17056       32.991049       5.1823239       72.069301      0.27410558       8.9871968        8.9871968       850.36673                               850.36673
              1        433.7653       32.992966       5.1890581       72.069301      0.27410558       8.9871968        8.9871968       849.55621                               849.55621
              1       434.35698       33.024098        5.176996       72.069301      0.27410558       8.9871968        8.9871968       850.73957                               850.73957
              1       433.79943       33.121758       5.0980205       72.069301      0.27410558       8.9871968        8.9871968       849.62447                               849.62447
              1        436.2338       32.958474       5.1964075       72.069301      0.27410558       8.9871968        8.9871968       854.49321                               854.49321
              2       433.89902       33.063468       5.1330768       72.069301      0.27410558       8.9871968        8.9871968       849.82365                               849.82365
              1       433.70818       33.052916        5.141213       72.069301      0.27410558       8.9871968        8.9871968       849.44197                               849.44197
              1          433.82       33.048472       5.1434866       72.069301      0.27410558       8.9871968        8.9871968       849.66561                               849.66561
              2       434.73248       33.003627       5.1870484       68.714099      0.30152739       8.9871968        8.9871968       851.49056                               851.49056
              1       434.05454       33.025952       5.1653622       70.384404        0.287386       8.9871968        8.9871968       850.13469                               850.13469
              1       433.73606       32.987783       5.1968744       70.384404        0.287386       8.9871968        8.9871968       849.49772                               849.49772
              1       433.70475       33.095682       5.1254449       70.384404        0.287386       8.9871968        8.9871968       849.43511                               849.43511
              2       433.86229       33.103645       5.1192579       70.384404        0.287386       8.9871968        8.9871968       849.75019                               849.75019
              1       433.96752       33.083814       5.1204915        71.88919      0.27548078       8.9871968        8.9871968       849.96064                               849.96064
              1       434.63148       33.133235       5.0873882        71.88919      0.27548078       8.9871968        8.9871968       851.28857                               851.28857
              1       433.25034       33.053739       5.1515527        71.88919      0.27548078       8.9871968        8.9871968       848.52628                               848.52628
              1        433.4523       33.128295         5.09646       72.933395        0.267649       8.9871968        8.9871968        848.9302                                848.9302
              1       433.33663        33.10973       5.1099904       72.933395        0.267649       8.9871968        8.9871968       848.69886                               848.69886
              3       433.53289         33.1301       5.0970996       72.933395        0.267649       8.9871968        8.9871968       849.09138                               849.09138
              1       434.92093       33.182843       5.0530967       72.933395        0.267649       8.9871968        8.9871968       851.86746                               851.86746
              1       436.24055       33.188447       5.0439439       72.933395        0.267649       8.9871968        8.9871968       854.50671                               854.50671
              1       434.76085       33.158121       5.0672346       72.933395        0.267649       8.9871968        8.9871968       851.54731                               851.54731
              3       433.99081       33.135288       5.0978556       72.933395        0.267649       8.9871968        8.9871968       850.00722                               850.00722
              1       434.35306        33.09729       5.1262799       72.933395        0.267649       8.9871968        8.9871968       850.73172                               850.73172
              1       434.35673       33.081254       5.1368833       72.933395        0.267649       8.9871968        8.9871968       850.73907                               850.73907
              1       435.93543        33.22795       5.0366781       72.933395        0.267649       8.9871968        8.9871968       853.89647                               853.89647
              2       433.98704        33.11593       5.0959335       72.933395        0.267649       8.9871968        8.9871968       849.99969                               849.99969
              1       433.51842       33.112618       5.1014772       72.933395        0.267649       8.9871968        8.9871968       849.06245                               849.06245
              1        434.2937       32.992729       5.1782141       72.933395        0.267649       8.9871968        8.9871968       850.61301                               850.61301
              1       433.99315       32.991618       5.1840621       72.933395        0.267649       8.9871968        8.9871968       850.01191                               850.01191
              1       434.43725       33.017575       5.1588483       74.875403      0.25394528       8.9871968        8.9871968       850.90011                               850.90011
              1       436.42251       32.941195       5.2098075       74.875403      0.25394528       8.9871968        8.9871968       854.87064                               854.87064
              1       436.34219       32.974227       5.1971434       74.875403      0.25394528       8.9871968        8.9871968       854.70999                               854.70999
              1       437.95493        32.94816       5.1914987       74.875403      0.25394528       8.9871968        8.9871968       857.93547                               857.93547
              1       436.90892       32.966156       5.1821687       74.576867      0.25598247       8.9871968        8.9871968       855.84345                               855.84345
              1       438.44849       33.258116       4.9905013       74.576867      0.25598247       8.9871968        8.9871968       858.92258                               858.92258
              1       434.11315       33.112127       5.1045489       71.503428      0.27846124       8.9871968        8.9871968        850.2519                                850.2519
              1       440.71048       32.854879       5.2971962       71.503428      0.27846124       8.9871968        8.9871968       863.44657                               863.44657
              1       434.96219       33.185498        5.061796       71.503428      0.27846124       8.9871968        8.9871968       851.94999                               851.94999
              1       433.57372       33.120192       5.1084661       71.503428      0.27846124       8.9871968        8.9871968       849.17304                               849.17304
              2       433.59398       33.140171       5.0866145       73.506292      0.26349323       8.9871968        8.9871968       849.21358                               849.21358
              2       433.60612         33.0888       5.1246243       73.506292      0.26349323       8.9871968        8.9871968       849.23785                               849.23785
              1       433.54381       33.031169       5.1563058       73.332781      0.26474159       8.9871968        8.9871968       849.11322                               849.11322
              1       434.53783       33.187101       5.0596216       73.332781      0.26474159       8.9871968        8.9871968       851.10126                               851.10126
              2       433.83136       33.051872       5.1369084       73.332781      0.26474159       8.9871968        8.9871968       849.68832                               849.68832
              1       434.09319       33.034997       5.1492167       72.589437      0.27019147       8.9871968        8.9871968       850.21199                               850.21199
              1       435.18705       33.194757       5.0607103       72.589437      0.27019147       8.9871968        8.9871968       852.39971                               852.39971
              1       433.79873       33.053206       5.1535377       72.589437      0.27019147       8.9871968        8.9871968       849.62306                               849.62306
              2       433.61444       33.045217       5.1656232       70.354072      0.28763386       8.9871968        8.9871968       849.25448                               849.25448
              2       433.84246       33.009098         5.17869       70.354072      0.28763386       8.9871968        8.9871968       849.71053                               849.71053
              1       436.26276       32.898943       5.2638738       70.354072      0.28763386       8.9871968        8.9871968       854.55114                               854.55114
              1       434.14018        32.97415       5.2022649       70.354072      0.28763386       8.9871968        8.9871968       850.30597                               850.30597
              1       434.45462       32.966085       5.2058597       70.354072      0.28763386       8.9871968        8.9871968       850.93484                               850.93484
              1       433.69048       33.017431       5.1836146       70.354072      0.28763386       8.9871968        8.9871968       849.40657                               849.40657
              2       433.85492       33.010026       5.1894864       70.354072      0.28763386       8.9871968        8.9871968       849.73545                               849.73545
              1       436.27251       33.092712       5.1046049       78.093066      0.23344982       8.9871968        8.9871968       854.57062                               854.57062
              1       436.04432       33.099575       5.0989798       78.093066      0.23344982       8.9871968        8.9871968       854.11425                               854.11425
              1       436.04676       33.099604       5.0989825       78.093066      0.23344982       8.9871968        8.9871968       854.11912                               854.11912
              1       435.90455       33.087133       5.0979815       78.093066      0.23344982       8.9871968        8.9871968        853.8347                                853.8347
              1       436.23253       33.224306        5.010526       78.093066      0.23344982       8.9871968        8.9871968       854.49067                               854.49067
              1        435.7509       33.118515       5.0762215       78.093066      0.23344982       8.9871968        8.9871968       853.52741                               853.52741
              1       435.64322       33.120664       5.0759917       78.093066      0.23344982       8.9871968        8.9871968       853.31205                               853.31205
              1       435.57259       33.133653        5.073811       78.093066      0.23344982       8.9871968        8.9871968       853.17079                               853.17079
              1       438.10877       33.031003       5.1434539       78.665778      0.23006301       8.9871968        8.9871968       858.24314                               858.24314
              1       436.33374       33.090317       5.0948876       78.665778      0.23006301       8.9871968        8.9871968       854.69309                               854.69309
              1       434.30166       33.046801       5.1356831       75.226479      0.25158052       8.9871968        8.9871968       850.62892                               850.62892
              1       433.83595       33.101018        5.105844       75.226479      0.25158052       8.9871968        8.9871968        849.6975                                849.6975
              2       435.24431       33.069922       5.1128948       75.226479      0.25158052       8.9871968        8.9871968       852.51423                               852.51423
              1       433.64182       33.006743       5.1752887       72.535193      0.27059574       8.9871968        8.9871968       849.30925                               849.30925
              1       433.87493       33.129731       5.1025878       72.535193      0.27059574       8.9871968        8.9871968       849.77547                               849.77547
              1       433.73976       33.128277       5.1025247       72.535193      0.27059574       8.9871968        8.9871968       849.50513                               849.50513
              3       433.35166       33.069839       5.1310869       72.535193      0.27059574       8.9871968        8.9871968       848.72893                               848.72893
              1       437.08437        32.88928       5.2588195       72.535193      0.27059574       8.9871968        8.9871968       856.19434                               856.19434
              1       436.97002       32.910545       5.2489439       72.535193      0.27059574       8.9871968        8.9871968       855.96564                               855.96564
              1       436.49836       32.981803       5.1906476       75.306469      0.25104635       8.9871968        8.9871968       855.02233                               855.02233
              3       434.47859       33.074882       5.1276047       75.306469      0.25104635       8.9871968        8.9871968        850.9828                                850.9828
              1       434.84405       33.085912       5.1168905       76.131691      0.24563346       8.9871968        8.9871968        851.7137                                851.7137
              1       435.87456       33.022712       5.1428823       76.131691      0.24563346       8.9871968        8.9871968       853.77472                               853.77472
              1       436.19287       33.153914       5.0525932       76.131691      0.24563346       8.9871968        8.9871968       854.41135                               854.41135
              1       435.40078       33.175015       5.0609393       76.131691      0.24563346       8.9871968        8.9871968       852.82716                               852.82716
              1       435.05799       33.140292       5.0832376       76.131691      0.24563346       8.9871968        8.9871968       852.14159                               852.14159
              2       434.29134       33.137563        5.074397       76.131691      0.24563346       8.9871968        8.9871968       850.60828                               850.60828
              1       434.78699       33.074217       5.1233534       76.131691      0.24563346       8.9871968        8.9871968       851.59959                               851.59959
              1       433.88294       33.131503       5.0935306       71.831557      0.27592302       8.9871968        8.9871968       849.79149                               849.79149
              1       434.20907       33.159191       5.0774462       71.831557      0.27592302       8.9871968        8.9871968       850.44375                               850.44375
              1       433.64901       33.010213       5.1813812       71.831557      0.27592302       8.9871968        8.9871968       849.32362                               849.32362
              1       436.17519        33.12913       5.0658235       78.081379      0.23351971       8.9871968        8.9871968       854.37599                               854.37599
              1       435.53385       33.116951       5.0817973       78.081379      0.23351971       8.9871968        8.9871968       853.09331                               853.09331
              1       436.50894        33.23832       5.0047297       78.081379      0.23351971       8.9871968        8.9871968       855.04348                               855.04348
              2       436.97951       33.086463       5.0910312       78.081379      0.23351971       8.9871968        8.9871968       855.98462                               855.98462
              1       436.17819       33.111061       5.0780459       78.081379      0.23351971       8.9871968        8.9871968       854.38198                               854.38198
              1        436.2507       33.205519       5.0185931       78.081379      0.23351971       8.9871968        8.9871968       854.52701                               854.52701
              2       437.39961       33.084385       5.0907428       78.081379      0.23351971       8.9871968        8.9871968       856.82483                               856.82483
              1       435.72826       33.103336        5.087551       78.081379      0.23351971       8.9871968        8.9871968       853.48212                               853.48212
              1       435.61076       33.105839       5.0895763       78.081379      0.23351971       8.9871968        8.9871968       853.24713                               853.24713
              1       435.83553       33.171884       5.0410554       78.081379      0.23351971       8.9871968        8.9871968       853.69666                               853.69666
              2       433.50189       33.108842       5.1022929       73.364762      0.26451083       8.9871968        8.9871968       849.02939                               849.02939
              1       434.55337       33.080738       5.1359806       73.364762      0.26451083       8.9871968        8.9871968       851.13235                               851.13235
              1       434.56385       33.097222       5.1252394       73.364762      0.26451083       8.9871968        8.9871968        851.1533                                851.1533
              1       434.01781       33.103203       5.1018854       73.364762      0.26451083       8.9871968        8.9871968       850.06122                               850.06122
              1       434.33982       32.984699       5.2059904       70.761774      0.28432893       8.9871968        8.9871968       850.70525                               850.70525
              1       434.20187       33.006799       5.1923386       70.761774      0.28432893       8.9871968        8.9871968       850.42934                               850.42934
              1       434.33029       33.052688        5.147763       74.195063      0.25862379       8.9871968        8.9871968       850.68618                               850.68618
              1       433.68542       33.123965       5.0971731       74.195063      0.25862379       8.9871968        8.9871968       849.39645                               849.39645
              1        434.6136       32.989203       5.1804417       74.195063      0.25862379       8.9871968        8.9871968       851.25281                               851.25281
              1       435.40171       33.029863        5.166445       74.195063      0.25862379       8.9871968        8.9871968       852.82904                               852.82904
              1       435.14118       33.031442       5.1644252       74.195063      0.25862379       8.9871968        8.9871968       852.30796                               852.30796
              1        434.9298       33.149971       5.0658759       74.195063      0.25862379       8.9871968        8.9871968        851.8852                                851.8852
              1       434.45529       33.166429       5.0590339       74.195063      0.25862379       8.9871968        8.9871968       850.93619                               850.93619
              1        434.1267       33.117282       5.0926364       73.350989      0.26461017       8.9871968        8.9871968         850.279                                 850.279
              1       433.55358       33.070732       5.1260999       73.350989      0.26461017       8.9871968        8.9871968       849.13276                               849.13276
              1        433.8765       33.007879       5.1709526       73.350989      0.26461017       8.9871968        8.9871968       849.77861                               849.77861
              2        437.0639       32.933444       5.2609167       65.571117      0.33112602       8.9871968        8.9871968       856.15341                               856.15341
              1       433.23333        33.05349       5.1442896        72.77108      0.26884431       8.9871968        8.9871968       848.49227                               848.49227
              1       433.25844        33.04798       5.1487523        72.77108      0.26884431       8.9871968        8.9871968       848.54248                               848.54248
              1       433.25761       33.048079       5.1485639        72.77108      0.26884431       8.9871968        8.9871968       848.54084                               848.54084
              1       433.17372       33.072649       5.1330588        72.77108      0.26884431       8.9871968        8.9871968       848.37304                               848.37304
              2       433.17131       33.074781       5.1315619        72.77108      0.26884431       8.9871968        8.9871968       848.36823                               848.36823
              1        435.4642       33.219824       5.0344854        72.77108      0.26884431       8.9871968        8.9871968         852.954                                 852.954
              1        434.0076       33.022256       5.1582311        72.77108      0.26884431       8.9871968        8.9871968        850.0408                                850.0408
              1       434.29263       32.980517       5.1886894        72.77108      0.26884431       8.9871968        8.9871968       850.61086                               850.61086
              1        433.4397       33.112869       5.1029571        72.77108      0.26884431       8.9871968        8.9871968       848.90501                               848.90501
              1        433.3299        33.11208        5.108599        72.77108      0.26884431       8.9871968        8.9871968        848.6854                                848.6854
              1       433.65287       33.132643        5.087817        74.45156      0.25684486       8.9871968        8.9871968       849.33134                               849.33134
              1       433.61818       33.127261       5.0913922        74.45156      0.25684486       8.9871968        8.9871968       849.26196                               849.26196
              1       433.92523       33.160192       5.0682078        74.45156      0.25684486       8.9871968        8.9871968       849.87607                               849.87607
              1       433.83307       33.143989       5.0822221        74.45156      0.25684486       8.9871968        8.9871968       849.69175                               849.69175
              1        434.1869       33.019472       5.1585246        74.45156      0.25684486       8.9871968        8.9871968        850.3994                                850.3994
              1       434.02543       32.967592        5.209038       70.548938      0.28604709       8.9871968        8.9871968       850.07647                               850.07647
              2       433.81529        32.98002       5.2027464       70.548938      0.28604709       8.9871968        8.9871968       849.65618                               849.65618
              1       434.28668       32.980162       5.1954537       70.548938      0.28604709       8.9871968        8.9871968       850.59897                               850.59897
              1       434.10542       32.974937       5.2010446       70.548938      0.28604709       8.9871968        8.9871968       850.23644                               850.23644
              1       433.72192       32.988329       5.1955633       70.548938      0.28604709       8.9871968        8.9871968       849.46944                               849.46944
              1       433.92358         33.0742       5.1482437       70.548938      0.28604709       8.9871968        8.9871968       849.87276                               849.87276
              1       438.40923       33.175718       5.0577167       70.548938      0.28604709       8.9871968        8.9871968       858.84407                               858.84407
              1       434.52566       33.058272       5.1408873       70.548938      0.28604709       8.9871968        8.9871968       851.07692                               851.07692
              1       436.16516       33.015914         5.18213       67.362563      0.31374823       8.9871968        8.9871968       854.35592                               854.35592
              1       435.22805       33.049705       5.1748854       67.362563      0.31374823       8.9871968        8.9871968        852.4817                                852.4817
              1       435.12417       33.005352       5.2049939       67.362563      0.31374823       8.9871968        8.9871968       852.27394                               852.27394
              1       436.16968       33.095328        5.147959       67.362563      0.31374823       8.9871968        8.9871968       854.36497                               854.36497
              2       435.36877       32.935769       5.2458461       67.362563      0.31374823       8.9871968        8.9871968       852.76314                               852.76314
              1       435.80948       32.920865       5.2503928       67.362563      0.31374823       8.9871968        8.9871968       853.64457                               853.64457
              3       435.10446       32.957559       5.2314144       67.362563      0.31374823       8.9871968        8.9871968       852.23453                               852.23453
              1        435.9817       33.057151       5.1752952       67.362563      0.31374823       8.9871968        8.9871968         853.989                                 853.989
              1       435.30685       32.951338       5.2388241       67.362563      0.31374823       8.9871968        8.9871968       852.63931                               852.63931
              1        435.2781       32.977948       5.2121976       67.362563      0.31374823       8.9871968        8.9871968        852.5818                                852.5818
              1       437.67242       32.894797       5.2594945       67.362563      0.31374823       8.9871968        8.9871968       857.37046                               857.37046
              1       437.22818       32.857384       5.2958587       67.084428      0.31635525       8.9871968        8.9871968       856.48196                               856.48196
              1       436.87274       32.924016       5.2649062       67.084428      0.31635525       8.9871968        8.9871968       855.77108                               855.77108
              1       436.93311       32.895804         5.28083       67.084428      0.31635525       8.9871968        8.9871968       855.89183                               855.89183
              1       436.63219       32.917049       5.2680852        66.66764      0.32032315       8.9871968        8.9871968       855.28998                               855.28998
              1       436.13194       33.020961       5.2008869        66.66764      0.32032315       8.9871968        8.9871968       854.28948                               854.28948
              1        436.1698       32.945731       5.2488575        66.66764      0.32032315       8.9871968        8.9871968       854.36522                               854.36522
              1       435.62273       33.036422       5.1827732        66.66764      0.32032315       8.9871968        8.9871968       853.27107                               853.27107
              2       435.63051       33.008674       5.2052021        66.66764      0.32032315       8.9871968        8.9871968       853.28662                               853.28662
              2       435.53693       33.014382       5.2008369       66.779058      0.31925514       8.9871968        8.9871968       853.09948                               853.09948
              1       436.73853       32.908324       5.2715176       65.952637      0.32730614       8.9871968        8.9871968       855.50266                               855.50266
              1       438.17657       33.096867       5.1388605       65.952637      0.32730614       8.9871968        8.9871968       858.37875                               858.37875
              1       440.38257       32.956632       5.2179226       65.952637      0.32730614       8.9871968        8.9871968       862.79074                               862.79074
              1       437.49073        32.96434       5.2446544       65.952637      0.32730614       8.9871968        8.9871968       857.00706                               857.00706
              2       436.45222       33.204192       5.0371013       72.443949       0.2712778       8.9871968        8.9871968       854.93006                               854.93006
              1       434.59972       33.188238       5.0596134       72.443949       0.2712778       8.9871968        8.9871968       851.22505                               851.22505
              1       434.55757       33.156155       5.0719339       72.443949       0.2712778       8.9871968        8.9871968       851.14074                               851.14074
              1       433.42067       33.109962       5.1063562       72.443949       0.2712778       8.9871968        8.9871968       848.86695                               848.86695
              1       433.31919       33.107599       5.1132379       72.443949       0.2712778       8.9871968        8.9871968       848.66399                               848.66399
              1        433.6392       33.123863       5.1051908       72.443949       0.2712778       8.9871968        8.9871968       849.30402                               849.30402
              1        434.9309       32.946703       5.2124218       72.443949       0.2712778       8.9871968        8.9871968       851.88741                               851.88741
              1       433.39267       33.049788        5.144584       72.443949       0.2712778       8.9871968        8.9871968       848.81095                               848.81095
              1       434.92607        33.01486       5.1867754       67.729258      0.31036008       8.9871968        8.9871968       851.87774                               851.87774
              1       435.20157       33.077698       5.1544348       67.729258      0.31036008       8.9871968        8.9871968       852.42875                               852.42875
              1       435.24289        33.07907       5.1472992       67.729258      0.31036008       8.9871968        8.9871968       852.51138                               852.51138
              1        437.9306        33.20819       5.0386556       70.941568      0.28288956       8.9871968        8.9871968       857.88681                               857.88681
              1       435.67726       32.900578       5.2528235       70.941568      0.28288956       8.9871968        8.9871968       853.38012                               853.38012
              1       435.74722       33.237076       5.0218109       74.585604       0.2559225       8.9871968        8.9871968       853.52004                               853.52004
              1        433.8442       33.151994        5.073338       74.585604       0.2559225       8.9871968        8.9871968         849.714                                 849.714
              3       435.11354       33.106034       5.1154135       74.585604       0.2559225       8.9871968        8.9871968       852.25268                               852.25268
              2       435.03975        32.98769       5.1840507       74.585604       0.2559225       8.9871968        8.9871968       852.10511                               852.10511
              1        434.1687       33.029344       5.1500916       74.585604       0.2559225       8.9871968        8.9871968       850.36301                               850.36301
              1       434.69911       33.043822       5.1353252       75.812705      0.24770484       8.9871968        8.9871968       851.42382                               851.42382
              1       434.33492       33.157335        5.067723       75.812705      0.24770484       8.9871968        8.9871968       850.69545                               850.69545
              2       434.84159        33.19102       5.0390836       75.812705      0.24770484       8.9871968        8.9871968       851.70878                               851.70878
              1        434.0847        33.09736       5.1037726       75.812705      0.24770484       8.9871968        8.9871968       850.19501                               850.19501
              2       434.25251        33.07167       5.1201902       75.812705      0.24770484       8.9871968        8.9871968       850.53063                               850.53063
              1       434.63212       33.081334       5.1107802       76.539711      0.24302159       8.9871968        8.9871968       851.28985                               851.28985
              2       435.76381        33.23189       5.0156018       76.539711      0.24302159       8.9871968        8.9871968       853.55323                               853.55323
              2       435.83344       33.239582       5.0096226       76.259733      0.24480931       8.9871968        8.9871968       853.69249                               853.69249
              1       436.39335       33.202166       5.0225499       76.259733      0.24480931       8.9871968        8.9871968       854.81231                               854.81231
              2       434.45095       33.153518       5.0632749       76.259733      0.24480931       8.9871968        8.9871968        850.9275                                850.9275
              2       434.45737       33.102179       5.0951543       76.259733      0.24480931       8.9871968        8.9871968       850.94035                               850.94035
              1       435.54346       33.049625       5.1246072       76.259733      0.24480931       8.9871968        8.9871968       853.11252                               853.11252
              1       440.56364        32.90283       5.2169703       76.259733      0.24480931       8.9871968        8.9871968       863.15289                               863.15289
              1       435.89514       33.062552       5.1136128       76.259733      0.24480931       8.9871968        8.9871968       853.81588                               853.81588
              1        435.6561       33.221411        5.016465       76.259733      0.24480931       8.9871968        8.9871968       853.33781                               853.33781
              1       438.81401       32.978567       5.1785951       78.095623      0.23343453       8.9871968        8.9871968       859.65364                               859.65364
              1       439.61985       32.899602       5.2257951       76.280095      0.24467863       8.9871968        8.9871968       861.26531                               861.26531
              1       438.02434       33.177832        5.031873       76.280095      0.24467863       8.9871968        8.9871968       858.07428                               858.07428
              1       436.40628       33.221877       5.0114071       76.280095      0.24467863       8.9871968        8.9871968       854.83816                               854.83816
              1       436.58969       32.995156       5.1663767       76.957245      0.24039169       8.9871968        8.9871968       855.20499                               855.20499
              1       437.91514       32.974156       5.1709179       76.957245      0.24039169       8.9871968        8.9871968       857.85589                               857.85589
              1       436.64201       33.038105       5.1274325       76.957245      0.24039169       8.9871968        8.9871968       855.30963                               855.30963
              2       438.09699       33.067532       5.0999272       78.952847      0.22839305       8.9871968        8.9871968       858.21959                               858.21959
              1       437.10275        33.08133       5.1075426       78.952847      0.22839305       8.9871968        8.9871968       856.23111                               856.23111
              1       436.27867       33.128291       5.0730558       78.952847      0.22839305       8.9871968        8.9871968       854.58294                               854.58294
              2       437.50026       33.259242       4.9831869       78.952847      0.22839305       8.9871968        8.9871968       857.02613                               857.02613
              1       438.35305        33.28844       4.9632822       78.952847      0.22839305       8.9871968        8.9871968       858.73171                               858.73171
              1       438.69584       33.017867       5.1350925       78.952847      0.22839305       8.9871968        8.9871968       859.41729                               859.41729
              1       440.17558       33.217452       5.0311893       78.952847      0.22839305       8.9871968        8.9871968       862.37676                               862.37676
              1       439.35421       33.320635       4.9490782       78.888347      0.22876668       8.9871968        8.9871968       860.73402                               860.73402
              1       436.11455        33.14813       5.0584914       78.888347      0.22876668       8.9871968        8.9871968       854.25471                               854.25471
              1       436.95145       33.084305         5.09399       78.888347      0.22876668       8.9871968        8.9871968       855.92851                               855.92851
              1       437.18993       33.129744       5.0604353       78.888347      0.22876668       8.9871968        8.9871968       856.40547                               856.40547
              1       438.41206       33.063722       5.1249782       78.888347      0.22876668       8.9871968        8.9871968       858.84972                               858.84972
              1       437.09528       33.074737        5.100231       78.888347      0.22876668       8.9871968        8.9871968       856.21617                               856.21617
              1       437.25659       33.072704       5.1005822       78.888347      0.22876668       8.9871968        8.9871968       856.53879                               856.53879
              1       437.30898       33.089361       5.1050727       78.888347      0.22876668       8.9871968        8.9871968       856.64356                               856.64356
              1       436.52272        33.11641       5.0738049       78.888347      0.22876668       8.9871968        8.9871968       855.07104                               855.07104
              1       435.06288       33.090702       5.0988356       76.954494      0.24040888       8.9871968        8.9871968       852.15137                               852.15137
              1       437.60793       33.111528       5.0734002       76.954494      0.24040888       8.9871968        8.9871968       857.24146                               857.24146
              2       435.37597       33.202902       5.0334785       76.954494      0.24040888       8.9871968        8.9871968       852.77755                               852.77755
              1       437.49515       32.974736       5.1841512       76.954494      0.24040888       8.9871968        8.9871968       857.01591                               857.01591
              1       435.30689       33.135591       5.0666558       76.954494      0.24040888       8.9871968        8.9871968       852.63938                               852.63938
              1       435.29406       33.052164       5.1390467       76.176661      0.24534354       8.9871968        8.9871968       852.61372                               852.61372
              1       434.73625       33.051552       5.1329452       76.176661      0.24534354       8.9871968        8.9871968        851.4981                                851.4981
              1        436.2224        33.18521       5.0333589       76.176661      0.24534354       8.9871968        8.9871968        854.4704                                854.4704
              1       433.88394       33.098525       5.1259188        72.24901      0.27274368       8.9871968        8.9871968       849.79348                               849.79348
              1       433.87894       33.098111       5.1261725        72.24901      0.27274368       8.9871968        8.9871968       849.78348                               849.78348
              2       434.34174       33.003597       5.1880665        72.24901      0.27274368       8.9871968        8.9871968        850.7091                                850.7091
              1       433.47371       33.035164       5.1635525        72.24901      0.27274368       8.9871968        8.9871968       848.97303                               848.97303
              1        433.3235        33.03652       5.1558773        72.24901      0.27274368       8.9871968        8.9871968       848.67262                               848.67262
              2       433.35957       33.094087       5.1247457        72.24901      0.27274368       8.9871968        8.9871968       848.74475                               848.74475
              1       436.47494       33.122957       5.0692027        78.79061      0.22933459       8.9871968        8.9871968       854.97548                               854.97548
              1       435.51266       32.979214       5.1930969       74.466168       0.2567441       8.9871968        8.9871968       853.05092                               853.05092
              2       434.93184       33.118191       5.0844546       74.466168       0.2567441       8.9871968        8.9871968       851.88928                               851.88928
              1       435.17034       33.097961       5.0964613       74.466168       0.2567441       8.9871968        8.9871968       852.36629                               852.36629
              1       434.33399       33.173326       5.0555931       74.466168       0.2567441       8.9871968        8.9871968       850.69359                               850.69359
              1       433.91156       33.157277       5.0689629       74.466168       0.2567441       8.9871968        8.9871968       849.84873                               849.84873
              1         434.095       33.031728       5.1487186       74.466168       0.2567441       8.9871968        8.9871968       850.21561                               850.21561
              1       433.99358        33.05188       5.1340008       74.466168       0.2567441       8.9871968        8.9871968       850.01277                               850.01277
              1       434.78189       33.059359       5.1443518       74.466168       0.2567441       8.9871968        8.9871968       851.58938                               851.58938
              1       435.57486       33.107167        5.116982       74.466168       0.2567441       8.9871968        8.9871968       853.17533                               853.17533
              1       435.57155       33.107629       5.1166671       74.466168       0.2567441       8.9871968        8.9871968        853.1687                                853.1687
              1       433.94194       33.152331       5.0769823       74.466168       0.2567441       8.9871968        8.9871968       849.90948                               849.90948
              2       433.88795       33.114313       5.0926273       74.466168       0.2567441       8.9871968        8.9871968       849.80151                               849.80151
              4       434.92415       33.178238       5.0585317       75.676461      0.24859755       8.9871968        8.9871968        851.8739                                851.8739
              1       434.64672        33.17353       5.0498874       75.676461      0.24859755       8.9871968        8.9871968       851.31905                               851.31905
              1       434.58139        33.07181        5.127189       75.676461      0.24859755       8.9871968        8.9871968       851.18838                               851.18838
              1       434.00146        33.05444       5.1596711       68.957532      0.29940226       8.9871968        8.9871968       850.02853                               850.02853
              1       434.45403        33.09496       5.1370106       68.957532      0.29940226       8.9871968        8.9871968       850.93368                               850.93368
              1       437.63551       33.211571        5.060528       68.957532      0.29940226       8.9871968        8.9871968       857.29662                               857.29662
              1       436.21396       33.041453       5.1546516       68.957532      0.29940226       8.9871968        8.9871968       854.45352                               854.45352
              1       435.00752       33.080876       5.1137739       72.838914       0.2683438       8.9871968        8.9871968       852.04065                               852.04065
              1       435.13103       33.088397       5.1085021       72.838914       0.2683438       8.9871968        8.9871968       852.28766                               852.28766
              1       435.31807       33.087376       5.1085197       72.838914       0.2683438       8.9871968        8.9871968       852.66174                               852.66174
              1       434.28923        33.01765        5.159633       72.838914       0.2683438       8.9871968        8.9871968       850.60406                               850.60406
              1       435.26446       33.144763       5.0871644       70.394608      0.28730269       8.9871968        8.9871968       852.55453                               852.55453
              2       434.00084       33.111705       5.1215194       70.394608      0.28730269       8.9871968        8.9871968       850.02728                               850.02728
              2       433.86555       33.099783       5.1210563       70.394608      0.28730269       8.9871968        8.9871968        849.7567                                849.7567
              1       433.37753        33.04439       5.1621919       70.394608      0.28730269       8.9871968        8.9871968       848.78067                               848.78067
              1       434.28846       33.135568       5.1043192       70.394608      0.28730269       8.9871968        8.9871968       850.60253                               850.60253
              1       433.73673        33.07521       5.1463562       70.394608      0.28730269       8.9871968        8.9871968       849.49907                               849.49907
              1       433.57392       33.011559       5.1797001       70.394608      0.28730269       8.9871968        8.9871968       849.17344                               849.17344
              2       435.19412       33.130145       5.1156026       70.394608      0.28730269       8.9871968        8.9871968       852.41384                               852.41384
              1       434.79703       33.141487         5.10469       70.394608      0.28730269       8.9871968        8.9871968       851.61967                               851.61967
              2       434.01922       33.113689       5.1123728       70.394608      0.28730269       8.9871968        8.9871968       850.06405                               850.06405
              1       434.14902       33.166708       5.0649433       74.894735       0.2538142       8.9871968        8.9871968       850.32364                               850.32364
              1       437.53357       32.935733       5.2220247       74.894735       0.2538142       8.9871968        8.9871968       857.09274                               857.09274
              1        435.4836       32.974385       5.1850263       74.894735       0.2538142       8.9871968        8.9871968        852.9928                                852.9928
              1       434.51505       33.015101       5.1625561       74.894735       0.2538142       8.9871968        8.9871968        851.0557                                851.0557
              1       438.29594        33.20187       5.0214986       74.894735       0.2538142       8.9871968        8.9871968       858.61749                               858.61749
              1       436.42921       33.169629       5.0837763       68.750572      0.30120755       8.9871968        8.9871968       854.88402                               854.88402
              1         434.575       33.096598       5.1351904       68.750572      0.30120755       8.9871968        8.9871968       851.17561                               851.17561
              1       434.25955       33.006485       5.1884006       68.750572      0.30120755       8.9871968        8.9871968       850.54472                               850.54472
              1       433.68384       33.016482       5.1772085       70.020724      0.29037906       8.9871968        8.9871968       849.39329                               849.39329
              1       433.56819       33.070392       5.1459169       70.020724      0.29037906       8.9871968        8.9871968       849.16198                               849.16198
              1       433.55875       33.012543       5.1834732       70.020724      0.29037906       8.9871968        8.9871968       849.14311                               849.14311
              2       433.72355       33.083637       5.1396293       70.020724      0.29037906       8.9871968        8.9871968       849.47271                               849.47271
              1       433.46565       33.098379       5.1251887       71.151307      0.28122422       8.9871968        8.9871968       848.95692                               848.95692
              1       434.31867       33.085311       5.1215452       71.151307      0.28122422       8.9871968        8.9871968       850.66294                               850.66294
              1       433.90355       33.013948       5.1707145       71.151307      0.28122422       8.9871968        8.9871968       849.83271                               849.83271
              1       437.70114       32.973143       5.2233487       71.151307      0.28122422       8.9871968        8.9871968       857.42789                               857.42789
              3       433.78026       33.091092       5.1211865       71.151307      0.28122422       8.9871968        8.9871968       849.58613                               849.58613
              1       434.03478       33.024985       5.1621967       71.151307      0.28122422       8.9871968        8.9871968       850.09517                               850.09517
              1        433.7663       33.035051       5.1709523       71.151307      0.28122422       8.9871968        8.9871968        849.5582                                849.5582
              1       434.34979       33.138911       5.1026555       71.151307      0.28122422       8.9871968        8.9871968       850.72518                               850.72518
              1       433.65834       33.069006       5.1483083       71.151307      0.28122422       8.9871968        8.9871968        849.3423                                849.3423
              1       434.75929       33.080067        5.146658       71.151307      0.28122422       8.9871968        8.9871968       851.54419                               851.54419
              1       434.42287       33.177898       5.0618069       72.592461      0.27016896       8.9871968        8.9871968       850.87135                               850.87135
              1       434.68876       33.139597        5.079828       72.592461      0.27016896       8.9871968        8.9871968       851.40313                               851.40313
              1       435.18471       33.130531       5.0831576       72.592461      0.27016896       8.9871968        8.9871968       852.39502                               852.39502
              1       433.49419       33.041234       5.1583439       72.592461      0.27016896       8.9871968        8.9871968       849.01399                               849.01399
              4        433.7593       33.010786       5.1694481       72.592461      0.27016896       8.9871968        8.9871968       849.54421                               849.54421
              1       435.06031       32.962191       5.2125698       72.592461      0.27016896       8.9871968        8.9871968       852.14623                               852.14623
              1       434.83863       33.192943       5.0513684       72.592461      0.27016896       8.9871968        8.9871968       851.70287                               851.70287
              1       434.61974       33.163019       5.0670784       72.592461      0.27016896       8.9871968        8.9871968        851.2651                                851.2651
              1       434.80904       33.198018       5.0518209       72.592461      0.27016896       8.9871968        8.9871968       851.64369                               851.64369
              1       436.84922       33.258373       5.0124214       72.592461      0.27016896       8.9871968        8.9871968       855.72405                               855.72405
              1       436.76917       33.245086       5.0060805       74.107182      0.25923754       8.9871968        8.9871968       855.56395                               855.56395
              1       434.99274       33.186215       5.0438611        76.77277      0.24154834       8.9871968        8.9871968       852.01108                               852.01108
              1       435.17218       33.185621       5.0470417        76.77277      0.24154834       8.9871968        8.9871968       852.36996                               852.36996
              1       435.94261        33.04933       5.1226839        76.77277      0.24154834       8.9871968        8.9871968       853.91083                               853.91083
              2       435.42828       33.072376       5.1232217        76.77277      0.24154834       8.9871968        8.9871968       852.88217                               852.88217
              2       433.24989       33.054846       5.1513036       70.961136      0.28273356       8.9871968        8.9871968       848.52538                               848.52538
              1       433.28609       33.070582       5.1408125       70.961136      0.28273356       8.9871968        8.9871968       848.59778                               848.59778
              1       433.27728       33.070254       5.1415933       70.961136      0.28273356       8.9871968        8.9871968       848.58017                               848.58017
              1       434.17116       33.057096       5.1635556       69.452939      0.29514623       8.9871968        8.9871968       850.36793                               850.36793
              1        435.2059       33.031967       5.1855754       69.452939      0.29514623       8.9871968        8.9871968       852.43741                               852.43741
              1        435.5184        33.15826       5.0952875       69.452939      0.29514623       8.9871968        8.9871968        853.0624                                853.0624
              1       434.60551       33.099892       5.1228058       69.452939      0.29514623       8.9871968        8.9871968       851.23662                               851.23662
              1       434.23602       32.963339       5.2158593       69.452939      0.29514623       8.9871968        8.9871968       850.49764                               850.49764
              1       436.07526       32.886211       5.2642094       69.452939      0.29514623       8.9871968        8.9871968       854.17613                               854.17613
              1       433.86556       33.042467        5.162482       69.452939      0.29514623       8.9871968        8.9871968       849.75673                               849.75673
              1        433.7509       33.046291       5.1587363         69.7462      0.29266945       8.9871968        8.9871968       849.52741                               849.52741
              1       433.71997       33.074905        5.144071         69.7462      0.29266945       8.9871968        8.9871968       849.46555                               849.46555
              1       434.29133       33.021577       5.1870957         69.7462      0.29266945       8.9871968        8.9871968       850.60827                               850.60827
              3       433.89462        33.08966       5.1364423         69.7462      0.29266945       8.9871968        8.9871968       849.81484                               849.81484
              1       433.60937       33.102985       5.1233912       70.767994      0.28427896       8.9871968        8.9871968       849.24435                               849.24435
              1       433.62311        33.10536       5.1214591       70.767994      0.28427896       8.9871968        8.9871968       849.27183                               849.27183
              3       433.59811       33.101611       5.1243815       70.767994      0.28427896       8.9871968        8.9871968       849.22182                               849.22182
              1       433.99146        32.98907       5.1900304       70.767994      0.28427896       8.9871968        8.9871968       850.00853                               850.00853
              1        434.7444       32.962159       5.2163897       68.704274      0.30161364       8.9871968        8.9871968        851.5144                                851.5144
              1       434.04475       33.036305       5.1737522       68.704274      0.30161364       8.9871968        8.9871968       850.11511                               850.11511
              1       435.03588       32.952243       5.2354225       68.704274      0.30161364       8.9871968        8.9871968       852.09736                               852.09736
              1       435.88881       32.936212       5.2286657       68.704274      0.30161364       8.9871968        8.9871968       853.80322                               853.80322
              1       433.95413       32.976858       5.2079813        69.71601      0.29292298       8.9871968        8.9871968       849.93387                               849.93387
              1       433.95645       33.061202       5.1587826        69.71601      0.29292298       8.9871968        8.9871968        849.9385                                849.9385
              2       434.22505       33.040152       5.1590774        69.71601      0.29292298       8.9871968        8.9871968        850.4757                                850.4757
              1       434.38012       32.987158       5.1940948        69.71601      0.29292298       8.9871968        8.9871968       850.78585                               850.78585
              1       436.24325       33.117063       5.1033785        69.71601      0.29292298       8.9871968        8.9871968       854.51211                               854.51211
              1       433.59472       33.039963       5.1658448        69.71601      0.29292298       8.9871968        8.9871968       849.21504                               849.21504
              1       433.59029       33.038637       5.1668588        69.71601      0.29292298       8.9871968        8.9871968       849.20618                               849.20618
              2       433.43578       33.044773       5.1608483       70.186578      0.28900832       8.9871968        8.9871968       848.89716                               848.89716
              1       435.21269       33.090306       5.1444967       70.186578      0.28900832       8.9871968        8.9871968       852.45098                               852.45098
              1       435.95815       33.095989       5.1432492       70.186578      0.28900832       8.9871968        8.9871968        853.9419                                853.9419
              1       435.59673       33.100812       5.1386709       70.186578      0.28900832       8.9871968        8.9871968       853.21906                               853.21906
              1        436.4691       33.073148       5.1267101       70.186578      0.28900832       8.9871968        8.9871968        854.9638                                854.9638
              1        437.2075       32.889043       5.2575018       68.837655      0.30044595       8.9871968        8.9871968        856.4406                                856.4406
              1       434.42089       33.069151       5.1471066       68.837655      0.30044595       8.9871968        8.9871968       850.86738                               850.86738
              1       434.26943       33.040959       5.1755641       68.837655      0.30044595       8.9871968        8.9871968       850.56446                               850.56446
              1       433.98084       33.016073       5.1877263       68.837655      0.30044595       8.9871968        8.9871968       849.98729                               849.98729
              1       434.50435       32.987732        5.211142       68.837655      0.30044595       8.9871968        8.9871968        851.0343                                851.0343
              1       435.51102        32.91276       5.2486428       68.837655      0.30044595       8.9871968        8.9871968       853.04764                               853.04764
              1       435.62475       33.142652       5.1002944       68.837655      0.30044595       8.9871968        8.9871968       853.27511                               853.27511
              1       437.88857        33.09245       5.1188365       68.837655      0.30044595       8.9871968        8.9871968       857.80274                               857.80274
              1       434.02781       32.998879        5.197872       68.837655      0.30044595       8.9871968        8.9871968       850.08122                               850.08122
              1       434.10439       33.005861       5.1963737       68.837655      0.30044595       8.9871968        8.9871968       850.23438                               850.23438
              1        435.1961       32.935763       5.2449745       68.837655      0.30044595       8.9871968        8.9871968       852.41781                               852.41781
              1       435.80199       32.892063        5.265838       68.837655      0.30044595       8.9871968        8.9871968       853.62959                               853.62959
              1       436.23075        33.07617       5.1336992       68.837655      0.30044595       8.9871968        8.9871968       854.48711                               854.48711
              1       435.65643       33.069436       5.1637985       68.837655      0.30044595       8.9871968        8.9871968       853.33846                               853.33846
              1        435.0903       33.102409       5.1372797       68.837655      0.30044595       8.9871968        8.9871968       852.20621                               852.20621
              1       435.59167       33.056842       5.1721373       68.837655      0.30044595       8.9871968        8.9871968       853.20895                               853.20895
              1       435.74603       33.060772       5.1700739       68.837655      0.30044595       8.9871968        8.9871968       853.51767                               853.51767
              1       434.21759       32.999776       5.1915649       68.968201      0.29930963       8.9871968        8.9871968       850.46078                               850.46078
              1       434.24359       33.045623       5.1721995       68.968201      0.29930963       8.9871968        8.9871968       850.51278                               850.51278
              3       433.99764       33.040932       5.1725856       68.968201      0.29930963       8.9871968        8.9871968       850.02088                               850.02088
              1       434.02534       33.044558       5.1643438       68.968201      0.29930963       8.9871968        8.9871968       850.07629                               850.07629
              1        434.8357       33.058595       5.1493692       68.968201      0.29930963       8.9871968        8.9871968       851.69701                               851.69701
              1        434.0484       33.095883       5.1143522        71.54412      0.27814457       8.9871968        8.9871968       850.12241                               850.12241
              1       433.29606       33.068769       5.1437719        71.54412      0.27814457       8.9871968        8.9871968       848.61774                               848.61774
              3       433.34869       33.084165       5.1337965        71.54412      0.27814457       8.9871968        8.9871968       848.72299                               848.72299
              1       433.61635       33.062137       5.1381533        71.54412      0.27814457       8.9871968        8.9871968        849.2583                                849.2583
              1       433.33374       33.037626       5.1638017        71.54412      0.27814457       8.9871968        8.9871968       848.69308                               848.69308
              1       434.72804        33.01879       5.1613554        71.54412      0.27814457       8.9871968        8.9871968       851.48169                               851.48169
              1       437.08199       32.991854       5.1721998        71.54412      0.27814457       8.9871968        8.9871968       856.18958                               856.18958
              1       433.88091       33.135433        5.100417        71.54412      0.27814457       8.9871968        8.9871968       849.78743                               849.78743
              1        433.2137       33.045373       5.1569051        71.54412      0.27814457       8.9871968        8.9871968         848.453                                 848.453
              1        433.6783       33.094015       5.1301068        71.54412      0.27814457       8.9871968        8.9871968       849.38221                               849.38221
              1       436.05882        33.19477       5.0492015        71.54412      0.27814457       8.9871968        8.9871968       854.14325                               854.14325
              1       435.99747       33.142079       5.0786824        71.54412      0.27814457       8.9871968        8.9871968       854.02054                               854.02054
              1       434.69138       33.174054       5.0684284        71.54412      0.27814457       8.9871968        8.9871968       851.40837                               851.40837
              2       435.76592       33.184631       5.0558107        71.54412      0.27814457       8.9871968        8.9871968       853.55745                               853.55745
              1       434.81049       33.147987       5.0801555        71.54412      0.27814457       8.9871968        8.9871968        851.6466                                851.6466
              1       434.55284       33.102585       5.0964013       76.639541      0.24238888       8.9871968        8.9871968       851.13129                               851.13129
              1       435.00615       33.193472        5.037655       76.639541      0.24238888       8.9871968        8.9871968        852.0379                                852.0379
              1       434.80828        33.08021       5.1145669       76.639541      0.24238888       8.9871968        8.9871968       851.64216                               851.64216
              1       437.57892       33.061092       5.1080823       76.639541      0.24238888       8.9871968        8.9871968       857.18345                               857.18345
              1       434.86292       33.066561        5.119883       76.639541      0.24238888       8.9871968        8.9871968       851.75144                               851.75144
              1       435.79924       33.215107       5.0176946       76.639541      0.24238888       8.9871968        8.9871968       853.62408                               853.62408
              1       436.11151       33.049344       5.1413733       76.639541      0.24238888       8.9871968        8.9871968       854.24862                               854.24862
              2       436.26939       33.093695       5.0901991       76.639541      0.24238888       8.9871968        8.9871968       854.56438                               854.56438
              1       434.74692       33.115449        5.083851       76.639541      0.24238888       8.9871968        8.9871968       851.51946                               851.51946
              1       436.53048       33.113033        5.076408       76.639541      0.24238888       8.9871968        8.9871968       855.08656                               855.08656
              1       436.59038       33.183475       5.0317952       76.639541      0.24238888       8.9871968        8.9871968       855.20636                               855.20636
              1       437.05192       33.225224       5.0057443       76.639541      0.24238888       8.9871968        8.9871968       856.12944                               856.12944
              1       435.09091       33.052685       5.1274991       76.639541      0.24238888       8.9871968        8.9871968       852.20744                               852.20744
              1       437.69241       32.984044       5.1637287       76.639541      0.24238888       8.9871968        8.9871968       857.41043                               857.41043
              1       436.93808         32.9844       5.1795886       76.639541      0.24238888       8.9871968        8.9871968       855.90176                               855.90176
              2       436.46451       33.254396       4.9948974       76.639541      0.24238888       8.9871968        8.9871968       854.95462                               854.95462
              1       436.05735       33.203446       5.0237408       76.093745      0.24587851       8.9871968        8.9871968        854.1403                                854.1403
              1       435.01815       33.072226       5.1264835       76.093745      0.24587851       8.9871968        8.9871968        852.0619                                852.0619
              2       435.02516       33.036337       5.1455797       76.093745      0.24587851       8.9871968        8.9871968       852.07594                               852.07594
              2       435.37402       33.022996       5.1554533       76.093745      0.24587851       8.9871968        8.9871968       852.77365                               852.77365
              1       435.00847       33.147473        5.078328       76.093745      0.24587851       8.9871968        8.9871968       852.04255                               852.04255
              1       434.22416       33.119708       5.1055247       73.964467       0.2602389       8.9871968        8.9871968       850.47393                               850.47393
              2       433.60013       33.109824       5.0990866       73.964467       0.2602389       8.9871968        8.9871968       849.22586                               849.22586
              2       433.43668       33.054434       5.1517585        70.44808      0.28686672       8.9871968        8.9871968       848.89896                               848.89896
              1       434.30026       33.030997       5.1488461       73.276934      0.26514529       8.9871968        8.9871968       850.62613                               850.62613
              1       433.75196       33.140017       5.0907644       73.276934      0.26514529       8.9871968        8.9871968       849.52952                               849.52952
              1       433.55798       33.121721       5.1025722       73.276934      0.26514529       8.9871968        8.9871968       849.14156                               849.14156
              1       434.05057       32.998323       5.1763921       73.276934      0.26514529       8.9871968        8.9871968       850.12674                               850.12674
              1       434.24849       32.985619        5.186002       73.276934      0.26514529       8.9871968        8.9871968       850.52258                               850.52258
              1        435.1523       33.202793       5.0400794       73.276934      0.26514529       8.9871968        8.9871968       852.33021                               852.33021
              1       435.07522       33.136817       5.0767605       73.276934      0.26514529       8.9871968        8.9871968       852.17604                               852.17604
              1       435.25854       33.117234       5.0791327       76.511987      0.24319773       8.9871968        8.9871968       852.54268                               852.54268
              1       434.76615       33.095637       5.0970391       76.511987      0.24319773       8.9871968        8.9871968       851.55791                               851.55791
              1        435.1424       33.133543       5.0692327       76.511987      0.24319773       8.9871968        8.9871968       852.31041                               852.31041
              2       434.62822       33.123023       5.0798171       76.511987      0.24319773       8.9871968        8.9871968       851.28204                               851.28204
              1       434.47626       33.129556       5.0778023       76.511987      0.24319773       8.9871968        8.9871968       850.97812                               850.97812
              1        439.1451       32.950827       5.1837278       76.511987      0.24319773       8.9871968        8.9871968        860.3158                                860.3158
              2       435.08486       33.061658       5.1255157       72.982303       0.2672904       8.9871968        8.9871968       852.19533                               852.19533
              1       435.62281       33.161939       5.0863865       72.982303       0.2672904       8.9871968        8.9871968       853.27123                               853.27123
              2       433.21998       33.076826       5.1306181       72.982303       0.2672904       8.9871968        8.9871968       848.46557                               848.46557
              1       433.58245        33.11487       5.1092223       72.982303       0.2672904       8.9871968        8.9871968       849.19051                               849.19051
              1       433.89854       33.154372       5.0755142       72.982303       0.2672904       8.9871968        8.9871968       849.82268                               849.82268
              2       433.40696       33.076719       5.1335768       72.982303       0.2672904       8.9871968        8.9871968       848.83952                               848.83952
              1        433.6169       33.075854       5.1359735       72.982303       0.2672904       8.9871968        8.9871968       849.25941                               849.25941
              1       434.60158       32.964931       5.2032609       72.982303       0.2672904       8.9871968        8.9871968       851.22878                               851.22878
              1       433.87991       33.001811        5.179875       72.982303       0.2672904       8.9871968        8.9871968       849.78542                               849.78542
              1        433.7588       33.006335       5.1745868       72.982303       0.2672904       8.9871968        8.9871968        849.5432                                849.5432
              1       433.98985       32.993928       5.1812919       72.982303       0.2672904       8.9871968        8.9871968        850.0053                                850.0053
              2       435.83849       32.920723       5.2296745       72.982303       0.2672904       8.9871968        8.9871968       853.70259                               853.70259
              1       433.18995       33.075363       5.1329728       71.872348      0.27560991       8.9871968        8.9871968       848.40551                               848.40551
              1       433.23376       33.088672       5.1244493       71.872348      0.27560991       8.9871968        8.9871968       848.49312                               848.49312
              1        433.7747       32.988749       5.1918458       71.872348      0.27560991       8.9871968        8.9871968       849.57501                               849.57501
              1       433.32605       33.099558       5.1167632       71.872348      0.27560991       8.9871968        8.9871968       848.67771                               848.67771
              1       433.27587       33.038133       5.1610336       71.872348      0.27560991       8.9871968        8.9871968       848.57735                               848.57735
              1       433.24861        33.09423       5.1214439       71.872348      0.27560991       8.9871968        8.9871968       848.52283                               848.52283
              1       433.58752       33.012341       5.1718896       71.872348      0.27560991       8.9871968        8.9871968       849.20065                               849.20065
              1       433.55831       33.118812       5.1095912       71.872348      0.27560991       8.9871968        8.9871968       849.14223                               849.14223
              2       434.38991       33.168744       5.0769061       71.872348      0.27560991       8.9871968        8.9871968       850.80543                               850.80543
              1       434.76829       33.153038       5.0936487       70.194311      0.28894465       8.9871968        8.9871968       851.56219                               851.56219
              2       434.64279       33.114019       5.1249579       70.194311      0.28894465       8.9871968        8.9871968       851.31119                               851.31119
              1       434.82583       32.927609       5.2370137       70.194311      0.28894465       8.9871968        8.9871968       851.67727                               851.67727
              1       434.54779        32.93954       5.2306353       70.194311      0.28894465       8.9871968        8.9871968       851.12119                               851.12119
              1       434.84625        32.92689       5.2394551       70.194311      0.28894465       8.9871968        8.9871968       851.71811                               851.71811
              1       434.30756       33.184532       5.0548471       74.171006      0.25879158       8.9871968        8.9871968       850.64073                               850.64073
              1       433.99944       33.075338       5.1177789       74.171006      0.25879158       8.9871968        8.9871968       850.02448                               850.02448
              2       433.79514       33.133232       5.0828758       74.171006      0.25879158       8.9871968        8.9871968       849.61588                               849.61588
              1       433.84502       33.141979       5.0857539       74.171006      0.25879158       8.9871968        8.9871968       849.71565                               849.71565
              1       433.79777       33.147372       5.0755236       74.171006      0.25879158       8.9871968        8.9871968       849.62114                               849.62114
              1       434.57731       33.072089       5.1494377       68.391235      0.30438104       8.9871968        8.9871968       851.18023                               851.18023
              2       434.60631       33.049899       5.1719447       68.391235      0.30438104       8.9871968        8.9871968       851.23822                               851.23822
              1       434.62724        32.96284       5.2262268       68.391235      0.30438104       8.9871968        8.9871968       851.28008                               851.28008
              1       434.85455       33.009489       5.1848349       68.391235      0.30438104       8.9871968        8.9871968        851.7347                                851.7347
              1       438.56732       32.871012        5.301956       67.009295      0.31706506       8.9871968        8.9871968       859.16026                               859.16026
              1       435.24787       33.009573       5.2018578       67.009295      0.31706506       8.9871968        8.9871968       852.52136                               852.52136
              1        435.3849       32.973068       5.2266358       67.009295      0.31706506       8.9871968        8.9871968       852.79541                               852.79541
              3       436.52301       33.101696       5.1342602       67.009295      0.31706506       8.9871968        8.9871968       855.07162                               855.07162
              1       435.98041       32.941518       5.2362491       67.009295      0.31706506       8.9871968        8.9871968       853.98643                               853.98643
              1        434.7864       33.029014       5.1873269       68.632415      0.30224556       8.9871968        8.9871968        851.5984                                851.5984
              1       435.13167       32.931953        5.246685       68.632415      0.30224556       8.9871968        8.9871968       852.28895                               852.28895
              2       433.39896       33.017705       5.1758725       70.815618      0.28389673       8.9871968        8.9871968       848.82353                               848.82353
              1        433.3923       33.044624       5.1625512       70.815618      0.28389673       8.9871968        8.9871968       848.81022                               848.81022
              2       433.40319       33.043902       5.1632609       70.760125      0.28434219       8.9871968        8.9871968       848.83199                               848.83199
              1       434.53613       33.138555       5.1048229       70.760125      0.28434219       8.9871968        8.9871968       851.09787                               851.09787
              1       433.48408       33.087309       5.1340937       70.760125      0.28434219       8.9871968        8.9871968       848.99377                               848.99377
              1        434.3503       33.146582       5.0906075       70.760125      0.28434219       8.9871968        8.9871968       850.72621                               850.72621
              1       433.61801        33.08706       5.1362117       70.760125      0.28434219       8.9871968        8.9871968       849.26163                               849.26163
              1       433.85201       32.991311        5.198457       70.760125      0.28434219       8.9871968        8.9871968       849.72962                               849.72962
              1       433.63422        32.99493       5.1932446       70.760125      0.28434219       8.9871968        8.9871968       849.29405                               849.29405
              1       434.60684       32.957481       5.2097159       70.760125      0.28434219       8.9871968        8.9871968       851.23929                               851.23929
              1       434.35946       33.027575       5.1622928       74.207215      0.25853909       8.9871968        8.9871968       850.74453                               850.74453
              1       437.44418        33.25125       5.0217544       74.207215      0.25853909       8.9871968        8.9871968       856.91396                               856.91396
              1       437.20069       33.232791       5.0351353       74.207215      0.25853909       8.9871968        8.9871968       856.42698                               856.42698
              1       435.09145       33.149796       5.0876375       74.207215      0.25853909       8.9871968        8.9871968       852.20852                               852.20852
              1       435.93699       33.123002       5.1089586       74.207215      0.25853909       8.9871968        8.9871968       853.89958                               853.89958
              1       434.09096       33.109143       5.1146251       73.437602      0.26398638       8.9871968        8.9871968       850.20753                               850.20753
              2       435.86491       33.019434       5.1499702       73.437602      0.26398638       8.9871968        8.9871968       853.75543                               853.75543
              1       437.10225        33.12139       5.0794378       73.437602      0.26398638       8.9871968        8.9871968        856.2301                                856.2301
              1       433.67573       33.119818       5.1043751       73.437602      0.26398638       8.9871968        8.9871968       849.37708                               849.37708
              1       434.11197       33.164299       5.0743863       73.437602      0.26398638       8.9871968        8.9871968       850.24954                               850.24954
              1       433.76796       33.047775       5.1400411       73.437602      0.26398638       8.9871968        8.9871968       849.56153                               849.56153
              1       433.73404       33.020104       5.1623413       73.437602      0.26398638       8.9871968        8.9871968       849.49368                               849.49368
              1       435.85794       33.038233       5.1671869       73.437602      0.26398638       8.9871968        8.9871968       853.74148                               853.74148
              1       437.94928       32.997934       5.1679797       77.780656      0.23532891       8.9871968        8.9871968       857.92417                               857.92417
              1       435.89044       33.185686       5.0322168       77.780656      0.23532891       8.9871968        8.9871968       853.80649                               853.80649
              1        435.6644       33.118801       5.0877863       77.780656      0.23532891       8.9871968        8.9871968       853.35441                               853.35441
              1       433.77183       33.139762       5.0793618       74.690236      0.25520596       8.9871968        8.9871968       849.56927                               849.56927
              1       434.81116       33.206089       5.0362488       74.690236      0.25520596       8.9871968        8.9871968       851.64794                               851.64794
              2       435.17241       33.084565       5.1045958       74.690236      0.25520596       8.9871968        8.9871968       852.37043                               852.37043
              1       434.09867       33.110562       5.0929668       74.690236      0.25520596       8.9871968        8.9871968       850.22295                               850.22295
              1        434.1241       33.104657       5.0965704       74.690236      0.25520596       8.9871968        8.9871968        850.2738                                850.2738
              1        434.0957       33.154701       5.0668771       74.690236      0.25520596       8.9871968        8.9871968         850.217                                 850.217
              1       435.45963       33.207599       5.0291609       74.690236      0.25520596       8.9871968        8.9871968       852.94486                               852.94486
              1       434.42592       33.088505       5.1410507       70.635129      0.28534942       8.9871968        8.9871968       850.87744                               850.87744
              2       433.42883       33.057573       5.1548698       70.635129      0.28534942       8.9871968        8.9871968       848.88326                               848.88326
              1       434.56494       33.099886       5.1337985       70.635129      0.28534942       8.9871968        8.9871968       851.15548                               851.15548
              1       434.28472       33.018546       5.1861469       70.635129      0.28534942       8.9871968        8.9871968       850.59505                               850.59505
              1       434.03865       32.969182        5.211615       69.866681      0.29166093       8.9871968        8.9871968       850.10291                               850.10291
              1       434.48463       32.943475       5.2300218       69.866681      0.29166093       8.9871968        8.9871968       850.99486                               850.99486
              1       435.83666       32.892847       5.2650247       69.866681      0.29166093       8.9871968        8.9871968       853.69892                               853.69892
              1        433.6176       33.028271       5.1767956       69.866681      0.29166093       8.9871968        8.9871968        849.2608                                849.2608
              1       433.24028       33.059503       5.1461314        72.26449      0.27262684       8.9871968        8.9871968       848.50617                               848.50617
              1       433.84763       33.021637        5.161283        72.26449      0.27262684       8.9871968        8.9871968       849.72086                               849.72086
              1        434.2153       32.991087       5.1940117        72.26449      0.27262684       8.9871968        8.9871968        850.4562                                850.4562
              1       433.97027       33.004448       5.1730896        72.26449      0.27262684       8.9871968        8.9871968       849.96615                               849.96615
              1       433.76213       33.006883       5.1817741        72.26449      0.27262684       8.9871968        8.9871968       849.54987                               849.54987
              1       433.68921       33.135536       5.0910514        72.26449      0.27262684       8.9871968        8.9871968       849.40403                               849.40403
              1       434.51642       33.182972       5.0630582        72.26449      0.27262684       8.9871968        8.9871968       851.05845                               851.05845
              1       435.03005       32.960478       5.2153552        72.26449      0.27262684       8.9871968        8.9871968       852.08571                               852.08571
              1        435.0717        32.94887       5.2267516       71.373338      0.27947725       8.9871968        8.9871968       852.16901                               852.16901
              2       433.47134       33.048322       5.1469454       73.547081      0.26320104       8.9871968        8.9871968       848.96829                               848.96829
              1       433.30923       33.069845       5.1313585       73.547081      0.26320104       8.9871968        8.9871968       848.64407                               848.64407
              1       434.55424       32.977959       5.1891685       73.547081      0.26320104       8.9871968        8.9871968       851.13409                               851.13409
              1       434.68446       32.984866       5.1808309       73.547081      0.26320104       8.9871968        8.9871968       851.39452                               851.39452
              1       433.86272       33.157124       5.0766235       73.547081      0.26320104       8.9871968        8.9871968       849.75105                               849.75105
              2       433.80362        33.04552       5.1411663       73.547081      0.26320104       8.9871968        8.9871968       849.63285                               849.63285
              1       434.27404       33.126661        5.103061       73.547081      0.26320104       8.9871968        8.9871968       850.57368                               850.57368
              1       434.20574       33.179309        5.060246       73.547081      0.26320104       8.9871968        8.9871968       850.43709                               850.43709
              1       433.49167       33.114268       5.1058097       73.547081      0.26320104       8.9871968        8.9871968       849.00895                               849.00895
              1       433.86898       33.094174       5.1332142       69.958804      0.29089331       8.9871968        8.9871968       849.76357                               849.76357
              1       435.44568       33.108293       5.1334196       69.958804      0.29089331       8.9871968        8.9871968       852.91698                               852.91698
              1       435.12114       33.027279       5.1618012       69.958804      0.29089331       8.9871968        8.9871968       852.26788                               852.26788
              3       433.70874       33.050297       5.1637104       69.958804      0.29089331       8.9871968        8.9871968       849.44308                               849.44308
              1       434.03684       33.025632       5.1832973        69.50916      0.29466897       8.9871968        8.9871968       850.09929                               850.09929
              1       436.72018       33.202105       5.0627718        69.50916      0.29466897       8.9871968        8.9871968       855.46596                               855.46596
              1       435.10586       33.141232       5.0978112        69.50916      0.29466897       8.9871968        8.9871968       852.23733                               852.23733
              1       433.94687       33.055903        5.162435        69.50916      0.29466897       8.9871968        8.9871968       849.91936                               849.91936
              1       433.69796       33.052845        5.160206        69.50916      0.29466897       8.9871968        8.9871968       849.42152                               849.42152
              1       433.84344       33.051602       5.1565938        69.50916      0.29466897       8.9871968        8.9871968       849.71249                               849.71249
              1       434.35166       33.083529       5.1461454        69.50916      0.29466897       8.9871968        8.9871968       850.72892                               850.72892
              2        434.9086       33.130144       5.0893244       76.112757      0.24575569       8.9871968        8.9871968        851.8428                                851.8428
              1       434.52155       33.065171       5.1223066       76.112757      0.24575569       8.9871968        8.9871968       851.06871                               851.06871
              1       434.46318       33.158524       5.0599512       76.112757      0.24575569       8.9871968        8.9871968       850.95196                               850.95196
              1       433.90688       33.069445       5.1470615       69.391531      0.29566884       8.9871968        8.9871968       849.83938                               849.83938
              1       434.91888       33.082613       5.1503424       69.391531      0.29566884       8.9871968        8.9871968       851.86337                               851.86337
              1       434.85734       33.085185       5.1482072       69.391531      0.29566884       8.9871968        8.9871968       851.74028                               851.74028
              1       434.58057       33.109444       5.1281977       69.391531      0.29566884       8.9871968        8.9871968       851.18674                               851.18674
              1       434.24506       33.101702       5.1300185       69.391531      0.29566884       8.9871968        8.9871968       850.51573                               850.51573
              2       433.72413       33.027232       5.1754645       69.391531      0.29566884       8.9871968        8.9871968       849.47387                               849.47387
              1       437.13052       33.012235       5.1684643       69.391531      0.29566884       8.9871968        8.9871968       856.28664                               856.28664
              3       433.72045       33.035129       5.1728851       69.391531      0.29566884       8.9871968        8.9871968        849.4665                                849.4665
              3       434.00229       33.106756       5.1233974       69.906647      0.29132754       8.9871968        8.9871968       850.03018                               850.03018
              1        434.5122       33.076833       5.1477103       68.467958      0.30369926       8.9871968        8.9871968       851.05001                               851.05001
              1       435.40341       32.917537       5.2561028       68.467958      0.30369926       8.9871968        8.9871968       852.83243                               852.83243
              1       435.15805       32.937299       5.2446588       68.467958      0.30369926       8.9871968        8.9871968        852.3417                                852.3417
              1       436.80994       32.949129       5.2460684       68.467958      0.30369926       8.9871968        8.9871968       855.64548                               855.64548
              1       434.47268        33.06885       5.1563119       68.467958      0.30369926       8.9871968        8.9871968       850.97097                               850.97097
              1       434.50446       33.074136        5.152279       68.467958      0.30369926       8.9871968        8.9871968       851.03453                               851.03453
              2       434.32957       32.988047        5.208957       68.467958      0.30369926       8.9871968        8.9871968       850.68474                               850.68474
              3       433.93515       33.007506       5.1891633       69.050321      0.29859813       8.9871968        8.9871968       849.89592                               849.89592
