Lambda,OBS,CAL,GD1,GD2,GD3,Syn_mean
3400.0,0.0,1.63105,1.25481,1.55994,1.59228,1.50952
3401.0,0.0,1.62059,1.24712,1.54698,1.58003,1.49868
3402.0,0.0,1.61071,1.24074,1.53466,1.56866,1.4886925
3403.0,0.0,1.6017,1.23644,1.52375,1.55875,1.48016
3404.0,0.0,1.59427,1.23366,1.51456,1.55055,1.47326
3405.0,0.0,1.58825,1.23255,1.50724,1.54414,1.468045
3406.0,0.0,1.5838,1.23247,1.50194,1.53959,1.4644500000000003
3407.0,0.0,1.58071,1.23339,1.49872,1.53676,1.4623950000000001
3408.0,0.0,1.57862,1.23498,1.4972,1.53527,1.4615175
3409.0,0.0,1.57749,1.23678,1.49655,1.53443,1.4613125
3410.0,0.0,1.57698,1.23906,1.4958,1.5336,1.46136
3411.0,0.0,1.57714,1.24135,1.49448,1.53257,1.461385
3412.0,0.0,1.57815,1.24375,1.49308,1.53179,1.4616925
3413.0,0.0,1.57994,1.24616,1.49292,1.53225,1.4628174999999999
3414.0,0.0,1.58303,1.24827,1.49548,1.53498,1.4654399999999999
3415.0,0.0,1.58699,1.25045,1.50153,1.54041,1.4698449999999998
3416.0,0.0,1.59197,1.25246,1.51064,1.54814,1.4758025
3417.0,0.0,1.5972,1.25447,1.52124,1.55691,1.482455
3418.0,0.0,1.60233,1.25654,1.53115,1.56511,1.4887825
3419.0,0.0,1.60672,1.25856,1.53843,1.57126,1.4937425000000002
3420.0,0.0,1.61009,1.26071,1.54204,1.57458,1.496855
3421.0,0.0,1.61238,1.26284,1.54219,1.5752,1.4981524999999998
3422.0,0.0,1.61371,1.26483,1.54017,1.57403,1.4981849999999999
3423.0,0.0,1.61455,1.26663,1.53778,1.57237,1.4978325
3424.0,0.0,1.61514,1.26813,1.53666,1.57148,1.4978525
3425.0,0.0,1.61588,1.26927,1.53772,1.57208,1.4987374999999998
3426.0,0.0,1.61671,1.27016,1.5409,1.57415,1.50048
3427.0,0.0,1.61738,1.27074,1.54511,1.57691,1.502535
3428.0,0.0,1.61769,1.2711,1.54862,1.57916,1.5041425
3429.0,0.0,1.61717,1.27143,1.54983,1.57976,1.5045475000000001
3430.0,0.0,1.61571,1.2717,1.54804,1.57823,1.5034200000000002
3431.0,0.0,1.6131,1.27191,1.5438,1.57488,1.5009225000000002
3432.0,0.0,1.60926,1.27207,1.53844,1.57046,1.4975574999999999
3433.0,0.0,1.60396,1.27189,1.5329,1.56542,1.4935424999999998
3434.0,0.0,1.59709,1.27129,1.52685,1.55938,1.4886525
3435.0,0.0,1.58827,1.2701,1.51864,1.55117,1.482045
3436.0,0.0,1.57778,1.26806,1.50638,1.5396,1.472955
3437.0,0.0,1.56563,1.26552,1.48929,1.52427,1.4611774999999998
3438.0,0.0,1.55289,1.26237,1.46851,1.50628,1.4475125000000002
3439.0,0.0,1.54049,1.25909,1.44705,1.48796,1.4336475
3440.0,0.0,1.52961,1.25586,1.42859,1.47219,1.4215625
3441.0,0.0,1.52148,1.25291,1.4162,1.46131,1.412975
3442.0,0.0,1.51627,1.2505,1.41129,1.45645,1.4086275000000001
3443.0,0.0,1.5147,1.24825,1.41351,1.45738,1.40846
3444.0,0.0,1.51568,1.24646,1.42127,1.46286,1.4115674999999999
3445.0,0.0,1.51882,1.24436,1.43246,1.47118,1.4167049999999999
3446.0,0.0,1.52277,1.24221,1.44481,1.48039,1.422545
3447.0,0.0,1.52602,1.23967,1.456,1.48857,1.4275650000000002
3448.0,0.0,1.5283,1.23615,1.46383,1.49397,1.4305625
3449.0,0.0,1.52827,1.23253,1.4668,1.49549,1.4307725
3450.0,0.0,1.5265,1.22818,1.46478,1.49308,1.428135
3451.0,0.0,1.52291,1.22377,1.45912,1.48774,1.4233850000000001
3452.0,0.0,1.51795,1.21972,1.45193,1.48104,1.41766
3453.0,0.0,1.51248,1.21574,1.44487,1.47427,1.41184
3454.0,0.0,1.50652,1.21285,1.43842,1.46792,1.4064275
3455.0,0.0,1.50085,1.21079,1.43199,1.46179,1.401355
3456.0,0.0,1.49572,1.20955,1.42488,1.45546,1.3964024999999998
3457.0,0.0,1.49138,1.20938,1.41718,1.44907,1.3917525
3458.0,0.0,1.48843,1.21004,1.41014,1.44346,1.3880175
3459.0,0.0,1.48688,1.21129,1.40567,1.43998,1.385955
3460.0,0.0,1.48751,1.21328,1.40533,1.43975,1.3864675
3461.0,0.0,1.48934,1.21579,1.40949,1.44305,1.3894175
3462.0,0.0,1.49306,1.21817,1.41705,1.4491,1.394345
3463.0,0.0,1.49725,1.22089,1.42605,1.45648,1.4001675
3464.0,0.0,1.50175,1.22317,1.4346,1.46369,1.4058025
3465.0,0.0,1.50582,1.22488,1.4416,1.46971,1.4105025
3466.0,0.0,1.50846,1.2262,1.44677,1.47409,1.4138799999999998
3467.0,0.0,1.51006,1.22661,1.45005,1.47662,1.415835
3468.0,0.0,1.50921,1.22664,1.45112,1.47696,1.4159825000000001
3469.0,0.0,1.50682,1.22603,1.44923,1.47473,1.4142025
3470.0,0.0,1.50235,1.22505,1.44364,1.46952,1.4101400000000002
3471.0,0.0,1.49632,1.22383,1.43425,1.46139,1.4039475000000001
3472.0,0.0,1.4893,1.22217,1.422,1.45108,1.3961375
3473.0,0.0,1.48178,1.22043,1.40879,1.43997,1.3877424999999999
3474.0,0.0,1.47474,1.21829,1.39691,1.42973,1.3799175000000001
3475.0,0.0,1.4686,1.21591,1.38836,1.42177,1.37366
3476.0,0.0,1.46399,1.21356,1.38413,1.41692,1.36965
3477.0,0.0,1.46108,1.21118,1.38396,1.4151,1.3678299999999999
3478.0,0.0,1.45979,1.20916,1.38652,1.41554,1.3677525
3479.0,0.0,1.45989,1.20791,1.39009,1.41725,1.368785
3480.0,0.0,1.46119,1.20752,1.39337,1.41942,1.370375
3481.0,0.0,1.4634,1.20811,1.39607,1.42178,1.37234
3482.0,0.0,1.4664,1.20997,1.39883,1.42468,1.3749699999999998
3483.0,0.0,1.46984,1.21286,1.40258,1.42858,1.378465
3484.0,0.0,1.4736,1.2165,1.40769,1.43353,1.38283
3485.0,0.0,1.47706,1.22077,1.41333,1.43881,1.3874925
3486.0,0.0,1.47995,1.22521,1.41783,1.44321,1.39155
3487.0,0.0,1.48192,1.22958,1.4196,1.44561,1.3941775
3488.0,0.0,1.48275,1.23353,1.41819,1.44557,1.39501
3489.0,0.0,1.4828,1.23676,1.41455,1.44362,1.3944325
3490.0,0.0,1.48187,1.23932,1.41039,1.44089,1.3931174999999998
3491.0,0.0,1.48064,1.24081,1.40713,1.43844,1.3917549999999999
3492.0,0.0,1.4791,1.24141,1.40522,1.43677,1.390625
3493.0,0.0,1.47751,1.24094,1.40425,1.43583,1.3896325
3494.0,0.0,1.47633,1.23918,1.40378,1.43536,1.3886625000000001
3495.0,0.0,1.47522,1.23661,1.40397,1.4353,1.387775
3496.0,0.0,1.47464,1.23285,1.40547,1.43586,1.387205
3497.0,0.0,1.47413,1.22821,1.40873,1.43728,1.3870874999999998
3498.0,0.0,1.47366,1.22315,1.41344,1.43943,1.38742
3499.0,0.0,1.47312,1.21753,1.41855,1.44177,1.3877424999999999
3500.0,0.0,1.47211,1.21198,1.42273,1.44347,1.3875725
3501.0,0.0,1.47048,1.20672,1.42489,1.4438,1.3864725
3502.0,0.0,1.46793,1.20177,1.42446,1.44226,1.384105
3503.0,0.0,1.46435,1.19749,1.42137,1.43878,1.3804974999999997
3504.0,0.0,1.45981,1.19386,1.416,1.43365,1.37583
3505.0,0.0,1.45452,1.19076,1.40901,1.42733,1.3704049999999999
3506.0,0.0,1.44865,1.18831,1.40111,1.42023,1.364575
3507.0,0.0,1.4425,1.18635,1.39276,1.41266,1.3585675
3508.0,0.0,1.43639,1.18481,1.38415,1.40487,1.352555
3509.0,0.0,1.43078,1.1838,1.37544,1.39713,1.3467875
3510.0,0.0,1.42611,1.18325,1.36722,1.38999,1.3416424999999998
3511.0,0.0,1.42286,1.18315,1.36066,1.38438,1.3377625
3512.0,0.0,1.42125,1.18366,1.35728,1.38143,1.335905
3513.0,0.0,1.42143,1.18463,1.35828,1.38202,1.33659
3514.0,0.0,1.42303,1.18601,1.3638,1.38613,1.3397425
3515.0,0.0,1.42545,1.18771,1.37245,1.39261,1.3445550000000002
3516.0,0.0,1.42777,1.18956,1.38153,1.39941,1.3495675
3517.0,0.0,1.42909,1.19134,1.3879,1.4042,1.3531325
3518.0,0.0,1.42877,1.19299,1.38912,1.40509,1.3539925
3519.0,0.0,1.42645,1.19445,1.38431,1.40134,1.3516375
3520.0,0.0,1.42244,1.19551,1.37436,1.39351,1.346455
3521.0,0.0,1.41742,1.19638,1.36151,1.38331,1.339655
3522.0,0.0,1.41216,1.19705,1.3486,1.37299,1.3327
3523.0,0.0,1.40801,1.19738,1.33841,1.36482,1.3271549999999999
3524.0,0.0,1.40546,1.19779,1.33305,1.36047,1.3241925
3525.0,0.0,1.40521,1.19812,1.33356,1.36075,1.3244099999999999
3526.0,0.0,1.40734,1.19842,1.33965,1.3654,1.3277025
3527.0,0.0,1.41125,1.19905,1.34976,1.37329,1.3333374999999998
3528.0,0.0,1.41659,1.19971,1.36159,1.38273,1.340155
3529.0,0.0,1.42251,1.20054,1.37287,1.39211,1.3470075
3530.0,0.0,1.42833,1.20161,1.38216,1.40019,1.3530725000000001
3531.0,0.0,1.43374,1.20253,1.38913,1.40651,1.3579775
3532.0,0.0,1.43841,1.20344,1.39433,1.41121,1.3618475
3533.0,0.0,1.44222,1.20427,1.39856,1.41478,1.3649575
3534.0,0.0,1.44546,1.2048,1.40243,1.41773,1.367605
3535.0,0.0,1.44808,1.20528,1.40615,1.42033,1.36996
3536.0,0.0,1.45023,1.20576,1.40963,1.42258,1.37205
3537.0,0.0,1.45221,1.20614,1.41263,1.42443,1.3738525000000001
3538.0,0.0,1.45382,1.20676,1.41498,1.42584,1.3753499999999999
3539.0,0.0,1.45522,1.2076,1.4167,1.42694,1.3766150000000001
3540.0,0.0,1.45654,1.20854,1.418,1.42796,1.3777599999999999
3541.0,0.0,1.45762,1.20981,1.41922,1.42906,1.3789274999999999
3542.0,0.0,1.45858,1.21118,1.42055,1.43022,1.3801325000000002
3543.0,0.0,1.45923,1.21247,1.42189,1.43136,1.3812375
3544.0,0.0,1.45941,1.2138,1.42288,1.43221,1.382075
3545.0,0.0,1.45905,1.21488,1.4231,1.43246,1.3823725
3546.0,0.0,1.45806,1.21557,1.42232,1.4318,1.3819375
3547.0,0.0,1.45624,1.21599,1.42044,1.43001,1.38067
3548.0,0.0,1.45361,1.21595,1.4174,1.42703,1.3784975000000002
3549.0,0.0,1.45028,1.21551,1.41311,1.4229,1.3754500000000003
3550.0,0.0,1.44633,1.2148,1.4076,1.41775,1.37162
3551.0,0.0,1.44214,1.21379,1.40122,1.41193,1.36727
3552.0,0.0,1.43787,1.21274,1.39466,1.40595,1.362805
3553.0,0.0,1.43386,1.21177,1.38879,1.40054,1.35874
3554.0,0.0,1.43054,1.21093,1.38433,1.39629,1.3555225000000002
3555.0,0.0,1.42779,1.21045,1.38163,1.3935,1.3533424999999997
3556.0,0.0,1.42584,1.21033,1.38061,1.39217,1.3522375
3557.0,0.0,1.42427,1.21051,1.38084,1.39199,1.3519025
3558.0,0.0,1.42273,1.21098,1.38164,1.39238,1.3519325
3559.0,0.0,1.42089,1.21162,1.38212,1.39241,1.35176
3560.0,0.0,1.41806,1.21227,1.38111,1.39106,1.350625
3561.0,0.0,1.41401,1.21277,1.37736,1.38736,1.347875
3562.0,0.0,1.40829,1.21304,1.36997,1.38082,1.34303
3563.0,0.0,1.401,1.21291,1.35887,1.37152,1.336075
3564.0,0.0,1.39236,1.21211,1.34507,1.3601,1.32741
3565.0,0.0,1.38266,1.21052,1.33016,1.34755,1.3177225000000001
3566.0,0.0,1.37254,1.20805,1.31565,1.3349,1.307785
3567.0,0.0,1.36228,1.20452,1.30245,1.32292,1.2980425
3568.0,0.0,1.35248,1.19979,1.2909,1.31218,1.2888374999999999
3569.0,0.0,1.34361,1.19424,1.28122,1.30292,1.2804975
3570.0,0.0,1.33561,1.18823,1.27378,1.29537,1.2732474999999999
3571.0,0.0,1.32903,1.18177,1.269,1.28982,1.267405
3572.0,0.0,1.32348,1.17558,1.26686,1.28632,1.26306
3573.0,0.0,1.31852,1.17023,1.26656,1.28433,1.2599099999999999
3574.0,0.0,1.31423,1.16554,1.26658,1.28278,1.2572825
3575.0,0.0,1.30964,1.16177,1.26514,1.28021,1.25419
3576.0,0.0,1.30442,1.159,1.26079,1.27543,1.24991
3577.0,0.0,1.2985,1.15681,1.25293,1.26811,1.2440875
3578.0,0.0,1.29164,1.15506,1.24211,1.25871,1.23688
3579.0,0.0,1.28441,1.15355,1.22973,1.24827,1.22899
3580.0,0.0,1.2772,1.15209,1.21753,1.23807,1.2212225
3581.0,0.0,1.27045,1.15063,1.20696,1.22914,1.214295
3582.0,0.0,1.26494,1.14908,1.19876,1.22219,1.2087425
3583.0,0.0,1.26097,1.14751,1.19316,1.21755,1.2047975
3584.0,0.0,1.25905,1.14608,1.19035,1.2154,1.20272
3585.0,0.0,1.25941,1.14483,1.19079,1.21606,1.2027724999999998
3586.0,0.0,1.26216,1.14388,1.1952,1.21993,1.2052924999999999
3587.0,0.0,1.26723,1.14344,1.20402,1.22722,1.2104775
3588.0,0.0,1.27431,1.1435,1.21689,1.23756,1.2180650000000002
3589.0,0.0,1.28305,1.14396,1.23252,1.25003,1.22739
3590.0,0.0,1.29267,1.1449,1.24906,1.26333,1.23749
3591.0,0.0,1.30261,1.14619,1.26488,1.27631,1.2474975000000001
3592.0,0.0,1.31247,1.14754,1.27909,1.28827,1.2568425
3593.0,0.0,1.32166,1.149,1.29167,1.29897,1.265325
3594.0,0.0,1.32993,1.15057,1.30301,1.30861,1.27303
3595.0,0.0,1.33699,1.15208,1.31338,1.31743,1.27997
3596.0,0.0,1.34257,1.15356,1.3225,1.32525,1.2859699999999998
3597.0,0.0,1.34635,1.15512,1.32949,1.33131,1.2905675
3598.0,0.0,1.34809,1.15663,1.33313,1.3346,1.2931124999999999
3599.0,0.0,1.34767,1.15806,1.3324,1.3343,1.2931074999999999
3600.0,0.0,1.34491,1.15943,1.32693,1.33017,1.29036
3601.0,0.0,1.34038,1.16063,1.31734,1.3227,1.2852625
3602.0,0.0,1.3344,1.1616,1.30515,1.31293,1.2785199999999999
3603.0,0.0,1.32757,1.16239,1.29223,1.30216,1.2710875
3604.0,0.0,1.32077,1.16293,1.28022,1.29175,1.2639174999999998
3605.0,0.0,1.3144,1.16322,1.2701,1.28266,1.257595
3606.0,0.0,1.30913,1.16339,1.26227,1.27558,1.2525925
3607.0,0.0,1.30519,1.16341,1.25693,1.27086,1.2490975000000002
3608.0,0.0,1.30277,1.16328,1.25432,1.26861,1.247245
3609.0,0.0,1.30188,1.16318,1.25466,1.26879,1.2471275000000002
3610.0,0.0,1.30213,1.16324,1.25784,1.2712,1.2486025
3611.0,0.0,1.30335,1.16339,1.26312,1.27527,1.2512824999999999
3612.0,0.0,1.30503,1.16386,1.26912,1.27994,1.2544875
3613.0,0.0,1.30671,1.16488,1.27413,1.28381,1.2573824999999998
3614.0,0.0,1.30821,1.16625,1.27667,1.28573,1.259215
3615.0,0.0,1.30951,1.16803,1.2761,1.28538,1.259755
3616.0,0.0,1.31082,1.17041,1.2731,1.28359,1.25948
3617.0,0.0,1.3126,1.17299,1.26971,1.28189,1.2592975
3618.0,0.0,1.31574,1.17562,1.26866,1.28214,1.26054
3619.0,0.0,1.32028,1.17842,1.27233,1.28591,1.264235
3620.0,0.0,1.32646,1.18107,1.28177,1.29388,1.270795
3621.0,0.0,1.33439,1.18329,1.29633,1.30585,1.2799649999999998
3622.0,0.0,1.34285,1.18527,1.31406,1.32031,1.2906225
3623.0,0.0,1.35115,1.18693,1.33236,1.33524,1.30142
3624.0,0.0,1.35828,1.18802,1.34851,1.34825,1.310765
3625.0,0.0,1.36291,1.18867,1.35997,1.35718,1.3171825
3626.0,0.0,1.36446,1.18892,1.36454,1.36049,1.3196024999999998
3627.0,0.0,1.36274,1.18859,1.361,1.35743,1.31744
3628.0,0.0,1.3579,1.18768,1.34966,1.34845,1.3109225
3629.0,0.0,1.35068,1.18608,1.33275,1.3351,1.3011525
3630.0,0.0,1.34239,1.18373,1.31392,1.32008,1.2900299999999998
3631.0,0.0,1.33413,1.18087,1.29718,1.30635,1.2796325
3632.0,0.0,1.32703,1.1775,1.28556,1.2962,1.2715725
3633.0,0.97636,1.32215,1.17368,1.28047,1.29089,1.2667975
3634.0,1.20291,1.31965,1.17002,1.28164,1.29051,1.265455
3635.0,1.41867,1.31921,1.1669,1.28772,1.29428,1.2670275000000002
3636.0,1.03588,1.32065,1.16414,1.29685,1.30064,1.2705700000000002
3637.0,1.27277,1.32295,1.16202,1.30696,1.30789,1.2749549999999998
3638.0,1.26263,1.32478,1.16085,1.31589,1.31427,1.2789475000000001
3639.0,1.00524,1.32568,1.16013,1.32157,1.31835,1.2814325
3640.0,1.11484,1.32472,1.15937,1.32241,1.31876,1.281315
3641.0,0.96917,1.32135,1.15857,1.31779,1.3148,1.2781275
3642.0,1.10394,1.31571,1.15741,1.30822,1.3067,1.2720099999999999
3643.0,1.2978,1.30787,1.1552,1.29513,1.2954,1.2634
3644.0,1.41752,1.29857,1.15161,1.28027,1.28214,1.2531475
3645.0,1.13179,1.2885,1.14721,1.26527,1.26832,1.2423250000000001
3646.0,1.03086,1.2778,1.14137,1.25128,1.25482,1.2313175
3647.0,1.30912,1.26824,1.13378,1.23912,1.24221,1.2208375
3648.0,0.95292,1.25993,1.12561,1.22961,1.23192,1.2117674999999999
3649.0,1.02441,1.25248,1.11707,1.22363,1.22449,1.2044175000000001
3650.0,0.86683,1.24825,1.10788,1.22189,1.22062,1.1996600000000002
3651.0,0.88243,1.24594,1.09906,1.2245,1.22027,1.1974425
3652.0,1.12241,1.24499,1.09174,1.23079,1.22311,1.1976575
3653.0,1.32044,1.2467,1.0852,1.23944,1.22893,1.2000675
3654.0,1.10508,1.24913,1.07961,1.24893,1.23592,1.2033975
3655.0,0.92587,1.25189,1.07587,1.25798,1.24287,1.2071525
3656.0,1.01452,1.25462,1.07295,1.26566,1.24876,1.2104975
3657.0,0.88546,1.25648,1.0707,1.27113,1.25288,1.2127975000000002
3658.0,1.06054,1.25722,1.06913,1.27378,1.25482,1.2137375
3659.0,0.93898,1.2565,1.06783,1.27327,1.2542,1.21295
3660.0,1.11204,1.25457,1.06664,1.26976,1.25108,1.2105124999999999
3661.0,1.11204,1.25155,1.06552,1.26398,1.2461,1.2067875000000001
3662.0,1.12423,1.24753,1.06443,1.25704,1.24017,1.2022925
3663.0,1.23069,1.24324,1.06337,1.24998,1.23404,1.1976575
3664.0,1.04155,1.23903,1.06231,1.24346,1.22813,1.1932325000000001
3665.0,0.85426,1.23486,1.06134,1.23764,1.22274,1.189145
3666.0,1.13259,1.23129,1.06051,1.23255,1.21812,1.1856175
3667.0,1.02649,1.22868,1.05978,1.22843,1.21453,1.182855
3668.0,1.00897,1.22663,1.05913,1.22585,1.21234,1.1809875
3669.0,1.14988,1.22516,1.05861,1.22545,1.21175,1.1802425
3670.0,1.06615,1.22442,1.05816,1.22723,1.21251,1.18058
3671.0,1.15284,1.22363,1.05768,1.23025,1.21398,1.1813850000000001
3672.0,1.03098,1.22221,1.05718,1.23275,1.21521,1.1818375
3673.0,0.9965,1.22017,1.05665,1.23284,1.21478,1.1811099999999999
3674.0,1.26801,1.21718,1.05603,1.22923,1.2114,1.17846
3675.0,1.18696,1.21284,1.05533,1.22175,1.20502,1.173735
3676.0,0.7763,1.20765,1.0546,1.21145,1.19665,1.1675875
3677.0,1.1338,1.20243,1.05387,1.20028,1.18768,1.1610650000000002
3678.0,1.0113,1.1971,1.05316,1.19044,1.17954,1.15506
3679.0,1.16429,1.19211,1.05249,1.18351,1.17339,1.150375
3680.0,1.1418,1.18819,1.0519,1.1798,1.16962,1.1473775000000002
3681.0,1.09255,1.18488,1.0514,1.17832,1.16753,1.1455325
3682.0,0.98798,1.18213,1.05093,1.17731,1.16593,1.144075
3683.0,1.0893,1.18026,1.05047,1.17523,1.16386,1.142455
3684.0,0.98746,1.17895,1.05003,1.17177,1.16104,1.1404475
3685.0,0.99602,1.1785,1.04953,1.16823,1.15841,1.1386675000000002
3686.0,1.08298,1.17918,1.04895,1.16688,1.15756,1.1381425
3687.0,0.95025,1.18096,1.04818,1.16978,1.15981,1.1396825000000002
3688.0,1.24669,1.18389,1.04713,1.17753,1.16552,1.1435175
3689.0,1.08971,1.18743,1.04581,1.18867,1.17367,1.148895
3690.0,0.88146,1.19111,1.04416,1.20036,1.18227,1.154475
3691.0,0.79912,1.19447,1.04197,1.20963,1.18925,1.15883
3692.0,0.95046,1.19693,1.03923,1.21478,1.19332,1.161065
3693.0,1.19923,1.19839,1.0363,1.21603,1.19453,1.1613125
3694.0,0.88973,1.19892,1.03313,1.21525,1.19399,1.1603225000000001
3695.0,0.95875,1.19857,1.02937,1.21475,1.19334,1.1590075
3696.0,1.31716,1.1973,1.0255,1.216,1.19373,1.1581325000000002
3697.0,1.28191,1.19479,1.02196,1.2187,1.19485,1.157575
3698.0,1.1105,1.19089,1.0182,1.22068,1.19495,1.15618
3699.0,1.45198,1.185,1.01403,1.2187,1.19171,1.1523599999999998
3700.0,1.2007,1.17682,1.01014,1.20992,1.18321,1.1450225
3701.0,1.08601,1.16697,1.00685,1.19345,1.16898,1.1340625
3702.0,1.09536,1.15605,1.00401,1.17104,1.15049,1.1203975000000002
3703.0,1.08034,1.14513,1.00201,1.1467,1.13097,1.1062025000000002
3704.0,1.36972,1.13581,1.00118,1.12522,1.11401,1.094055
3705.0,0.86242,1.12917,1.00149,1.11053,1.10237,1.08589
3706.0,1.25929,1.12606,1.00279,1.10455,1.09767,1.0827674999999999
3707.0,0.67792,1.12659,1.0048,1.10702,1.10007,1.08462
3708.0,1.13321,1.13035,1.00704,1.11636,1.10821,1.09049
3709.0,1.18558,1.13708,1.00915,1.1307,1.12009,1.099255
3710.0,0.81866,1.14547,1.01142,1.14816,1.13423,1.10982
3711.0,1.11169,1.15382,1.01387,1.16684,1.14948,1.1210025000000001
3712.0,1.48342,1.16162,1.01619,1.18457,1.16386,1.13156
3713.0,1.40787,1.16752,1.01854,1.19863,1.17481,1.139875
3714.0,1.05851,1.16949,1.0212,1.20589,1.18006,1.14416
3715.0,1.12556,1.16767,1.02367,1.20366,1.17773,1.1431825
3716.0,0.98903,1.16225,1.02532,1.19078,1.16667,1.136255
3717.0,1.24232,1.15304,1.02602,1.16843,1.14784,1.1238324999999998
3718.0,1.12124,1.14204,1.02582,1.14034,1.12465,1.1082125
3719.0,0.94386,1.13149,1.02508,1.11241,1.1019,1.09272
3720.0,1.22653,1.12267,1.02434,1.091,1.0844,1.0806025
3721.0,1.59207,1.11748,1.02404,1.08087,1.07597,1.07459
3722.0,1.53471,1.11662,1.02475,1.08343,1.07793,1.0756825
3723.0,1.71549,1.11919,1.02698,1.09645,1.08856,1.082795
3724.0,4.86294,1.12455,1.03048,1.11512,1.1039,1.0935125
3725.0,16.7433,1.13061,1.03448,1.13377,1.11957,1.1046075000000002
3726.0,21.36098,1.13469,1.03822,1.14754,1.13167,1.11303
3727.0,21.21618,1.13595,1.04095,1.15341,1.13708,1.1168475
3728.0,26.68096,1.1333,1.042,1.15006,1.13407,1.1148574999999998
3729.0,26.44827,1.12567,1.04095,1.13722,1.12276,1.1066500000000001
3730.0,12.43147,1.11452,1.03791,1.11581,1.10433,1.0931425
3731.0,2.52066,1.10192,1.03365,1.08839,1.08073,1.0761725
3732.0,0.91228,1.08909,1.02944,1.05921,1.05571,1.0583624999999999
3733.0,1.26087,1.07851,1.02622,1.03386,1.03445,1.04326
3734.0,1.50946,1.07292,1.02483,1.01819,1.02163,1.0343925
3735.0,1.22415,1.07276,1.02618,1.01624,1.02028,1.033865
3736.0,1.05927,1.07782,1.0306,1.02868,1.03104,1.0420349999999998
3737.0,1.03715,1.08762,1.03741,1.05245,1.05146,1.057235
3738.0,1.15408,1.09969,1.0456,1.0816,1.07644,1.0758325
3739.0,1.06283,1.11124,1.05411,1.10909,1.10012,1.0936400000000002
3740.0,1.153,1.12021,1.06158,1.12874,1.11743,1.10699
3741.0,1.13467,1.12435,1.06661,1.13677,1.12503,1.11319
3742.0,1.10073,1.12266,1.06828,1.13214,1.12178,1.111215
3743.0,1.11487,1.1156,1.06627,1.11632,1.10853,1.10168
3744.0,1.09919,1.10382,1.06067,1.0923,1.08787,1.0861649999999998
3745.0,1.19502,1.08919,1.05188,1.06392,1.06322,1.0670525
3746.0,1.16174,1.0746,1.04074,1.03566,1.03828,1.04732
3747.0,0.93493,1.06205,1.02874,1.01232,1.01713,1.03006
3748.0,1.04431,1.05338,1.01763,0.99832,1.00396,1.0183225
3749.0,1.44214,1.05034,1.00857,0.99686,1.00144,1.0143024999999999
3750.0,1.41369,1.05327,1.00206,1.00883,1.00995,1.0185274999999998
3751.0,1.29401,1.06129,0.99888,1.03207,1.02792,1.03004
3752.0,1.00449,1.07268,0.99975,1.06147,1.05185,1.0464375000000001
3753.0,0.75934,1.08555,1.00394,1.09039,1.07652,1.0640999999999998
3754.0,1.01847,1.0984,1.01008,1.11272,1.09669,1.0794725
3755.0,1.2816,1.10932,1.01764,1.12504,1.10948,1.09037
3756.0,1.14488,1.11725,1.02607,1.12759,1.11517,1.09652
3757.0,1.13326,1.12304,1.03452,1.12371,1.11581,1.09927
3758.0,1.08395,1.1268,1.04244,1.11796,1.11415,1.1003375000000002
3759.0,1.05666,1.12863,1.04916,1.11407,1.11289,1.1011875
3760.0,1.22424,1.1298,1.05421,1.11384,1.11336,1.1028025
3761.0,0.9676,1.1299,1.05753,1.11675,1.11516,1.104835
3762.0,0.93167,1.12808,1.05862,1.12029,1.11667,1.105915
3763.0,1.1927,1.12475,1.05641,1.12134,1.11552,1.104505
3764.0,1.08496,1.11963,1.05092,1.11774,1.10986,1.0995375
3765.0,0.87318,1.11193,1.04268,1.10888,1.0998,1.0908225
3766.0,1.03992,1.10268,1.0317,1.09574,1.08666,1.0791950000000001
3767.0,0.99202,1.09411,1.01889,1.08085,1.07201,1.066465
3768.0,0.95746,1.08699,1.00662,1.06774,1.05861,1.0549899999999999
3769.0,1.36958,1.08206,0.99661,1.05988,1.05042,1.0472424999999999
3770.0,1.8506,1.08209,0.98964,1.05986,1.04987,1.045365
3771.0,1.68374,1.08796,0.98724,1.06868,1.05718,1.050265
3772.0,1.21649,1.09823,0.9909,1.08539,1.07198,1.061625
3773.0,0.79587,1.11275,0.99999,1.10775,1.09312,1.0784025
3774.0,0.88817,1.13114,1.0129,1.13317,1.11774,1.0987375
3775.0,0.91502,1.15128,1.02875,1.15914,1.14289,1.1205150000000001
3776.0,0.9422,1.17139,1.0465,1.18385,1.167,1.142185
3777.0,0.82901,1.19043,1.06414,1.20645,1.18926,1.16257
3778.0,0.91606,1.20743,1.08022,1.22642,1.2087,1.1806925000000001
3779.0,1.25997,1.22134,1.09424,1.24308,1.22436,1.1957550000000001
3780.0,0.86923,1.23121,1.10585,1.25549,1.23578,1.2070825
3781.0,1.0269,1.23675,1.1147,1.26249,1.24247,1.2141024999999999
3782.0,1.05725,1.23805,1.12079,1.26291,1.24349,1.21631
3783.0,1.14546,1.23515,1.12433,1.25614,1.23824,1.213465
3784.0,1.33241,1.22801,1.12548,1.2426,1.22732,1.2058525
3785.0,1.17687,1.21719,1.12434,1.22385,1.21216,1.194385
3786.0,1.20336,1.20392,1.12085,1.20211,1.1941,1.180245
3787.0,1.23352,1.18861,1.1148,1.17976,1.1746,1.1644425
3788.0,1.10998,1.17137,1.10625,1.15865,1.15531,1.1478949999999999
3789.0,1.11506,1.15279,1.09537,1.13944,1.13682,1.131105
3790.0,1.04113,1.13324,1.08198,1.12128,1.11822,1.11368
3791.0,1.04687,1.11278,1.06611,1.10226,1.098,1.0947875
3792.0,1.10483,1.09149,1.04854,1.08047,1.07525,1.0739375
3793.0,0.94595,1.07015,1.03021,1.05512,1.04989,1.0513425
3794.0,0.87949,1.0506,1.01195,1.02712,1.02293,1.02815
3795.0,1.02934,1.03449,0.99544,0.99983,0.99701,1.0066924999999998
3796.0,1.4443,1.02285,0.98262,0.97844,0.97682,0.9901825
3797.0,1.77943,1.01786,0.9745,0.96818,0.96707,0.9819025
3798.0,2.17597,1.02124,0.9718,0.97238,0.97013,0.9838875
3799.0,1.79212,1.03207,0.97548,0.99145,0.98612,0.99628
3800.0,1.04687,1.04886,0.98541,1.0225,1.01311,1.0174699999999999
3801.0,0.63112,1.07035,0.99988,1.06015,1.04664,1.044255
3802.0,0.867,1.09421,1.01706,1.09793,1.08097,1.0725425
3803.0,0.87429,1.11771,1.03571,1.13035,1.11156,1.0988324999999999
3804.0,1.11047,1.13909,1.05443,1.15488,1.13613,1.1211324999999999
3805.0,1.17134,1.15713,1.07164,1.17195,1.15441,1.1387825
3806.0,0.92869,1.17124,1.08637,1.18343,1.1674,1.15211
3807.0,1.11683,1.18144,1.09841,1.19116,1.17618,1.1617975
3808.0,1.31939,1.18752,1.10786,1.196,1.18157,1.1682374999999998
3809.0,1.27806,1.18967,1.11481,1.19751,1.18368,1.1714175
3810.0,1.19263,1.18845,1.11939,1.19451,1.18178,1.1710325
3811.0,1.12947,1.18399,1.12191,1.18609,1.17527,1.1668150000000002
3812.0,1.03047,1.17673,1.12275,1.17251,1.16458,1.1591425
3813.0,1.10006,1.16769,1.12221,1.15555,1.15076,1.1490525
3814.0,1.28888,1.15727,1.12046,1.13773,1.1354,1.137715
3815.0,1.06546,1.14613,1.11767,1.12084,1.12022,1.126215
3816.0,0.89838,1.13556,1.11429,1.10569,1.10592,1.115365
3817.0,0.92812,1.12577,1.1111,1.09269,1.09283,1.1055975
3818.0,1.33772,1.11647,1.10847,1.08215,1.08188,1.0972425000000001
3819.0,1.28805,1.10836,1.10621,1.07404,1.07363,1.09056
3820.0,1.36849,1.10183,1.10452,1.06775,1.06756,1.085415
3821.0,1.14344,1.09596,1.10386,1.06232,1.06299,1.0812825
3822.0,0.78524,1.08986,1.10385,1.05705,1.05919,1.0774875000000002
3823.0,1.07254,1.08318,1.10324,1.05122,1.05511,1.0731875
3824.0,0.91441,1.07569,1.1012,1.04391,1.04944,1.06756
3825.0,0.95181,1.06662,1.09734,1.03457,1.04143,1.05999
3826.0,1.13817,1.0551,1.09092,1.02335,1.03114,1.0501274999999999
3827.0,1.04843,1.04102,1.08111,1.01045,1.01848,1.037765
3828.0,0.98242,1.02459,1.06775,0.99525,1.00274,1.0225825
3829.0,0.8597,1.00592,1.05122,0.97634,0.98301,1.0041225
3830.0,0.99475,0.9854,1.03208,0.9529,0.95922,0.9823999999999999
3831.0,0.97787,0.96454,1.01144,0.92571,0.93255,0.95856
3832.0,0.60416,0.94531,0.99133,0.89741,0.90529,0.9348350000000001
3833.0,1.09198,0.9293,0.97397,0.87213,0.88098,0.914095
3834.0,1.93366,0.91838,0.96087,0.85415,0.8638,0.8992999999999999
3835.0,2.23734,0.91453,0.95318,0.84675,0.85671,0.8927925
3836.0,2.18665,0.9183,0.9523,0.85143,0.86092,0.8957375000000001
3837.0,1.09469,0.92923,0.95886,0.86771,0.87629,0.9080225
3838.0,1.03953,0.9467,0.97172,0.89356,0.90078,0.9281900000000001
3839.0,0.68892,0.96917,0.98875,0.92607,0.93137,0.95384
3840.0,0.96213,0.9945,1.00835,0.96174,0.96507,0.982415
3841.0,0.93538,1.02083,1.0291,0.9974,0.99874,1.0115174999999998
3842.0,0.87812,1.04622,1.0493,1.03047,1.02983,1.038955
3843.0,1.21355,1.06925,1.06747,1.05897,1.05667,1.0630899999999999
3844.0,1.08603,1.089,1.0829,1.08174,1.07808,1.08293
3845.0,1.0803,1.10493,1.09553,1.09824,1.09386,1.09814
3846.0,1.03702,1.1173,1.10547,1.10876,1.10452,1.1090125
3847.0,0.91947,1.12627,1.11299,1.11461,1.11081,1.1161699999999999
3848.0,1.18076,1.1319,1.11847,1.11752,1.11402,1.1204775
3849.0,1.1669,1.13498,1.1223,1.11877,1.11551,1.12289
3850.0,1.24155,1.1364,1.12481,1.11875,1.11554,1.123875
3851.0,1.01969,1.13598,1.12627,1.11742,1.11409,1.12344
3852.0,1.08142,1.13375,1.12695,1.11457,1.11147,1.121685
3853.0,1.18132,1.13066,1.12704,1.10986,1.10727,1.1187075
3854.0,1.25746,1.12687,1.1267,1.103,1.10112,1.1144224999999999
3855.0,1.07154,1.12253,1.12609,1.09418,1.09385,1.1091624999999998
3856.0,1.19985,1.11866,1.12538,1.08461,1.08648,1.1037824999999999
3857.0,1.31619,1.11572,1.12469,1.07641,1.08009,1.0992275
3858.0,1.19423,1.11372,1.12411,1.0718,1.07638,1.0965025
3859.0,1.12512,1.11331,1.12369,1.07205,1.07646,1.0963775
3860.0,1.20269,1.11476,1.12342,1.07697,1.07995,1.098775
3861.0,1.0934,1.11711,1.12327,1.0852,1.08591,1.1028725
3862.0,1.04596,1.11966,1.12316,1.09472,1.09291,1.1076124999999999
3863.0,1.05027,1.12212,1.12296,1.10323,1.09901,1.1118299999999999
3864.0,1.058,1.12386,1.12266,1.10858,1.10263,1.1144325
3865.0,1.45281,1.12417,1.12231,1.10972,1.10304,1.11481
3866.0,2.00936,1.12288,1.12182,1.10682,1.10039,1.1129775
3867.0,5.25237,1.12033,1.12102,1.10068,1.09536,1.1093475
3868.0,11.36501,1.11692,1.11991,1.09244,1.08873,1.1045
3869.0,12.2527,1.11284,1.11874,1.08352,1.08176,1.099215
3870.0,6.46069,1.10852,1.1175,1.07561,1.07571,1.094335
3871.0,2.05553,1.10448,1.11588,1.07022,1.07156,1.090535
3872.0,0.88021,1.10099,1.11382,1.06787,1.0696,1.08807
3873.0,1.19923,1.09778,1.11157,1.06791,1.06921,1.0866175
3874.0,1.21966,1.09453,1.1091,1.06879,1.06932,1.085435
3875.0,1.16442,1.09093,1.10596,1.0687,1.06853,1.0835299999999999
3876.0,1.10889,1.0862,1.10179,1.06639,1.0655,1.07997
3877.0,1.19758,1.07978,1.09643,1.06137,1.06017,1.0744375000000002
3878.0,1.27095,1.07196,1.08951,1.05365,1.05269,1.0669525
3879.0,1.02688,1.06216,1.08036,1.04376,1.04287,1.0572875
3880.0,1.04846,1.04926,1.0685,1.03228,1.03097,1.0452525000000001
3881.0,0.8625,1.03371,1.05389,1.01906,1.01694,1.0309
3882.0,1.02979,1.01663,1.03659,1.00252,0.99967,1.0138524999999998
3883.0,0.94284,0.99786,1.01678,0.98129,0.97823,0.99354
3884.0,0.86523,0.97777,0.99516,0.95598,0.95363,0.970635
3885.0,0.87424,0.95906,0.97344,0.92901,0.92823,0.947435
3886.0,0.96289,0.94402,0.9538,0.90401,0.90474,0.9266424999999999
3887.0,2.23056,0.93332,0.93799,0.88575,0.88743,0.9111225000000001
3888.0,5.00223,0.92859,0.9271,0.87899,0.88093,0.9039025
3889.0,5.51071,0.93172,0.92227,0.88607,0.88681,0.9067175000000001
3890.0,3.2199,0.94205,0.92487,0.90576,0.90408,0.91919
3891.0,1.10202,0.95778,0.93497,0.93441,0.93037,0.9393825
3892.0,0.83478,0.97766,0.95075,0.96721,0.96135,0.9642425
3893.0,1.07192,0.99984,0.96992,0.99926,0.99218,0.9903
3894.0,0.93711,1.02193,0.99093,1.02712,1.01999,1.0149925
3895.0,0.77611,1.04266,1.01241,1.04923,1.04329,1.0368975
3896.0,1.06742,1.06111,1.03278,1.06577,1.06135,1.0552525
3897.0,0.91701,1.07613,1.05078,1.078,1.07485,1.06994
3898.0,0.976,1.08792,1.06589,1.08726,1.08497,1.08151
3899.0,0.90133,1.09748,1.07814,1.09396,1.09223,1.0904525
3900.0,0.94273,1.10478,1.08788,1.09802,1.09684,1.09688
3901.0,1.14805,1.10981,1.09549,1.09995,1.09958,1.1012075000000001
3902.0,0.96596,1.1139,1.10131,1.10053,1.10141,1.1042874999999999
3903.0,1.03949,1.11803,1.10569,1.10052,1.10258,1.106705
3904.0,1.18641,1.12186,1.10903,1.10126,1.10423,1.109095
3905.0,1.17454,1.12575,1.11161,1.10452,1.10801,1.1124725
3906.0,1.0581,1.13066,1.11356,1.11124,1.11407,1.1173825000000002
3907.0,0.8806,1.1362,1.11493,1.12088,1.122,1.1235025
3908.0,0.94139,1.14133,1.11583,1.13226,1.13126,1.13017
3909.0,1.17013,1.1459,1.11637,1.14374,1.14038,1.1365975000000001
3910.0,1.19327,1.14976,1.11655,1.15304,1.14776,1.1417775
3911.0,1.02017,1.15191,1.11628,1.15847,1.15225,1.1447275000000001
3912.0,1.24021,1.15168,1.11554,1.15949,1.1534,1.1450274999999999
3913.0,1.2776,1.1492,1.11434,1.15629,1.1511,1.1427325000000002
3914.0,1.11711,1.1445,1.11263,1.14915,1.14521,1.1378724999999998
3915.0,1.02162,1.13748,1.11034,1.13855,1.13621,1.130645
3916.0,1.23864,1.12862,1.10746,1.12517,1.12476,1.1215025
3917.0,1.27264,1.11846,1.10409,1.10978,1.11124,1.1108924999999998
3918.0,1.16356,1.10726,1.10032,1.09332,1.0966,1.0993750000000002
3919.0,1.14685,1.09546,1.09624,1.07707,1.08203,1.0877
3920.0,0.90802,1.08353,1.09225,1.06203,1.06822,1.0765075
3921.0,0.91362,1.07149,1.08877,1.0485,1.05554,1.0660749999999999
3922.0,1.02944,1.05914,1.08597,1.03611,1.04402,1.0563099999999999
3923.0,1.07452,1.04641,1.08391,1.02365,1.03277,1.046685
3924.0,1.16896,1.03297,1.08267,1.00949,1.02051,1.03641
3925.0,0.95141,1.01846,1.08247,0.9921,1.00639,1.0248549999999998
3926.0,1.17343,1.00288,1.08317,0.97074,0.98973,1.01163
3927.0,1.2286,0.98647,1.08432,0.94556,0.97051,0.9967149999999999
3928.0,1.10394,0.96966,1.08564,0.91778,0.94963,0.9806775
3929.0,0.93936,0.95329,1.08692,0.88932,0.92834,0.9644675
3930.0,0.92615,0.93855,1.08803,0.86246,0.90829,0.9493325
3931.0,1.03856,0.92653,1.08902,0.83971,0.89141,0.9366675000000001
3932.0,1.06212,0.91814,1.08992,0.82354,0.87948,0.92777
3933.0,1.03973,0.91427,1.09071,0.81601,0.87406,0.9237625
3934.0,1.07472,0.91543,1.09145,0.81821,0.876,0.9252724999999999
3935.0,1.16309,0.92142,1.09235,0.82994,0.88512,0.9322075000000001
3936.0,1.24333,0.93145,1.09369,0.84973,0.9003,0.9437925
3937.0,1.09891,0.94468,1.09535,0.875,0.91961,0.95866
3938.0,0.99581,0.96003,1.09694,0.90243,0.9406,0.975
3939.0,1.16742,0.97626,1.09827,0.92894,0.96101,0.99112
3940.0,0.98218,0.99243,1.09934,0.95256,0.97957,1.005975
3941.0,0.94502,1.00792,1.10018,0.97259,0.99565,1.019085
3942.0,1.10755,1.02206,1.10067,0.98959,1.0094,1.03043
3943.0,0.99689,1.03483,1.10068,1.00494,1.02189,1.040585
3944.0,0.92829,1.04687,1.1003,1.01963,1.03393,1.0501825
3945.0,1.13742,1.05806,1.09974,1.03379,1.04562,1.0593024999999998
3946.0,1.13551,1.06762,1.09914,1.0475,1.05713,1.0678475
3947.0,1.15393,1.07581,1.09852,1.06089,1.06822,1.07586
3948.0,1.22441,1.08353,1.09778,1.07308,1.07814,1.0831325
3949.0,1.09646,1.09028,1.0969,1.08279,1.08636,1.0890825
3950.0,1.16844,1.09471,1.09593,1.08988,1.09256,1.09327
3951.0,1.00746,1.0968,1.09476,1.09499,1.09661,1.09579
3952.0,0.99774,1.09748,1.09317,1.09791,1.09832,1.09672
3953.0,0.93166,1.0964,1.09099,1.09763,1.09735,1.0955925
3954.0,1.01594,1.09211,1.0881,1.09394,1.09366,1.0919524999999999
3955.0,1.0062,1.0842,1.08434,1.08739,1.08717,1.085775
3956.0,0.92064,1.07343,1.07946,1.07764,1.07714,1.0769175
3957.0,1.07793,1.05985,1.07318,1.06325,1.06301,1.0648225
3958.0,1.06297,1.04235,1.0654,1.04309,1.04434,1.0487950000000001
3959.0,1.08884,1.02024,1.0559,1.01723,1.02069,1.028515
3960.0,0.99622,0.99438,1.04424,0.98625,0.99228,1.0042875
3961.0,0.93922,0.9659,1.03025,0.95052,0.9596,0.9765675
3962.0,1.15067,0.93498,1.01401,0.91042,0.92319,0.9456500000000001
3963.0,0.87513,0.90177,0.99583,0.86724,0.88415,0.9122475
3964.0,1.10982,0.86809,0.97588,0.82272,0.84365,0.8775850000000001
3965.0,1.32508,0.83658,0.95468,0.7785,0.80307,0.8432074999999999
3966.0,2.6429,0.80915,0.93399,0.73692,0.76507,0.8112825
3967.0,4.34464,0.78721,0.91582,0.70206,0.73328,0.7845925
3968.0,4.43769,0.77292,0.90143,0.67896,0.71161,0.76623
3969.0,4.57343,0.76848,0.89162,0.67169,0.70366,0.7588625
3970.0,4.65042,0.77464,0.88751,0.682,0.71132,0.7638674999999999
3971.0,3.60521,0.7904,0.89054,0.70906,0.73418,0.781045
3972.0,1.28843,0.81439,0.90089,0.74986,0.76977,0.8087274999999999
3973.0,0.62027,0.84516,0.91685,0.79955,0.81394,0.843875
3974.0,0.87709,0.88041,0.93612,0.85257,0.86188,0.8827450000000001
3975.0,0.87905,0.91701,0.95701,0.90437,0.90953,0.92198
3976.0,0.80361,0.9525,0.97832,0.95205,0.95387,0.959185
3977.0,0.89513,0.98554,0.99875,0.9937,0.99266,0.9926625
3978.0,0.91119,1.01511,1.01709,1.02808,1.02497,1.0213125
3979.0,0.90137,1.04029,1.03263,1.05491,1.05073,1.04464
3980.0,1.20046,1.06087,1.0453,1.07489,1.07032,1.0628449999999998
3981.0,1.17953,1.07754,1.05541,1.08937,1.0849,1.076805
3982.0,0.98161,1.0912,1.06331,1.09998,1.09583,1.08758
3983.0,1.17415,1.10233,1.0694,1.10834,1.10457,1.09616
3984.0,0.98714,1.11121,1.0741,1.11584,1.11228,1.1033575
3985.0,1.03358,1.11852,1.07778,1.12348,1.11953,1.1098275
3986.0,1.07246,1.12503,1.08064,1.13135,1.12664,1.115915
3987.0,1.13777,1.13081,1.08283,1.13866,1.13319,1.1213724999999999
3988.0,0.99708,1.13537,1.08447,1.14499,1.13888,1.1259275
3989.0,0.9149,1.13883,1.08564,1.15042,1.14371,1.12965
3990.0,1.19376,1.14163,1.08638,1.1546,1.14708,1.1324224999999999
3991.0,1.22392,1.14367,1.08674,1.15685,1.1489,1.13404
3992.0,1.17233,1.14456,1.08681,1.15706,1.14937,1.13445
3993.0,1.13474,1.14468,1.08658,1.15563,1.14844,1.1338325
3994.0,1.02562,1.14467,1.08611,1.153,1.1467,1.1326200000000002
3995.0,1.04252,1.14459,1.08546,1.15009,1.14506,1.1313
3996.0,1.07349,1.14446,1.08475,1.14856,1.14442,1.1305475
3997.0,1.20147,1.14471,1.08402,1.14982,1.14556,1.1310274999999999
3998.0,1.18589,1.14542,1.08316,1.15356,1.14829,1.1326075
3999.0,1.18166,1.14586,1.08215,1.15835,1.15172,1.1345200000000002
4000.0,1.15741,1.14578,1.08118,1.16276,1.15465,1.1360925
4001.0,1.06835,1.14567,1.08031,1.16495,1.15564,1.1366425
4002.0,1.22032,1.14539,1.0794,1.16301,1.15381,1.1354024999999999
4003.0,1.15371,1.14418,1.07837,1.15734,1.14966,1.1323875
4004.0,1.00488,1.14253,1.07729,1.1509,1.14478,1.128875
4005.0,0.96783,1.14197,1.07641,1.14617,1.14066,1.1263025
4006.0,1.06472,1.14271,1.07588,1.14435,1.13872,1.125415
4007.0,1.12796,1.14396,1.07559,1.14643,1.14016,1.126535
4008.0,1.05278,1.14581,1.07548,1.15254,1.1446,1.1296075
4009.0,1.08095,1.14913,1.07552,1.161,1.15088,1.1341325
4010.0,1.08512,1.15348,1.07578,1.16967,1.15792,1.1392125
4011.0,1.12623,1.15765,1.0763,1.17738,1.16484,1.1440425
4012.0,1.33287,1.16126,1.0769,1.18377,1.17084,1.1481925
4013.0,1.22044,1.16453,1.07726,1.18881,1.17554,1.151535
4014.0,1.23289,1.16714,1.07714,1.19236,1.17901,1.1539125
4015.0,1.11307,1.16834,1.07631,1.19441,1.18112,1.1550449999999999
4016.0,1.0428,1.16806,1.07457,1.19549,1.18192,1.15501
4017.0,1.08546,1.16666,1.07172,1.19566,1.18135,1.1538475000000001
4018.0,1.17489,1.16397,1.06754,1.19393,1.17886,1.151075
4019.0,0.96391,1.1594,1.06186,1.18974,1.17429,1.1463225000000001
4020.0,1.0573,1.15327,1.0547,1.1834,1.16759,1.13974
4021.0,1.25679,1.14663,1.04649,1.17496,1.1587,1.1316950000000001
4022.0,1.08881,1.13975,1.03812,1.1647,1.14845,1.1227550000000002
4023.0,1.05817,1.13231,1.03045,1.15435,1.13829,1.11385
4024.0,1.06063,1.12493,1.02395,1.14592,1.12953,1.1060825
4025.0,1.26629,1.11888,1.01904,1.13997,1.12284,1.1001825
4026.0,1.44555,1.11446,1.01627,1.13579,1.11822,1.096185
4027.0,1.29717,1.11085,1.01649,1.13192,1.11506,1.09358
4028.0,1.14513,1.10778,1.02007,1.12677,1.11214,1.09169
4029.0,0.87345,1.1059,1.02601,1.12,1.10871,1.0901550000000002
4030.0,0.95455,1.10593,1.03299,1.11271,1.10524,1.0892175000000002
4031.0,1.10875,1.10771,1.04026,1.10668,1.10279,1.0893599999999999
4032.0,1.16346,1.11059,1.04744,1.10474,1.10324,1.0915025
4033.0,1.289,1.11461,1.05415,1.10924,1.10812,1.09653
4034.0,0.97858,1.12006,1.05998,1.12022,1.11711,1.1043425
4035.0,1.00304,1.12663,1.0646,1.13555,1.12926,1.11401
4036.0,1.02416,1.13309,1.068,1.1521,1.14229,1.12387
4037.0,1.10183,1.1382,1.07037,1.16637,1.15348,1.132105
4038.0,1.14542,1.14105,1.07191,1.1752,1.16059,1.1371875
4039.0,1.2284,1.14147,1.07279,1.17702,1.16205,1.1383325
4040.0,1.13612,1.13992,1.07318,1.17175,1.15764,1.1356225
4041.0,1.16428,1.13671,1.07326,1.16021,1.1481,1.1295700000000002
4042.0,1.21871,1.13176,1.07315,1.14434,1.13538,1.1211574999999998
4043.0,1.07613,1.12578,1.07296,1.12767,1.12232,1.1121825
4044.0,1.2699,1.12071,1.07273,1.11434,1.11153,1.1048275
4045.0,1.03454,1.11808,1.07248,1.10742,1.10534,1.10083
4046.0,1.14551,1.11752,1.07224,1.10776,1.1051,1.1006550000000002
4047.0,1.00943,1.11792,1.07201,1.11464,1.11031,1.10372
4048.0,1.00717,1.11905,1.07173,1.12604,1.11913,1.1089875
4049.0,1.19139,1.12119,1.07131,1.13787,1.12843,1.1147
4050.0,1.19969,1.12352,1.07073,1.14603,1.13529,1.1188925
4051.0,1.10839,1.12452,1.07001,1.14885,1.13844,1.120455
4052.0,1.06769,1.12363,1.06919,1.14642,1.1374,1.11916
4053.0,1.02166,1.12157,1.06828,1.13988,1.1327,1.1156074999999999
4054.0,1.18944,1.11874,1.06728,1.1314,1.12609,1.1108775
4055.0,1.12877,1.11502,1.0662,1.12294,1.11908,1.10581
4056.0,0.988,1.11038,1.06509,1.11574,1.11262,1.1009574999999998
4057.0,1.01513,1.10548,1.06395,1.11056,1.10738,1.0968425000000002
4058.0,0.94585,1.10117,1.06277,1.10672,1.10283,1.0933725
4059.0,1.04722,1.09727,1.06136,1.10272,1.09814,1.0898725
4060.0,1.17447,1.0928,1.05951,1.09754,1.09319,1.08576
4061.0,0.99217,1.08769,1.05703,1.09104,1.08761,1.0808425
4062.0,0.93131,1.08317,1.0537,1.08421,1.08173,1.0757025
4063.0,0.94535,1.0799,1.04945,1.07857,1.07645,1.0710925
4064.0,0.92249,1.07702,1.04445,1.07477,1.07263,1.0672175000000002
4065.0,0.90979,1.07368,1.03905,1.07317,1.07077,1.0641675
4066.0,1.07546,1.07068,1.03362,1.0742,1.07068,1.0622950000000002
4067.0,1.27066,1.06924,1.02843,1.07665,1.0713,1.061405
4068.0,1.48922,1.06874,1.02367,1.07839,1.07184,1.06066
4069.0,1.49178,1.06772,1.01983,1.07889,1.07237,1.0597025
4070.0,1.27832,1.06621,1.01759,1.07886,1.07255,1.0588024999999999
4071.0,1.14978,1.06552,1.01726,1.07824,1.07212,1.0582850000000001
4072.0,0.97395,1.06581,1.01872,1.07639,1.07108,1.058
4073.0,1.18358,1.066,1.0213,1.07345,1.06975,1.057625
4074.0,1.1196,1.06578,1.02435,1.07013,1.06854,1.0572
4075.0,1.17683,1.06618,1.02757,1.06723,1.0677,1.05717
4076.0,1.07056,1.0681,1.0307,1.06612,1.06819,1.0582775
4077.0,0.99917,1.0713,1.03362,1.06832,1.07107,1.0610775
4078.0,1.10628,1.07515,1.03614,1.07465,1.07672,1.065665
4079.0,0.99201,1.07948,1.03781,1.08445,1.08472,1.071615
4080.0,1.11881,1.08428,1.03844,1.09562,1.09366,1.078
4081.0,1.06762,1.0892,1.03807,1.10584,1.10197,1.08377
4082.0,1.15773,1.09371,1.03664,1.11381,1.10869,1.0882125
4083.0,1.05593,1.09758,1.03414,1.11933,1.11346,1.0911275
4084.0,0.91745,1.1007,1.03084,1.12315,1.1167,1.0928475
4085.0,1.01196,1.10284,1.02696,1.12657,1.11924,1.0939025
4086.0,0.9664,1.10368,1.02253,1.13013,1.12147,1.0944525
4087.0,0.83145,1.10307,1.01748,1.13342,1.12318,1.0942875
4088.0,0.88042,1.10087,1.01172,1.13572,1.12372,1.0930075000000001
4089.0,1.04766,1.0966,1.00502,1.13567,1.1221,1.0898474999999999
4090.0,0.95567,1.08963,0.99746,1.13174,1.11728,1.0840275
4091.0,0.85158,1.07956,0.98892,1.1234,1.10844,1.07508
4092.0,0.93324,1.06624,0.97856,1.11019,1.09504,1.0625075
4093.0,1.01962,1.04933,0.96581,1.09125,1.07654,1.0457325000000002
4094.0,1.0373,1.02872,0.95047,1.0668,1.05316,1.0247875
4095.0,1.09329,1.00546,0.93258,1.03768,1.0254,1.00028
4096.0,1.01052,0.98136,0.91286,1.00468,0.99387,0.9731925000000001
4097.0,0.81009,0.9579,0.89265,0.96964,0.96076,0.9452375000000001
4098.0,0.9274,0.93598,0.87365,0.93548,0.9289,0.9185025
4099.0,1.14243,0.91714,0.85757,0.90554,0.90166,0.8954775
4100.0,3.21248,0.9039,0.84563,0.88409,0.88231,0.8789825
4101.0,6.42695,0.89833,0.83867,0.87491,0.87364,0.8713875
4102.0,6.66075,0.90044,0.83762,0.8792,0.87711,0.8735925
4103.0,3.59344,0.90877,0.84324,0.89617,0.89216,0.885085
4104.0,1.20372,0.92208,0.85536,0.92287,0.91629,0.90415
4105.0,0.92118,0.93942,0.87244,0.95397,0.94484,0.9276675000000001
4106.0,0.97308,0.95933,0.89216,0.98417,0.97353,0.9522975
4107.0,0.88683,0.97965,0.9126,1.01018,0.99935,0.9754449999999999
4108.0,0.7735,0.99847,0.93231,1.03056,1.02044,0.9954449999999999
4109.0,0.87453,1.01492,0.95023,1.04559,1.03684,1.011895
4110.0,0.97454,1.02886,0.96563,1.05685,1.04932,1.025165
4111.0,0.93306,1.04026,0.97813,1.06603,1.05894,1.03584
4112.0,0.8984,1.04905,0.98777,1.07395,1.06664,1.0443525
4113.0,0.92417,1.05538,0.99474,1.08047,1.07265,1.05081
4114.0,0.87641,1.05973,0.99945,1.08519,1.07677,1.055285
4115.0,0.99262,1.06258,1.00248,1.08762,1.07878,1.057865
4116.0,0.95169,1.06413,1.00441,1.08719,1.07875,1.0586200000000001
4117.0,0.83238,1.06462,1.00599,1.08445,1.07713,1.0580474999999998
4118.0,0.70927,1.06463,1.00786,1.081,1.07488,1.0570925
4119.0,0.91114,1.06456,1.01003,1.0779,1.07283,1.05633
4120.0,1.09228,1.06444,1.01227,1.07589,1.07179,1.0560975000000001
4121.0,1.03898,1.06429,1.01461,1.0758,1.0723,1.05675
4122.0,1.02672,1.06424,1.01716,1.07735,1.0738,1.0581375000000002
4123.0,1.09114,1.06427,1.01998,1.07924,1.07554,1.0597575
4124.0,0.93602,1.06384,1.02286,1.08025,1.07663,1.060895
4125.0,1.15193,1.06248,1.02545,1.07948,1.07621,1.060905
4126.0,1.11735,1.06035,1.02757,1.0762,1.07374,1.0594649999999999
4127.0,1.00514,1.05791,1.0292,1.07041,1.06906,1.056645
4128.0,1.03908,1.05541,1.03042,1.06293,1.06283,1.0528974999999998
4129.0,1.05851,1.05283,1.03137,1.05488,1.05615,1.0488075
4130.0,0.91991,1.0504,1.03215,1.04776,1.05029,1.04515
4131.0,0.90227,1.04889,1.03273,1.04333,1.04653,1.04287
4132.0,0.96202,1.04896,1.03314,1.04268,1.04573,1.0426274999999998
4133.0,0.95816,1.05053,1.03343,1.0463,1.04817,1.0446075000000001
4134.0,0.91682,1.05292,1.03362,1.05393,1.05369,1.04854
4135.0,0.9274,1.05522,1.03363,1.06375,1.06092,1.05338
4136.0,1.00823,1.05702,1.03337,1.07344,1.06791,1.057935
4137.0,1.03954,1.05826,1.03275,1.08061,1.07277,1.0610975
4138.0,0.85991,1.05856,1.03176,1.08291,1.07361,1.0617100000000002
4139.0,0.73603,1.05731,1.03054,1.0795,1.07006,1.0593525
4140.0,1.03816,1.05418,1.02919,1.0711,1.06276,1.0543075
4141.0,1.06398,1.04972,1.02781,1.05945,1.05318,1.04754
4142.0,1.05351,1.04528,1.02648,1.04772,1.04359,1.0407675
4143.0,1.00931,1.04187,1.0253,1.03897,1.03605,1.0355474999999998
4144.0,0.97839,1.03944,1.02436,1.03448,1.03194,1.032555
4145.0,1.00097,1.03756,1.02384,1.03438,1.03158,1.0318399999999999
4146.0,1.03629,1.03615,1.0238,1.03756,1.03401,1.03288
4147.0,1.14138,1.0354,1.02406,1.04145,1.03728,1.0345475
4148.0,1.16077,1.03539,1.02443,1.04405,1.03983,1.035925
4149.0,0.94743,1.03568,1.02479,1.04466,1.04088,1.0365025
4150.0,0.9789,1.03569,1.02505,1.04312,1.04016,1.036005
4151.0,0.97851,1.03537,1.02522,1.04001,1.0383,1.034725
4152.0,0.88927,1.035,1.02535,1.03655,1.03614,1.0332599999999998
4153.0,1.11324,1.03499,1.02543,1.0339,1.03446,1.032195
4154.0,1.06776,1.03569,1.02545,1.03291,1.0342,1.0320625
4155.0,0.99534,1.03726,1.02549,1.03423,1.03577,1.0331875000000001
4156.0,0.99554,1.03973,1.0255,1.0383,1.03947,1.03575
4157.0,0.91727,1.04286,1.02544,1.0448,1.04498,1.03952
4158.0,1.0,1.04627,1.0254,1.0527,1.05158,1.0439875
4159.0,0.90319,1.04962,1.02539,1.06098,1.05854,1.0486324999999999
4160.0,0.96561,1.05263,1.02533,1.06854,1.0646,1.052775
4161.0,1.07932,1.05506,1.02514,1.07421,1.06903,1.05586
4162.0,0.93325,1.05647,1.02485,1.07714,1.07123,1.0574225
4163.0,1.00141,1.05641,1.02446,1.0773,1.07107,1.05731
4164.0,1.033,1.05473,1.02405,1.07495,1.06873,1.055615
4165.0,1.02665,1.05152,1.0237,1.07013,1.0644,1.0524375
4166.0,0.92555,1.04726,1.02337,1.06352,1.05859,1.048185
4167.0,0.95123,1.04234,1.02301,1.05571,1.05171,1.0431925
4168.0,1.00763,1.03669,1.02262,1.04655,1.04382,1.03742
4169.0,0.92334,1.0303,1.02222,1.03625,1.03539,1.03104
4170.0,1.04231,1.0235,1.02185,1.0253,1.02672,1.0243425
4171.0,1.02317,1.01718,1.02156,1.0145,1.0183,1.017885
4172.0,0.99865,1.01223,1.02132,1.00506,1.01095,1.0123900000000001
4173.0,1.02682,1.00871,1.02111,0.99816,1.00541,1.0083475
4174.0,0.95244,1.00615,1.02094,0.99451,1.00236,1.0059900000000002
4175.0,0.88704,1.0044,1.02077,0.99414,1.00182,1.0052824999999999
4176.0,0.91661,1.00382,1.02056,0.99633,1.00331,1.006005
4177.0,0.80316,1.00472,1.02027,1.00016,1.00612,1.0078175
4178.0,1.00142,1.00667,1.01983,1.00476,1.00957,1.0102075
4179.0,0.96413,1.00868,1.0192,1.00933,1.01314,1.0125875
4180.0,0.93984,1.0103,1.01832,1.01346,1.01645,1.0146325
4181.0,0.89825,1.01182,1.01725,1.01697,1.01921,1.0163125
4182.0,0.97242,1.01349,1.01603,1.01952,1.0212,1.01756
4183.0,0.94368,1.01505,1.01465,1.02113,1.02236,1.0182975
4184.0,0.82727,1.01598,1.01317,1.02193,1.02291,1.0184975
4185.0,1.02476,1.01627,1.0117,1.02198,1.02296,1.0182275
4186.0,1.15585,1.01666,1.01027,1.02205,1.02305,1.0180075
4187.0,0.92021,1.01743,1.00888,1.02291,1.02352,1.018185
4188.0,0.97398,1.01802,1.00758,1.02474,1.02461,1.0187374999999999
4189.0,0.95276,1.01787,1.0063,1.02758,1.02644,1.0195474999999998
4190.0,0.95298,1.01683,1.00482,1.03072,1.02824,1.0201525
4191.0,1.03775,1.01497,1.00288,1.0327,1.02884,1.0198475
4192.0,0.91652,1.01201,1.00032,1.03175,1.02706,1.017785
4193.0,0.78276,1.0074,0.99704,1.02665,1.02204,1.0132825
4194.0,0.911,1.00119,0.99316,1.01731,1.01375,1.0063525
4195.0,1.05346,0.99409,0.98892,1.00442,1.00252,0.9974875000000001
4196.0,0.97971,0.98691,0.9846,0.98961,0.98995,0.9877674999999999
4197.0,0.87445,0.98037,0.98053,0.97541,0.97796,0.9785675
4198.0,0.94934,0.97512,0.97714,0.96435,0.96846,0.9712675
4199.0,0.99696,0.9718,0.97476,0.95788,0.96292,0.9668399999999999
4200.0,1.01974,0.97096,0.9737,0.95671,0.96213,0.965875
4201.0,0.99291,0.97287,0.97425,0.96119,0.96618,0.9686225
4202.0,1.01562,0.97707,0.97652,0.97025,0.97431,0.9745375000000001
4203.0,0.97088,0.98302,0.98009,0.98224,0.98521,0.98264
4204.0,0.91404,0.9903,0.98428,0.99598,0.99764,0.99205
4205.0,0.94142,0.998,0.98853,1.00966,1.0099,1.0015225
4206.0,0.96662,1.00528,0.99251,1.02166,1.02077,1.010055
4207.0,1.0941,1.01153,0.996,1.03122,1.02936,1.0170275000000002
4208.0,0.99508,1.01634,0.99886,1.03762,1.03511,1.0219825
4209.0,0.88237,1.01989,1.00104,1.04078,1.03796,1.0249175
4210.0,0.84585,1.02242,1.0026,1.04112,1.03827,1.0261025
4211.0,0.88292,1.02381,1.00364,1.03908,1.03667,1.0258
4212.0,1.043,1.02415,1.00429,1.03585,1.03418,1.0246175
4213.0,1.07755,1.02378,1.00471,1.03267,1.03189,1.0232625
4214.0,0.93825,1.02339,1.00513,1.0307,1.03074,1.0224900000000001
4215.0,0.9079,1.02349,1.00566,1.03123,1.0315,1.0229700000000002
4216.0,0.89666,1.02351,1.00621,1.03432,1.03401,1.0245125000000002
4217.0,1.03698,1.02251,1.00669,1.03875,1.03743,1.026345
4218.0,1.07513,1.02006,1.00709,1.04254,1.04002,1.0274275
4219.0,1.04988,1.01603,1.00737,1.04289,1.03953,1.0264550000000001
4220.0,1.00188,1.01046,1.0075,1.03718,1.03421,1.0223375
4221.0,0.83649,1.00353,1.00746,1.02448,1.02327,1.014685
4222.0,0.86002,0.99527,1.00726,1.00559,1.0075,1.003905
4223.0,0.86744,0.98621,1.00692,0.98307,0.98903,0.9913075
4224.0,0.83345,0.97755,1.00649,0.96126,0.97119,0.9791225000000001
4225.0,0.90559,0.97082,1.00601,0.94468,0.95748,0.9697475
4226.0,1.02683,0.96718,1.00552,0.93681,0.95047,0.964995
4227.0,0.98888,0.96662,1.00504,0.93892,0.9512,0.965445
4228.0,0.83578,0.96824,1.0046,0.94925,0.95867,0.97019
4229.0,0.90197,0.9714,1.00418,0.96444,0.97031,0.9775825
4230.0,1.02359,0.97541,1.00378,0.98017,0.98288,0.98556
4231.0,1.03225,0.97987,1.00337,0.99223,0.99328,0.9921875
4232.0,1.00687,0.98461,1.0029,0.99933,1.00016,0.99675
4233.0,1.02767,0.98882,1.00239,1.00178,1.00322,0.9990524999999999
4234.0,0.95061,0.99185,1.00183,1.0007,1.00361,0.9994974999999999
4235.0,0.87047,0.99425,1.00125,0.99882,1.00306,0.999345
4236.0,0.9242,0.99653,1.00069,0.99826,1.00313,0.9996525
4237.0,0.99031,0.99892,1.00017,0.99988,1.0049,1.0009675
4238.0,1.04908,1.0018,0.99968,1.00442,1.00891,1.0037025
4239.0,0.93084,1.00507,0.99925,1.01168,1.0149,1.007725
4240.0,0.75939,1.0082,0.99886,1.02029,1.02205,1.01235
4241.0,0.96112,1.011,0.99851,1.02897,1.02926,1.016935
4242.0,1.08537,1.01321,0.99818,1.03625,1.03517,1.0207025
4243.0,1.04011,1.01419,0.99786,1.04031,1.03854,1.022725
4244.0,0.9149,1.01353,0.99756,1.04015,1.03846,1.022425
4245.0,0.89161,1.01126,0.99728,1.03567,1.03478,1.0197475
4246.0,0.88984,1.00773,0.99698,1.02734,1.02787,1.01498
4247.0,0.99749,1.00341,0.99665,1.01671,1.01891,1.00892
4248.0,1.11673,0.99879,0.99631,1.00574,1.00937,1.0025525000000002
4249.0,0.93385,0.99443,0.99598,0.9962,1.00071,0.9968299999999999
4250.0,0.73278,0.99057,0.99567,0.98927,0.99402,0.9923825
4251.0,0.92898,0.98716,0.99534,0.98518,0.98972,0.98935
4252.0,0.89855,0.98437,0.99499,0.98383,0.98774,0.9877325
4253.0,0.90799,0.98269,0.99463,0.98447,0.98756,0.9873375
4254.0,1.02867,0.98231,0.99423,0.98585,0.98831,0.9876750000000001
4255.0,1.03654,0.98282,0.99379,0.98721,0.98934,0.98829
4256.0,1.11536,0.98349,0.99331,0.98794,0.99016,0.988725
4257.0,1.05452,0.98415,0.99278,0.98804,0.99077,0.988935
4258.0,0.87396,0.98514,0.99216,0.98825,0.9917,0.9893125
4259.0,0.90456,0.987,0.99144,0.98961,0.99366,0.9904275
4260.0,0.94824,0.98995,0.99063,0.99363,0.9975,0.9929275000000001
4261.0,0.91002,0.99313,0.98976,1.00078,1.0033,0.9967425000000001
4262.0,0.9947,0.99542,0.98882,1.0099,1.0104,1.0011349999999999
4263.0,1.00152,0.99645,0.98783,1.01898,1.0172,1.005115
4264.0,0.95239,0.99606,0.98681,1.02534,1.02159,1.00745
4265.0,0.89337,0.99394,0.98581,1.02631,1.0217,1.0069400000000002
4266.0,0.94916,0.99005,0.98486,1.02058,1.01644,1.0029825
4267.0,0.98398,0.98445,0.98397,1.00828,1.00596,0.995665
4268.0,0.85978,0.97727,0.98318,0.99096,0.99151,0.98573
4269.0,0.98522,0.96928,0.98259,0.97154,0.97539,0.9747
4270.0,0.95532,0.9619,0.98221,0.95319,0.96017,0.9643675
4271.0,0.96339,0.95616,0.98193,0.93909,0.94835,0.9563825
4272.0,0.89783,0.95229,0.98166,0.93151,0.94177,0.9518074999999999
4273.0,0.79908,0.95071,0.98139,0.93124,0.94112,0.9511149999999999
4274.0,0.85606,0.95168,0.98111,0.93797,0.94604,0.9541999999999999
4275.0,0.94874,0.95454,0.98082,0.94933,0.95497,0.959915
4276.0,0.91209,0.9585,0.98051,0.96252,0.96579,0.9668300000000001
4277.0,0.9184,0.96267,0.98019,0.97531,0.97631,0.9736199999999999
4278.0,0.98825,0.96622,0.97991,0.98499,0.98466,0.978945
4279.0,0.95028,0.96883,0.97967,0.9905,0.98994,0.982235
4280.0,0.83748,0.97025,0.97943,0.99218,0.9919,0.9834399999999999
4281.0,0.9464,0.97012,0.97915,0.99027,0.99084,0.982595
4282.0,0.92218,0.96828,0.97881,0.98589,0.9874,0.980095
4283.0,0.99307,0.96477,0.97843,0.97964,0.98208,0.9762299999999999
4284.0,0.97701,0.96017,0.97803,0.97156,0.97529,0.9712624999999999
4285.0,1.02046,0.95506,0.97764,0.9622,0.96749,0.9655975000000001
4286.0,1.02943,0.94961,0.97727,0.95199,0.95906,0.9594825
4287.0,0.75247,0.94401,0.97695,0.94192,0.95093,0.9534525
4288.0,0.89484,0.93887,0.97668,0.93347,0.9439,0.9482300000000001
4289.0,0.80111,0.93471,0.97644,0.92759,0.93888,0.944405
4290.0,0.81119,0.93139,0.97621,0.92474,0.93614,0.94212
4291.0,0.92139,0.92822,0.976,0.92485,0.93532,0.9410974999999999
4292.0,0.88348,0.92458,0.97581,0.92621,0.93522,0.940455
4293.0,0.84463,0.92039,0.97563,0.92652,0.93433,0.9392175
4294.0,0.96929,0.91552,0.97543,0.92385,0.93118,0.936495
4295.0,0.99301,0.90969,0.97514,0.91664,0.92476,0.9315575
4296.0,0.84055,0.90275,0.97475,0.90516,0.91499,0.9244125
4297.0,0.85861,0.89467,0.9743,0.89062,0.90262,0.9155525
4298.0,0.92862,0.88602,0.97377,0.87438,0.88913,0.9058250000000001
4299.0,0.76996,0.87765,0.97315,0.85904,0.87611,0.8964875
4300.0,0.81357,0.86985,0.97244,0.84635,0.86483,0.8883675
4301.0,0.91643,0.86296,0.97166,0.83677,0.85589,0.8818199999999999
4302.0,0.85508,0.85737,0.97089,0.83051,0.84934,0.8770275000000001
4303.0,0.79219,0.85312,0.97013,0.82639,0.84463,0.8735674999999999
4304.0,0.73657,0.8504,0.96938,0.82336,0.84129,0.8711075
4305.0,0.81172,0.84951,0.96864,0.82146,0.83906,0.8696674999999999
4306.0,0.94484,0.85072,0.96797,0.82074,0.83829,0.8694299999999999
4307.0,0.8439,0.85438,0.96733,0.82224,0.83991,0.870965
4308.0,0.85315,0.86073,0.96667,0.8276,0.84498,0.874995
4309.0,0.87157,0.86959,0.96596,0.83783,0.85445,0.8819575
4310.0,0.86647,0.88066,0.96521,0.85351,0.86881,0.8920475
4311.0,0.84507,0.89365,0.96443,0.87454,0.88782,0.9051100000000001
4312.0,0.84352,0.90815,0.96363,0.89986,0.91066,0.920575
4313.0,0.90053,0.92371,0.96281,0.92767,0.93582,0.9375025
4314.0,0.90842,0.93936,0.96196,0.95603,0.96135,0.954675
4315.0,0.98859,0.95347,0.9611,0.98254,0.98501,0.9705299999999999
4316.0,0.9736,0.96475,0.96029,1.00447,1.00449,0.9835
4317.0,0.88381,0.97268,0.9595,1.01964,1.01786,0.9924200000000001
4318.0,0.857,0.97703,0.95866,1.0263,1.0237,0.9964225
4319.0,0.83687,0.9779,0.95773,1.02369,1.02172,0.99526
4320.0,0.85137,0.9757,0.95667,1.01288,1.01259,0.98946
4321.0,0.92305,0.97084,0.95539,0.996,0.99831,0.980135
4322.0,0.88588,0.96418,0.95384,0.9762,0.98159,0.9689524999999999
4323.0,0.8002,0.95727,0.95193,0.95769,0.9658,0.9581725000000001
4324.0,0.72939,0.95178,0.94956,0.94399,0.95391,0.9498099999999999
4325.0,0.7532,0.94859,0.9466,0.93759,0.94812,0.945225
4326.0,0.89184,0.94744,0.94292,0.93957,0.94905,0.944745
4327.0,0.89738,0.94734,0.93834,0.94868,0.95576,0.94753
4328.0,0.85729,0.9474,0.93266,0.96202,0.96591,0.9519975
4329.0,0.80835,0.94704,0.92555,0.97582,0.97658,0.9562474999999999
4330.0,0.89208,0.94545,0.91672,0.98651,0.98471,0.9583474999999999
4331.0,0.96785,0.94156,0.90595,0.99152,0.98788,0.9567275000000001
4332.0,0.85308,0.93455,0.89311,0.98903,0.9842,0.9502225
4333.0,0.8151,0.92374,0.87829,0.97779,0.97279,0.9381525
4334.0,0.78685,0.90883,0.86188,0.95768,0.95343,0.920455
4335.0,0.6151,0.89072,0.84448,0.92967,0.92737,0.8980599999999999
4336.0,0.74719,0.8716,0.82704,0.89616,0.89695,0.8729375
4337.0,1.01278,0.85355,0.81069,0.86171,0.86602,0.8479924999999999
4338.0,2.44062,0.83838,0.79665,0.8313,0.83894,0.8263175
4339.0,7.2937,0.82821,0.7861,0.80998,0.82,0.8110725
4340.0,12.20216,0.82405,0.78,0.80161,0.81215,0.8044525
4341.0,10.22744,0.82543,0.77898,0.80684,0.81628,0.8068825
4342.0,4.66046,0.83186,0.78327,0.82415,0.83119,0.8176175
4343.0,1.31549,0.84295,0.79262,0.84988,0.85379,0.83481
4344.0,0.81009,0.85731,0.806,0.87917,0.88013,0.8556525
4345.0,0.96692,0.87314,0.82177,0.90742,0.90624,0.8771425
4346.0,0.74994,0.88927,0.83844,0.93122,0.92889,0.8969550000000001
4347.0,0.75796,0.90422,0.85495,0.94842,0.94614,0.9134325000000001
4348.0,0.83485,0.91642,0.87053,0.95835,0.95729,0.9256475000000001
4349.0,0.84773,0.92573,0.88461,0.9623,0.96314,0.933945
4350.0,0.90826,0.93325,0.89687,0.96218,0.96526,0.93939
4351.0,0.81952,0.93977,0.90727,0.96061,0.96585,0.943375
4352.0,0.89057,0.94544,0.91591,0.96028,0.96685,0.94712
4353.0,0.89923,0.9507,0.92301,0.96278,0.96962,0.9515275
4354.0,0.89198,0.956,0.92879,0.96843,0.97456,0.9569449999999999
4355.0,0.92577,0.96129,0.93347,0.97639,0.98133,0.96312
4356.0,0.85645,0.9665,0.93721,0.98532,0.98911,0.969535
4357.0,0.84413,0.97203,0.94019,0.99437,0.99721,0.97595
4358.0,0.91821,0.97807,0.94251,1.00302,1.00509,0.9821725
4359.0,1.02977,0.98398,0.94431,1.01112,1.01261,0.988005
4360.0,1.08026,0.98903,0.94567,1.01888,1.0196,0.9932949999999999
4361.0,1.35159,0.99306,0.94665,1.02606,1.02581,0.997895
4362.0,2.07578,0.99601,0.94729,1.03187,1.0307,1.0014675
4363.0,2.70604,0.99746,0.94765,1.0354,1.03363,1.003535
4364.0,2.2875,0.99714,0.9478,1.03582,1.03409,1.0037125
4365.0,1.36072,0.99538,0.94777,1.03299,1.03184,1.001995
4366.0,0.90462,0.99257,0.94761,1.02727,1.02717,0.9986549999999998
4367.0,0.9008,0.98879,0.94735,1.01933,1.02061,0.99402
4368.0,0.91811,0.98415,0.94702,1.01033,1.01299,0.9886225
4369.0,0.73985,0.97903,0.94666,1.00107,1.00488,0.98291
4370.0,0.7612,0.97369,0.94631,0.99211,0.99688,0.9772475
4371.0,0.85385,0.96812,0.94596,0.98379,0.98934,0.9718025
4372.0,0.83493,0.96263,0.94557,0.9764,0.98274,0.9668349999999999
4373.0,0.89868,0.9578,0.94512,0.97059,0.9774,0.9627275
4374.0,0.99596,0.95376,0.94462,0.96679,0.97363,0.9597
4375.0,0.98999,0.95,0.94405,0.96491,0.97115,0.9575275000000001
4376.0,0.92203,0.94583,0.94339,0.96417,0.9692,0.9556475
4377.0,0.84982,0.94087,0.94262,0.96269,0.96631,0.9531225000000001
4378.0,0.82862,0.93501,0.94174,0.95827,0.96103,0.9490125
4379.0,0.8988,0.92815,0.94074,0.94913,0.95228,0.9425749999999999
4380.0,0.93731,0.92043,0.9396,0.93533,0.94008,0.93386
4381.0,0.88138,0.91262,0.93833,0.91839,0.92577,0.9237775
4382.0,0.8683,0.90588,0.93702,0.9013,0.91148,0.9139200000000001
4383.0,0.81697,0.90083,0.93572,0.88751,0.89991,0.9059925
4384.0,0.80173,0.8975,0.93445,0.8794,0.8929,0.9010625
4385.0,0.94497,0.89602,0.93334,0.87848,0.89153,0.8998425
4386.0,0.86677,0.89664,0.9325,0.88391,0.89528,0.9020825
4387.0,0.86063,0.89929,0.93204,0.89364,0.90296,0.9069825
4388.0,0.98103,0.90363,0.93197,0.90531,0.91284,0.9134375
4389.0,0.93854,0.90939,0.93229,0.91699,0.92349,0.92054
4390.0,0.8909,0.91611,0.93301,0.92793,0.93387,0.9277299999999999
4391.0,0.78243,0.92286,0.93409,0.93775,0.94355,0.9345625
4392.0,0.82829,0.92901,0.93538,0.94644,0.95232,0.9407875000000001
4393.0,0.87074,0.9344,0.93669,0.95429,0.96021,0.9463975
4394.0,0.81872,0.93903,0.93785,0.96107,0.96705,0.9512499999999999
4395.0,0.84254,0.94251,0.93878,0.96666,0.97252,0.9551175000000001
4396.0,0.78505,0.94441,0.93948,0.97046,0.97615,0.9576250000000001
4397.0,0.77428,0.94467,0.93996,0.97179,0.97735,0.9584425
4398.0,0.86966,0.94358,0.94027,0.97017,0.97582,0.9574600000000001
4399.0,0.87599,0.94155,0.94044,0.9652,0.97143,0.954655
4400.0,0.78344,0.93867,0.94048,0.95763,0.96466,0.95036
4401.0,0.84094,0.93505,0.9404,0.94834,0.95629,0.94502
4402.0,0.8183,0.93137,0.94027,0.93869,0.94754,0.9394675000000001
4403.0,0.96298,0.92847,0.94012,0.93025,0.93981,0.9346625000000001
4404.0,0.97318,0.92667,0.93997,0.92432,0.93447,0.9313575000000001
4405.0,0.84069,0.92603,0.93978,0.92218,0.93259,0.930145
4406.0,0.77526,0.92682,0.93955,0.9247,0.93467,0.931435
4407.0,0.76504,0.92924,0.93927,0.93162,0.94046,0.9351475
4408.0,0.95997,0.93269,0.93892,0.94155,0.94881,0.9404925
4409.0,0.91952,0.93638,0.93845,0.95233,0.95813,0.9463225000000001
4410.0,0.885,0.93994,0.93786,0.96193,0.96653,0.9515650000000001
4411.0,0.99874,0.94301,0.93715,0.96867,0.97268,0.9553775
4412.0,1.00106,0.94536,0.93636,0.97148,0.97586,0.957265
4413.0,0.75533,0.94714,0.93553,0.97101,0.97656,0.9575600000000001
4414.0,1.01355,0.94872,0.93474,0.96886,0.97584,0.9570399999999999
4415.0,1.0238,0.95026,0.93407,0.96705,0.97518,0.9566399999999999
4416.0,0.89905,0.95178,0.93353,0.96704,0.97565,0.957
4417.0,0.89312,0.95316,0.93317,0.9695,0.97757,0.95835
4418.0,0.95347,0.95426,0.93303,0.97361,0.98055,0.9603625
4419.0,0.96556,0.95502,0.93309,0.97774,0.98361,0.962365
4420.0,0.83705,0.95559,0.93329,0.98079,0.98591,0.9638950000000001
4421.0,0.84647,0.95618,0.93356,0.98193,0.9869,0.9646425
4422.0,0.87488,0.95666,0.93382,0.9814,0.98662,0.9646250000000001
4423.0,0.89707,0.95666,0.93403,0.97988,0.98549,0.964015
4424.0,1.03592,0.95613,0.93412,0.97808,0.98397,0.9630749999999999
4425.0,0.91037,0.95521,0.93408,0.97656,0.98244,0.9620725
4426.0,0.86132,0.95385,0.9339,0.97509,0.98092,0.9609400000000001
4427.0,0.94899,0.95199,0.93358,0.97346,0.97922,0.9595624999999999
4428.0,0.94498,0.94996,0.93311,0.97125,0.97709,0.9578525
4429.0,0.88134,0.9481,0.93251,0.96817,0.97431,0.9557724999999999
4430.0,1.00001,0.94629,0.9318,0.96437,0.97094,0.95335
4431.0,0.8465,0.9444,0.93101,0.96008,0.96734,0.9507075
4432.0,0.80795,0.94274,0.93013,0.95624,0.96414,0.9483125
4433.0,0.88028,0.94185,0.92921,0.95392,0.96206,0.94676
4434.0,0.93582,0.94195,0.92827,0.95367,0.96174,0.9464075000000001
4435.0,0.98211,0.94274,0.92734,0.95597,0.96328,0.9473325000000001
4436.0,0.98545,0.94388,0.92646,0.96032,0.96644,0.949275
4437.0,0.78331,0.94518,0.92565,0.96547,0.97022,0.95163
4438.0,0.84119,0.94644,0.92492,0.97003,0.97373,0.9537799999999999
4439.0,0.95279,0.94754,0.92432,0.97257,0.97613,0.95514
4440.0,0.82643,0.9487,0.92386,0.97308,0.97742,0.955765
4441.0,0.74963,0.95018,0.92357,0.97245,0.97803,0.9560575
4442.0,0.94554,0.95209,0.92341,0.9722,0.97893,0.9566574999999999
4443.0,0.93572,0.95405,0.92337,0.97363,0.98085,0.957975
4444.0,0.79648,0.95563,0.92346,0.97726,0.98406,0.9601025
4445.0,0.85037,0.95681,0.92367,0.98236,0.98811,0.9627375
4446.0,0.83206,0.95744,0.92393,0.98761,0.99206,0.96526
4447.0,0.79622,0.95718,0.92419,0.99136,0.99474,0.9668675
4448.0,0.83717,0.9559,0.92442,0.9922,0.99517,0.9669224999999999
4449.0,0.89904,0.95352,0.92459,0.9896,0.9927,0.9651025
4450.0,0.87641,0.94982,0.92473,0.98347,0.98722,0.9613100000000001
4451.0,0.86434,0.94473,0.92483,0.97404,0.97904,0.95566
4452.0,0.8694,0.93854,0.9249,0.96232,0.96885,0.9486525000000001
4453.0,0.74323,0.93192,0.92491,0.94943,0.95767,0.9409825
4454.0,0.77275,0.92546,0.92485,0.93661,0.9465,0.9333549999999999
4455.0,1.00203,0.91942,0.92472,0.92516,0.93641,0.9264275
4456.0,0.84358,0.91411,0.9245,0.91594,0.92814,0.9206725
4457.0,0.87512,0.90996,0.92413,0.90971,0.92223,0.9165075
4458.0,0.81742,0.9071,0.92356,0.90645,0.91892,0.9140075
4459.0,0.76505,0.90561,0.92273,0.90605,0.91814,0.9131325000000001
4460.0,0.79196,0.9056,0.92156,0.90829,0.91982,0.9138175000000001
4461.0,0.8157,0.90676,0.91996,0.91272,0.92336,0.9157
4462.0,0.81773,0.90861,0.91786,0.91875,0.92821,0.9183574999999999
4463.0,0.88965,0.91089,0.91522,0.92514,0.93349,0.9211849999999999
4464.0,0.92131,0.91337,0.91202,0.93122,0.93837,0.923745
4465.0,0.8673,0.91585,0.90831,0.93593,0.94226,0.9255875
4466.0,0.79217,0.91831,0.90424,0.93896,0.94488,0.9265975000000001
4467.0,0.78705,0.9209,0.90003,0.94102,0.94673,0.92717
4468.0,0.80521,0.92386,0.89594,0.943,0.94849,0.9278225
4469.0,0.96803,0.9275,0.89231,0.94627,0.95126,0.9293349999999999
4470.0,1.29629,0.93189,0.88946,0.95167,0.95585,0.9322174999999999
4471.0,1.65231,0.93663,0.88765,0.95965,0.96249,0.9366049999999999
4472.0,1.70225,0.94146,0.887,0.96962,0.97088,0.94224
4473.0,1.18207,0.94625,0.88744,0.98021,0.97994,0.9484600000000001
4474.0,0.75123,0.95074,0.8889,0.98978,0.98837,0.9544475000000001
4475.0,0.75844,0.95437,0.89139,0.99646,0.99466,0.9592200000000001
4476.0,0.83324,0.95673,0.89456,0.99919,0.99785,0.9620825000000001
4477.0,0.84118,0.95781,0.89776,0.99777,0.99767,0.9627525
4478.0,0.88301,0.95797,0.90073,0.99306,0.99477,0.9616325
4479.0,0.89132,0.95774,0.9034,0.98675,0.99051,0.9596
4480.0,0.7958,0.95743,0.90574,0.98089,0.98648,0.957635
4481.0,0.81233,0.95709,0.90775,0.97739,0.98404,0.9565675
4482.0,0.88208,0.9568,0.90948,0.9771,0.98378,0.9567899999999999
4483.0,0.82672,0.95664,0.91096,0.97962,0.98548,0.958175
4484.0,0.82403,0.95642,0.91229,0.98342,0.98807,0.96005
4485.0,0.87583,0.9559,0.91353,0.98655,0.99023,0.9615524999999999
4486.0,0.85951,0.95503,0.91463,0.98752,0.99091,0.9620225
4487.0,0.78143,0.954,0.91552,0.98586,0.98965,0.9612575000000001
4488.0,0.74199,0.95293,0.91619,0.98197,0.98672,0.9594525
4489.0,0.82671,0.95173,0.91667,0.97689,0.9827,0.9569975
4490.0,0.81596,0.95032,0.91698,0.97184,0.97848,0.9544050000000002
4491.0,0.78017,0.94883,0.91714,0.96762,0.97465,0.95206
4492.0,0.91071,0.94778,0.91717,0.9648,0.97188,0.9504075
4493.0,0.92602,0.94758,0.91713,0.96345,0.97046,0.949655
4494.0,0.80297,0.9484,0.91702,0.96387,0.9707,0.9499974999999999
4495.0,0.89143,0.95029,0.91686,0.96615,0.97276,0.951515
4496.0,0.84009,0.95317,0.91667,0.97051,0.97662,0.9542425
4497.0,0.72622,0.95686,0.91643,0.97681,0.98215,0.9580624999999999
4498.0,0.99658,0.96123,0.91616,0.98454,0.98896,0.9627225
4499.0,0.88489,0.96622,0.91585,0.99323,0.99669,0.9679975000000001
4500.0,0.85887,0.97157,0.91547,1.0023,1.00486,0.9735499999999999
4501.0,0.82529,0.97678,0.91503,1.01127,1.01292,0.9790000000000001
4502.0,0.8353,0.98146,0.91448,1.01961,1.0204,0.9839874999999999
4503.0,0.94139,0.98539,0.91379,1.02679,1.02671,0.98817
4504.0,0.96681,0.98833,0.91294,1.03229,1.03143,0.9912475000000001
4505.0,0.84865,0.99018,0.91191,1.03549,1.03421,0.9929474999999999
4506.0,0.84736,0.99087,0.91069,1.03628,1.03497,0.9932025
4507.0,0.90668,0.99034,0.90929,1.03484,1.03376,0.9920575
4508.0,0.88261,0.98864,0.90773,1.03153,1.03083,0.9896825
4509.0,0.82499,0.98597,0.90607,1.02675,1.02647,0.986315
4510.0,0.85552,0.98259,0.9044,1.02088,1.02107,0.982235
4511.0,0.85853,0.97871,0.90281,1.01425,1.01503,0.9777
4512.0,0.84743,0.97467,0.90141,1.00735,1.00885,0.9730699999999999
4513.0,0.93189,0.97075,0.90026,1.00078,1.00311,0.968725
4514.0,0.94551,0.96701,0.89944,0.99519,0.99825,0.9649725
4515.0,0.90036,0.96359,0.899,0.99111,0.99463,0.9620825
4516.0,0.89083,0.96057,0.89891,0.98864,0.99237,0.9601225
4517.0,0.85816,0.95773,0.89909,0.9875,0.99104,0.9588399999999999
4518.0,0.73135,0.95471,0.89947,0.98694,0.99021,0.9578325000000001
4519.0,0.87165,0.95116,0.9,0.9858,0.98881,0.9564425000000001
4520.0,0.85626,0.94698,0.90059,0.98327,0.9861,0.954235
4521.0,0.71884,0.94212,0.9011,0.97824,0.98132,0.9506950000000001
4522.0,0.70685,0.93641,0.90148,0.97038,0.97409,0.9455899999999999
4523.0,0.89029,0.92993,0.90169,0.95979,0.96468,0.9390225
4524.0,0.88639,0.92293,0.90171,0.94719,0.95359,0.931355
4525.0,0.79255,0.91584,0.90154,0.93394,0.94183,0.9232874999999999
4526.0,0.87165,0.90915,0.90117,0.92129,0.9306,0.9155525
4527.0,0.8915,0.90328,0.9006,0.91052,0.92095,0.9088375
4528.0,0.78341,0.89851,0.89985,0.9026,0.91368,0.9036600000000001
4529.0,0.85916,0.89497,0.89885,0.89793,0.90923,0.9002450000000001
4530.0,0.80807,0.8927,0.89753,0.89635,0.90744,0.8985050000000001
4531.0,0.80948,0.89177,0.89582,0.89755,0.90815,0.8983224999999999
4532.0,0.84402,0.89224,0.89364,0.90086,0.91077,0.8993775
4533.0,0.83646,0.89399,0.89096,0.90602,0.91499,0.90149
4534.0,0.81709,0.89654,0.88775,0.91241,0.9203,0.90425
4535.0,0.7788,0.89931,0.88406,0.9196,0.92614,0.9072775
4536.0,0.82072,0.90193,0.87999,0.92682,0.93188,0.9101549999999999
4537.0,0.83182,0.90427,0.87575,0.9332,0.93672,0.912485
4538.0,0.79001,0.90631,0.87163,0.93797,0.94022,0.9140325
4539.0,0.91549,0.90805,0.86799,0.94063,0.94225,0.91473
4540.0,0.95204,0.90931,0.86514,0.9414,0.943,0.9147124999999999
4541.0,0.81444,0.91,0.86333,0.94092,0.94289,0.914285
4542.0,0.75346,0.91033,0.86274,0.93988,0.94243,0.913845
4543.0,0.87983,0.91054,0.8634,0.93876,0.94187,0.9136424999999999
4544.0,0.83139,0.91058,0.86521,0.9377,0.94135,0.91371
4545.0,0.804,0.91042,0.86797,0.93656,0.94095,0.913975
4546.0,0.86826,0.91019,0.87146,0.9352,0.94039,0.91431
4547.0,0.89294,0.91011,0.87531,0.93378,0.93974,0.914735
4548.0,0.75442,0.91023,0.8791,0.93222,0.93898,0.9151325
4549.0,0.75156,0.91057,0.88253,0.93085,0.93828,0.9155575
4550.0,0.71617,0.91125,0.88549,0.92993,0.93804,0.9161775
4551.0,0.75963,0.91245,0.88793,0.92987,0.93837,0.9171549999999999
4552.0,0.85142,0.91428,0.88989,0.93116,0.93977,0.9187750000000001
4553.0,0.8601,0.91684,0.89143,0.93401,0.94256,0.92121
4554.0,0.75325,0.92003,0.89263,0.93873,0.94686,0.9245625000000001
4555.0,0.71783,0.92358,0.89358,0.94521,0.95255,0.9287299999999999
4556.0,0.80065,0.92726,0.89432,0.9529,0.95913,0.9334025
4557.0,0.82319,0.93084,0.89489,0.96082,0.96572,0.9380675
4558.0,0.78897,0.93407,0.89532,0.96775,0.97141,0.9421375000000001
4559.0,0.84269,0.93661,0.89558,0.97256,0.97543,0.9450450000000001
4560.0,0.9282,0.9383,0.89567,0.97464,0.97725,0.9464649999999999
4561.0,0.90738,0.93924,0.89555,0.97416,0.97708,0.9465075
4562.0,0.89529,0.93967,0.89525,0.97175,0.97527,0.945485
4563.0,0.95379,0.93978,0.89478,0.9687,0.97281,0.9440175
4564.0,0.80733,0.93963,0.89417,0.96601,0.97059,0.9426
4565.0,0.73389,0.93931,0.89348,0.96454,0.96916,0.9416225
4566.0,0.81001,0.93893,0.89276,0.96443,0.96877,0.9412225000000001
4567.0,0.80789,0.93854,0.89209,0.96533,0.96916,0.94128
4568.0,0.80189,0.9383,0.89151,0.9666,0.96989,0.941575
4569.0,0.72585,0.9383,0.89108,0.96778,0.97082,0.9419949999999999
4570.0,0.76195,0.9383,0.89081,0.96856,0.97152,0.9422975
4571.0,0.88275,0.93803,0.89071,0.9691,0.97203,0.9424675
4572.0,0.93379,0.93741,0.89074,0.96933,0.97239,0.9424675
4573.0,0.83049,0.93637,0.89088,0.96913,0.97206,0.94211
4574.0,0.75711,0.93478,0.8911,0.96815,0.97087,0.9412250000000001
4575.0,0.87785,0.93251,0.89133,0.96568,0.96847,0.9394975
4576.0,0.86611,0.92963,0.89152,0.96147,0.96467,0.9368224999999999
4577.0,0.77172,0.92639,0.89163,0.95552,0.95954,0.93327
4578.0,0.85099,0.92304,0.89164,0.94842,0.95355,0.9291625
4579.0,0.89952,0.91975,0.89154,0.94106,0.94742,0.9249425
4580.0,0.85142,0.91675,0.89134,0.93451,0.942,0.9211499999999999
4581.0,0.87209,0.91432,0.89102,0.92963,0.93798,0.9182375
4582.0,0.81053,0.91259,0.89061,0.92703,0.93572,0.9164874999999999
4583.0,0.73452,0.91167,0.89011,0.92681,0.93534,0.9159825
4584.0,0.72868,0.91151,0.88954,0.92873,0.93669,0.9166175
4585.0,0.74059,0.91188,0.88891,0.93212,0.93924,0.9180375
4586.0,0.70441,0.91247,0.88826,0.93622,0.94242,0.9198425000000001
4587.0,0.80747,0.91301,0.8876,0.93999,0.94537,0.9214924999999999
4588.0,0.90133,0.91337,0.88696,0.94266,0.94742,0.9226025
4589.0,0.91537,0.91344,0.88636,0.94353,0.94799,0.92283
4590.0,0.86469,0.91312,0.88584,0.94253,0.94698,0.9221175
4591.0,0.83326,0.91236,0.8854,0.93989,0.94467,0.92058
4592.0,0.87419,0.91127,0.88505,0.93632,0.94154,0.918545
4593.0,0.71217,0.91002,0.88479,0.93259,0.9382,0.9164000000000001
4594.0,0.68811,0.9088,0.88462,0.92939,0.93512,0.9144825
4595.0,0.78786,0.90773,0.88452,0.92708,0.93277,0.9130250000000001
4596.0,0.84387,0.90688,0.88447,0.92578,0.93129,0.9121049999999999
4597.0,0.86086,0.90642,0.88444,0.92528,0.93055,0.9116724999999999
4598.0,0.87022,0.90646,0.88442,0.92546,0.93062,0.91174
4599.0,0.91472,0.90699,0.88437,0.92604,0.93113,0.9121325
4600.0,0.89974,0.90801,0.88427,0.92713,0.93222,0.9129075
4601.0,0.75327,0.90957,0.8841,0.92879,0.93402,0.9141199999999999
4602.0,0.77283,0.91169,0.88386,0.93132,0.93651,0.915845
4603.0,0.80088,0.91435,0.88354,0.93497,0.93999,0.9182125
4604.0,0.74498,0.91742,0.88314,0.9398,0.94435,0.9211775
4605.0,0.73869,0.92067,0.88267,0.94571,0.94955,0.92465
4606.0,0.79817,0.92388,0.88216,0.95213,0.95521,0.9283450000000001
4607.0,0.9264,0.9269,0.88163,0.95839,0.9607,0.931905
4608.0,0.95928,0.92962,0.88113,0.96369,0.96541,0.9349625
4609.0,0.88945,0.93191,0.88068,0.96744,0.96887,0.937225
4610.0,0.80359,0.93372,0.88031,0.96945,0.9709,0.938595
4611.0,0.77542,0.93503,0.88003,0.96993,0.97179,0.9391949999999999
4612.0,0.88731,0.93583,0.87985,0.9694,0.9718,0.9392199999999999
4613.0,0.79906,0.93623,0.87976,0.9684,0.97135,0.9389350000000001
4614.0,0.67307,0.93633,0.87974,0.96748,0.97094,0.9386225
4615.0,0.7364,0.93624,0.87975,0.96676,0.97044,0.9382975
4616.0,0.80518,0.93613,0.87978,0.96644,0.97025,0.93815
4617.0,0.77768,0.93603,0.87981,0.96632,0.97023,0.9380975
4618.0,0.76511,0.9359,0.87982,0.96648,0.97021,0.9381025000000001
4619.0,0.80091,0.93572,0.87978,0.96675,0.97038,0.9381575000000001
4620.0,0.76919,0.93549,0.87967,0.96706,0.97052,0.938185
4621.0,0.79968,0.93513,0.87948,0.96727,0.97046,0.9380850000000001
4622.0,0.80688,0.93463,0.87918,0.96717,0.97014,0.9377800000000001
4623.0,0.80589,0.93394,0.87876,0.96665,0.96953,0.9372199999999999
4624.0,0.90299,0.93297,0.87819,0.96561,0.96848,0.9363125
4625.0,0.75662,0.93169,0.87747,0.96413,0.96707,0.93509
4626.0,0.75496,0.93015,0.8766,0.96228,0.96541,0.9336099999999999
4627.0,0.79025,0.92834,0.87563,0.96019,0.96342,0.931895
4628.0,0.79796,0.92618,0.8746,0.95789,0.96112,0.9299474999999999
4629.0,0.81595,0.92371,0.87356,0.95531,0.95851,0.9277725
4630.0,0.80752,0.92102,0.87259,0.95234,0.9556,0.9253874999999999
4631.0,0.81122,0.91812,0.87172,0.94883,0.95216,0.9227075
4632.0,0.82235,0.91499,0.87099,0.94472,0.94813,0.9197074999999999
4633.0,0.74263,0.91169,0.87038,0.94004,0.94371,0.916455
4634.0,0.64738,0.90829,0.86987,0.93501,0.93905,0.9130550000000001
4635.0,0.72664,0.90488,0.86936,0.92991,0.93432,0.9096175000000001
4636.0,0.85447,0.9015,0.86877,0.92513,0.92974,0.906285
4637.0,0.77336,0.89819,0.868,0.92089,0.9255,0.903145
4638.0,0.72703,0.89484,0.86696,0.91736,0.9218,0.9002399999999999
4639.0,0.72248,0.8914,0.86556,0.91432,0.91841,0.8974225
4640.0,0.76521,0.88783,0.86373,0.9114,0.91512,0.89452
4641.0,0.77068,0.8841,0.86144,0.90795,0.91151,0.8912500000000001
4642.0,0.71947,0.88028,0.85871,0.90353,0.90708,0.8874
4643.0,0.72939,0.87657,0.85562,0.89797,0.90195,0.8830275000000001
4644.0,0.88322,0.87317,0.85228,0.89172,0.89647,0.8784099999999999
4645.0,0.84373,0.87026,0.84887,0.88563,0.89114,0.8739750000000001
4646.0,0.75961,0.86803,0.84559,0.88089,0.88703,0.870385
4647.0,0.78426,0.86669,0.84269,0.87843,0.88485,0.8681650000000001
4648.0,0.77342,0.86634,0.84039,0.87871,0.88485,0.8675725
4649.0,0.75598,0.86696,0.83885,0.88149,0.88703,0.8685825
4650.0,0.79408,0.86852,0.83821,0.88603,0.89076,0.8708799999999999
4651.0,0.77105,0.87097,0.83851,0.89137,0.89553,0.8740950000000001
4652.0,0.8333,0.87412,0.83967,0.89682,0.90081,0.8778549999999999
4653.0,0.88312,0.87773,0.84156,0.90202,0.90598,0.8818225000000001
4654.0,0.85917,0.88149,0.84399,0.90714,0.91121,0.8859575000000001
4655.0,0.81615,0.88504,0.8467,0.91241,0.91648,0.8901575
4656.0,0.85034,0.888,0.84948,0.91785,0.92156,0.8942225
4657.0,0.79184,0.89009,0.85209,0.92306,0.92622,0.8978649999999999
4658.0,0.91518,0.89109,0.85434,0.92705,0.92948,0.90049
4659.0,1.07336,0.89081,0.85613,0.92869,0.93055,0.901545
4660.0,1.02862,0.88914,0.85742,0.92694,0.92868,0.900545
4661.0,0.82303,0.88606,0.85825,0.92137,0.92362,0.897325
4662.0,0.75615,0.88187,0.85869,0.91231,0.91584,0.8921775000000001
4663.0,0.80252,0.87709,0.85886,0.90078,0.90616,0.8857225
4664.0,0.74355,0.87227,0.85888,0.88847,0.89591,0.8788825
4665.0,0.69773,0.86788,0.85886,0.8772,0.88637,0.8725774999999999
4666.0,0.71292,0.86436,0.85888,0.86872,0.87899,0.8677375
4667.0,0.7529,0.86199,0.85899,0.86418,0.875,0.86504
4668.0,0.78057,0.86096,0.85918,0.86403,0.87469,0.8647149999999999
4669.0,0.79926,0.86129,0.85941,0.86779,0.8776,0.8665225
4670.0,0.81312,0.86276,0.85962,0.87437,0.88281,0.86989
4671.0,0.86964,0.865,0.85971,0.88226,0.88906,0.8740075
4672.0,0.85905,0.8675,0.85958,0.89001,0.8953,0.8780975
4673.0,0.81955,0.86984,0.85914,0.89647,0.90068,0.8815324999999999
4674.0,0.79472,0.87167,0.85829,0.90089,0.90448,0.8838324999999999
4675.0,0.7085,0.87276,0.85694,0.90298,0.90638,0.884765
4676.0,0.79106,0.87296,0.85499,0.90275,0.90623,0.8842325
4677.0,0.91522,0.87229,0.8524,0.90058,0.90427,0.882385
4678.0,0.81371,0.87085,0.84914,0.89699,0.90104,0.879505
4679.0,0.73272,0.86879,0.84527,0.89271,0.89712,0.8759725
4680.0,0.75801,0.86639,0.84094,0.88843,0.893,0.87219
4681.0,0.82402,0.86397,0.83636,0.88469,0.88916,0.868545
4682.0,0.81467,0.86179,0.83186,0.8818,0.88601,0.8653649999999999
4683.0,0.74132,0.86004,0.82781,0.87991,0.88365,0.8628525
4684.0,0.82726,0.85887,0.82458,0.87896,0.88214,0.8611375
4685.0,0.98051,0.85835,0.82249,0.87888,0.88168,0.86035
4686.0,0.95907,0.85853,0.82176,0.87956,0.88226,0.8605275
4687.0,0.7851,0.85937,0.82247,0.88092,0.88367,0.8616075
4688.0,0.82488,0.86073,0.8245,0.88287,0.88583,0.8634825
4689.0,0.79964,0.86244,0.82762,0.8853,0.88847,0.8659574999999999
4690.0,0.76583,0.86427,0.83149,0.88804,0.89135,0.8687875
4691.0,0.82789,0.86594,0.83573,0.89085,0.89431,0.8717075
4692.0,0.80463,0.86717,0.83996,0.89336,0.8968,0.8743225000000001
4693.0,0.81534,0.86784,0.84385,0.89507,0.89847,0.8763075
4694.0,0.85677,0.86783,0.84719,0.89549,0.89896,0.8773675000000001
4695.0,0.78764,0.86707,0.84985,0.89415,0.89792,0.8772475
4696.0,0.76014,0.86553,0.8518,0.89104,0.89528,0.8759125
4697.0,0.77534,0.86334,0.8531,0.88627,0.89113,0.87346
4698.0,0.82685,0.86076,0.85385,0.88054,0.88626,0.8703525
4699.0,0.79189,0.85799,0.85415,0.87454,0.8813,0.866995
4700.0,0.72137,0.8552,0.85413,0.8691,0.87663,0.863765
4701.0,0.89521,0.85259,0.85388,0.86477,0.87271,0.8609875
4702.0,0.91697,0.85037,0.85348,0.86178,0.86981,0.85886
4703.0,0.83389,0.84868,0.85296,0.86012,0.86816,0.85748
4704.0,0.8531,0.84759,0.85234,0.85952,0.86762,0.8567675
4705.0,0.85384,0.84712,0.85165,0.85973,0.86771,0.8565525
4706.0,0.78625,0.84719,0.85089,0.86049,0.8682,0.8566925
4707.0,0.72993,0.84777,0.85006,0.86176,0.86922,0.8572025
4708.0,0.80479,0.84888,0.8492,0.86352,0.87064,0.8580599999999999
4709.0,0.93399,0.85054,0.84836,0.86575,0.87257,0.8593050000000001
4710.0,0.9059,0.85276,0.8476,0.86852,0.87506,0.860985
4711.0,0.99612,0.85548,0.84698,0.87177,0.87787,0.863025
4712.0,1.02699,0.85868,0.84659,0.87565,0.88137,0.8655725
4713.0,0.88019,0.86232,0.84648,0.88034,0.88567,0.8687024999999999
4714.0,0.87688,0.86629,0.84668,0.88594,0.89089,0.87245
4715.0,0.78525,0.87043,0.84717,0.89252,0.89714,0.8768150000000001
4716.0,0.70918,0.87453,0.84792,0.89967,0.90369,0.8814525
4717.0,0.78647,0.87839,0.84885,0.90695,0.91018,0.8860925000000001
4718.0,0.80779,0.88174,0.84987,0.91357,0.9162,0.8903449999999999
4719.0,0.72774,0.88428,0.85089,0.91886,0.921,0.8937575
4720.0,0.65609,0.88576,0.85183,0.9222,0.92411,0.895975
4721.0,0.71361,0.88603,0.85261,0.92324,0.925,0.89672
4722.0,0.80443,0.8851,0.8532,0.92175,0.92357,0.895905
4723.0,0.78732,0.88303,0.85358,0.91779,0.92006,0.8936149999999999
4724.0,0.78118,0.88,0.85376,0.91149,0.91451,0.88994
4725.0,0.80896,0.87627,0.85377,0.90339,0.90738,0.8852025
4726.0,0.83518,0.87221,0.85365,0.89429,0.89937,0.87988
4727.0,0.8552,0.86816,0.85343,0.8853,0.89152,0.8746025
4728.0,0.80097,0.86448,0.85315,0.8776,0.88492,0.8700375
4729.0,0.71672,0.86143,0.85283,0.87208,0.88008,0.866605
4730.0,0.72417,0.85924,0.85252,0.86921,0.8773,0.8645674999999999
4731.0,0.79995,0.85802,0.85222,0.86891,0.87676,0.8639775
4732.0,0.81033,0.85773,0.85193,0.8707,0.87802,0.864595
4733.0,0.75258,0.85823,0.85167,0.87373,0.88048,0.8660275000000001
4734.0,0.751,0.85938,0.85144,0.87742,0.88375,0.8679975
4735.0,0.72263,0.86102,0.85122,0.8811,0.88697,0.8700775000000001
4736.0,0.75487,0.86297,0.85102,0.88457,0.89006,0.872155
4737.0,0.74131,0.86505,0.85083,0.88777,0.8932,0.8742125000000001
4738.0,0.76589,0.86716,0.85066,0.89065,0.89591,0.8760950000000001
4739.0,0.88237,0.86924,0.85049,0.89328,0.8983,0.8778275
4740.0,0.90123,0.8712,0.85032,0.89575,0.90057,0.87946
4741.0,0.86471,0.87299,0.85015,0.8981,0.90273,0.8809925
4742.0,0.88674,0.87458,0.84998,0.90039,0.90496,0.8824775
4743.0,0.85667,0.8759,0.8498,0.90252,0.90694,0.88379
4744.0,0.74854,0.87688,0.8496,0.90443,0.90859,0.8848750000000001
4745.0,0.71254,0.87747,0.84939,0.90597,0.91001,0.88571
4746.0,0.76917,0.8776,0.84915,0.90691,0.91089,0.8861375
4747.0,0.75361,0.87722,0.84888,0.90695,0.9109,0.8859874999999999
4748.0,0.7767,0.87634,0.84859,0.90593,0.90997,0.8852075
4749.0,0.78684,0.87497,0.84828,0.90374,0.90812,0.8837775000000001
4750.0,0.73923,0.87317,0.84795,0.90051,0.90535,0.881745
4751.0,0.7175,0.87102,0.8476,0.89645,0.90187,0.879235
4752.0,0.77628,0.86861,0.84725,0.89213,0.89812,0.8765275
4753.0,0.80523,0.86604,0.8469,0.88792,0.89439,0.8738125
4754.0,0.76293,0.86335,0.84654,0.88432,0.89108,0.8713225
4755.0,0.75803,0.86063,0.84618,0.88144,0.88823,0.86912
4756.0,0.77019,0.85787,0.84582,0.87915,0.88575,0.8671475
4757.0,0.77291,0.85507,0.84546,0.87709,0.88341,0.8652575
4758.0,0.81323,0.85223,0.8451,0.87464,0.8808,0.8631925
4759.0,0.83912,0.8494,0.84474,0.87145,0.87773,0.86083
4760.0,0.69787,0.84664,0.84437,0.86715,0.87386,0.858005
4761.0,0.636,0.84407,0.84402,0.86209,0.86943,0.8549025
4762.0,0.75789,0.84184,0.84367,0.85688,0.86509,0.85187
4763.0,0.80949,0.84012,0.84334,0.85235,0.86134,0.8492875
4764.0,0.72844,0.83908,0.84304,0.84932,0.85874,0.847545
4765.0,0.68576,0.83885,0.84276,0.84838,0.85782,0.8469525
4766.0,0.72133,0.83949,0.84252,0.84981,0.85885,0.8476674999999999
4767.0,0.72074,0.84094,0.8423,0.85326,0.86155,0.8495125000000001
4768.0,0.71759,0.84311,0.84209,0.8582,0.86568,0.8522700000000001
4769.0,0.74919,0.84582,0.8419,0.86393,0.87064,0.8555725
4770.0,0.76259,0.84884,0.84171,0.86977,0.87578,0.8590249999999999
4771.0,0.7852,0.85195,0.84152,0.87542,0.88092,0.8624525000000001
4772.0,0.80359,0.85492,0.8413,0.88063,0.88573,0.8656450000000001
4773.0,0.71264,0.85752,0.84106,0.88523,0.89,0.8684525
4774.0,0.67728,0.85958,0.84079,0.88899,0.89345,0.8707025
4775.0,0.77373,0.86097,0.84048,0.89163,0.89573,0.8722025
4776.0,0.7805,0.8616,0.84012,0.893,0.89696,0.8729199999999999
4777.0,0.64904,0.86144,0.83972,0.89287,0.8969,0.8727325
4778.0,0.70713,0.86052,0.83927,0.89109,0.89529,0.8715425
4779.0,0.87256,0.85894,0.83879,0.88792,0.89245,0.8695250000000001
4780.0,0.70959,0.85685,0.83828,0.8836,0.88868,0.8668525
4781.0,0.77041,0.85445,0.83776,0.87859,0.88425,0.8637625
4782.0,0.82755,0.85196,0.83724,0.87336,0.87948,0.86051
4783.0,0.80946,0.84964,0.83674,0.86849,0.8751,0.8574925
4784.0,0.73389,0.84769,0.83628,0.86445,0.87156,0.8549950000000001
4785.0,0.67964,0.84632,0.83589,0.86145,0.8687,0.85309
4786.0,0.75808,0.84566,0.83557,0.85991,0.86731,0.8521125
4787.0,0.84274,0.84576,0.83532,0.86011,0.86757,0.85219
4788.0,0.79758,0.84661,0.83515,0.86188,0.86902,0.853165
4789.0,0.76833,0.84811,0.83504,0.86539,0.87208,0.855155
4790.0,0.7494,0.8501,0.83498,0.87019,0.87629,0.85789
4791.0,0.75189,0.85235,0.83494,0.87579,0.88098,0.861015
4792.0,0.77733,0.85462,0.8349,0.88146,0.88583,0.8642025
4793.0,0.78542,0.85667,0.83484,0.88633,0.89003,0.8669675
4794.0,0.67422,0.85831,0.83474,0.8897,0.89298,0.8689325
4795.0,0.71221,0.85942,0.8346,0.89114,0.89444,0.8699
4796.0,0.74486,0.85995,0.8344,0.89077,0.89444,0.8698899999999999
4797.0,0.68681,0.8599,0.83416,0.88903,0.89331,0.8691
4798.0,0.68244,0.85938,0.83387,0.88661,0.89148,0.867835
4799.0,0.6956,0.85846,0.83355,0.8842,0.88948,0.8664225000000001
4800.0,0.61664,0.85728,0.8332,0.88216,0.88761,0.8650625
4801.0,0.69346,0.85595,0.83284,0.88051,0.88591,0.8638025
4802.0,0.66147,0.85455,0.83247,0.87895,0.88435,0.86258
4803.0,0.66486,0.85318,0.83209,0.87726,0.88265,0.861295
4804.0,0.71339,0.85192,0.83171,0.8752,0.88072,0.8598874999999999
4805.0,0.73571,0.85083,0.83133,0.87311,0.87894,0.8585525
4806.0,0.72741,0.85001,0.83094,0.87108,0.87722,0.8573125
4807.0,0.76747,0.84951,0.83056,0.86961,0.87582,0.856375
4808.0,0.78988,0.84939,0.83017,0.86904,0.8753,0.8559749999999999
4809.0,0.76466,0.84967,0.82979,0.86946,0.87556,0.8561200000000001
4810.0,0.8206,0.85033,0.82941,0.87088,0.87665,0.8568175
4811.0,0.8218,0.85132,0.82905,0.87313,0.87854,0.8580099999999999
4812.0,0.70435,0.85253,0.8287,0.876,0.88098,0.8595525
4813.0,0.66223,0.85382,0.82836,0.87925,0.88379,0.861305
4814.0,0.77762,0.85502,0.82804,0.88257,0.88664,0.8630675
4815.0,0.79889,0.85596,0.82774,0.88558,0.88923,0.8646275
4816.0,0.75501,0.85648,0.82743,0.88786,0.89113,0.865725
4817.0,0.73119,0.85646,0.82713,0.88891,0.892,0.866125
4818.0,0.72592,0.85584,0.82682,0.88843,0.89168,0.8656925
4819.0,0.70079,0.85462,0.8265,0.88625,0.88981,0.864295
4820.0,0.67332,0.85286,0.82617,0.88251,0.88679,0.8620825
4821.0,0.71679,0.85068,0.82582,0.87778,0.88307,0.8593375
4822.0,0.7649,0.84824,0.82546,0.87252,0.87865,0.8562175
4823.0,0.76257,0.84571,0.82509,0.8677,0.87448,0.853245
4824.0,0.70998,0.84323,0.82471,0.86379,0.87103,0.85069
4825.0,0.68419,0.84093,0.82432,0.86085,0.86806,0.8485400000000001
4826.0,0.78451,0.83888,0.82394,0.85881,0.86589,0.8468800000000001
4827.0,0.70986,0.83711,0.82356,0.85733,0.86422,0.8455550000000001
4828.0,0.62658,0.83562,0.82318,0.85617,0.86277,0.844435
4829.0,0.71943,0.83435,0.8228,0.85522,0.86185,0.843555
4830.0,0.70903,0.83327,0.82241,0.85437,0.86099,0.84276
4831.0,0.67489,0.83231,0.82201,0.85361,0.8601,0.8420075
4832.0,0.70212,0.83139,0.82159,0.85319,0.85963,0.84145
4833.0,0.66762,0.83046,0.82112,0.85279,0.85917,0.8408850000000001
4834.0,0.67411,0.82948,0.82061,0.85229,0.85843,0.8402025
4835.0,0.73502,0.8284,0.82003,0.85135,0.85743,0.8393025000000001
4836.0,0.75137,0.82724,0.81938,0.84989,0.85601,0.8381299999999999
4837.0,0.74209,0.82599,0.81863,0.84786,0.85424,0.83668
4838.0,0.76521,0.8247,0.81778,0.84548,0.85215,0.8350275
4839.0,0.74864,0.82339,0.8168,0.84315,0.84999,0.8333325
4840.0,0.65568,0.82211,0.81567,0.84126,0.84833,0.8318425
4841.0,0.6703,0.82084,0.81436,0.84005,0.84714,0.8305975
4842.0,0.63566,0.81954,0.81282,0.83943,0.8463,0.8295224999999999
4843.0,0.69623,0.81814,0.811,0.83938,0.84601,0.8286325
4844.0,0.73355,0.8165,0.8088,0.83946,0.84578,0.827635
4845.0,0.66912,0.81445,0.80613,0.83923,0.84521,0.826255
4846.0,0.72493,0.81179,0.80284,0.83829,0.84424,0.82429
4847.0,0.71577,0.80831,0.7988,0.83635,0.84218,0.82141
4848.0,0.63306,0.80378,0.7938,0.83322,0.83889,0.8174225
4849.0,0.6449,0.798,0.78767,0.82884,0.83453,0.81226
4850.0,0.61323,0.79082,0.78023,0.82271,0.82821,0.8054925000000001
4851.0,0.67835,0.78215,0.77133,0.81459,0.81979,0.7969649999999999
4852.0,0.83399,0.772,0.76094,0.80419,0.80953,0.7866650000000001
4853.0,0.75692,0.7605,0.74913,0.79122,0.79681,0.7744150000000001
4854.0,0.71433,0.74795,0.73616,0.77576,0.78158,0.7603625
4855.0,0.65921,0.7348,0.72245,0.7582,0.76467,0.7450300000000001
4856.0,0.63182,0.72167,0.70859,0.73923,0.74649,0.7289950000000001
4857.0,0.71884,0.70928,0.69528,0.71986,0.72798,0.7131000000000001
4858.0,1.75577,0.69837,0.68334,0.70167,0.71114,0.69863
4859.0,6.09646,0.68966,0.67356,0.68652,0.69738,0.68678
4860.0,16.01886,0.68372,0.66667,0.67632,0.68789,0.67865
4861.0,26.85236,0.68087,0.66316,0.6726,0.68434,0.6752425
4862.0,21.10759,0.68117,0.66328,0.67568,0.68686,0.6767475000000001
4863.0,9.59731,0.6844,0.66695,0.68454,0.69426,0.6825375
4864.0,2.15331,0.69007,0.67384,0.69755,0.70563,0.6917724999999999
4865.0,0.52734,0.69754,0.68337,0.71231,0.71921,0.7031075
4866.0,0.71659,0.70612,0.69483,0.72666,0.73255,0.7150399999999999
4867.0,0.57319,0.71515,0.7074,0.73895,0.74442,0.72648
4868.0,0.70291,0.72412,0.72034,0.74851,0.75449,0.736865
4869.0,0.63706,0.73268,0.73297,0.75536,0.76237,0.7458450000000001
4870.0,0.74365,0.74066,0.7448,0.76029,0.76836,0.7535275
4871.0,0.81899,0.748,0.75547,0.76467,0.77375,0.7604725
4872.0,0.67374,0.75475,0.76481,0.76947,0.7793,0.7670825
4873.0,0.62977,0.76098,0.77277,0.77528,0.78517,0.77355
4874.0,0.71876,0.7667,0.77942,0.78212,0.79159,0.7799575000000001
4875.0,0.71578,0.77191,0.78486,0.78964,0.79873,0.786285
4876.0,0.66126,0.77652,0.78925,0.79719,0.80563,0.7921475
4877.0,0.69646,0.7804,0.79276,0.80383,0.81144,0.7971075000000001
4878.0,0.70024,0.78342,0.79552,0.80907,0.81623,0.80106
4879.0,0.66077,0.78549,0.7977,0.81217,0.81924,0.80365
4880.0,0.7757,0.78657,0.79939,0.81284,0.8199,0.804675
4881.0,0.68074,0.78672,0.80069,0.81136,0.8188,0.8043925
4882.0,0.72503,0.78608,0.80169,0.80802,0.81617,0.80299
4883.0,0.75168,0.78489,0.80246,0.80335,0.81215,0.8007124999999999
4884.0,0.67062,0.78347,0.80304,0.79799,0.80752,0.7980050000000001
4885.0,0.60437,0.78214,0.8035,0.79267,0.8031,0.7953525
4886.0,0.64268,0.78126,0.80386,0.78829,0.79932,0.7931824999999999
4887.0,0.7248,0.78113,0.80415,0.78536,0.79674,0.7918449999999999
4888.0,0.75743,0.78199,0.80441,0.78459,0.79636,0.7918375
4889.0,0.69997,0.78395,0.80464,0.78651,0.79833,0.7933574999999999
4890.0,0.6644,0.78701,0.80485,0.79125,0.8026,0.7964275000000001
4891.0,0.62429,0.79102,0.80504,0.79905,0.80961,0.80118
4892.0,0.57419,0.79572,0.80522,0.80908,0.81838,0.8071
4893.0,0.67645,0.80076,0.80537,0.82016,0.82782,0.8135275
4894.0,0.80222,0.80576,0.80548,0.83101,0.83737,0.819905
4895.0,0.76655,0.81034,0.80556,0.84008,0.84552,0.825375
4896.0,0.71122,0.8142,0.80559,0.84658,0.85142,0.8294475
4897.0,0.68439,0.81714,0.80556,0.85009,0.85517,0.83199
4898.0,0.70965,0.81906,0.80548,0.85079,0.85643,0.83294
4899.0,0.74629,0.82,0.80535,0.84949,0.85566,0.832625
4900.0,0.70077,0.82006,0.80519,0.84704,0.85395,0.8315600000000001
4901.0,0.74729,0.81939,0.80499,0.8442,0.85167,0.8300624999999999
4902.0,0.73209,0.81817,0.80477,0.84145,0.84903,0.828355
4903.0,0.64932,0.81654,0.80453,0.83904,0.84663,0.8266850000000001
4904.0,0.67647,0.81464,0.80429,0.83687,0.84441,0.8250525
4905.0,0.72249,0.81255,0.80404,0.83452,0.84189,0.82325
4906.0,0.71268,0.81033,0.80378,0.83174,0.83909,0.821235
4907.0,0.77141,0.80801,0.8035,0.82848,0.83623,0.819055
4908.0,0.78294,0.8056,0.80319,0.82501,0.83326,0.816765
4909.0,0.7216,0.80307,0.80283,0.82175,0.83031,0.8144899999999999
4910.0,0.68513,0.80037,0.80238,0.81914,0.8278,0.8124224999999999
4911.0,0.66516,0.79743,0.80183,0.81719,0.82568,0.8105325000000001
4912.0,0.62148,0.79417,0.80114,0.81538,0.82334,0.8085074999999999
4913.0,0.67807,0.79053,0.80029,0.81292,0.82035,0.8060225
4914.0,0.87388,0.78652,0.79927,0.80901,0.81624,0.80276
4915.0,0.68608,0.78222,0.79808,0.80298,0.81044,0.79843
4916.0,0.82604,0.77781,0.79675,0.79488,0.80299,0.7931075
4917.0,0.8048,0.77359,0.79534,0.78532,0.79469,0.787235
4918.0,0.64447,0.76989,0.79395,0.7757,0.78663,0.7815425
4919.0,0.66031,0.76708,0.79264,0.76777,0.77988,0.7768425
4920.0,0.76935,0.76549,0.79151,0.76295,0.77566,0.7739024999999999
4921.0,0.82904,0.76532,0.79064,0.76228,0.77505,0.7733224999999999
4922.0,0.90302,0.76661,0.7901,0.76564,0.7779,0.7750625
4923.0,0.79777,0.76927,0.78991,0.77257,0.78371,0.778865
4924.0,0.76066,0.77298,0.79007,0.78211,0.79213,0.7843225
4925.0,0.80126,0.77736,0.79054,0.79302,0.80184,0.79069
4926.0,0.79676,0.7819,0.79128,0.80383,0.81123,0.7970600000000001
4927.0,0.71655,0.78616,0.79218,0.81321,0.81973,0.8028199999999999
4928.0,0.7093,0.7897,0.79316,0.82032,0.82644,0.8074049999999999
4929.0,0.73698,0.79223,0.79412,0.82435,0.8302,0.810225
4930.0,0.69619,0.79361,0.795,0.8252,0.83133,0.811285
4931.0,0.75788,0.79386,0.79573,0.82307,0.83009,0.8106875
4932.0,0.77151,0.79314,0.79629,0.81836,0.82633,0.8085300000000001
4933.0,0.63904,0.79174,0.79665,0.81226,0.82128,0.8054824999999999
4934.0,0.62908,0.79002,0.79685,0.80583,0.81598,0.8021699999999999
4935.0,0.66721,0.78837,0.79689,0.79989,0.81073,0.79897
4936.0,0.73625,0.78714,0.79682,0.79537,0.80677,0.7965249999999999
4937.0,0.77031,0.78661,0.79666,0.793,0.80482,0.7952725
4938.0,0.70793,0.78695,0.79646,0.79318,0.80481,0.79535
4939.0,0.66465,0.7882,0.79624,0.79617,0.80723,0.79696
4940.0,0.73082,0.7903,0.79603,0.8014,0.81163,0.79984
4941.0,0.79872,0.79308,0.79584,0.80798,0.81706,0.80349
4942.0,0.73028,0.79628,0.79568,0.81522,0.82338,0.8076399999999999
4943.0,0.70982,0.79962,0.79554,0.82211,0.82978,0.8117624999999999
4944.0,0.71465,0.8028,0.79542,0.82813,0.83522,0.8153925000000001
4945.0,0.71046,0.80555,0.79531,0.83302,0.83981,0.8184224999999999
4946.0,0.74516,0.80764,0.7952,0.83661,0.84347,0.82073
4947.0,0.82419,0.80891,0.79508,0.83892,0.84566,0.8221425
4948.0,0.84471,0.80922,0.79494,0.83985,0.84638,0.8225975
4949.0,0.78086,0.80855,0.79477,0.83925,0.84577,0.822085
4950.0,0.78059,0.80694,0.79457,0.83693,0.8435,0.820485
4951.0,0.78079,0.80448,0.79433,0.8326,0.83946,0.8177174999999999
4952.0,0.76665,0.80139,0.79407,0.82651,0.8339,0.8139675
4953.0,0.77348,0.79789,0.7938,0.81912,0.82713,0.8094849999999999
4954.0,0.91417,0.79429,0.79352,0.8111,0.82011,0.8047550000000001
4955.0,1.54531,0.79086,0.79326,0.80366,0.81359,0.8003425000000001
4956.0,5.11057,0.78785,0.793,0.7975,0.80795,0.796575
4957.0,19.15844,0.78544,0.79276,0.79384,0.80452,0.7941400000000001
4958.0,43.50831,0.7837,0.79254,0.79321,0.80359,0.7932599999999999
4959.0,54.02552,0.78261,0.79234,0.79454,0.80393,0.793355
4960.0,35.01034,0.78207,0.79215,0.79735,0.80548,0.7942625000000001
4961.0,10.616,0.78191,0.79197,0.80015,0.80779,0.795455
4962.0,1.54843,0.782,0.7918,0.80215,0.8094,0.7963375
4963.0,0.84417,0.78219,0.79162,0.803,0.80996,0.7966925
4964.0,0.78315,0.7824,0.79144,0.80233,0.80972,0.7964725
4965.0,0.72072,0.7826,0.79126,0.80089,0.80893,0.79592
4966.0,0.75089,0.7828,0.79106,0.79941,0.808,0.7953174999999999
4967.0,0.71018,0.78302,0.79086,0.7985,0.8074,0.7949449999999999
4968.0,0.69016,0.78327,0.79066,0.79881,0.80771,0.7951125000000001
4969.0,0.67197,0.7835,0.79044,0.80022,0.80895,0.7957774999999999
4970.0,0.6234,0.78361,0.7902,0.80255,0.81074,0.796775
4971.0,0.63777,0.78344,0.78994,0.80524,0.81271,0.7978325
4972.0,0.74061,0.78283,0.78965,0.80732,0.81425,0.7985125000000001
4973.0,0.76059,0.78157,0.78931,0.80822,0.81467,0.7984424999999999
4974.0,0.64312,0.77955,0.78892,0.80715,0.8134,0.797255
4975.0,0.68237,0.77671,0.78849,0.80372,0.81017,0.7947725
4976.0,0.76831,0.77308,0.788,0.79798,0.80504,0.791025
4977.0,0.77246,0.76882,0.78746,0.79001,0.79802,0.7860775
4978.0,0.72781,0.76418,0.78688,0.78061,0.78978,0.7803625
4979.0,0.71397,0.75949,0.78629,0.7707,0.78132,0.7744500000000001
4980.0,0.72725,0.7551,0.78572,0.76125,0.7732,0.7688175
4981.0,0.72451,0.75134,0.78519,0.75337,0.76627,0.7640425
4982.0,0.70278,0.74849,0.78471,0.74799,0.76168,0.7607175
4983.0,0.7532,0.7467,0.7843,0.74577,0.75965,0.759105
4984.0,0.78222,0.74603,0.78395,0.74664,0.75991,0.7591325000000001
4985.0,0.81206,0.74639,0.78368,0.7501,0.76247,0.76066
4986.0,0.87221,0.7476,0.78346,0.75537,0.76676,0.7632975000000001
4987.0,0.83991,0.74941,0.78328,0.7612,0.77159,0.76637
4988.0,0.71732,0.75152,0.78314,0.76687,0.77641,0.769485
4989.0,0.75749,0.75363,0.783,0.77167,0.78073,0.7722575
4990.0,0.6683,0.75548,0.78285,0.77512,0.78405,0.7743750000000001
4991.0,0.65605,0.75686,0.78267,0.77758,0.78641,0.77588
4992.0,0.6981,0.75762,0.78245,0.77882,0.7876,0.7766225
4993.0,0.70333,0.75765,0.78217,0.77888,0.78765,0.7765875
4994.0,0.68977,0.75694,0.78183,0.77813,0.78694,0.77596
4995.0,0.68995,0.75547,0.78142,0.77608,0.78498,0.7744875
4996.0,0.68681,0.75332,0.78094,0.77289,0.78178,0.7722325
4997.0,0.80032,0.75058,0.78041,0.76859,0.77784,0.769355
4998.0,0.8223,0.74739,0.77983,0.76306,0.7729,0.765795
4999.0,0.81744,0.74391,0.77924,0.757,0.76731,0.761865
5000.0,0.86611,0.74032,0.77863,0.75074,0.76173,0.757855
5001.0,0.94328,0.73678,0.77801,0.7447,0.75624,0.7539325
5002.0,1.38604,0.73344,0.77739,0.73954,0.75141,0.7504449999999999
5003.0,3.67633,0.73038,0.77677,0.73546,0.74766,0.7475674999999999
5004.0,14.32061,0.72766,0.77615,0.7326,0.74478,0.7452975000000001
5005.0,62.17045,0.72527,0.77549,0.73096,0.74286,0.743645
5006.0,131.47134,0.72315,0.77478,0.73026,0.74192,0.7425275
5007.0,158.08263,0.72121,0.77399,0.73009,0.74121,0.7416250000000001
5008.0,103.66517,0.71936,0.7731,0.72961,0.74017,0.74056
5009.0,23.17713,0.71755,0.77212,0.72832,0.73878,0.7391924999999999
5010.0,5.41418,0.71576,0.77103,0.72604,0.73674,0.7373925000000001
5011.0,1.29808,0.71402,0.76984,0.72273,0.73383,0.7351049999999999
5012.0,0.90287,0.7124,0.76866,0.71906,0.73061,0.7326825
5013.0,0.97234,0.71104,0.7676,0.71546,0.72764,0.730435
5014.0,1.05871,0.71007,0.76673,0.71265,0.72528,0.7286825
5015.0,1.17496,0.70959,0.76608,0.71131,0.7241,0.72777
5016.0,1.18302,0.70971,0.76568,0.71135,0.72413,0.7277175
5017.0,1.01076,0.71045,0.76558,0.71281,0.72531,0.7285375000000001
5018.0,0.81966,0.7118,0.76574,0.71545,0.72778,0.7301925
5019.0,0.70783,0.71369,0.76615,0.71897,0.73096,0.7324425
5020.0,0.69428,0.71603,0.76675,0.72296,0.73433,0.7350175
5021.0,0.71456,0.71872,0.76748,0.72693,0.73804,0.7377925000000001
5022.0,0.71574,0.72163,0.76826,0.73094,0.74195,0.740695
5023.0,0.73748,0.72465,0.76903,0.73484,0.74558,0.743525
5024.0,0.80446,0.7277,0.76974,0.73862,0.74911,0.7462925
5025.0,0.83285,0.73065,0.77037,0.74245,0.75285,0.7490800000000001
5026.0,0.77433,0.73342,0.77088,0.74609,0.7565,0.7517225
5027.0,0.73682,0.73589,0.77125,0.74993,0.76016,0.7543075
5028.0,0.72313,0.73791,0.7715,0.75403,0.76396,0.75685
5029.0,0.69829,0.73936,0.77163,0.7577,0.7672,0.7589725
5030.0,0.70848,0.7401,0.77165,0.76064,0.76956,0.7604875
5031.0,0.72934,0.74003,0.77157,0.7622,0.77091,0.7611775000000001
5032.0,0.69085,0.73909,0.7714,0.76177,0.77051,0.7606925
5033.0,0.70456,0.73733,0.77115,0.75926,0.76796,0.758925
5034.0,0.78125,0.73485,0.77083,0.75424,0.76343,0.7558375
5035.0,0.80878,0.73187,0.77045,0.74715,0.75741,0.75172
5036.0,0.72316,0.72869,0.77002,0.73913,0.7505,0.747085
5037.0,0.66948,0.72563,0.76955,0.73102,0.74344,0.74241
5038.0,0.74913,0.723,0.76907,0.72411,0.73739,0.7383925
5039.0,0.82276,0.72108,0.76862,0.71948,0.73338,0.73564
5040.0,0.70491,0.72003,0.76819,0.71769,0.73179,0.7344250000000001
5041.0,0.73862,0.71991,0.76779,0.71941,0.73292,0.7350075
5042.0,0.8201,0.72064,0.76743,0.72392,0.73629,0.73707
5043.0,0.75621,0.72207,0.7671,0.72986,0.7408,0.7399575
5044.0,0.79435,0.72398,0.76682,0.73612,0.74599,0.7432274999999999
5045.0,0.81394,0.72613,0.7666,0.74145,0.75091,0.7462724999999999
5046.0,0.67595,0.72833,0.76645,0.74511,0.75418,0.7485175
5047.0,0.71937,0.73047,0.76635,0.74678,0.75595,0.7498874999999999
5048.0,0.74434,0.7325,0.76629,0.74694,0.75697,0.750675
5049.0,0.70851,0.73445,0.76626,0.74659,0.75747,0.7511925
5050.0,0.70279,0.7364,0.76625,0.74663,0.75782,0.7517750000000001
5051.0,0.77288,0.73841,0.76623,0.7478,0.75907,0.7528775
5052.0,0.76057,0.74054,0.76619,0.75039,0.76168,0.7547
5053.0,0.66414,0.74276,0.76615,0.75436,0.76522,0.7571224999999999
5054.0,0.72853,0.745,0.76613,0.75936,0.76934,0.7599575000000001
5055.0,0.77815,0.74712,0.76611,0.76455,0.77378,0.76289
5056.0,0.75135,0.74894,0.76606,0.76933,0.778,0.7655825
5057.0,0.70518,0.75029,0.76601,0.77323,0.78132,0.7677125
5058.0,0.70171,0.75101,0.76593,0.77556,0.78328,0.768945
5059.0,0.71081,0.75098,0.76584,0.7761,0.78365,0.7691425000000001
5060.0,0.71773,0.75018,0.76573,0.77463,0.78239,0.7682325
5061.0,0.745,0.74862,0.76559,0.77123,0.7796,0.7662599999999999
5062.0,0.69832,0.74644,0.76543,0.76651,0.77545,0.7634575000000001
5063.0,0.65721,0.74378,0.76525,0.76065,0.77026,0.759985
5064.0,0.69366,0.74083,0.76503,0.75441,0.76493,0.7563000000000001
5065.0,0.64949,0.73778,0.76479,0.74887,0.76017,0.7529025
5066.0,0.58672,0.7348,0.76452,0.74419,0.75573,0.7498100000000001
5067.0,0.5936,0.73199,0.76424,0.7406,0.75199,0.7472050000000001
5068.0,0.61355,0.72941,0.76393,0.73819,0.74984,0.7453424999999999
5069.0,0.70451,0.72706,0.7636,0.73676,0.74855,0.7439925000000001
5070.0,0.77519,0.72488,0.76327,0.73595,0.74711,0.7428025
5071.0,0.73502,0.72279,0.76293,0.73507,0.74587,0.741665
5072.0,0.6936,0.7207,0.76259,0.73389,0.74498,0.74054
5073.0,0.72252,0.71856,0.76226,0.73221,0.7433,0.7390825
5074.0,0.7587,0.71633,0.76194,0.72954,0.74033,0.737035
5075.0,0.71932,0.71406,0.76162,0.72585,0.737,0.7346325
5076.0,0.69975,0.71181,0.7613,0.72145,0.73353,0.7320225
5077.0,0.68381,0.70974,0.761,0.71674,0.72931,0.7291975
5078.0,0.65491,0.708,0.76072,0.7122,0.72502,0.726485
5079.0,0.74675,0.70677,0.76047,0.70847,0.72207,0.724445
5080.0,0.76073,0.70618,0.76023,0.70636,0.72057,0.723335
5081.0,0.62984,0.70633,0.76002,0.7063,0.72017,0.723205
5082.0,0.65488,0.70725,0.75983,0.70818,0.72145,0.7241775
5083.0,0.69323,0.70889,0.75966,0.71182,0.7248,0.7262925
5084.0,0.74084,0.71113,0.7595,0.71688,0.72938,0.7292224999999999
5085.0,0.82683,0.71377,0.75936,0.72272,0.73428,0.7325325
5086.0,0.80449,0.7166,0.75922,0.72871,0.73946,0.7359975000000001
5087.0,0.72593,0.71937,0.75908,0.7343,0.74474,0.7393725
5088.0,0.72617,0.72184,0.75893,0.73924,0.74933,0.7423350000000001
5089.0,0.77625,0.72381,0.75875,0.74324,0.75277,0.7446425
5090.0,0.84235,0.72513,0.75856,0.74584,0.75504,0.7461425
5091.0,0.86626,0.72569,0.75833,0.7469,0.75612,0.74676
5092.0,0.84139,0.72547,0.75807,0.74628,0.75563,0.7463625
5093.0,0.87119,0.72452,0.75778,0.74388,0.75342,0.7448999999999999
5094.0,0.869,0.72294,0.75746,0.7399,0.74994,0.74256
5095.0,0.74658,0.72089,0.75712,0.73478,0.74579,0.739645
5096.0,0.69847,0.71857,0.75676,0.72935,0.74121,0.7364725000000001
5097.0,0.71952,0.71616,0.7564,0.72432,0.73665,0.7333825
5098.0,0.73388,0.71382,0.75606,0.72019,0.73284,0.7307275
5099.0,0.69853,0.71169,0.75573,0.71744,0.73025,0.7287775
5100.0,0.68114,0.70985,0.75542,0.71604,0.72863,0.7274849999999999
5101.0,0.68744,0.70833,0.75514,0.7156,0.72757,0.7266600000000001
5102.0,0.67724,0.70714,0.75488,0.71557,0.727,0.7261475
5103.0,0.70338,0.70625,0.75464,0.71534,0.7267,0.7257325
5104.0,0.6813,0.70566,0.75441,0.71478,0.72616,0.7252525000000001
5105.0,0.65568,0.70536,0.7542,0.71386,0.72515,0.7246425000000001
5106.0,0.69286,0.70537,0.75401,0.71261,0.72425,0.72406
5107.0,0.71239,0.70571,0.75382,0.71184,0.72394,0.7238275000000001
5108.0,0.68149,0.70642,0.75364,0.71194,0.72415,0.7240374999999999
5109.0,0.67987,0.70748,0.75347,0.71297,0.72514,0.724765
5110.0,0.66885,0.70885,0.7533,0.7155,0.72743,0.72627
5111.0,0.66002,0.71043,0.75313,0.71912,0.73071,0.7283474999999999
5112.0,0.64623,0.71206,0.75295,0.72337,0.73438,0.7306900000000001
5113.0,0.63062,0.71356,0.75277,0.72806,0.73836,0.7331875000000001
5114.0,0.65991,0.71475,0.75258,0.7322,0.74205,0.735395
5115.0,0.6883,0.7154,0.75237,0.73524,0.74465,0.736915
5116.0,0.5944,0.71536,0.75213,0.73679,0.74589,0.7375425
5117.0,0.60627,0.71453,0.75186,0.73626,0.74547,0.7370300000000001
5118.0,0.61489,0.71287,0.75155,0.73363,0.74304,0.7352725000000001
5119.0,0.61677,0.71046,0.7512,0.72896,0.73888,0.732375
5120.0,0.66439,0.70743,0.75083,0.72263,0.73345,0.728585
5121.0,0.69894,0.704,0.75044,0.71543,0.72707,0.724235
5122.0,0.64623,0.7004,0.75003,0.70793,0.7203,0.719665
5123.0,0.62345,0.69691,0.74962,0.70097,0.71405,0.7153875
5124.0,0.5813,0.69377,0.7492,0.69528,0.7089,0.7117874999999999
5125.0,0.60327,0.69116,0.7488,0.69112,0.70501,0.7090225
5126.0,0.67871,0.68921,0.74844,0.68881,0.7027,0.7072900000000001
5127.0,0.72151,0.68794,0.7481,0.68833,0.70206,0.7066074999999999
5128.0,0.67327,0.68733,0.7478,0.68932,0.70275,0.7068
5129.0,0.60463,0.68725,0.74752,0.69147,0.70449,0.7076825
5130.0,0.69079,0.68756,0.74726,0.69436,0.70698,0.70904
5131.0,0.76754,0.68807,0.74703,0.69742,0.70949,0.7105025
5132.0,0.70737,0.68857,0.74682,0.69999,0.71162,0.71175
5133.0,0.62972,0.68893,0.74661,0.70179,0.71323,0.7126399999999999
5134.0,0.68817,0.68899,0.7464,0.70252,0.71384,0.7129375
5135.0,0.77944,0.68869,0.74617,0.70178,0.71332,0.71249
5136.0,0.59893,0.68802,0.74592,0.70009,0.71188,0.7114775
5137.0,0.65417,0.687,0.74566,0.69767,0.70959,0.7099799999999999
5138.0,0.62516,0.68572,0.74539,0.69447,0.70689,0.7081175
5139.0,0.62011,0.68428,0.7451,0.69155,0.70435,0.7063200000000001
5140.0,0.68138,0.68276,0.74479,0.68902,0.70179,0.70459
5141.0,0.68223,0.68127,0.74448,0.68661,0.69925,0.7029025000000001
5142.0,0.57935,0.6799,0.74418,0.68498,0.69755,0.7016525
5143.0,0.63888,0.67871,0.74389,0.68381,0.69649,0.700725
5144.0,0.71911,0.67772,0.74361,0.68275,0.69528,0.6998399999999999
5145.0,0.68426,0.67698,0.74336,0.68211,0.69421,0.699165
5146.0,0.62522,0.67652,0.74312,0.68155,0.69376,0.6987375
5147.0,0.63829,0.67637,0.74291,0.681,0.69356,0.6984600000000001
5148.0,0.69186,0.67654,0.74271,0.68083,0.69333,0.6983525
5149.0,0.67417,0.67702,0.74253,0.68088,0.69342,0.6984625000000001
5150.0,0.55654,0.67779,0.74238,0.68137,0.6942,0.698935
5151.0,0.56424,0.67886,0.74225,0.6827,0.69577,0.699895
5152.0,0.57649,0.68013,0.74212,0.68483,0.69791,0.7012475
5153.0,0.56781,0.68145,0.742,0.68787,0.70064,0.70299
5154.0,0.60675,0.68263,0.74189,0.69171,0.70403,0.7050649999999999
5155.0,0.64505,0.68347,0.74178,0.69578,0.70768,0.7071775
5156.0,0.62004,0.68368,0.74165,0.69961,0.71075,0.7089225
5157.0,0.64014,0.68296,0.74147,0.70232,0.71254,0.7098225
5158.0,0.70049,0.68108,0.74123,0.7029,0.71267,0.70947
5159.0,0.70514,0.67787,0.74092,0.7009,0.7105,0.7075475
5160.0,0.6751,0.67324,0.74056,0.69567,0.70521,0.70367
5161.0,0.72421,0.66725,0.74013,0.68688,0.69676,0.6977549999999999
5162.0,0.71643,0.66007,0.73964,0.67508,0.6858,0.6901475
5163.0,0.55946,0.65202,0.73909,0.66079,0.67276,0.681165
5164.0,0.62131,0.64352,0.7385,0.6449,0.65828,0.6713
5165.0,0.67216,0.63506,0.7379,0.62892,0.64365,0.6613825
5166.0,0.58589,0.62716,0.73732,0.61414,0.63003,0.6521625
5167.0,0.55439,0.62033,0.73679,0.60165,0.61835,0.64428
5168.0,0.62068,0.61495,0.73633,0.59247,0.60979,0.638385
5169.0,0.67869,0.61128,0.73593,0.5873,0.60491,0.634855
5170.0,0.64187,0.60946,0.7356,0.58636,0.60333,0.6336875000000001
5171.0,0.64651,0.60939,0.73537,0.5893,0.60524,0.634825
5172.0,0.66596,0.61083,0.73523,0.5958,0.61093,0.6381975
5173.0,0.61959,0.6134,0.73515,0.60512,0.61899,0.643165
5174.0,0.6202,0.61672,0.7351,0.61559,0.62742,0.6487075
5175.0,0.64586,0.62033,0.73507,0.62583,0.63579,0.654255
5176.0,0.63448,0.6238,0.73504,0.63448,0.64362,0.659235
5177.0,0.56665,0.62672,0.73499,0.64006,0.64887,0.66266
5178.0,0.52852,0.62891,0.7349,0.64191,0.65042,0.664035
5179.0,0.55352,0.63043,0.73477,0.64021,0.64956,0.6637425000000001
5180.0,0.56874,0.63148,0.73458,0.63616,0.64732,0.662385
5181.0,0.65987,0.63228,0.73435,0.63115,0.64384,0.6604049999999999
5182.0,0.6832,0.63298,0.7341,0.62676,0.6405,0.658585
5183.0,0.65815,0.63385,0.73385,0.62497,0.63953,0.65805
5184.0,0.67758,0.63516,0.7336,0.62625,0.64136,0.6590925
5185.0,0.70536,0.63702,0.73334,0.63039,0.64499,0.661435
5186.0,0.6228,0.63944,0.73307,0.63702,0.65011,0.6649100000000001
5187.0,0.58117,0.64232,0.7328,0.6444,0.65669,0.6690525
5188.0,0.59008,0.64549,0.73253,0.65129,0.66366,0.6732425000000001
5189.0,0.61952,0.64878,0.73225,0.65725,0.66923,0.6768775
5190.0,0.63156,0.65209,0.73197,0.66126,0.67298,0.6795749999999999
5191.0,0.61399,0.65531,0.73169,0.6638,0.67616,0.6817399999999999
5192.0,0.60992,0.65827,0.73142,0.66602,0.67928,0.6837475
5193.0,0.68094,0.66082,0.73112,0.66786,0.68159,0.6853475
5194.0,0.63753,0.66293,0.73082,0.67001,0.68351,0.6868175000000001
5195.0,0.64125,0.66462,0.73049,0.67314,0.68627,0.68863
5196.0,0.71751,0.66586,0.73015,0.67648,0.68944,0.6904825000000001
5197.0,0.79239,0.66654,0.72978,0.67943,0.69189,0.69191
5198.0,0.79838,0.66661,0.72939,0.68168,0.69333,0.6927525
5199.0,0.73497,0.66611,0.729,0.68232,0.69355,0.6927449999999999
5200.0,0.68654,0.66503,0.72863,0.68068,0.69201,0.6915875
5201.0,0.6464,0.66335,0.72825,0.67692,0.6887,0.689305
5202.0,0.65472,0.66126,0.72788,0.67141,0.68383,0.6860949999999999
5203.0,0.67814,0.65903,0.72756,0.6646,0.67776,0.6822375
5204.0,0.63438,0.6569,0.7273,0.65756,0.6717,0.678365
5205.0,0.55743,0.65517,0.72709,0.65176,0.66684,0.675215
5206.0,0.53494,0.65408,0.72693,0.64788,0.66344,0.6730824999999999
5207.0,0.55398,0.65382,0.72683,0.64647,0.66194,0.672265
5208.0,0.62313,0.65451,0.72678,0.6482,0.66321,0.673175
5209.0,0.67157,0.65613,0.72675,0.65258,0.66698,0.67561
5210.0,0.62783,0.65857,0.72675,0.65867,0.67219,0.679045
5211.0,0.59949,0.66165,0.72679,0.66593,0.67835,0.68318
5212.0,0.61417,0.66517,0.72683,0.67341,0.68514,0.6876375
5213.0,0.63556,0.66879,0.72686,0.68021,0.69159,0.6918624999999999
5214.0,0.66618,0.6722,0.72686,0.6861,0.69713,0.6955725
5215.0,0.66961,0.6752,0.72685,0.691,0.7018,0.6987125
5216.0,0.6254,0.6776,0.72683,0.69475,0.70557,0.7011875000000001
5217.0,0.63576,0.6792,0.72677,0.69743,0.70805,0.7028625
5218.0,0.65281,0.67992,0.72665,0.69886,0.70909,0.70363
5219.0,0.63819,0.67974,0.72649,0.69867,0.70876,0.7034149999999999
5220.0,0.6026,0.67874,0.72627,0.69674,0.70691,0.702165
5221.0,0.59474,0.67708,0.72601,0.69292,0.70336,0.6998425
5222.0,0.62288,0.67501,0.72571,0.68732,0.69852,0.6966399999999999
5223.0,0.59006,0.67278,0.72537,0.68086,0.69318,0.6930475
5224.0,0.57241,0.67061,0.725,0.67454,0.6878,0.6894875
5225.0,0.56558,0.66872,0.72464,0.66899,0.68309,0.68636
5226.0,0.58093,0.66732,0.72432,0.66539,0.68016,0.6842975
5227.0,0.63057,0.6666,0.72405,0.66443,0.67933,0.6836024999999999
5228.0,0.67388,0.66666,0.72381,0.66539,0.68007,0.6839824999999999
5229.0,0.61707,0.66755,0.72358,0.66812,0.6823,0.6853875
5230.0,0.60996,0.66919,0.72339,0.67244,0.68605,0.6877675000000001
5231.0,0.64316,0.67151,0.72322,0.67706,0.69054,0.6905825
5232.0,0.68958,0.67439,0.7231,0.68183,0.69515,0.6936175
5233.0,0.70911,0.67768,0.72301,0.68697,0.69993,0.6968975000000001
5234.0,0.65885,0.68114,0.72295,0.69197,0.70491,0.7002425
5235.0,0.58096,0.68448,0.7229,0.69695,0.70983,0.70354
5236.0,0.67102,0.68756,0.72285,0.70207,0.71449,0.7067424999999999
5237.0,0.62907,0.69026,0.7228,0.70681,0.71872,0.7096475
5238.0,0.56837,0.69247,0.72272,0.71088,0.72243,0.712125
5239.0,0.6196,0.69415,0.72261,0.71411,0.72542,0.7140724999999999
5240.0,0.66517,0.69523,0.72245,0.71616,0.72714,0.715245
5241.0,0.67304,0.69563,0.72226,0.71673,0.72731,0.7154825
5242.0,0.67411,0.6953,0.72202,0.71575,0.72638,0.7148625
5243.0,0.60505,0.69429,0.72175,0.71354,0.72454,0.71353
5244.0,0.56667,0.69271,0.72144,0.71012,0.72126,0.7113825
5245.0,0.60628,0.69078,0.72109,0.70553,0.71679,0.7085475
5246.0,0.60357,0.68868,0.72069,0.70066,0.7124,0.7056075
5247.0,0.61027,0.68657,0.72028,0.6961,0.70854,0.7028725
5248.0,0.61079,0.6846,0.71988,0.69187,0.7047,0.7002625
5249.0,0.58133,0.68293,0.71949,0.68866,0.70138,0.6981149999999999
5250.0,0.61632,0.68158,0.7191,0.68708,0.69981,0.6968924999999999
5251.0,0.70697,0.68049,0.71872,0.68687,0.6999,0.696495
5252.0,0.63225,0.67962,0.71836,0.68792,0.70065,0.6966375
5253.0,0.5607,0.67892,0.71804,0.69001,0.70188,0.6972125
5254.0,0.55922,0.67809,0.71775,0.69256,0.70388,0.69807
5255.0,0.58715,0.67685,0.71745,0.69489,0.70588,0.6987675
5256.0,0.58664,0.675,0.71714,0.69599,0.7065,0.6986575
5257.0,0.57437,0.67238,0.7168,0.69506,0.7051,0.697335
5258.0,0.63534,0.66877,0.71643,0.69165,0.70171,0.6946399999999999
5259.0,0.53886,0.66417,0.71602,0.68531,0.69597,0.6903675
5260.0,0.54729,0.65875,0.71557,0.67609,0.68767,0.68452
5261.0,0.58724,0.65282,0.71507,0.66468,0.67751,0.67752
5262.0,0.56292,0.64659,0.71455,0.65216,0.66644,0.6699350000000001
5263.0,0.552,0.64035,0.71403,0.63966,0.65502,0.662265
5264.0,0.64289,0.63451,0.71353,0.62803,0.64428,0.6550875
5265.0,0.57361,0.62951,0.71304,0.61847,0.63576,0.649195
5266.0,0.57033,0.6257,0.71258,0.612,0.62989,0.6450425000000001
5267.0,0.61566,0.62337,0.71213,0.60843,0.62613,0.6425150000000001
5268.0,0.60896,0.62263,0.71173,0.60774,0.62498,0.64177
5269.0,0.58949,0.6235,0.71141,0.6106,0.62746,0.6432425
5270.0,0.62545,0.62585,0.71116,0.6163,0.6329,0.6465525000000001
5271.0,0.71359,0.62951,0.711,0.62369,0.63977,0.6509925
5272.0,0.69669,0.63418,0.71094,0.63287,0.64778,0.6564425
5273.0,0.60092,0.63943,0.71095,0.64324,0.65704,0.662665
5274.0,0.56793,0.64498,0.71101,0.65329,0.66671,0.6689975
5275.0,0.6236,0.65075,0.71113,0.66268,0.67575,0.6750775
5276.0,0.60145,0.65654,0.71128,0.67118,0.68364,0.68066
5277.0,0.52559,0.66196,0.71144,0.67791,0.69008,0.6853475
5278.0,0.52389,0.66682,0.71159,0.68284,0.69505,0.6890749999999999
5279.0,0.60061,0.67121,0.71174,0.68644,0.69897,0.6920900000000001
5280.0,0.63506,0.67524,0.71187,0.68901,0.70216,0.69457
5281.0,0.5919,0.67899,0.71198,0.69117,0.7047,0.6967099999999999
5282.0,0.64338,0.68251,0.71207,0.69361,0.70715,0.698835
5283.0,0.71263,0.68572,0.71214,0.69689,0.71041,0.7012900000000001
5284.0,0.71017,0.68865,0.71219,0.70126,0.71466,0.70419
5285.0,0.63074,0.6913,0.71221,0.70635,0.71921,0.7072675
5286.0,0.57819,0.69361,0.71218,0.71169,0.72358,0.710265
5287.0,0.67797,0.69546,0.71212,0.71676,0.72774,0.71302
5288.0,0.58797,0.69676,0.71201,0.72073,0.73131,0.7152025000000001
5289.0,0.53328,0.69743,0.71187,0.72293,0.73338,0.7164024999999999
5290.0,0.59434,0.69737,0.71168,0.72306,0.73326,0.7163425
5291.0,0.6357,0.69644,0.71146,0.72099,0.7311,0.7149975000000001
5292.0,0.61083,0.69474,0.7112,0.71684,0.72747,0.7125625
5293.0,0.63654,0.69253,0.71091,0.71104,0.72271,0.7092974999999999
5294.0,0.90311,0.69009,0.71059,0.70433,0.71694,0.7054875
5295.0,0.23562,0.68767,0.71024,0.69751,0.71064,0.701515
5296.0,-0.84896,0.68548,0.70989,0.69136,0.7051,0.6979575
5297.0,-0.27197,0.68377,0.70956,0.68687,0.70145,0.6954125
5298.0,0.66676,0.68278,0.70925,0.6847,0.69978,0.6941275
5299.0,0.96775,0.68265,0.70897,0.68478,0.69966,0.694015
5300.0,0.68212,0.68332,0.7087,0.6871,0.70136,0.69512
5301.0,0.49234,0.68473,0.70847,0.69158,0.7052,0.697495
5302.0,0.6993,0.68682,0.70826,0.69726,0.71057,0.7007275000000001
5303.0,0.64312,0.68946,0.70806,0.70332,0.71628,0.70428
5304.0,0.62122,0.69235,0.70787,0.70945,0.72169,0.70784
5305.0,0.60714,0.69513,0.70768,0.71501,0.72667,0.7111225
5306.0,0.57615,0.69758,0.70748,0.71945,0.73108,0.7138975
5307.0,0.55748,0.69964,0.70728,0.72281,0.73454,0.7160675
5308.0,0.57747,0.7012,0.70705,0.72496,0.73673,0.717485
5309.0,0.57183,0.7021,0.70678,0.72581,0.73762,0.7180775
5310.0,0.59117,0.70228,0.70647,0.7256,0.73743,0.717945
5311.0,0.58446,0.70179,0.70612,0.72437,0.73642,0.7171749999999999
5312.0,0.55136,0.70072,0.70574,0.7222,0.73472,0.7158450000000001
5313.0,0.54081,0.69912,0.70532,0.71948,0.73228,0.7140500000000001
5314.0,0.58704,0.69697,0.70488,0.71633,0.7292,0.7118450000000001
5315.0,0.65055,0.69432,0.70443,0.71277,0.72584,0.7093400000000001
5316.0,0.58327,0.69122,0.70398,0.70916,0.72242,0.706695
5317.0,0.5676,0.68768,0.70353,0.70548,0.71863,0.7038300000000001
5318.0,0.6578,0.68372,0.70305,0.70128,0.71423,0.70057
5319.0,0.67599,0.67945,0.70258,0.69648,0.70943,0.696985
5320.0,0.63159,0.67498,0.70215,0.69109,0.70422,0.69311
5321.0,0.59073,0.67045,0.70176,0.68485,0.69798,0.68876
5322.0,0.59113,0.666,0.70138,0.67749,0.69068,0.6838875
5323.0,0.58021,0.66171,0.70102,0.6695,0.6835,0.6789325
5324.0,0.53967,0.6578,0.70069,0.66186,0.67701,0.67434
5325.0,0.58123,0.65451,0.70038,0.65493,0.67075,0.6701425000000001
5326.0,0.57205,0.65201,0.70011,0.64911,0.66511,0.666585
5327.0,0.585,0.65039,0.6999,0.64581,0.662,0.664525
5328.0,0.63999,0.64975,0.69975,0.64569,0.66222,0.6643525
5329.0,0.68483,0.65014,0.69965,0.64803,0.66459,0.6656025
5330.0,0.66533,0.65136,0.69957,0.65256,0.66807,0.6678900000000001
5331.0,0.65632,0.65309,0.6995,0.65907,0.67302,0.67117
5332.0,0.61929,0.65522,0.69943,0.66617,0.67949,0.6750775
5333.0,0.61209,0.65783,0.69937,0.67268,0.68584,0.67893
5334.0,0.63175,0.66057,0.6993,0.67794,0.69054,0.6820875
5335.0,0.61639,0.66294,0.69921,0.6814,0.69366,0.6843024999999999
5336.0,0.56071,0.66472,0.69911,0.68317,0.69581,0.6857025000000001
5337.0,0.53272,0.66601,0.69899,0.68342,0.69669,0.6862775000000001
5338.0,0.61302,0.66695,0.69884,0.6823,0.69606,0.6860375000000001
5339.0,0.64952,0.66756,0.69866,0.68075,0.69472,0.6854225
5340.0,0.56307,0.66787,0.69849,0.67953,0.69375,0.68491
5341.0,0.54965,0.66812,0.69831,0.67858,0.69321,0.684555
5342.0,0.57112,0.66848,0.69813,0.67808,0.69267,0.6843400000000001
5343.0,0.54648,0.66899,0.69794,0.67828,0.69233,0.684385
5344.0,0.47311,0.66976,0.69777,0.67896,0.69287,0.68484
5345.0,0.4865,0.67101,0.69764,0.68005,0.6943,0.6857500000000001
5346.0,0.66742,0.67278,0.69754,0.6817,0.69598,0.6869999999999999
5347.0,0.61218,0.67489,0.69745,0.68379,0.69784,0.6884925
5348.0,0.55274,0.67724,0.69739,0.68658,0.7006,0.6904525
5349.0,0.52946,0.67982,0.69735,0.69051,0.70452,0.69305
5350.0,0.53175,0.68263,0.69731,0.6952,0.70903,0.6960425000000001
5351.0,0.56705,0.68559,0.69726,0.70031,0.71368,0.69921
5352.0,0.61977,0.68843,0.6972,0.70595,0.71861,0.7025475
5353.0,0.53443,0.69101,0.69713,0.71161,0.72374,0.7058724999999999
5354.0,0.53049,0.69327,0.69703,0.71644,0.72828,0.708755
5355.0,0.57685,0.69498,0.6969,0.72009,0.73154,0.7108774999999999
5356.0,0.57824,0.6959,0.69672,0.72241,0.73346,0.7121225
5357.0,0.6085,0.69594,0.69649,0.72302,0.73413,0.712395
5358.0,0.63285,0.69516,0.69622,0.72179,0.73324,0.7116024999999999
5359.0,0.5683,0.69356,0.69591,0.71887,0.73059,0.7097325
5360.0,0.51085,0.6911,0.69555,0.71447,0.72655,0.7069175
5361.0,0.54982,0.68791,0.69518,0.70896,0.72161,0.7034150000000001
5362.0,0.64434,0.6842,0.6948,0.70267,0.71595,0.6994049999999999
5363.0,0.65065,0.68021,0.69441,0.69581,0.70959,0.695005
5364.0,0.59021,0.67621,0.69403,0.68883,0.70295,0.690505
5365.0,0.5409,0.67239,0.69366,0.68208,0.6966,0.6861825
5366.0,0.55551,0.66895,0.6933,0.67574,0.69097,0.68224
5367.0,0.60986,0.66611,0.69297,0.67037,0.68614,0.6788975
5368.0,0.59131,0.66397,0.69267,0.66644,0.6822,0.67632
5369.0,0.65127,0.66261,0.6924,0.66402,0.67974,0.6746924999999999
5370.0,0.67094,0.66212,0.69218,0.66365,0.6794,0.6743375
5371.0,0.62054,0.66241,0.69201,0.66556,0.68113,0.6752775000000001
5372.0,0.57746,0.66334,0.69186,0.66905,0.68417,0.677105
5373.0,0.59935,0.66474,0.69173,0.67373,0.68803,0.6795574999999999
5374.0,0.66269,0.66649,0.6916,0.67925,0.69247,0.6824525
5375.0,0.66954,0.66851,0.69147,0.68455,0.69718,0.6854275
5376.0,0.59539,0.67071,0.69135,0.68887,0.70145,0.688095
5377.0,0.52202,0.67272,0.69121,0.69214,0.70461,0.69017
5378.0,0.57506,0.67423,0.69106,0.69404,0.70653,0.691465
5379.0,0.60925,0.67515,0.69089,0.69469,0.70744,0.6920425
5380.0,0.59148,0.67551,0.69071,0.69458,0.70754,0.6920850000000001
5381.0,0.58662,0.67536,0.69051,0.69377,0.70695,0.6916475
5382.0,0.60757,0.67476,0.69028,0.69246,0.70587,0.6908425
5383.0,0.59028,0.67369,0.69003,0.69107,0.70442,0.6898025000000001
5384.0,0.60298,0.67219,0.68977,0.68941,0.70256,0.6884825
5385.0,0.55265,0.67031,0.68948,0.68718,0.70027,0.6868099999999999
5386.0,0.50932,0.66812,0.68917,0.68462,0.69754,0.6848624999999999
5387.0,0.51719,0.66565,0.68883,0.68155,0.69436,0.6825975000000001
5388.0,0.50847,0.66294,0.68847,0.67768,0.69071,0.67995
5389.0,0.41064,0.66002,0.68809,0.67337,0.68664,0.6770300000000001
5390.0,0.47782,0.657,0.68769,0.66893,0.68225,0.6739675
5391.0,0.51336,0.65396,0.68724,0.66419,0.67785,0.6708099999999999
5392.0,0.50707,0.65095,0.68676,0.6595,0.67376,0.6677425
5393.0,0.60491,0.64804,0.68622,0.6556,0.67006,0.66498
5394.0,0.56458,0.64534,0.6856,0.65233,0.66666,0.6624825000000001
5395.0,0.44173,0.64282,0.68488,0.64933,0.66375,0.660195
5396.0,0.47074,0.6404,0.68407,0.64725,0.66179,0.6583775
5397.0,0.61172,0.6381,0.68311,0.64617,0.66051,0.6569725
5398.0,0.65006,0.63594,0.68197,0.64497,0.65906,0.655485
5399.0,0.57614,0.63391,0.68057,0.64337,0.65732,0.6537925
5400.0,0.54423,0.63193,0.67884,0.64185,0.65562,0.65206
5401.0,0.54744,0.63006,0.67677,0.63987,0.65377,0.6501174999999999
5402.0,0.55846,0.6284,0.6744,0.63685,0.65113,0.6476949999999999
5403.0,0.5752,0.62695,0.67179,0.6335,0.6478,0.64501
5404.0,0.60846,0.62576,0.66901,0.63038,0.64486,0.6425025
5405.0,0.59337,0.62496,0.66609,0.62783,0.64306,0.640485
5406.0,0.55276,0.62461,0.66311,0.62639,0.6421,0.6390525
5407.0,0.5003,0.62479,0.6601,0.62637,0.64171,0.6382425
5408.0,0.4591,0.62569,0.65714,0.6279,0.64262,0.6383375
5409.0,0.48977,0.62743,0.65449,0.63124,0.6456,0.63969
5410.0,0.56228,0.62994,0.6526,0.63607,0.65033,0.642235
5411.0,0.58882,0.63296,0.65173,0.6417,0.65575,0.645535
5412.0,0.54522,0.63619,0.6518,0.64784,0.66119,0.649255
5413.0,0.51996,0.63951,0.65256,0.65424,0.66683,0.653285
5414.0,0.65277,0.64296,0.65387,0.66035,0.67276,0.657485
5415.0,0.66603,0.64633,0.65564,0.66557,0.67826,0.66145
5416.0,0.60282,0.64932,0.65778,0.66963,0.68244,0.6647925
5417.0,0.55263,0.65177,0.66019,0.67251,0.68515,0.667405
5418.0,0.55239,0.6537,0.66286,0.67417,0.68683,0.66939
5419.0,0.55264,0.6551,0.66566,0.67465,0.68789,0.670825
5420.0,0.47235,0.65587,0.66833,0.67431,0.68824,0.6716875
5421.0,0.54373,0.65589,0.67062,0.6734,0.68745,0.67184
5422.0,0.61996,0.65532,0.67248,0.67189,0.68571,0.6713499999999999
5423.0,0.55548,0.65438,0.67396,0.67004,0.68386,0.6705599999999999
5424.0,0.5285,0.65317,0.67512,0.6681,0.6823,0.6696725
5425.0,0.57991,0.65171,0.67597,0.66588,0.68041,0.6684924999999999
5426.0,0.59984,0.65001,0.67656,0.66312,0.67749,0.666795
5427.0,0.59432,0.64823,0.67694,0.65985,0.67384,0.664715
5428.0,0.59836,0.64663,0.67716,0.65653,0.67064,0.66274
5429.0,0.5885,0.64543,0.67727,0.65349,0.66827,0.661115
5430.0,0.55533,0.64458,0.67729,0.65061,0.66604,0.6596299999999999
5431.0,0.54219,0.644,0.67725,0.64818,0.66386,0.6583225
5432.0,0.54948,0.64379,0.6772,0.64722,0.66263,0.65771
5433.0,0.54696,0.64421,0.67714,0.64809,0.66321,0.6581625
5434.0,0.52174,0.64535,0.67707,0.65031,0.66554,0.6595675
5435.0,0.58462,0.6469,0.677,0.65382,0.6689,0.6616550000000001
5436.0,0.63237,0.64855,0.67694,0.65858,0.67297,0.66426
5437.0,0.60873,0.65017,0.67688,0.66392,0.67747,0.66711
5438.0,0.53932,0.65169,0.67681,0.66897,0.68182,0.6698225
5439.0,0.50969,0.65302,0.6767,0.673,0.68536,0.6720200000000001
5440.0,0.54874,0.65409,0.67658,0.67548,0.68765,0.67345
5441.0,0.6036,0.65477,0.67643,0.67605,0.68856,0.6739525
5442.0,0.58289,0.65491,0.67624,0.67478,0.68787,0.6734500000000001
5443.0,0.52146,0.65447,0.67602,0.67204,0.6856,0.6720325
5444.0,0.60438,0.65355,0.67575,0.66835,0.68231,0.66999
5445.0,0.54524,0.65232,0.67547,0.66452,0.67901,0.66783
5446.0,0.47332,0.65086,0.67518,0.66133,0.67637,0.6659349999999999
5447.0,0.47582,0.64922,0.67489,0.65898,0.67419,0.66432
5448.0,0.51881,0.64752,0.6746,0.6573,0.67217,0.6628975
5449.0,0.50521,0.64605,0.6743,0.65627,0.67058,0.6617999999999999
5450.0,0.57377,0.64504,0.67399,0.65581,0.66973,0.6611425
5451.0,0.58668,0.64447,0.67368,0.65548,0.66939,0.660755
5452.0,0.56059,0.6441,0.67338,0.65489,0.66883,0.6603
5453.0,0.57404,0.64371,0.6731,0.65402,0.66789,0.65968
5454.0,0.58658,0.64329,0.67287,0.65335,0.66725,0.65919
5455.0,0.5939,0.64289,0.67266,0.65327,0.6673,0.65903
5456.0,0.62311,0.64259,0.67247,0.65347,0.66764,0.6590425
5457.0,0.64263,0.64241,0.67228,0.65366,0.66789,0.65906
5458.0,0.61336,0.64235,0.67208,0.65419,0.66811,0.6591825
5459.0,0.57834,0.64248,0.67188,0.6551,0.66856,0.659505
5460.0,0.58018,0.64283,0.67168,0.65564,0.6691,0.6598125
5461.0,0.55795,0.64314,0.67148,0.65561,0.66942,0.6599125
5462.0,0.50851,0.64317,0.6713,0.65567,0.66965,0.6599475
5463.0,0.5024,0.64292,0.67111,0.65592,0.66976,0.6599275
5464.0,0.60758,0.64247,0.6709,0.65583,0.66968,0.65972
5465.0,0.62734,0.64184,0.67066,0.65557,0.66944,0.6593775
5466.0,0.61683,0.64102,0.67043,0.65559,0.66908,0.65903
5467.0,0.62201,0.64012,0.67019,0.65523,0.66849,0.6585075
5468.0,0.617,0.63901,0.66993,0.6539,0.66731,0.6575375
5469.0,0.57567,0.63748,0.66967,0.65202,0.66538,0.6561375
5470.0,0.55341,0.63573,0.66941,0.64963,0.66289,0.654415
5471.0,0.60564,0.63401,0.66914,0.64622,0.65998,0.6523375
5472.0,0.65074,0.63227,0.66886,0.64232,0.65684,0.6500725
5473.0,0.55875,0.63043,0.6686,0.63875,0.65348,0.647815
5474.0,0.52204,0.62872,0.66836,0.63531,0.65006,0.6456124999999999
5475.0,0.50485,0.62735,0.66812,0.63208,0.64733,0.64372
5476.0,0.52567,0.62636,0.6679,0.63022,0.64589,0.6425925
5477.0,0.58597,0.62587,0.66771,0.62984,0.64556,0.642245
5478.0,0.62253,0.62582,0.66754,0.63002,0.64571,0.6422725
5479.0,0.57068,0.62605,0.66736,0.63096,0.64622,0.6426475
5480.0,0.60213,0.62665,0.6672,0.6333,0.64775,0.643725
5481.0,0.61984,0.6278,0.66707,0.63627,0.65038,0.6453800000000001
5482.0,0.56825,0.62923,0.66693,0.63897,0.65337,0.647125
5483.0,0.61027,0.63053,0.6668,0.64155,0.65591,0.6486975
5484.0,0.60801,0.63174,0.66666,0.64414,0.65785,0.6500975
5485.0,0.53731,0.63305,0.6665,0.64618,0.65955,0.65132
5486.0,0.49298,0.63434,0.66633,0.64769,0.66118,0.652385
5487.0,0.56285,0.63548,0.66615,0.6489,0.66266,0.6532975000000001
5488.0,0.67701,0.6364,0.66597,0.6496,0.66365,0.653905
5489.0,0.58623,0.63695,0.66578,0.64992,0.66414,0.6541975
5490.0,0.51888,0.63718,0.66558,0.65026,0.66428,0.654325
5491.0,0.54068,0.63737,0.66537,0.65047,0.66438,0.6543975
5492.0,0.54576,0.63761,0.66513,0.65039,0.66464,0.6544425
5493.0,0.49827,0.63763,0.66489,0.65044,0.66481,0.6544425
5494.0,0.48552,0.63737,0.66464,0.65046,0.66461,0.65427
5495.0,0.52289,0.63691,0.66439,0.64989,0.66406,0.6538125
5496.0,0.57208,0.63628,0.66411,0.64919,0.66352,0.653275
5497.0,0.58609,0.63556,0.66382,0.64875,0.66309,0.652805
5498.0,0.5941,0.63474,0.6635,0.64789,0.66224,0.6520925
5499.0,0.56792,0.63368,0.66312,0.64627,0.66074,0.6509525
5500.0,0.52772,0.63246,0.66273,0.64456,0.65901,0.64969
5501.0,0.52288,0.63139,0.66233,0.64309,0.65754,0.6485875
5502.0,0.58642,0.63041,0.66194,0.64138,0.65616,0.6474724999999999
5503.0,0.61212,0.62922,0.66154,0.63938,0.6544,0.646135
5504.0,0.59179,0.6279,0.66113,0.63745,0.65233,0.6447025
5505.0,0.59361,0.62668,0.66071,0.63596,0.6506,0.6434875
5506.0,0.62835,0.6257,0.6603,0.63481,0.64947,0.64257
5507.0,0.57405,0.62495,0.65995,0.63359,0.64846,0.6417375
5508.0,0.49785,0.62436,0.65969,0.63233,0.64733,0.6409275000000001
5509.0,0.55193,0.62398,0.65951,0.63148,0.6462,0.6402925
5510.0,0.60547,0.62401,0.65937,0.63104,0.6455,0.63998
5511.0,0.49585,0.62449,0.65924,0.63086,0.64554,0.6400325
5512.0,0.49603,0.62517,0.65916,0.63129,0.64614,0.64044
5513.0,0.52796,0.62597,0.65909,0.63257,0.64726,0.6412225
5514.0,0.56591,0.62692,0.65907,0.63454,0.64893,0.642365
5515.0,0.60059,0.62802,0.65907,0.63716,0.65121,0.643865
5516.0,0.61443,0.62928,0.65907,0.64039,0.65403,0.6456925
5517.0,0.59881,0.63059,0.65904,0.6437,0.65696,0.6475724999999999
5518.0,0.64586,0.63173,0.65894,0.64651,0.6595,0.64917
5519.0,0.64313,0.63257,0.65882,0.6486,0.66138,0.6503424999999999
5520.0,0.5623,0.63303,0.65865,0.64984,0.66245,0.6509925
5521.0,0.58469,0.6331,0.65846,0.6499,0.66266,0.65103
5522.0,0.62497,0.6328,0.65824,0.64867,0.66194,0.6504125000000001
5523.0,0.61978,0.63223,0.65797,0.64655,0.66032,0.6492675
5524.0,0.57964,0.63149,0.65768,0.64395,0.65804,0.64779
5525.0,0.55246,0.63064,0.65737,0.64108,0.65545,0.646135
5526.0,0.55862,0.62972,0.65706,0.63824,0.653,0.644505
5527.0,0.47458,0.62883,0.65676,0.6361,0.65116,0.6432125
5528.0,0.44895,0.62802,0.65648,0.63488,0.65001,0.6423475
5529.0,0.51812,0.62741,0.65623,0.6343,0.64936,0.6418250000000001
5530.0,0.56624,0.62711,0.65598,0.63429,0.64913,0.6416275
5531.0,0.55294,0.62715,0.65575,0.63506,0.6494,0.64184
5532.0,0.55469,0.62763,0.65553,0.63631,0.65025,0.6424300000000001
5533.0,0.59064,0.62841,0.65532,0.63755,0.65148,0.6431899999999999
5534.0,0.60519,0.62926,0.65514,0.63889,0.65285,0.644035
5535.0,0.53077,0.63008,0.65498,0.64044,0.65414,0.64491
5536.0,0.60551,0.6309,0.65483,0.64191,0.65537,0.6457525
5537.0,0.65576,0.63173,0.65468,0.64323,0.65669,0.6465825000000001
5538.0,0.59697,0.63263,0.65453,0.64468,0.65804,0.64747
5539.0,0.50583,0.63359,0.65438,0.64607,0.65929,0.6483325
5540.0,0.55858,0.63453,0.65422,0.64704,0.66029,0.6490199999999999
5541.0,0.50542,0.63542,0.65405,0.64772,0.66104,0.6495575
5542.0,0.52838,0.63631,0.65389,0.64853,0.66182,0.6501375
5543.0,0.61884,0.63712,0.65372,0.64935,0.66263,0.650705
5544.0,0.5536,0.63775,0.65354,0.64995,0.66336,0.65115
5545.0,0.53049,0.63819,0.65336,0.6506,0.66407,0.651555
5546.0,0.58497,0.63849,0.65318,0.65161,0.66479,0.6520174999999999
5547.0,0.59822,0.63871,0.65298,0.6526,0.66551,0.65245
5548.0,0.54023,0.63883,0.65277,0.65321,0.66609,0.652725
5549.0,0.5887,0.63882,0.65256,0.65356,0.66634,0.6528200000000001
5550.0,0.62493,0.63867,0.65233,0.65365,0.66619,0.6527099999999999
5551.0,0.59523,0.63832,0.6521,0.65312,0.66562,0.65229
5552.0,0.52976,0.63772,0.65185,0.652,0.66467,0.65156
5553.0,0.50181,0.63687,0.65159,0.65066,0.66346,0.650645
5554.0,0.54898,0.63581,0.65131,0.64918,0.662,0.6495749999999999
5555.0,0.62922,0.63452,0.65103,0.64741,0.66029,0.6483125000000001
5556.0,0.65191,0.63306,0.65073,0.64549,0.65844,0.64693
5557.0,0.58332,0.63155,0.65043,0.64367,0.65658,0.6455575
5558.0,0.5032,0.63005,0.65011,0.64188,0.65469,0.6441825
5559.0,0.57674,0.62849,0.64979,0.63983,0.65268,0.6426975
5560.0,0.62885,0.62686,0.64947,0.63753,0.65049,0.6410875
5561.0,0.57951,0.62523,0.64914,0.63526,0.64825,0.63947
5562.0,0.49665,0.62367,0.64882,0.63308,0.64609,0.637915
5563.0,0.55087,0.62216,0.6485,0.63081,0.64401,0.6363699999999999
5564.0,0.54638,0.62077,0.64819,0.6286,0.64198,0.634885
5565.0,0.53941,0.61958,0.64789,0.62684,0.64019,0.633625
5566.0,0.57203,0.61853,0.6476,0.62549,0.63878,0.6326
5567.0,0.59044,0.61774,0.64733,0.62434,0.63779,0.6317999999999999
5568.0,0.56705,0.61725,0.64706,0.62372,0.63726,0.6313225
5569.0,0.53217,0.61699,0.64681,0.62378,0.63713,0.6311775
5570.0,0.52881,0.61691,0.64657,0.62402,0.63722,0.63118
5571.0,0.55292,0.61701,0.64632,0.62445,0.6377,0.63137
5572.0,0.51404,0.6172,0.64609,0.62552,0.63864,0.6318625
5573.0,0.47004,0.61747,0.64586,0.62697,0.63977,0.6325175
5574.0,0.45808,0.6177,0.64562,0.62816,0.64088,0.63309
5575.0,0.49412,0.6177,0.64536,0.62923,0.64185,0.633535
5576.0,0.57092,0.61754,0.64506,0.63035,0.64255,0.633875
5577.0,0.63482,0.61723,0.64469,0.63103,0.64293,0.6339699999999999
5578.0,0.62201,0.61651,0.64425,0.63091,0.64274,0.6336025
5579.0,0.55343,0.61527,0.64376,0.62993,0.64161,0.6326425
5580.0,0.48105,0.61356,0.64319,0.62797,0.63961,0.6310825
5581.0,0.44407,0.61142,0.64252,0.62501,0.63681,0.62894
5582.0,0.49367,0.60902,0.64172,0.62115,0.63321,0.626275
5583.0,0.56186,0.60649,0.64069,0.61646,0.62889,0.6231325
5584.0,0.59487,0.6039,0.63948,0.6112,0.62406,0.61966
5585.0,0.59065,0.60137,0.63827,0.60596,0.61917,0.6161925
5586.0,0.60167,0.59901,0.63714,0.60129,0.61486,0.613075
5587.0,0.57642,0.59685,0.63604,0.59751,0.61148,0.6104700000000001
5588.0,0.5395,0.59502,0.63494,0.59489,0.60916,0.6085025000000001
5589.0,0.5357,0.59372,0.63379,0.59369,0.60786,0.607265
5590.0,0.56034,0.59308,0.63256,0.59395,0.60753,0.60678
5591.0,0.53552,0.593,0.63163,0.59523,0.60824,0.6070249999999999
5592.0,0.47242,0.59327,0.63127,0.59715,0.60986,0.6078874999999999
5593.0,0.43855,0.59392,0.63138,0.59958,0.61204,0.60923
5594.0,0.4952,0.59481,0.6316,0.60217,0.61425,0.6107075
5595.0,0.53559,0.59581,0.63187,0.60411,0.61597,0.6119399999999999
5596.0,0.5571,0.59695,0.63219,0.6052,0.61718,0.61288
5597.0,0.54386,0.59836,0.63264,0.60611,0.61825,0.6138399999999999
5598.0,0.49239,0.60012,0.63338,0.6071,0.61929,0.6149725
5599.0,0.45444,0.60204,0.63436,0.60788,0.62037,0.6161625000000001
5600.0,0.48527,0.60385,0.63525,0.60872,0.62166,0.61737
5601.0,0.58112,0.60564,0.63594,0.61052,0.62346,0.6188899999999999
5602.0,0.63311,0.60758,0.6365,0.61355,0.62612,0.6209374999999999
5603.0,0.52832,0.60958,0.63695,0.61733,0.62952,0.6233449999999999
5604.0,0.56557,0.61152,0.63731,0.62141,0.63324,0.6258699999999999
5605.0,0.56951,0.6134,0.63762,0.62565,0.63689,0.62839
5606.0,0.54144,0.6152,0.63784,0.62973,0.64017,0.6307349999999999
5607.0,0.57451,0.61666,0.63792,0.63299,0.64277,0.6325850000000001
5608.0,0.64264,0.61741,0.63789,0.63475,0.64446,0.6336275
5609.0,0.59122,0.61732,0.63781,0.63486,0.64494,0.6337324999999999
5610.0,0.53423,0.61674,0.63768,0.6337,0.64404,0.63304
5611.0,0.56023,0.61592,0.63751,0.63138,0.64176,0.6316425
5612.0,0.61028,0.61479,0.63729,0.62772,0.63836,0.62954
5613.0,0.54847,0.61335,0.63702,0.62315,0.63449,0.6270025
5614.0,0.50107,0.61173,0.63673,0.61899,0.63095,0.6246
5615.0,0.53462,0.61009,0.63645,0.61577,0.62791,0.622555
5616.0,0.60367,0.6084,0.63619,0.61297,0.62518,0.620685
5617.0,0.5544,0.60666,0.63593,0.6105,0.62286,0.6189875
5618.0,0.49445,0.60516,0.63567,0.60903,0.6212,0.6177649999999999
5619.0,0.51125,0.60429,0.63541,0.60877,0.6204,0.6172175
5620.0,0.57867,0.60395,0.63516,0.60894,0.62029,0.617085
5621.0,0.5477,0.60385,0.63493,0.60888,0.62032,0.616995
5622.0,0.50721,0.60393,0.63472,0.60874,0.62035,0.616935
5623.0,0.519,0.60431,0.63452,0.60923,0.62075,0.6172025000000001
5624.0,0.56635,0.60492,0.63432,0.6104,0.62173,0.6178425000000001
5625.0,0.56589,0.60555,0.63413,0.61176,0.6231,0.6186349999999999
5626.0,0.44464,0.60611,0.63393,0.6132,0.62468,0.61948
5627.0,0.41579,0.60674,0.63374,0.61514,0.62635,0.6204924999999999
5628.0,0.47498,0.60752,0.63353,0.61747,0.62804,0.62164
5629.0,0.52504,0.60825,0.6333,0.6195,0.62967,0.62268
5630.0,0.54679,0.60871,0.63306,0.6208,0.63093,0.623375
5631.0,0.56879,0.6089,0.6328,0.62135,0.63151,0.62364
5632.0,0.6129,0.60886,0.63252,0.62117,0.63132,0.6234675
5633.0,0.64801,0.60857,0.63222,0.62022,0.63043,0.62286
5634.0,0.6085,0.60801,0.63191,0.61849,0.62897,0.621845
5635.0,0.59474,0.60721,0.63159,0.61629,0.62717,0.620565
5636.0,0.53484,0.60633,0.63126,0.61411,0.62528,0.619245
5637.0,0.47382,0.60552,0.63092,0.61221,0.62348,0.6180325
5638.0,0.51888,0.60477,0.63057,0.61053,0.62186,0.6169325
5639.0,0.60181,0.60413,0.63024,0.60916,0.6206,0.6160325
5640.0,0.52613,0.60367,0.62995,0.60848,0.61986,0.6154900000000001
5641.0,0.45722,0.60344,0.62969,0.60854,0.61965,0.61533
5642.0,0.51023,0.60331,0.62944,0.60894,0.61989,0.615395
5643.0,0.44201,0.60321,0.6292,0.60953,0.62046,0.6156
5644.0,0.43988,0.60317,0.62896,0.61044,0.6212,0.6159425
5645.0,0.48883,0.60328,0.62874,0.61164,0.62201,0.6164175
5646.0,0.52227,0.60342,0.62855,0.61271,0.62278,0.616865
5647.0,0.49612,0.60343,0.62838,0.61337,0.62339,0.6171425
5648.0,0.46154,0.6032,0.6282,0.61368,0.62374,0.617205
5649.0,0.50783,0.6027,0.62799,0.61375,0.62372,0.61704
5650.0,0.56218,0.60198,0.62777,0.61333,0.62315,0.6165575
5651.0,0.51524,0.60097,0.62753,0.61198,0.62193,0.6156024999999999
5652.0,0.51671,0.59963,0.62727,0.60973,0.6201,0.6141825
5653.0,0.52211,0.59816,0.62701,0.60717,0.61783,0.6125425
5654.0,0.51663,0.59681,0.62672,0.60457,0.61525,0.6108375
5655.0,0.52801,0.59549,0.62641,0.6014,0.61238,0.60892
5656.0,0.59648,0.59404,0.62609,0.59779,0.60953,0.6068625000000001
5657.0,0.51377,0.59269,0.62575,0.59495,0.60719,0.605145
5658.0,0.47864,0.59175,0.62542,0.59351,0.60552,0.60405
5659.0,0.55093,0.59117,0.62512,0.59261,0.60445,0.6033375
5660.0,0.53573,0.59079,0.62482,0.59197,0.60407,0.6029125000000001
5661.0,0.53595,0.5908,0.62454,0.59239,0.60444,0.6030424999999999
5662.0,0.57168,0.59141,0.62429,0.59416,0.60555,0.6038525
5663.0,0.57488,0.59236,0.62406,0.59637,0.60728,0.6050175
5664.0,0.4888,0.59342,0.62385,0.59836,0.60931,0.6062350000000001
5665.0,0.49814,0.59471,0.62368,0.60037,0.61132,0.60752
5666.0,0.53248,0.59634,0.62352,0.6028,0.61341,0.6090175
5667.0,0.53709,0.59812,0.62338,0.60541,0.61569,0.61065
5668.0,0.51278,0.5998,0.62325,0.60779,0.61806,0.612225
5669.0,0.53101,0.6013,0.62311,0.61,0.6204,0.6137025
5670.0,0.56323,0.6027,0.62298,0.6124,0.62263,0.6151775
5671.0,0.52844,0.60405,0.62282,0.61487,0.62468,0.616605
5672.0,0.46429,0.60521,0.62265,0.61693,0.62644,0.6178075000000001
5673.0,0.55094,0.60605,0.62245,0.61842,0.62786,0.618695
5674.0,0.52872,0.60661,0.62225,0.61952,0.62884,0.619305
5675.0,0.48395,0.60685,0.62203,0.62006,0.62923,0.6195424999999999
5676.0,0.50345,0.60662,0.6218,0.61963,0.62892,0.6192425
5677.0,0.57954,0.60594,0.62155,0.61833,0.62794,0.61844
5678.0,0.61068,0.6051,0.62127,0.61658,0.62632,0.6173175
5679.0,0.51783,0.60422,0.621,0.61439,0.62418,0.6159475
5680.0,0.43257,0.60318,0.62076,0.61165,0.62181,0.61435
5681.0,0.50392,0.60195,0.62054,0.60878,0.61949,0.61269
5682.0,0.48517,0.60073,0.62033,0.60635,0.61733,0.611185
5683.0,0.51496,0.59968,0.62014,0.60441,0.61544,0.6099175
5684.0,0.5813,0.5988,0.61995,0.60277,0.61392,0.60886
5685.0,0.60027,0.5982,0.6198,0.60166,0.61292,0.6081449999999999
5686.0,0.53381,0.59798,0.61968,0.60149,0.61261,0.60794
5687.0,0.46935,0.59802,0.61959,0.6022,0.61304,0.6082125
5688.0,0.49281,0.59807,0.61952,0.60341,0.61404,0.60876
5689.0,0.56041,0.5981,0.61945,0.60488,0.61531,0.609435
5690.0,0.49304,0.59824,0.61936,0.60656,0.61659,0.6101875
5691.0,0.5433,0.59847,0.61926,0.60818,0.61769,0.6109
5692.0,0.61071,0.59857,0.61916,0.60938,0.6185,0.6114025000000001
5693.0,0.59755,0.59839,0.61905,0.60995,0.6189,0.6115725
5694.0,0.52739,0.59792,0.61892,0.6098,0.61868,0.6113299999999999
5695.0,0.58834,0.59709,0.61874,0.60876,0.61766,0.6105625
5696.0,0.56717,0.59582,0.6185,0.60687,0.61592,0.6092775
5697.0,0.48985,0.59429,0.61822,0.60448,0.61362,0.6076525
5698.0,0.52864,0.59267,0.61793,0.6017,0.61086,0.60579
5699.0,0.53616,0.59086,0.61759,0.59852,0.60785,0.603705
5700.0,0.5398,0.58875,0.61723,0.59516,0.60481,0.6014875
5701.0,0.56224,0.5865,0.61685,0.59197,0.60179,0.5992774999999999
5702.0,0.59126,0.58432,0.61645,0.58894,0.59872,0.5971075
5703.0,0.56554,0.5822,0.61605,0.58582,0.59567,0.594935
5704.0,0.53368,0.58033,0.61566,0.58269,0.59279,0.5928675
5705.0,0.52004,0.57893,0.61527,0.57993,0.59019,0.59108
5706.0,0.52003,0.57796,0.61492,0.57767,0.58805,0.58965
5707.0,0.50373,0.57734,0.61459,0.57598,0.58663,0.588635
5708.0,0.4986,0.57718,0.6143,0.57506,0.58599,0.5881325
5709.0,0.50904,0.5776,0.61404,0.57515,0.58619,0.588245
5710.0,0.51903,0.5785,0.61381,0.57645,0.58744,0.58905
5711.0,0.50653,0.57992,0.61361,0.57905,0.58979,0.5905925000000001
5712.0,0.54255,0.58187,0.61346,0.58265,0.59298,0.5927399999999999
5713.0,0.54653,0.58421,0.61333,0.58688,0.59684,0.595315
5714.0,0.50192,0.58681,0.61321,0.59154,0.60115,0.5981775
5715.0,0.48374,0.58962,0.61309,0.59639,0.60559,0.6011725
5716.0,0.47114,0.59247,0.61299,0.60112,0.60994,0.60413
5717.0,0.46884,0.59516,0.6129,0.60543,0.61406,0.6068875
5718.0,0.50087,0.59761,0.61281,0.60912,0.61765,0.6092975
5719.0,0.56924,0.59973,0.6127,0.61213,0.62059,0.6112875
5720.0,0.53668,0.6015,0.61256,0.61446,0.62288,0.61285
5721.0,0.51615,0.60291,0.61241,0.61608,0.62445,0.6139625
5722.0,0.51,0.60395,0.61225,0.617,0.62532,0.61463
5723.0,0.46114,0.60473,0.6121,0.61723,0.62556,0.6149049999999999
5724.0,0.43154,0.60527,0.61194,0.61677,0.62526,0.6148100000000001
5725.0,0.46048,0.60543,0.61174,0.61587,0.62464,0.61442
5726.0,0.52572,0.60521,0.61153,0.6149,0.62388,0.61388
5727.0,0.56495,0.60488,0.61132,0.61395,0.62296,0.6132774999999999
5728.0,0.51092,0.60457,0.61111,0.61287,0.62193,0.61262
5729.0,0.54446,0.60424,0.6109,0.61177,0.62102,0.6119825
5730.0,0.59666,0.60398,0.61067,0.6111,0.62045,0.61155
5731.0,0.56799,0.60379,0.61042,0.61103,0.62017,0.6113525
5732.0,0.52519,0.60352,0.61016,0.61114,0.62013,0.6112375
5733.0,0.51084,0.60317,0.60991,0.61116,0.6202,0.61111
5734.0,0.49759,0.60291,0.60966,0.6112,0.62023,0.611
5735.0,0.48143,0.60283,0.60941,0.61137,0.62019,0.61095
5736.0,0.51844,0.60274,0.60914,0.61155,0.62018,0.6109025
5737.0,0.5025,0.60255,0.60886,0.61152,0.62018,0.6107775
5738.0,0.47239,0.60228,0.60858,0.61131,0.62003,0.61055
5739.0,0.47094,0.60198,0.60832,0.61098,0.61969,0.6102424999999999
5740.0,0.49009,0.60165,0.60807,0.61052,0.61924,0.6098699999999999
5741.0,0.5124,0.60121,0.60784,0.60997,0.61877,0.6094475
5742.0,0.53385,0.60061,0.60759,0.60948,0.6183,0.608995
5743.0,0.54699,0.59988,0.60735,0.60902,0.6177,0.6084875000000001
5744.0,0.53853,0.59918,0.60713,0.60829,0.61685,0.6078625
5745.0,0.51614,0.59854,0.6069,0.60715,0.61579,0.6070949999999999
5746.0,0.52241,0.59785,0.60668,0.60583,0.61467,0.6062575000000001
5747.0,0.55383,0.597,0.60646,0.60461,0.61356,0.6054075
5748.0,0.55932,0.59595,0.60625,0.60342,0.61235,0.6044924999999999
5749.0,0.52139,0.59481,0.60604,0.60192,0.61095,0.60343
5750.0,0.48667,0.59386,0.60583,0.60021,0.60943,0.6023325
5751.0,0.49903,0.59329,0.60561,0.59872,0.60801,0.6014075000000001
5752.0,0.5567,0.59295,0.60538,0.59778,0.607,0.6007775
5753.0,0.49844,0.59255,0.60516,0.59732,0.60647,0.600375
5754.0,0.48458,0.592,0.60496,0.59704,0.60626,0.6000650000000001
5755.0,0.53387,0.59141,0.60477,0.59681,0.60612,0.5997775000000001
5756.0,0.54255,0.59103,0.60456,0.59677,0.60594,0.5995750000000001
5757.0,0.48252,0.591,0.60436,0.59695,0.60577,0.59952
5758.0,0.47037,0.59132,0.60415,0.59718,0.60572,0.5995925
5759.0,0.48967,0.59186,0.60395,0.59732,0.60588,0.5997525
5760.0,0.47347,0.59238,0.60376,0.59747,0.6063,0.5999774999999999
5761.0,0.52036,0.59277,0.60356,0.59796,0.60701,0.600325
5762.0,0.54564,0.59312,0.60336,0.59892,0.60795,0.6008374999999999
5763.0,0.52831,0.59353,0.60318,0.60018,0.60902,0.6014775
5764.0,0.49903,0.59405,0.60299,0.60156,0.61021,0.6022025
5765.0,0.49635,0.59467,0.60278,0.60306,0.61147,0.602995
5766.0,0.5171,0.5953,0.60256,0.60459,0.61267,0.60378
5767.0,0.5285,0.59571,0.60234,0.60585,0.61369,0.6043974999999999
5768.0,0.51567,0.59572,0.60212,0.60655,0.61438,0.6046925000000001
5769.0,0.54883,0.59539,0.60188,0.60662,0.61454,0.6046075
5770.0,0.52933,0.59478,0.60163,0.60614,0.61411,0.6041650000000001
5771.0,0.47921,0.59396,0.60136,0.6052,0.61313,0.6034125
5772.0,0.46775,0.59292,0.60106,0.60375,0.61169,0.602355
5773.0,0.50336,0.59154,0.60074,0.60181,0.60986,0.6009875
5774.0,0.49562,0.58979,0.60041,0.59948,0.60763,0.5993275
5775.0,0.50433,0.5877,0.60007,0.59679,0.60494,0.597375
5776.0,0.57226,0.58538,0.59973,0.59366,0.60178,0.5951374999999999
5777.0,0.53271,0.58309,0.59938,0.59002,0.5982,0.5926724999999999
5778.0,0.51522,0.58097,0.59901,0.58595,0.59437,0.590075
5779.0,0.5265,0.57893,0.59865,0.58189,0.59062,0.5875225
5780.0,0.51927,0.57691,0.59829,0.57823,0.58722,0.5851625
5781.0,0.47374,0.57515,0.59798,0.5751,0.58424,0.5831175
5782.0,0.45943,0.57381,0.59769,0.57254,0.58185,0.5814725000000001
5783.0,0.49669,0.57292,0.59739,0.57083,0.58039,0.5803825
5784.0,0.54314,0.5726,0.59708,0.57044,0.57999,0.5800275
5785.0,0.48006,0.57276,0.59678,0.57138,0.58053,0.5803625
5786.0,0.44616,0.57315,0.59649,0.57317,0.58191,0.58118
5787.0,0.46413,0.57384,0.59618,0.57542,0.58391,0.5823375000000001
5788.0,0.49578,0.57507,0.59578,0.57799,0.58626,0.5837749999999999
5789.0,0.48919,0.57668,0.59526,0.58086,0.58888,0.58542
5790.0,0.45422,0.57835,0.59469,0.58381,0.59162,0.5871175
5791.0,0.45803,0.57996,0.59411,0.58654,0.59431,0.58873
5792.0,0.50897,0.58132,0.59343,0.58892,0.59674,0.5901025
5793.0,0.45465,0.58251,0.59252,0.59094,0.59874,0.5911775
5794.0,0.44593,0.58384,0.59139,0.59257,0.60029,0.5920225
5795.0,0.49636,0.58526,0.59024,0.59391,0.60157,0.5927450000000001
5796.0,0.55419,0.58648,0.58925,0.5951,0.6028,0.5934075000000001
5797.0,0.56532,0.58743,0.58839,0.59617,0.60389,0.5939699999999999
5798.0,0.55106,0.58802,0.58739,0.597,0.6047,0.5942775
5799.0,0.53995,0.58823,0.58607,0.59748,0.60524,0.594255
5800.0,0.54332,0.58839,0.58486,0.59771,0.60546,0.594105
5801.0,0.53385,0.58874,0.58414,0.59775,0.60535,0.593995
5802.0,0.53994,0.58907,0.58399,0.5976,0.60509,0.5939375
5803.0,0.54764,0.5892,0.58376,0.59729,0.60485,0.5937749999999999
5804.0,0.53438,0.58917,0.58318,0.59688,0.60459,0.593455
5805.0,0.5069,0.58901,0.58259,0.59644,0.60425,0.5930725
5806.0,0.51434,0.58875,0.5824,0.59602,0.60388,0.5927625
5807.0,0.53917,0.58862,0.58273,0.59567,0.60356,0.592645
5808.0,0.54955,0.58868,0.5832,0.59548,0.6033,0.592665
5809.0,0.55538,0.58879,0.58329,0.59543,0.60311,0.592655
5810.0,0.56561,0.58883,0.58308,0.59544,0.60304,0.5925975
5811.0,0.56595,0.58884,0.58314,0.59549,0.60303,0.592625
5812.0,0.54181,0.58898,0.58367,0.59553,0.60303,0.5928025
5813.0,0.51048,0.58932,0.5846,0.59559,0.60311,0.593155
5814.0,0.51973,0.58983,0.58518,0.59583,0.60344,0.5935699999999999
5815.0,0.54152,0.59041,0.58555,0.59639,0.60405,0.5941
5816.0,0.52903,0.591,0.58604,0.59726,0.60485,0.5947874999999999
5817.0,0.50089,0.5915,0.58679,0.59828,0.60577,0.595585
5818.0,0.49443,0.59204,0.58778,0.59937,0.60681,0.5964999999999999
5819.0,0.52825,0.59276,0.58869,0.60054,0.60785,0.59746
5820.0,0.59364,0.59361,0.58937,0.60176,0.60886,0.5983999999999999
5821.0,0.62411,0.59437,0.58991,0.60288,0.60983,0.5992475
5822.0,0.55033,0.59491,0.59043,0.60377,0.61072,0.5999575
5823.0,0.48179,0.59527,0.59095,0.60437,0.61138,0.6004925
5824.0,0.54738,0.5955,0.59147,0.6047,0.61175,0.600855
5825.0,0.53226,0.59567,0.59179,0.60479,0.61186,0.6010275
5826.0,0.52375,0.5958,0.5919,0.60472,0.61179,0.6010525
5827.0,0.54571,0.59581,0.59182,0.60449,0.61152,0.6009099999999999
5828.0,0.55898,0.59565,0.59169,0.60409,0.61107,0.600625
5829.0,0.54319,0.59532,0.59158,0.6035,0.61051,0.6002275
5830.0,0.54199,0.59492,0.5914,0.60277,0.60984,0.5997325
5831.0,0.54985,0.59455,0.5911,0.60194,0.60904,0.5991575
5832.0,0.52698,0.59419,0.5907,0.6011,0.60824,0.5985575
5833.0,0.49066,0.59375,0.59026,0.60035,0.60755,0.5979775
5834.0,0.50595,0.59329,0.58987,0.59974,0.60694,0.5974600000000001
5835.0,0.54958,0.59287,0.5895,0.59926,0.60641,0.59701
5836.0,0.52857,0.59246,0.58913,0.59892,0.60608,0.5966475
5837.0,0.46654,0.59207,0.58873,0.59882,0.60595,0.5963925
5838.0,0.5062,0.59173,0.58833,0.59893,0.60592,0.5962275
5839.0,0.60175,0.59128,0.58796,0.59908,0.60587,0.5960475
5840.0,0.54108,0.59061,0.58763,0.59907,0.60573,0.59576
5841.0,0.52654,0.58984,0.58729,0.59878,0.60539,0.595325
5842.0,0.53508,0.58898,0.58696,0.59823,0.60472,0.5947225
5843.0,0.5261,0.58797,0.58663,0.59733,0.60369,0.5939049999999999
5844.0,0.50018,0.58682,0.58631,0.59597,0.60233,0.5928575
5845.0,0.48598,0.58549,0.58599,0.59416,0.60067,0.5915775
5846.0,0.50479,0.58386,0.58566,0.59206,0.5987,0.59007
5847.0,0.55309,0.58199,0.58534,0.58976,0.59643,0.5883799999999999
5848.0,0.58974,0.57999,0.58505,0.58721,0.5939,0.5865374999999999
5849.0,0.56346,0.57799,0.58476,0.58438,0.59116,0.5845724999999999
5850.0,0.50236,0.57612,0.58446,0.58136,0.58833,0.5825675
5851.0,0.45481,0.57433,0.58416,0.57841,0.58556,0.580615
5852.0,0.46152,0.57246,0.58386,0.5757,0.58291,0.5787325
5853.0,0.49668,0.57057,0.5836,0.57314,0.58038,0.5769225
5854.0,0.50263,0.56893,0.58337,0.57063,0.57806,0.5752475
5855.0,0.45845,0.5677,0.58311,0.56842,0.57619,0.573855
5856.0,0.45247,0.56692,0.58283,0.56695,0.5749,0.5729
5857.0,0.4678,0.56643,0.58253,0.56639,0.57418,0.5723825
5858.0,0.48623,0.56604,0.58222,0.56646,0.57399,0.5721775
5859.0,0.49614,0.56579,0.58186,0.56688,0.57433,0.572215
5860.0,0.49878,0.56596,0.58141,0.56766,0.57511,0.572535
5861.0,0.50268,0.56652,0.58089,0.56899,0.57621,0.5731525000000001
5862.0,0.51181,0.5672,0.58021,0.57076,0.57748,0.5739125
5863.0,0.51752,0.56792,0.57928,0.57252,0.57885,0.5746425000000001
5864.0,0.47876,0.5686,0.5781,0.57406,0.58031,0.5752675
5865.0,0.48669,0.56925,0.57678,0.57546,0.58174,0.5758075
5866.0,0.53072,0.56991,0.5754,0.57685,0.58299,0.5762875000000001
5867.0,0.52724,0.57044,0.57381,0.57812,0.58395,0.57658
5868.0,0.51376,0.57066,0.57161,0.57903,0.58462,0.57648
5869.0,0.52235,0.57063,0.56905,0.57948,0.58497,0.5760325
5870.0,0.55454,0.57046,0.56674,0.57958,0.58494,0.57543
5871.0,0.58637,0.57007,0.56497,0.57939,0.58451,0.574735
5872.0,0.62989,0.56943,0.56348,0.57879,0.58374,0.57386
5873.0,1.0864,0.56851,0.56128,0.57777,0.58272,0.57257
5874.0,1.98009,0.56725,0.55894,0.57642,0.58144,0.5710124999999999
5875.0,2.69212,0.56566,0.55761,0.57483,0.57991,0.5695025
5876.0,2.79617,0.56381,0.55764,0.57302,0.5781,0.5681425
5877.0,2.28478,0.56164,0.55836,0.57097,0.57606,0.5667575
5878.0,1.4139,0.55902,0.55845,0.56872,0.5738,0.5649974999999999
5879.0,0.73551,0.55586,0.55851,0.56616,0.57117,0.562925
5880.0,0.50507,0.5523,0.55934,0.56302,0.56797,0.5606574999999999
5881.0,0.52198,0.5484,0.5611,0.5589,0.56403,0.5581075
5882.0,0.51576,0.54415,0.56313,0.55369,0.55922,0.5550475
5883.0,0.50315,0.53939,0.5645,0.54749,0.55334,0.55118
5884.0,0.4955,0.53384,0.56548,0.54021,0.5462,0.5464325000000001
5885.0,0.49196,0.52762,0.56653,0.53166,0.53791,0.54093
5886.0,0.4842,0.52166,0.56774,0.52185,0.5289,0.5350375
5887.0,0.46174,0.51672,0.5688,0.51152,0.51995,0.5292475
5888.0,0.44403,0.5125,0.56939,0.50204,0.51173,0.523915
5889.0,0.45483,0.50847,0.56961,0.49427,0.50456,0.5192275
5890.0,0.50243,0.50444,0.56979,0.48819,0.49871,0.5152825
5891.0,0.49711,0.50072,0.57003,0.48362,0.49439,0.51219
5892.0,0.46421,0.49868,0.57025,0.48074,0.49185,0.51038
5893.0,0.44643,0.49919,0.57032,0.48027,0.4915,0.51032
5894.0,0.48088,0.50127,0.57025,0.4829,0.49347,0.5119724999999999
5895.0,0.53607,0.50377,0.57022,0.48809,0.49753,0.5149024999999999
5896.0,0.54705,0.50648,0.57034,0.49466,0.50332,0.5187
5897.0,0.49659,0.50951,0.57056,0.50197,0.5103,0.523085
5898.0,0.45816,0.51359,0.57075,0.50979,0.5179,0.5280075
5899.0,0.48325,0.51906,0.57086,0.51822,0.52567,0.5334525
5900.0,0.52036,0.52488,0.57097,0.52702,0.53326,0.5390325
5901.0,0.50405,0.5301,0.57115,0.5353,0.54049,0.5442600000000001
5902.0,0.4333,0.53473,0.57138,0.54237,0.54719,0.5489175000000001
5903.0,0.42739,0.53888,0.57156,0.54819,0.55305,0.5529200000000001
5904.0,0.50068,0.54269,0.57167,0.55293,0.55782,0.5562775
5905.0,0.58026,0.54625,0.57173,0.55663,0.5615,0.5590275
5906.0,0.51007,0.5493,0.57177,0.55929,0.5642,0.56114
5907.0,0.47273,0.55163,0.5718,0.56101,0.56603,0.5626175
5908.0,0.51121,0.55334,0.57179,0.56195,0.56713,0.5635525
5909.0,0.52886,0.55454,0.57172,0.56232,0.56757,0.5640375
5910.0,0.48337,0.55532,0.57162,0.56219,0.56747,0.56415
5911.0,0.48573,0.55585,0.57151,0.56162,0.56705,0.5640075
5912.0,0.539,0.55624,0.57137,0.56084,0.56651,0.56374
5913.0,0.49875,0.55656,0.57121,0.56012,0.56599,0.5634699999999999
5914.0,0.50539,0.55675,0.57105,0.55963,0.56557,0.56325
5915.0,0.51267,0.55679,0.57089,0.55941,0.56535,0.56311
5916.0,0.47318,0.55682,0.57073,0.5594,0.56538,0.5630824999999999
5917.0,0.45155,0.55693,0.57056,0.55969,0.56564,0.563205
5918.0,0.47767,0.55712,0.57038,0.56032,0.56607,0.5634724999999999
5919.0,0.51009,0.55741,0.57021,0.56113,0.56664,0.5638475
5920.0,0.50998,0.5577,0.57004,0.56198,0.56733,0.5642625
5921.0,0.55334,0.55796,0.56986,0.56277,0.56802,0.5646525
5922.0,0.52381,0.55818,0.56967,0.56336,0.56859,0.56495
5923.0,0.46346,0.55828,0.56947,0.56374,0.56893,0.565105
5924.0,0.50724,0.55821,0.56927,0.56381,0.56899,0.56507
5925.0,0.53107,0.55811,0.56906,0.56352,0.56878,0.5648675
5926.0,0.48791,0.55805,0.56884,0.56299,0.56837,0.5645625000000001
5927.0,0.43221,0.55808,0.56862,0.56235,0.56788,0.5642325
5928.0,0.49811,0.55808,0.56839,0.56177,0.5674,0.56391
5929.0,0.49714,0.55786,0.56816,0.56131,0.56692,0.5635625
5930.0,0.48947,0.55744,0.56794,0.56086,0.56643,0.5631675
5931.0,0.53187,0.55707,0.56773,0.56041,0.56604,0.5628125
5932.0,0.53156,0.55696,0.56752,0.56008,0.56582,0.5625950000000001
5933.0,0.51607,0.55708,0.5673,0.56005,0.56576,0.5625475
5934.0,0.50527,0.55719,0.56709,0.56033,0.5658,0.5626025
5935.0,0.49871,0.5571,0.56689,0.56069,0.56591,0.5626475000000001
5936.0,0.45259,0.55682,0.5667,0.56092,0.56603,0.5626175
5937.0,0.47853,0.55657,0.56651,0.56099,0.5661,0.5625425
5938.0,0.54302,0.55652,0.5663,0.56097,0.56609,0.56247
5939.0,0.51142,0.55656,0.56609,0.56096,0.56601,0.562405
5940.0,0.48494,0.55657,0.56588,0.56093,0.5659,0.56232
5941.0,0.47155,0.55643,0.56567,0.56081,0.56577,0.5621700000000001
5942.0,0.46455,0.55606,0.56546,0.56061,0.56555,0.56192
5943.0,0.46863,0.55555,0.56524,0.56026,0.5652,0.5615625
5944.0,0.52695,0.5551,0.56501,0.55971,0.56468,0.561125
5945.0,0.54132,0.55477,0.56478,0.55904,0.56404,0.5606574999999999
5946.0,0.46125,0.55453,0.56454,0.55832,0.56338,0.5601925
5947.0,0.4734,0.55422,0.5643,0.55764,0.5627,0.5597150000000001
5948.0,0.49404,0.55368,0.56407,0.55695,0.56196,0.559165
5949.0,0.49331,0.55309,0.56385,0.55614,0.5612,0.55857
5950.0,0.48675,0.55273,0.56363,0.55527,0.56056,0.5580475
5951.0,0.49426,0.55263,0.56339,0.55459,0.56005,0.557665
5952.0,0.49461,0.55264,0.56317,0.55425,0.55965,0.5574275
5953.0,0.49639,0.55263,0.56298,0.55419,0.55941,0.5573025
5954.0,0.53261,0.55262,0.56281,0.55432,0.55945,0.5573
5955.0,0.49648,0.55281,0.56263,0.55464,0.55981,0.5574725
5956.0,0.46573,0.5533,0.56244,0.55527,0.56047,0.5578700000000001
5957.0,0.50653,0.55394,0.56229,0.55627,0.56132,0.5584549999999999
5958.0,0.56072,0.55453,0.56217,0.55747,0.56228,0.5591124999999999
5959.0,0.55895,0.55509,0.56207,0.55866,0.56334,0.55979
5960.0,0.49943,0.55571,0.56193,0.55981,0.56444,0.5604725000000002
5961.0,0.42805,0.55639,0.5618,0.56093,0.56547,0.5611475
5962.0,0.43771,0.55708,0.56168,0.56196,0.56638,0.561775
5963.0,0.47174,0.55774,0.56157,0.56285,0.56723,0.5623475
5964.0,0.48633,0.55823,0.56144,0.56362,0.56799,0.5628200000000001
5965.0,0.46914,0.55855,0.56127,0.56423,0.5686,0.5631625
5966.0,0.46591,0.55872,0.5611,0.56466,0.56904,0.56338
5967.0,0.4828,0.55874,0.56091,0.5649,0.5693,0.5634625
5968.0,0.49426,0.55863,0.5607,0.56493,0.56932,0.5633950000000001
5969.0,0.44032,0.55843,0.56046,0.56472,0.5691,0.5631775
5970.0,0.41595,0.55804,0.56019,0.56427,0.56858,0.56277
5971.0,0.4342,0.55738,0.55991,0.56349,0.56772,0.562125
5972.0,0.46919,0.55651,0.55961,0.5623,0.56656,0.561245
5973.0,0.50457,0.55553,0.55929,0.56077,0.56519,0.560195
5974.0,0.51147,0.5545,0.55897,0.55905,0.56366,0.559045
5975.0,0.48609,0.55351,0.55866,0.55726,0.56207,0.5578749999999999
5976.0,0.455,0.55252,0.55836,0.55555,0.56048,0.5567274999999999
5977.0,0.48473,0.55145,0.55805,0.55397,0.55893,0.5556000000000001
5978.0,0.5301,0.55033,0.55775,0.55247,0.55744,0.5544975
5979.0,0.55361,0.54924,0.55749,0.55106,0.55603,0.553455
5980.0,0.57145,0.54828,0.55727,0.54977,0.55476,0.55252
5981.0,0.52052,0.54765,0.55706,0.54866,0.55376,0.5517825
5982.0,0.43163,0.54727,0.55684,0.54788,0.55305,0.5512600000000001
5983.0,0.38129,0.54693,0.55664,0.54747,0.55261,0.5509125
5984.0,0.42408,0.54662,0.5565,0.54733,0.55244,0.5507225
5985.0,0.50503,0.54643,0.55638,0.5474,0.55256,0.5506925
5986.0,0.55533,0.54637,0.55624,0.54773,0.55291,0.5508124999999999
5987.0,0.51399,0.5465,0.5561,0.5483,0.55343,0.5510825
5988.0,0.48815,0.54676,0.55597,0.54908,0.55409,0.5514749999999999
5989.0,0.48472,0.54707,0.55586,0.55001,0.55485,0.5519475
5990.0,0.48965,0.54737,0.55574,0.55096,0.55559,0.552415
5991.0,0.50184,0.54753,0.5556,0.55174,0.55619,0.552765
5992.0,0.51424,0.54749,0.55545,0.55219,0.55655,0.55292
5993.0,0.51237,0.5473,0.55529,0.55223,0.55659,0.5528525
5994.0,0.48628,0.54712,0.55513,0.55188,0.55635,0.5526200000000001
5995.0,0.47055,0.54704,0.55495,0.55131,0.5559,0.5523
5996.0,0.468,0.54683,0.55474,0.55064,0.55523,0.55186
5997.0,0.48082,0.54629,0.55452,0.54986,0.55438,0.5512625
5998.0,0.51316,0.5454,0.5543,0.54886,0.55337,0.5504825
5999.0,0.53112,0.54446,0.55407,0.54766,0.55231,0.549625
6000.0,0.52071,0.54383,0.55383,0.5464,0.55125,0.5488275
6001.0,0.48831,0.54335,0.55357,0.54531,0.55017,0.5481
6002.0,0.4769,0.54266,0.55331,0.54434,0.54905,0.5473399999999999
6003.0,0.49647,0.54165,0.55307,0.54333,0.54793,0.546495
6004.0,0.52216,0.54053,0.55284,0.54224,0.54691,0.5456300000000001
6005.0,0.51156,0.53978,0.55262,0.54116,0.54608,0.54491
6006.0,0.48003,0.53948,0.55237,0.54033,0.54541,0.5443975
6007.0,0.45502,0.5391,0.55214,0.53985,0.5448,0.5439725
6008.0,0.45331,0.53836,0.55195,0.53948,0.54421,0.5435
6009.0,0.47178,0.53748,0.55178,0.53899,0.54369,0.542985
6010.0,0.4746,0.53687,0.55159,0.53844,0.54328,0.542545
6011.0,0.46476,0.53667,0.55139,0.53797,0.5429,0.5422325
6012.0,0.45915,0.53654,0.5512,0.53765,0.54246,0.5419625
6013.0,0.45788,0.53617,0.55105,0.53731,0.54198,0.5416275
6014.0,0.45866,0.5357,0.55089,0.53682,0.54149,0.541225
6015.0,0.45728,0.53533,0.55072,0.53623,0.541,0.54082
6016.0,0.44864,0.53521,0.55053,0.53559,0.54053,0.540465
6017.0,0.44348,0.53532,0.55037,0.53504,0.54015,0.54022
6018.0,0.45912,0.53547,0.5502,0.53476,0.53993,0.54009
6019.0,0.48951,0.53568,0.55003,0.53477,0.53994,0.5401050000000001
6020.0,0.46921,0.53606,0.54986,0.53508,0.54026,0.540315
6021.0,0.45487,0.53663,0.54969,0.53573,0.54092,0.5407425
6022.0,0.46401,0.53737,0.54953,0.53676,0.54189,0.5413875
6023.0,0.48245,0.53826,0.54936,0.53809,0.54313,0.54221
6024.0,0.49767,0.53934,0.5492,0.53969,0.54466,0.5432225
6025.0,0.50064,0.54055,0.54904,0.54156,0.54638,0.5443825
6026.0,0.48704,0.54176,0.54888,0.5436,0.54818,0.545605
6027.0,0.46199,0.54297,0.54871,0.54562,0.55002,0.5468299999999999
6028.0,0.47905,0.5442,0.54854,0.54757,0.55184,0.5480375
6029.0,0.51094,0.54542,0.54837,0.5494,0.55354,0.5491825
6030.0,0.50742,0.54657,0.54819,0.55101,0.55504,0.5502024999999999
6031.0,0.50361,0.54759,0.54801,0.55236,0.55632,0.5510700000000001
6032.0,0.50543,0.54844,0.54782,0.55345,0.55736,0.5517675
6033.0,0.50832,0.54918,0.54763,0.55426,0.55813,0.5523
6034.0,0.50029,0.54983,0.54743,0.55478,0.55865,0.5526725
6035.0,0.47856,0.55034,0.54723,0.55507,0.55894,0.552895
6036.0,0.46372,0.55069,0.54703,0.55514,0.55904,0.552975
6037.0,0.47298,0.55092,0.54684,0.55504,0.55901,0.5529525
6038.0,0.48647,0.55109,0.54666,0.55487,0.55894,0.55289
6039.0,0.51313,0.55126,0.54648,0.55471,0.55888,0.5528325000000001
6040.0,0.5361,0.55139,0.5463,0.55466,0.55885,0.5528000000000001
6041.0,0.51471,0.55142,0.54613,0.55472,0.55887,0.5527850000000001
6042.0,0.46397,0.55137,0.54597,0.55484,0.55897,0.5527875
6043.0,0.46019,0.5513,0.54582,0.555,0.55911,0.5528075
6044.0,0.5318,0.55121,0.54567,0.5552,0.55925,0.5528325000000001
6045.0,0.55897,0.55108,0.54551,0.55535,0.55934,0.55282
6046.0,0.54605,0.55088,0.54535,0.55539,0.55932,0.552735
6047.0,0.51707,0.55055,0.5452,0.55528,0.55911,0.552535
6048.0,0.50174,0.5501,0.54505,0.5549,0.55868,0.5521825
6049.0,0.49747,0.54957,0.54488,0.5542,0.55802,0.5516675
6050.0,0.49707,0.54897,0.5447,0.55322,0.55714,0.5510075
6051.0,0.49745,0.54831,0.54451,0.55206,0.55607,0.5502375
6052.0,0.50323,0.54758,0.54432,0.55077,0.55487,0.549385
6053.0,0.49553,0.54679,0.54412,0.54944,0.55366,0.5485025000000001
6054.0,0.4789,0.54601,0.54391,0.54819,0.55249,0.54765
6055.0,0.47174,0.54524,0.54368,0.54706,0.55139,0.5468425
6056.0,0.4839,0.54447,0.54346,0.54608,0.5504,0.5461024999999999
6057.0,0.49355,0.54382,0.54324,0.54525,0.5495,0.5454525
6058.0,0.48244,0.54329,0.54302,0.54454,0.54871,0.5448900000000001
6059.0,0.44593,0.54287,0.54277,0.54389,0.548,0.5443825
6060.0,0.41953,0.54252,0.54252,0.54332,0.54739,0.5439375
6061.0,0.40496,0.5422,0.54228,0.54286,0.54697,0.5435775
6062.0,0.39678,0.5421,0.54205,0.54255,0.54683,0.5433825
6063.0,0.43574,0.5423,0.5418,0.54261,0.54695,0.543415
6064.0,0.478,0.54263,0.54153,0.5431,0.54736,0.5436549999999999
6065.0,0.49306,0.54294,0.54128,0.54389,0.54805,0.54404
6066.0,0.48288,0.54319,0.54105,0.54493,0.549,0.5445424999999999
6067.0,0.46936,0.54349,0.54082,0.54618,0.55014,0.5451575
6068.0,0.4632,0.54396,0.54056,0.54752,0.55134,0.545845
6069.0,0.46625,0.54442,0.5403,0.54885,0.55247,0.5465099999999999
6070.0,0.46198,0.54465,0.54007,0.55002,0.55335,0.5470225
6071.0,0.44057,0.54462,0.53986,0.55077,0.55387,0.54728
6072.0,0.41528,0.54434,0.53963,0.55089,0.55389,0.5471875
6073.0,0.42655,0.54392,0.53939,0.55034,0.55341,0.546765
6074.0,0.44691,0.54335,0.53918,0.54919,0.55243,0.5460375
6075.0,0.45821,0.54257,0.539,0.54753,0.55101,0.5450275
6076.0,0.45684,0.5416,0.53882,0.54557,0.54923,0.543805
6077.0,0.48033,0.54047,0.53861,0.54346,0.5472,0.542435
6078.0,0.4841,0.5392,0.53843,0.54126,0.54512,0.5410025
6079.0,0.46137,0.53793,0.53828,0.53907,0.54312,0.5396000000000001
6080.0,0.46079,0.53672,0.53814,0.53711,0.54126,0.5383074999999999
6081.0,0.46259,0.53558,0.53798,0.53545,0.53962,0.5371575
6082.0,0.46383,0.53454,0.53782,0.53407,0.53825,0.53617
6083.0,0.46776,0.53356,0.53769,0.53303,0.53716,0.5353600000000001
6084.0,0.47107,0.53272,0.53757,0.53231,0.53629,0.5347225
6085.0,0.45419,0.53206,0.53743,0.53176,0.5356,0.5342125
6086.0,0.42671,0.53153,0.53729,0.53129,0.5351,0.5338025000000001
6087.0,0.43344,0.53106,0.53715,0.53095,0.53477,0.5334825000000001
6088.0,0.4281,0.53066,0.53703,0.53076,0.53457,0.533255
6089.0,0.42772,0.53037,0.53689,0.5307,0.53448,0.53311
6090.0,0.45962,0.53025,0.53675,0.53076,0.53452,0.53307
6091.0,0.47466,0.5302,0.5366,0.53095,0.53462,0.5330925
6092.0,0.45531,0.52997,0.53644,0.53117,0.53472,0.5330750000000001
6093.0,0.42588,0.52955,0.53629,0.53129,0.53482,0.5329875000000001
6094.0,0.45905,0.52914,0.53612,0.5313,0.53485,0.5328525000000001
6095.0,0.51639,0.529,0.53594,0.53121,0.53471,0.532715
6096.0,0.52563,0.52897,0.53574,0.53091,0.53429,0.5324775
6097.0,0.44366,0.52865,0.53553,0.53028,0.53353,0.5319974999999999
6098.0,0.439,0.52787,0.53532,0.52922,0.5326,0.5312525
6099.0,0.48491,0.52708,0.53512,0.52783,0.53164,0.5304175
6100.0,0.52704,0.52685,0.53488,0.52648,0.53071,0.52973
6101.0,0.51025,0.52705,0.53462,0.5255,0.52987,0.52926
6102.0,0.50472,0.52703,0.53436,0.52493,0.52925,0.5288925
6103.0,0.49872,0.52657,0.53413,0.52471,0.52898,0.5285975
6104.0,0.4615,0.52614,0.5339,0.52486,0.52913,0.5285075
6105.0,0.49066,0.5264,0.53363,0.52539,0.52965,0.5287675000000001
6106.0,0.52795,0.52716,0.53334,0.52632,0.53046,0.52932
6107.0,0.52838,0.52762,0.53306,0.52762,0.53149,0.5299475
6108.0,0.50683,0.52763,0.53282,0.52907,0.53259,0.5305274999999999
6109.0,0.49264,0.52762,0.53255,0.53039,0.53362,0.531045
6110.0,0.48652,0.52794,0.53225,0.5314,0.53443,0.531505
6111.0,0.47972,0.52834,0.53193,0.53199,0.53495,0.5318025
6112.0,0.50675,0.52823,0.53164,0.53213,0.53513,0.5317825
6113.0,0.52287,0.52764,0.53137,0.53183,0.53487,0.5314274999999999
6114.0,0.49844,0.52708,0.53108,0.5311,0.53413,0.5308474999999999
6115.0,0.46357,0.52669,0.53077,0.52991,0.53294,0.5300775
6116.0,0.4525,0.52613,0.53047,0.5283,0.53141,0.5290775
6117.0,0.46885,0.52511,0.53022,0.52638,0.52968,0.5278475
6118.0,0.48843,0.52383,0.53,0.52429,0.5279,0.526505
6119.0,0.447,0.52287,0.52978,0.52224,0.52619,0.52527
6120.0,0.42432,0.52232,0.52956,0.52057,0.52467,0.5242800000000001
6121.0,0.47246,0.52174,0.52937,0.51939,0.52345,0.5234875
6122.0,0.48119,0.52087,0.52923,0.51862,0.52259,0.5228275
6123.0,0.48078,0.5199,0.52911,0.51821,0.52213,0.5223374999999999
6124.0,0.4859,0.51929,0.52898,0.51816,0.52204,0.5221175
6125.0,0.48729,0.51913,0.52886,0.51842,0.52224,0.5221625
6126.0,0.4769,0.51896,0.52874,0.51892,0.52256,0.522295
6127.0,0.47199,0.51839,0.52863,0.51952,0.52283,0.5223425
6128.0,0.48681,0.5175,0.52851,0.51991,0.52286,0.522195
6129.0,0.49376,0.51679,0.52839,0.51977,0.52251,0.521865
6130.0,0.50019,0.51643,0.52824,0.51899,0.52167,0.5213325
6131.0,0.50262,0.516,0.52807,0.51756,0.52033,0.52049
6132.0,0.4803,0.51505,0.52788,0.51553,0.51865,0.5192775000000001
6133.0,0.45942,0.51375,0.52771,0.51314,0.51681,0.5178525
6134.0,0.45619,0.51286,0.52754,0.5108,0.51498,0.516545
6135.0,0.47478,0.5127,0.52733,0.50896,0.51331,0.515575
6136.0,0.47933,0.51268,0.52709,0.50771,0.51205,0.5148824999999999
6137.0,0.48241,0.51223,0.52689,0.50703,0.51141,0.51439
6138.0,0.48462,0.51162,0.52674,0.50698,0.51152,0.514215
6139.0,0.45291,0.51169,0.52657,0.50771,0.51229,0.514565
6140.0,0.42702,0.51265,0.52636,0.50921,0.51362,0.51546
6141.0,0.41718,0.51371,0.52616,0.51126,0.51532,0.5166125
6142.0,0.41387,0.51425,0.52602,0.51365,0.51718,0.5177750000000001
6143.0,0.41456,0.51453,0.52589,0.51598,0.51899,0.5188475
6144.0,0.44289,0.51511,0.52572,0.5178,0.52057,0.5198
6145.0,0.49474,0.51603,0.52552,0.519,0.52182,0.5205925
6146.0,0.47613,0.51668,0.52535,0.51974,0.52268,0.5211125000000001
6147.0,0.46068,0.51676,0.5252,0.52015,0.5231,0.5213025
6148.0,0.46443,0.51646,0.52501,0.52018,0.52304,0.5211724999999999
6149.0,0.441,0.51606,0.52479,0.51976,0.52254,0.5207875
6150.0,0.43204,0.51549,0.52456,0.51892,0.5217,0.5201675
6151.0,0.45387,0.51452,0.52433,0.51767,0.52053,0.5192625
6152.0,0.49375,0.5131,0.52408,0.5161,0.51902,0.5180750000000001
6153.0,0.45869,0.5114,0.52381,0.51423,0.51712,0.51664
6154.0,0.40371,0.50956,0.52352,0.51199,0.51477,0.51496
6155.0,0.38828,0.50761,0.52322,0.5093,0.51194,0.5130175
6156.0,0.45237,0.50542,0.5229,0.50609,0.5087,0.5107775
6157.0,0.48294,0.50298,0.52256,0.50234,0.50521,0.5082725
6158.0,0.46168,0.50051,0.52223,0.4982,0.50164,0.505645
6159.0,0.43246,0.49828,0.52189,0.49416,0.49813,0.503115
6160.0,0.44713,0.49638,0.52152,0.49064,0.49485,0.5008475
6161.0,0.47295,0.49464,0.52114,0.48775,0.49201,0.498885
6162.0,0.47347,0.493,0.5208,0.48553,0.48975,0.49727
6163.0,0.45251,0.4917,0.52047,0.48405,0.48815,0.49609250000000005
6164.0,0.44285,0.49097,0.52012,0.48329,0.4873,0.49542
6165.0,0.45737,0.49069,0.51978,0.48313,0.48721,0.4952025
6166.0,0.48637,0.4907,0.51949,0.48364,0.48777,0.49540000000000006
6167.0,0.49293,0.49105,0.51925,0.48495,0.48882,0.4960175
6168.0,0.47141,0.49186,0.51901,0.48688,0.49027,0.497005
6169.0,0.43998,0.49298,0.51878,0.48901,0.49201,0.498195
6170.0,0.46633,0.49414,0.51863,0.49115,0.49396,0.49947
6171.0,0.47436,0.49538,0.51853,0.49336,0.49606,0.5008325
6172.0,0.43785,0.49687,0.51844,0.4956,0.49825,0.50229
6173.0,0.45687,0.49858,0.51837,0.49778,0.50044,0.5037925000000001
6174.0,0.47845,0.50019,0.51835,0.50001,0.50256,0.5052774999999999
6175.0,0.48114,0.50152,0.51836,0.50228,0.50455,0.5066775
6176.0,0.47113,0.50268,0.51837,0.50434,0.50639,0.507945
6177.0,0.46151,0.50377,0.51837,0.50605,0.50797,0.5090399999999999
6178.0,0.44022,0.50473,0.51838,0.50743,0.50924,0.509945
6179.0,0.40765,0.50545,0.51839,0.50846,0.51017,0.5106175
6180.0,0.43559,0.50588,0.51839,0.50903,0.51068,0.5109950000000001
6181.0,0.46455,0.506,0.51836,0.50912,0.51074,0.511055
6182.0,0.46153,0.50578,0.5183,0.50872,0.51032,0.51078
6183.0,0.44605,0.50533,0.51823,0.5078,0.50946,0.510205
6184.0,0.44225,0.50486,0.51815,0.50642,0.50819,0.509405
6185.0,0.45715,0.50441,0.51804,0.50474,0.50661,0.5084500000000001
6186.0,0.48445,0.50376,0.51789,0.50285,0.5049,0.50735
6187.0,0.48897,0.50283,0.51775,0.50084,0.50323,0.5061625
6188.0,0.44665,0.50192,0.51762,0.499,0.50173,0.5050675
6189.0,0.37668,0.5015,0.51747,0.49769,0.50055,0.5043025
6190.0,0.41573,0.5014,0.51727,0.49694,0.49979,0.50385
6191.0,0.466,0.50119,0.51709,0.49673,0.49952,0.5036325
6192.0,0.47574,0.50085,0.51696,0.49706,0.49969,0.50364
6193.0,0.46462,0.50086,0.51681,0.49786,0.50024,0.5039425
6194.0,0.47116,0.50144,0.51662,0.49893,0.50112,0.5045275
6195.0,0.48162,0.50214,0.51643,0.50005,0.50221,0.5052075
6196.0,0.46528,0.50254,0.51631,0.50125,0.50339,0.5058725
6197.0,0.4645,0.50291,0.51618,0.50259,0.50456,0.50656
6198.0,0.46193,0.50362,0.51601,0.50389,0.50566,0.5072949999999999
6199.0,0.44509,0.5045,0.51582,0.50501,0.50667,0.508
6200.0,0.44566,0.50503,0.51568,0.50594,0.50757,0.508555
6201.0,0.45424,0.50516,0.51555,0.50675,0.50835,0.5089525
6202.0,0.4572,0.50527,0.51539,0.5074,0.50897,0.5092575
6203.0,0.43841,0.50551,0.51519,0.50784,0.50937,0.5094775
6204.0,0.41208,0.5055,0.51502,0.50804,0.50948,0.50951
6205.0,0.40177,0.50495,0.51487,0.50793,0.50921,0.50924
6206.0,0.42656,0.50402,0.51468,0.50737,0.50849,0.50864
6207.0,0.43643,0.50306,0.51447,0.50622,0.50727,0.507755
6208.0,0.44494,0.50208,0.51426,0.50447,0.50558,0.5065975
6209.0,0.46422,0.50086,0.51405,0.50215,0.50347,0.5051325
6210.0,0.46997,0.49925,0.51382,0.49943,0.50104,0.5033850000000001
6211.0,0.45451,0.49742,0.51358,0.49651,0.49841,0.50148
6212.0,0.43555,0.49576,0.51333,0.4936,0.49572,0.4996025
6213.0,0.45434,0.49435,0.51309,0.4909,0.49312,0.49786500000000006
6214.0,0.42953,0.49301,0.51283,0.48851,0.4908,0.4962875
6215.0,0.38804,0.49153,0.51256,0.48647,0.48887,0.49485750000000006
6216.0,0.39964,0.49005,0.5123,0.4849,0.48739,0.49366
6217.0,0.42131,0.48894,0.51203,0.48389,0.48637,0.49280749999999995
6218.0,0.44178,0.48829,0.51175,0.48342,0.48577,0.4923075
6219.0,0.45809,0.48781,0.51146,0.48338,0.48553,0.492045
6220.0,0.46825,0.48718,0.51117,0.48361,0.48555,0.49187749999999997
6221.0,0.45132,0.48647,0.51088,0.48398,0.48568,0.49175250000000004
6222.0,0.4224,0.48601,0.51057,0.48432,0.48579,0.4916725
6223.0,0.44262,0.48587,0.51023,0.48446,0.48579,0.4915875
6224.0,0.45514,0.48577,0.5099,0.48434,0.48561,0.491405
6225.0,0.45256,0.48542,0.50956,0.48392,0.48526,0.49104
6226.0,0.45592,0.48492,0.5092,0.48322,0.48475,0.4905225
6227.0,0.4753,0.48452,0.50885,0.48236,0.48415,0.48997
6228.0,0.49854,0.48433,0.50849,0.48154,0.48353,0.48947250000000003
6229.0,0.50373,0.48419,0.50814,0.48088,0.48299,0.48905
6230.0,0.45461,0.48389,0.50781,0.4805,0.48259,0.4886975
6231.0,0.3991,0.48348,0.50751,0.48041,0.4824,0.48845
6232.0,0.37012,0.48316,0.50722,0.4805,0.48239,0.48831749999999996
6233.0,0.37297,0.48299,0.50696,0.48067,0.4825,0.48827999999999994
6234.0,0.4037,0.48281,0.50673,0.48083,0.48263,0.48824999999999996
6235.0,0.44373,0.48247,0.50655,0.4809,0.48267,0.4881475
6236.0,0.46201,0.48207,0.5064,0.4808,0.48251,0.48794499999999996
6237.0,0.45446,0.48172,0.50626,0.48049,0.48212,0.4876475
6238.0,0.45357,0.48137,0.50614,0.47986,0.48149,0.487215
6239.0,0.48359,0.4809,0.50606,0.47889,0.48067,0.48662999999999995
6240.0,0.47101,0.48034,0.50601,0.47776,0.47977,0.48597
6241.0,0.43826,0.47985,0.50594,0.47666,0.4789,0.4853375
6242.0,0.41274,0.47942,0.50587,0.4757,0.47814,0.4847825
6243.0,0.40728,0.4789,0.50582,0.47504,0.47754,0.48432500000000006
6244.0,0.41555,0.47825,0.50579,0.47473,0.47711,0.48396999999999996
6245.0,0.43037,0.47765,0.50572,0.47464,0.4768,0.48370250000000004
6246.0,0.44346,0.47722,0.50564,0.4746,0.47656,0.48350499999999996
6247.0,0.45599,0.47677,0.50555,0.47443,0.47626,0.4832525
6248.0,0.44533,0.47613,0.50548,0.474,0.4758,0.4828525
6249.0,0.39328,0.47537,0.50538,0.47331,0.47511,0.4822925
6250.0,0.4023,0.47477,0.50527,0.47238,0.47415,0.48164250000000003
6251.0,0.44593,0.47438,0.50515,0.47118,0.47298,0.4809225
6252.0,0.47591,0.47398,0.50503,0.46979,0.47171,0.4801275
6253.0,0.46325,0.47344,0.50492,0.46834,0.47046,0.47929
6254.0,0.43491,0.47301,0.5048,0.46704,0.46939,0.47856000000000004
6255.0,0.4308,0.473,0.50468,0.46615,0.46868,0.4781275
6256.0,0.505,0.47329,0.50455,0.46585,0.46842,0.47802750000000005
6257.0,0.48981,0.47361,0.50444,0.46619,0.46868,0.47823
6258.0,0.39755,0.474,0.50435,0.4672,0.46949,0.47875999999999996
6259.0,0.3732,0.47475,0.50425,0.46882,0.4708,0.47965500000000005
6260.0,0.39897,0.47587,0.50413,0.47077,0.47249,0.480815
6261.0,0.43764,0.47702,0.50403,0.47286,0.47441,0.48208
6262.0,0.44925,0.47807,0.50395,0.47506,0.47643,0.4833775
6263.0,0.43009,0.47924,0.50386,0.47725,0.4784,0.4846875
6264.0,0.43042,0.48066,0.50374,0.47926,0.48024,0.485975
6265.0,0.46554,0.48198,0.50362,0.48097,0.48188,0.48711249999999995
6266.0,0.44162,0.48297,0.50351,0.48237,0.48327,0.48802999999999996
6267.0,0.42625,0.48383,0.5034,0.48352,0.48443,0.488795
6268.0,0.44011,0.48482,0.50326,0.48446,0.48537,0.4894775
6269.0,0.43436,0.48581,0.50311,0.48518,0.48613,0.4900575
6270.0,0.44281,0.48644,0.50295,0.48572,0.48672,0.4904575
6271.0,0.47797,0.48677,0.5028,0.48618,0.48716,0.49072750000000004
6272.0,0.52639,0.48707,0.50263,0.48653,0.48745,0.49092
6273.0,0.47305,0.48749,0.50243,0.48668,0.4876,0.49105
6274.0,0.40721,0.48786,0.50224,0.48666,0.48762,0.491095
6275.0,0.44035,0.48801,0.50204,0.48648,0.48753,0.49101500000000003
6276.0,0.42622,0.48803,0.50184,0.4862,0.48738,0.4908625
6277.0,0.41106,0.48806,0.50162,0.48591,0.48721,0.49069999999999997
6278.0,0.43841,0.48821,0.5014,0.4857,0.48708,0.49059749999999996
6279.0,0.47067,0.48846,0.50119,0.48563,0.48707,0.49058750000000007
6280.0,0.46615,0.48867,0.50098,0.48574,0.48722,0.4906525
6281.0,0.4275,0.4888,0.50076,0.48607,0.48754,0.49079249999999996
6282.0,0.41227,0.48889,0.50055,0.48661,0.48803,0.49102
6283.0,0.40558,0.48907,0.50035,0.48734,0.48864,0.49135
6284.0,0.4069,0.48934,0.50016,0.48816,0.4893,0.49174
6285.0,0.42478,0.48953,0.49995,0.48891,0.48992,0.49207750000000006
6286.0,0.43823,0.48955,0.49977,0.4895,0.49039,0.4923025
6287.0,0.44631,0.4894,0.49959,0.48983,0.49063,0.49236250000000004
6288.0,0.4537,0.48916,0.49941,0.48983,0.49056,0.49224
6289.0,0.45591,0.48884,0.49921,0.48946,0.49016,0.4919175
6290.0,0.42825,0.48846,0.49902,0.48869,0.48943,0.4914
6291.0,0.37941,0.48796,0.49884,0.48757,0.48839,0.49068999999999996
6292.0,0.42378,0.48725,0.49863,0.48613,0.48709,0.489775
6293.0,0.47419,0.48636,0.4984,0.48449,0.48561,0.488715
6294.0,0.48095,0.48549,0.49817,0.48278,0.48406,0.487625
6295.0,0.46643,0.48491,0.49793,0.48109,0.48252,0.4866125
6296.0,0.47791,0.48444,0.49766,0.47948,0.48109,0.48566750000000003
6297.0,0.56349,0.48375,0.49736,0.47807,0.47986,0.48475999999999997
6298.0,0.78476,0.48301,0.49706,0.47699,0.4789,0.48399000000000003
6299.0,1.16204,0.48263,0.49676,0.47633,0.47827,0.48349749999999997
6300.0,1.44739,0.48276,0.49641,0.47607,0.47799,0.4833075
6301.0,1.31093,0.48289,0.49604,0.47616,0.47805,0.48328499999999996
6302.0,0.9853,0.48272,0.49569,0.47663,0.47842,0.483365
6303.0,0.66419,0.48257,0.49534,0.47744,0.47901,0.48359
6304.0,0.48817,0.48288,0.49495,0.47841,0.47972,0.48399
6305.0,0.43568,0.48339,0.49457,0.4793,0.48043,0.4844225
6306.0,0.43472,0.48346,0.49422,0.47999,0.481,0.48466750000000003
6307.0,0.4429,0.48318,0.4939,0.48041,0.48133,0.484705
6308.0,0.47732,0.48303,0.49357,0.48051,0.48133,0.48461000000000004
6309.0,0.52716,0.48313,0.49326,0.48017,0.48096,0.48438000000000003
6310.0,0.59577,0.48296,0.49301,0.47934,0.48024,0.48388749999999997
6311.0,0.70071,0.48235,0.49281,0.47813,0.47923,0.48313
6312.0,0.74456,0.48176,0.49265,0.47672,0.47801,0.482285
6313.0,0.70227,0.48153,0.4925,0.47518,0.47672,0.4814825
6314.0,0.59886,0.48133,0.49239,0.47368,0.4755,0.480725
6315.0,0.50295,0.48083,0.49236,0.47247,0.4745,0.48003999999999997
6316.0,0.44255,0.48049,0.49237,0.4717,0.47383,0.4795975
6317.0,0.42555,0.48064,0.49236,0.47143,0.47358,0.47950250000000005
6318.0,0.41419,0.48099,0.49238,0.47167,0.47377,0.4797025
6319.0,0.4271,0.48118,0.49245,0.47242,0.4744,0.4801125
6320.0,0.47376,0.48148,0.49253,0.47362,0.47542,0.4807625
6321.0,0.48896,0.48222,0.49257,0.47516,0.47674,0.4816725
6322.0,0.47304,0.48311,0.4926,0.47688,0.47823,0.482705
6323.0,0.44239,0.48373,0.49265,0.47861,0.47977,0.48369
6324.0,0.43311,0.48416,0.49269,0.48027,0.48122,0.484585
6325.0,0.44635,0.48489,0.49267,0.48172,0.48246,0.48543499999999995
6326.0,0.47061,0.48566,0.49261,0.4828,0.48343,0.486125
6327.0,0.47798,0.4859,0.49256,0.48347,0.48404,0.4864925
6328.0,0.44636,0.48579,0.49249,0.48374,0.48428,0.48657500000000004
6329.0,0.39991,0.48584,0.49236,0.48355,0.48413,0.48646999999999996
6330.0,0.39822,0.48599,0.49218,0.48289,0.48362,0.48617
6331.0,0.4479,0.48566,0.49201,0.48184,0.48282,0.48558250000000003
6332.0,0.51619,0.48485,0.49184,0.48059,0.4818,0.48477000000000003
6333.0,0.5457,0.48422,0.49162,0.47927,0.48065,0.48394
6334.0,0.46353,0.48396,0.49135,0.47795,0.47948,0.483185
6335.0,0.40077,0.48352,0.4911,0.47673,0.47836,0.4824275
6336.0,0.46389,0.48265,0.49086,0.4757,0.47739,0.48165
6337.0,0.4482,0.48193,0.49059,0.4749,0.47662,0.48101000000000005
6338.0,0.41505,0.48174,0.49028,0.4743,0.47606,0.480595
6339.0,0.42327,0.48164,0.49,0.4739,0.47573,0.4803175
6340.0,0.44279,0.48126,0.48974,0.47372,0.4756,0.48008
6341.0,0.43364,0.48083,0.48945,0.4738,0.47566,0.479935
6342.0,0.40294,0.48084,0.48915,0.4741,0.47588,0.4799925
6343.0,0.4278,0.48105,0.48889,0.47455,0.47621,0.480175
6344.0,0.45377,0.48106,0.48868,0.47509,0.47664,0.4803675
6345.0,0.46125,0.48089,0.48843,0.47569,0.47711,0.48052999999999996
6346.0,0.46204,0.48082,0.48818,0.47628,0.47757,0.48071250000000004
6347.0,0.45453,0.4808,0.488,0.47678,0.47793,0.4808775
6348.0,0.44528,0.48063,0.48787,0.47709,0.47812,0.48092750000000006
6349.0,0.44618,0.48025,0.48769,0.47711,0.47805,0.48077499999999995
6350.0,0.45485,0.47966,0.48751,0.47679,0.47766,0.48040499999999997
6351.0,0.44987,0.4789,0.48739,0.47611,0.47688,0.47981999999999997
6352.0,0.41272,0.4781,0.48731,0.47498,0.47572,0.4790275
6353.0,0.39797,0.47729,0.48718,0.47338,0.47419,0.47801000000000005
6354.0,0.42341,0.4763,0.48702,0.4714,0.47236,0.47677
6355.0,0.47613,0.47504,0.48691,0.46919,0.47033,0.47536750000000005
6356.0,0.45496,0.47388,0.48681,0.46688,0.46824,0.4739525
6357.0,0.40427,0.47307,0.48666,0.46463,0.46623,0.4726475
6358.0,0.38299,0.47238,0.48649,0.46263,0.46447,0.4714925
6359.0,0.45213,0.47159,0.48634,0.46108,0.46308,0.47052249999999995
6360.0,0.51831,0.47104,0.4862,0.4601,0.46219,0.4698825
6361.0,0.54625,0.47105,0.48601,0.45978,0.46188,0.46968000000000004
6362.0,0.59854,0.47137,0.48582,0.46015,0.46218,0.46988
6363.0,0.68132,0.47173,0.48565,0.46116,0.46306,0.47040000000000004
6364.0,0.74805,0.47232,0.48549,0.46271,0.46447,0.4712475
6365.0,0.692,0.47336,0.48531,0.4647,0.4663,0.4724175
6366.0,0.58406,0.47459,0.48511,0.46701,0.46841,0.47378
6367.0,0.49164,0.47572,0.48496,0.46948,0.47067,0.47520749999999995
6368.0,0.48267,0.47687,0.48483,0.47194,0.47293,0.4766425
6369.0,0.46892,0.47827,0.48467,0.47425,0.47506,0.4780625
6370.0,0.45832,0.47964,0.4845,0.47629,0.47697,0.47935000000000005
6371.0,0.48972,0.48067,0.48437,0.47798,0.47857,0.4803975
6372.0,0.49031,0.48149,0.48428,0.47927,0.47982,0.48121500000000006
6373.0,0.45741,0.48237,0.48415,0.48015,0.48071,0.481845
6374.0,0.4138,0.4832,0.48402,0.48063,0.48125,0.48227499999999995
6375.0,0.40593,0.48367,0.48391,0.48078,0.48149,0.4824625
6376.0,0.4348,0.48382,0.48383,0.48068,0.48147,0.48245
6377.0,0.4742,0.48395,0.48373,0.48042,0.48127,0.4823425
6378.0,0.42952,0.48413,0.4836,0.48008,0.48097,0.48219500000000004
6379.0,0.41014,0.48419,0.48349,0.47968,0.48062,0.481995
6380.0,0.46541,0.48399,0.48339,0.47931,0.48028,0.48174249999999996
6381.0,0.4592,0.48363,0.48328,0.47903,0.47998,0.48148
6382.0,0.42916,0.48335,0.48315,0.47883,0.47971,0.48126
6383.0,0.40985,0.48319,0.48301,0.47867,0.47946,0.48108249999999997
6384.0,0.41823,0.48287,0.48287,0.47849,0.47919,0.48085500000000003
6385.0,0.43693,0.48228,0.48272,0.47825,0.47885,0.480525
6386.0,0.44958,0.48166,0.48255,0.47788,0.4784,0.4801225
6387.0,0.43721,0.48122,0.48236,0.47727,0.4778,0.4796625
6388.0,0.40928,0.48077,0.48216,0.47644,0.47704,0.4791025
6389.0,0.39386,0.4801,0.48194,0.47545,0.47614,0.4784075
6390.0,0.43357,0.47927,0.4817,0.4744,0.47514,0.4776275
6391.0,0.44514,0.4786,0.48143,0.47332,0.47409,0.47686000000000006
6392.0,0.41981,0.47809,0.48112,0.47225,0.47306,0.47613
6393.0,0.39091,0.47753,0.4808,0.47122,0.47211,0.47541500000000003
6394.0,0.40287,0.47695,0.48047,0.47026,0.47129,0.4747425
6395.0,0.42838,0.47647,0.48009,0.46948,0.47064,0.47417
6396.0,0.41966,0.47598,0.47969,0.469,0.47018,0.4737125
6397.0,0.41123,0.47555,0.4793,0.46879,0.46991,0.4733875
6398.0,0.4179,0.47544,0.47889,0.46875,0.46981,0.4732225
6399.0,0.4392,0.47542,0.47846,0.46886,0.46987,0.47315250000000003
6400.0,0.42125,0.47513,0.47803,0.46911,0.47002,0.4730725
6401.0,0.39099,0.47483,0.47764,0.46942,0.47024,0.47303249999999997
6402.0,0.38596,0.47491,0.47727,0.46967,0.47045,0.473075
6403.0,0.43075,0.47508,0.4769,0.46983,0.4706,0.4731025
6404.0,0.44199,0.47486,0.47659,0.46988,0.47066,0.4729975
6405.0,0.39268,0.47449,0.47634,0.46976,0.4706,0.4727975
6406.0,0.43328,0.47452,0.47613,0.46949,0.47042,0.47264
6407.0,0.47024,0.47467,0.47595,0.46916,0.47013,0.4724775
6408.0,0.45388,0.4744,0.47584,0.46881,0.46979,0.47220999999999996
6409.0,0.44665,0.47394,0.4758,0.46841,0.46942,0.4718925
6410.0,0.45464,0.4739,0.47577,0.46802,0.46907,0.47168999999999994
6411.0,0.46844,0.47405,0.47578,0.4677,0.46876,0.4715725
6412.0,0.45968,0.47388,0.47584,0.46745,0.46852,0.4714225
6413.0,0.43301,0.47353,0.47592,0.46727,0.46834,0.471265
6414.0,0.41421,0.47349,0.47598,0.46714,0.46823,0.47120999999999996
6415.0,0.45491,0.47379,0.47606,0.46708,0.46818,0.4712775
6416.0,0.4722,0.47394,0.47615,0.4671,0.4682,0.4713475
6417.0,0.45562,0.47381,0.47623,0.46723,0.46831,0.471395
6418.0,0.45053,0.4738,0.47628,0.46749,0.46852,0.4715225
6419.0,0.44945,0.47422,0.47632,0.46789,0.46884,0.47181749999999995
6420.0,0.44164,0.47474,0.47634,0.46842,0.46928,0.472195
6421.0,0.41685,0.4749,0.47635,0.46909,0.46982,0.47253999999999996
6422.0,0.41799,0.47488,0.47633,0.46983,0.4704,0.47286
6423.0,0.42548,0.47511,0.47629,0.47054,0.47097,0.4732275
6424.0,0.39797,0.47554,0.47622,0.4711,0.47145,0.4735775
6425.0,0.40367,0.47584,0.47615,0.47144,0.47179,0.473805
6426.0,0.43676,0.47579,0.47606,0.47155,0.47194,0.473835
6427.0,0.46403,0.47559,0.47594,0.47147,0.47189,0.4737225
6428.0,0.45886,0.4756,0.47581,0.47121,0.47167,0.47357250000000006
6429.0,0.42837,0.47583,0.47567,0.4708,0.47131,0.47340249999999995
6430.0,0.39656,0.47584,0.47552,0.4703,0.4709,0.47314
6431.0,0.42494,0.47549,0.47535,0.46978,0.4705,0.47278
6432.0,0.44891,0.47524,0.47519,0.46932,0.47017,0.47248
6433.0,0.41185,0.47543,0.47501,0.46898,0.46995,0.4723425
6434.0,0.40945,0.47566,0.47482,0.46884,0.46988,0.4723
6435.0,0.42332,0.47547,0.47464,0.46892,0.46996,0.4722475
6436.0,0.42477,0.47519,0.47447,0.46918,0.47019,0.4722575
6437.0,0.41002,0.47536,0.47427,0.4696,0.47054,0.4724425
6438.0,0.39701,0.47572,0.47406,0.47016,0.47098,0.47273
6439.0,0.40109,0.4757,0.47389,0.47079,0.47144,0.472955
6440.0,0.42903,0.47545,0.47371,0.47139,0.47185,0.47309999999999997
6441.0,0.45599,0.47533,0.47349,0.47184,0.47213,0.4731975
6442.0,0.46132,0.47528,0.47327,0.47201,0.47219,0.4731875
6443.0,0.43137,0.475,0.47309,0.47177,0.47196,0.47295499999999996
6444.0,0.40498,0.47459,0.47289,0.4711,0.4714,0.472495
6445.0,0.40544,0.47416,0.47265,0.4701,0.47053,0.47186000000000006
6446.0,0.43184,0.47354,0.47242,0.46887,0.4694,0.4710575
6447.0,0.45848,0.47282,0.47223,0.46748,0.46812,0.4701624999999999
6448.0,0.46718,0.4723,0.47201,0.46602,0.46683,0.46929000000000004
6449.0,0.44474,0.47193,0.47177,0.46466,0.46567,0.4685075
6450.0,0.41997,0.47138,0.47156,0.46356,0.46474,0.46781
6451.0,0.41002,0.47074,0.47138,0.46287,0.46413,0.46728000000000003
6452.0,0.4221,0.47036,0.47118,0.46264,0.46387,0.4670125
6453.0,0.42571,0.47032,0.47097,0.46278,0.4639,0.4669925
6454.0,0.41632,0.47025,0.47079,0.46318,0.46417,0.4670975
6455.0,0.415,0.46995,0.47065,0.46367,0.46458,0.4672125
6456.0,0.42904,0.46983,0.47049,0.46411,0.46501,0.46736
6457.0,0.4312,0.47012,0.47031,0.4645,0.46538,0.4675775
6458.0,0.36435,0.47036,0.47016,0.46482,0.46565,0.4677475
6459.0,0.35948,0.47017,0.47003,0.465,0.4658,0.46775
6460.0,0.41472,0.47007,0.46989,0.46501,0.46584,0.46770249999999997
6461.0,0.43345,0.47045,0.46971,0.46494,0.46581,0.4677275
6462.0,0.43064,0.47078,0.46955,0.46487,0.46577,0.4677425
6463.0,0.4189,0.47068,0.46943,0.46486,0.46575,0.46768
6464.0,0.41098,0.47054,0.46928,0.46496,0.46581,0.4676475
6465.0,0.4084,0.4708,0.46909,0.46515,0.46593,0.4677425
6466.0,0.41007,0.47114,0.46892,0.4654,0.4661,0.46789
6467.0,0.41494,0.47111,0.46879,0.46569,0.4663,0.46797249999999996
6468.0,0.43814,0.47089,0.46864,0.46595,0.46649,0.4679925
6469.0,0.45719,0.47095,0.46846,0.46614,0.46663,0.46804499999999993
6470.0,0.4349,0.47119,0.46828,0.4663,0.46672,0.4681225
6471.0,0.41853,0.47111,0.46814,0.46641,0.46672,0.468095
6472.0,0.41667,0.47073,0.46799,0.46641,0.46663,0.46794
6473.0,0.42188,0.47051,0.46781,0.46628,0.46644,0.46776
6474.0,0.41391,0.47044,0.46762,0.46604,0.46616,0.467565
6475.0,0.40354,0.47007,0.46745,0.46565,0.46577,0.46723499999999996
6476.0,0.41059,0.46949,0.46729,0.46514,0.46529,0.4668025
6477.0,0.42303,0.46901,0.46709,0.46453,0.46471,0.466335
6478.0,0.43209,0.4685,0.46688,0.46386,0.46405,0.46582250000000003
6479.0,0.43155,0.46769,0.46669,0.46314,0.46333,0.46521250000000003
6480.0,0.43332,0.46679,0.46649,0.46239,0.46256,0.4645575
6481.0,0.43098,0.46598,0.46626,0.4616,0.46175,0.46389749999999996
6482.0,0.41437,0.46498,0.46602,0.46079,0.46089,0.46317
6483.0,0.38696,0.46358,0.4658,0.45992,0.45994,0.46231
6484.0,0.38556,0.4621,0.46556,0.4589,0.45883,0.46134749999999997
6485.0,0.43457,0.46074,0.46529,0.45763,0.45747,0.4602825
6486.0,0.42261,0.45914,0.46502,0.45598,0.45579,0.45898249999999996
6487.0,0.39107,0.45707,0.46477,0.45382,0.4537,0.45733999999999997
6488.0,0.39938,0.45497,0.46449,0.45109,0.45118,0.4554325
6489.0,0.40043,0.45319,0.46419,0.44786,0.44826,0.453375
6490.0,0.3957,0.45139,0.4639,0.4443,0.44506,0.45116249999999997
6491.0,0.39765,0.44929,0.46363,0.44059,0.44174,0.4488125
6492.0,0.42082,0.44735,0.46335,0.43698,0.43853,0.4465525
6493.0,0.42367,0.44606,0.46306,0.43376,0.43568,0.44464000000000004
6494.0,0.37976,0.44519,0.46281,0.43124,0.43343,0.4431675
6495.0,0.38653,0.44439,0.46259,0.42967,0.43198,0.44215750000000004
6496.0,0.41937,0.44385,0.46237,0.42918,0.43145,0.44171249999999995
6497.0,0.44052,0.44403,0.46216,0.42979,0.43188,0.44196500000000005
6498.0,0.45182,0.44483,0.46199,0.43144,0.43319,0.4428625
6499.0,0.4498,0.44584,0.46184,0.43393,0.43527,0.44422
6500.0,0.43269,0.44694,0.4617,0.43701,0.4379,0.4458875
6501.0,0.40972,0.44837,0.46157,0.44039,0.44086,0.4477975
6502.0,0.41177,0.45018,0.46145,0.44383,0.44392,0.44984500000000005
6503.0,0.45148,0.45204,0.46134,0.44712,0.44689,0.4518475
6504.0,0.45604,0.45367,0.46122,0.45007,0.4496,0.45364
6505.0,0.4269,0.45514,0.46109,0.45256,0.45193,0.45518
6506.0,0.38735,0.45663,0.46096,0.45452,0.45383,0.456485
6507.0,0.40321,0.45801,0.46081,0.45595,0.45527,0.45751000000000003
6508.0,0.44106,0.45902,0.46064,0.45689,0.45626,0.45820249999999996
6509.0,0.45612,0.4597,0.46045,0.45737,0.45684,0.45859000000000005
6510.0,0.40835,0.46029,0.46024,0.45747,0.45706,0.458765
6511.0,0.38967,0.46074,0.45999,0.45725,0.45699,0.4587425
6512.0,0.45271,0.46091,0.45972,0.45682,0.4567,0.45853750000000004
6513.0,0.44157,0.46093,0.45944,0.45625,0.45626,0.45821999999999996
6514.0,0.43047,0.46095,0.4591,0.45563,0.45575,0.45785750000000003
6515.0,0.47822,0.46085,0.45873,0.45504,0.45524,0.457465
6516.0,0.4696,0.46061,0.45835,0.45454,0.45479,0.4570725
6517.0,0.41677,0.46046,0.45795,0.45419,0.45446,0.456765
6518.0,0.35883,0.46043,0.45749,0.45402,0.45424,0.456545
6519.0,0.3728,0.46026,0.45703,0.45399,0.45416,0.45636
6520.0,0.41688,0.45999,0.45659,0.45407,0.45418,0.4562075
6521.0,0.4487,0.45992,0.45613,0.45423,0.45426,0.45613500000000007
6522.0,0.48127,0.46001,0.45566,0.4544,0.45437,0.45611
6523.0,0.47698,0.45993,0.45522,0.45454,0.45445,0.456035
6524.0,0.41841,0.45972,0.45483,0.45458,0.45448,0.4559025
6525.0,0.39197,0.45967,0.45445,0.45453,0.45445,0.45577500000000004
6526.0,0.40037,0.45974,0.45411,0.45439,0.45435,0.45564750000000004
6527.0,0.42724,0.4597,0.45383,0.4542,0.45422,0.4554875
6528.0,0.43097,0.45956,0.45359,0.45401,0.45407,0.45530750000000003
6529.0,0.4366,0.45948,0.45338,0.45385,0.45395,0.455165
6530.0,0.46508,0.45945,0.45321,0.45372,0.45386,0.45505999999999996
6531.0,0.47875,0.45935,0.45308,0.45367,0.45384,0.454985
6532.0,0.46548,0.45925,0.45297,0.45372,0.45388,0.45495500000000005
6533.0,0.42862,0.45914,0.45285,0.45384,0.45397,0.45494999999999997
6534.0,0.42022,0.45889,0.45271,0.45398,0.45406,0.45491000000000004
6535.0,0.4351,0.45854,0.45255,0.45408,0.45412,0.4548225
6536.0,0.45466,0.45823,0.45233,0.4541,0.45408,0.454685
6537.0,0.44428,0.45788,0.45203,0.45395,0.4539,0.45444
6538.0,0.42223,0.45724,0.45166,0.45357,0.45352,0.4539975
6539.0,0.4175,0.45634,0.45117,0.45292,0.45291,0.453335
6540.0,0.46307,0.45547,0.45055,0.452,0.45205,0.4525175
6541.0,0.49628,0.45461,0.44977,0.45085,0.45096,0.4515475
6542.0,0.46029,0.45342,0.44881,0.44948,0.44965,0.45033999999999996
6543.0,0.44025,0.4518,0.44764,0.44794,0.44817,0.4488875
6544.0,0.47371,0.45014,0.44621,0.44628,0.44655,0.447295
6545.0,0.58077,0.44857,0.4445,0.44455,0.44483,0.4456125
6546.0,0.73265,0.44669,0.44247,0.44277,0.44302,0.44373749999999995
6547.0,0.88643,0.44423,0.44008,0.44091,0.44109,0.4415775
6548.0,0.98203,0.44157,0.43731,0.43893,0.43902,0.4392075
6549.0,0.89709,0.43905,0.43414,0.43676,0.43672,0.4366675
6550.0,0.71175,0.43627,0.43053,0.43429,0.43412,0.43380250000000004
6551.0,0.55779,0.43277,0.42653,0.43142,0.43113,0.43046249999999997
6552.0,0.47974,0.42895,0.42217,0.42803,0.42768,0.4267075
6553.0,0.4657,0.42549,0.4175,0.42404,0.42371,0.422685
6554.0,0.48472,0.42198,0.41259,0.41937,0.41921,0.41828750000000003
6555.0,0.50599,0.41777,0.40758,0.41407,0.41427,0.4134225
6556.0,0.63412,0.41349,0.40268,0.40836,0.40899,0.40838
6557.0,1.01094,0.41017,0.39797,0.40248,0.40359,0.4035525
6558.0,1.53458,0.40731,0.39361,0.39674,0.39836,0.399005
6559.0,5.44967,0.40406,0.38979,0.39148,0.39362,0.3947375
6560.0,17.65489,0.40122,0.38673,0.38712,0.38972,0.39119750000000003
6561.0,38.94232,0.4,0.38449,0.38404,0.38695,0.38887000000000005
6562.0,60.6913,0.39969,0.38313,0.38253,0.38555,0.38772500000000004
6563.0,68.12408,0.39924,0.38282,0.38272,0.38563,0.38760249999999996
6564.0,52.46222,0.39941,0.38352,0.38456,0.38715,0.38866
6565.0,25.07197,0.40118,0.38514,0.38783,0.38993,0.39102000000000003
6566.0,9.2787,0.4037,0.38757,0.39216,0.3937,0.3942825
6567.0,2.28493,0.40602,0.39087,0.39714,0.39812,0.3980375
6568.0,0.83665,0.40864,0.39478,0.40236,0.40284,0.40215500000000004
6569.0,0.59302,0.41212,0.39906,0.40747,0.40755,0.40655
6570.0,0.56567,0.41575,0.40355,0.4122,0.41202,0.41088
6571.0,0.4972,0.41899,0.40817,0.41643,0.4161,0.41492249999999997
6572.0,0.45473,0.42215,0.41273,0.42014,0.41973,0.4186875
6573.0,0.46265,0.42542,0.41706,0.42335,0.42292,0.4221875
6574.0,0.49433,0.42843,0.42114,0.42612,0.42569,0.425345
6575.0,0.47636,0.43103,0.4249,0.42851,0.42812,0.42814
6576.0,0.47281,0.4334,0.42827,0.43061,0.43024,0.43062999999999996
6577.0,0.4869,0.4356,0.43121,0.43247,0.43211,0.4328475
6578.0,0.46645,0.43742,0.43376,0.43411,0.43375,0.43476
6579.0,0.49374,0.43893,0.43597,0.43553,0.43517,0.4364
6580.0,0.64861,0.44028,0.43783,0.43675,0.43636,0.437805
6581.0,1.04515,0.4414,0.43937,0.43773,0.43733,0.4389575
6582.0,1.59622,0.44214,0.44065,0.43847,0.43807,0.4398325
6583.0,2.09255,0.44267,0.44174,0.43896,0.43856,0.44048250000000005
6584.0,2.04483,0.44317,0.44263,0.43918,0.43882,0.44095
6585.0,1.57176,0.44347,0.44332,0.43913,0.43882,0.441185
6586.0,0.90852,0.44338,0.44391,0.43882,0.43858,0.44117249999999997
6587.0,0.57053,0.44323,0.44441,0.43828,0.43811,0.4410075
6588.0,0.46056,0.44323,0.44481,0.43752,0.43746,0.44075499999999995
6589.0,0.46443,0.4431,0.44511,0.4366,0.43668,0.44037249999999994
6590.0,0.46155,0.44264,0.44538,0.43562,0.43585,0.43987250000000006
6591.0,0.44306,0.44228,0.44561,0.4347,0.43506,0.4394125
6592.0,0.41817,0.44227,0.44576,0.43395,0.43439,0.4390925
6593.0,0.4184,0.4422,0.44588,0.43345,0.43393,0.438865
6594.0,0.42358,0.44186,0.446,0.43326,0.43371,0.43870750000000003
6595.0,0.42031,0.44171,0.44608,0.43338,0.43375,0.43873
6596.0,0.43087,0.44194,0.44612,0.43378,0.43402,0.43896500000000005
6597.0,0.44091,0.44214,0.44615,0.43439,0.43446,0.43928500000000004
6598.0,0.43641,0.44206,0.44618,0.43509,0.43498,0.43957749999999995
6599.0,0.42306,0.44211,0.44619,0.43576,0.43551,0.4398925
6600.0,0.41367,0.44244,0.44616,0.43629,0.43595,0.44021000000000005
6601.0,0.41921,0.44271,0.44614,0.43662,0.43624,0.44042749999999997
6602.0,0.43265,0.44269,0.44611,0.43674,0.43636,0.44047500000000006
6603.0,0.44359,0.44275,0.44605,0.43665,0.43632,0.4404425
6604.0,0.44459,0.44306,0.44599,0.43641,0.43616,0.44040500000000005
6605.0,0.4611,0.4433,0.44593,0.43609,0.43594,0.440315
6606.0,0.47136,0.44327,0.44585,0.4358,0.43574,0.44016500000000003
6607.0,0.44106,0.44337,0.44577,0.43564,0.43564,0.440105
6608.0,0.39824,0.44381,0.44568,0.43569,0.4357,0.44022
6609.0,0.37036,0.44417,0.44558,0.43598,0.43596,0.44042250000000005
6610.0,0.3856,0.44426,0.44549,0.43651,0.43642,0.44067
6611.0,0.39209,0.44451,0.4454,0.43726,0.43705,0.441055
6612.0,0.38505,0.4451,0.4453,0.43816,0.43781,0.4415925
6613.0,0.38409,0.44555,0.44519,0.43912,0.43863,0.44212250000000003
6614.0,0.39747,0.44565,0.4451,0.44006,0.43943,0.44256
6615.0,0.41979,0.44585,0.445,0.44087,0.44014,0.442965
6616.0,0.433,0.44628,0.44489,0.44151,0.44068,0.44334
6617.0,0.42444,0.44645,0.44478,0.44191,0.44103,0.4435425
6618.0,0.39547,0.44625,0.44467,0.44204,0.44113,0.4435225
6619.0,0.36323,0.44608,0.44456,0.4419,0.44099,0.4433825
6620.0,0.3746,0.44602,0.44443,0.44149,0.4406,0.44313499999999995
6621.0,0.42415,0.44566,0.4443,0.44086,0.44,0.44270499999999996
6622.0,0.43253,0.44503,0.44417,0.44002,0.43922,0.44211
6623.0,0.41828,0.44446,0.44402,0.43904,0.4383,0.44145500000000004
6624.0,0.39998,0.44396,0.44387,0.43796,0.43728,0.4407675
6625.0,0.39711,0.44324,0.44373,0.43682,0.4362,0.4399975
6626.0,0.39687,0.4424,0.44357,0.43567,0.4351,0.439185
6627.0,0.38788,0.44171,0.44342,0.43454,0.43402,0.4384225
6628.0,0.36204,0.4411,0.44326,0.43346,0.43299,0.4377025
6629.0,0.36121,0.44041,0.44311,0.43246,0.43204,0.43700500000000003
6630.0,0.40745,0.43973,0.44296,0.43157,0.4312,0.436365
6631.0,0.4417,0.43923,0.44281,0.43084,0.4305,0.4358449999999999
6632.0,0.43599,0.43885,0.44266,0.43029,0.42996,0.43544000000000005
6633.0,0.38434,0.43845,0.44253,0.42994,0.4296,0.43512999999999996
6634.0,0.36821,0.43815,0.4424,0.42978,0.4294,0.4349325
6635.0,0.38565,0.43801,0.44227,0.42981,0.42935,0.43486
6636.0,0.41172,0.43788,0.44213,0.42997,0.42943,0.4348525
6637.0,0.40183,0.43776,0.44202,0.43021,0.42959,0.43489500000000003
6638.0,0.39517,0.43781,0.4419,0.43048,0.42979,0.434995
6639.0,0.44977,0.43796,0.44178,0.43074,0.42999,0.43511750000000005
6640.0,0.42867,0.43794,0.44167,0.43097,0.43018,0.43519
6641.0,0.36583,0.43792,0.44156,0.43115,0.43035,0.435245
6642.0,0.38272,0.43816,0.44144,0.4313,0.4305,0.43535
6643.0,0.41888,0.43842,0.44132,0.43144,0.43064,0.43545500000000004
6644.0,0.44391,0.43836,0.44121,0.43159,0.43078,0.43548499999999996
6645.0,0.43757,0.43832,0.4411,0.43177,0.43094,0.4355325
6646.0,0.42013,0.43858,0.44097,0.43198,0.43111,0.43566000000000005
6647.0,0.40348,0.43878,0.44085,0.43221,0.43128,0.43578000000000006
6648.0,0.39715,0.43862,0.44073,0.43244,0.43145,0.43581000000000003
6649.0,0.41399,0.43847,0.44059,0.43263,0.43158,0.4358175
6650.0,0.44225,0.43853,0.44045,0.43275,0.43166,0.4358475
6651.0,0.42392,0.43851,0.44031,0.43278,0.43165,0.43581249999999994
6652.0,0.39392,0.43817,0.44016,0.43269,0.43152,0.435635
6653.0,0.3771,0.43778,0.44,0.43244,0.43127,0.4353725
6654.0,0.37629,0.43751,0.43984,0.43203,0.43087,0.4350625
6655.0,0.37818,0.43719,0.43967,0.43145,0.43032,0.43465750000000003
6656.0,0.37752,0.43664,0.43948,0.43071,0.42963,0.434115
6657.0,0.40135,0.43602,0.4393,0.42982,0.42881,0.4334875
6658.0,0.41248,0.43554,0.4391,0.42882,0.42791,0.43284249999999996
6659.0,0.38201,0.43508,0.43888,0.42777,0.42697,0.43217500000000003
6660.0,0.38832,0.43447,0.43866,0.42674,0.42604,0.43147749999999996
6661.0,0.41078,0.43389,0.43843,0.42579,0.42519,0.43082499999999996
6662.0,0.40625,0.43353,0.43817,0.425,0.42447,0.43029249999999997
6663.0,0.39,0.43321,0.4379,0.42444,0.42393,0.42987
6664.0,0.3841,0.43277,0.43762,0.42413,0.4236,0.42952999999999997
6665.0,0.41384,0.43246,0.43731,0.42408,0.42348,0.4293325
6666.0,0.42134,0.43238,0.43695,0.42426,0.42355,0.429285
6667.0,0.41222,0.43225,0.43657,0.42459,0.42375,0.42929000000000006
6668.0,0.43312,0.43197,0.43617,0.425,0.42402,0.42929
6669.0,0.4529,0.43187,0.43572,0.42539,0.42427,0.4293125
6670.0,0.46,0.43188,0.43521,0.42566,0.42443,0.429295
6671.0,0.45725,0.43168,0.4347,0.42574,0.42444,0.42913999999999997
6672.0,0.44442,0.43144,0.43416,0.4256,0.42428,0.42887
6673.0,0.43025,0.43139,0.43356,0.42523,0.42394,0.42852999999999997
6674.0,0.44557,0.43127,0.43296,0.42468,0.42347,0.428095
6675.0,0.5657,0.43094,0.4324,0.42404,0.42294,0.42757999999999996
6676.0,0.80738,0.43081,0.43184,0.42342,0.4224,0.42711750000000004
6677.0,1.04115,0.4309,0.43129,0.42292,0.42196,0.42676749999999997
6678.0,1.15275,0.43079,0.43082,0.42261,0.42168,0.426475
6679.0,1.07198,0.43057,0.43043,0.42257,0.42161,0.42629500000000004
6680.0,0.87096,0.43073,0.43008,0.42279,0.42176,0.42634000000000005
6681.0,0.64342,0.43108,0.42984,0.42325,0.42211,0.42657
6682.0,0.4877,0.43113,0.42972,0.4239,0.42262,0.4268425
6683.0,0.45493,0.43114,0.42968,0.42464,0.42322,0.42717
6684.0,0.47912,0.43148,0.4297,0.42538,0.42384,0.42760000000000004
6685.0,0.45247,0.43183,0.42983,0.42605,0.42442,0.4280325
6686.0,0.44926,0.43191,0.43004,0.42659,0.42488,0.428355
6687.0,0.47168,0.43197,0.43029,0.42693,0.4252,0.4285975
6688.0,0.48205,0.43213,0.43057,0.42707,0.42533,0.428775
6689.0,0.47939,0.43214,0.43089,0.42698,0.42528,0.4288225
6690.0,0.46864,0.43199,0.43121,0.4267,0.42504,0.428735
6691.0,0.46255,0.43189,0.43151,0.42624,0.42465,0.42857249999999997
6692.0,0.46516,0.43173,0.43179,0.42565,0.42415,0.42833
6693.0,0.47031,0.43139,0.43205,0.42499,0.42357,0.428
6694.0,0.45182,0.43106,0.43226,0.4243,0.42296,0.427645
6695.0,0.43469,0.43082,0.43244,0.42364,0.42236,0.427315
6696.0,0.43135,0.4305,0.43257,0.42306,0.42182,0.42698749999999996
6697.0,0.41752,0.43005,0.43266,0.42257,0.42134,0.426655
6698.0,0.40788,0.4297,0.43272,0.42219,0.42096,0.4263925
6699.0,0.41616,0.42945,0.43274,0.42192,0.42065,0.42619
6700.0,0.43031,0.42909,0.43272,0.42172,0.42041,0.42598499999999995
6701.0,0.43743,0.42866,0.43268,0.42157,0.42021,0.42578
6702.0,0.4282,0.42833,0.43262,0.42143,0.42002,0.42560000000000003
6703.0,0.43843,0.42801,0.43253,0.42127,0.4198,0.4254025
6704.0,0.44734,0.42756,0.43243,0.42105,0.41954,0.425145
6705.0,0.41051,0.42709,0.43232,0.42074,0.41919,0.42483499999999996
6706.0,0.40026,0.42665,0.43219,0.42031,0.41873,0.42447
6707.0,0.42205,0.42612,0.43204,0.41975,0.41816,0.42401750000000005
6708.0,0.43391,0.42552,0.43189,0.41904,0.41746,0.4234775
6709.0,0.43235,0.42497,0.43174,0.4182,0.41664,0.4228875000000001
6710.0,0.42732,0.42441,0.43156,0.41723,0.41573,0.4222325
6711.0,0.45237,0.42374,0.43138,0.41619,0.41477,0.42152
6712.0,0.53327,0.42317,0.4312,0.41513,0.4138,0.420825
6713.0,0.80498,0.42277,0.43101,0.41411,0.41288,0.42019249999999997
6714.0,1.77729,0.4223,0.43081,0.41323,0.41209,0.4196075
6715.0,2.94425,0.42181,0.43062,0.41256,0.41148,0.41911750000000003
6716.0,3.74146,0.4216,0.43042,0.41214,0.41109,0.4188125
6717.0,3.60524,0.4216,0.43021,0.41202,0.41095,0.418695
6718.0,2.71477,0.42149,0.43,0.41218,0.41105,0.41867999999999994
6719.0,1.48105,0.4214,0.42979,0.41259,0.41137,0.41878750000000003
6720.0,0.66202,0.42167,0.42957,0.4132,0.41188,0.41908
6721.0,0.35821,0.42206,0.42935,0.41394,0.41251,0.419465
6722.0,0.41305,0.42224,0.42914,0.41474,0.41321,0.4198325
6723.0,0.47408,0.42242,0.42892,0.41554,0.41392,0.4202
6724.0,0.44726,0.42289,0.42871,0.41628,0.41459,0.4206175
6725.0,0.3876,0.42334,0.42849,0.41693,0.4152,0.42099
6726.0,0.41431,0.42354,0.42829,0.41747,0.41572,0.42125500000000005
6727.0,0.62156,0.42367,0.42809,0.4179,0.41612,0.421445
6728.0,1.13933,0.42393,0.42789,0.4182,0.4164,0.421605
6729.0,1.88827,0.42411,0.42769,0.41837,0.41657,0.421685
6730.0,2.68358,0.42407,0.42752,0.41842,0.4166,0.42165250000000004
6731.0,2.93934,0.42397,0.42734,0.41833,0.4165,0.421535
6732.0,2.50571,0.42385,0.42715,0.4181,0.41628,0.42134499999999997
6733.0,1.45668,0.42363,0.42698,0.41774,0.41594,0.4210725
6734.0,0.77957,0.42332,0.4268,0.41727,0.41548,0.4207175
6735.0,0.51714,0.42296,0.42662,0.41669,0.41493,0.4203
6736.0,0.45909,0.4225,0.42644,0.41603,0.41431,0.41981999999999997
6737.0,0.43064,0.42205,0.42626,0.41532,0.41364,0.4193175
6738.0,0.39928,0.42163,0.42607,0.41458,0.41294,0.418805
6739.0,0.39308,0.4211,0.42586,0.41384,0.41224,0.41825999999999997
6740.0,0.39938,0.42051,0.42569,0.41313,0.41156,0.4177225
6741.0,0.41449,0.42011,0.42551,0.41246,0.41092,0.41725
6742.0,0.44183,0.41978,0.42534,0.41184,0.41032,0.41681999999999997
6743.0,0.44317,0.41929,0.42521,0.41129,0.40979,0.41639499999999996
6744.0,0.41109,0.41886,0.42507,0.4108,0.40932,0.4160125
6745.0,0.40071,0.41872,0.42496,0.41039,0.40894,0.4157525
6746.0,0.41047,0.41861,0.42487,0.41007,0.40865,0.41555
6747.0,0.42743,0.41839,0.42481,0.40985,0.40847,0.41537999999999997
6748.0,0.40963,0.41837,0.42476,0.40977,0.40841,0.4153275
6749.0,0.36755,0.41856,0.42471,0.40983,0.40849,0.4153975
6750.0,0.32904,0.41869,0.42471,0.41006,0.40872,0.415545
6751.0,0.35744,0.41884,0.42469,0.41046,0.4091,0.4157725
6752.0,0.42173,0.4192,0.42468,0.41103,0.40963,0.416135
6753.0,0.43973,0.4196,0.42468,0.41174,0.41027,0.4165725
6754.0,0.43577,0.41989,0.42465,0.41254,0.41099,0.41701750000000004
6755.0,0.42292,0.42025,0.42461,0.41339,0.41175,0.4175
6756.0,0.41052,0.42068,0.42457,0.41422,0.41248,0.4179875
6757.0,0.39443,0.42097,0.42451,0.41496,0.41313,0.4183925
6758.0,0.37874,0.42118,0.42444,0.41554,0.41365,0.41870250000000003
6759.0,0.38839,0.42144,0.42435,0.41592,0.41399,0.41892500000000005
6760.0,0.40908,0.4216,0.42426,0.41607,0.41414,0.4190175
6761.0,0.42416,0.42158,0.42416,0.41598,0.41408,0.41895
6762.0,0.41295,0.42157,0.42404,0.41566,0.41383,0.41877499999999995
6763.0,0.39358,0.42157,0.42392,0.41517,0.41343,0.4185225
6764.0,0.39125,0.42144,0.4238,0.41458,0.41293,0.4181875
6765.0,0.39806,0.42126,0.42367,0.41394,0.4124,0.41781749999999995
6766.0,0.4021,0.42119,0.42354,0.41336,0.41191,0.4175
6767.0,0.38736,0.42111,0.42341,0.41291,0.41151,0.41723499999999997
6768.0,0.39091,0.42093,0.42328,0.41263,0.41125,0.41702249999999996
6769.0,0.41022,0.42085,0.42315,0.41257,0.41117,0.416935
6770.0,0.40121,0.42093,0.42301,0.41272,0.41126,0.41698
6771.0,0.39379,0.42094,0.42288,0.41307,0.41151,0.4171
6772.0,0.40232,0.42085,0.42274,0.41355,0.41186,0.41725
6773.0,0.41205,0.42086,0.42259,0.41409,0.41226,0.41745000000000004
6774.0,0.40985,0.42093,0.42244,0.4146,0.41264,0.4176525
6775.0,0.38755,0.42089,0.42228,0.415,0.41293,0.417775
6776.0,0.3556,0.42076,0.42212,0.4152,0.41306,0.417785
6777.0,0.3454,0.42062,0.42195,0.41516,0.41299,0.41768
6778.0,0.3874,0.42043,0.42178,0.41486,0.41272,0.4174475
6779.0,0.37968,0.42015,0.4216,0.41432,0.41224,0.4170775
6780.0,0.34047,0.41981,0.42143,0.41358,0.4116,0.416605
6781.0,0.36299,0.41945,0.42126,0.41271,0.41086,0.41607000000000005
6782.0,0.39003,0.41909,0.42109,0.4118,0.41006,0.41551000000000005
6783.0,0.39592,0.41866,0.42093,0.41093,0.4093,0.414955
6784.0,0.38001,0.41823,0.42077,0.41018,0.40861,0.41444749999999997
6785.0,0.37127,0.41788,0.42062,0.40959,0.40805,0.414035
6786.0,0.37883,0.41759,0.42048,0.40918,0.40763,0.41372000000000003
6787.0,0.35601,0.41726,0.42035,0.40893,0.40736,0.413475
6788.0,0.35051,0.41701,0.42023,0.40883,0.40721,0.41332
6789.0,0.40418,0.4169,0.42011,0.40883,0.40717,0.4132525
6790.0,0.40529,0.41676,0.41999,0.40889,0.40719,0.41320749999999995
6791.0,0.3671,0.41662,0.41989,0.40897,0.40726,0.41318499999999997
6792.0,0.35178,0.41662,0.4198,0.40906,0.40734,0.413205
6793.0,0.36288,0.41665,0.41969,0.40914,0.40744,0.41323000000000004
6794.0,0.38589,0.41659,0.4196,0.40923,0.40754,0.41324
6795.0,0.38237,0.4166,0.41951,0.40932,0.40764,0.4132675
6796.0,0.38649,0.4167,0.41941,0.40942,0.40774,0.4133175
6797.0,0.40735,0.41671,0.4193,0.40953,0.40784,0.413345
6798.0,0.40476,0.41668,0.41921,0.40964,0.40793,0.413365
6799.0,0.3931,0.41675,0.4191,0.40974,0.40801,0.4134
6800.0,0.38904,0.41676,0.41898,0.40982,0.40806,0.413405
6801.0,0.39917,0.41666,0.41887,0.40985,0.40807,0.41336249999999997
6802.0,0.41304,0.41666,0.41876,0.40983,0.40803,0.41332
6803.0,0.41325,0.41667,0.41863,0.40974,0.40795,0.4132475
6804.0,0.38607,0.41652,0.41851,0.4096,0.40781,0.41311
6805.0,0.34548,0.41636,0.41838,0.40941,0.40764,0.4129475
6806.0,0.33136,0.41637,0.41825,0.40918,0.40744,0.41281
6807.0,0.34762,0.41629,0.41811,0.40894,0.40723,0.4126425
6808.0,0.37864,0.41608,0.41797,0.40871,0.40702,0.412445
6809.0,0.36601,0.41599,0.41783,0.40849,0.40683,0.412285
6810.0,0.3434,0.416,0.41769,0.40831,0.40667,0.4121675
6811.0,0.34017,0.4159,0.41755,0.40818,0.40656,0.4120475
6812.0,0.35944,0.41581,0.41741,0.40811,0.40649,0.411955
6813.0,0.38454,0.41586,0.41727,0.4081,0.40649,0.41192999999999996
6814.0,0.39589,0.4159,0.41713,0.40816,0.40654,0.41193250000000003
6815.0,0.41409,0.41586,0.41699,0.40828,0.40664,0.4119425
6816.0,0.42932,0.41589,0.41686,0.40846,0.40678,0.41199749999999996
6817.0,0.41114,0.41601,0.41672,0.40867,0.40697,0.41209250000000003
6818.0,0.37913,0.41608,0.41659,0.4089,0.40716,0.4121825
6819.0,0.35061,0.4161,0.41646,0.40913,0.40736,0.4122625
6820.0,0.35318,0.41617,0.41632,0.40935,0.40754,0.41234499999999996
6821.0,0.37174,0.4162,0.41619,0.40952,0.40768,0.4123975
6822.0,0.38909,0.41615,0.41606,0.40962,0.40777,0.4124
6823.0,0.37712,0.41612,0.41592,0.40966,0.4078,0.412375
6824.0,0.36276,0.41611,0.41577,0.40962,0.40776,0.412315
6825.0,0.38067,0.41596,0.41563,0.4095,0.40766,0.41218750000000004
6826.0,0.40279,0.41571,0.41548,0.40932,0.4075,0.4120025
6827.0,0.414,0.41551,0.41533,0.40909,0.40727,0.4118
6828.0,0.39966,0.41527,0.41517,0.4088,0.40699,0.41155749999999997
6829.0,0.38363,0.41486,0.41501,0.40847,0.40665,0.4112475
6830.0,0.37721,0.4144,0.41484,0.40807,0.40623,0.41088499999999994
6831.0,0.38349,0.414,0.41468,0.40759,0.40574,0.4105025
6832.0,0.39273,0.41354,0.41451,0.407,0.40515,0.41005
6833.0,0.39979,0.41291,0.41433,0.40629,0.40446,0.4094975
6834.0,0.41512,0.4123,0.41415,0.40544,0.40366,0.40888749999999996
6835.0,0.41133,0.41178,0.41398,0.40447,0.40278,0.4082525
6836.0,0.36016,0.41121,0.4138,0.40342,0.40185,0.40757
6837.0,0.3395,0.4106,0.41363,0.40234,0.40092,0.40687249999999997
6838.0,0.35454,0.41009,0.41346,0.40133,0.40004,0.40623
6839.0,0.37226,0.40968,0.4133,0.40046,0.39928,0.40568000000000004
6840.0,0.37848,0.40927,0.41314,0.3998,0.39869,0.405225
6841.0,0.37169,0.40891,0.41299,0.3994,0.39832,0.404905
6842.0,0.36701,0.40867,0.41285,0.39929,0.39816,0.4047425
6843.0,0.36693,0.40851,0.41272,0.39944,0.39821,0.40471999999999997
6844.0,0.37167,0.40837,0.41259,0.3998,0.39842,0.404795
6845.0,0.3769,0.40827,0.41248,0.40028,0.39874,0.4049425
6846.0,0.38602,0.40824,0.41237,0.40079,0.39908,0.40512000000000004
6847.0,0.40275,0.40822,0.41226,0.40123,0.39938,0.40527250000000004
6848.0,0.40611,0.40809,0.41216,0.40152,0.39957,0.405335
6849.0,0.39447,0.40793,0.41207,0.40162,0.39961,0.40530750000000004
6850.0,0.37874,0.40785,0.41197,0.40148,0.39947,0.4051925
6851.0,0.37465,0.40769,0.41187,0.40113,0.39916,0.4049625
6852.0,0.37959,0.40737,0.41178,0.4006,0.3987,0.40461250000000004
6853.0,0.35374,0.40712,0.41168,0.39994,0.39812,0.404215
6854.0,0.33453,0.40693,0.41157,0.39921,0.3975,0.4038025
6855.0,0.3526,0.40653,0.41147,0.3985,0.39686,0.40334000000000003
6856.0,0.37071,0.4061,0.41137,0.39785,0.39628,0.4029
6857.0,0.38267,0.40592,0.41126,0.39732,0.39577,0.4025675
6858.0,0.38978,0.40572,0.41114,0.39692,0.39538,0.40229000000000004
6859.0,0.38621,0.40535,0.41103,0.39666,0.39509,0.40203249999999996
6860.0,0.36935,0.40515,0.41092,0.39653,0.39491,0.4018775
6861.0,0.33798,0.40507,0.41079,0.39649,0.39482,0.4017925
6862.0,0.32236,0.40482,0.41067,0.39652,0.39479,0.4017
6863.0,0.34031,0.40462,0.41057,0.39656,0.39478,0.40163249999999995
6864.0,0.39145,0.4047,0.41043,0.3966,0.39478,0.4016275
6865.0,0.42825,0.40469,0.41029,0.39661,0.39478,0.4015925
6866.0,0.40544,0.4045,0.41017,0.39659,0.39475,0.4015025
6867.0,0.37426,0.4045,0.41002,0.39653,0.39471,0.40144
6868.0,0.35372,0.40461,0.40986,0.39646,0.39467,0.40140000000000003
6869.0,0.35589,0.40449,0.4097,0.39641,0.39463,0.4013075
6870.0,0.36393,0.40444,0.40953,0.39638,0.39462,0.4012425
6871.0,0.37737,0.40465,0.40932,0.3964,0.39464,0.4012525
6872.0,0.41859,0.40473,0.4091,0.39646,0.39469,0.401245
6873.0,0.41949,0.40461,0.40887,0.39657,0.39479,0.40120999999999996
6874.0,0.34809,0.40471,0.4086,0.3967,0.3949,0.4012275
6875.0,0.33096,0.40495,0.4083,0.39685,0.39503,0.4012825
6876.0,0.36091,0.40493,0.40798,0.39698,0.39515,0.40126000000000006
6877.0,0.39432,0.40492,0.40762,0.3971,0.39527,0.4012275
6878.0,0.39058,0.40523,0.40723,0.39719,0.39538,0.4012575
6879.0,0.34568,0.40545,0.4068,0.39727,0.3955,0.401255
6880.0,0.28276,0.40541,0.40635,0.39736,0.39562,0.401185
6881.0,0.27482,0.40561,0.40588,0.39749,0.39578,0.40119
6882.0,0.33795,0.406,0.40537,0.39768,0.39598,0.4012575
6883.0,0.36409,0.40612,0.40487,0.39796,0.39625,0.4013
6884.0,0.37078,0.40624,0.40438,0.39833,0.39659,0.401385
6885.0,0.38691,0.4067,0.40389,0.39879,0.39699,0.40159249999999996
6886.0,0.38559,0.40704,0.40344,0.39931,0.39745,0.40181000000000006
6887.0,0.36691,0.40714,0.40303,0.39986,0.39793,0.40199000000000007
6888.0,0.34456,0.40747,0.40266,0.40041,0.39842,0.40224
6889.0,0.34666,0.40791,0.40236,0.40092,0.39887,0.402515
6890.0,0.37357,0.40809,0.40214,0.40136,0.39928,0.4027175
6891.0,0.38482,0.40826,0.40199,0.40171,0.39963,0.40289749999999996
6892.0,0.37423,0.40865,0.4019,0.40196,0.39991,0.403105
6893.0,0.34856,0.4089,0.4019,0.40214,0.40012,0.403265
6894.0,0.36749,0.40894,0.40197,0.40224,0.40028,0.4033575
6895.0,0.40688,0.40915,0.40208,0.40231,0.40039,0.4034825
6896.0,0.4129,0.40942,0.40225,0.40236,0.40048,0.4036275
6897.0,0.38116,0.40947,0.40245,0.40241,0.40057,0.403725
6898.0,0.32955,0.4095,0.40267,0.40248,0.40067,0.40383
6899.0,0.31179,0.40967,0.40291,0.40258,0.40077,0.4039825
6900.0,0.34598,0.40975,0.40314,0.40269,0.40088,0.404115
6901.0,0.41596,0.40966,0.40335,0.4028,0.40098,0.4041975
6902.0,0.38748,0.40965,0.40354,0.4029,0.40106,0.4042875
6903.0,0.32033,0.40969,0.4037,0.40296,0.40111,0.40436500000000003
6904.0,0.31187,0.40956,0.40383,0.40296,0.40109,0.40436
6905.0,0.35709,0.40935,0.40393,0.40287,0.40099,0.404285
6906.0,0.43143,0.4092,0.40399,0.40267,0.40079,0.40416250000000004
6907.0,0.48081,0.40901,0.40402,0.40236,0.4005,0.4039725
6908.0,0.47156,0.40868,0.40402,0.40193,0.4001,0.40368250000000006
6909.0,0.40346,0.40837,0.404,0.40141,0.39963,0.4033525
6910.0,0.34736,0.40812,0.40396,0.40081,0.39909,0.40299499999999994
6911.0,0.33054,0.40775,0.4039,0.40018,0.39853,0.40259
6912.0,0.3639,0.40733,0.40383,0.39955,0.39796,0.4021675
6913.0,0.36884,0.40704,0.40374,0.39898,0.39743,0.40179750000000003
6914.0,0.34884,0.40673,0.40365,0.3985,0.39696,0.40146
6915.0,0.34812,0.40634,0.40355,0.39812,0.39656,0.4011425
6916.0,0.36265,0.40606,0.40345,0.39784,0.39624,0.40089749999999996
6917.0,0.37932,0.40586,0.40334,0.39764,0.39599,0.4007075
6918.0,0.35807,0.40556,0.40323,0.3975,0.39579,0.40052
6919.0,0.3316,0.40528,0.40312,0.39738,0.39562,0.40035000000000004
6920.0,0.32996,0.40513,0.403,0.39726,0.39545,0.40021
6921.0,0.33881,0.40499,0.40289,0.39712,0.39529,0.4000725
6922.0,0.35108,0.40481,0.40277,0.39694,0.39511,0.3999075
6923.0,0.36008,0.40466,0.40264,0.39675,0.39493,0.399745
6924.0,0.37527,0.40457,0.40252,0.39655,0.39476,0.3996
6925.0,0.39665,0.40446,0.40239,0.39637,0.3946,0.399455
6926.0,0.41131,0.40434,0.40225,0.39623,0.39447,0.3993225
6927.0,0.40479,0.40426,0.40212,0.39615,0.39438,0.39922749999999996
6928.0,0.37146,0.40425,0.40198,0.39613,0.39434,0.39917500000000006
6929.0,0.34408,0.40426,0.40183,0.39616,0.39435,0.39915
6930.0,0.33011,0.40419,0.4017,0.39623,0.39439,0.3991275
6931.0,0.332,0.40413,0.40155,0.39634,0.39447,0.39912250000000005
6932.0,0.35553,0.40412,0.4014,0.39646,0.39456,0.399135
6933.0,0.38962,0.40409,0.40126,0.39658,0.39464,0.39914249999999996
6934.0,0.39371,0.40399,0.40112,0.39667,0.39471,0.39912250000000005
6935.0,0.37291,0.40392,0.40097,0.39673,0.39475,0.3990925
6936.0,0.33944,0.40387,0.40083,0.39671,0.39472,0.3990325
6937.0,0.33384,0.40374,0.40069,0.39662,0.39462,0.3989175
6938.0,0.35219,0.40353,0.40054,0.39644,0.39444,0.39873749999999997
6939.0,0.37748,0.40331,0.40041,0.39616,0.39418,0.398515
6940.0,0.39988,0.40314,0.40028,0.3958,0.39385,0.3982675
6941.0,0.40743,0.40293,0.40013,0.39536,0.39345,0.39796750000000003
6942.0,0.37546,0.40263,0.4,0.39487,0.39303,0.3976325
6943.0,0.35231,0.40239,0.39988,0.39437,0.39258,0.39730499999999996
6944.0,0.36807,0.40221,0.39974,0.39388,0.39214,0.39699249999999997
6945.0,0.397,0.40194,0.39961,0.39344,0.39173,0.39668000000000003
6946.0,0.40301,0.40165,0.3995,0.39307,0.39138,0.39640000000000003
6947.0,0.34568,0.40156,0.39937,0.39278,0.39109,0.39619999999999994
6948.0,0.3128,0.40151,0.39926,0.39257,0.39088,0.39605500000000005
6949.0,0.32772,0.40136,0.39915,0.39245,0.39076,0.39593
6950.0,0.37036,0.40135,0.39903,0.39242,0.39071,0.3958775
6951.0,0.39399,0.40146,0.39892,0.39247,0.39076,0.3959025
6952.0,0.37542,0.40147,0.39882,0.39261,0.3909,0.39594999999999997
6953.0,0.36104,0.40154,0.39872,0.39284,0.39112,0.39605500000000005
6954.0,0.36541,0.40178,0.39861,0.39315,0.39143,0.3962425
6955.0,0.39658,0.40201,0.39851,0.39353,0.39178,0.39645749999999996
6956.0,0.42258,0.40216,0.39841,0.39396,0.39218,0.39667749999999996
6957.0,0.42477,0.40242,0.3983,0.39442,0.39261,0.39693749999999994
6958.0,0.38146,0.40271,0.3982,0.39489,0.39304,0.39721
6959.0,0.33906,0.40285,0.39809,0.39533,0.39346,0.39743249999999997
6960.0,0.32782,0.40299,0.39798,0.39573,0.39385,0.3976375
6961.0,0.32928,0.40317,0.39787,0.39606,0.39418,0.39782
6962.0,0.34143,0.40325,0.39775,0.39632,0.39445,0.3979425
6963.0,0.36495,0.40322,0.39762,0.3965,0.39463,0.3979925
6964.0,0.38256,0.40316,0.3975,0.39657,0.39471,0.39798500000000003
6965.0,0.38445,0.40303,0.39736,0.39652,0.39466,0.3978925
6966.0,0.35991,0.40272,0.39722,0.39634,0.39446,0.39768500000000007
6967.0,0.35579,0.40238,0.39708,0.396,0.39411,0.39739250000000004
6968.0,0.39276,0.402,0.39692,0.39548,0.39359,0.3969975
6969.0,0.3766,0.40145,0.39677,0.39478,0.39289,0.3964725
6970.0,0.33464,0.40087,0.39661,0.39388,0.39204,0.39585
6971.0,0.33662,0.40035,0.39645,0.39279,0.39104,0.3951575
6972.0,0.34839,0.39968,0.39628,0.39158,0.38995,0.3943725
6973.0,0.3543,0.39899,0.39612,0.39029,0.38882,0.393555
6974.0,0.3474,0.39856,0.39596,0.38901,0.38772,0.3928125
6975.0,0.34516,0.39814,0.39579,0.38786,0.38674,0.3921325
6976.0,0.35882,0.3976,0.39565,0.38692,0.38594,0.3915275
6977.0,0.36398,0.39734,0.3955,0.38629,0.3854,0.3911325
6978.0,0.35366,0.3973,0.39535,0.38602,0.38514,0.3909525
6979.0,0.32603,0.39716,0.39522,0.38614,0.3852,0.39093
6980.0,0.32538,0.39713,0.3951,0.38662,0.38557,0.391105
6981.0,0.35753,0.39749,0.39497,0.38739,0.38617,0.391505
6982.0,0.37417,0.39786,0.39485,0.38837,0.38696,0.39201
6983.0,0.37473,0.39808,0.39475,0.38945,0.38786,0.39253499999999997
6984.0,0.36681,0.39849,0.39464,0.39054,0.38879,0.393115
6985.0,0.38494,0.399,0.39453,0.39154,0.38967,0.393685
6986.0,0.40768,0.39933,0.39443,0.39239,0.39046,0.3941525
6987.0,0.37787,0.39961,0.39432,0.39308,0.39113,0.39453499999999997
6988.0,0.35997,0.39996,0.3942,0.39356,0.39163,0.3948375
6989.0,0.37444,0.40022,0.39409,0.39387,0.39193,0.3950275
6990.0,0.37073,0.40027,0.39397,0.39399,0.39205,0.39507000000000003
6991.0,0.35236,0.40028,0.39384,0.39395,0.39201,0.39502000000000004
6992.0,0.33157,0.40028,0.39372,0.39377,0.39184,0.3949025
6993.0,0.33163,0.40016,0.39359,0.39345,0.39154,0.394685
6994.0,0.3568,0.39987,0.39344,0.393,0.39113,0.39436
6995.0,0.40116,0.39955,0.3933,0.39245,0.39062,0.39398
6996.0,0.40644,0.39926,0.39316,0.39181,0.39003,0.39356499999999994
6997.0,0.35663,0.39884,0.39301,0.3911,0.38941,0.39309
6998.0,0.34173,0.39835,0.39287,0.39037,0.38876,0.3925875
6999.0,0.34499,0.39796,0.39272,0.38964,0.38811,0.3921075
7000.0,0.33044,0.39754,0.39257,0.38895,0.38747,0.3916325
7001.0,0.3408,0.397,0.39243,0.38833,0.38688,0.39116000000000006
7002.0,0.37912,0.39656,0.39229,0.38779,0.38636,0.39075000000000004
7003.0,0.41379,0.39625,0.39215,0.38735,0.38592,0.39041750000000003
7004.0,0.40349,0.39584,0.39201,0.38699,0.38554,0.390095
7005.0,0.34162,0.39539,0.39188,0.3867,0.3852,0.3897925
7006.0,0.3666,0.39506,0.39174,0.38646,0.38488,0.38953499999999996
7007.0,0.43078,0.39473,0.39161,0.38622,0.38458,0.389285
7008.0,0.41716,0.39436,0.39148,0.38598,0.38429,0.38902749999999997
7009.0,0.37506,0.3941,0.39135,0.38569,0.384,0.38878499999999994
7010.0,0.33303,0.39385,0.39121,0.38535,0.38367,0.38852
7011.0,0.31918,0.39355,0.39109,0.38497,0.38332,0.3882325
7012.0,0.32792,0.39332,0.39096,0.38457,0.38297,0.387955
7013.0,0.34921,0.39314,0.39083,0.38417,0.38263,0.38769250000000005
7014.0,0.35947,0.39289,0.3907,0.38381,0.38232,0.38743
7015.0,0.36438,0.39275,0.39058,0.38352,0.38207,0.38722999999999996
7016.0,0.38694,0.39271,0.39045,0.38332,0.38188,0.38709
7017.0,0.40978,0.39255,0.39032,0.38323,0.38178,0.38697
7018.0,0.41343,0.39246,0.39021,0.38324,0.38176,0.3869175
7019.0,0.35087,0.3926,0.39009,0.38332,0.38181,0.386955
7020.0,0.28462,0.39273,0.38997,0.38347,0.38193,0.38702499999999995
7021.0,0.29589,0.39274,0.38987,0.38366,0.38208,0.3870875
7022.0,0.3532,0.39289,0.38977,0.38387,0.38227,0.3872
7023.0,0.41012,0.39314,0.38966,0.38411,0.38251,0.387355
7024.0,0.36681,0.39329,0.38957,0.38437,0.38279,0.387505
7025.0,0.32936,0.39346,0.38948,0.38466,0.38309,0.3876725
7026.0,0.36242,0.39376,0.38939,0.38498,0.38339,0.38788
7027.0,0.38375,0.39413,0.38931,0.38532,0.38369,0.38811249999999997
7028.0,0.37535,0.39443,0.38923,0.38568,0.38398,0.38833
7029.0,0.33371,0.39467,0.38914,0.38603,0.38426,0.388525
7030.0,0.29922,0.39507,0.38907,0.38638,0.38457,0.3887725
7031.0,0.29267,0.39554,0.389,0.38673,0.38493,0.38905
7032.0,0.32886,0.39587,0.38892,0.38707,0.38532,0.38929500000000006
7033.0,0.38661,0.39623,0.38885,0.38743,0.38572,0.3895575
7034.0,0.43809,0.39682,0.38878,0.38783,0.38616,0.38989750000000006
7035.0,0.42542,0.39729,0.3887,0.3883,0.38664,0.3902325
7036.0,0.37377,0.3976,0.38863,0.38886,0.38719,0.39057
7037.0,0.37406,0.39819,0.38855,0.38953,0.38783,0.39102499999999996
7038.0,0.37774,0.39882,0.38846,0.39031,0.38855,0.39153499999999997
7039.0,0.35954,0.39907,0.38838,0.39116,0.38932,0.3919825
7040.0,0.34638,0.39943,0.38829,0.39204,0.39012,0.39247
7041.0,0.34628,0.39998,0.38818,0.39291,0.39088,0.39298750000000005
7042.0,0.36363,0.40022,0.38808,0.39369,0.39156,0.3933875
7043.0,0.37515,0.40024,0.38797,0.39431,0.39207,0.3936475
7044.0,0.36866,0.40033,0.38785,0.3947,0.39236,0.39381
7045.0,0.33206,0.40028,0.38772,0.39482,0.39242,0.39381
7046.0,0.31834,0.39989,0.38759,0.39463,0.39223,0.393585
7047.0,0.36292,0.39946,0.38744,0.39411,0.39174,0.39318749999999997
7048.0,0.377,0.39902,0.38729,0.39328,0.39095,0.39263500000000007
7049.0,0.35738,0.39831,0.38713,0.39216,0.38987,0.3918675
7050.0,0.33966,0.39741,0.38696,0.39081,0.38856,0.39093500000000003
7051.0,0.33324,0.3965,0.38679,0.38929,0.38709,0.3899175
7052.0,0.33754,0.39557,0.38662,0.38768,0.38554,0.3888525
7053.0,0.32813,0.39448,0.38644,0.38604,0.38397,0.3877325
7054.0,0.32394,0.39334,0.38626,0.38446,0.38241,0.38661750000000006
7055.0,0.35035,0.39233,0.38608,0.38297,0.38091,0.38557250000000004
7056.0,0.3434,0.39133,0.38589,0.38162,0.37951,0.3845875
7057.0,0.30624,0.39028,0.3857,0.38041,0.37823,0.383655
7058.0,0.3176,0.38938,0.38552,0.37935,0.37707,0.38283
7059.0,0.35253,0.38861,0.38534,0.37843,0.37605,0.3821075
7060.0,0.38656,0.3878,0.38516,0.37763,0.37518,0.3814425
7061.0,0.42447,0.38709,0.38499,0.37695,0.37446,0.3808725
7062.0,0.48754,0.38663,0.38481,0.37637,0.37388,0.38042249999999994
7063.0,0.61667,0.38619,0.38465,0.3759,0.37341,0.3800375
7064.0,0.7856,0.38578,0.3845,0.37553,0.37304,0.3797125
7065.0,0.93687,0.3856,0.38435,0.3753,0.3728,0.37951250000000003
7066.0,0.85735,0.38548,0.38421,0.37521,0.37271,0.3794025
7067.0,0.64868,0.38533,0.38409,0.37527,0.37279,0.37937
7068.0,0.4883,0.38535,0.38397,0.3755,0.37302,0.37946
7069.0,0.3991,0.3854,0.38387,0.37587,0.37336,0.379625
7070.0,0.37569,0.38538,0.38377,0.37636,0.3738,0.3798275
7071.0,0.37543,0.38546,0.38368,0.37692,0.37428,0.380085
7072.0,0.37167,0.38555,0.38359,0.3775,0.37476,0.38034999999999997
7073.0,0.34804,0.38546,0.3835,0.37802,0.3752,0.380545
7074.0,0.33738,0.38531,0.38341,0.37842,0.37551,0.38066249999999996
7075.0,0.34416,0.38513,0.38331,0.37861,0.37566,0.3806775
7076.0,0.36095,0.38476,0.38322,0.37856,0.37557,0.38052749999999996
7077.0,0.37041,0.38427,0.38311,0.37821,0.37521,0.3802
7078.0,0.367,0.38368,0.383,0.37754,0.37456,0.379695
7079.0,0.37389,0.38294,0.38287,0.37656,0.37362,0.37899750000000004
7080.0,0.38867,0.38209,0.38274,0.37528,0.37243,0.378135
7081.0,0.40126,0.38113,0.3826,0.37377,0.37102,0.37712999999999997
7082.0,0.38643,0.38009,0.38245,0.37208,0.36944,0.376015
7083.0,0.34676,0.37904,0.3823,0.3703,0.36778,0.374855
7084.0,0.32768,0.37795,0.38214,0.36851,0.3661,0.373675
7085.0,0.33811,0.3768,0.38199,0.36679,0.36447,0.3725125
7086.0,0.37693,0.37577,0.38183,0.36522,0.36294,0.37144
7087.0,0.38181,0.37491,0.38168,0.36385,0.36158,0.37050500000000003
7088.0,0.35114,0.37402,0.38153,0.36272,0.36041,0.36966999999999994
7089.0,0.32383,0.37324,0.38139,0.36185,0.35946,0.368985
7090.0,0.31551,0.37273,0.38125,0.36125,0.35879,0.36850499999999997
7091.0,0.33186,0.37222,0.38113,0.3609,0.35839,0.36816
7092.0,0.34901,0.37183,0.38101,0.36078,0.35822,0.36796
7093.0,0.36064,0.3717,0.3809,0.36087,0.35823,0.367925
7094.0,0.36354,0.3716,0.3808,0.36114,0.35839,0.3679825
7095.0,0.36797,0.37154,0.3807,0.36153,0.35868,0.36811250000000006
7096.0,0.37085,0.37165,0.38061,0.36202,0.35909,0.3683425
7097.0,0.33647,0.37185,0.38052,0.36256,0.35957,0.368625
7098.0,0.29985,0.37196,0.38043,0.3631,0.36006,0.3688875
7099.0,0.30936,0.37214,0.38035,0.36361,0.36051,0.3691525
7100.0,0.3477,0.37243,0.38026,0.36406,0.36093,0.36941999999999997
7101.0,0.38762,0.37258,0.38017,0.3644,0.36127,0.369605
7102.0,0.36094,0.37269,0.38007,0.36463,0.36152,0.36972750000000004
7103.0,0.31823,0.37286,0.37997,0.36474,0.36166,0.36980749999999996
7104.0,0.30769,0.37295,0.37987,0.36473,0.3617,0.3698125
7105.0,0.32736,0.37295,0.37976,0.36462,0.36167,0.36974999999999997
7106.0,0.36164,0.373,0.37964,0.36442,0.36155,0.3696525
7107.0,0.37539,0.37301,0.37953,0.36417,0.36139,0.369525
7108.0,0.37461,0.3729,0.37941,0.3639,0.3612,0.36935250000000003
7109.0,0.36561,0.3728,0.37927,0.36364,0.36104,0.3691875
7110.0,0.35897,0.37277,0.37914,0.36341,0.36089,0.3690525
7111.0,0.35554,0.37265,0.37902,0.36324,0.36076,0.3689175
7112.0,0.3535,0.37248,0.37888,0.36312,0.36064,0.36878
7113.0,0.34814,0.37234,0.37875,0.36305,0.36055,0.36867249999999996
7114.0,0.33926,0.37221,0.37862,0.363,0.36049,0.36858
7115.0,0.33551,0.37204,0.37849,0.36296,0.36041,0.368475
7116.0,0.33939,0.37183,0.37836,0.3629,0.36032,0.36835249999999997
7117.0,0.35203,0.37162,0.37823,0.36278,0.36018,0.3682025
7118.0,0.36186,0.37138,0.37811,0.3626,0.35998,0.3680175
7119.0,0.36402,0.37112,0.37798,0.36233,0.3597,0.3677825
7120.0,0.3555,0.37081,0.37787,0.36197,0.35934,0.36749750000000003
7121.0,0.34297,0.37051,0.37774,0.36153,0.35889,0.36716750000000004
7122.0,0.33385,0.37024,0.37763,0.36102,0.35837,0.36681500000000006
7123.0,0.33968,0.3699,0.37752,0.36046,0.35778,0.366415
7124.0,0.35582,0.36958,0.37741,0.35988,0.3572,0.3660175
7125.0,0.36347,0.36937,0.3773,0.35932,0.35665,0.36566
7126.0,0.36715,0.36915,0.3772,0.35881,0.35617,0.36533249999999995
7127.0,0.37103,0.3689,0.3771,0.35839,0.35578,0.3650425
7128.0,0.37858,0.36878,0.377,0.3581,0.35551,0.3648475
7129.0,0.3825,0.36878,0.37691,0.35796,0.35539,0.36476
7130.0,0.36841,0.36875,0.37681,0.358,0.3554,0.36473999999999995
7131.0,0.36711,0.36875,0.37672,0.35821,0.35553,0.36480250000000003
7132.0,0.43857,0.36891,0.37663,0.35857,0.3558,0.36497750000000007
7133.0,0.80832,0.36907,0.37653,0.35905,0.3562,0.3652125
7134.0,1.36101,0.36922,0.37644,0.35961,0.35666,0.3654825
7135.0,1.86159,0.3695,0.37634,0.36019,0.35714,0.3657925
7136.0,1.91527,0.36972,0.37624,0.36074,0.35761,0.3660775
7137.0,1.46977,0.36985,0.37614,0.36121,0.35806,0.366315
7138.0,0.9423,0.37014,0.37603,0.36156,0.35842,0.3665375
7139.0,0.52296,0.37036,0.37591,0.36177,0.35867,0.3666775
7140.0,0.36871,0.3704,0.37581,0.36184,0.35875,0.3667
7141.0,0.34407,0.37059,0.37568,0.36177,0.35872,0.36668999999999996
7142.0,0.37741,0.37078,0.37555,0.3616,0.35861,0.36663499999999993
7143.0,0.38008,0.37077,0.37543,0.36135,0.35845,0.3665
7144.0,0.35016,0.37089,0.3753,0.36108,0.35827,0.36638499999999996
7145.0,0.29705,0.37109,0.37517,0.36084,0.35813,0.3663075
7146.0,0.27508,0.37107,0.37505,0.36067,0.35807,0.36621499999999996
7147.0,0.29008,0.37121,0.37492,0.36061,0.35806,0.36619999999999997
7148.0,0.32258,0.37147,0.37479,0.3607,0.35813,0.3662725
7149.0,0.35152,0.37147,0.37467,0.36093,0.35832,0.3663475
7150.0,0.36296,0.37159,0.37455,0.3613,0.35861,0.3665125
7151.0,0.35615,0.3719,0.37443,0.36175,0.35897,0.3667625
7152.0,0.34298,0.37197,0.37432,0.36226,0.35932,0.3669675
7153.0,0.3472,0.37199,0.3742,0.36274,0.35967,0.36715
7154.0,0.34428,0.3722,0.37409,0.36314,0.36,0.3673575
7155.0,0.32748,0.37226,0.37398,0.36342,0.36026,0.36748000000000003
7156.0,0.33805,0.3721,0.37387,0.36352,0.36036,0.3674625
7157.0,0.36535,0.3721,0.37376,0.36343,0.36027,0.36739
7158.0,0.38119,0.37205,0.37365,0.36316,0.36004,0.367225
7159.0,0.38644,0.37179,0.37354,0.36274,0.35972,0.36694750000000004
7160.0,0.38735,0.37161,0.37343,0.36223,0.35933,0.36665
7161.0,0.40998,0.37143,0.37332,0.36167,0.35895,0.3663425
7162.0,0.42147,0.37114,0.37321,0.36116,0.3586,0.3660275
7163.0,0.37677,0.37095,0.3731,0.36074,0.3583,0.3657725
7164.0,0.34652,0.37077,0.37299,0.36048,0.35809,0.3655825
7165.0,0.34767,0.37051,0.37288,0.3604,0.35803,0.36545500000000003
7166.0,0.34221,0.37034,0.37278,0.3605,0.35812,0.365435
7167.0,0.33308,0.37025,0.37268,0.36076,0.35831,0.36550000000000005
7168.0,0.32814,0.37012,0.37257,0.36113,0.35854,0.36559
7169.0,0.33399,0.37,0.37247,0.36155,0.35878,0.3657
7170.0,0.34922,0.3699,0.37236,0.36194,0.35905,0.3658125
7171.0,0.36265,0.36975,0.37225,0.36224,0.35933,0.36589249999999995
7172.0,0.3606,0.36956,0.37215,0.36239,0.35948,0.36589499999999997
7173.0,0.33457,0.36938,0.37203,0.36236,0.35943,0.3658
7174.0,0.32049,0.36912,0.37192,0.36214,0.35917,0.3655875
7175.0,0.32215,0.36877,0.3718,0.36174,0.35879,0.36527499999999996
7176.0,0.32328,0.36842,0.37168,0.36119,0.35833,0.36490500000000003
7177.0,0.3232,0.368,0.37155,0.3605,0.35778,0.3644575
7178.0,0.32239,0.36751,0.37143,0.35974,0.35711,0.3639475
7179.0,0.32299,0.36702,0.3713,0.35893,0.35636,0.3634025
7180.0,0.3249,0.36655,0.37117,0.3581,0.35555,0.36284249999999996
7181.0,0.32661,0.36601,0.37105,0.35728,0.35475,0.3622725
7182.0,0.32417,0.36542,0.37092,0.35649,0.35401,0.36171
7183.0,0.31798,0.36497,0.3708,0.35574,0.35334,0.3612125
7184.0,0.33038,0.36458,0.37068,0.35505,0.3527,0.36075250000000003
7185.0,0.35026,0.36409,0.37057,0.35442,0.35209,0.3602925
7186.0,0.34575,0.36375,0.37046,0.35389,0.35158,0.35992
7187.0,0.33953,0.36352,0.37035,0.35346,0.35123,0.35964
7188.0,0.34407,0.3632,0.37025,0.35316,0.35102,0.3594075
7189.0,0.35042,0.36304,0.37015,0.353,0.35087,0.359265
7190.0,0.34388,0.36302,0.37005,0.35298,0.35079,0.35921
7191.0,0.30208,0.36294,0.36996,0.35311,0.35082,0.3592075
7192.0,0.29639,0.36294,0.36987,0.35336,0.35099,0.35929
7193.0,0.34733,0.36308,0.36977,0.35372,0.35128,0.3594625
7194.0,0.36188,0.36315,0.36969,0.35414,0.35165,0.3596575
7195.0,0.35389,0.36321,0.3696,0.35459,0.35205,0.3598625
7196.0,0.3682,0.36342,0.3695,0.35504,0.35246,0.360105
7197.0,0.37519,0.36357,0.36942,0.35543,0.35282,0.36031
7198.0,0.36232,0.36358,0.36932,0.35575,0.35313,0.36044499999999996
7199.0,0.33768,0.36372,0.36922,0.35596,0.35334,0.36056
7200.0,0.32397,0.36388,0.36913,0.35605,0.35342,0.36062
7201.0,0.35061,0.36386,0.36903,0.35603,0.35339,0.3605775
7202.0,0.35584,0.36389,0.36892,0.3559,0.35331,0.36050499999999996
7203.0,0.32533,0.36398,0.36882,0.3557,0.35322,0.36043000000000003
7204.0,0.31309,0.36397,0.36871,0.35545,0.35311,0.36031
7205.0,0.30795,0.36395,0.3686,0.3552,0.35297,0.36018
7206.0,0.28802,0.36408,0.36849,0.35499,0.35282,0.36009499999999994
7207.0,0.29109,0.36414,0.36837,0.35485,0.35273,0.36002249999999997
7208.0,0.32519,0.36412,0.36826,0.35482,0.35273,0.35998250000000004
7209.0,0.36207,0.36431,0.36815,0.35491,0.35282,0.36004749999999996
7210.0,0.36385,0.36454,0.36803,0.35511,0.35298,0.360165
7211.0,0.29389,0.36463,0.36792,0.35541,0.35322,0.36029500000000003
7212.0,0.27248,0.36493,0.36781,0.35579,0.35354,0.3605175
7213.0,0.32453,0.36528,0.3677,0.35622,0.35397,0.36079249999999996
7214.0,0.37697,0.36549,0.36759,0.35667,0.35445,0.36105
7215.0,0.37989,0.36585,0.36748,0.35712,0.35494,0.36134750000000004
7216.0,0.2906,0.3663,0.36737,0.35756,0.35538,0.3616525
7217.0,0.22162,0.36661,0.36726,0.35798,0.35579,0.36191
7218.0,0.21463,0.36701,0.36716,0.35839,0.35621,0.36219250000000003
7219.0,0.2796,0.36752,0.36705,0.35879,0.35666,0.36250499999999997
7220.0,0.34822,0.36792,0.36695,0.35919,0.35713,0.3627975
7221.0,0.34682,0.36831,0.36685,0.35963,0.35762,0.36310250000000005
7222.0,0.3109,0.36884,0.36675,0.3601,0.35812,0.36345249999999996
7223.0,0.2689,0.36931,0.36666,0.36062,0.35862,0.3638025
7224.0,0.27822,0.36969,0.36657,0.36118,0.35915,0.3641475
7225.0,0.3037,0.37018,0.36648,0.36179,0.35971,0.36454
7226.0,0.30525,0.37067,0.3664,0.36242,0.3603,0.36494750000000004
7227.0,0.3096,0.37101,0.36632,0.36306,0.36088,0.36531749999999996
7228.0,0.32611,0.37141,0.36624,0.36368,0.36143,0.36568999999999996
7229.0,0.35761,0.37182,0.36617,0.36424,0.36193,0.36604000000000003
7230.0,0.38112,0.37206,0.36609,0.36474,0.36235,0.36631
7231.0,0.37379,0.3723,0.36602,0.36513,0.36267,0.36653
7232.0,0.34648,0.37258,0.36594,0.3654,0.36288,0.3667
7233.0,0.31518,0.37269,0.36587,0.36556,0.36297,0.3667725
7234.0,0.32118,0.37272,0.36579,0.36559,0.36299,0.3667725
7235.0,0.33658,0.37282,0.36572,0.3655,0.36294,0.366745
7236.0,0.33044,0.3728,0.36563,0.36532,0.36281,0.36664
7237.0,0.30375,0.37267,0.36555,0.36507,0.36257,0.366465
7238.0,0.2676,0.37261,0.36547,0.36477,0.36225,0.366275
7239.0,0.25684,0.3725,0.36538,0.36444,0.36191,0.3660575
7240.0,0.28737,0.37229,0.36529,0.36412,0.36158,0.36582000000000003
7241.0,0.36474,0.37214,0.3652,0.3638,0.36129,0.3656075
7242.0,0.3905,0.37201,0.3651,0.36352,0.36104,0.3654175
7243.0,0.3535,0.37179,0.36501,0.36326,0.36079,0.3652125
7244.0,0.31558,0.37164,0.36491,0.36305,0.36055,0.3650375
7245.0,0.29647,0.37153,0.36481,0.36287,0.36035,0.36489
7246.0,0.30983,0.37134,0.3647,0.36272,0.36019,0.3647375
7247.0,0.33734,0.37122,0.3646,0.36261,0.36007,0.364625
7248.0,0.36866,0.37119,0.36449,0.36252,0.35996,0.36454000000000003
7249.0,0.38843,0.37106,0.36439,0.36246,0.35988,0.3644475
7250.0,0.39688,0.37095,0.36428,0.36243,0.35988,0.364385
7251.0,0.39615,0.37099,0.36416,0.36241,0.35993,0.36437250000000004
7252.0,0.39481,0.37094,0.36405,0.3624,0.35997,0.36434
7253.0,0.39122,0.37084,0.36393,0.36239,0.35997,0.36428249999999995
7254.0,0.37044,0.37092,0.36381,0.36238,0.3599,0.3642525
7255.0,0.34531,0.37099,0.36369,0.36236,0.35982,0.364215
7256.0,0.33066,0.3709,0.36356,0.36234,0.3598,0.36415
7257.0,0.32418,0.371,0.36343,0.36232,0.35988,0.36415749999999997
7258.0,0.32577,0.37119,0.36331,0.36231,0.35999,0.3642
7259.0,0.33786,0.37117,0.36318,0.36235,0.36011,0.3642025
7260.0,0.3603,0.37125,0.36305,0.36243,0.36026,0.3642475
7261.0,0.38941,0.37153,0.36292,0.36257,0.36046,0.36437
7262.0,0.37339,0.37158,0.36279,0.36279,0.3607,0.364465
7263.0,0.31951,0.37164,0.36266,0.36308,0.36095,0.36458250000000003
7264.0,0.32161,0.37195,0.36253,0.36342,0.3612,0.364775
7265.0,0.34721,0.37206,0.36241,0.36378,0.36147,0.36493
7266.0,0.34744,0.37207,0.36228,0.36414,0.36177,0.365065
7267.0,0.32706,0.37226,0.36216,0.36446,0.36211,0.36524749999999995
7268.0,0.29707,0.37233,0.36204,0.36472,0.36241,0.365375
7269.0,0.29412,0.37226,0.36191,0.3649,0.36259,0.365415
7270.0,0.32809,0.37223,0.36178,0.36498,0.36267,0.36541500000000005
7271.0,0.40139,0.37214,0.36166,0.36495,0.36262,0.36534249999999996
7272.0,0.40548,0.37192,0.36153,0.3648,0.36245,0.36517499999999997
7273.0,0.32827,0.37164,0.36139,0.36454,0.36215,0.36493000000000003
7274.0,0.30136,0.37132,0.36127,0.36416,0.36174,0.36462249999999996
7275.0,0.31513,0.37093,0.36113,0.36365,0.3612,0.3642275
7276.0,0.33515,0.37043,0.36099,0.36302,0.36054,0.36374500000000004
7277.0,0.35978,0.36989,0.36086,0.36228,0.3598,0.3632075
7278.0,0.38795,0.36937,0.36072,0.36144,0.359,0.36263249999999997
7279.0,0.41735,0.36877,0.36059,0.36052,0.35816,0.36201
7280.0,0.44152,0.3681,0.36045,0.35954,0.3573,0.3613475
7281.0,0.45116,0.36755,0.36032,0.35855,0.35641,0.36070749999999996
7282.0,0.45288,0.36702,0.36019,0.35758,0.35548,0.3600675
7283.0,0.44339,0.36641,0.36006,0.35666,0.35458,0.3594275
7284.0,0.38886,0.36597,0.35994,0.35583,0.35379,0.3588825
7285.0,0.32819,0.36569,0.35982,0.35511,0.35311,0.3584325
7286.0,0.33476,0.36536,0.35972,0.35455,0.35255,0.35804499999999995
7287.0,0.36254,0.36518,0.35961,0.35417,0.35218,0.35778499999999996
7288.0,0.3823,0.36526,0.35951,0.354,0.35208,0.3577125
7289.0,0.36646,0.36535,0.35944,0.35406,0.35221,0.357765
7290.0,0.32948,0.36553,0.35933,0.35435,0.35257,0.357945
7291.0,0.30819,0.36598,0.35926,0.35489,0.35307,0.3583
7292.0,0.32813,0.36651,0.35922,0.35565,0.35367,0.3587625
7293.0,0.3887,0.36707,0.35913,0.35662,0.35442,0.35930999999999996
7294.0,0.38535,0.36778,0.35909,0.35774,0.35535,0.35999000000000003
7295.0,0.33026,0.36863,0.3591,0.35898,0.35642,0.3607825
7296.0,0.29309,0.36951,0.35903,0.36027,0.35751,0.36158
7297.0,0.28643,0.37032,0.35904,0.36157,0.35865,0.362395
7298.0,0.31357,0.37128,0.35909,0.36283,0.3598,0.36324999999999996
7299.0,0.34535,0.3723,0.35907,0.364,0.36087,0.36406
7300.0,0.36469,0.37306,0.35915,0.36506,0.36179,0.364765
7301.0,0.34538,0.37393,0.35926,0.36601,0.36257,0.3654425
7302.0,0.32285,0.37494,0.35929,0.36682,0.36321,0.366065
7303.0,0.32601,0.37555,0.35947,0.36752,0.36378,0.36658
7304.0,0.3576,0.37627,0.35963,0.3681,0.3643,0.36707500000000004
7305.0,0.39318,0.37714,0.35972,0.3686,0.3648,0.367565
7306.0,0.36032,0.37763,0.35999,0.36904,0.36524,0.367975
7307.0,0.31611,0.37819,0.3602,0.36943,0.36567,0.3683725
7308.0,0.31719,0.37886,0.36035,0.3698,0.36606,0.3687675
7309.0,0.35713,0.37927,0.36071,0.37017,0.36641,0.36914
7310.0,0.40552,0.37972,0.36098,0.37055,0.36672,0.3694925
7311.0,0.36575,0.38024,0.36118,0.37094,0.36705,0.36985250000000003
7312.0,0.30683,0.38058,0.36162,0.37133,0.36742,0.3702375
7313.0,0.3109,0.38095,0.36194,0.37171,0.36783,0.3706075
7314.0,0.30646,0.38137,0.36219,0.37208,0.36823,0.3709675
7315.0,0.28829,0.38165,0.36268,0.37242,0.36862,0.37134249999999996
7316.0,0.3401,0.38196,0.36301,0.37273,0.36897,0.37166750000000004
7317.0,0.45794,0.38231,0.3633,0.37298,0.36925,0.37196
7318.0,0.62153,0.38253,0.36383,0.37319,0.36945,0.37224999999999997
7319.0,0.76178,0.3828,0.36415,0.37334,0.36958,0.3724675
7320.0,0.83691,0.38312,0.36444,0.37344,0.3697,0.372675
7321.0,0.78728,0.38333,0.36493,0.37351,0.36985,0.372905
7322.0,0.63942,0.38362,0.36518,0.37357,0.37004,0.3731025
7323.0,0.45459,0.38397,0.36543,0.37364,0.37024,0.37332
7324.0,0.38983,0.38423,0.36584,0.37376,0.37044,0.37356749999999994
7325.0,0.4864,0.38459,0.36599,0.37396,0.37068,0.37380500000000005
7326.0,0.49177,0.38502,0.36619,0.37426,0.37098,0.37411249999999996
7327.0,0.43034,0.38539,0.3665,0.37467,0.37137,0.3744825
7328.0,0.4406,0.38585,0.36656,0.37521,0.37188,0.374875
7329.0,0.53464,0.38636,0.3667,0.37588,0.37253,0.3753675
7330.0,0.69324,0.38682,0.36692,0.37665,0.3733,0.3759225
7331.0,0.71884,0.38733,0.3669,0.37749,0.37413,0.37646250000000003
7332.0,0.61367,0.38786,0.367,0.37838,0.37498,0.37705500000000003
7333.0,0.49196,0.38829,0.36715,0.37926,0.37578,0.37762
7334.0,0.38571,0.38874,0.36709,0.38009,0.37654,0.378115
7335.0,0.31618,0.38912,0.36716,0.38082,0.37721,0.3785775
7336.0,0.2798,0.3894,0.36725,0.38141,0.37773,0.3789475
7337.0,0.27491,0.38963,0.36714,0.38182,0.37809,0.37917
7338.0,0.29933,0.38976,0.36718,0.38203,0.37829,0.379315
7339.0,0.33638,0.38977,0.36715,0.38204,0.37833,0.3793225
7340.0,0.36689,0.3897,0.367,0.38184,0.37822,0.37918999999999997
7341.0,0.36274,0.38952,0.367,0.38147,0.37792,0.37897749999999997
7342.0,0.32842,0.38923,0.36686,0.38095,0.37746,0.378625
7343.0,0.32164,0.38887,0.36667,0.38031,0.37687,0.37818
7344.0,0.3258,0.38844,0.36659,0.37956,0.37618,0.37769250000000004
7345.0,0.31139,0.38794,0.36635,0.37875,0.37541,0.3771125
7346.0,0.32408,0.38739,0.36613,0.37789,0.37458,0.37649750000000004
7347.0,0.36798,0.38683,0.36598,0.37701,0.37372,0.375885
7348.0,0.3569,0.38625,0.36569,0.37614,0.37288,0.37524
7349.0,0.29541,0.38567,0.36547,0.37528,0.37206,0.37462
7350.0,0.21598,0.38514,0.36527,0.37445,0.37128,0.374035
7351.0,0.22286,0.38463,0.36496,0.37366,0.37057,0.37345500000000004
7352.0,0.34737,0.38416,0.36477,0.37296,0.36995,0.37296
7353.0,0.38479,0.38381,0.36454,0.37236,0.36941,0.37253
7354.0,0.33921,0.3835,0.36426,0.37189,0.36896,0.3721525
7355.0,0.31455,0.38327,0.36409,0.37155,0.36861,0.37188
7356.0,0.31737,0.38319,0.36387,0.37136,0.36839,0.3717025
7357.0,0.34311,0.38317,0.36365,0.37133,0.36832,0.3716175
7358.0,0.32676,0.38326,0.36351,0.37145,0.36842,0.37166
7359.0,0.26426,0.38348,0.36333,0.37174,0.3687,0.3718125
7360.0,0.1962,0.38378,0.36319,0.37218,0.36917,0.37208
7361.0,0.19465,0.38416,0.36308,0.37277,0.36981,0.372455
7362.0,0.32128,0.38465,0.36297,0.3735,0.37055,0.37291749999999996
7363.0,0.39448,0.38519,0.36292,0.37434,0.37135,0.37345000000000006
7364.0,0.37325,0.38577,0.36284,0.37528,0.37223,0.37403000000000003
7365.0,0.35388,0.38642,0.36281,0.37629,0.37318,0.37467500000000004
7366.0,0.33792,0.38707,0.36281,0.37735,0.37419,0.37535500000000005
7367.0,0.31291,0.38769,0.36277,0.37841,0.37522,0.37602250000000004
7368.0,0.29531,0.38831,0.36279,0.37943,0.37621,0.376685
7369.0,0.29329,0.38889,0.3628,0.38037,0.37714,0.3773
7370.0,0.30848,0.38937,0.36277,0.38121,0.37795,0.377825
7371.0,0.33156,0.38979,0.36282,0.38192,0.37865,0.378295
7372.0,0.34355,0.39012,0.36279,0.38246,0.3792,0.3786425
7373.0,0.34341,0.39032,0.36275,0.38281,0.37957,0.3788625
7374.0,0.33349,0.39042,0.36276,0.38296,0.37973,0.3789675
7375.0,0.33657,0.39041,0.3627,0.38289,0.37968,0.37892
7376.0,0.35151,0.39027,0.36262,0.38261,0.3794,0.378725
7377.0,0.36116,0.39003,0.36258,0.38212,0.37894,0.3784175
7378.0,0.35801,0.38973,0.36248,0.38143,0.37832,0.37799
7379.0,0.33699,0.38931,0.36239,0.38058,0.37756,0.37746
7380.0,0.31171,0.38885,0.3623,0.3796,0.3767,0.3768625
7381.0,0.29234,0.38838,0.36216,0.37855,0.37578,0.3762175
7382.0,0.30108,0.38788,0.36207,0.37749,0.37483,0.3755675
7383.0,0.32338,0.38739,0.36197,0.37647,0.37391,0.374935
7384.0,0.33675,0.38697,0.36184,0.37557,0.37308,0.374365
7385.0,0.33817,0.38657,0.36175,0.37484,0.37242,0.37389500000000003
7386.0,0.33045,0.38625,0.36167,0.37431,0.37193,0.37354
7387.0,0.33621,0.38603,0.36157,0.37401,0.37164,0.3733125
7388.0,0.35238,0.38588,0.36151,0.37394,0.37154,0.3732175
7389.0,0.36634,0.38581,0.36144,0.3741,0.37165,0.37325
7390.0,0.36808,0.38584,0.36137,0.37443,0.37193,0.3733925
7391.0,0.35268,0.38593,0.36133,0.37492,0.37236,0.373635
7392.0,0.33118,0.38606,0.36129,0.3755,0.37286,0.37392749999999997
7393.0,0.32061,0.38627,0.36123,0.37614,0.37341,0.3742625
7394.0,0.36067,0.38647,0.3612,0.37677,0.37396,0.37460000000000004
7395.0,0.37596,0.38667,0.36114,0.37736,0.3745,0.3749175
7396.0,0.30234,0.38689,0.36107,0.37788,0.37501,0.3752125
7397.0,0.27049,0.38705,0.36102,0.37831,0.37545,0.3754575
7398.0,0.30337,0.38716,0.36094,0.37863,0.37581,0.375635
7399.0,0.32048,0.38725,0.36084,0.37883,0.37603,0.37573749999999995
7400.0,0.30825,0.38725,0.36075,0.3789,0.37611,0.3757525
7401.0,0.26176,0.38716,0.36062,0.37885,0.37604,0.3756675
7402.0,0.26333,0.38704,0.36051,0.37867,0.37583,0.3755125
7403.0,0.32998,0.38684,0.36037,0.37837,0.37551,0.3752725
7404.0,0.32447,0.38655,0.3602,0.37792,0.37512,0.3749475
7405.0,0.27847,0.38624,0.36007,0.37735,0.37468,0.37458500000000006
7406.0,0.30716,0.38588,0.35992,0.37669,0.37414,0.3741575
7407.0,0.3495,0.38546,0.35972,0.37595,0.37348,0.3736525
7408.0,0.36126,0.38506,0.35959,0.37519,0.37273,0.3731425
7409.0,0.3647,0.38466,0.35942,0.37442,0.37195,0.3726125
7410.0,0.36666,0.38425,0.35925,0.37369,0.37122,0.3721025
7411.0,0.37053,0.38391,0.35912,0.373,0.37058,0.37165249999999994
7412.0,0.35756,0.38361,0.35895,0.3724,0.37004,0.37124999999999997
7413.0,0.31002,0.38336,0.35882,0.37192,0.36964,0.37093499999999996
7414.0,0.30037,0.3832,0.3587,0.37158,0.36938,0.370715
7415.0,0.33954,0.38312,0.35853,0.3714,0.36921,0.37056500000000003
7416.0,0.344,0.38311,0.35846,0.3714,0.36911,0.37052
7417.0,0.31975,0.38321,0.35835,0.37156,0.36914,0.370565
7418.0,0.29655,0.38338,0.35821,0.37188,0.36939,0.370715
7419.0,0.28201,0.38362,0.35816,0.37233,0.36985,0.37099
7420.0,0.27985,0.38395,0.35806,0.37291,0.37046,0.37134500000000004
7421.0,0.28621,0.38433,0.35795,0.37359,0.37117,0.37176000000000003
7422.0,0.29888,0.38475,0.35792,0.37435,0.37191,0.37223249999999997
7423.0,0.31411,0.3852,0.35782,0.37516,0.37263,0.3727025
7424.0,0.34398,0.38566,0.35776,0.37599,0.3733,0.3731775
7425.0,0.39286,0.38612,0.35772,0.3768,0.37395,0.3736475
7426.0,0.35211,0.38655,0.35761,0.37754,0.3746,0.374075
7427.0,0.22999,0.38695,0.35759,0.37819,0.37527,0.3745
7428.0,0.21405,0.3873,0.35753,0.37873,0.37587,0.37485749999999995
7429.0,0.27926,0.38758,0.35742,0.37914,0.37633,0.3751175
7430.0,0.3546,0.3878,0.35741,0.37941,0.37662,0.37531
7431.0,0.38961,0.38797,0.35732,0.37955,0.37674,0.37539500000000003
7432.0,0.36702,0.38804,0.35722,0.37954,0.3767,0.375375
7433.0,0.34895,0.38805,0.3572,0.3794,0.37653,0.375295
7434.0,0.33882,0.38803,0.35709,0.37913,0.37627,0.37512999999999996
7435.0,0.31621,0.38792,0.357,0.37876,0.37597,0.3749125
7436.0,0.30543,0.38778,0.35696,0.3783,0.37565,0.3746725
7437.0,0.32461,0.38766,0.35684,0.37779,0.3753,0.3743975
7438.0,0.33021,0.38748,0.3568,0.37728,0.3749,0.37411500000000003
7439.0,0.31637,0.38732,0.35674,0.37681,0.37448,0.3738375
7440.0,0.31317,0.38721,0.35665,0.3764,0.37412,0.373595
7441.0,0.32536,0.38709,0.35664,0.37608,0.37385,0.373415
7442.0,0.35448,0.38701,0.35658,0.3759,0.3737,0.37329749999999995
7443.0,0.36381,0.387,0.35655,0.37586,0.37369,0.373275
7444.0,0.33709,0.387,0.35655,0.37597,0.37384,0.37334
7445.0,0.28863,0.38705,0.35652,0.37624,0.37411,0.37348000000000003
7446.0,0.24963,0.38714,0.35653,0.37662,0.37446,0.3736875
7447.0,0.28686,0.38724,0.35652,0.37708,0.37485,0.37392250000000005
7448.0,0.33485,0.38735,0.35652,0.37759,0.37525,0.37417749999999994
7449.0,0.33929,0.38746,0.35654,0.37809,0.37564,0.3744325
7450.0,0.33125,0.38756,0.35651,0.37851,0.37599,0.37464250000000004
7451.0,0.32517,0.38763,0.3565,0.37881,0.37625,0.37479749999999995
7452.0,0.3399,0.38767,0.35646,0.37895,0.3764,0.37487
7453.0,0.35675,0.38767,0.35641,0.37894,0.37641,0.37485750000000007
7454.0,0.34587,0.38764,0.35635,0.37877,0.37625,0.3747525
7455.0,0.30469,0.38755,0.35625,0.37847,0.37594,0.37455249999999995
7456.0,0.24242,0.38746,0.35615,0.37808,0.37553,0.374305
7457.0,0.22982,0.38733,0.35604,0.37763,0.3751,0.374025
7458.0,0.26602,0.38716,0.35589,0.37716,0.37469,0.373725
7459.0,0.31672,0.38702,0.35576,0.37673,0.37435,0.373465
7460.0,0.35531,0.38687,0.3556,0.37637,0.37406,0.37322500000000003
7461.0,0.36006,0.38669,0.35544,0.3761,0.37383,0.373015
7462.0,0.3327,0.38659,0.35527,0.37593,0.37363,0.37285499999999994
7463.0,0.28341,0.38647,0.35512,0.37587,0.37348,0.372735
7464.0,0.25194,0.38635,0.35497,0.37588,0.37339,0.3726475
7465.0,0.26466,0.38631,0.35482,0.37595,0.37339,0.37261750000000005
7466.0,0.35365,0.38625,0.35468,0.37602,0.37347,0.372605
7467.0,0.40449,0.3862,0.35456,0.3761,0.37358,0.37261
7468.0,0.36683,0.38621,0.35444,0.37616,0.37367,0.37262
7469.0,0.34032,0.38619,0.35436,0.3762,0.3737,0.3726125
7470.0,0.33519,0.38618,0.35425,0.37621,0.3737,0.372585
7471.0,0.32336,0.38621,0.35418,0.3762,0.37369,0.37257
7472.0,0.30097,0.38621,0.35412,0.37616,0.37367,0.37254
7473.0,0.26851,0.3862,0.35404,0.37611,0.37367,0.372505
7474.0,0.27494,0.38623,0.35398,0.37608,0.37369,0.372495
7475.0,0.32123,0.38621,0.35392,0.37608,0.37371,0.37248
7476.0,0.32711,0.38619,0.35387,0.37611,0.37373,0.372475
7477.0,0.32037,0.38617,0.35381,0.37617,0.37377,0.37248000000000003
7478.0,0.36848,0.3861,0.35373,0.37625,0.37383,0.3724775
7479.0,0.39354,0.38604,0.35367,0.37632,0.37391,0.37248499999999996
7480.0,0.35096,0.38595,0.35359,0.37635,0.37395,0.37246
7481.0,0.30005,0.3858,0.35349,0.37634,0.37393,0.37239
7482.0,0.26395,0.38566,0.35338,0.37625,0.37382,0.3722775
7483.0,0.26978,0.38547,0.35327,0.37607,0.3736,0.37210249999999995
7484.0,0.28916,0.38524,0.35315,0.37579,0.3733,0.37187000000000003
7485.0,0.28741,0.38503,0.35298,0.3754,0.37293,0.371585
7486.0,0.31582,0.38478,0.35282,0.37491,0.37251,0.371255
7487.0,0.379,0.38451,0.35267,0.37436,0.37205,0.3708975
7488.0,0.37061,0.38429,0.35248,0.3738,0.37154,0.3705275
7489.0,0.31313,0.38404,0.35229,0.37325,0.37102,0.37015
7490.0,0.29436,0.38383,0.35211,0.37277,0.37057,0.36982000000000004
7491.0,0.29669,0.3837,0.35192,0.37238,0.37023,0.3695575
7492.0,0.30215,0.38355,0.35172,0.37213,0.37,0.36934999999999996
7493.0,0.29443,0.38347,0.35154,0.37204,0.3699,0.3692375
7494.0,0.27715,0.38348,0.35135,0.37212,0.36994,0.36922249999999995
7495.0,0.28516,0.38347,0.35119,0.37234,0.3701,0.369275
7496.0,0.30661,0.38354,0.35105,0.3727,0.37036,0.3694125
7497.0,0.31736,0.38366,0.35089,0.37313,0.37069,0.3695925
7498.0,0.32112,0.38376,0.35079,0.3736,0.37109,0.36980999999999997
7499.0,0.32062,0.38392,0.35071,0.37406,0.3715,0.3700475
7500.0,0.31941,0.38409,0.35062,0.37445,0.37185,0.3702525
7501.0,0.3202,0.38423,0.35059,0.37475,0.37213,0.37042500000000006
7502.0,0.32854,0.38441,0.35056,0.37494,0.37233,0.37056
7503.0,0.34069,0.38457,0.35055,0.37501,0.37246,0.3706475
7504.0,0.35152,0.3847,0.35058,0.375,0.37249,0.3706925
7505.0,0.34888,0.38488,0.35059,0.37494,0.37246,0.37071750000000003
7506.0,0.33137,0.38502,0.35063,0.37488,0.37244,0.3707425
7507.0,0.31916,0.38516,0.3507,0.37484,0.37248,0.370795
7508.0,0.31819,0.38533,0.35076,0.37487,0.37257,0.3708825
7509.0,0.33446,0.38548,0.35083,0.37498,0.37273,0.371005
7510.0,0.35034,0.38565,0.3509,0.37519,0.37296,0.37117500000000003
7511.0,0.35256,0.38584,0.35096,0.37549,0.37324,0.3713825
7512.0,0.35199,0.386,0.35103,0.37586,0.37354,0.37160750000000004
7513.0,0.35088,0.38618,0.35109,0.37627,0.37388,0.371855
7514.0,0.34467,0.38637,0.35114,0.37666,0.37425,0.372105
7515.0,0.32438,0.38651,0.35118,0.377,0.37461,0.372325
7516.0,0.27746,0.38666,0.35121,0.37728,0.37488,0.3725075
7517.0,0.2698,0.38681,0.35122,0.37748,0.37505,0.37263999999999997
7518.0,0.33142,0.3869,0.35123,0.3776,0.37513,0.37271499999999996
7519.0,0.38198,0.38699,0.35122,0.37762,0.37516,0.3727475
7520.0,0.39956,0.38708,0.35118,0.37755,0.37513,0.372735
7521.0,0.37436,0.38713,0.35115,0.37741,0.37507,0.37269
7522.0,0.33601,0.38718,0.35109,0.37723,0.37498,0.37261999999999995
7523.0,0.32162,0.38724,0.35101,0.37706,0.37486,0.3725425
7524.0,0.33337,0.38728,0.35093,0.37692,0.37472,0.3724625
7525.0,0.36372,0.38734,0.35083,0.37685,0.37461,0.3724075
7526.0,0.35819,0.38741,0.35072,0.37686,0.37459,0.372395
7527.0,0.33066,0.3875,0.35061,0.37695,0.37469,0.37243750000000003
7528.0,0.33852,0.38758,0.35046,0.37712,0.37488,0.37251
7529.0,0.33561,0.3877,0.35032,0.37737,0.37513,0.37263
7530.0,0.28109,0.38783,0.35018,0.37768,0.37541,0.372775
7531.0,0.25487,0.38794,0.35,0.37801,0.37567,0.372905
7532.0,0.27851,0.38807,0.34984,0.37835,0.3759,0.37304000000000004
7533.0,0.31472,0.38819,0.34967,0.37867,0.37612,0.3731625
7534.0,0.34638,0.38827,0.34948,0.37894,0.37633,0.373255
7535.0,0.35002,0.38836,0.34932,0.37916,0.37654,0.37334500000000004
7536.0,0.34587,0.3884,0.3491,0.37931,0.37671,0.37338000000000005
7537.0,0.34652,0.38837,0.34892,0.37937,0.3768,0.373365
7538.0,0.31871,0.38838,0.34876,0.37935,0.37677,0.373315
7539.0,0.27415,0.38828,0.34853,0.37924,0.37663,0.37317
7540.0,0.29815,0.38813,0.34836,0.37905,0.37639,0.3729825
7541.0,0.34833,0.38803,0.34817,0.3788,0.37609,0.3727725
7542.0,0.34368,0.38776,0.34795,0.37849,0.37578,0.37249499999999997
7543.0,0.32425,0.38751,0.34781,0.37811,0.37546,0.3722225
7544.0,0.31637,0.38731,0.34755,0.37771,0.37511,0.37192000000000003
7545.0,0.33553,0.3869,0.34737,0.37729,0.37468,0.37156
7546.0,0.36615,0.38658,0.34721,0.37687,0.3742,0.37121499999999996
7547.0,0.34486,0.38632,0.34694,0.37643,0.3737,0.3708475
7548.0,0.30166,0.3858,0.34678,0.37598,0.37319,0.3704375
7549.0,0.2825,0.38546,0.34656,0.3755,0.3727,0.370055
7550.0,0.27376,0.38514,0.34632,0.37501,0.37222,0.3696725
7551.0,0.27154,0.38462,0.34616,0.37452,0.37173,0.3692575
7552.0,0.2988,0.38427,0.34589,0.37405,0.37123,0.36885999999999997
7553.0,0.34615,0.38393,0.3457,0.3736,0.37068,0.3684775
7554.0,0.37453,0.38344,0.34552,0.37316,0.37021,0.3680825
7555.0,0.37653,0.38311,0.34525,0.37274,0.36979,0.3677225
7556.0,0.34805,0.38277,0.34509,0.37232,0.36939,0.3673925
7557.0,0.32827,0.38237,0.34489,0.37195,0.369,0.3670525
7558.0,0.328,0.38207,0.34468,0.37162,0.36863,0.36675
7559.0,0.30875,0.38175,0.34452,0.37132,0.36827,0.36646499999999993
7560.0,0.2861,0.38143,0.34432,0.37104,0.36795,0.366185
7561.0,0.31388,0.38116,0.34415,0.37075,0.36768,0.365935
7562.0,0.32647,0.38089,0.344,0.37048,0.36743,0.36569999999999997
7563.0,0.26281,0.38064,0.34382,0.37021,0.36717,0.36546
7564.0,0.19913,0.38041,0.34369,0.36995,0.3669,0.3652375
7565.0,0.17094,0.3802,0.34354,0.3697,0.36663,0.3650175
7566.0,0.21233,0.38,0.3434,0.36947,0.36638,0.3648125
7567.0,0.29296,0.37982,0.34327,0.36926,0.36617,0.36463
7568.0,0.33639,0.37966,0.34313,0.36908,0.36602,0.36447250000000003
7569.0,0.34946,0.37951,0.34301,0.36895,0.36591,0.36434500000000003
7570.0,0.34133,0.37935,0.34289,0.36886,0.36583,0.36423249999999996
7571.0,0.33056,0.37924,0.34276,0.36882,0.36575,0.3641425
7572.0,0.32298,0.3791,0.34264,0.36882,0.36568,0.36406
7573.0,0.31585,0.37892,0.34252,0.36885,0.36563,0.36397999999999997
7574.0,0.31202,0.37879,0.34239,0.36887,0.36561,0.363915
7575.0,0.31778,0.3786,0.34228,0.36889,0.36558,0.3638375
7576.0,0.32969,0.37836,0.34215,0.36885,0.36552,0.36372000000000004
7577.0,0.34376,0.37816,0.34202,0.36875,0.3654,0.3635825
7578.0,0.34345,0.37786,0.3419,0.36855,0.36517,0.36336999999999997
7579.0,0.32749,0.37752,0.34176,0.36823,0.36482,0.3630825
7580.0,0.31324,0.37719,0.34163,0.3678,0.36437,0.3627475
7581.0,0.30282,0.37678,0.34149,0.36725,0.36384,0.36234
7582.0,0.29635,0.37636,0.34135,0.36662,0.36327,0.3619
7583.0,0.29288,0.37591,0.34121,0.36592,0.36264,0.36142
7584.0,0.29296,0.37544,0.34106,0.36519,0.36199,0.36092
7585.0,0.3107,0.37499,0.34092,0.36446,0.36133,0.360425
7586.0,0.34353,0.37451,0.34078,0.36376,0.36067,0.35993
7587.0,0.36345,0.37407,0.34062,0.36312,0.36003,0.35946
7588.0,0.34385,0.37364,0.34048,0.36258,0.35948,0.35904500000000006
7589.0,0.24493,0.37321,0.34034,0.36212,0.35904,0.3586775
7590.0,0.16949,0.37284,0.34019,0.36174,0.35871,0.35836999999999997
7591.0,0.18306,0.37247,0.34006,0.36146,0.35843,0.358105
7592.0,0.23423,0.37216,0.33992,0.36126,0.35818,0.35788
7593.0,0.29749,0.37187,0.33978,0.36115,0.35796,0.35769
7594.0,0.32937,0.37155,0.33966,0.3611,0.35777,0.35751999999999995
7595.0,0.33036,0.37134,0.33951,0.36104,0.35767,0.35739
7596.0,0.30914,0.37106,0.33938,0.36094,0.35761,0.3572475
7597.0,0.28837,0.37078,0.33926,0.3608,0.3575,0.357085
7598.0,0.28376,0.37063,0.33911,0.36062,0.35729,0.35691249999999997
7599.0,0.30454,0.37034,0.339,0.3604,0.35697,0.35667750000000004
7600.0,0.3397,0.37009,0.33885,0.36012,0.35662,0.35641999999999996
7601.0,0.33572,0.36989,0.33872,0.35981,0.35629,0.3561775
7602.0,0.31099,0.36959,0.3386,0.35945,0.35601,0.35591249999999997
7603.0,0.3052,0.36938,0.33846,0.35908,0.3558,0.35568
7604.0,0.3174,0.36912,0.33833,0.35873,0.35549,0.35541750000000005
7605.0,0.34365,0.36888,0.3382,0.35842,0.35512,0.355155
7606.0,0.35093,0.3687,0.33806,0.35816,0.35474,0.35491500000000004
7607.0,0.33139,0.36841,0.33793,0.35793,0.35443,0.354675
7608.0,0.29043,0.36822,0.33779,0.35774,0.35424,0.3544975
7609.0,0.25237,0.36807,0.33766,0.35757,0.35414,0.35436
7610.0,0.25701,0.36778,0.33753,0.35741,0.35407,0.35419750000000005
7611.0,0.26517,0.36767,0.3374,0.35724,0.35391,0.354055
7612.0,0.2543,0.36756,0.33727,0.35706,0.35366,0.3538875
7613.0,0.27338,0.36728,0.33714,0.3569,0.35339,0.3536775
7614.0,0.32267,0.36727,0.33701,0.35673,0.35316,0.3535425
7615.0,0.34568,0.36713,0.33688,0.35656,0.35307,0.35341
7616.0,0.34319,0.36691,0.33676,0.35639,0.35303,0.3532725
7617.0,0.3273,0.36699,0.33663,0.35624,0.35301,0.3532175
7618.0,0.30889,0.36684,0.33652,0.35615,0.35289,0.35309999999999997
7619.0,0.29458,0.36676,0.3364,0.35613,0.35274,0.35300750000000003
7620.0,0.27313,0.36685,0.33627,0.35617,0.35266,0.35298749999999995
7621.0,0.25287,0.36671,0.33617,0.35624,0.35268,0.35295
7622.0,0.28463,0.36673,0.33604,0.35634,0.35289,0.353
7623.0,0.32693,0.36678,0.33594,0.35647,0.3531,0.3530725
7624.0,0.29216,0.3667,0.33583,0.35664,0.35328,0.35311250000000005
7625.0,0.25891,0.36673,0.33571,0.35682,0.35333,0.3531475
7626.0,0.2843,0.36671,0.33561,0.35696,0.35331,0.3531475
7627.0,0.32126,0.36665,0.33549,0.35703,0.35334,0.3531275
7628.0,0.34839,0.3666,0.33538,0.35703,0.35336,0.35309250000000003
7629.0,0.33645,0.36651,0.33527,0.35698,0.35338,0.35303500000000004
7630.0,0.30666,0.36646,0.33516,0.35688,0.35333,0.3529575
7631.0,0.30928,0.36631,0.33504,0.35672,0.35318,0.35281250000000003
7632.0,0.32231,0.36614,0.33493,0.35651,0.35294,0.35263000000000005
7633.0,0.3267,0.36611,0.33481,0.35627,0.35266,0.35246249999999996
7634.0,0.3269,0.36583,0.33469,0.35603,0.35243,0.35224500000000003
7635.0,0.32191,0.36563,0.33457,0.35576,0.35222,0.352045
7636.0,0.2982,0.3656,0.33444,0.35548,0.35204,0.35189000000000004
7637.0,0.26748,0.36517,0.33432,0.35524,0.35181,0.351635
7638.0,0.26029,0.36501,0.33421,0.35505,0.35153,0.35144999999999993
7639.0,0.27756,0.36497,0.33407,0.35484,0.35129,0.3512925
7640.0,0.31703,0.36437,0.33394,0.35462,0.35108,0.3510025
7641.0,0.33466,0.36422,0.33381,0.35439,0.35084,0.350815
7642.0,0.32099,0.36408,0.33367,0.35416,0.35059,0.350625
7643.0,0.3237,0.36341,0.33354,0.35395,0.35037,0.3503175
7644.0,0.33621,0.36321,0.33339,0.35372,0.35011,0.35010749999999996
7645.0,0.3218,0.36277,0.33324,0.35346,0.34975,0.349805
7646.0,0.30332,0.36205,0.3331,0.35311,0.34941,0.3494175
7647.0,0.30661,0.36172,0.33293,0.35266,0.34902,0.34908249999999996
7648.0,0.30991,0.36086,0.33277,0.3522,0.34844,0.34856750000000003
7649.0,0.30421,0.36008,0.3326,0.35166,0.34775,0.3480225
7650.0,0.29563,0.35948,0.33241,0.35087,0.34705,0.3474525
7651.0,0.29924,0.35815,0.33223,0.34991,0.34618,0.34661749999999997
7652.0,0.35559,0.35733,0.33204,0.34881,0.34507,0.3458125
7653.0,0.38803,0.3564,0.33183,0.34756,0.34382,0.3449025
7654.0,0.29855,0.35477,0.33163,0.34617,0.34244,0.34375249999999996
7655.0,0.2303,0.35386,0.33141,0.34457,0.3409,0.342685
7656.0,0.24997,0.35259,0.33119,0.34279,0.33926,0.34145749999999997
7657.0,0.27411,0.35101,0.331,0.34093,0.33757,0.34012749999999997
7658.0,0.28378,0.35012,0.33076,0.33902,0.33579,0.33892249999999996
7659.0,0.28103,0.3487,0.33056,0.33714,0.33399,0.3375975
7660.0,0.27504,0.34748,0.33037,0.33525,0.3323,0.33635000000000004
7661.0,0.27958,0.34675,0.33015,0.33339,0.33073,0.335255
7662.0,0.28747,0.34555,0.32998,0.33184,0.32926,0.3341575
7663.0,0.29482,0.34497,0.3298,0.33065,0.32803,0.3333625
7664.0,0.31117,0.34451,0.32963,0.32988,0.3272,0.33280499999999996
7665.0,0.33352,0.34384,0.32951,0.3295,0.32681,0.332415
7666.0,0.33787,0.34398,0.32936,0.32944,0.32688,0.332415
7667.0,0.32647,0.34392,0.32925,0.32976,0.32723,0.33254000000000006
7668.0,0.30864,0.344,0.32916,0.33049,0.32773,0.332845
7669.0,0.28847,0.34466,0.32905,0.33154,0.32841,0.333415
7670.0,0.26974,0.34496,0.32899,0.33284,0.32937,0.33404
7671.0,0.26378,0.34561,0.32892,0.33425,0.33071,0.3348725
7672.0,0.27653,0.34644,0.32885,0.33574,0.33219,0.33580499999999996
7673.0,0.31829,0.34703,0.32882,0.33727,0.33367,0.3366975
7674.0,0.36713,0.3479,0.32875,0.33871,0.33493,0.3375725
7675.0,0.36819,0.34866,0.32871,0.34001,0.33592,0.338325
7676.0,0.34102,0.34929,0.32866,0.34107,0.33679,0.3389525
7677.0,0.30876,0.35005,0.32859,0.34187,0.33757,0.33951999999999993
7678.0,0.29485,0.35057,0.32854,0.34249,0.33831,0.33997750000000004
7679.0,0.30604,0.35103,0.32846,0.34294,0.33888,0.3403275
7680.0,0.31717,0.35151,0.32839,0.34326,0.33924,0.34059999999999996
7681.0,0.32082,0.35172,0.32831,0.34345,0.3394,0.34071999999999997
7682.0,0.3094,0.35192,0.32821,0.3435,0.33938,0.3407525
7683.0,0.29909,0.35205,0.32811,0.34345,0.33932,0.3407325
7684.0,0.3116,0.35195,0.328,0.3433,0.33922,0.3406175
7685.0,0.31881,0.35186,0.32788,0.34306,0.33906,0.34046499999999996
7686.0,0.30725,0.35166,0.32776,0.34275,0.3388,0.3402425
7687.0,0.3019,0.35132,0.32763,0.34236,0.33839,0.339925
7688.0,0.30624,0.35098,0.32748,0.3419,0.33788,0.33956000000000003
7689.0,0.30867,0.35053,0.32734,0.34135,0.33727,0.3391225
7690.0,0.31009,0.35001,0.32719,0.34072,0.33663,0.33863750000000004
7691.0,0.31408,0.34951,0.32704,0.33999,0.33598,0.33813
7692.0,0.31702,0.34891,0.32689,0.33917,0.33526,0.33755749999999995
7693.0,0.31529,0.34833,0.32673,0.33825,0.33446,0.3369425
7694.0,0.2963,0.34778,0.32658,0.33727,0.33354,0.3362925
7695.0,0.26607,0.34718,0.32642,0.33627,0.3326,0.3356175
7696.0,0.27945,0.34664,0.32626,0.33533,0.33169,0.33498000000000006
7697.0,0.31761,0.34615,0.32612,0.3345,0.33091,0.33442
7698.0,0.317,0.34567,0.32597,0.33384,0.33032,0.33394999999999997
7699.0,0.29753,0.3453,0.32583,0.33335,0.32989,0.3335925
7700.0,0.28336,0.34498,0.32569,0.33302,0.32958,0.3333175
7701.0,0.28656,0.34473,0.32556,0.33286,0.32933,0.33311999999999997
7702.0,0.31047,0.34461,0.32544,0.33284,0.32918,0.3330175
7703.0,0.33786,0.34446,0.32532,0.33296,0.32918,0.33298
7704.0,0.35651,0.34444,0.3252,0.33319,0.32936,0.33304749999999994
7705.0,0.33845,0.34449,0.32509,0.33349,0.32966,0.33318250000000005
7706.0,0.30577,0.3445,0.32499,0.33385,0.33,0.333335
7707.0,0.29442,0.34464,0.32489,0.33422,0.3303,0.3335125
7708.0,0.29364,0.34473,0.32479,0.33457,0.33051,0.33365
7709.0,0.29653,0.34486,0.3247,0.33485,0.33068,0.3337725
7710.0,0.30597,0.34505,0.3246,0.33503,0.33086,0.333885
7711.0,0.31953,0.34511,0.32451,0.33515,0.33102,0.33394749999999995
7712.0,0.32225,0.34532,0.32443,0.33525,0.33113,0.3340325
7713.0,0.31246,0.34547,0.32433,0.33533,0.33123,0.33409
7714.0,0.29058,0.34552,0.32425,0.33542,0.3313,0.3341225
7715.0,0.27251,0.34577,0.32417,0.33553,0.33136,0.3342075
7716.0,0.27265,0.34583,0.32407,0.33564,0.33148,0.334255
7717.0,0.28059,0.34591,0.32401,0.33576,0.33159,0.33431750000000005
7718.0,0.28946,0.34611,0.32393,0.33588,0.33168,0.3344
7719.0,0.28218,0.3461,0.32384,0.336,0.33172,0.334415
7720.0,0.2664,0.34625,0.32379,0.33608,0.33176,0.33447
7721.0,0.27524,0.34633,0.32369,0.33613,0.3318,0.33448750000000005
7722.0,0.29287,0.34632,0.32362,0.33617,0.33179,0.334475
7723.0,0.29377,0.34652,0.32358,0.3362,0.33182,0.33453
7724.0,0.27568,0.34647,0.32346,0.33622,0.33184,0.3344975
7725.0,0.24192,0.34651,0.32342,0.33623,0.33183,0.3344975
7726.0,0.24617,0.34666,0.32333,0.33623,0.33182,0.33451000000000003
7727.0,0.29235,0.34657,0.32323,0.33626,0.33182,0.33447
7728.0,0.32851,0.34661,0.3232,0.33632,0.33186,0.3344975
7729.0,0.34382,0.34663,0.32305,0.33643,0.33189,0.3345
7730.0,0.32879,0.3465,0.32299,0.33655,0.33198,0.334505
7731.0,0.30161,0.34647,0.32289,0.33666,0.33205,0.33451749999999997
7732.0,0.28028,0.34632,0.32275,0.33677,0.33208,0.33448
7733.0,0.28032,0.3461,0.32268,0.3368,0.33203,0.33440250000000005
7734.0,0.30555,0.34591,0.32252,0.33673,0.33191,0.3342675
7735.0,0.33559,0.34557,0.32241,0.33651,0.33166,0.33403750000000004
7736.0,0.35428,0.34522,0.32229,0.33615,0.33127,0.3337325
7737.0,0.32321,0.34485,0.32211,0.33564,0.33076,0.33333999999999997
7738.0,0.28313,0.34435,0.322,0.33499,0.33013,0.3328675
7739.0,0.29875,0.34386,0.32183,0.3342,0.32939,0.33232
7740.0,0.32166,0.34336,0.32167,0.33327,0.32858,0.33172
7741.0,0.32106,0.34281,0.32153,0.33225,0.32768,0.33106749999999996
7742.0,0.31816,0.34229,0.32133,0.33119,0.3267,0.3303775
7743.0,0.31854,0.3418,0.3212,0.33017,0.32573,0.32972500000000005
7744.0,0.31699,0.34131,0.32104,0.32925,0.32487,0.3291175
7745.0,0.31463,0.34091,0.32086,0.32848,0.32418,0.3286075
7746.0,0.31575,0.34058,0.32075,0.3279,0.32368,0.3282275
7747.0,0.33641,0.34031,0.32058,0.32754,0.32335,0.327945
7748.0,0.39296,0.34014,0.32045,0.3274,0.32315,0.327785
7749.0,0.45676,0.34006,0.32034,0.32746,0.3231,0.32774
7750.0,0.51261,0.34005,0.32018,0.3277,0.32326,0.3277975
7751.0,0.55102,0.34013,0.32008,0.3281,0.32361,0.32798
7752.0,0.55859,0.34027,0.31996,0.32862,0.32409,0.32823500000000005
7753.0,0.49358,0.34047,0.31984,0.32924,0.32464,0.3285475
7754.0,0.39035,0.34071,0.31973,0.32992,0.3252,0.32889
7755.0,0.31736,0.34097,0.31958,0.3306,0.32575,0.329225
7756.0,0.2904,0.34124,0.31947,0.33123,0.3263,0.32955999999999996
7757.0,0.31642,0.34152,0.31933,0.33178,0.32683,0.32986499999999996
7758.0,0.30626,0.34178,0.31916,0.33224,0.32728,0.330115
7759.0,0.24547,0.34201,0.319,0.33261,0.32764,0.33031499999999997
7760.0,0.25907,0.34222,0.31879,0.33289,0.3279,0.33045
7761.0,0.32281,0.34238,0.31859,0.33308,0.32809,0.330535
7762.0,0.30126,0.34249,0.31837,0.33319,0.32823,0.33057000000000003
7763.0,0.24905,0.34257,0.31812,0.33324,0.3283,0.3305575
7764.0,0.25458,0.3426,0.31786,0.33322,0.32831,0.3304975
7765.0,0.28124,0.34257,0.31758,0.33312,0.32823,0.33037500000000003
7766.0,0.30367,0.34251,0.31732,0.33297,0.32808,0.33021999999999996
7767.0,0.29767,0.34241,0.31703,0.33276,0.32788,0.33002
7768.0,0.27031,0.34228,0.31675,0.33251,0.32765,0.32979749999999997
7769.0,0.29385,0.34211,0.31648,0.33224,0.3274,0.3295575
7770.0,0.33584,0.34194,0.3162,0.33197,0.32713,0.32931
7771.0,0.29559,0.34175,0.31598,0.33168,0.32687,0.32907
7772.0,0.24331,0.34154,0.31575,0.33138,0.3266,0.3288175
7773.0,0.26167,0.34133,0.31554,0.33107,0.32631,0.3285625
7774.0,0.29345,0.34113,0.31539,0.33075,0.326,0.3283175
7775.0,0.30871,0.34092,0.31522,0.33046,0.32569,0.3280725
7776.0,0.30605,0.34073,0.31512,0.33021,0.32542,0.32787
7777.0,0.29121,0.34053,0.31505,0.33001,0.3252,0.32769750000000003
7778.0,0.28922,0.34035,0.31497,0.32982,0.32503,0.3275425
7779.0,0.30503,0.3402,0.31496,0.32965,0.32487,0.32742
7780.0,0.34313,0.34006,0.31493,0.32949,0.32469,0.3272925
7781.0,0.35563,0.33992,0.31492,0.32932,0.32451,0.3271675
7782.0,0.30075,0.33982,0.31495,0.32915,0.32436,0.32707
7783.0,0.25953,0.33973,0.31494,0.32901,0.32425,0.3269825
7784.0,0.26337,0.33964,0.31498,0.32892,0.32419,0.32693249999999996
7785.0,0.27554,0.33958,0.315,0.32889,0.32417,0.32691
7786.0,0.28673,0.33952,0.31499,0.32889,0.32417,0.3268925
7787.0,0.29201,0.33949,0.31503,0.32891,0.32417,0.3269
7788.0,0.29537,0.33948,0.31501,0.32892,0.32418,0.3268975
7789.0,0.30449,0.33945,0.315,0.32892,0.32418,0.3268875
7790.0,0.32024,0.33949,0.315,0.32891,0.32421,0.3269025
7791.0,0.34183,0.33953,0.31495,0.3289,0.32427,0.3269125
7792.0,0.34143,0.33955,0.31494,0.3289,0.32433,0.32693
7793.0,0.31697,0.33962,0.31489,0.32892,0.3244,0.3269575
7794.0,0.32951,0.33968,0.31483,0.32896,0.32446,0.32698249999999995
7795.0,0.36734,0.33976,0.3148,0.32903,0.32452,0.32702749999999997
7796.0,0.35629,0.33987,0.31473,0.32911,0.3246,0.3270775
7797.0,0.31754,0.33997,0.31468,0.3292,0.32471,0.32714
7798.0,0.29332,0.34012,0.31463,0.3293,0.32484,0.32722249999999997
7799.0,0.29823,0.34029,0.31455,0.32941,0.32497,0.32730499999999996
7800.0,0.3382,0.34045,0.3145,0.32954,0.32513,0.32740499999999995
7801.0,0.33774,0.34067,0.31443,0.3297,0.32531,0.32752749999999997
7802.0,0.28505,0.3409,0.31437,0.32989,0.32553,0.32767250000000003
7803.0,0.27662,0.34113,0.31433,0.33012,0.3258,0.32784499999999994
7804.0,0.30922,0.34141,0.31426,0.33038,0.32608,0.3280325
7805.0,0.32378,0.34168,0.31422,0.33069,0.32637,0.32824
7806.0,0.31949,0.34197,0.31416,0.33103,0.32669,0.3284625
7807.0,0.3011,0.34229,0.3141,0.33141,0.32705,0.3287125
7808.0,0.28998,0.34259,0.31406,0.33182,0.32746,0.32898249999999996
7809.0,0.30001,0.34291,0.314,0.33225,0.3279,0.32926500000000003
7810.0,0.31848,0.34323,0.31397,0.33271,0.32834,0.32956250000000004
7811.0,0.33237,0.34352,0.31392,0.33319,0.32878,0.3298525
7812.0,0.29038,0.3438,0.31387,0.33367,0.32922,0.33014
7813.0,0.22767,0.34404,0.31385,0.33413,0.32965,0.33041750000000003
7814.0,0.26853,0.34423,0.3138,0.33456,0.33004,0.33065750000000005
7815.0,0.33756,0.34439,0.3138,0.33493,0.33036,0.33087
7816.0,0.31684,0.34447,0.31377,0.33523,0.33059,0.33101499999999995
7817.0,0.27167,0.3445,0.31373,0.33542,0.33071,0.33109
7818.0,0.24681,0.34446,0.31374,0.33548,0.33073,0.3311025
7819.0,0.24698,0.34434,0.3137,0.3354,0.33064,0.33102
7820.0,0.26974,0.34415,0.3137,0.33518,0.33041,0.33086000000000004
7821.0,0.29131,0.34389,0.31369,0.33482,0.33004,0.33061
7822.0,0.30624,0.34359,0.31366,0.33433,0.32956,0.330285
7823.0,0.30999,0.34322,0.31366,0.33371,0.32898,0.32989250000000003
7824.0,0.30631,0.3428,0.31362,0.33298,0.3283,0.329425
7825.0,0.30097,0.34237,0.31361,0.33216,0.32755,0.3289225
7826.0,0.29412,0.34193,0.31358,0.33129,0.32674,0.328385
7827.0,0.28641,0.34148,0.31355,0.33042,0.32594,0.32784749999999996
7828.0,0.28729,0.34105,0.31352,0.32957,0.32519,0.3273325
7829.0,0.29868,0.34065,0.31347,0.32879,0.32451,0.326855
7830.0,0.31256,0.34031,0.31344,0.32812,0.32391,0.326445
7831.0,0.32503,0.34003,0.3134,0.32763,0.32343,0.3261225
7832.0,0.32867,0.3398,0.31336,0.32732,0.32311,0.3258975
7833.0,0.32491,0.33965,0.31331,0.32718,0.32298,0.32578
7834.0,0.31666,0.3396,0.31326,0.32721,0.32304,0.3257775
7835.0,0.30397,0.33959,0.31323,0.3274,0.32323,0.3258625
7836.0,0.28774,0.33965,0.31318,0.32775,0.3235,0.32602
7837.0,0.28292,0.33977,0.31314,0.32821,0.32387,0.3262475
7838.0,0.29219,0.33992,0.3131,0.32872,0.32431,0.3265125
7839.0,0.29754,0.34013,0.31305,0.32928,0.32481,0.3268175
7840.0,0.29543,0.34034,0.31302,0.32984,0.32532,0.32713
7841.0,0.28498,0.34056,0.31296,0.33035,0.32578,0.3274125
7842.0,0.2733,0.34082,0.31293,0.33075,0.32616,0.327665
7843.0,0.27205,0.34104,0.31288,0.33102,0.32645,0.3278475
7844.0,0.29029,0.34126,0.31282,0.3312,0.32666,0.32798499999999997
7845.0,0.3325,0.34148,0.31277,0.3313,0.32681,0.32809
7846.0,0.3472,0.34165,0.31271,0.33136,0.32693,0.3281625
7847.0,0.32139,0.34184,0.31265,0.33138,0.32703,0.328225
7848.0,0.30996,0.342,0.31259,0.33138,0.32709,0.32826500000000003
7849.0,0.32076,0.34213,0.31251,0.33138,0.32714,0.32828999999999997
7850.0,0.34257,0.34227,0.31243,0.3314,0.32717,0.3283175
7851.0,0.35984,0.34239,0.31237,0.33145,0.32723,0.32836
7852.0,0.34609,0.3425,0.31228,0.33155,0.32734,0.32841750000000003
7853.0,0.30965,0.34261,0.31221,0.33171,0.32752,0.3285125
7854.0,0.26045,0.3427,0.31211,0.33192,0.32773,0.328615
7855.0,0.25283,0.34278,0.31202,0.33215,0.32794,0.32872250000000003
7856.0,0.30114,0.34286,0.31196,0.33238,0.32814,0.328835
7857.0,0.31709,0.3429,0.31185,0.33259,0.32829,0.32890749999999996
7858.0,0.29696,0.34291,0.31177,0.33278,0.32843,0.3289725
7859.0,0.309,0.34292,0.31167,0.33292,0.32854,0.3290125
7860.0,0.33542,0.34288,0.31155,0.333,0.32861,0.32901
7861.0,0.32353,0.3428,0.31149,0.33301,0.32861,0.32897750000000003
7862.0,0.29016,0.3427,0.31137,0.33292,0.32851,0.328875
7863.0,0.25556,0.34256,0.31127,0.33272,0.3283,0.32871249999999996
7864.0,0.2454,0.34239,0.31117,0.33244,0.32802,0.328505
7865.0,0.27075,0.34219,0.31103,0.33208,0.3277,0.32824999999999993
7866.0,0.30358,0.34195,0.31097,0.33166,0.32736,0.32798499999999997
7867.0,0.33549,0.3417,0.31083,0.33122,0.32697,0.32768
7868.0,0.36332,0.34144,0.31072,0.33075,0.32654,0.3273625
7869.0,0.36356,0.34117,0.31062,0.33027,0.32607,0.3270325
7870.0,0.27792,0.3409,0.31048,0.32981,0.32562,0.3267025
7871.0,0.18634,0.34062,0.3104,0.32937,0.32521,0.32639999999999997
7872.0,0.1968,0.34037,0.31026,0.32896,0.32487,0.326115
7873.0,0.25165,0.34014,0.31014,0.32861,0.32457,0.325865
7874.0,0.30973,0.33991,0.31004,0.32833,0.3243,0.325645
7875.0,0.31665,0.33972,0.3099,0.32811,0.32408,0.32545250000000003
7876.0,0.26854,0.33954,0.30982,0.32795,0.32392,0.32530749999999997
7877.0,0.25691,0.33938,0.30968,0.32787,0.32383,0.32519
7878.0,0.27843,0.33923,0.30954,0.32786,0.3238,0.3251075
7879.0,0.27292,0.3391,0.30942,0.32789,0.32381,0.325055
7880.0,0.2474,0.33898,0.30927,0.32795,0.32383,0.3250075
7881.0,0.22082,0.33885,0.30915,0.32802,0.32385,0.32496749999999996
7882.0,0.22246,0.33872,0.30899,0.32807,0.32386,0.32491
7883.0,0.27431,0.33857,0.30881,0.32809,0.32383,0.324825
7884.0,0.32546,0.33841,0.30865,0.32806,0.32376,0.32472
7885.0,0.35166,0.33823,0.30847,0.32797,0.32365,0.32458
7886.0,0.33427,0.33802,0.3083,0.32781,0.32348,0.3244025
7887.0,0.28731,0.33779,0.3081,0.32754,0.32323,0.32416500000000004
7888.0,0.28516,0.33754,0.30789,0.32717,0.32289,0.3238725
7889.0,0.29961,0.33726,0.30769,0.32673,0.32246,0.323535
7890.0,0.25245,0.33695,0.30748,0.32624,0.32199,0.32316500000000004
7891.0,0.19403,0.33663,0.30729,0.32573,0.32152,0.32279250000000004
7892.0,0.18374,0.3363,0.30707,0.32523,0.32107,0.3224175
7893.0,0.20725,0.33595,0.30686,0.32475,0.32063,0.32204750000000004
7894.0,0.25387,0.3356,0.30668,0.3243,0.3202,0.321695
7895.0,0.29165,0.33524,0.30647,0.32389,0.31978,0.321345
7896.0,0.31036,0.33489,0.30631,0.32353,0.3194,0.3210325
7897.0,0.30736,0.33451,0.3061,0.32323,0.3191,0.320735
7898.0,0.29384,0.33414,0.30592,0.32298,0.31884,0.32047000000000003
7899.0,0.30344,0.33376,0.30577,0.32277,0.31859,0.32022249999999997
7900.0,0.31283,0.33336,0.30556,0.32257,0.31833,0.319955
7901.0,0.28243,0.33294,0.30543,0.32232,0.31802,0.3196775
7902.0,0.25447,0.33251,0.30523,0.322,0.31766,0.31935
7903.0,0.26192,0.33208,0.30506,0.32157,0.31722,0.3189825
7904.0,0.28807,0.33164,0.3049,0.32107,0.31673,0.318585
7905.0,0.32379,0.33114,0.30468,0.32049,0.3162,0.3181275
7906.0,0.3515,0.33067,0.30453,0.31983,0.31561,0.31766
7907.0,0.36642,0.3302,0.30432,0.31911,0.31496,0.3171475
7908.0,0.36502,0.32971,0.30412,0.31836,0.31424,0.3166075
7909.0,0.35165,0.32926,0.30392,0.31763,0.31352,0.31608250000000004
7910.0,0.33672,0.32877,0.30368,0.31693,0.31288,0.315565
7911.0,0.31967,0.32837,0.30349,0.31627,0.31233,0.315115
7912.0,0.29967,0.32802,0.30326,0.31568,0.31184,0.3147
7913.0,0.29344,0.32763,0.30305,0.3152,0.31138,0.31431499999999996
7914.0,0.30841,0.32735,0.30281,0.31487,0.31099,0.314005
7915.0,0.30785,0.32708,0.30258,0.31466,0.31075,0.31376750000000003
7916.0,0.28403,0.32685,0.30239,0.31457,0.31069,0.31362500000000004
7917.0,0.26319,0.32671,0.30215,0.31459,0.31072,0.31354249999999995
7918.0,0.25313,0.32652,0.30195,0.31469,0.31076,0.31348
7919.0,0.26452,0.32644,0.30171,0.31482,0.3108,0.3134425
7920.0,0.27684,0.32636,0.3015,0.31496,0.31087,0.3134225
7921.0,0.25276,0.32626,0.30132,0.31511,0.31102,0.3134275
7922.0,0.23605,0.32622,0.30108,0.31527,0.31118,0.3134375
7923.0,0.26483,0.3261,0.30092,0.31541,0.31129,0.31343000000000004
7924.0,0.26498,0.32603,0.30069,0.31547,0.31132,0.3133775
7925.0,0.21044,0.32594,0.30051,0.31546,0.31129,0.3133
7926.0,0.20305,0.32578,0.30036,0.31535,0.3112,0.3131725
7927.0,0.25756,0.32568,0.30014,0.31518,0.31105,0.3130125
7928.0,0.31366,0.32548,0.30002,0.31497,0.31084,0.3128275
7929.0,0.34247,0.32528,0.29982,0.31472,0.31059,0.3126025
7930.0,0.28887,0.32507,0.29967,0.31443,0.31032,0.3123725
7931.0,0.1878,0.32479,0.29954,0.31406,0.31001,0.31210000000000004
7932.0,0.09483,0.32459,0.29937,0.31363,0.30962,0.31180250000000004
7933.0,0.07536,0.32431,0.29926,0.31318,0.30916,0.31147749999999996
7934.0,0.17311,0.32402,0.2991,0.31273,0.3087,0.31113749999999996
7935.0,0.26859,0.3238,0.29898,0.3123,0.30829,0.3108425
7936.0,0.31361,0.32353,0.29887,0.31188,0.30794,0.310555
7937.0,0.31838,0.32334,0.29874,0.31147,0.3076,0.3102875
7938.0,0.29317,0.32315,0.29865,0.31108,0.30723,0.3100275
7939.0,0.27157,0.323,0.29851,0.3107,0.30687,0.30977
7940.0,0.26149,0.32296,0.29842,0.31039,0.3066,0.3095925
7941.0,0.27247,0.32291,0.2983,0.31023,0.30649,0.3094825
7942.0,0.28971,0.32293,0.29819,0.31022,0.30655,0.30947250000000004
7943.0,0.29398,0.32301,0.29811,0.31036,0.3067,0.309545
7944.0,0.30283,0.32315,0.29797,0.3106,0.30689,0.3096525
7945.0,0.32661,0.32337,0.2979,0.31094,0.30715,0.30984
7946.0,0.33949,0.3236,0.29776,0.31138,0.30752,0.31006500000000004
7947.0,0.33426,0.3239,0.29766,0.31193,0.30802,0.3103775
7948.0,0.32862,0.32423,0.29756,0.31254,0.30863,0.31074
7949.0,0.32366,0.32459,0.29741,0.3132,0.30924,0.31111
7950.0,0.30971,0.32496,0.29734,0.31385,0.3098,0.31148750000000003
7951.0,0.28733,0.32533,0.29717,0.31446,0.3103,0.311815
7952.0,0.25971,0.32574,0.29706,0.31502,0.31078,0.31215000000000004
7953.0,0.24701,0.32613,0.29694,0.31551,0.31126,0.31245999999999996
7954.0,0.27209,0.3265,0.29679,0.31594,0.3117,0.31273249999999997
7955.0,0.28222,0.32687,0.29671,0.31632,0.31207,0.3129925
7956.0,0.24873,0.3272,0.29653,0.31661,0.31235,0.31317249999999996
7957.0,0.24288,0.32755,0.29643,0.31685,0.3126,0.3133575
7958.0,0.28185,0.32787,0.29631,0.31705,0.31284,0.3135175
7959.0,0.31092,0.32816,0.29618,0.31724,0.31308,0.313665
7960.0,0.31848,0.32846,0.29612,0.31745,0.31333,0.31384
7961.0,0.30068,0.32872,0.29598,0.31771,0.31357,0.313995
7962.0,0.26843,0.32898,0.29591,0.31799,0.31383,0.3141775
7963.0,0.24521,0.32923,0.29582,0.31827,0.31412,0.31436000000000003
7964.0,0.24326,0.32946,0.29573,0.31856,0.31441,0.31454
7965.0,0.2754,0.32969,0.29572,0.31883,0.3147,0.314735
7966.0,0.30991,0.3299,0.29562,0.3191,0.31497,0.3148975
7967.0,0.32638,0.33008,0.29558,0.31938,0.31524,0.31507
7968.0,0.31159,0.33026,0.29554,0.31965,0.3155,0.3152375
7969.0,0.26828,0.3304,0.29548,0.31991,0.31572,0.3153775
7970.0,0.24825,0.33052,0.29549,0.32011,0.31589,0.3155025
7971.0,0.25645,0.33061,0.29541,0.32025,0.31601,0.31557
7972.0,0.27378,0.33067,0.29538,0.3203,0.31607,0.315605
7973.0,0.29211,0.33074,0.29535,0.32027,0.31609,0.3156125
7974.0,0.29805,0.33075,0.29529,0.32019,0.31607,0.315575
7975.0,0.31177,0.33074,0.29528,0.32011,0.316,0.3155325
7976.0,0.35702,0.33069,0.2952,0.32003,0.31589,0.3154525
7977.0,0.36677,0.33061,0.29515,0.31994,0.31577,0.3153675
7978.0,0.30388,0.33054,0.29509,0.31983,0.31563,0.3152725
7979.0,0.27353,0.3304,0.29501,0.31968,0.31548,0.3151425
7980.0,0.30504,0.33026,0.29496,0.31949,0.31532,0.3150075
7981.0,0.32824,0.33014,0.29486,0.31926,0.31514,0.31484999999999996
7982.0,0.32968,0.32995,0.29478,0.31903,0.31494,0.314675
7983.0,0.3134,0.32978,0.29468,0.31884,0.31472,0.31450500000000003
7984.0,0.28995,0.32955,0.29457,0.31869,0.31451,0.31433
7985.0,0.2825,0.32931,0.29448,0.31854,0.3143,0.31415750000000003
7986.0,0.28631,0.32911,0.29434,0.31834,0.31409,0.31397
7987.0,0.29394,0.32885,0.29424,0.31805,0.31381,0.31373749999999995
7988.0,0.29783,0.32863,0.29409,0.31769,0.31347,0.31347
7989.0,0.29185,0.3284,0.29397,0.31728,0.31307,0.31318
7990.0,0.2586,0.32815,0.29383,0.31687,0.31272,0.3128925
7991.0,0.19983,0.32795,0.29367,0.3165,0.31241,0.31263250000000004
7992.0,0.19209,0.32771,0.29355,0.31616,0.31212,0.31238499999999997
7993.0,0.24061,0.32754,0.29337,0.31582,0.31179,0.31213
7994.0,0.28833,0.32743,0.29324,0.31549,0.31145,0.3119025
7995.0,0.31658,0.32731,0.29309,0.31519,0.31117,0.31169
7996.0,0.29494,0.3273,0.29293,0.315,0.31103,0.311565
7997.0,0.26884,0.32728,0.29282,0.31492,0.31103,0.3115125
7998.0,0.30871,0.32733,0.29266,0.31496,0.31111,0.311515
7999.0,0.34492,0.32746,0.29255,0.31514,0.31124,0.31159749999999997
8000.0,0.32208,0.32757,0.29243,0.31543,0.31145,0.31172
8001.0,0.32028,0.32781,0.29231,0.3158,0.31178,0.311925
8002.0,0.36842,0.32808,0.29224,0.31625,0.31221,0.312195
8003.0,0.36916,0.32836,0.29212,0.31676,0.31272,0.31248999999999993
8004.0,0.30532,0.3287,0.29208,0.31733,0.31325,0.31284
8005.0,0.22916,0.32901,0.292,0.31792,0.3138,0.31318250000000003
8006.0,0.16727,0.32938,0.29196,0.31852,0.31436,0.31355500000000003
8007.0,0.17764,0.32976,0.29194,0.31911,0.31492,0.31393249999999995
8008.0,0.23842,0.33007,0.29186,0.31968,0.31546,0.31426750000000003
8009.0,0.30235,0.33039,0.29188,0.32021,0.31596,0.31461
8010.0,0.3327,0.33069,0.29183,0.32068,0.31642,0.314905
8011.0,0.29395,0.33093,0.29184,0.32108,0.31681,0.31516500000000003
8012.0,0.26229,0.33115,0.29184,0.3214,0.3171,0.3153725
8013.0,0.27879,0.33129,0.29179,0.32163,0.31731,0.315505
8014.0,0.29655,0.33138,0.29182,0.32175,0.31742,0.3155925
8015.0,0.3002,0.33147,0.29178,0.32176,0.31744,0.31561249999999996
8016.0,0.29406,0.33148,0.2918,0.32165,0.31734,0.3155675
8017.0,0.28256,0.33144,0.2918,0.32144,0.3171,0.315445
8018.0,0.27959,0.33138,0.29176,0.32111,0.31677,0.315255
8019.0,0.28002,0.33128,0.29178,0.32068,0.31641,0.3150375
8020.0,0.2687,0.33121,0.29174,0.32016,0.31602,0.3147825
8021.0,0.26908,0.33114,0.29176,0.31963,0.3156,0.3145325
8022.0,0.31352,0.33106,0.29176,0.31911,0.31518,0.3142775
8023.0,0.33211,0.33103,0.29175,0.31872,0.31482,0.31408
8024.0,0.27487,0.33102,0.29177,0.31848,0.31461,0.31396999999999997
8025.0,0.22196,0.33105,0.29176,0.31844,0.31458,0.31395750000000006
8026.0,0.20762,0.33114,0.29179,0.31855,0.31468,0.31404
8027.0,0.2181,0.33124,0.29182,0.31882,0.3149,0.314195
8028.0,0.24415,0.33142,0.29184,0.31922,0.31524,0.31443
8029.0,0.25574,0.33163,0.29189,0.31975,0.31572,0.31474749999999996
8030.0,0.25776,0.33184,0.29191,0.32041,0.3163,0.31511500000000003
8031.0,0.27904,0.33207,0.29196,0.32116,0.31696,0.3155375
8032.0,0.29678,0.33227,0.29201,0.32194,0.31759,0.31595249999999997
8033.0,0.26514,0.33248,0.29204,0.32263,0.31816,0.3163275
8034.0,0.23216,0.33268,0.2921,0.32318,0.3186,0.31664000000000003
8035.0,0.24942,0.33284,0.29212,0.32354,0.31892,0.316855
8036.0,0.25282,0.33295,0.29216,0.32371,0.31909,0.3169775
8037.0,0.20591,0.33301,0.29219,0.32371,0.31913,0.31701
8038.0,0.15676,0.333,0.29221,0.32353,0.31903,0.3169425
8039.0,0.12829,0.333,0.29222,0.32321,0.31878,0.3168025
8040.0,0.16311,0.33293,0.29221,0.32275,0.3184,0.31657250000000003
8041.0,0.2531,0.33285,0.29222,0.3222,0.31795,0.316305
8042.0,0.32185,0.33277,0.29219,0.32163,0.31749,0.31602
8043.0,0.35448,0.33266,0.29218,0.3211,0.31707,0.3157525
8044.0,0.33574,0.3326,0.29214,0.32067,0.31672,0.3155325
8045.0,0.30223,0.33253,0.29208,0.32036,0.31645,0.315355
8046.0,0.31303,0.33248,0.29205,0.32018,0.31629,0.31525000000000003
8047.0,0.33061,0.33249,0.29198,0.32015,0.31626,0.31522
8048.0,0.32043,0.33252,0.29192,0.32026,0.31637,0.3152675
8049.0,0.28939,0.33259,0.29184,0.32051,0.3166,0.315385
8050.0,0.24352,0.33268,0.29172,0.32089,0.31691,0.31555
8051.0,0.21586,0.33275,0.29166,0.32137,0.3173,0.31577
8052.0,0.21778,0.33287,0.29153,0.32191,0.31773,0.31601
8053.0,0.25408,0.33297,0.29142,0.32243,0.31816,0.316245
8054.0,0.30995,0.33305,0.29128,0.32288,0.31854,0.31643750000000004
8055.0,0.32317,0.33311,0.29111,0.32324,0.31884,0.316575
8056.0,0.30157,0.3331,0.29097,0.32346,0.31904,0.3166425
8057.0,0.27926,0.33307,0.29077,0.32355,0.31914,0.3166325
8058.0,0.26692,0.33298,0.2906,0.32352,0.3191,0.31655
8059.0,0.27792,0.33279,0.29041,0.32336,0.31891,0.3163675
8060.0,0.29774,0.33257,0.29017,0.32305,0.31859,0.31609499999999996
8061.0,0.31385,0.33227,0.28996,0.32258,0.31815,0.31574
8062.0,0.31499,0.33193,0.28972,0.32196,0.3176,0.31530250000000004
8063.0,0.2974,0.33154,0.28947,0.32122,0.31695,0.31479500000000005
8064.0,0.28567,0.33109,0.28924,0.32041,0.31622,0.31424
8065.0,0.28673,0.33064,0.28895,0.31958,0.31545,0.313655
8066.0,0.29643,0.33015,0.28869,0.31877,0.31469,0.313075
8067.0,0.31496,0.32965,0.28842,0.318,0.31397,0.31251
8068.0,0.34585,0.32915,0.28813,0.31727,0.31329,0.31196
8069.0,0.37131,0.32867,0.28787,0.31659,0.31264,0.3114425
8070.0,0.34876,0.32822,0.28755,0.31598,0.31205,0.31094999999999995
8071.0,0.30622,0.32777,0.28727,0.31547,0.31154,0.31051249999999997
8072.0,0.28651,0.32735,0.28697,0.31509,0.31115,0.31013999999999997
8073.0,0.29889,0.32694,0.28666,0.31482,0.31087,0.3098225
8074.0,0.34827,0.32657,0.28639,0.31461,0.31064,0.3095525
8075.0,0.33977,0.32624,0.28606,0.31443,0.31041,0.309285
8076.0,0.23754,0.32591,0.28578,0.31427,0.31018,0.30903499999999995
8077.0,0.2074,0.32559,0.28545,0.31411,0.30999,0.308785
8078.0,0.28132,0.32528,0.28514,0.31395,0.30985,0.30855499999999997
8079.0,0.32141,0.32499,0.28486,0.31379,0.30971,0.3083375
8080.0,0.31273,0.32469,0.28453,0.31358,0.30949,0.3080725
8081.0,0.29983,0.32437,0.28427,0.31331,0.30918,0.3077825
8082.0,0.29208,0.32407,0.28395,0.31299,0.30884,0.30746249999999997
8083.0,0.30123,0.32377,0.28367,0.31263,0.30849,0.30713999999999997
8084.0,0.32018,0.32348,0.28341,0.31221,0.30812,0.306805
8085.0,0.33727,0.32316,0.28313,0.31173,0.3077,0.30643
8086.0,0.34235,0.32284,0.28292,0.31119,0.30722,0.30604250000000005
8087.0,0.32646,0.3226,0.28267,0.31062,0.30672,0.3056525
8088.0,0.29673,0.32236,0.28249,0.31006,0.30625,0.30529
8089.0,0.25956,0.32217,0.28231,0.30959,0.30581,0.30496999999999996
8090.0,0.25401,0.32197,0.28215,0.30922,0.30545,0.3046975
8091.0,0.28585,0.32183,0.28206,0.30894,0.3052,0.30450750000000004
8092.0,0.29548,0.32179,0.28194,0.30872,0.30505,0.304375
8093.0,0.27731,0.32177,0.28192,0.30857,0.30498,0.30431
8094.0,0.26319,0.32184,0.28186,0.30856,0.30497,0.3043075
8095.0,0.26389,0.32193,0.28187,0.30874,0.30513,0.3044175
8096.0,0.2986,0.32208,0.2819,0.30912,0.30549,0.3046475
8097.0,0.3349,0.3223,0.28194,0.30966,0.30596,0.304965
8098.0,0.31388,0.32253,0.28206,0.31027,0.30648,0.305335
8099.0,0.27277,0.32281,0.28211,0.31089,0.30697,0.305695
8100.0,0.25258,0.32312,0.28224,0.31147,0.30749,0.30608
8101.0,0.2438,0.32345,0.28234,0.31206,0.30806,0.3064775
8102.0,0.2403,0.32377,0.28247,0.31266,0.30864,0.306885
8103.0,0.24187,0.32406,0.2826,0.31324,0.30918,0.30727
8104.0,0.24762,0.32435,0.28271,0.31375,0.30961,0.307605
8105.0,0.24947,0.32463,0.28282,0.31414,0.30994,0.3078825
8106.0,0.24629,0.32492,0.2829,0.31441,0.31017,0.30810000000000004
8107.0,0.24313,0.32513,0.28301,0.31458,0.31037,0.3082725
8108.0,0.24713,0.32533,0.28306,0.31468,0.31053,0.3084
8109.0,0.27998,0.32548,0.28313,0.31475,0.31064,0.3085
8110.0,0.31629,0.32564,0.28314,0.31475,0.31069,0.308555
8111.0,0.29748,0.3258,0.28314,0.31472,0.31067,0.3085825
8112.0,0.25588,0.32588,0.28314,0.31467,0.31064,0.3085825
8113.0,0.23808,0.32601,0.28309,0.31467,0.31065,0.308605
8114.0,0.24317,0.32607,0.28307,0.31471,0.31075,0.30865000000000004
8115.0,0.26923,0.32615,0.28295,0.31481,0.31088,0.3086975
8116.0,0.28013,0.32627,0.28287,0.31494,0.31097,0.3087625
8117.0,0.25807,0.32628,0.28272,0.31511,0.31105,0.30879
8118.0,0.21425,0.32638,0.28258,0.31532,0.31119,0.3088675
8119.0,0.16527,0.3264,0.2824,0.31556,0.31143,0.30894750000000004
8120.0,0.20819,0.32643,0.28219,0.3158,0.31168,0.309025
8121.0,0.32368,0.3265,0.282,0.31601,0.31182,0.30908250000000004
8122.0,0.33522,0.32642,0.28171,0.31617,0.31187,0.3090425
8123.0,0.27135,0.32642,0.28147,0.31628,0.31188,0.3090125
8124.0,0.27386,0.32635,0.28113,0.31632,0.31192,0.30893
8125.0,0.31488,0.32625,0.28085,0.31629,0.31194,0.30883249999999995
8126.0,0.32778,0.32618,0.28051,0.31616,0.3118,0.3086625
8127.0,0.3186,0.32596,0.28017,0.31592,0.31154,0.3083975
8128.0,0.29613,0.32582,0.27984,0.31561,0.31123,0.308125
8129.0,0.2831,0.32562,0.27945,0.31528,0.31097,0.30783
8130.0,0.29438,0.32537,0.27911,0.31496,0.31075,0.30754750000000003
8131.0,0.29843,0.32516,0.27867,0.31466,0.31044,0.3072325
8132.0,0.28313,0.32484,0.27835,0.31435,0.31008,0.306905
8133.0,0.27352,0.32458,0.27797,0.31404,0.30971,0.306575
8134.0,0.27416,0.3243,0.27764,0.31373,0.30942,0.3062725
8135.0,0.26678,0.32398,0.27727,0.31343,0.30919,0.3059675
8136.0,0.25288,0.3237,0.27689,0.31314,0.30891,0.30566
8137.0,0.25201,0.32334,0.27654,0.31283,0.30858,0.3053225
8138.0,0.26348,0.32303,0.27616,0.31254,0.30824,0.3049925
8139.0,0.28002,0.32272,0.27587,0.31227,0.30795,0.3047025
8140.0,0.29579,0.3224,0.2755,0.31201,0.30769,0.3044
8141.0,0.30146,0.32206,0.27519,0.31172,0.30738,0.3040875
8142.0,0.30297,0.3217,0.2748,0.31138,0.30704,0.30373
8143.0,0.30686,0.32136,0.27443,0.311,0.3067,0.3033725
8144.0,0.31014,0.32103,0.27404,0.3106,0.30639,0.303015
8145.0,0.31065,0.3207,0.27366,0.31027,0.30608,0.30267750000000004
8146.0,0.30519,0.32031,0.27332,0.31001,0.30577,0.3023525
8147.0,0.29298,0.31994,0.27289,0.30978,0.30548,0.30202249999999997
8148.0,0.28143,0.31958,0.27252,0.30953,0.30521,0.30171
8149.0,0.27342,0.3192,0.27205,0.30921,0.30495,0.3013525
8150.0,0.27426,0.31884,0.27162,0.30883,0.3046,0.3009725
8151.0,0.28274,0.3184,0.27117,0.30844,0.30422,0.3005575
8152.0,0.29009,0.31802,0.27073,0.3081,0.30384,0.30017250000000006
8153.0,0.28851,0.31763,0.27033,0.30779,0.30349,0.29981
8154.0,0.25975,0.31722,0.26987,0.30742,0.3031,0.2994025
8155.0,0.23583,0.31686,0.26946,0.30692,0.30259,0.2989575
8156.0,0.27413,0.31646,0.26904,0.30626,0.30204,0.29845
8157.0,0.32248,0.31613,0.26864,0.30555,0.30147,0.29794750000000003
8158.0,0.32161,0.31582,0.26828,0.30489,0.30098,0.29749250000000005
8159.0,0.2974,0.31551,0.2679,0.3044,0.30056,0.2970925
8160.0,0.26863,0.31528,0.26761,0.30406,0.30022,0.2967925
8161.0,0.25144,0.31507,0.26738,0.30383,0.29993,0.2965525
8162.0,0.25263,0.3149,0.26713,0.30367,0.29974,0.29636
8163.0,0.26368,0.31481,0.26699,0.30357,0.29969,0.296265
8164.0,0.27901,0.31471,0.2668,0.30359,0.2998,0.296225
8165.0,0.27699,0.31466,0.26672,0.30376,0.30003,0.2962925
8166.0,0.26477,0.31463,0.26663,0.30414,0.30031,0.2964275
8167.0,0.29363,0.31459,0.2666,0.30464,0.30064,0.2966175
8168.0,0.34279,0.31459,0.26669,0.30518,0.30098,0.29686
8169.0,0.33303,0.31456,0.26671,0.30565,0.30131,0.2970575
8170.0,0.29171,0.31448,0.26683,0.30594,0.30155,0.2972
8171.0,0.28245,0.3144,0.2668,0.30603,0.30166,0.2972225
8172.0,0.29921,0.31425,0.26693,0.30595,0.30168,0.2972025
8173.0,0.33194,0.31409,0.26702,0.30574,0.30156,0.2971025
8174.0,0.35051,0.31389,0.26714,0.30545,0.3013,0.296945
8175.0,0.33054,0.31357,0.26733,0.30507,0.30092,0.2967225
8176.0,0.28428,0.31329,0.26739,0.30458,0.30049,0.2964375
8177.0,0.22166,0.31295,0.26756,0.30395,0.30003,0.2961225
8178.0,0.20015,0.31258,0.26756,0.30321,0.29951,0.295715
8179.0,0.23351,0.31223,0.2677,0.30247,0.29887,0.2953175
8180.0,0.25875,0.31175,0.2678,0.30183,0.29832,0.294925
8181.0,0.26436,0.3114,0.26793,0.30134,0.29793,0.29465
8182.0,0.26977,0.31102,0.26812,0.30094,0.29765,0.2944325
8183.0,0.27732,0.31062,0.26814,0.30058,0.29735,0.2941725
8184.0,0.28465,0.31033,0.2683,0.30024,0.29693,0.29395000000000004
8185.0,0.28787,0.30993,0.26837,0.29996,0.29662,0.29372
8186.0,0.27814,0.30969,0.26849,0.29979,0.29646,0.2936075
8187.0,0.25901,0.30947,0.26868,0.29967,0.29639,0.2935525
8188.0,0.23694,0.30926,0.26873,0.29951,0.29629,0.2934475
8189.0,0.21368,0.30917,0.26893,0.29925,0.296,0.29333750000000003
8190.0,0.19119,0.30903,0.26898,0.29889,0.29573,0.2931575
8191.0,0.19287,0.30906,0.26916,0.29862,0.29554,0.293095
8192.0,0.23295,0.30914,0.26937,0.29853,0.29552,0.29314
8193.0,0.25277,0.30927,0.26949,0.29855,0.29561,0.29323
8194.0,0.22791,0.30951,0.26978,0.29862,0.29567,0.293395
8195.0,0.19845,0.30978,0.26987,0.29876,0.29577,0.293545
8196.0,0.18205,0.31017,0.27017,0.29901,0.29603,0.293845
8197.0,0.21719,0.31064,0.27038,0.29947,0.29656,0.29426250000000004
8198.0,0.29714,0.31117,0.27064,0.30026,0.29732,0.2948475
8199.0,0.34883,0.31174,0.27099,0.30128,0.29815,0.29554
8200.0,0.35773,0.31236,0.27117,0.30241,0.29898,0.29623000000000005
8201.0,0.30861,0.313,0.27152,0.30353,0.29991,0.29699
8202.0,0.24144,0.31368,0.2717,0.30465,0.30093,0.29774
8203.0,0.24866,0.31434,0.27201,0.30577,0.30198,0.298525
8204.0,0.2888,0.31494,0.27224,0.30688,0.30294,0.29925
8205.0,0.29302,0.31551,0.27241,0.30794,0.30376,0.299905
8206.0,0.27174,0.316,0.2726,0.30885,0.30452,0.30049250000000005
8207.0,0.23654,0.31644,0.27258,0.30955,0.30515,0.30093
8208.0,0.21789,0.31675,0.27265,0.31,0.30562,0.301255
8209.0,0.23484,0.31697,0.27252,0.31026,0.30589,0.30140999999999996
8210.0,0.25001,0.31704,0.27239,0.3104,0.30601,0.30146
8211.0,0.24773,0.317,0.27214,0.31043,0.30601,0.30139499999999997
8212.0,0.24686,0.31686,0.27173,0.31035,0.30584,0.301195
8213.0,0.25023,0.31655,0.27132,0.31008,0.30551,0.300865
8214.0,0.23374,0.31617,0.27068,0.30959,0.305,0.30035999999999996
8215.0,0.20769,0.31562,0.27006,0.30886,0.30434,0.29972
8216.0,0.24959,0.31501,0.26926,0.30797,0.30353,0.29894250000000006
8217.0,0.34682,0.31434,0.26838,0.307,0.30257,0.2980725
8218.0,0.42012,0.31354,0.26748,0.30594,0.3015,0.297115
8219.0,0.44261,0.31277,0.2664,0.3048,0.30031,0.29607
8220.0,0.36649,0.31193,0.26542,0.30351,0.29904,0.294975
8221.0,0.26185,0.31113,0.2643,0.30208,0.2977,0.2938025
8222.0,0.24589,0.31039,0.26323,0.30053,0.29636,0.2926275
8223.0,0.26081,0.30966,0.26219,0.29902,0.29508,0.2914875
8224.0,0.24155,0.30908,0.26111,0.29769,0.29392,0.29045
8225.0,0.22902,0.30859,0.26025,0.2966,0.29295,0.2895975
8226.0,0.25218,0.30826,0.25937,0.29579,0.29224,0.288915
8227.0,0.27657,0.30811,0.2587,0.29526,0.29181,0.28847
8228.0,0.28485,0.30808,0.25813,0.29504,0.29165,0.288225
8229.0,0.2776,0.30825,0.25768,0.29517,0.29181,0.28822749999999997
8230.0,0.25746,0.3086,0.25746,0.29571,0.29236,0.28853249999999997
8231.0,0.24719,0.30912,0.25734,0.29663,0.29331,0.28909999999999997
8232.0,0.25351,0.3098,0.2575,0.29792,0.29453,0.2899375
8233.0,0.28346,0.31061,0.2578,0.29946,0.29589,0.29094
8234.0,0.32979,0.3115,0.25827,0.3012,0.29739,0.29209
8235.0,0.35895,0.31251,0.25885,0.30305,0.29907,0.29337
8236.0,0.3553,0.31359,0.25958,0.30493,0.30087,0.29474249999999996
8237.0,0.28503,0.31467,0.26038,0.30675,0.30265,0.2961125
8238.0,0.20355,0.31578,0.26132,0.30842,0.30421,0.2974325
8239.0,0.22268,0.31678,0.26226,0.30995,0.30561,0.29864999999999997
8240.0,0.29793,0.3178,0.26331,0.31135,0.30694,0.29985
8241.0,0.36502,0.31877,0.26434,0.31257,0.30819,0.3009675
8242.0,0.37106,0.31958,0.2653,0.31361,0.30926,0.30193749999999997
8243.0,0.26956,0.32037,0.26632,0.31438,0.30997,0.30276
8244.0,0.1848,0.32094,0.26714,0.31488,0.31045,0.3033525
8245.0,0.19313,0.32148,0.26803,0.31521,0.31081,0.3038825
8246.0,0.24551,0.32197,0.26871,0.31541,0.31112,0.30430250000000003
8247.0,0.31445,0.32224,0.26943,0.31547,0.31129,0.30460750000000003
8248.0,0.32276,0.32254,0.27003,0.31537,0.31115,0.3047725
8249.0,0.25847,0.32264,0.27051,0.31512,0.31087,0.304785
8250.0,0.22098,0.32274,0.27097,0.31475,0.3106,0.30476499999999995
8251.0,0.22733,0.32286,0.27121,0.31438,0.3104,0.3047125
8252.0,0.25214,0.32281,0.27153,0.31402,0.31021,0.30464250000000004
8253.0,0.28044,0.32285,0.27163,0.31371,0.30989,0.30452
8254.0,0.27074,0.32276,0.27183,0.31345,0.30962,0.304415
8255.0,0.24323,0.32271,0.2719,0.31334,0.30953,0.30437000000000003
8256.0,0.26118,0.32272,0.27196,0.31334,0.30959,0.3044025
8257.0,0.28954,0.32261,0.27199,0.31348,0.30973,0.3044525
8258.0,0.25627,0.32258,0.27188,0.31368,0.30983,0.3044925
8259.0,0.21233,0.32246,0.2719,0.31393,0.30998,0.3045675
8260.0,0.2273,0.32233,0.27175,0.31422,0.31022,0.30462999999999996
8261.0,0.2578,0.32225,0.27171,0.31456,0.31046,0.304745
8262.0,0.2643,0.32203,0.27155,0.31482,0.31063,0.3047575
8263.0,0.25622,0.32183,0.27142,0.31495,0.31063,0.3047075
8264.0,0.24036,0.32151,0.27123,0.3149,0.31048,0.30452999999999997
8265.0,0.24062,0.32115,0.27096,0.31466,0.31021,0.304245
8266.0,0.26532,0.32078,0.27076,0.31424,0.3098,0.303895
8267.0,0.2791,0.32028,0.27043,0.31365,0.30925,0.3034025
8268.0,0.27085,0.31977,0.27014,0.31288,0.30851,0.302825
8269.0,0.24391,0.31917,0.26976,0.31194,0.30761,0.30212
8270.0,0.20661,0.31854,0.26939,0.31088,0.30665,0.301365
8271.0,0.20242,0.31791,0.26898,0.3098,0.30569,0.300595
8272.0,0.23149,0.31721,0.26854,0.30875,0.30473,0.2998075
8273.0,0.26624,0.31655,0.26815,0.30775,0.30377,0.29905499999999996
8274.0,0.29596,0.31584,0.2677,0.30685,0.30285,0.29831
8275.0,0.298,0.31518,0.26727,0.30602,0.30203,0.29762500000000003
8276.0,0.27786,0.31455,0.26682,0.30527,0.30135,0.29699749999999997
8277.0,0.25003,0.31394,0.26644,0.30463,0.30077,0.296445
8278.0,0.24509,0.31336,0.26607,0.3041,0.30024,0.2959425
8279.0,0.30856,0.3128,0.26574,0.3037,0.29977,0.2955025
8280.0,0.36353,0.3123,0.2655,0.30343,0.29938,0.29515250000000004
8281.0,0.3278,0.31186,0.26518,0.30321,0.29908,0.2948325
8282.0,0.27832,0.31144,0.26497,0.30294,0.29881,0.29454
8283.0,0.27192,0.31105,0.26469,0.30258,0.29851,0.2942075
8284.0,0.28163,0.31067,0.2646,0.30218,0.29816,0.29390249999999996
8285.0,0.29191,0.31032,0.26446,0.30182,0.29784,0.29361
8286.0,0.28129,0.31005,0.26441,0.30158,0.29759,0.2934075
8287.0,0.24313,0.30978,0.26442,0.3014,0.29738,0.293245
8288.0,0.1977,0.30952,0.26432,0.30118,0.29715,0.2930425
8289.0,0.1586,0.30927,0.26436,0.30088,0.29685,0.29284
8290.0,0.18446,0.309,0.26427,0.30056,0.29658,0.2926025
8291.0,0.26789,0.30881,0.26439,0.30032,0.2964,0.29247999999999996
8292.0,0.30847,0.30861,0.26442,0.30022,0.29631,0.29239
8293.0,0.30047,0.30843,0.26452,0.30019,0.29621,0.29233750000000003
8294.0,0.27585,0.30826,0.26464,0.30013,0.29602,0.2922625
8295.0,0.24686,0.30803,0.26466,0.29998,0.29582,0.2921225
8296.0,0.23854,0.30787,0.26479,0.29978,0.29565,0.29202249999999996
8297.0,0.24811,0.30769,0.2648,0.29959,0.29552,0.2919
8298.0,0.26721,0.30756,0.26496,0.29943,0.29534,0.2918225
8299.0,0.28541,0.30744,0.26503,0.29924,0.29509,0.2917
8300.0,0.28775,0.30726,0.26512,0.29899,0.29486,0.2915575
8301.0,0.27847,0.30714,0.26523,0.29868,0.29463,0.29142
8302.0,0.2622,0.30699,0.26527,0.29839,0.2944,0.2912625
8303.0,0.24804,0.30693,0.26536,0.29819,0.2942,0.29117
8304.0,0.24298,0.30688,0.2654,0.29809,0.29408,0.2911125
8305.0,0.25466,0.30678,0.26545,0.29802,0.29407,0.29108
8306.0,0.28608,0.30674,0.26549,0.29798,0.29403,0.29106
8307.0,0.31187,0.30664,0.26547,0.29799,0.29401,0.2910275
8308.0,0.32094,0.30666,0.26549,0.2981,0.29408,0.2910825
8309.0,0.30374,0.30666,0.26547,0.29832,0.29431,0.29119
8310.0,0.26017,0.30663,0.26546,0.29861,0.29456,0.291315
8311.0,0.21304,0.30663,0.26544,0.29884,0.2947,0.2914025
8312.0,0.17505,0.30652,0.26536,0.29902,0.29479,0.29142250000000003
8313.0,0.19005,0.30651,0.26532,0.29917,0.29491,0.2914775
8314.0,0.23994,0.30647,0.2652,0.29929,0.29506,0.291505
8315.0,0.22118,0.3064,0.26514,0.29934,0.29513,0.2915025
8316.0,0.14747,0.30633,0.26503,0.29926,0.29505,0.2914175
8317.0,0.09521,0.3061,0.26499,0.29905,0.29489,0.29125749999999995
8318.0,0.07098,0.30597,0.26492,0.29881,0.29468,0.291095
8319.0,0.07762,0.30581,0.26489,0.29859,0.29445,0.290935
8320.0,0.11018,0.30564,0.26484,0.29835,0.29424,0.2907675
8321.0,0.15999,0.30549,0.26481,0.29803,0.29397,0.290575
8322.0,0.21336,0.30517,0.26479,0.29757,0.29361,0.290285
8323.0,0.2531,0.30498,0.26476,0.29707,0.29317,0.28999499999999995
8324.0,0.25918,0.30474,0.26484,0.29669,0.29281,0.28976999999999997
8325.0,0.21395,0.30457,0.26486,0.29646,0.29261,0.289625
8326.0,0.19343,0.30447,0.26499,0.29626,0.2924,0.28953
8327.0,0.24693,0.30423,0.26503,0.29598,0.2921,0.289335
8328.0,0.30183,0.30413,0.26515,0.29561,0.29174,0.28915749999999996
8329.0,0.32256,0.30396,0.26523,0.29529,0.29156,0.28901000000000004
8330.0,0.32984,0.30393,0.26533,0.29517,0.29156,0.2889975
8331.0,0.33162,0.30398,0.26548,0.29522,0.29155,0.28905749999999997
8332.0,0.32888,0.30397,0.26558,0.29533,0.29155,0.28910749999999996
8333.0,0.32017,0.30408,0.26576,0.29542,0.29158,0.28921
8334.0,0.29185,0.30407,0.26585,0.29548,0.29175,0.2892875
8335.0,0.24173,0.30426,0.26599,0.29563,0.29199,0.2894675
8336.0,0.17404,0.30447,0.26611,0.29596,0.29226,0.2897
8337.0,0.10843,0.3047,0.26622,0.29641,0.29261,0.28998500000000005
8338.0,0.12416,0.305,0.26636,0.29688,0.293,0.29030999999999996
8339.0,0.20269,0.30516,0.26648,0.29729,0.2934,0.29058249999999997
8340.0,0.25815,0.3055,0.26659,0.29766,0.29374,0.2908725
8341.0,0.28703,0.30577,0.26671,0.29806,0.29413,0.2911675
8342.0,0.29579,0.30613,0.26679,0.29851,0.29458,0.29150250000000005
8343.0,0.29371,0.30647,0.26689,0.29896,0.29501,0.29183250000000005
8344.0,0.29713,0.3067,0.26697,0.29937,0.29538,0.29210499999999995
8345.0,0.30033,0.30705,0.26704,0.29972,0.29567,0.29237
8346.0,0.29488,0.30728,0.26713,0.30006,0.296,0.2926175
8347.0,0.24935,0.30761,0.26715,0.30043,0.29637,0.29289
8348.0,0.13206,0.30789,0.26722,0.30077,0.29672,0.29315
8349.0,0.09107,0.30806,0.26721,0.30106,0.29699,0.29333
8350.0,0.23562,0.30831,0.26722,0.30131,0.29718,0.293505
8351.0,0.35494,0.30842,0.26719,0.30153,0.29739,0.2936325
8352.0,0.33091,0.30863,0.26716,0.30176,0.29763,0.29379500000000003
8353.0,0.2676,0.30879,0.26712,0.30198,0.29784,0.29393250000000004
8354.0,0.213,0.30882,0.26703,0.3021,0.29794,0.29397249999999997
8355.0,0.19419,0.30892,0.26697,0.30212,0.29795,0.29399
8356.0,0.21659,0.30888,0.26685,0.30212,0.29796,0.2939525
8357.0,0.24076,0.30893,0.26674,0.30212,0.29799,0.29394499999999996
8358.0,0.25503,0.30895,0.26658,0.30212,0.298,0.2939125
8359.0,0.24973,0.30884,0.26645,0.30207,0.29795,0.2938275
8360.0,0.23041,0.30881,0.26628,0.30191,0.29781,0.2937025
8361.0,0.23699,0.30859,0.26611,0.30175,0.29768,0.2935325
8362.0,0.26377,0.30848,0.26593,0.30164,0.2976,0.29341249999999997
8363.0,0.2639,0.30833,0.26572,0.3016,0.29753,0.293295
8364.0,0.24086,0.30809,0.26552,0.30156,0.29742,0.2931475
8365.0,0.22093,0.30793,0.26528,0.30144,0.2972,0.2929625
8366.0,0.20411,0.30755,0.26506,0.30121,0.29699,0.2927025
8367.0,0.18591,0.30727,0.26483,0.30093,0.2968,0.2924575
8368.0,0.16687,0.30687,0.26457,0.30067,0.29657,0.29217
8369.0,0.14846,0.3065,0.26435,0.30042,0.29622,0.2918725
8370.0,0.15729,0.30617,0.26407,0.30012,0.29574,0.29152500000000003
8371.0,0.23215,0.30564,0.26383,0.29968,0.29528,0.2911075
8372.0,0.29921,0.3052,0.26358,0.29905,0.29479,0.290655
8373.0,0.27601,0.30455,0.26331,0.29829,0.29419,0.290085
8374.0,0.23367,0.30407,0.2631,0.29753,0.29342,0.28953
8375.0,0.23175,0.30359,0.26282,0.29686,0.29262,0.2889725
8376.0,0.24957,0.30305,0.26264,0.29619,0.29196,0.28846
8377.0,0.27318,0.30257,0.26237,0.29542,0.2913,0.28791500000000003
8378.0,0.28111,0.3019,0.26219,0.29447,0.29049,0.2872625
8379.0,0.26253,0.30147,0.262,0.29348,0.28956,0.28662750000000004
8380.0,0.2177,0.30102,0.26178,0.29272,0.28885,0.28609249999999997
8381.0,0.14883,0.30072,0.26167,0.29221,0.28841,0.2857525
8382.0,0.08384,0.30045,0.26145,0.29179,0.28803,0.28543
8383.0,0.03726,0.30013,0.26138,0.29136,0.28755,0.285105
8384.0,0.06332,0.30001,0.2612,0.29092,0.2871,0.2848075
8385.0,0.15868,0.29984,0.26113,0.2907,0.28705,0.28468
8386.0,0.2106,0.29994,0.26104,0.29085,0.2873,0.28478250000000005
8387.0,0.21095,0.30004,0.26092,0.29126,0.28762,0.28496
8388.0,0.22732,0.30023,0.26093,0.29176,0.28788,0.2852
8389.0,0.26355,0.30049,0.2608,0.29231,0.28825,0.28546249999999995
8390.0,0.29654,0.30071,0.26085,0.29291,0.28892,0.28584750000000003
8391.0,0.31348,0.30112,0.26075,0.29363,0.28973,0.2863075
8392.0,0.28158,0.3015,0.26076,0.29445,0.29048,0.2867975
8393.0,0.22644,0.302,0.26074,0.29528,0.29109,0.2872775
8394.0,0.21819,0.30243,0.26068,0.29609,0.29178,0.287745
8395.0,0.2433,0.30286,0.26076,0.29687,0.29255,0.28825999999999996
8396.0,0.26817,0.30331,0.26064,0.29755,0.29328,0.288695
8397.0,0.29114,0.3037,0.26075,0.29812,0.29384,0.28910250000000004
8398.0,0.31098,0.30415,0.26064,0.2986,0.29427,0.289415
8399.0,0.31541,0.30448,0.26065,0.29904,0.29471,0.28972
8400.0,0.28918,0.30483,0.26059,0.29947,0.29516,0.2900125
8401.0,0.24837,0.30511,0.26052,0.29984,0.29551,0.290245
8402.0,0.20851,0.3053,0.26056,0.30007,0.29573,0.29041500000000003
8403.0,0.18912,0.30549,0.2604,0.30018,0.29584,0.2904775
8404.0,0.20451,0.30556,0.26046,0.30024,0.29592,0.290545
8405.0,0.2335,0.3057,0.26029,0.3003,0.29597,0.290565
8406.0,0.26285,0.30573,0.26029,0.30033,0.29597,0.29058
8407.0,0.27228,0.3057,0.26016,0.30023,0.29589,0.290495
8408.0,0.25451,0.30562,0.26009,0.30001,0.29569,0.2903525
8409.0,0.25499,0.30547,0.26007,0.29975,0.29546,0.29018750000000004
8410.0,0.28831,0.30538,0.25995,0.29953,0.29526,0.29003
8411.0,0.31841,0.3052,0.26,0.29935,0.29508,0.2899075
8412.0,0.33343,0.30502,0.25986,0.29912,0.29482,0.28970500000000005
8413.0,0.32614,0.30477,0.25991,0.29879,0.29445,0.28947999999999996
8414.0,0.29752,0.30449,0.25981,0.29842,0.2941,0.289205
8415.0,0.26718,0.30422,0.25983,0.29808,0.29383,0.28898999999999997
8416.0,0.24163,0.30391,0.25981,0.29778,0.29359,0.2887725
8417.0,0.23546,0.30363,0.2598,0.2975,0.29324,0.2885425
8418.0,0.24183,0.30327,0.25985,0.29717,0.29283,0.28828
8419.0,0.22113,0.30292,0.25979,0.29681,0.29245,0.2879925
8420.0,0.18068,0.30252,0.25985,0.29644,0.29215,0.28774
8421.0,0.16214,0.30212,0.25977,0.29606,0.29182,0.2874425
8422.0,0.17061,0.30172,0.2598,0.29567,0.29137,0.28714
8423.0,0.21046,0.30129,0.25971,0.29528,0.29088,0.28679
8424.0,0.26696,0.30083,0.25968,0.29488,0.29047,0.286465
8425.0,0.30563,0.30034,0.25962,0.29446,0.2901,0.28613
8426.0,0.31616,0.29983,0.2595,0.29398,0.28956,0.2857175
8427.0,0.28182,0.29937,0.25942,0.29346,0.28888,0.2852825
8428.0,0.23267,0.29886,0.25924,0.2929,0.28823,0.2848075
8429.0,0.21504,0.29833,0.25913,0.29226,0.28769,0.2843525
8430.0,0.21624,0.29779,0.25891,0.29155,0.28706,0.2838275
8431.0,0.2201,0.29726,0.25876,0.29075,0.28624,0.2832525
8432.0,0.22625,0.29684,0.25855,0.29001,0.28543,0.2827075
8433.0,0.23445,0.29637,0.25835,0.28938,0.28481,0.2822275
8434.0,0.26057,0.29595,0.25818,0.2888,0.28429,0.28180499999999997
8435.0,0.31662,0.29557,0.25797,0.2882,0.28368,0.28135499999999997
8436.0,0.37051,0.29517,0.25783,0.28761,0.28307,0.28091999999999995
8437.0,0.40149,0.29492,0.25763,0.28715,0.28266,0.28059
8438.0,0.39288,0.29466,0.25753,0.28697,0.2825,0.28041499999999997
8439.0,0.33936,0.29454,0.25737,0.28697,0.28239,0.2803175
8440.0,0.32205,0.29442,0.25729,0.28703,0.28229,0.2802575
8441.0,0.36935,0.29428,0.2572,0.28707,0.28229,0.28020999999999996
8442.0,0.37947,0.29425,0.25717,0.28715,0.2824,0.2802425
8443.0,0.32489,0.29421,0.2572,0.28737,0.28261,0.28034749999999997
8444.0,0.30502,0.29434,0.25721,0.28773,0.28283,0.28052750000000004
8445.0,0.34105,0.29442,0.25727,0.28809,0.28307,0.2807125
8446.0,0.3644,0.29447,0.25732,0.28838,0.2833,0.28086750000000005
8447.0,0.36073,0.29459,0.25741,0.2886,0.28351,0.2810275
8448.0,0.34393,0.29463,0.25748,0.28884,0.28373,0.28117
8449.0,0.32175,0.29477,0.25759,0.28911,0.28397,0.28136
8450.0,0.3226,0.29485,0.2577,0.28937,0.28416,0.28152
8451.0,0.3363,0.29489,0.2578,0.28955,0.28427,0.2816275
8452.0,0.29592,0.29494,0.2579,0.28964,0.28432,0.2817
8453.0,0.21044,0.2949,0.25798,0.28968,0.28437,0.2817325
8454.0,0.14483,0.29489,0.25802,0.2897,0.2844,0.2817525
8455.0,0.11836,0.29483,0.25805,0.28968,0.28433,0.2817225
8456.0,0.17169,0.29474,0.25805,0.28958,0.28415,0.28163000000000005
8457.0,0.27087,0.29465,0.25804,0.28939,0.28394,0.281505
8458.0,0.31971,0.29447,0.25799,0.28911,0.28372,0.2813225
8459.0,0.32154,0.29433,0.25797,0.28878,0.28345,0.2811325
8460.0,0.29442,0.29417,0.2579,0.2884,0.28306,0.28088250000000003
8461.0,0.26249,0.294,0.25779,0.28801,0.28266,0.280615
8462.0,0.26855,0.29387,0.25772,0.28758,0.28232,0.2803725
8463.0,0.27621,0.29368,0.2576,0.28716,0.28202,0.280115
8464.0,0.22866,0.29358,0.25755,0.28676,0.28167,0.27988999999999997
8465.0,0.19233,0.29349,0.25747,0.28647,0.28138,0.27970249999999997
8466.0,0.2519,0.29345,0.25745,0.2863,0.28125,0.2796125
8467.0,0.30671,0.29344,0.2574,0.28626,0.28125,0.2795875
8468.0,0.25181,0.29344,0.25741,0.2863,0.2813,0.27961250000000004
8469.0,0.17528,0.29354,0.25743,0.28647,0.28139,0.2797075
8470.0,0.15249,0.29361,0.25745,0.28677,0.28165,0.27987
8471.0,0.19556,0.29373,0.25754,0.28719,0.28207,0.2801325
8472.0,0.31194,0.29388,0.25762,0.28768,0.28251,0.2804225
8473.0,0.42758,0.29403,0.25776,0.28819,0.28291,0.2807225
8474.0,0.49642,0.29419,0.25785,0.28869,0.28334,0.28101750000000003
8475.0,0.44848,0.29429,0.258,0.28921,0.28383,0.2813325
8476.0,0.25724,0.29439,0.25809,0.28968,0.28429,0.2816125
8477.0,0.13344,0.29442,0.25822,0.29007,0.28465,0.28184000000000003
8478.0,0.16005,0.29441,0.25829,0.29036,0.2849,0.28198999999999996
8479.0,0.21564,0.29429,0.25835,0.29055,0.28508,0.2820675
8480.0,0.25605,0.29408,0.25839,0.29068,0.28518,0.2820825
8481.0,0.27887,0.29376,0.25836,0.2907,0.28513,0.28198749999999995
8482.0,0.28386,0.2933,0.25833,0.29053,0.28491,0.2817675
8483.0,0.27633,0.29277,0.25816,0.29011,0.28451,0.28138749999999996
8484.0,0.25881,0.29209,0.25805,0.2895,0.2839,0.280885
8485.0,0.24077,0.29133,0.25776,0.28874,0.28307,0.280225
8486.0,0.22772,0.29039,0.25753,0.28774,0.28202,0.27942
8487.0,0.24263,0.28936,0.25718,0.2864,0.28076,0.27842500000000003
8488.0,0.28278,0.28827,0.2568,0.28469,0.27924,0.27725
8489.0,0.30945,0.28711,0.25643,0.28271,0.27743,0.27592
8490.0,0.31568,0.28605,0.25592,0.28065,0.27546,0.27452000000000004
8491.0,0.29689,0.28486,0.25551,0.27856,0.27349,0.273105
8492.0,0.25944,0.28373,0.25492,0.27634,0.27161,0.27164999999999995
8493.0,0.23087,0.28258,0.25451,0.27399,0.26965,0.2701825
8494.0,0.21618,0.28156,0.25396,0.27173,0.26778,0.2687575
8495.0,0.22267,0.28087,0.25356,0.26993,0.26622,0.267645
8496.0,0.24491,0.28018,0.25314,0.26884,0.2652,0.26683999999999997
8497.0,0.26537,0.27979,0.25275,0.2682,0.26453,0.2663175
8498.0,0.27247,0.27939,0.25248,0.26789,0.26412,0.26597000000000004
8499.0,0.23994,0.27917,0.25215,0.26791,0.26411,0.265835
8500.0,0.19744,0.27921,0.25206,0.26844,0.26465,0.26609
