Lambda,OBS,CAL,GD1,GD2,GD3,Syn_mean
3400.0,0.0,1.97636,2.02593,1.97431,1.95029,1.9817224999999998
3401.0,0.0,1.95942,2.00823,1.95712,1.9332,1.9644925
3402.0,0.0,1.9495,1.99675,1.94612,1.92208,1.9536125
3403.0,0.0,1.94428,1.9894,1.93935,1.91542,1.9471125
3404.0,0.0,1.94091,1.98427,1.93465,1.911,1.9427075
3405.0,0.0,1.93775,1.98012,1.93066,1.90748,1.9390025
3406.0,0.0,1.93519,1.97713,1.9277,1.90496,1.936245
3407.0,0.0,1.93452,1.97622,1.9269,1.90416,1.9354500000000001
3408.0,0.0,1.93637,1.97748,1.92844,1.90544,1.9369325000000002
3409.0,0.0,1.93963,1.9798,1.93127,1.90789,1.9396475
3410.0,0.0,1.94208,1.98139,1.93326,1.90982,1.9416375
3411.0,0.0,1.94259,1.98116,1.93316,1.91028,1.9417975
3412.0,0.0,1.94183,1.97981,1.93175,1.90957,1.94074
3413.0,0.0,1.94139,1.97893,1.93075,1.9091,1.9400425000000001
3414.0,0.0,1.9426,1.98012,1.93204,1.91031,1.9412675
3415.0,0.0,1.94585,1.98427,1.93632,1.91374,1.945045
3416.0,0.0,1.95107,1.99094,1.94337,1.91947,1.9512125
3417.0,0.0,1.95763,1.99944,1.95224,1.9266,1.9589775
3418.0,0.0,1.96464,2.00796,1.96123,1.9342,1.9670075
3419.0,0.0,1.97101,2.01532,1.96887,1.94088,1.9740199999999999
3420.0,0.0,1.97589,2.02018,1.97399,1.94587,1.9789824999999999
3421.0,0.0,1.97885,2.02256,1.97641,1.94866,1.98162
3422.0,0.0,1.98004,2.02273,1.97662,1.94961,1.98225
3423.0,0.0,1.9798,2.02171,1.97562,1.94917,1.9815749999999999
3424.0,0.0,1.97864,2.02031,1.97429,1.94817,1.9803525
3425.0,0.0,1.97752,2.01964,1.9737,1.94745,1.9795775
3426.0,0.0,1.97756,2.02037,1.97474,1.94788,1.9801375
3427.0,0.0,1.97911,2.02246,1.97729,1.94947,1.9820825
3428.0,0.0,1.98099,2.02433,1.9799,1.95117,1.9840975
3429.0,0.0,1.98094,2.02417,1.98026,1.95113,1.984125
3430.0,0.0,1.97788,2.02081,1.97706,1.94852,1.9810675
3431.0,0.0,1.97299,2.01559,1.97168,1.94408,1.9760849999999999
3432.0,0.0,1.96891,2.01075,1.96675,1.93999,1.9716
3433.0,0.0,1.96749,2.00787,1.96417,1.93764,1.9692925000000001
3434.0,0.0,1.96755,2.00567,1.96288,1.93614,1.96806
3435.0,0.0,1.96508,2.00081,1.95897,1.93234,1.9643
3436.0,0.0,1.95616,1.98975,1.94866,1.92311,1.95442
3437.0,0.0,1.93976,1.97209,1.93104,1.9074,1.9375725
3438.0,0.0,1.919,1.95036,1.909,1.88778,1.916535
3439.0,0.0,1.89918,1.92978,1.88797,1.86854,1.8963675000000002
3440.0,0.0,1.88501,1.91448,1.87252,1.85408,1.8815225
3441.0,0.0,1.87825,1.90645,1.86482,1.84616,1.87392
3442.0,0.0,1.87725,1.90451,1.86341,1.84393,1.8722750000000001
3443.0,0.0,1.87862,1.90582,1.86539,1.84487,1.873675
3444.0,0.0,1.87981,1.90849,1.86832,1.84672,1.875835
3445.0,0.0,1.88095,1.91169,1.87175,1.84916,1.8783874999999997
3446.0,0.0,1.88324,1.91604,1.87653,1.8523,1.8820275
3447.0,0.0,1.88659,1.92038,1.88156,1.85579,1.88608
3448.0,0.0,1.88799,1.92198,1.88426,1.85707,1.887825
3449.0,0.0,1.8834,1.91818,1.88104,1.85337,1.8839975
3450.0,0.0,1.8723,1.90829,1.8712,1.84424,1.8740075
3451.0,0.0,1.85809,1.89551,1.85815,1.83183,1.860895
3452.0,0.0,1.84536,1.88353,1.84601,1.82016,1.8487649999999998
3453.0,0.0,1.83689,1.87492,1.8377,1.81159,1.8402749999999999
3454.0,0.0,1.83232,1.86946,1.83283,1.80626,1.8352175
3455.0,0.0,1.82939,1.86512,1.82904,1.80245,1.8315000000000001
3456.0,0.0,1.82579,1.85998,1.82431,1.79821,1.8270725
3457.0,0.0,1.82064,1.85373,1.81798,1.79296,1.8213275
3458.0,0.0,1.81532,1.84773,1.81173,1.78785,1.8156575
3459.0,0.0,1.81246,1.84478,1.8084,1.78503,1.8126674999999999
3460.0,0.0,1.81415,1.84646,1.81022,1.78653,1.81434
3461.0,0.0,1.82078,1.8533,1.81726,1.79244,1.820945
3462.0,0.0,1.83042,1.8624,1.82721,1.8012,1.8303075
3463.0,0.0,1.83929,1.87156,1.83686,1.80964,1.8393374999999998
3464.0,0.0,1.84524,1.87783,1.84341,1.81615,1.8456575000000002
3465.0,0.0,1.84831,1.88168,1.84739,1.81974,1.8492799999999998
3466.0,0.0,1.84945,1.88363,1.84941,1.82166,1.8510375
3467.0,0.0,1.84956,1.88454,1.8507,1.8223,1.8517750000000002
3468.0,0.0,1.84874,1.88427,1.85084,1.82184,1.8514225
3469.0,0.0,1.84632,1.88168,1.84882,1.81958,1.8491
3470.0,0.0,1.84143,1.87632,1.84377,1.81481,1.8440824999999998
3471.0,0.0,1.83429,1.86792,1.83549,1.80772,1.836355
3472.0,0.0,1.82593,1.85771,1.82529,1.79887,1.82695
3473.0,0.0,1.81714,1.8469,1.81447,1.7895,1.8170025
3474.0,0.0,1.80859,1.8369,1.80445,1.78049,1.8076075
3475.0,0.0,1.80088,1.82859,1.79624,1.77266,1.7995925000000002
3476.0,0.0,1.79437,1.82261,1.79045,1.76649,1.79348
3477.0,0.0,1.78947,1.81904,1.78715,1.7623,1.7894899999999998
3478.0,0.0,1.78655,1.81764,1.7861,1.76011,1.7876
3479.0,0.0,1.78562,1.81781,1.78664,1.75963,1.7874249999999998
3480.0,0.0,1.78612,1.81891,1.78801,1.76036,1.7883499999999999
3481.0,0.0,1.78762,1.82077,1.78994,1.76209,1.7901049999999998
3482.0,0.0,1.79055,1.82415,1.79321,1.76527,1.793295
3483.0,0.0,1.79617,1.83011,1.79908,1.77084,1.7990499999999998
3484.0,0.0,1.80496,1.83866,1.808,1.77898,1.80765
3485.0,0.0,1.81529,1.84851,1.8184,1.78844,1.81766
3486.0,0.0,1.82446,1.85664,1.82718,1.79686,1.826285
3487.0,0.0,1.82991,1.86078,1.83177,1.80175,1.8310525
3488.0,0.0,1.83046,1.86015,1.83111,1.80237,1.8310225
3489.0,0.0,1.82746,1.85642,1.82712,1.7998,1.8277
3490.0,0.0,1.82408,1.8528,1.82313,1.79676,1.8241924999999999
3491.0,0.0,1.82317,1.85121,1.82172,1.79544,1.822885
3492.0,0.0,1.82444,1.85175,1.82281,1.7958,1.8237
3493.0,0.0,1.82516,1.85194,1.82357,1.79614,1.8242025
3494.0,0.0,1.82292,1.84983,1.82186,1.79424,1.8222125
3495.0,0.0,1.81743,1.8455,1.81746,1.78995,1.817585
3496.0,0.0,1.81071,1.84009,1.81213,1.78444,1.8118425
3497.0,0.0,1.80427,1.83508,1.80747,1.77878,1.8064000000000002
3498.0,0.0,1.79775,1.83013,1.80308,1.77329,1.8010625000000002
3499.0,0.0,1.79049,1.82495,1.79837,1.7674,1.7953025
3500.0,0.0,1.78302,1.81962,1.79327,1.76148,1.7893474999999999
3501.0,0.0,1.77681,1.81485,1.78879,1.75617,1.784155
3502.0,0.0,1.77223,1.8107,1.78507,1.75175,1.7799375
3503.0,0.0,1.76801,1.80635,1.78119,1.74747,1.775755
3504.0,0.0,1.76281,1.80092,1.77604,1.74243,1.7705499999999998
3505.0,0.0,1.7566,1.79427,1.76956,1.73639,1.764205
3506.0,0.0,1.75011,1.78691,1.76239,1.72975,1.75729
3507.0,0.0,1.7436,1.77905,1.75483,1.72276,1.75006
3508.0,0.0,1.73662,1.77049,1.74659,1.71525,1.7422375
3509.0,0.0,1.72869,1.76117,1.73743,1.70703,1.73358
3510.0,0.0,1.72034,1.75188,1.72805,1.69871,1.724745
3511.0,0.0,1.71326,1.74428,1.72023,1.69176,1.7173824999999998
3512.0,0.0,1.70963,1.74053,1.71626,1.68811,1.7136325
3513.0,0.0,1.71102,1.74197,1.71774,1.68915,1.7149699999999999
3514.0,0.0,1.7173,1.74857,1.72472,1.69485,1.72136
3515.0,0.0,1.7265,1.75828,1.73513,1.70358,1.7308724999999998
3516.0,0.0,1.73563,1.7681,1.74572,1.71256,1.7405024999999998
3517.0,0.0,1.74192,1.77466,1.75298,1.71899,1.7471375
3518.0,0.0,1.74364,1.77611,1.75479,1.72091,1.7488625
3519.0,0.0,1.74055,1.77196,1.75069,1.71805,1.7453124999999998
3520.0,0.0,1.73392,1.76376,1.7423,1.71135,1.7378325000000001
3521.0,0.0,1.72571,1.75356,1.73188,1.70279,1.728485
3522.0,0.0,1.71774,1.74387,1.72197,1.69429,1.7194675
3523.0,0.0,1.71142,1.73612,1.71416,1.68748,1.712295
3524.0,0.0,1.70748,1.73193,1.70991,1.6833,1.708155
3525.0,0.0,1.70652,1.73161,1.70968,1.68262,1.7076075
3526.0,0.0,1.70887,1.7354,1.7138,1.68524,1.7108275000000002
3527.0,0.0,1.71388,1.74218,1.72103,1.6908,1.7169725
3528.0,0.0,1.72048,1.75038,1.7298,1.69784,1.724625
3529.0,0.0,1.72721,1.75826,1.73815,1.70496,1.732145
3530.0,0.0,1.73289,1.76472,1.74492,1.711,1.7383825000000002
3531.0,0.0,1.73696,1.76926,1.74965,1.71545,1.7428299999999999
3532.0,0.0,1.73937,1.77223,1.75274,1.71829,1.7456575
3533.0,0.0,1.74054,1.77413,1.75474,1.72006,1.7473675
3534.0,0.0,1.74121,1.77546,1.75626,1.72119,1.74853
3535.0,0.0,1.74168,1.7765,1.75753,1.72201,1.74943
3536.0,0.0,1.74198,1.77738,1.75861,1.72269,1.750165
3537.0,0.0,1.74219,1.77795,1.75945,1.72319,1.750695
3538.0,0.0,1.74231,1.77834,1.76006,1.72347,1.751045
3539.0,0.0,1.74231,1.77843,1.76031,1.72369,1.751185
3540.0,0.0,1.74247,1.7785,1.76052,1.72392,1.7513524999999999
3541.0,0.0,1.74318,1.7791,1.76119,1.72464,1.7520274999999998
3542.0,0.0,1.74486,1.7805,1.7628,1.72613,1.7535724999999998
3543.0,0.0,1.74721,1.7824,1.76507,1.72807,1.7556874999999998
3544.0,0.0,1.74908,1.78389,1.76692,1.7297,1.7573975
3545.0,0.0,1.74952,1.78403,1.76733,1.73018,1.757765
3546.0,0.0,1.74843,1.78248,1.766,1.72912,1.7565075
3547.0,0.0,1.74602,1.77944,1.76314,1.72661,1.7538025
3548.0,0.0,1.74236,1.77494,1.75888,1.72281,1.7497475
3549.0,0.0,1.73737,1.7691,1.75328,1.7177,1.7443625
3550.0,0.0,1.73114,1.76215,1.74647,1.7115,1.737815
3551.0,0.0,1.72428,1.75452,1.73897,1.70462,1.7305975
3552.0,0.0,1.71736,1.747,1.73148,1.69766,1.723375
3553.0,0.0,1.71097,1.74038,1.72484,1.69147,1.716915
3554.0,0.0,1.7061,1.73548,1.71997,1.68674,1.7120725
3555.0,0.0,1.70356,1.73312,1.71769,1.68422,1.7096475
3556.0,0.0,1.70363,1.73301,1.71784,1.68402,1.709625
3557.0,0.0,1.70552,1.73458,1.71975,1.68541,1.7113150000000001
3558.0,0.0,1.70783,1.73656,1.72206,1.68749,1.713485
3559.0,0.0,1.7096,1.73814,1.72398,1.68912,1.7152100000000001
3560.0,0.0,1.7102,1.73854,1.72473,1.68977,1.71581
3561.0,0.0,1.70931,1.73697,1.72356,1.68868,1.7146299999999999
3562.0,0.0,1.70627,1.73286,1.71968,1.68542,1.7110575
3563.0,0.0,1.70099,1.72599,1.71282,1.67985,1.7049125
3564.0,0.0,1.69415,1.71738,1.70408,1.67256,1.6970425
3565.0,0.0,1.68684,1.70805,1.69468,1.66456,1.6885325
3566.0,0.0,1.67945,1.69869,1.68555,1.65622,1.6799775000000001
3567.0,0.0,1.67106,1.68855,1.67575,1.64706,1.670605
3568.0,0.0,1.6601,1.67667,1.66424,1.63604,1.6592625
3569.0,0.0,1.64606,1.66272,1.6503,1.62276,1.64546
3570.0,0.0,1.63019,1.64846,1.63581,1.60851,1.6307425
3571.0,0.0,1.61572,1.63579,1.62302,1.59569,1.617555
3572.0,0.0,1.60545,1.62709,1.61452,1.58602,1.60827
3573.0,0.0,1.59966,1.62208,1.60991,1.58048,1.6030324999999999
3574.0,0.0,1.59707,1.61915,1.60775,1.57734,1.6003275000000001
3575.0,0.0,1.59502,1.61598,1.60516,1.57456,1.59768
3576.0,0.0,1.59125,1.61066,1.60026,1.57019,1.5930900000000001
3577.0,0.0,1.58474,1.60228,1.59199,1.56329,1.585575
3578.0,0.0,1.5759,1.59184,1.58139,1.5542,1.5758325
3579.0,0.0,1.56632,1.58087,1.57017,1.54455,1.5654775
3580.0,0.0,1.55801,1.57142,1.56063,1.53581,1.5564675
3581.0,0.0,1.55179,1.56434,1.55362,1.52917,1.54973
3582.0,0.0,1.54745,1.55927,1.54885,1.52431,1.54497
3583.0,0.0,1.54371,1.55531,1.54512,1.52041,1.5411375
3584.0,0.0,1.53974,1.55174,1.54158,1.51685,1.5374774999999998
3585.0,0.0,1.53594,1.54914,1.5388,1.51395,1.5344574999999998
3586.0,0.0,1.53401,1.54893,1.53838,1.51309,1.5336025
3587.0,0.0,1.53592,1.55275,1.54222,1.5157,1.5366475
3588.0,0.0,1.5423,1.56084,1.55073,1.52241,1.5440699999999998
3589.0,0.0,1.55192,1.57187,1.56249,1.53204,1.55458
3590.0,0.0,1.56214,1.58348,1.57478,1.54248,1.56572
3591.0,0.0,1.57073,1.59371,1.58542,1.55189,1.5754375
3592.0,0.0,1.57724,1.60207,1.59393,1.55955,1.5831975
3593.0,0.0,1.58262,1.60941,1.60133,1.56607,1.5898575
3594.0,0.0,1.58807,1.61676,1.60883,1.57247,1.5965325000000001
3595.0,0.0,1.59404,1.62448,1.61689,1.57923,1.6036599999999999
3596.0,0.0,1.60026,1.63221,1.62506,1.58608,1.6109025000000001
3597.0,0.0,1.60612,1.63909,1.63241,1.59234,1.61749
3598.0,0.0,1.6107,1.64391,1.63778,1.59708,1.6223675
3599.0,0.0,1.61298,1.64545,1.63972,1.59906,1.6243025
3600.0,0.0,1.61173,1.6429,1.63736,1.59755,1.622385
3601.0,0.0,1.60683,1.63622,1.63055,1.59244,1.61651
3602.0,0.0,1.59939,1.62705,1.62105,1.58469,1.6080450000000002
3603.0,0.0,1.59132,1.6173,1.61098,1.57633,1.5989825
3604.0,0.0,1.58449,1.60873,1.60236,1.5687,1.59107
3605.0,0.0,1.57919,1.60193,1.59567,1.56265,1.58486
3606.0,0.0,1.57507,1.59657,1.59047,1.55788,1.5799975
3607.0,0.0,1.57155,1.59253,1.58643,1.55416,1.5761675
3608.0,0.0,1.56889,1.58998,1.58386,1.55172,1.5736124999999999
3609.0,0.0,1.56791,1.58967,1.5836,1.55098,1.57304
3610.0,0.0,1.56893,1.59188,1.586,1.55245,1.574815
3611.0,0.0,1.57179,1.59606,1.59059,1.55576,1.5785500000000001
3612.0,0.0,1.57575,1.60128,1.59625,1.5601,1.583345
3613.0,0.0,1.57985,1.60624,1.60172,1.56457,1.588095
3614.0,0.0,1.58331,1.60968,1.60558,1.56798,1.5916375
3615.0,0.0,1.58513,1.61077,1.60693,1.56957,1.5931
3616.0,0.0,1.58499,1.60946,1.60542,1.5692,1.5922675000000002
3617.0,0.0,1.58374,1.60741,1.60295,1.56797,1.5905175
3618.0,0.0,1.58363,1.60709,1.60217,1.56805,1.5902349999999998
3619.0,0.0,1.5871,1.61119,1.60618,1.57146,1.5939825
3620.0,0.0,1.59479,1.62016,1.61555,1.57927,1.6024425
3621.0,0.0,1.6055,1.63256,1.62876,1.59009,1.6142275
3622.0,0.0,1.61661,1.64601,1.64291,1.60191,1.6268600000000002
3623.0,0.0,1.62623,1.65825,1.65578,1.61283,1.6382725
3624.0,0.0,1.63378,1.66815,1.66624,1.62166,1.6474575
3625.0,0.0,1.63909,1.67489,1.67364,1.62777,1.6538475
3626.0,0.0,1.64143,1.67723,1.67659,1.63026,1.6563775
3627.0,0.0,1.63934,1.67372,1.67356,1.62794,1.65364
3628.0,0.0,1.63195,1.66382,1.66356,1.62003,1.6448399999999999
3629.0,0.0,1.61969,1.64881,1.6481,1.60732,1.63098
3630.0,0.0,1.6046,1.6312,1.62976,1.59187,1.6143575000000001
3631.0,0.0,1.5893,1.61443,1.61248,1.57633,1.598135
3632.0,0.0,1.576,1.6009,1.59862,1.56327,1.5846975
3633.0,0.0,1.5662,1.59201,1.58992,1.55391,1.57551
3634.0,0.0,1.56033,1.588,1.58606,1.54878,1.5707925
3635.0,0.0,1.55855,1.58868,1.58704,1.54795,1.5705550000000001
3636.0,0.0,1.56083,1.59328,1.59206,1.55121,1.574345
3637.0,0.0,1.56691,1.60104,1.60045,1.55745,1.5814625
3638.0,0.0,1.57499,1.61,1.61012,1.56541,1.59013
3639.0,0.0,1.58243,1.61718,1.61817,1.57247,1.5975625
3640.0,0.0,1.58622,1.62,1.62158,1.57583,1.6009075
3641.0,0.0,1.58445,1.61692,1.61867,1.57391,1.5984874999999998
3642.0,0.0,1.57704,1.60807,1.60962,1.56669,1.5903549999999997
3643.0,0.0,1.5658,1.5953,1.59645,1.55556,1.5782775
3644.0,0.0,1.55316,1.58099,1.58185,1.54272,1.56468
3645.0,0.0,1.54098,1.56695,1.56773,1.52982,1.5513700000000001
3646.0,0.0,1.52947,1.55388,1.55476,1.51757,1.53892
3647.0,0.0,1.5174,1.54128,1.54257,1.50559,1.52671
3648.0,0.0,1.50439,1.52972,1.53072,1.49338,1.5145525000000002
3649.0,0.0,1.49145,1.52054,1.52153,1.483,1.50413
3650.0,0.0,1.48179,1.51509,1.51622,1.47596,1.4972649999999998
3651.0,0.0,1.47792,1.5155,1.51717,1.47339,1.495995
3652.0,0.0,1.47922,1.52038,1.52269,1.47615,1.49961
3653.0,0.0,1.48398,1.52765,1.53083,1.48165,1.5060275
3654.0,0.0,1.48953,1.53577,1.5394,1.48824,1.513235
3655.0,0.0,1.49509,1.54354,1.54755,1.49486,1.52026
3656.0,0.0,1.50028,1.55065,1.55506,1.50095,1.526735
3657.0,0.0,1.50468,1.55639,1.56133,1.506,1.5321
3658.0,0.0,1.50732,1.55968,1.56513,1.50901,1.535285
3659.0,0.0,1.50713,1.55955,1.56531,1.50909,1.5352700000000001
3660.0,0.0,1.50359,1.55548,1.56135,1.50584,1.531565
3661.0,0.0,1.49724,1.54826,1.55393,1.4996,1.5247575
3662.0,0.0,1.48945,1.53955,1.54488,1.49184,1.51643
3663.0,0.0,1.48192,1.53092,1.53614,1.48416,1.508285
3664.0,0.0,1.47566,1.52345,1.52879,1.47732,1.501305
3665.0,0.0,1.4705,1.51718,1.52268,1.47149,1.4954625000000001
3666.0,0.0,1.46562,1.5113,1.51693,1.46627,1.49003
3667.0,0.0,1.46075,1.50575,1.51127,1.46133,1.484775
3668.0,0.0,1.45678,1.50169,1.50684,1.45742,1.4806825000000001
3669.0,0.0,1.45519,1.5004,1.50548,1.45599,1.4792649999999998
3670.0,0.0,1.45668,1.50227,1.50781,1.4574,1.48104
3671.0,0.0,1.46026,1.50633,1.51258,1.46063,1.48495
3672.0,0.0,1.46357,1.51,1.51699,1.46385,1.4886025
3673.0,0.0,1.46431,1.51047,1.51813,1.4647,1.4894025
3674.0,0.0,1.46113,1.50628,1.51426,1.46143,1.485775
3675.0,0.0,1.45377,1.4973,1.50512,1.45384,1.4775075000000002
3676.0,0.0,1.44304,1.48455,1.49188,1.44294,1.4656025000000001
3677.0,0.0,1.43086,1.47034,1.47702,1.43053,1.4521875000000002
3678.0,0.0,1.41993,1.45787,1.46385,1.41917,1.440205
3679.0,0.0,1.41267,1.44961,1.45531,1.4114,1.4322475
3680.0,0.0,1.41003,1.44628,1.45228,1.40802,1.4291524999999998
3681.0,0.0,1.41088,1.44667,1.45339,1.40798,1.42973
3682.0,0.0,1.41248,1.44777,1.45532,1.40897,1.4311349999999998
3683.0,0.0,1.41198,1.44657,1.45463,1.40822,1.43035
3684.0,0.0,1.408,1.44196,1.44988,1.40443,1.4260674999999998
3685.0,0.0,1.40157,1.43527,1.44248,1.39862,1.419485
3686.0,0.0,1.39585,1.42998,1.43635,1.39362,1.41395
3687.0,0.0,1.39441,1.42977,1.43581,1.39272,1.4131775
3688.0,0.0,1.39905,1.43618,1.44274,1.39753,1.4188749999999999
3689.0,0.0,1.40832,1.44738,1.45526,1.40674,1.429425
3690.0,0.0,1.41797,1.45869,1.46813,1.41655,1.440335
3691.0,0.0,1.42321,1.46525,1.47571,1.42246,1.4466575000000002
3692.0,2.47754,1.42142,1.46461,1.47517,1.42205,1.4458125000000002
3693.0,2.47712,1.41364,1.45796,1.46787,1.41604,1.4388775
3694.0,2.47673,1.40373,1.44928,1.45837,1.4077,1.42977
3695.0,2.47638,1.39589,1.44281,1.45147,1.40094,1.4227775
3696.0,2.47608,1.39265,1.44106,1.44977,1.3981,1.420395
3697.0,2.47581,1.39407,1.44367,1.45308,1.39943,1.4225625
3698.0,2.47559,1.39768,1.44723,1.458,1.40248,1.4263474999999999
3699.0,2.47538,1.3989,1.44682,1.45902,1.4024,1.426785
3700.0,2.47522,1.39201,1.43746,1.45042,1.39461,1.418625
3701.0,2.4751,1.37359,1.41677,1.42915,1.37669,1.39905
3702.0,2.47502,1.34611,1.38794,1.39835,1.35078,1.370795
3703.0,2.47495,1.31803,1.35873,1.36666,1.32398,1.3418499999999998
3704.0,2.47493,1.29932,1.33756,1.3438,1.30438,1.3212650000000001
3705.0,2.47492,1.2949,1.32901,1.33496,1.29654,1.3138525
3706.0,2.47495,1.30215,1.33192,1.3385,1.29952,1.3180225
3707.0,2.47501,1.31404,1.34139,1.34871,1.30872,1.328215
3708.0,2.47509,1.32469,1.35275,1.36053,1.31943,1.33935
3709.0,2.4752,1.33251,1.36428,1.37228,1.32946,1.3496325
3710.0,2.47532,1.33944,1.37692,1.38489,1.3394,1.3601625
3711.0,2.47549,1.34833,1.39163,1.39983,1.35117,1.3727399999999998
3712.0,2.47566,1.36058,1.40762,1.4167,1.36513,1.3875075000000001
3713.0,2.47585,1.37504,1.42271,1.43295,1.37911,1.4024524999999999
3714.0,2.47607,1.3878,1.43295,1.44425,1.38988,1.4137199999999999
3715.0,2.47629,1.39356,1.43336,1.44548,1.39311,1.4163775
3716.0,2.47655,1.38782,1.42086,1.43317,1.38486,1.4066774999999998
3717.0,2.47682,1.36878,1.39552,1.40699,1.36428,1.3838925000000002
3718.0,2.4771,1.33881,1.36117,1.37074,1.33431,1.3512575
3719.0,2.47734,1.30478,1.32558,1.33256,1.30155,1.3161175
3720.0,2.47796,1.27662,1.29834,1.30294,1.27499,1.2882225
3721.0,2.47713,1.26357,1.28721,1.29065,1.26246,1.2759725
3722.0,2.4751,1.26955,1.29473,1.29862,1.26712,1.282505
3723.0,2.79624,1.29095,1.31668,1.32228,1.28607,1.303995
3724.0,7.56562,1.31875,1.34432,1.35192,1.31169,1.33167
3725.0,17.90815,1.34369,1.36914,1.37795,1.33562,1.3566000000000003
3726.0,23.20838,1.36043,1.38585,1.39504,1.35259,1.3734775000000001
3727.0,23.96183,1.36806,1.39271,1.40207,1.36069,1.3808825
3728.0,28.76743,1.36726,1.39002,1.39969,1.3596,1.3791425
3729.0,27.04087,1.35757,1.37758,1.38758,1.34921,1.367985
3730.0,12.95526,1.33755,1.35456,1.36453,1.32907,1.3464274999999999
3731.0,2.95482,1.30752,1.32233,1.33132,1.29993,1.315275
3732.0,1.54267,1.27214,1.2864,1.2932,1.26631,1.2795124999999998
3733.0,1.6729,1.2403,1.25506,1.25939,1.23629,1.24776
3734.0,1.798,1.22166,1.23699,1.23947,1.21808,1.22905
3735.0,1.54476,1.22231,1.23789,1.23971,1.21714,1.2292625
3736.0,1.26364,1.24197,1.25751,1.25994,1.23412,1.248385
3737.0,1.12537,1.27482,1.29025,1.2943,1.26422,1.2808975
3738.0,1.12187,1.31217,1.32778,1.33387,1.29955,1.3183425
3739.0,1.2735,1.34549,1.36137,1.36933,1.33196,1.3520374999999998
3740.0,1.31824,1.36839,1.38413,1.39331,1.35489,1.37518
3741.0,1.2313,1.37758,1.39242,1.40196,1.36463,1.3841475
3742.0,1.24447,1.37298,1.38603,1.39522,1.36072,1.3787375
3743.0,1.35041,1.35688,1.36741,1.37586,1.34503,1.3612950000000001
3744.0,1.32066,1.33241,1.34022,1.34787,1.32061,1.3352775000000001
3745.0,1.14591,1.30221,1.30775,1.31471,1.29057,1.30381
3746.0,1.07995,1.26845,1.27318,1.27927,1.25768,1.269645
3747.0,1.19064,1.23439,1.24082,1.24551,1.22565,1.2365925
3748.0,1.2566,1.20581,1.21638,1.21937,1.20006,1.210405
3749.0,1.743,1.19008,1.20573,1.20765,1.18694,1.1976
3750.0,1.851,1.19233,1.21226,1.21449,1.18991,1.2022475
3751.0,1.5471,1.21162,1.23429,1.23803,1.20791,1.2229625
3752.0,1.28507,1.2407,1.26491,1.27058,1.23517,1.25284
3753.0,1.17244,1.26999,1.29476,1.30229,1.26351,1.2826375
3754.0,1.194,1.29198,1.3164,1.32513,1.28537,1.30472
3755.0,1.22487,1.30329,1.32691,1.33555,1.29692,1.3156675
3756.0,1.21943,1.30458,1.32711,1.33465,1.29894,1.31632
3757.0,1.26916,1.29966,1.32116,1.32698,1.29497,1.3106925
3758.0,1.22865,1.29443,1.3155,1.31969,1.29027,1.3049724999999999
3759.0,1.2658,1.29441,1.31488,1.31855,1.28994,1.304445
3760.0,1.16362,1.30147,1.32055,1.32466,1.29537,1.3105125
3761.0,1.15636,1.31312,1.33022,1.33534,1.30459,1.3208175
3762.0,1.29686,1.32394,1.33871,1.34493,1.31364,1.330305
3763.0,1.24267,1.32895,1.34143,1.34857,1.31774,1.3341725
3764.0,1.24686,1.32533,1.3364,1.34404,1.31393,1.329925
3765.0,1.22713,1.3123,1.32335,1.3309,1.30182,1.3170925
3766.0,1.12499,1.29068,1.30323,1.31047,1.28243,1.2967025
3767.0,1.05748,1.26295,1.27889,1.28556,1.25802,1.271355
3768.0,1.13276,1.2337,1.25534,1.26077,1.23289,1.245675
3769.0,1.53942,1.20979,1.23825,1.24227,1.21332,1.2259075
3770.0,2.02806,1.19844,1.23241,1.2357,1.20493,1.21787
3771.0,1.91,1.204,1.2409,1.24427,1.21055,1.22493
3772.0,1.43076,1.22562,1.26291,1.2669,1.22988,1.2463275
3773.0,1.1361,1.25778,1.29342,1.2983,1.25913,1.2771575
3774.0,1.06415,1.29352,1.32663,1.33243,1.29224,1.311205
3775.0,1.1766,1.32738,1.35844,1.36484,1.3242,1.3437150000000002
3776.0,1.29746,1.3564,1.38643,1.39298,1.35242,1.3720575
3777.0,1.30582,1.37975,1.40962,1.41622,1.37591,1.395375
3778.0,1.2024,1.39791,1.42812,1.43489,1.3946,1.4138800000000002
3779.0,1.30669,1.41163,1.44244,1.44942,1.40885,1.428085
3780.0,1.13776,1.42139,1.45266,1.45984,1.41903,1.4382300000000001
3781.0,1.29713,1.42717,1.4583,1.46572,1.42507,1.444065
3782.0,1.32291,1.42865,1.45865,1.46636,1.42642,1.44502
3783.0,1.33466,1.42526,1.45315,1.46097,1.42241,1.4404475
3784.0,1.29516,1.41656,1.44164,1.44909,1.41288,1.4300424999999999
3785.0,1.29686,1.40292,1.42472,1.43144,1.39843,1.4143775
3786.0,1.27711,1.3858,1.40418,1.41006,1.3805,1.3951349999999998
3787.0,1.27008,1.36721,1.38264,1.38781,1.36098,1.37466
3788.0,1.30211,1.34876,1.36217,1.3669,1.34171,1.3548850000000001
3789.0,1.25985,1.33112,1.34334,1.34806,1.32359,1.3365275
3790.0,1.25942,1.31402,1.32524,1.3305,1.30611,1.3189675
3791.0,1.23388,1.29597,1.3058,1.31192,1.2874,1.3002725
3792.0,1.28272,1.27425,1.28227,1.28913,1.2649,1.2776375
3793.0,1.24801,1.24564,1.25211,1.25924,1.23634,1.2483325
3794.0,1.09922,1.20878,1.21511,1.22167,1.20111,1.2116675
3795.0,1.14121,1.16666,1.17544,1.18022,1.16224,1.17114
3796.0,1.54346,1.12772,1.14117,1.1434,1.12737,1.134915
3797.0,2.23023,1.10339,1.12147,1.12158,1.10602,1.113115
3798.0,2.35885,1.10278,1.1234,1.12278,1.10526,1.1135549999999999
3799.0,1.78664,1.12765,1.14824,1.14852,1.12668,1.1377725
3800.0,1.19699,1.171,1.18985,1.19207,1.16537,1.1795725000000001
3801.0,1.22997,1.22101,1.2377,1.24214,1.21167,1.22813
3802.0,1.20999,1.26661,1.28182,1.28804,1.25546,1.2729825
3803.0,1.18333,1.30125,1.31601,1.32302,1.29009,1.3075925
3804.0,1.4212,1.3235,1.33857,1.34529,1.31346,1.330205
3805.0,1.15879,1.33572,1.35135,1.35721,1.32722,1.3428750000000003
3806.0,1.34055,1.34206,1.35804,1.36311,1.33479,1.3495
3807.0,1.36667,1.34632,1.36228,1.367,1.33948,1.35377
3808.0,1.22322,1.35024,1.36583,1.37075,1.34308,1.357475
3809.0,1.26351,1.35314,1.36797,1.37339,1.34542,1.35998
3810.0,1.35425,1.35309,1.36669,1.37251,1.34489,1.359295
3811.0,1.18448,1.34858,1.36059,1.36638,1.34007,1.353905
3812.0,1.21675,1.33969,1.3497,1.35501,1.33087,1.3438174999999999
3813.0,1.32857,1.3278,1.33544,1.34003,1.31842,1.3304225
3814.0,1.29373,1.31453,1.31965,1.3237,1.30428,1.31554
3815.0,1.26822,1.30071,1.30343,1.30737,1.2895,1.3002525
3816.0,1.29014,1.28613,1.28715,1.29105,1.27429,1.2846549999999999
3817.0,1.24717,1.27079,1.27144,1.27492,1.25909,1.26906
3818.0,1.32907,1.2565,1.25776,1.2605,1.24568,1.25511
3819.0,1.43591,1.24676,1.2483,1.25044,1.23649,1.2454975
3820.0,1.4309,1.24446,1.24508,1.24718,1.23324,1.24249
3821.0,1.29945,1.24922,1.24775,1.25034,1.23563,1.245735
3822.0,1.24077,1.25698,1.25291,1.25608,1.241,1.2517425000000002
3823.0,1.30204,1.26277,1.25641,1.25992,1.24543,1.2561324999999999
3824.0,1.29913,1.26383,1.25592,1.25939,1.24618,1.25633
3825.0,1.29324,1.26026,1.2515,1.25469,1.24281,1.2523149999999998
3826.0,1.20872,1.25352,1.24419,1.24724,1.23616,1.2452774999999998
3827.0,1.19053,1.24427,1.23422,1.23756,1.22673,1.235695
3828.0,1.11868,1.23142,1.22033,1.22436,1.21352,1.2224074999999999
3829.0,1.07452,1.21241,1.20019,1.20502,1.19438,1.203
3830.0,1.10496,1.18451,1.17174,1.17701,1.16717,1.1751075000000002
3831.0,1.14668,1.14671,1.13492,1.13976,1.13147,1.138215
3832.0,1.14479,1.10166,1.09323,1.09653,1.0902,1.095405
3833.0,1.30305,1.05686,1.0538,1.0549,1.05013,1.0539225
3834.0,2.19716,1.02298,1.0253,1.02448,1.02004,1.0232
3835.0,3.00344,1.00937,1.01485,1.01307,1.00724,1.0111325
3836.0,2.54274,1.01942,1.02484,1.02327,1.01465,1.0205449999999998
3837.0,1.50714,1.04916,1.05183,1.05125,1.03978,1.048005
3838.0,1.12581,1.08989,1.08886,1.0894,1.07609,1.08606
3839.0,1.15804,1.13294,1.12906,1.13057,1.11623,1.1272
3840.0,1.18858,1.17273,1.16764,1.16988,1.1548,1.1662625
3841.0,1.05711,1.20666,1.20189,1.20466,1.18881,1.200505
3842.0,1.2188,1.23395,1.23043,1.23363,1.21691,1.22873
3843.0,1.26582,1.25447,1.25245,1.25596,1.2386,1.25037
3844.0,1.21364,1.2685,1.26774,1.27139,1.25391,1.2653850000000002
3845.0,1.25338,1.27691,1.27689,1.28057,1.26337,1.274435
3846.0,1.27139,1.28082,1.28103,1.28461,1.26798,1.27861
3847.0,1.25843,1.28142,1.28159,1.28487,1.26902,1.279225
3848.0,1.25137,1.27999,1.28005,1.28299,1.26793,1.2777399999999999
3849.0,1.28703,1.2779,1.27767,1.28046,1.26606,1.2755225000000001
3850.0,1.28339,1.27617,1.27539,1.27826,1.26415,1.2734925000000001
3851.0,1.27649,1.27481,1.27335,1.2765,1.26227,1.2717325000000002
3852.0,1.30104,1.27287,1.2706,1.2741,1.2598,1.2693425
3853.0,1.26525,1.26906,1.26589,1.26953,1.25575,1.2650575000000002
3854.0,1.3282,1.26284,1.2588,1.26233,1.24955,1.2583799999999998
3855.0,1.34639,1.25486,1.25004,1.25323,1.24163,1.24994
3856.0,1.33358,1.24646,1.24096,1.24363,1.23324,1.2410725
3857.0,1.21945,1.23922,1.23329,1.23537,1.22594,1.233455
3858.0,1.21529,1.23466,1.22863,1.23025,1.22129,1.2287075
3859.0,1.19625,1.23383,1.22799,1.22949,1.22034,1.2279125
3860.0,1.20723,1.23692,1.23145,1.23329,1.22317,1.2312075
3861.0,1.32342,1.24276,1.23787,1.24038,1.22869,1.237425
3862.0,1.28356,1.24912,1.24494,1.24814,1.23496,1.2442900000000001
3863.0,1.21566,1.25368,1.25021,1.25388,1.23989,1.249415
3864.0,1.32322,1.25523,1.25225,1.25605,1.24208,1.2514025000000002
3865.0,1.36073,1.25394,1.25113,1.2548,1.24135,1.250305
3866.0,1.92419,1.25086,1.24773,1.25124,1.23847,1.2470750000000002
3867.0,5.4079,1.24691,1.24291,1.2463,1.2343,1.242605
3868.0,11.18059,1.24238,1.23734,1.2405,1.22936,1.237395
3869.0,12.11265,1.23743,1.23171,1.23443,1.22419,1.23194
3870.0,5.93232,1.2327,1.22698,1.22909,1.21967,1.22711
3871.0,2.03666,1.2295,1.22434,1.226,1.21691,1.2241875
3872.0,1.27651,1.229,1.22456,1.22618,1.21658,1.2240800000000003
3873.0,1.27734,1.23093,1.22709,1.22909,1.21832,1.2263575000000002
3874.0,1.23433,1.23349,1.22991,1.23248,1.2206,1.22912
3875.0,1.18774,1.23433,1.23058,1.23347,1.22135,1.2299324999999999
3876.0,1.18098,1.23198,1.22775,1.23059,1.21921,1.2273825
3877.0,1.2128,1.22673,1.22166,1.22429,1.21415,1.2217075
3878.0,1.16288,1.21968,1.21359,1.21598,1.20697,1.214055
3879.0,1.11027,1.21161,1.20469,1.20698,1.19855,1.2054575
3880.0,1.1047,1.20242,1.19501,1.19755,1.18909,1.1960175
3881.0,1.1274,1.19107,1.18316,1.18638,1.17766,1.1845675
3882.0,1.15352,1.17562,1.16701,1.17108,1.16212,1.1689575
3883.0,1.10129,1.15339,1.14439,1.14908,1.14009,1.1467375
3884.0,1.06598,1.12213,1.11389,1.11858,1.11021,1.1162025
3885.0,1.11335,1.08222,1.0767,1.08025,1.07347,1.07816
3886.0,1.19897,1.03852,1.03851,1.03976,1.03476,1.0378875
3887.0,2.6205,1.00117,1.00856,1.00738,1.00277,1.00497
3888.0,5.05962,0.98185,0.99605,0.99332,0.98692,0.9895349999999999
3889.0,5.53415,0.98795,1.00617,1.00335,0.99302,0.9976225
3890.0,3.34138,1.01881,1.03745,1.03606,1.02041,1.0281825
3891.0,1.39852,1.06558,1.08185,1.08265,1.06231,1.0730975
3892.0,1.01507,1.1158,1.12864,1.13123,1.10863,1.121075
3893.0,1.11453,1.15946,1.16931,1.17284,1.15039,1.163
3894.0,1.08204,1.19218,1.20001,1.20374,1.18282,1.1946875000000001
3895.0,1.08189,1.21429,1.22094,1.2243,1.20536,1.2162225
3896.0,1.10412,1.22825,1.23437,1.23713,1.21993,1.2299200000000001
3897.0,1.08055,1.23683,1.24278,1.24507,1.22905,1.2384325
3898.0,1.14623,1.2421,1.2479,1.24997,1.23483,1.2437
3899.0,1.13927,1.24557,1.25103,1.25301,1.23854,1.2470374999999998
3900.0,1.14669,1.24801,1.25307,1.25505,1.24084,1.2492424999999998
3901.0,1.23527,1.24949,1.25417,1.25625,1.24213,1.25051
3902.0,1.13016,1.24985,1.25414,1.2561,1.24244,1.2506325
3903.0,1.14859,1.24919,1.2534,1.25491,1.24206,1.2498900000000002
3904.0,1.14664,1.24867,1.25336,1.25441,1.24201,1.2496125
3905.0,1.16402,1.25,1.25556,1.25635,1.24378,1.2514225
3906.0,1.1642,1.25418,1.26088,1.26176,1.24831,1.2562825
3907.0,1.25784,1.26108,1.26917,1.27052,1.25538,1.2640375
3908.0,1.28148,1.26919,1.27888,1.28091,1.26379,1.2731925
3909.0,1.19062,1.27656,1.28792,1.29054,1.2719,1.28173
3910.0,1.26946,1.28195,1.29474,1.29774,1.27824,1.2881675000000001
3911.0,1.35896,1.28502,1.29879,1.30198,1.28212,1.2919774999999998
3912.0,1.15005,1.28593,1.30003,1.30331,1.28343,1.293175
3913.0,1.20389,1.28471,1.29829,1.3016,1.28211,1.2916775
3914.0,1.16621,1.28085,1.29316,1.29649,1.27784,1.287085
3915.0,1.1753,1.27373,1.28419,1.28752,1.27014,1.278895
3916.0,1.14304,1.26292,1.27119,1.27437,1.25867,1.2667875
3917.0,1.23761,1.24848,1.25459,1.25741,1.24371,1.2510475
3918.0,1.25475,1.23137,1.2356,1.2379,1.22627,1.2327849999999998
3919.0,1.14697,1.21334,1.21607,1.21776,1.20808,1.2138125
3920.0,1.11492,1.19662,1.19832,1.19942,1.1912,1.19639
3921.0,1.20877,1.18323,1.18434,1.18516,1.17752,1.1825625
3922.0,1.20129,1.17444,1.17496,1.17587,1.16807,1.173335
3923.0,1.14016,1.16992,1.16946,1.17068,1.16252,1.168145
3924.0,1.15414,1.1681,1.16605,1.16761,1.15938,1.165285
3925.0,1.16212,1.1669,1.16252,1.16422,1.15665,1.1625725
3926.0,1.22662,1.16438,1.15709,1.15855,1.1527,1.15818
3927.0,1.13925,1.15967,1.14918,1.15002,1.14665,1.15138
3928.0,1.11592,1.15293,1.13923,1.13922,1.13856,1.142485
3929.0,1.12374,1.14471,1.12814,1.12718,1.12914,1.1322925000000001
3930.0,1.12804,1.13576,1.11689,1.11494,1.1192,1.1216975
3931.0,1.12496,1.12678,1.10655,1.10354,1.1097,1.1116424999999999
3932.0,1.05767,1.11883,1.09836,1.09438,1.10183,1.1033499999999998
3933.0,1.08747,1.11368,1.09383,1.08919,1.09709,1.0984475
3934.0,1.09303,1.11312,1.09435,1.08951,1.09693,1.0984775
3935.0,1.11952,1.11814,1.10065,1.09621,1.10205,1.1042625
3936.0,1.14579,1.12824,1.11205,1.10862,1.11197,1.1152199999999999
3937.0,1.12956,1.14131,1.12642,1.12432,1.12497,1.1292550000000001
3938.0,1.17396,1.15451,1.14093,1.14012,1.13848,1.14351
3939.0,1.16871,1.16535,1.15314,1.15334,1.15004,1.1554675
3940.0,1.17597,1.17247,1.1617,1.16237,1.15821,1.1636875
3941.0,1.16579,1.17585,1.16672,1.16729,1.163,1.168215
3942.0,1.09111,1.17691,1.16969,1.1699,1.1657,1.17055
3943.0,1.18798,1.178,1.17276,1.17273,1.16823,1.17293
3944.0,1.17181,1.18102,1.17776,1.17766,1.17225,1.1771725
3945.0,1.19495,1.18654,1.1854,1.18543,1.17849,1.183965
3946.0,1.20736,1.19402,1.19508,1.19545,1.18666,1.1928025
3947.0,1.13392,1.20234,1.2054,1.20615,1.19586,1.2024375
3948.0,1.14265,1.21053,1.2152,1.21621,1.20492,1.2117149999999999
3949.0,1.22706,1.21786,1.22379,1.22501,1.21282,1.21987
3950.0,1.19908,1.2235,1.23047,1.23191,1.21891,1.2261975
3951.0,1.19816,1.22671,1.23445,1.23607,1.22275,1.2299950000000002
3952.0,1.1972,1.22729,1.23541,1.23706,1.224,1.23094
3953.0,1.11023,1.22559,1.23375,1.23533,1.2227,1.2293425
3954.0,1.1404,1.22213,1.22992,1.23152,1.21922,1.2256974999999999
3955.0,1.11703,1.21706,1.2238,1.22555,1.21379,1.22005
3956.0,1.11892,1.20992,1.21472,1.21675,1.20593,1.21183
3957.0,1.15516,1.19972,1.20183,1.20416,1.19455,1.200065
3958.0,1.13787,1.18498,1.18423,1.18663,1.17861,1.1836125
3959.0,1.11733,1.16481,1.16141,1.16359,1.15779,1.1619000000000002
3960.0,1.1315,1.14013,1.13407,1.13572,1.1328,1.13568
3961.0,1.09446,1.11323,1.10417,1.10519,1.10526,1.1069624999999998
3962.0,1.03901,1.08618,1.0737,1.07447,1.07669,1.07776
3963.0,1.12314,1.05912,1.04283,1.04389,1.04731,1.0482874999999998
3964.0,1.21227,1.02949,1.00964,1.01107,1.01566,1.0164650000000002
3965.0,1.44547,0.9941,0.97212,0.97337,0.97971,0.979825
3966.0,2.83389,0.95216,0.93072,0.93084,0.93929,0.9382524999999999
3967.0,4.08297,0.90731,0.88963,0.88777,0.89812,0.8957075
3968.0,4.56645,0.8682,0.85637,0.85225,0.86354,0.8600899999999999
3969.0,4.93353,0.84556,0.83942,0.83356,0.84405,0.8406475
3970.0,4.97797,0.84731,0.84479,0.83841,0.8459,0.8441025
3971.0,3.58983,0.87455,0.8729,0.86746,0.87019,0.871275
3972.0,1.4596,0.92091,0.91818,0.91456,0.91232,0.9164925000000002
3973.0,1.01278,0.97585,0.97179,0.97,0.96403,0.9704175
3974.0,1.06422,1.02972,1.0255,1.0251,1.01678,1.024275
3975.0,1.01722,1.07684,1.07403,1.07451,1.06466,1.07251
3976.0,1.05976,1.11537,1.11509,1.11604,1.10508,1.112895
3977.0,1.15189,1.14571,1.14834,1.14958,1.13768,1.1453275
3978.0,1.09547,1.16894,1.17424,1.1757,1.16294,1.170455
3979.0,1.11652,1.18579,1.19336,1.19492,1.18156,1.1889075
3980.0,1.15188,1.19695,1.20644,1.20788,1.19442,1.2014225
3981.0,1.11955,1.20371,1.21483,1.21592,1.20276,1.209305
3982.0,1.07568,1.20796,1.22049,1.22114,1.20837,1.21449
3983.0,1.0721,1.21179,1.2255,1.22585,1.21309,1.2190575000000001
3984.0,1.10869,1.21653,1.23121,1.23157,1.21828,1.2243974999999998
3985.0,1.16078,1.22234,1.23781,1.23845,1.22426,1.230715
3986.0,1.12981,1.2284,1.2445,1.24548,1.23043,1.2372025
3987.0,1.11673,1.23349,1.25026,1.25149,1.23587,1.2427774999999999
3988.0,1.10574,1.23697,1.25444,1.25584,1.2399,1.2467875
3989.0,1.12348,1.23891,1.25697,1.25843,1.24241,1.24918
3990.0,1.1068,1.23972,1.25814,1.25963,1.24369,1.250295
3991.0,1.13066,1.23981,1.25831,1.25993,1.24392,1.2504925
3992.0,1.16058,1.23899,1.25736,1.25915,1.24304,1.249635
3993.0,1.12806,1.23674,1.25495,1.2567,1.24085,1.2473100000000001
3994.0,1.07394,1.23303,1.25123,1.2526,1.23748,1.243585
3995.0,1.09702,1.22881,1.24738,1.24816,1.23389,1.23956
3996.0,1.13559,1.22597,1.24527,1.24559,1.23165,1.23712
3997.0,1.10904,1.22628,1.24642,1.2466,1.2322,1.237875
3998.0,1.1737,1.23008,1.25101,1.25155,1.23592,1.24214
3999.0,1.10073,1.23605,1.25751,1.25892,1.24157,1.2485125000000001
4000.0,1.18773,1.24149,1.26304,1.26542,1.2466,1.2541375
4001.0,1.1069,1.24331,1.26455,1.26745,1.24836,1.2559175
4002.0,1.11843,1.23978,1.26059,1.26334,1.24532,1.2522575
4003.0,1.17392,1.23164,1.25206,1.25415,1.23795,1.24395
4004.0,1.12606,1.22178,1.24184,1.24296,1.22875,1.2338325
4005.0,1.10543,1.21379,1.23358,1.23385,1.22104,1.225565
4006.0,1.06036,1.21041,1.23021,1.23022,1.21739,1.2220575
4007.0,1.11818,1.21221,1.23242,1.23282,1.21858,1.2240075000000001
4008.0,1.09142,1.2176,1.23862,1.23968,1.22363,1.2298825
4009.0,1.05268,1.22432,1.24643,1.24801,1.23062,1.237345
4010.0,1.09845,1.23092,1.25413,1.25601,1.23781,1.2447175000000001
4011.0,1.12656,1.23682,1.26094,1.26296,1.24428,1.25125
4012.0,1.09726,1.24184,1.2666,1.2687,1.2497,1.25671
4013.0,1.07973,1.24581,1.27098,1.2731,1.25395,1.26096
4014.0,1.11355,1.24844,1.27389,1.27601,1.25685,1.2637975000000001
4015.0,1.15709,1.24955,1.27528,1.27742,1.25832,1.2651425
4016.0,1.15489,1.24938,1.27523,1.27744,1.25841,1.265115
4017.0,1.17068,1.2481,1.27379,1.27611,1.2572,1.2638
4018.0,1.17802,1.24551,1.27072,1.27336,1.25443,1.2610050000000002
4019.0,1.1266,1.24074,1.26518,1.26834,1.24924,1.255875
4020.0,1.07907,1.23217,1.25582,1.25938,1.24035,1.24693
4021.0,1.09056,1.21828,1.24177,1.24523,1.2269,1.2330450000000002
4022.0,1.07271,1.19912,1.2238,1.22663,1.20931,1.214715
4023.0,1.05332,1.17734,1.20466,1.20657,1.19003,1.19465
4024.0,1.12116,1.15795,1.18847,1.1895,1.17317,1.1772725
4025.0,1.27894,1.14641,1.17898,1.17963,1.16272,1.1669349999999998
4026.0,1.40558,1.14539,1.17749,1.17852,1.16039,1.1654475
4027.0,1.32266,1.15273,1.18156,1.18355,1.16432,1.1705400000000001
4028.0,1.14796,1.16231,1.18611,1.1889,1.16998,1.176825
4029.0,1.09723,1.16795,1.18657,1.18924,1.17289,1.1791625
4030.0,1.04304,1.16733,1.18198,1.1835,1.1713,1.1760275
4031.0,1.07294,1.16291,1.17541,1.17541,1.16703,1.1701900000000003
4032.0,1.12762,1.15975,1.1718,1.17067,1.16417,1.1665975
4033.0,1.0734,1.16209,1.175,1.17349,1.1666,1.169295
4034.0,1.10108,1.17146,1.18602,1.18497,1.17592,1.1795925
4035.0,1.14527,1.18644,1.20294,1.20301,1.19076,1.1957875
4036.0,1.0782,1.20322,1.22159,1.22303,1.20756,1.2138499999999999
4037.0,1.0143,1.21731,1.23724,1.23982,1.22215,1.22913
4038.0,1.05574,1.2254,1.24628,1.24954,1.23119,1.2381025
4039.0,1.06556,1.2264,1.24721,1.25064,1.23306,1.2393275
4040.0,1.08004,1.22086,1.24032,1.24355,1.22776,1.2331225
4041.0,1.14607,1.20979,1.22688,1.22961,1.21628,1.22064
4042.0,1.13652,1.1944,1.2088,1.21069,1.20027,1.20354
4043.0,1.05482,1.17678,1.18895,1.18957,1.18234,1.18441
4044.0,1.06444,1.16071,1.17163,1.1707,1.16638,1.167355
4045.0,1.0657,1.15103,1.16177,1.15963,1.15677,1.1573
4046.0,1.03438,1.15128,1.16272,1.1604,1.1565,1.1577250000000001
4047.0,1.07331,1.16135,1.17403,1.17269,1.1655,1.1683925
4048.0,1.12588,1.17713,1.19133,1.19154,1.18039,1.1850975
4049.0,1.06581,1.19272,1.20847,1.21005,1.19597,1.2018024999999999
4050.0,1.09227,1.20333,1.22039,1.22276,1.20747,1.2134875
4051.0,1.09441,1.20684,1.22466,1.22715,1.21219,1.2177099999999998
4052.0,1.1212,1.2035,1.22149,1.22359,1.20999,1.2146425
4053.0,1.13042,1.19535,1.21293,1.21435,1.20262,1.2063125000000001
4054.0,1.07098,1.18511,1.20187,1.20253,1.19266,1.1955425000000002
4055.0,1.06522,1.1752,1.19101,1.19108,1.18262,1.1849775
4056.0,1.03692,1.16748,1.18224,1.1821,1.17437,1.1765474999999999
4057.0,1.05904,1.16274,1.17625,1.17625,1.16865,1.1709725
4058.0,1.09475,1.16022,1.17225,1.17262,1.16491,1.1675
4059.0,1.09729,1.15807,1.16847,1.16926,1.16158,1.164345
4060.0,1.09944,1.15414,1.16302,1.164,1.15684,1.1595
4061.0,1.06756,1.14731,1.155,1.15574,1.14981,1.1519650000000001
4062.0,1.11018,1.13857,1.14539,1.14546,1.14123,1.1426625
4063.0,1.08191,1.13006,1.13639,1.1358,1.13283,1.13377
4064.0,1.00329,1.12326,1.12982,1.12909,1.12601,1.1270449999999999
4065.0,1.0927,1.11796,1.12575,1.12548,1.12086,1.1225125
4066.0,1.09203,1.11263,1.12272,1.1229,1.11641,1.118665
4067.0,1.26064,1.10611,1.11928,1.11943,1.11182,1.11416
4068.0,1.40797,1.0993,1.11551,1.11531,1.10731,1.1093575
4069.0,1.40769,1.09483,1.11291,1.11236,1.10416,1.106065
4070.0,1.20989,1.0948,1.11296,1.1122,1.10388,1.10596
4071.0,1.02376,1.09943,1.11613,1.11536,1.10711,1.1095074999999999
4072.0,1.03551,1.10701,1.12149,1.12101,1.11285,1.11559
4073.0,1.01656,1.11457,1.127,1.12692,1.11884,1.1218325
4074.0,1.06583,1.11938,1.13064,1.13054,1.12303,1.1258975
4075.0,1.13134,1.12081,1.13202,1.13122,1.12507,1.12728
4076.0,1.11345,1.12118,1.13322,1.1314,1.1267,1.1281249999999998
4077.0,1.11214,1.1242,1.13737,1.13495,1.13053,1.1317625
4078.0,1.09209,1.13195,1.14618,1.14399,1.1382,1.14008
4079.0,1.05033,1.14329,1.15851,1.15723,1.14907,1.152025
4080.0,1.04873,1.15484,1.17107,1.17083,1.16051,1.1643125
4081.0,1.07339,1.16317,1.18048,1.18089,1.16944,1.173495
4082.0,1.07342,1.16661,1.18512,1.18556,1.17414,1.1778575
4083.0,1.05367,1.16587,1.18568,1.18568,1.17492,1.1780375
4084.0,1.07365,1.16307,1.18431,1.1838,1.17347,1.1761625
4085.0,1.04475,1.16008,1.18304,1.18232,1.1716,1.1742599999999999
4086.0,1.01422,1.15775,1.18276,1.18219,1.17032,1.1732550000000002
4087.0,1.05668,1.15624,1.18322,1.18295,1.16975,1.1730399999999999
4088.0,1.02859,1.15528,1.18359,1.18359,1.16949,1.1729874999999998
4089.0,0.96672,1.15455,1.18301,1.18329,1.16894,1.1724475
4090.0,1.01246,1.15362,1.18058,1.18128,1.16714,1.170655
4091.0,0.99754,1.15086,1.1749,1.17613,1.16261,1.1661249999999999
4092.0,0.99092,1.14334,1.16409,1.16577,1.15342,1.156655
4093.0,0.93569,1.1286,1.1465,1.14848,1.13774,1.14033
4094.0,0.9717,1.10566,1.12148,1.12355,1.11458,1.1163175
4095.0,0.95173,1.07502,1.08966,1.09147,1.08434,1.0851225
4096.0,0.89189,1.03847,1.05276,1.05403,1.04864,1.048475
4097.0,0.89235,0.99842,1.01334,1.01391,1.00981,1.00887
4098.0,0.97826,0.95754,0.97443,0.97411,0.97073,0.9692025000000001
4099.0,1.4187,0.91967,0.93997,0.93832,0.9353,0.9333149999999999
4100.0,3.18306,0.89066,0.91518,0.91176,0.90888,0.90662
4101.0,6.51109,0.87749,0.90572,0.90078,0.89731,0.895325
4102.0,6.66532,0.88554,0.91529,0.90996,0.90448,0.9038174999999999
4103.0,3.76354,0.91464,0.94292,0.93866,0.92981,0.9315074999999999
4104.0,1.32971,0.95772,0.98241,0.98005,0.9678,0.9719949999999999
4105.0,0.89537,1.00405,1.02471,1.02418,1.00998,1.01573
4106.0,0.91036,1.04436,1.0618,1.06239,1.04824,1.0541975
4107.0,0.90001,1.07369,1.08918,1.09,1.07748,1.0825874999999998
4108.0,0.93973,1.09164,1.10633,1.10668,1.09656,1.1003025
4109.0,0.95797,1.10106,1.11563,1.11525,1.10738,1.10983
4110.0,0.95138,1.1058,1.12046,1.11946,1.11312,1.11471
4111.0,0.96769,1.10869,1.12354,1.12228,1.1165,1.1177525
4112.0,0.9242,1.11077,1.12607,1.12495,1.11889,1.1201699999999999
4113.0,0.96429,1.11188,1.12789,1.12713,1.12038,1.12182
4114.0,1.03089,1.11151,1.12828,1.12778,1.12049,1.122015
4115.0,1.02785,1.10934,1.12676,1.12626,1.11896,1.12033
4116.0,0.98624,1.10582,1.12356,1.12286,1.11605,1.1170725
4117.0,0.98569,1.10211,1.11956,1.11859,1.11244,1.113175
4118.0,0.99179,1.099,1.11588,1.11453,1.10908,1.1096225
4119.0,0.98051,1.09704,1.11355,1.11181,1.10698,1.107345
4120.0,1.00073,1.09724,1.11355,1.11159,1.10705,1.1073575
4121.0,1.00925,1.10034,1.11635,1.11444,1.1097,1.1102075
4122.0,0.98276,1.10592,1.12133,1.11973,1.11451,1.1153724999999999
4123.0,0.99994,1.11243,1.12698,1.12587,1.12017,1.1213625
4124.0,1.03149,1.11778,1.13134,1.13075,1.12484,1.1261775
4125.0,1.00319,1.12008,1.13267,1.13243,1.12679,1.1279925
4126.0,1.00146,1.11845,1.13008,1.12988,1.12512,1.1258825
4127.0,1.04472,1.11317,1.12376,1.12332,1.11992,1.1200425
4128.0,1.00207,1.10535,1.11478,1.11397,1.11209,1.1115475000000001
4129.0,0.98062,1.09638,1.10466,1.1034,1.10294,1.101845
4130.0,0.9744,1.08773,1.09509,1.09329,1.09407,1.092545
4131.0,0.94628,1.08099,1.08796,1.08555,1.08722,1.08543
4132.0,0.94971,1.07792,1.08504,1.08219,1.08411,1.082315
4133.0,1.00424,1.07974,1.08735,1.08449,1.0857,1.08432
4134.0,1.02511,1.0861,1.09441,1.09208,1.09169,1.09107
4135.0,1.01064,1.09506,1.10409,1.10268,1.1003,1.1005325
4136.0,1.01195,1.10379,1.11335,1.11294,1.10885,1.1097325
4137.0,1.01722,1.10951,1.11918,1.11957,1.1146,1.115715
4138.0,1.0235,1.11017,1.11933,1.12019,1.1154,1.1162725
4139.0,0.99149,1.10476,1.11289,1.11382,1.11017,1.11041
4140.0,0.92562,1.09349,1.10053,1.10099,1.0993,1.0985775
4141.0,0.96662,1.07849,1.08472,1.08417,1.08489,1.0830674999999998
4142.0,1.0042,1.06364,1.0695,1.06765,1.07057,1.06784
4143.0,1.01912,1.05324,1.05906,1.0562,1.0603,1.0572
4144.0,0.99969,1.05018,1.05587,1.05286,1.05656,1.0538675
4145.0,0.98165,1.0542,1.05936,1.0571,1.0591,1.05744
4146.0,0.991,1.06174,1.06626,1.06505,1.06516,1.0645525
4147.0,0.99469,1.06835,1.07251,1.07201,1.07114,1.0710024999999999
4148.0,1.00409,1.07133,1.07546,1.07509,1.07441,1.0740725000000002
4149.0,1.01052,1.0704,1.07468,1.07401,1.07424,1.0733325
4150.0,0.9814,1.0669,1.07132,1.07018,1.07144,1.06996
4151.0,0.98824,1.06261,1.06702,1.06549,1.06751,1.0656575
4152.0,1.0307,1.05883,1.06316,1.06133,1.06379,1.0617775
4153.0,1.01412,1.0562,1.06064,1.05853,1.06121,1.059145
4154.0,1.00115,1.05524,1.0601,1.05772,1.06042,1.0583699999999998
4155.0,1.00259,1.05654,1.06207,1.0595,1.06193,1.0600100000000001
4156.0,0.96838,1.06039,1.06682,1.06424,1.066,1.0643624999999999
4157.0,0.94193,1.06654,1.07404,1.07168,1.07239,1.0711624999999998
4158.0,1.0,1.07413,1.08268,1.08081,1.08021,1.0794575
4159.0,1.02746,1.08171,1.09121,1.0899,1.08804,1.087715
4160.0,0.96016,1.08762,1.098,1.09715,1.09442,1.0942975000000001
4161.0,0.95899,1.09081,1.10187,1.1013,1.09826,1.09806
4162.0,1.00926,1.09106,1.10236,1.10192,1.09906,1.0985999999999998
4163.0,0.96468,1.08865,1.09968,1.0992,1.09695,1.09612
4164.0,0.98462,1.08413,1.09458,1.09389,1.09256,1.09129
4165.0,1.00156,1.07855,1.08827,1.08724,1.08696,1.085255
4166.0,1.03246,1.07319,1.08203,1.08073,1.08129,1.07931
4167.0,0.99259,1.06877,1.07663,1.07521,1.07627,1.07422
4168.0,0.9746,1.0651,1.07186,1.07053,1.07185,1.0698349999999999
4169.0,0.99714,1.06132,1.06688,1.06569,1.06732,1.0653025
4170.0,1.0268,1.05645,1.06084,1.05956,1.06188,1.0596825
4171.0,1.02044,1.05028,1.05376,1.05201,1.0555,1.0528875000000002
4172.0,0.9652,1.04384,1.04676,1.04432,1.04909,1.0460025000000002
4173.0,0.95681,1.03883,1.04136,1.03843,1.04401,1.0406575
4174.0,0.99122,1.03641,1.03858,1.03558,1.0412,1.0379425
4175.0,1.02108,1.03646,1.03837,1.03557,1.04072,1.0377800000000001
4176.0,1.02284,1.03799,1.0399,1.03732,1.04192,1.0392825
4177.0,0.97947,1.04002,1.04222,1.03977,1.04399,1.0414999999999999
4178.0,0.98194,1.04202,1.0447,1.04232,1.04627,1.0438275
4179.0,1.03805,1.04385,1.04709,1.0448,1.04847,1.0460525
4180.0,0.9574,1.04552,1.04937,1.04717,1.0505,1.04814
4181.0,1.00874,1.04705,1.05153,1.04941,1.05236,1.0500875
4182.0,0.9905,1.04824,1.05331,1.05135,1.05386,1.05169
4183.0,0.99988,1.04853,1.05413,1.05242,1.05447,1.0523875
4184.0,1.02249,1.04723,1.05333,1.0518,1.05361,1.0514925000000002
4185.0,1.00491,1.04419,1.05082,1.04917,1.05116,1.0488350000000002
4186.0,1.00844,1.04026,1.04753,1.04543,1.04797,1.0452975
4187.0,1.01305,1.0372,1.04516,1.04253,1.04559,1.0426199999999999
4188.0,0.99494,1.03684,1.04515,1.04236,1.04537,1.04243
4189.0,1.00606,1.03969,1.04774,1.04537,1.0476,1.0451
4190.0,1.03115,1.04424,1.05166,1.05,1.05123,1.0492825000000001
4191.0,0.99264,1.04793,1.0546,1.05363,1.0542,1.05259
4192.0,0.9456,1.0484,1.05409,1.05371,1.05421,1.0526025
4193.0,0.98107,1.04392,1.04835,1.04834,1.04941,1.0475050000000001
4194.0,0.97662,1.03357,1.03681,1.03672,1.03904,1.036535
4195.0,0.92354,1.01781,1.0205,1.01974,1.02386,1.0204775000000001
4196.0,0.96165,0.99901,1.00196,1.00019,1.00609,1.0018124999999998
4197.0,0.98828,0.98079,0.98457,0.98181,0.98887,0.9840099999999999
4198.0,0.98836,0.96669,0.97167,0.9681,0.97549,0.9704875
4199.0,1.03021,0.95946,0.96567,0.96156,0.96856,0.9638125
4200.0,1.02169,0.96064,0.96763,0.96336,0.9694,0.9652575000000001
4201.0,0.97668,0.96998,0.97709,0.97307,0.97776,0.974475
4202.0,0.99434,0.98534,0.99226,0.98874,0.99196,0.9895749999999999
4203.0,0.97531,1.0036,1.01045,1.00757,1.0094,1.0077550000000002
4204.0,0.98585,1.02171,1.02881,1.02663,1.02725,1.0261
4205.0,0.98081,1.03715,1.04486,1.04325,1.04303,1.0420725
4206.0,0.96778,1.04834,1.05683,1.05561,1.05502,1.05395
4207.0,0.97429,1.05474,1.0639,1.06289,1.06235,1.06097
4208.0,0.97435,1.05655,1.06612,1.06513,1.06503,1.0632075
4209.0,0.93415,1.05454,1.06428,1.06313,1.06374,1.0614225
4210.0,0.99592,1.04984,1.05951,1.05811,1.05957,1.0567575
4211.0,0.97143,1.04368,1.0531,1.05139,1.05374,1.0504775
4212.0,0.98821,1.03736,1.0465,1.04439,1.04761,1.043965
4213.0,1.01471,1.03237,1.04148,1.03879,1.04279,1.0388575000000002
4214.0,0.99409,1.03049,1.04003,1.03668,1.04109,1.0370725
4215.0,0.99329,1.03327,1.04369,1.03997,1.04398,1.0402274999999999
4216.0,0.9597,1.0411,1.05246,1.04903,1.05162,1.0485525
4217.0,0.9734,1.05237,1.06418,1.0618,1.06224,1.0601475
4218.0,0.98756,1.06336,1.0749,1.07393,1.07241,1.0711499999999998
4219.0,1.02439,1.06963,1.08027,1.08041,1.07812,1.0771075
4220.0,0.99609,1.068,1.07691,1.07757,1.07619,1.0746674999999999
4221.0,0.96332,1.05735,1.06357,1.06414,1.06521,1.0625675
4222.0,1.00756,1.03848,1.04149,1.04125,1.04598,1.0418
4223.0,0.97917,1.01424,1.01427,1.01252,1.02151,1.015635
4224.0,1.01219,0.9895,0.98736,0.98372,0.99662,0.9893000000000001
4225.0,1.00104,0.97007,0.96694,0.96154,0.97693,0.9688699999999999
4226.0,0.95103,0.96084,0.958,0.95155,0.96722,0.9594024999999999
4227.0,0.98511,0.96409,0.96237,0.95606,0.96961,0.9630325
4228.0,0.97923,0.97816,0.97771,0.97283,0.98248,0.977795
4229.0,0.96208,0.99766,0.99842,0.99558,1.00098,0.9981599999999999
4230.0,1.01131,1.01582,1.01787,1.01671,1.01909,1.0173725
4231.0,1.018,1.02766,1.03118,1.03067,1.03206,1.0303925
4232.0,0.96602,1.03178,1.03671,1.03592,1.038,1.0356025
4233.0,1.008,1.02985,1.03595,1.03429,1.03793,1.034505
4234.0,1.00687,1.02514,1.03206,1.02946,1.03458,1.03031
4235.0,0.98437,1.02083,1.02828,1.02502,1.03093,1.026265
4236.0,0.98165,1.01888,1.0269,1.0233,1.02925,1.0245825
4237.0,0.95684,1.02009,1.02901,1.02527,1.03067,1.02626
4238.0,0.96262,1.02453,1.03463,1.03101,1.03536,1.0313824999999999
4239.0,0.93817,1.03157,1.04319,1.03983,1.04283,1.039355
4240.0,0.94893,1.04033,1.05369,1.05066,1.05223,1.0492275
4241.0,0.96217,1.04992,1.06479,1.06225,1.06236,1.0598299999999998
4242.0,1.00752,1.05892,1.07475,1.07286,1.07169,1.069555
4243.0,1.0736,1.06541,1.08148,1.08024,1.07832,1.0763624999999999
4244.0,0.98782,1.06748,1.08296,1.0822,1.08036,1.07825
4245.0,0.96402,1.06385,1.07799,1.07738,1.0766,1.073955
4246.0,0.90186,1.05438,1.06691,1.0659,1.06715,1.063585
4247.0,0.89289,1.0408,1.05174,1.04984,1.05367,1.0490125
4248.0,0.94135,1.02624,1.03554,1.03267,1.03887,1.0333299999999999
4249.0,0.95882,1.01365,1.02125,1.01775,1.02551,1.01954
4250.0,0.91495,1.00463,1.01079,1.00704,1.01547,1.0094824999999998
4251.0,0.87455,0.99942,1.00464,1.0009,1.00934,1.0035749999999999
4252.0,0.92459,0.99761,1.00232,0.99878,1.00677,1.00137
4253.0,0.95633,0.99838,1.00299,0.99973,1.00703,1.0020325
4254.0,0.92013,1.00076,1.00575,1.0027,1.0093,1.0046275
4255.0,0.9083,1.00394,1.00938,1.00659,1.01252,1.0081075000000002
4256.0,0.96304,1.00675,1.01229,1.00989,1.01528,1.0110525
4257.0,0.92507,1.00773,1.01326,1.01109,1.01638,1.012115
4258.0,0.9029,1.00641,1.01256,1.00995,1.01585,1.0111925
4259.0,0.95925,1.00453,1.01228,1.00866,1.01541,1.01022
4260.0,0.95399,1.00547,1.0153,1.01083,1.01765,1.0123125
4261.0,0.92191,1.01159,1.02325,1.01879,1.02427,1.019475
4262.0,0.95954,1.0223,1.03514,1.03166,1.0347,1.0309499999999998
4263.0,0.9698,1.03414,1.04754,1.04557,1.04603,1.04332
4264.0,0.98124,1.04259,1.05612,1.05547,1.05434,1.0521299999999998
4265.0,0.94569,1.04433,1.0575,1.05751,1.05639,1.0539325000000002
4266.0,0.94132,1.03831,1.05028,1.05031,1.0507,1.0474
4267.0,0.95378,1.02534,1.03517,1.0347,1.03771,1.0332299999999999
4268.0,0.93637,1.00746,1.01446,1.01307,1.01935,1.013585
4269.0,0.943,0.98757,0.99148,0.98893,0.99853,0.9916275
4270.0,0.96513,0.96872,0.97003,0.96626,0.97866,0.9709175
4271.0,0.96467,0.95391,0.95377,0.94888,0.96307,0.9549075
4272.0,0.94471,0.94577,0.94547,0.9398,0.9544,0.94636
4273.0,0.91046,0.94579,0.9463,0.94052,0.95395,0.9466399999999999
4274.0,0.92777,0.95352,0.95552,0.9503,0.96132,0.955165
4275.0,0.9294,0.96667,0.97065,0.96635,0.97447,0.969535
4276.0,0.91899,0.98202,0.98794,0.98474,0.99014,0.98621
4277.0,0.94793,0.99614,1.00341,1.00128,1.00468,1.0013774999999998
4278.0,0.96526,1.00592,1.01412,1.01262,1.01521,1.0119675
4279.0,0.94617,1.01008,1.01907,1.01752,1.02053,1.0168
4280.0,0.95163,1.00953,1.01922,1.01713,1.02123,1.0167775000000001
4281.0,0.95306,1.0064,1.01646,1.0138,1.01899,1.0139125
4282.0,0.94941,1.00269,1.01246,1.00956,1.01539,1.0100250000000002
4283.0,0.95339,0.99902,1.00786,1.00505,1.01118,1.0057774999999998
4284.0,0.94354,0.99485,1.00236,0.99975,1.00622,1.000795
4285.0,0.91619,0.98935,0.99539,0.99283,1.0,0.9943925
4286.0,0.95075,0.98206,0.98673,0.98393,0.99224,0.98624
4287.0,1.02872,0.97351,0.97705,0.97373,0.98344,0.9769325
4288.0,0.99483,0.96516,0.96802,0.964,0.975,0.968045
4289.0,0.89661,0.959,0.96177,0.9571,0.96885,0.9616800000000001
4290.0,0.90195,0.95678,0.95984,0.95487,0.96652,0.9595025
4291.0,0.90328,0.95899,0.96212,0.9575,0.96814,0.9616875
4292.0,0.87302,0.96402,0.9667,0.96297,0.97217,0.9664649999999999
4293.0,0.90656,0.96871,0.97054,0.96781,0.97592,0.970745
4294.0,0.91865,0.97004,0.97086,0.96875,0.97677,0.971605
4295.0,0.89046,0.9664,0.96602,0.96397,0.97303,0.9673550000000001
4296.0,0.88147,0.95794,0.95597,0.95356,0.96443,0.957975
4297.0,0.84776,0.94589,0.9421,0.93903,0.9521,0.94478
4298.0,0.88295,0.93226,0.92688,0.92293,0.93816,0.9300575
4299.0,0.86617,0.91963,0.91302,0.90823,0.9251,0.9164950000000001
4300.0,0.83757,0.91012,0.90245,0.89722,0.91484,0.9061575
4301.0,0.86019,0.90442,0.89562,0.8905,0.908,0.899635
4302.0,0.90871,0.90151,0.89142,0.88685,0.90376,0.895885
4303.0,0.91287,0.89924,0.88797,0.88395,0.90048,0.89291
4304.0,0.9697,0.89586,0.88371,0.87991,0.89666,0.889035
4305.0,0.93291,0.89098,0.87831,0.8743,0.89182,0.8838525
4306.0,0.88292,0.88555,0.87298,0.86835,0.88685,0.8784325
4307.0,0.87256,0.88172,0.87004,0.86461,0.88376,0.8750325
4308.0,0.85879,0.88195,0.87194,0.86584,0.88481,0.876135
4309.0,0.83042,0.88791,0.88028,0.8739,0.8916,0.8834225
4310.0,0.88555,0.89988,0.89534,0.88907,0.90454,0.8972074999999999
4311.0,0.93619,0.91694,0.91624,0.91029,0.92297,0.91661
4312.0,0.93427,0.93767,0.94155,0.93597,0.94563,0.9402050000000001
4313.0,0.90691,0.96079,0.96962,0.96445,0.97105,0.9664775000000001
4314.0,0.9014,0.98494,0.99843,0.9939,0.99744,0.9936775
4315.0,0.89914,1.00809,1.02534,1.02172,1.02246,1.0194025
4316.0,0.85483,1.02753,1.0472,1.04464,1.04329,1.040665
4317.0,0.94334,1.04043,1.06114,1.05951,1.05722,1.0545749999999998
4318.0,0.89918,1.04483,1.0654,1.06425,1.06243,1.0592275
4319.0,0.84564,1.04039,1.05965,1.05851,1.05846,1.0542525
4320.0,0.94105,1.02811,1.0449,1.04341,1.04603,1.0406125
4321.0,0.88957,1.00963,1.02327,1.0211,1.02695,1.0202375
4322.0,0.91607,0.98733,0.9981,0.99477,1.00408,0.99607
4323.0,0.94298,0.96503,0.9741,0.96915,0.98158,0.972465
4324.0,0.86706,0.94762,0.95667,0.95003,0.96435,0.9546675
4325.0,0.81248,0.93986,0.95019,0.94246,0.95666,0.9472925
4326.0,0.86764,0.94392,0.95604,0.94838,0.96026,0.95215
4327.0,0.86601,0.95791,0.97173,0.96528,0.97336,0.96707
4328.0,0.89765,0.97653,0.99194,0.9872,0.99138,0.9867625
4329.0,0.91776,0.99379,1.01103,1.00771,1.00905,1.005395
4330.0,0.87177,1.00566,1.02504,1.02246,1.02237,1.0188825000000001
4331.0,0.83937,1.01091,1.03211,1.02983,1.0293,1.0255375
4332.0,0.87396,1.00952,1.03139,1.02953,1.02888,1.0248300000000001
4333.0,0.85614,1.00064,1.02176,1.02069,1.02004,1.0157825
4334.0,0.80496,0.98214,1.00167,1.0014,1.00126,0.9966175000000002
4335.0,0.83648,0.95218,0.97048,0.97037,0.97174,0.9661925
4336.0,0.90201,0.91168,0.93024,0.92919,0.933,0.9260275
4337.0,1.13893,0.86579,0.88666,0.88353,0.8901,0.88152
4338.0,2.47707,0.82335,0.84814,0.84237,0.85093,0.8411974999999999
4339.0,6.62203,0.79435,0.82304,0.81506,0.82388,0.8140824999999999
4340.0,11.82592,0.78565,0.81663,0.80769,0.81475,0.80618
4341.0,9.93941,0.7982,0.82919,0.82069,0.82466,0.8181849999999999
4342.0,4.64877,0.82728,0.8563,0.84924,0.8499,0.84568
4343.0,1.23658,0.86481,0.89102,0.8857,0.88383,0.88134
4344.0,0.90189,0.90256,0.92645,0.92253,0.91947,0.9177525
4345.0,0.83469,0.935,0.95756,0.95446,0.95141,0.9496075
4346.0,0.88619,0.95967,0.98135,0.9787,0.97642,0.974035
4347.0,0.87079,0.9757,0.99644,0.99404,0.993,0.989795
4348.0,0.86091,0.98305,1.00261,1.00019,1.00092,0.9966925
4349.0,0.88214,0.98271,1.00108,0.99815,1.00123,0.9957925
4350.0,0.89432,0.97715,0.99473,0.99079,0.99646,0.9897825
4351.0,0.8585,0.97022,0.98765,0.98245,0.99032,0.98266
4352.0,0.80138,0.96609,0.98374,0.97759,0.98656,0.9784949999999999
4353.0,0.87916,0.9674,0.98514,0.97877,0.98743,0.9796849999999999
4354.0,0.88408,0.97388,0.99141,0.98561,0.99289,0.9859475
4355.0,0.81309,0.9828,1.00024,0.99533,1.00103,0.99485
4356.0,0.81784,0.99114,1.00902,1.00475,1.00942,1.0035825
4357.0,0.89278,0.99742,1.01627,1.01214,1.01651,1.010585
4358.0,0.9185,1.00187,1.02213,1.01773,1.0222,1.0159825
4359.0,0.89099,1.00585,1.02764,1.02292,1.02737,1.020945
4360.0,0.92131,1.01067,1.03379,1.02898,1.03301,1.0266125
4361.0,1.20965,1.01667,1.0406,1.03609,1.03927,1.0331575
4362.0,1.87532,1.0228,1.04702,1.04309,1.0453,1.0395525
4363.0,2.48125,1.02714,1.05129,1.04799,1.04955,1.0439924999999999
4364.0,2.00603,1.02806,1.0519,1.04896,1.05059,1.0448775
4365.0,1.28057,1.02498,1.04832,1.04536,1.04779,1.0416124999999998
4366.0,0.89268,1.01857,1.04131,1.03798,1.04168,1.034885
4367.0,0.82025,1.01042,1.03252,1.02867,1.03369,1.026325
4368.0,0.81386,1.00241,1.02361,1.01935,1.02538,1.0176875
4369.0,0.8716,0.99557,1.01535,1.01102,1.01761,1.0098875
4370.0,0.9145,0.98951,1.00749,1.00334,1.01029,1.0026574999999998
4371.0,0.86836,0.98306,0.99937,0.99536,1.00284,0.9951574999999999
4372.0,0.85293,0.97573,0.99095,0.98674,0.99512,0.987135
4373.0,0.85704,0.9685,0.98335,0.97863,0.98799,0.9796174999999999
4374.0,0.84137,0.96329,0.97832,0.9731,0.98293,0.97441
4375.0,0.91776,0.96166,0.97682,0.97156,0.981,0.97276
4376.0,0.90828,0.96333,0.97792,0.97333,0.98165,0.9740575
4377.0,0.86197,0.96571,0.97872,0.97533,0.98247,0.9755575000000001
4378.0,0.83209,0.96482,0.97544,0.97323,0.98003,0.9733799999999999
4379.0,0.85084,0.95731,0.96523,0.96354,0.9715,0.9643950000000001
4380.0,0.88612,0.94227,0.94768,0.94554,0.95619,0.94792
4381.0,0.84462,0.92207,0.92554,0.92209,0.93625,0.9264874999999999
4382.0,0.84222,0.90153,0.90402,0.89883,0.91609,0.9051175000000001
4383.0,0.86875,0.88611,0.88863,0.88193,0.90076,0.8893575
4384.0,0.83068,0.87956,0.88276,0.87539,0.89373,0.88286
4385.0,0.80238,0.88243,0.88638,0.87941,0.89558,0.88595
4386.0,0.87582,0.89193,0.89663,0.89073,0.9041,0.8958475
4387.0,0.86966,0.90388,0.90964,0.90482,0.91584,0.9085449999999999
4388.0,0.89653,0.91515,0.92244,0.91821,0.92789,0.9209225
4389.0,0.85742,0.92477,0.93376,0.92957,0.9388,0.931725
4390.0,0.8162,0.93321,0.94367,0.93925,0.94842,0.9411375
4391.0,0.83101,0.94103,0.95268,0.94804,0.95713,0.9497200000000001
4392.0,0.85254,0.94849,0.96128,0.95653,0.9654,0.9579249999999999
4393.0,0.79554,0.95575,0.96984,0.96507,0.97351,0.9660425
4394.0,0.77399,0.96295,0.97844,0.97375,0.98154,0.97417
4395.0,0.82639,0.96995,0.98654,0.98209,0.9891,0.98192
4396.0,0.87313,0.97584,0.99281,0.98881,0.99512,0.988145
4397.0,0.87037,0.97906,0.99557,0.99209,0.99818,0.991225
4398.0,0.84165,0.97813,0.99359,0.99047,0.99706,0.9898124999999999
4399.0,0.80551,0.97254,0.98666,0.98359,0.99133,0.98353
4400.0,0.87055,0.96289,0.97548,0.97214,0.98142,0.9729825
4401.0,0.91076,0.95039,0.96118,0.95741,0.96843,0.9593525
4402.0,0.86394,0.93645,0.94534,0.94109,0.95389,0.9441925
4403.0,0.81476,0.9229,0.93038,0.92549,0.93993,0.929675
4404.0,0.84413,0.91216,0.91932,0.91358,0.92912,0.918545
4405.0,0.82442,0.90694,0.9148,0.90833,0.924,0.9135175
4406.0,0.85862,0.90913,0.91816,0.9115,0.9261,0.9162224999999999
4407.0,0.89497,0.91866,0.92895,0.92273,0.93524,0.926395
4408.0,0.86636,0.93321,0.9448,0.93953,0.94939,0.9417325000000001
4409.0,0.81556,0.9491,0.96188,0.95783,0.96514,0.9584874999999999
4410.0,0.81237,0.96244,0.976,0.97307,0.97863,0.9725349999999999
4411.0,0.84144,0.96995,0.98392,0.98161,0.9867,0.980545
4412.0,0.83966,0.97011,0.98451,0.98211,0.98808,0.9812025
4413.0,0.87963,0.96427,0.97948,0.97626,0.98403,0.97601
4414.0,0.90517,0.95636,0.97283,0.96841,0.97791,0.9688775
4415.0,0.85604,0.95102,0.96887,0.96344,0.97367,0.96425
4416.0,0.83556,0.95126,0.96999,0.96432,0.97389,0.964865
4417.0,0.82645,0.95696,0.97569,0.97064,0.97855,0.9704600000000001
4418.0,0.83205,0.96503,0.98307,0.97909,0.98529,0.9781200000000001
4419.0,0.87295,0.97139,0.98863,0.98558,0.9909,0.984125
4420.0,0.8629,0.97345,0.99021,0.98754,0.99312,0.9860800000000001
4421.0,0.80356,0.97121,0.98792,0.98502,0.99167,0.983955
4422.0,0.81834,0.96667,0.9836,0.98012,0.98797,0.97959
4423.0,0.85916,0.9623,0.97942,0.97544,0.98401,0.9752925
4424.0,0.85115,0.95974,0.97673,0.9726,0.98127,0.9725849999999999
4425.0,0.83562,0.95916,0.97574,0.97181,0.98013,0.97171
4426.0,0.80642,0.95969,0.97582,0.9722,0.98008,0.9719475
4427.0,0.82024,0.96015,0.9759,0.97258,0.98015,0.9721949999999999
4428.0,0.82216,0.95967,0.97499,0.97192,0.97946,0.97151
4429.0,0.81503,0.95778,0.97255,0.96964,0.97739,0.9693400000000001
4430.0,0.83226,0.95431,0.96851,0.96557,0.97375,0.965535
4431.0,0.80739,0.94934,0.96309,0.95991,0.96871,0.9602625
4432.0,0.84475,0.94348,0.95704,0.95345,0.96303,0.95425
4433.0,0.85771,0.93813,0.9519,0.94783,0.95811,0.9489925
4434.0,0.83832,0.93524,0.94973,0.94524,0.95573,0.946485
4435.0,0.82393,0.93648,0.95199,0.94744,0.95722,0.9482824999999999
4436.0,0.81488,0.94208,0.95836,0.95429,0.96248,0.9543025
4437.0,0.83976,0.95001,0.96646,0.96332,0.96964,0.9623575
4438.0,0.82223,0.95676,0.97302,0.97073,0.97583,0.969085
4439.0,0.81495,0.9594,0.97568,0.97369,0.97878,0.9718875
4440.0,0.80969,0.95757,0.97448,0.97204,0.97821,0.970575
4441.0,0.78387,0.95374,0.97182,0.96845,0.97596,0.9674925
4442.0,0.80798,0.95158,0.97093,0.96672,0.9749,0.9660325
4443.0,0.83737,0.95365,0.97393,0.96941,0.97715,0.9685349999999999
4444.0,0.83424,0.96002,0.98068,0.97653,0.98294,0.9750425
4445.0,0.83903,0.96848,0.98911,0.98579,0.99068,0.9835150000000001
4446.0,0.85401,0.97612,0.99663,0.99418,0.99799,0.99123
4447.0,0.84255,0.98083,1.00129,0.99939,1.00285,0.99609
4448.0,0.81776,0.98179,1.00207,1.0004,1.00417,0.9971075
4449.0,0.83128,0.97915,0.99872,0.99716,1.00163,0.9941650000000001
4450.0,0.84769,0.97328,0.9915,0.98992,0.99539,0.9875225000000001
4451.0,0.85563,0.9644,0.98087,0.97911,0.98586,0.97756
4452.0,0.85197,0.953,0.96757,0.96546,0.97381,0.9649599999999999
4453.0,0.82723,0.94027,0.95296,0.9504,0.96045,0.95102
4454.0,0.78735,0.92787,0.93889,0.93584,0.94735,0.9374875
4455.0,0.76784,0.9174,0.92704,0.92356,0.936,0.926
4456.0,0.77293,0.90971,0.91815,0.91446,0.92726,0.9173950000000001
4457.0,0.76864,0.90473,0.91218,0.90848,0.92125,0.91166
4458.0,0.76452,0.90188,0.90883,0.90513,0.91777,0.9084025
4459.0,0.80373,0.90087,0.90805,0.90426,0.91673,0.9074774999999999
4460.0,0.82865,0.90205,0.91007,0.90624,0.91831,0.9091675
4461.0,0.83646,0.90602,0.91514,0.91143,0.92264,0.9138075
4462.0,0.8522,0.91257,0.92276,0.91938,0.92929,0.9209999999999999
4463.0,0.83871,0.92028,0.93124,0.92844,0.93693,0.9292225000000001
4464.0,0.79353,0.92698,0.93838,0.93631,0.94366,0.9363324999999999
4465.0,0.78904,0.93069,0.94257,0.94097,0.94775,0.9404950000000001
4466.0,0.8261,0.93032,0.94321,0.94162,0.94834,0.9408725
4467.0,0.82257,0.9263,0.94093,0.93895,0.94586,0.9380100000000001
4468.0,0.80576,0.92047,0.93751,0.93495,0.94197,0.933725
4469.0,0.92267,0.91553,0.93544,0.93234,0.93909,0.9306000000000001
4470.0,1.23833,0.91432,0.93705,0.93366,0.93955,0.9311450000000001
4471.0,1.59472,0.9188,0.9437,0.94035,0.94482,0.9369175
4472.0,1.59122,0.92905,0.95499,0.95203,0.95484,0.9477275000000001
4473.0,1.14437,0.94308,0.96868,0.96654,0.96791,0.9615525
4474.0,0.87634,0.95761,0.98188,0.98075,0.98126,0.9753749999999999
4475.0,0.82831,0.96919,0.99185,0.99153,0.99189,0.9861150000000001
4476.0,0.83547,0.97519,0.99651,0.99652,0.99747,0.9914225
4477.0,0.84768,0.97452,0.99492,0.99472,0.99699,0.9902875
4478.0,0.8547,0.96795,0.9879,0.987,0.99118,0.9835075
4479.0,0.77567,0.95815,0.97821,0.97628,0.98254,0.973795
4480.0,0.80902,0.94914,0.96985,0.96684,0.97462,0.9651125
4481.0,0.79663,0.94483,0.9663,0.96262,0.97072,0.9611175000000001
4482.0,0.78331,0.94714,0.96891,0.96532,0.97241,0.963445
4483.0,0.80263,0.9549,0.97621,0.97348,0.97875,0.9708349999999999
4484.0,0.81361,0.96444,0.98474,0.98322,0.98674,0.9797849999999999
4485.0,0.80347,0.9715,0.99075,0.99016,0.99286,0.9863175
4486.0,0.80415,0.97327,0.99186,0.99157,0.99469,0.9878474999999999
4487.0,0.82744,0.96965,0.98795,0.98737,0.99187,0.98421
4488.0,0.82947,0.96272,0.98089,0.97975,0.98585,0.9773025000000001
4489.0,0.81823,0.95532,0.9732,0.97156,0.97881,0.9697225
4490.0,0.84138,0.94934,0.96665,0.96473,0.97238,0.9632749999999999
4491.0,0.83271,0.94502,0.9615,0.95953,0.96713,0.958295
4492.0,0.8249,0.94158,0.95723,0.95533,0.96292,0.954265
4493.0,0.8086,0.93846,0.95374,0.9518,0.95965,0.9509124999999999
4494.0,0.80258,0.93627,0.95187,0.94972,0.95786,0.94893
4495.0,0.80832,0.93639,0.9529,0.95048,0.95853,0.949575
4496.0,0.77128,0.93985,0.95742,0.95498,0.96224,0.9536225
4497.0,0.76199,0.9464,0.96496,0.96278,0.96874,0.96072
4498.0,0.81382,0.95463,0.97424,0.9724,0.97705,0.9695799999999999
4499.0,0.82061,0.96306,0.98393,0.98242,0.9861,0.9788775
4500.0,0.76498,0.97107,0.99341,0.99218,0.9952,0.987965
4501.0,0.73838,0.97886,1.00272,1.0017,1.00408,0.9968400000000001
4502.0,0.78196,0.98657,1.01172,1.0109,1.01248,1.0054175
4503.0,0.83239,0.99356,1.01944,1.01897,1.01974,1.0129275
4504.0,0.81075,0.99858,1.02465,1.0246,1.0249,1.0181825
4505.0,0.79773,1.00059,1.02663,1.02684,1.02724,1.020325
4506.0,0.86012,0.99944,1.02547,1.0257,1.02662,1.0193075
4507.0,0.80883,0.99587,1.02188,1.02198,1.02352,1.0158125
4508.0,0.72416,0.99084,1.01664,1.01661,1.01861,1.010675
4509.0,0.7924,0.98483,1.01011,1.01004,1.01236,1.004335
4510.0,0.84824,0.97782,1.0024,1.00229,1.00497,0.9968699999999999
4511.0,0.77338,0.96988,0.99378,0.99352,0.99677,0.9884875000000001
4512.0,0.78144,0.9616,0.98503,0.98447,0.98845,0.9798875
4513.0,0.78629,0.95417,0.97735,0.97641,0.98105,0.972245
4514.0,0.75377,0.94892,0.97201,0.9707,0.97566,0.9668225
4515.0,0.77135,0.94672,0.96974,0.96821,0.97306,0.9644325
4516.0,0.78869,0.94766,0.97045,0.96901,0.97345,0.9651425
4517.0,0.80666,0.95112,0.97343,0.97242,0.97629,0.968315
4518.0,0.81179,0.95589,0.97757,0.97708,0.98035,0.9727225
4519.0,0.79118,0.96025,0.98111,0.98115,0.98392,0.9766075
4520.0,0.77168,0.96229,0.98207,0.98258,0.98525,0.9780475
4521.0,0.79707,0.96048,0.97881,0.9797,0.9829,0.9754725
4522.0,0.83794,0.95408,0.97073,0.97173,0.97612,0.9681649999999999
4523.0,0.81607,0.9434,0.95838,0.95906,0.9651,0.956485
4524.0,0.79934,0.92967,0.94302,0.94306,0.95096,0.9416775
4525.0,0.81765,0.9147,0.92648,0.9258,0.93549,0.9256175000000001
4526.0,0.80782,0.90053,0.911,0.90964,0.92079,0.91049
4527.0,0.7997,0.88917,0.89869,0.89682,0.90882,0.898375
4528.0,0.78857,0.88201,0.89092,0.88883,0.90094,0.890675
4529.0,0.74965,0.87941,0.88792,0.88594,0.89749,0.88769
4530.0,0.76823,0.88049,0.88877,0.88711,0.89772,0.8885225
4531.0,0.7899,0.88361,0.89203,0.89063,0.90026,0.8916324999999999
4532.0,0.812,0.88731,0.89637,0.89512,0.90402,0.895705
4533.0,0.81967,0.89116,0.90125,0.90018,0.90859,0.9002950000000001
4534.0,0.78826,0.89554,0.90687,0.90613,0.91394,0.9056200000000001
4535.0,0.73659,0.9007,0.91332,0.91302,0.91975,0.9116975
4536.0,0.7466,0.90567,0.91957,0.91973,0.92498,0.9174875
4537.0,0.80877,0.90845,0.92363,0.92425,0.92814,0.9211175
4538.0,0.82607,0.9074,0.92414,0.92498,0.92818,0.9211750000000001
4539.0,0.7963,0.90273,0.92142,0.92212,0.92541,0.91792
4540.0,0.78963,0.89674,0.91741,0.91766,0.92145,0.913315
4541.0,0.74964,0.89253,0.91456,0.91428,0.91834,0.9099275000000001
4542.0,0.78453,0.89208,0.91425,0.91366,0.9176,0.9093975000000001
4543.0,0.81195,0.89533,0.91625,0.91582,0.91955,0.9117375
4544.0,0.79636,0.90062,0.91946,0.91947,0.92325,0.9157
4545.0,0.77587,0.90598,0.92281,0.9231,0.92729,0.9197950000000001
4546.0,0.77074,0.91004,0.92542,0.92571,0.93055,0.92293
4547.0,0.76521,0.91235,0.92679,0.92701,0.93258,0.9246825000000001
4548.0,0.75286,0.91314,0.92697,0.92715,0.93339,0.9251625
4549.0,0.73603,0.91285,0.92639,0.92646,0.93319,0.9247225000000001
4550.0,0.7482,0.91189,0.9255,0.9253,0.93234,0.9237575
4551.0,0.80496,0.91072,0.92465,0.92414,0.93142,0.9227325
4552.0,0.80616,0.91005,0.92456,0.92376,0.9312,0.9223925000000001
4553.0,0.75929,0.91094,0.92631,0.92526,0.93268,0.9237974999999999
4554.0,0.78818,0.91444,0.93079,0.9297,0.93669,0.927905
4555.0,0.75178,0.92094,0.93819,0.93735,0.9434,0.93497
4556.0,0.78542,0.92972,0.94765,0.94732,0.95206,0.9441875
4557.0,0.81609,0.93904,0.95729,0.95769,0.96113,0.9537875
4558.0,0.7871,0.9468,0.96502,0.96617,0.9688,0.9616975
4559.0,0.75131,0.95127,0.96929,0.97096,0.97349,0.9662525
4560.0,0.8108,0.95169,0.96951,0.97123,0.9743,0.9666825
4561.0,0.84734,0.94834,0.96612,0.96741,0.97144,0.9633275
4562.0,0.86388,0.94254,0.9604,0.96105,0.9662,0.9575475
4563.0,0.85149,0.93629,0.95435,0.95447,0.96054,0.9514125
4564.0,0.8058,0.93169,0.95004,0.94991,0.95633,0.9469925
4565.0,0.75937,0.93003,0.94866,0.94859,0.95459,0.9454675
4566.0,0.76728,0.93114,0.94993,0.95017,0.95521,0.9466125000000001
4567.0,0.77879,0.93359,0.95235,0.95304,0.95709,0.9490175000000001
4568.0,0.77806,0.93562,0.95435,0.95533,0.95883,0.9510325
4569.0,0.79813,0.93633,0.95518,0.95618,0.95976,0.9518625000000001
4570.0,0.82439,0.93607,0.95512,0.95604,0.96012,0.9518374999999999
4571.0,0.80688,0.93596,0.95512,0.95596,0.96042,0.9518650000000001
4572.0,0.79586,0.93674,0.95585,0.95666,0.96103,0.95257
4573.0,0.81301,0.93815,0.95675,0.95782,0.96182,0.953635
4574.0,0.75435,0.93899,0.9566,0.9582,0.96196,0.9539375
4575.0,0.77277,0.93787,0.95439,0.95637,0.96032,0.9522375
4576.0,0.78531,0.93399,0.9496,0.95151,0.95615,0.9478125
4577.0,0.74863,0.92752,0.94243,0.9439,0.94961,0.940865
4578.0,0.72769,0.91964,0.93399,0.93492,0.94184,0.9325975
4579.0,0.78317,0.91209,0.92597,0.92648,0.93437,0.9247275
4580.0,0.80703,0.90643,0.91996,0.92018,0.92853,0.918775
4581.0,0.80027,0.90338,0.9167,0.91674,0.92498,0.91545
4582.0,0.76633,0.90268,0.91591,0.91592,0.92371,0.914555
4583.0,0.73984,0.9036,0.91695,0.91705,0.92431,0.9154774999999999
4584.0,0.76442,0.90564,0.91937,0.91964,0.92644,0.9177725
4585.0,0.7771,0.90869,0.92299,0.92354,0.92985,0.9212675
4586.0,0.76374,0.91266,0.92745,0.92842,0.93409,0.925655
4587.0,0.79223,0.91687,0.9319,0.93332,0.93821,0.930075
4588.0,0.81602,0.91996,0.93488,0.93668,0.94098,0.9331250000000001
4589.0,0.77466,0.92048,0.93502,0.93707,0.94134,0.9334775
4590.0,0.74406,0.91784,0.9319,0.93397,0.9389,0.9306525
4591.0,0.77115,0.91258,0.92628,0.92807,0.93406,0.9252475
4592.0,0.77706,0.90614,0.91958,0.92088,0.92788,0.91862
4593.0,0.75469,0.90006,0.9132,0.91406,0.92175,0.9122675
4594.0,0.76805,0.89544,0.90817,0.90884,0.9168,0.9073125
4595.0,0.78871,0.89274,0.90503,0.90575,0.91364,0.90429
4596.0,0.7796,0.89185,0.90376,0.90466,0.91228,0.9031374999999999
4597.0,0.76346,0.89223,0.90386,0.90497,0.91223,0.9033225
4598.0,0.81095,0.89317,0.90466,0.9059,0.91285,0.9041450000000001
4599.0,0.743,0.89407,0.90551,0.90686,0.91367,0.9050275000000001
4600.0,0.74885,0.89466,0.90622,0.90763,0.91447,0.905745
4601.0,0.76729,0.8951,0.90709,0.90836,0.91528,0.9064575
4602.0,0.74982,0.89585,0.90857,0.90955,0.91648,0.9076124999999999
4603.0,0.77441,0.89758,0.91125,0.91196,0.91873,0.90988
4604.0,0.75915,0.90103,0.91574,0.9164,0.92273,0.913975
4605.0,0.7476,0.90661,0.92234,0.92329,0.92882,0.920265
4606.0,0.77084,0.91402,0.93066,0.93217,0.93653,0.928345
4607.0,0.79604,0.92201,0.93939,0.94149,0.94458,0.9368675
4608.0,0.80312,0.92876,0.94671,0.94925,0.95142,0.9440350000000001
4609.0,0.77954,0.9328,0.95119,0.95394,0.95589,0.948455
4610.0,0.77357,0.93383,0.95267,0.95532,0.95774,0.9498900000000001
4611.0,0.81779,0.93284,0.95218,0.95444,0.95765,0.9492775
4612.0,0.80154,0.93145,0.95115,0.95303,0.9569,0.9481325
4613.0,0.77167,0.93099,0.95076,0.95249,0.95654,0.947695
4614.0,0.78241,0.93181,0.95142,0.95319,0.95702,0.9483600000000001
4615.0,0.80677,0.93335,0.9527,0.95468,0.95815,0.9497199999999999
4616.0,0.77913,0.93474,0.95393,0.95608,0.9593,0.9510125
4617.0,0.73983,0.93539,0.9546,0.95678,0.95999,0.95169
4618.0,0.77109,0.93526,0.95456,0.95677,0.96016,0.9516875
4619.0,0.75823,0.93475,0.9541,0.95636,0.95992,0.9512824999999999
4620.0,0.71116,0.93421,0.95352,0.95577,0.95937,0.9507174999999999
4621.0,0.71109,0.93367,0.95272,0.95503,0.95863,0.9500125
4622.0,0.77518,0.9329,0.95151,0.95397,0.9576,0.948995
4623.0,0.78137,0.93163,0.94984,0.95235,0.9561,0.9474800000000001
4624.0,0.75116,0.92979,0.9477,0.95017,0.95417,0.9454575
4625.0,0.75443,0.92754,0.94522,0.94769,0.95194,0.9430975
4626.0,0.76103,0.92509,0.94267,0.94511,0.94947,0.940585
4627.0,0.77326,0.92256,0.94017,0.94254,0.94686,0.9380325
4628.0,0.76085,0.91998,0.93755,0.93998,0.94423,0.935435
4629.0,0.7341,0.91729,0.93472,0.93733,0.94152,0.9327150000000001
4630.0,0.78022,0.91438,0.93161,0.93431,0.93848,0.9296949999999999
4631.0,0.7892,0.91115,0.92793,0.93063,0.93493,0.92616
4632.0,0.75256,0.90748,0.92338,0.92614,0.93079,0.9219474999999999
4633.0,0.76642,0.90327,0.918,0.92084,0.92604,0.9170375000000001
4634.0,0.80241,0.89845,0.91201,0.91481,0.92064,0.9114775
4635.0,0.74412,0.89303,0.90559,0.90818,0.91465,0.9053625000000001
4636.0,0.73425,0.88722,0.899,0.90134,0.90841,0.8989925000000001
4637.0,0.75211,0.88155,0.89283,0.89495,0.90247,0.89295
4638.0,0.78693,0.87679,0.88772,0.88975,0.8975,0.88794
4639.0,0.80471,0.87348,0.88395,0.88618,0.89384,0.8843624999999999
4640.0,0.77836,0.87139,0.88111,0.88381,0.89106,0.8818425
4641.0,0.76228,0.86934,0.87803,0.88123,0.88803,0.8791575
4642.0,0.77303,0.86555,0.87316,0.8767,0.88343,0.8747100000000001
4643.0,0.77143,0.85866,0.86562,0.86908,0.87632,0.8674199999999999
4644.0,0.77741,0.84869,0.85583,0.85867,0.86681,0.8575
4645.0,0.74977,0.83734,0.84547,0.84741,0.85655,0.8466925
4646.0,0.72821,0.82746,0.83706,0.83823,0.84791,0.837665
4647.0,0.71351,0.82174,0.83294,0.8337,0.84298,0.8328399999999999
4648.0,0.69516,0.82157,0.83401,0.83483,0.84279,0.8332999999999999
4649.0,0.76733,0.82645,0.83944,0.84083,0.84711,0.8384575000000001
4650.0,0.75152,0.83444,0.84739,0.84963,0.85445,0.8464775
4651.0,0.74845,0.84311,0.85592,0.85875,0.86272,0.855125
4652.0,0.76372,0.85067,0.86354,0.86641,0.8703,0.86273
4653.0,0.75356,0.85667,0.86978,0.87236,0.87679,0.8689
4654.0,0.74098,0.86201,0.87551,0.87774,0.88286,0.87453
4655.0,0.76245,0.86815,0.88206,0.88412,0.88954,0.8809675000000001
4656.0,0.84008,0.87598,0.89,0.89233,0.8974,0.8889274999999999
4657.0,0.92228,0.88493,0.89859,0.90165,0.90584,0.8977525
4658.0,0.92926,0.89303,0.90595,0.90991,0.91315,0.90551
4659.0,0.89969,0.89771,0.9097,0.91437,0.91721,0.9097474999999999
4660.0,0.85472,0.89703,0.90802,0.91304,0.91637,0.9086150000000001
4661.0,0.79704,0.89051,0.90054,0.90547,0.91014,0.9016649999999999
4662.0,0.77135,0.87913,0.8883,0.89273,0.89925,0.8898525
4663.0,0.74039,0.86481,0.8733,0.87687,0.88527,0.8750625000000001
4664.0,0.75507,0.84986,0.85791,0.86034,0.87028,0.8595975
4665.0,0.77772,0.83672,0.84444,0.84575,0.85682,0.8459325
4666.0,0.7759,0.82769,0.83507,0.83568,0.8474,0.83646
4667.0,0.76701,0.82447,0.83154,0.83203,0.84367,0.8329274999999999
4668.0,0.73673,0.82738,0.83421,0.8351,0.84576,0.8356125
4669.0,0.72705,0.83498,0.84165,0.84326,0.85228,0.8430425
4670.0,0.73983,0.84458,0.85122,0.85364,0.86096,0.8525999999999999
4671.0,0.75624,0.85343,0.86032,0.86341,0.86959,0.8616875
4672.0,0.7823,0.85993,0.86737,0.87089,0.87672,0.8687275000000001
4673.0,0.76735,0.86386,0.87203,0.87575,0.88173,0.8733425
4674.0,0.72214,0.86582,0.87453,0.87835,0.88456,0.875815
4675.0,0.77217,0.86625,0.87509,0.87897,0.88525,0.87639
4676.0,0.76768,0.86509,0.87362,0.87749,0.88388,0.87502
4677.0,0.76755,0.86207,0.87003,0.87385,0.88061,0.87164
4678.0,0.76523,0.85722,0.86472,0.86839,0.87577,0.866525
4679.0,0.74288,0.85108,0.85848,0.86193,0.86983,0.8603299999999999
4680.0,0.7177,0.8444,0.85211,0.8554,0.86347,0.853845
4681.0,0.74265,0.8377,0.84621,0.84947,0.85721,0.8476475000000001
4682.0,0.7437,0.83121,0.84113,0.84435,0.85131,0.8420000000000001
4683.0,0.78511,0.82523,0.83694,0.84002,0.84608,0.8370675000000001
4684.0,0.88515,0.82047,0.83383,0.83678,0.84224,0.83333
4685.0,0.94381,0.81801,0.8324,0.83531,0.84049,0.8315524999999999
4686.0,0.92288,0.81871,0.83322,0.83613,0.84117,0.8323075
4687.0,0.85886,0.82256,0.83619,0.83917,0.84416,0.8355199999999999
4688.0,0.79881,0.82858,0.84064,0.84378,0.84884,0.84046
4689.0,0.78406,0.83537,0.8458,0.84909,0.8544,0.846165
4690.0,0.75196,0.84181,0.851,0.85439,0.86018,0.851845
4691.0,0.72668,0.84745,0.8559,0.85941,0.86563,0.8570975
4692.0,0.73929,0.85223,0.86027,0.86398,0.87036,0.86171
4693.0,0.77089,0.856,0.86361,0.86767,0.87404,0.8653299999999999
4694.0,0.74562,0.85817,0.86529,0.86972,0.87605,0.8673075000000001
4695.0,0.72158,0.85794,0.86459,0.86918,0.87564,0.8668374999999999
4696.0,0.72765,0.85484,0.86108,0.86552,0.87248,0.86348
4697.0,0.73632,0.84923,0.85512,0.8592,0.86713,0.85767
4698.0,0.7289,0.84233,0.84799,0.85164,0.86068,0.85066
4699.0,0.72285,0.83569,0.84131,0.84447,0.85425,0.84393
4700.0,0.76161,0.83053,0.83609,0.83885,0.84884,0.8385775
4701.0,0.81357,0.82744,0.83272,0.83536,0.84518,0.835175
4702.0,0.7578,0.82632,0.83116,0.83401,0.84355,0.8337600000000001
4703.0,0.73317,0.82662,0.83114,0.8343,0.84353,0.8338975000000001
4704.0,0.73204,0.82757,0.83202,0.83537,0.84425,0.8348024999999999
4705.0,0.7225,0.82854,0.83309,0.83645,0.84506,0.8357850000000001
4706.0,0.71518,0.82922,0.83393,0.83727,0.84581,0.8365575000000001
4707.0,0.73408,0.82977,0.8347,0.83806,0.84661,0.8372850000000001
4708.0,0.72979,0.83048,0.83568,0.83916,0.84764,0.8382400000000001
4709.0,0.75541,0.83141,0.83701,0.84067,0.84891,0.8395
4710.0,0.8131,0.83234,0.8386,0.84233,0.85011,0.840845
4711.0,0.8603,0.83304,0.8402,0.84379,0.85118,0.8420525000000001
4712.0,0.90401,0.83383,0.842,0.8453,0.85261,0.8434349999999999
4713.0,0.89111,0.83568,0.84487,0.84793,0.85533,0.8459525
4714.0,0.763,0.83977,0.8499,0.85288,0.86017,0.85068
4715.0,0.73928,0.84666,0.85752,0.86066,0.86721,0.8580125000000001
4716.0,0.72701,0.85579,0.86698,0.87056,0.87597,0.867325
4717.0,0.71455,0.86567,0.87682,0.88109,0.88551,0.8772725
4718.0,0.71779,0.87451,0.88566,0.89056,0.8944,0.8862825000000001
4719.0,0.735,0.88101,0.89238,0.89761,0.90129,0.8930725
4720.0,0.74442,0.88465,0.89628,0.90156,0.90538,0.8969675
4721.0,0.72997,0.88562,0.89715,0.90249,0.90665,0.8979775
4722.0,0.72027,0.88425,0.89517,0.90072,0.90543,0.8963924999999999
4723.0,0.72093,0.88063,0.89059,0.89636,0.90165,0.8923075
4724.0,0.71441,0.87446,0.88336,0.88911,0.89503,0.8854900000000001
4725.0,0.70713,0.8656,0.8735,0.87884,0.88565,0.8758975
4726.0,0.71601,0.85469,0.86177,0.86641,0.87456,0.8643575000000001
4727.0,0.72416,0.84342,0.85003,0.85387,0.86352,0.85271
4728.0,0.71199,0.83405,0.84055,0.84369,0.8543,0.8431474999999999
4729.0,0.73603,0.82841,0.83493,0.83766,0.84832,0.8373299999999999
4730.0,0.74206,0.82713,0.83348,0.83631,0.84625,0.8357925
4731.0,0.70836,0.82946,0.83551,0.83883,0.84768,0.83787
4732.0,0.68968,0.83379,0.83969,0.84357,0.85145,0.842125
4733.0,0.69335,0.83854,0.84462,0.84887,0.85614,0.8470424999999999
4734.0,0.7342,0.8427,0.84931,0.85369,0.86057,0.8515675
4735.0,0.7514,0.84608,0.85331,0.85767,0.86443,0.8553725000000001
4736.0,0.71739,0.84897,0.85669,0.86112,0.86796,0.858685
4737.0,0.69149,0.85167,0.85989,0.86446,0.87118,0.8617999999999999
4738.0,0.71078,0.85422,0.86295,0.86754,0.87391,0.864655
4739.0,0.75292,0.85644,0.86548,0.87009,0.87619,0.8670500000000001
4740.0,0.7774,0.85823,0.86745,0.87214,0.87825,0.8690175
4741.0,0.78818,0.85969,0.86923,0.87397,0.88021,0.870775
4742.0,0.74627,0.86111,0.87115,0.87582,0.88201,0.8725225000000001
4743.0,0.71426,0.86275,0.87321,0.87781,0.88377,0.874385
4744.0,0.7131,0.8647,0.87531,0.88002,0.88578,0.8764525
4745.0,0.69067,0.86678,0.87742,0.88239,0.88796,0.8786375000000001
4746.0,0.7146,0.86862,0.87924,0.88443,0.88975,0.8805100000000001
4747.0,0.72953,0.86969,0.88011,0.88548,0.89065,0.8814825
4748.0,0.70305,0.86947,0.87949,0.88507,0.89033,0.88109
4749.0,0.70269,0.86764,0.87725,0.8829,0.8885,0.8790725
4750.0,0.723,0.86418,0.87347,0.87897,0.88505,0.8754175000000001
4751.0,0.73431,0.8595,0.86852,0.8737,0.88041,0.8705324999999999
4752.0,0.72467,0.85437,0.86314,0.868,0.87532,0.8652074999999999
4753.0,0.72477,0.84968,0.85825,0.86283,0.87062,0.8603449999999999
4754.0,0.75562,0.84617,0.85456,0.85897,0.86692,0.856655
4755.0,0.75049,0.84418,0.85228,0.85671,0.86449,0.854415
4756.0,0.71759,0.8435,0.85109,0.85578,0.86322,0.8533975
4757.0,0.69977,0.84341,0.85029,0.85539,0.86252,0.8529025
4758.0,0.71336,0.84289,0.84899,0.8545,0.86149,0.8519675
4759.0,0.72103,0.84095,0.84634,0.85205,0.85911,0.8496125000000001
4760.0,0.71411,0.83703,0.84176,0.84739,0.85489,0.8452675000000001
4761.0,0.72009,0.83121,0.83538,0.84074,0.84912,0.8391125
4762.0,0.71746,0.82432,0.82826,0.83316,0.84251,0.8320624999999999
4763.0,0.69347,0.81768,0.82179,0.82604,0.8361,0.8254025
4764.0,0.68249,0.81277,0.81716,0.82083,0.83119,0.8204874999999999
4765.0,0.72001,0.81075,0.81533,0.81878,0.82902,0.8184699999999999
4766.0,0.71557,0.81208,0.81678,0.82045,0.83012,0.8198575
4767.0,0.70774,0.8163,0.82116,0.8253,0.83406,0.824205
4768.0,0.71749,0.82221,0.82737,0.83201,0.83974,0.8303325
4769.0,0.72162,0.82841,0.83408,0.83905,0.8459,0.8368599999999999
4770.0,0.70645,0.83395,0.84027,0.84536,0.85181,0.8428475
4771.0,0.69468,0.83865,0.84568,0.85085,0.85729,0.8481175
4772.0,0.70878,0.84289,0.85072,0.85596,0.86239,0.85299
4773.0,0.7156,0.84704,0.8556,0.86094,0.86704,0.8576550000000001
4774.0,0.68448,0.85102,0.85998,0.86553,0.87106,0.8618975
4775.0,0.70716,0.85436,0.86327,0.86916,0.87435,0.8652850000000001
4776.0,0.72591,0.85639,0.86504,0.87128,0.87646,0.8672925
4777.0,0.70905,0.85657,0.86496,0.87137,0.8767,0.8674000000000001
4778.0,0.70466,0.85464,0.86267,0.86907,0.87479,0.8652925
4779.0,0.68784,0.8507,0.85828,0.86458,0.87088,0.86111
4780.0,0.70395,0.84519,0.85238,0.85842,0.86539,0.855345
4781.0,0.71745,0.83881,0.84562,0.85131,0.85893,0.8486674999999999
4782.0,0.68956,0.8324,0.83879,0.84416,0.8524,0.8419375
4783.0,0.66273,0.82674,0.83281,0.83797,0.84664,0.83604
4784.0,0.67311,0.82236,0.82829,0.83325,0.84196,0.8314650000000001
4785.0,0.71519,0.81952,0.82532,0.83012,0.83873,0.8284225000000001
4786.0,0.74302,0.81823,0.82396,0.82876,0.8373,0.8270625
4787.0,0.66049,0.81851,0.82451,0.82929,0.83764,0.8274874999999999
4788.0,0.66404,0.82041,0.82699,0.83164,0.83968,0.82968
4789.0,0.69645,0.82406,0.8313,0.83593,0.8435,0.8336975
4790.0,0.67967,0.8295,0.83736,0.8422,0.84912,0.839545
4791.0,0.67426,0.83641,0.8447,0.84997,0.85611,0.8467975
4792.0,0.68784,0.84388,0.85229,0.85822,0.86348,0.8544674999999999
4793.0,0.67043,0.85046,0.85877,0.8654,0.86992,0.8611375
4794.0,0.64799,0.85463,0.86277,0.86987,0.87411,0.865345
4795.0,0.67673,0.85541,0.8635,0.87065,0.87526,0.866205
4796.0,0.68431,0.85294,0.86127,0.86803,0.87354,0.863945
4797.0,0.67276,0.84851,0.85732,0.8634,0.86995,0.8597950000000001
4798.0,0.71754,0.84403,0.85326,0.85872,0.86596,0.8554925
4799.0,0.72051,0.84111,0.85036,0.85561,0.86302,0.8525250000000001
4800.0,0.69901,0.8403,0.84915,0.85468,0.86173,0.851465
4801.0,0.67417,0.84091,0.84914,0.85514,0.86157,0.85169
4802.0,0.67105,0.84149,0.84903,0.85545,0.86138,0.8518374999999999
4803.0,0.69592,0.84069,0.84764,0.85423,0.8602,0.85069
4804.0,0.71387,0.83799,0.84464,0.85109,0.85772,0.8478600000000001
4805.0,0.6994,0.83396,0.84071,0.84675,0.85419,0.8439025
4806.0,0.68631,0.82979,0.83683,0.84237,0.85032,0.8398275
4807.0,0.68445,0.8267,0.83385,0.83913,0.84723,0.8367275000000001
4808.0,0.68034,0.82536,0.83245,0.83777,0.84571,0.8353225
4809.0,0.6875,0.82573,0.83281,0.83832,0.84586,0.83568
4810.0,0.70232,0.8273,0.8345,0.84016,0.84721,0.8372925
4811.0,0.69522,0.82947,0.8369,0.84269,0.84934,0.8396000000000001
4812.0,0.67511,0.83191,0.83972,0.84559,0.85204,0.842315
4813.0,0.69559,0.83462,0.84295,0.84885,0.85515,0.8453925
4814.0,0.72547,0.83776,0.84657,0.85256,0.85859,0.84887
4815.0,0.70354,0.8413,0.85039,0.8566,0.86223,0.85263
4816.0,0.69678,0.84485,0.85392,0.86048,0.86566,0.8562275
4817.0,0.71606,0.84764,0.8564,0.86335,0.86822,0.8589025
4818.0,0.69173,0.84873,0.85696,0.86428,0.86914,0.8597775000000001
4819.0,0.64024,0.84742,0.85518,0.86263,0.86789,0.8582799999999999
4820.0,0.66997,0.84359,0.85118,0.85834,0.86436,0.8543675000000001
4821.0,0.68084,0.83796,0.8456,0.85215,0.85899,0.848675
4822.0,0.64945,0.83189,0.83944,0.84537,0.85304,0.842435
4823.0,0.62891,0.82675,0.83397,0.83964,0.84792,0.83707
4824.0,0.64432,0.82338,0.83027,0.83595,0.8443,0.833475
4825.0,0.65644,0.82172,0.82828,0.83408,0.84197,0.8315125
4826.0,0.63992,0.821,0.82705,0.83308,0.8404,0.8303825
4827.0,0.6668,0.8203,0.82572,0.83205,0.83928,0.8293375
4828.0,0.68159,0.81904,0.8242,0.8306,0.83819,0.8280075
4829.0,0.67795,0.81726,0.82271,0.82885,0.83673,0.8263875
4830.0,0.67435,0.81556,0.82136,0.82716,0.8351,0.824795
4831.0,0.68232,0.81462,0.82044,0.82613,0.83413,0.8238300000000001
4832.0,0.68586,0.81483,0.82048,0.82633,0.83432,0.82399
4833.0,0.66491,0.81601,0.82154,0.82762,0.83526,0.8251075
4834.0,0.65527,0.81748,0.82271,0.82907,0.8362,0.826365
4835.0,0.67965,0.81825,0.82297,0.82967,0.83659,0.82687
4836.0,0.67129,0.81756,0.82194,0.82878,0.83597,0.8260625
4837.0,0.6457,0.81524,0.81968,0.82626,0.83391,0.8237724999999999
4838.0,0.67257,0.81184,0.81639,0.8226,0.83074,0.8203925
4839.0,0.63176,0.80827,0.8129,0.81883,0.82748,0.81687
4840.0,0.67798,0.80547,0.81035,0.81605,0.82497,0.81421
4841.0,0.68694,0.80414,0.80932,0.81483,0.82354,0.8129575
4842.0,0.6675,0.80443,0.80958,0.81514,0.8234,0.8131375
4843.0,0.68581,0.80591,0.81068,0.81665,0.82452,0.81444
4844.0,0.69022,0.80769,0.81222,0.81864,0.82618,0.8161825
4845.0,0.67776,0.80881,0.81343,0.82002,0.82724,0.817375
4846.0,0.75028,0.80867,0.81343,0.82,0.82707,0.8172925
4847.0,0.66762,0.80721,0.81191,0.81844,0.82577,0.8158325
4848.0,0.64515,0.80471,0.80924,0.81575,0.82352,0.813305
4849.0,0.67379,0.8014,0.80571,0.81228,0.82015,0.809885
4850.0,0.68548,0.7971,0.80089,0.80768,0.81533,0.8052499999999999
4851.0,0.68452,0.79112,0.79411,0.80124,0.80881,0.7988200000000001
4852.0,0.67765,0.78267,0.78502,0.79233,0.8001,0.79003
4853.0,0.65799,0.77129,0.77333,0.78048,0.78852,0.778405
4854.0,0.63838,0.75688,0.75865,0.76561,0.7739,0.76376
4855.0,0.64725,0.73943,0.74112,0.74811,0.75658,0.74631
4856.0,0.6894,0.71898,0.72148,0.72836,0.73682,0.72641
4857.0,0.85731,0.69607,0.70067,0.70687,0.71519,0.7046999999999999
4858.0,1.68704,0.67253,0.6802,0.6851,0.69346,0.6828225
4859.0,4.51802,0.65178,0.66267,0.66602,0.67466,0.6637824999999999
4860.0,15.20853,0.63796,0.65132,0.6534,0.66216,0.65121
4861.0,22.66006,0.63426,0.6487,0.6503,0.65837,0.6479075000000001
4862.0,19.19209,0.64147,0.65529,0.65733,0.66373,0.654455
4863.0,9.18788,0.65751,0.66902,0.67223,0.67674,0.668875
4864.0,1.67589,0.67825,0.68643,0.69113,0.69451,0.6875800000000001
4865.0,0.87745,0.69911,0.70406,0.71002,0.71326,0.7066125
4866.0,0.71574,0.71652,0.71886,0.7256,0.72951,0.7226225000000001
4867.0,0.60391,0.72853,0.72905,0.73611,0.74133,0.733755
4868.0,0.61754,0.73499,0.73465,0.74152,0.74839,0.7398875
4869.0,0.67674,0.73723,0.7369,0.74297,0.75143,0.7421325000000001
4870.0,0.66387,0.73759,0.73739,0.7426,0.75248,0.742515
4871.0,0.61641,0.73843,0.73831,0.74305,0.75397,0.7434399999999999
4872.0,0.60948,0.74137,0.74164,0.74623,0.75727,0.7466275
4873.0,0.63938,0.74699,0.74776,0.75246,0.76267,0.75247
4874.0,0.66214,0.75484,0.75578,0.76094,0.77011,0.7604175
4875.0,0.66342,0.7638,0.76478,0.77056,0.77898,0.76953
4876.0,0.65862,0.77262,0.77371,0.78005,0.78788,0.778565
4877.0,0.66411,0.78016,0.78127,0.78815,0.79554,0.78628
4878.0,0.67979,0.78544,0.78656,0.79391,0.80113,0.79176
4879.0,0.68692,0.78791,0.78912,0.79661,0.80389,0.7943825
4880.0,0.69494,0.78757,0.78856,0.79597,0.8037,0.79395
4881.0,0.6974,0.78475,0.78518,0.79258,0.80115,0.790915
4882.0,0.67753,0.77998,0.78002,0.78729,0.79669,0.785995
4883.0,0.65072,0.77392,0.77382,0.78067,0.79058,0.7797474999999999
4884.0,0.63496,0.76737,0.76683,0.77326,0.78366,0.77278
4885.0,0.63398,0.76105,0.75976,0.76595,0.77703,0.7659475
4886.0,0.6403,0.75546,0.75366,0.75966,0.7713,0.76002
4887.0,0.64985,0.75098,0.74926,0.75499,0.76679,0.755505
4888.0,0.64439,0.74813,0.74715,0.75244,0.76414,0.7529650000000001
4889.0,0.64706,0.74787,0.74805,0.7528,0.7643,0.753255
4890.0,0.67368,0.75143,0.75273,0.75719,0.76836,0.7574275
4891.0,0.68496,0.75949,0.76176,0.7665,0.77675,0.766125
4892.0,0.64863,0.77155,0.77463,0.78018,0.78865,0.7787525000000001
4893.0,0.64146,0.78578,0.78926,0.79594,0.80235,0.7933325
4894.0,0.68384,0.7995,0.80299,0.81087,0.8158,0.80729
4895.0,0.65779,0.81019,0.81368,0.82243,0.82682,0.81828
4896.0,0.63109,0.8163,0.82007,0.82912,0.83381,0.824825
4897.0,0.65924,0.81763,0.822,0.83082,0.83625,0.826675
4898.0,0.66644,0.81523,0.82016,0.82847,0.8348,0.8246650000000001
4899.0,0.63714,0.81078,0.81595,0.82379,0.83109,0.8204025
4900.0,0.63626,0.80591,0.81126,0.8187,0.82678,0.8156625
4901.0,0.6556,0.80188,0.80749,0.81454,0.82284,0.8116875000000001
4902.0,0.64868,0.79944,0.80494,0.81183,0.81994,0.8090375
4903.0,0.64921,0.79866,0.80341,0.8106,0.81849,0.80779
4904.0,0.67663,0.79872,0.80259,0.81028,0.81791,0.807375
4905.0,0.6926,0.79834,0.80154,0.80962,0.81688,0.8065950000000002
4906.0,0.67382,0.79641,0.7991,0.80733,0.81459,0.8043575
4907.0,0.65003,0.79261,0.79511,0.80311,0.81101,0.8004600000000001
4908.0,0.6393,0.78767,0.79042,0.79781,0.80664,0.7956350000000001
4909.0,0.63311,0.78309,0.78624,0.79301,0.80249,0.7912075
4910.0,0.64081,0.78036,0.78364,0.7902,0.79975,0.7884875
4911.0,0.65185,0.78012,0.78308,0.78989,0.79893,0.788005
4912.0,0.63703,0.7817,0.78377,0.79118,0.79939,0.78901
4913.0,0.61756,0.78335,0.78388,0.79214,0.79969,0.7897649999999999
4914.0,0.62899,0.78268,0.78148,0.79051,0.79797,0.78816
4915.0,0.646,0.77769,0.7752,0.78449,0.79255,0.7824825
4916.0,0.65539,0.76776,0.76474,0.7736,0.78291,0.7722525
4917.0,0.66501,0.75418,0.75148,0.75918,0.77027,0.7587775
4918.0,0.66288,0.73991,0.73809,0.74423,0.75704,0.7448174999999999
4919.0,0.63996,0.72848,0.72752,0.73242,0.74614,0.73364
4920.0,0.66773,0.72256,0.7221,0.72658,0.74009,0.7278325
4921.0,0.7643,0.72296,0.72295,0.72766,0.73995,0.7283799999999999
4922.0,0.82376,0.72886,0.72947,0.73464,0.74513,0.734525
4923.0,0.7913,0.73868,0.73979,0.74557,0.75446,0.744625
4924.0,0.70041,0.75075,0.75227,0.75875,0.76663,0.7571000000000001
4925.0,0.63395,0.76359,0.76575,0.77287,0.77987,0.7705199999999999
4926.0,0.61794,0.77599,0.77875,0.78651,0.79252,0.7834425
4927.0,0.60506,0.78689,0.78974,0.7982,0.80353,0.79459
4928.0,0.65043,0.79512,0.79775,0.80681,0.81198,0.802915
4929.0,0.66912,0.79973,0.80203,0.81147,0.81689,0.80753
4930.0,0.67036,0.80022,0.80227,0.81182,0.81787,0.808045
4931.0,0.67185,0.79684,0.79888,0.80809,0.81505,0.8047150000000001
4932.0,0.64812,0.79064,0.7925,0.80108,0.80911,0.7983325
4933.0,0.62215,0.78296,0.78413,0.79226,0.80141,0.79019
4934.0,0.62999,0.77477,0.77529,0.78315,0.79318,0.7815975000000001
4935.0,0.65244,0.7668,0.76724,0.77468,0.78512,0.77346
4936.0,0.65885,0.75992,0.76077,0.76755,0.77827,0.7666275
4937.0,0.64387,0.75542,0.75681,0.76296,0.77396,0.7622875
4938.0,0.62566,0.75458,0.75642,0.76231,0.77327,0.7616450000000001
4939.0,0.63318,0.75793,0.76021,0.76633,0.77646,0.7652325
4940.0,0.6769,0.76481,0.76749,0.77421,0.78277,0.7723199999999999
4941.0,0.7006,0.77372,0.77642,0.784,0.79105,0.7812975
4942.0,0.68901,0.78271,0.78538,0.79378,0.80006,0.7904825
4943.0,0.68143,0.79021,0.79343,0.80215,0.80817,0.79849
4944.0,0.66312,0.79563,0.79973,0.8084,0.81431,0.8045175
4945.0,0.64548,0.79933,0.80404,0.8127,0.81877,0.80871
4946.0,0.67089,0.80196,0.80709,0.8158,0.82214,0.8117475
4947.0,0.66135,0.804,0.80945,0.81817,0.82447,0.8140225000000001
4948.0,0.66162,0.8055,0.81076,0.81969,0.82574,0.8154225
4949.0,0.68259,0.80603,0.8105,0.8199,0.82591,0.815585
4950.0,0.69224,0.80476,0.80828,0.81804,0.82428,0.81384
4951.0,0.67693,0.80087,0.80345,0.81322,0.81989,0.8093575
4952.0,0.66708,0.79392,0.79535,0.80495,0.81238,0.80165
4953.0,0.71443,0.78402,0.7843,0.7937,0.80237,0.7910975
4954.0,0.82512,0.77203,0.772,0.78076,0.79087,0.778915
4955.0,1.21796,0.75979,0.76054,0.76799,0.77921,0.7668824999999999
4956.0,2.94759,0.74999,0.75145,0.75768,0.76955,0.7571675
4957.0,13.33175,0.74512,0.74643,0.75233,0.76443,0.7520775000000001
4958.0,32.17638,0.74587,0.74679,0.75316,0.76444,0.752565
4959.0,42.20649,0.75093,0.75148,0.75866,0.76801,0.75727
4960.0,27.19316,0.75781,0.75746,0.76571,0.77338,0.76359
4961.0,8.71512,0.76375,0.76235,0.77157,0.77878,0.7691125000000001
4962.0,1.94323,0.76673,0.76504,0.77456,0.78209,0.772105
4963.0,0.84212,0.7661,0.76487,0.77415,0.78211,0.7718075
4964.0,0.7486,0.76275,0.76209,0.77086,0.77954,0.76881
4965.0,0.69167,0.75844,0.75826,0.76643,0.77609,0.764805
4966.0,0.68362,0.75494,0.7553,0.76292,0.77316,0.7615799999999999
4967.0,0.66486,0.75347,0.7543,0.76163,0.77172,0.7602800000000001
4968.0,0.66302,0.7545,0.75553,0.76294,0.7725,0.7613675
4969.0,0.65429,0.75775,0.75882,0.76653,0.77547,0.7646425
4970.0,0.6755,0.76244,0.76345,0.77157,0.77984,0.769325
4971.0,0.66934,0.76744,0.76825,0.77692,0.78453,0.7742850000000001
4972.0,0.62029,0.77157,0.77203,0.78123,0.78841,0.7783100000000001
4973.0,0.61089,0.77378,0.77376,0.78337,0.79045,0.78034
4974.0,0.62427,0.77331,0.77269,0.78257,0.78991,0.77962
4975.0,0.61845,0.76984,0.76857,0.7785,0.78645,0.77584
4976.0,0.65331,0.76351,0.76161,0.7713,0.7801,0.76913
4977.0,0.61722,0.75483,0.75223,0.76145,0.7712,0.7599275
4978.0,0.61706,0.74461,0.74108,0.74989,0.76069,0.7490674999999999
4979.0,0.67754,0.73367,0.72951,0.73783,0.74965,0.737665
4980.0,0.63563,0.72301,0.71889,0.72641,0.73895,0.726815
4981.0,0.60638,0.71403,0.71021,0.71689,0.72993,0.7177650000000001
4982.0,0.65234,0.70828,0.70472,0.71087,0.72423,0.712025
4983.0,0.68835,0.70683,0.7036,0.70954,0.72259,0.7106399999999999
4984.0,0.76356,0.70973,0.70671,0.71289,0.7248,0.7135325
4985.0,0.86226,0.71607,0.71279,0.7197,0.73026,0.7197049999999999
4986.0,0.9108,0.72405,0.72044,0.72822,0.73774,0.7276125
4987.0,0.83249,0.73174,0.72815,0.73658,0.74535,0.735455
4988.0,0.72243,0.73775,0.73453,0.74328,0.7517,0.741815
4989.0,0.65482,0.74165,0.73893,0.74773,0.75625,0.74614
4990.0,0.63079,0.74377,0.74151,0.75027,0.75912,0.7486675
4991.0,0.63151,0.74478,0.74291,0.75163,0.76073,0.7500125000000001
4992.0,0.65249,0.74517,0.74359,0.75226,0.76134,0.7505900000000001
4993.0,0.67172,0.74522,0.74344,0.7522,0.76124,0.7505249999999999
4994.0,0.65353,0.74479,0.74242,0.7514,0.76059,0.7498
4995.0,0.6556,0.74333,0.74036,0.74949,0.75879,0.7479925
4996.0,0.65574,0.74029,0.73668,0.74593,0.75538,0.7445700000000001
4997.0,0.65611,0.73544,0.73127,0.74049,0.75045,0.7394124999999999
4998.0,0.67708,0.72903,0.72456,0.73343,0.74409,0.7327775
4999.0,0.7017,0.72178,0.71704,0.72547,0.73682,0.7252775
5000.0,0.73583,0.71457,0.70944,0.71748,0.72942,0.7177275000000001
5001.0,0.85682,0.70801,0.70243,0.71018,0.72246,0.7107699999999999
5002.0,1.42022,0.70245,0.69644,0.70406,0.71651,0.704865
5003.0,1.88453,0.69806,0.69199,0.69945,0.71199,0.7003725000000001
5004.0,10.25042,0.6952,0.68941,0.69653,0.70905,0.6975475
5005.0,42.12918,0.69436,0.6886,0.69561,0.70796,0.6966325
5006.0,96.30331,0.69563,0.68943,0.69678,0.70875,0.6976475
5007.0,124.07077,0.6982,0.69131,0.69926,0.71051,0.6998200000000001
5008.0,69.08995,0.70047,0.69276,0.70136,0.71187,0.7016150000000001
5009.0,22.47277,0.70083,0.69234,0.70137,0.71181,0.7015875
5010.0,4.256,0.69832,0.68961,0.69859,0.70962,0.6990350000000001
5011.0,0.94939,0.69314,0.6849,0.69337,0.70516,0.6941425000000001
5012.0,0.92029,0.68663,0.67917,0.68695,0.69946,0.6880525
5013.0,0.74946,0.68065,0.67394,0.6811,0.6941,0.6824475
5014.0,0.86073,0.67678,0.67055,0.67741,0.69039,0.6787825
5015.0,1.05733,0.67572,0.66966,0.67658,0.68911,0.6777675
5016.0,1.0308,0.67718,0.67112,0.6782,0.69007,0.6791425
5017.0,0.8428,0.68039,0.67404,0.68136,0.69273,0.68213
5018.0,0.69457,0.6844,0.67766,0.68533,0.69647,0.685965
5019.0,0.65303,0.68837,0.68157,0.68949,0.70046,0.6899725000000001
5020.0,0.66343,0.69187,0.68532,0.69331,0.70409,0.6936475
5021.0,0.6477,0.69497,0.6886,0.69662,0.70743,0.696905
5022.0,0.60191,0.69795,0.6917,0.69974,0.71073,0.7000299999999999
5023.0,0.61813,0.70082,0.69482,0.70296,0.71382,0.7031050000000001
5024.0,0.6185,0.70349,0.69788,0.70619,0.71673,0.7060725
5025.0,0.62685,0.70601,0.70102,0.70931,0.71979,0.7090325000000001
5026.0,0.63955,0.70873,0.70459,0.71263,0.72313,0.71227
5027.0,0.63475,0.71225,0.70875,0.71676,0.72711,0.7162175000000001
5028.0,0.61458,0.71688,0.71376,0.72208,0.73201,0.7211825000000001
5029.0,0.62378,0.7223,0.71935,0.7281,0.73728,0.7267575000000001
5030.0,0.68864,0.72766,0.72439,0.73364,0.74221,0.7319749999999999
5031.0,0.64519,0.73175,0.7277,0.73753,0.74595,0.7357325
5032.0,0.63966,0.73323,0.72841,0.73875,0.74723,0.736905
5033.0,0.66764,0.73113,0.72579,0.73633,0.74514,0.7345975
5034.0,0.65782,0.72538,0.71964,0.72988,0.73955,0.7286125
5035.0,0.6132,0.71683,0.71052,0.72012,0.73114,0.7196525
5036.0,0.60306,0.70666,0.69979,0.70875,0.72107,0.7090675
5037.0,0.63149,0.69604,0.68907,0.6974,0.71051,0.6982550000000001
5038.0,0.64809,0.68634,0.67985,0.68743,0.70105,0.6886675
5039.0,0.68339,0.67939,0.67381,0.68048,0.69456,0.6820600000000001
5040.0,0.72132,0.67704,0.67234,0.6784,0.69239,0.6800425
5041.0,0.73197,0.68028,0.67592,0.68226,0.69522,0.6834199999999999
5042.0,0.71377,0.68838,0.68388,0.69116,0.70234,0.6914399999999999
5043.0,0.69435,0.69907,0.69398,0.70241,0.71174,0.7018
5044.0,0.68617,0.70939,0.70336,0.71298,0.72125,0.711745
5045.0,0.64745,0.71657,0.71005,0.72047,0.72853,0.718905
5046.0,0.65284,0.71905,0.71288,0.72336,0.73175,0.72176
5047.0,0.67171,0.71713,0.71174,0.72167,0.731,0.720385
5048.0,0.65611,0.71275,0.70815,0.71726,0.72797,0.7165325
5049.0,0.62262,0.70832,0.70456,0.71289,0.72453,0.7125750000000001
5050.0,0.6203,0.70576,0.70269,0.71055,0.72222,0.7103050000000001
5051.0,0.64325,0.70613,0.70329,0.7111,0.72236,0.71072
5052.0,0.62772,0.70943,0.70657,0.71463,0.72535,0.713995
5053.0,0.62037,0.71481,0.71202,0.72054,0.73043,0.7194499999999999
5054.0,0.64244,0.72108,0.71852,0.72755,0.73656,0.7259275
5055.0,0.67147,0.72723,0.72498,0.73442,0.74285,0.73237
5056.0,0.66533,0.73267,0.73069,0.74047,0.74865,0.73812
5057.0,0.63321,0.73706,0.73527,0.74536,0.75337,0.742765
5058.0,0.63284,0.74008,0.73824,0.74861,0.75645,0.7458450000000001
5059.0,0.61326,0.74137,0.73905,0.74964,0.7576,0.746915
5060.0,0.60636,0.74047,0.73742,0.74813,0.75651,0.7456325
5061.0,0.61387,0.73694,0.73326,0.74401,0.75291,0.74178
5062.0,0.61461,0.73084,0.72693,0.7374,0.74706,0.7355575
5063.0,0.59189,0.72303,0.71927,0.72897,0.7396,0.7277175
5064.0,0.57064,0.71507,0.71131,0.7203,0.73185,0.7196325
5065.0,0.58943,0.70845,0.7045,0.71317,0.72524,0.7128399999999999
5066.0,0.59257,0.70388,0.69986,0.70833,0.72021,0.70807
5067.0,0.62749,0.70145,0.69712,0.70555,0.717,0.70528
5068.0,0.64156,0.70086,0.6959,0.70456,0.71586,0.704295
5069.0,0.60506,0.70135,0.69604,0.70497,0.71601,0.7045925
5070.0,0.58364,0.70204,0.69672,0.70583,0.71635,0.7052350000000001
5071.0,0.59815,0.70246,0.69699,0.70621,0.71656,0.7055549999999999
5072.0,0.57875,0.70252,0.69662,0.70604,0.71662,0.7054499999999999
5073.0,0.61203,0.70193,0.69569,0.7053,0.71591,0.7047075
5074.0,0.6143,0.70024,0.69358,0.70325,0.71373,0.7027
5075.0,0.59404,0.69712,0.68963,0.69933,0.71019,0.6990675
5076.0,0.59109,0.69239,0.68422,0.69384,0.70549,0.6939850000000001
5077.0,0.60779,0.68617,0.67805,0.68727,0.69947,0.68774
5078.0,0.62216,0.67929,0.6716,0.68013,0.69285,0.6809675
5079.0,0.63033,0.67336,0.66597,0.67384,0.68732,0.6751225
5080.0,0.64727,0.66987,0.66279,0.67027,0.68403,0.67174
5081.0,0.64545,0.66944,0.66272,0.67017,0.68327,0.6714
5082.0,0.64843,0.67195,0.66537,0.67308,0.68528,0.6739200000000001
5083.0,0.67393,0.67682,0.6702,0.6783,0.6899,0.6788050000000001
5084.0,0.69793,0.68305,0.67661,0.68513,0.69609,0.6852199999999999
5085.0,0.71162,0.68957,0.68351,0.69248,0.70263,0.6920474999999999
5086.0,0.75197,0.69564,0.68999,0.69928,0.709,0.6984775
5087.0,0.76924,0.70096,0.69577,0.70522,0.71488,0.7042075
5088.0,0.75939,0.70552,0.70081,0.71043,0.71997,0.7091825
5089.0,0.76037,0.70934,0.70496,0.7148,0.72411,0.7133025
5090.0,0.78369,0.71232,0.70794,0.71799,0.72717,0.716355
5091.0,0.78648,0.71418,0.70938,0.71973,0.72894,0.7180575000000001
5092.0,0.74308,0.71435,0.70897,0.71961,0.72894,0.7179675
5093.0,0.70712,0.7122,0.70633,0.71703,0.72663,0.7155475
5094.0,0.65436,0.70759,0.70134,0.71178,0.72208,0.7106975
5095.0,0.63046,0.70105,0.69471,0.70463,0.71592,0.7040775
5096.0,0.61864,0.69371,0.68765,0.69695,0.70904,0.6968375
5097.0,0.60005,0.68704,0.68145,0.69015,0.70268,0.69033
5098.0,0.59776,0.68248,0.67709,0.68535,0.69803,0.6857375
5099.0,0.61981,0.68081,0.67508,0.68335,0.69581,0.6837625
5100.0,0.59088,0.68158,0.67521,0.68394,0.6957,0.6841075
5101.0,0.57072,0.68343,0.67639,0.68572,0.69665,0.6855475
5102.0,0.60101,0.68492,0.67732,0.68706,0.69767,0.6867424999999999
5103.0,0.63354,0.68513,0.6772,0.68706,0.69786,0.6868124999999999
5104.0,0.62422,0.68377,0.67575,0.68557,0.6967,0.6854475
5105.0,0.59781,0.6811,0.67324,0.68282,0.69433,0.6828725
5106.0,0.60655,0.67784,0.67031,0.67947,0.69139,0.6797525
5107.0,0.60535,0.67502,0.66785,0.67667,0.689,0.677135
5108.0,0.60412,0.67356,0.66691,0.67543,0.68784,0.6759350000000001
5109.0,0.5938,0.67399,0.66784,0.6762,0.68824,0.6765675
5110.0,0.58564,0.67656,0.67058,0.67913,0.69076,0.6792575000000001
5111.0,0.59259,0.68095,0.67524,0.68404,0.69514,0.6838425
5112.0,0.60832,0.68647,0.68106,0.69022,0.70049,0.68956
5113.0,0.60661,0.69243,0.68711,0.69676,0.7065,0.6957
5114.0,0.58146,0.69811,0.69286,0.70292,0.71232,0.7015525
5115.0,0.58107,0.70275,0.69739,0.70785,0.71686,0.7062125
5116.0,0.58182,0.70565,0.69979,0.71069,0.71965,0.708945
5117.0,0.57981,0.70606,0.69963,0.7108,0.71999,0.70912
5118.0,0.58853,0.70352,0.69654,0.70774,0.71741,0.7063025
5119.0,0.60883,0.69801,0.69055,0.70148,0.71197,0.7005025
5120.0,0.61765,0.6901,0.68228,0.69275,0.70424,0.6923425
5121.0,0.60917,0.68082,0.67283,0.68274,0.69518,0.6828925
5122.0,0.56955,0.67142,0.66346,0.67268,0.68583,0.6733475
5123.0,0.55888,0.66322,0.65516,0.66381,0.67746,0.6649125
5124.0,0.58173,0.65721,0.64892,0.65724,0.67112,0.6586225
5125.0,0.5952,0.65367,0.64525,0.65343,0.66705,0.6548499999999999
5126.0,0.57943,0.65243,0.64397,0.65219,0.66534,0.6534825
5127.0,0.5744,0.65325,0.64488,0.65321,0.666,0.654335
5128.0,0.5853,0.65584,0.64774,0.65617,0.66851,0.657065
5129.0,0.56749,0.65984,0.65191,0.66058,0.67234,0.6611675
5130.0,0.56247,0.66472,0.65679,0.66589,0.67711,0.6661275
5131.0,0.58187,0.66972,0.6618,0.67135,0.68207,0.671235
5132.0,0.58316,0.67404,0.66608,0.67596,0.68632,0.6756
5133.0,0.56099,0.67705,0.66878,0.67897,0.68931,0.6785275
5134.0,0.57974,0.6782,0.66961,0.67997,0.69057,0.6795875
5135.0,0.56849,0.67713,0.66848,0.67877,0.68962,0.6785
5136.0,0.56261,0.67408,0.66548,0.67562,0.687,0.6755450000000001
5137.0,0.56305,0.66992,0.66158,0.67129,0.68341,0.67155
5138.0,0.55909,0.66567,0.6575,0.6667,0.67919,0.667265
5139.0,0.57403,0.66216,0.6536,0.66276,0.67544,0.66349
5140.0,0.59849,0.65947,0.65063,0.65989,0.67255,0.6606350000000001
5141.0,0.57251,0.65732,0.64846,0.65763,0.66998,0.6583475000000001
5142.0,0.57706,0.65573,0.64651,0.6557,0.66814,0.65652
5143.0,0.59829,0.65459,0.64502,0.65429,0.66689,0.6551975
5144.0,0.59991,0.65347,0.64383,0.65317,0.66546,0.6539825
5145.0,0.58377,0.65223,0.64252,0.65191,0.66417,0.6527075
5146.0,0.57393,0.6511,0.6414,0.65064,0.6632,0.6515850000000001
5147.0,0.58924,0.65028,0.64056,0.64972,0.66229,0.6507125
5148.0,0.61791,0.64977,0.63993,0.64917,0.66165,0.65013
5149.0,0.5792,0.64941,0.6397,0.64888,0.66135,0.649835
5150.0,0.56489,0.64933,0.64002,0.649,0.66153,0.6499699999999999
5151.0,0.62162,0.65,0.64123,0.65004,0.66262,0.6509725
5152.0,0.59435,0.65189,0.64377,0.65249,0.66486,0.6532525
5153.0,0.54983,0.65532,0.64772,0.65654,0.66846,0.65701
5154.0,0.56636,0.66031,0.65298,0.66204,0.67346,0.6621975
5155.0,0.57616,0.66633,0.65896,0.66848,0.67925,0.6682549999999999
5156.0,0.58659,0.67237,0.66462,0.67485,0.68497,0.6742025
5157.0,0.60796,0.67714,0.66889,0.67974,0.68948,0.6788124999999999
5158.0,0.60916,0.67948,0.67054,0.68181,0.69149,0.68083
5159.0,0.59993,0.67856,0.66855,0.68024,0.69029,0.6794100000000001
5160.0,0.5833,0.67373,0.66256,0.67447,0.68517,0.6739824999999999
5161.0,0.57049,0.66464,0.65228,0.66402,0.67563,0.6641425000000001
5162.0,0.58323,0.65158,0.63784,0.6491,0.66216,0.65017
5163.0,0.59901,0.63529,0.62036,0.63085,0.64558,0.6330200000000001
5164.0,0.58485,0.61691,0.60132,0.61078,0.62694,0.6139874999999999
5165.0,0.56433,0.59826,0.5824,0.59077,0.60824,0.5949175
5166.0,0.53903,0.5816,0.56559,0.57296,0.59141,0.57789
5167.0,0.52896,0.56879,0.55235,0.55893,0.57773,0.56445
5168.0,0.54189,0.56054,0.54325,0.54945,0.56807,0.5553275
5169.0,0.55646,0.55632,0.53843,0.54465,0.56275,0.5505374999999999
5170.0,0.5551,0.55527,0.53785,0.54416,0.56156,0.54971
5171.0,0.54878,0.55745,0.54137,0.54748,0.56422,0.55263
5172.0,0.53647,0.56369,0.54866,0.55474,0.57073,0.559455
5173.0,0.52947,0.57418,0.55927,0.56614,0.58094,0.5701325
5174.0,0.53278,0.58729,0.57216,0.58028,0.59327,0.58325
5175.0,0.54355,0.60049,0.58491,0.59427,0.60573,0.5963499999999999
5176.0,0.55494,0.61138,0.59504,0.60552,0.61643,0.6070925
5177.0,0.56485,0.61784,0.60075,0.61211,0.62299,0.6134225
5178.0,0.58588,0.61843,0.6009,0.61243,0.62392,0.61392
5179.0,0.61151,0.61315,0.59573,0.60646,0.61952,0.608715
5180.0,0.60134,0.6037,0.58706,0.5966,0.6116,0.59974
5181.0,0.56834,0.59301,0.57809,0.58626,0.60271,0.5900175
5182.0,0.54908,0.58462,0.57183,0.57858,0.59567,0.582675
5183.0,0.55652,0.58201,0.57045,0.57641,0.59347,0.580585
5184.0,0.55954,0.58661,0.57519,0.58136,0.5973,0.585115
5185.0,0.56707,0.59696,0.58495,0.59233,0.60604,0.59507
5186.0,0.56649,0.60993,0.59713,0.60606,0.61783,0.6077375
5187.0,0.5649,0.62228,0.60908,0.619,0.6297,0.620015
5188.0,0.56831,0.63166,0.61811,0.62867,0.63905,0.6293725
5189.0,0.56878,0.63668,0.62313,0.63416,0.64494,0.6347275
5190.0,0.5512,0.63723,0.62489,0.6355,0.64699,0.6361524999999999
5191.0,0.51652,0.6351,0.62433,0.63393,0.64638,0.634935
5192.0,0.55354,0.63309,0.62325,0.6322,0.64566,0.63355
5193.0,0.5526,0.63288,0.62377,0.63248,0.64589,0.6337550000000001
5194.0,0.51623,0.6349,0.62623,0.63499,0.64766,0.6359450000000001
5195.0,0.54198,0.63907,0.6304,0.63946,0.65167,0.64015
5196.0,0.59819,0.64469,0.63581,0.64546,0.65697,0.6457325
5197.0,0.64222,0.65041,0.64103,0.65142,0.66204,0.6512249999999999
5198.0,0.71172,0.65465,0.64452,0.65559,0.66585,0.6551525
5199.0,0.6915,0.65613,0.64531,0.65687,0.66724,0.6563875
5200.0,0.63763,0.65414,0.64277,0.65443,0.6652,0.654135
5201.0,0.65084,0.64856,0.63659,0.64799,0.65964,0.648195
5202.0,0.62042,0.63984,0.62739,0.63838,0.65122,0.6392075
5203.0,0.56721,0.62893,0.61663,0.62686,0.64078,0.6283
5204.0,0.54873,0.61761,0.60581,0.6149,0.62986,0.617045
5205.0,0.55755,0.60805,0.59664,0.60479,0.62064,0.6075299999999999
5206.0,0.55531,0.60199,0.59107,0.59868,0.61464,0.601595
5207.0,0.53514,0.60031,0.59004,0.59737,0.61267,0.6000975
5208.0,0.53884,0.60344,0.5935,0.60098,0.61539,0.6033275
5209.0,0.52896,0.61091,0.60096,0.60909,0.62232,0.6108199999999999
5210.0,0.52845,0.62112,0.61094,0.62001,0.63175,0.620955
5211.0,0.55529,0.63194,0.62148,0.63142,0.6421,0.631735
5212.0,0.57674,0.64149,0.63106,0.6416,0.65184,0.6414974999999999
5213.0,0.57082,0.64868,0.63879,0.64965,0.65978,0.6492249999999999
5214.0,0.57614,0.65346,0.64451,0.65534,0.66566,0.6547425
5215.0,0.56278,0.65671,0.64875,0.65936,0.67003,0.6587125
5216.0,0.5389,0.65955,0.65218,0.66267,0.6735,0.661975
5217.0,0.53868,0.66251,0.65505,0.66582,0.67646,0.66496
5218.0,0.5705,0.66518,0.65715,0.66841,0.67874,0.66737
5219.0,0.59303,0.66649,0.65763,0.66936,0.67948,0.6682400000000001
5220.0,0.5558,0.66535,0.65548,0.66755,0.67791,0.6665725
5221.0,0.55746,0.6609,0.6503,0.66237,0.6734,0.6617425
5222.0,0.56174,0.65317,0.64244,0.65391,0.66599,0.6538775
5223.0,0.55027,0.64335,0.63305,0.64347,0.65686,0.6441825
5224.0,0.53264,0.63356,0.62407,0.63355,0.64797,0.6347875
5225.0,0.52615,0.62615,0.61781,0.62639,0.64115,0.627875
5226.0,0.53333,0.62303,0.61535,0.62338,0.63782,0.624895
5227.0,0.53295,0.62491,0.61683,0.62522,0.63893,0.6264725
5228.0,0.54489,0.63052,0.62188,0.63098,0.64343,0.6317025
5229.0,0.5512,0.6376,0.62847,0.6383,0.64953,0.638475
5230.0,0.54749,0.64435,0.63498,0.6454,0.65629,0.6452549999999999
5231.0,0.54598,0.64969,0.64094,0.65153,0.66224,0.6511
5232.0,0.54572,0.65368,0.64588,0.6564,0.66709,0.6557625
5233.0,0.54223,0.65726,0.65039,0.66073,0.6717,0.66002
5234.0,0.53926,0.66134,0.6553,0.66554,0.67639,0.6646425
5235.0,0.54342,0.66633,0.66056,0.67104,0.68149,0.6698550000000001
5236.0,0.55202,0.67186,0.66605,0.67695,0.68702,0.67547
5237.0,0.55824,0.67704,0.67126,0.6826,0.69221,0.6807775
5238.0,0.56267,0.68118,0.67545,0.68712,0.69651,0.685065
5239.0,0.54967,0.68397,0.67826,0.69008,0.69955,0.6879649999999999
5240.0,0.52822,0.6853,0.67947,0.69151,0.70107,0.6893375
5241.0,0.54426,0.68511,0.67913,0.69135,0.70101,0.68915
5242.0,0.57112,0.6834,0.6772,0.68932,0.69924,0.6872900000000001
5243.0,0.5435,0.6803,0.67338,0.68545,0.69586,0.6837475000000001
5244.0,0.52331,0.67557,0.66789,0.68009,0.691,0.6786374999999999
5245.0,0.54744,0.66906,0.66142,0.67328,0.68458,0.672085
5246.0,0.56688,0.66159,0.65423,0.66535,0.67732,0.6646225
5247.0,0.54572,0.65467,0.64719,0.65783,0.6706,0.6575725
5248.0,0.52079,0.64911,0.64165,0.65204,0.6649,0.6519250000000001
5249.0,0.54912,0.64521,0.63802,0.64812,0.66074,0.6480225000000001
5250.0,0.54912,0.64346,0.63651,0.64633,0.65893,0.6463075
5251.0,0.57635,0.64415,0.63724,0.64708,0.65935,0.646955
5252.0,0.55647,0.6468,0.63981,0.65005,0.66168,0.6495850000000001
5253.0,0.50486,0.65073,0.64404,0.65452,0.66558,0.6537175
5254.0,0.49226,0.65556,0.64918,0.65988,0.67034,0.65874
5255.0,0.52703,0.66104,0.65418,0.66552,0.67551,0.6640625
5256.0,0.49657,0.66599,0.65814,0.67029,0.67977,0.6685475
5257.0,0.54698,0.66858,0.65954,0.67239,0.68157,0.67052
5258.0,0.56868,0.66732,0.65711,0.67029,0.67993,0.6686625
5259.0,0.54363,0.66146,0.65028,0.66343,0.67395,0.66228
5260.0,0.54487,0.65105,0.63917,0.65191,0.66368,0.6514525
5261.0,0.57408,0.63713,0.62496,0.63677,0.65009,0.6372375
5262.0,0.58802,0.62159,0.6093,0.61992,0.63472,0.6213825
5263.0,0.55912,0.60647,0.59396,0.60368,0.61953,0.60591
5264.0,0.51644,0.59332,0.58079,0.58973,0.60603,0.5924675
5265.0,0.50521,0.58327,0.57056,0.57877,0.59523,0.5819575
5266.0,0.53572,0.57691,0.56355,0.5715,0.58804,0.575
5267.0,0.54799,0.57384,0.56038,0.56839,0.58445,0.571765
5268.0,0.55061,0.57359,0.56109,0.5689,0.58412,0.571925
5269.0,0.57202,0.57672,0.56518,0.57278,0.58747,0.5755375
5270.0,0.60573,0.58372,0.57255,0.58057,0.59453,0.5828425
5271.0,0.61403,0.59367,0.58281,0.59152,0.6042,0.5930500000000001
5272.0,0.57896,0.6051,0.59472,0.60397,0.61561,0.6048499999999999
5273.0,0.58344,0.61704,0.60725,0.61709,0.62806,0.61736
5274.0,0.56495,0.62872,0.61956,0.6301,0.64021,0.6296474999999999
5275.0,0.54877,0.63936,0.63044,0.64164,0.65121,0.6406625
5276.0,0.56762,0.64827,0.6393,0.65099,0.66052,0.64977
5277.0,0.58936,0.65467,0.64569,0.65774,0.66725,0.6563375
5278.0,0.54485,0.658,0.64923,0.66141,0.67122,0.659965
5279.0,0.57358,0.6585,0.65037,0.66224,0.67273,0.66096
5280.0,0.55274,0.65724,0.65,0.66133,0.67253,0.6602750000000001
5281.0,0.5303,0.65573,0.64947,0.66029,0.67204,0.6593825
5282.0,0.54655,0.65547,0.65037,0.66071,0.67255,0.659775
5283.0,0.56315,0.65769,0.65343,0.6636,0.67508,0.66245
5284.0,0.53858,0.66289,0.65874,0.66924,0.68009,0.6677399999999999
5285.0,0.51912,0.67024,0.66577,0.67698,0.68691,0.674975
5286.0,0.52805,0.67806,0.67331,0.68529,0.69431,0.6827425
5287.0,0.54085,0.68491,0.68007,0.69263,0.70114,0.6896875
5288.0,0.54156,0.69,0.68499,0.69803,0.70638,0.69485
5289.0,0.54551,0.69282,0.6874,0.70082,0.70929,0.6975825
5290.0,0.54557,0.69293,0.68702,0.70063,0.70945,0.6975075
5291.0,0.53521,0.69009,0.68382,0.69738,0.7067,0.6944975
5292.0,0.5308,0.68453,0.6779,0.69122,0.70124,0.6887224999999999
5293.0,0.53989,0.67678,0.66972,0.68265,0.69358,0.6806825
5294.0,0.5468,0.66756,0.6602,0.67252,0.68442,0.6711750000000001
5295.0,0.52543,0.65775,0.6506,0.66216,0.67486,0.6613424999999999
5296.0,0.51739,0.64876,0.64238,0.65309,0.66631,0.652635
5297.0,0.52516,0.64243,0.63676,0.64673,0.66016,0.64652
5298.0,0.53296,0.64008,0.63451,0.64427,0.65754,0.6441
5299.0,0.53377,0.6417,0.63618,0.64613,0.65865,0.6456649999999999
5300.0,0.53373,0.64645,0.64126,0.65149,0.66292,0.65053
5301.0,0.53104,0.65364,0.64863,0.65933,0.66989,0.6578725
5302.0,0.50361,0.66236,0.65733,0.66873,0.67842,0.66671
5303.0,0.50547,0.67125,0.66614,0.67824,0.6872,0.6757074999999999
5304.0,0.54337,0.67913,0.67415,0.68665,0.69532,0.6838125
5305.0,0.57429,0.68538,0.68078,0.69355,0.7021,0.6904524999999999
5306.0,0.55772,0.68988,0.68573,0.69867,0.70721,0.6953725
5307.0,0.52338,0.69286,0.68896,0.70198,0.71072,0.6986300000000001
5308.0,0.53864,0.69457,0.69071,0.70379,0.71279,0.700465
5309.0,0.54865,0.69505,0.69119,0.70429,0.71344,0.7009924999999999
5310.0,0.53046,0.69434,0.69042,0.70349,0.71286,0.7002775
5311.0,0.53172,0.6926,0.68859,0.70159,0.71125,0.6985075000000001
5312.0,0.54552,0.69001,0.68591,0.6988,0.70872,0.69586
5313.0,0.54477,0.68685,0.68259,0.69531,0.70556,0.6925775000000001
5314.0,0.53312,0.6834,0.67902,0.69157,0.70208,0.6890175
5315.0,0.55391,0.67991,0.67543,0.68785,0.69846,0.6854125
5316.0,0.58907,0.67663,0.67183,0.6842,0.6949,0.68189
5317.0,0.52206,0.67358,0.66821,0.68065,0.69141,0.6784625
5318.0,0.49346,0.67034,0.66435,0.67694,0.6876,0.6748075
5319.0,0.51738,0.66645,0.65975,0.67248,0.6832,0.67047
5320.0,0.54041,0.66167,0.6541,0.66686,0.67787,0.665125
5321.0,0.53128,0.65567,0.64711,0.65985,0.67121,0.6584599999999999
5322.0,0.51437,0.64801,0.63875,0.65134,0.66312,0.650305
5323.0,0.53304,0.63879,0.62928,0.64139,0.65383,0.6408225
5324.0,0.51668,0.62901,0.6192,0.63058,0.64401,0.6307
5325.0,0.51245,0.61962,0.60968,0.62037,0.63466,0.6210825
5326.0,0.52955,0.61143,0.60236,0.61223,0.6268,0.613205
5327.0,0.52742,0.60601,0.59827,0.60731,0.62186,0.6083625
5328.0,0.49171,0.60545,0.59833,0.60709,0.6214,0.6080675
5329.0,0.50862,0.61015,0.60295,0.61215,0.6254,0.6126624999999999
5330.0,0.54562,0.61868,0.61123,0.62121,0.63305,0.6210425
5331.0,0.56427,0.62918,0.62169,0.63249,0.64306,0.631605
5332.0,0.55783,0.64011,0.63239,0.64416,0.65364,0.6425749999999999
5333.0,0.54764,0.64987,0.64159,0.65428,0.66322,0.6522399999999999
5334.0,0.53924,0.65686,0.64824,0.66148,0.67037,0.6592375
5335.0,0.52912,0.66018,0.65174,0.66512,0.6743,0.6628350000000001
5336.0,0.51947,0.66012,0.65202,0.66516,0.67507,0.6630925
5337.0,0.52719,0.65761,0.64979,0.66252,0.67333,0.6608125
5338.0,0.54678,0.65358,0.64627,0.65851,0.67,0.6570900000000001
5339.0,0.50839,0.64921,0.64266,0.65432,0.66624,0.6531075
5340.0,0.49895,0.646,0.63984,0.65114,0.66327,0.6500625
5341.0,0.52341,0.64478,0.63841,0.64979,0.66177,0.6486875000000001
5342.0,0.54439,0.64512,0.6383,0.64992,0.66144,0.648695
5343.0,0.53782,0.64609,0.63892,0.65081,0.66197,0.6494475
5344.0,0.5232,0.64698,0.63984,0.65187,0.6628,0.6503725
5345.0,0.50481,0.64761,0.6406,0.65263,0.66356,0.6511
5346.0,0.51969,0.64814,0.64142,0.65329,0.66452,0.6518425
5347.0,0.53025,0.64892,0.64295,0.65456,0.66581,0.65306
5348.0,0.5126,0.65062,0.64553,0.65695,0.66809,0.6552975
5349.0,0.50227,0.65411,0.64963,0.66101,0.67196,0.6591775
5350.0,0.53052,0.65958,0.65531,0.66697,0.67738,0.66481
5351.0,0.54697,0.66633,0.66219,0.67433,0.68407,0.6717299999999999
5352.0,0.53315,0.67355,0.66966,0.68222,0.69135,0.679195
5353.0,0.51923,0.68069,0.67678,0.68985,0.69853,0.6864625
5354.0,0.53403,0.68698,0.68289,0.69649,0.70489,0.6928125
5355.0,0.52701,0.69157,0.68737,0.70133,0.7096,0.6974675
5356.0,0.50734,0.69402,0.68974,0.7039,0.71235,0.7000025000000001
5357.0,0.5022,0.69432,0.68992,0.70415,0.7129,0.7003225000000001
5358.0,0.50881,0.69254,0.6879,0.70209,0.71126,0.6984475000000001
5359.0,0.505,0.68885,0.68397,0.69796,0.70771,0.6946225
5360.0,0.4869,0.68362,0.67859,0.69233,0.70259,0.6892825
5361.0,0.52205,0.67743,0.67218,0.68559,0.69634,0.682885
5362.0,0.5448,0.67088,0.66514,0.67828,0.68952,0.675955
5363.0,0.53541,0.66419,0.6579,0.67085,0.68237,0.6688275
5364.0,0.51844,0.65738,0.65052,0.66326,0.675,0.66154
5365.0,0.52241,0.65052,0.64306,0.65559,0.66767,0.65421
5366.0,0.5241,0.64361,0.63577,0.64803,0.66041,0.6469550000000001
5367.0,0.52884,0.63686,0.62893,0.64074,0.65359,0.64003
5368.0,0.5129,0.63091,0.62339,0.63454,0.64782,0.634165
5369.0,0.48492,0.62673,0.61998,0.63063,0.64394,0.63032
5370.0,0.48583,0.62544,0.61955,0.62986,0.64291,0.62944
5371.0,0.50405,0.62794,0.62235,0.63276,0.64522,0.6320675
5372.0,0.51462,0.63398,0.62814,0.63918,0.65069,0.6379975
5373.0,0.52703,0.64205,0.63591,0.64771,0.65807,0.645935
5374.0,0.53358,0.65051,0.64402,0.65657,0.66614,0.65431
5375.0,0.52792,0.65796,0.65129,0.66447,0.67351,0.6618075000000001
5376.0,0.55136,0.66335,0.65666,0.67025,0.67918,0.66736
5377.0,0.54876,0.66638,0.65985,0.67349,0.68283,0.6706375
5378.0,0.53025,0.66735,0.66109,0.67465,0.68441,0.671875
5379.0,0.52436,0.66671,0.6608,0.67417,0.68431,0.6714975000000001
5380.0,0.5323,0.66516,0.65952,0.6726,0.68316,0.67011
5381.0,0.51425,0.66333,0.65779,0.67072,0.6815,0.668335
5382.0,0.52643,0.66154,0.65597,0.66885,0.67968,0.6665099999999999
5383.0,0.52379,0.65995,0.65409,0.667,0.67789,0.6647325
5384.0,0.50798,0.65847,0.65213,0.66517,0.67602,0.6629475
5385.0,0.50554,0.6566,0.64973,0.66296,0.67373,0.660755
5386.0,0.52123,0.65391,0.64658,0.65984,0.67076,0.6577725
5387.0,0.5368,0.65029,0.64257,0.65574,0.66694,0.653885
5388.0,0.52997,0.64575,0.63775,0.65077,0.66229,0.64914
5389.0,0.51265,0.64054,0.63241,0.64517,0.65705,0.6437925
5390.0,0.5,0.63522,0.6269,0.63937,0.65161,0.6382749999999999
5391.0,0.49344,0.63019,0.62157,0.63383,0.64627,0.632965
5392.0,0.50101,0.62547,0.61662,0.62876,0.64133,0.628045
5393.0,0.51221,0.62124,0.61233,0.62422,0.63694,0.6236825
5394.0,0.51268,0.61784,0.60888,0.62045,0.63332,0.6201224999999999
5395.0,0.498,0.61534,0.60649,0.61797,0.63075,0.6176375
5396.0,0.48136,0.61391,0.60538,0.6168,0.62934,0.6163575
5397.0,0.48925,0.61408,0.60532,0.61683,0.62918,0.6163525
5398.0,0.48386,0.61553,0.60602,0.61796,0.62989,0.6173500000000001
5399.0,0.48191,0.61678,0.60659,0.61906,0.63043,0.6182150000000001
5400.0,0.49642,0.61675,0.60598,0.61875,0.63009,0.6178925
5401.0,0.51406,0.61498,0.60372,0.61657,0.62812,0.6158475
5402.0,0.5174,0.61105,0.59964,0.61228,0.62427,0.6118100000000001
5403.0,0.52115,0.60514,0.59427,0.60629,0.61899,0.6061725
5404.0,0.50675,0.59857,0.58858,0.6,0.61315,0.600075
5405.0,0.4879,0.5928,0.58369,0.59467,0.60794,0.594775
5406.0,0.49455,0.58884,0.58053,0.59117,0.60431,0.5912125
5407.0,0.49579,0.58707,0.57968,0.59017,0.60278,0.589925
5408.0,0.49428,0.5874,0.58128,0.59178,0.60346,0.5909800000000001
5409.0,0.50064,0.5899,0.58509,0.59571,0.6065,0.5943
5410.0,0.5063,0.59482,0.59094,0.60183,0.61183,0.599855
5411.0,0.50883,0.60192,0.59846,0.60977,0.61906,0.6073025000000001
5412.0,0.54507,0.61046,0.60707,0.61884,0.62757,0.615985
5413.0,0.51078,0.61969,0.61601,0.62833,0.63659,0.625155
5414.0,0.4848,0.62878,0.62442,0.63728,0.64532,0.63395
5415.0,0.49982,0.63681,0.63148,0.64482,0.65302,0.6415325
5416.0,0.5135,0.64288,0.63674,0.65042,0.65899,0.6472575
5417.0,0.48881,0.64652,0.63993,0.65367,0.66276,0.65072
5418.0,0.51416,0.64788,0.64109,0.65472,0.66446,0.6520375
5419.0,0.53526,0.64743,0.64067,0.65414,0.66444,0.65167
5420.0,0.52238,0.64589,0.63923,0.65244,0.66329,0.6502125
5421.0,0.4996,0.64405,0.63741,0.65034,0.66163,0.6483575
5422.0,0.50964,0.64234,0.63564,0.64847,0.65983,0.64657
5423.0,0.52818,0.64082,0.63394,0.6468,0.6581,0.644915
5424.0,0.52369,0.63951,0.63209,0.64517,0.65642,0.6432975000000001
5425.0,0.50947,0.63801,0.62989,0.64323,0.65444,0.6413925
5426.0,0.47186,0.63566,0.62695,0.64025,0.65162,0.63862
5427.0,0.32474,0.63201,0.623,0.63616,0.64784,0.6347524999999999
5428.0,0.35106,0.62713,0.61827,0.6312,0.64313,0.6299325
5429.0,0.50745,0.62187,0.61309,0.62562,0.63808,0.624665
5430.0,0.64359,0.61711,0.60832,0.62045,0.63341,0.6198224999999999
5431.0,0.636,0.61321,0.6047,0.61649,0.62956,0.61599
5432.0,0.51128,0.61062,0.60272,0.61414,0.62724,0.61368
5433.0,0.5072,0.61026,0.60302,0.61416,0.62704,0.61362
5434.0,0.49552,0.61257,0.60574,0.61689,0.62929,0.6161225
5435.0,0.47472,0.61742,0.6109,0.62231,0.63416,0.6211975000000001
5436.0,0.51054,0.62448,0.61811,0.63005,0.64106,0.628425
5437.0,0.51081,0.63301,0.62637,0.63908,0.64921,0.6369175
5438.0,0.50003,0.64166,0.6345,0.64802,0.65738,0.64539
5439.0,0.52124,0.64883,0.64101,0.65529,0.66419,0.65233
5440.0,0.53755,0.65318,0.64476,0.65956,0.66849,0.6564975
5441.0,0.5085,0.65391,0.6451,0.66008,0.66948,0.6571425
5442.0,0.50752,0.65093,0.6421,0.65684,0.6671,0.6542425
5443.0,0.48728,0.64501,0.63658,0.65062,0.66195,0.64854
5444.0,0.48622,0.63756,0.62978,0.64294,0.65523,0.6413774999999999
5445.0,0.5022,0.63025,0.6232,0.63564,0.64853,0.634405
5446.0,0.49272,0.62471,0.61806,0.63007,0.64313,0.6289925000000001
5447.0,0.44985,0.62191,0.61497,0.62698,0.63982,0.62592
5448.0,0.49172,0.6215,0.61382,0.62621,0.63842,0.6249875
5449.0,0.51316,0.6222,0.61365,0.62655,0.63815,0.6251375
5450.0,0.49678,0.62269,0.61348,0.62677,0.63802,0.62524
5451.0,0.50296,0.62203,0.61256,0.62593,0.63721,0.6244325
5452.0,0.49401,0.62003,0.61075,0.62381,0.63554,0.6225324999999999
5453.0,0.4905,0.61729,0.60859,0.62119,0.63339,0.620115
5454.0,0.50895,0.61488,0.60687,0.61912,0.63154,0.6181025
5455.0,0.51251,0.61392,0.60624,0.61836,0.63076,0.61732
5456.0,0.474,0.61488,0.60695,0.61926,0.63134,0.6181075
5457.0,0.50975,0.61709,0.60861,0.62129,0.63289,0.6199699999999999
5458.0,0.50682,0.61941,0.61045,0.62355,0.63476,0.6220425
5459.0,0.49492,0.62096,0.61186,0.62514,0.6362,0.62354
5460.0,0.50599,0.62148,0.6124,0.62558,0.63684,0.624075
5461.0,0.52011,0.62103,0.61224,0.62528,0.63684,0.6238475
5462.0,0.50481,0.62011,0.61184,0.62471,0.63646,0.6232800000000001
5463.0,0.49925,0.61964,0.61163,0.62434,0.63626,0.6229675
5464.0,0.49865,0.62004,0.6119,0.62467,0.63647,0.62327
5465.0,0.49664,0.62083,0.61245,0.62549,0.63698,0.6239375
5466.0,0.50089,0.62156,0.61292,0.62619,0.63749,0.62454
5467.0,0.50316,0.62196,0.61286,0.62628,0.63753,0.6246575
5468.0,0.50657,0.62138,0.61184,0.62543,0.63672,0.6238425000000001
5469.0,0.513,0.6194,0.60972,0.62335,0.63482,0.6218225
5470.0,0.51466,0.61638,0.60652,0.61995,0.63181,0.618665
5471.0,0.50062,0.6126,0.60247,0.6157,0.62795,0.6146799999999999
5472.0,0.49852,0.60801,0.59795,0.61096,0.62349,0.6101025
5473.0,0.50066,0.60324,0.59341,0.60595,0.61891,0.6053775
5474.0,0.49045,0.59921,0.58945,0.60155,0.61481,0.601255
5475.0,0.46649,0.59612,0.58649,0.5984,0.61162,0.5981575
5476.0,0.45492,0.59419,0.58479,0.59665,0.60977,0.59635
5477.0,0.4757,0.59396,0.58458,0.59641,0.60937,0.5960799999999999
5478.0,0.49865,0.59528,0.58568,0.59758,0.61025,0.5971975
5479.0,0.50667,0.59735,0.58779,0.5999,0.6122,0.59931
5480.0,0.50487,0.59989,0.59062,0.60289,0.61483,0.6020575
5481.0,0.51112,0.60307,0.5938,0.60627,0.618,0.605285
5482.0,0.49289,0.60648,0.59712,0.6099,0.62138,0.6087199999999999
5483.0,0.47387,0.60958,0.60021,0.6133,0.62461,0.6119249999999999
5484.0,0.48131,0.61226,0.6029,0.6161,0.62737,0.6146575
5485.0,0.50639,0.61426,0.60486,0.61817,0.6294,0.6166725
5486.0,0.47972,0.6152,0.60607,0.61941,0.63071,0.6178475
5487.0,0.47661,0.61548,0.60665,0.61984,0.63136,0.6183325
5488.0,0.50036,0.61563,0.60689,0.62003,0.63174,0.6185725
5489.0,0.51578,0.61567,0.60708,0.62026,0.63194,0.6187374999999999
5490.0,0.49553,0.61579,0.60726,0.62043,0.63215,0.6189074999999999
5491.0,0.49023,0.61618,0.60752,0.6207,0.63239,0.6191975000000001
5492.0,0.52524,0.61643,0.60769,0.62098,0.63256,0.619415
5493.0,0.50407,0.61631,0.60769,0.621,0.63261,0.6194025
5494.0,0.44604,0.6162,0.60759,0.62079,0.63251,0.6192725
5495.0,0.49205,0.61612,0.60735,0.62059,0.63232,0.619095
5496.0,0.48947,0.61577,0.60702,0.62039,0.63203,0.6188025
5497.0,0.47456,0.61531,0.60649,0.61988,0.63154,0.618305
5498.0,0.47867,0.61484,0.60565,0.61906,0.63079,0.617585
5499.0,0.50125,0.61382,0.60437,0.61782,0.62955,0.61639
5500.0,0.51429,0.61202,0.60255,0.61594,0.62781,0.6145800000000001
5501.0,0.49825,0.60979,0.60036,0.61358,0.62561,0.6123350000000001
5502.0,0.46227,0.6073,0.59792,0.61097,0.62318,0.6098425
5503.0,0.45226,0.60482,0.59559,0.60835,0.62075,0.6073775
5504.0,0.49184,0.6028,0.5936,0.60623,0.61862,0.6053125
5505.0,0.51331,0.60128,0.59211,0.60479,0.61699,0.6037925
5506.0,0.50978,0.60028,0.59098,0.60365,0.61571,0.6026549999999999
5507.0,0.50278,0.59971,0.59002,0.60279,0.61475,0.6018175
5508.0,0.49349,0.59894,0.58903,0.60188,0.61367,0.60088
5509.0,0.48055,0.59767,0.58771,0.60044,0.61236,0.599545
5510.0,0.51234,0.59611,0.58633,0.59881,0.61089,0.598035
5511.0,0.50356,0.59451,0.5851,0.59728,0.60953,0.5966049999999999
5512.0,0.49031,0.59347,0.5846,0.59644,0.60887,0.595845
5513.0,0.50735,0.5938,0.58541,0.59708,0.6094,0.5964225
5514.0,0.52774,0.59592,0.58776,0.59944,0.61145,0.5986425
5515.0,0.51131,0.59967,0.59159,0.60352,0.61501,0.6024474999999999
5516.0,0.51028,0.60459,0.59643,0.60877,0.61964,0.6073575
5517.0,0.53459,0.60997,0.60155,0.61429,0.62469,0.612625
5518.0,0.55354,0.61489,0.6062,0.61935,0.62938,0.6174550000000001
5519.0,0.52561,0.61856,0.6097,0.62316,0.63303,0.6211125
5520.0,0.50517,0.6206,0.61164,0.62523,0.63519,0.623165
5521.0,0.50791,0.62089,0.61183,0.62545,0.63563,0.62345
5522.0,0.51908,0.61947,0.61037,0.62384,0.63439,0.6220174999999999
5523.0,0.51307,0.61658,0.60756,0.62077,0.63175,0.619165
5524.0,0.48455,0.6127,0.60392,0.61673,0.62813,0.61537
5525.0,0.47823,0.60853,0.60005,0.61236,0.62417,0.6112775
5526.0,0.46824,0.60482,0.59663,0.60855,0.62058,0.607645
5527.0,0.45069,0.6021,0.5942,0.60591,0.61791,0.60503
5528.0,0.46087,0.60088,0.59304,0.60466,0.61651,0.6037724999999999
5529.0,0.48772,0.60123,0.59314,0.60486,0.61636,0.6038975
5530.0,0.49962,0.6025,0.5941,0.60606,0.61714,0.6049500000000001
5531.0,0.49242,0.60401,0.59547,0.60762,0.6184,0.606375
5532.0,0.48125,0.60543,0.59685,0.60904,0.61967,0.6077475
5533.0,0.4834,0.60649,0.59799,0.61018,0.62081,0.6088675
5534.0,0.46568,0.60714,0.59899,0.61109,0.62176,0.609745
5535.0,0.45673,0.60785,0.60002,0.612,0.62273,0.6106499999999999
5536.0,0.47827,0.60897,0.60131,0.61329,0.62391,0.61187
5537.0,0.52718,0.61046,0.60285,0.61492,0.62537,0.6134
5538.0,0.56653,0.6122,0.60457,0.61675,0.62702,0.615135
5539.0,0.54482,0.61395,0.60621,0.61854,0.62863,0.6168324999999999
5540.0,0.49767,0.61534,0.60753,0.61989,0.62992,0.61817
5541.0,0.46686,0.61616,0.60844,0.62079,0.63085,0.61906
5542.0,0.46573,0.61643,0.60905,0.62129,0.63141,0.619545
5543.0,0.47996,0.61657,0.60953,0.62155,0.63184,0.6198725
5544.0,0.489,0.61702,0.61025,0.62214,0.63243,0.62046
5545.0,0.48598,0.61792,0.61133,0.62326,0.63341,0.62148
5546.0,0.48276,0.61938,0.61283,0.62485,0.6348,0.622965
5547.0,0.50247,0.62129,0.6145,0.62672,0.6364,0.6247275000000001
5548.0,0.48413,0.62304,0.61594,0.62839,0.63784,0.6263025
5549.0,0.4779,0.62407,0.61677,0.62936,0.63873,0.6272325000000001
5550.0,0.50146,0.62414,0.61673,0.62934,0.63877,0.627245
5551.0,0.52146,0.62318,0.61576,0.62826,0.63789,0.6262725
5552.0,0.50824,0.62135,0.61405,0.62635,0.63624,0.6244974999999999
5553.0,0.47336,0.61907,0.61194,0.62404,0.63414,0.6222975
5554.0,0.47442,0.6168,0.60974,0.62165,0.6319,0.6200225
5555.0,0.50482,0.61484,0.60769,0.61949,0.62977,0.6179475
5556.0,0.47193,0.61318,0.60586,0.61766,0.62787,0.6161425
5557.0,0.48445,0.61171,0.60416,0.61597,0.6261,0.6144850000000001
5558.0,0.49688,0.61024,0.60244,0.61425,0.62435,0.6128199999999999
5559.0,0.48158,0.60856,0.60055,0.61232,0.62242,0.6109625
5560.0,0.45291,0.60657,0.59839,0.61009,0.62027,0.60883
5561.0,0.44812,0.60428,0.59605,0.60764,0.6179,0.6064675
5562.0,0.45094,0.6018,0.59358,0.60501,0.6154,0.6039475000000001
5563.0,0.45661,0.59941,0.59117,0.60241,0.61291,0.601475
5564.0,0.46623,0.59726,0.58899,0.6001,0.61064,0.5992475
5565.0,0.47657,0.59538,0.58719,0.59818,0.60872,0.5973675
5566.0,0.46388,0.59401,0.58587,0.59674,0.60726,0.59597
5567.0,0.45617,0.59329,0.58507,0.59586,0.60629,0.5951275
5568.0,0.47672,0.59295,0.58476,0.59559,0.60589,0.5947975
5569.0,0.50849,0.59299,0.58496,0.59571,0.6059,0.59489
5570.0,0.47575,0.59363,0.58557,0.59627,0.60638,0.5954625
5571.0,0.46733,0.59457,0.58659,0.59736,0.60726,0.596445
5572.0,0.47529,0.59564,0.5879,0.59869,0.60849,0.59768
5573.0,0.48591,0.59721,0.58954,0.60032,0.60999,0.5992649999999999
5574.0,0.50606,0.59904,0.59128,0.6022,0.61166,0.601045
5575.0,0.52154,0.60069,0.59297,0.60404,0.61334,0.60276
5576.0,0.5202,0.60225,0.59444,0.60561,0.61478,0.60427
5577.0,0.51867,0.60344,0.59538,0.60673,0.61577,0.60533
5578.0,0.51716,0.60377,0.5955,0.60697,0.616,0.60556
5579.0,0.46739,0.6032,0.59459,0.60614,0.61524,0.6047925
5580.0,0.4591,0.60153,0.59245,0.6041,0.61329,0.6028425000000001
5581.0,0.47516,0.59838,0.5889,0.60052,0.60997,0.5994425
5582.0,0.48551,0.59381,0.584,0.59543,0.60526,0.594625
5583.0,0.48146,0.58795,0.57793,0.58906,0.59932,0.588565
5584.0,0.48001,0.58108,0.57112,0.58177,0.59255,0.5816300000000001
5585.0,0.48971,0.57393,0.56429,0.5744,0.58562,0.57456
5586.0,0.49177,0.56735,0.55818,0.56776,0.57922,0.5681275
5587.0,0.47069,0.56214,0.55348,0.56264,0.57415,0.5631025
5588.0,0.44725,0.55889,0.55074,0.55966,0.57088,0.5600425
5589.0,0.45556,0.55787,0.55008,0.55897,0.56972,0.55916
5590.0,0.48161,0.55894,0.55143,0.56044,0.57053,0.560335
5591.0,0.4974,0.56169,0.5543,0.5636,0.57304,0.5631575
5592.0,0.4854,0.56565,0.55815,0.56775,0.57662,0.5670425
5593.0,0.48473,0.57013,0.56222,0.57224,0.58069,0.57132
5594.0,0.48382,0.57426,0.56591,0.57626,0.58449,0.5752299999999999
5595.0,0.47354,0.57751,0.56858,0.57912,0.5874,0.5781525000000001
5596.0,0.45723,0.57934,0.56998,0.58062,0.5891,0.57976
5597.0,0.4536,0.5794,0.5701,0.58056,0.58945,0.5798775
5598.0,0.46561,0.5783,0.56936,0.5794,0.58885,0.5789775
5599.0,0.4804,0.57689,0.56852,0.57811,0.58797,0.5778725
5600.0,0.48058,0.57602,0.56835,0.57753,0.58765,0.5773874999999999
5601.0,0.46313,0.5767,0.56966,0.57863,0.58865,0.57841
5602.0,0.49196,0.57944,0.57274,0.58177,0.59135,0.5813250000000001
5603.0,0.48809,0.58411,0.57742,0.58672,0.59571,0.58599
5604.0,0.45507,0.59006,0.58317,0.59294,0.60122,0.5918475
5605.0,0.44351,0.59633,0.58912,0.59942,0.6071,0.5979924999999999
5606.0,0.4659,0.60194,0.59444,0.6052,0.61247,0.6035125
5607.0,0.4858,0.60612,0.59836,0.60947,0.61659,0.6076349999999999
5608.0,0.46249,0.60839,0.60041,0.61172,0.61893,0.6098625
5609.0,0.43312,0.60857,0.60035,0.61173,0.61921,0.6099650000000001
5610.0,0.49539,0.60664,0.59817,0.60945,0.61734,0.6079
5611.0,0.51351,0.60267,0.59413,0.60517,0.6136,0.6038925
5612.0,0.49495,0.59715,0.58874,0.59929,0.60835,0.5983825
5613.0,0.4691,0.59087,0.58269,0.59273,0.60239,0.5921700000000001
5614.0,0.45653,0.58461,0.57694,0.58644,0.59648,0.5861175000000001
5615.0,0.45532,0.5795,0.57218,0.5812,0.59152,0.5811000000000001
5616.0,0.45299,0.57639,0.56905,0.57788,0.58805,0.5778424999999999
5617.0,0.45365,0.57512,0.56748,0.57643,0.58622,0.5763125
5618.0,0.45978,0.57527,0.56721,0.57643,0.58573,0.57616
5619.0,0.46366,0.57619,0.56759,0.5771,0.58593,0.5767025
5620.0,0.47851,0.57691,0.56795,0.57763,0.58627,0.57719
5621.0,0.48789,0.57691,0.56798,0.57759,0.58629,0.5771925
5622.0,0.47563,0.57632,0.56765,0.57707,0.58597,0.5767525
5623.0,0.44656,0.5755,0.56738,0.57653,0.58559,0.5762499999999999
5624.0,0.46077,0.57513,0.56762,0.57649,0.58566,0.576225
5625.0,0.48617,0.57599,0.56885,0.57757,0.58665,0.577265
5626.0,0.50265,0.57823,0.57119,0.58001,0.58874,0.5795425000000001
5627.0,0.50588,0.58155,0.57442,0.58352,0.59177,0.582815
5628.0,0.50108,0.58548,0.57799,0.58749,0.59523,0.5865475
5629.0,0.49383,0.58911,0.5812,0.59108,0.59846,0.5899625000000001
5630.0,0.48499,0.59161,0.58342,0.59355,0.60081,0.5923475
5631.0,0.47156,0.59257,0.58425,0.59445,0.60182,0.5932725000000001
5632.0,0.45435,0.59194,0.58361,0.59374,0.60139,0.5926699999999999
5633.0,0.46813,0.5899,0.58173,0.59163,0.59966,0.59073
5634.0,0.48448,0.58698,0.57904,0.58864,0.59705,0.5879275
5635.0,0.48602,0.58378,0.57603,0.58536,0.59404,0.5848025
5636.0,0.47372,0.58078,0.57315,0.58224,0.59108,0.5818125000000001
5637.0,0.45946,0.57829,0.57074,0.57966,0.58854,0.5793075
5638.0,0.45415,0.5765,0.56895,0.57776,0.58659,0.57745
5639.0,0.45795,0.57542,0.56784,0.57661,0.58532,0.5762975
5640.0,0.46313,0.57493,0.5674,0.57616,0.5847,0.5757975
5641.0,0.4598,0.57503,0.56756,0.57629,0.5847,0.575895
5642.0,0.47487,0.57571,0.56825,0.57701,0.58525,0.576555
5643.0,0.47947,0.57678,0.56937,0.57818,0.58624,0.5776425000000001
5644.0,0.45953,0.57817,0.57078,0.57964,0.58756,0.5790375
5645.0,0.43727,0.57975,0.57235,0.5813,0.58903,0.5806075
5646.0,0.44966,0.58126,0.57388,0.5829,0.59052,0.58214
5647.0,0.47597,0.58264,0.57527,0.58435,0.59188,0.5835349999999999
5648.0,0.49405,0.58379,0.57637,0.58553,0.59298,0.5846675
5649.0,0.49417,0.58457,0.57706,0.58627,0.59369,0.5853975
5650.0,0.49079,0.5849,0.57717,0.58645,0.59386,0.5855950000000001
5651.0,0.47175,0.58453,0.57652,0.58588,0.59332,0.5850624999999999
5652.0,0.45165,0.58323,0.57497,0.58433,0.59188,0.5836025
5653.0,0.45379,0.58094,0.57245,0.58173,0.58951,0.5811575
5654.0,0.48652,0.57763,0.56911,0.57817,0.58626,0.5777924999999999
5655.0,0.48504,0.57361,0.56524,0.57399,0.58246,0.573825
5656.0,0.47655,0.56951,0.56136,0.56972,0.5785,0.5697725
5657.0,0.48179,0.56579,0.55795,0.566,0.57498,0.56618
5658.0,0.48428,0.56304,0.55557,0.56332,0.57234,0.5635675
5659.0,0.46181,0.56184,0.55448,0.5621,0.57098,0.56235
5660.0,0.44721,0.56212,0.5548,0.56244,0.57097,0.5625825
5661.0,0.46753,0.5636,0.55627,0.56406,0.57221,0.5640350000000001
5662.0,0.5083,0.56609,0.55859,0.56661,0.57432,0.5664025
5663.0,0.4626,0.56894,0.56127,0.56951,0.57688,0.5691499999999999
5664.0,0.45667,0.57158,0.56394,0.57231,0.57948,0.5718274999999999
5665.0,0.48038,0.57387,0.56633,0.57475,0.58185,0.5742
5666.0,0.47655,0.5757,0.56841,0.57681,0.58391,0.5762075
5667.0,0.4532,0.57722,0.57032,0.57863,0.58577,0.577985
5668.0,0.44281,0.57881,0.5723,0.58051,0.58766,0.57982
5669.0,0.46066,0.58077,0.57454,0.58271,0.58978,0.58195
5670.0,0.48823,0.5832,0.57713,0.58534,0.59223,0.5844750000000001
5671.0,0.47929,0.58602,0.57993,0.5883,0.59494,0.5872975
5672.0,0.47646,0.58889,0.58268,0.59127,0.59763,0.5901175
5673.0,0.45687,0.5914,0.58503,0.59381,0.6,0.59256
5674.0,0.43162,0.59316,0.58665,0.59558,0.60168,0.5942675
5675.0,0.44149,0.59393,0.58731,0.59631,0.60246,0.5950024999999999
5676.0,0.45394,0.59361,0.58692,0.59591,0.6022,0.59466
5677.0,0.42914,0.59224,0.58551,0.5944,0.60092,0.5932675000000001
5678.0,0.40921,0.58998,0.58326,0.59198,0.59878,0.591
5679.0,0.44125,0.58712,0.58042,0.58895,0.596,0.5881225
5680.0,0.43824,0.58396,0.57729,0.58562,0.59288,0.5849375
5681.0,0.43661,0.58079,0.57418,0.58228,0.58974,0.5817475
5682.0,0.44483,0.57794,0.57135,0.57924,0.58682,0.5788375
5683.0,0.4562,0.57561,0.56902,0.57675,0.58438,0.57644
5684.0,0.46712,0.57387,0.56737,0.57495,0.58256,0.5746875
5685.0,0.47758,0.57286,0.56649,0.57397,0.58151,0.5737075
5686.0,0.48109,0.57271,0.56652,0.57392,0.58131,0.573615
5687.0,0.48092,0.57351,0.56747,0.57486,0.58206,0.5744750000000001
5688.0,0.49127,0.57526,0.56931,0.57676,0.58367,0.57625
5689.0,0.49194,0.57781,0.57177,0.57938,0.58598,0.578735
5690.0,0.47722,0.58077,0.57451,0.58237,0.58861,0.581565
5691.0,0.45404,0.58359,0.577,0.58516,0.59112,0.5842175000000001
5692.0,0.43874,0.58569,0.57879,0.5872,0.593,0.5861700000000001
5693.0,0.44424,0.58666,0.57948,0.58802,0.59386,0.587005
5694.0,0.45608,0.58625,0.5789,0.58746,0.59347,0.58652
5695.0,0.45247,0.58448,0.57705,0.5855,0.59182,0.5847125
5696.0,0.42771,0.58158,0.57413,0.5824,0.58906,0.5817925
5697.0,0.43674,0.57787,0.5705,0.57851,0.58552,0.5781000000000001
5698.0,0.46704,0.57382,0.56653,0.57429,0.58159,0.5740575
5699.0,0.48894,0.56989,0.5626,0.57017,0.57763,0.5700725
5700.0,0.4782,0.56631,0.55897,0.56641,0.57392,0.5664024999999999
5701.0,0.44286,0.5633,0.55574,0.56309,0.57059,0.56318
5702.0,0.45999,0.56073,0.55279,0.56019,0.5676,0.5603275
5703.0,0.47311,0.55824,0.54998,0.55738,0.56474,0.557585
5704.0,0.44361,0.55564,0.54711,0.55447,0.56188,0.554775
5705.0,0.43587,0.55274,0.54418,0.55141,0.55892,0.5518124999999999
5706.0,0.42856,0.54969,0.54137,0.54832,0.55606,0.54886
5707.0,0.41912,0.54705,0.53911,0.54571,0.55363,0.546375
5708.0,0.41781,0.54527,0.53787,0.54414,0.55215,0.5448575
5709.0,0.43942,0.54501,0.53812,0.54416,0.55204,0.5448325
5710.0,0.46639,0.54669,0.54007,0.54608,0.55361,0.5466125
5711.0,0.45408,0.5501,0.54368,0.54982,0.55685,0.5501125
5712.0,0.42565,0.555,0.54864,0.55501,0.56146,0.5550275
5713.0,0.44851,0.56086,0.55439,0.56111,0.567,0.56084
5714.0,0.46007,0.56682,0.56041,0.56742,0.57286,0.5668775
5715.0,0.45343,0.57249,0.56617,0.57343,0.57859,0.57267
5716.0,0.44892,0.57756,0.57139,0.57883,0.58379,0.5778924999999999
5717.0,0.464,0.58175,0.57588,0.58338,0.58831,0.58233
5718.0,0.45682,0.58524,0.57962,0.58718,0.59208,0.58603
5719.0,0.45912,0.58811,0.58261,0.59023,0.59511,0.5890150000000001
5720.0,0.46491,0.59027,0.58484,0.59253,0.5974,0.59126
5721.0,0.45688,0.59172,0.58626,0.59401,0.5989,0.5927225
5722.0,0.45866,0.59236,0.5868,0.59459,0.59954,0.5933225
5723.0,0.47268,0.59205,0.58647,0.59423,0.59932,0.5930175
5724.0,0.48451,0.5909,0.58537,0.59304,0.59833,0.5919099999999999
5725.0,0.47646,0.58916,0.58375,0.59124,0.59675,0.590225
5726.0,0.44211,0.58713,0.58187,0.58916,0.59489,0.5882625
5727.0,0.42125,0.58521,0.58008,0.58717,0.59304,0.5863750000000001
5728.0,0.43443,0.58364,0.57861,0.58557,0.59147,0.5848225
5729.0,0.46246,0.58258,0.57764,0.58449,0.59036,0.5837675
5730.0,0.43953,0.58214,0.5772,0.58405,0.58979,0.583295
5731.0,0.40835,0.58224,0.57729,0.58415,0.58972,0.58335
5732.0,0.43811,0.58278,0.57771,0.58464,0.59005,0.583795
5733.0,0.53256,0.58349,0.57834,0.58533,0.59057,0.5844325
5734.0,0.59067,0.58415,0.57891,0.58596,0.59112,0.585035
5735.0,0.50156,0.58463,0.5793,0.58643,0.59148,0.5854600000000001
5736.0,0.40221,0.58471,0.57939,0.58651,0.59158,0.5855475
5737.0,0.38738,0.58443,0.57921,0.58627,0.59139,0.585325
5738.0,0.4391,0.58396,0.57885,0.58582,0.59101,0.58491
5739.0,0.48698,0.58344,0.57844,0.58531,0.59055,0.584435
5740.0,0.48745,0.583,0.57807,0.58489,0.59012,0.58402
5741.0,0.4591,0.58275,0.57779,0.5846,0.58978,0.5837300000000001
5742.0,0.45965,0.58262,0.57758,0.5844,0.58951,0.5835275
5743.0,0.46212,0.58251,0.57732,0.58418,0.58923,0.58331
5744.0,0.46896,0.58225,0.5769,0.58379,0.5888,0.582935
5745.0,0.47382,0.58165,0.57619,0.58309,0.58811,0.58226
5746.0,0.46505,0.58069,0.57513,0.58202,0.58709,0.5812325
5747.0,0.4594,0.57939,0.57373,0.58057,0.58573,0.579855
5748.0,0.47429,0.57774,0.57206,0.57879,0.58407,0.578165
5749.0,0.49138,0.57588,0.57022,0.57681,0.58224,0.5762875
5750.0,0.47813,0.57396,0.56842,0.57483,0.58039,0.5744
5751.0,0.44757,0.5722,0.56687,0.57311,0.57876,0.572735
5752.0,0.44797,0.57098,0.5658,0.57193,0.57755,0.571565
5753.0,0.47554,0.57047,0.56536,0.57144,0.57695,0.571055
5754.0,0.49539,0.5707,0.56552,0.57163,0.57696,0.5712025000000001
5755.0,0.48239,0.57154,0.56604,0.5723,0.57737,0.5718125000000001
5756.0,0.45198,0.5724,0.56653,0.57298,0.57784,0.5724375
5757.0,0.4518,0.57274,0.56662,0.5732,0.57798,0.572635
5758.0,0.49434,0.57229,0.56616,0.57271,0.57759,0.5721875000000001
5759.0,0.46035,0.57106,0.5653,0.57162,0.57675,0.5711825
5760.0,0.44188,0.56968,0.56447,0.57046,0.57584,0.5701125
5761.0,0.44951,0.56891,0.5642,0.5699,0.5754,0.5696025
5762.0,0.45636,0.56927,0.56491,0.57046,0.57584,0.5701200000000001
5763.0,0.4579,0.57099,0.56668,0.5723,0.57735,0.5718300000000001
5764.0,0.46937,0.57379,0.56926,0.57512,0.57971,0.57447
5765.0,0.4767,0.577,0.57214,0.57831,0.58247,0.57748
5766.0,0.46189,0.57991,0.57473,0.58121,0.58506,0.5802275
5767.0,0.4312,0.58196,0.57657,0.58323,0.58698,0.5821850000000001
5768.0,0.43835,0.58281,0.57743,0.5841,0.58797,0.5830774999999999
5769.0,0.45632,0.58257,0.57732,0.58389,0.58799,0.5829425
5770.0,0.45156,0.58156,0.57646,0.58287,0.58721,0.582025
5771.0,0.44359,0.58008,0.57511,0.58137,0.5859,0.5806150000000001
5772.0,0.46924,0.57845,0.57348,0.57966,0.58429,0.57897
5773.0,0.47595,0.57685,0.57165,0.57784,0.58248,0.577205
5774.0,0.44391,0.57511,0.56954,0.57581,0.58041,0.5752175
5775.0,0.46486,0.57298,0.5669,0.57329,0.57788,0.5727625
5776.0,0.48715,0.5701,0.56348,0.56995,0.57463,0.5695399999999999
5777.0,0.4849,0.56611,0.55913,0.56555,0.57048,0.5653175
5778.0,0.46078,0.56101,0.55391,0.56013,0.56544,0.5601225000000001
5779.0,0.44854,0.55516,0.54814,0.55404,0.5598,0.554285
5780.0,0.47101,0.54914,0.54245,0.54788,0.5541,0.5483925000000001
5781.0,0.47912,0.54379,0.53749,0.54247,0.54901,0.5431900000000001
5782.0,0.44642,0.5398,0.53393,0.53855,0.54517,0.5393625
5783.0,0.42302,0.53779,0.53221,0.53658,0.54307,0.5374125
5784.0,0.4483,0.53795,0.53242,0.5368,0.54288,0.5375125000000001
5785.0,0.47519,0.54,0.53442,0.53894,0.54448,0.5394599999999999
5786.0,0.46704,0.54352,0.53774,0.54252,0.5475,0.54282
5787.0,0.44926,0.54774,0.54189,0.54691,0.5514,0.546985
5788.0,0.47273,0.55216,0.54629,0.55154,0.55568,0.5514175000000001
5789.0,0.48182,0.55645,0.55059,0.55602,0.55988,0.555735
5790.0,0.45229,0.56017,0.55447,0.56,0.56374,0.5595950000000001
5791.0,0.45504,0.56335,0.55786,0.56343,0.5671,0.562935
5792.0,0.4641,0.56603,0.56067,0.56627,0.56991,0.56572
5793.0,0.46003,0.56807,0.56292,0.5685,0.57213,0.567905
5794.0,0.44182,0.56952,0.5646,0.5702,0.57381,0.5695325
5795.0,0.43314,0.57044,0.56587,0.57142,0.575,0.5706825
5796.0,0.45077,0.57097,0.56679,0.57227,0.57584,0.5714675
5797.0,0.44866,0.57131,0.56757,0.57299,0.57646,0.5720824999999999
5798.0,0.41897,0.57166,0.56825,0.57367,0.57701,0.5726475
5799.0,0.4381,0.57207,0.56891,0.57433,0.57749,0.5731999999999999
5800.0,0.45556,0.5725,0.56934,0.57485,0.57789,0.573645
5801.0,0.46341,0.57274,0.56952,0.57508,0.57802,0.57384
5802.0,0.46557,0.57263,0.56927,0.57483,0.57786,0.5736475000000001
5803.0,0.45992,0.57214,0.5687,0.57417,0.57735,0.57309
5804.0,0.44355,0.57139,0.5679,0.57322,0.57664,0.5722875000000001
5805.0,0.43823,0.57067,0.5671,0.57231,0.57584,0.57148
5806.0,0.45142,0.57003,0.56644,0.57154,0.57517,0.570795
5807.0,0.45333,0.56962,0.56599,0.57108,0.57465,0.570335
5808.0,0.44995,0.5694,0.56571,0.57084,0.57428,0.5700575
5809.0,0.44218,0.56916,0.56545,0.57065,0.57396,0.569805
5810.0,0.43188,0.56881,0.56517,0.57037,0.57359,0.569485
5811.0,0.42773,0.56832,0.56471,0.56989,0.57313,0.5690125
5812.0,0.4351,0.56769,0.56425,0.56932,0.57262,0.56847
5813.0,0.4383,0.56717,0.56387,0.5688,0.57225,0.5680225
5814.0,0.43488,0.56706,0.5639,0.56866,0.57216,0.5679449999999999
5815.0,0.45938,0.56758,0.56444,0.56909,0.57264,0.5684374999999999
5816.0,0.46183,0.56887,0.56563,0.57028,0.57368,0.569615
5817.0,0.44827,0.57075,0.56737,0.57207,0.57533,0.57138
5818.0,0.44162,0.57305,0.56944,0.57429,0.57732,0.5735250000000001
5819.0,0.44852,0.57538,0.57156,0.57654,0.57941,0.5757224999999999
5820.0,0.45474,0.57742,0.57344,0.57855,0.58131,0.57768
5821.0,0.45789,0.57896,0.57494,0.58008,0.58285,0.5792075000000001
5822.0,0.45649,0.57997,0.57598,0.5811,0.58395,0.5802499999999999
5823.0,0.43934,0.58058,0.57666,0.58171,0.58465,0.5809
5824.0,0.43291,0.58092,0.57705,0.58203,0.58506,0.581265
5825.0,0.4352,0.58109,0.57723,0.58219,0.58524,0.5814375
5826.0,0.43472,0.58115,0.57725,0.58219,0.58524,0.5814575
5827.0,0.43614,0.58104,0.57705,0.58202,0.58505,0.58129
5828.0,0.45141,0.58066,0.57664,0.58161,0.58462,0.5808825
5829.0,0.46997,0.57998,0.57592,0.58089,0.58392,0.5801775
5830.0,0.46743,0.57897,0.57494,0.57986,0.58293,0.579175
5831.0,0.42336,0.57768,0.57371,0.57856,0.58171,0.577915
5832.0,0.43267,0.57625,0.57239,0.57713,0.58035,0.57653
5833.0,0.47529,0.57485,0.57111,0.57572,0.57902,0.575175
5834.0,0.47355,0.57366,0.57005,0.57454,0.57788,0.5740325
5835.0,0.44004,0.57283,0.56938,0.57377,0.57709,0.5732675
5836.0,0.43777,0.57252,0.56918,0.57352,0.57675,0.5729925
5837.0,0.44519,0.57279,0.56946,0.5738,0.57689,0.573235
5838.0,0.41354,0.57353,0.57012,0.57453,0.57742,0.5739000000000001
5839.0,0.46486,0.57454,0.57094,0.57547,0.57815,0.574775
5840.0,0.49473,0.57545,0.57163,0.57631,0.57882,0.5755524999999999
5841.0,0.4758,0.57596,0.5719,0.57671,0.57913,0.575925
5842.0,0.46386,0.57581,0.57151,0.57639,0.57884,0.5756375
5843.0,0.46653,0.57478,0.57034,0.57522,0.5778,0.5745349999999999
5844.0,0.45678,0.57289,0.56843,0.57323,0.57602,0.5726424999999999
5845.0,0.44462,0.57038,0.56592,0.5706,0.57362,0.57013
5846.0,0.46667,0.56751,0.56303,0.56757,0.5708,0.5672275
5847.0,0.4416,0.56451,0.55994,0.56437,0.56774,0.56414
5848.0,0.4174,0.56151,0.55678,0.56113,0.5646,0.561005
5849.0,0.42679,0.5585,0.55357,0.55788,0.56142,0.5578425
5850.0,0.45048,0.55547,0.55033,0.5546,0.55821,0.5546525
5851.0,0.45445,0.5524,0.54705,0.55125,0.55497,0.5514175
5852.0,0.43098,0.54928,0.54379,0.54788,0.55172,0.5481675
5853.0,0.40603,0.54617,0.54066,0.54459,0.54858,0.5449999999999999
5854.0,0.43637,0.54322,0.53783,0.54158,0.54569,0.54208
5855.0,0.4303,0.54073,0.53552,0.53909,0.54329,0.5396574999999999
5856.0,0.4208,0.53906,0.53393,0.53738,0.54157,0.5379849999999999
5857.0,0.44138,0.53829,0.53329,0.53662,0.54069,0.5372225
5858.0,0.44912,0.53851,0.53349,0.53684,0.54071,0.5373875
5859.0,0.43525,0.53953,0.53454,0.53795,0.54151,0.5383825
5860.0,0.41925,0.54115,0.53608,0.53962,0.54293,0.539945
5861.0,0.4223,0.54314,0.53791,0.54159,0.54461,0.5418125
5862.0,0.44173,0.54502,0.53974,0.5435,0.5464,0.5436650000000001
5863.0,0.44871,0.54662,0.54143,0.54525,0.54804,0.545335
5864.0,0.44092,0.54793,0.54296,0.54675,0.54953,0.5467924999999999
5865.0,0.42996,0.54913,0.5443,0.54809,0.55084,0.54809
5866.0,0.42532,0.55028,0.54557,0.54936,0.55201,0.549305
5867.0,0.4249,0.55134,0.54665,0.5505,0.55302,0.5503775
5868.0,0.42555,0.55214,0.54746,0.55142,0.55372,0.551185
5869.0,0.4295,0.55237,0.54778,0.55184,0.55398,0.5514925
5870.0,0.46006,0.5519,0.54742,0.55158,0.55357,0.5511175
5871.0,0.46672,0.55046,0.54635,0.55051,0.55243,0.5499375
5872.0,0.53476,0.54814,0.54457,0.54868,0.55059,0.547995
5873.0,0.87023,0.54526,0.54232,0.5463,0.5482,0.54552
5874.0,1.51722,0.54223,0.53983,0.54364,0.54561,0.5428275
5875.0,2.14956,0.53956,0.53736,0.54104,0.54304,0.5402499999999999
5876.0,2.3933,0.53735,0.53514,0.5387,0.54076,0.5379875
5877.0,1.92338,0.53579,0.53313,0.53668,0.53884,0.53611
5878.0,1.13559,0.53474,0.53138,0.53496,0.5372,0.53457
5879.0,0.5742,0.53392,0.52959,0.53328,0.53567,0.533115
5880.0,0.45122,0.53297,0.5275,0.53138,0.53384,0.5314225
5881.0,0.42973,0.53121,0.52455,0.52868,0.53131,0.5289375
5882.0,0.42784,0.52819,0.52019,0.52465,0.52742,0.5251125000000001
5883.0,0.42877,0.5232,0.5139,0.51855,0.52171,0.51934
5884.0,0.43323,0.51566,0.5053,0.50997,0.51372,0.5111625
5885.0,0.44248,0.50533,0.49434,0.49875,0.50343,0.5004625
5886.0,0.45789,0.49255,0.48154,0.4854,0.49121,0.48767499999999997
5887.0,0.46085,0.47852,0.4679,0.47102,0.478,0.47386
5888.0,0.4367,0.46494,0.45485,0.45716,0.46508,0.46050749999999996
5889.0,0.41905,0.45337,0.44383,0.44535,0.4538,0.44908750000000003
5890.0,0.41356,0.44492,0.4358,0.43677,0.4452,0.44067249999999997
5891.0,0.41691,0.44013,0.43107,0.43184,0.43984,0.43572
5892.0,0.42177,0.4387,0.42972,0.43046,0.43778,0.434165
5893.0,0.42307,0.44024,0.43119,0.43211,0.43877,0.43557749999999995
5894.0,0.42747,0.44428,0.43533,0.43639,0.44241,0.4396025
5895.0,0.42453,0.45032,0.4419,0.44298,0.44844,0.44591
5896.0,0.39282,0.45837,0.45058,0.45175,0.45645,0.4542875
5897.0,0.37842,0.46823,0.4609,0.46232,0.46618,0.46440750000000003
5898.0,0.38577,0.47945,0.47229,0.47416,0.47706,0.47574
5899.0,0.40708,0.49124,0.48395,0.48633,0.48837,0.4874725
5900.0,0.42986,0.50248,0.49498,0.49788,0.49932,0.498665
5901.0,0.44205,0.51217,0.50471,0.50796,0.50913,0.5084925
5902.0,0.4282,0.51988,0.51269,0.51611,0.51724,0.51648
5903.0,0.39853,0.52562,0.51884,0.52227,0.52355,0.52257
5904.0,0.4183,0.52967,0.52336,0.5267,0.52822,0.5269875
5905.0,0.42808,0.53246,0.52659,0.5298,0.53154,0.5300975
5906.0,0.42086,0.53442,0.52883,0.53195,0.53384,0.5322600000000001
5907.0,0.41637,0.53577,0.53032,0.5334,0.53537,0.5337149999999999
5908.0,0.42178,0.53661,0.53116,0.53425,0.53625,0.5345675
5909.0,0.42375,0.5369,0.53136,0.53447,0.53652,0.5348125
5910.0,0.41684,0.53653,0.53097,0.53403,0.53619,0.53443
5911.0,0.40664,0.53551,0.53002,0.53299,0.53533,0.5334625000000001
5912.0,0.41766,0.53406,0.52873,0.53155,0.53409,0.5321075
5913.0,0.42396,0.53247,0.52741,0.53003,0.53276,0.5306675000000001
5914.0,0.4185,0.53118,0.52635,0.5288,0.53163,0.52949
5915.0,0.42353,0.53048,0.52585,0.52817,0.53097,0.5288675
5916.0,0.43682,0.53051,0.52599,0.52827,0.53092,0.5289225
5917.0,0.44166,0.5313,0.52671,0.52905,0.53146,0.52963
5918.0,0.43209,0.53256,0.52786,0.53029,0.53247,0.530795
5919.0,0.4268,0.53399,0.52917,0.53172,0.53371,0.5321475
5920.0,0.4159,0.53535,0.53043,0.53308,0.53495,0.5334525
5921.0,0.40825,0.53645,0.53151,0.5342,0.53601,0.5345425
5922.0,0.41469,0.53723,0.53228,0.53499,0.53678,0.53532
5923.0,0.4236,0.53766,0.53271,0.53542,0.53722,0.5357525000000001
5924.0,0.42586,0.53772,0.5328,0.53548,0.5373,0.535825
5925.0,0.42027,0.53744,0.53254,0.53518,0.53706,0.535555
5926.0,0.4133,0.53686,0.53199,0.53457,0.53653,0.5349875
5927.0,0.42206,0.53603,0.53127,0.53376,0.53582,0.5342199999999999
5928.0,0.41424,0.53518,0.53046,0.53288,0.53503,0.5333875
5929.0,0.39736,0.5344,0.5298,0.53212,0.53427,0.5326474999999999
5930.0,0.42352,0.5338,0.52929,0.53153,0.5337,0.53208
5931.0,0.43897,0.53349,0.52902,0.53123,0.53331,0.5317624999999999
5932.0,0.43479,0.53339,0.52895,0.53115,0.53319,0.5316700000000001
5933.0,0.42563,0.53357,0.52907,0.53131,0.53325,0.5318
5934.0,0.44178,0.5339,0.52939,0.53162,0.5335,0.5321025
5935.0,0.4192,0.53432,0.52978,0.53204,0.53383,0.5324925
5936.0,0.39464,0.53476,0.53019,0.53247,0.53417,0.5328975
5937.0,0.41975,0.53511,0.53054,0.53282,0.53446,0.5332325
5938.0,0.42792,0.53531,0.53075,0.53302,0.53465,0.5334325
5939.0,0.42387,0.53535,0.53083,0.53308,0.53475,0.5335025
5940.0,0.41557,0.53528,0.53087,0.53306,0.53478,0.5334975
5941.0,0.40658,0.53527,0.53093,0.53307,0.53479,0.5335150000000001
5942.0,0.39286,0.53538,0.53106,0.53318,0.53483,0.5336125
5943.0,0.39505,0.53557,0.5312,0.53335,0.5349,0.533755
5944.0,0.41009,0.53575,0.53124,0.53344,0.53491,0.5338350000000001
5945.0,0.4009,0.5357,0.53105,0.53329,0.53472,0.53369
5946.0,0.39613,0.53525,0.53049,0.53276,0.53425,0.5331875
5947.0,0.40106,0.53439,0.52959,0.53183,0.53341,0.532305
5948.0,0.41279,0.53318,0.52845,0.53058,0.5323,0.5311275
5949.0,0.42922,0.53181,0.52718,0.5292,0.53102,0.5298025
5950.0,0.44599,0.53046,0.52593,0.52785,0.52973,0.5284925
5951.0,0.44481,0.5293,0.52481,0.52666,0.52857,0.5273350000000001
5952.0,0.41563,0.5284,0.52396,0.52574,0.52764,0.526435
5953.0,0.42778,0.5278,0.52343,0.52514,0.52702,0.5258475
5954.0,0.42541,0.52752,0.52327,0.52492,0.52675,0.525615
5955.0,0.40094,0.52764,0.52353,0.52513,0.52691,0.5258025
5956.0,0.41222,0.52827,0.52429,0.52586,0.52751,0.5264825000000001
5957.0,0.45012,0.52943,0.52552,0.5271,0.52859,0.5276599999999999
5958.0,0.46644,0.53105,0.52716,0.52878,0.53008,0.5292675
5959.0,0.43997,0.53296,0.52902,0.53073,0.5318,0.5311275000000001
5960.0,0.42154,0.53492,0.53091,0.53271,0.53358,0.53303
5961.0,0.43206,0.53668,0.53261,0.53449,0.53526,0.53476
5962.0,0.44424,0.53806,0.53401,0.53589,0.53665,0.5361525
5963.0,0.42309,0.53899,0.53507,0.53692,0.53773,0.5371775000000001
5964.0,0.4025,0.53964,0.53586,0.53765,0.53852,0.5379174999999999
5965.0,0.39533,0.54014,0.53659,0.53828,0.53918,0.5385475
5966.0,0.39927,0.54072,0.53725,0.53891,0.53979,0.5391675
5967.0,0.40449,0.54141,0.53794,0.53963,0.54039,0.5398425
5968.0,0.43333,0.54211,0.53852,0.54028,0.54095,0.540465
5969.0,0.44255,0.54265,0.53882,0.5407,0.54124,0.5408525
5970.0,0.41655,0.5427,0.53864,0.54061,0.54113,0.54077
5971.0,0.41558,0.54205,0.53782,0.53984,0.54042,0.5400325
5972.0,0.4168,0.54062,0.53634,0.53829,0.53904,0.5385725
5973.0,0.41156,0.53848,0.53427,0.5361,0.53708,0.5364825
5974.0,0.4051,0.53591,0.53184,0.5335,0.53475,0.5339999999999999
5975.0,0.42095,0.53329,0.52937,0.53087,0.5323,0.5314575
5976.0,0.43862,0.53095,0.52711,0.52848,0.53002,0.5291399999999999
5977.0,0.45281,0.5291,0.52522,0.52655,0.52805,0.52723
5978.0,0.46954,0.52773,0.52372,0.52504,0.52644,0.5257324999999999
5979.0,0.44312,0.52667,0.52248,0.52384,0.52514,0.5245325
5980.0,0.40986,0.52572,0.52138,0.52274,0.52399,0.5234574999999999
5981.0,0.40456,0.5247,0.52035,0.52166,0.52297,0.52242
5982.0,0.42174,0.52368,0.51939,0.52062,0.52204,0.5214325000000001
5983.0,0.41575,0.52285,0.51879,0.51986,0.52133,0.5207075
5984.0,0.39305,0.52247,0.51863,0.51957,0.52106,0.5204325
5985.0,0.38551,0.52278,0.51907,0.51996,0.52128,0.5207725000000001
5986.0,0.41239,0.52375,0.52011,0.52099,0.52212,0.5217425
5987.0,0.41877,0.52527,0.52155,0.52254,0.52342,0.523195
5988.0,0.40396,0.52708,0.52323,0.52432,0.52498,0.5249025
5989.0,0.42554,0.52883,0.52486,0.52607,0.52659,0.5265875
5990.0,0.46179,0.53034,0.52623,0.52755,0.52797,0.5280225000000001
5991.0,0.45997,0.5314,0.52725,0.5286,0.52897,0.529055
5992.0,0.41363,0.53193,0.52774,0.52911,0.52951,0.5295725
5993.0,0.42955,0.53192,0.52771,0.52906,0.5295,0.5295475
5994.0,0.43989,0.53135,0.52717,0.52846,0.52904,0.529005
5995.0,0.42857,0.53036,0.5262,0.52743,0.52815,0.528035
5996.0,0.41572,0.52907,0.52497,0.52611,0.52698,0.5267825
5997.0,0.418,0.52767,0.52365,0.5247,0.52567,0.5254225
5998.0,0.42935,0.52636,0.52236,0.52334,0.52435,0.5241025
5999.0,0.43685,0.52521,0.52118,0.52212,0.5231,0.5229024999999999
6000.0,0.42388,0.52419,0.52003,0.521,0.52196,0.521795
6001.0,0.40815,0.52321,0.5189,0.5199,0.52083,0.52071
6002.0,0.39794,0.52213,0.51774,0.51872,0.51967,0.519565
6003.0,0.39888,0.52091,0.5165,0.51744,0.51843,0.51832
6004.0,0.41839,0.51959,0.51526,0.5161,0.51714,0.5170225
6005.0,0.43676,0.51832,0.5141,0.51484,0.51598,0.51581
6006.0,0.44183,0.51729,0.51313,0.51381,0.51499,0.514805
6007.0,0.42945,0.51664,0.51253,0.51316,0.51431,0.5141600000000001
6008.0,0.4098,0.51641,0.51227,0.5129,0.51394,0.51388
6009.0,0.3857,0.51653,0.51228,0.51295,0.51381,0.5138925
6010.0,0.37248,0.51676,0.51235,0.51309,0.51383,0.5140075
6011.0,0.4074,0.51689,0.51233,0.51314,0.51384,0.51405
6012.0,0.42176,0.51676,0.51211,0.51294,0.51367,0.5138699999999999
6013.0,0.41173,0.51635,0.51169,0.51249,0.51326,0.5134475000000001
6014.0,0.40544,0.51568,0.51108,0.51181,0.51266,0.5128075
6015.0,0.41853,0.5149,0.5104,0.51104,0.51194,0.51207
6016.0,0.43408,0.51413,0.50974,0.51027,0.51123,0.5113425
6017.0,0.43366,0.51349,0.5092,0.50966,0.51065,0.51075
6018.0,0.40426,0.51309,0.50892,0.50929,0.51029,0.5103975000000001
6019.0,0.38987,0.51301,0.50902,0.5093,0.51028,0.5104025
6020.0,0.40341,0.51339,0.50955,0.50976,0.51067,0.5108425
6021.0,0.43295,0.51428,0.51061,0.51077,0.51154,0.5118
6022.0,0.42743,0.5157,0.51215,0.51231,0.51292,0.51327
6023.0,0.40385,0.51761,0.51415,0.51433,0.51472,0.5152025
6024.0,0.3962,0.51987,0.51647,0.51669,0.51688,0.5174775
6025.0,0.43322,0.52233,0.51894,0.51925,0.51924,0.51994
6026.0,0.41772,0.52481,0.52148,0.52184,0.52165,0.522445
6027.0,0.4034,0.52718,0.5239,0.52431,0.52399,0.524845
6028.0,0.42594,0.52933,0.52612,0.52657,0.52614,0.52704
6029.0,0.4284,0.5312,0.52808,0.52854,0.52806,0.5289699999999999
6030.0,0.41915,0.53278,0.52973,0.5302,0.52969,0.5306
6031.0,0.40926,0.53405,0.53106,0.53153,0.53099,0.5319075
6032.0,0.40712,0.535,0.53207,0.53255,0.53199,0.5329025000000001
6033.0,0.40612,0.53566,0.53276,0.53323,0.53268,0.5335825000000001
6034.0,0.39273,0.53601,0.53314,0.53359,0.53306,0.53395
6035.0,0.37895,0.53605,0.53323,0.53365,0.53316,0.5340225
6036.0,0.40926,0.53585,0.53311,0.53346,0.53302,0.53386
6037.0,0.43156,0.53547,0.53284,0.53311,0.53275,0.5335424999999999
6038.0,0.43494,0.53506,0.53256,0.53274,0.53243,0.5331975
6039.0,0.42678,0.53476,0.53241,0.5325,0.53222,0.5329725
6040.0,0.41628,0.53472,0.53248,0.5325,0.53221,0.5329775
6041.0,0.40488,0.53503,0.53286,0.53285,0.53247,0.5333025
6042.0,0.39708,0.53568,0.53351,0.53351,0.53302,0.53393
6043.0,0.40063,0.53659,0.53436,0.53441,0.53376,0.53478
6044.0,0.40301,0.53757,0.53525,0.53536,0.53459,0.5356925
6045.0,0.40219,0.53846,0.53601,0.5362,0.53532,0.5364975000000001
6046.0,0.40365,0.53906,0.5365,0.53675,0.53584,0.5370375
6047.0,0.42399,0.53928,0.53661,0.5369,0.536,0.5371975
6048.0,0.44539,0.53904,0.53629,0.53658,0.53573,0.53691
6049.0,0.4457,0.5383,0.53548,0.53576,0.53499,0.5361325
6050.0,0.4081,0.5371,0.53425,0.53447,0.53381,0.5349075
6051.0,0.39355,0.5355,0.53266,0.5328,0.53232,0.53332
6052.0,0.39694,0.53365,0.53086,0.53089,0.53056,0.5314899999999999
6053.0,0.40455,0.53172,0.52903,0.52894,0.52874,0.5296075
6054.0,0.41997,0.52994,0.52731,0.52713,0.52701,0.5278475
6055.0,0.42613,0.52848,0.52589,0.52564,0.52553,0.5263850000000001
6056.0,0.41807,0.52742,0.52476,0.52452,0.52436,0.525265
6057.0,0.40181,0.52672,0.52391,0.52372,0.52343,0.5244449999999999
6058.0,0.39671,0.52618,0.52318,0.52307,0.52268,0.5237775
6059.0,0.40011,0.52562,0.52246,0.52237,0.52194,0.5230975
6060.0,0.40438,0.52483,0.52166,0.52153,0.52114,0.52229
6061.0,0.40104,0.52384,0.5208,0.52054,0.52026,0.52136
6062.0,0.40158,0.52284,0.52012,0.51967,0.51951,0.520535
6063.0,0.40313,0.52219,0.5198,0.51919,0.51914,0.5200800000000001
6064.0,0.39632,0.52227,0.52024,0.51947,0.51935,0.5203325000000001
6065.0,0.39062,0.52332,0.5215,0.52069,0.52037,0.5214700000000001
6066.0,0.39899,0.52537,0.52356,0.52282,0.52212,0.5234675
6067.0,0.41258,0.52812,0.52622,0.52561,0.52453,0.52612
6068.0,0.38844,0.53115,0.52901,0.52863,0.52724,0.5290075
6069.0,0.40077,0.53398,0.53159,0.53142,0.52977,0.53169
6070.0,0.4338,0.53618,0.53358,0.53358,0.53181,0.5337875000000001
6071.0,0.43127,0.53749,0.53474,0.53483,0.53305,0.5350275
6072.0,0.41225,0.53777,0.53495,0.53504,0.53337,0.5352825
6073.0,0.39582,0.53702,0.53414,0.53421,0.53273,0.5345249999999999
6074.0,0.39257,0.53533,0.53242,0.53242,0.53119,0.53284
6075.0,0.40307,0.53288,0.52998,0.52985,0.52891,0.530405
6076.0,0.43165,0.52991,0.52704,0.52678,0.52614,0.5274675
6077.0,0.44781,0.52669,0.52389,0.52347,0.52308,0.5242825
6078.0,0.4181,0.52353,0.52082,0.52022,0.52001,0.5211450000000001
6079.0,0.40082,0.52069,0.51804,0.51731,0.51722,0.518315
6080.0,0.3975,0.51837,0.51573,0.51492,0.51488,0.5159750000000001
6081.0,0.39999,0.51668,0.51402,0.51315,0.51307,0.51423
6082.0,0.3997,0.51561,0.51284,0.512,0.51181,0.513065
6083.0,0.40035,0.51506,0.51214,0.51135,0.511,0.5123875
6084.0,0.40291,0.51485,0.51179,0.51106,0.51058,0.51207
6085.0,0.4036,0.51477,0.51155,0.51089,0.51033,0.5118849999999999
6086.0,0.38459,0.51465,0.51134,0.5107,0.51005,0.5116850000000001
6087.0,0.38392,0.51438,0.51108,0.5104,0.50977,0.5114074999999999
6088.0,0.41259,0.51398,0.51076,0.51002,0.50945,0.5110524999999999
6089.0,0.42693,0.51356,0.51052,0.50966,0.50915,0.5107225
6090.0,0.42031,0.51333,0.51045,0.50951,0.50903,0.51058
6091.0,0.41123,0.51344,0.51065,0.5097,0.50915,0.510735
6092.0,0.42282,0.51397,0.51121,0.51025,0.50957,0.5112500000000001
6093.0,0.42704,0.51484,0.51198,0.51109,0.51023,0.512035
6094.0,0.42196,0.51585,0.51275,0.51199,0.51093,0.51288
6095.0,0.41339,0.51665,0.51327,0.51267,0.51148,0.5135175000000001
6096.0,0.4123,0.51695,0.51328,0.5128,0.51162,0.5136624999999999
6097.0,0.41038,0.51646,0.5126,0.51219,0.51111,0.5130899999999999
6098.0,0.40557,0.51512,0.51127,0.51072,0.50979,0.511725
6099.0,0.40134,0.51305,0.50943,0.50864,0.50797,0.5097725
6100.0,0.40932,0.5106,0.5073,0.50626,0.50598,0.5075350000000001
6101.0,0.4254,0.50832,0.50542,0.50414,0.5041,0.505495
6102.0,0.43473,0.50672,0.50417,0.5027,0.50278,0.5040924999999999
6103.0,0.40749,0.50621,0.50385,0.50231,0.50217,0.503635
6104.0,0.38743,0.50685,0.50458,0.503,0.50252,0.5042375
6105.0,0.38767,0.50848,0.5061,0.50463,0.50386,0.5057675
6106.0,0.39931,0.51069,0.50809,0.50683,0.50577,0.507845
6107.0,0.40763,0.51308,0.51032,0.5092,0.50784,0.51011
6108.0,0.40781,0.51528,0.51245,0.51145,0.50989,0.5122675
6109.0,0.40068,0.51711,0.51428,0.51332,0.51165,0.51409
6110.0,0.39412,0.5185,0.51572,0.51476,0.51308,0.515515
6111.0,0.38226,0.51942,0.51658,0.51569,0.51405,0.516435
6112.0,0.3704,0.51984,0.5169,0.51606,0.51437,0.5167925
6113.0,0.37198,0.51967,0.51664,0.51581,0.51414,0.5165649999999999
6114.0,0.37799,0.51884,0.5156,0.51484,0.5133,0.515645
6115.0,0.37877,0.51723,0.51385,0.51309,0.51172,0.5139724999999999
6116.0,0.36887,0.51487,0.51143,0.51059,0.50947,0.51159
6117.0,0.35536,0.51187,0.50848,0.50752,0.50666,0.5086325
6118.0,0.37549,0.50854,0.50537,0.50413,0.50354,0.505395
6119.0,0.41143,0.50528,0.50243,0.50091,0.50063,0.5023124999999999
6120.0,0.39661,0.50256,0.49991,0.49824,0.49817,0.49972
6121.0,0.39188,0.50078,0.49833,0.49652,0.49638,0.4980025
6122.0,0.40037,0.50011,0.4977,0.49587,0.49557,0.49731250000000005
6123.0,0.40559,0.50052,0.498,0.49624,0.49561,0.4975925
6124.0,0.39564,0.50172,0.49909,0.49738,0.49645,0.49866
6125.0,0.38186,0.50338,0.50053,0.49898,0.49784,0.5001825
6126.0,0.37549,0.50514,0.50209,0.5007,0.49935,0.50182
6127.0,0.38509,0.50675,0.50351,0.50225,0.50072,0.5033075
6128.0,0.39193,0.50796,0.50447,0.50336,0.5017,0.5043725
6129.0,0.39044,0.50853,0.50472,0.50376,0.50204,0.5047625
6130.0,0.38374,0.50816,0.50399,0.50317,0.50151,0.5042075
6131.0,0.38776,0.50661,0.50218,0.50138,0.49995,0.50253
6132.0,0.39701,0.50378,0.49928,0.4984,0.49734,0.49970000000000003
6133.0,0.39943,0.4999,0.4957,0.49444,0.49385,0.49597250000000004
6134.0,0.3769,0.49554,0.49191,0.49022,0.49017,0.49195999999999995
6135.0,0.35899,0.49154,0.48853,0.48641,0.48682,0.488325
6136.0,0.35937,0.48879,0.48638,0.48395,0.48445,0.4858925
6137.0,0.37725,0.48787,0.48578,0.48324,0.48354,0.4851075
6138.0,0.37973,0.489,0.487,0.48447,0.48417,0.48616
6139.0,0.37202,0.49183,0.4897,0.4873,0.48647,0.488825
6140.0,0.36667,0.4958,0.49326,0.49118,0.48986,0.492525
6141.0,0.37318,0.5001,0.49719,0.49545,0.49365,0.49659749999999997
6142.0,0.38365,0.50412,0.50089,0.49942,0.49725,0.50042
6143.0,0.38949,0.50732,0.50395,0.50261,0.50021,0.5035225000000001
6144.0,0.38262,0.50945,0.50603,0.50473,0.50237,0.505645
6145.0,0.37482,0.51042,0.507,0.5057,0.50355,0.5066675
6146.0,0.38045,0.51033,0.50701,0.50563,0.50371,0.50667
6147.0,0.40495,0.50941,0.50628,0.50476,0.50308,0.5058825
6148.0,0.41417,0.50799,0.50504,0.50337,0.50191,0.5045775
6149.0,0.40386,0.50639,0.50352,0.50178,0.50048,0.5030425000000001
6150.0,0.38573,0.5048,0.50189,0.50015,0.4989,0.501435
6151.0,0.38987,0.50332,0.50027,0.49855,0.49726,0.49985
6152.0,0.40938,0.50184,0.49848,0.49687,0.49555,0.49818499999999993
6153.0,0.41698,0.50015,0.49636,0.49488,0.49356,0.4962375
6154.0,0.38674,0.49796,0.49371,0.49239,0.49111,0.49379249999999997
6155.0,0.38677,0.495,0.49025,0.48907,0.48793,0.4905625
6156.0,0.40765,0.49104,0.48593,0.48478,0.48385,0.48639999999999994
6157.0,0.42597,0.48604,0.48076,0.47951,0.479,0.4813275
6158.0,0.42104,0.48022,0.47501,0.47352,0.47351,0.475565
6159.0,0.40355,0.47405,0.46919,0.46728,0.46781,0.4695825
6160.0,0.38807,0.46825,0.46386,0.46155,0.46254,0.46405
6161.0,0.39109,0.46359,0.45957,0.457,0.45819,0.45958750000000004
6162.0,0.39689,0.46063,0.45685,0.45415,0.45516,0.4566975
6163.0,0.40256,0.45956,0.45575,0.4531,0.45371,0.45553000000000005
6164.0,0.40793,0.46012,0.45604,0.45358,0.45371,0.4558625
6165.0,0.40526,0.46176,0.45736,0.45513,0.45482,0.4572675
6166.0,0.39707,0.46386,0.45927,0.45719,0.45654,0.459215
6167.0,0.38943,0.46598,0.46142,0.45934,0.4585,0.46131
6168.0,0.39254,0.46796,0.46361,0.46148,0.46057,0.463405
6169.0,0.39706,0.4699,0.46581,0.46365,0.4627,0.465515
6170.0,0.39776,0.47198,0.46815,0.46597,0.46486,0.46774
6171.0,0.39231,0.47431,0.47066,0.46843,0.46715,0.47013750000000004
6172.0,0.38308,0.47688,0.4733,0.47109,0.46966,0.4727325
6173.0,0.37552,0.47952,0.47592,0.47379,0.47226,0.4753725
6174.0,0.3736,0.48208,0.47849,0.47639,0.4747,0.477915
6175.0,0.37542,0.4844,0.48087,0.47877,0.47698,0.480255
6176.0,0.37545,0.48645,0.48298,0.48089,0.47904,0.48234
6177.0,0.37496,0.48822,0.48481,0.48273,0.48084,0.48415
6178.0,0.38235,0.48971,0.48631,0.48425,0.48233,0.48564999999999997
6179.0,0.38736,0.49091,0.48745,0.48542,0.48345,0.4868075
6180.0,0.38818,0.49172,0.48809,0.48617,0.48418,0.48754000000000003
6181.0,0.38652,0.49197,0.4881,0.48629,0.4843,0.48766499999999996
6182.0,0.38131,0.49152,0.48746,0.48569,0.48374,0.4871025
6183.0,0.37554,0.49024,0.48598,0.48426,0.4825,0.485745
6184.0,0.37298,0.48811,0.48373,0.48196,0.48041,0.4835525
6185.0,0.37795,0.48522,0.48091,0.47896,0.47773,0.480705
6186.0,0.37949,0.48183,0.47758,0.47553,0.47467,0.4774025
6187.0,0.37659,0.47829,0.47429,0.47201,0.4714,0.4739975
6188.0,0.37662,0.47507,0.47149,0.4689,0.46849,0.4709875
6189.0,0.37121,0.47262,0.46933,0.4665,0.46626,0.4686775000000001
6190.0,0.36469,0.47132,0.46828,0.4653,0.46498,0.46747
6191.0,0.36472,0.47134,0.46836,0.46543,0.46491,0.46751
6192.0,0.36982,0.47261,0.46949,0.46671,0.4657,0.4686275
6193.0,0.37337,0.47477,0.47148,0.46882,0.46733,0.4706
6194.0,0.37895,0.47732,0.47367,0.47126,0.46952,0.4729425
6195.0,0.40952,0.47971,0.47578,0.4736,0.47162,0.4751775
6196.0,0.41964,0.48157,0.47766,0.47546,0.47338,0.4770175
6197.0,0.40254,0.48278,0.47905,0.47675,0.47475,0.4783325
6198.0,0.38354,0.4835,0.48005,0.47758,0.47573,0.47921499999999995
6199.0,0.37497,0.48403,0.48088,0.47832,0.47657,0.47995
6200.0,0.37664,0.48466,0.4817,0.47911,0.47733,0.4807
6201.0,0.38264,0.48558,0.48272,0.4801,0.47814,0.481635
6202.0,0.38063,0.48673,0.48381,0.48123,0.47917,0.482735
6203.0,0.3692,0.48793,0.48476,0.48233,0.48016,0.483795
6204.0,0.3617,0.48889,0.48548,0.48317,0.48087,0.48460249999999994
6205.0,0.39494,0.48933,0.48564,0.48346,0.4811,0.4848825
6206.0,0.39958,0.48901,0.48505,0.48297,0.48063,0.48441500000000004
6207.0,0.36992,0.48779,0.4836,0.48157,0.47937,0.4830825
6208.0,0.35126,0.4856,0.48118,0.47918,0.47724,0.4808
6209.0,0.36216,0.48247,0.47794,0.47588,0.47422,0.4776275
6210.0,0.3837,0.47857,0.47406,0.47186,0.47058,0.4737675
6211.0,0.39153,0.47419,0.46977,0.46739,0.46649,0.46946000000000004
6212.0,0.39519,0.46974,0.46554,0.46288,0.4623,0.465115
6213.0,0.39602,0.46565,0.46166,0.45878,0.45847,0.46114
6214.0,0.39152,0.4623,0.45838,0.45543,0.45519,0.457825
6215.0,0.37494,0.45991,0.45606,0.45303,0.45269,0.4554225
6216.0,0.36744,0.45854,0.45465,0.45166,0.45116,0.4540025
6217.0,0.37475,0.45806,0.45406,0.45108,0.45039,0.4533975
6218.0,0.38786,0.45829,0.45424,0.45127,0.45036,0.45353999999999994
6219.0,0.37991,0.45899,0.4548,0.45195,0.45091,0.45416249999999997
6220.0,0.36762,0.46,0.4557,0.45295,0.45165,0.455075
6221.0,0.37532,0.46112,0.45676,0.45407,0.45257,0.45613
6222.0,0.38077,0.46217,0.45762,0.45504,0.45344,0.45706750000000007
6223.0,0.3763,0.46294,0.45821,0.45573,0.45402,0.45772500000000005
6224.0,0.36532,0.4632,0.45828,0.45589,0.4542,0.4578925
6225.0,0.36948,0.46278,0.45772,0.45539,0.45376,0.4574125
6226.0,0.38557,0.46163,0.45668,0.45424,0.45275,0.456325
6227.0,0.40064,0.45991,0.45523,0.45259,0.45141,0.454785
6228.0,0.39442,0.45798,0.45369,0.45078,0.44988,0.4530825
6229.0,0.39652,0.45633,0.45255,0.44934,0.44862,0.45171
6230.0,0.39438,0.45548,0.45205,0.4487,0.44799,0.451055
6231.0,0.36709,0.45571,0.4524,0.44905,0.44808,0.45131
6232.0,0.36402,0.45703,0.4536,0.45037,0.44899,0.4524975
6233.0,0.37401,0.45905,0.45522,0.45228,0.45052,0.45426750000000005
6234.0,0.37829,0.46118,0.45682,0.45418,0.45209,0.45606749999999996
6235.0,0.36772,0.46277,0.45797,0.45553,0.45327,0.457385
6236.0,0.36015,0.46333,0.45828,0.45589,0.45371,0.4578025
6237.0,0.36311,0.46267,0.45758,0.45514,0.45322,0.45715249999999996
6238.0,0.37042,0.46095,0.45598,0.4534,0.45182,0.45553750000000004
6239.0,0.3707,0.45855,0.45392,0.45109,0.44985,0.45335250000000005
6240.0,0.36832,0.456,0.45171,0.44866,0.44775,0.45103000000000004
6241.0,0.37509,0.45381,0.4498,0.44654,0.44578,0.4489825
6242.0,0.38184,0.45236,0.44864,0.44516,0.44444,0.44765
6243.0,0.3846,0.45187,0.44818,0.44472,0.44393,0.447175
6244.0,0.38276,0.45232,0.44849,0.4451,0.44401,0.44748
6245.0,0.38276,0.45349,0.44948,0.44619,0.44473,0.4484725
6246.0,0.37805,0.45497,0.45051,0.44751,0.44583,0.449705
6247.0,0.36944,0.45626,0.45133,0.44859,0.44663,0.4507025
6248.0,0.37301,0.45687,0.45165,0.44901,0.44698,0.4511275
6249.0,0.37724,0.45649,0.45101,0.44846,0.4466,0.45064000000000004
6250.0,0.37712,0.45501,0.44947,0.44686,0.44525,0.4491475
6251.0,0.37341,0.45259,0.44722,0.44441,0.44313,0.4468375
6252.0,0.3685,0.44959,0.44444,0.44145,0.44055,0.4440075
6253.0,0.36395,0.44645,0.44159,0.43842,0.43778,0.44106
6254.0,0.36215,0.44365,0.43917,0.43574,0.43528,0.43845999999999996
6255.0,0.37053,0.44163,0.43753,0.43385,0.4335,0.4366275
6256.0,0.37533,0.44071,0.43688,0.43306,0.43271,0.43583999999999995
6257.0,0.36778,0.44111,0.43748,0.43358,0.43298,0.4362875
6258.0,0.36238,0.44284,0.43931,0.43544,0.43445,0.43801
6259.0,0.36163,0.4457,0.44204,0.43834,0.4369,0.440745
6260.0,0.36424,0.4493,0.44544,0.44194,0.44,0.44416999999999995
6261.0,0.36525,0.45315,0.44906,0.44578,0.4435,0.4478725
6262.0,0.36232,0.45673,0.45244,0.44932,0.4468,0.45132249999999996
6263.0,0.36233,0.4597,0.45541,0.45228,0.4496,0.45424749999999997
6264.0,0.37511,0.46188,0.45769,0.45453,0.45194,0.45650999999999997
6265.0,0.36677,0.46332,0.45927,0.45611,0.45363,0.4580825
6266.0,0.34759,0.46422,0.46043,0.45715,0.4547,0.459125
6267.0,0.34003,0.4648,0.46129,0.45785,0.45549,0.4598575
6268.0,0.34833,0.46529,0.46193,0.45843,0.45618,0.4604575
6269.0,0.36603,0.46583,0.46253,0.45902,0.45675,0.4610325
6270.0,0.38439,0.46644,0.4632,0.45965,0.45729,0.46164499999999997
6271.0,0.39097,0.4671,0.46382,0.4603,0.45787,0.4622725
6272.0,0.38052,0.46769,0.4643,0.46085,0.45836,0.4628
6273.0,0.36537,0.46811,0.46466,0.46122,0.45867,0.46316500000000005
6274.0,0.37949,0.46824,0.46473,0.46131,0.4588,0.46326999999999996
6275.0,0.39081,0.46804,0.4645,0.46109,0.4586,0.4630575
6276.0,0.39135,0.46751,0.46409,0.46058,0.45816,0.462585
6277.0,0.38802,0.46678,0.4635,0.45992,0.45763,0.4619575
6278.0,0.38487,0.46602,0.46295,0.45922,0.45703,0.461305
6279.0,0.37879,0.46547,0.46268,0.45878,0.45664,0.4608925
6280.0,0.36828,0.46535,0.46273,0.45877,0.45664,0.46087249999999996
6281.0,0.37114,0.46578,0.4633,0.4593,0.45702,0.46135
6282.0,0.37886,0.46681,0.46441,0.46042,0.45791,0.4623875
6283.0,0.38083,0.46833,0.46583,0.46192,0.45923,0.4638275
6284.0,0.3699,0.47012,0.4675,0.46368,0.46075,0.4655125
6285.0,0.35983,0.47191,0.46911,0.46541,0.46232,0.4671875
6286.0,0.35903,0.47342,0.47043,0.46684,0.4636,0.4685725
6287.0,0.36902,0.47442,0.47129,0.46778,0.46447,0.46948999999999996
6288.0,0.3769,0.47473,0.47146,0.46801,0.46478,0.46974499999999997
6289.0,0.3825,0.47431,0.47099,0.4675,0.4644,0.4693
6290.0,0.39158,0.47322,0.4699,0.46635,0.46346,0.4682325
6291.0,0.37824,0.47158,0.46824,0.46463,0.46196,0.4666025
6292.0,0.36535,0.46957,0.46628,0.46259,0.46005,0.4646225
6293.0,0.3847,0.46738,0.46408,0.46034,0.45799,0.4624475
6294.0,0.40254,0.46516,0.46183,0.45801,0.4558,0.4602
6295.0,0.41142,0.4631,0.45975,0.45581,0.4537,0.45809
6296.0,0.42338,0.46127,0.45783,0.45382,0.45185,0.4561925
6297.0,0.49587,0.45985,0.45628,0.45222,0.45024,0.4546475
6298.0,0.67634,0.45886,0.45518,0.45105,0.44902,0.4535275
6299.0,0.92813,0.45842,0.45458,0.45036,0.4483,0.452915
6300.0,1.06735,0.45854,0.45453,0.45025,0.44813,0.4528625
6301.0,1.02464,0.45927,0.45505,0.45075,0.44852,0.4533975
6302.0,0.82957,0.46056,0.45615,0.45184,0.44939,0.454485
6303.0,0.60396,0.46233,0.45769,0.45343,0.4507,0.4560375
6304.0,0.44787,0.46439,0.45945,0.4553,0.45234,0.45787
6305.0,0.38476,0.46647,0.4612,0.45722,0.45404,0.4597325
6306.0,0.39519,0.46825,0.46267,0.45886,0.45548,0.46131500000000003
6307.0,0.39254,0.46943,0.46362,0.45991,0.45642,0.462345
6308.0,0.38509,0.4698,0.46387,0.46018,0.45675,0.46265
6309.0,0.40859,0.46927,0.46326,0.45959,0.45636,0.46212
6310.0,0.5017,0.46792,0.46195,0.45821,0.45518,0.460815
6311.0,0.60006,0.46594,0.46013,0.45623,0.45345,0.4589375
6312.0,0.64257,0.46358,0.4579,0.4539,0.45138,0.45669000000000004
6313.0,0.59561,0.46114,0.45559,0.45145,0.44911,0.4543225000000001
6314.0,0.50798,0.45887,0.45355,0.44922,0.44707,0.4521775
6315.0,0.42172,0.45705,0.45185,0.44743,0.44544,0.4504425
6316.0,0.37532,0.45584,0.45082,0.44623,0.44419,0.44926999999999995
6317.0,0.36226,0.45545,0.45065,0.44592,0.44378,0.44895
6318.0,0.36944,0.45591,0.45111,0.44644,0.44425,0.4494275
6319.0,0.3766,0.45721,0.45241,0.44779,0.44525,0.450665
6320.0,0.37306,0.45922,0.45444,0.4498,0.44694,0.4526
6321.0,0.36005,0.46167,0.45676,0.45223,0.44919,0.4549625
6322.0,0.34551,0.46432,0.45925,0.45489,0.45158,0.45751
6323.0,0.34443,0.46689,0.46178,0.45744,0.45391,0.46000500000000005
6324.0,0.35302,0.46919,0.46404,0.45975,0.4561,0.46227
6325.0,0.36313,0.47107,0.46585,0.46163,0.45793,0.46412
6326.0,0.36959,0.47245,0.46723,0.46302,0.45929,0.46549749999999995
6327.0,0.37045,0.47331,0.46807,0.46388,0.4602,0.466365
6328.0,0.36852,0.47364,0.46833,0.46414,0.46051,0.466655
6329.0,0.37758,0.47342,0.46808,0.46386,0.4603,0.46641499999999997
6330.0,0.3884,0.47264,0.4672,0.46302,0.45963,0.4656225
6331.0,0.38801,0.4713,0.46585,0.46164,0.45837,0.46429
6332.0,0.35904,0.46951,0.46418,0.45986,0.45676,0.4625775
6333.0,0.36592,0.46742,0.46224,0.45777,0.45493,0.46059
6334.0,0.39063,0.46533,0.46038,0.45574,0.45306,0.4586275
6335.0,0.3455,0.46353,0.45879,0.45401,0.45149,0.456955
6336.0,0.34036,0.46225,0.45759,0.45278,0.45022,0.45571
6337.0,0.37551,0.46161,0.45697,0.45213,0.44938,0.4550225
6338.0,0.39341,0.4615,0.45675,0.45198,0.44913,0.45484
6339.0,0.37782,0.46174,0.45679,0.45216,0.44918,0.45496749999999997
6340.0,0.3652,0.46208,0.45711,0.45246,0.44934,0.45524749999999997
6341.0,0.39154,0.46241,0.4575,0.45281,0.44966,0.45559499999999997
6342.0,0.38403,0.46269,0.4579,0.45315,0.45002,0.45594
6343.0,0.37016,0.46305,0.45846,0.45364,0.45049,0.45641000000000004
6344.0,0.37929,0.46362,0.45917,0.45432,0.45112,0.4570575
6345.0,0.38602,0.4645,0.4601,0.45525,0.45188,0.4579325
6346.0,0.38678,0.46563,0.46119,0.4564,0.45286,0.45902
6347.0,0.38215,0.46686,0.46218,0.45752,0.45389,0.46011250000000004
6348.0,0.3752,0.46791,0.46298,0.45844,0.45464,0.46099249999999997
6349.0,0.36735,0.46851,0.46335,0.4589,0.45503,0.46144749999999995
6350.0,0.36366,0.46842,0.463,0.45867,0.45487,0.46124
6351.0,0.3742,0.4675,0.46191,0.45764,0.45396,0.4602525
6352.0,0.3674,0.46575,0.46006,0.45576,0.45228,0.4584625
6353.0,0.35313,0.46324,0.45752,0.45315,0.44995,0.455965
6354.0,0.37337,0.46015,0.45442,0.44999,0.44709,0.4529125
6355.0,0.38416,0.45668,0.45098,0.44647,0.44384,0.44949249999999996
6356.0,0.37079,0.45305,0.44746,0.44282,0.44041,0.44593499999999997
6357.0,0.33788,0.44953,0.44412,0.4393,0.43712,0.4425175
6358.0,0.34106,0.44638,0.44117,0.43622,0.43426,0.43950750000000005
6359.0,0.37331,0.4439,0.43893,0.43382,0.43193,0.437145
6360.0,0.40984,0.44233,0.43768,0.43238,0.43041,0.4357
6361.0,0.44615,0.4419,0.43749,0.4321,0.43003,0.43538
6362.0,0.49879,0.4427,0.4384,0.433,0.43071,0.4362025
6363.0,0.57047,0.44467,0.44046,0.43506,0.43237,0.43814
6364.0,0.59759,0.44764,0.44343,0.43808,0.435,0.4410375
6365.0,0.56136,0.45128,0.44696,0.44175,0.43829,0.44457
6366.0,0.47178,0.45524,0.45085,0.44576,0.44191,0.44844
6367.0,0.39472,0.45919,0.45475,0.44974,0.44562,0.452325
6368.0,0.37317,0.46285,0.4584,0.45344,0.44912,0.4559525
6369.0,0.39961,0.46606,0.46165,0.4567,0.45226,0.45916749999999995
6370.0,0.39264,0.46873,0.46434,0.45942,0.45495,0.46186
6371.0,0.38107,0.4708,0.46644,0.46153,0.45702,0.4639475
6372.0,0.37759,0.47228,0.46794,0.46303,0.45852,0.46544250000000004
6373.0,0.37605,0.47314,0.46881,0.46388,0.45946,0.46632250000000003
6374.0,0.37065,0.47342,0.46911,0.46415,0.45984,0.46663000000000004
6375.0,0.36263,0.47315,0.46891,0.4639,0.45972,0.46641999999999995
6376.0,0.35707,0.47247,0.46833,0.46324,0.45918,0.465805
6377.0,0.34283,0.47153,0.46756,0.46235,0.45843,0.4649675
6378.0,0.34373,0.47053,0.4667,0.4614,0.45764,0.4640675
6379.0,0.3909,0.46966,0.46595,0.46057,0.45684,0.463255
6380.0,0.40338,0.46905,0.46548,0.46002,0.45625,0.46270000000000006
6381.0,0.38505,0.46879,0.46523,0.45978,0.45601,0.4624525
6382.0,0.36561,0.46885,0.46524,0.45981,0.45593,0.46245749999999997
6383.0,0.36417,0.46917,0.4655,0.46008,0.45606,0.4627025
6384.0,0.36414,0.4696,0.46578,0.46044,0.45635,0.4630425
6385.0,0.35173,0.46997,0.46595,0.46073,0.45653,0.463295
6386.0,0.353,0.47012,0.46593,0.46076,0.45648,0.4633225
6387.0,0.3584,0.46984,0.46553,0.46039,0.45617,0.4629825
6388.0,0.35878,0.46908,0.46468,0.45956,0.45544,0.46219
6389.0,0.35754,0.46781,0.46349,0.4583,0.45431,0.4609775
6390.0,0.35733,0.46621,0.46203,0.45675,0.45295,0.459485
6391.0,0.35966,0.46449,0.46047,0.45508,0.45144,0.45787
6392.0,0.36473,0.46293,0.4591,0.45355,0.45001,0.4563975
6393.0,0.37046,0.46172,0.45795,0.45237,0.44889,0.4552325
6394.0,0.3754,0.46092,0.45709,0.45155,0.44798,0.454385
6395.0,0.3781,0.46047,0.45666,0.45109,0.44735,0.45389250000000003
6396.0,0.36709,0.46024,0.45644,0.45089,0.44715,0.45367999999999997
6397.0,0.34823,0.46017,0.45633,0.45082,0.44705,0.4535925
6398.0,0.34516,0.46024,0.45659,0.45094,0.44704,0.4537025
6399.0,0.35026,0.46052,0.45706,0.45133,0.44745,0.45409
6400.0,0.35658,0.4611,0.45762,0.45199,0.44803,0.45468499999999995
6401.0,0.357,0.46195,0.45845,0.45287,0.44862,0.45547250000000006
6402.0,0.35664,0.46292,0.45933,0.45382,0.4494,0.4563675
6403.0,0.36224,0.46374,0.45996,0.45454,0.4501,0.45708499999999996
6404.0,0.37819,0.46419,0.46032,0.45496,0.45044,0.4574775
6405.0,0.37049,0.46415,0.46027,0.45491,0.45043,0.45743999999999996
6406.0,0.34976,0.46362,0.45985,0.45438,0.45004,0.4569725
6407.0,0.34071,0.46278,0.45922,0.45362,0.44945,0.45626750000000005
6408.0,0.34368,0.46187,0.45841,0.45277,0.44877,0.45545500000000005
6409.0,0.35131,0.46111,0.45776,0.45202,0.44799,0.45472
6410.0,0.35479,0.46064,0.4574,0.45154,0.44753,0.4542775
6411.0,0.34947,0.46049,0.45712,0.45132,0.44739,0.45408
6412.0,0.35178,0.46062,0.45707,0.45135,0.44723,0.45406749999999996
6413.0,0.37073,0.46085,0.45722,0.4515,0.44723,0.4542
6414.0,0.37441,0.46103,0.45723,0.45158,0.44737,0.4543025
6415.0,0.36699,0.461,0.45707,0.45147,0.44725,0.4541975
6416.0,0.35636,0.4607,0.45689,0.45119,0.44696,0.45393500000000003
6417.0,0.34867,0.46021,0.45659,0.45078,0.44671,0.4535725
6418.0,0.34622,0.45973,0.45631,0.45041,0.44645,0.453225
6419.0,0.3495,0.45953,0.45637,0.45033,0.44635,0.45314499999999996
6420.0,0.35636,0.45981,0.45686,0.4507,0.44668,0.4535125
6421.0,0.35953,0.46069,0.45773,0.45163,0.44747,0.45438
6422.0,0.35692,0.46208,0.45894,0.45298,0.44853,0.4556325
6423.0,0.35411,0.4637,0.46032,0.45447,0.44975,0.45706
6424.0,0.3553,0.46518,0.4615,0.45579,0.45095,0.45835499999999996
6425.0,0.35751,0.46614,0.46219,0.45662,0.45173,0.45916999999999997
6426.0,0.34857,0.46637,0.46239,0.45681,0.45192,0.45937249999999996
6427.0,0.3369,0.46584,0.462,0.45635,0.45165,0.45896000000000003
6428.0,0.3357,0.46476,0.4611,0.45533,0.4509,0.45802250000000005
6429.0,0.36375,0.46344,0.46008,0.4541,0.44984,0.456865
6430.0,0.37296,0.46224,0.45913,0.453,0.44889,0.455815
6431.0,0.36194,0.46141,0.45838,0.45222,0.44814,0.4550375
6432.0,0.36163,0.46105,0.45802,0.45187,0.44766,0.45465
6433.0,0.35238,0.46109,0.45799,0.45184,0.44753,0.4546125
6434.0,0.34055,0.46133,0.45817,0.45202,0.44764,0.45478999999999997
6435.0,0.34795,0.46163,0.45852,0.45238,0.44793,0.455115
6436.0,0.36626,0.46199,0.45898,0.45282,0.44832,0.45552750000000003
6437.0,0.37232,0.46247,0.45966,0.45338,0.44884,0.4560875
6438.0,0.34187,0.46321,0.46059,0.45422,0.44966,0.45692
6439.0,0.34702,0.46432,0.46169,0.45536,0.45071,0.45802
6440.0,0.36402,0.46576,0.463,0.45677,0.45183,0.45934
6441.0,0.34385,0.46729,0.46426,0.45819,0.45301,0.4606875
6442.0,0.34442,0.46855,0.46509,0.45922,0.45394,0.4617
6443.0,0.36223,0.46911,0.46524,0.45956,0.4542,0.4620275
6444.0,0.37585,0.46863,0.46452,0.45891,0.45365,0.4614275
6445.0,0.37008,0.46695,0.46288,0.45718,0.45221,0.45980499999999996
6446.0,0.35681,0.46426,0.46044,0.45461,0.45005,0.45734
6447.0,0.35026,0.46103,0.45758,0.45153,0.44737,0.4543775
6448.0,0.34174,0.45782,0.45492,0.44849,0.44464,0.45146749999999997
6449.0,0.33698,0.45523,0.45278,0.4461,0.4425,0.44915249999999995
6450.0,0.34314,0.45373,0.45145,0.4447,0.4411,0.44774500000000006
6451.0,0.36245,0.45345,0.45129,0.4445,0.44057,0.44745250000000003
6452.0,0.37772,0.45434,0.45211,0.44539,0.44117,0.4482525
6453.0,0.3747,0.45608,0.45352,0.44697,0.44248,0.4497625
6454.0,0.35556,0.45823,0.45541,0.44901,0.44407,0.45167999999999997
6455.0,0.34298,0.46038,0.45732,0.45105,0.44588,0.4536575
6456.0,0.34847,0.46215,0.45879,0.45269,0.44746,0.45527249999999997
6457.0,0.34903,0.46332,0.45981,0.45374,0.44841,0.45632
6458.0,0.36083,0.46369,0.46031,0.45412,0.44892,0.45676
6459.0,0.38526,0.46341,0.4601,0.45391,0.44896,0.45659500000000003
6460.0,0.37797,0.46262,0.45954,0.45323,0.4484,0.45594749999999995
6461.0,0.3622,0.46167,0.459,0.45243,0.44773,0.4552075
6462.0,0.35733,0.4609,0.45847,0.45178,0.4473,0.45461250000000003
6463.0,0.37028,0.46055,0.45821,0.45153,0.44698,0.4543175
6464.0,0.3717,0.46077,0.4585,0.45178,0.44699,0.45451
6465.0,0.35602,0.46141,0.45906,0.45237,0.4475,0.455085
6466.0,0.36082,0.46229,0.4597,0.45315,0.44814,0.45582
6467.0,0.36664,0.46313,0.46044,0.45395,0.44872,0.45656
6468.0,0.36464,0.46374,0.46103,0.45458,0.44931,0.45716500000000004
6469.0,0.36397,0.46408,0.46132,0.45488,0.44968,0.45749
6470.0,0.36246,0.46415,0.46148,0.45495,0.44975,0.4575825
6471.0,0.35865,0.46406,0.4615,0.45491,0.44979,0.457565
6472.0,0.3526,0.46391,0.46131,0.45477,0.4497,0.45742249999999995
6473.0,0.34954,0.46374,0.4611,0.45457,0.4494,0.4572025
6474.0,0.35004,0.4635,0.46083,0.45427,0.4491,0.456925
6475.0,0.3495,0.46311,0.46024,0.45379,0.44869,0.4564575
6476.0,0.35514,0.46246,0.45942,0.45305,0.4479,0.4557075
6477.0,0.36565,0.46144,0.45844,0.45199,0.44688,0.45468749999999997
6478.0,0.3698,0.46009,0.45713,0.45063,0.44575,0.4533999999999999
6479.0,0.36851,0.4585,0.45561,0.44908,0.44436,0.4518875
6480.0,0.3645,0.4569,0.45424,0.44758,0.44289,0.4504025
6481.0,0.3629,0.45553,0.45306,0.44627,0.4417,0.44914
6482.0,0.36546,0.45457,0.45212,0.44531,0.44079,0.44819749999999997
6483.0,0.36933,0.4541,0.45152,0.44481,0.44011,0.447635
6484.0,0.36685,0.45399,0.45113,0.44455,0.43967,0.447335
6485.0,0.35885,0.45394,0.45063,0.44423,0.43922,0.447005
6486.0,0.35324,0.45355,0.44969,0.44354,0.43843,0.44630250000000005
6487.0,0.36453,0.45236,0.44797,0.44207,0.43695,0.4448375
6488.0,0.3695,0.45004,0.44522,0.43947,0.43452,0.4423125
6489.0,0.36119,0.44641,0.4414,0.4356,0.43104,0.43861249999999996
6490.0,0.34435,0.44154,0.43659,0.43064,0.42665,0.433855
6491.0,0.3506,0.43581,0.43111,0.425,0.42157,0.4283725
6492.0,0.36773,0.42979,0.42563,0.41916,0.41622,0.4227
6493.0,0.35308,0.42423,0.42072,0.41386,0.41135,0.41754
6494.0,0.33175,0.41988,0.4169,0.40972,0.4075,0.4135
6495.0,0.31659,0.41726,0.41472,0.40733,0.40504,0.4110875
6496.0,0.31561,0.41671,0.41441,0.40698,0.40433,0.41060750000000007
6497.0,0.32474,0.41819,0.41591,0.40849,0.40539,0.411995
6498.0,0.33882,0.42141,0.419,0.4117,0.40799,0.41502500000000003
6499.0,0.35049,0.42586,0.42319,0.41614,0.4118,0.4192475
6500.0,0.35634,0.43096,0.42802,0.42118,0.41625,0.4241025
6501.0,0.36105,0.43617,0.43304,0.42639,0.42096,0.42914
6502.0,0.37336,0.44102,0.43772,0.43119,0.42551,0.43386
6503.0,0.37575,0.44518,0.44183,0.43535,0.4295,0.43796500000000005
6504.0,0.37202,0.44852,0.44526,0.43877,0.43285,0.44134999999999996
6505.0,0.37722,0.451,0.44786,0.44134,0.4355,0.443925
6506.0,0.38114,0.45273,0.44974,0.44317,0.43737,0.4457525
6507.0,0.37852,0.45385,0.45105,0.44436,0.43866,0.44698000000000004
6508.0,0.36655,0.45451,0.45182,0.44506,0.4395,0.4477225
6509.0,0.35701,0.45483,0.45215,0.4454,0.4399,0.44807
6510.0,0.35147,0.45486,0.45219,0.44541,0.43993,0.4480974999999999
6511.0,0.34796,0.45462,0.45197,0.44512,0.43973,0.44786
6512.0,0.35965,0.45411,0.45142,0.4446,0.43932,0.4473625
6513.0,0.37512,0.45335,0.45069,0.44383,0.43861,0.44661999999999996
6514.0,0.36952,0.45242,0.44996,0.44297,0.43782,0.4457924999999999
6515.0,0.35403,0.45149,0.44919,0.44212,0.43713,0.4449825
6516.0,0.34127,0.45073,0.44855,0.44144,0.43648,0.44430000000000003
6517.0,0.34695,0.4503,0.44831,0.44111,0.43605,0.44394249999999996
6518.0,0.37004,0.45031,0.44841,0.44116,0.43607,0.4439875
6519.0,0.38823,0.45073,0.44876,0.44157,0.43637,0.4443575
6520.0,0.36827,0.45143,0.44936,0.44229,0.43684,0.44498000000000004
6521.0,0.35817,0.45222,0.45005,0.44303,0.43743,0.4456825
6522.0,0.36451,0.45288,0.45066,0.44366,0.438,0.4463
6523.0,0.37407,0.4533,0.45102,0.4441,0.4384,0.446705
6524.0,0.37975,0.45337,0.45112,0.44422,0.4385,0.4468025
6525.0,0.37978,0.45315,0.45104,0.44407,0.43837,0.4466575
6526.0,0.37491,0.45276,0.45075,0.44371,0.43814,0.44634
6527.0,0.36969,0.45228,0.45034,0.44325,0.43778,0.4459125
6528.0,0.36685,0.45185,0.45002,0.44286,0.43739,0.44553
6529.0,0.36833,0.45155,0.44981,0.44258,0.43715,0.44527249999999996
6530.0,0.36802,0.45144,0.44973,0.44247,0.43707,0.4451775
6531.0,0.36582,0.45158,0.4499,0.44261,0.43715,0.44531
6532.0,0.3645,0.452,0.45034,0.443,0.43749,0.4457075
6533.0,0.35883,0.45266,0.45095,0.44361,0.43805,0.44631750000000003
6534.0,0.34989,0.45349,0.45167,0.44441,0.43872,0.4470725
6535.0,0.34375,0.45439,0.45243,0.44524,0.43941,0.44786750000000003
6536.0,0.35361,0.4552,0.45309,0.44594,0.44003,0.448565
6537.0,0.36992,0.45575,0.45343,0.44638,0.44044,0.449
6538.0,0.36788,0.45587,0.45333,0.44637,0.44043,0.44899999999999995
6539.0,0.36964,0.45539,0.45272,0.44583,0.43991,0.4484625
6540.0,0.37699,0.45428,0.45155,0.44465,0.43889,0.44734250000000003
6541.0,0.37882,0.45258,0.44988,0.4429,0.43738,0.445685
6542.0,0.37844,0.45042,0.44785,0.4408,0.43549,0.44364
6543.0,0.38349,0.44804,0.44558,0.4385,0.43337,0.4413725
6544.0,0.40832,0.44566,0.44336,0.43618,0.43117,0.4390925
6545.0,0.4698,0.44351,0.44131,0.43406,0.42913,0.4370025
6546.0,0.57659,0.4417,0.43943,0.4322,0.42732,0.43516249999999995
6547.0,0.72768,0.44016,0.43775,0.43061,0.42564,0.43354
6548.0,0.79295,0.43879,0.43616,0.42917,0.42407,0.4320475
6549.0,0.73934,0.43731,0.43449,0.42759,0.42245,0.43045999999999995
6550.0,0.60691,0.43555,0.43259,0.4258,0.42062,0.42863999999999997
6551.0,0.48243,0.43335,0.43028,0.42361,0.41844,0.42641999999999997
6552.0,0.40832,0.43057,0.42745,0.42093,0.41575,0.423675
6553.0,0.40374,0.42718,0.42409,0.41768,0.41248,0.4203575
6554.0,0.42025,0.42311,0.42013,0.41376,0.40863,0.41640750000000004
6555.0,0.47467,0.41831,0.41544,0.40917,0.40415,0.4117675
6556.0,0.65933,0.41268,0.40998,0.4039,0.39893,0.40637249999999997
6557.0,0.87257,0.40622,0.40405,0.39785,0.39304,0.40029000000000003
6558.0,1.64027,0.39911,0.39792,0.39135,0.38692,0.393825
6559.0,4.63141,0.3919,0.39174,0.385,0.381,0.38741
6560.0,12.92206,0.38539,0.38637,0.37938,0.37551,0.3816625
6561.0,26.53325,0.38056,0.38298,0.37533,0.37143,0.377575
6562.0,41.09551,0.37844,0.38162,0.37361,0.36977,0.37585999999999997
6563.0,46.70452,0.37936,0.38233,0.37444,0.37028,0.3766025
6564.0,39.38614,0.38313,0.3856,0.37786,0.37275,0.37983500000000003
6565.0,22.41081,0.38911,0.39073,0.38317,0.3774,0.3851025
6566.0,8.41167,0.39626,0.39645,0.38935,0.38325,0.39132749999999994
6567.0,2.85739,0.40349,0.40237,0.39573,0.38904,0.3976575
6568.0,0.96218,0.40989,0.40798,0.4015,0.39452,0.4034725
6569.0,0.55688,0.41495,0.41244,0.40597,0.39932,0.40817000000000003
6570.0,0.4935,0.41857,0.41579,0.40925,0.40293,0.411635
6571.0,0.44729,0.42103,0.41842,0.41167,0.40559,0.4141775
6572.0,0.41336,0.42279,0.42042,0.41341,0.40773,0.4160875
6573.0,0.40297,0.42432,0.42211,0.41492,0.40947,0.417705
6574.0,0.39196,0.42595,0.42382,0.41656,0.41109,0.419355
6575.0,0.38861,0.42774,0.42557,0.41828,0.41277,0.42109
6576.0,0.39801,0.42965,0.42736,0.42009,0.41448,0.422895
6577.0,0.40752,0.43151,0.42912,0.42191,0.41617,0.4246775
6578.0,0.41992,0.43318,0.43072,0.42354,0.41775,0.42629750000000005
6579.0,0.4549,0.43459,0.43214,0.42496,0.41911,0.42769999999999997
6580.0,0.59483,0.43574,0.43336,0.42615,0.42029,0.428885
6581.0,0.90209,0.4367,0.43437,0.42709,0.42129,0.4298625
6582.0,1.36477,0.43751,0.43523,0.42793,0.42212,0.4306975
6583.0,1.65577,0.43826,0.43592,0.42868,0.42281,0.4314175
6584.0,1.63272,0.43889,0.43646,0.42921,0.42332,0.43196999999999997
6585.0,1.25445,0.43934,0.43675,0.42956,0.42363,0.43232
6586.0,0.84688,0.43947,0.43655,0.42951,0.42361,0.43228500000000003
6587.0,0.5386,0.43901,0.43589,0.42891,0.42304,0.4317125
6588.0,0.4024,0.43794,0.4348,0.42775,0.422,0.4306225
6589.0,0.38228,0.43623,0.43314,0.42604,0.42062,0.4290075
6590.0,0.40186,0.43409,0.43112,0.42398,0.41881,0.42700000000000005
6591.0,0.38247,0.43185,0.42924,0.42192,0.41686,0.4249675
6592.0,0.37362,0.4299,0.42771,0.42012,0.41527,0.42325
6593.0,0.37164,0.42862,0.42657,0.41889,0.41418,0.422065
6594.0,0.35682,0.42813,0.42613,0.41846,0.41359,0.42157750000000005
6595.0,0.35705,0.42845,0.42652,0.41884,0.4137,0.4218775
6596.0,0.36764,0.4295,0.42745,0.41984,0.41452,0.4228275
6597.0,0.3682,0.43102,0.42874,0.42127,0.41569,0.42418
6598.0,0.35625,0.43275,0.4302,0.4229,0.41701,0.42571500000000007
6599.0,0.34635,0.43432,0.4315,0.42434,0.41828,0.42711
6600.0,0.36498,0.43545,0.43243,0.42535,0.41923,0.42811499999999997
6601.0,0.37336,0.43599,0.43287,0.42583,0.41972,0.4286025
6602.0,0.36698,0.43585,0.4327,0.42567,0.4197,0.42847999999999997
6603.0,0.36565,0.4351,0.43203,0.42494,0.41913,0.42779999999999996
6604.0,0.3728,0.43391,0.43106,0.42382,0.4182,0.42674750000000006
6605.0,0.38314,0.43251,0.42992,0.42254,0.41715,0.42552999999999996
6606.0,0.3808,0.43121,0.42886,0.42137,0.41614,0.42439499999999997
6607.0,0.36721,0.43029,0.42823,0.42063,0.41538,0.4236325
6608.0,0.35145,0.43002,0.42819,0.42044,0.41514,0.42344750000000003
6609.0,0.35637,0.43046,0.42864,0.42087,0.4155,0.4238675
6610.0,0.35637,0.4315,0.42954,0.42191,0.4163,0.42481250000000004
6611.0,0.34507,0.43296,0.43091,0.42334,0.41744,0.4261625
6612.0,0.34841,0.43461,0.43256,0.42498,0.41888,0.42775749999999996
6613.0,0.35486,0.43634,0.4341,0.42663,0.42044,0.42937749999999997
6614.0,0.35616,0.43786,0.43542,0.42808,0.42176,0.43078000000000005
6615.0,0.3523,0.43905,0.43658,0.42926,0.42278,0.43191749999999995
6616.0,0.34675,0.43984,0.43738,0.43004,0.42359,0.43271249999999994
6617.0,0.34244,0.44021,0.43765,0.43035,0.42401,0.43305499999999997
6618.0,0.34137,0.44016,0.43748,0.43025,0.42391,0.43295
6619.0,0.34665,0.43963,0.43696,0.42968,0.4234,0.4324175
6620.0,0.35829,0.43866,0.436,0.42866,0.42259,0.4314775
6621.0,0.36292,0.43732,0.43463,0.42733,0.42142,0.430175
6622.0,0.35995,0.43572,0.43311,0.42577,0.41995,0.4286375
6623.0,0.35204,0.43404,0.43158,0.42413,0.41842,0.42704250000000005
6624.0,0.34695,0.43246,0.42998,0.42252,0.41696,0.42547999999999997
6625.0,0.34654,0.431,0.42843,0.421,0.41548,0.4239775
6626.0,0.35038,0.42967,0.42706,0.41964,0.41407,0.42261
6627.0,0.3511,0.42845,0.42576,0.41836,0.41282,0.4213475
6628.0,0.35129,0.42725,0.42449,0.41709,0.41162,0.4201125
6629.0,0.3563,0.42607,0.4233,0.41591,0.41045,0.4189325
6630.0,0.35458,0.42492,0.4222,0.41478,0.40939,0.4178225
6631.0,0.34925,0.42386,0.42129,0.41379,0.40845,0.4168475
6632.0,0.35133,0.4231,0.42072,0.41313,0.40779,0.416185
6633.0,0.35623,0.42278,0.42046,0.41285,0.40749,0.415895
6634.0,0.35972,0.42293,0.42056,0.41297,0.4075,0.41598999999999997
6635.0,0.35626,0.42346,0.42104,0.41346,0.40781,0.4164425
6636.0,0.34818,0.42421,0.42165,0.41417,0.4084,0.41710749999999996
6637.0,0.33892,0.425,0.42225,0.41488,0.409,0.4177825
6638.0,0.33496,0.42566,0.42288,0.4155,0.40949,0.4183825
6639.0,0.34214,0.42612,0.42331,0.41593,0.40994,0.418825
6640.0,0.35559,0.42628,0.42338,0.41606,0.41017,0.41897249999999997
6641.0,0.35167,0.42615,0.4234,0.41602,0.41009,0.41891500000000004
6642.0,0.33786,0.42596,0.42345,0.41593,0.41002,0.41884000000000005
6643.0,0.32268,0.4258,0.42334,0.41577,0.41003,0.41873499999999997
6644.0,0.31824,0.42575,0.42321,0.41571,0.40995,0.418655
6645.0,0.32285,0.4258,0.42331,0.41579,0.40987,0.41869249999999997
6646.0,0.33528,0.42592,0.4235,0.41591,0.41,0.4188325
6647.0,0.3597,0.42612,0.42361,0.41608,0.41019,0.41900000000000004
6648.0,0.37077,0.42633,0.42369,0.41625,0.41026,0.4191325
6649.0,0.35175,0.42643,0.42381,0.41634,0.41028,0.419215
6650.0,0.34411,0.42643,0.42382,0.41634,0.41031,0.41922499999999996
6651.0,0.35004,0.42632,0.42367,0.41621,0.41022,0.419105
6652.0,0.36221,0.42612,0.42344,0.416,0.40999,0.4188875
6653.0,0.36681,0.42583,0.42309,0.41568,0.40966,0.41856499999999996
6654.0,0.36345,0.42539,0.42258,0.41519,0.4092,0.41809
6655.0,0.35612,0.42479,0.42192,0.41454,0.40857,0.417455
6656.0,0.34706,0.42401,0.42104,0.41372,0.40779,0.41664
6657.0,0.33958,0.42299,0.4199,0.4126,0.40677,0.415565
6658.0,0.33849,0.4217,0.41861,0.41127,0.4055,0.41427
6659.0,0.34133,0.4202,0.4172,0.40981,0.40417,0.41284499999999996
6660.0,0.3448,0.4186,0.41565,0.40823,0.40278,0.411315
6661.0,0.34346,0.41702,0.41425,0.40674,0.40136,0.4098425
6662.0,0.33906,0.41573,0.41323,0.40557,0.40022,0.4086875
6663.0,0.33607,0.41489,0.41251,0.40477,0.39952,0.40792249999999997
6664.0,0.34483,0.41456,0.41224,0.4045,0.39918,0.40762
6665.0,0.36466,0.41484,0.41259,0.40485,0.3993,0.407895
6666.0,0.3859,0.41564,0.41343,0.40566,0.39996,0.4086725
6667.0,0.3761,0.41689,0.41451,0.40685,0.40099,0.40980999999999995
6668.0,0.36256,0.41837,0.41573,0.40823,0.40211,0.41111
6669.0,0.36334,0.41978,0.41696,0.40953,0.4032,0.4123675
6670.0,0.36507,0.42086,0.41785,0.41053,0.40413,0.41334250000000006
6671.0,0.3639,0.42142,0.41822,0.41103,0.4046,0.4138175
6672.0,0.36276,0.42136,0.41809,0.41089,0.4045,0.41371
6673.0,0.3918,0.42062,0.41743,0.41015,0.40392,0.41303
6674.0,0.44115,0.41928,0.41618,0.40889,0.40291,0.41181499999999993
6675.0,0.50194,0.41748,0.41464,0.40725,0.40146,0.4102075
6676.0,0.65111,0.41557,0.41326,0.40563,0.39992,0.408595
6677.0,0.82341,0.41403,0.41205,0.40427,0.39874,0.40727250000000004
6678.0,0.88903,0.41301,0.41108,0.4033,0.39786,0.40631249999999997
6679.0,0.83594,0.41259,0.41078,0.40299,0.39731,0.4059175
6680.0,0.6947,0.41281,0.41116,0.40332,0.3974,0.4061725
6681.0,0.53728,0.41355,0.41182,0.40405,0.39807,0.40687249999999997
6682.0,0.44252,0.41471,0.41271,0.4051,0.39891,0.4078575
6683.0,0.4236,0.416,0.41385,0.40631,0.39985,0.4090025
6684.0,0.43616,0.41719,0.41496,0.40741,0.4009,0.410115
6685.0,0.43103,0.41819,0.41581,0.40832,0.40183,0.41103750000000006
6686.0,0.39918,0.41894,0.41647,0.40902,0.40248,0.41172749999999997
6687.0,0.39007,0.41944,0.41691,0.40943,0.40291,0.41217249999999994
6688.0,0.39412,0.41965,0.41701,0.40954,0.40312,0.41233
6689.0,0.39894,0.41956,0.4168,0.40937,0.403,0.4121825
6690.0,0.38917,0.41918,0.41636,0.40891,0.40259,0.41176
6691.0,0.37676,0.41848,0.41567,0.40817,0.40198,0.41107499999999997
6692.0,0.37163,0.41756,0.41472,0.40722,0.40117,0.4101675
6693.0,0.3595,0.41646,0.41366,0.40611,0.40018,0.4091025
6694.0,0.3478,0.41528,0.41268,0.40502,0.39916,0.408035
6695.0,0.34731,0.41428,0.4118,0.40408,0.39831,0.40711749999999997
6696.0,0.34723,0.41354,0.41109,0.40334,0.39762,0.40639749999999997
6697.0,0.34763,0.41313,0.41069,0.40295,0.39714,0.4059775
6698.0,0.35255,0.41307,0.41059,0.40285,0.39693,0.40586
6699.0,0.35875,0.4132,0.41063,0.40292,0.39696,0.4059275
6700.0,0.35913,0.41344,0.41075,0.40313,0.39707,0.4060975
6701.0,0.34161,0.41367,0.4109,0.40332,0.39718,0.4062675
6702.0,0.33485,0.41379,0.41102,0.40341,0.39726,0.40637
6703.0,0.34165,0.41381,0.41102,0.40344,0.39728,0.4063875
6704.0,0.33446,0.41374,0.41089,0.40332,0.39719,0.40628499999999995
6705.0,0.33131,0.41353,0.41067,0.40309,0.39695,0.40606
6706.0,0.3405,0.41323,0.41031,0.40277,0.39661,0.40573000000000004
6707.0,0.35009,0.41277,0.4097,0.40222,0.39611,0.4052
6708.0,0.35474,0.41206,0.40885,0.40142,0.39534,0.4044175
6709.0,0.35539,0.41107,0.40779,0.40038,0.39433,0.4033925
6710.0,0.37478,0.40975,0.40639,0.399,0.3931,0.40206
6711.0,0.42024,0.4081,0.40476,0.39734,0.39159,0.40044749999999996
6712.0,0.51868,0.40628,0.40309,0.39556,0.38994,0.3987175
6713.0,0.85196,0.40442,0.40143,0.3938,0.38837,0.39700499999999994
6714.0,1.47188,0.40276,0.39993,0.39223,0.38695,0.39546749999999997
6715.0,2.34996,0.40151,0.39889,0.3911,0.38581,0.3943275
6716.0,2.89146,0.40087,0.39846,0.39056,0.38519,0.39377
6717.0,2.84972,0.40092,0.39853,0.39062,0.3852,0.3938175
6718.0,2.10954,0.40159,0.39906,0.39125,0.38565,0.3943875
6719.0,1.27934,0.4027,0.40008,0.39234,0.38644,0.39539
6720.0,0.66945,0.40406,0.40142,0.39369,0.38757,0.396685
6721.0,0.43975,0.40552,0.40274,0.39509,0.38887,0.398055
6722.0,0.37526,0.40687,0.40391,0.39637,0.39006,0.3993025
6723.0,0.34666,0.40794,0.40502,0.39745,0.39102,0.4003575
6724.0,0.35193,0.40874,0.40599,0.39834,0.39189,0.40124000000000004
6725.0,0.37922,0.40933,0.40668,0.399,0.39263,0.40191
6726.0,0.43191,0.40982,0.40715,0.3995,0.39315,0.402405
6727.0,0.58395,0.4102,0.4076,0.39992,0.39349,0.40280250000000006
6728.0,0.92087,0.41051,0.40799,0.40025,0.39381,0.40314
6729.0,1.49814,0.41075,0.40819,0.40047,0.39407,0.40336999999999995
6730.0,2.04352,0.41088,0.40823,0.40057,0.39415,0.40345749999999997
6731.0,2.28259,0.41087,0.40815,0.40051,0.39406,0.4033975
6732.0,1.89273,0.41065,0.4079,0.40025,0.39382,0.403155
6733.0,1.31375,0.41023,0.40744,0.39978,0.39343,0.40271999999999997
6734.0,0.77293,0.40962,0.40679,0.39913,0.39286,0.40209999999999996
6735.0,0.45562,0.40882,0.40598,0.39833,0.39212,0.4013125
6736.0,0.33507,0.40789,0.40508,0.39741,0.39125,0.4004075
6737.0,0.35237,0.40691,0.40418,0.39644,0.39035,0.39947
6738.0,0.36489,0.40596,0.40326,0.39552,0.3895,0.39856
6739.0,0.36374,0.40509,0.40234,0.39464,0.38866,0.3976825
6740.0,0.35197,0.40428,0.40156,0.39383,0.38782,0.39687249999999996
6741.0,0.33614,0.40356,0.40095,0.39317,0.38712,0.3962
6742.0,0.3251,0.40298,0.40034,0.3926,0.38658,0.395625
6743.0,0.32602,0.40249,0.39972,0.39204,0.38604,0.3950725
6744.0,0.33347,0.40203,0.39925,0.39156,0.38548,0.39458
6745.0,0.34182,0.40159,0.39888,0.39114,0.38505,0.394165
6746.0,0.34432,0.40117,0.39845,0.39072,0.38472,0.393765
6747.0,0.33972,0.40084,0.3981,0.39034,0.38438,0.393415
6748.0,0.332,0.40058,0.39797,0.39014,0.38414,0.3932075
6749.0,0.32997,0.40053,0.39801,0.39013,0.38415,0.393205
6750.0,0.3263,0.40071,0.39825,0.3903,0.38436,0.393405
6751.0,0.32099,0.40117,0.39884,0.39085,0.38479,0.3939125
6752.0,0.32399,0.40201,0.39975,0.39174,0.38556,0.39476500000000003
6753.0,0.3316,0.40316,0.40089,0.39287,0.38661,0.3958825
6754.0,0.3397,0.40456,0.40226,0.39428,0.38784,0.397235
6755.0,0.34202,0.40616,0.40379,0.39586,0.38921,0.398755
6756.0,0.33948,0.40773,0.40526,0.39737,0.39062,0.400245
6757.0,0.33434,0.40916,0.40658,0.39875,0.39188,0.4015925
6758.0,0.33163,0.41032,0.40762,0.39987,0.3929,0.4026775
6759.0,0.33294,0.41106,0.40826,0.40054,0.39359,0.40336250000000007
6760.0,0.33826,0.41132,0.40848,0.40077,0.39386,0.4036075
6761.0,0.33688,0.41113,0.4083,0.40057,0.39371,0.4034275
6762.0,0.33012,0.41049,0.4077,0.39992,0.39324,0.4028375
6763.0,0.32723,0.40952,0.40676,0.39897,0.39244,0.40192249999999996
6764.0,0.331,0.40832,0.40566,0.3978,0.39138,0.40079000000000004
6765.0,0.33771,0.40701,0.40457,0.39657,0.39028,0.39960749999999995
6766.0,0.33272,0.40584,0.40357,0.39549,0.38931,0.3985525
6767.0,0.32229,0.40494,0.40275,0.39463,0.38855,0.3977175
6768.0,0.31327,0.4044,0.40233,0.39414,0.38802,0.3972225
6769.0,0.31606,0.40433,0.40242,0.39415,0.38791,0.3972025
6770.0,0.32169,0.40476,0.4029,0.39463,0.3883,0.39764750000000004
6771.0,0.32131,0.40565,0.40368,0.39548,0.38903,0.39846
6772.0,0.3238,0.40688,0.40478,0.39666,0.38996,0.39957
6773.0,0.3303,0.40826,0.40604,0.39799,0.39106,0.4008375
6774.0,0.33834,0.40958,0.40717,0.3992,0.39216,0.4020275
6775.0,0.32922,0.41063,0.408,0.40015,0.39302,0.40295
6776.0,0.31225,0.41125,0.40843,0.40068,0.39349,0.40346249999999995
6777.0,0.32131,0.41128,0.40832,0.40062,0.39348,0.403425
6778.0,0.33315,0.41065,0.40764,0.39993,0.39294,0.40279000000000004
6779.0,0.33652,0.4094,0.40644,0.39869,0.39189,0.401605
6780.0,0.33259,0.40766,0.40484,0.397,0.39043,0.3999825
6781.0,0.32814,0.40564,0.40304,0.39507,0.38875,0.398125
6782.0,0.32831,0.40363,0.40126,0.3932,0.38705,0.396285
6783.0,0.33504,0.40191,0.39974,0.39157,0.38553,0.39468749999999997
6784.0,0.34246,0.40066,0.39864,0.39038,0.38437,0.39351250000000004
6785.0,0.34263,0.40002,0.39802,0.38978,0.38368,0.392875
6786.0,0.32754,0.39995,0.39782,0.38966,0.38342,0.3927125
6787.0,0.31171,0.40027,0.39799,0.38988,0.38348,0.392905
6788.0,0.32296,0.40081,0.3984,0.39036,0.38378,0.3933375
6789.0,0.32856,0.40139,0.39882,0.39088,0.38421,0.393825
6790.0,0.32156,0.40183,0.39914,0.39122,0.38455,0.394185
6791.0,0.31718,0.40205,0.3994,0.39145,0.38474,0.39441000000000004
6792.0,0.32275,0.4021,0.39958,0.39158,0.38488,0.39453499999999997
6793.0,0.33573,0.40207,0.39962,0.39157,0.38498,0.39456
6794.0,0.32929,0.40203,0.39967,0.39157,0.38501,0.39457000000000003
6795.0,0.3186,0.40212,0.39984,0.39171,0.38509,0.39469
6796.0,0.31896,0.40233,0.40008,0.39193,0.3853,0.39491
6797.0,0.31998,0.40266,0.40039,0.39225,0.38557,0.3952175
6798.0,0.32035,0.40311,0.40079,0.39266,0.38589,0.39561250000000003
6799.0,0.3209,0.40353,0.40118,0.39308,0.38625,0.39601
6800.0,0.31772,0.40391,0.40145,0.3934,0.38655,0.3963275
6801.0,0.31136,0.40415,0.40166,0.39359,0.38672,0.39653
6802.0,0.30629,0.4042,0.40178,0.3937,0.3868,0.39662000000000003
6803.0,0.31286,0.40416,0.40169,0.39364,0.3868,0.3965725
6804.0,0.32649,0.40396,0.40148,0.39339,0.38662,0.3963625
6805.0,0.3119,0.40365,0.40128,0.39314,0.38634,0.3961025
6806.0,0.29998,0.40334,0.401,0.39286,0.38609,0.3958225
6807.0,0.31235,0.40301,0.40064,0.39249,0.38581,0.3954875
6808.0,0.31708,0.40268,0.40035,0.39217,0.38546,0.395165
6809.0,0.31389,0.40242,0.40015,0.39194,0.38519,0.39492499999999997
6810.0,0.31044,0.40218,0.39994,0.39171,0.38503,0.394715
6811.0,0.31655,0.40202,0.39975,0.39155,0.38487,0.3945475
6812.0,0.32895,0.40195,0.39972,0.39149,0.38474,0.394475
6813.0,0.33461,0.40194,0.39983,0.39154,0.38475,0.394515
6814.0,0.32555,0.40208,0.39997,0.39167,0.38491,0.3946575
6815.0,0.30597,0.40233,0.40018,0.39191,0.38512,0.39488500000000004
6816.0,0.30135,0.40265,0.40053,0.39226,0.38538,0.39520500000000003
6817.0,0.30894,0.40308,0.40099,0.39269,0.38573,0.3956225
6818.0,0.32292,0.40354,0.40149,0.39316,0.38617,0.39609000000000005
6819.0,0.3304,0.40405,0.40197,0.39367,0.38664,0.39658249999999995
6820.0,0.32933,0.40458,0.40241,0.39417,0.38708,0.39705999999999997
6821.0,0.32106,0.40503,0.4028,0.39458,0.38743,0.39746
6822.0,0.3202,0.40536,0.40313,0.39488,0.38769,0.39776500000000004
6823.0,0.32413,0.40553,0.40329,0.39503,0.38786,0.3979275
6824.0,0.32013,0.4055,0.40323,0.395,0.38789,0.397905
6825.0,0.31926,0.40531,0.40303,0.3948,0.38773,0.39771750000000006
6826.0,0.32234,0.40497,0.40281,0.3945,0.38744,0.39743
6827.0,0.31581,0.40459,0.40259,0.39419,0.38718,0.39713750000000003
6828.0,0.30938,0.40429,0.4023,0.39392,0.38697,0.39687
6829.0,0.31098,0.4041,0.40203,0.3937,0.38674,0.3966425
6830.0,0.3222,0.404,0.40188,0.39356,0.38649,0.3964825
6831.0,0.32902,0.40392,0.40174,0.39344,0.38629,0.3963475
6832.0,0.31679,0.40376,0.4014,0.3932,0.38606,0.39610500000000004
6833.0,0.3157,0.4034,0.40077,0.39269,0.38558,0.39561
6834.0,0.32585,0.40266,0.39991,0.39186,0.38476,0.3947975
6835.0,0.33069,0.40151,0.39878,0.3907,0.38368,0.3936675
6836.0,0.32825,0.4,0.39733,0.38919,0.38239,0.3922275
6837.0,0.32107,0.39822,0.39568,0.38746,0.38089,0.39056250000000003
6838.0,0.32,0.39642,0.3941,0.38578,0.37935,0.3889125
6839.0,0.32503,0.39483,0.39279,0.38433,0.378,0.3874875
6840.0,0.33239,0.39369,0.39189,0.38331,0.37704,0.3864825
6841.0,0.32393,0.3932,0.39151,0.38289,0.37657,0.3860425
6842.0,0.31305,0.39338,0.39167,0.3831,0.37662,0.3861925
6843.0,0.31985,0.39417,0.39235,0.38383,0.37713,0.38687
6844.0,0.32776,0.39537,0.39339,0.38495,0.378,0.3879275
6845.0,0.33222,0.39674,0.39457,0.38624,0.37907,0.38915500000000003
6846.0,0.3338,0.39805,0.39562,0.38742,0.38013,0.39030500000000007
6847.0,0.33396,0.39904,0.39641,0.38831,0.38094,0.391175
6848.0,0.33313,0.3996,0.39686,0.3888,0.38138,0.39166
6849.0,0.33021,0.39964,0.39688,0.38878,0.38145,0.3916875
6850.0,0.3232,0.39915,0.3964,0.38831,0.38112,0.39124499999999995
6851.0,0.31274,0.39826,0.39549,0.38742,0.38038,0.39038749999999994
6852.0,0.31362,0.39704,0.39433,0.38617,0.37929,0.38920750000000004
6853.0,0.31935,0.39558,0.39309,0.38481,0.37806,0.38788500000000004
6854.0,0.31711,0.39417,0.39178,0.38348,0.37685,0.38656999999999997
6855.0,0.32101,0.39287,0.39052,0.38216,0.37568,0.3853075
6856.0,0.32962,0.39176,0.38954,0.38112,0.37465,0.3842675
6857.0,0.32738,0.39103,0.38886,0.38047,0.37392,0.38356999999999997
6858.0,0.3154,0.39063,0.38844,0.38003,0.37348,0.383145
6859.0,0.30259,0.39053,0.38832,0.37988,0.37328,0.3830025
6860.0,0.32362,0.39072,0.38848,0.38011,0.37333,0.38316
6861.0,0.3429,0.39109,0.38872,0.38043,0.37357,0.3834525
6862.0,0.32614,0.3915,0.389,0.38073,0.37384,0.3837675
6863.0,0.31927,0.39185,0.38929,0.38107,0.37405,0.384065
6864.0,0.32274,0.39208,0.38945,0.38129,0.37422,0.38426
6865.0,0.31911,0.39209,0.38944,0.38122,0.37425,0.38425
6866.0,0.31634,0.3919,0.38935,0.38105,0.37412,0.38410500000000003
6867.0,0.31812,0.3916,0.38916,0.38087,0.37396,0.3838975
6868.0,0.32553,0.39129,0.38887,0.38058,0.37377,0.38362749999999995
6869.0,0.32194,0.39104,0.38869,0.38031,0.37352,0.38339
6870.0,0.30308,0.39093,0.38875,0.38028,0.3734,0.38333999999999996
6871.0,0.31004,0.391,0.38891,0.38043,0.37355,0.3834725
6872.0,0.3249,0.39127,0.38908,0.38065,0.37381,0.3837025
6873.0,0.31838,0.3917,0.38943,0.38102,0.37405,0.38405
6874.0,0.31464,0.3922,0.38997,0.38156,0.3744,0.38453250000000005
6875.0,0.31813,0.39272,0.39046,0.38208,0.37488,0.385035
6876.0,0.3228,0.39318,0.39079,0.38243,0.37528,0.38542000000000004
6877.0,0.32308,0.39346,0.39104,0.3827,0.3755,0.385675
6878.0,0.31931,0.39355,0.39122,0.38288,0.37563,0.38582000000000005
6879.0,0.32388,0.39351,0.39125,0.38284,0.37568,0.38582
6880.0,0.32672,0.39337,0.39127,0.38273,0.37565,0.385755
6881.0,0.31841,0.39324,0.39138,0.38279,0.37568,0.3857725
6882.0,0.30808,0.39331,0.39157,0.38298,0.37587,0.3859325
6883.0,0.30275,0.39362,0.39196,0.38329,0.37617,0.38626000000000005
6884.0,0.31058,0.39418,0.39268,0.38397,0.37667,0.38687499999999997
6885.0,0.3195,0.39504,0.39361,0.38494,0.37745,0.38776000000000005
6886.0,0.32272,0.39608,0.39457,0.38594,0.37838,0.3887425
6887.0,0.31397,0.39713,0.39559,0.38698,0.3793,0.38975
6888.0,0.30505,0.39814,0.3966,0.38808,0.38018,0.39075
6889.0,0.30452,0.39902,0.39743,0.38892,0.38099,0.39159
6890.0,0.31238,0.39963,0.39807,0.38948,0.3816,0.39219499999999996
6891.0,0.31943,0.40003,0.39852,0.38994,0.38204,0.3926325
6892.0,0.31458,0.40027,0.39874,0.39019,0.38232,0.39288
6893.0,0.31464,0.40033,0.39881,0.39017,0.38243,0.392935
6894.0,0.32078,0.40033,0.39889,0.39015,0.38242,0.3929475
6895.0,0.3232,0.40033,0.39895,0.39019,0.38248,0.3929875
6896.0,0.318,0.40036,0.39891,0.39018,0.38257,0.393005
6897.0,0.30754,0.40049,0.39896,0.39019,0.3826,0.39306
6898.0,0.31116,0.40068,0.39922,0.39038,0.38268,0.39324000000000003
6899.0,0.31744,0.40094,0.39954,0.39069,0.38297,0.393535
6900.0,0.3137,0.4013,0.39978,0.39097,0.38333,0.393845
6901.0,0.31825,0.40168,0.40008,0.39129,0.38359,0.39415999999999995
6902.0,0.32549,0.40208,0.40052,0.39171,0.38386,0.3945425
6903.0,0.31572,0.40248,0.40095,0.3921,0.38423,0.39494
6904.0,0.3072,0.40281,0.40118,0.39239,0.38458,0.39524
6905.0,0.30962,0.40307,0.4013,0.39258,0.38473,0.39542
6906.0,0.32708,0.40316,0.40135,0.39265,0.38471,0.39546749999999997
6907.0,0.33274,0.40305,0.40123,0.39252,0.38458,0.395345
6908.0,0.30995,0.40272,0.40084,0.39212,0.3843,0.394995
6909.0,0.30871,0.40211,0.4002,0.39151,0.38377,0.3943975
6910.0,0.31846,0.40131,0.39944,0.39073,0.38305,0.39363250000000005
6911.0,0.30551,0.40039,0.39864,0.38982,0.38224,0.39277249999999997
6912.0,0.29753,0.39943,0.39785,0.38895,0.38148,0.39192750000000004
6913.0,0.30194,0.39864,0.39713,0.38823,0.38081,0.3912025
6914.0,0.30757,0.39808,0.3966,0.38767,0.38027,0.390655
6915.0,0.30615,0.39779,0.39635,0.38739,0.37992,0.3903625
6916.0,0.29533,0.39781,0.39632,0.3874,0.37982,0.3903375
6917.0,0.29429,0.39801,0.39637,0.38753,0.37987,0.390445
6918.0,0.29789,0.39825,0.39642,0.38766,0.37993,0.39056499999999994
6919.0,0.29453,0.39839,0.39643,0.38773,0.37991,0.390615
6920.0,0.29543,0.39829,0.39625,0.3876,0.37978,0.39048
6921.0,0.30365,0.3979,0.39584,0.38718,0.37945,0.3900925
6922.0,0.3169,0.39727,0.39527,0.38655,0.37891,0.3895
6923.0,0.32425,0.39649,0.39466,0.38585,0.37829,0.3888225
6924.0,0.31912,0.39571,0.39402,0.38517,0.3777,0.38815
6925.0,0.30348,0.39508,0.39343,0.38458,0.37717,0.387565
6926.0,0.2916,0.39468,0.39307,0.38418,0.37673,0.387165
6927.0,0.29983,0.39452,0.39296,0.38404,0.3765,0.387005
6928.0,0.30446,0.39456,0.39299,0.38409,0.37651,0.38703750000000003
6929.0,0.30447,0.39475,0.39306,0.38423,0.37663,0.3871675
6930.0,0.31544,0.395,0.39327,0.38443,0.37676,0.387365
6931.0,0.32391,0.39526,0.39363,0.38473,0.37697,0.38764750000000003
6932.0,0.32251,0.39557,0.39399,0.38509,0.37731,0.38799
6933.0,0.3159,0.39591,0.39429,0.38542,0.37767,0.38832249999999996
6934.0,0.30958,0.39628,0.39463,0.38578,0.37796,0.3886625
6935.0,0.30907,0.3967,0.39505,0.38619,0.37825,0.3890475
6936.0,0.31075,0.3971,0.39541,0.38655,0.37857,0.3894075
6937.0,0.31108,0.39737,0.39559,0.38677,0.37882,0.38963749999999997
6938.0,0.30438,0.39749,0.39556,0.38683,0.37885,0.38968250000000004
6939.0,0.3055,0.39736,0.39539,0.38665,0.37867,0.3895175
6940.0,0.31846,0.39693,0.39502,0.38625,0.37833,0.3891325
6941.0,0.32309,0.39631,0.39445,0.38564,0.37784,0.38856
6942.0,0.3204,0.39557,0.3938,0.38491,0.37723,0.3878775
6943.0,0.31514,0.39479,0.39319,0.38423,0.37661,0.387205
6944.0,0.31476,0.39419,0.39265,0.38369,0.37608,0.38665249999999995
6945.0,0.31803,0.39378,0.39222,0.38325,0.37566,0.38622749999999995
6946.0,0.31758,0.39353,0.39196,0.383,0.37536,0.3859625
6947.0,0.31435,0.39348,0.39184,0.38293,0.37518,0.3858575
6948.0,0.30974,0.39349,0.39179,0.38286,0.3751,0.38581
6949.0,0.30707,0.39344,0.39176,0.38281,0.37507,0.38577
6950.0,0.30955,0.39342,0.39175,0.38282,0.37506,0.38576249999999995
6951.0,0.31938,0.3934,0.39179,0.38282,0.37507,0.38577
6952.0,0.32613,0.39341,0.39196,0.38289,0.37515,0.38585249999999993
6953.0,0.32543,0.39363,0.39228,0.38318,0.3754,0.3861225
6954.0,0.31395,0.39406,0.39274,0.38364,0.37581,0.3865625
6955.0,0.30342,0.39467,0.39337,0.38424,0.37636,0.38716000000000006
6956.0,0.30003,0.3955,0.39418,0.38505,0.37704,0.38794249999999997
6957.0,0.30285,0.39643,0.39508,0.38598,0.37785,0.388835
6958.0,0.30419,0.39736,0.39597,0.38689,0.3787,0.38973
6959.0,0.29662,0.39827,0.39683,0.38774,0.37949,0.39058250000000005
6960.0,0.29385,0.39906,0.39764,0.38853,0.38022,0.3913625
6961.0,0.29871,0.3997,0.39832,0.38923,0.38089,0.39203499999999997
6962.0,0.30881,0.40026,0.39883,0.38975,0.38143,0.3925675
6963.0,0.31653,0.40067,0.39927,0.39014,0.38181,0.3929725
6964.0,0.31726,0.40098,0.39968,0.39049,0.3821,0.39331249999999995
6965.0,0.30889,0.40125,0.39994,0.39076,0.38239,0.393585
6966.0,0.30156,0.40138,0.39995,0.39085,0.38254,0.39368000000000003
6967.0,0.30672,0.40138,0.3998,0.39079,0.38244,0.39360249999999997
6968.0,0.31075,0.40124,0.39957,0.39054,0.3821,0.39336249999999995
6969.0,0.31062,0.40079,0.3991,0.39004,0.38164,0.3928925
6970.0,0.30886,0.4,0.39815,0.38922,0.38096,0.3920825
6971.0,0.30927,0.39887,0.39676,0.38795,0.37981,0.3908475
6972.0,0.31334,0.39727,0.39517,0.38628,0.37825,0.3892425
6973.0,0.31706,0.3953,0.39342,0.38443,0.37653,0.38742
6974.0,0.31341,0.39317,0.39142,0.3824,0.37478,0.3854425
6975.0,0.296,0.39102,0.38945,0.38028,0.37298,0.38343249999999995
6976.0,0.29327,0.38914,0.38798,0.37858,0.37137,0.3817675
6977.0,0.30572,0.38791,0.38714,0.37763,0.37034,0.38075500000000007
6978.0,0.30969,0.38752,0.38688,0.37733,0.37005,0.380445
6979.0,0.30696,0.38797,0.38732,0.37775,0.37037,0.38085250000000004
6980.0,0.30109,0.38928,0.38851,0.37905,0.37126,0.38202499999999995
6981.0,0.30109,0.39122,0.39025,0.38091,0.37271,0.38377249999999996
6982.0,0.30752,0.39337,0.39214,0.38288,0.37448,0.3857175
6983.0,0.31817,0.39546,0.39398,0.38481,0.37624,0.3876225
6984.0,0.31856,0.39723,0.39558,0.38653,0.37779,0.38928250000000003
6985.0,0.30843,0.3985,0.39681,0.3878,0.37902,0.39053249999999995
6986.0,0.30313,0.39927,0.39762,0.38855,0.37986,0.39132500000000003
6987.0,0.30138,0.39963,0.39812,0.38895,0.38033,0.39175750000000004
6988.0,0.30128,0.3997,0.39839,0.38912,0.38057,0.391945
6989.0,0.30251,0.39964,0.39841,0.38912,0.38068,0.3919625
6990.0,0.30516,0.39952,0.39825,0.38899,0.38063,0.3918475
6991.0,0.30942,0.3994,0.39808,0.38884,0.38042,0.391685
6992.0,0.31247,0.39924,0.39793,0.38866,0.38016,0.3914975
6993.0,0.31176,0.399,0.39766,0.38836,0.3799,0.39122999999999997
6994.0,0.30223,0.39859,0.39716,0.38791,0.37955,0.3908025
6995.0,0.29847,0.39799,0.39645,0.38731,0.379,0.3901875
6996.0,0.31165,0.39724,0.39565,0.38653,0.37821,0.38940749999999996
6997.0,0.31933,0.39633,0.39487,0.38562,0.37734,0.38854
6998.0,0.31612,0.39535,0.39408,0.3847,0.37654,0.38766749999999994
6999.0,0.30197,0.39443,0.39317,0.38384,0.37581,0.3868125
7000.0,0.29001,0.39361,0.39228,0.38301,0.37506,0.38599
7001.0,0.28779,0.39293,0.39163,0.38232,0.37431,0.38529749999999996
7002.0,0.29971,0.39246,0.39127,0.3819,0.37378,0.38485250000000004
7003.0,0.31457,0.39218,0.39103,0.38165,0.37353,0.3845975
7004.0,0.31928,0.39207,0.39084,0.38147,0.37342,0.38444999999999996
7005.0,0.31675,0.39209,0.39078,0.38145,0.37333,0.3844125
7006.0,0.31035,0.39221,0.39084,0.38159,0.37332,0.38449
7007.0,0.3065,0.39235,0.39086,0.38169,0.37334,0.38455999999999996
7008.0,0.30524,0.3924,0.39079,0.38162,0.37328,0.38452250000000004
7009.0,0.30603,0.39228,0.39063,0.38143,0.37309,0.38435749999999996
7010.0,0.30676,0.39195,0.39031,0.38111,0.3728,0.3840425
7011.0,0.30636,0.39137,0.3897,0.38057,0.37239,0.3835075
7012.0,0.30383,0.3906,0.38893,0.37981,0.37175,0.3827725
7013.0,0.30002,0.3898,0.38831,0.37903,0.37098,0.38203
7014.0,0.29678,0.38908,0.38795,0.37847,0.37042,0.38148
7015.0,0.29898,0.38865,0.38768,0.37817,0.37021,0.3811775
7016.0,0.30195,0.3886,0.38748,0.37807,0.37018,0.3810825
7017.0,0.30192,0.38885,0.38762,0.37824,0.3702,0.38122750000000005
7018.0,0.30107,0.38935,0.38811,0.37875,0.37042,0.3816575
7019.0,0.30025,0.38998,0.38864,0.37934,0.37088,0.38221000000000005
7020.0,0.30017,0.39048,0.38899,0.3797,0.37135,0.38263
7021.0,0.30096,0.39079,0.38927,0.37996,0.37162,0.38291000000000003
7022.0,0.30274,0.39096,0.38958,0.38024,0.37181,0.3831475
7023.0,0.30575,0.39105,0.38982,0.38044,0.37204,0.38333749999999994
7024.0,0.30652,0.39114,0.39001,0.38056,0.3723,0.3835025
7025.0,0.30263,0.39139,0.39033,0.38083,0.37253,0.38377
7026.0,0.31039,0.39185,0.39087,0.38136,0.37289,0.3842425
7027.0,0.32422,0.3925,0.39153,0.38199,0.37346,0.38487000000000005
7028.0,0.31856,0.39325,0.39215,0.38264,0.37413,0.3855425
7029.0,0.30203,0.39398,0.39275,0.38334,0.37472,0.38619749999999997
7030.0,0.28408,0.39463,0.39334,0.38398,0.37521,0.38679
7031.0,0.28348,0.39513,0.39387,0.38442,0.37564,0.38726499999999997
7032.0,0.29894,0.39541,0.39428,0.38471,0.37602,0.387605
7033.0,0.32219,0.39556,0.39452,0.38498,0.37636,0.387855
7034.0,0.32191,0.39571,0.39466,0.38518,0.3766,0.38803750000000004
7035.0,0.29713,0.39588,0.395,0.38535,0.37675,0.388245
7036.0,0.28667,0.39619,0.39568,0.38582,0.37713,0.38870499999999997
7037.0,0.29034,0.3969,0.39654,0.38665,0.37791,0.38949999999999996
7038.0,0.30338,0.39793,0.39749,0.38762,0.37893,0.3904925
7039.0,0.31145,0.39917,0.39864,0.38882,0.38002,0.3916625
7040.0,0.31018,0.40069,0.40008,0.39035,0.38118,0.393075
7041.0,0.29778,0.40229,0.40158,0.39189,0.38248,0.39455999999999997
7042.0,0.2888,0.40368,0.4029,0.39315,0.38375,0.39587
7043.0,0.28989,0.40484,0.4039,0.39423,0.38481,0.396945
7044.0,0.29441,0.40568,0.40452,0.39503,0.38551,0.397685
7045.0,0.29562,0.40602,0.40468,0.39527,0.38575,0.39793
7046.0,0.28779,0.4058,0.4043,0.39491,0.38546,0.39761750000000007
7047.0,0.30374,0.40498,0.40333,0.394,0.38461,0.39673
7048.0,0.34057,0.40347,0.40166,0.39242,0.38321,0.39519000000000004
7049.0,0.35354,0.40124,0.39929,0.39009,0.38119,0.3929525
7050.0,0.33459,0.39835,0.39638,0.38718,0.37856,0.3901175
7051.0,0.29134,0.39499,0.39314,0.38391,0.37553,0.3868925
7052.0,0.31662,0.39139,0.38973,0.3804,0.37232,0.38346
7053.0,0.37191,0.38778,0.38626,0.37685,0.36912,0.3800025
7054.0,0.34118,0.38441,0.38295,0.37357,0.36603,0.37674
7055.0,0.31045,0.38146,0.37998,0.37066,0.36316,0.37381499999999995
7056.0,0.31643,0.37896,0.37744,0.36813,0.36063,0.37129
7057.0,0.31525,0.37689,0.37536,0.36603,0.35852,0.36920000000000003
7058.0,0.30625,0.37523,0.37362,0.36438,0.35684,0.3675175
7059.0,0.29708,0.37392,0.37215,0.36302,0.35547,0.36614
7060.0,0.30492,0.37283,0.37095,0.36187,0.3543,0.3649875
7061.0,0.3321,0.37194,0.37005,0.36097,0.35333,0.36407249999999997
7062.0,0.36842,0.37123,0.36934,0.36028,0.35258,0.3633575
7063.0,0.46124,0.37062,0.36871,0.35968,0.35201,0.362755
7064.0,0.62672,0.3701,0.36823,0.35918,0.35154,0.3622625
7065.0,0.68475,0.3698,0.36803,0.35891,0.35121,0.3619875
7066.0,0.62802,0.3697,0.36815,0.35892,0.35117,0.36198499999999995
7067.0,0.52244,0.36991,0.36851,0.35923,0.35151,0.36229
7068.0,0.42006,0.37054,0.36911,0.35987,0.3521,0.36290500000000003
7069.0,0.3493,0.37152,0.37004,0.36082,0.35288,0.363815
7070.0,0.32066,0.37279,0.37134,0.36208,0.35389,0.365025
7071.0,0.31897,0.37429,0.37277,0.36354,0.35516,0.36644
7072.0,0.32126,0.37581,0.37414,0.36494,0.35651,0.36785
7073.0,0.31653,0.37717,0.37534,0.36621,0.35773,0.36911249999999995
7074.0,0.30402,0.37833,0.37635,0.36733,0.35871,0.37017999999999995
7075.0,0.29379,0.37919,0.37708,0.36812,0.3594,0.3709475
7076.0,0.29216,0.3796,0.3774,0.36843,0.35974,0.37129249999999997
7077.0,0.30216,0.37955,0.37724,0.36827,0.35967,0.37118249999999997
7078.0,0.30816,0.379,0.37651,0.36765,0.35915,0.3705775
7079.0,0.30369,0.37784,0.37516,0.36642,0.35807,0.3693725
7080.0,0.283,0.37608,0.37329,0.36458,0.35641,0.36759
7081.0,0.2665,0.37378,0.37104,0.36225,0.35427,0.36533499999999997
7082.0,0.27108,0.37105,0.36849,0.3596,0.35185,0.3627475
7083.0,0.32448,0.3681,0.36565,0.35674,0.34934,0.3599575
7084.0,0.37666,0.36513,0.3627,0.3538,0.34671,0.35708500000000004
7085.0,0.34773,0.36231,0.35996,0.35104,0.34406,0.3543425
7086.0,0.30493,0.35984,0.35763,0.34866,0.34166,0.3519475
7087.0,0.27783,0.35781,0.3557,0.34667,0.33969,0.34996750000000004
7088.0,0.27469,0.3562,0.35411,0.34507,0.33819,0.3483925
7089.0,0.28362,0.35507,0.35289,0.34393,0.33706,0.3472375
7090.0,0.29182,0.35439,0.35214,0.34324,0.33623,0.34650000000000003
7091.0,0.30262,0.35405,0.35184,0.34293,0.33579,0.3461525
7092.0,0.31315,0.35408,0.35188,0.34296,0.33573,0.34616250000000004
7093.0,0.31333,0.35441,0.35215,0.34326,0.33595,0.3464425
7094.0,0.30657,0.35494,0.35263,0.34378,0.33637,0.34693
7095.0,0.29722,0.35565,0.3533,0.34446,0.33691,0.34758
7096.0,0.29649,0.35644,0.35404,0.34522,0.33758,0.34832
7097.0,0.30082,0.35721,0.35474,0.34597,0.33828,0.3490500000000001
7098.0,0.29939,0.35792,0.35535,0.34664,0.33888,0.34969750000000005
7099.0,0.29147,0.35849,0.35589,0.34716,0.33934,0.35022
7100.0,0.28285,0.35889,0.35634,0.34754,0.33969,0.350615
7101.0,0.30238,0.35911,0.35658,0.34779,0.33998,0.350865
7102.0,0.32167,0.35916,0.35656,0.34785,0.34012,0.35092249999999997
7103.0,0.30104,0.35907,0.35639,0.34769,0.34,0.35078750000000003
7104.0,0.29754,0.3588,0.35619,0.34741,0.33969,0.3505225
7105.0,0.31743,0.35842,0.35596,0.34711,0.33938,0.3502175
7106.0,0.31184,0.35799,0.35555,0.34672,0.3391,0.34984
7107.0,0.29557,0.35751,0.35503,0.34619,0.33873,0.349365
7108.0,0.28813,0.35702,0.35462,0.34572,0.33827,0.34890750000000004
7109.0,0.30811,0.35666,0.35443,0.34547,0.33791,0.34861749999999997
7110.0,0.33962,0.3565,0.35435,0.34535,0.33778,0.348495
7111.0,0.33102,0.35647,0.35431,0.34529,0.33783,0.34847500000000003
7112.0,0.31506,0.35663,0.3544,0.34542,0.33791,0.34859
7113.0,0.31114,0.35697,0.35466,0.34576,0.33804,0.34885750000000004
7114.0,0.28999,0.35736,0.35499,0.3461,0.33827,0.34918000000000005
7115.0,0.2682,0.35767,0.35522,0.34633,0.33852,0.349435
7116.0,0.28576,0.35785,0.35529,0.34645,0.33866,0.3495625
7117.0,0.30371,0.35785,0.35517,0.34644,0.3386,0.349515
7118.0,0.29957,0.35761,0.35486,0.34614,0.33831,0.34922999999999993
7119.0,0.26048,0.3571,0.35436,0.34558,0.33782,0.348715
7120.0,0.23863,0.35634,0.35362,0.34484,0.33717,0.3479925
7121.0,0.3024,0.35541,0.35261,0.34393,0.33634,0.3470725
7122.0,0.33859,0.35429,0.35139,0.34274,0.33527,0.34592249999999997
7123.0,0.31951,0.35298,0.35011,0.34139,0.334,0.34462000000000004
7124.0,0.29957,0.35156,0.34884,0.34006,0.33271,0.3432925
7125.0,0.28752,0.35016,0.34749,0.33874,0.33152,0.34197750000000005
7126.0,0.28673,0.34879,0.34611,0.33737,0.33035,0.340655
7127.0,0.29164,0.34752,0.34494,0.33613,0.32919,0.339445
7128.0,0.29758,0.34657,0.34421,0.3353,0.32825,0.33858249999999995
7129.0,0.29609,0.34604,0.34386,0.33488,0.32777,0.3381375
7130.0,0.2927,0.34589,0.34376,0.33478,0.32773,0.33804
7131.0,0.30201,0.3462,0.34398,0.33505,0.32796,0.33829750000000003
7132.0,0.40455,0.34696,0.34464,0.33574,0.32841,0.3389375
7133.0,0.63548,0.34796,0.34564,0.33676,0.32915,0.3398775
7134.0,1.02818,0.3491,0.3467,0.33789,0.33016,0.3409625
7135.0,1.31872,0.35029,0.34768,0.33893,0.33117,0.3420175
7136.0,1.3546,0.3513,0.34859,0.33984,0.33201,0.342935
7137.0,1.14949,0.35207,0.34942,0.34066,0.33271,0.343715
7138.0,0.80318,0.3527,0.35002,0.3413,0.33331,0.3443325
7139.0,0.48361,0.35304,0.35028,0.34158,0.33371,0.3446525
7140.0,0.31522,0.35309,0.35032,0.34158,0.33379,0.34469500000000003
7141.0,0.31153,0.35298,0.35025,0.34148,0.33364,0.3445875
7142.0,0.28008,0.35267,0.35002,0.34123,0.33339,0.3443275
7143.0,0.24224,0.35215,0.34954,0.34073,0.33307,0.34387249999999997
7144.0,0.2552,0.35154,0.34895,0.34008,0.33259,0.34329
7145.0,0.28356,0.3509,0.34846,0.33951,0.33203,0.342725
7146.0,0.30914,0.35034,0.34814,0.33914,0.3316,0.34230499999999997
7147.0,0.31339,0.35006,0.34801,0.33891,0.33143,0.3421025
7148.0,0.30056,0.35008,0.34811,0.33891,0.33151,0.34215249999999997
7149.0,0.27881,0.35041,0.34852,0.33933,0.33184,0.3425250000000001
7150.0,0.27329,0.35119,0.34921,0.34016,0.33242,0.343245
7151.0,0.2835,0.35227,0.35011,0.3411,0.3332,0.34417
7152.0,0.28667,0.35336,0.35116,0.34208,0.33407,0.34516749999999996
7153.0,0.28749,0.35444,0.3522,0.34315,0.33498,0.3461925
7154.0,0.29026,0.35545,0.35301,0.34412,0.33587,0.34711249999999993
7155.0,0.28878,0.3561,0.35345,0.34467,0.33648,0.34767499999999996
7156.0,0.28448,0.35635,0.35364,0.34483,0.33668,0.34787500000000005
7157.0,0.28419,0.35633,0.35368,0.34479,0.33655,0.3478375
7158.0,0.28812,0.35596,0.35347,0.34451,0.33632,0.34756499999999996
7159.0,0.29351,0.35527,0.35286,0.3439,0.33598,0.34700249999999994
7160.0,0.28157,0.35445,0.35199,0.34305,0.33538,0.3462175
7161.0,0.26463,0.3536,0.35125,0.34222,0.33455,0.34540499999999996
7162.0,0.27354,0.35283,0.35084,0.34162,0.33385,0.344785
7163.0,0.29258,0.35235,0.35067,0.3413,0.33356,0.34447
7164.0,0.31005,0.35226,0.35062,0.34125,0.33367,0.34445000000000003
7165.0,0.31084,0.35256,0.35082,0.34154,0.33398,0.344725
7166.0,0.3012,0.35332,0.35148,0.34226,0.33441,0.34536750000000005
7167.0,0.29544,0.35442,0.35259,0.34334,0.33513,0.34636999999999996
7168.0,0.29983,0.35567,0.35384,0.34457,0.33618,0.34756499999999996
7169.0,0.3105,0.35695,0.35493,0.34573,0.33735,0.34874
7170.0,0.29659,0.35805,0.35575,0.34671,0.33834,0.3497125
7171.0,0.27287,0.35884,0.35634,0.34745,0.33895,0.350395
7172.0,0.2654,0.35929,0.35675,0.34784,0.33922,0.350775
7173.0,0.28369,0.35933,0.3569,0.34784,0.33926,0.3508325
7174.0,0.32011,0.35894,0.35666,0.34752,0.33914,0.350565
7175.0,0.33049,0.35829,0.35602,0.34695,0.33878,0.35001
7176.0,0.31844,0.35751,0.35512,0.34613,0.3381,0.349215
7177.0,0.29483,0.35658,0.35428,0.34518,0.33719,0.3483075
7178.0,0.28243,0.35565,0.35361,0.34435,0.33628,0.34747249999999996
7179.0,0.28443,0.35489,0.353,0.3437,0.33563,0.34680500000000003
7180.0,0.28596,0.35428,0.35229,0.34304,0.33516,0.3461925
7181.0,0.28575,0.35373,0.35154,0.34238,0.33463,0.34557
7182.0,0.28398,0.35325,0.35092,0.34186,0.33399,0.345005
7183.0,0.28405,0.35284,0.35045,0.34144,0.33334,0.3445175
7184.0,0.28475,0.35233,0.34998,0.3409,0.3328,0.3440025
7185.0,0.27971,0.35166,0.3494,0.34021,0.33231,0.343395
7186.0,0.27327,0.35096,0.34875,0.33954,0.33179,0.34276
7187.0,0.26981,0.35031,0.34812,0.33897,0.33124,0.34215999999999996
7188.0,0.27279,0.34975,0.34761,0.33848,0.33076,0.34164999999999995
7189.0,0.27869,0.34941,0.34733,0.33812,0.33037,0.34130750000000004
7190.0,0.27615,0.34931,0.34735,0.33803,0.3302,0.34122250000000004
7191.0,0.27508,0.34944,0.34757,0.33825,0.33033,0.34139749999999996
7192.0,0.28151,0.34982,0.34785,0.33863,0.33067,0.3417425
7193.0,0.28044,0.35034,0.34819,0.33901,0.33107,0.34215249999999997
7194.0,0.27489,0.35085,0.34868,0.33948,0.33143,0.34260999999999997
7195.0,0.27954,0.3514,0.3493,0.34008,0.33185,0.3431575
7196.0,0.28456,0.35196,0.34985,0.34067,0.33237,0.34371250000000003
7197.0,0.28285,0.35242,0.35022,0.34108,0.33286,0.344145
7198.0,0.27342,0.35278,0.35051,0.34136,0.33318,0.34445749999999997
7199.0,0.27152,0.35309,0.35081,0.34164,0.33332,0.344715
7200.0,0.30844,0.35327,0.35101,0.34183,0.33343,0.344885
7201.0,0.30991,0.35321,0.35094,0.34179,0.3335,0.34486000000000006
7202.0,0.2483,0.35297,0.35058,0.3415,0.33337,0.344605
7203.0,0.23951,0.35257,0.35011,0.34103,0.33294,0.3441625
7204.0,0.27724,0.35198,0.34973,0.34052,0.33237,0.34365
7205.0,0.30869,0.35137,0.34941,0.34005,0.33193,0.34319
7206.0,0.31904,0.35089,0.34911,0.33965,0.33169,0.342835
7207.0,0.30443,0.35059,0.34885,0.33939,0.33159,0.34260500000000005
7208.0,0.28627,0.35059,0.34881,0.33941,0.33159,0.3426
7209.0,0.27706,0.35097,0.34916,0.33978,0.33172,0.34290750000000003
7210.0,0.29201,0.35159,0.34983,0.34042,0.33212,0.34348999999999996
7211.0,0.30081,0.35237,0.35066,0.3412,0.33282,0.3442625
7212.0,0.29188,0.3533,0.35151,0.34204,0.33365,0.345125
7213.0,0.28811,0.3542,0.35234,0.3429,0.33449,0.34598249999999997
7214.0,0.28881,0.35502,0.35312,0.34376,0.33527,0.3467925
7215.0,0.2871,0.35583,0.35387,0.34453,0.33595,0.347545
7216.0,0.2837,0.35652,0.35459,0.34518,0.33656,0.3482125
7217.0,0.27997,0.35705,0.35526,0.34577,0.33713,0.34880249999999996
7218.0,0.28093,0.35757,0.35585,0.34634,0.33768,0.34935999999999995
7219.0,0.28679,0.35807,0.35637,0.34683,0.3382,0.3498675
7220.0,0.29624,0.35849,0.35688,0.34727,0.33868,0.35033000000000003
7221.0,0.29447,0.35895,0.35746,0.34777,0.33917,0.35083749999999997
7222.0,0.27998,0.35954,0.35811,0.34841,0.33973,0.3514475
7223.0,0.27887,0.3602,0.35881,0.34912,0.34039,0.35213
7224.0,0.28431,0.36095,0.35956,0.34987,0.34111,0.35287250000000003
7225.0,0.28095,0.36183,0.36044,0.35069,0.34184,0.35369999999999996
7226.0,0.27492,0.36276,0.36143,0.35164,0.34264,0.35461750000000003
7227.0,0.27069,0.36368,0.3624,0.35262,0.34354,0.35556
7228.0,0.27612,0.36463,0.36327,0.35352,0.34444,0.35646500000000003
7229.0,0.28299,0.36551,0.36403,0.35429,0.34523,0.357265
7230.0,0.27854,0.36622,0.36473,0.35502,0.34586,0.35795750000000004
7231.0,0.28109,0.36685,0.36532,0.35565,0.34636,0.358545
7232.0,0.29493,0.36732,0.36574,0.35605,0.34676,0.3589675
7233.0,0.30315,0.36749,0.36595,0.35619,0.347,0.3591575
7234.0,0.30307,0.36744,0.36593,0.35618,0.34705,0.35915
7235.0,0.29416,0.36729,0.36575,0.35605,0.34692,0.3590025
7236.0,0.28342,0.367,0.36548,0.35573,0.34666,0.3587175
7237.0,0.27524,0.36656,0.36518,0.35531,0.34634,0.35834750000000004
7238.0,0.27587,0.36615,0.36487,0.35497,0.34602,0.3580025
7239.0,0.28392,0.36584,0.36451,0.3547,0.34574,0.3576975
7240.0,0.29598,0.36556,0.36414,0.35438,0.34546,0.35738499999999995
7241.0,0.306,0.36528,0.36388,0.35405,0.34514,0.3570875
7242.0,0.30927,0.36507,0.36378,0.35386,0.34487,0.356895
7243.0,0.29606,0.36497,0.36375,0.35381,0.34476,0.3568225
7244.0,0.27875,0.3649,0.36365,0.35375,0.34477,0.3567675
7245.0,0.27668,0.36483,0.36347,0.35363,0.34477,0.35667499999999996
7246.0,0.28552,0.36482,0.36336,0.35357,0.34465,0.35660000000000003
7247.0,0.3,0.36485,0.36341,0.35359,0.3445,0.3565875
7248.0,0.30463,0.36484,0.36355,0.35363,0.34448,0.35662499999999997
7249.0,0.29839,0.36481,0.36363,0.35367,0.34459,0.35667499999999996
7250.0,0.28362,0.36486,0.36362,0.35369,0.34472,0.35672250000000005
7251.0,0.28547,0.36495,0.36365,0.35374,0.34479,0.35678249999999995
7252.0,0.30736,0.36507,0.3638,0.35389,0.34483,0.3568975
7253.0,0.31309,0.36531,0.36408,0.35414,0.34495,0.35712
7254.0,0.30511,0.36562,0.36434,0.35439,0.34517,0.35738
7255.0,0.29449,0.36582,0.3645,0.35459,0.3454,0.3575775
7256.0,0.28935,0.36595,0.36453,0.35471,0.34553,0.35768
7257.0,0.29231,0.36604,0.36455,0.3547,0.3455,0.3576975
7258.0,0.29819,0.36593,0.36466,0.35463,0.34544,0.357665
7259.0,0.29843,0.36574,0.36476,0.35464,0.34549,0.3576575
7260.0,0.28121,0.36577,0.36486,0.35475,0.34566,0.35776
7261.0,0.26433,0.36599,0.36503,0.35492,0.34589,0.3579575
7262.0,0.25694,0.36632,0.36542,0.35527,0.3462,0.3583025
7263.0,0.26239,0.36696,0.36611,0.35595,0.34664,0.35891500000000004
7264.0,0.27317,0.36789,0.36694,0.35682,0.34727,0.35973
7265.0,0.27611,0.36875,0.36769,0.35761,0.34806,0.3605275
7266.0,0.27619,0.36947,0.3683,0.35825,0.34874,0.36119
7267.0,0.27714,0.37008,0.36876,0.35877,0.34921,0.361705
7268.0,0.28534,0.37043,0.3691,0.35913,0.34949,0.3620375
7269.0,0.29462,0.37051,0.36929,0.35926,0.34963,0.3621725
7270.0,0.29237,0.37043,0.3693,0.35919,0.34966,0.36214500000000005
7271.0,0.28513,0.37025,0.36913,0.359,0.34957,0.3619875
7272.0,0.27749,0.37,0.36886,0.35879,0.34936,0.36175250000000003
7273.0,0.27517,0.36973,0.36849,0.35849,0.34903,0.36143499999999995
7274.0,0.27737,0.3694,0.36806,0.35805,0.34859,0.361025
7275.0,0.28061,0.36888,0.36753,0.35749,0.34805,0.3604875
7276.0,0.28104,0.36819,0.36682,0.35682,0.34742,0.3598125
7277.0,0.27765,0.36735,0.36587,0.35595,0.34664,0.3589525
7278.0,0.27824,0.36627,0.36473,0.35483,0.34568,0.3578775
7279.0,0.29277,0.36499,0.36354,0.35359,0.34455,0.3566675
7280.0,0.33856,0.36373,0.36241,0.35238,0.34337,0.3554725
7281.0,0.37443,0.36256,0.36138,0.35127,0.3423,0.3543775
7282.0,0.37542,0.36148,0.36037,0.35028,0.34141,0.353385
7283.0,0.35506,0.36061,0.35942,0.3494,0.34062,0.35251249999999995
7284.0,0.32444,0.35999,0.35864,0.34865,0.33986,0.351785
7285.0,0.30271,0.35944,0.35812,0.34808,0.33921,0.3512125
7286.0,0.29252,0.35896,0.3578,0.34773,0.33878,0.35081750000000006
7287.0,0.29399,0.35871,0.35759,0.34751,0.33857,0.350595
7288.0,0.29634,0.35858,0.35752,0.34736,0.33854,0.35050000000000003
7289.0,0.29359,0.35856,0.35775,0.34746,0.33871,0.35062
7290.0,0.27688,0.35899,0.35846,0.34804,0.33916,0.35116250000000004
7291.0,0.26591,0.36001,0.35966,0.34914,0.34009,0.352225
7292.0,0.27484,0.36147,0.3613,0.35072,0.3416,0.35377250000000005
7293.0,0.2817,0.36347,0.36337,0.35282,0.34351,0.3557925
7294.0,0.28189,0.36611,0.36594,0.35537,0.34577,0.35829750000000005
7295.0,0.27894,0.36919,0.36901,0.35834,0.3484,0.36123500000000003
7296.0,0.27547,0.37239,0.37258,0.36163,0.35139,0.36449750000000003
7297.0,0.27391,0.37582,0.3761,0.36534,0.35479,0.36801249999999996
7298.0,0.27679,0.37967,0.37959,0.36885,0.35823,0.371585
7299.0,0.28539,0.38316,0.38301,0.37225,0.36148,0.374975
7300.0,0.30145,0.38646,0.38638,0.37557,0.36457,0.378245
7301.0,0.30916,0.38975,0.38974,0.37892,0.36748,0.3814725
7302.0,0.29294,0.39284,0.3927,0.38184,0.3702,0.38439500000000004
7303.0,0.28407,0.39519,0.39509,0.38414,0.37281,0.38680749999999997
7304.0,0.28994,0.39717,0.39709,0.38607,0.37475,0.38877000000000006
7305.0,0.29649,0.3989,0.39873,0.38772,0.37633,0.39042
7306.0,0.29804,0.40012,0.40005,0.38905,0.3776,0.391705
7307.0,0.28933,0.401,0.40116,0.38993,0.3786,0.3926725
7308.0,0.27616,0.40171,0.40196,0.39065,0.37941,0.3934325
7309.0,0.26401,0.40234,0.40262,0.39128,0.38008,0.39408
7310.0,0.26707,0.40287,0.40317,0.39184,0.3806,0.39462
7311.0,0.27836,0.40333,0.40364,0.39229,0.38107,0.3950825
7312.0,0.28434,0.40374,0.40405,0.39268,0.38146,0.39548249999999996
7313.0,0.28432,0.40413,0.40445,0.39304,0.38178,0.39585
7314.0,0.28106,0.40445,0.40482,0.39337,0.3821,0.396185
7315.0,0.29126,0.40474,0.40514,0.39368,0.38241,0.3964925
7316.0,0.32571,0.40506,0.40541,0.39392,0.38269,0.39677
7317.0,0.39919,0.40533,0.4056,0.39416,0.38294,0.3970075
7318.0,0.49575,0.40557,0.40575,0.39433,0.38311,0.39719000000000004
7319.0,0.5955,0.40577,0.40585,0.39448,0.3832,0.397325
7320.0,0.62534,0.4059,0.4059,0.39448,0.38321,0.3973725
7321.0,0.57689,0.40583,0.40591,0.39441,0.3832,0.3973375
7322.0,0.46348,0.40572,0.40587,0.39431,0.38315,0.39726249999999996
7323.0,0.37204,0.40558,0.4058,0.39421,0.38313,0.39718
7324.0,0.35578,0.40548,0.40575,0.39415,0.38313,0.39712749999999997
7325.0,0.34379,0.40548,0.40584,0.39417,0.3832,0.39717250000000004
7326.0,0.33051,0.40568,0.40617,0.39445,0.38338,0.39742
7327.0,0.34659,0.40616,0.40674,0.39498,0.3838,0.39791999999999994
7328.0,0.41096,0.40687,0.40755,0.39575,0.38446,0.3986575
7329.0,0.52956,0.40784,0.40857,0.3967,0.38535,0.399615
7330.0,0.59046,0.409,0.40975,0.39787,0.38644,0.40076500000000004
7331.0,0.56923,0.41036,0.4111,0.39922,0.38765,0.40208250000000006
7332.0,0.49488,0.41184,0.41253,0.40069,0.38897,0.4035075
7333.0,0.40207,0.41339,0.41399,0.40218,0.39032,0.40497
7334.0,0.32811,0.4149,0.41541,0.40359,0.39162,0.40638
7335.0,0.2879,0.41632,0.41671,0.4049,0.39282,0.4076875
7336.0,0.28138,0.4175,0.41778,0.40599,0.39385,0.40878000000000003
7337.0,0.28525,0.41835,0.4185,0.40678,0.39462,0.4095625
7338.0,0.28802,0.4188,0.41881,0.40716,0.39507,0.40996
7339.0,0.27772,0.41882,0.41876,0.40707,0.39508,0.40993250000000003
7340.0,0.27817,0.41837,0.41843,0.40667,0.39475,0.40955499999999995
7341.0,0.29493,0.41764,0.41789,0.40601,0.3942,0.40893500000000005
7342.0,0.29746,0.41674,0.41716,0.40526,0.39354,0.408175
7343.0,0.28963,0.41581,0.41624,0.40434,0.3928,0.4072975
7344.0,0.28702,0.41485,0.41526,0.4034,0.39199,0.406375
7345.0,0.28651,0.41401,0.41435,0.40253,0.39108,0.40549250000000003
7346.0,0.28593,0.41326,0.41356,0.40174,0.3902,0.40469
7347.0,0.2844,0.41252,0.4128,0.40099,0.38938,0.4039225
7348.0,0.28241,0.41171,0.41192,0.40013,0.38861,0.40309249999999996
7349.0,0.28145,0.41077,0.41085,0.39915,0.38775,0.40213
7350.0,0.28136,0.40968,0.40964,0.39801,0.38673,0.401015
7351.0,0.28147,0.40844,0.40842,0.39677,0.38555,0.399795
7352.0,0.27677,0.40712,0.40729,0.39555,0.38435,0.3985775
7353.0,0.26774,0.40588,0.40627,0.3944,0.38327,0.397455
7354.0,0.26002,0.40479,0.40535,0.39349,0.38244,0.39651749999999997
7355.0,0.25939,0.40406,0.40458,0.39272,0.38179,0.3957875
7356.0,0.27066,0.40355,0.40407,0.39224,0.38131,0.3952925
7357.0,0.28067,0.4034,0.40395,0.39209,0.38104,0.39512
7358.0,0.28366,0.40356,0.40424,0.39232,0.38108,0.3953
7359.0,0.27484,0.40405,0.40482,0.39287,0.38147,0.3958025
7360.0,0.27006,0.40477,0.4056,0.39359,0.38221,0.39654249999999996
7361.0,0.2911,0.40571,0.40657,0.39455,0.38314,0.3974925
7362.0,0.29498,0.4069,0.40778,0.39573,0.38423,0.39866
7363.0,0.27046,0.40832,0.40925,0.39721,0.3855,0.40007
7364.0,0.26682,0.40999,0.41096,0.39887,0.38696,0.401695
7365.0,0.27923,0.41181,0.4128,0.40066,0.38861,0.40347
7366.0,0.28377,0.41374,0.4147,0.40254,0.39037,0.4053375
7367.0,0.2793,0.4157,0.41658,0.40441,0.39213,0.40720500000000004
7368.0,0.26747,0.41757,0.41836,0.40623,0.39382,0.40899500000000005
7369.0,0.26463,0.41927,0.42,0.40787,0.39537,0.4106275
7370.0,0.27558,0.42074,0.42144,0.4093,0.39673,0.4120525
7371.0,0.30348,0.42196,0.42265,0.41047,0.39787,0.4132375
7372.0,0.31966,0.42291,0.4236,0.41139,0.39879,0.4141725
7373.0,0.30244,0.42358,0.42427,0.41205,0.39946,0.41484
7374.0,0.29472,0.424,0.42465,0.41244,0.39989,0.41524500000000003
7375.0,0.30426,0.42416,0.42473,0.41257,0.40005,0.4153775
7376.0,0.3125,0.42406,0.42452,0.41238,0.3999,0.415215
7377.0,0.3163,0.4236,0.42403,0.4119,0.39946,0.4147475
7378.0,0.31394,0.42285,0.42324,0.41113,0.39876,0.413995
7379.0,0.31007,0.42179,0.42217,0.41007,0.3978,0.4129575
7380.0,0.30535,0.42045,0.42082,0.4087,0.39661,0.41164500000000004
7381.0,0.29334,0.41884,0.41927,0.40713,0.39524,0.41012
7382.0,0.2815,0.41711,0.41764,0.40548,0.39373,0.40849
7383.0,0.28423,0.41541,0.41606,0.40385,0.39221,0.4068825
7384.0,0.28398,0.41384,0.41463,0.40236,0.39081,0.40541000000000005
7385.0,0.27171,0.41251,0.41346,0.40109,0.38963,0.4041725
7386.0,0.2578,0.41151,0.41259,0.4002,0.38876,0.403265
7387.0,0.24696,0.41099,0.41208,0.3997,0.38822,0.4027475
7388.0,0.24557,0.41088,0.41194,0.39958,0.38802,0.402605
7389.0,0.25183,0.41114,0.41216,0.39981,0.38812,0.40280750000000004
7390.0,0.26312,0.4117,0.41269,0.40035,0.38851,0.40331249999999996
7391.0,0.26916,0.41255,0.41342,0.40112,0.38911,0.40405
7392.0,0.26778,0.41345,0.41422,0.40198,0.38986,0.4048775
7393.0,0.26218,0.41433,0.41497,0.40279,0.39062,0.40567749999999997
7394.0,0.2647,0.4151,0.41566,0.40351,0.3913,0.4063925
7395.0,0.28964,0.41576,0.41628,0.40408,0.39181,0.4069825
7396.0,0.31363,0.41618,0.41682,0.40457,0.39227,0.40745999999999993
7397.0,0.32559,0.41652,0.41728,0.40496,0.39267,0.40785750000000004
7398.0,0.32005,0.41681,0.41763,0.4053,0.39305,0.4081975
7399.0,0.30224,0.41711,0.41789,0.40556,0.39337,0.40848249999999997
7400.0,0.2835,0.41737,0.41812,0.40578,0.39361,0.40872
7401.0,0.27462,0.41764,0.41836,0.40604,0.39378,0.408955
7402.0,0.28003,0.4179,0.41857,0.40629,0.39391,0.4091675
7403.0,0.28159,0.41807,0.41866,0.40642,0.39398,0.4092825
7404.0,0.27183,0.41804,0.41856,0.40631,0.39393,0.40920999999999996
7405.0,0.24147,0.41778,0.41825,0.40598,0.39369,0.408925
7406.0,0.21922,0.41726,0.41774,0.40548,0.39324,0.40843
7407.0,0.23165,0.41655,0.41704,0.40482,0.39264,0.4077625
7408.0,0.26134,0.41571,0.41619,0.40398,0.39189,0.40694250000000004
7409.0,0.29452,0.41472,0.41524,0.40299,0.39102,0.4059925
7410.0,0.29901,0.41367,0.41426,0.40197,0.39009,0.4049975
7411.0,0.28282,0.41269,0.41336,0.40105,0.38918,0.40407000000000004
7412.0,0.26317,0.41184,0.41256,0.40021,0.38836,0.4032425
7413.0,0.25096,0.41107,0.41185,0.39947,0.38769,0.40252
7414.0,0.2512,0.41044,0.41126,0.39886,0.38714,0.40192500000000003
7415.0,0.26127,0.41001,0.41082,0.39846,0.38674,0.4015075
7416.0,0.27462,0.40979,0.41057,0.39826,0.38648,0.401275
7417.0,0.27768,0.40976,0.41055,0.3982,0.38636,0.40121750000000006
7418.0,0.27359,0.40985,0.41077,0.39835,0.38645,0.401355
7419.0,0.26596,0.4102,0.41122,0.39872,0.38675,0.4017225
7420.0,0.26377,0.41076,0.41189,0.39935,0.3873,0.402325
7421.0,0.26752,0.41157,0.4127,0.40015,0.38805,0.4031175
7422.0,0.27034,0.41254,0.41364,0.40113,0.38897,0.40407000000000004
7423.0,0.2733,0.41373,0.41471,0.40224,0.38995,0.4051575
7424.0,0.27869,0.41497,0.41587,0.40344,0.39098,0.406315
7425.0,0.29353,0.41621,0.41704,0.40464,0.39199,0.40747000000000005
7426.0,0.31427,0.41735,0.41811,0.4057,0.39295,0.40852750000000004
7427.0,0.30515,0.41828,0.41903,0.40657,0.39379,0.4094175
7428.0,0.27471,0.41893,0.41969,0.40721,0.39448,0.4100775
7429.0,0.25054,0.41934,0.42012,0.40766,0.39498,0.41052500000000003
7430.0,0.252,0.41962,0.42033,0.40788,0.39525,0.41076999999999997
7431.0,0.28467,0.41966,0.42037,0.40792,0.39532,0.41081750000000006
7432.0,0.28114,0.41955,0.42026,0.4078,0.39523,0.41070999999999996
7433.0,0.25053,0.41933,0.42005,0.40759,0.395,0.41049250000000004
7434.0,0.27295,0.41904,0.41969,0.40724,0.39463,0.41015
7435.0,0.29932,0.41851,0.41916,0.4067,0.39419,0.40964
7436.0,0.27095,0.41784,0.4185,0.40601,0.39359,0.40898500000000004
7437.0,0.24673,0.41703,0.41773,0.40523,0.3929,0.4082225
7438.0,0.24835,0.41616,0.41689,0.4044,0.39214,0.40739749999999997
7439.0,0.26692,0.41524,0.41605,0.40355,0.39137,0.4065525
7440.0,0.28686,0.41441,0.4153,0.40274,0.39063,0.40577
7441.0,0.28208,0.41371,0.4147,0.40208,0.39001,0.405125
7442.0,0.27892,0.41322,0.41432,0.40165,0.38957,0.40469
7443.0,0.29165,0.413,0.41418,0.40148,0.38936,0.404505
7444.0,0.29367,0.41306,0.41428,0.40157,0.3894,0.4045775
7445.0,0.28142,0.41341,0.4146,0.40188,0.38967,0.40489
7446.0,0.26297,0.414,0.41517,0.40244,0.39014,0.40543749999999995
7447.0,0.25548,0.41481,0.41592,0.40321,0.39078,0.40618
7448.0,0.27579,0.41575,0.41679,0.40412,0.39154,0.40705
7449.0,0.29906,0.41676,0.41766,0.40506,0.39235,0.4079575
7450.0,0.31182,0.4177,0.41844,0.4059,0.39312,0.40879
7451.0,0.29538,0.41848,0.41908,0.40653,0.39371,0.40945000000000004
7452.0,0.27326,0.41897,0.4195,0.40697,0.39412,0.40989000000000003
7453.0,0.29293,0.41915,0.41966,0.40715,0.39429,0.41006250000000005
7454.0,0.30009,0.41901,0.41946,0.40701,0.39422,0.40992500000000004
7455.0,0.26609,0.41854,0.41896,0.40652,0.39387,0.40947249999999996
7456.0,0.25678,0.41777,0.41824,0.40572,0.39325,0.408745
7457.0,0.27612,0.4168,0.41747,0.40485,0.39246,0.407895
7458.0,0.28732,0.41583,0.41673,0.40401,0.39167,0.40706
7459.0,0.28435,0.41499,0.4161,0.40331,0.39101,0.40635250000000006
7460.0,0.26415,0.41438,0.4156,0.40276,0.39055,0.40582250000000003
7461.0,0.24628,0.41403,0.41529,0.40245,0.39031,0.40552
7462.0,0.24086,0.41405,0.41526,0.40245,0.39023,0.4054975
7463.0,0.25908,0.41439,0.41549,0.40275,0.39035,0.40574499999999997
7464.0,0.28601,0.41493,0.41593,0.40323,0.39063,0.40618000000000004
7465.0,0.2891,0.41553,0.41644,0.40375,0.39102,0.40668499999999996
7466.0,0.28212,0.41605,0.41689,0.40421,0.39144,0.4071475
7467.0,0.27605,0.41641,0.41717,0.40453,0.39177,0.40747
7468.0,0.27893,0.41658,0.41728,0.40468,0.39196,0.407625
7469.0,0.28921,0.41656,0.41725,0.40464,0.39197,0.40760499999999994
7470.0,0.2944,0.41637,0.41716,0.40447,0.39185,0.4074625
7471.0,0.2897,0.41611,0.41705,0.40429,0.3917,0.40728749999999997
7472.0,0.27116,0.41591,0.41695,0.40415,0.39157,0.407145
7473.0,0.26315,0.41581,0.41689,0.40407,0.39151,0.40707
7474.0,0.27282,0.4158,0.41686,0.40404,0.39151,0.4070525
7475.0,0.27525,0.41588,0.4169,0.40411,0.39156,0.4071125
7476.0,0.27061,0.41608,0.41703,0.40426,0.39163,0.40725
7477.0,0.26876,0.41631,0.41722,0.40445,0.39173,0.40742749999999994
7478.0,0.26965,0.41651,0.41743,0.40464,0.39186,0.40761000000000003
7479.0,0.27276,0.41664,0.41757,0.40477,0.392,0.407745
7480.0,0.27551,0.41673,0.41761,0.40484,0.39209,0.4078175
7481.0,0.27687,0.41676,0.41754,0.40481,0.39209,0.40780000000000005
7482.0,0.27586,0.41666,0.41737,0.40468,0.39197,0.40767
7483.0,0.27408,0.41645,0.41708,0.40444,0.39171,0.40742
7484.0,0.27408,0.41611,0.4167,0.40407,0.39132,0.40705
7485.0,0.27297,0.41563,0.41616,0.40352,0.39079,0.406525
7486.0,0.27001,0.41489,0.41545,0.40281,0.39016,0.4058275
7487.0,0.27199,0.41398,0.41456,0.40193,0.3894,0.4049675
7488.0,0.27676,0.41294,0.41356,0.40093,0.38852,0.4039875
7489.0,0.27456,0.41186,0.41256,0.39987,0.38759,0.40296999999999994
7490.0,0.26831,0.41078,0.41171,0.3989,0.3867,0.4020225
7491.0,0.26192,0.4099,0.41108,0.39818,0.386,0.40129000000000004
7492.0,0.26169,0.40938,0.41073,0.39779,0.3856,0.400875
7493.0,0.26768,0.40931,0.41072,0.39775,0.38553,0.4008275
7494.0,0.26793,0.40961,0.41105,0.39807,0.38578,0.40112749999999997
7495.0,0.26904,0.41032,0.41173,0.39876,0.38634,0.40178749999999996
7496.0,0.28702,0.41141,0.41273,0.39981,0.38715,0.402775
7497.0,0.29767,0.41274,0.4139,0.40105,0.38814,0.40395749999999997
7498.0,0.2855,0.41406,0.41506,0.40228,0.38921,0.4051525
7499.0,0.27189,0.41523,0.4161,0.40335,0.39022,0.406225
7500.0,0.26386,0.41618,0.41691,0.40419,0.39102,0.40707499999999996
7501.0,0.26533,0.41681,0.41744,0.40474,0.39157,0.40763999999999995
7502.0,0.27032,0.41704,0.41769,0.40497,0.39184,0.407885
7503.0,0.2698,0.41694,0.41765,0.40491,0.39186,0.40784
7504.0,0.25809,0.41659,0.41738,0.4046,0.39167,0.40756
7505.0,0.23716,0.41611,0.41699,0.40411,0.39133,0.40713499999999997
7506.0,0.24198,0.41555,0.4166,0.40362,0.39093,0.406675
7507.0,0.26206,0.41506,0.4163,0.40323,0.3906,0.4062975
7508.0,0.25138,0.41482,0.41619,0.40308,0.39043,0.40613000000000005
7509.0,0.23517,0.41488,0.4163,0.40315,0.39048,0.40620249999999997
7510.0,0.24088,0.4152,0.41663,0.40345,0.39076,0.40651
7511.0,0.2617,0.41579,0.4172,0.40403,0.39125,0.4070675
7512.0,0.2899,0.41667,0.41799,0.40485,0.3919,0.40785249999999995
7513.0,0.2991,0.41771,0.41888,0.4058,0.39268,0.40876749999999995
7514.0,0.29298,0.41875,0.41978,0.40676,0.3935,0.4096975
7515.0,0.28618,0.41964,0.42055,0.40757,0.39425,0.4105025
7516.0,0.27857,0.42034,0.42111,0.40817,0.39483,0.4111125
7517.0,0.27088,0.42075,0.42144,0.40851,0.39517,0.4114675
7518.0,0.27655,0.42082,0.42152,0.40856,0.39527,0.41154250000000003
7519.0,0.29387,0.42058,0.42136,0.40837,0.39514,0.4113625
7520.0,0.30119,0.42013,0.421,0.40796,0.39484,0.4109825
7521.0,0.29713,0.41955,0.42051,0.40742,0.39442,0.410475
7522.0,0.28307,0.41892,0.41996,0.40684,0.39394,0.409915
7523.0,0.27,0.41833,0.41947,0.40631,0.39347,0.409395
7524.0,0.26385,0.41789,0.41909,0.40592,0.39307,0.40899250000000004
7525.0,0.26246,0.41763,0.41889,0.40567,0.3928,0.4087475
7526.0,0.26203,0.41756,0.41887,0.4056,0.39269,0.40868
7527.0,0.25261,0.41764,0.41903,0.40573,0.39278,0.408795
7528.0,0.24867,0.41795,0.41935,0.40606,0.39305,0.40910250000000004
7529.0,0.26714,0.41844,0.41982,0.40654,0.39346,0.409565
7530.0,0.28508,0.41908,0.42039,0.40712,0.39398,0.41014249999999997
7531.0,0.29186,0.41976,0.42105,0.40779,0.39458,0.410795
7532.0,0.28516,0.42053,0.42177,0.40853,0.3952,0.4115075
7533.0,0.27005,0.4213,0.42249,0.40927,0.39582,0.41222000000000003
7534.0,0.25967,0.42199,0.42314,0.40992,0.3964,0.4128625
7535.0,0.25836,0.42253,0.42368,0.41043,0.3969,0.413385
7536.0,0.26824,0.42292,0.42407,0.41081,0.3973,0.413775
7537.0,0.26656,0.42316,0.42432,0.41106,0.39756,0.414025
7538.0,0.25128,0.42327,0.42442,0.41118,0.3977,0.41414249999999997
7539.0,0.25267,0.42325,0.42438,0.41116,0.3977,0.4141225
7540.0,0.26238,0.42311,0.42425,0.411,0.39758,0.413985
7541.0,0.2563,0.4229,0.42405,0.41076,0.39736,0.41376749999999995
7542.0,0.25058,0.4226,0.4238,0.41049,0.39709,0.413495
7543.0,0.25867,0.42226,0.42347,0.41018,0.39679,0.413175
7544.0,0.2937,0.42187,0.42306,0.4098,0.39644,0.4127925
7545.0,0.342,0.42145,0.42259,0.40933,0.39605,0.412355
7546.0,0.33295,0.42096,0.42209,0.4088,0.39559,0.41186
7547.0,0.28999,0.42044,0.4216,0.40832,0.3951,0.411365
7548.0,0.26322,0.41994,0.42112,0.40786,0.39461,0.41088250000000004
7549.0,0.25218,0.41946,0.42062,0.40739,0.39413,0.4104
7550.0,0.25528,0.41896,0.42011,0.40688,0.39366,0.40990250000000006
7551.0,0.26426,0.41842,0.41957,0.40632,0.39318,0.40937250000000003
7552.0,0.27566,0.4179,0.41908,0.40582,0.3927,0.40887500000000004
7553.0,0.28473,0.41744,0.41865,0.40539,0.39224,0.40842999999999996
7554.0,0.29028,0.41702,0.41826,0.40501,0.39184,0.40803249999999996
7555.0,0.29117,0.41664,0.41791,0.40466,0.39152,0.40768249999999995
7556.0,0.28579,0.41634,0.41761,0.40435,0.39124,0.407385
7557.0,0.27544,0.41613,0.41737,0.40411,0.391,0.40715250000000003
7558.0,0.27681,0.41599,0.4172,0.40396,0.39081,0.4069900000000001
7559.0,0.28524,0.4159,0.41709,0.40386,0.39065,0.406875
7560.0,0.27663,0.41584,0.41699,0.40379,0.39053,0.40678749999999997
7561.0,0.26369,0.41574,0.41685,0.40367,0.39041,0.40666749999999996
7562.0,0.26322,0.41559,0.41662,0.40348,0.39024,0.40648249999999997
7563.0,0.27047,0.41536,0.41633,0.40319,0.38999,0.4062175
7564.0,0.28108,0.41501,0.41599,0.40284,0.38966,0.405875
7565.0,0.28035,0.41457,0.41561,0.40244,0.38928,0.405475
7566.0,0.27076,0.4141,0.41522,0.40202,0.38888,0.40505500000000005
7567.0,0.26581,0.41365,0.41484,0.40159,0.38851,0.40464750000000005
7568.0,0.2682,0.41324,0.41451,0.40123,0.3882,0.40429499999999996
7569.0,0.27892,0.41293,0.41425,0.40096,0.38798,0.40403
7570.0,0.27259,0.41282,0.41414,0.40086,0.38785,0.4039175
7571.0,0.24694,0.41288,0.41417,0.4009,0.38782,0.40394250000000004
7572.0,0.25066,0.41307,0.41434,0.40106,0.3879,0.40409249999999997
7573.0,0.28131,0.41333,0.41459,0.40133,0.38809,0.404335
7574.0,0.31433,0.41368,0.41489,0.40164,0.38833,0.404635
7575.0,0.32347,0.41404,0.41516,0.40193,0.38857,0.404925
7576.0,0.2881,0.4143,0.41533,0.40214,0.38876,0.4051325
7577.0,0.26426,0.41442,0.41536,0.40222,0.38885,0.4052125
7578.0,0.26782,0.41439,0.41523,0.40215,0.38877,0.405135
7579.0,0.26984,0.41418,0.41491,0.40188,0.3885,0.40486750000000005
7580.0,0.26597,0.41373,0.41435,0.40137,0.38801,0.404365
7581.0,0.25607,0.41298,0.41354,0.40058,0.3873,0.4036
7582.0,0.24359,0.41195,0.41248,0.39953,0.38635,0.4025775
7583.0,0.23213,0.41065,0.41116,0.39823,0.38516,0.4013
7584.0,0.23194,0.40911,0.4096,0.39671,0.38379,0.3998025
7585.0,0.24619,0.40737,0.40789,0.395,0.38225,0.39812749999999997
7586.0,0.27242,0.40552,0.40611,0.39319,0.3806,0.396355
7587.0,0.29677,0.40367,0.40437,0.3914,0.37895,0.39459750000000005
7588.0,0.29137,0.40191,0.40274,0.38974,0.37739,0.392945
7589.0,0.27695,0.40036,0.40127,0.3883,0.37599,0.39148
7590.0,0.27098,0.3991,0.40003,0.38709,0.3748,0.390255
7591.0,0.2703,0.39812,0.39902,0.3861,0.37383,0.3892675
7592.0,0.27287,0.39742,0.39829,0.38537,0.37309,0.38854249999999996
7593.0,0.2739,0.39699,0.39784,0.3849,0.37255,0.38807
7594.0,0.27229,0.39677,0.39758,0.38469,0.37222,0.387815
7595.0,0.26707,0.3967,0.39744,0.38466,0.37208,0.38772
7596.0,0.26095,0.39674,0.39733,0.38462,0.372,0.3876725
7597.0,0.25646,0.39675,0.3972,0.38452,0.37192,0.3875975
7598.0,0.25892,0.39665,0.39704,0.38434,0.37177,0.38745
7599.0,0.26901,0.39644,0.39683,0.38414,0.37155,0.38724000000000003
7600.0,0.28165,0.39618,0.3966,0.38393,0.37127,0.386995
7601.0,0.28839,0.39585,0.39626,0.3836,0.37093,0.38666
7602.0,0.27383,0.39536,0.39579,0.38313,0.37058,0.386215
7603.0,0.25552,0.39478,0.39527,0.38257,0.37016,0.385695
7604.0,0.24778,0.39423,0.39476,0.38204,0.3697,0.3851825
7605.0,0.2524,0.3938,0.39437,0.38162,0.36926,0.3847625
7606.0,0.26705,0.39347,0.39413,0.38132,0.3689,0.384455
7607.0,0.27777,0.39323,0.39403,0.38115,0.36872,0.3842825
7608.0,0.28143,0.39317,0.39401,0.38116,0.36872,0.38426499999999997
7609.0,0.27539,0.3933,0.39409,0.38131,0.36885,0.3843875
7610.0,0.25997,0.39362,0.39424,0.38151,0.36901,0.384595
7611.0,0.23846,0.39398,0.39448,0.38177,0.36921,0.38486
7612.0,0.25667,0.39429,0.39479,0.38203,0.3694,0.3851275
7613.0,0.31489,0.39459,0.39512,0.38233,0.36961,0.3854125
7614.0,0.33814,0.39485,0.39543,0.38266,0.36983,0.3856925
7615.0,0.32226,0.39504,0.39562,0.38284,0.37004,0.385885
7616.0,0.27961,0.39507,0.39566,0.38289,0.37022,0.38595999999999997
7617.0,0.24569,0.39509,0.39569,0.38287,0.37031,0.38599
7618.0,0.24791,0.39511,0.39575,0.38287,0.37032,0.3860125
7619.0,0.25238,0.39521,0.3959,0.38301,0.37036,0.38612
7620.0,0.25007,0.3954,0.39609,0.38324,0.37045,0.386295
7621.0,0.25668,0.3956,0.39625,0.38345,0.37059,0.3864725
7622.0,0.26908,0.39579,0.39631,0.38356,0.37071,0.3865925
7623.0,0.27551,0.39585,0.39622,0.38351,0.37072,0.386575
7624.0,0.2747,0.39575,0.39601,0.3833,0.37055,0.3864025
7625.0,0.26644,0.39545,0.39567,0.38297,0.37019,0.38607
7626.0,0.26133,0.39491,0.39516,0.3825,0.3697,0.3855675
7627.0,0.26357,0.3942,0.39449,0.38182,0.36909,0.38489999999999996
7628.0,0.27422,0.39331,0.39366,0.38094,0.36836,0.3840675
7629.0,0.28104,0.39231,0.39271,0.37998,0.36757,0.3831425
7630.0,0.25476,0.39128,0.39174,0.37903,0.36673,0.382195
7631.0,0.24087,0.3904,0.39087,0.37815,0.36589,0.3813275
7632.0,0.28225,0.38968,0.39013,0.37741,0.36509,0.3805775
7633.0,0.3048,0.38901,0.3895,0.37676,0.36442,0.3799225
7634.0,0.2843,0.3884,0.38895,0.37624,0.36391,0.37937499999999996
7635.0,0.26158,0.38799,0.3885,0.37585,0.36349,0.37895750000000006
7636.0,0.24696,0.38773,0.38814,0.37547,0.36311,0.3786125
7637.0,0.24882,0.38743,0.38781,0.37508,0.36278,0.37827500000000003
7638.0,0.25559,0.38708,0.38755,0.37485,0.36255,0.3780075
7639.0,0.25388,0.38685,0.38736,0.37472,0.36236,0.3778225
7640.0,0.24373,0.38681,0.38723,0.37463,0.3622,0.37771750000000004
7641.0,0.22638,0.38682,0.38715,0.37453,0.36207,0.3776425
7642.0,0.21079,0.3867,0.38704,0.37436,0.36198,0.37751999999999997
7643.0,0.21139,0.38653,0.38693,0.37427,0.36192,0.37741250000000004
7644.0,0.26542,0.38652,0.38685,0.37429,0.36181,0.3773675
7645.0,0.32565,0.38654,0.38669,0.3742,0.36161,0.37726
7646.0,0.32897,0.38637,0.3864,0.37392,0.36139,0.37702
7647.0,0.29808,0.38595,0.38598,0.37344,0.36104,0.3766025
7648.0,0.25178,0.38534,0.38539,0.37288,0.36053,0.376035
7649.0,0.24799,0.38467,0.38462,0.37229,0.35988,0.375365
7650.0,0.28061,0.38392,0.38365,0.37143,0.359,0.3745
7651.0,0.28324,0.38288,0.38243,0.37019,0.3579,0.37334999999999996
7652.0,0.26989,0.38142,0.38097,0.36871,0.35661,0.37192749999999997
7653.0,0.26973,0.37967,0.37923,0.36704,0.35506,0.37024999999999997
7654.0,0.27157,0.37784,0.37726,0.36525,0.35329,0.36841
7655.0,0.26842,0.37588,0.37501,0.36317,0.35121,0.3663175
7656.0,0.26175,0.37344,0.37236,0.36056,0.34888,0.36381
7657.0,0.25376,0.37048,0.36939,0.3576,0.34631,0.36094499999999996
7658.0,0.25181,0.36729,0.36621,0.3545,0.34341,0.3578525
7659.0,0.25734,0.36396,0.36282,0.35126,0.34026,0.35457500000000003
7660.0,0.27149,0.36051,0.35936,0.34789,0.33704,0.3512
7661.0,0.28147,0.35691,0.35592,0.3443,0.33379,0.34773000000000004
7662.0,0.27797,0.35328,0.35269,0.34081,0.33073,0.3443775
7663.0,0.26431,0.34998,0.34992,0.33789,0.32806,0.3414625
7664.0,0.24424,0.3475,0.34779,0.33573,0.32593,0.33923749999999997
7665.0,0.23094,0.34599,0.34644,0.33444,0.32455,0.337855
7666.0,0.22871,0.34546,0.34593,0.33394,0.32396,0.33732249999999997
7667.0,0.24295,0.34579,0.34627,0.33423,0.32418,0.3376175
7668.0,0.26204,0.3471,0.34755,0.33547,0.32515,0.3388175
7669.0,0.27461,0.34935,0.34962,0.33761,0.3267,0.34082
7670.0,0.27122,0.35211,0.35219,0.3403,0.32879,0.3433475
7671.0,0.25346,0.35513,0.35494,0.34317,0.33127,0.3461275
7672.0,0.25534,0.35797,0.35758,0.34584,0.33381,0.3488
7673.0,0.2686,0.36054,0.35997,0.3482,0.33621,0.35123000000000004
7674.0,0.25486,0.36272,0.36206,0.35027,0.33827,0.35333000000000003
7675.0,0.23531,0.36453,0.36386,0.35207,0.33997,0.3551075
7676.0,0.2374,0.366,0.36536,0.35356,0.34133,0.3565625
7677.0,0.24817,0.36707,0.36653,0.35468,0.34241,0.35767250000000006
7678.0,0.26063,0.36781,0.36738,0.35544,0.34327,0.358475
7679.0,0.27118,0.36832,0.36797,0.35595,0.34389,0.3590325
7680.0,0.27988,0.36868,0.36836,0.35627,0.34429,0.3594
7681.0,0.28977,0.36891,0.36862,0.35649,0.34454,0.35964
7682.0,0.29529,0.369,0.36877,0.35664,0.34467,0.35977000000000003
7683.0,0.28757,0.36904,0.36882,0.35671,0.34473,0.359825
7684.0,0.27476,0.36903,0.36878,0.35668,0.34471,0.3598
7685.0,0.26312,0.36894,0.36863,0.35654,0.3446,0.35967750000000004
7686.0,0.26338,0.36874,0.36838,0.3563,0.34439,0.3594525
7687.0,0.27388,0.36842,0.36803,0.35596,0.34407,0.35912
7688.0,0.2729,0.36803,0.36756,0.35553,0.34363,0.35868750000000005
7689.0,0.26162,0.36749,0.36692,0.35495,0.34303,0.3580975
7690.0,0.24776,0.36672,0.36603,0.35414,0.34229,0.357295
7691.0,0.24294,0.36569,0.36486,0.35308,0.34133,0.35624
7692.0,0.25598,0.36438,0.36341,0.35171,0.34009,0.3548975
7693.0,0.26478,0.3628,0.36172,0.35006,0.33858,0.35329
7694.0,0.26168,0.3609,0.35984,0.34816,0.33683,0.3514325
7695.0,0.25264,0.35876,0.35786,0.3461,0.33493,0.3494125
7696.0,0.24561,0.3565,0.35589,0.34402,0.33303,0.34736
7697.0,0.25925,0.35432,0.35403,0.34206,0.33126,0.34541750000000004
7698.0,0.26888,0.35245,0.35242,0.34039,0.32977,0.34375750000000005
7699.0,0.24384,0.35103,0.3512,0.33913,0.32864,0.3425
7700.0,0.21295,0.35029,0.35054,0.33843,0.32798,0.34181
7701.0,0.19543,0.35022,0.35051,0.33839,0.32781,0.3417325
7702.0,0.22786,0.35088,0.35111,0.33902,0.32816,0.3422925
7703.0,0.29565,0.35212,0.35222,0.34022,0.32898,0.343385
7704.0,0.31237,0.35377,0.35367,0.34175,0.33016,0.34483749999999996
7705.0,0.29433,0.35556,0.35522,0.34335,0.33153,0.34641500000000003
7706.0,0.28293,0.35719,0.35668,0.34484,0.33293,0.34791
7707.0,0.2702,0.35856,0.35795,0.34612,0.33419,0.349205
7708.0,0.25139,0.35961,0.35896,0.34713,0.33521,0.35022749999999997
7709.0,0.25066,0.36036,0.35974,0.3479,0.33598,0.350995
7710.0,0.27203,0.36085,0.36031,0.34841,0.33651,0.35152000000000005
7711.0,0.29379,0.36111,0.36072,0.34872,0.3369,0.35186249999999997
7712.0,0.30317,0.36126,0.36106,0.34896,0.33721,0.3521225
7713.0,0.27724,0.36147,0.36138,0.34923,0.3375,0.352395
7714.0,0.24603,0.36178,0.36175,0.34957,0.33782,0.35273
7715.0,0.24224,0.36224,0.36218,0.35001,0.33819,0.353155
7716.0,0.24343,0.36275,0.36263,0.35047,0.3386,0.3536125
7717.0,0.24113,0.36327,0.36311,0.35095,0.33904,0.3540925
7718.0,0.25326,0.3638,0.36359,0.35144,0.33946,0.35457249999999996
7719.0,0.27759,0.36428,0.36402,0.35187,0.33982,0.35499749999999997
7720.0,0.29291,0.36462,0.36436,0.35221,0.34013,0.35533
7721.0,0.29672,0.36486,0.3646,0.35242,0.34036,0.35556
7722.0,0.28792,0.36492,0.36474,0.35252,0.34052,0.35567499999999996
7723.0,0.2754,0.36493,0.36482,0.35256,0.34063,0.35573499999999997
7724.0,0.2652,0.36493,0.3649,0.3526,0.34071,0.355785
7725.0,0.25485,0.36501,0.36502,0.35271,0.34081,0.3558875
7726.0,0.24465,0.36519,0.36524,0.35289,0.34096,0.35607
7727.0,0.24032,0.36544,0.36553,0.35316,0.3412,0.3563325
7728.0,0.24331,0.36584,0.36595,0.35355,0.34153,0.3567175
7729.0,0.25516,0.36632,0.36644,0.35404,0.34193,0.3571825
7730.0,0.26489,0.36691,0.36697,0.35458,0.3424,0.357715
7731.0,0.26086,0.36748,0.3675,0.35512,0.34288,0.35824500000000004
7732.0,0.25083,0.36802,0.36798,0.35562,0.34335,0.3587425
7733.0,0.24027,0.36849,0.36837,0.35604,0.34374,0.35916
7734.0,0.24335,0.36885,0.36864,0.35635,0.34402,0.359465
7735.0,0.25758,0.36907,0.36874,0.35649,0.34413,0.3596075
7736.0,0.2627,0.36906,0.36861,0.35642,0.34404,0.35953250000000003
7737.0,0.26239,0.36877,0.36822,0.35608,0.34373,0.35919999999999996
7738.0,0.26588,0.36817,0.36752,0.35543,0.34315,0.35856750000000004
7739.0,0.26336,0.36723,0.36649,0.35445,0.34227,0.35761
7740.0,0.24851,0.36594,0.36513,0.35313,0.34109,0.3563225
7741.0,0.23938,0.3643,0.3635,0.3515,0.33964,0.35473499999999997
7742.0,0.24121,0.36237,0.36166,0.34963,0.33796,0.35290499999999997
7743.0,0.24781,0.3603,0.35971,0.34763,0.33616,0.35095
7744.0,0.25411,0.35816,0.35777,0.34564,0.33434,0.3489775
7745.0,0.24944,0.35613,0.35594,0.34377,0.33263,0.34711749999999997
7746.0,0.24883,0.35438,0.35437,0.34216,0.33113,0.34551
7747.0,0.27141,0.35302,0.35313,0.34089,0.32992,0.34424
7748.0,0.31707,0.35215,0.35233,0.34007,0.3291,0.3434125
7749.0,0.38329,0.35176,0.35198,0.33972,0.32866,0.34303
7750.0,0.4454,0.35189,0.35208,0.33985,0.32863,0.3431125
7751.0,0.49021,0.35246,0.35256,0.34038,0.32896,0.34358999999999995
7752.0,0.48962,0.35335,0.35333,0.3412,0.32957,0.34436249999999996
7753.0,0.44773,0.3544,0.35426,0.34216,0.33037,0.34529750000000003
7754.0,0.37889,0.35548,0.35524,0.34317,0.33127,0.34629
7755.0,0.30937,0.35652,0.35621,0.34414,0.33217,0.34726
7756.0,0.26285,0.35745,0.35708,0.34503,0.333,0.34814
7757.0,0.24386,0.35824,0.35783,0.34578,0.33372,0.3488925
7758.0,0.24978,0.35885,0.35844,0.34639,0.33431,0.3494975
7759.0,0.24738,0.35931,0.35891,0.34683,0.33477,0.349955
7760.0,0.23611,0.35962,0.35927,0.34715,0.33511,0.35028750000000003
7761.0,0.2357,0.35984,0.35954,0.34737,0.33535,0.35052500000000003
7762.0,0.24522,0.35998,0.35974,0.34754,0.33553,0.3506975
7763.0,0.26083,0.36008,0.35989,0.34767,0.33566,0.350825
7764.0,0.27124,0.36017,0.36001,0.34777,0.33577,0.3509300000000001
7765.0,0.26847,0.36025,0.36012,0.34785,0.33586,0.35102
7766.0,0.25141,0.36033,0.36023,0.34794,0.33596,0.351115
7767.0,0.22591,0.36043,0.36036,0.34805,0.33607,0.3512275
7768.0,0.22694,0.36057,0.36051,0.3482,0.33618,0.351365
7769.0,0.24733,0.36075,0.36067,0.34836,0.3363,0.35152
7770.0,0.25402,0.3609,0.3608,0.34851,0.3364,0.3516525
7771.0,0.25078,0.36101,0.36087,0.3486,0.33649,0.3517425
7772.0,0.24469,0.36106,0.36088,0.34862,0.33651,0.3517675
7773.0,0.242,0.36104,0.36081,0.34855,0.33644,0.3517100000000001
7774.0,0.24559,0.36089,0.36065,0.34839,0.33629,0.351555
7775.0,0.24764,0.36062,0.36038,0.34812,0.33605,0.35129249999999995
7776.0,0.2452,0.36025,0.36003,0.34778,0.33573,0.35094749999999997
7777.0,0.23469,0.3598,0.35958,0.34734,0.33533,0.3505125
7778.0,0.22781,0.35929,0.35905,0.34682,0.33487,0.3500075
7779.0,0.2514,0.35871,0.35847,0.34625,0.33437,0.34945
7780.0,0.28333,0.35811,0.35788,0.34567,0.33384,0.34887499999999994
7781.0,0.2995,0.35755,0.35731,0.34509,0.3333,0.3483125
7782.0,0.30102,0.35701,0.3568,0.34456,0.33277,0.347785
7783.0,0.28957,0.35652,0.35635,0.34409,0.3323,0.34731500000000004
7784.0,0.27511,0.35606,0.35596,0.34369,0.33191,0.34690499999999996
7785.0,0.26076,0.3557,0.35566,0.34338,0.33161,0.3465875
7786.0,0.24929,0.35549,0.35547,0.34318,0.33143,0.3463925
7787.0,0.24108,0.35541,0.35539,0.3431,0.33134,0.34631
7788.0,0.23633,0.35546,0.35542,0.34314,0.33136,0.346345
7789.0,0.24122,0.35564,0.35557,0.3433,0.33148,0.3464975
7790.0,0.26035,0.35593,0.35583,0.34356,0.33166,0.346745
7791.0,0.27034,0.35631,0.35617,0.34391,0.33191,0.34707499999999997
7792.0,0.2634,0.35668,0.35652,0.34426,0.33219,0.3474125
7793.0,0.25733,0.35703,0.35688,0.3446,0.33248,0.3477475
7794.0,0.2546,0.35732,0.35719,0.34488,0.33278,0.34804250000000003
7795.0,0.25077,0.35755,0.35749,0.34513,0.33306,0.3483075
7796.0,0.24632,0.35778,0.35778,0.34538,0.33335,0.3485725
7797.0,0.24275,0.35805,0.35811,0.34568,0.33365,0.3488725
7798.0,0.24319,0.35841,0.3585,0.34606,0.334,0.3492425
7799.0,0.24981,0.35887,0.35898,0.34652,0.3344,0.3496925
7800.0,0.25552,0.35942,0.35952,0.34705,0.33487,0.350215
7801.0,0.25704,0.36005,0.36013,0.34765,0.33539,0.35080500000000003
7802.0,0.25108,0.36071,0.36077,0.34827,0.33595,0.351425
7803.0,0.24232,0.36137,0.36141,0.34889,0.33651,0.35204499999999994
7804.0,0.24788,0.36197,0.36202,0.34948,0.33706,0.3526325
7805.0,0.26098,0.3625,0.3626,0.35002,0.33759,0.35317750000000003
7806.0,0.26857,0.36299,0.36314,0.35052,0.33809,0.35368499999999997
7807.0,0.26732,0.36346,0.36367,0.35101,0.33859,0.3541825
7808.0,0.25532,0.36395,0.36422,0.35152,0.33909,0.354695
7809.0,0.24187,0.36448,0.36481,0.35208,0.33963,0.35524999999999995
7810.0,0.23177,0.36511,0.36546,0.35271,0.3402,0.35587
7811.0,0.23383,0.36582,0.36615,0.35341,0.34082,0.35655000000000003
7812.0,0.25094,0.3666,0.36688,0.35414,0.34145,0.35726749999999996
7813.0,0.28709,0.36736,0.36759,0.35484,0.34208,0.3579675
7814.0,0.32183,0.36805,0.36823,0.35549,0.34267,0.35861
7815.0,0.32302,0.36864,0.36877,0.35604,0.34317,0.359155
7816.0,0.30183,0.36907,0.36916,0.35644,0.34356,0.3595575
7817.0,0.26789,0.36934,0.36938,0.35667,0.34379,0.35979500000000003
7818.0,0.24167,0.36941,0.36942,0.35671,0.34388,0.35985500000000004
7819.0,0.23115,0.3693,0.36927,0.35658,0.34379,0.35973499999999997
7820.0,0.23925,0.36901,0.36893,0.35626,0.34354,0.359435
7821.0,0.25642,0.36856,0.36843,0.35579,0.34312,0.35897500000000004
7822.0,0.25158,0.36796,0.36775,0.35516,0.34252,0.3583475
7823.0,0.24036,0.36719,0.3669,0.35434,0.34176,0.3575475
7824.0,0.25045,0.36624,0.36588,0.35335,0.34083,0.356575
7825.0,0.26286,0.36505,0.36467,0.35216,0.33975,0.3554075
7826.0,0.26391,0.36369,0.36333,0.35082,0.33854,0.35409500000000005
7827.0,0.26339,0.36217,0.36188,0.34936,0.33722,0.3526575
7828.0,0.26468,0.36062,0.3604,0.34786,0.33585,0.3511825
7829.0,0.2659,0.35907,0.35898,0.34637,0.33451,0.3497325
7830.0,0.26483,0.35761,0.35769,0.34504,0.3333,0.34841
7831.0,0.25555,0.35639,0.35664,0.34395,0.3323,0.34732
7832.0,0.24606,0.35554,0.35592,0.34321,0.33156,0.3465575
7833.0,0.24991,0.35515,0.35558,0.34285,0.33114,0.34618000000000004
7834.0,0.25492,0.35519,0.35562,0.34288,0.33107,0.34619
7835.0,0.25204,0.3556,0.35601,0.34327,0.33134,0.346555
7836.0,0.25163,0.35633,0.35672,0.344,0.33192,0.34724249999999995
7837.0,0.25581,0.35739,0.35768,0.34499,0.33272,0.34819500000000003
7838.0,0.25079,0.35861,0.35878,0.34612,0.33367,0.349295
7839.0,0.23639,0.35987,0.35992,0.34729,0.33468,0.35044
7840.0,0.22112,0.36102,0.36098,0.34838,0.33569,0.35151750000000004
7841.0,0.2127,0.36202,0.36192,0.34933,0.33661,0.35247
7842.0,0.22329,0.36288,0.36272,0.35011,0.33738,0.3532725
7843.0,0.23758,0.36353,0.36334,0.35072,0.33797,0.35389000000000004
7844.0,0.24296,0.36395,0.36379,0.35113,0.3384,0.3543175
7845.0,0.25111,0.36417,0.36408,0.35138,0.33868,0.3545775
7846.0,0.2651,0.36425,0.36425,0.35151,0.33885,0.354715
7847.0,0.26983,0.36427,0.36434,0.35155,0.33894,0.354775
7848.0,0.2646,0.36424,0.3644,0.35156,0.33899,0.3547975
7849.0,0.25915,0.36422,0.36447,0.35158,0.33905,0.35483000000000003
7850.0,0.25392,0.36429,0.36461,0.35167,0.33916,0.3549325
7851.0,0.24801,0.36448,0.36484,0.35187,0.33934,0.35513249999999996
7852.0,0.23961,0.36481,0.36518,0.35221,0.33962,0.355455
7853.0,0.22758,0.36525,0.36561,0.35265,0.33998,0.3558725
7854.0,0.22987,0.36579,0.36611,0.35316,0.3404,0.356365
7855.0,0.2514,0.36638,0.36665,0.35369,0.34087,0.3568975
7856.0,0.25708,0.36696,0.36717,0.35421,0.34133,0.35741750000000005
7857.0,0.24435,0.36746,0.36764,0.35468,0.34177,0.3578875
7858.0,0.24,0.36787,0.36803,0.35507,0.34214,0.3582775
7859.0,0.24408,0.36819,0.36832,0.35539,0.34243,0.35858249999999997
7860.0,0.24973,0.3684,0.3685,0.35557,0.34261,0.35877000000000003
7861.0,0.25479,0.36847,0.36854,0.35562,0.34267,0.358825
7862.0,0.2571,0.3684,0.36846,0.35553,0.34263,0.358755
7863.0,0.25885,0.36822,0.36827,0.35533,0.34248,0.358575
7864.0,0.261,0.36792,0.36799,0.35504,0.34223,0.35829500000000003
7865.0,0.26004,0.36756,0.36763,0.35468,0.34189,0.35794
7866.0,0.25574,0.36713,0.36722,0.35427,0.34149,0.35752750000000005
7867.0,0.25228,0.36663,0.36675,0.35379,0.34105,0.357055
7868.0,0.25285,0.36609,0.36624,0.35327,0.34059,0.35654749999999996
7869.0,0.26439,0.36554,0.36574,0.35274,0.34014,0.35604
7870.0,0.27638,0.36502,0.36528,0.35226,0.33971,0.3555675
7871.0,0.27364,0.3646,0.36489,0.35187,0.33934,0.355175
7872.0,0.26042,0.3643,0.36461,0.35158,0.33904,0.3548825
7873.0,0.24081,0.36411,0.36443,0.3514,0.33883,0.35469249999999997
7874.0,0.23319,0.36403,0.36435,0.35132,0.33871,0.35460250000000004
7875.0,0.24334,0.36406,0.36437,0.35133,0.3387,0.354615
7876.0,0.26545,0.36417,0.36448,0.35144,0.33877,0.354715
7877.0,0.28963,0.36434,0.36466,0.35161,0.3389,0.3548775
7878.0,0.28651,0.36458,0.36488,0.35183,0.33908,0.35509250000000003
7879.0,0.26689,0.36485,0.36515,0.35209,0.33931,0.35535
7880.0,0.25383,0.36514,0.36544,0.35237,0.33956,0.3556275
7881.0,0.24543,0.36544,0.36573,0.35266,0.33984,0.35591749999999994
7882.0,0.23968,0.36575,0.36603,0.35296,0.34011,0.35621250000000004
7883.0,0.23811,0.36609,0.36633,0.35328,0.34038,0.35652000000000006
7884.0,0.24172,0.3664,0.36659,0.35356,0.34062,0.35679249999999996
7885.0,0.25334,0.36664,0.36677,0.35377,0.34078,0.35699000000000003
7886.0,0.27025,0.3668,0.36685,0.35388,0.34087,0.35710000000000003
7887.0,0.27787,0.3668,0.36681,0.35384,0.34084,0.3570725
7888.0,0.27461,0.36664,0.36661,0.35364,0.34066,0.35688749999999997
7889.0,0.26069,0.36628,0.36626,0.35328,0.34036,0.356545
7890.0,0.2481,0.36573,0.36577,0.35278,0.33992,0.35605000000000003
7891.0,0.25088,0.36507,0.36517,0.35217,0.33939,0.35545
7892.0,0.25432,0.36434,0.3645,0.35149,0.33878,0.3547775
7893.0,0.24978,0.36358,0.36382,0.35078,0.33816,0.35408500000000004
7894.0,0.23961,0.36288,0.36317,0.35011,0.33756,0.35343
7895.0,0.22691,0.36226,0.3626,0.34953,0.33703,0.35285500000000003
7896.0,0.22553,0.36181,0.36214,0.34908,0.33657,0.35240000000000005
7897.0,0.23394,0.3615,0.36179,0.34876,0.3362,0.3520625
7898.0,0.24049,0.3613,0.36152,0.34854,0.3359,0.351815
7899.0,0.24075,0.36114,0.36127,0.34834,0.33565,0.35159999999999997
7900.0,0.2288,0.36096,0.36099,0.34812,0.33539,0.351365
7901.0,0.22294,0.36072,0.36062,0.34781,0.33508,0.3510575
7902.0,0.23758,0.36033,0.36012,0.34735,0.33466,0.350615
7903.0,0.25154,0.35975,0.35948,0.34674,0.3341,0.35001750000000004
7904.0,0.25557,0.35898,0.35867,0.34597,0.33339,0.3492525
7905.0,0.24989,0.35801,0.35771,0.34502,0.33252,0.348315
7906.0,0.23804,0.35691,0.35663,0.34393,0.33153,0.34725000000000006
7907.0,0.23496,0.35568,0.35547,0.34276,0.33047,0.346095
7908.0,0.23695,0.35436,0.35427,0.34155,0.32938,0.34489000000000003
7909.0,0.23169,0.3531,0.35313,0.34038,0.32832,0.3437325
7910.0,0.22265,0.35199,0.3521,0.33932,0.32734,0.34268750000000003
7911.0,0.21475,0.35108,0.35126,0.33845,0.32651,0.341825
7912.0,0.21476,0.35041,0.35064,0.33781,0.32587,0.34118249999999994
7913.0,0.22634,0.34994,0.35025,0.33741,0.32546,0.340765
7914.0,0.24054,0.34976,0.35012,0.3373,0.32527,0.3406125
7915.0,0.25355,0.34993,0.35026,0.33745,0.32531,0.3407375
7916.0,0.26016,0.3503,0.35059,0.33778,0.32553,0.34104999999999996
7917.0,0.2602,0.35083,0.35107,0.33825,0.32591,0.34151499999999996
7918.0,0.25621,0.35142,0.35165,0.33882,0.32644,0.3420825
7919.0,0.2511,0.35207,0.3523,0.33949,0.32704,0.342725
7920.0,0.2498,0.35283,0.35303,0.34022,0.32768,0.34343999999999997
7921.0,0.2509,0.35359,0.35375,0.34094,0.32831,0.34414750000000005
7922.0,0.25289,0.35433,0.35444,0.34163,0.32892,0.34482999999999997
7923.0,0.25309,0.35495,0.35506,0.34223,0.32949,0.34543250000000003
7924.0,0.25045,0.35548,0.35561,0.34275,0.33001,0.34596250000000006
7925.0,0.24844,0.35593,0.35606,0.34319,0.33045,0.3464075
7926.0,0.24803,0.3563,0.35644,0.34355,0.3308,0.3467725
7927.0,0.24927,0.35661,0.35674,0.34386,0.33107,0.34707
7928.0,0.25126,0.35679,0.35692,0.34404,0.33125,0.34725
7929.0,0.25152,0.35689,0.357,0.34412,0.33134,0.34733749999999997
7930.0,0.25024,0.35691,0.35698,0.34409,0.33134,0.34733
7931.0,0.24798,0.35683,0.35686,0.34396,0.33125,0.347225
7932.0,0.24562,0.35662,0.35663,0.34375,0.33106,0.34701499999999996
7933.0,0.24392,0.35629,0.35629,0.34344,0.33076,0.346695
7934.0,0.24406,0.35586,0.35585,0.34302,0.33036,0.34627250000000004
7935.0,0.24594,0.35536,0.3553,0.3425,0.32986,0.34575500000000003
7936.0,0.24414,0.35474,0.35464,0.34184,0.32926,0.34512
7937.0,0.23817,0.35395,0.35388,0.34105,0.32859,0.3443675
7938.0,0.23142,0.35308,0.35308,0.34023,0.32788,0.34356749999999997
7939.0,0.22626,0.35219,0.35229,0.33942,0.32716,0.342765
7940.0,0.22742,0.3514,0.35158,0.33869,0.32646,0.34203249999999996
7941.0,0.22902,0.35072,0.351,0.33807,0.32585,0.34141
7942.0,0.22308,0.35018,0.35057,0.33759,0.3254,0.340935
7943.0,0.21813,0.34984,0.35035,0.33731,0.32516,0.340665
7944.0,0.21993,0.34977,0.3504,0.33732,0.32516,0.3406625
7945.0,0.22669,0.35004,0.35075,0.33765,0.32543,0.3409675
7946.0,0.23675,0.35069,0.35142,0.33831,0.32596,0.34159500000000004
7947.0,0.2426,0.35169,0.35237,0.33926,0.32674,0.342515
7948.0,0.24321,0.35294,0.35354,0.34043,0.32774,0.3436625
7949.0,0.24066,0.35433,0.35485,0.34175,0.32889,0.344955
7950.0,0.23757,0.35578,0.35622,0.34313,0.33013,0.346315
7951.0,0.23927,0.35719,0.35756,0.34449,0.33136,0.34765
7952.0,0.24197,0.35855,0.35882,0.34577,0.3325,0.34891
7953.0,0.24092,0.35971,0.3599,0.34685,0.33351,0.3499925
7954.0,0.23804,0.3606,0.36076,0.34769,0.33433,0.350845
7955.0,0.23489,0.36121,0.3614,0.34829,0.33497,0.3514675
7956.0,0.23724,0.36156,0.36183,0.34866,0.33543,0.35187
7957.0,0.2461,0.36176,0.36211,0.34889,0.33572,0.35212
7958.0,0.25386,0.36185,0.3623,0.34904,0.33589,0.35227
7959.0,0.25789,0.36189,0.36244,0.34913,0.33601,0.35236749999999994
7960.0,0.25395,0.36193,0.36258,0.34923,0.33611,0.3524625
7961.0,0.24391,0.36203,0.36275,0.34936,0.33626,0.35259999999999997
7962.0,0.23269,0.36223,0.36301,0.34958,0.33648,0.35282499999999994
7963.0,0.23029,0.36258,0.36337,0.34991,0.33677,0.3531575
7964.0,0.24796,0.36303,0.36382,0.35034,0.33716,0.35358749999999994
7965.0,0.2592,0.36359,0.36436,0.35088,0.33762,0.35411250000000005
7966.0,0.24875,0.36422,0.36495,0.35148,0.33813,0.354695
7967.0,0.24094,0.36488,0.36554,0.35209,0.33866,0.3552925
7968.0,0.2434,0.3655,0.3661,0.35267,0.33916,0.35585750000000005
7969.0,0.24896,0.36604,0.36657,0.35315,0.33961,0.3563425
7970.0,0.25457,0.36646,0.36693,0.35351,0.33996,0.356715
7971.0,0.25399,0.36673,0.36715,0.35372,0.3402,0.35695
7972.0,0.24775,0.36684,0.36724,0.3538,0.34031,0.3570475000000001
7973.0,0.2383,0.36678,0.3672,0.35375,0.34028,0.3570025
7974.0,0.23127,0.36657,0.36704,0.35358,0.34015,0.356835
7975.0,0.23325,0.36626,0.36677,0.35332,0.33992,0.3565675
7976.0,0.23792,0.3659,0.36645,0.35299,0.33963,0.3562425
7977.0,0.24093,0.36551,0.36608,0.35261,0.3393,0.355875
7978.0,0.23835,0.36512,0.36571,0.3522,0.33897,0.3555
7979.0,0.22998,0.36476,0.36537,0.35184,0.33865,0.355155
7980.0,0.22556,0.36445,0.36508,0.35154,0.33837,0.35486
7981.0,0.22715,0.36423,0.36487,0.35134,0.33813,0.3546425
7982.0,0.23488,0.36405,0.3647,0.35119,0.33794,0.35447000000000006
7983.0,0.24562,0.36394,0.36457,0.3511,0.33778,0.3543475
7984.0,0.25218,0.36385,0.36444,0.351,0.33765,0.35423499999999997
7985.0,0.2536,0.36378,0.3643,0.35087,0.33753,0.35412
7986.0,0.24905,0.36366,0.36412,0.35069,0.3374,0.3539675
7987.0,0.24764,0.3635,0.36391,0.35048,0.33723,0.35378
7988.0,0.25524,0.36327,0.36365,0.35024,0.33701,0.35354250000000004
7989.0,0.25889,0.363,0.36335,0.34998,0.33671,0.35326
7990.0,0.25402,0.36266,0.36296,0.34962,0.33632,0.35289
7991.0,0.24728,0.3622,0.36249,0.34916,0.33586,0.35242750000000006
7992.0,0.24084,0.3616,0.36192,0.34857,0.33534,0.3518575
7993.0,0.23746,0.36086,0.36128,0.34788,0.33478,0.3512
7994.0,0.23671,0.36009,0.36065,0.34721,0.33422,0.35054250000000003
7995.0,0.23652,0.35941,0.36009,0.34661,0.33371,0.349955
7996.0,0.23833,0.35891,0.35969,0.34617,0.33331,0.34952
7997.0,0.24447,0.35864,0.35949,0.34594,0.33305,0.34928000000000003
7998.0,0.24706,0.35861,0.35952,0.34595,0.333,0.34926999999999997
7999.0,0.24007,0.35882,0.35978,0.3462,0.33317,0.3494925
8000.0,0.23966,0.35929,0.36026,0.34666,0.33355,0.34994000000000003
8001.0,0.25176,0.36003,0.36094,0.34735,0.33412,0.35061
8002.0,0.25779,0.36092,0.36178,0.34819,0.33483,0.35142999999999996
8003.0,0.25373,0.36189,0.3627,0.34911,0.33563,0.35233250000000005
8004.0,0.24564,0.36288,0.36365,0.35006,0.33648,0.35326749999999996
8005.0,0.23912,0.36383,0.36459,0.35099,0.33734,0.35418750000000004
8006.0,0.24865,0.36476,0.36551,0.35188,0.33818,0.35508249999999997
8007.0,0.26049,0.36562,0.36636,0.35272,0.33897,0.3559175
8008.0,0.24771,0.36638,0.36715,0.35346,0.33971,0.356675
8009.0,0.23081,0.36709,0.36787,0.35415,0.34039,0.357375
8010.0,0.23128,0.36776,0.36854,0.3548,0.34102,0.35802999999999996
8011.0,0.2373,0.36839,0.36915,0.35541,0.34158,0.3586325
8012.0,0.24188,0.36896,0.36968,0.35594,0.34207,0.35916249999999994
8013.0,0.2422,0.36946,0.3701,0.35638,0.34247,0.3596025
8014.0,0.23799,0.36983,0.37038,0.3567,0.34276,0.3599175
8015.0,0.23394,0.37004,0.37049,0.35685,0.34288,0.36006499999999997
8016.0,0.23214,0.37003,0.37037,0.35677,0.34282,0.35999749999999997
8017.0,0.23722,0.36975,0.37,0.35643,0.34253,0.3596775
8018.0,0.24682,0.3692,0.36939,0.35583,0.34202,0.35911
8019.0,0.25445,0.36834,0.36855,0.35497,0.34128,0.358285
8020.0,0.25452,0.36723,0.36752,0.3539,0.34037,0.357255
8021.0,0.23993,0.36591,0.36638,0.35271,0.33933,0.35608249999999997
8022.0,0.23019,0.36454,0.36523,0.35151,0.33827,0.3548875
8023.0,0.23924,0.36327,0.36419,0.3504,0.33729,0.35378750000000003
8024.0,0.24773,0.36229,0.3634,0.34954,0.33651,0.352935
8025.0,0.24726,0.36166,0.36294,0.34899,0.33603,0.35240499999999997
8026.0,0.23907,0.36151,0.36292,0.3489,0.33592,0.3523125
8027.0,0.2267,0.36188,0.36334,0.34929,0.33622,0.3526825
8028.0,0.22724,0.3628,0.36424,0.35019,0.33693,0.35354
8029.0,0.23845,0.36419,0.36552,0.35151,0.33798,0.3548
8030.0,0.24585,0.36595,0.36708,0.35314,0.33929,0.35636500000000004
8031.0,0.24741,0.36781,0.36873,0.35486,0.34073,0.3580325
8032.0,0.24127,0.36961,0.37033,0.3565,0.34219,0.3596575
8033.0,0.23418,0.37121,0.37174,0.35796,0.34354,0.3611125
8034.0,0.23333,0.37249,0.37288,0.35912,0.34467,0.36229
8035.0,0.2362,0.37339,0.37366,0.35992,0.34549,0.363115
8036.0,0.24107,0.37387,0.37405,0.36033,0.34594,0.3635475
8037.0,0.24376,0.37392,0.37406,0.36033,0.34603,0.363585
8038.0,0.24281,0.37355,0.3737,0.35995,0.34576,0.36324
8039.0,0.23843,0.3728,0.37302,0.35923,0.34519,0.36256
8040.0,0.23254,0.37175,0.37209,0.35825,0.34438,0.36161750000000004
8041.0,0.23321,0.37051,0.37101,0.35712,0.34343,0.36051750000000005
8042.0,0.23796,0.36922,0.3699,0.35596,0.34241,0.3593725
8043.0,0.23792,0.36801,0.36886,0.35486,0.34143,0.35829
8044.0,0.23867,0.36699,0.36798,0.35394,0.34059,0.35737499999999994
8045.0,0.2496,0.36625,0.36736,0.35326,0.33996,0.35670750000000007
8046.0,0.25934,0.36586,0.36706,0.35292,0.33961,0.3563625
8047.0,0.25778,0.36586,0.36709,0.35294,0.33957,0.356365
8048.0,0.24886,0.36624,0.36746,0.35331,0.33982,0.3567075
8049.0,0.23567,0.36696,0.36812,0.354,0.34033,0.3573525
8050.0,0.23177,0.36794,0.369,0.35491,0.34105,0.358225
8051.0,0.23845,0.36905,0.37,0.35595,0.34191,0.3592275
8052.0,0.23504,0.3702,0.37102,0.357,0.34282,0.36026
8053.0,0.22277,0.37126,0.37199,0.35798,0.34372,0.3612375
8054.0,0.2214,0.37218,0.37284,0.35884,0.34453,0.3620975
8055.0,0.22894,0.37293,0.37353,0.35953,0.34521,0.36279999999999996
8056.0,0.23612,0.37348,0.37403,0.36004,0.34571,0.36331499999999994
8057.0,0.24252,0.37381,0.37431,0.36034,0.34601,0.3636175
8058.0,0.2481,0.3739,0.37436,0.36041,0.34609,0.36369
8059.0,0.25501,0.37374,0.37418,0.36024,0.34596,0.36353
8060.0,0.26494,0.37336,0.37376,0.35982,0.34562,0.36314
8061.0,0.27555,0.37274,0.37313,0.3592,0.34508,0.3625375
8062.0,0.28432,0.3719,0.3723,0.35837,0.34436,0.3617325
8063.0,0.2744,0.37087,0.37132,0.35738,0.34349,0.360765
8064.0,0.24498,0.3697,0.37023,0.35629,0.3425,0.35968
8065.0,0.22329,0.36846,0.36908,0.35513,0.34145,0.35853
8066.0,0.21757,0.36724,0.36795,0.35399,0.34039,0.3573925
8067.0,0.24058,0.36609,0.3669,0.3529,0.3394,0.3563225
8068.0,0.27691,0.36508,0.36598,0.35195,0.33853,0.355385
8069.0,0.28853,0.36426,0.36525,0.3512,0.33782,0.3546325
8070.0,0.27543,0.36369,0.36476,0.3507,0.33732,0.35411750000000003
8071.0,0.23974,0.36343,0.36451,0.35046,0.33702,0.35385500000000003
8072.0,0.20689,0.36347,0.36449,0.35046,0.33693,0.35383749999999997
8073.0,0.19725,0.36371,0.36467,0.35066,0.33701,0.3540125
8074.0,0.19931,0.36408,0.36497,0.35099,0.33723,0.35431749999999995
8075.0,0.20716,0.36449,0.36534,0.35138,0.33753,0.35468500000000003
8076.0,0.21811,0.3649,0.36572,0.35177,0.33787,0.3550650000000001
8077.0,0.23062,0.36531,0.36609,0.35214,0.33821,0.3554375000000001
8078.0,0.23994,0.36567,0.36641,0.35248,0.3385,0.35576500000000005
8079.0,0.24453,0.36593,0.36666,0.35273,0.33873,0.35601249999999995
8080.0,0.24189,0.36608,0.36681,0.35288,0.33888,0.35616250000000005
8081.0,0.23374,0.36612,0.36685,0.35292,0.33895,0.35621
8082.0,0.22483,0.36612,0.36681,0.35288,0.33893,0.35618500000000003
8083.0,0.21918,0.36603,0.36666,0.35276,0.33881,0.356065
8084.0,0.22245,0.36582,0.36641,0.35252,0.33858,0.3558325
8085.0,0.23114,0.36546,0.36602,0.35214,0.33823,0.3554625
8086.0,0.24199,0.36494,0.36551,0.35164,0.33777,0.354965
8087.0,0.24879,0.36425,0.36489,0.35102,0.3372,0.35434
8088.0,0.24872,0.36349,0.36418,0.35033,0.33656,0.35364
8089.0,0.249,0.36265,0.36344,0.34954,0.33587,0.35287499999999994
8090.0,0.25058,0.36182,0.3627,0.34875,0.33519,0.35211499999999996
8091.0,0.2426,0.36107,0.36205,0.34805,0.33459,0.35144
8092.0,0.22554,0.36045,0.36157,0.34753,0.33413,0.35092
8093.0,0.21109,0.36006,0.36129,0.34722,0.33384,0.35060249999999993
8094.0,0.20587,0.35998,0.36127,0.34719,0.33376,0.35055
8095.0,0.22404,0.36023,0.3615,0.34744,0.33391,0.35076999999999997
8096.0,0.24728,0.36078,0.36197,0.34795,0.33426,0.35124
8097.0,0.24333,0.36153,0.36262,0.34863,0.3348,0.351895
8098.0,0.22714,0.36235,0.36337,0.34939,0.33548,0.3526475
8099.0,0.21456,0.36322,0.36418,0.35022,0.33624,0.35346500000000003
8100.0,0.20639,0.36414,0.36501,0.35109,0.33703,0.35431749999999995
8101.0,0.20328,0.36504,0.3658,0.35193,0.33779,0.35514
8102.0,0.20821,0.36585,0.3665,0.35268,0.33847,0.35587500000000005
8103.0,0.22127,0.3665,0.36707,0.35329,0.33903,0.3564725
8104.0,0.23275,0.36696,0.36748,0.35373,0.33947,0.35690999999999995
8105.0,0.23856,0.36723,0.36771,0.35399,0.33975,0.35717
8106.0,0.22979,0.36733,0.36776,0.35407,0.33987,0.3572575
8107.0,0.21239,0.36726,0.36764,0.35397,0.33983,0.357175
8108.0,0.21003,0.36701,0.36736,0.35372,0.33964,0.3569325
8109.0,0.21674,0.36656,0.36695,0.35332,0.33931,0.356535
8110.0,0.21648,0.36598,0.36643,0.35281,0.33887,0.3560225
8111.0,0.21376,0.36531,0.36587,0.35225,0.33838,0.35545249999999995
8112.0,0.21508,0.36465,0.36532,0.3517,0.33789,0.35489
8113.0,0.2186,0.36407,0.36485,0.3512,0.33746,0.354395
8114.0,0.22281,0.36364,0.36452,0.35085,0.33716,0.35404250000000004
8115.0,0.22534,0.36341,0.36439,0.3507,0.33703,0.3538825
8116.0,0.22512,0.36347,0.36452,0.35082,0.33713,0.353985
8117.0,0.22304,0.36386,0.3649,0.35121,0.33746,0.3543575
8118.0,0.21997,0.36456,0.36554,0.35189,0.338,0.3549975
8119.0,0.22021,0.36549,0.36636,0.35278,0.33872,0.35583750000000003
8120.0,0.22904,0.36656,0.36729,0.3538,0.33953,0.356795
8121.0,0.26541,0.36762,0.36822,0.35481,0.34038,0.35775750000000006
8122.0,0.31124,0.36858,0.36906,0.3557,0.34118,0.35863
8123.0,0.31176,0.36938,0.36974,0.35643,0.34186,0.3593525
8124.0,0.2837,0.36994,0.37022,0.35695,0.34237,0.35986999999999997
8125.0,0.26138,0.3702,0.37047,0.35721,0.34268,0.36014
8126.0,0.24813,0.37018,0.3705,0.35724,0.34279,0.3601775
8127.0,0.24672,0.36995,0.37034,0.35707,0.34271,0.36001750000000005
8128.0,0.24034,0.36958,0.37005,0.35679,0.3425,0.35973
8129.0,0.21983,0.36913,0.36969,0.35644,0.34219,0.35936250000000003
8130.0,0.23501,0.36864,0.36929,0.35604,0.34183,0.35895000000000005
8131.0,0.29856,0.36818,0.3689,0.35566,0.34148,0.358555
8132.0,0.31531,0.36779,0.36855,0.35531,0.34118,0.3582075
8133.0,0.27088,0.36752,0.36827,0.35506,0.34094,0.3579475
8134.0,0.23868,0.36737,0.36807,0.35491,0.34076,0.35777749999999997
8135.0,0.22802,0.36729,0.36792,0.35482,0.34063,0.357665
8136.0,0.22629,0.36721,0.36778,0.35474,0.34051,0.35756
8137.0,0.22881,0.36712,0.36763,0.35466,0.34038,0.35744750000000003
8138.0,0.22716,0.36699,0.36742,0.35452,0.34021,0.35728499999999996
8139.0,0.22483,0.36676,0.36715,0.3543,0.33999,0.35705
8140.0,0.22813,0.36643,0.36681,0.35398,0.33971,0.3567325
8141.0,0.23405,0.366,0.36639,0.35357,0.33938,0.356335
8142.0,0.23951,0.36549,0.36594,0.35311,0.33901,0.3558875
8143.0,0.24394,0.36497,0.36549,0.35268,0.33863,0.3554425
8144.0,0.24677,0.36451,0.36508,0.3523,0.33827,0.35504
8145.0,0.24352,0.36414,0.36473,0.35197,0.33794,0.354695
8146.0,0.23318,0.36386,0.36444,0.35171,0.33767,0.35441999999999996
8147.0,0.2245,0.36368,0.36422,0.35155,0.33746,0.35422750000000003
8148.0,0.22037,0.36353,0.36405,0.35144,0.3373,0.35407999999999995
8149.0,0.22412,0.36339,0.3639,0.35134,0.33718,0.3539525
8150.0,0.2348,0.36329,0.36374,0.35125,0.33706,0.353835
8151.0,0.24663,0.3632,0.36353,0.35112,0.33691,0.35369000000000006
8152.0,0.25579,0.36309,0.36324,0.35093,0.33668,0.35348500000000005
8153.0,0.25423,0.36282,0.36282,0.35058,0.33633,0.3531375
8154.0,0.24567,0.36229,0.36222,0.35001,0.33582,0.352585
8155.0,0.23687,0.36145,0.36141,0.34925,0.33514,0.35181250000000003
8156.0,0.23414,0.36037,0.36042,0.3483,0.3343,0.35084750000000003
8157.0,0.24384,0.35915,0.35932,0.34723,0.33332,0.349755
8158.0,0.25541,0.35788,0.35818,0.34609,0.33228,0.34860749999999996
8159.0,0.26188,0.3566,0.35707,0.34495,0.33126,0.34746999999999995
8160.0,0.26281,0.35545,0.35611,0.34393,0.33035,0.34646
8161.0,0.25867,0.35451,0.35538,0.34311,0.32966,0.345665
8162.0,0.25705,0.35395,0.35497,0.34265,0.32927,0.34520999999999996
8163.0,0.25781,0.35385,0.35495,0.34264,0.32921,0.3451625
8164.0,0.24567,0.35426,0.35532,0.34309,0.32948,0.3455375
8165.0,0.22521,0.35509,0.35603,0.34389,0.33005,0.346265
8166.0,0.2273,0.35621,0.35695,0.34493,0.33084,0.3472325
8167.0,0.24394,0.35749,0.35798,0.34607,0.33176,0.348325
8168.0,0.24382,0.35876,0.35898,0.34717,0.33269,0.3494
8169.0,0.23339,0.35986,0.35982,0.3481,0.33354,0.35033
8170.0,0.22771,0.36065,0.36039,0.34875,0.33419,0.350995
8171.0,0.22634,0.36105,0.36062,0.34905,0.33454,0.35131500000000004
8172.0,0.22836,0.36102,0.36044,0.34898,0.33452,0.35124
8173.0,0.22683,0.36055,0.35984,0.34849,0.33408,0.35074
8174.0,0.21768,0.35961,0.35878,0.34751,0.33322,0.34978000000000004
8175.0,0.24262,0.35817,0.35728,0.34605,0.33194,0.34836
8176.0,0.31503,0.35622,0.35539,0.34418,0.3303,0.3465225
8177.0,0.32274,0.35388,0.3532,0.34197,0.32838,0.3443575
8178.0,0.24263,0.35129,0.35085,0.33958,0.3263,0.342005
8179.0,0.19308,0.34868,0.34848,0.33717,0.32418,0.33962749999999997
8180.0,0.1932,0.34627,0.34624,0.33492,0.32213,0.33738999999999997
8181.0,0.20699,0.34419,0.34428,0.33299,0.32029,0.33543749999999994
8182.0,0.22401,0.34251,0.34266,0.33141,0.31873,0.3338275
8183.0,0.22619,0.34127,0.34142,0.3302,0.31752,0.3326025
8184.0,0.22056,0.34049,0.34055,0.32939,0.31667,0.33177500000000004
8185.0,0.2261,0.34014,0.34001,0.32895,0.31614,0.33131
8186.0,0.23964,0.34013,0.33972,0.3288,0.31584,0.3311225
8187.0,0.25534,0.34024,0.33954,0.32878,0.31567,0.3310575
8188.0,0.25455,0.34022,0.33934,0.3287,0.31549,0.3309375
8189.0,0.21976,0.34,0.339,0.32848,0.3152,0.33067
8190.0,0.20392,0.33952,0.33848,0.32803,0.31476,0.3301975
8191.0,0.23866,0.33876,0.33778,0.32732,0.31415,0.3295025
8192.0,0.26943,0.33777,0.33696,0.32644,0.31344,0.3286525
8193.0,0.27287,0.33666,0.33615,0.32551,0.31273,0.3277625
8194.0,0.25038,0.33567,0.33551,0.32471,0.31215,0.32700999999999997
8195.0,0.20964,0.335,0.3352,0.32425,0.31186,0.3265775
8196.0,0.20174,0.33495,0.33538,0.32436,0.31198,0.3266675
8197.0,0.22585,0.33565,0.33614,0.32512,0.31258,0.3273725
8198.0,0.23375,0.33705,0.33749,0.32651,0.31368,0.3286825
8199.0,0.22401,0.33903,0.33933,0.3284,0.31525,0.33050250000000003
8200.0,0.21001,0.34141,0.34153,0.33067,0.31719,0.3327
8201.0,0.19572,0.34406,0.34396,0.33319,0.31939,0.33515
8202.0,0.18741,0.34681,0.34647,0.33579,0.3217,0.33769249999999995
8203.0,0.19484,0.3495,0.34892,0.33829,0.324,0.3401775
8204.0,0.23144,0.35196,0.35117,0.34058,0.32615,0.34246499999999996
8205.0,0.27817,0.35406,0.35313,0.34256,0.32807,0.34445499999999996
8206.0,0.31709,0.35574,0.35476,0.3442,0.32969,0.3460975
8207.0,0.31914,0.35702,0.35606,0.34549,0.33099,0.34739
8208.0,0.26909,0.35796,0.35703,0.34645,0.332,0.34836
8209.0,0.22587,0.35861,0.35771,0.34711,0.33272,0.3490375
8210.0,0.21317,0.35903,0.35815,0.34753,0.3332,0.3494775
8211.0,0.21957,0.35925,0.35839,0.34776,0.33348,0.34972000000000003
8212.0,0.23933,0.3593,0.35845,0.34782,0.3336,0.34979250000000006
8213.0,0.25533,0.35917,0.35837,0.34774,0.33358,0.349715
8214.0,0.26346,0.35891,0.35815,0.34755,0.33344,0.3495125
8215.0,0.26015,0.35862,0.35782,0.3473,0.33317,0.34922749999999997
8216.0,0.24773,0.35825,0.35738,0.34694,0.33279,0.34884
8217.0,0.23485,0.35774,0.35678,0.34642,0.33227,0.3483025
8218.0,0.22594,0.35706,0.35602,0.34571,0.3316,0.3475975
8219.0,0.22914,0.35616,0.35508,0.34482,0.33077,0.3467075
8220.0,0.23842,0.355,0.35394,0.34371,0.32977,0.34560499999999994
8221.0,0.24446,0.35361,0.35263,0.34244,0.32862,0.344325
8222.0,0.24342,0.35205,0.35119,0.34104,0.32732,0.34290000000000004
8223.0,0.23184,0.35036,0.34966,0.33954,0.32591,0.3413675
8224.0,0.23154,0.34861,0.34809,0.33799,0.32444,0.3397825
8225.0,0.25614,0.34686,0.34659,0.33646,0.32301,0.33823000000000003
8226.0,0.28085,0.34523,0.34525,0.33506,0.32171,0.33681249999999996
8227.0,0.29379,0.34385,0.34419,0.33391,0.32066,0.33565249999999996
8228.0,0.28797,0.34288,0.34353,0.33315,0.31997,0.33488249999999997
8229.0,0.26355,0.34246,0.34335,0.3329,0.31974,0.3346125
8230.0,0.23998,0.34273,0.34373,0.33326,0.32,0.33493
8231.0,0.22215,0.34371,0.34466,0.33424,0.32076,0.3358425
8232.0,0.21315,0.3453,0.34611,0.33575,0.322,0.33729
8233.0,0.21416,0.34738,0.34796,0.33768,0.32363,0.33916250000000003
8234.0,0.22779,0.34976,0.35008,0.33988,0.32554,0.341315
8235.0,0.24138,0.35227,0.35232,0.34221,0.32762,0.34360500000000005
8236.0,0.22238,0.35474,0.35458,0.34451,0.32974,0.3458925
8237.0,0.1932,0.35709,0.35673,0.34671,0.3318,0.34808249999999996
8238.0,0.19616,0.35922,0.35873,0.34872,0.33374,0.3501025
8239.0,0.22529,0.3611,0.3605,0.35049,0.33549,0.351895
8240.0,0.27223,0.36272,0.36205,0.35204,0.33703,0.35346
8241.0,0.2981,0.36411,0.36338,0.35336,0.33836,0.35480249999999997
8242.0,0.27185,0.36528,0.3645,0.35447,0.33949,0.355935
8243.0,0.23802,0.36625,0.3654,0.35537,0.34042,0.35686
8244.0,0.22153,0.36706,0.36609,0.35609,0.34116,0.35760000000000003
8245.0,0.21495,0.36766,0.36656,0.35661,0.34169,0.35813
8246.0,0.21492,0.36803,0.3668,0.35691,0.34199,0.35843250000000004
8247.0,0.21721,0.3681,0.36678,0.35694,0.34206,0.35847
8248.0,0.22069,0.36786,0.36648,0.35668,0.34186,0.35822
8249.0,0.22597,0.36731,0.36592,0.35614,0.34142,0.35769750000000006
8250.0,0.23235,0.36645,0.36513,0.35537,0.34076,0.3569275
8251.0,0.23588,0.36537,0.3642,0.35442,0.33995,0.355985
8252.0,0.23497,0.36417,0.36321,0.35336,0.33906,0.35495
8253.0,0.22596,0.36301,0.36227,0.35235,0.3382,0.3539575
8254.0,0.21431,0.36202,0.36149,0.3515,0.33748,0.3531225
8255.0,0.21368,0.36135,0.36098,0.35095,0.33697,0.3525625
8256.0,0.21775,0.36109,0.36079,0.35077,0.33675,0.35235000000000005
8257.0,0.21496,0.36123,0.36096,0.35095,0.33684,0.352495
8258.0,0.21176,0.36174,0.36143,0.35147,0.33722,0.35296500000000003
8259.0,0.21594,0.36261,0.36214,0.3523,0.33784,0.3537225
8260.0,0.22252,0.3637,0.36303,0.3533,0.33863,0.354665
8261.0,0.22742,0.36487,0.36397,0.35435,0.33949,0.35567000000000004
8262.0,0.22963,0.36597,0.36483,0.35532,0.34033,0.3566125
8263.0,0.22875,0.36688,0.36553,0.3561,0.34103,0.357385
8264.0,0.22839,0.3675,0.36596,0.3566,0.34153,0.3578975
8265.0,0.22928,0.36775,0.36608,0.35678,0.34175,0.35808999999999996
8266.0,0.22271,0.36761,0.36584,0.35661,0.34165,0.35792749999999995
8267.0,0.20839,0.36706,0.36524,0.35607,0.34121,0.35739499999999996
8268.0,0.20337,0.36609,0.3643,0.35515,0.34042,0.35649000000000003
8269.0,0.20755,0.36475,0.36304,0.35392,0.33934,0.3552625
8270.0,0.20273,0.36313,0.36155,0.35243,0.33802,0.3537825
8271.0,0.19169,0.36134,0.35992,0.35077,0.33655,0.35214500000000004
8272.0,0.19357,0.35949,0.35825,0.34906,0.33502,0.35045499999999996
8273.0,0.20629,0.35769,0.35665,0.34741,0.33354,0.3488225
8274.0,0.22006,0.35609,0.3552,0.34594,0.33219,0.347355
8275.0,0.22506,0.35476,0.35399,0.34474,0.33104,0.3461325
8276.0,0.20387,0.35377,0.35304,0.34384,0.33012,0.34519249999999996
8277.0,0.1929,0.35313,0.35234,0.34322,0.32943,0.34453
8278.0,0.24141,0.35279,0.35184,0.34284,0.32893,0.34409999999999996
8279.0,0.28124,0.35264,0.3515,0.3426,0.32858,0.34382999999999997
8280.0,0.24921,0.35252,0.35121,0.34242,0.3283,0.3436125
8281.0,0.21295,0.35233,0.35092,0.3422,0.32805,0.343375
8282.0,0.21615,0.35202,0.35057,0.3419,0.32775,0.34306000000000003
8283.0,0.22924,0.35157,0.35013,0.34148,0.32739,0.3426425
8284.0,0.23764,0.35104,0.3496,0.34098,0.32696,0.342145
8285.0,0.23375,0.35047,0.349,0.34042,0.32646,0.3415875
8286.0,0.21766,0.34985,0.34839,0.33982,0.32591,0.3409925
8287.0,0.21566,0.34919,0.34778,0.3392,0.32536,0.34038250000000003
8288.0,0.2299,0.34852,0.3472,0.33861,0.32484,0.3397925
8289.0,0.23129,0.34792,0.3467,0.33809,0.32439,0.339275
8290.0,0.21809,0.34748,0.34631,0.33771,0.32403,0.33888250000000003
8291.0,0.20615,0.34725,0.34604,0.33749,0.32378,0.33864
8292.0,0.20028,0.34721,0.34589,0.33742,0.32364,0.33854
8293.0,0.20988,0.34728,0.34583,0.33744,0.32358,0.3385325
8294.0,0.22735,0.34737,0.34581,0.33747,0.32356,0.33855250000000003
8295.0,0.23266,0.34743,0.34576,0.33747,0.32354,0.33854999999999996
8296.0,0.22628,0.34741,0.34563,0.33741,0.32347,0.33848
8297.0,0.21059,0.34729,0.34539,0.33725,0.32331,0.33831
8298.0,0.19842,0.34699,0.34502,0.33694,0.32301,0.33799
8299.0,0.20618,0.34649,0.34449,0.33646,0.32258,0.33750499999999994
8300.0,0.22244,0.34578,0.34381,0.3358,0.322,0.33684749999999997
8301.0,0.23662,0.34493,0.34303,0.33501,0.32132,0.3360725
8302.0,0.23545,0.344,0.34222,0.33416,0.3206,0.335245
8303.0,0.21133,0.34308,0.34145,0.33334,0.3199,0.33444250000000003
8304.0,0.20046,0.34229,0.34081,0.33265,0.3193,0.3337625
8305.0,0.21865,0.34173,0.34038,0.33218,0.31889,0.333295
8306.0,0.23767,0.34147,0.34021,0.33199,0.3187,0.3330925
8307.0,0.24704,0.34156,0.34031,0.3321,0.31876,0.3331825
8308.0,0.24287,0.342,0.34067,0.33253,0.31906,0.333565
8309.0,0.22769,0.34274,0.34124,0.33321,0.31956,0.3341875
8310.0,0.22613,0.34364,0.34195,0.33402,0.32019,0.33494999999999997
8311.0,0.23868,0.34456,0.34269,0.33484,0.32087,0.33574
8312.0,0.24429,0.34537,0.34336,0.33559,0.32152,0.33646000000000004
8313.0,0.24143,0.34602,0.34389,0.3362,0.32206,0.3370425
8314.0,0.23482,0.34642,0.34422,0.33659,0.32243,0.337415
8315.0,0.22558,0.34654,0.34433,0.33674,0.3226,0.33755250000000003
8316.0,0.21565,0.34642,0.3442,0.33663,0.32255,0.33745
8317.0,0.20677,0.34606,0.34386,0.3363,0.3223,0.33713
8318.0,0.20223,0.34551,0.34334,0.33578,0.32188,0.33662749999999997
8319.0,0.20456,0.3448,0.34269,0.33513,0.32133,0.3359875
8320.0,0.21739,0.34398,0.34197,0.33439,0.32071,0.3352625
8321.0,0.23788,0.34316,0.34121,0.33362,0.32004,0.33450750000000007
8322.0,0.26278,0.34238,0.34047,0.33288,0.31938,0.3337775
8323.0,0.26723,0.34169,0.33977,0.33221,0.31874,0.33310249999999997
8324.0,0.23229,0.34109,0.33913,0.33162,0.31816,0.3325
8325.0,0.19835,0.34057,0.33857,0.33111,0.31764,0.3319725
8326.0,0.18858,0.34012,0.33809,0.33066,0.31719,0.331515
8327.0,0.18906,0.33969,0.33769,0.33024,0.31682,0.33111
8328.0,0.19343,0.33932,0.33737,0.32992,0.31653,0.330785
8329.0,0.19855,0.3391,0.33715,0.32972,0.31633,0.330575
8330.0,0.20349,0.33903,0.33704,0.32965,0.31623,0.3304875
8331.0,0.20932,0.33904,0.33706,0.32968,0.31623,0.33050250000000003
8332.0,0.21618,0.33914,0.33718,0.32981,0.31634,0.3306175
8333.0,0.2232,0.33934,0.33741,0.33004,0.31655,0.330835
8334.0,0.22809,0.33969,0.33773,0.3304,0.31685,0.3311675
8335.0,0.22048,0.34015,0.33815,0.33086,0.31724,0.3316
8336.0,0.20405,0.34068,0.33863,0.33137,0.31768,0.33209
8337.0,0.197,0.34126,0.33914,0.33193,0.31817,0.332625
8338.0,0.19826,0.34186,0.33967,0.33249,0.31868,0.333175
8339.0,0.20039,0.3424,0.34019,0.33303,0.31918,0.3337
8340.0,0.20233,0.3429,0.34066,0.33353,0.31966,0.3341875
8341.0,0.20276,0.34335,0.34108,0.33398,0.32009,0.334625
8342.0,0.20419,0.34373,0.34144,0.33438,0.32046,0.33500250000000004
8343.0,0.21062,0.34406,0.34174,0.3347,0.32077,0.3353175
8344.0,0.22253,0.34431,0.34199,0.33496,0.32104,0.335575
8345.0,0.2404,0.34451,0.3422,0.33517,0.32127,0.33578749999999996
8346.0,0.24511,0.34469,0.34241,0.33537,0.32148,0.3359875
8347.0,0.22035,0.34486,0.34263,0.33558,0.32171,0.33619499999999997
8348.0,0.1997,0.34507,0.34287,0.33582,0.32195,0.3364275
8349.0,0.20448,0.34534,0.34315,0.33611,0.32223,0.3367075
8350.0,0.20988,0.34567,0.34345,0.33646,0.32253,0.3370275
8351.0,0.20418,0.34608,0.34376,0.33684,0.32284,0.33738
8352.0,0.20004,0.34649,0.34406,0.33721,0.32314,0.337725
8353.0,0.20225,0.34683,0.3443,0.33751,0.32339,0.3380075
8354.0,0.20998,0.34704,0.34445,0.33769,0.32356,0.338185
8355.0,0.22141,0.3471,0.34448,0.33774,0.32363,0.33823749999999997
8356.0,0.22329,0.347,0.34438,0.33768,0.32359,0.3381625
8357.0,0.21726,0.34675,0.34416,0.33748,0.32344,0.33795749999999997
8358.0,0.23113,0.34639,0.34385,0.33718,0.32319,0.3376525
8359.0,0.26039,0.34595,0.34348,0.3368,0.32287,0.337275
8360.0,0.26356,0.34551,0.34308,0.3364,0.32253,0.33688
8361.0,0.24268,0.34509,0.34272,0.33602,0.3222,0.3365075
8362.0,0.2223,0.34474,0.34242,0.33572,0.32193,0.3362025
8363.0,0.20665,0.3445,0.34223,0.33553,0.32174,0.33599999999999997
8364.0,0.20147,0.34439,0.34214,0.33545,0.32166,0.33591000000000004
8365.0,0.20511,0.3444,0.34213,0.33547,0.32166,0.335915
8366.0,0.21348,0.34456,0.34217,0.33561,0.32171,0.3360125
8367.0,0.22256,0.34479,0.34221,0.33577,0.32177,0.33613499999999996
8368.0,0.2261,0.34495,0.3422,0.33588,0.32178,0.33620249999999996
8369.0,0.22398,0.34496,0.34205,0.33582,0.32168,0.33612749999999997
8370.0,0.21614,0.34469,0.34173,0.33555,0.32142,0.3358475
8371.0,0.21183,0.34417,0.34118,0.33504,0.32098,0.3353425
8372.0,0.21964,0.34342,0.34041,0.3343,0.32034,0.3346175
8373.0,0.23409,0.34246,0.33943,0.33335,0.3195,0.333685
8374.0,0.25099,0.34132,0.33828,0.33222,0.31849,0.33257749999999997
8375.0,0.25554,0.33998,0.33698,0.33095,0.31734,0.3313125
8376.0,0.24002,0.33853,0.33558,0.32956,0.31608,0.3299375
8377.0,0.21484,0.33704,0.33411,0.3281,0.31475,0.3285
8378.0,0.18605,0.3355,0.33261,0.3266,0.31338,0.3270225
8379.0,0.17732,0.33396,0.33112,0.32512,0.312,0.32555
8380.0,0.19368,0.33247,0.32968,0.32372,0.31068,0.3241375
8381.0,0.20395,0.33106,0.32837,0.32241,0.30944,0.32282
8382.0,0.20139,0.32979,0.32725,0.32125,0.30835,0.32166000000000006
8383.0,0.1973,0.32871,0.32636,0.32028,0.30748,0.32070750000000003
8384.0,0.19503,0.32792,0.32577,0.31962,0.30687,0.320045
8385.0,0.20024,0.32761,0.32552,0.31938,0.30659,0.319775
8386.0,0.21029,0.32776,0.32567,0.31955,0.30665,0.3199075
8387.0,0.20996,0.32831,0.32621,0.32011,0.30708,0.3204275
8388.0,0.20051,0.32922,0.32711,0.32102,0.30784,0.3212975
8389.0,0.19222,0.33042,0.32827,0.32222,0.30888,0.3224475
8390.0,0.1931,0.33191,0.32962,0.32367,0.31012,0.32383
8391.0,0.22235,0.33357,0.33106,0.32524,0.31146,0.3253325
8392.0,0.25987,0.33524,0.33251,0.32681,0.31283,0.32684749999999996
8393.0,0.26076,0.33676,0.33389,0.32826,0.31414,0.3282625
8394.0,0.24098,0.33808,0.33514,0.32953,0.31534,0.32952249999999994
8395.0,0.22991,0.33916,0.33623,0.33062,0.31641,0.330605
8396.0,0.2189,0.34003,0.33717,0.33152,0.31734,0.331515
8397.0,0.19584,0.34074,0.33798,0.33228,0.31815,0.3322875
8398.0,0.17709,0.34138,0.33869,0.33297,0.31887,0.3329775
8399.0,0.17955,0.34203,0.33933,0.33362,0.31952,0.333625
8400.0,0.19977,0.34267,0.33991,0.33425,0.3201,0.3342325
8401.0,0.23468,0.34328,0.34042,0.33482,0.32061,0.33478250000000004
8402.0,0.2589,0.34378,0.34085,0.33529,0.32105,0.3352425
8403.0,0.25682,0.34416,0.34117,0.33564,0.32138,0.3355875
8404.0,0.24072,0.34439,0.34133,0.33587,0.32159,0.335795
8405.0,0.21762,0.34443,0.34134,0.33592,0.32165,0.335835
8406.0,0.20545,0.34428,0.34118,0.33579,0.32156,0.3357025
8407.0,0.21011,0.34396,0.34087,0.33549,0.32132,0.33541000000000004
8408.0,0.21289,0.34348,0.34043,0.33505,0.32096,0.33498000000000006
8409.0,0.20863,0.3429,0.3399,0.33452,0.32051,0.3344575
8410.0,0.20588,0.34227,0.33934,0.33395,0.32002,0.333895
8411.0,0.20693,0.34166,0.33879,0.33339,0.31952,0.33334
8412.0,0.21249,0.34109,0.33827,0.33286,0.31905,0.3328175
8413.0,0.22099,0.3406,0.3378,0.3324,0.31863,0.3323575
8414.0,0.22265,0.34023,0.33738,0.33202,0.31825,0.33197
8415.0,0.21826,0.33994,0.33697,0.33171,0.31789,0.3316275
8416.0,0.21839,0.33969,0.33657,0.3314,0.31753,0.3312975
8417.0,0.22112,0.33934,0.33613,0.33102,0.31715,0.33091
8418.0,0.21471,0.33887,0.33563,0.33056,0.31672,0.330445
8419.0,0.20513,0.3383,0.33508,0.33002,0.31623,0.3299075
8420.0,0.21291,0.33765,0.33447,0.32942,0.3157,0.32931
8421.0,0.23134,0.33698,0.33385,0.32879,0.31515,0.3286925
8422.0,0.24141,0.33635,0.33326,0.32819,0.31461,0.3281025
8423.0,0.2388,0.33581,0.33271,0.32766,0.31411,0.32757250000000004
8424.0,0.21674,0.33538,0.33223,0.32721,0.31367,0.3271225
8425.0,0.18502,0.33503,0.33179,0.32682,0.31327,0.3267275
8426.0,0.15919,0.33471,0.33135,0.32646,0.31289,0.3263525
8427.0,0.15412,0.33433,0.33085,0.32606,0.31245,0.3259225
8428.0,0.18827,0.33381,0.33021,0.32553,0.31191,0.325365
8429.0,0.22838,0.33315,0.32939,0.32482,0.3112,0.32464
8430.0,0.24116,0.33222,0.32836,0.32388,0.3103,0.32369
8431.0,0.24235,0.33098,0.32714,0.32268,0.30922,0.32250500000000004
8432.0,0.24451,0.3295,0.3258,0.32129,0.308,0.32114750000000003
8433.0,0.24951,0.3279,0.32444,0.31983,0.30674,0.3197275
8434.0,0.25843,0.32636,0.32317,0.31844,0.30555,0.31838
8435.0,0.26571,0.32501,0.32211,0.31725,0.30452,0.31722249999999996
8436.0,0.26829,0.32399,0.32135,0.31639,0.30375,0.31637
8437.0,0.26292,0.32347,0.32092,0.31596,0.3033,0.31591250000000004
8438.0,0.24928,0.3235,0.32084,0.31599,0.30317,0.315875
8439.0,0.24547,0.3239,0.32106,0.31634,0.30332,0.316155
8440.0,0.2549,0.32454,0.32151,0.31691,0.3037,0.31666500000000003
8441.0,0.24151,0.32531,0.3221,0.3176,0.30422,0.3173075
8442.0,0.20224,0.32607,0.32272,0.31831,0.30481,0.3179775
8443.0,0.20515,0.32678,0.32331,0.31897,0.30538,0.31861
8444.0,0.25829,0.32734,0.32383,0.31951,0.30589,0.3191425
8445.0,0.30361,0.32776,0.32424,0.31993,0.30633,0.319565
8446.0,0.32712,0.32805,0.32455,0.32023,0.30667,0.319875
8447.0,0.31363,0.32825,0.32477,0.32045,0.30692,0.3200975
8448.0,0.27096,0.32839,0.32492,0.3206,0.3071,0.3202525
8449.0,0.2455,0.32849,0.32501,0.32072,0.30723,0.3203625
8450.0,0.23814,0.32857,0.32506,0.32079,0.30732,0.32043499999999997
8451.0,0.23068,0.32861,0.32508,0.32084,0.30737,0.320475
8452.0,0.22302,0.32863,0.32509,0.32087,0.3074,0.3204975
8453.0,0.22023,0.32867,0.32508,0.32089,0.30742,0.320515
8454.0,0.21836,0.32869,0.32505,0.32089,0.30742,0.3205125
8455.0,0.20632,0.32868,0.32498,0.32087,0.30739,0.32048
8456.0,0.18946,0.32863,0.32488,0.3208,0.30732,0.3204075
8457.0,0.18058,0.3285,0.32469,0.32066,0.30718,0.3202575
8458.0,0.18023,0.32829,0.32441,0.32043,0.30696,0.3200225
8459.0,0.18866,0.32794,0.324,0.32008,0.30662,0.31965999999999994
8460.0,0.19831,0.32743,0.32345,0.31959,0.30616,0.3191575
8461.0,0.19788,0.32674,0.32278,0.31893,0.30557,0.31850500000000004
8462.0,0.19328,0.32591,0.322,0.31815,0.30488,0.317735
8463.0,0.19196,0.32496,0.32118,0.3173,0.30413,0.3168925
8464.0,0.20127,0.324,0.32039,0.31644,0.30339,0.31605500000000003
8465.0,0.22861,0.32311,0.31971,0.31569,0.30275,0.315315
8466.0,0.2509,0.32245,0.31923,0.31514,0.30227,0.3147725
8467.0,0.24898,0.32209,0.31902,0.31487,0.30202,0.3145
8468.0,0.23509,0.3221,0.31911,0.31495,0.30205,0.3145525
8469.0,0.21783,0.32249,0.31951,0.31536,0.30237,0.3149325
8470.0,0.20451,0.32326,0.32018,0.3161,0.30295,0.31562250000000003
8471.0,0.19915,0.32431,0.32105,0.31708,0.30374,0.31654499999999997
8472.0,0.19435,0.32553,0.32205,0.3182,0.30467,0.3176125
8473.0,0.18677,0.32675,0.32309,0.31934,0.30566,0.31871
8474.0,0.18221,0.32789,0.32409,0.32042,0.30663,0.3197575
8475.0,0.18292,0.3289,0.32499,0.32138,0.30752,0.3206975
8476.0,0.18641,0.32972,0.32576,0.32218,0.30829,0.32148750000000004
8477.0,0.19141,0.33035,0.32637,0.3228,0.30892,0.32211
8478.0,0.19298,0.33081,0.32684,0.32327,0.30942,0.322585
8479.0,0.19008,0.33113,0.32719,0.32361,0.3098,0.3229325
8480.0,0.18685,0.33137,0.32744,0.32386,0.31008,0.32318749999999996
8481.0,0.18436,0.33155,0.32759,0.32404,0.31027,0.3233625
8482.0,0.18315,0.33166,0.32764,0.32413,0.31037,0.32345
8483.0,0.18283,0.33171,0.32756,0.32413,0.31035,0.32343750000000004
8484.0,0.18045,0.33164,0.3273,0.32398,0.31016,0.32327
8485.0,0.17692,0.33138,0.32677,0.32359,0.30976,0.322875
8486.0,0.17983,0.33081,0.3259,0.32288,0.30905,0.32216
8487.0,0.18924,0.32978,0.3246,0.32172,0.30795,0.3210125
8488.0,0.20049,0.32817,0.32279,0.32003,0.30639,0.319345
8489.0,0.21057,0.32588,0.32045,0.31775,0.30434,0.317105
8490.0,0.2103,0.32295,0.3176,0.31491,0.3018,0.314315
8491.0,0.2007,0.31949,0.31432,0.31157,0.29884,0.31105499999999997
8492.0,0.18784,0.31562,0.31078,0.30789,0.29559,0.30747
8493.0,0.17452,0.31157,0.30718,0.3041,0.29223,0.30377
8494.0,0.16714,0.30763,0.3038,0.30048,0.289,0.3002275
8495.0,0.16618,0.30414,0.30091,0.29733,0.28617,0.2971375
8496.0,0.17186,0.30143,0.29877,0.29495,0.28398,0.29478249999999995
8497.0,0.1802,0.29972,0.29754,0.29353,0.28261,0.29335
8498.0,0.18311,0.29922,0.29734,0.29324,0.28217,0.2929925
8499.0,0.19079,0.29994,0.29815,0.29404,0.28269,0.293705
8500.0,0.22159,0.30187,0.29985,0.2959,0.28408,0.29542500000000005
