Lambda,OBS,CAL,GD1,GD2,GD3,Syn_mean
3400.0,0.0,1.60709,1.59528,1.57328,1.57847,1.5885300000000002
3401.0,0.0,1.5995,1.58587,1.56304,1.56933,1.579435
3402.0,0.0,1.59205,1.57627,1.55336,1.56054,1.5705550000000001
3403.0,0.0,1.58499,1.56743,1.54454,1.55273,1.5624225000000003
3404.0,0.0,1.57862,1.55983,1.53723,1.54622,1.555475
3405.0,0.0,1.57319,1.55349,1.53143,1.5411,1.5498025000000002
3406.0,0.0,1.56871,1.54844,1.52716,1.53717,1.54537
3407.0,0.0,1.56515,1.54493,1.52422,1.53461,1.5422274999999999
3408.0,0.0,1.56262,1.54232,1.52235,1.53282,1.5400275
3409.0,0.0,1.56107,1.54066,1.52122,1.5319,1.5387125
3410.0,0.0,1.56046,1.53996,1.52073,1.53178,1.5382325
3411.0,0.0,1.56067,1.53967,1.52069,1.53193,1.53824
3412.0,0.0,1.56151,1.54036,1.52142,1.53297,1.539065
3413.0,0.0,1.56307,1.54199,1.52301,1.53471,1.540695
3414.0,0.0,1.56535,1.54467,1.52589,1.5373,1.5433025
3415.0,0.0,1.5683,1.54863,1.53009,1.5409,1.5469799999999998
3416.0,0.0,1.57181,1.55351,1.53547,1.54511,1.551475
3417.0,0.0,1.57563,1.5592,1.54172,1.54995,1.556625
3418.0,0.0,1.57962,1.56507,1.54805,1.55483,1.5618925
3419.0,0.0,1.58352,1.57066,1.55404,1.55942,1.5669100000000002
3420.0,0.0,1.58717,1.57566,1.55897,1.5635,1.5713249999999999
3421.0,0.0,1.59041,1.57965,1.56281,1.56673,1.5749
3422.0,0.0,1.59314,1.5827,1.56542,1.56919,1.5776125
3423.0,0.0,1.59534,1.58505,1.56729,1.57107,1.5796875
3424.0,0.0,1.59708,1.58673,1.56866,1.57243,1.581225
3425.0,0.0,1.59836,1.58822,1.56999,1.57361,1.582545
3426.0,0.0,1.59917,1.58953,1.57134,1.57463,1.5836675
3427.0,0.0,1.5995,1.59035,1.5726,1.57525,1.584425
3428.0,0.0,1.59927,1.59091,1.57348,1.57567,1.5848324999999999
3429.0,0.0,1.59844,1.59072,1.57356,1.57548,1.58455
3430.0,0.0,1.59677,1.58924,1.57256,1.57429,1.583215
3431.0,0.0,1.59402,1.58673,1.57029,1.57231,1.5808375
3432.0,0.0,1.59017,1.58281,1.56664,1.56918,1.5772000000000002
3433.0,0.0,1.58518,1.57716,1.56158,1.56469,1.5721524999999998
3434.0,0.0,1.57913,1.57001,1.55484,1.55895,1.5657325
3435.0,0.0,1.57216,1.5611,1.54636,1.55166,1.55782
3436.0,0.0,1.56438,1.55049,1.53583,1.5429,1.5484
3437.0,0.0,1.55595,1.53855,1.52379,1.53292,1.5378025
3438.0,0.0,1.54723,1.52586,1.51049,1.52221,1.5264475000000002
3439.0,0.0,1.53865,1.51351,1.49751,1.51174,1.5153525
3440.0,0.0,1.53081,1.50231,1.48563,1.50217,1.50523
3441.0,0.0,1.5241,1.49339,1.47663,1.49453,1.4971625000000002
3442.0,0.0,1.51894,1.48746,1.47085,1.48926,1.4916274999999999
3443.0,0.0,1.51545,1.48478,1.4689,1.48669,1.488955
3444.0,0.0,1.51348,1.48501,1.47024,1.48645,1.488795
3445.0,0.0,1.51266,1.48756,1.474,1.48788,1.4905249999999999
3446.0,0.0,1.51253,1.49162,1.47912,1.4905,1.4934425
3447.0,0.0,1.51277,1.49557,1.48405,1.49276,1.4962875000000002
3448.0,0.0,1.51298,1.49903,1.4879,1.49452,1.4986074999999999
3449.0,0.0,1.51281,1.50108,1.48972,1.49503,1.49966
3450.0,0.0,1.51189,1.50093,1.48926,1.49358,1.498915
3451.0,0.0,1.50995,1.49936,1.48689,1.49112,1.49683
3452.0,0.0,1.50726,1.49613,1.48283,1.48735,1.4933925000000001
3453.0,0.0,1.50405,1.4918,1.47809,1.48289,1.4892075
3454.0,0.0,1.50065,1.48708,1.47286,1.47841,1.48475
3455.0,0.0,1.49733,1.48196,1.46778,1.47377,1.48021
3456.0,0.0,1.49426,1.47738,1.46306,1.46982,1.47613
3457.0,0.0,1.49167,1.47343,1.45889,1.46659,1.472645
3458.0,0.0,1.48969,1.47005,1.45584,1.46403,1.4699025000000001
3459.0,0.0,1.48846,1.46841,1.45408,1.46296,1.4684774999999999
3460.0,0.0,1.48814,1.46838,1.45409,1.46342,1.4685075
3461.0,0.0,1.48867,1.46924,1.45594,1.46462,1.4696175
3462.0,0.0,1.48993,1.47195,1.45917,1.46733,1.472095
3463.0,0.0,1.49174,1.47585,1.46374,1.47104,1.4755925000000003
3464.0,0.0,1.4938,1.47941,1.46821,1.47429,1.4789275
3465.0,0.0,1.49546,1.48311,1.47284,1.47758,1.4822475
3466.0,0.0,1.49659,1.48625,1.47592,1.48016,1.4847299999999999
3467.0,0.0,1.49696,1.48775,1.47808,1.48135,1.486035
3468.0,0.0,1.49639,1.4876,1.47801,1.48106,1.4857650000000002
3469.0,0.0,1.4948,1.48582,1.47622,1.47928,1.48403
3470.0,0.0,1.4922,1.48232,1.47233,1.47614,1.4807474999999999
3471.0,0.0,1.48873,1.47685,1.46663,1.47126,1.4758675
3472.0,0.0,1.48449,1.47041,1.4597,1.46554,1.470035
3473.0,0.0,1.4799,1.46378,1.45207,1.45957,1.46383
3474.0,0.0,1.47534,1.45693,1.44481,1.45328,1.4575899999999997
3475.0,0.0,1.47109,1.45105,1.43854,1.44772,1.4520999999999997
3476.0,0.0,1.46748,1.44688,1.43398,1.44339,1.4479325
3477.0,0.0,1.4648,1.44415,1.43137,1.44022,1.445135
3478.0,0.0,1.46317,1.44319,1.43069,1.4386,1.4439125000000002
3479.0,0.0,1.46259,1.4439,1.43164,1.43842,1.4441374999999999
3480.0,0.0,1.463,1.44575,1.43387,1.43938,1.4455
3481.0,0.0,1.46428,1.44863,1.43704,1.44156,1.4478775
3482.0,0.0,1.4662,1.45214,1.44084,1.4446,1.450945
3483.0,0.0,1.46851,1.45581,1.44507,1.44805,1.45436
3484.0,0.0,1.47098,1.45958,1.44937,1.45192,1.4579625
3485.0,0.0,1.47349,1.46308,1.45346,1.45582,1.4614624999999999
3486.0,0.0,1.47587,1.46573,1.45679,1.45913,1.46438
3487.0,0.0,1.47785,1.46746,1.45913,1.4617,1.466535
3488.0,0.0,1.47927,1.46832,1.46015,1.46351,1.4678125000000002
3489.0,0.0,1.48005,1.46812,1.46001,1.46436,1.468135
3490.0,0.0,1.48018,1.46695,1.45898,1.46415,1.467565
3491.0,0.0,1.47978,1.46551,1.45739,1.46351,1.4665475000000001
3492.0,0.0,1.47903,1.464,1.45578,1.4626,1.4653525
3493.0,0.0,1.47811,1.4622,1.45417,1.4611,1.463895
3494.0,0.0,1.47701,1.46084,1.45299,1.45974,1.462645
3495.0,0.0,1.47571,1.46002,1.45199,1.45851,1.4615575
3496.0,0.0,1.47423,1.45912,1.45133,1.45697,1.4604125
3497.0,0.0,1.47258,1.45861,1.4509,1.45557,1.459415
3498.0,0.0,1.47084,1.45842,1.45052,1.45418,1.45849
3499.0,0.0,1.469,1.45796,1.45019,1.4525,1.4574125
3500.0,0.0,1.46689,1.45721,1.4495,1.4506,1.4560499999999998
3501.0,0.0,1.46436,1.45599,1.44832,1.44825,1.45423
3502.0,0.0,1.46142,1.45405,1.44627,1.44543,1.4517925
3503.0,0.0,1.45812,1.45127,1.44337,1.44212,1.44872
3504.0,0.0,1.45449,1.44747,1.43949,1.43811,1.44489
3505.0,0.0,1.4505,1.44285,1.43484,1.43367,1.4404649999999999
3506.0,0.0,1.44623,1.43766,1.42942,1.42897,1.4355699999999998
3507.0,0.0,1.44191,1.43194,1.42361,1.42397,1.4303575
3508.0,0.0,1.43778,1.42612,1.41765,1.41908,1.4251575
3509.0,0.0,1.43401,1.42068,1.41203,1.41461,1.4203324999999998
3510.0,0.0,1.43071,1.41586,1.40714,1.4107,1.4161025
3511.0,0.0,1.42802,1.41227,1.4035,1.40788,1.4129174999999998
3512.0,0.0,1.426,1.4102,1.40154,1.40631,1.4110125
3513.0,0.0,1.42465,1.40944,1.40133,1.40586,1.41032
3514.0,0.0,1.42385,1.41009,1.40289,1.40659,1.4108550000000002
3515.0,0.0,1.42341,1.41164,1.40531,1.40804,1.4121
3516.0,0.0,1.4231,1.41312,1.40797,1.40944,1.4134075
3517.0,0.0,1.42264,1.41389,1.40965,1.41026,1.41411
3518.0,0.0,1.4218,1.41338,1.40956,1.41006,1.4137
3519.0,0.0,1.42044,1.41117,1.40731,1.40842,1.411835
3520.0,0.0,1.41861,1.40731,1.40295,1.40545,1.40858
3521.0,0.0,1.41649,1.40253,1.39732,1.40177,1.4045275
3522.0,0.0,1.4144,1.39757,1.39146,1.39784,1.4003174999999999
3523.0,0.0,1.41272,1.39329,1.38653,1.39449,1.3967574999999999
3524.0,0.0,1.41176,1.39078,1.38376,1.39258,1.3947199999999997
3525.0,0.0,1.41175,1.3903,1.3834,1.39223,1.3944200000000002
3526.0,0.0,1.41282,1.3922,1.38602,1.39382,1.396215
3527.0,0.0,1.41494,1.39633,1.3908,1.3972,1.3998175000000002
3528.0,0.0,1.41803,1.40197,1.3974,1.40169,1.4047725
3529.0,0.0,1.4218,1.40857,1.4047,1.407,1.4105175
3530.0,0.0,1.42595,1.41542,1.41206,1.41244,1.4164675
3531.0,0.0,1.43018,1.42196,1.41869,1.41751,1.422085
3532.0,0.0,1.43425,1.42792,1.42444,1.42212,1.4271824999999998
3533.0,0.0,1.438,1.43295,1.4291,1.42589,1.431485
3534.0,0.0,1.44137,1.43715,1.43293,1.42889,1.435085
3535.0,0.0,1.4443,1.44082,1.43602,1.43151,1.4381625
3536.0,0.0,1.44683,1.44374,1.43856,1.4335,1.4406575
3537.0,0.0,1.44899,1.4461,1.44075,1.43508,1.4427299999999998
3538.0,0.0,1.4508,1.44829,1.44265,1.43666,1.4445999999999999
3539.0,0.0,1.4523,1.45014,1.44431,1.438,1.4461875
3540.0,0.0,1.45356,1.45165,1.44589,1.43916,1.4475650000000002
3541.0,0.0,1.45454,1.45296,1.44724,1.44035,1.4487725
3542.0,0.0,1.45521,1.45398,1.44846,1.4413,1.4497375
3543.0,0.0,1.45554,1.45462,1.4493,1.44198,1.45036
3544.0,0.0,1.45552,1.45491,1.44982,1.44243,1.45067
3545.0,0.0,1.45509,1.45452,1.4497,1.44231,1.450405
3546.0,0.0,1.45419,1.45338,1.44894,1.44156,1.4495175
3547.0,0.0,1.45275,1.45165,1.44734,1.44032,1.4480149999999998
3548.0,0.0,1.45082,1.44917,1.44486,1.43837,1.445805
3549.0,0.0,1.44849,1.44594,1.4417,1.43575,1.4429699999999999
3550.0,0.0,1.44583,1.44214,1.4379,1.43266,1.4396325
3551.0,0.0,1.44292,1.43805,1.43371,1.42928,1.43599
3552.0,0.0,1.43988,1.43389,1.42942,1.42581,1.4322500000000002
3553.0,0.0,1.43683,1.42982,1.4253,1.42241,1.42859
3554.0,0.0,1.43387,1.42615,1.42173,1.41937,1.4252799999999999
3555.0,0.0,1.43102,1.42309,1.41885,1.41685,1.4224525
3556.0,0.0,1.42827,1.42055,1.41672,1.41478,1.42008
3557.0,0.0,1.42555,1.41841,1.41528,1.41309,1.4180825000000001
3558.0,0.0,1.42273,1.41639,1.414,1.41155,1.4161675
3559.0,0.0,1.4196,1.4141,1.41251,1.40978,1.4139974999999998
3560.0,0.0,1.41595,1.41091,1.41003,1.40732,1.4110524999999998
3561.0,0.0,1.41162,1.40651,1.40629,1.40385,1.4070675000000001
3562.0,0.0,1.4065,1.40076,1.40067,1.39924,1.4017925
3563.0,0.0,1.40057,1.39335,1.39339,1.39322,1.3951324999999999
3564.0,0.0,1.39383,1.38423,1.38428,1.38575,1.3870225
3565.0,0.0,1.38635,1.37422,1.37401,1.37747,1.3780124999999999
3566.0,0.0,1.37834,1.36377,1.36298,1.36861,1.368425
3567.0,0.0,1.37012,1.35295,1.35198,1.35919,1.35856
3568.0,0.0,1.36199,1.34279,1.34169,1.35011,1.349145
3569.0,0.0,1.35411,1.33366,1.33232,1.34178,1.3404675
3570.0,0.0,1.34664,1.32543,1.32441,1.33398,1.332615
3571.0,0.0,1.3396,1.31842,1.31779,1.32711,1.3257299999999999
3572.0,0.0,1.33304,1.31291,1.31263,1.32152,1.320025
3573.0,0.0,1.32693,1.30805,1.30829,1.31653,1.3149499999999998
3574.0,0.0,1.32124,1.30332,1.30451,1.31179,1.310215
3575.0,0.0,1.31576,1.29857,1.30039,1.30732,1.30551
3576.0,0.0,1.31035,1.29342,1.29549,1.30262,1.30047
3577.0,0.0,1.30495,1.28737,1.28949,1.29732,1.2947825
3578.0,0.0,1.2996,1.28052,1.28265,1.29154,1.2885775000000002
3579.0,0.0,1.29437,1.27329,1.27507,1.28549,1.282055
3580.0,0.0,1.28945,1.26618,1.26761,1.27959,1.2757075
3581.0,0.0,1.28506,1.25953,1.26063,1.27409,1.2698275
3582.0,0.0,1.28151,1.25403,1.255,1.26947,1.2650025
3583.0,0.0,1.27908,1.25042,1.25118,1.26637,1.2617625000000001
3584.0,0.0,1.27797,1.24872,1.24945,1.26479,1.2602325
3585.0,0.0,1.27832,1.2492,1.25025,1.26497,1.260685
3586.0,0.0,1.28015,1.25223,1.25346,1.26722,1.263265
3587.0,0.0,1.28341,1.25762,1.25912,1.27135,1.267875
3588.0,0.0,1.28798,1.26497,1.26695,1.27703,1.2742325
3589.0,0.0,1.29368,1.27395,1.27638,1.28407,1.28202
3590.0,0.0,1.30023,1.28416,1.28694,1.29211,1.29086
3591.0,0.0,1.30731,1.29484,1.29782,1.30049,1.300115
3592.0,0.0,1.31456,1.30539,1.30855,1.30879,1.3093225000000002
3593.0,0.0,1.32161,1.31553,1.31868,1.31684,1.318165
3594.0,0.0,1.32811,1.32482,1.32786,1.32423,1.326255
3595.0,0.0,1.3338,1.333,1.33605,1.3307,1.3333875000000002
3596.0,0.0,1.33847,1.33963,1.34274,1.33604,1.3392199999999999
3597.0,0.0,1.34193,1.34437,1.34782,1.33997,1.3435225
3598.0,0.0,1.34405,1.34705,1.35061,1.34226,1.3459925
3599.0,0.0,1.34478,1.34748,1.35103,1.3428,1.3465224999999998
3600.0,0.0,1.34413,1.34563,1.34895,1.34152,1.3450575
3601.0,0.0,1.34227,1.34158,1.34452,1.33845,1.341705
3602.0,0.0,1.3394,1.336,1.33849,1.33415,1.33701
3603.0,0.0,1.33581,1.32934,1.33116,1.32896,1.3313175
3604.0,0.0,1.33182,1.3223,1.32372,1.32339,1.3253074999999999
3605.0,0.0,1.32779,1.31564,1.3167,1.31814,1.3195675
3606.0,0.0,1.32405,1.30991,1.3108,1.31356,1.31458
3607.0,0.0,1.32086,1.30545,1.30656,1.30996,1.3107075000000001
3608.0,0.0,1.31838,1.30241,1.30392,1.30752,1.3080575
3609.0,0.0,1.31665,1.30095,1.30301,1.30634,1.3067375
3610.0,0.0,1.31566,1.30088,1.30359,1.30622,1.3065875
3611.0,0.0,1.31534,1.30179,1.30515,1.30679,1.3072675
3612.0,0.0,1.31563,1.30333,1.30732,1.308,1.30857
3613.0,0.0,1.31644,1.30494,1.3094,1.30933,1.3100275000000001
3614.0,1.23121,1.31768,1.30633,1.31098,1.31046,1.3113625
3615.0,1.39215,1.31932,1.30786,1.31204,1.3118,1.3127550000000001
3616.0,0.83126,1.3214,1.30948,1.31301,1.31328,1.3142924999999999
3617.0,1.0184,1.32397,1.31121,1.31428,1.31489,1.3160875
3618.0,0.73721,1.3271,1.31394,1.3167,1.31743,1.3187925
3619.0,0.89878,1.33079,1.31835,1.32083,1.32136,1.3228325
3620.0,1.27344,1.33494,1.32407,1.32677,1.32625,1.3280075
3621.0,0.93325,1.33941,1.33113,1.3347,1.33222,1.334365
3622.0,0.66968,1.34399,1.33922,1.34375,1.33906,1.341505
3623.0,1.28083,1.34831,1.34716,1.35288,1.34561,1.34849
3624.0,0.96234,1.35198,1.35401,1.36096,1.35122,1.3545425
3625.0,1.21777,1.35461,1.35914,1.36674,1.3554,1.3589725000000001
3626.0,0.95084,1.35592,1.36168,1.36939,1.35737,1.36109
3627.0,1.21822,1.3558,1.36124,1.36858,1.35683,1.3606124999999998
3628.0,1.15985,1.3543,1.35793,1.36446,1.35393,1.357655
3629.0,0.84222,1.35165,1.35228,1.35762,1.34901,1.3526399999999998
3630.0,1.05653,1.34816,1.34524,1.34934,1.34296,1.346425
3631.0,0.73335,1.34423,1.33801,1.34085,1.33668,1.3399425
3632.0,1.22624,1.34025,1.33132,1.33353,1.33072,1.333955
3633.0,1.24179,1.3366,1.32633,1.32819,1.32603,1.3292875000000002
3634.0,1.46222,1.33354,1.32347,1.32549,1.32314,1.32641
3635.0,1.54565,1.33115,1.32254,1.32528,1.32174,1.3251775000000001
3636.0,1.0607,1.32933,1.32289,1.32684,1.32138,1.32511
3637.0,1.55301,1.32787,1.32452,1.32961,1.32216,1.32604
3638.0,0.95386,1.32641,1.32625,1.33212,1.32311,1.3269724999999999
3639.0,1.56511,1.32458,1.32689,1.33369,1.32314,1.3270749999999998
3640.0,1.37324,1.32204,1.32592,1.33329,1.32194,1.3257975
3641.0,1.00711,1.31857,1.32312,1.33033,1.31927,1.3228225
3642.0,1.50337,1.31402,1.31793,1.3248,1.31456,1.3178275
3643.0,1.29536,1.30838,1.31051,1.31697,1.30773,1.3108975
3644.0,0.85135,1.30176,1.3018,1.30722,1.29975,1.3026325
3645.0,1.31581,1.29444,1.29221,1.29662,1.29076,1.2935075
3646.0,1.30285,1.28675,1.28181,1.28585,1.28074,1.2837874999999999
3647.0,1.1259,1.27907,1.27223,1.27512,1.27103,1.2743625
3648.0,1.01202,1.27179,1.26419,1.26644,1.26247,1.2662225
3649.0,1.2483,1.26524,1.25741,1.25904,1.25464,1.2590824999999999
3650.0,1.71089,1.25968,1.25186,1.25381,1.24772,1.2532675
3651.0,0.53551,1.25523,1.24935,1.25133,1.24363,1.249885
3652.0,0.71995,1.25193,1.24868,1.25031,1.24112,1.2480099999999998
3653.0,0.98532,1.24968,1.24922,1.25176,1.23972,1.247595
3654.0,0.79527,1.2483,1.25082,1.25418,1.2398,1.248275
3655.0,0.77168,1.24753,1.25333,1.25705,1.24087,1.249695
3656.0,0.94698,1.24715,1.25562,1.25999,1.24194,1.251175
3657.0,0.83712,1.24684,1.25734,1.262,1.2427,1.2522199999999999
3658.0,0.67545,1.24636,1.25827,1.26306,1.24313,1.252705
3659.0,1.46132,1.24554,1.25793,1.26268,1.24255,1.252175
3660.0,1.30544,1.24427,1.25637,1.26094,1.24102,1.2506499999999998
3661.0,1.10518,1.24257,1.25405,1.25816,1.23889,1.2484175
3662.0,1.33762,1.24049,1.25091,1.25459,1.2361,1.2455224999999999
3663.0,1.056,1.23813,1.24715,1.25063,1.23279,1.242175
3664.0,1.04135,1.23565,1.24339,1.24667,1.22957,1.23882
3665.0,1.17378,1.23316,1.23999,1.24304,1.22661,1.2357
3666.0,1.24759,1.23078,1.23698,1.23995,1.22391,1.2329050000000001
3667.0,1.1388,1.2286,1.23467,1.23769,1.2218,1.2306899999999998
3668.0,1.17311,1.22663,1.23302,1.23631,1.22033,1.2290725
3669.0,1.24014,1.22484,1.23173,1.23559,1.21914,1.2278250000000002
3670.0,1.06861,1.22316,1.23092,1.23536,1.21829,1.2269325000000002
3671.0,1.00634,1.22146,1.23058,1.23526,1.21784,1.226285
3672.0,1.01102,1.21962,1.22972,1.23489,1.21699,1.225305
3673.0,1.15469,1.21753,1.22782,1.23366,1.21531,1.22358
3674.0,0.56216,1.21511,1.22527,1.23118,1.2131,1.221165
3675.0,0.74079,1.21235,1.22215,1.22764,1.21035,1.2181225
3676.0,0.95439,1.2093,1.21796,1.22302,1.20669,1.2142425000000001
3677.0,1.0018,1.20604,1.21309,1.21785,1.20254,1.20988
3678.0,1.47067,1.20269,1.20829,1.21281,1.19852,1.2055775000000002
3679.0,1.20151,1.19941,1.20377,1.20799,1.19467,1.20146
3680.0,1.06325,1.19633,1.19959,1.20401,1.19109,1.197755
3681.0,1.30017,1.19357,1.19609,1.20084,1.18815,1.1946625
3682.0,1.05469,1.19124,1.19328,1.19811,1.18576,1.1920975
3683.0,0.63925,1.18944,1.19109,1.19617,1.18384,1.1901350000000002
3684.0,0.75648,1.18819,1.18969,1.1947,1.18255,1.1887825
3685.0,1.09262,1.18751,1.18919,1.19397,1.18194,1.1881525
3686.0,0.71072,1.18739,1.18948,1.19443,1.18199,1.1883225000000002
3687.0,0.84527,1.18777,1.19065,1.19583,1.18273,1.189245
3688.0,1.13947,1.18856,1.19284,1.19839,1.18427,1.191015
3689.0,1.07395,1.18961,1.19572,1.20178,1.18634,1.1933625
3690.0,0.99575,1.19076,1.19869,1.20528,1.18844,1.1957925
3691.0,1.0022,1.19182,1.20154,1.20857,1.19037,1.198075
3692.0,1.41509,1.19261,1.20402,1.21107,1.19197,1.1999175000000002
3693.0,1.163,1.19294,1.2057,1.21264,1.19283,1.2010275
3694.0,1.13798,1.19266,1.20641,1.2134,1.19283,1.201325
3695.0,0.72522,1.1916,1.20642,1.21322,1.19225,1.2008725
3696.0,1.26073,1.18966,1.20548,1.21236,1.19094,1.19961
3697.0,0.96309,1.18677,1.20312,1.21047,1.18848,1.19721
3698.0,0.83355,1.1829,1.19907,1.20689,1.18463,1.1933725
3699.0,1.29112,1.17813,1.19339,1.20141,1.17945,1.1880950000000001
3700.0,0.54694,1.1726,1.18591,1.19343,1.17283,1.1811925
3701.0,0.84009,1.16659,1.17686,1.18333,1.16491,1.1729224999999999
3702.0,1.24237,1.16048,1.1669,1.17204,1.15638,1.1639499999999998
3703.0,1.25512,1.1547,1.15679,1.16057,1.14788,1.154985
3704.0,1.27046,1.14969,1.14763,1.15061,1.14028,1.1470525
3705.0,0.94194,1.14585,1.14095,1.14329,1.13483,1.14123
3706.0,1.28366,1.14348,1.13763,1.13949,1.13231,1.1382275
3707.0,0.97715,1.14269,1.13727,1.13978,1.13234,1.13802
3708.0,0.79224,1.14339,1.13955,1.14361,1.13454,1.1402725
3709.0,0.63496,1.14533,1.14477,1.15015,1.13916,1.1448524999999998
3710.0,1.46073,1.14808,1.15224,1.15877,1.14563,1.15118
3711.0,1.35853,1.15108,1.15993,1.16807,1.15216,1.15781
3712.0,0.80608,1.15377,1.16644,1.1763,1.15775,1.163565
3713.0,1.06374,1.15561,1.17144,1.18245,1.16222,1.1679300000000001
3714.0,0.96006,1.15621,1.17381,1.18512,1.16447,1.1699025
3715.0,0.96943,1.15535,1.17215,1.18324,1.16326,1.1685
3716.0,1.36663,1.15307,1.1667,1.17704,1.15888,1.1639225
3717.0,1.16225,1.14963,1.15873,1.16698,1.1523,1.15691
3718.0,0.90486,1.14548,1.14912,1.15462,1.14419,1.1483525
3719.0,0.81373,1.14116,1.1391,1.1425,1.13574,1.139625
3720.0,1.05966,1.13722,1.13062,1.13254,1.12864,1.132255
3721.0,1.22237,1.13408,1.12518,1.12642,1.12415,1.1274575
3722.0,1.25085,1.13196,1.12312,1.12535,1.12262,1.1257625
3723.0,2.46463,1.13083,1.12441,1.12857,1.124,1.1269524999999998
3724.0,7.22795,1.13038,1.12828,1.13456,1.12767,1.1302225
3725.0,14.97649,1.13016,1.13299,1.14175,1.13213,1.1342575
3726.0,18.50485,1.12962,1.13631,1.14747,1.13536,1.13719
3727.0,20.56588,1.12825,1.13715,1.14966,1.13635,1.1378525
3728.0,23.78442,1.12575,1.13507,1.14748,1.13464,1.135735
3729.0,20.71696,1.12203,1.12934,1.14039,1.1295,1.130315
3730.0,9.86418,1.11733,1.11984,1.12895,1.12101,1.1217825
3731.0,3.27359,1.11213,1.10835,1.11495,1.11088,1.1115775
3732.0,1.16336,1.10706,1.09702,1.10074,1.10092,1.101435
3733.0,1.25145,1.10283,1.08722,1.08866,1.0923,1.0927525
3734.0,1.26023,1.1,1.08062,1.08112,1.08671,1.0871125000000001
3735.0,1.19984,1.09894,1.0789,1.07967,1.08566,1.0857925
3736.0,0.96012,1.09968,1.08211,1.0843,1.08911,1.0888
3737.0,0.6303,1.10192,1.08896,1.0941,1.09589,1.0952175
3738.0,0.86385,1.10507,1.09819,1.107,1.10487,1.1037825
3739.0,1.25833,1.10834,1.10801,1.11987,1.11433,1.1126375
3740.0,0.95639,1.11092,1.11607,1.13015,1.12203,1.1197925
3741.0,1.34627,1.1121,1.12037,1.13572,1.12614,1.1235825
3742.0,1.35613,1.11143,1.12007,1.13502,1.1259,1.1231049999999998
3743.0,0.73423,1.1088,1.11506,1.12823,1.12121,1.118325
3744.0,0.84642,1.10446,1.10587,1.11662,1.11245,1.10985
3745.0,0.82721,1.09895,1.09402,1.10179,1.1009,1.098915
3746.0,0.83323,1.09307,1.0819,1.08636,1.0888,1.0875325
3747.0,0.73369,1.08767,1.07155,1.07306,1.07823,1.0776275
3748.0,1.12004,1.08356,1.06393,1.06392,1.0702,1.0704025000000001
3749.0,1.56835,1.08136,1.06024,1.06054,1.06574,1.06697
3750.0,1.65184,1.08137,1.06196,1.06334,1.06626,1.0682325
3751.0,1.40197,1.08365,1.06893,1.07153,1.07181,1.07398
3752.0,0.74217,1.08792,1.07883,1.08368,1.08046,1.0827225
3753.0,0.94391,1.09371,1.08961,1.09749,1.09035,1.09279
3754.0,1.0519,1.10041,1.10079,1.11073,1.10093,1.103215
3755.0,0.96617,1.10738,1.11174,1.12217,1.11152,1.1132024999999999
3756.0,1.28205,1.11402,1.12084,1.13074,1.12056,1.1215400000000002
3757.0,0.77464,1.11986,1.12697,1.13642,1.12712,1.1275925
3758.0,0.69834,1.12456,1.13087,1.14022,1.13167,1.13183
3759.0,0.89809,1.1279,1.13369,1.14245,1.13495,1.1347475
3760.0,1.45751,1.12976,1.13557,1.14359,1.13703,1.1364875
3761.0,0.65985,1.1301,1.13597,1.14411,1.13748,1.1369150000000001
3762.0,1.30729,1.12899,1.13443,1.14328,1.13579,1.1356225
3763.0,0.72918,1.12655,1.13142,1.14047,1.13225,1.1326725
3764.0,0.71182,1.12304,1.12733,1.13554,1.12731,1.1283050000000001
3765.0,0.96039,1.11884,1.12169,1.1285,1.12057,1.1224
3766.0,1.26243,1.11451,1.11443,1.11971,1.11192,1.1151425
3767.0,0.89267,1.11067,1.10732,1.11038,1.10331,1.10792
3768.0,0.92617,1.10795,1.10215,1.1026,1.09666,1.1023399999999999
3769.0,1.28161,1.10696,1.0991,1.09768,1.0922,1.0989849999999999
3770.0,1.68096,1.10823,1.09865,1.09683,1.0905,1.0985524999999998
3771.0,1.65776,1.11209,1.10286,1.10148,1.09372,1.1025375
3772.0,1.25016,1.1186,1.11233,1.11137,1.1024,1.111175
3773.0,0.97188,1.12758,1.12521,1.12559,1.11465,1.1232575
3774.0,0.90323,1.1386,1.1403,1.14333,1.12931,1.137885
3775.0,1.04941,1.15104,1.15746,1.16289,1.14644,1.1544575
3776.0,0.98868,1.16412,1.1757,1.18263,1.16478,1.1718075
3777.0,0.91841,1.17702,1.19299,1.20132,1.18203,1.18834
3778.0,1.0561,1.18898,1.20813,1.21777,1.19717,1.2030124999999998
3779.0,1.1838,1.19929,1.22084,1.23115,1.21011,1.2153475
3780.0,1.2825,1.20737,1.23044,1.24089,1.22012,1.2247050000000002
3781.0,1.01558,1.21279,1.23596,1.24655,1.22619,1.2303725
3782.0,1.06736,1.2153,1.23739,1.24797,1.22838,1.2322600000000001
3783.0,1.28736,1.21483,1.23532,1.24523,1.22733,1.2306775
3784.0,1.2221,1.21142,1.22982,1.2387,1.22304,1.2257449999999999
3785.0,1.09085,1.20521,1.22068,1.22878,1.21525,1.21748
3786.0,1.00397,1.19641,1.20853,1.21615,1.20454,1.2064074999999999
3787.0,0.68264,1.18534,1.19451,1.20154,1.19193,1.19333
3788.0,1.5039,1.17232,1.17894,1.1853,1.17757,1.1785325
3789.0,1.38023,1.15774,1.16162,1.1677,1.16118,1.16206
3790.0,1.2085,1.14204,1.14291,1.14884,1.14312,1.1442275
3791.0,0.96136,1.12579,1.12352,1.12867,1.12417,1.1255375
3792.0,0.83214,1.10963,1.10367,1.10757,1.10455,1.106355
3793.0,0.78393,1.09429,1.0838,1.08609,1.0846,1.087195
3794.0,1.08995,1.08067,1.06547,1.06539,1.06591,1.0693599999999999
3795.0,1.38471,1.06969,1.05049,1.04762,1.05045,1.0545624999999998
3796.0,1.2322,1.06211,1.0398,1.03473,1.03924,1.0439699999999998
3797.0,1.30494,1.05842,1.03405,1.0283,1.03296,1.0384324999999999
3798.0,1.49711,1.05887,1.03487,1.02991,1.03324,1.0392225
3799.0,1.25637,1.06343,1.04323,1.03973,1.04101,1.04685
3800.0,0.92457,1.0717,1.05773,1.05635,1.05484,1.060155
3801.0,0.84995,1.08299,1.07591,1.07792,1.07241,1.0773074999999999
3802.0,1.00638,1.09636,1.09613,1.10207,1.0923,1.096715
3803.0,0.95907,1.1108,1.1174,1.12602,1.11345,1.1169175
3804.0,1.21591,1.12531,1.13787,1.14777,1.13381,1.13619
3805.0,1.05794,1.13896,1.15544,1.16608,1.15138,1.152965
3806.0,0.93063,1.15094,1.16903,1.18014,1.16529,1.16635
3807.0,1.44481,1.16065,1.17882,1.18992,1.17574,1.1762825000000001
3808.0,1.21317,1.16774,1.18517,1.19572,1.18289,1.18288
3809.0,1.14467,1.17206,1.18783,1.19755,1.18644,1.18597
3810.0,0.67793,1.17367,1.18668,1.1959,1.1864,1.1856624999999998
3811.0,1.05696,1.1728,1.1824,1.19127,1.18343,1.1824750000000002
3812.0,1.17228,1.16975,1.17583,1.18379,1.17828,1.1769125
3813.0,0.99928,1.16493,1.16728,1.17423,1.17123,1.1694175
3814.0,1.03876,1.15877,1.15702,1.16351,1.16245,1.1604375
3815.0,1.06831,1.15159,1.14584,1.15194,1.15265,1.1505049999999999
3816.0,1.04467,1.14375,1.13511,1.14038,1.14305,1.1405725
3817.0,1.13873,1.13569,1.12537,1.12975,1.13431,1.13128
3818.0,1.15309,1.12777,1.11591,1.12008,1.12593,1.1224225
3819.0,1.14105,1.12005,1.10638,1.11153,1.11765,1.1139025
3820.0,1.21651,1.11242,1.0979,1.10439,1.11044,1.1062875
3821.0,0.94115,1.10473,1.09124,1.09821,1.10491,1.0997725
3822.0,0.94902,1.09682,1.08525,1.09236,1.09982,1.0935625
3823.0,1.15836,1.08849,1.07818,1.08628,1.09363,1.0866449999999999
3824.0,0.85188,1.07944,1.06949,1.07927,1.08603,1.0785575
3825.0,0.96405,1.0694,1.0599,1.07071,1.07742,1.0693575
3826.0,1.13112,1.05818,1.04924,1.06005,1.0673,1.0586924999999998
3827.0,0.81006,1.04576,1.0364,1.04676,1.05457,1.0458725
3828.0,0.88668,1.03225,1.02091,1.03073,1.03897,1.030715
3829.0,0.86441,1.018,1.00339,1.01231,1.02123,1.0137325000000001
3830.0,0.80715,1.00357,0.98501,0.99203,1.00234,0.9957375000000002
3831.0,0.79128,0.98976,0.96673,0.97089,0.98327,0.9776625000000001
3832.0,0.87146,0.9775,0.94959,0.95088,0.96532,0.9608225000000001
3833.0,1.27757,0.96779,0.93505,0.93413,0.9501,0.9467675
3834.0,1.76272,0.96145,0.92487,0.92224,0.93931,0.9369675
3835.0,1.88209,0.95906,0.92058,0.91715,0.93448,0.9328175000000001
3836.0,1.91331,0.96095,0.92316,0.92006,0.93666,0.9352075
3837.0,1.43124,0.96715,0.93247,0.93055,0.94569,0.9439649999999999
3838.0,0.74897,0.97737,0.94746,0.94793,0.96051,0.9583174999999999
3839.0,0.68518,0.99104,0.96711,0.97093,0.97999,0.9772675
3840.0,0.96386,1.00729,0.99014,0.99716,1.00276,0.9993375
3841.0,0.86731,1.02512,1.01506,1.02455,1.02716,1.0229725
3842.0,1.00653,1.04349,1.04018,1.05138,1.05148,1.0466325
3843.0,1.0649,1.06148,1.06347,1.07576,1.07395,1.068665
3844.0,0.95691,1.0783,1.08369,1.0967,1.09344,1.0880325000000002
3845.0,0.91987,1.09333,1.10052,1.1137,1.1096,1.1042874999999999
3846.0,0.9963,1.10612,1.11411,1.12644,1.12258,1.1173125
3847.0,1.21936,1.11646,1.12449,1.13545,1.13244,1.1272099999999998
3848.0,1.13259,1.12438,1.13124,1.14119,1.13896,1.1339424999999999
3849.0,0.99563,1.13004,1.13462,1.14389,1.14245,1.13775
3850.0,1.2393,1.13359,1.13557,1.14443,1.14374,1.1393325
3851.0,1.19591,1.13527,1.13506,1.14332,1.14365,1.139325
3852.0,1.18153,1.13542,1.13316,1.14037,1.14222,1.1377925
3853.0,1.07651,1.13442,1.12955,1.13611,1.13927,1.1348375
3854.0,1.06321,1.13266,1.12469,1.13126,1.13528,1.1309725
3855.0,1.09996,1.13049,1.11963,1.12578,1.13109,1.1267475
3856.0,1.05882,1.12821,1.11531,1.12035,1.12741,1.1228200000000002
3857.0,1.29748,1.1261,1.11193,1.11612,1.12446,1.1196525
3858.0,1.0555,1.12446,1.10929,1.1133,1.12217,1.117305
3859.0,0.88838,1.12342,1.10762,1.11209,1.12075,1.1159700000000001
3860.0,1.19274,1.12292,1.10761,1.11294,1.12071,1.116045
3861.0,1.32822,1.12279,1.1094,1.11536,1.12213,1.11742
3862.0,1.19925,1.12285,1.11202,1.1184,1.12413,1.11935
3863.0,1.18607,1.12295,1.11434,1.12145,1.12584,1.121145
3864.0,1.0788,1.1229,1.11579,1.12378,1.12692,1.1223475
3865.0,1.21882,1.12251,1.11629,1.12471,1.12723,1.122685
3866.0,1.88099,1.12164,1.11581,1.12399,1.12657,1.1220025
3867.0,4.2402,1.12022,1.1141,1.12163,1.12473,1.1201699999999999
3868.0,7.33997,1.11818,1.11129,1.11799,1.122,1.117365
3869.0,6.76422,1.11558,1.10773,1.11366,1.11876,1.1139325
3870.0,3.85825,1.11253,1.10356,1.10905,1.11507,1.1100525
3871.0,1.77975,1.10918,1.09907,1.10454,1.11107,1.105965
3872.0,1.07073,1.10554,1.09469,1.10059,1.1071,1.10198
3873.0,1.00409,1.10146,1.09089,1.09716,1.10354,1.0982625
3874.0,1.15838,1.09678,1.08761,1.09377,1.10031,1.0946175
3875.0,1.17749,1.09135,1.08384,1.09022,1.09655,1.09049
3876.0,0.98688,1.08506,1.07884,1.0862,1.09155,1.0854125
3877.0,0.9441,1.07785,1.07255,1.08087,1.08521,1.07912
3878.0,1.20076,1.06949,1.06522,1.07375,1.07766,1.07153
3879.0,1.22053,1.05976,1.05677,1.06498,1.06869,1.06255
3880.0,1.04393,1.04872,1.0461,1.05395,1.05732,1.0515225000000001
3881.0,1.04007,1.03663,1.03264,1.0399,1.04311,1.0380699999999998
3882.0,1.10572,1.02378,1.01707,1.02349,1.02673,1.0227674999999998
3883.0,0.97109,1.01052,1.00052,1.00552,1.00913,1.0064225
3884.0,0.8441,0.99754,0.98401,0.98614,0.99123,0.98973
3885.0,1.01473,0.98575,0.96824,0.96689,0.97401,0.9737225
3886.0,1.148,0.97597,0.95451,0.95069,0.95901,0.960045
3887.0,1.91326,0.96912,0.94462,0.93929,0.94798,0.9502524999999999
3888.0,3.83092,0.96599,0.93978,0.93355,0.94211,0.9453575
3889.0,4.07423,0.96684,0.94102,0.93527,0.94252,0.9464125
3890.0,2.46896,0.97148,0.94878,0.94488,0.94971,0.9537125
3891.0,1.52168,0.9795,0.96203,0.96025,0.96277,0.9661375000000001
3892.0,0.85877,0.99034,0.97889,0.97982,0.9798,0.9822125
3893.0,1.17042,1.00329,0.99751,1.0022,0.9989,1.000475
3894.0,1.17754,1.01759,1.01669,1.0245,1.01887,1.0194124999999998
3895.0,0.9365,1.03241,1.03556,1.04483,1.03863,1.0378574999999999
3896.0,0.86457,1.04688,1.05309,1.06285,1.05696,1.054945
3897.0,1.04153,1.06044,1.06805,1.07779,1.0726,1.0697200000000002
3898.0,1.08067,1.07279,1.0798,1.08906,1.08506,1.0816775
3899.0,0.92728,1.08372,1.08886,1.09764,1.09489,1.0912775
3900.0,1.02724,1.09314,1.09603,1.10438,1.1027,1.0990625
3901.0,1.0392,1.10112,1.10192,1.10907,1.10897,1.10527
3902.0,0.98358,1.10791,1.1067,1.11245,1.11393,1.1102475
3903.0,1.03217,1.11372,1.11067,1.11592,1.118,1.1145775
3904.0,1.00499,1.11879,1.11449,1.11963,1.12179,1.1186749999999999
3905.0,1.0987,1.12341,1.1184,1.12334,1.12552,1.1226675
3906.0,0.87788,1.12764,1.12285,1.1278,1.12955,1.12696
3907.0,1.04039,1.13141,1.1279,1.13326,1.13398,1.1316375
3908.0,1.27768,1.13459,1.13293,1.13865,1.1383,1.1361175000000001
3909.0,1.18795,1.1371,1.13732,1.14344,1.14205,1.1399775
3910.0,1.15456,1.13878,1.14064,1.14759,1.14483,1.14296
3911.0,0.97973,1.1394,1.14269,1.15031,1.14652,1.14473
3912.0,1.08758,1.13881,1.14318,1.15074,1.14687,1.1449
3913.0,1.12653,1.1369,1.14153,1.14883,1.14532,1.143145
3914.0,1.04121,1.13361,1.13758,1.14474,1.14174,1.1394175
3915.0,1.17649,1.12891,1.13154,1.13835,1.13632,1.13378
3916.0,1.07622,1.12288,1.12367,1.12978,1.12932,1.1264125
3917.0,0.97937,1.11559,1.11436,1.11976,1.12106,1.1176925
3918.0,0.77117,1.1072,1.10382,1.10874,1.11169,1.1078625
3919.0,0.91691,1.09793,1.09227,1.09686,1.1015,1.09714
3920.0,1.11836,1.08795,1.08007,1.08479,1.09086,1.0859175
3921.0,0.79533,1.07738,1.06754,1.07273,1.08004,1.0744224999999998
3922.0,1.09373,1.06631,1.05472,1.06042,1.06913,1.0626449999999998
3923.0,1.10977,1.05479,1.04139,1.04773,1.05794,1.0504625
3924.0,1.10796,1.04287,1.02733,1.03444,1.04635,1.0377475
3925.0,1.02141,1.03067,1.01226,1.0201,1.03414,1.0242925
3926.0,0.77471,1.01836,0.99617,1.00448,1.02128,1.0100725
3927.0,0.9203,1.00623,0.97937,0.98779,1.00794,0.9953325
3928.0,1.00502,0.99459,0.96237,0.97047,0.99445,0.9804700000000001
3929.0,1.03377,0.98385,0.94602,0.95331,0.98148,0.9661649999999999
3930.0,1.11955,0.97445,0.93122,0.93749,0.96974,0.953225
3931.0,0.96885,0.96684,0.91887,0.92433,0.95997,0.9425025
3932.0,0.77603,0.96147,0.90994,0.91507,0.95295,0.9348575
3933.0,0.66754,0.95872,0.90524,0.91052,0.94933,0.9309525000000001
3934.0,0.59458,0.95878,0.90535,0.91119,0.94962,0.9312349999999999
3935.0,0.86408,0.96158,0.91031,0.9172,0.95389,0.9357449999999999
3936.0,1.00544,0.96689,0.91957,0.92775,0.96163,0.94396
3937.0,0.87266,0.97436,0.93211,0.94165,0.972,0.95503
3938.0,0.74381,0.98354,0.94692,0.95791,0.98415,0.96813
3939.0,1.0346,0.99392,0.96318,0.97513,0.9974,0.9824075
3940.0,1.18082,1.00499,0.97993,0.99192,1.01103,0.9969675
3941.0,1.14647,1.0163,0.99612,1.00788,1.02419,1.0111225
3942.0,1.49297,1.0275,1.01125,1.02278,1.03635,1.02447
3943.0,0.93872,1.03836,1.02518,1.03603,1.04743,1.03675
3944.0,1.06294,1.04868,1.03807,1.0478,1.05767,1.0480550000000002
3945.0,1.08755,1.05814,1.05011,1.05892,1.06727,1.05861
3946.0,1.13482,1.0665,1.0609,1.06918,1.07585,1.0681075
3947.0,1.09976,1.07371,1.0701,1.07793,1.08306,1.0762
3948.0,1.10978,1.07977,1.07791,1.08552,1.08915,1.0830875
3949.0,1.05661,1.08447,1.08453,1.09227,1.09434,1.0889025
3950.0,1.07476,1.08753,1.08972,1.09748,1.09839,1.09328
3951.0,1.07153,1.08882,1.09295,1.10034,1.10065,1.09569
3952.0,1.0858,1.08828,1.09383,1.10107,1.10081,1.0959975
3953.0,1.12513,1.08569,1.09247,1.10002,1.0991,1.09432
3954.0,0.91042,1.08072,1.08861,1.09647,1.09535,1.0902875
3955.0,1.016,1.07321,1.08158,1.08965,1.08881,1.0833125
3956.0,0.783,1.06315,1.07116,1.0795,1.07912,1.0732325
3957.0,0.92025,1.05044,1.0575,1.06605,1.0665,1.0601224999999999
3958.0,0.94542,1.03494,1.0405,1.04902,1.05096,1.043855
3959.0,1.16608,1.01666,1.01984,1.02797,1.03208,1.0241375000000001
3960.0,0.88354,0.996,0.99518,1.00273,1.00939,1.0008249999999999
3961.0,0.8522,0.97362,0.96688,0.97399,0.98328,0.9744425000000001
3962.0,0.91729,0.95016,0.9363,0.94269,0.95493,0.9460200000000001
3963.0,0.94378,0.92626,0.90475,0.90924,0.92534,0.9163975
3964.0,1.08092,0.90287,0.87323,0.87468,0.89535,0.8865325000000001
3965.0,1.18239,0.8811,0.84324,0.84147,0.86645,0.858065
3966.0,2.06827,0.86208,0.81655,0.81212,0.84052,0.8328175000000001
3967.0,2.83293,0.84697,0.79509,0.78858,0.81947,0.8125275
3968.0,3.15707,0.8369,0.78084,0.77285,0.80503,0.798905
3969.0,3.38557,0.83281,0.77535,0.76692,0.79869,0.7934425
3970.0,3.47725,0.83504,0.77948,0.772,0.80154,0.797015
3971.0,2.41938,0.8433,0.79318,0.78771,0.81367,0.8094650000000001
3972.0,1.03069,0.85694,0.81511,0.81236,0.8338,0.8295525
3973.0,0.63187,0.87511,0.84322,0.844,0.85991,0.8555599999999999
3974.0,0.98807,0.89678,0.87544,0.88031,0.89008,0.8856525
3975.0,1.00187,0.92073,0.9097,0.91819,0.92233,0.9177375
3976.0,0.99715,0.94584,0.94398,0.95488,0.95466,0.94984
3977.0,1.09471,0.97102,0.97671,0.98871,0.9854,0.9804600000000001
3978.0,0.89354,0.99528,1.00658,1.01858,1.01329,1.0084325
3979.0,0.94854,1.01784,1.03263,1.04388,1.03754,1.0329724999999998
3980.0,0.94017,1.03819,1.05455,1.06465,1.05788,1.0538175
3981.0,1.02569,1.05612,1.07251,1.08127,1.07446,1.07109
3982.0,0.75884,1.0717,1.08705,1.09441,1.08788,1.0852600000000001
3983.0,0.91333,1.08503,1.09894,1.10509,1.09882,1.09697
3984.0,0.9598,1.09623,1.10884,1.11393,1.10781,1.1067025
3985.0,0.80162,1.1055,1.11706,1.12106,1.11521,1.1147075
3986.0,0.88633,1.11313,1.1238,1.12703,1.12126,1.121305
3987.0,0.88646,1.11935,1.12936,1.1325,1.12625,1.126865
3988.0,1.01845,1.12428,1.13395,1.13713,1.13037,1.1314325
3989.0,1.04156,1.12815,1.13747,1.14046,1.13352,1.1349
3990.0,1.03711,1.13122,1.14007,1.14283,1.13583,1.1374874999999998
3991.0,1.08888,1.13356,1.14199,1.14464,1.13746,1.1394125
3992.0,1.08341,1.1352,1.1432,1.14543,1.13845,1.1405699999999999
3993.0,1.13437,1.13621,1.14375,1.14515,1.13887,1.140995
3994.0,1.1875,1.13678,1.14371,1.14458,1.13877,1.14096
3995.0,0.97703,1.13703,1.14335,1.14425,1.13838,1.1407525
3996.0,0.91261,1.13707,1.143,1.14385,1.13804,1.14049
3997.0,1.2501,1.13704,1.14276,1.1434,1.13782,1.1402549999999998
3998.0,1.07118,1.13703,1.14266,1.14361,1.13767,1.1402425
3999.0,0.85505,1.13693,1.14277,1.14426,1.13758,1.140385
4000.0,0.9606,1.13666,1.1428,1.14423,1.13739,1.1402700000000001
4001.0,0.93064,1.13633,1.14252,1.14353,1.13697,1.1398375
4002.0,0.86645,1.13593,1.14199,1.14295,1.13633,1.1393
4003.0,0.8086,1.13537,1.1412,1.14203,1.1354,1.1385
4004.0,1.0094,1.13488,1.14007,1.14028,1.13418,1.1373525
4005.0,1.03986,1.13485,1.13914,1.13885,1.13316,1.1365
4006.0,1.0597,1.1353,1.13922,1.13883,1.13298,1.1365825
4007.0,1.0868,1.13603,1.14034,1.13973,1.13372,1.137455
4008.0,0.98467,1.13698,1.14215,1.14114,1.13509,1.13884
4009.0,1.08963,1.13818,1.14443,1.14362,1.1369,1.1407825
4010.0,0.9402,1.13954,1.14701,1.14714,1.13906,1.1431875
4011.0,1.11733,1.14089,1.1498,1.15078,1.14148,1.1457375
4012.0,1.08587,1.14208,1.15261,1.15385,1.14396,1.148125
4013.0,1.08705,1.14297,1.15513,1.15635,1.14613,1.150145
4014.0,0.86082,1.14339,1.15691,1.15837,1.14754,1.1515525
4015.0,1.21903,1.14315,1.15771,1.15939,1.14799,1.15206
4016.0,1.23007,1.14209,1.15732,1.15887,1.1473,1.151395
4017.0,0.92744,1.1403,1.15557,1.15698,1.1453,1.1495374999999999
4018.0,1.05793,1.13781,1.15269,1.15411,1.14206,1.1466675
4019.0,1.20901,1.13451,1.14885,1.14991,1.13769,1.14274
4020.0,0.83204,1.13049,1.14406,1.14403,1.13227,1.1377125000000001
4021.0,1.03776,1.126,1.13852,1.13725,1.12617,1.131985
4022.0,0.9979,1.12123,1.13258,1.13045,1.11976,1.126005
4023.0,1.14548,1.11636,1.12639,1.12373,1.11321,1.1199225
4024.0,1.1206,1.11179,1.12029,1.11727,1.10693,1.11407
4025.0,0.99679,1.10803,1.11504,1.11181,1.10166,1.109135
4026.0,1.06062,1.10534,1.11115,1.1079,1.09807,1.105615
4027.0,1.04424,1.10358,1.10871,1.10546,1.09627,1.1035050000000002
4028.0,1.07352,1.10248,1.1074,1.10408,1.09588,1.10246
4029.0,1.23182,1.10202,1.1068,1.10351,1.09633,1.102165
4030.0,1.27358,1.10245,1.10687,1.1041,1.09753,1.1027375
4031.0,1.07282,1.10383,1.10808,1.10617,1.09987,1.1044875
4032.0,0.93871,1.10593,1.11075,1.10945,1.10351,1.10741
4033.0,1.17337,1.10859,1.11456,1.11365,1.10802,1.111205
4034.0,1.0456,1.11165,1.11924,1.1189,1.113,1.1156975
4035.0,0.99341,1.11482,1.12437,1.12493,1.11808,1.12055
4036.0,1.16586,1.11772,1.12924,1.13073,1.12279,1.1251200000000001
4037.0,1.08872,1.12,1.13305,1.13543,1.12654,1.128755
4038.0,0.94116,1.12146,1.13522,1.13839,1.12874,1.1309524999999998
4039.0,0.7721,1.12205,1.13555,1.1389,1.12911,1.1314025
4040.0,1.09171,1.12191,1.13416,1.13673,1.12792,1.1301800000000002
4041.0,1.32504,1.1212,1.13145,1.13263,1.12564,1.12773
4042.0,1.07574,1.11984,1.12786,1.12754,1.12257,1.1244524999999999
4043.0,1.11682,1.11794,1.12364,1.12192,1.11888,1.120595
4044.0,1.12749,1.11593,1.11929,1.11656,1.11505,1.1167075
4045.0,0.87804,1.11446,1.11582,1.113,1.11202,1.113825
4046.0,0.92504,1.11376,1.11431,1.11217,1.11071,1.1127375
4047.0,1.32062,1.11348,1.11487,1.1133,1.11121,1.1132149999999998
4048.0,1.14077,1.11331,1.1166,1.11538,1.11268,1.1144925
4049.0,1.06082,1.11327,1.11866,1.11825,1.11435,1.1161325
4050.0,0.9378,1.11317,1.12055,1.12145,1.11581,1.117745
4051.0,1.07893,1.11282,1.12179,1.12374,1.11673,1.11877
4052.0,1.0851,1.11215,1.12213,1.12426,1.11696,1.118875
4053.0,1.277,1.1111,1.12155,1.12316,1.11642,1.1180575
4054.0,1.08594,1.10958,1.11993,1.1209,1.11488,1.1163225
4055.0,1.14869,1.10759,1.1172,1.1178,1.11235,1.113735
4056.0,1.18734,1.10511,1.11361,1.11399,1.1091,1.1104525
4057.0,0.91571,1.10227,1.10949,1.10957,1.10536,1.1066725
4058.0,1.1004,1.09928,1.1052,1.10486,1.10151,1.1027125
4059.0,1.12982,1.09608,1.10098,1.10038,1.09777,1.0988025
4060.0,0.99783,1.09255,1.09674,1.09612,1.09392,1.0948324999999999
4061.0,1.16945,1.08869,1.09235,1.09155,1.08981,1.0906
4062.0,1.1247,1.08478,1.08776,1.08657,1.08549,1.08615
4063.0,0.99738,1.08131,1.08335,1.08212,1.08128,1.0820150000000002
4064.0,0.96904,1.07845,1.07981,1.07893,1.07774,1.0787325
4065.0,0.97505,1.07579,1.07734,1.07629,1.07503,1.0761125
4066.0,1.04582,1.07324,1.07539,1.07345,1.07272,1.0737
4067.0,1.05465,1.07114,1.07366,1.07128,1.07062,1.071675
4068.0,1.16529,1.06959,1.07238,1.07064,1.06895,1.0703900000000002
4069.0,1.15678,1.06833,1.07148,1.07053,1.06774,1.0695199999999998
4070.0,1.01355,1.06735,1.07067,1.06979,1.06685,1.0686650000000002
4071.0,1.13169,1.06694,1.07014,1.06901,1.0664,1.0681225
4072.0,1.09849,1.06723,1.0703,1.06912,1.06661,1.068315
4073.0,1.15636,1.06786,1.07106,1.06973,1.06739,1.06901
4074.0,1.28784,1.06858,1.0719,1.07007,1.06836,1.0697275000000002
4075.0,1.15995,1.06951,1.07272,1.07058,1.06935,1.0705399999999998
4076.0,1.09739,1.07089,1.07391,1.07215,1.07059,1.071885
4077.0,1.00041,1.07288,1.07594,1.07492,1.07253,1.0740675
4078.0,1.23188,1.07542,1.07911,1.07845,1.07544,1.077105
4079.0,1.18287,1.07828,1.08332,1.08252,1.07915,1.0808175
4080.0,1.07114,1.0811,1.08806,1.08713,1.08312,1.0848525
4081.0,1.11039,1.0836,1.09269,1.09199,1.08676,1.08876
4082.0,1.17228,1.08568,1.09677,1.09657,1.0898,1.092205
4083.0,1.04349,1.08731,1.10025,1.10047,1.09228,1.0950775
4084.0,0.81405,1.08838,1.1032,1.10365,1.09427,1.097375
4085.0,0.77005,1.08868,1.10563,1.10613,1.09569,1.0990325
4086.0,0.90796,1.08794,1.10725,1.10763,1.09627,1.0997725
4087.0,1.13757,1.08578,1.10747,1.10767,1.09556,1.0991199999999999
4088.0,1.04159,1.08198,1.10571,1.10608,1.09298,1.0966875
4089.0,0.95014,1.07644,1.10171,1.10276,1.08838,1.0923224999999999
4090.0,1.19066,1.06892,1.09533,1.09694,1.08164,1.0857075
4091.0,1.2248,1.05932,1.08617,1.08777,1.07235,1.0764025
4092.0,0.90748,1.04789,1.0739,1.07514,1.06015,1.06427
4093.0,0.98139,1.03478,1.05861,1.0594,1.04495,1.0494350000000001
4094.0,0.8378,1.02008,1.0405,1.04031,1.02679,1.03192
4095.0,0.96516,1.00444,1.02002,1.01785,1.00622,1.0121324999999999
4096.0,0.89111,0.98869,0.99831,0.99336,0.98453,0.9912225
4097.0,1.21849,0.97363,0.97689,0.96909,0.96314,0.9706875
4098.0,1.05372,0.95981,0.95716,0.94685,0.94336,0.951795
4099.0,1.55204,0.94776,0.94028,0.92774,0.92642,0.9355500000000001
4100.0,3.58252,0.9384,0.92741,0.91334,0.91354,0.9231725
4101.0,5.44758,0.93294,0.91996,0.90592,0.90616,0.916245
4102.0,5.26414,0.93202,0.91915,0.90669,0.90557,0.9158575
4103.0,3.01688,0.93513,0.92504,0.91472,0.91182,0.9216775
4104.0,1.47112,0.94144,0.93628,0.92814,0.92353,0.9323475
4105.0,0.97948,0.95032,0.95122,0.94559,0.93898,0.9465275
4106.0,0.81063,0.96114,0.96831,0.96569,0.95659,0.9629325
4107.0,0.91063,0.97318,0.98597,0.98636,0.97479,0.980075
4108.0,0.99951,0.98572,1.00304,1.00557,0.99244,0.9966925
4109.0,0.81253,0.99815,1.01873,1.02222,1.00876,1.011965
4110.0,1.00324,1.00996,1.03249,1.03601,1.0231,1.0253899999999998
4111.0,1.09871,1.02089,1.04401,1.04707,1.03496,1.0367325
4112.0,0.76802,1.0307,1.05321,1.0556,1.04433,1.04596
4113.0,1.11562,1.03903,1.06017,1.06165,1.0514,1.0530625
4114.0,1.02983,1.04564,1.06507,1.06552,1.05638,1.0581525
4115.0,0.89259,1.05074,1.06825,1.06793,1.05965,1.0616425
4116.0,1.05362,1.05464,1.07026,1.06943,1.0618,1.0640325000000002
4117.0,1.09525,1.05743,1.07149,1.07006,1.06321,1.0655474999999999
4118.0,1.05976,1.05938,1.07209,1.0701,1.06405,1.066405
4119.0,1.0356,1.06087,1.07246,1.07025,1.06467,1.0670625
4120.0,1.06523,1.06196,1.07295,1.07082,1.06537,1.067775
4121.0,0.9573,1.06268,1.07346,1.07148,1.0661,1.0684300000000002
4122.0,1.17579,1.06314,1.07385,1.07203,1.06679,1.0689525
4123.0,0.83969,1.06335,1.07406,1.07258,1.06738,1.0693425
4124.0,0.77895,1.06324,1.07394,1.07296,1.06765,1.0694474999999999
4125.0,1.1238,1.06272,1.07322,1.07251,1.06731,1.06894
4126.0,1.00754,1.06186,1.0717,1.07085,1.06625,1.067665
4127.0,1.02932,1.06079,1.06955,1.06828,1.06463,1.0658125
4128.0,1.10794,1.05968,1.06709,1.06536,1.06271,1.06371
4129.0,0.98203,1.0586,1.06458,1.06235,1.0607,1.0615575
4130.0,0.94341,1.05743,1.06229,1.05948,1.05883,1.0595075
4131.0,0.97916,1.05623,1.0604,1.05718,1.05728,1.0577725
4132.0,1.07538,1.05522,1.05918,1.05595,1.05632,1.0566675
4133.0,0.91172,1.0545,1.05888,1.05613,1.05613,1.05641
4134.0,0.9115,1.05406,1.05933,1.05745,1.05658,1.056855
4135.0,1.16795,1.05371,1.06024,1.05924,1.05734,1.0576325
4136.0,1.05893,1.05317,1.06112,1.0607,1.05798,1.0582425
4137.0,0.93314,1.05244,1.06139,1.06122,1.05807,1.05828
4138.0,1.16854,1.0515,1.06084,1.06054,1.05741,1.0575725
4139.0,1.28236,1.05023,1.05932,1.05873,1.05585,1.0560325000000002
4140.0,1.10742,1.04854,1.05681,1.05581,1.05344,1.05365
4141.0,0.98359,1.0464,1.05352,1.05168,1.05032,1.05048
4142.0,0.97805,1.04412,1.04982,1.04703,1.04683,1.0469499999999998
4143.0,0.86236,1.0423,1.04641,1.04315,1.04369,1.0438874999999999
4144.0,0.95873,1.04117,1.04408,1.0408,1.04158,1.0419075
4145.0,0.97673,1.04039,1.04294,1.03974,1.04061,1.04092
4146.0,0.92924,1.03967,1.04257,1.03942,1.04036,1.040505
4147.0,1.10586,1.03907,1.04261,1.03966,1.04049,1.0404575
4148.0,1.109,1.03867,1.04289,1.04049,1.04083,1.0407199999999999
4149.0,0.85683,1.03856,1.04329,1.04158,1.04123,1.041165
4150.0,1.00662,1.03879,1.0438,1.04244,1.04176,1.0416975000000002
4151.0,1.1368,1.03925,1.04444,1.04287,1.04243,1.0422474999999998
4152.0,1.10817,1.03996,1.04518,1.0431,1.04317,1.0428525
4153.0,0.94938,1.04099,1.0461,1.04358,1.04397,1.04366
4154.0,1.00644,1.04224,1.04733,1.04461,1.04499,1.0447925
4155.0,1.11519,1.04356,1.04899,1.04627,1.04638,1.0463
4156.0,0.99815,1.04492,1.05108,1.0485,1.04815,1.0481624999999999
4157.0,0.98018,1.04636,1.05359,1.05138,1.05032,1.0504125
4158.0,1.12207,1.04777,1.05635,1.05463,1.05274,1.0528724999999999
4159.0,1.17566,1.04898,1.059,1.0577,1.05501,1.0551725
4160.0,1.06539,1.04984,1.06115,1.06019,1.05684,1.057005
4161.0,0.9485,1.05026,1.06256,1.06191,1.05805,1.058195
4162.0,1.07112,1.05011,1.06305,1.06258,1.05848,1.0585550000000001
4163.0,1.00572,1.04928,1.0624,1.06191,1.05791,1.057875
4164.0,1.01737,1.04784,1.06051,1.05994,1.05624,1.0561325000000001
4165.0,1.10888,1.04585,1.05755,1.05677,1.05365,1.053455
4166.0,0.90312,1.04329,1.05363,1.0524,1.05023,1.0498875
4167.0,0.96177,1.04035,1.0489,1.04712,1.04613,1.045625
4168.0,0.9522,1.03723,1.04378,1.04154,1.04171,1.041065
4169.0,0.89882,1.03396,1.03859,1.03603,1.03721,1.0364475
4170.0,1.0,1.03052,1.03343,1.03049,1.03274,1.031795
4171.0,1.00621,1.02704,1.02847,1.02501,1.02844,1.02724
4172.0,0.85463,1.02393,1.02412,1.02043,1.02468,1.02329
4173.0,0.9141,1.02155,1.02088,1.01748,1.0219,1.0204525
4174.0,0.96862,1.01987,1.01898,1.016,1.02025,1.018775
4175.0,0.96107,1.01865,1.01819,1.0154,1.01953,1.0179425
4176.0,0.86575,1.01779,1.0182,1.01542,1.01952,1.0177325
4177.0,0.95856,1.01729,1.0188,1.01631,1.02001,1.0181025
4178.0,0.89645,1.0172,1.01989,1.01817,1.02086,1.01903
4179.0,1.10185,1.01736,1.02129,1.02029,1.02192,1.0202149999999999
4180.0,1.03877,1.01749,1.02257,1.02179,1.02287,1.02118
4181.0,0.83847,1.01761,1.02344,1.02243,1.02351,1.0217475
4182.0,1.09876,1.01787,1.02401,1.02273,1.02387,1.0221200000000001
4183.0,0.99626,1.0182,1.0244,1.02314,1.02402,1.02244
4184.0,0.97141,1.01833,1.02457,1.02328,1.02397,1.0225375
4185.0,0.83632,1.0179,1.02439,1.02262,1.02361,1.02213
4186.0,0.93492,1.017,1.02381,1.02155,1.02291,1.0213174999999999
4187.0,0.91571,1.01606,1.02308,1.02104,1.02212,1.020575
4188.0,0.81265,1.01503,1.02248,1.02114,1.02144,1.0200225
4189.0,1.19234,1.01348,1.02175,1.02086,1.02058,1.0191675
4190.0,0.91902,1.01136,1.02042,1.01953,1.01914,1.0176125
4191.0,0.87871,1.00896,1.0183,1.01747,1.017,1.0154325000000002
4192.0,1.18737,1.00636,1.01543,1.01492,1.01412,1.0127075
4193.0,1.23415,1.00321,1.01167,1.01105,1.01032,1.0090625
4194.0,1.0426,0.99945,1.00672,1.00532,1.00538,1.0042175
4195.0,1.03501,0.99556,1.00086,0.99844,0.99963,0.9986225
4196.0,0.96576,0.99199,0.99484,0.99147,0.99376,0.993015
4197.0,1.05536,0.98883,0.98925,0.98501,0.98831,0.9878499999999999
4198.0,0.98987,0.98623,0.98461,0.97951,0.98377,0.98353
4199.0,0.85987,0.98461,0.98153,0.9758,0.98078,0.98068
4200.0,0.91597,0.98417,0.98051,0.97463,0.97985,0.9797899999999999
4201.0,0.9093,0.98481,0.98159,0.97616,0.981,0.9808899999999999
4202.0,0.85938,0.98647,0.98468,0.98014,0.98407,0.98384
4203.0,1.01117,0.98896,0.98948,0.98598,0.98873,0.9882875
4204.0,1.09556,0.99209,0.9953,0.99293,0.9944,0.9936799999999999
4205.0,1.08594,0.99569,1.00159,1.00032,1.0005,0.999525
4206.0,0.85494,0.99944,1.00787,1.00755,1.00652,1.005345
4207.0,0.93643,1.00318,1.01362,1.01399,1.01199,1.010695
4208.0,1.11515,1.00672,1.01839,1.01888,1.01653,1.01513
4209.0,1.06716,1.00974,1.02192,1.02196,1.01989,1.0183775
4210.0,0.99565,1.01223,1.02426,1.02368,1.02211,1.0205699999999998
4211.0,1.00611,1.01422,1.02562,1.02454,1.02344,1.021955
4212.0,0.92593,1.01547,1.02618,1.02468,1.02402,1.0225875
4213.0,1.12895,1.01585,1.02604,1.02408,1.02396,1.0224825
4214.0,1.07573,1.01542,1.02533,1.02303,1.02342,1.0218
4215.0,1.0786,1.01444,1.0242,1.02217,1.02257,1.020845
4216.0,1.0411,1.01309,1.02287,1.02167,1.02155,1.0197950000000002
4217.0,0.8797,1.01112,1.02121,1.0208,1.02022,1.0183375
4218.0,1.00999,1.00847,1.01868,1.01872,1.01811,1.015995
4219.0,1.20462,1.00541,1.01488,1.015,1.01491,1.01255
4220.0,0.97946,1.00194,1.00973,1.00954,1.01055,1.00794
4221.0,0.93155,0.99787,1.00329,1.00242,1.00499,1.0021425000000002
4222.0,0.89458,0.9934,0.99578,0.99406,0.99846,0.995425
4223.0,0.8333,0.98888,0.98788,0.9852,0.99155,0.9883775
4224.0,0.97758,0.98457,0.98035,0.97659,0.98495,0.981615
4225.0,0.82554,0.98073,0.97394,0.96919,0.97933,0.9757975000000001
4226.0,0.65674,0.97787,0.9694,0.96428,0.97538,0.9717325
4227.0,0.71437,0.97653,0.9675,0.96286,0.97374,0.9701575
4228.0,1.02362,0.97648,0.96828,0.96463,0.97443,0.970955
4229.0,1.23022,0.97706,0.97095,0.96823,0.97672,0.9732400000000001
4230.0,1.02271,0.97803,0.97463,0.97269,0.97986,0.9763025
4231.0,0.80982,0.97936,0.97879,0.97759,0.98337,0.9797775
4232.0,0.93207,0.98101,0.98288,0.98253,0.98678,0.9833000000000001
4233.0,1.04438,0.98307,0.98665,0.98691,0.98989,0.98663
4234.0,1.01386,0.98546,0.99007,0.99019,0.99268,0.9896
4235.0,0.9988,0.98806,0.99299,0.99245,0.99505,0.9921375000000001
4236.0,1.0602,0.99074,0.99553,0.99433,0.99714,0.994435
4237.0,0.94635,0.99317,0.99806,0.99639,0.99925,0.9967174999999999
4238.0,0.95419,0.99508,1.00062,0.99883,1.00138,0.9989775000000001
4239.0,1.14164,0.99658,1.00309,1.00153,1.00341,1.0011525
4240.0,1.04967,0.99782,1.00542,1.00422,1.00536,1.003205
4241.0,0.99757,0.99869,1.00743,1.00654,1.00706,1.00493
4242.0,0.86129,0.99914,1.00875,1.00823,1.00821,1.0060825
4243.0,0.82607,0.99931,1.00924,1.00908,1.00866,1.0065724999999999
4244.0,1.02362,0.99907,1.00881,1.00867,1.00827,1.006205
4245.0,1.02804,0.99803,1.00724,1.00672,1.00683,1.004705
4246.0,0.8033,0.99619,1.00447,1.00342,1.00436,1.00211
4247.0,1.01707,0.99409,1.0009,0.99925,1.00121,0.9988625
4248.0,0.99703,0.99203,0.99702,0.99472,0.99777,0.995385
4249.0,1.04835,0.98984,0.99315,0.99022,0.99432,0.9918825
4250.0,0.84005,0.9877,0.98959,0.98641,0.99115,0.9887125000000001
4251.0,0.63602,0.98586,0.9867,0.98361,0.98858,0.9861875
4252.0,0.84884,0.98407,0.98452,0.98141,0.98662,0.9841549999999999
4253.0,1.0281,0.98224,0.98282,0.97951,0.98507,0.98241
4254.0,0.95171,0.98086,0.98163,0.97827,0.98399,0.9811875
4255.0,0.83471,0.98039,0.98119,0.97821,0.98357,0.9808400000000002
4256.0,0.97376,0.98049,0.9815,0.97909,0.9838,0.9812200000000001
4257.0,1.05535,0.98051,0.98219,0.97991,0.98431,0.98173
4258.0,0.97478,0.98035,0.98293,0.98042,0.98488,0.982145
4259.0,1.06967,0.98019,0.98386,0.98128,0.9856,0.9827325
4260.0,0.88736,0.98017,0.98509,0.98305,0.98661,0.98373
4261.0,1.04287,0.98033,0.98658,0.98548,0.98787,0.985065
4262.0,1.05119,0.98042,0.98802,0.98765,0.98907,0.98629
4263.0,0.9354,0.98003,0.98879,0.98877,0.98965,0.9868100000000001
4264.0,0.92543,0.97896,0.98837,0.98847,0.98919,0.9862474999999999
4265.0,0.97858,0.97707,0.98656,0.98658,0.98753,0.9844350000000001
4266.0,1.00395,0.97436,0.98325,0.98299,0.98453,0.9812825
4267.0,1.12337,0.97128,0.97851,0.97784,0.98028,0.9769775
4268.0,1.04992,0.96833,0.9728,0.97127,0.97519,0.9718975
4269.0,0.94452,0.96537,0.96663,0.9638,0.96971,0.9663775
4270.0,0.94503,0.9622,0.96053,0.95645,0.9643,0.96087
4271.0,0.95695,0.95915,0.95521,0.95044,0.95964,0.95611
4272.0,1.02404,0.95679,0.95145,0.94661,0.95639,0.9528099999999999
4273.0,1.07698,0.95504,0.94952,0.94481,0.95474,0.9510275
4274.0,0.82352,0.95384,0.94923,0.94488,0.95451,0.950615
4275.0,0.83353,0.95354,0.95045,0.94696,0.95564,0.9516475
4276.0,1.10151,0.95397,0.95289,0.95059,0.95786,0.9538275
4277.0,1.13594,0.9544,0.95582,0.95479,0.96048,0.9563725
4278.0,1.09437,0.95455,0.95851,0.95834,0.96286,0.958565
4279.0,1.12077,0.95455,0.9604,0.96051,0.96451,0.9599925
4280.0,1.10555,0.95445,0.96127,0.96162,0.96527,0.9606524999999999
4281.0,0.80709,0.95391,0.96111,0.96175,0.96513,0.960475
4282.0,0.76224,0.95296,0.95986,0.96043,0.96403,0.9593200000000001
4283.0,1.01414,0.9517,0.95749,0.95745,0.96195,0.9571474999999999
4284.0,1.01724,0.94985,0.95411,0.95307,0.95896,0.9539975
4285.0,1.03681,0.94731,0.94998,0.94824,0.95532,0.9502125
4286.0,0.99204,0.94429,0.94553,0.9437,0.95145,0.9462425
4287.0,0.9798,0.94095,0.94108,0.93922,0.94756,0.9422025
4288.0,0.96825,0.93732,0.93667,0.93459,0.94368,0.938065
4289.0,0.96956,0.93347,0.9324,0.93031,0.93995,0.9340325
4290.0,0.86223,0.92971,0.92848,0.92692,0.9366,0.9304275
4291.0,0.91965,0.926,0.92493,0.92431,0.9336,0.9272100000000001
4292.0,1.12356,0.922,0.92135,0.92152,0.93059,0.923865
4293.0,0.91119,0.91757,0.91719,0.91758,0.92703,0.9198424999999999
4294.0,0.94009,0.91275,0.91211,0.91258,0.92267,0.9150275
4295.0,0.94805,0.90759,0.90615,0.90683,0.91752,0.9095225000000001
4296.0,0.93298,0.90212,0.8993,0.90007,0.91158,0.9032675
4297.0,1.0185,0.89645,0.89162,0.89213,0.90488,0.8962699999999999
4298.0,0.94391,0.89071,0.88338,0.88326,0.89766,0.8887525000000001
4299.0,0.86187,0.88506,0.87505,0.87429,0.89036,0.8811900000000001
4300.0,0.83512,0.87979,0.8672,0.86617,0.8835,0.8741649999999999
4301.0,0.89148,0.87509,0.86025,0.85896,0.87741,0.8679275
4302.0,1.02355,0.8712,0.8543,0.85263,0.87217,0.862575
4303.0,0.92744,0.86832,0.84962,0.84769,0.86801,0.85841
4304.0,0.72515,0.86655,0.8465,0.84436,0.8652,0.8556524999999999
4305.0,0.78358,0.86594,0.84509,0.84277,0.86383,0.8544075
4306.0,0.92121,0.86662,0.84557,0.84299,0.86408,0.854815
4307.0,0.8186,0.86895,0.84818,0.84517,0.86617,0.8571175
4308.0,0.82441,0.87322,0.85324,0.85001,0.87039,0.861715
4309.0,0.7796,0.8792,0.86098,0.85801,0.87696,0.8687875
4310.0,0.75923,0.88646,0.87131,0.86889,0.88577,0.8781075
4311.0,0.96219,0.89465,0.88383,0.88213,0.89649,0.889275
4312.0,0.93035,0.90344,0.89802,0.89718,0.90865,0.9018225
4313.0,0.83212,0.9125,0.91316,0.91339,0.92162,0.9151675
4314.0,0.98144,0.92166,0.92836,0.93007,0.93464,0.9286825
4315.0,0.97053,0.93064,0.94273,0.94603,0.94696,0.9415899999999999
4316.0,0.85069,0.93865,0.95524,0.95951,0.9576,0.95275
4317.0,0.94455,0.94498,0.96489,0.9692,0.9657,0.9611925
4318.0,1.04159,0.94964,0.97117,0.97476,0.97082,0.9665975
4319.0,0.95164,0.95299,0.97408,0.97641,0.97298,0.969115
4320.0,0.77937,0.95513,0.97394,0.97479,0.97244,0.9690749999999999
4321.0,0.84042,0.95603,0.97137,0.97066,0.96976,0.966955
4322.0,0.97849,0.95557,0.9672,0.96457,0.96563,0.9632425
4323.0,0.9427,0.95376,0.96234,0.95762,0.96086,0.958645
4324.0,0.92361,0.95106,0.95775,0.95153,0.95631,0.9541625
4325.0,0.88008,0.94825,0.9543,0.94766,0.95276,0.9507425
4326.0,0.86088,0.94584,0.95245,0.94656,0.95059,0.94886
4327.0,0.94642,0.94358,0.95201,0.94758,0.94957,0.948185
4328.0,0.91869,0.9406,0.95219,0.94918,0.9489,0.9477175
4329.0,0.7671,0.93615,0.95194,0.95021,0.94763,0.9464825000000001
4330.0,0.9333,0.93029,0.9504,0.94985,0.94499,0.9438825
4331.0,0.84046,0.92352,0.94687,0.94729,0.94033,0.9395025
4332.0,0.78472,0.91601,0.94074,0.94152,0.9331,0.9328425
4333.0,0.75585,0.90796,0.93165,0.93176,0.92299,0.92359
4334.0,0.77165,0.89959,0.91975,0.91809,0.91019,0.911905
4335.0,0.8732,0.89063,0.90565,0.9014,0.89531,0.8982475000000001
4336.0,0.89994,0.8808,0.89027,0.88291,0.87928,0.883315
4337.0,1.05928,0.87108,0.87501,0.86462,0.86354,0.8685625
4338.0,2.66694,0.86273,0.8616,0.84869,0.84982,0.85571
4339.0,6.17055,0.85637,0.85152,0.83692,0.8396,0.8461025
4340.0,8.81167,0.85289,0.84591,0.83111,0.83407,0.840995
4341.0,7.68964,0.8529,0.8455,0.83195,0.83394,0.8410725
4342.0,3.65969,0.85547,0.85003,0.83838,0.83886,0.8456849999999999
4343.0,1.51107,0.85938,0.85847,0.8491,0.84782,0.8536925
4344.0,0.9162,0.86474,0.86971,0.86288,0.85968,0.8642525
4345.0,0.85741,0.87183,0.88259,0.87812,0.87325,0.8764475
4346.0,0.84647,0.88031,0.89583,0.89354,0.88722,0.889225
4347.0,0.77286,0.88994,0.90839,0.90803,0.90055,0.9017275
4348.0,0.84046,0.90017,0.91965,0.92023,0.91258,0.9131575000000001
4349.0,0.87054,0.90968,0.92914,0.92939,0.92278,0.9227475
4350.0,0.88758,0.91765,0.93668,0.93584,0.93099,0.93029
4351.0,0.9138,0.92463,0.94265,0.94063,0.93759,0.9363750000000001
4352.0,0.86617,0.93142,0.94777,0.94495,0.94326,0.94185
4353.0,0.82544,0.93806,0.95257,0.94932,0.94847,0.947105
4354.0,1.04373,0.94425,0.95719,0.95365,0.95332,0.9521025000000001
4355.0,0.93258,0.94979,0.96176,0.95803,0.95798,0.95689
4356.0,0.85822,0.9545,0.96643,0.96256,0.96262,0.9615275000000001
4357.0,0.78037,0.95838,0.97114,0.96729,0.96716,0.9659925
4358.0,0.76931,0.96184,0.97568,0.97221,0.97147,0.9703
4359.0,0.93967,0.96524,0.97998,0.97708,0.97552,0.974455
4360.0,1.04264,0.96841,0.98394,0.98149,0.97924,0.97827
4361.0,0.99093,0.97093,0.98728,0.98504,0.98236,0.9814025
4362.0,1.2542,0.97267,0.98967,0.98748,0.98458,0.9836
4363.0,1.50779,0.97372,0.99098,0.9888,0.98583,0.9848325
4364.0,1.38169,0.97405,0.9912,0.98898,0.9861,0.9850825
4365.0,1.02493,0.97349,0.99024,0.98775,0.98528,0.98419
4366.0,0.93032,0.97206,0.98805,0.98513,0.98335,0.9821475
4367.0,0.91438,0.97001,0.98489,0.98147,0.98057,0.9792350000000001
4368.0,0.8676,0.96759,0.98109,0.97722,0.97724,0.975785
4369.0,0.84474,0.96488,0.97686,0.97266,0.97352,0.97198
4370.0,0.85839,0.962,0.97235,0.96801,0.96956,0.96798
4371.0,0.83985,0.95882,0.96777,0.96332,0.96554,0.9638625
4372.0,0.72596,0.955,0.96326,0.95861,0.96156,0.9596075000000001
4373.0,0.79858,0.95068,0.95882,0.95411,0.95763,0.95531
4374.0,1.02163,0.94644,0.9545,0.95017,0.95382,0.9512324999999999
4375.0,1.02973,0.94237,0.95035,0.94666,0.95018,0.9473900000000001
4376.0,0.92208,0.93821,0.94625,0.94311,0.94657,0.943535
4377.0,0.95334,0.93409,0.94188,0.93903,0.94267,0.9394175000000001
4378.0,0.92686,0.93011,0.93698,0.93412,0.93824,0.9348625
4379.0,0.97311,0.92611,0.93152,0.92839,0.93325,0.9298175
4380.0,1.18842,0.92204,0.92571,0.92209,0.92791,0.9244375
4381.0,1.09686,0.91801,0.91984,0.91529,0.92243,0.9188925
4382.0,0.87212,0.91413,0.91422,0.90842,0.91712,0.9134725
4383.0,0.95421,0.91107,0.90949,0.9029,0.91263,0.9090225000000001
4384.0,0.88859,0.90952,0.90643,0.89974,0.9097,0.9063475
4385.0,0.84366,0.90933,0.90534,0.89899,0.90855,0.9055525
4386.0,0.98056,0.90976,0.90607,0.90006,0.90904,0.9062325
4387.0,1.03827,0.91036,0.90835,0.90258,0.91095,0.90806
4388.0,0.93235,0.91133,0.91198,0.90655,0.91414,0.911
4389.0,0.81612,0.91317,0.91669,0.91196,0.91839,0.9150525
4390.0,0.84572,0.91632,0.92209,0.91845,0.92332,0.920045
4391.0,0.84892,0.9203,0.92778,0.92526,0.92856,0.925475
4392.0,0.89563,0.92401,0.93331,0.93138,0.93367,0.9305924999999999
4393.0,0.90393,0.92673,0.93826,0.93635,0.93825,0.9348975
4394.0,0.85825,0.92893,0.94236,0.94047,0.94207,0.9384575
4395.0,0.9632,0.9313,0.94555,0.94397,0.9451,0.9414800000000001
4396.0,0.91558,0.9335,0.94772,0.94641,0.9472,0.9437075
4397.0,0.8479,0.93484,0.94871,0.94724,0.94819,0.944745
4398.0,0.88108,0.93521,0.94841,0.94638,0.94795,0.9444875
4399.0,0.86885,0.93485,0.94695,0.94412,0.94665,0.9431425
4400.0,0.89688,0.93418,0.94473,0.94122,0.94466,0.9411974999999999
4401.0,0.87732,0.9337,0.94219,0.93823,0.94238,0.939125
4402.0,0.86383,0.93335,0.93961,0.93501,0.94001,0.936995
4403.0,0.9599,0.93266,0.9372,0.93168,0.93776,0.934825
4404.0,0.97592,0.93182,0.93543,0.92931,0.93609,0.9331625
4405.0,0.96464,0.93168,0.9348,0.92874,0.9355,0.93268
4406.0,1.06449,0.93224,0.93544,0.92968,0.93603,0.9333475
4407.0,0.88472,0.93301,0.9371,0.9317,0.93745,0.934815
4408.0,0.87969,0.93399,0.9396,0.93484,0.93963,0.9370149999999999
4409.0,1.09937,0.93534,0.94278,0.93877,0.94242,0.9398275
4410.0,0.80511,0.93702,0.94623,0.94278,0.94543,0.942865
4411.0,0.86779,0.93918,0.94953,0.94659,0.94826,0.94589
4412.0,0.96137,0.94156,0.95243,0.94972,0.9507,0.9486025
4413.0,0.8606,0.94329,0.95475,0.95163,0.95259,0.9505649999999999
4414.0,0.83414,0.94427,0.95652,0.95273,0.95398,0.951875
4415.0,1.08158,0.94537,0.95796,0.95392,0.95516,0.9531025
4416.0,1.06379,0.94691,0.9593,0.95534,0.95631,0.9544650000000001
4417.0,0.89488,0.94852,0.96055,0.95674,0.95741,0.955805
4418.0,0.86829,0.9499,0.96168,0.95806,0.95844,0.95702
4419.0,0.90654,0.95062,0.9626,0.959,0.95929,0.9578774999999999
4420.0,0.89935,0.95051,0.9632,0.9594,0.95984,0.9582375000000001
4421.0,0.87419,0.95021,0.96342,0.9595,0.96005,0.9582949999999999
4422.0,0.84302,0.9502,0.96331,0.95953,0.95999,0.9582575
4423.0,1.088,0.95024,0.96292,0.95939,0.95968,0.9580575
4424.0,1.08044,0.9501,0.96221,0.95881,0.95907,0.9575475
4425.0,0.86322,0.94964,0.96116,0.95768,0.95813,0.9566525
4426.0,0.83234,0.94869,0.95982,0.95614,0.95694,0.9553975
4427.0,1.05865,0.94745,0.95832,0.95445,0.9556,0.953955
4428.0,0.89352,0.94618,0.95672,0.95261,0.95413,0.95241
4429.0,0.8096,0.94496,0.95502,0.95071,0.95254,0.9508075
4430.0,0.82844,0.94409,0.95336,0.94906,0.95098,0.9493725000000001
4431.0,0.91618,0.94363,0.95192,0.9477,0.94962,0.9482175
4432.0,0.9614,0.94318,0.95075,0.94634,0.94847,0.947185
4433.0,0.7868,0.94246,0.94987,0.94508,0.94755,0.94624
4434.0,0.70918,0.94158,0.94939,0.94436,0.94699,0.94558
4435.0,0.69598,0.941,0.94946,0.94454,0.94696,0.9454899999999999
4436.0,0.80484,0.94123,0.95011,0.94564,0.94749,0.9461175000000001
4437.0,0.8035,0.9422,0.95119,0.94727,0.94841,0.9472675
4438.0,0.70863,0.94333,0.95247,0.94892,0.94949,0.9485524999999999
4439.0,1.09769,0.94406,0.95379,0.95017,0.95061,0.9496575
4440.0,1.08493,0.94426,0.95507,0.95112,0.95168,0.9505325
4441.0,0.86426,0.94445,0.95632,0.95213,0.95275,0.9514125
4442.0,0.8553,0.94511,0.95758,0.95348,0.95387,0.95251
4443.0,0.98541,0.94613,0.95887,0.95525,0.95506,0.9538275
4444.0,1.01037,0.9471,0.96011,0.95715,0.95625,0.9551525000000001
4445.0,0.92884,0.94752,0.96107,0.95852,0.95718,0.9560725000000001
4446.0,0.88478,0.94699,0.96149,0.95903,0.95761,0.95628
4447.0,0.96285,0.94576,0.96122,0.95885,0.95742,0.9558125
4448.0,0.92583,0.94428,0.96012,0.95794,0.9565,0.95471
4449.0,0.80647,0.94265,0.95808,0.95595,0.9547,0.9528449999999999
4450.0,0.89207,0.9409,0.95505,0.95291,0.95202,0.9502200000000001
4451.0,1.0162,0.93879,0.95116,0.94889,0.94855,0.9468475000000001
4452.0,0.8443,0.93593,0.94655,0.94375,0.94442,0.9426625000000001
4453.0,0.80922,0.93244,0.94147,0.93775,0.93983,0.9378725
4454.0,0.95514,0.92887,0.93628,0.93177,0.93515,0.9330175
4455.0,0.86525,0.92571,0.93144,0.92661,0.9308,0.92864
4456.0,0.88111,0.92329,0.92728,0.92234,0.92706,0.9249925
4457.0,0.99094,0.92139,0.92396,0.91894,0.92404,0.9220824999999999
4458.0,0.94379,0.9195,0.92159,0.91662,0.92186,0.9198925
4459.0,0.92863,0.91768,0.92026,0.91545,0.92057,0.91849
4460.0,0.95041,0.91636,0.91991,0.91527,0.92011,0.9179124999999999
4461.0,1.01485,0.9159,0.92044,0.91611,0.92037,0.918205
4462.0,0.97659,0.91636,0.92171,0.91806,0.92126,0.9193475
4463.0,0.90539,0.91726,0.9235,0.92037,0.92252,0.9209125
4464.0,0.94519,0.91804,0.92553,0.9225,0.92388,0.9224875
4465.0,0.87451,0.91895,0.92766,0.92454,0.92526,0.9241025
4466.0,0.99124,0.92044,0.9299,0.92655,0.92667,0.92589
4467.0,1.02806,0.92247,0.93226,0.92849,0.92816,0.927845
4468.0,0.91248,0.92468,0.93481,0.93057,0.92982,0.92997
4469.0,0.86988,0.92681,0.93765,0.93316,0.93182,0.9323600000000001
4470.0,1.16741,0.92891,0.94088,0.93631,0.93428,0.935095
4471.0,1.49186,0.93146,0.9445,0.94016,0.93729,0.9383525
4472.0,1.24551,0.93454,0.94845,0.94467,0.94081,0.9421174999999999
4473.0,1.03715,0.93747,0.95244,0.94918,0.94452,0.9459025000000001
4474.0,0.94029,0.93973,0.95615,0.95326,0.94807,0.9493025
4475.0,0.79056,0.94161,0.95937,0.9568,0.95127,0.9522625
4476.0,0.85109,0.94365,0.96195,0.95967,0.95395,0.9548049999999999
4477.0,0.94749,0.94594,0.96377,0.96148,0.95596,0.9567875
4478.0,0.96408,0.94798,0.9648,0.96212,0.9572,0.9580250000000001
4479.0,0.96198,0.94916,0.96516,0.96186,0.95778,0.9584900000000001
4480.0,0.95085,0.94958,0.9651,0.96121,0.95798,0.9584675
4481.0,0.86514,0.94989,0.96491,0.96073,0.95806,0.9583975
4482.0,0.70079,0.95039,0.96477,0.96073,0.95819,0.95852
4483.0,0.92142,0.95091,0.96471,0.96108,0.95837,0.9587675
4484.0,1.07347,0.95113,0.96465,0.96142,0.95852,0.9589300000000001
4485.0,1.01942,0.95104,0.9645,0.96151,0.95856,0.9589025
4486.0,0.98794,0.95074,0.96416,0.96116,0.95837,0.9586075
4487.0,0.93497,0.95028,0.96355,0.96033,0.95789,0.9580124999999999
4488.0,0.87366,0.94967,0.96267,0.95918,0.95713,0.9571624999999999
4489.0,0.98248,0.94916,0.96162,0.95803,0.95622,0.9562575
4490.0,1.04429,0.94907,0.96058,0.95704,0.95531,0.9555
4491.0,0.88317,0.94941,0.95966,0.95601,0.9545,0.9548949999999999
4492.0,0.8424,0.94978,0.95896,0.95493,0.95385,0.95438
4493.0,0.85323,0.94986,0.95864,0.95408,0.95352,0.9540250000000001
4494.0,0.96667,0.94988,0.9589,0.95399,0.95372,0.9541225
4495.0,1.07581,0.95051,0.95991,0.95496,0.95461,0.9549974999999999
4496.0,0.75932,0.95222,0.96171,0.95704,0.95623,0.9568
4497.0,0.86374,0.95469,0.96428,0.96008,0.95853,0.9593950000000001
4498.0,0.89685,0.9571,0.96746,0.96373,0.96138,0.9624175
4499.0,0.90874,0.95901,0.97105,0.96762,0.96457,0.9655625000000001
4500.0,1.04074,0.96066,0.97487,0.97161,0.96795,0.9687725
4501.0,1.05568,0.96265,0.97874,0.97586,0.97138,0.9721575
4502.0,0.96194,0.96521,0.98245,0.98016,0.97469,0.9756275
4503.0,1.00941,0.96779,0.98571,0.98391,0.97757,0.978745
4504.0,1.02342,0.96959,0.98827,0.98668,0.97978,0.98108
4505.0,0.92652,0.97031,0.98995,0.98834,0.98119,0.9824474999999999
4506.0,0.8523,0.97027,0.99069,0.9889,0.98174,0.9829
4507.0,0.95213,0.97007,0.99049,0.98844,0.98144,0.98261
4508.0,0.77547,0.96986,0.9894,0.98708,0.98034,0.98167
4509.0,0.7432,0.96922,0.98751,0.98492,0.97853,0.980045
4510.0,0.75855,0.96783,0.98496,0.98204,0.97613,0.9777399999999999
4511.0,0.79734,0.96559,0.98193,0.97858,0.97331,0.9748525
4512.0,0.96193,0.96291,0.97862,0.97487,0.97028,0.97167
4513.0,0.92453,0.96041,0.97524,0.9712,0.96721,0.968515
4514.0,0.84404,0.95811,0.97192,0.96783,0.96425,0.9655274999999999
4515.0,0.87352,0.95564,0.96875,0.96488,0.96147,0.962685
4516.0,0.86863,0.95261,0.96569,0.96212,0.95882,0.95981
4517.0,0.8352,0.94906,0.96265,0.95943,0.95622,0.95684
4518.0,0.89071,0.94568,0.95956,0.95685,0.9536,0.9539225
4519.0,1.02412,0.94257,0.95625,0.95407,0.95079,0.9509200000000001
4520.0,1.00923,0.9393,0.95251,0.95069,0.94757,0.9475175
4521.0,0.84656,0.93554,0.94819,0.94644,0.94378,0.9434874999999999
4522.0,0.86395,0.93114,0.94329,0.94142,0.93944,0.9388224999999999
4523.0,0.90831,0.92668,0.9379,0.93586,0.93463,0.9337675
4524.0,0.87724,0.92274,0.93215,0.92973,0.92947,0.9285225000000001
4525.0,0.83696,0.91906,0.92625,0.92321,0.92413,0.9231625
4526.0,0.89402,0.91535,0.92049,0.91687,0.9189,0.9179025000000001
4527.0,0.89855,0.91138,0.9152,0.91116,0.91407,0.9129525
4528.0,0.90142,0.90748,0.91066,0.90642,0.90991,0.9086175000000001
4529.0,0.85806,0.90442,0.90708,0.90285,0.9066,0.9052375
4530.0,0.84065,0.9025,0.90459,0.90056,0.90424,0.9029725000000001
4531.0,0.88138,0.90145,0.9032,0.89951,0.90281,0.9017425
4532.0,0.84539,0.90057,0.90282,0.8994,0.90221,0.9012499999999999
4533.0,0.87073,0.89944,0.90334,0.90007,0.90232,0.9012925
4534.0,0.84393,0.89851,0.9046,0.90162,0.90302,0.9019375000000001
4535.0,0.86848,0.89856,0.90645,0.90405,0.90422,0.90332
4536.0,0.95463,0.89985,0.90864,0.90692,0.90569,0.9052749999999999
4537.0,0.97515,0.90151,0.91085,0.90952,0.90712,0.90725
4538.0,0.90933,0.90228,0.91287,0.9115,0.90836,0.9087525000000001
4539.0,0.85121,0.90229,0.9146,0.91291,0.90938,0.909795
4540.0,0.80942,0.90261,0.91603,0.91396,0.91025,0.9107125
4541.0,0.79428,0.90387,0.91717,0.91495,0.91104,0.9117575
4542.0,0.82707,0.90558,0.91804,0.91583,0.91177,0.9128050000000001
4543.0,0.84797,0.90656,0.91861,0.91638,0.9124,0.9134875
4544.0,0.83551,0.90679,0.91897,0.9167,0.91298,0.91386
4545.0,0.81757,0.90721,0.91923,0.91697,0.91359,0.91425
4546.0,0.77077,0.90814,0.91943,0.91713,0.91423,0.9147325
4547.0,0.75309,0.90936,0.91963,0.91715,0.91488,0.915255
4548.0,0.90868,0.91038,0.91992,0.91724,0.9156,0.915785
4549.0,0.95424,0.91112,0.92045,0.91776,0.9165,0.9164575
4550.0,0.81199,0.91237,0.92129,0.91871,0.91765,0.917505
4551.0,0.86806,0.91429,0.9225,0.91988,0.91904,0.9189275
4552.0,0.85936,0.91611,0.92414,0.92139,0.92074,0.9205949999999999
4553.0,0.86602,0.91758,0.92624,0.9235,0.92281,0.9225325
4554.0,0.81122,0.91905,0.92879,0.92625,0.92526,0.9248375
4555.0,0.75673,0.92114,0.9317,0.92958,0.92801,0.9276075
4556.0,0.78743,0.9238,0.93478,0.93322,0.9309,0.9306749999999999
4557.0,0.79813,0.92601,0.93781,0.93676,0.93371,0.9335725
4558.0,0.78457,0.92748,0.9406,0.9399,0.93625,0.9360575
4559.0,0.8737,0.92869,0.94295,0.94241,0.93837,0.938105
4560.0,0.94917,0.93005,0.94477,0.9442,0.93999,0.9397525
4561.0,0.90881,0.9317,0.94599,0.94517,0.94103,0.9409725
4562.0,0.83646,0.933,0.94663,0.94534,0.94151,0.94162
4563.0,0.83529,0.9334,0.94682,0.94504,0.94157,0.9417075
4564.0,0.89891,0.9333,0.94669,0.94459,0.94136,0.941485
4565.0,0.93159,0.93316,0.94638,0.94418,0.94101,0.9411824999999999
4566.0,0.87499,0.93339,0.946,0.94383,0.94062,0.94096
4567.0,0.80625,0.93377,0.9456,0.94347,0.94023,0.9407675000000001
4568.0,0.84684,0.9335,0.94521,0.94311,0.93985,0.9404174999999999
4569.0,0.92125,0.93263,0.94483,0.94273,0.93949,0.93992
4570.0,0.83854,0.93166,0.94443,0.94227,0.93913,0.9393725
4571.0,0.8384,0.93099,0.94397,0.94197,0.93874,0.9389175000000001
4572.0,0.98296,0.93069,0.94334,0.94175,0.93823,0.9385024999999999
4573.0,0.88968,0.93002,0.94242,0.94114,0.93747,0.9377625
4574.0,0.79958,0.92857,0.94117,0.94002,0.93638,0.9365349999999999
4575.0,0.94859,0.92686,0.93955,0.93842,0.93496,0.9349475
4576.0,0.86131,0.92538,0.93757,0.93632,0.9332,0.9331175
4577.0,0.94532,0.92431,0.93531,0.93374,0.93116,0.93113
4578.0,0.83148,0.92313,0.93288,0.93084,0.92895,0.9289499999999999
4579.0,0.7762,0.92133,0.93047,0.92797,0.92674,0.9266275
4580.0,0.92112,0.91941,0.92825,0.92552,0.92472,0.9244749999999999
4581.0,0.96076,0.9181,0.92637,0.92364,0.92301,0.92278
4582.0,0.80659,0.91741,0.92492,0.92224,0.9217,0.9215675
4583.0,0.75085,0.91676,0.92397,0.92138,0.92082,0.9207325
4584.0,0.86565,0.91572,0.92351,0.92112,0.92038,0.9201825000000001
4585.0,0.90542,0.9146,0.92345,0.92138,0.9203,0.9199325
4586.0,0.84876,0.91402,0.92364,0.92204,0.92047,0.9200425
4587.0,0.84321,0.91406,0.92392,0.9228,0.92072,0.9203749999999999
4588.0,0.90878,0.91412,0.92413,0.92331,0.92087,0.9206074999999999
4589.0,0.9007,0.91367,0.92414,0.92338,0.92081,0.9205
4590.0,0.90125,0.91287,0.92389,0.92299,0.9205,0.9200625
4591.0,0.88699,0.91225,0.92337,0.92223,0.91995,0.91945
4592.0,0.91813,0.91209,0.92262,0.92125,0.91921,0.9187925
4593.0,0.91601,0.91208,0.92172,0.92011,0.91833,0.9180600000000001
4594.0,0.87426,0.91166,0.92077,0.91893,0.91741,0.9171925
4595.0,1.00672,0.91092,0.91989,0.9179,0.91658,0.9163224999999999
4596.0,0.90372,0.91044,0.91917,0.91712,0.91591,0.9156600000000001
4597.0,0.94991,0.91054,0.91869,0.91663,0.91547,0.9153325
4598.0,0.98664,0.91099,0.91853,0.91642,0.91531,0.9153125
4599.0,0.87776,0.91129,0.91874,0.91651,0.91547,0.9155025
4600.0,0.85913,0.91144,0.91933,0.91707,0.916,0.91596
4601.0,1.02507,0.91205,0.92032,0.91815,0.9169,0.916855
4602.0,1.02377,0.9133,0.9217,0.91966,0.91815,0.9182025
4603.0,0.88322,0.91483,0.92344,0.92154,0.91971,0.91988
4604.0,0.90544,0.91619,0.92548,0.92375,0.92155,0.9217424999999999
4605.0,0.78944,0.91728,0.92772,0.92625,0.92358,0.9237075
4606.0,0.85213,0.91864,0.93005,0.92895,0.9257,0.925835
4607.0,1.05734,0.92042,0.93234,0.93163,0.92778,0.9280425000000001
4608.0,0.81864,0.9222,0.93447,0.934,0.92969,0.93009
4609.0,0.85807,0.92361,0.93635,0.93589,0.93136,0.9318025000000001
4610.0,0.97735,0.92456,0.9379,0.93736,0.93273,0.9331375
4611.0,0.94111,0.92548,0.9391,0.93842,0.93378,0.934195
4612.0,0.86787,0.92651,0.93995,0.93913,0.93453,0.93503
4613.0,0.91375,0.92737,0.94049,0.93956,0.93501,0.9356075
4614.0,0.86748,0.92793,0.9408,0.93976,0.93526,0.9359375
4615.0,0.64868,0.9282,0.94093,0.93978,0.93537,0.93607
4616.0,0.80796,0.92836,0.94095,0.93973,0.93537,0.9361025000000001
4617.0,1.03489,0.92849,0.94089,0.93961,0.93531,0.936075
4618.0,0.92668,0.92841,0.94079,0.93946,0.93522,0.93597
4619.0,0.77155,0.92816,0.94064,0.93939,0.93509,0.9358199999999999
4620.0,0.90122,0.92789,0.94042,0.93933,0.93489,0.9356325000000001
4621.0,1.06047,0.92756,0.9401,0.93911,0.93459,0.9353400000000001
4622.0,0.9753,0.92703,0.93963,0.93873,0.93415,0.934885
4623.0,1.00865,0.92615,0.93897,0.93814,0.93353,0.9341975
4624.0,0.88172,0.92508,0.93811,0.93726,0.93272,0.9332924999999999
4625.0,0.67867,0.92408,0.937,0.93615,0.93168,0.9322275
4626.0,0.69846,0.92307,0.93564,0.93481,0.9304,0.93098
4627.0,0.99006,0.92168,0.93403,0.93315,0.92889,0.9294375
4628.0,0.97901,0.91982,0.93217,0.9312,0.92716,0.9275875
4629.0,0.92101,0.91784,0.93009,0.92911,0.92523,0.9255675
4630.0,0.80339,0.91604,0.9278,0.92685,0.92311,0.92345
4631.0,0.73062,0.91424,0.92534,0.92432,0.92083,0.9211825000000001
4632.0,0.85517,0.912,0.92273,0.9216,0.91843,0.91869
4633.0,0.98118,0.9094,0.92002,0.91883,0.91595,0.9160499999999999
4634.0,0.9419,0.90688,0.91724,0.91603,0.91339,0.9133850000000001
4635.0,0.85601,0.90461,0.91444,0.91318,0.91082,0.9107624999999999
4636.0,0.86978,0.90228,0.91164,0.91032,0.90823,0.9081175
4637.0,0.91164,0.89963,0.90885,0.9075,0.90565,0.9054075
4638.0,0.8211,0.89685,0.90607,0.90477,0.90306,0.9026875
4639.0,0.71464,0.89425,0.90328,0.90214,0.90043,0.9000250000000001
4640.0,0.89723,0.89179,0.90045,0.89954,0.89773,0.8973775
4641.0,1.07348,0.88929,0.89759,0.89678,0.89495,0.8946525000000001
4642.0,0.94517,0.88682,0.89469,0.89379,0.8921,0.89185
4643.0,0.91927,0.8846,0.89182,0.89064,0.88926,0.88908
4644.0,0.92757,0.88261,0.88906,0.88743,0.88653,0.8864075
4645.0,0.80467,0.88072,0.88655,0.88438,0.88403,0.88392
4646.0,0.9409,0.8791,0.88445,0.88189,0.88193,0.8818425
4647.0,0.86355,0.87813,0.8829,0.88023,0.88039,0.8804125
4648.0,0.84928,0.87776,0.88204,0.87945,0.87951,0.8796900000000001
4649.0,0.89544,0.87763,0.88193,0.87954,0.8794,0.879625
4650.0,0.87498,0.87765,0.88259,0.88054,0.88007,0.8802125
4651.0,0.93163,0.87815,0.88399,0.88236,0.88147,0.8814925
4652.0,0.97644,0.87934,0.88602,0.88476,0.88349,0.8834025000000001
4653.0,0.8827,0.88086,0.88852,0.88759,0.88596,0.8857324999999999
4654.0,0.91682,0.88223,0.89129,0.89077,0.8887,0.8882475
4655.0,0.99495,0.88342,0.89408,0.89413,0.89146,0.8907725
4656.0,1.03587,0.88452,0.89664,0.89737,0.89399,0.89313
4657.0,1.09997,0.88553,0.89871,0.90014,0.89604,0.895105
4658.0,1.16103,0.8863,0.90007,0.90201,0.89739,0.8964425
4659.0,0.99422,0.88664,0.90053,0.90264,0.89787,0.8969199999999999
4660.0,0.97219,0.88641,0.89999,0.90188,0.89738,0.896415
4661.0,0.99223,0.88548,0.89846,0.89984,0.89594,0.89493
4662.0,0.92589,0.88413,0.89603,0.89675,0.89366,0.8926425
4663.0,0.79384,0.88282,0.89295,0.89289,0.89079,0.8898625
4664.0,0.70092,0.88164,0.88953,0.8886,0.88763,0.88685
4665.0,0.73231,0.88027,0.88616,0.88433,0.88453,0.8838225
4666.0,0.82273,0.87846,0.88318,0.88071,0.88181,0.88104
4667.0,0.89345,0.87668,0.88088,0.87825,0.87974,0.8788875
4668.0,0.94561,0.87558,0.87942,0.87712,0.87848,0.87765
4669.0,0.89316,0.87518,0.87885,0.87718,0.87805,0.877315
4670.0,0.79353,0.87493,0.87912,0.87813,0.87837,0.8776375
4671.0,0.79044,0.87443,0.88003,0.87967,0.87923,0.8783399999999999
4672.0,0.93105,0.87391,0.88129,0.88151,0.88037,0.87927
4673.0,0.94102,0.87374,0.88259,0.88336,0.88151,0.8803
4674.0,0.85674,0.87384,0.88364,0.8849,0.88236,0.8811850000000001
4675.0,0.9242,0.87374,0.88422,0.88576,0.88272,0.88161
4676.0,1.00681,0.8732,0.88422,0.88571,0.88245,0.881395
4677.0,0.88346,0.87239,0.88359,0.88473,0.88152,0.8805575000000001
4678.0,0.8741,0.87154,0.88237,0.88302,0.87995,0.87922
4679.0,0.97463,0.87054,0.88067,0.88078,0.87789,0.87747
4680.0,0.92018,0.86926,0.87866,0.87823,0.87552,0.8754175
4681.0,0.79579,0.86798,0.87658,0.87567,0.87307,0.8733249999999999
4682.0,0.8016,0.86703,0.87464,0.87329,0.87077,0.8714325
4683.0,0.85861,0.86629,0.87306,0.87125,0.86887,0.8698675
4684.0,0.91313,0.86545,0.87199,0.86986,0.86753,0.8687075
4685.0,1.05392,0.86473,0.87152,0.86937,0.86689,0.8681275
4686.0,0.94306,0.86467,0.87168,0.8698,0.86701,0.86829
4687.0,0.87908,0.86529,0.87246,0.87099,0.86786,0.86915
4688.0,0.84457,0.86597,0.87378,0.87276,0.86934,0.8704624999999999
4689.0,0.80141,0.86643,0.87548,0.87493,0.87128,0.87203
4690.0,0.76889,0.86712,0.87736,0.87732,0.87345,0.8738125
4691.0,0.75132,0.86822,0.87918,0.8797,0.87562,0.87568
4692.0,0.81658,0.86925,0.88074,0.88178,0.87755,0.8773299999999999
4693.0,0.90646,0.86968,0.88186,0.88331,0.87904,0.8784725
4694.0,0.8948,0.86985,0.8824,0.88408,0.87992,0.8790625000000001
4695.0,0.81231,0.87013,0.88228,0.88392,0.88012,0.8791125
4696.0,0.806,0.87016,0.88148,0.88281,0.87962,0.8785175000000001
4697.0,0.89063,0.86939,0.88006,0.88096,0.87849,0.8772249999999999
4698.0,0.89608,0.86811,0.87811,0.87865,0.87684,0.8754275
4699.0,0.8922,0.86713,0.87582,0.87603,0.87486,0.87346
4700.0,0.90497,0.86644,0.87339,0.87324,0.87271,0.871445
4701.0,0.93074,0.86535,0.87103,0.87055,0.87058,0.8693775
4702.0,0.9333,0.86367,0.86888,0.86825,0.86863,0.8673575
4703.0,0.87204,0.86222,0.86706,0.86648,0.86697,0.8656825000000001
4704.0,0.749,0.86161,0.86566,0.86516,0.8657,0.8645324999999999
4705.0,0.62758,0.86148,0.86477,0.86427,0.86486,0.863845
4706.0,0.68418,0.86129,0.8644,0.86389,0.86447,0.8635124999999999
4707.0,0.91945,0.86094,0.86452,0.86405,0.86452,0.8635074999999999
4708.0,1.05751,0.86103,0.86512,0.86478,0.86502,0.8639875
4709.0,0.91997,0.86192,0.8662,0.86606,0.86596,0.865035
4710.0,0.81756,0.8634,0.86775,0.86776,0.86731,0.866555
4711.0,1.1389,0.86501,0.86974,0.86978,0.86907,0.8684000000000001
4712.0,0.99333,0.86639,0.87213,0.87216,0.8712,0.87047
4713.0,0.88877,0.86783,0.87482,0.87498,0.87365,0.87282
4714.0,0.90845,0.86984,0.8777,0.87823,0.87636,0.8755324999999999
4715.0,0.94106,0.87231,0.8807,0.8817,0.87922,0.8784825
4716.0,0.89626,0.87444,0.88369,0.88513,0.88209,0.8813374999999999
4717.0,0.82458,0.87579,0.88652,0.88835,0.88478,0.88386
4718.0,0.80358,0.87686,0.88896,0.89116,0.88714,0.88603
4719.0,0.8372,0.87828,0.89083,0.8933,0.889,0.8878524999999999
4720.0,0.91855,0.87963,0.892,0.89459,0.8902,0.889105
4721.0,1.01883,0.87997,0.89237,0.89496,0.89065,0.8894875
4722.0,1.0258,0.87927,0.89189,0.89442,0.89029,0.8889675000000001
4723.0,0.91518,0.8785,0.8906,0.89293,0.88915,0.8877949999999999
4724.0,0.85923,0.87805,0.88863,0.89051,0.88734,0.8861325
4725.0,0.94108,0.87725,0.88616,0.88734,0.88502,0.8839425
4726.0,0.88966,0.87554,0.88336,0.88383,0.8824,0.8812825000000001
4727.0,0.87749,0.87353,0.88045,0.8804,0.87971,0.8785224999999999
4728.0,0.89233,0.87213,0.87766,0.8773,0.87717,0.876065
4729.0,0.8138,0.87125,0.87526,0.87474,0.87496,0.8740524999999999
4730.0,0.82496,0.87018,0.87341,0.87289,0.87323,0.8724275
4731.0,0.86127,0.8687,0.87219,0.8718,0.87207,0.87119
4732.0,0.80812,0.86771,0.87158,0.87143,0.87151,0.8705575000000001
4733.0,0.75968,0.86781,0.87155,0.87171,0.87151,0.8706449999999999
4734.0,0.7828,0.86823,0.87202,0.87243,0.87196,0.87116
4735.0,0.84948,0.86825,0.87287,0.87352,0.87277,0.8718525
4736.0,0.87442,0.86822,0.87399,0.87495,0.87384,0.87275
4737.0,0.81225,0.86896,0.87527,0.87651,0.87506,0.87395
4738.0,0.77093,0.87031,0.87666,0.87802,0.87636,0.8753375000000001
4739.0,0.82317,0.87132,0.87812,0.8795,0.87767,0.8766525000000001
4740.0,0.84175,0.87175,0.87954,0.88099,0.87896,0.87781
4741.0,0.82672,0.87244,0.88087,0.88246,0.88019,0.8789899999999999
4742.0,0.85181,0.87366,0.88208,0.88379,0.88131,0.8802099999999999
4743.0,0.80796,0.8746,0.88316,0.88495,0.88227,0.8812450000000001
4744.0,0.76749,0.87484,0.88404,0.88594,0.88305,0.8819675
4745.0,0.81875,0.87486,0.88464,0.88669,0.88358,0.8824425
4746.0,0.82109,0.87512,0.88492,0.88706,0.88382,0.88273
4747.0,0.86172,0.8752,0.88485,0.88702,0.88371,0.882695
4748.0,0.8894,0.87463,0.88438,0.88655,0.88325,0.8822024999999999
4749.0,0.85301,0.87367,0.8835,0.88562,0.88242,0.8813024999999999
4750.0,0.87098,0.8728,0.88223,0.8842,0.88123,0.880115
4751.0,0.89355,0.87179,0.8806,0.8824,0.87972,0.8786275
4752.0,0.7322,0.87024,0.87866,0.8803,0.87795,0.8767875
4753.0,0.71989,0.86838,0.87647,0.878,0.87596,0.8747025
4754.0,0.84554,0.86663,0.87409,0.87557,0.8738,0.8725225000000001
4755.0,0.78573,0.865,0.8716,0.87306,0.87154,0.8703
4756.0,0.7313,0.86295,0.86903,0.87051,0.86922,0.8679275
4757.0,0.88473,0.86061,0.86642,0.86794,0.86686,0.8654575
4758.0,0.8355,0.85854,0.86381,0.86534,0.8645,0.8630475000000001
4759.0,0.73631,0.85692,0.86124,0.86264,0.86216,0.8607400000000001
4760.0,0.70173,0.85531,0.85878,0.85992,0.85992,0.8584825
4761.0,0.74579,0.85344,0.8565,0.85738,0.85785,0.8562925
4762.0,0.81425,0.85181,0.85447,0.85516,0.85603,0.8543675000000001
4763.0,0.85833,0.85087,0.85283,0.85337,0.85455,0.852905
4764.0,0.8479,0.85051,0.85172,0.85216,0.85352,0.8519775
4765.0,0.80846,0.85009,0.8512,0.85169,0.85304,0.851505
4766.0,0.82525,0.8496,0.85129,0.85199,0.85314,0.851505
4767.0,0.8917,0.84965,0.85199,0.85301,0.85379,0.85211
4768.0,0.89742,0.85047,0.85323,0.85459,0.85493,0.853305
4769.0,0.83359,0.85155,0.8549,0.85655,0.85648,0.85487
4770.0,0.84217,0.8523,0.85683,0.85878,0.85828,0.8565475
4771.0,0.88743,0.85291,0.85882,0.86119,0.86018,0.8582749999999999
4772.0,0.82829,0.8539,0.86072,0.86355,0.862,0.8600425
4773.0,0.72356,0.85516,0.86243,0.8656,0.86359,0.861695
4774.0,0.72485,0.85601,0.86383,0.86718,0.86488,0.8629749999999999
4775.0,0.85041,0.85624,0.86479,0.86822,0.86576,0.8637524999999999
4776.0,0.79463,0.85634,0.8652,0.86863,0.86615,0.86408
4777.0,0.81493,0.85646,0.86503,0.86835,0.866,0.86396
4778.0,0.91476,0.85633,0.86434,0.86745,0.86534,0.8633649999999999
4779.0,0.91025,0.85579,0.86316,0.866,0.86423,0.862295
4780.0,0.93296,0.855,0.8616,0.86409,0.86277,0.860865
4781.0,0.87692,0.85414,0.85981,0.8619,0.86107,0.8592299999999999
4782.0,0.73762,0.85326,0.85795,0.85967,0.85931,0.8575474999999999
4783.0,0.83837,0.85242,0.85617,0.85758,0.85763,0.85595
4784.0,0.79698,0.85172,0.85464,0.85574,0.85618,0.85457
4785.0,0.83577,0.85119,0.85352,0.85442,0.8551,0.8535575
4786.0,0.8922,0.85071,0.85289,0.85374,0.8545,0.8529599999999999
4787.0,0.86619,0.8505,0.85278,0.85372,0.85441,0.8528525
4788.0,0.7987,0.85076,0.85325,0.8544,0.85484,0.8533124999999999
4789.0,0.81718,0.85125,0.85423,0.85572,0.85575,0.8542375000000001
4790.0,0.81991,0.85169,0.85559,0.85752,0.85704,0.85546
4791.0,0.66504,0.85227,0.85723,0.85964,0.85856,0.8569249999999999
4792.0,0.65369,0.85313,0.85896,0.86184,0.86017,0.858525
4793.0,0.65648,0.85399,0.86063,0.86384,0.8617,0.86004
4794.0,0.62589,0.85472,0.86209,0.86543,0.86303,0.8613175
4795.0,0.67423,0.85524,0.8632,0.86653,0.86404,0.8622525000000001
4796.0,0.93784,0.85565,0.86388,0.86708,0.86466,0.8628175
4797.0,0.93577,0.85608,0.8641,0.86716,0.86486,0.8630500000000001
4798.0,0.74118,0.85628,0.86392,0.86686,0.86467,0.8629325000000001
4799.0,0.61804,0.85606,0.86343,0.86628,0.86418,0.8624875000000001
4800.0,0.65455,0.85566,0.86272,0.86547,0.86347,0.86183
4801.0,0.79494,0.85543,0.86189,0.86446,0.86263,0.8611025000000001
4802.0,0.85227,0.85512,0.861,0.86333,0.86174,0.8602974999999999
4803.0,0.72255,0.85449,0.86008,0.86218,0.86084,0.8593974999999999
4804.0,0.74169,0.8538,0.85915,0.86111,0.85997,0.8585075000000001
4805.0,0.77189,0.8534,0.85828,0.86016,0.85916,0.85775
4806.0,0.79027,0.85326,0.85759,0.85941,0.85849,0.8571875
4807.0,0.79646,0.85296,0.85713,0.85893,0.85803,0.8567625
4808.0,0.78554,0.85259,0.85692,0.85875,0.85781,0.8565175
4809.0,0.78211,0.85245,0.857,0.85888,0.85784,0.8565425
4810.0,0.74245,0.85264,0.85734,0.85931,0.85813,0.8568549999999999
4811.0,0.75826,0.85281,0.85788,0.86002,0.85863,0.857335
4812.0,0.93661,0.85289,0.85856,0.86095,0.85926,0.857915
4813.0,0.97357,0.85304,0.85929,0.86198,0.85995,0.858565
4814.0,0.93575,0.85312,0.85998,0.86297,0.86059,0.859165
4815.0,0.97486,0.85311,0.86052,0.86379,0.8611,0.85963
4816.0,0.85122,0.85312,0.86082,0.86428,0.86137,0.8598975
4817.0,0.63858,0.85297,0.86078,0.86433,0.86133,0.8598525
4818.0,0.64212,0.85232,0.86034,0.86388,0.86092,0.859365
4819.0,0.77173,0.8514,0.85949,0.8629,0.86012,0.8584775
4820.0,0.85015,0.85071,0.85825,0.86141,0.85895,0.8573299999999999
4821.0,0.87068,0.85006,0.85667,0.85953,0.85747,0.8559325
4822.0,0.83667,0.84877,0.85484,0.85749,0.85577,0.8542175000000001
4823.0,0.75903,0.84695,0.85284,0.85541,0.85393,0.8522825
4824.0,0.85932,0.84558,0.85082,0.85331,0.85203,0.850435
4825.0,0.6786,0.84477,0.84894,0.85129,0.85023,0.8488074999999999
4826.0,0.65245,0.8435,0.84724,0.84944,0.84861,0.8471974999999999
4827.0,0.7721,0.84149,0.84566,0.84784,0.84715,0.845535
4828.0,0.71214,0.83996,0.84421,0.84646,0.84582,0.8441125
4829.0,0.68116,0.83931,0.84293,0.84527,0.84463,0.843035
4830.0,0.77978,0.83844,0.84183,0.8443,0.8436,0.8420424999999999
4831.0,0.81101,0.83685,0.84085,0.84351,0.84269,0.840975
4832.0,0.75089,0.8355,0.83994,0.84281,0.84184,0.8400225
4833.0,0.78769,0.8349,0.8391,0.8421,0.84101,0.8392774999999999
4834.0,0.76471,0.8342,0.83833,0.84136,0.84023,0.83853
4835.0,0.61074,0.83288,0.83752,0.84053,0.83943,0.8375900000000001
4836.0,0.82507,0.83165,0.83664,0.83959,0.83856,0.8366100000000001
4837.0,0.70545,0.83104,0.83571,0.83856,0.83761,0.8357299999999999
4838.0,0.69102,0.83017,0.83473,0.83753,0.83662,0.8347625
4839.0,0.85403,0.82862,0.8337,0.83652,0.83559,0.8336075000000001
4840.0,0.90241,0.82721,0.83267,0.83553,0.83452,0.8324825
4841.0,0.76248,0.82627,0.83168,0.8346,0.83344,0.8314975
4842.0,0.65815,0.82476,0.83067,0.83376,0.83235,0.8303849999999999
4843.0,0.79936,0.82232,0.82952,0.83288,0.83113,0.8289624999999999
4844.0,0.88249,0.81987,0.82816,0.8318,0.82965,0.8273699999999999
4845.0,0.82523,0.81765,0.82648,0.83037,0.82782,0.82558
4846.0,0.72394,0.81451,0.82429,0.82845,0.82548,0.8231824999999999
4847.0,0.75217,0.80999,0.82133,0.82588,0.82239,0.8198975000000001
4848.0,0.92909,0.80509,0.81744,0.82238,0.81835,0.8158150000000001
4849.0,0.8816,0.80017,0.8125,0.81771,0.81319,0.8108925
4850.0,0.7876,0.79425,0.80646,0.8117,0.80685,0.804815
4851.0,0.84787,0.78673,0.79917,0.80417,0.79925,0.7973300000000001
4852.0,0.67303,0.7787,0.79058,0.79506,0.79031,0.7886624999999999
4853.0,0.74408,0.77102,0.78082,0.78451,0.78014,0.7791224999999999
4854.0,0.85275,0.76305,0.77009,0.77276,0.76898,0.76872
4855.0,0.64893,0.75406,0.75874,0.76008,0.7572,0.75752
4856.0,0.72865,0.74523,0.74731,0.74695,0.74529,0.7461949999999999
4857.0,0.87246,0.73785,0.73643,0.73409,0.73393,0.735575
4858.0,1.63987,0.73157,0.72659,0.72249,0.72376,0.7261025
4859.0,5.45384,0.72558,0.71826,0.71317,0.71529,0.718075
4860.0,12.31206,0.7206,0.71194,0.70676,0.70902,0.71208
4861.0,17.11539,0.71785,0.70818,0.70353,0.70539,0.7087374999999999
4862.0,14.82845,0.71719,0.70736,0.70357,0.70472,0.70821
4863.0,7.51745,0.71769,0.70941,0.70671,0.70706,0.7102175
4864.0,2.72067,0.71919,0.71381,0.71246,0.71196,0.714355
4865.0,1.03724,0.72231,0.71992,0.72016,0.71872,0.7202774999999999
4866.0,0.81552,0.72702,0.72722,0.72905,0.72672,0.7275024999999999
4867.0,0.81308,0.73259,0.73519,0.73833,0.73541,0.7353799999999999
4868.0,0.72355,0.73845,0.74336,0.74744,0.74428,0.7433825000000001
4869.0,0.71968,0.74472,0.75137,0.75608,0.75292,0.7512725
4870.0,0.8061,0.7512,0.75893,0.76406,0.76107,0.758815
4871.0,0.74964,0.75755,0.76587,0.77127,0.76852,0.7658025
4872.0,0.73099,0.76368,0.77226,0.77772,0.77526,0.77223
4873.0,0.77409,0.76959,0.77817,0.78354,0.78141,0.7781775000000001
4874.0,0.81857,0.77486,0.78354,0.78882,0.78698,0.78355
4875.0,0.79559,0.77941,0.78826,0.79357,0.79188,0.78828
4876.0,0.71256,0.78346,0.79231,0.79777,0.79607,0.7924024999999999
4877.0,0.74802,0.78706,0.79571,0.80129,0.79957,0.7959075
4878.0,0.7825,0.79006,0.7984,0.80402,0.80236,0.79871
4879.0,0.70103,0.79254,0.80039,0.80594,0.80441,0.80082
4880.0,0.76632,0.79438,0.80165,0.80703,0.80575,0.8022024999999999
4881.0,0.84609,0.79557,0.80214,0.80725,0.80636,0.8028299999999999
4882.0,0.75273,0.79656,0.80204,0.80674,0.80635,0.8029225
4883.0,0.8137,0.79774,0.8016,0.80571,0.80594,0.8027475000000001
4884.0,0.81172,0.7986,0.80094,0.80443,0.80535,0.80233
4885.0,0.75347,0.79885,0.80023,0.80316,0.80472,0.80174
4886.0,0.73561,0.79921,0.79975,0.80216,0.80427,0.8013474999999999
4887.0,0.76366,0.80039,0.79979,0.80174,0.80428,0.80155
4888.0,0.76887,0.8019,0.8005,0.8022,0.80494,0.8023849999999999
4889.0,0.73117,0.8031,0.8019,0.80373,0.80629,0.803755
4890.0,0.75855,0.80429,0.80399,0.80631,0.80831,0.805725
4891.0,0.86508,0.80618,0.80676,0.8098,0.81096,0.8084250000000001
4892.0,0.83139,0.80873,0.8102,0.81396,0.81417,0.811765
4893.0,0.7534,0.8112,0.81412,0.81847,0.81781,0.8154
4894.0,0.72806,0.8131,0.81809,0.82298,0.82156,0.8189325000000001
4895.0,0.72335,0.8149,0.82178,0.82711,0.82504,0.8222075
4896.0,0.63504,0.81719,0.82494,0.83058,0.82802,0.8251824999999999
4897.0,0.55921,0.81945,0.82742,0.83321,0.83035,0.8276075
4898.0,0.68424,0.8207,0.82915,0.8349,0.83197,0.82918
4899.0,0.71763,0.82117,0.83009,0.83566,0.83285,0.8299425
4900.0,0.81807,0.82185,0.83032,0.83562,0.83304,0.8302075
4901.0,0.88294,0.82262,0.83,0.83497,0.8327,0.8300725
4902.0,0.72918,0.82247,0.82923,0.83388,0.83194,0.8293799999999999
4903.0,0.65541,0.82143,0.82803,0.83244,0.83082,0.82818
4904.0,0.67961,0.82048,0.82657,0.83077,0.82943,0.8268125000000001
4905.0,0.71267,0.81975,0.82501,0.82895,0.82792,0.8254075000000001
4906.0,0.76912,0.81841,0.82335,0.82707,0.82634,0.8237925
4907.0,0.79695,0.81646,0.82148,0.82518,0.82462,0.821935
4908.0,0.81016,0.81455,0.8194,0.82328,0.82272,0.8199875
4909.0,0.82617,0.81276,0.81716,0.82131,0.82065,0.81797
4910.0,0.76532,0.81062,0.81476,0.81921,0.81843,0.815755
4911.0,0.70374,0.80818,0.81226,0.81692,0.81606,0.813355
4912.0,0.66038,0.80574,0.80962,0.81432,0.81352,0.8108
4913.0,0.65901,0.80335,0.80675,0.81129,0.81076,0.8080375000000001
4914.0,0.72152,0.80087,0.80363,0.80781,0.80774,0.8050124999999999
4915.0,0.81004,0.79839,0.80033,0.80393,0.80452,0.8017925000000001
4916.0,0.85102,0.79605,0.79696,0.79988,0.80122,0.7985275000000001
4917.0,0.79185,0.79405,0.79362,0.79593,0.79798,0.7953950000000001
4918.0,0.62661,0.79242,0.79054,0.79243,0.79501,0.7926
4919.0,0.77074,0.79102,0.78804,0.78965,0.79257,0.79032
4920.0,0.93136,0.78995,0.78644,0.78793,0.79099,0.7888275
4921.0,0.89382,0.78961,0.786,0.78751,0.79048,0.7884000000000001
4922.0,0.78394,0.78999,0.78676,0.78848,0.79114,0.7890925
4923.0,0.70154,0.79055,0.7885,0.79073,0.79282,0.79065
4924.0,0.59832,0.79119,0.7909,0.79401,0.79524,0.792835
4925.0,0.65643,0.7924,0.79381,0.79795,0.79814,0.795575
4926.0,0.68579,0.79418,0.79702,0.80209,0.80131,0.79865
4927.0,0.74268,0.79585,0.80016,0.80598,0.80443,0.801605
4928.0,0.77277,0.79705,0.80288,0.8092,0.80716,0.8040725000000001
4929.0,0.69522,0.79812,0.80497,0.81149,0.80925,0.8059575
4930.0,0.72921,0.79941,0.80629,0.81274,0.8106,0.80726
4931.0,0.80478,0.80065,0.80681,0.81295,0.81117,0.807895
4932.0,0.69435,0.80128,0.80659,0.81222,0.81102,0.8077775
4933.0,0.78137,0.8013,0.80576,0.81079,0.8103,0.8070375000000001
4934.0,0.74296,0.80146,0.80468,0.80903,0.80926,0.8061075
4935.0,0.635,0.80218,0.80372,0.80735,0.80828,0.8053825
4936.0,0.72289,0.80273,0.80301,0.80607,0.80756,0.8048425
4937.0,0.75984,0.80262,0.80258,0.80541,0.80717,0.8044450000000001
4938.0,0.77547,0.80271,0.80261,0.80555,0.80723,0.804525
4939.0,0.77157,0.80386,0.80332,0.80656,0.80788,0.805405
4940.0,0.70107,0.80521,0.80484,0.80835,0.80924,0.80691
4941.0,0.7661,0.80582,0.80697,0.81079,0.81121,0.8086975
4942.0,0.83622,0.80647,0.80937,0.81369,0.8135,0.8107574999999999
4943.0,0.72639,0.80809,0.81187,0.81678,0.81587,0.8131525
4944.0,0.75984,0.80967,0.81428,0.81977,0.81816,0.8154699999999999
4945.0,0.75266,0.81018,0.81636,0.82241,0.82017,0.81728
4946.0,0.87083,0.81053,0.81796,0.82447,0.8217,0.818665
4947.0,1.028,0.81149,0.819,0.82577,0.82267,0.8197325
4948.0,0.93954,0.8118,0.81936,0.82616,0.82301,0.8200825
4949.0,0.73046,0.81082,0.81892,0.82559,0.8226,0.8194825
4950.0,0.71884,0.8099,0.81767,0.82403,0.82144,0.81826
4951.0,0.85433,0.80951,0.8157,0.82154,0.81958,0.8165825
4952.0,0.76409,0.80811,0.8131,0.8183,0.81715,0.814165
4953.0,0.78298,0.80554,0.81003,0.81463,0.8143,0.8111250000000001
4954.0,0.86058,0.80369,0.80675,0.81078,0.81123,0.8081125
4955.0,1.294,0.80274,0.80346,0.80703,0.80819,0.805355
4956.0,3.53368,0.80072,0.80027,0.80365,0.8053,0.8024849999999999
4957.0,10.2065,0.79787,0.79734,0.80086,0.80269,0.79969
4958.0,21.23022,0.79633,0.79506,0.79878,0.80059,0.7976900000000001
4959.0,24.85194,0.79595,0.79368,0.79739,0.79926,0.79657
4960.0,17.07774,0.79458,0.7929,0.79663,0.79856,0.7956675
4961.0,7.30322,0.79262,0.79238,0.79633,0.79816,0.7948725000000001
4962.0,2.16549,0.79201,0.79205,0.79633,0.79793,0.7945800000000001
4963.0,1.08514,0.79235,0.79193,0.79649,0.79787,0.79466
4964.0,0.92476,0.79183,0.79193,0.79669,0.7979,0.7945875
4965.0,0.57132,0.79082,0.79196,0.7969,0.79796,0.7944100000000001
4966.0,0.67116,0.79069,0.79204,0.79714,0.79804,0.7944775
4967.0,0.75239,0.79107,0.79223,0.79741,0.79819,0.7947249999999999
4968.0,0.66618,0.79078,0.79244,0.79775,0.79839,0.79484
4969.0,0.58114,0.79003,0.79262,0.79811,0.79855,0.7948275
4970.0,0.69363,0.78953,0.79266,0.79842,0.79861,0.794805
4971.0,0.81488,0.78916,0.7925,0.79854,0.79847,0.7946675
4972.0,0.74731,0.78833,0.79202,0.7983,0.79803,0.79417
4973.0,0.67719,0.78699,0.79109,0.79754,0.79718,0.7932
4974.0,0.75895,0.78545,0.78963,0.7961,0.79581,0.7917474999999999
4975.0,0.71868,0.78394,0.78758,0.79389,0.79389,0.789825
4976.0,0.64724,0.7823,0.78496,0.79095,0.79142,0.7874075
4977.0,0.76991,0.78019,0.78187,0.78739,0.7885,0.7844875
4978.0,0.69317,0.77782,0.77848,0.78343,0.78529,0.781255
4979.0,0.58579,0.77583,0.77503,0.77935,0.782,0.7780525
4980.0,0.76996,0.77415,0.77174,0.77547,0.77886,0.7750549999999999
4981.0,0.90563,0.77222,0.76876,0.7721,0.77606,0.7722850000000001
4982.0,0.86976,0.77026,0.76624,0.76949,0.77373,0.76993
4983.0,0.78724,0.76911,0.76447,0.76781,0.77207,0.768365
4984.0,0.83739,0.76854,0.7636,0.76712,0.77124,0.7676250000000001
4985.0,0.91349,0.76776,0.76356,0.76737,0.77122,0.7674775
4986.0,1.00317,0.76706,0.76418,0.76839,0.77183,0.767865
4987.0,1.03477,0.76718,0.76528,0.76996,0.7729,0.7688299999999999
4988.0,0.96391,0.76765,0.7666,0.77183,0.77421,0.7700725
4989.0,0.93031,0.76768,0.76791,0.77373,0.77552,0.77121
4990.0,0.855,0.76757,0.76908,0.77544,0.77667,0.7721899999999999
4991.0,0.70426,0.76794,0.77002,0.77676,0.77757,0.7730724999999999
4992.0,0.97659,0.76822,0.77066,0.77757,0.77815,0.7736500000000001
4993.0,0.93884,0.76778,0.77083,0.77777,0.77831,0.7736725
4994.0,0.69605,0.76703,0.77043,0.77733,0.77793,0.77318
4995.0,0.65977,0.76648,0.76955,0.77624,0.77705,0.77233
4996.0,0.76347,0.76565,0.76819,0.77454,0.77571,0.7710225
4997.0,0.81348,0.76409,0.76632,0.77233,0.77391,0.7691625
4998.0,0.7211,0.76227,0.76403,0.7697,0.77171,0.7669275000000001
4999.0,0.66522,0.76069,0.7614,0.76681,0.76922,0.7645299999999999
5000.0,0.70189,0.75897,0.7586,0.76378,0.76655,0.7619750000000001
5001.0,1.0013,0.75671,0.75582,0.76078,0.7639,0.7593025
5002.0,1.20925,0.75434,0.75317,0.75792,0.76137,0.7566999999999999
5003.0,2.4618,0.75244,0.75067,0.75529,0.75899,0.7543475
5004.0,9.71246,0.7506,0.74829,0.75293,0.75676,0.752145
5005.0,30.56565,0.74833,0.74597,0.75083,0.75462,0.7499375
5006.0,65.71629,0.74611,0.74379,0.74893,0.75259,0.747855
5007.0,72.09598,0.74453,0.7419,0.74715,0.75077,0.7460875
5008.0,48.72943,0.74311,0.74029,0.74544,0.74919,0.7445075
5009.0,20.36017,0.74131,0.73875,0.74372,0.74769,0.7428675
5010.0,4.88142,0.73963,0.73715,0.74201,0.74617,0.7412399999999999
5011.0,1.91947,0.7387,0.73558,0.74033,0.74465,0.739815
5012.0,1.26281,0.73808,0.7341,0.7388,0.74322,0.7385499999999999
5013.0,1.02941,0.73713,0.73288,0.73753,0.74202,0.73739
5014.0,0.95099,0.73633,0.73207,0.73665,0.74118,0.7365575
5015.0,0.93575,0.73641,0.7318,0.73628,0.74085,0.736335
5016.0,0.93139,0.73694,0.73208,0.73647,0.74105,0.736635
5017.0,0.89694,0.73719,0.73281,0.73726,0.74174,0.73725
5018.0,0.8185,0.73758,0.73392,0.73858,0.74284,0.7382299999999999
5019.0,0.76335,0.73877,0.73548,0.74037,0.74435,0.7397425
5020.0,0.82866,0.74032,0.73742,0.74252,0.74622,0.74162
5021.0,0.78735,0.74163,0.73955,0.74491,0.7483,0.7435975
5022.0,0.75247,0.74295,0.74175,0.74746,0.75047,0.7456575000000001
5023.0,0.79673,0.74463,0.74408,0.75006,0.75273,0.747875
5024.0,0.85646,0.74642,0.74652,0.75266,0.75507,0.7501675
5025.0,0.83325,0.748,0.74885,0.75518,0.75734,0.7523425
5026.0,0.78313,0.74929,0.75093,0.75755,0.75936,0.7542825
5027.0,0.84028,0.75035,0.75267,0.75966,0.76106,0.7559349999999999
5028.0,0.62236,0.75129,0.75405,0.76142,0.76242,0.7572949999999999
5029.0,0.62536,0.75208,0.75509,0.76266,0.76343,0.758315
5030.0,0.71504,0.75236,0.75558,0.76326,0.76396,0.7587900000000001
5031.0,0.75483,0.75202,0.75541,0.7631,0.76385,0.758595
5032.0,0.79341,0.75149,0.75461,0.76209,0.76311,0.757825
5033.0,0.8221,0.75095,0.75319,0.76025,0.76177,0.75654
5034.0,0.74651,0.75008,0.75113,0.75768,0.75984,0.7546825
5035.0,0.81062,0.74877,0.74854,0.75457,0.75741,0.7523225
5036.0,0.77748,0.74735,0.74577,0.75122,0.75477,0.7497775000000001
5037.0,0.70595,0.7462,0.74321,0.74796,0.75228,0.7474124999999999
5038.0,0.66065,0.74532,0.74098,0.74513,0.75014,0.7453925
5039.0,0.6419,0.7444,0.73909,0.74301,0.74838,0.7437199999999999
5040.0,0.6923,0.74343,0.7377,0.74181,0.74711,0.7425125
5041.0,0.83742,0.74309,0.7371,0.74161,0.74655,0.7420875
5042.0,0.87246,0.74347,0.73752,0.74234,0.74688,0.7425525
5043.0,0.79419,0.74378,0.7388,0.74383,0.74802,0.7436075
5044.0,0.72332,0.74394,0.74054,0.74585,0.74964,0.7449925
5045.0,0.72101,0.74492,0.7425,0.74815,0.75148,0.7467625
5046.0,0.75089,0.74659,0.74458,0.7505,0.75341,0.74877
5047.0,0.73734,0.74779,0.74656,0.75276,0.75528,0.7505974999999999
5048.0,0.69478,0.74873,0.74836,0.75485,0.75699,0.7522325000000001
5049.0,0.75924,0.75046,0.75014,0.7568,0.75864,0.7540100000000001
5050.0,0.77141,0.75252,0.75203,0.75866,0.76034,0.7558875
5051.0,0.70171,0.75382,0.75395,0.76051,0.76211,0.7575974999999999
5052.0,0.65741,0.75483,0.75587,0.76241,0.76388,0.7592475
5053.0,0.7355,0.75637,0.75776,0.76436,0.76565,0.761035
5054.0,0.80442,0.75796,0.75955,0.76629,0.76734,0.7627849999999999
5055.0,0.74083,0.75873,0.76111,0.76808,0.76883,0.7641874999999999
5056.0,0.75098,0.7591,0.76228,0.76959,0.76999,0.7652399999999999
5057.0,0.66908,0.75966,0.76304,0.77065,0.77077,0.76603
5058.0,0.6671,0.76021,0.76336,0.77112,0.77113,0.766455
5059.0,0.77749,0.76,0.76315,0.77092,0.77097,0.76626
5060.0,0.84795,0.75905,0.76241,0.77002,0.77029,0.7654425
5061.0,0.78258,0.75823,0.76119,0.76846,0.76915,0.7642575
5062.0,0.68344,0.75775,0.75953,0.76636,0.76757,0.7628025
5063.0,0.70577,0.7565,0.75742,0.76388,0.76559,0.7608475
5064.0,0.64785,0.75433,0.75494,0.7612,0.7633,0.7584425
5065.0,0.72657,0.75274,0.75238,0.7585,0.7609,0.75613
5066.0,0.87089,0.75175,0.75009,0.75593,0.75868,0.7541125
5067.0,0.82012,0.74977,0.74795,0.75359,0.75665,0.75199
5068.0,0.72622,0.74709,0.74582,0.75151,0.75469,0.7497775000000001
5069.0,0.76721,0.74563,0.74382,0.74967,0.75285,0.7479925000000001
5070.0,0.61042,0.74463,0.74201,0.74799,0.75117,0.7464500000000001
5071.0,0.68645,0.74228,0.74019,0.74639,0.74951,0.7445925
5072.0,0.7665,0.73981,0.73829,0.74475,0.74778,0.7426575000000001
5073.0,0.72175,0.73895,0.73644,0.743,0.74606,0.7411125
5074.0,0.66848,0.73805,0.73468,0.74109,0.74439,0.7395525000000001
5075.0,0.70419,0.73568,0.73287,0.73905,0.74269,0.7375725000000001
5076.0,0.82959,0.73394,0.73107,0.73695,0.74098,0.7357349999999999
5077.0,0.97122,0.73387,0.72946,0.73494,0.73942,0.7344225
5078.0,0.84438,0.73332,0.72802,0.73319,0.73804,0.7331425
5079.0,0.73849,0.73176,0.72674,0.73187,0.73688,0.7318125
5080.0,0.77936,0.73137,0.72597,0.73114,0.73615,0.7311574999999999
5081.0,0.82191,0.73226,0.726,0.73111,0.73613,0.7313750000000001
5082.0,0.7548,0.73242,0.72671,0.73183,0.73678,0.731935
5083.0,0.69843,0.73217,0.72789,0.73326,0.73791,0.7328075
5084.0,0.83817,0.73313,0.72951,0.73528,0.73945,0.7343425
5085.0,0.83603,0.7347,0.73155,0.73774,0.74135,0.736335
5086.0,0.789,0.73539,0.73371,0.74041,0.74342,0.7382325
5087.0,0.79706,0.73586,0.73578,0.74306,0.74541,0.7400275
5088.0,0.83783,0.73713,0.73764,0.74546,0.74721,0.74186
5089.0,0.8667,0.73843,0.73922,0.74743,0.74873,0.7434525000000001
5090.0,0.84422,0.73876,0.74039,0.7488,0.74985,0.74445
5091.0,0.73456,0.73875,0.74107,0.74949,0.75046,0.7449425
5092.0,0.77283,0.73911,0.74125,0.74945,0.75055,0.74509
5093.0,0.78546,0.73927,0.74092,0.74872,0.75016,0.7447675
5094.0,0.69971,0.73856,0.74,0.74739,0.74927,0.743805
5095.0,0.63625,0.7375,0.73855,0.7456,0.74789,0.7423850000000001
5096.0,0.70969,0.73686,0.73676,0.74351,0.74617,0.7408250000000001
5097.0,0.8144,0.73618,0.73477,0.7413,0.74429,0.739135
5098.0,0.69735,0.7348,0.73271,0.73913,0.74236,0.73725
5099.0,0.72919,0.73328,0.73075,0.7371,0.74051,0.73541
5100.0,0.80385,0.73238,0.72911,0.73529,0.73895,0.7339325
5101.0,0.79306,0.73157,0.72782,0.73374,0.73771,0.73271
5102.0,0.71395,0.7303,0.72667,0.73244,0.73666,0.7315175
5103.0,0.64632,0.72922,0.72561,0.73138,0.73571,0.73048
5104.0,0.6726,0.72891,0.72474,0.73057,0.73492,0.7297850000000001
5105.0,0.90233,0.72861,0.72414,0.73,0.73439,0.729285
5106.0,0.92628,0.72793,0.72382,0.72973,0.73413,0.7289025
5107.0,0.80275,0.72782,0.72379,0.72979,0.73414,0.728885
5108.0,0.68319,0.72835,0.72414,0.73024,0.73447,0.7293000000000001
5109.0,0.63454,0.72854,0.72486,0.73108,0.73514,0.7299049999999999
5110.0,0.67701,0.72854,0.72582,0.73228,0.73605,0.7306725
5111.0,0.79236,0.72903,0.72702,0.73378,0.73718,0.7317524999999999
5112.0,0.73355,0.72958,0.72834,0.73542,0.73842,0.73294
5113.0,0.73823,0.7297,0.72948,0.73703,0.73955,0.7339399999999999
5114.0,0.7211,0.72977,0.73033,0.7384,0.74043,0.7347325
5115.0,0.65952,0.72986,0.73086,0.7393,0.74096,0.7352449999999999
5116.0,0.67229,0.72949,0.73092,0.73957,0.74102,0.73525
5117.0,0.77469,0.7288,0.73046,0.73908,0.74056,0.734725
5118.0,0.67413,0.7281,0.72938,0.73778,0.73951,0.7336925
5119.0,0.63302,0.727,0.72766,0.73572,0.73786,0.73206
5120.0,0.7587,0.7255,0.72539,0.73302,0.7357,0.7299025
5121.0,0.86885,0.72411,0.72276,0.72988,0.73317,0.72748
5122.0,0.85029,0.72261,0.71996,0.72654,0.73046,0.7248924999999999
5123.0,0.77612,0.72079,0.71711,0.72325,0.72775,0.722225
5124.0,0.76181,0.71915,0.71447,0.72027,0.72524,0.7197824999999999
5125.0,0.6978,0.71776,0.71232,0.71778,0.72315,0.7177524999999999
5126.0,0.73009,0.71631,0.71065,0.71592,0.72153,0.7161025
5127.0,0.80077,0.715,0.70938,0.71474,0.72035,0.7148675
5128.0,0.78553,0.71402,0.70851,0.71421,0.71957,0.7140775
5129.0,0.68179,0.7132,0.70802,0.71421,0.71919,0.7136549999999999
5130.0,0.63425,0.71243,0.70791,0.7146,0.71915,0.7135225
5131.0,0.73142,0.71184,0.70808,0.71517,0.71933,0.713605
5132.0,0.6907,0.71134,0.70829,0.71575,0.71956,0.713735
5133.0,0.67975,0.7109,0.70837,0.71615,0.7197,0.71378
5134.0,0.7413,0.71044,0.70833,0.71625,0.71967,0.7136724999999999
5135.0,0.78164,0.70974,0.70812,0.71596,0.71943,0.7133125
5136.0,0.72914,0.7092,0.70753,0.71527,0.71888,0.71272
5137.0,0.64699,0.70877,0.70653,0.71422,0.71796,0.71187
5138.0,0.64515,0.70791,0.70529,0.71288,0.71681,0.7107224999999999
5139.0,0.63014,0.70685,0.70395,0.71138,0.71554,0.70943
5140.0,0.72393,0.70631,0.70273,0.70981,0.71432,0.7082925
5141.0,0.78971,0.70571,0.70155,0.70828,0.71316,0.7071750000000001
5142.0,0.74003,0.70455,0.70024,0.70688,0.71196,0.7059075
5143.0,0.68897,0.70374,0.69904,0.70567,0.71084,0.7048225
5144.0,0.72282,0.70353,0.69819,0.70468,0.71002,0.704105
5145.0,0.80884,0.70306,0.69755,0.70395,0.70942,0.703495
5146.0,0.81424,0.70235,0.69702,0.70348,0.70897,0.702955
5147.0,0.71593,0.70227,0.69678,0.7033,0.70876,0.7027774999999999
5148.0,0.63615,0.70249,0.69694,0.70343,0.70888,0.7029349999999999
5149.0,0.68077,0.70243,0.69746,0.70388,0.70934,0.7032775
5150.0,0.77681,0.7024,0.69818,0.70467,0.71002,0.7038175000000001
5151.0,0.79579,0.70266,0.699,0.70579,0.71082,0.7045675
5152.0,0.69612,0.70294,0.69995,0.70718,0.71177,0.70546
5153.0,0.7035,0.70293,0.70101,0.70874,0.7128,0.70637
5154.0,0.71217,0.70255,0.70204,0.7103,0.71377,0.707165
5155.0,0.67705,0.70189,0.70281,0.71161,0.7145,0.7077025
5156.0,0.7564,0.70105,0.70304,0.7124,0.71473,0.707805
5157.0,0.76252,0.69963,0.70245,0.71237,0.71422,0.7071675
5158.0,0.68655,0.69737,0.70083,0.71121,0.71279,0.70555
5159.0,0.69045,0.69471,0.6981,0.70869,0.71031,0.7029525000000001
5160.0,0.72909,0.69172,0.69427,0.70466,0.70672,0.6993425
5161.0,0.74565,0.68775,0.68929,0.6991,0.70194,0.69452
5162.0,0.73536,0.6831,0.68311,0.69214,0.69603,0.688595
5163.0,0.68116,0.67869,0.67601,0.68407,0.68933,0.682025
5164.0,0.73978,0.67409,0.66846,0.67529,0.68226,0.675025
5165.0,0.797,0.66891,0.66072,0.66631,0.67497,0.6677274999999999
5166.0,0.62935,0.66421,0.65306,0.65769,0.66775,0.6606774999999999
5167.0,0.46553,0.66023,0.64605,0.64997,0.66116,0.6543525000000001
5168.0,0.56306,0.65599,0.64041,0.64362,0.65584,0.648965
5169.0,0.65453,0.6522,0.63648,0.63898,0.65211,0.6449425
5170.0,0.57158,0.65021,0.63401,0.63623,0.64982,0.6425675
5171.0,0.54109,0.64869,0.63247,0.63538,0.64856,0.641275
5172.0,0.64316,0.64674,0.63177,0.63622,0.64813,0.640715
5173.0,0.74713,0.64615,0.63235,0.63842,0.64876,0.64142
5174.0,0.76233,0.64704,0.63432,0.6415,0.65073,0.6433975
5175.0,0.75567,0.64734,0.63703,0.64498,0.6535,0.6457124999999999
5176.0,0.73287,0.64749,0.63979,0.6484,0.65625,0.6479825
5177.0,0.71177,0.64933,0.64238,0.65134,0.65867,0.65043
5178.0,0.68614,0.65141,0.64472,0.6536,0.66074,0.6526175
5179.0,0.66763,0.65212,0.64663,0.65511,0.66247,0.6540825
5180.0,0.67684,0.65336,0.6481,0.65606,0.66384,0.65534
5181.0,0.69499,0.65591,0.6492,0.65673,0.66484,0.65667
5182.0,0.65293,0.65797,0.65,0.6574,0.66553,0.657725
5183.0,0.71891,0.6592,0.6508,0.65837,0.66624,0.6586525000000001
5184.0,0.71614,0.66116,0.65247,0.65991,0.66768,0.6603049999999999
5185.0,0.68819,0.66381,0.65528,0.66215,0.67017,0.6628525000000001
5186.0,0.72837,0.66601,0.6586,0.66508,0.67326,0.6657375
5187.0,0.81198,0.66796,0.66194,0.66856,0.67646,0.6687299999999999
5188.0,0.82242,0.67038,0.66525,0.67239,0.67962,0.67191
5189.0,0.78241,0.67335,0.66865,0.67634,0.68284,0.6752950000000001
5190.0,0.73353,0.67591,0.67209,0.68022,0.68608,0.678575
5191.0,0.77231,0.67775,0.67518,0.68392,0.68903,0.68147
5192.0,0.79656,0.67999,0.67788,0.6873,0.69161,0.684195
5193.0,0.64201,0.68267,0.68067,0.69025,0.69409,0.68692
5194.0,0.45432,0.68432,0.68347,0.69277,0.6965,0.689265
5195.0,0.53659,0.68526,0.68569,0.69485,0.6985,0.6910750000000001
5196.0,0.68426,0.6869,0.6872,0.69644,0.69997,0.6926275
5197.0,0.83818,0.68811,0.68814,0.69744,0.7009,0.6936475
5198.0,0.89058,0.68804,0.68851,0.69779,0.70123,0.6938925
5199.0,0.78033,0.6882,0.68827,0.69746,0.70096,0.6937225
5200.0,0.69838,0.68866,0.68742,0.69642,0.70017,0.6931674999999999
5201.0,0.70082,0.68805,0.68605,0.69469,0.69888,0.6919175
5202.0,0.68226,0.68727,0.68442,0.69245,0.69725,0.6903475
5203.0,0.62208,0.68728,0.68272,0.68995,0.69551,0.6888650000000001
5204.0,0.66236,0.68681,0.68093,0.68748,0.69377,0.6872475
5205.0,0.81278,0.68597,0.67929,0.68535,0.69217,0.6856949999999999
5206.0,0.77177,0.68612,0.67821,0.68387,0.69107,0.6848174999999999
5207.0,0.65629,0.68656,0.67783,0.68326,0.69069,0.684585
5208.0,0.62408,0.68652,0.67807,0.68366,0.69099,0.6848099999999999
5209.0,0.69638,0.68713,0.67912,0.68507,0.69205,0.6858425
5210.0,0.70515,0.68859,0.68108,0.68742,0.69393,0.687755
5211.0,0.63168,0.68969,0.68373,0.69049,0.69646,0.6900925
5212.0,0.73767,0.69076,0.68677,0.69405,0.69937,0.6927375
5213.0,0.67215,0.6925,0.68986,0.69776,0.70236,0.69562
5214.0,0.6584,0.69429,0.69269,0.70135,0.70509,0.6983550000000001
5215.0,0.75264,0.69553,0.69508,0.70455,0.70737,0.7006325
5216.0,0.77973,0.69664,0.69702,0.70716,0.7092,0.702505
5217.0,0.69232,0.69796,0.69851,0.70898,0.7106,0.7040124999999999
5218.0,0.75663,0.69882,0.69952,0.70993,0.71154,0.7049525
5219.0,0.78554,0.69901,0.70003,0.70999,0.71199,0.7052550000000001
5220.0,0.65716,0.69917,0.69995,0.70923,0.71186,0.7050525
5221.0,0.63033,0.69957,0.69929,0.70779,0.71114,0.7044475
5222.0,0.77835,0.6994,0.69811,0.7059,0.70995,0.7033400000000001
5223.0,0.86027,0.69869,0.69651,0.70377,0.70839,0.70184
5224.0,0.65294,0.69866,0.6947,0.70165,0.70664,0.7004125
5225.0,0.68472,0.6987,0.693,0.6998,0.70501,0.6991275
5226.0,0.64503,0.69811,0.69174,0.69847,0.70377,0.6980225
5227.0,0.68426,0.69806,0.69123,0.69782,0.70324,0.6975875
5228.0,0.81183,0.69884,0.69178,0.69796,0.70367,0.6980625
5229.0,0.83679,0.6993,0.69306,0.6989,0.70483,0.6990225
5230.0,0.72411,0.69977,0.69462,0.70058,0.70634,0.7003275
5231.0,0.63074,0.70132,0.69645,0.7029,0.70814,0.7022025000000001
5232.0,0.58979,0.70284,0.69846,0.70571,0.71016,0.7042925
5233.0,0.59846,0.70388,0.70063,0.70883,0.7123,0.70641
5234.0,0.62996,0.70558,0.70308,0.71202,0.71467,0.7088375
5235.0,0.6582,0.70741,0.70578,0.71509,0.71725,0.7113825
5236.0,0.69014,0.70856,0.70858,0.71792,0.71985,0.7137275
5237.0,0.70751,0.70989,0.71113,0.72039,0.72216,0.7158925
5238.0,0.67443,0.71148,0.71299,0.72241,0.72397,0.7177125
5239.0,0.59412,0.71225,0.7141,0.72387,0.7252,0.718855
5240.0,0.6238,0.71257,0.71471,0.7247,0.72586,0.71946
5241.0,0.80687,0.71326,0.7148,0.72482,0.72596,0.71971
5242.0,0.70358,0.7133,0.71433,0.72423,0.72553,0.7193475
5243.0,0.62081,0.71248,0.71346,0.72298,0.72467,0.7183975
5244.0,0.66928,0.71208,0.71234,0.72122,0.72354,0.717295
5245.0,0.67098,0.71171,0.71089,0.7191,0.72209,0.7159475000000001
5246.0,0.63653,0.71042,0.70889,0.71679,0.72023,0.7140825
5247.0,0.72528,0.70908,0.70665,0.71449,0.7182,0.712105
5248.0,0.64781,0.70827,0.70483,0.71239,0.71647,0.7104900000000001
5249.0,0.63917,0.70704,0.7034,0.71062,0.71507,0.7090325
5250.0,0.70639,0.70531,0.70209,0.70924,0.71383,0.7076175
5251.0,0.76988,0.70403,0.701,0.70827,0.7128,0.706525
5252.0,0.76679,0.70289,0.7002,0.70772,0.71202,0.7057075
5253.0,0.68551,0.7012,0.69939,0.7074,0.71129,0.70482
5254.0,0.56827,0.69938,0.69825,0.70704,0.71034,0.7037525
5255.0,0.54576,0.69757,0.69674,0.70642,0.70905,0.702445
5256.0,0.62519,0.69554,0.69513,0.7053,0.7075,0.7008675000000001
5257.0,0.71493,0.69322,0.69323,0.70343,0.70566,0.698885
5258.0,0.73345,0.69048,0.69064,0.70063,0.70325,0.69625
5259.0,0.70995,0.68761,0.68732,0.69687,0.70006,0.692965
5260.0,0.74584,0.685,0.68326,0.69228,0.69605,0.6891475
5261.0,0.79812,0.68209,0.67841,0.687,0.6914,0.684725
5262.0,0.74342,0.67853,0.67319,0.68126,0.68652,0.679875
5263.0,0.65843,0.67559,0.66821,0.67544,0.68174,0.675245
5264.0,0.67884,0.6735,0.66378,0.66995,0.67734,0.6711425
5265.0,0.67644,0.6709,0.65999,0.66518,0.67358,0.6674125
5266.0,0.61951,0.66854,0.65706,0.66149,0.67072,0.6644525000000001
5267.0,0.61433,0.66795,0.65526,0.65917,0.66898,0.66284
5268.0,0.6607,0.66761,0.65441,0.65835,0.66827,0.6621600000000001
5269.0,0.72292,0.66685,0.65437,0.65906,0.66838,0.662165
5270.0,0.77605,0.66787,0.65561,0.66124,0.66961,0.6635825
5271.0,0.77554,0.67009,0.65851,0.66468,0.67229,0.6663924999999999
5272.0,0.72082,0.67151,0.66247,0.66905,0.67604,0.6697675
5273.0,0.5724,0.67348,0.66677,0.67407,0.6802,0.67363
5274.0,0.42591,0.67714,0.67125,0.67956,0.68454,0.6781225000000001
5275.0,0.84673,0.6805,0.67586,0.68521,0.68899,0.68264
5276.0,2.08102,0.68323,0.68056,0.69062,0.69357,0.686995
5277.0,1.4173,0.68694,0.68534,0.69558,0.69821,0.6915175
5278.0,1.10246,0.69082,0.68999,0.70003,0.70256,0.69585
5279.0,1.11142,0.69384,0.69421,0.70396,0.70641,0.699605
5280.0,0.89172,0.69694,0.69782,0.70746,0.7098,0.703005
5281.0,0.55258,0.70028,0.70084,0.71058,0.71277,0.7061175
5282.0,0.72,0.70303,0.70352,0.71336,0.71538,0.7088225
5283.0,0.61095,0.70526,0.70598,0.71586,0.71773,0.7112075
5284.0,0.60466,0.70745,0.70835,0.71819,0.71995,0.7134849999999999
5285.0,0.67015,0.7094,0.71075,0.72036,0.72216,0.7156675
5286.0,0.67028,0.7108,0.71284,0.72229,0.72419,0.71753
5287.0,0.65534,0.71185,0.71425,0.7239,0.72562,0.718905
5288.0,0.67353,0.71276,0.71489,0.72505,0.72631,0.7197525
5289.0,0.70135,0.71333,0.71494,0.72559,0.7264,0.720065
5290.0,0.6857,0.71334,0.7146,0.72537,0.7261,0.7198525
5291.0,0.73563,0.71302,0.71388,0.72438,0.72543,0.7191775
5292.0,0.82026,0.71279,0.71277,0.72272,0.72429,0.7181424999999999
5293.0,0.65052,0.71236,0.7113,0.72057,0.72276,0.7167475
5294.0,0.64289,0.71151,0.7096,0.71812,0.72108,0.7150775
5295.0,0.79886,0.71085,0.70776,0.7156,0.71936,0.7133925
5296.0,0.74117,0.71043,0.7059,0.71331,0.71761,0.7118125
5297.0,0.59067,0.70982,0.70427,0.71151,0.71602,0.710405
5298.0,0.75963,0.70942,0.70327,0.71038,0.71499,0.7095150000000001
5299.0,0.87854,0.70955,0.70313,0.71002,0.71481,0.7093775
5300.0,0.74332,0.70965,0.70366,0.71048,0.71536,0.7097875
5301.0,0.6141,0.70976,0.70456,0.71177,0.71632,0.7106025
5302.0,0.62523,0.71064,0.70593,0.71379,0.71768,0.71201
5303.0,0.66548,0.71167,0.70779,0.71628,0.71949,0.7138075
5304.0,0.56449,0.71233,0.70988,0.71893,0.72158,0.71568
5305.0,0.63123,0.71332,0.71194,0.72156,0.72362,0.71761
5306.0,0.59267,0.71444,0.71382,0.72402,0.72543,0.7194274999999999
5307.0,0.64515,0.71518,0.7155,0.72612,0.72699,0.7209475000000001
5308.0,0.80053,0.71585,0.71687,0.7277,0.72829,0.7221775
5309.0,0.80761,0.71639,0.71783,0.72868,0.72927,0.7230424999999999
5310.0,0.64445,0.71639,0.71835,0.72905,0.72977,0.72339
5311.0,0.58305,0.71616,0.71837,0.72887,0.72972,0.72328
5312.0,0.68011,0.71581,0.71781,0.72817,0.72913,0.72273
5313.0,0.73865,0.71486,0.71666,0.72694,0.72806,0.72163
5314.0,0.67032,0.71346,0.71503,0.7252,0.72651,0.7200500000000001
5315.0,0.66052,0.71199,0.71294,0.723,0.72449,0.718105
5316.0,0.65392,0.71009,0.71041,0.72039,0.72202,0.7157275000000001
5317.0,0.65346,0.70767,0.70759,0.71741,0.71933,0.7130000000000001
5318.0,0.72165,0.70526,0.70461,0.71404,0.71646,0.7100925
5319.0,0.75463,0.70287,0.70124,0.71033,0.71315,0.7068975
5320.0,0.64257,0.69998,0.69736,0.70635,0.7094,0.7032725000000001
5321.0,0.65347,0.69702,0.69332,0.70221,0.70564,0.6995475
5322.0,0.58285,0.69464,0.68953,0.69796,0.70209,0.6960550000000001
5323.0,0.53332,0.69221,0.68597,0.69379,0.69866,0.6926574999999999
5324.0,0.57861,0.68955,0.68264,0.68991,0.69539,0.6893724999999999
5325.0,0.65467,0.6876,0.67986,0.68654,0.69264,0.6866599999999999
5326.0,0.62376,0.6862,0.67768,0.68384,0.69055,0.6845675
5327.0,0.59452,0.68454,0.67575,0.68204,0.68883,0.68279
5328.0,0.59516,0.68344,0.67428,0.68125,0.68753,0.6816249999999999
5329.0,0.63158,0.6834,0.6741,0.68142,0.68735,0.6815675
5330.0,0.6637,0.68312,0.67517,0.68236,0.68836,0.6822524999999999
5331.0,0.63907,0.68282,0.67668,0.68404,0.68987,0.6833525
5332.0,0.62568,0.68361,0.67818,0.68639,0.69138,0.68489
5333.0,0.76422,0.68451,0.67973,0.68904,0.69297,0.6865625
5334.0,1.00159,0.68523,0.68148,0.69155,0.69481,0.6882674999999999
5335.0,0.99376,0.68629,0.68322,0.69368,0.6966,0.6899475
5336.0,0.66476,0.68729,0.6848,0.6954,0.69805,0.691385
5337.0,0.68025,0.68827,0.68627,0.69669,0.69927,0.6926249999999999
5338.0,0.68787,0.68943,0.68748,0.69753,0.70035,0.6936975000000001
5339.0,0.56563,0.69034,0.68815,0.69798,0.70106,0.6943825
5340.0,0.56889,0.69116,0.6884,0.69819,0.70134,0.6947725
5341.0,0.72266,0.69228,0.68873,0.69833,0.70157,0.6952274999999999
5342.0,0.67276,0.69324,0.68941,0.69847,0.70215,0.6958175
5343.0,0.67261,0.69398,0.69028,0.69879,0.70298,0.6965075000000001
5344.0,0.73952,0.69518,0.69118,0.69945,0.70383,0.69741
5345.0,0.78118,0.69646,0.6921,0.70048,0.70468,0.6984299999999999
5346.0,0.75125,0.69746,0.6932,0.70182,0.70576,0.6995600000000001
5347.0,0.69843,0.69891,0.69464,0.70345,0.7072,0.70105
5348.0,0.72108,0.70039,0.69635,0.70538,0.70884,0.7027399999999999
5349.0,0.71333,0.70154,0.69832,0.70763,0.7107,0.7045475000000001
5350.0,0.69658,0.7031,0.70063,0.71011,0.71291,0.7066874999999999
5351.0,0.68458,0.70465,0.70307,0.7127,0.71531,0.7089325
5352.0,0.67039,0.7057,0.70532,0.7153,0.71756,0.7109699999999999
5353.0,0.66394,0.70683,0.70723,0.71778,0.71945,0.7128225
5354.0,0.67416,0.70799,0.70888,0.71993,0.72106,0.714465
5355.0,0.69516,0.70856,0.71018,0.72155,0.72236,0.7156625000000001
5356.0,0.69906,0.70877,0.71092,0.72253,0.72312,0.7163349999999999
5357.0,0.65528,0.70892,0.71107,0.7228,0.72325,0.71651
5358.0,0.58672,0.70857,0.71065,0.72229,0.72284,0.7160875000000001
5359.0,0.66534,0.70776,0.70964,0.72096,0.72187,0.7150575
5360.0,0.72135,0.70679,0.70797,0.7189,0.72027,0.7134825
5361.0,0.68348,0.70537,0.70569,0.71621,0.71802,0.7113225000000001
5362.0,0.64032,0.70375,0.70295,0.71303,0.71529,0.7087549999999999
5363.0,0.70381,0.70223,0.69988,0.70952,0.71231,0.705985
5364.0,0.7097,0.7003,0.69667,0.70588,0.70926,0.7030275
5365.0,0.67048,0.69839,0.69367,0.70236,0.70639,0.7002025
5366.0,0.66371,0.69694,0.69115,0.69915,0.70388,0.69778
5367.0,0.6804,0.69531,0.68901,0.69641,0.70175,0.69562
5368.0,0.65838,0.69382,0.6872,0.69429,0.69998,0.6938225
5369.0,0.61465,0.69305,0.68572,0.69292,0.69858,0.6925675
5370.0,0.64925,0.69227,0.68465,0.69233,0.6976,0.6917125000000001
5371.0,0.7288,0.69158,0.68426,0.69247,0.69727,0.691395
5372.0,0.73768,0.69167,0.68483,0.69325,0.69781,0.69189
5373.0,0.66813,0.69179,0.68618,0.69461,0.69908,0.692915
5374.0,0.71547,0.69173,0.68773,0.69647,0.70061,0.694135
5375.0,0.73331,0.69237,0.68919,0.69861,0.7021,0.6955674999999999
5376.0,0.66751,0.69311,0.69046,0.70072,0.70344,0.6969325000000001
5377.0,0.629,0.6933,0.69159,0.70252,0.70463,0.69801
5378.0,0.71432,0.69384,0.69269,0.70392,0.70568,0.6990325000000001
5379.0,0.83358,0.69436,0.6937,0.70485,0.70653,0.6998599999999999
5380.0,0.68415,0.69422,0.69437,0.70531,0.7071,0.70025
5381.0,0.59188,0.69417,0.69451,0.70532,0.70726,0.700315
5382.0,0.57746,0.69408,0.69408,0.70485,0.70689,0.699975
5383.0,0.5471,0.69327,0.69316,0.70394,0.70605,0.699105
5384.0,0.49899,0.69234,0.692,0.70266,0.70494,0.697985
5385.0,0.57231,0.69151,0.69068,0.70105,0.70362,0.696715
5386.0,0.70248,0.69006,0.68905,0.69914,0.70202,0.6950675000000001
5387.0,0.72673,0.68831,0.68708,0.69699,0.70013,0.6931275
5388.0,0.71823,0.68684,0.68483,0.69459,0.69793,0.6910474999999999
5389.0,0.84912,0.68504,0.68226,0.69198,0.69544,0.6886800000000001
5390.0,0.83396,0.68277,0.67949,0.68923,0.69282,0.6860775000000001
5391.0,0.63347,0.68081,0.67692,0.68642,0.69035,0.683625
5392.0,0.52669,0.67893,0.67459,0.68365,0.68807,0.6813100000000001
5393.0,0.585,0.67654,0.67225,0.68102,0.68581,0.6789050000000001
5394.0,0.64983,0.67435,0.66996,0.67857,0.6836,0.67662
5395.0,0.61315,0.67263,0.66776,0.67629,0.68146,0.674535
5396.0,0.60706,0.67049,0.66542,0.6742,0.6792,0.6723275
5397.0,0.67267,0.66825,0.66301,0.67227,0.67687,0.6701
5398.0,0.75407,0.66679,0.66104,0.67041,0.67489,0.6682825
5399.0,0.74923,0.66517,0.65953,0.66862,0.67337,0.6666725
5400.0,0.61732,0.66313,0.65808,0.66698,0.67191,0.665025
5401.0,0.60727,0.66196,0.65668,0.66543,0.67039,0.6636150000000001
5402.0,0.5912,0.66106,0.65526,0.66384,0.6688,0.6622399999999999
5403.0,0.52475,0.65964,0.65366,0.6623,0.66713,0.6606825000000001
5404.0,0.48421,0.65892,0.65214,0.66093,0.66552,0.6593775
5405.0,0.5502,0.65879,0.65125,0.65983,0.66436,0.6585574999999999
5406.0,0.63423,0.65835,0.65116,0.65911,0.66396,0.658145
5407.0,0.57286,0.65839,0.65168,0.65896,0.66424,0.6583175
5408.0,0.54385,0.65907,0.65254,0.65959,0.66491,0.6590275
5409.0,0.66242,0.65971,0.65357,0.66102,0.66582,0.66003
5410.0,0.64749,0.66072,0.65491,0.66308,0.6671,0.6614525
5411.0,0.63087,0.66221,0.65686,0.66558,0.66897,0.6634049999999999
5412.0,0.61303,0.66367,0.65946,0.66848,0.67145,0.6657649999999999
5413.0,0.60366,0.66529,0.66241,0.67177,0.67433,0.66845
5414.0,0.64387,0.66716,0.66537,0.67523,0.67732,0.67127
5415.0,0.74134,0.66895,0.66811,0.67856,0.68022,0.6739600000000001
5416.0,0.66227,0.67064,0.67053,0.68153,0.68285,0.6763874999999999
5417.0,0.65757,0.67223,0.67263,0.68405,0.68511,0.6785049999999999
5418.0,0.70465,0.67364,0.67443,0.68607,0.68705,0.6802975
5419.0,0.67872,0.67487,0.67591,0.68752,0.68867,0.6817425
5420.0,0.58009,0.67572,0.67689,0.68831,0.68982,0.682685
5421.0,0.50578,0.67633,0.67728,0.68847,0.69034,0.683105
5422.0,0.5516,0.67676,0.67705,0.68809,0.69023,0.6830325
5423.0,0.64091,0.67676,0.67629,0.68729,0.68968,0.682505
5424.0,0.63223,0.67659,0.67526,0.68613,0.68888,0.6817150000000001
5425.0,0.49615,0.67641,0.67423,0.68461,0.68793,0.680795
5426.0,0.60464,0.67582,0.67317,0.68288,0.68689,0.67969
5427.0,0.73192,0.67524,0.6719,0.68115,0.68567,0.67849
5428.0,0.72501,0.67488,0.67031,0.67954,0.68422,0.6772374999999999
5429.0,0.65457,0.67422,0.66864,0.67808,0.68271,0.6759125
5430.0,0.71686,0.67373,0.66749,0.67677,0.68164,0.6749075
5431.0,0.67846,0.67363,0.66714,0.6758,0.68127,0.67446
5432.0,0.68023,0.67328,0.66722,0.67546,0.68129,0.6743124999999999
5433.0,0.71107,0.67319,0.66741,0.67581,0.6815,0.6744774999999998
5434.0,0.69583,0.67356,0.66772,0.67664,0.68192,0.67496
5435.0,0.6247,0.67365,0.66828,0.6778,0.68262,0.6755875
5436.0,0.5835,0.67385,0.66928,0.67928,0.68365,0.676515
5437.0,0.67407,0.67441,0.67068,0.68095,0.68494,0.677745
5438.0,0.79188,0.67477,0.67213,0.68265,0.68627,0.678955
5439.0,0.80011,0.675,0.6731,0.68415,0.68727,0.67988
5440.0,0.69655,0.67527,0.67354,0.68525,0.68784,0.680475
5441.0,0.66242,0.67543,0.67375,0.68579,0.68816,0.6807825
5442.0,0.63656,0.67538,0.67385,0.68571,0.68826,0.6808
5443.0,0.59981,0.67513,0.67373,0.68507,0.68807,0.6805000000000001
5444.0,0.6175,0.67483,0.67315,0.68398,0.68745,0.6798525000000001
5445.0,0.75194,0.67437,0.672,0.68257,0.68633,0.6788175
5446.0,0.70235,0.67365,0.67042,0.68091,0.68485,0.6774574999999999
5447.0,0.71586,0.67294,0.66886,0.67912,0.68332,0.6760600000000001
5448.0,0.78686,0.67226,0.66761,0.67741,0.68204,0.67483
5449.0,0.78049,0.67134,0.66654,0.67598,0.68103,0.6737225
5450.0,0.67025,0.67052,0.66554,0.67492,0.68018,0.67279
5451.0,0.56598,0.66989,0.6646,0.67406,0.67936,0.6719775
5452.0,0.60984,0.66908,0.6637,0.67329,0.67851,0.6711450000000001
5453.0,0.71756,0.66837,0.66287,0.67264,0.67769,0.6703925000000001
5454.0,0.73356,0.668,0.66214,0.67212,0.67696,0.669805
5455.0,0.63931,0.66752,0.66158,0.67175,0.6764,0.6693125
5456.0,0.56103,0.66708,0.66135,0.67149,0.67619,0.6690275
5457.0,0.54967,0.66685,0.66153,0.67139,0.67643,0.66905
5458.0,0.60556,0.6666,0.66187,0.67156,0.67682,0.6692125
5459.0,0.69612,0.66636,0.66206,0.67196,0.67703,0.6693525
5460.0,0.74876,0.66617,0.66201,0.67235,0.67702,0.6693875
5461.0,0.6218,0.66598,0.66186,0.67259,0.67692,0.6693375
5462.0,0.63385,0.66578,0.66172,0.6727,0.67674,0.669235
5463.0,0.75249,0.66544,0.66165,0.6727,0.67658,0.6690925
5464.0,0.74449,0.66514,0.66171,0.67254,0.67664,0.6690075
5465.0,0.69458,0.66483,0.66168,0.67226,0.67667,0.66886
5466.0,0.69715,0.66417,0.66125,0.67188,0.6763,0.6684
5467.0,0.72104,0.66353,0.66049,0.6713,0.67558,0.667725
5468.0,0.68823,0.66303,0.65957,0.67041,0.67467,0.66692
5469.0,0.60686,0.66217,0.65838,0.66924,0.67347,0.6658149999999999
5470.0,0.71925,0.66121,0.65696,0.66786,0.67207,0.664525
5471.0,0.71993,0.66057,0.6557,0.66628,0.67087,0.6633549999999999
5472.0,0.63283,0.65979,0.65464,0.66461,0.66985,0.6622224999999999
5473.0,0.57267,0.65876,0.65347,0.66301,0.66865,0.6609725
5474.0,0.5957,0.65813,0.65221,0.66155,0.66735,0.65981
5475.0,0.62453,0.65771,0.65097,0.66029,0.6662,0.6587925
5476.0,0.7236,0.65702,0.64985,0.65937,0.6652,0.65786
5477.0,0.78261,0.65663,0.64928,0.65882,0.66464,0.6573424999999999
5478.0,0.74712,0.65669,0.64956,0.65864,0.66483,0.65743
5479.0,0.69232,0.65662,0.65021,0.65898,0.66543,0.65781
5480.0,0.6126,0.65663,0.65061,0.65983,0.66585,0.6582300000000001
5481.0,0.52171,0.65707,0.65088,0.66093,0.66619,0.6587675
5482.0,0.47882,0.65759,0.6515,0.66207,0.6669,0.659515
5483.0,0.55468,0.65798,0.65261,0.66327,0.66794,0.66045
5484.0,0.74105,0.65854,0.65406,0.66461,0.66923,0.66161
5485.0,0.70004,0.65936,0.65553,0.66599,0.67065,0.6628825
5486.0,0.65681,0.65999,0.65657,0.66725,0.67178,0.6638975
5487.0,0.6569,0.66038,0.65712,0.66831,0.6724,0.6645525
5488.0,0.62456,0.66107,0.65767,0.66911,0.67289,0.6651849999999999
5489.0,0.56737,0.66171,0.65845,0.66967,0.67356,0.6658475
5490.0,0.62677,0.66182,0.65909,0.6701,0.67414,0.6662875
5491.0,0.631,0.66207,0.65947,0.67042,0.67453,0.6666225
5492.0,0.4971,0.66249,0.65966,0.67055,0.67479,0.6668725
5493.0,0.35183,0.66232,0.65956,0.67051,0.67473,0.6667800000000002
5494.0,0.51445,0.66204,0.65922,0.67029,0.67435,0.666475
5495.0,0.75419,0.66211,0.65886,0.66985,0.67395,0.6661925
5496.0,0.84455,0.66172,0.65838,0.66929,0.67352,0.6657275
5497.0,0.74717,0.66097,0.65769,0.66863,0.67288,0.6650425
5498.0,0.59818,0.66068,0.65704,0.6678,0.67221,0.6644325
5499.0,0.5548,0.66019,0.65638,0.66685,0.67153,0.6637375000000001
5500.0,0.58977,0.65917,0.65533,0.66589,0.67055,0.662735
5501.0,0.68475,0.6586,0.65413,0.66489,0.66942,0.66176
5502.0,0.7535,0.65813,0.65315,0.66374,0.66844,0.660865
5503.0,0.65728,0.65706,0.65227,0.66252,0.66756,0.6598525000000001
5504.0,0.53238,0.65641,0.65144,0.6614,0.66664,0.6589725000000001
5505.0,0.68249,0.65611,0.65056,0.66041,0.6657,0.6581950000000001
5506.0,0.76604,0.65524,0.64946,0.65949,0.66472,0.6572275
5507.0,0.54177,0.65474,0.64856,0.65865,0.66387,0.656455
5508.0,0.4939,0.65474,0.64822,0.65799,0.66343,0.656095
5509.0,0.66125,0.65427,0.64814,0.65764,0.66328,0.6558325
5510.0,0.81296,0.6541,0.64814,0.6576,0.66325,0.6557725
5511.0,0.79841,0.65443,0.64819,0.65777,0.66333,0.65593
5512.0,0.63772,0.65442,0.64836,0.65815,0.6635,0.6561075000000001
5513.0,0.56362,0.65461,0.64884,0.65878,0.6639,0.6565325
5514.0,0.66716,0.6552,0.64975,0.65967,0.66467,0.6573225
5515.0,0.79122,0.65552,0.65082,0.66081,0.6657,0.6582125000000001
5516.0,0.80669,0.65589,0.65185,0.66213,0.66675,0.6591549999999999
5517.0,0.70464,0.65651,0.65283,0.66346,0.66774,0.6601350000000001
5518.0,0.59644,0.65691,0.65378,0.66466,0.66865,0.661
5519.0,0.55628,0.6572,0.65457,0.66566,0.66934,0.6616925
5520.0,0.5765,0.6576,0.65508,0.66635,0.66973,0.66219
5521.0,0.61626,0.65784,0.65525,0.66664,0.66985,0.662395
5522.0,0.64566,0.65787,0.65516,0.66652,0.66977,0.66233
5523.0,0.71362,0.65794,0.65501,0.66607,0.66961,0.6621575
5524.0,0.67025,0.65797,0.65485,0.66537,0.66935,0.6618850000000001
5525.0,0.59742,0.65775,0.65445,0.66451,0.66887,0.661395
5526.0,0.65635,0.65761,0.65373,0.66358,0.66813,0.6607625
5527.0,0.76906,0.65758,0.65289,0.66268,0.66726,0.6601025
5528.0,0.60235,0.65732,0.65216,0.66189,0.6665,0.6594675
5529.0,0.45787,0.65719,0.65186,0.66132,0.66614,0.6591275
5530.0,0.47522,0.65733,0.65202,0.66112,0.6662,0.6591675
5531.0,0.51324,0.65725,0.65221,0.6613,0.66637,0.6592825
5532.0,0.5314,0.65732,0.6523,0.66174,0.66649,0.6594625000000001
5533.0,0.55069,0.65773,0.6525,0.6623,0.6667,0.6598075
5534.0,0.57044,0.65793,0.65294,0.66294,0.66709,0.660225
5535.0,0.56637,0.65824,0.65366,0.66368,0.66768,0.660815
5536.0,0.52439,0.65888,0.6546,0.66449,0.66849,0.6616150000000001
5537.0,0.58256,0.65929,0.65545,0.66535,0.66933,0.662355
5538.0,0.6692,0.65974,0.65616,0.66627,0.67006,0.6630575
5539.0,0.70057,0.66045,0.6569,0.66715,0.67076,0.663815
5540.0,0.65637,0.66091,0.65768,0.66796,0.67147,0.6645049999999999
5541.0,0.63356,0.66136,0.65842,0.66872,0.67214,0.66516
5542.0,0.67292,0.66197,0.65908,0.6694,0.67273,0.665795
5543.0,0.70542,0.6623,0.65958,0.66994,0.6732,0.666255
5544.0,0.63834,0.66261,0.66,0.67033,0.6736,0.666635
5545.0,0.49712,0.66298,0.66041,0.67064,0.67395,0.666995
5546.0,0.70818,0.66308,0.66069,0.67091,0.67417,0.6672125000000001
5547.0,0.76056,0.66313,0.66081,0.67108,0.67427,0.6673224999999999
5548.0,0.58808,0.66318,0.66082,0.67113,0.67428,0.6673525
5549.0,0.41341,0.66297,0.6607,0.67107,0.67417,0.6672275
5550.0,0.48048,0.66269,0.66047,0.67086,0.6739,0.66698
5551.0,0.72883,0.66235,0.66009,0.67044,0.67347,0.6665875
5552.0,0.72913,0.66182,0.65947,0.6698,0.67286,0.6659875
5553.0,0.59288,0.6612,0.65867,0.66897,0.67206,0.665225
5554.0,0.67898,0.66047,0.6578,0.66796,0.67116,0.6643475
5555.0,0.63996,0.65967,0.65688,0.66682,0.67022,0.6633975
5556.0,0.59067,0.65878,0.65583,0.6656,0.66916,0.6623425000000001
5557.0,0.62374,0.65773,0.6546,0.66434,0.66794,0.6611525
5558.0,0.6959,0.65674,0.65327,0.663,0.66664,0.6599125
5559.0,0.65233,0.65572,0.65192,0.66157,0.66531,0.65863
5560.0,0.58678,0.65449,0.65057,0.6601,0.66393,0.6572725
5561.0,0.60601,0.65345,0.64923,0.65864,0.66258,0.655975
5562.0,0.64891,0.6525,0.64787,0.65715,0.66125,0.6546925
5563.0,0.6123,0.65126,0.64649,0.65568,0.65988,0.6533275000000001
5564.0,0.56035,0.65031,0.64527,0.65429,0.65869,0.65214
5565.0,0.5561,0.64962,0.64427,0.65308,0.65769,0.651165
5566.0,0.58036,0.64853,0.6433,0.65206,0.65669,0.650145
5567.0,0.60063,0.64778,0.64245,0.65123,0.65585,0.6493275000000001
5568.0,0.58659,0.64744,0.64185,0.65063,0.6553,0.6488050000000001
5569.0,0.49837,0.64658,0.64139,0.65026,0.65484,0.6482675
5570.0,0.71679,0.64601,0.64114,0.65007,0.65455,0.6479425
5571.0,0.91149,0.64594,0.64112,0.65007,0.65454,0.6479174999999999
5572.0,0.60913,0.64524,0.64101,0.65024,0.65447,0.64774
5573.0,0.06831,0.64469,0.64093,0.65045,0.65437,0.64761
5574.0,0.37402,0.64466,0.64106,0.65063,0.65447,0.647705
5575.0,0.64069,0.64392,0.64103,0.6508,0.65445,0.6475500000000001
5576.0,0.47532,0.64317,0.64075,0.65084,0.65416,0.6472300000000001
5577.0,0.40463,0.64287,0.6404,0.65056,0.65381,0.64691
5578.0,0.43452,0.64188,0.63974,0.64993,0.65322,0.6461925000000001
5579.0,0.53787,0.64076,0.63879,0.64895,0.65222,0.6451800000000001
5580.0,0.655,0.64,0.63764,0.64758,0.65095,0.6440425
5581.0,0.71393,0.6387,0.636,0.64586,0.64931,0.6424675
5582.0,0.67189,0.63725,0.63402,0.64381,0.64738,0.6406149999999999
5583.0,0.66267,0.6361,0.63212,0.64148,0.64547,0.6387925
5584.0,0.65978,0.63468,0.63027,0.63902,0.6436,0.6368925000000001
5585.0,0.64631,0.63318,0.62832,0.63659,0.64159,0.6349199999999999
5586.0,0.63969,0.63194,0.62626,0.63426,0.63944,0.6329750000000001
5587.0,0.59127,0.63075,0.62417,0.63214,0.63737,0.6311074999999999
5588.0,0.54594,0.62957,0.62245,0.63032,0.63568,0.629505
5589.0,0.59901,0.62863,0.62141,0.62894,0.63459,0.6283925
5590.0,0.70864,0.62802,0.62092,0.62813,0.63407,0.627785
5591.0,0.58703,0.62745,0.62056,0.62784,0.63369,0.627385
5592.0,0.5976,0.62707,0.62015,0.62794,0.6333,0.6271150000000001
5593.0,0.61926,0.62718,0.61999,0.62828,0.63322,0.6271675
5594.0,0.57123,0.6273,0.6204,0.62887,0.63362,0.6275475
5595.0,0.54047,0.62754,0.62131,0.62969,0.63444,0.628245
5596.0,0.56249,0.6283,0.62247,0.63075,0.63552,0.62926
5597.0,0.54006,0.629,0.62345,0.63198,0.63656,0.6302475000000001
5598.0,0.57753,0.62976,0.62432,0.63325,0.63752,0.6312125
5599.0,0.72908,0.63096,0.6256,0.6345,0.63878,0.63246
5600.0,0.7128,0.63198,0.62727,0.63589,0.64034,0.63387
5601.0,0.6187,0.63305,0.629,0.63753,0.64195,0.6353825
5602.0,0.56366,0.6344,0.63063,0.63933,0.64352,0.6369699999999999
5603.0,0.58788,0.63542,0.63211,0.64121,0.64502,0.63844
5604.0,0.62891,0.63649,0.63367,0.64316,0.64658,0.639975
5605.0,0.55626,0.63766,0.63543,0.64509,0.64828,0.641615
5606.0,0.56882,0.63835,0.63707,0.6468,0.64984,0.643015
5607.0,0.62705,0.6391,0.63824,0.64817,0.65095,0.644115
5608.0,0.60335,0.63982,0.63884,0.64909,0.65147,0.644805
5609.0,0.59736,0.63992,0.63894,0.64947,0.6515,0.6449575
5610.0,0.67479,0.64016,0.6389,0.64931,0.65143,0.6449499999999999
5611.0,0.76545,0.64032,0.63887,0.64873,0.65136,0.6448200000000001
5612.0,0.73955,0.63983,0.63857,0.64779,0.65095,0.644285
5613.0,0.53342,0.63959,0.63769,0.64658,0.65002,0.64347
5614.0,0.60965,0.63936,0.63626,0.64513,0.64862,0.6423425
5615.0,0.65288,0.6385,0.63468,0.64346,0.64703,0.6409175
5616.0,0.59075,0.63805,0.63365,0.64177,0.64589,0.63984
5617.0,0.58905,0.63772,0.63312,0.64042,0.64522,0.63912
5618.0,0.6452,0.63689,0.63242,0.63957,0.64449,0.6383425
5619.0,0.66444,0.63652,0.63148,0.63903,0.64364,0.6376675
5620.0,0.5811,0.63637,0.63072,0.63867,0.64297,0.6371825
5621.0,0.46332,0.63582,0.63048,0.63854,0.64265,0.6368725000000001
5622.0,0.53166,0.63571,0.6308,0.63867,0.6428,0.636995
5623.0,0.53865,0.63584,0.63119,0.63902,0.64317,0.637305
5624.0,0.52617,0.63563,0.6313,0.63946,0.64336,0.6374375
5625.0,0.5544,0.63576,0.63153,0.63992,0.6436,0.6377025000000001
5626.0,0.61186,0.63604,0.63214,0.64049,0.64416,0.6382075
5627.0,0.60599,0.63605,0.6329,0.64125,0.64484,0.63876
5628.0,0.46789,0.63624,0.63354,0.64205,0.64544,0.6393175
5629.0,0.4151,0.63647,0.63393,0.64271,0.64586,0.6397425
5630.0,0.59194,0.63649,0.63409,0.64317,0.64601,0.63994
5631.0,0.60361,0.63657,0.63421,0.64341,0.64605,0.6400600000000001
5632.0,0.62113,0.63657,0.63432,0.64337,0.6461,0.64009
5633.0,0.65512,0.63647,0.63424,0.64308,0.64602,0.6399525
5634.0,0.65042,0.63636,0.63396,0.64257,0.6457,0.6396475
5635.0,0.57061,0.63612,0.63346,0.6419,0.64517,0.6391625000000001
5636.0,0.50703,0.63591,0.63285,0.64114,0.64453,0.6386075
5637.0,0.62752,0.63566,0.63227,0.64037,0.6439,0.63805
5638.0,0.76744,0.63528,0.63179,0.63965,0.64337,0.6375225
5639.0,0.65126,0.63505,0.63139,0.63906,0.64295,0.6371125
5640.0,0.66009,0.63476,0.631,0.63863,0.64254,0.6367325
5641.0,0.66461,0.63437,0.63061,0.63832,0.64214,0.63636
5642.0,0.59339,0.63417,0.63037,0.63814,0.64187,0.6361375
5643.0,0.53265,0.63388,0.6303,0.63813,0.64176,0.6360175
5644.0,0.70625,0.63353,0.63028,0.63827,0.64172,0.6359499999999999
5645.0,0.55978,0.63334,0.63031,0.63844,0.64176,0.6359625000000001
5646.0,0.48608,0.63295,0.6303,0.63857,0.64175,0.6358925
5647.0,0.63433,0.63257,0.63016,0.63862,0.64159,0.6357349999999999
5648.0,0.56689,0.6323,0.6299,0.63853,0.64132,0.6355125
5649.0,0.50713,0.63167,0.62952,0.63818,0.64095,0.63508
5650.0,0.60074,0.63114,0.62903,0.63755,0.64044,0.63454
5651.0,0.73768,0.63077,0.62842,0.63673,0.63978,0.6339250000000001
5652.0,0.70849,0.62992,0.6275,0.63577,0.63885,0.63301
5653.0,0.65526,0.62921,0.62631,0.63463,0.6377,0.6319625000000001
5654.0,0.6564,0.62879,0.62515,0.63328,0.6366,0.630955
5655.0,0.70479,0.62791,0.62417,0.63182,0.63555,0.6298625
5656.0,0.743,0.62721,0.62321,0.63042,0.63448,0.62883
5657.0,0.69279,0.62689,0.62205,0.6292,0.63336,0.627875
5658.0,0.57476,0.62623,0.62085,0.6281,0.63226,0.62686
5659.0,0.49944,0.62581,0.62019,0.62716,0.63159,0.6261875
5660.0,0.52096,0.6258,0.62019,0.62665,0.63148,0.6260300000000001
5661.0,0.58286,0.62557,0.62026,0.62672,0.6315,0.6260125
5662.0,0.63429,0.6256,0.6202,0.62712,0.63151,0.6261075
5663.0,0.63529,0.62598,0.62037,0.62766,0.63173,0.6264350000000001
5664.0,0.57591,0.62624,0.62106,0.62849,0.63232,0.6270275000000001
5665.0,0.48782,0.62672,0.62221,0.62964,0.63334,0.6279775000000001
5666.0,0.473,0.6274,0.62342,0.63095,0.63458,0.6290875
5667.0,0.62401,0.62798,0.62443,0.63226,0.63564,0.6300775000000001
5668.0,0.73267,0.62873,0.62544,0.63354,0.6366,0.6310775
5669.0,0.63244,0.62946,0.62661,0.63482,0.63768,0.6321425
5670.0,0.71,0.63007,0.62784,0.6361,0.63883,0.6332099999999999
5671.0,0.68387,0.63082,0.62896,0.6373,0.6399,0.6342450000000001
5672.0,0.56529,0.63137,0.62986,0.63832,0.64079,0.6350849999999999
5673.0,0.48705,0.63173,0.63051,0.63912,0.64142,0.635695
5674.0,0.54221,0.63219,0.63097,0.63968,0.64182,0.636165
5675.0,0.59758,0.63242,0.63124,0.63991,0.64201,0.636395
5676.0,0.5732,0.63241,0.63127,0.63982,0.64196,0.636365
5677.0,0.524,0.63246,0.63106,0.63948,0.6417,0.636175
5678.0,0.58884,0.63233,0.63061,0.63892,0.64127,0.6357825
5679.0,0.58671,0.63203,0.63005,0.6381,0.6407,0.6352200000000001
5680.0,0.5535,0.63176,0.62945,0.63711,0.64002,0.634585
5681.0,0.55013,0.63137,0.62869,0.6361,0.63918,0.633835
5682.0,0.59828,0.63091,0.62776,0.63513,0.63823,0.6330075
5683.0,0.60361,0.63053,0.62692,0.63419,0.63741,0.6322625
5684.0,0.52661,0.6301,0.62638,0.63341,0.63684,0.6316825
5685.0,0.50141,0.62967,0.62606,0.63289,0.63649,0.6312774999999999
5686.0,0.60945,0.62929,0.62574,0.6326,0.63617,0.63095
5687.0,0.57681,0.62893,0.62535,0.63245,0.63579,0.63063
5688.0,0.50154,0.62855,0.62508,0.63242,0.63551,0.63039
5689.0,0.49508,0.62816,0.62507,0.63252,0.63547,0.630305
5690.0,0.58113,0.62783,0.62523,0.63272,0.63562,0.63035
5691.0,0.64815,0.62742,0.6253,0.63293,0.63571,0.63034
5692.0,0.67944,0.62686,0.62512,0.63303,0.63557,0.630145
5693.0,0.62807,0.62639,0.62471,0.63288,0.63518,0.6297900000000001
5694.0,0.548,0.62577,0.62422,0.63246,0.63466,0.6292774999999999
5695.0,0.5919,0.62495,0.62361,0.63175,0.63399,0.628575
5696.0,0.62155,0.62418,0.62275,0.63077,0.63315,0.6277125
5697.0,0.57065,0.62325,0.62158,0.62952,0.63204,0.6265974999999999
5698.0,0.50849,0.62221,0.62016,0.62796,0.63066,0.6252475
5699.0,0.56067,0.62119,0.61869,0.62614,0.62918,0.6237999999999999
5700.0,0.60131,0.61998,0.61709,0.6242,0.62754,0.6222025
5701.0,0.61915,0.61894,0.61531,0.6222,0.62576,0.6205525000000001
5702.0,0.61365,0.61791,0.61355,0.6202,0.62406,0.61893
5703.0,0.58043,0.61671,0.61197,0.61831,0.6225,0.6173725
5704.0,0.52213,0.61598,0.61063,0.61668,0.62113,0.616105
5705.0,0.49204,0.6153,0.60944,0.61536,0.61994,0.6150100000000001
5706.0,0.55158,0.61449,0.60836,0.61432,0.61888,0.6140125
5707.0,0.67092,0.61441,0.60767,0.61355,0.61817,0.61345
5708.0,0.62752,0.61436,0.60753,0.61321,0.61799,0.6132725000000001
5709.0,0.60048,0.61424,0.60784,0.61336,0.61824,0.6134200000000001
5710.0,0.58462,0.61491,0.60851,0.61402,0.61889,0.6140825
5711.0,0.55289,0.61555,0.60945,0.61523,0.61984,0.6150175
5712.0,0.5688,0.61619,0.61075,0.61693,0.62109,0.61624
5713.0,0.63243,0.61748,0.61254,0.61901,0.62281,0.61796
5714.0,0.6469,0.61863,0.61461,0.62144,0.62481,0.6198724999999999
5715.0,0.60419,0.61979,0.61668,0.62398,0.62682,0.6218175
5716.0,0.61992,0.62138,0.61874,0.62644,0.62884,0.62385
5717.0,0.61595,0.62267,0.62075,0.62879,0.63082,0.6257575
5718.0,0.59161,0.62396,0.62277,0.63091,0.63275,0.6275975
5719.0,0.5606,0.62545,0.62469,0.63275,0.63458,0.6293675000000001
5720.0,0.53474,0.62653,0.62624,0.63434,0.63606,0.6307925
5721.0,0.52877,0.62758,0.62736,0.63563,0.63714,0.6319275
5722.0,0.55385,0.62866,0.62823,0.63658,0.638,0.6328674999999999
5723.0,0.58819,0.62937,0.62902,0.63719,0.63872,0.633575
5724.0,0.5918,0.63003,0.62968,0.63745,0.63927,0.6341075
5725.0,0.56797,0.63057,0.62995,0.63747,0.63947,0.6343650000000001
5726.0,0.55407,0.63089,0.62978,0.63732,0.63929,0.63432
5727.0,0.57013,0.63123,0.62954,0.63702,0.63904,0.6342075
5728.0,0.60977,0.63136,0.62956,0.63666,0.63899,0.6341425
5729.0,0.62026,0.63138,0.62966,0.63639,0.63902,0.6341125
5730.0,0.54496,0.6315,0.62953,0.63623,0.63886,0.6340299999999999
5731.0,0.50051,0.63141,0.62911,0.63605,0.63844,0.6337525
5732.0,0.58876,0.63131,0.62877,0.63582,0.63807,0.6334925
5733.0,0.64573,0.63127,0.6288,0.63569,0.63802,0.633445
5734.0,0.68755,0.63108,0.62895,0.63571,0.63812,0.633465
5735.0,0.69114,0.63096,0.62896,0.63574,0.63813,0.6334474999999999
5736.0,0.63732,0.6308,0.62874,0.6357,0.63791,0.6332875
5737.0,0.57151,0.63056,0.62846,0.63563,0.63757,0.6330549999999999
5738.0,0.61514,0.6304,0.62833,0.63554,0.63737,0.63291
5739.0,0.62559,0.63013,0.62831,0.63539,0.63734,0.6327925
5740.0,0.56424,0.62982,0.62827,0.63512,0.63729,0.6326250000000001
5741.0,0.67903,0.62957,0.62802,0.63478,0.63699,0.63234
5742.0,0.72653,0.62915,0.62746,0.63445,0.6364,0.631865
5743.0,0.67204,0.62878,0.62683,0.63406,0.63575,0.6313549999999999
5744.0,0.57993,0.62844,0.62642,0.63355,0.63535,0.63094
5745.0,0.55822,0.62788,0.6262,0.63294,0.63509,0.6305275
5746.0,0.62647,0.62742,0.62578,0.63226,0.63462,0.63002
5747.0,0.65281,0.62704,0.62491,0.63152,0.63376,0.6293075
5748.0,0.61321,0.62644,0.6239,0.63072,0.63276,0.628455
5749.0,0.63278,0.62598,0.62326,0.62996,0.63207,0.6278175
5750.0,0.65978,0.62556,0.62302,0.62935,0.63177,0.627425
5751.0,0.65132,0.625,0.62267,0.62886,0.63141,0.6269849999999999
5752.0,0.60426,0.62467,0.62194,0.62831,0.63074,0.6264149999999999
5753.0,0.56203,0.62436,0.62115,0.62767,0.62996,0.6257849999999999
5754.0,0.60292,0.62395,0.62075,0.62707,0.62946,0.6253075
5755.0,0.63553,0.62378,0.62076,0.62665,0.62936,0.6251375
5756.0,0.63571,0.62358,0.62076,0.62654,0.62937,0.6250625000000001
5757.0,0.65122,0.62333,0.62052,0.62666,0.62922,0.6249325
5758.0,0.6439,0.62336,0.62032,0.62686,0.62905,0.6248975
5759.0,0.63146,0.62328,0.62044,0.62705,0.62909,0.624965
5760.0,0.62893,0.62317,0.62079,0.62722,0.62933,0.6251275
5761.0,0.63351,0.62336,0.62105,0.62737,0.62959,0.6253425
5762.0,0.60526,0.62339,0.62118,0.62755,0.62977,0.6254725
5763.0,0.57425,0.62332,0.62138,0.62782,0.62999,0.6256275
5764.0,0.57041,0.62342,0.62178,0.62824,0.63034,0.625945
5765.0,0.60459,0.62337,0.62216,0.62877,0.63069,0.6262475000000001
5766.0,0.63116,0.62321,0.6223,0.62921,0.63086,0.626395
5767.0,0.61641,0.62311,0.62225,0.62942,0.63084,0.626405
5768.0,0.57223,0.62278,0.62216,0.62939,0.63074,0.6262675
5769.0,0.5501,0.62234,0.62201,0.62918,0.63053,0.626015
5770.0,0.62088,0.62191,0.62158,0.62873,0.63011,0.6255824999999999
5771.0,0.6229,0.62118,0.62084,0.62803,0.62943,0.62487
5772.0,0.55344,0.62037,0.61989,0.62705,0.62852,0.6239575
5773.0,0.50891,0.61959,0.61884,0.62576,0.62743,0.6229049999999999
5774.0,0.51988,0.61852,0.61756,0.6242,0.6261,0.621595
5775.0,0.54194,0.61744,0.61595,0.62246,0.62448,0.6200825
5776.0,0.5465,0.61642,0.6142,0.6206,0.62277,0.6184975
5777.0,0.53423,0.6152,0.61257,0.61869,0.62116,0.616905
5778.0,0.55676,0.61405,0.61107,0.61674,0.61963,0.6153725
5779.0,0.5773,0.61299,0.6095,0.61486,0.61801,0.6138399999999999
5780.0,0.57512,0.61201,0.60777,0.61314,0.61627,0.6122975
5781.0,0.56099,0.61122,0.6063,0.61158,0.6148,0.610975
5782.0,0.59635,0.6104,0.60544,0.61031,0.61391,0.610015
5783.0,0.62392,0.60986,0.60502,0.6095,0.61344,0.6094550000000001
5784.0,0.60114,0.60964,0.6047,0.60918,0.61311,0.6091575
5785.0,0.52581,0.60935,0.60438,0.60926,0.6128,0.6089475
5786.0,0.47799,0.60941,0.60446,0.6097,0.61283,0.6091
5787.0,0.46901,0.60967,0.60519,0.61055,0.61348,0.6097225000000001
5788.0,0.50531,0.60989,0.60624,0.61175,0.61449,0.6105925000000001
5789.0,0.56657,0.61049,0.60732,0.61303,0.61558,0.611605
5790.0,0.55686,0.61112,0.60828,0.6143,0.61655,0.6125625
5791.0,0.53732,0.61172,0.60933,0.61556,0.6175,0.6135275
5792.0,0.55231,0.61259,0.6106,0.61689,0.61862,0.614675
5793.0,0.59917,0.61336,0.61192,0.61826,0.61987,0.6158525
5794.0,0.58706,0.61408,0.61316,0.61957,0.62109,0.616975
5795.0,0.58503,0.61489,0.61419,0.62075,0.62209,0.6179800000000001
5796.0,0.59334,0.61563,0.61501,0.62177,0.62282,0.6188075
5797.0,0.58799,0.61634,0.61575,0.62248,0.62342,0.6194974999999999
5798.0,0.60275,0.61692,0.61647,0.62293,0.62406,0.620095
5799.0,0.63832,0.61742,0.61714,0.62333,0.62464,0.6206325
5800.0,0.67059,0.618,0.61762,0.62379,0.62506,0.6211175
5801.0,0.66278,0.61832,0.61789,0.62418,0.62529,0.62142
5802.0,0.58652,0.61856,0.61806,0.62442,0.62542,0.621615
5803.0,0.54573,0.61891,0.61825,0.62453,0.62555,0.62181
5804.0,0.56694,0.61913,0.61839,0.62453,0.62561,0.621915
5805.0,0.61469,0.61926,0.61841,0.62437,0.62558,0.6219049999999999
5806.0,0.61258,0.61937,0.61834,0.62419,0.6255,0.62185
5807.0,0.56205,0.61952,0.61829,0.62411,0.62545,0.6218425
5808.0,0.5136,0.61967,0.61833,0.62404,0.62547,0.6218775
5809.0,0.54191,0.61967,0.61833,0.62395,0.62547,0.621855
5810.0,0.69419,0.6198,0.61826,0.62387,0.62537,0.6218250000000001
5811.0,0.72669,0.62006,0.6182,0.62389,0.62529,0.62186
5812.0,0.62068,0.62011,0.61829,0.62396,0.62538,0.6219349999999999
5813.0,0.51157,0.62025,0.61856,0.62408,0.62566,0.6221375
5814.0,0.51355,0.62055,0.61886,0.62431,0.62598,0.622425
5815.0,0.57762,0.62082,0.61906,0.62462,0.6262,0.622675
5816.0,0.63296,0.62111,0.61929,0.62492,0.62644,0.62294
5817.0,0.62166,0.62139,0.61972,0.62532,0.62684,0.6233175
5818.0,0.57503,0.62174,0.62031,0.62591,0.62743,0.6238475
5819.0,0.60832,0.62213,0.62089,0.62661,0.62803,0.6244149999999999
5820.0,0.68716,0.62237,0.62132,0.62727,0.62852,0.62487
5821.0,0.683,0.62269,0.62173,0.62783,0.62892,0.6252924999999999
5822.0,0.59504,0.62308,0.62217,0.62832,0.62932,0.6257225
5823.0,0.53808,0.62329,0.62261,0.62871,0.62973,0.626085
5824.0,0.57528,0.62348,0.62296,0.62897,0.63008,0.6263725
5825.0,0.69001,0.62366,0.62319,0.62919,0.63033,0.6265925
5826.0,0.71734,0.62381,0.62331,0.62936,0.63043,0.6267275
5827.0,0.6891,0.62389,0.62333,0.6294,0.63041,0.6267575
5828.0,0.64223,0.62383,0.62327,0.62927,0.6303,0.6266675
5829.0,0.59262,0.62378,0.62314,0.62905,0.63013,0.626525
5830.0,0.553,0.62372,0.62297,0.62879,0.62995,0.6263575
5831.0,0.53092,0.62348,0.62275,0.62845,0.62971,0.6260975
5832.0,0.53022,0.62321,0.62247,0.62804,0.6294,0.62578
5833.0,0.55106,0.62299,0.62211,0.62767,0.62899,0.62544
5834.0,0.58371,0.62267,0.6217,0.62733,0.62857,0.6250675
5835.0,0.58539,0.62223,0.62136,0.62695,0.62823,0.6246925
5836.0,0.56596,0.62176,0.62107,0.62658,0.62792,0.6243325000000001
5837.0,0.59105,0.62132,0.62068,0.62624,0.62751,0.6239375
5838.0,0.58272,0.62077,0.62012,0.62583,0.62697,0.6234225
5839.0,0.56808,0.62008,0.61952,0.62529,0.62639,0.6228199999999999
5840.0,0.58375,0.6194,0.61899,0.62469,0.62586,0.622235
5841.0,0.63352,0.61862,0.6184,0.62407,0.62526,0.6215875
5842.0,0.61906,0.61773,0.61753,0.62333,0.6244,0.6207475
5843.0,0.5456,0.61674,0.61641,0.6224,0.62332,0.6197175
5844.0,0.47625,0.61568,0.61525,0.62127,0.62221,0.6186024999999999
5845.0,0.51447,0.61461,0.61413,0.6199,0.62109,0.6174325
5846.0,0.58851,0.6134,0.61282,0.61831,0.61978,0.6160775000000001
5847.0,0.62426,0.61209,0.61115,0.61657,0.61812,0.6144825
5848.0,0.588,0.61089,0.60931,0.61477,0.61632,0.6128225
5849.0,0.53375,0.60957,0.60765,0.61297,0.61471,0.611225
5850.0,0.59533,0.60819,0.60617,0.61111,0.61325,0.60968
5851.0,0.65673,0.60694,0.60457,0.60918,0.61165,0.608085
5852.0,0.59803,0.60571,0.60268,0.60732,0.60976,0.6063675000000001
5853.0,0.57388,0.60458,0.60086,0.60559,0.60798,0.6047524999999999
5854.0,0.54842,0.60344,0.59964,0.60406,0.60679,0.6034825
5855.0,0.51589,0.6024,0.59884,0.60285,0.60598,0.6025175
5856.0,0.49648,0.60168,0.59795,0.60195,0.60509,0.6016675
5857.0,0.51223,0.60097,0.59682,0.60124,0.604,0.6007574999999999
5858.0,0.54635,0.60036,0.59607,0.60069,0.60325,0.6000924999999999
5859.0,0.58161,0.59995,0.59613,0.60045,0.60324,0.5999425
5860.0,0.6067,0.59958,0.59646,0.60059,0.60353,0.60004
5861.0,0.6307,0.59935,0.59651,0.60096,0.6036,0.6001050000000001
5862.0,0.6122,0.59923,0.59636,0.60148,0.60346,0.6001325000000001
5863.0,0.56361,0.59906,0.59665,0.60204,0.60365,0.60035
5864.0,0.54611,0.599,0.59743,0.60262,0.60428,0.6008325
5865.0,0.58346,0.59896,0.59804,0.60319,0.60482,0.6012525000000001
5866.0,0.60417,0.5988,0.59816,0.60364,0.60493,0.6013824999999999
5867.0,0.59302,0.59871,0.59812,0.60389,0.60481,0.6013824999999999
5868.0,0.59004,0.59847,0.5984,0.60401,0.6049,0.601445
5869.0,0.46855,0.59806,0.59866,0.60404,0.60497,0.6014325
5870.0,0.44816,0.59762,0.59842,0.60389,0.60463,0.60114
5871.0,0.62596,0.5969,0.59774,0.60353,0.60391,0.60052
5872.0,0.82145,0.59603,0.59705,0.60293,0.60313,0.599785
5873.0,1.01743,0.59501,0.59645,0.60202,0.60242,0.598975
5874.0,1.46903,0.59372,0.59545,0.60084,0.60134,0.5978375
5875.0,2.08426,0.5923,0.59384,0.59941,0.59975,0.596325
5876.0,1.97989,0.59051,0.59199,0.59772,0.59799,0.5945525
5877.0,1.65336,0.58851,0.59022,0.5958,0.5963,0.5927074999999999
5878.0,1.25445,0.58628,0.58825,0.59367,0.59442,0.590655
5879.0,0.81791,0.58368,0.58547,0.59126,0.59173,0.5880350000000001
5880.0,0.55087,0.58106,0.582,0.58833,0.58845,0.58496
5881.0,0.50871,0.57811,0.57844,0.58481,0.58516,0.58163
5882.0,0.54339,0.57495,0.575,0.58062,0.58196,0.5781325
5883.0,0.48563,0.57192,0.57113,0.57579,0.57829,0.5742825
5884.0,0.54429,0.56843,0.56633,0.57065,0.57361,0.569755
5885.0,0.57642,0.56508,0.56115,0.56564,0.56854,0.5651025000000001
5886.0,0.56514,0.56193,0.55641,0.5608,0.56403,0.5607925
5887.0,0.59783,0.55856,0.55234,0.55593,0.56024,0.5567675
5888.0,0.58349,0.55594,0.54835,0.55096,0.55643,0.5529200000000001
5889.0,0.52061,0.55354,0.54402,0.54588,0.55217,0.5489025000000001
5890.0,0.50842,0.55122,0.54003,0.54127,0.54818,0.545175
5891.0,0.68744,0.54992,0.53756,0.53818,0.54572,0.542845
5892.0,0.65429,0.54861,0.53664,0.53704,0.54496,0.5418125
5893.0,0.56477,0.54777,0.53639,0.53721,0.54488,0.5415625
5894.0,0.5597,0.54811,0.53635,0.53814,0.54481,0.5418525
5895.0,0.53866,0.54849,0.53679,0.53965,0.54511,0.54251
5896.0,0.52423,0.5495,0.53872,0.54158,0.54699,0.5441975
5897.0,0.53292,0.55124,0.54225,0.54447,0.55053,0.5471225
5898.0,0.54996,0.55304,0.54615,0.54879,0.55451,0.5506225
5899.0,0.50221,0.55549,0.54968,0.55393,0.55808,0.554295
5900.0,0.48885,0.55805,0.55323,0.55902,0.56139,0.5579225
5901.0,0.52124,0.56058,0.55743,0.56383,0.56527,0.5617775
5902.0,0.56108,0.56357,0.56203,0.56832,0.56979,0.5659274999999999
5903.0,0.58667,0.56629,0.56618,0.57232,0.57399,0.5696950000000001
5904.0,0.59809,0.56887,0.56949,0.57597,0.5773,0.5729075
5905.0,0.59839,0.57157,0.57238,0.57937,0.58,0.5758300000000001
5906.0,0.58999,0.57396,0.57524,0.58224,0.5826,0.5785100000000001
5907.0,0.56931,0.57611,0.57784,0.58438,0.58506,0.5808475
5908.0,0.58196,0.57808,0.57977,0.58594,0.58695,0.582685
5909.0,0.61218,0.57981,0.581,0.58709,0.58814,0.58401
5910.0,0.57769,0.58124,0.58192,0.58785,0.58896,0.5849925
5911.0,0.60078,0.58237,0.58286,0.58837,0.58974,0.585835
5912.0,0.64468,0.58342,0.5836,0.58874,0.5904,0.5865400000000001
5913.0,0.64355,0.58428,0.58391,0.58892,0.59072,0.5869575
5914.0,0.56962,0.58494,0.58398,0.58889,0.59076,0.5871425
5915.0,0.55858,0.58551,0.58417,0.5888,0.59086,0.587335
5916.0,0.59809,0.58592,0.58449,0.58882,0.59111,0.587585
5917.0,0.6217,0.58636,0.58472,0.58898,0.59135,0.5878524999999999
5918.0,0.61068,0.58663,0.58482,0.58927,0.59146,0.588045
5919.0,0.59138,0.58673,0.58497,0.58962,0.59154,0.5882149999999999
5920.0,0.56705,0.58706,0.58524,0.58994,0.59174,0.588495
5921.0,0.52668,0.58724,0.58547,0.59017,0.59197,0.5887125
5922.0,0.48299,0.58729,0.58567,0.5903,0.59218,0.58886
5923.0,0.49101,0.58749,0.58589,0.5904,0.59236,0.589035
5924.0,0.54585,0.58754,0.58605,0.59055,0.59243,0.5891424999999999
5925.0,0.56857,0.58766,0.58608,0.59077,0.59244,0.5892375
5926.0,0.51007,0.58772,0.58611,0.59095,0.59247,0.5893125
5927.0,0.46946,0.58758,0.58623,0.59095,0.59254,0.589325
5928.0,0.51061,0.58771,0.58629,0.59077,0.59254,0.5893275
5929.0,0.56708,0.58774,0.58612,0.5905,0.59234,0.589175
5930.0,0.57163,0.58756,0.58588,0.59029,0.59208,0.5889525
5931.0,0.55246,0.58757,0.58588,0.59018,0.59205,0.58892
5932.0,0.56335,0.58747,0.58597,0.59022,0.59211,0.5889425
5933.0,0.60488,0.58738,0.58585,0.59027,0.59199,0.5888725
5934.0,0.63997,0.58731,0.58557,0.59011,0.5917,0.5886725
5935.0,0.62013,0.58706,0.5854,0.58979,0.59147,0.58843
5936.0,0.51475,0.58705,0.58544,0.58956,0.59148,0.5883825
5937.0,0.45099,0.58692,0.58542,0.58952,0.59149,0.5883375000000001
5938.0,0.48537,0.58661,0.58522,0.58953,0.59132,0.58817
5939.0,0.571,0.58651,0.58496,0.58951,0.59103,0.5880025
5940.0,0.55752,0.5863,0.58475,0.58939,0.59079,0.5878075
5941.0,0.47858,0.58605,0.58461,0.58905,0.59065,0.58759
5942.0,0.46798,0.58587,0.58444,0.58856,0.59048,0.5873375
5943.0,0.57563,0.58561,0.58411,0.58816,0.59012,0.587
5944.0,0.61645,0.58545,0.58364,0.58794,0.58967,0.5866750000000001
5945.0,0.59725,0.58515,0.58332,0.5877,0.58937,0.5863849999999999
5946.0,0.56048,0.5848,0.58317,0.58734,0.58917,0.58612
5947.0,0.54372,0.58471,0.58287,0.58688,0.58881,0.5858175
5948.0,0.51028,0.58453,0.58228,0.58639,0.58824,0.58536
5949.0,0.51452,0.58426,0.58183,0.58591,0.58781,0.5849525000000001
5950.0,0.53979,0.58414,0.58183,0.58554,0.58777,0.58482
5951.0,0.50944,0.58411,0.58188,0.58538,0.58776,0.5847825
5952.0,0.50235,0.58414,0.58158,0.58532,0.58747,0.5846275
5953.0,0.54193,0.58406,0.58129,0.58525,0.58717,0.5844425
5954.0,0.61251,0.58405,0.58153,0.58531,0.58732,0.5845524999999999
5955.0,0.65038,0.58429,0.58205,0.58561,0.58779,0.584935
5956.0,0.58395,0.58451,0.5823,0.586,0.58808,0.5852225
5957.0,0.46991,0.58467,0.58239,0.58641,0.58818,0.5854125
5958.0,0.43059,0.58489,0.58284,0.58691,0.58854,0.5857950000000001
5959.0,0.5979,0.58524,0.58359,0.5875,0.58921,0.586385
5960.0,0.57752,0.58559,0.58423,0.58812,0.58986,0.5869500000000001
5961.0,0.37862,0.58583,0.58461,0.58882,0.59026,0.58738
5962.0,0.35237,0.58606,0.58501,0.58951,0.59062,0.5878
5963.0,0.65854,0.58632,0.58561,0.59006,0.59113,0.58828
5964.0,0.81492,0.58658,0.58612,0.59046,0.59162,0.588695
5965.0,0.64681,0.58671,0.58636,0.59076,0.59189,0.58893
5966.0,0.57213,0.58675,0.58643,0.59094,0.59195,0.5890175
5967.0,0.56051,0.58678,0.58655,0.59103,0.592,0.58909
5968.0,0.56734,0.58668,0.58658,0.59105,0.592,0.5890775
5969.0,0.56206,0.58652,0.5864,0.59086,0.59182,0.5889
5970.0,0.54998,0.58626,0.58601,0.59043,0.59143,0.5885325
5971.0,0.55657,0.58591,0.58551,0.58982,0.59089,0.5880325
5972.0,0.59226,0.58556,0.58496,0.58911,0.59034,0.5874925
5973.0,0.63795,0.58506,0.58435,0.58835,0.58971,0.5868675000000001
5974.0,0.57811,0.58457,0.58359,0.58757,0.58894,0.5861675000000001
5975.0,0.5471,0.58403,0.5827,0.58672,0.58804,0.5853725
5976.0,0.59023,0.58339,0.58186,0.58572,0.58719,0.58454
5977.0,0.56968,0.5829,0.58113,0.58465,0.58644,0.58378
5978.0,0.51086,0.58236,0.58038,0.58363,0.58566,0.5830074999999999
5979.0,0.47892,0.58184,0.57957,0.5828,0.58485,0.582265
5980.0,0.52954,0.58136,0.57887,0.58223,0.58417,0.5816574999999999
5981.0,0.64095,0.58081,0.57845,0.5818,0.58372,0.581195
5982.0,0.61746,0.58052,0.57814,0.58141,0.58336,0.5808575
5983.0,0.51489,0.58023,0.57773,0.58106,0.58294,0.58049
5984.0,0.55339,0.57987,0.57738,0.58076,0.58263,0.58016
5985.0,0.61677,0.57977,0.57743,0.5806,0.58266,0.5801149999999999
5986.0,0.6377,0.57963,0.57766,0.58076,0.58285,0.580225
5987.0,0.59565,0.57954,0.5777,0.58115,0.5829,0.5803225000000001
5988.0,0.52536,0.57946,0.5777,0.58157,0.5829,0.5804075
5989.0,0.50238,0.57925,0.57796,0.5819,0.58309,0.58055
5990.0,0.5254,0.5793,0.57834,0.58213,0.58343,0.5808
5991.0,0.55005,0.57932,0.57848,0.58226,0.58361,0.5809175
5992.0,0.50324,0.57915,0.57846,0.58234,0.58359,0.580885
5993.0,0.48219,0.5791,0.57849,0.58246,0.58354,0.5808975
5994.0,0.52118,0.57892,0.57852,0.58258,0.58353,0.5808875
5995.0,0.58075,0.57868,0.57836,0.58248,0.58342,0.580735
5996.0,0.59158,0.57846,0.57805,0.58209,0.58312,0.58043
5997.0,0.5528,0.57805,0.57766,0.58148,0.58265,0.57996
5998.0,0.50497,0.57778,0.57715,0.58082,0.58207,0.5794549999999999
5999.0,0.53324,0.5774,0.57653,0.58021,0.58148,0.578905
6000.0,0.53289,0.5768,0.57595,0.5796,0.58095,0.578325
6001.0,0.52057,0.57641,0.57541,0.57888,0.5804,0.5777749999999999
6002.0,0.5575,0.57593,0.57469,0.57801,0.57962,0.5770625
6003.0,0.58092,0.57537,0.5738,0.5771,0.57871,0.576245
6004.0,0.55402,0.57486,0.57309,0.57636,0.57802,0.5755825
6005.0,0.50569,0.57425,0.57267,0.57586,0.57763,0.5751025000000001
6006.0,0.52679,0.57386,0.57223,0.57534,0.57718,0.5746525
6007.0,0.53653,0.57346,0.5715,0.57471,0.57643,0.574025
6008.0,0.51299,0.57285,0.57074,0.57406,0.57565,0.5733250000000001
6009.0,0.48427,0.57249,0.57042,0.57354,0.57533,0.572945
6010.0,0.55416,0.5722,0.57039,0.57327,0.57529,0.5727875
6011.0,0.6309,0.5719,0.57006,0.57315,0.57496,0.5725175
6012.0,0.63996,0.57162,0.56942,0.57295,0.57433,0.5720799999999999
6013.0,0.55099,0.57128,0.5691,0.5726,0.57395,0.5717325
6014.0,0.51695,0.57119,0.56924,0.57222,0.57401,0.571665
6015.0,0.57153,0.57129,0.56926,0.572,0.57405,0.57165
6016.0,0.63209,0.57124,0.56893,0.57196,0.57378,0.5714775
6017.0,0.47788,0.57124,0.56879,0.57201,0.57357,0.5714025
6018.0,0.44661,0.57139,0.56911,0.5721,0.57376,0.57159
6019.0,0.53559,0.57163,0.56948,0.57228,0.57412,0.5718775
6020.0,0.57153,0.57202,0.56965,0.57254,0.57437,0.572145
6021.0,0.4414,0.57235,0.57,0.57291,0.57466,0.57248
6022.0,0.4403,0.57277,0.57067,0.57352,0.57521,0.5730425
6023.0,0.57364,0.57339,0.57142,0.57434,0.57594,0.5737725
6024.0,0.50221,0.57396,0.57216,0.57525,0.57672,0.5745225
6025.0,0.53079,0.57457,0.57305,0.57624,0.57755,0.5753524999999999
6026.0,0.60802,0.57526,0.57402,0.5773,0.57843,0.5762525000000001
6027.0,0.60929,0.57594,0.57494,0.57837,0.57934,0.5771474999999999
6028.0,0.56128,0.57669,0.57592,0.57943,0.58031,0.5780875
6029.0,0.53079,0.57738,0.57696,0.58052,0.58129,0.5790375
6030.0,0.52782,0.57808,0.57787,0.58154,0.58215,0.5799099999999999
6031.0,0.53039,0.57877,0.57862,0.5824,0.58289,0.58067
6032.0,0.62181,0.57932,0.57937,0.58315,0.58359,0.5813575
6033.0,0.67132,0.57993,0.58011,0.58381,0.58427,0.58203
6034.0,0.60477,0.58047,0.58069,0.5843,0.58483,0.5825725
6035.0,0.55805,0.58092,0.58107,0.58469,0.58519,0.5829675
6036.0,0.549,0.58131,0.58139,0.58499,0.58547,0.58329
6037.0,0.56072,0.58163,0.58174,0.58519,0.58577,0.5835825
6038.0,0.56601,0.58194,0.582,0.58535,0.58602,0.5838274999999999
6039.0,0.57778,0.58215,0.58212,0.58548,0.58613,0.58397
6040.0,0.58393,0.58228,0.5822,0.58553,0.58617,0.584045
6041.0,0.56823,0.58238,0.5823,0.58556,0.58624,0.5841200000000001
6042.0,0.51728,0.58243,0.58237,0.58559,0.5863,0.5841725
6043.0,0.49647,0.58246,0.58239,0.5856,0.58631,0.58419
6044.0,0.51693,0.58238,0.58233,0.5856,0.58623,0.584135
6045.0,0.55858,0.58224,0.58222,0.58558,0.58612,0.58404
6046.0,0.5809,0.58209,0.58212,0.58547,0.586,0.58392
6047.0,0.57698,0.58188,0.58196,0.58526,0.58582,0.58373
6048.0,0.56134,0.58162,0.58166,0.58497,0.58551,0.58344
6049.0,0.56506,0.58131,0.58126,0.58459,0.58512,0.58307
6050.0,0.54142,0.58096,0.58089,0.58411,0.58473,0.5826725
6051.0,0.50714,0.5806,0.58046,0.58358,0.58427,0.5822275
6052.0,0.49535,0.58016,0.57986,0.58299,0.58366,0.5816675
6053.0,0.50908,0.57972,0.57921,0.58231,0.58303,0.5810675
6054.0,0.52759,0.57928,0.57865,0.58159,0.58245,0.5804925
6055.0,0.53299,0.57884,0.5781,0.58086,0.58187,0.5799175
6056.0,0.51752,0.57844,0.5774,0.58015,0.58116,0.5792875000000001
6057.0,0.5481,0.57793,0.57671,0.57946,0.58049,0.5786475
6058.0,0.57746,0.57755,0.57623,0.57884,0.58001,0.5781575
6059.0,0.55978,0.57729,0.57589,0.57827,0.57964,0.5777724999999999
6060.0,0.5542,0.57694,0.57545,0.57777,0.57919,0.5773375000000001
6061.0,0.54336,0.57669,0.57497,0.57749,0.57872,0.5769675000000001
6062.0,0.51587,0.57642,0.57482,0.57741,0.57857,0.576805
6063.0,0.48074,0.57627,0.57496,0.5774,0.57868,0.5768274999999999
6064.0,0.52279,0.57626,0.575,0.57745,0.57871,0.576855
6065.0,0.55095,0.57605,0.57485,0.57755,0.57857,0.576755
6066.0,0.50879,0.576,0.57502,0.57773,0.57871,0.576865
6067.0,0.53906,0.57598,0.57549,0.57817,0.57916,0.5771999999999999
6068.0,0.55663,0.5759,0.5758,0.57873,0.57948,0.5774775
6069.0,0.54409,0.57587,0.57579,0.57916,0.57949,0.5775775
6070.0,0.54885,0.5756,0.57582,0.57937,0.57948,0.5775675
6071.0,0.59849,0.57544,0.57603,0.57939,0.57964,0.5776249999999999
6072.0,0.61061,0.57533,0.57606,0.57922,0.57966,0.5775675
6073.0,0.55816,0.575,0.57567,0.57897,0.5793,0.5772349999999999
6074.0,0.59512,0.57462,0.5751,0.5786,0.5787,0.5767549999999999
6075.0,0.58308,0.57414,0.57466,0.57801,0.57821,0.576255
6076.0,0.52474,0.57365,0.57415,0.57717,0.57768,0.5756625
6077.0,0.52552,0.57315,0.57325,0.57613,0.5768,0.5748325000000001
6078.0,0.53589,0.57251,0.57215,0.57502,0.57572,0.57385
6079.0,0.51855,0.57186,0.57132,0.57389,0.57484,0.5729775
6080.0,0.48607,0.57124,0.57062,0.57281,0.57409,0.57219
6081.0,0.55064,0.5706,0.56961,0.57184,0.57312,0.5712925
6082.0,0.60264,0.56992,0.56852,0.57093,0.57207,0.5703600000000001
6083.0,0.5899,0.56928,0.56784,0.57008,0.57135,0.5696375
6084.0,0.52199,0.56868,0.5674,0.56936,0.57085,0.5690725
6085.0,0.51718,0.56814,0.56669,0.56872,0.57019,0.568435
6086.0,0.55345,0.56766,0.56597,0.56821,0.56952,0.5678400000000001
6087.0,0.57797,0.56717,0.5657,0.56792,0.56919,0.567495
6088.0,0.54212,0.56675,0.56563,0.56775,0.56906,0.5672975
6089.0,0.5324,0.56633,0.56525,0.56765,0.56871,0.5669850000000001
6090.0,0.55739,0.56592,0.56481,0.56753,0.56831,0.5666424999999999
6091.0,0.56716,0.56567,0.56476,0.56727,0.56823,0.5664825
6092.0,0.56644,0.56541,0.56484,0.56706,0.56825,0.56639
6093.0,0.55483,0.56513,0.56454,0.56699,0.56796,0.566155
6094.0,0.53801,0.56477,0.56405,0.56697,0.56749,0.56582
6095.0,0.54083,0.56444,0.56387,0.56688,0.56731,0.565625
6096.0,0.55789,0.56432,0.5639,0.5665,0.56731,0.5655075
6097.0,0.55811,0.5641,0.56359,0.56577,0.56697,0.5651075
6098.0,0.50716,0.56382,0.56285,0.56516,0.56622,0.5645125
6099.0,0.54221,0.56352,0.5624,0.56492,0.56576,0.56415
6100.0,0.58406,0.56333,0.56247,0.56478,0.56582,0.5640999999999999
6101.0,0.55344,0.56331,0.5624,0.56452,0.56576,0.5639975
6102.0,0.52894,0.56308,0.56179,0.56402,0.56512,0.5635025
6103.0,0.51703,0.56282,0.56135,0.56343,0.56463,0.5630575
6104.0,0.51282,0.56272,0.56158,0.56335,0.56484,0.5631225
6105.0,0.51235,0.56275,0.56199,0.56377,0.56527,0.563445
6106.0,0.55807,0.56276,0.56191,0.56419,0.56524,0.563525
6107.0,0.58872,0.56254,0.56168,0.56446,0.56495,0.5634075
6108.0,0.55248,0.5623,0.5619,0.5646,0.56508,0.56347
6109.0,0.53431,0.56229,0.56243,0.56474,0.56562,0.56377
6110.0,0.51835,0.56234,0.56259,0.56503,0.56587,0.5639575
6111.0,0.50334,0.56219,0.56231,0.56523,0.56557,0.563825
6112.0,0.51507,0.56182,0.5621,0.5652,0.56525,0.5635924999999999
6113.0,0.55178,0.56146,0.56211,0.56505,0.56522,0.56346
6114.0,0.56003,0.56122,0.56191,0.56468,0.56509,0.5632250000000001
6115.0,0.49917,0.56103,0.56129,0.56405,0.56452,0.5627225
6116.0,0.46603,0.56058,0.56059,0.56319,0.56372,0.56202
6117.0,0.50009,0.55998,0.55996,0.56217,0.56301,0.56128
6118.0,0.58099,0.5595,0.55927,0.56133,0.56236,0.560615
6119.0,0.61766,0.55897,0.55853,0.5607,0.56168,0.55997
6120.0,0.60077,0.55855,0.5578,0.55992,0.56093,0.5593
6121.0,0.55675,0.55797,0.55705,0.55898,0.56012,0.55853
6122.0,0.5286,0.55727,0.55632,0.55808,0.5594,0.5577675000000001
6123.0,0.54638,0.55679,0.55582,0.55739,0.55892,0.55723
6124.0,0.55348,0.55621,0.55538,0.55714,0.55848,0.5568025
6125.0,0.52911,0.55575,0.55481,0.55704,0.55796,0.5563899999999999
6126.0,0.53316,0.55524,0.5543,0.55667,0.55748,0.5559225
6127.0,0.53433,0.55456,0.55399,0.55615,0.5571,0.5554500000000001
6128.0,0.52718,0.55412,0.55354,0.55571,0.55662,0.5549975
6129.0,0.52568,0.5536,0.55283,0.55532,0.55603,0.5544450000000001
6130.0,0.54277,0.55323,0.55233,0.55484,0.55558,0.553995
6131.0,0.55446,0.55283,0.55201,0.55405,0.55516,0.5535125
6132.0,0.53858,0.55222,0.55132,0.55302,0.5544,0.55274
6133.0,0.49714,0.55189,0.55031,0.55229,0.55346,0.5519875
6134.0,0.51091,0.55156,0.54984,0.55189,0.55303,0.55158
6135.0,0.5672,0.55141,0.54982,0.5514,0.55295,0.551395
6136.0,0.5729,0.55123,0.5494,0.55066,0.55249,0.550945
6137.0,0.54749,0.55084,0.54862,0.54993,0.55172,0.5502775
6138.0,0.52705,0.55082,0.54859,0.54973,0.55166,0.5502
6139.0,0.53518,0.55084,0.54927,0.55031,0.55232,0.550685
6140.0,0.53292,0.55098,0.54963,0.55117,0.55272,0.551125
6141.0,0.51712,0.55103,0.54951,0.5518,0.55263,0.5512425000000001
6142.0,0.50494,0.55086,0.54991,0.5522,0.55293,0.551475
6143.0,0.53268,0.55102,0.55093,0.55269,0.55388,0.55213
6144.0,0.55111,0.55114,0.55164,0.55352,0.55466,0.55274
6145.0,0.5459,0.55117,0.55175,0.55447,0.55483,0.5530550000000001
6146.0,0.52297,0.55103,0.55188,0.55513,0.55487,0.5532275
6147.0,0.50612,0.55062,0.55228,0.55536,0.55518,0.55336
6148.0,0.50059,0.55036,0.55243,0.55525,0.55537,0.5533525
6149.0,0.51895,0.54996,0.55192,0.55484,0.55495,0.5529175
6150.0,0.59197,0.5493,0.55106,0.55415,0.55407,0.552145
6151.0,0.59357,0.54845,0.55025,0.5532,0.5532,0.551275
6152.0,0.53243,0.54734,0.54931,0.55195,0.55228,0.55022
6153.0,0.51525,0.54627,0.54776,0.55044,0.5508,0.5488175
6154.0,0.53466,0.54507,0.54574,0.54864,0.54886,0.5470775
6155.0,0.55058,0.54366,0.54386,0.5464,0.547,0.54523
6156.0,0.53002,0.5422,0.54209,0.5438,0.5452,0.5433224999999999
6157.0,0.49044,0.54061,0.53977,0.54116,0.54293,0.5411175
6158.0,0.4699,0.53912,0.53715,0.53867,0.54043,0.5388425
6159.0,0.46703,0.53767,0.53506,0.53639,0.53839,0.5368775
6160.0,0.43558,0.53622,0.53336,0.53419,0.53666,0.5351075
6161.0,0.41582,0.53488,0.53121,0.53194,0.53459,0.533155
6162.0,0.43026,0.53365,0.52908,0.52985,0.53258,0.53129
6163.0,0.48569,0.53264,0.52793,0.52818,0.53143,0.530045
6164.0,0.54401,0.53183,0.52731,0.52705,0.53077,0.5292399999999999
6165.0,0.5433,0.53117,0.52627,0.52652,0.52982,0.528445
6166.0,0.47487,0.53071,0.52546,0.52648,0.52909,0.527935
6167.0,0.44495,0.53049,0.52581,0.52669,0.52938,0.5280925000000001
6168.0,0.44142,0.53048,0.52654,0.5271,0.53008,0.52855
6169.0,0.46318,0.53068,0.52676,0.52775,0.5304,0.5288975
6170.0,0.51964,0.53097,0.52726,0.52871,0.53092,0.529465
6171.0,0.56361,0.53142,0.52869,0.53006,0.53221,0.5305949999999999
6172.0,0.56822,0.53202,0.53015,0.5317,0.53363,0.531875
6173.0,0.53087,0.53269,0.53105,0.53333,0.53463,0.532925
6174.0,0.51798,0.5334,0.53215,0.53472,0.5357,0.5339925
6175.0,0.5106,0.53408,0.5337,0.53593,0.53707,0.535195
6176.0,0.51116,0.53474,0.53496,0.53715,0.53831,0.53629
6177.0,0.56704,0.53541,0.53575,0.5384,0.5392,0.53719
6178.0,0.59808,0.53599,0.53661,0.53949,0.53998,0.5380175
6179.0,0.58011,0.53649,0.53741,0.54026,0.54064,0.5387
6180.0,0.52948,0.53687,0.5378,0.54061,0.54107,0.5390874999999999
6181.0,0.50554,0.53708,0.53801,0.54059,0.54133,0.5392524999999999
6182.0,0.53485,0.53729,0.53813,0.54046,0.54135,0.5393075
6183.0,0.59802,0.53736,0.53786,0.54025,0.541,0.5391174999999999
6184.0,0.56453,0.53736,0.53738,0.53985,0.54058,0.5387924999999999
6185.0,0.51882,0.53731,0.53709,0.53915,0.54032,0.5384675
6186.0,0.50818,0.53705,0.53669,0.53814,0.53984,0.5379299999999999
6187.0,0.52085,0.5369,0.53579,0.53717,0.5389,0.5371900000000001
6188.0,0.53631,0.53671,0.53504,0.53653,0.53819,0.5366175
6189.0,0.54053,0.53651,0.53489,0.53603,0.53806,0.5363725
6190.0,0.5225,0.53641,0.53465,0.53554,0.5378,0.5361
6191.0,0.48315,0.53615,0.53389,0.53506,0.53706,0.53554
6192.0,0.46451,0.53607,0.53355,0.53471,0.5367,0.5352574999999999
6193.0,0.48658,0.53606,0.53402,0.53481,0.53713,0.535505
6194.0,0.4984,0.53604,0.53436,0.53521,0.53751,0.5357799999999999
6195.0,0.52186,0.53614,0.53415,0.53561,0.53736,0.535815
6196.0,0.55769,0.53614,0.53431,0.53608,0.53746,0.5359974999999999
6197.0,0.57701,0.53625,0.5352,0.53664,0.53825,0.536585
6198.0,0.55757,0.53643,0.53588,0.5373,0.53898,0.5371475
6199.0,0.522,0.5365,0.53597,0.53796,0.53916,0.5373975
6200.0,0.50949,0.53658,0.5362,0.53843,0.53931,0.5376299999999999
6201.0,0.52334,0.53657,0.53688,0.53884,0.53987,0.53804
6202.0,0.54144,0.53654,0.53729,0.53928,0.54032,0.5383575
6203.0,0.53967,0.53647,0.53714,0.53953,0.54024,0.5383450000000001
6204.0,0.4955,0.53621,0.5369,0.53946,0.53996,0.5381325
6205.0,0.447,0.53587,0.53682,0.53908,0.53978,0.5378875
6206.0,0.42918,0.53542,0.53647,0.53852,0.53944,0.5374625
6207.0,0.47423,0.53492,0.53568,0.53788,0.53869,0.5367925
6208.0,0.54539,0.53433,0.53473,0.53697,0.53773,0.53594
6209.0,0.57553,0.53355,0.53379,0.53569,0.53674,0.5349425
6210.0,0.51332,0.53271,0.53271,0.53423,0.53565,0.533825
6211.0,0.50266,0.53181,0.53138,0.53275,0.53433,0.5325675000000001
6212.0,0.50947,0.53096,0.53,0.53137,0.53295,0.53132
6213.0,0.49349,0.53006,0.52873,0.52996,0.53169,0.5301100000000001
6214.0,0.4757,0.52905,0.5275,0.52835,0.53047,0.5288425000000001
6215.0,0.4878,0.52808,0.52618,0.52681,0.52915,0.527555
6216.0,0.52254,0.5271,0.52497,0.52559,0.52794,0.5264
6217.0,0.52953,0.5263,0.52403,0.52474,0.52703,0.525525
6218.0,0.48719,0.52554,0.52324,0.52408,0.52625,0.5247775
6219.0,0.4588,0.52471,0.52233,0.52329,0.52537,0.523925
6220.0,0.51974,0.52398,0.52157,0.52244,0.52463,0.523155
6221.0,0.52782,0.52325,0.52115,0.52188,0.52418,0.5226149999999999
6222.0,0.48677,0.52272,0.52078,0.52166,0.52381,0.5222424999999999
6223.0,0.44051,0.52226,0.52021,0.52155,0.5233,0.5218299999999999
6224.0,0.4623,0.52176,0.51978,0.52127,0.52288,0.5214224999999999
6225.0,0.50149,0.52132,0.51958,0.52073,0.52262,0.5210625
6226.0,0.51366,0.52086,0.51931,0.52026,0.52234,0.5206925
6227.0,0.46943,0.52054,0.51893,0.52005,0.52199,0.5203774999999999
6228.0,0.45023,0.52027,0.5187,0.51996,0.52173,0.520165
6229.0,0.46535,0.52,0.51854,0.51981,0.52153,0.51997
6230.0,0.48446,0.51973,0.51828,0.5195,0.52128,0.5196974999999999
6231.0,0.49181,0.51941,0.51805,0.51917,0.52103,0.5194150000000001
6232.0,0.4932,0.51918,0.51794,0.519,0.52088,0.51925
6233.0,0.50139,0.51893,0.51781,0.51895,0.52075,0.51911
6234.0,0.53384,0.51874,0.51761,0.51893,0.52054,0.518955
6235.0,0.51501,0.51849,0.51741,0.51883,0.5203,0.5187575
6236.0,0.44419,0.5182,0.51724,0.51861,0.52012,0.5185425
6237.0,0.4483,0.51792,0.51707,0.51836,0.51997,0.51833
6238.0,0.47927,0.5176,0.51683,0.51809,0.51969,0.5180525
6239.0,0.50427,0.51735,0.51647,0.51779,0.5193,0.5177275
6240.0,0.50382,0.51704,0.51612,0.51748,0.51896,0.5174
6241.0,0.4911,0.51666,0.51587,0.51709,0.5187,0.51708
6242.0,0.48201,0.51627,0.51547,0.51663,0.51829,0.516665
6243.0,0.49214,0.51583,0.5149,0.51615,0.51775,0.5161575
6244.0,0.52643,0.51548,0.51446,0.51567,0.51729,0.515725
6245.0,0.54533,0.51511,0.5141,0.51525,0.51691,0.5153425
6246.0,0.52534,0.51465,0.51352,0.51473,0.51638,0.5148199999999999
6247.0,0.48737,0.51421,0.51288,0.51407,0.51577,0.5142325
6248.0,0.46111,0.51375,0.51239,0.5134,0.51523,0.5136925
6249.0,0.46317,0.51339,0.51187,0.51281,0.51469,0.51319
6250.0,0.49905,0.5131,0.51122,0.5123,0.51409,0.5126775
6251.0,0.53777,0.51277,0.51069,0.5117,0.51358,0.512185
6252.0,0.54554,0.51251,0.51027,0.51092,0.51311,0.5117025
6253.0,0.4995,0.51231,0.5098,0.51023,0.51262,0.51124
6254.0,0.49618,0.51217,0.50943,0.50984,0.51227,0.5109275
6255.0,0.5076,0.51221,0.50941,0.50975,0.51224,0.5109025
6256.0,0.49188,0.51229,0.5095,0.50982,0.5123,0.5109775000000001
6257.0,0.46434,0.51252,0.50954,0.50995,0.5123,0.5110775000000001
6258.0,0.4531,0.51281,0.50982,0.51026,0.51257,0.5113650000000001
6259.0,0.46307,0.51311,0.5106,0.51088,0.51335,0.5119849999999999
6260.0,0.46354,0.51359,0.51144,0.51178,0.51415,0.51274
6261.0,0.51553,0.51415,0.51206,0.51288,0.51473,0.513455
6262.0,0.58333,0.51485,0.51294,0.51407,0.51557,0.5143575
6263.0,0.55301,0.51555,0.51428,0.51532,0.51687,0.515505
6264.0,0.52709,0.51616,0.51542,0.51652,0.518,0.5165249999999999
6265.0,0.52744,0.51687,0.51619,0.51759,0.51875,0.51735
6266.0,0.54096,0.51758,0.51718,0.51865,0.51965,0.518265
6267.0,0.54507,0.51837,0.51843,0.51976,0.52085,0.5193525
6268.0,0.59429,0.51908,0.51932,0.52082,0.52175,0.5202424999999999
6269.0,0.67543,0.51968,0.51985,0.52161,0.52225,0.5208475
6270.0,0.52845,0.52025,0.5205,0.52207,0.52281,0.5214075
6271.0,0.43887,0.52075,0.52125,0.52243,0.52353,0.52199
6272.0,0.51811,0.52129,0.5217,0.52289,0.52399,0.5224675
6273.0,0.57232,0.52176,0.52192,0.52335,0.52415,0.522795
6274.0,0.58771,0.52217,0.5222,0.52358,0.52437,0.52308
6275.0,0.58862,0.52246,0.52251,0.52353,0.52469,0.5232975000000001
6276.0,0.61471,0.52268,0.52266,0.52346,0.52484,0.5234099999999999
6277.0,0.57408,0.52296,0.52274,0.52358,0.52486,0.523535
6278.0,0.50119,0.52321,0.5229,0.52381,0.52498,0.523725
6279.0,0.47111,0.52347,0.5231,0.52398,0.52518,0.5239324999999999
6280.0,0.46736,0.52357,0.5232,0.524,0.52529,0.524015
6281.0,0.49409,0.52363,0.5233,0.524,0.52536,0.5240725
6282.0,0.54373,0.52374,0.52353,0.52422,0.52555,0.5242600000000001
6283.0,0.55778,0.52382,0.52376,0.52461,0.52577,0.52449
6284.0,0.52054,0.52399,0.5239,0.52499,0.5259,0.524695
6285.0,0.46617,0.52395,0.52398,0.52518,0.52595,0.524765
6286.0,0.50422,0.52387,0.52408,0.52515,0.52603,0.5247824999999999
6287.0,0.52189,0.52375,0.52413,0.52513,0.52608,0.5247725
6288.0,0.50308,0.52364,0.52408,0.52519,0.52599,0.524725
6289.0,0.51136,0.52365,0.52387,0.52518,0.52572,0.524605
6290.0,0.50874,0.52345,0.52356,0.52493,0.52541,0.5243375
6291.0,0.49891,0.5232,0.52322,0.52431,0.52508,0.5239525
6292.0,0.50492,0.52285,0.52281,0.52354,0.52463,0.5234575
6293.0,0.53884,0.52256,0.52223,0.52288,0.52398,0.5229125
6294.0,0.54974,0.52245,0.52162,0.52237,0.52335,0.5224475
6295.0,0.50734,0.52215,0.52114,0.5218,0.52287,0.52199
6296.0,0.51091,0.52189,0.52061,0.52098,0.52233,0.5214525
6297.0,0.60245,0.52154,0.51998,0.5201,0.52165,0.5208174999999999
6298.0,0.78237,0.52131,0.51951,0.51955,0.52114,0.5203775
6299.0,0.98462,0.52119,0.51932,0.51939,0.52095,0.5202125
6300.0,1.09874,0.521,0.51912,0.51934,0.52074,0.52005
6301.0,1.06572,0.52092,0.51881,0.51913,0.52039,0.5198125
6302.0,0.87344,0.52077,0.5187,0.51893,0.52023,0.5196575000000001
6303.0,0.68369,0.52071,0.51887,0.51906,0.52039,0.5197575
6304.0,0.56734,0.52064,0.51898,0.51944,0.52053,0.5198975
6305.0,0.54021,0.5206,0.51897,0.51974,0.52046,0.5199425
6306.0,0.4937,0.52064,0.51901,0.5198,0.52041,0.519965
6307.0,0.45538,0.52063,0.51912,0.5198,0.52051,0.5200150000000001
6308.0,0.48319,0.52059,0.51917,0.5199,0.52062,0.52007
6309.0,0.54446,0.52055,0.51916,0.51995,0.52055,0.5200525
6310.0,0.59933,0.52055,0.51902,0.51977,0.52028,0.519905
6311.0,0.63483,0.52061,0.51876,0.51942,0.52003,0.519705
6312.0,0.71308,0.52061,0.51866,0.5191,0.51999,0.51959
6313.0,0.73243,0.5205,0.51866,0.51882,0.51992,0.5194749999999999
6314.0,0.65747,0.52057,0.51836,0.51851,0.51953,0.5192425
6315.0,0.57397,0.52066,0.51803,0.51825,0.5192,0.519035
6316.0,0.52058,0.52078,0.51819,0.51812,0.51936,0.5191125000000001
6317.0,0.5089,0.52084,0.51843,0.51816,0.51961,0.5192599999999999
6318.0,0.53088,0.52088,0.51831,0.51827,0.51948,0.519235
6319.0,0.55224,0.52114,0.51842,0.5185,0.51952,0.519395
6320.0,0.54475,0.52131,0.51904,0.51897,0.52014,0.519865
6321.0,0.49184,0.52158,0.51956,0.51959,0.52074,0.5203675
6322.0,0.49121,0.52178,0.51981,0.52023,0.52096,0.520695
6323.0,0.51421,0.52202,0.52028,0.52083,0.52133,0.521115
6324.0,0.50433,0.52234,0.52096,0.52146,0.52205,0.5217025
6325.0,0.47545,0.5224,0.52144,0.52209,0.52264,0.5221425
6326.0,0.44914,0.52265,0.52175,0.52256,0.52289,0.5224624999999999
6327.0,0.44392,0.52284,0.52204,0.52288,0.52306,0.522705
6328.0,0.47057,0.52304,0.52229,0.52314,0.52334,0.5229525
6329.0,0.51304,0.52313,0.52242,0.52328,0.52355,0.523095
6330.0,0.54372,0.52298,0.52241,0.52316,0.52349,0.52301
6331.0,0.51209,0.523,0.5222,0.52276,0.52317,0.5227824999999999
6332.0,0.49008,0.52294,0.52195,0.5224,0.5229,0.5225475
6333.0,0.50685,0.52292,0.52179,0.52215,0.5228,0.5224150000000001
6334.0,0.54748,0.52275,0.52155,0.52181,0.52251,0.522155
6335.0,0.55628,0.52256,0.52102,0.52123,0.5219,0.5216775
6336.0,0.51973,0.52243,0.52058,0.52061,0.52144,0.521265
6337.0,0.46065,0.52215,0.52046,0.52027,0.52135,0.5210575
6338.0,0.51425,0.52195,0.5203,0.52014,0.52118,0.5208925
6339.0,0.56838,0.52171,0.51987,0.51993,0.52067,0.520545
6340.0,0.4649,0.52161,0.51962,0.51963,0.52034,0.5203
6341.0,0.42828,0.52143,0.5197,0.5195,0.52047,0.5202749999999999
6342.0,0.45833,0.52111,0.51969,0.5196,0.5205,0.5202249999999999
6343.0,0.50648,0.52088,0.51942,0.51971,0.52018,0.5200475
6344.0,0.53399,0.52064,0.51927,0.51966,0.51999,0.51989
6345.0,0.5367,0.52046,0.51941,0.51956,0.52016,0.5198975
6346.0,0.51913,0.52014,0.51935,0.51958,0.52012,0.5197975
6347.0,0.49648,0.51986,0.51894,0.51961,0.5197,0.5195274999999999
6348.0,0.52906,0.51953,0.51863,0.51941,0.51935,0.5192300000000001
6349.0,0.59527,0.51908,0.51849,0.51893,0.51923,0.5189325
6350.0,0.5478,0.51864,0.518,0.51831,0.51876,0.5184275
6351.0,0.49469,0.51818,0.51718,0.51774,0.51795,0.5177624999999999
6352.0,0.48395,0.51778,0.51657,0.51711,0.51731,0.5171924999999999
6353.0,0.50975,0.51727,0.51603,0.51621,0.51677,0.51657
6354.0,0.52036,0.51673,0.51508,0.51507,0.51584,0.51568
6355.0,0.51629,0.51627,0.51403,0.51395,0.51478,0.5147575
6356.0,0.5232,0.51584,0.51341,0.51304,0.51413,0.514105
6357.0,0.50684,0.51542,0.51287,0.51225,0.51359,0.5135325
6358.0,0.48613,0.51508,0.51202,0.51141,0.51273,0.51281
6359.0,0.49665,0.51486,0.51137,0.51067,0.51204,0.512235
6360.0,0.53451,0.5147,0.5113,0.51026,0.51194,0.51205
6361.0,0.58906,0.5146,0.5113,0.51021,0.51198,0.5120225
6362.0,0.64544,0.51462,0.51115,0.5104,0.51181,0.511995
6363.0,0.67743,0.51485,0.5114,0.51075,0.51198,0.5122450000000001
6364.0,0.65861,0.5151,0.51209,0.51135,0.51268,0.512805
6365.0,0.59447,0.51538,0.51277,0.51219,0.51341,0.5134375
6366.0,0.57603,0.51577,0.51339,0.51319,0.51399,0.514085
6367.0,0.57974,0.5163,0.51429,0.51428,0.51481,0.51492
6368.0,0.57905,0.51687,0.51539,0.51546,0.51591,0.5159075
6369.0,0.55351,0.51737,0.51631,0.51662,0.51689,0.5167975
6370.0,0.53206,0.51792,0.51711,0.51764,0.51764,0.5175775
6371.0,0.53449,0.51848,0.51797,0.51853,0.51844,0.518355
6372.0,0.57067,0.51901,0.51885,0.51938,0.51933,0.5191425
6373.0,0.5719,0.51947,0.51948,0.52015,0.51998,0.51977
6374.0,0.53673,0.51986,0.51991,0.52066,0.52035,0.520195
6375.0,0.51452,0.52024,0.5203,0.52089,0.5207,0.5205325000000001
6376.0,0.50382,0.52048,0.52066,0.52102,0.52105,0.5208025000000001
6377.0,0.49818,0.52068,0.52078,0.52116,0.52117,0.5209475
6378.0,0.48896,0.52081,0.52072,0.5212,0.52108,0.5209524999999999
6379.0,0.47853,0.52086,0.52068,0.521,0.52102,0.52089
6380.0,0.4758,0.52083,0.5206,0.52066,0.52094,0.5207575
6381.0,0.49279,0.52068,0.52031,0.52038,0.52065,0.520505
6382.0,0.53885,0.52052,0.51997,0.52018,0.5203,0.5202424999999999
6383.0,0.56932,0.52029,0.51972,0.51987,0.52003,0.5199775
6384.0,0.54433,0.52005,0.51939,0.51935,0.51968,0.5196175
6385.0,0.50385,0.51978,0.51886,0.51878,0.51915,0.5191425000000001
6386.0,0.49937,0.51943,0.51835,0.51837,0.51867,0.518705
6387.0,0.54939,0.51902,0.518,0.518,0.51833,0.5183375
6388.0,0.57497,0.51851,0.51752,0.51746,0.51779,0.51782
6389.0,0.533,0.51814,0.51684,0.51673,0.51707,0.517195
6390.0,0.44777,0.51784,0.51635,0.51602,0.5166,0.5167025
6391.0,0.47948,0.51751,0.51607,0.51554,0.51631,0.5163575
6392.0,0.5102,0.51716,0.51549,0.51517,0.51571,0.5158824999999999
6393.0,0.49006,0.51677,0.51477,0.51471,0.51499,0.5153099999999999
6394.0,0.47736,0.51635,0.51455,0.51413,0.51475,0.514945
6395.0,0.45587,0.51592,0.51449,0.51362,0.51463,0.514665
6396.0,0.434,0.51573,0.51402,0.51339,0.51411,0.5143125
6397.0,0.45287,0.51568,0.51368,0.51342,0.51373,0.5141275000000001
6398.0,0.51602,0.51554,0.51388,0.51342,0.51391,0.5141875
6399.0,0.56305,0.51531,0.51384,0.51326,0.51387,0.51407
6400.0,0.48791,0.51504,0.51341,0.51314,0.51344,0.5137575000000001
6401.0,0.48056,0.51489,0.51351,0.51326,0.51348,0.513785
6402.0,0.52696,0.51482,0.51399,0.51355,0.51392,0.51407
6403.0,0.51168,0.51481,0.51394,0.51369,0.51384,0.51407
6404.0,0.48044,0.51491,0.51365,0.51366,0.51349,0.5139275000000001
6405.0,0.46519,0.51491,0.51389,0.51371,0.51369,0.51405
6406.0,0.49097,0.51475,0.51419,0.51382,0.51403,0.5141975
6407.0,0.53939,0.51458,0.51394,0.51381,0.51379,0.51403
6408.0,0.56544,0.51457,0.51375,0.51369,0.5135,0.5138775
6409.0,0.53224,0.51467,0.51404,0.51365,0.51371,0.5140175
6410.0,0.50374,0.51468,0.51408,0.51367,0.51382,0.5140625
6411.0,0.49921,0.51473,0.51371,0.51353,0.51348,0.5138625
6412.0,0.52209,0.5147,0.51364,0.51327,0.51332,0.5137324999999999
6413.0,0.55037,0.51464,0.51383,0.51315,0.51351,0.5137825
6414.0,0.56692,0.51458,0.51372,0.51328,0.51348,0.513765
6415.0,0.56024,0.51456,0.51355,0.51333,0.51328,0.5136799999999999
6416.0,0.52827,0.51469,0.51372,0.51313,0.51335,0.5137225
6417.0,0.48676,0.51477,0.51383,0.513,0.51349,0.5137725
6418.0,0.45497,0.51483,0.51376,0.51323,0.51352,0.513835
6419.0,0.46434,0.51483,0.51388,0.51361,0.5136,0.51398
6420.0,0.50031,0.51485,0.51408,0.51374,0.51375,0.5141049999999999
6421.0,0.53755,0.51493,0.51414,0.51363,0.51385,0.5141375
6422.0,0.52867,0.51501,0.5143,0.51373,0.51403,0.5142675
6423.0,0.5125,0.51516,0.51456,0.51417,0.51425,0.514535
6424.0,0.51858,0.51526,0.51462,0.51457,0.51433,0.5146949999999999
6425.0,0.56603,0.5153,0.51467,0.51457,0.51439,0.5147325
6426.0,0.54542,0.51528,0.51488,0.51436,0.51455,0.5147674999999999
6427.0,0.46765,0.51529,0.51497,0.51442,0.51463,0.5148275
6428.0,0.46739,0.51541,0.51492,0.51473,0.5146,0.514915
6429.0,0.47876,0.51552,0.51502,0.51482,0.51467,0.5150075000000001
6430.0,0.47614,0.51558,0.51509,0.51454,0.5147,0.5149775000000001
6431.0,0.46256,0.51557,0.51492,0.5143,0.51454,0.5148325
6432.0,0.44884,0.51553,0.51486,0.5144,0.5145,0.5148225
6433.0,0.44333,0.51548,0.51507,0.51461,0.51468,0.5149600000000001
6434.0,0.45514,0.51547,0.51512,0.51454,0.51467,0.51495
6435.0,0.48737,0.51555,0.51497,0.5143,0.5145,0.51483
6436.0,0.50855,0.51559,0.51505,0.51436,0.5146,0.5148999999999999
6437.0,0.47431,0.51548,0.51525,0.5147,0.51482,0.5150625
6438.0,0.45484,0.51532,0.51515,0.5149,0.5147,0.5150175
6439.0,0.46279,0.51521,0.51498,0.51481,0.5145,0.514875
6440.0,0.48887,0.51515,0.51516,0.51463,0.51467,0.5149025
6441.0,0.51652,0.51508,0.51525,0.51465,0.51478,0.51494
6442.0,0.53536,0.51496,0.51487,0.51476,0.5144,0.5147474999999999
6443.0,0.53682,0.51476,0.51455,0.51464,0.51405,0.5145
6444.0,0.51951,0.51442,0.51453,0.51421,0.514,0.5142899999999999
6445.0,0.51149,0.51411,0.51425,0.51359,0.51374,0.5139225
6446.0,0.53772,0.51391,0.51368,0.51306,0.51315,0.51345
6447.0,0.56057,0.51378,0.51335,0.51275,0.51277,0.5131625
6448.0,0.55085,0.51357,0.51307,0.51241,0.51249,0.512885
6449.0,0.49571,0.51326,0.51245,0.5118,0.51194,0.5123625
6450.0,0.44512,0.51284,0.51194,0.51108,0.51137,0.5118075
6451.0,0.43672,0.51251,0.51177,0.51062,0.51112,0.511505
6452.0,0.48125,0.5123,0.51154,0.5105,0.51094,0.51132
6453.0,0.50527,0.51219,0.51123,0.51041,0.51064,0.5111175
6454.0,0.48366,0.51213,0.51109,0.51013,0.5104,0.5109375
6455.0,0.42908,0.51192,0.51086,0.50991,0.51019,0.5107200000000001
6456.0,0.44843,0.5117,0.51066,0.50998,0.5101,0.51061
6457.0,0.49117,0.51137,0.51074,0.51011,0.51018,0.5106
6458.0,0.5161,0.51128,0.5108,0.51,0.51015,0.5105575
6459.0,0.53485,0.51132,0.51069,0.50992,0.51003,0.51049
6460.0,0.55989,0.51135,0.51079,0.51007,0.51011,0.5105799999999999
6461.0,0.56898,0.51139,0.51093,0.51024,0.51022,0.510695
6462.0,0.45921,0.51119,0.51068,0.51018,0.51004,0.5105225
6463.0,0.45447,0.51108,0.51063,0.51001,0.50998,0.510425
6464.0,0.59323,0.51088,0.51088,0.5101,0.51019,0.5105125
6465.0,0.55283,0.51087,0.51087,0.51031,0.51021,0.510565
6466.0,0.48311,0.51091,0.51074,0.51031,0.51004,0.5105
6467.0,0.48186,0.51085,0.51081,0.51005,0.51001,0.5104299999999999
6468.0,0.55614,0.51078,0.51076,0.50995,0.51002,0.5103774999999999
6469.0,0.60573,0.51047,0.51051,0.5101,0.50989,0.5102424999999999
6470.0,0.58035,0.51023,0.51044,0.51009,0.50976,0.51013
6471.0,0.48514,0.50994,0.5103,0.50978,0.50958,0.5099
6472.0,0.47095,0.50974,0.51,0.50938,0.50933,0.5096125
6473.0,0.54647,0.50948,0.50979,0.50916,0.50911,0.509385
6474.0,0.55001,0.5091,0.50949,0.50895,0.50878,0.50908
6475.0,0.53508,0.50866,0.50891,0.50854,0.50824,0.5085875
6476.0,0.52589,0.50804,0.50842,0.50797,0.50779,0.5080549999999999
6477.0,0.51422,0.50743,0.50805,0.50735,0.50744,0.5075675000000001
6478.0,0.48241,0.50678,0.50737,0.50676,0.50679,0.506925
6479.0,0.45723,0.50613,0.50656,0.50614,0.50597,0.5062
6480.0,0.51119,0.50537,0.5059,0.50543,0.5053,0.5055000000000001
6481.0,0.49657,0.50447,0.50506,0.50454,0.50454,0.5046525
6482.0,0.43205,0.50347,0.5039,0.5035,0.50343,0.5035749999999999
6483.0,0.48461,0.5024,0.50278,0.50242,0.50229,0.5024725
6484.0,0.55245,0.50132,0.5017,0.50131,0.50125,0.501395
6485.0,0.58468,0.50021,0.50036,0.49997,0.49999,0.5001325000000001
6486.0,0.56015,0.49913,0.49882,0.4983,0.49843,0.49867
6487.0,0.52216,0.49794,0.49725,0.49655,0.49684,0.497145
6488.0,0.49408,0.49675,0.49567,0.49488,0.49533,0.49565750000000003
6489.0,0.49036,0.49552,0.49399,0.49309,0.49372,0.49407999999999996
6490.0,0.4844,0.4944,0.4923,0.49103,0.49201,0.492435
6491.0,0.4927,0.49343,0.49077,0.48902,0.49047,0.4909225
6492.0,0.55752,0.49253,0.4894,0.4874,0.48911,0.48961
6493.0,0.57017,0.49182,0.48814,0.48611,0.48785,0.48848
6494.0,0.52445,0.49113,0.48704,0.4849,0.48674,0.4874525
6495.0,0.48076,0.49064,0.48636,0.48385,0.48604,0.48672250000000006
6496.0,0.50658,0.49028,0.48603,0.48342,0.48574,0.4863675
6497.0,0.54459,0.49015,0.48599,0.48368,0.48569,0.4863775
6498.0,0.46671,0.49029,0.48631,0.48425,0.48596,0.4867025
6499.0,0.46033,0.49051,0.48694,0.48496,0.48656,0.4872425
6500.0,0.51108,0.49097,0.48785,0.486,0.48748,0.48807500000000004
6501.0,0.49561,0.49143,0.48893,0.48755,0.48855,0.48911499999999997
6502.0,0.47705,0.49205,0.49019,0.48934,0.4898,0.490345
6503.0,0.47808,0.49275,0.49161,0.49104,0.49119,0.4916475
6504.0,0.50158,0.4935,0.49303,0.49256,0.49257,0.492915
6505.0,0.51528,0.49437,0.49439,0.49411,0.49387,0.494185
6506.0,0.51334,0.49517,0.49568,0.49566,0.49514,0.49541250000000003
6507.0,0.50495,0.496,0.49687,0.49697,0.49629,0.49653250000000004
6508.0,0.52662,0.49671,0.49781,0.49792,0.4972,0.49741
6509.0,0.53625,0.49737,0.49859,0.49862,0.49795,0.4981325
6510.0,0.4556,0.49798,0.49932,0.49918,0.49864,0.49878
6511.0,0.4075,0.49847,0.49979,0.49959,0.49907,0.49923000000000006
6512.0,0.41986,0.49895,0.50005,0.49978,0.49927,0.4995125
6513.0,0.47452,0.49932,0.50027,0.49978,0.49948,0.49971249999999995
6514.0,0.50359,0.49963,0.50043,0.49965,0.49962,0.49983249999999996
6515.0,0.51393,0.49986,0.50036,0.49953,0.49952,0.4998175
6516.0,0.54513,0.50001,0.50025,0.49944,0.49938,0.49976999999999994
6517.0,0.55278,0.50012,0.50028,0.49933,0.49939,0.49978
6518.0,0.52789,0.50016,0.50021,0.49913,0.49931,0.49970250000000005
6519.0,0.47914,0.5002,0.50004,0.49893,0.49909,0.499565
6520.0,0.4345,0.50021,0.5,0.49889,0.49901,0.4995275
6521.0,0.40579,0.50021,0.50005,0.49896,0.49906,0.49957
6522.0,0.39957,0.50022,0.49999,0.49895,0.49899,0.4995375
6523.0,0.41382,0.50021,0.4999,0.49883,0.49887,0.4994525
6524.0,0.45039,0.50018,0.49997,0.49881,0.49891,0.4994675
6525.0,0.50746,0.50011,0.50004,0.49898,0.49898,0.4995275
6526.0,0.51461,0.50005,0.49999,0.49912,0.4989,0.49951500000000004
6527.0,0.48257,0.49999,0.50001,0.4991,0.49887,0.49949249999999995
6528.0,0.46518,0.4999,0.50011,0.49902,0.49896,0.49949750000000004
6529.0,0.4585,0.49983,0.50014,0.49906,0.499,0.4995075
6530.0,0.46839,0.49972,0.50009,0.4992,0.49892,0.49948250000000005
6531.0,0.50708,0.49957,0.50009,0.49927,0.49888,0.4994525
6532.0,0.56444,0.49933,0.50005,0.49918,0.49885,0.4993525
6533.0,0.59563,0.49903,0.49989,0.49903,0.49872,0.4991675
6534.0,0.53204,0.4987,0.49972,0.49892,0.49853,0.49896749999999995
6535.0,0.47332,0.49827,0.49951,0.49885,0.4983,0.4987325
6536.0,0.45934,0.49779,0.49917,0.49864,0.49798,0.49839500000000003
6537.0,0.50312,0.49719,0.49872,0.49816,0.49754,0.4979025
6538.0,0.56339,0.49648,0.49817,0.4975,0.49696,0.49727750000000004
6539.0,0.60482,0.49559,0.49744,0.49688,0.49623,0.496535
6540.0,0.58541,0.49457,0.4966,0.49623,0.49541,0.49570250000000005
6541.0,0.51744,0.49342,0.49565,0.49525,0.49445,0.49469250000000003
6542.0,0.458,0.49212,0.49445,0.49389,0.49323,0.4934225
6543.0,0.50887,0.4907,0.49306,0.49249,0.49185,0.49202499999999993
6544.0,0.59032,0.48908,0.49158,0.49114,0.49034,0.490535
6545.0,0.69597,0.48728,0.48982,0.48954,0.48857,0.4888025
6546.0,0.86888,0.48526,0.48777,0.48747,0.48653,0.48675750000000007
6547.0,1.03112,0.48305,0.48567,0.48517,0.48434,0.4845575
6548.0,1.1154,0.4806,0.48332,0.48288,0.4819,0.482175
6549.0,1.03836,0.47806,0.48057,0.48036,0.47913,0.47953
6550.0,0.83951,0.47556,0.47772,0.47728,0.47621,0.47669249999999996
6551.0,0.64471,0.47293,0.47467,0.47388,0.47303,0.47362750000000003
6552.0,0.69612,0.4702,0.47114,0.47049,0.46945,0.47032
6553.0,0.66856,0.4674,0.46755,0.46684,0.46584,0.4669075
6554.0,0.53399,0.46454,0.46416,0.46262,0.46226,0.463395
6555.0,0.55676,0.46162,0.46042,0.45831,0.45825,0.45965
6556.0,0.61411,0.45887,0.45657,0.4545,0.45429,0.45605750000000006
6557.0,0.89684,0.45653,0.45344,0.4508,0.45109,0.452965
6558.0,2.1214,0.45443,0.45044,0.44673,0.44794,0.44988500000000003
6559.0,5.87534,0.45269,0.44723,0.44302,0.44463,0.4468925
6560.0,13.3612,0.45122,0.44502,0.4407,0.44235,0.4448225
6561.0,25.75453,0.45002,0.44376,0.43936,0.44104,0.44354499999999997
6562.0,35.68268,0.44909,0.44228,0.4381,0.43957,0.44226
6563.0,38.45199,0.44857,0.44152,0.43724,0.43883,0.44154000000000004
6564.0,31.11515,0.44852,0.44248,0.43784,0.4398,0.44216
6565.0,20.11173,0.44895,0.44371,0.43987,0.44117,0.443425
6566.0,9.97902,0.45006,0.44487,0.44222,0.44242,0.4448925
6567.0,3.99314,0.45145,0.44722,0.44445,0.44476,0.44697000000000003
6568.0,1.37669,0.45303,0.45015,0.44735,0.44788,0.4496025
6569.0,0.97264,0.45482,0.45266,0.45123,0.45064,0.4523375
6570.0,0.77211,0.45677,0.45562,0.45522,0.45362,0.4553075
6571.0,0.64469,0.45878,0.45922,0.45877,0.45734,0.45852750000000003
6572.0,0.61624,0.46096,0.46242,0.46216,0.46084,0.461595
6573.0,0.66208,0.46351,0.46533,0.46557,0.46385,0.464565
6574.0,0.68417,0.46599,0.46845,0.4688,0.46693,0.46754249999999997
6575.0,0.63144,0.4683,0.47135,0.47168,0.46993,0.470315
6576.0,0.5692,0.4705,0.47376,0.47421,0.47244,0.4727275
6577.0,0.57253,0.47254,0.47607,0.47641,0.47473,0.4749375
6578.0,0.6622,0.47442,0.47819,0.47837,0.47689,0.4769675
6579.0,0.68997,0.47613,0.47988,0.48008,0.47867,0.47869
6580.0,0.87281,0.47779,0.48132,0.48149,0.48014,0.480185
6581.0,1.35889,0.47922,0.48261,0.48259,0.48141,0.4814575
6582.0,1.8602,0.48044,0.48362,0.48347,0.48243,0.48249
6583.0,2.1521,0.48149,0.48433,0.48421,0.48319,0.483305
6584.0,2.07562,0.48236,0.48496,0.4847,0.48383,0.4839625
6585.0,1.72131,0.48309,0.48543,0.48486,0.48427,0.4844125
6586.0,1.2622,0.48361,0.48558,0.48492,0.48442,0.4846325
6587.0,0.87597,0.48409,0.48568,0.48502,0.48454,0.4848325
6588.0,0.60818,0.48446,0.4858,0.48495,0.48466,0.4849675
6589.0,0.49082,0.48474,0.48568,0.4846,0.48455,0.4848925
6590.0,0.52994,0.48496,0.4855,0.48425,0.48437,0.48477
6591.0,0.54352,0.48507,0.48546,0.48414,0.48433,0.48475
6592.0,0.51514,0.48518,0.48534,0.48406,0.48422,0.4847
6593.0,0.48222,0.48521,0.48508,0.48378,0.48396,0.4845075
6594.0,0.48886,0.48524,0.48504,0.4835,0.4839,0.48442
6595.0,0.53418,0.48524,0.48514,0.48356,0.48401,0.4844875
6596.0,0.59129,0.48532,0.48509,0.48379,0.48399,0.48454749999999996
6597.0,0.56619,0.48545,0.48511,0.48384,0.48399,0.48459749999999996
6598.0,0.49841,0.48551,0.48526,0.48381,0.48412,0.48467499999999997
6599.0,0.50274,0.48558,0.48534,0.484,0.48422,0.484785
6600.0,0.51154,0.48563,0.48546,0.48433,0.48431,0.4849325
6601.0,0.50503,0.48569,0.48567,0.48451,0.48449,0.48509
6602.0,0.49021,0.48575,0.48582,0.4846,0.48468,0.4852125
6603.0,0.48382,0.48591,0.48593,0.48477,0.48482,0.4853575
6604.0,0.48991,0.48612,0.48611,0.48493,0.48497,0.48553250000000003
6605.0,0.50163,0.48628,0.48627,0.48499,0.48509,0.4856575
6606.0,0.47617,0.48641,0.4864,0.48508,0.4852,0.4857725
6607.0,0.44303,0.4865,0.48659,0.48533,0.48539,0.4859525
6608.0,0.52759,0.48666,0.48679,0.48554,0.48561,0.48614999999999997
6609.0,0.57102,0.48678,0.48693,0.4856,0.48575,0.48626499999999995
6610.0,0.52102,0.48693,0.48714,0.48573,0.48593,0.4864325
6611.0,0.47119,0.48703,0.48741,0.48612,0.48621,0.48669250000000003
6612.0,0.45358,0.48718,0.48764,0.48653,0.48645,0.48695
6613.0,0.47185,0.48732,0.4878,0.4867,0.4866,0.48710499999999995
6614.0,0.48629,0.48736,0.48796,0.48681,0.48676,0.4872225
6615.0,0.48059,0.4874,0.48815,0.4871,0.48698,0.4874075
6616.0,0.45237,0.48734,0.48825,0.48738,0.48707,0.48751
6617.0,0.42814,0.48729,0.48824,0.48741,0.48705,0.48749750000000003
6618.0,0.41948,0.48715,0.4882,0.4873,0.48704,0.4874225
6619.0,0.43327,0.48706,0.48811,0.48717,0.48698,0.48733
6620.0,0.47009,0.48691,0.48788,0.487,0.48673,0.48713000000000006
6621.0,0.51572,0.4867,0.48755,0.48663,0.48637,0.4868125
6622.0,0.55251,0.48645,0.48723,0.48617,0.48606,0.48647749999999995
6623.0,0.55522,0.48612,0.48681,0.48569,0.48564,0.486065
6624.0,0.51937,0.48578,0.48623,0.48513,0.48506,0.48555000000000004
6625.0,0.45739,0.48538,0.48572,0.48445,0.48453,0.48502
6626.0,0.46653,0.48497,0.48525,0.48379,0.48405,0.48451500000000003
6627.0,0.50523,0.48453,0.48464,0.48322,0.48346,0.4839625
6628.0,0.49244,0.48418,0.48408,0.48265,0.48289,0.48345
6629.0,0.48149,0.48384,0.48363,0.48201,0.48241,0.4829725
6630.0,0.48774,0.48347,0.48309,0.48143,0.48188,0.48246750000000005
6631.0,0.5112,0.48311,0.48261,0.48099,0.48141,0.48202999999999996
6632.0,0.51767,0.48274,0.4823,0.48065,0.48107,0.48168999999999995
6633.0,0.49899,0.48239,0.48192,0.48035,0.48068,0.481335
6634.0,0.4629,0.4821,0.48155,0.48004,0.48035,0.48101
6635.0,0.46424,0.48184,0.48142,0.47976,0.48023,0.4808125
6636.0,0.49676,0.48156,0.48127,0.47962,0.48006,0.4806275
6637.0,0.49721,0.48138,0.48103,0.47964,0.47982,0.48046750000000005
6638.0,0.49621,0.48126,0.481,0.47962,0.4798,0.48042
6639.0,0.50577,0.48114,0.48099,0.47944,0.47981,0.480345
6640.0,0.51669,0.481,0.48079,0.47933,0.47961,0.48018249999999996
6641.0,0.51044,0.48088,0.48078,0.47945,0.47959,0.48017499999999996
6642.0,0.49037,0.48076,0.48091,0.47961,0.47974,0.480255
6643.0,0.5029,0.48067,0.48076,0.47951,0.47963,0.48014249999999997
6644.0,0.4964,0.48058,0.48065,0.47933,0.47952,0.48002
6645.0,0.44956,0.48047,0.48079,0.47939,0.47965,0.48007500000000003
6646.0,0.43328,0.48037,0.48078,0.47958,0.47966,0.48009749999999995
6647.0,0.45206,0.48029,0.4806,0.47954,0.47948,0.47997750000000006
6648.0,0.49303,0.48019,0.48059,0.47931,0.47946,0.4798875
6649.0,0.50273,0.48004,0.48056,0.47922,0.47947,0.47982250000000004
6650.0,0.46606,0.47988,0.48033,0.47927,0.47925,0.4796825
6651.0,0.39314,0.47971,0.48015,0.47914,0.47904,0.47951
6652.0,0.40821,0.47949,0.48004,0.4788,0.47894,0.4793175
6653.0,0.47182,0.47925,0.47972,0.47852,0.47865,0.479035
6654.0,0.49824,0.47899,0.47936,0.4783,0.47829,0.478735
6655.0,0.48426,0.47873,0.47913,0.47793,0.47803,0.47845499999999996
6656.0,0.45841,0.47842,0.47876,0.47743,0.47766,0.47806750000000003
6657.0,0.46794,0.47813,0.47829,0.477,0.47719,0.4776525
6658.0,0.49005,0.47785,0.47794,0.47659,0.47682,0.4773
6659.0,0.50212,0.47753,0.47756,0.47608,0.47644,0.4769025
6660.0,0.47588,0.47723,0.47707,0.47555,0.47595,0.47644999999999993
6661.0,0.4854,0.47688,0.47671,0.47516,0.47556,0.4760775
6662.0,0.52643,0.47657,0.47641,0.47484,0.47527,0.4757725
6663.0,0.5102,0.47625,0.47602,0.47448,0.47487,0.47540499999999997
6664.0,0.44349,0.47597,0.4757,0.47412,0.47452,0.47507750000000004
6665.0,0.3765,0.47565,0.4755,0.47391,0.47433,0.4748475
6666.0,0.45607,0.47538,0.47528,0.47379,0.47412,0.47464249999999997
6667.0,0.58411,0.47516,0.47505,0.47365,0.47383,0.47442249999999997
6668.0,0.6581,0.47489,0.47484,0.47347,0.47359,0.4741975
6669.0,0.53636,0.47466,0.47468,0.47329,0.47347,0.47402500000000003
6670.0,0.43667,0.47437,0.47451,0.47312,0.47327,0.4738175
6671.0,0.50509,0.47413,0.47425,0.47297,0.47296,0.4735775
6672.0,0.49763,0.47393,0.47403,0.47279,0.47276,0.4733775
6673.0,0.47816,0.47378,0.47389,0.47248,0.47261,0.47319
6674.0,0.54893,0.47359,0.47359,0.47208,0.47226,0.47287999999999997
6675.0,0.65979,0.47342,0.47328,0.47182,0.47193,0.4726125
6676.0,0.77559,0.47329,0.47321,0.47169,0.47186,0.4725125
6677.0,0.85944,0.47313,0.473,0.47143,0.47164,0.4723
6678.0,0.89085,0.47301,0.47267,0.47105,0.47129,0.472005
6679.0,0.85635,0.47286,0.47266,0.47089,0.47126,0.4719175
6680.0,0.74517,0.47274,0.4727,0.471,0.47133,0.47194250000000004
6681.0,0.6202,0.47271,0.47255,0.47108,0.47119,0.4718825
6682.0,0.51369,0.47273,0.47257,0.471,0.47118,0.47187
6683.0,0.44991,0.4727,0.47274,0.47105,0.47138,0.4719675
6684.0,0.43285,0.47269,0.47278,0.47133,0.47146,0.472065
6685.0,0.45683,0.47269,0.47282,0.4716,0.47148,0.47214750000000005
6686.0,0.49958,0.47267,0.47299,0.4717,0.47167,0.4722575
6687.0,0.53325,0.47264,0.47309,0.47177,0.47183,0.4723325
6688.0,0.5394,0.4726,0.47309,0.4719,0.47184,0.47235750000000004
6689.0,0.50666,0.47254,0.47315,0.472,0.47189,0.47239499999999995
6690.0,0.49149,0.47251,0.47317,0.472,0.47196,0.47240999999999994
6691.0,0.52759,0.47249,0.4731,0.4719,0.47193,0.47235499999999997
6692.0,0.5493,0.47242,0.473,0.47174,0.47181,0.4722425
6693.0,0.54779,0.47234,0.47288,0.47158,0.47169,0.47212249999999994
6694.0,0.52602,0.4722,0.47275,0.47143,0.47158,0.47199
6695.0,0.49706,0.47205,0.47255,0.47121,0.47139,0.4718
6696.0,0.46945,0.47185,0.47232,0.47092,0.47115,0.47156
6697.0,0.45217,0.47163,0.47212,0.47066,0.47096,0.4713425
6698.0,0.45045,0.47138,0.4719,0.47047,0.47075,0.471125
6699.0,0.46113,0.47115,0.47164,0.47025,0.4705,0.470885
6700.0,0.47567,0.4709,0.47139,0.46995,0.47023,0.47061749999999997
6701.0,0.50361,0.47062,0.4711,0.46967,0.46997,0.47034
6702.0,0.52459,0.47032,0.47081,0.46944,0.46969,0.470065
6703.0,0.47706,0.46999,0.47049,0.46917,0.46935,0.46975
6704.0,0.4193,0.46961,0.4701,0.4688,0.46896,0.46936750000000005
6705.0,0.39982,0.46923,0.46971,0.46838,0.46861,0.46898249999999997
6706.0,0.47809,0.4688,0.46932,0.46796,0.46821,0.4685725
6707.0,0.50678,0.4684,0.4688,0.4675,0.46769,0.4680975
6708.0,0.42322,0.46797,0.46827,0.46697,0.46718,0.4675975
6709.0,0.43629,0.46757,0.4678,0.46633,0.46672,0.467105
6710.0,0.49322,0.46715,0.4672,0.46565,0.46612,0.46653
6711.0,0.53704,0.46674,0.46657,0.46504,0.4655,0.4659625
6712.0,0.71185,0.46637,0.46609,0.46447,0.46503,0.46549
6713.0,1.1132,0.46598,0.46555,0.4638,0.4645,0.4649575
6714.0,1.81722,0.46566,0.46496,0.46311,0.46392,0.4644125
6715.0,2.65245,0.46529,0.46455,0.46265,0.46351,0.46399999999999997
6716.0,3.27239,0.46503,0.46423,0.46239,0.46322,0.4637175
6717.0,3.12952,0.46477,0.46387,0.46204,0.46288,0.46339
6718.0,2.52106,0.46457,0.46365,0.46169,0.46265,0.46314
6719.0,1.72061,0.46439,0.4636,0.46164,0.46261,0.46306
6720.0,1.13854,0.46428,0.46357,0.46185,0.46261,0.4630775
6721.0,0.76904,0.46426,0.46357,0.46196,0.46261,0.46309999999999996
6722.0,0.58032,0.46422,0.4637,0.46198,0.46273,0.4631575
6723.0,0.50706,0.46424,0.46386,0.46224,0.46292,0.463315
6724.0,0.51454,0.4642,0.46405,0.46269,0.46311,0.4635125
6725.0,0.56985,0.46424,0.46426,0.463,0.4633,0.4637
6726.0,0.60965,0.46425,0.46445,0.46314,0.46349,0.4638325
6727.0,0.79511,0.46427,0.46463,0.46336,0.46369,0.4639875
6728.0,1.28108,0.46425,0.4648,0.46367,0.46383,0.4641375
6729.0,1.92635,0.46424,0.46488,0.46385,0.46391,0.46422
6730.0,2.45702,0.46425,0.46492,0.46381,0.46396,0.464235
6731.0,2.51756,0.46419,0.46493,0.46374,0.46396,0.464205
6732.0,2.17271,0.46412,0.46484,0.46371,0.46385,0.46413000000000004
6733.0,1.59745,0.46398,0.46467,0.46359,0.46367,0.4639775
6734.0,1.11602,0.46384,0.46448,0.46329,0.46349,0.463775
6735.0,0.76452,0.46364,0.46423,0.4629,0.46323,0.46349999999999997
6736.0,0.55458,0.46345,0.46388,0.46256,0.46285,0.463185
6737.0,0.48781,0.46321,0.46353,0.46223,0.4625,0.4628675
6738.0,0.50648,0.46299,0.4632,0.46177,0.46218,0.46253500000000003
6739.0,0.55392,0.46274,0.46276,0.46121,0.46173,0.46210999999999997
6740.0,0.53449,0.46248,0.46232,0.46076,0.46128,0.46171000000000006
6741.0,0.47701,0.46223,0.462,0.46041,0.46097,0.46140250000000005
6742.0,0.42664,0.462,0.46165,0.45998,0.46061,0.46106
6743.0,0.45576,0.46181,0.46123,0.45951,0.46018,0.4606825
6744.0,0.49109,0.4616,0.46098,0.45919,0.45993,0.460425
6745.0,0.43859,0.46145,0.46083,0.45901,0.45978,0.4602675
6746.0,0.45112,0.46133,0.46058,0.45881,0.45953,0.4600625
6747.0,0.49897,0.46128,0.46045,0.45865,0.45939,0.45994250000000003
6748.0,0.45987,0.46123,0.46054,0.45866,0.45948,0.45997750000000004
6749.0,0.43823,0.46123,0.46055,0.45878,0.45948,0.46001000000000003
6750.0,0.46305,0.46125,0.46057,0.4589,0.45949,0.4600525
6751.0,0.50338,0.46132,0.46086,0.45911,0.45978,0.4602675
6752.0,0.49176,0.46141,0.46111,0.45947,0.46004,0.4605075
6753.0,0.42971,0.46152,0.46128,0.45984,0.46019,0.46070750000000005
6754.0,0.46121,0.46168,0.46166,0.46018,0.46054,0.461015
6755.0,0.49756,0.4618,0.46201,0.46057,0.46091,0.46132249999999997
6756.0,0.4671,0.46199,0.46224,0.461,0.46115,0.461595
6757.0,0.43108,0.46214,0.46257,0.46137,0.46143,0.4618775
6758.0,0.40829,0.46228,0.46286,0.46164,0.46172,0.462125
6759.0,0.40884,0.4624,0.46301,0.46184,0.46189,0.46228499999999995
6760.0,0.42733,0.46253,0.4632,0.46202,0.46203,0.462445
6761.0,0.45671,0.46262,0.46333,0.46214,0.46215,0.46256
6762.0,0.48638,0.46269,0.46334,0.46215,0.46218,0.46259
6763.0,0.51348,0.46276,0.46339,0.46204,0.46219,0.462595
6764.0,0.52534,0.46278,0.46336,0.46192,0.46214,0.46254999999999996
6765.0,0.49208,0.46282,0.46326,0.46186,0.46206,0.4625
6766.0,0.48092,0.46283,0.46326,0.46176,0.46203,0.46247
6767.0,0.51233,0.46281,0.46316,0.46156,0.46192,0.4623625
6768.0,0.5172,0.46278,0.46304,0.46141,0.4618,0.46225750000000004
6769.0,0.50235,0.46271,0.46306,0.46142,0.46181,0.46225
6770.0,0.48533,0.46267,0.46302,0.46145,0.46177,0.4622275
6771.0,0.50317,0.46261,0.46292,0.46139,0.46166,0.462145
6772.0,0.49145,0.46254,0.46295,0.46136,0.46168,0.46213249999999995
6773.0,0.37883,0.46242,0.46295,0.46145,0.46169,0.4621275
6774.0,0.38546,0.46231,0.46284,0.46151,0.46159,0.4620625
6775.0,0.47951,0.46219,0.4628,0.46146,0.46153,0.461995
6776.0,0.48363,0.46206,0.46276,0.46136,0.4615,0.46192
6777.0,0.45231,0.46192,0.46256,0.46127,0.46131,0.461765
6778.0,0.4243,0.46173,0.46237,0.46111,0.4611,0.4615775
6779.0,0.44291,0.46157,0.46222,0.46083,0.46095,0.4613925
6780.0,0.48887,0.46136,0.4619,0.46049,0.46064,0.4610975
6781.0,0.53379,0.46117,0.46156,0.46014,0.46028,0.4607875
6782.0,0.51003,0.46093,0.4613,0.45975,0.46003,0.4605025
6783.0,0.48607,0.46071,0.46093,0.45932,0.45967,0.4601575
6784.0,0.52188,0.46046,0.46052,0.45891,0.45926,0.45978749999999996
6785.0,0.51086,0.46022,0.46026,0.45853,0.459,0.45950250000000004
6786.0,0.47197,0.46,0.45996,0.45818,0.45871,0.45921249999999997
6787.0,0.46627,0.45979,0.45961,0.45785,0.45835,0.45890000000000003
6788.0,0.47048,0.45963,0.45942,0.45762,0.45816,0.45870749999999993
6789.0,0.46091,0.45945,0.45926,0.45745,0.45802,0.458545
6790.0,0.4034,0.45933,0.45902,0.45729,0.45778,0.458355
6791.0,0.4323,0.45918,0.45893,0.45719,0.45768,0.458245
6792.0,0.54351,0.45907,0.4589,0.45717,0.45768,0.458205
6793.0,0.47843,0.45897,0.4588,0.45718,0.45758,0.45813249999999994
6794.0,0.38736,0.45888,0.45878,0.45719,0.45754,0.4580975
6795.0,0.39149,0.45878,0.45883,0.45722,0.45761,0.45811
6796.0,0.41503,0.45871,0.45882,0.45727,0.45761,0.4581025
6797.0,0.43446,0.45868,0.45882,0.45733,0.45758,0.45810249999999997
6798.0,0.43859,0.45863,0.45886,0.45738,0.45763,0.458125
6799.0,0.4572,0.45862,0.4589,0.4574,0.45768,0.45814999999999995
6800.0,0.47271,0.45858,0.45887,0.4574,0.45763,0.45811999999999997
6801.0,0.43747,0.45855,0.45884,0.45742,0.4576,0.4581025
6802.0,0.42665,0.45852,0.45888,0.45741,0.45764,0.45811250000000003
6803.0,0.45233,0.45849,0.45882,0.45732,0.45757,0.45805
6804.0,0.45216,0.45845,0.45871,0.45723,0.45744,0.4579575
6805.0,0.43781,0.4584,0.45872,0.45719,0.45745,0.45794
6806.0,0.42307,0.45833,0.45865,0.45713,0.45737,0.45787
6807.0,0.42359,0.4583,0.4585,0.45697,0.45721,0.45774499999999996
6808.0,0.43663,0.45827,0.45848,0.45684,0.45717,0.45769000000000004
6809.0,0.4543,0.45822,0.45843,0.45682,0.45712,0.4576475
6810.0,0.45359,0.45819,0.45831,0.45676,0.457,0.457565
6811.0,0.446,0.45815,0.45828,0.45663,0.45694,0.4575
6812.0,0.46016,0.45811,0.45826,0.45657,0.45692,0.457465
6813.0,0.46606,0.4581,0.45822,0.45661,0.45688,0.4574525
6814.0,0.45143,0.45808,0.45821,0.45664,0.45685,0.457445
6815.0,0.415,0.45807,0.45823,0.45662,0.45686,0.45744500000000005
6816.0,0.39858,0.45803,0.45825,0.45663,0.45688,0.4574475
6817.0,0.42934,0.45799,0.45827,0.45671,0.45688,0.4574625
6818.0,0.51527,0.45797,0.4583,0.45679,0.45691,0.45749249999999997
6819.0,0.54392,0.45794,0.45835,0.45685,0.45696,0.457525
6820.0,0.43211,0.4579,0.45836,0.45687,0.45696,0.4575225
6821.0,0.4424,0.45784,0.45837,0.45688,0.45696,0.4575125
6822.0,0.52225,0.45778,0.45838,0.45694,0.45697,0.4575175
6823.0,0.48985,0.45769,0.45834,0.45697,0.45693,0.4574825
6824.0,0.45751,0.45761,0.45829,0.45689,0.45687,0.457415
6825.0,0.46468,0.45749,0.4582,0.45675,0.45677,0.45730250000000006
6826.0,0.50331,0.45735,0.45807,0.45668,0.45664,0.45718499999999995
6827.0,0.50557,0.45717,0.45792,0.45659,0.45649,0.4570425
6828.0,0.45523,0.45696,0.45773,0.45635,0.45629,0.4568325
6829.0,0.4608,0.45674,0.45746,0.45602,0.45602,0.45655999999999997
6830.0,0.48047,0.45646,0.45719,0.45576,0.45575,0.45629
6831.0,0.46018,0.45618,0.4569,0.45549,0.45545,0.456005
6832.0,0.41311,0.4559,0.45652,0.45507,0.45506,0.45563750000000003
6833.0,0.37298,0.45562,0.45613,0.45457,0.45467,0.4552475
6834.0,0.39127,0.4553,0.45575,0.45415,0.45428,0.45487
6835.0,0.441,0.45499,0.45532,0.45372,0.45385,0.45447000000000004
6836.0,0.49136,0.45468,0.45488,0.45321,0.4534,0.45404249999999996
6837.0,0.48484,0.45436,0.45448,0.4527,0.453,0.453635
6838.0,0.46958,0.45404,0.45407,0.45227,0.45259,0.4532425
6839.0,0.46767,0.45372,0.45367,0.45187,0.45218,0.45286
6840.0,0.43234,0.45341,0.45334,0.45148,0.45186,0.45252249999999994
6841.0,0.39976,0.45308,0.45304,0.45116,0.45156,0.45221
6842.0,0.41224,0.45281,0.45276,0.45093,0.45128,0.45194500000000004
6843.0,0.44158,0.45252,0.45253,0.45071,0.45106,0.45170499999999997
6844.0,0.46708,0.45227,0.45234,0.45054,0.45089,0.45151
6845.0,0.46296,0.45204,0.45217,0.45045,0.45072,0.451345
6846.0,0.43233,0.45184,0.45199,0.45038,0.45056,0.45119250000000005
6847.0,0.39382,0.45164,0.45187,0.45024,0.45045,0.45105
6848.0,0.40014,0.45145,0.45174,0.45011,0.45031,0.4509025
6849.0,0.37384,0.45123,0.45153,0.45005,0.45012,0.45073250000000004
6850.0,0.29712,0.45104,0.45141,0.4499,0.45001,0.45059
6851.0,0.37331,0.45083,0.45125,0.44963,0.44983,0.450385
6852.0,0.49698,0.45064,0.45097,0.44941,0.44955,0.4501425
6853.0,0.505,0.45045,0.45081,0.44925,0.44939,0.44997499999999996
6854.0,0.42816,0.45028,0.45064,0.44897,0.44921,0.4497749999999999
6855.0,0.34772,0.45011,0.45031,0.44861,0.44887,0.44947499999999996
6856.0,0.41308,0.44992,0.45013,0.44838,0.44867,0.449275
6857.0,0.49059,0.44973,0.44999,0.44821,0.44853,0.44911500000000004
6858.0,0.51694,0.44957,0.4497,0.44794,0.44823,0.44886000000000004
6859.0,0.4951,0.44946,0.44954,0.44771,0.44804,0.4486875
6860.0,0.46684,0.44932,0.44947,0.44761,0.44798,0.448595
6861.0,0.46498,0.44922,0.4493,0.44751,0.44781,0.44846
6862.0,0.48567,0.44911,0.44918,0.44738,0.44765,0.44833
6863.0,0.51025,0.44901,0.44917,0.44736,0.44764,0.448295
6864.0,0.51149,0.44893,0.44913,0.44735,0.44761,0.448255
6865.0,0.4779,0.44892,0.44906,0.44729,0.4475,0.4481925
6866.0,0.43053,0.4489,0.44907,0.4473,0.44751,0.448195
6867.0,0.43229,0.4489,0.44915,0.4474,0.44758,0.4482575
6868.0,0.46122,0.44888,0.44914,0.4474,0.44755,0.4482425
6869.0,0.5009,0.44888,0.44915,0.44739,0.44754,0.44824
6870.0,0.54138,0.44888,0.44928,0.44752,0.44767,0.4483375
6871.0,0.55801,0.44892,0.44935,0.44765,0.44772,0.44841
6872.0,0.53008,0.449,0.44937,0.44764,0.44772,0.4484325
6873.0,0.48853,0.44905,0.44952,0.44772,0.44784,0.4485325
6874.0,0.46036,0.44913,0.44964,0.44794,0.44795,0.448665
6875.0,0.48007,0.44919,0.4497,0.44803,0.448,0.44872999999999996
6876.0,0.48835,0.44932,0.44984,0.44804,0.44809,0.4488225
6877.0,0.46608,0.4494,0.44998,0.44822,0.44822,0.44895500000000005
6878.0,0.43314,0.44954,0.45008,0.44844,0.44832,0.449095
6879.0,0.4316,0.44966,0.45023,0.44847,0.44841,0.4491925
6880.0,0.47644,0.44981,0.45036,0.44855,0.44851,0.44930749999999997
6881.0,0.47462,0.44992,0.4505,0.4488,0.44866,0.44947
6882.0,0.408,0.45006,0.4507,0.44898,0.44881,0.44963749999999997
6883.0,0.28084,0.4502,0.45083,0.44903,0.4489,0.44974000000000003
6884.0,0.19369,0.45032,0.45099,0.44923,0.44907,0.44990250000000004
6885.0,0.22011,0.45049,0.45124,0.44952,0.44929,0.45013499999999995
6886.0,0.45979,0.45065,0.45139,0.44967,0.4494,0.4502775
6887.0,0.61103,0.45084,0.45156,0.44982,0.44956,0.450445
6888.0,0.55143,0.45098,0.45184,0.45012,0.44984,0.450695
6889.0,0.51765,0.45117,0.452,0.45037,0.44999,0.45088249999999996
6890.0,0.49604,0.45132,0.45215,0.45049,0.45013,0.4510225
6891.0,0.44382,0.45151,0.45241,0.45072,0.45039,0.45125750000000003
6892.0,0.39247,0.45166,0.45258,0.451,0.45056,0.45145
6893.0,0.37935,0.45182,0.45271,0.45111,0.45068,0.45158000000000004
6894.0,0.45812,0.45195,0.45292,0.45121,0.45089,0.4517425
6895.0,0.48223,0.45207,0.45307,0.45146,0.45106,0.451915
6896.0,0.42666,0.45221,0.45318,0.45164,0.45117,0.45205
6897.0,0.44216,0.4523,0.45332,0.45165,0.4513,0.4521425
6898.0,0.47802,0.45239,0.45343,0.45176,0.45143,0.4522525
6899.0,0.48403,0.45246,0.45352,0.45198,0.45153,0.4523725
6900.0,0.48488,0.45253,0.45359,0.45205,0.4516,0.4524425
6901.0,0.48154,0.45254,0.45365,0.45202,0.45166,0.4524675
6902.0,0.46712,0.45255,0.45367,0.4521,0.4517,0.452505
6903.0,0.43105,0.45251,0.45367,0.45219,0.45169,0.45251499999999995
6904.0,0.39694,0.45251,0.45364,0.45213,0.45167,0.4524875
6905.0,0.44589,0.45243,0.45356,0.45201,0.45159,0.4523975
6906.0,0.48879,0.45235,0.45347,0.45195,0.4515,0.4523175
6907.0,0.47527,0.45224,0.45335,0.45181,0.45137,0.4521925
6908.0,0.48594,0.45212,0.45312,0.45159,0.45114,0.4519925
6909.0,0.50403,0.45198,0.45295,0.45134,0.45097,0.45181000000000004
6910.0,0.49146,0.45182,0.45275,0.45107,0.45075,0.4515975
6911.0,0.47137,0.45164,0.45242,0.45078,0.45042,0.451315
6912.0,0.46816,0.45146,0.4522,0.45048,0.45019,0.45108249999999994
6913.0,0.52376,0.45125,0.45197,0.45016,0.44996,0.450835
6914.0,0.55255,0.45105,0.45162,0.44982,0.4496,0.4505225
6915.0,0.51301,0.45084,0.4514,0.44956,0.44937,0.45029250000000004
6916.0,0.45044,0.45064,0.4512,0.44934,0.44918,0.45009
6917.0,0.42585,0.45047,0.4509,0.44906,0.44888,0.4498275
6918.0,0.49229,0.4503,0.45072,0.4488,0.44868,0.44962499999999994
6919.0,0.53961,0.45013,0.45059,0.44866,0.44855,0.4494825
6920.0,0.53836,0.44998,0.45037,0.44857,0.44835,0.44931750000000004
6921.0,0.49101,0.44985,0.45026,0.44841,0.4482,0.44917999999999997
6922.0,0.46622,0.44972,0.45019,0.44826,0.44813,0.449075
6923.0,0.48605,0.44963,0.45007,0.44822,0.44802,0.44898499999999997
6924.0,0.49501,0.44952,0.44999,0.44821,0.44793,0.4489125
6925.0,0.48873,0.44943,0.44998,0.44813,0.44791,0.4488625
6926.0,0.46894,0.44933,0.44993,0.44806,0.44787,0.44879749999999996
6927.0,0.43349,0.44926,0.44988,0.44808,0.44781,0.44875750000000003
6928.0,0.39352,0.4492,0.4499,0.44812,0.44782,0.44876000000000005
6929.0,0.37304,0.44915,0.4499,0.4481,0.44782,0.44874250000000004
6930.0,0.38777,0.44912,0.44985,0.44806,0.44777,0.44870000000000004
6931.0,0.43797,0.44906,0.44988,0.4481,0.44779,0.44870750000000004
6932.0,0.49748,0.44902,0.44989,0.44816,0.4478,0.4487175
6933.0,0.49462,0.44896,0.44982,0.44812,0.44773,0.4486575
6934.0,0.3917,0.44891,0.44983,0.44805,0.44773,0.44863
6935.0,0.40423,0.44884,0.44981,0.44807,0.44771,0.4486075
6936.0,0.48248,0.44879,0.4497,0.44808,0.4476,0.4485425
6937.0,0.44731,0.44873,0.44967,0.44794,0.44755,0.44847250000000005
6938.0,0.41082,0.44865,0.44962,0.44778,0.44749,0.448385
6939.0,0.41739,0.44859,0.44944,0.44773,0.44731,0.44826750000000004
6940.0,0.44312,0.44849,0.44937,0.44766,0.44722,0.448185
6941.0,0.42615,0.44843,0.44929,0.44743,0.44713,0.44807
6942.0,0.3452,0.44835,0.44908,0.44722,0.4469,0.4478875
6943.0,0.44094,0.4483,0.44899,0.44714,0.4468,0.4478075
6944.0,0.57213,0.44823,0.44894,0.44702,0.44673,0.44773
6945.0,0.40865,0.44818,0.44873,0.4468,0.44651,0.44755500000000004
6946.0,0.3707,0.44812,0.44868,0.44669,0.44643,0.44748
6947.0,0.55083,0.44808,0.4487,0.44667,0.44644,0.44747249999999994
6948.0,0.63268,0.44807,0.44855,0.44659,0.44628,0.4473725
6949.0,0.57719,0.44809,0.44858,0.44653,0.44627,0.4473675
6950.0,0.40656,0.44812,0.4487,0.44661,0.44638,0.4474525
6951.0,0.3638,0.44817,0.44866,0.44671,0.44635,0.4474725
6952.0,0.43987,0.44822,0.44877,0.44678,0.44642,0.4475475
6953.0,0.52228,0.44827,0.44899,0.44694,0.44662,0.44770499999999996
6954.0,0.50012,0.44834,0.44906,0.44716,0.4467,0.44781499999999996
6955.0,0.38258,0.44841,0.44924,0.44735,0.44686,0.447965
6956.0,0.36818,0.4485,0.4495,0.44758,0.4471,0.44817
6957.0,0.40943,0.44857,0.44963,0.44787,0.44724,0.44832750000000005
6958.0,0.44806,0.44865,0.44983,0.4481,0.44742,0.44849999999999995
6959.0,0.47063,0.44871,0.45006,0.44829,0.44763,0.44867250000000003
6960.0,0.49164,0.44875,0.45015,0.44852,0.44773,0.4487875
6961.0,0.5383,0.44877,0.45029,0.44872,0.44786,0.44891
6962.0,0.48502,0.44875,0.45039,0.4488,0.44794,0.44897
6963.0,0.34567,0.44871,0.45036,0.44883,0.44791,0.44895250000000003
6964.0,0.37842,0.44863,0.45034,0.44882,0.44789,0.44892
6965.0,0.46003,0.44851,0.45025,0.44872,0.44778,0.448815
6966.0,0.46381,0.44836,0.45002,0.44854,0.44754,0.448615
6967.0,0.45659,0.44819,0.44981,0.44826,0.44733,0.4483975
6968.0,0.46521,0.44799,0.44952,0.44787,0.44703,0.4481025
6969.0,0.51092,0.44777,0.4491,0.44745,0.44659,0.44772750000000006
6970.0,0.544,0.44754,0.44872,0.447,0.4462,0.447365
6971.0,0.53007,0.4473,0.44832,0.44642,0.4458,0.44695999999999997
6972.0,0.42519,0.44705,0.4478,0.44581,0.44527,0.4464825
6973.0,0.36785,0.4468,0.44738,0.44534,0.44482,0.446085
6974.0,0.47528,0.44656,0.44702,0.44488,0.44447,0.4457325
6975.0,0.51103,0.44634,0.44658,0.4443,0.44402,0.44531
6976.0,0.46038,0.44615,0.44626,0.44388,0.44367,0.44499
6977.0,0.41716,0.44598,0.44609,0.44375,0.44352,0.444835
6978.0,0.4089,0.44584,0.44588,0.4436,0.44332,0.44466
6979.0,0.43397,0.44573,0.44577,0.44342,0.44319,0.44452749999999996
6980.0,0.4288,0.44565,0.44587,0.44351,0.44329,0.44458
6981.0,0.40909,0.44561,0.44591,0.4438,0.44337,0.44467249999999997
6982.0,0.40103,0.44563,0.44601,0.44396,0.44346,0.44476499999999997
6983.0,0.40459,0.44568,0.44629,0.44418,0.44374,0.4449725
6984.0,0.41933,0.44575,0.44652,0.44463,0.44399,0.44522249999999997
6985.0,0.44379,0.44582,0.4467,0.44504,0.44419,0.44543749999999993
6986.0,0.4478,0.4459,0.44702,0.44528,0.4445,0.44567500000000004
6987.0,0.42011,0.44595,0.44726,0.44555,0.44476,0.44588000000000005
6988.0,0.39322,0.44602,0.44739,0.44588,0.44491,0.44605000000000006
6989.0,0.39845,0.44605,0.44758,0.44607,0.44509,0.44619749999999997
6990.0,0.465,0.44607,0.4477,0.44612,0.44522,0.4462775
6991.0,0.51136,0.44604,0.44768,0.44616,0.44522,0.446275
6992.0,0.50381,0.44601,0.44768,0.44613,0.44521,0.4462575
6993.0,0.42262,0.44594,0.44762,0.44596,0.44516,0.44617
6994.0,0.38422,0.44586,0.44744,0.44576,0.44498,0.44600999999999996
6995.0,0.44606,0.44573,0.44726,0.44558,0.44479,0.44583999999999996
6996.0,0.46285,0.44559,0.44706,0.4453,0.4446,0.4456375
6997.0,0.42545,0.4454,0.44676,0.4449,0.44429,0.44533750000000005
6998.0,0.3648,0.4452,0.44647,0.44456,0.44399,0.445055
6999.0,0.39353,0.44499,0.44619,0.44428,0.44372,0.44479499999999994
7000.0,0.49791,0.44475,0.44584,0.4439,0.44337,0.444465
7001.0,0.48651,0.44449,0.44551,0.44349,0.44303,0.44413
7002.0,0.4759,0.44421,0.44522,0.44318,0.44274,0.4438375
7003.0,0.55561,0.44395,0.44488,0.44288,0.44241,0.44353
7004.0,0.55375,0.44369,0.44456,0.44251,0.44208,0.44321
7005.0,0.47893,0.44345,0.44429,0.44218,0.4418,0.44293
7006.0,0.42014,0.4432,0.444,0.44197,0.44153,0.442675
7007.0,0.4048,0.44296,0.44371,0.44173,0.44122,0.442405
7008.0,0.43292,0.44272,0.44346,0.44139,0.44097,0.44213499999999994
7009.0,0.45441,0.44251,0.44324,0.44109,0.44076,0.4419
7010.0,0.49419,0.44232,0.443,0.44091,0.4405,0.4416825
7011.0,0.57066,0.44216,0.44278,0.44077,0.44028,0.4414975
7012.0,0.52407,0.44202,0.44265,0.44053,0.44015,0.44133750000000005
7013.0,0.38785,0.44188,0.44248,0.44027,0.43996,0.4411475
7014.0,0.34951,0.44179,0.44233,0.44017,0.4398,0.4410225
7015.0,0.3741,0.44171,0.44231,0.44016,0.43978,0.44099000000000005
7016.0,0.42785,0.44168,0.44222,0.44005,0.43969,0.44091
7017.0,0.46893,0.44165,0.44218,0.43997,0.43962,0.440855
7018.0,0.49254,0.44165,0.44228,0.4401,0.43971,0.440935
7019.0,0.49875,0.44168,0.44231,0.44024,0.43975,0.440995
7020.0,0.45087,0.44177,0.44238,0.44022,0.4398,0.4410425
7021.0,0.37507,0.44189,0.4426,0.44032,0.43998,0.4411975
7022.0,0.39576,0.44204,0.44277,0.44068,0.44014,0.4414075
7023.0,0.4282,0.4422,0.44294,0.44096,0.44029,0.44159750000000003
7024.0,0.40754,0.44239,0.44321,0.44109,0.44055,0.44181
7025.0,0.41565,0.44259,0.44347,0.44135,0.4408,0.4420525
7026.0,0.45355,0.44282,0.44372,0.44175,0.44101,0.44232499999999997
7027.0,0.48814,0.44307,0.44404,0.44203,0.44132,0.442615
7028.0,0.45082,0.44335,0.44437,0.44223,0.44165,0.44290000000000007
7029.0,0.35585,0.44364,0.44468,0.44261,0.4419,0.4432075
7030.0,0.40472,0.44396,0.44504,0.44306,0.44225,0.4435775
7031.0,0.48514,0.44427,0.44544,0.44333,0.44266,0.443925
7032.0,0.45525,0.4446,0.44577,0.44363,0.44295,0.4442375
7033.0,0.45623,0.44493,0.44618,0.44417,0.44335,0.44465750000000004
7034.0,0.50224,0.44525,0.44666,0.44464,0.44383,0.44509499999999996
7035.0,0.52239,0.44556,0.447,0.44492,0.44416,0.44541
7036.0,0.5032,0.44585,0.44746,0.4454,0.44459,0.445825
7037.0,0.448,0.44613,0.44797,0.44605,0.44511,0.446315
7038.0,0.41816,0.44636,0.44829,0.44648,0.44544,0.4466425
7039.0,0.42054,0.44658,0.44869,0.44684,0.44582,0.44698249999999995
7040.0,0.44626,0.44671,0.44914,0.44741,0.44627,0.44738249999999996
7041.0,0.43501,0.44683,0.44933,0.44786,0.44648,0.447625
7042.0,0.3873,0.44685,0.44953,0.44796,0.44668,0.44775499999999996
7043.0,0.39725,0.44685,0.44973,0.44813,0.44689,0.4479
7044.0,0.43774,0.44674,0.44968,0.44836,0.44684,0.447905
7045.0,0.47115,0.44659,0.44953,0.44824,0.4467,0.44776499999999997
7046.0,0.47243,0.44631,0.44931,0.44786,0.44652,0.4475
7047.0,0.44716,0.44597,0.44889,0.44749,0.44609,0.44711
7048.0,0.42391,0.44553,0.44833,0.44695,0.44554,0.4465875
7049.0,0.43067,0.44504,0.44767,0.44607,0.44492,0.445925
7050.0,0.47043,0.44446,0.44687,0.44511,0.44413,0.4451425
7051.0,0.4699,0.44384,0.44597,0.44418,0.44323,0.444305
7052.0,0.44848,0.44315,0.44499,0.44306,0.4423,0.44337499999999996
7053.0,0.45152,0.44242,0.44395,0.4418,0.44128,0.4423625
7054.0,0.46489,0.44166,0.44287,0.44062,0.4402,0.4413375
7055.0,0.47879,0.44088,0.44179,0.43948,0.43917,0.44033000000000005
7056.0,0.47824,0.4401,0.44073,0.43823,0.43814,0.43929999999999997
7057.0,0.46522,0.43932,0.43969,0.43704,0.4371,0.43828750000000005
7058.0,0.44454,0.43859,0.43874,0.43605,0.43618,0.43739
7059.0,0.43348,0.43787,0.43787,0.43514,0.43533,0.4365525
7060.0,0.44218,0.43722,0.43701,0.43427,0.43449,0.4357475
7061.0,0.48381,0.43659,0.43635,0.43358,0.43385,0.43509250000000005
7062.0,0.54713,0.43602,0.43578,0.43303,0.43329,0.43452999999999997
7063.0,0.62007,0.43548,0.4352,0.43253,0.43273,0.433985
7064.0,0.67393,0.43501,0.43486,0.43216,0.43241,0.43361
7065.0,0.69645,0.43458,0.4346,0.43192,0.43216,0.433315
7066.0,0.67646,0.4342,0.4343,0.4318,0.43186,0.43304
7067.0,0.62319,0.43385,0.43423,0.43178,0.4318,0.432915
7068.0,0.55085,0.43352,0.43417,0.43184,0.43177,0.432825
7069.0,0.49741,0.43323,0.43404,0.43189,0.43163,0.4326975
7070.0,0.45289,0.43291,0.43407,0.43197,0.43167,0.432655
7071.0,0.40909,0.43261,0.43405,0.4321,0.43168,0.43261
7072.0,0.41215,0.43227,0.43391,0.43212,0.43153,0.4324575
7073.0,0.45349,0.43194,0.43383,0.43207,0.43146,0.43232499999999996
7074.0,0.48348,0.43156,0.43366,0.43201,0.43131,0.432135
7075.0,0.48361,0.43116,0.43331,0.43182,0.43095,0.43180999999999997
7076.0,0.44829,0.43068,0.43292,0.43142,0.43058,0.4314
7077.0,0.40585,0.43015,0.43242,0.43088,0.43012,0.4308925
7078.0,0.36989,0.42958,0.43174,0.43024,0.42942,0.430245
7079.0,0.35638,0.42894,0.43096,0.42943,0.42866,0.42949750000000003
7080.0,0.40391,0.42827,0.43011,0.42842,0.42785,0.4286625
7081.0,0.50256,0.42753,0.4291,0.42727,0.42683,0.4276825
7082.0,0.54723,0.42679,0.42802,0.4261,0.42576,0.4266675
7083.0,0.52592,0.42599,0.42695,0.42488,0.42472,0.425635
7084.0,0.44383,0.42522,0.42577,0.42355,0.42355,0.4245225
7085.0,0.37848,0.42441,0.42459,0.42224,0.42238,0.423405
7086.0,0.36887,0.42365,0.42355,0.42104,0.42136,0.4224
7087.0,0.45876,0.42286,0.42244,0.41984,0.42028,0.421355
7088.0,0.50974,0.42217,0.42143,0.4187,0.41928,0.42039499999999996
7089.0,0.44181,0.42148,0.42064,0.41782,0.4185,0.41961000000000004
7090.0,0.42268,0.42092,0.41983,0.41708,0.41772,0.41888749999999997
7091.0,0.45038,0.42037,0.41919,0.41642,0.41708,0.418265
7092.0,0.45612,0.41993,0.41876,0.41596,0.41668,0.4178325
7093.0,0.44965,0.41953,0.41837,0.4157,0.41632,0.41748
7094.0,0.43876,0.41924,0.41814,0.41551,0.41608,0.4172425
7095.0,0.43292,0.419,0.41806,0.41548,0.41604,0.417145
7096.0,0.43143,0.41885,0.41807,0.41569,0.41606,0.4171675
7097.0,0.43269,0.41876,0.41817,0.41588,0.41615,0.41724
7098.0,0.45569,0.41871,0.41833,0.41612,0.41634,0.417375
7099.0,0.49287,0.41876,0.41861,0.41649,0.41661,0.4176175
7100.0,0.49476,0.41878,0.41888,0.41685,0.41687,0.417845
7101.0,0.47359,0.41894,0.41915,0.41717,0.41715,0.41810250000000004
7102.0,0.4461,0.419,0.41952,0.41756,0.41751,0.4183975
7103.0,0.4267,0.41922,0.41982,0.41799,0.4178,0.41870749999999995
7104.0,0.42022,0.41932,0.42009,0.41824,0.41805,0.418925
7105.0,0.42922,0.41952,0.42041,0.4185,0.41836,0.41919750000000006
7106.0,0.44466,0.41962,0.42066,0.41882,0.41859,0.4194225
7107.0,0.45679,0.4198,0.42087,0.41902,0.41878,0.4196175
7108.0,0.44136,0.41989,0.42108,0.41912,0.41898,0.41976749999999996
7109.0,0.39887,0.42003,0.42126,0.41931,0.41913,0.41993250000000004
7110.0,0.34047,0.42009,0.42139,0.41952,0.41923,0.42005750000000003
7111.0,0.33829,0.42015,0.42147,0.41955,0.41931,0.42012
7112.0,0.40633,0.42016,0.42154,0.41955,0.41938,0.42015749999999996
7113.0,0.44707,0.42018,0.42158,0.41966,0.41938,0.4202
7114.0,0.45657,0.42013,0.42154,0.41969,0.41933,0.4201725
7115.0,0.44999,0.42006,0.42149,0.41954,0.41928,0.4200925
7116.0,0.49408,0.41998,0.4214,0.41942,0.41917,0.41999250000000005
7117.0,0.5637,0.41987,0.42125,0.41936,0.41901,0.4198725
7118.0,0.48933,0.41974,0.42106,0.41916,0.41883,0.4196975
7119.0,0.40832,0.41957,0.42081,0.41879,0.41857,0.419435
7120.0,0.45333,0.4194,0.42054,0.4185,0.4183,0.41918500000000003
7121.0,0.4886,0.4192,0.42026,0.41823,0.41801,0.41892500000000005
7122.0,0.49018,0.41901,0.41988,0.41778,0.41764,0.4185775
7123.0,0.49099,0.4188,0.41955,0.41729,0.41731,0.4182375
7124.0,0.49349,0.41861,0.41926,0.41693,0.41699,0.41794749999999997
7125.0,0.49367,0.41841,0.41887,0.41659,0.41662,0.4176225
7126.0,0.45768,0.41824,0.41858,0.41614,0.41633,0.41732250000000004
7127.0,0.4072,0.41808,0.41834,0.4158,0.41609,0.4170775
7128.0,0.39858,0.41798,0.41811,0.41561,0.41584,0.416885
7129.0,0.42756,0.41787,0.41799,0.41543,0.41571,0.41675
7130.0,0.48432,0.41781,0.41789,0.4153,0.41561,0.4166525
7131.0,0.53323,0.41778,0.41785,0.41535,0.41558,0.41664
7132.0,0.61598,0.41781,0.41797,0.41548,0.41567,0.4167325
7133.0,0.80267,0.41785,0.41807,0.41561,0.41574,0.4168175
7134.0,1.05548,0.41794,0.41825,0.41587,0.41591,0.4169925
7135.0,1.31834,0.41806,0.41855,0.41618,0.4162,0.4172475
7136.0,1.42781,0.41823,0.41879,0.4165,0.4164,0.41747999999999996
7137.0,1.32362,0.41844,0.41913,0.41689,0.41671,0.4177925
7138.0,0.97612,0.41866,0.41955,0.41731,0.4171,0.418155
7139.0,0.67998,0.41892,0.41986,0.4177,0.41735,0.41845750000000004
7140.0,0.51657,0.41917,0.42027,0.41811,0.41773,0.41881999999999997
7141.0,0.43792,0.41947,0.42074,0.41853,0.41817,0.4192275
7142.0,0.40647,0.41973,0.42109,0.41889,0.41843,0.41953500000000005
7143.0,0.39053,0.42004,0.42154,0.41933,0.41882,0.4199325
7144.0,0.3779,0.42031,0.42202,0.41977,0.41929,0.4203475
7145.0,0.37159,0.42062,0.42239,0.4201,0.41957,0.42067
7146.0,0.38714,0.42088,0.42285,0.42054,0.41997,0.42106
7147.0,0.43009,0.42115,0.42333,0.4211,0.42043,0.4215025
7148.0,0.49181,0.42138,0.42368,0.42151,0.42071,0.42182
7149.0,0.48327,0.42159,0.42407,0.4219,0.42107,0.4221575
7150.0,0.42557,0.42176,0.42451,0.42242,0.42149,0.422545
7151.0,0.39947,0.42189,0.42479,0.42284,0.42169,0.42280249999999997
7152.0,0.41269,0.42197,0.42497,0.42305,0.42188,0.4229675
7153.0,0.46085,0.422,0.42522,0.42328,0.42215,0.4231625
7154.0,0.50128,0.422,0.42529,0.42351,0.42216,0.42323999999999995
7155.0,0.51102,0.42191,0.42513,0.42349,0.42203,0.42313999999999996
7156.0,0.46563,0.42182,0.42506,0.42328,0.42202,0.423045
7157.0,0.43194,0.42158,0.42474,0.42295,0.4217,0.42274249999999997
7158.0,0.42473,0.42138,0.42422,0.42254,0.42121,0.4223374999999999
7159.0,0.36817,0.421,0.42382,0.42199,0.42087,0.42192
7160.0,0.32796,0.42072,0.42305,0.42109,0.42018,0.42125999999999997
7161.0,0.40073,0.42022,0.42226,0.42023,0.41944,0.4205375
7162.0,0.46818,0.41987,0.42165,0.4194,0.41888,0.41995
7163.0,0.4833,0.41926,0.42058,0.41841,0.41794,0.4190475
7164.0,0.44063,0.41887,0.41969,0.41739,0.41712,0.41826749999999996
7165.0,0.40323,0.4182,0.41896,0.41652,0.4165,0.41754500000000005
7166.0,0.43537,0.41779,0.41792,0.4157,0.41556,0.41674249999999996
7167.0,0.43966,0.41709,0.41714,0.41472,0.41481,0.41594
7168.0,0.40701,0.41665,0.41642,0.41395,0.41422,0.41531
7169.0,0.4086,0.41598,0.41557,0.41335,0.41346,0.41458999999999996
7170.0,0.43305,0.41552,0.41495,0.41269,0.41287,0.41400750000000003
7171.0,0.46086,0.41493,0.41432,0.41211,0.41236,0.41343
7172.0,0.44903,0.41448,0.41369,0.41165,0.41178,0.41290000000000004
7173.0,0.40174,0.41394,0.41317,0.41117,0.41128,0.41239000000000003
7174.0,0.36241,0.41349,0.41262,0.41066,0.41083,0.4119
7175.0,0.38043,0.41299,0.41212,0.41025,0.41035,0.4114275
7176.0,0.47449,0.41255,0.41164,0.40983,0.40989,0.4109775
7177.0,0.49174,0.4121,0.41115,0.40933,0.40945,0.4105075
7178.0,0.44142,0.41169,0.41071,0.40884,0.409,0.41006000000000004
7179.0,0.42795,0.41127,0.41025,0.40841,0.40854,0.40961749999999997
7180.0,0.43338,0.41089,0.4098,0.40796,0.40812,0.4091925
7181.0,0.44131,0.41051,0.40937,0.40749,0.40769,0.40876500000000004
7182.0,0.44061,0.41017,0.40895,0.40707,0.40726,0.40836249999999996
7183.0,0.43222,0.40983,0.40861,0.40667,0.40691,0.40800499999999995
7184.0,0.4228,0.40953,0.40823,0.40623,0.40652,0.40762750000000003
7185.0,0.42542,0.40924,0.40791,0.40587,0.40619,0.4073025
7186.0,0.44778,0.40899,0.40767,0.40561,0.40596,0.40705749999999996
7187.0,0.49118,0.40875,0.40738,0.40537,0.40567,0.4067925
7188.0,0.50597,0.40856,0.40718,0.4052,0.40547,0.4066025
7189.0,0.40744,0.40839,0.40705,0.40508,0.40535,0.4064675
7190.0,0.39499,0.40824,0.4069,0.40496,0.40518,0.40632
7191.0,0.52891,0.40811,0.40686,0.4049,0.40512,0.4062475
7192.0,0.58048,0.408,0.40682,0.40495,0.40511,0.40622
7193.0,0.52873,0.40793,0.40676,0.40497,0.40505,0.40617749999999997
7194.0,0.40081,0.40786,0.40678,0.40494,0.40507,0.40616250000000004
7195.0,0.37696,0.40784,0.40683,0.40505,0.40513,0.40621250000000003
7196.0,0.46877,0.40781,0.40682,0.40515,0.40511,0.40622250000000004
7197.0,0.33848,0.40783,0.40683,0.40514,0.40514,0.406235
7198.0,0.15582,0.40783,0.40689,0.40519,0.40521,0.40628000000000003
7199.0,0.21974,0.40787,0.4069,0.40526,0.4052,0.4063075
7200.0,0.33095,0.4079,0.40693,0.40525,0.40522,0.40632499999999994
7201.0,0.40488,0.40797,0.40697,0.40522,0.40526,0.40635499999999997
7202.0,0.43835,0.40804,0.40695,0.40528,0.40526,0.4063825
7203.0,0.44275,0.40814,0.40703,0.40528,0.40532,0.40644250000000004
7204.0,0.4337,0.40823,0.40709,0.40522,0.40535,0.4064725
7205.0,0.41465,0.40838,0.40714,0.40529,0.4054,0.4065525
7206.0,0.39776,0.40851,0.40729,0.4054,0.40553,0.4066825
7207.0,0.42558,0.4087,0.40737,0.40547,0.40561,0.4067875
7208.0,0.45685,0.40888,0.40754,0.40568,0.40578,0.40697
7209.0,0.44031,0.40911,0.40783,0.40593,0.40604,0.40722749999999996
7210.0,0.43276,0.40935,0.40803,0.40614,0.40621,0.4074325
7211.0,0.44761,0.40964,0.40837,0.40644,0.40653,0.407745
7212.0,0.46023,0.40991,0.40875,0.40687,0.40691,0.40811
7213.0,0.47234,0.41024,0.40907,0.40726,0.4072,0.4084425
7214.0,0.48868,0.41056,0.40954,0.40768,0.40765,0.40885750000000004
7215.0,0.51514,0.41095,0.41,0.40823,0.4081,0.40932
7216.0,0.50966,0.41131,0.41042,0.40872,0.40849,0.409735
7217.0,0.32109,0.41173,0.41095,0.40917,0.409,0.4102125
7218.0,0.20342,0.41212,0.41145,0.40975,0.4095,0.410705
7219.0,0.40427,0.41254,0.41193,0.4103,0.40995,0.41118000000000005
7220.0,0.50692,0.41293,0.41246,0.41075,0.41045,0.4116475
7221.0,0.43694,0.41335,0.41294,0.41128,0.41094,0.4121275
7222.0,0.37949,0.41374,0.41344,0.41185,0.41141,0.41261000000000003
7223.0,0.37986,0.41414,0.41391,0.41228,0.41186,0.4130475
7224.0,0.45707,0.41452,0.41435,0.41276,0.4123,0.4134825
7225.0,0.46453,0.41488,0.41481,0.41326,0.41274,0.41392249999999997
7226.0,0.40744,0.41521,0.41521,0.41364,0.41312,0.414295
7227.0,0.44183,0.41552,0.41558,0.414,0.41348,0.414645
7228.0,0.47337,0.4158,0.41592,0.41441,0.41383,0.41498999999999997
7229.0,0.40994,0.41606,0.41619,0.41471,0.4141,0.415265
7230.0,0.35911,0.41628,0.41645,0.41492,0.41434,0.41549749999999996
7231.0,0.35621,0.41649,0.41666,0.41516,0.41456,0.4157175
7232.0,0.41283,0.41664,0.41681,0.41532,0.41469,0.415865
7233.0,0.48337,0.41678,0.41691,0.41534,0.41478,0.4159525
7234.0,0.52069,0.41687,0.41697,0.41539,0.41486,0.4160225
7235.0,0.4794,0.41694,0.417,0.41541,0.41488,0.41605749999999997
7236.0,0.40247,0.41698,0.41694,0.4153,0.41481,0.4160075
7237.0,0.46012,0.41701,0.41689,0.41519,0.41476,0.4159625
7238.0,0.52455,0.41699,0.41684,0.41509,0.41469,0.4159025
7239.0,0.47603,0.41698,0.41669,0.41492,0.41454,0.41578250000000005
7240.0,0.42185,0.41694,0.41656,0.41475,0.41442,0.41566749999999997
7241.0,0.39856,0.4169,0.41646,0.4146,0.4143,0.41556499999999996
7242.0,0.42361,0.41683,0.41633,0.4144,0.41415,0.4154275
7243.0,0.46435,0.41679,0.41623,0.41427,0.41405,0.415335
7244.0,0.48578,0.41673,0.4161,0.41417,0.41392,0.41523
7245.0,0.44585,0.41669,0.41599,0.41403,0.41379,0.4151250000000001
7246.0,0.36446,0.41664,0.41597,0.41396,0.41376,0.4150825
7247.0,0.34004,0.41662,0.4159,0.41396,0.41367,0.4150375
7248.0,0.3645,0.41659,0.41586,0.41387,0.4136,0.41498
7249.0,0.41783,0.4166,0.4159,0.41382,0.41364,0.41499
7250.0,0.42907,0.4166,0.41588,0.41395,0.41363,0.415015
7251.0,0.39973,0.41663,0.41588,0.41399,0.41362,0.41503
7252.0,0.40017,0.41667,0.41599,0.41397,0.4137,0.41508249999999997
7253.0,0.42494,0.41673,0.41607,0.41413,0.41376,0.41517249999999994
7254.0,0.45825,0.4168,0.41617,0.41431,0.41384,0.41528
7255.0,0.42913,0.4169,0.4163,0.41432,0.41395,0.4153675
7256.0,0.35885,0.41699,0.41644,0.41446,0.41407,0.41548999999999997
7257.0,0.38652,0.41711,0.41663,0.41475,0.41424,0.41568249999999995
7258.0,0.42921,0.41722,0.4168,0.41484,0.41437,0.4158075
7259.0,0.39845,0.41736,0.41696,0.41495,0.41452,0.41594749999999997
7260.0,0.38696,0.41747,0.41721,0.41532,0.41477,0.4161925
7261.0,0.40755,0.41762,0.41737,0.41556,0.4149,0.4163625
7262.0,0.40374,0.41773,0.41753,0.41569,0.41506,0.4165025
7263.0,0.38091,0.41785,0.41783,0.416,0.41536,0.41675999999999996
7264.0,0.35385,0.41794,0.41801,0.41631,0.41549,0.41693749999999996
7265.0,0.38281,0.41804,0.41817,0.41642,0.41563,0.41706499999999996
7266.0,0.45,0.41809,0.41838,0.41661,0.41587,0.4172375
7267.0,0.4183,0.41814,0.41848,0.41689,0.41596,0.4173675
7268.0,0.36582,0.41812,0.41859,0.41695,0.41602,0.41742
7269.0,0.39165,0.41811,0.41865,0.41695,0.4161,0.4174525
7270.0,0.40249,0.41803,0.41861,0.41706,0.41607,0.4174425
7271.0,0.37775,0.41797,0.41855,0.41703,0.416,0.41738749999999997
7272.0,0.36741,0.41783,0.41841,0.41681,0.41587,0.41723
7273.0,0.37943,0.41768,0.41821,0.41662,0.41568,0.4170475
7274.0,0.41509,0.41747,0.41797,0.41641,0.41543,0.41681999999999997
7275.0,0.4267,0.41725,0.41764,0.41599,0.4151,0.416495
7276.0,0.40465,0.41699,0.41729,0.4155,0.41475,0.41613249999999996
7277.0,0.38634,0.41672,0.41688,0.4151,0.41435,0.4157625
7278.0,0.38236,0.41642,0.41639,0.41457,0.41386,0.41531000000000007
7279.0,0.40107,0.41614,0.41593,0.4139,0.41339,0.41484
7280.0,0.43367,0.41584,0.41545,0.41336,0.41292,0.4143925
7281.0,0.47375,0.41557,0.41492,0.41286,0.41241,0.41394
7282.0,0.50899,0.41532,0.41446,0.4122,0.41193,0.41347749999999994
7283.0,0.52502,0.4151,0.41403,0.41164,0.4115,0.4130675
7284.0,0.50234,0.41492,0.41367,0.41131,0.41115,0.41276250000000003
7285.0,0.43927,0.4148,0.41339,0.41091,0.41082,0.41248
7286.0,0.35586,0.41471,0.41315,0.41049,0.41058,0.4122325
7287.0,0.36113,0.41473,0.41312,0.41044,0.41055,0.41221
7288.0,0.40747,0.41477,0.41312,0.4105,0.41049,0.41222
7289.0,0.38828,0.41495,0.41314,0.41049,0.41052,0.412275
7290.0,0.36913,0.41512,0.41356,0.41076,0.41093,0.41259250000000003
7291.0,0.3814,0.41548,0.41389,0.41131,0.41121,0.4129725
7292.0,0.40143,0.41577,0.41432,0.41184,0.41162,0.4133875
7293.0,0.41374,0.41632,0.41513,0.41245,0.41236,0.414065
7294.0,0.39637,0.41673,0.41576,0.41337,0.41298,0.41471
7295.0,0.36299,0.41745,0.41664,0.41441,0.41379,0.4155725
7296.0,0.3318,0.41794,0.41766,0.41522,0.41473,0.41638749999999997
7297.0,0.37115,0.4188,0.4185,0.41631,0.41555,0.41728999999999994
7298.0,0.45162,0.41934,0.4197,0.41765,0.41666,0.41833750000000003
7299.0,0.47894,0.4203,0.42068,0.41863,0.4176,0.4193025
7300.0,0.43198,0.42086,0.42159,0.41969,0.41849,0.4201575
7301.0,0.31639,0.4219,0.42296,0.42096,0.41974,0.42139
7302.0,0.2823,0.42244,0.4238,0.42202,0.42055,0.4222025
7303.0,0.34592,0.42351,0.42479,0.42292,0.42145,0.42316750000000003
7304.0,0.46148,0.42402,0.42593,0.42394,0.42256,0.4241125
7305.0,0.50046,0.42507,0.4267,0.42493,0.42327,0.4249925
7306.0,0.38364,0.42554,0.42764,0.42562,0.42409,0.4257225
7307.0,0.34402,0.42653,0.42844,0.4264,0.42492,0.42657249999999997
7308.0,0.38826,0.42695,0.42911,0.42726,0.42556,0.42722
7309.0,0.35159,0.42786,0.42991,0.42779,0.42625,0.4279525
7310.0,0.29625,0.42824,0.43048,0.4284,0.42687,0.4284975
7311.0,0.29167,0.42906,0.43106,0.42901,0.42741,0.42913500000000004
7312.0,0.32439,0.42942,0.43167,0.42949,0.42796,0.429635
7313.0,0.38105,0.43012,0.43212,0.42995,0.42844,0.43015749999999997
7314.0,0.42938,0.43047,0.43261,0.43037,0.42887,0.43057999999999996
7315.0,0.46278,0.43106,0.43298,0.43077,0.42928,0.4310225
7316.0,0.47875,0.4314,0.43337,0.43113,0.42968,0.43139500000000003
7317.0,0.51198,0.4319,0.43371,0.43143,0.43001,0.4317625
7318.0,0.56705,0.43224,0.43399,0.43173,0.43032,0.43207
7319.0,0.60757,0.43267,0.43435,0.432,0.43068,0.432425
7320.0,0.61692,0.43301,0.4346,0.43223,0.43093,0.43269250000000004
7321.0,0.57856,0.4334,0.43488,0.43246,0.43121,0.43298749999999997
7322.0,0.53226,0.43374,0.4352,0.43271,0.43155,0.4333
7323.0,0.49841,0.4341,0.43542,0.43294,0.43178,0.43356
7324.0,0.48911,0.43445,0.43573,0.43319,0.4321,0.43386749999999996
7325.0,0.49472,0.43479,0.43605,0.43351,0.43245,0.43420000000000003
7326.0,0.49551,0.43515,0.43633,0.43384,0.43273,0.4345125
7327.0,0.50645,0.43547,0.43674,0.43418,0.43314,0.4348825
7328.0,0.54385,0.43584,0.43711,0.43461,0.43354,0.435275
7329.0,0.65999,0.43615,0.4375,0.43506,0.43391,0.435655
7330.0,0.76625,0.43651,0.43796,0.4355,0.43438,0.4360875
7331.0,0.65165,0.43679,0.43835,0.43602,0.4348,0.43649000000000004
7332.0,0.48842,0.43712,0.43879,0.43652,0.43521,0.43691
7333.0,0.40478,0.43736,0.43921,0.43699,0.43565,0.43730250000000004
7334.0,0.43779,0.43765,0.43957,0.43747,0.43602,0.43767750000000005
7335.0,0.52995,0.43782,0.43992,0.43789,0.43637,0.438
7336.0,0.50305,0.43805,0.44022,0.43822,0.43668,0.4382925
7337.0,0.44763,0.43815,0.44045,0.43849,0.43689,0.438495
7338.0,0.44638,0.43829,0.44061,0.43868,0.43705,0.4386575
7339.0,0.42878,0.4383,0.44069,0.43876,0.43714,0.4387225
7340.0,0.38267,0.43835,0.4407,0.43874,0.43713,0.43873
7341.0,0.33805,0.43827,0.44062,0.43863,0.43704,0.43864000000000003
7342.0,0.31876,0.43822,0.44045,0.43842,0.43688,0.4384925
7343.0,0.34794,0.43805,0.4402,0.43812,0.43661,0.438245
7344.0,0.39756,0.43792,0.43989,0.43776,0.4363,0.43796749999999995
7345.0,0.44408,0.43768,0.43955,0.43731,0.43594,0.43762
7346.0,0.43093,0.43748,0.43913,0.43682,0.43551,0.437235
7347.0,0.39278,0.4372,0.43869,0.43631,0.43507,0.4368175
7348.0,0.39135,0.43697,0.43823,0.43576,0.4346,0.43638999999999994
7349.0,0.40743,0.43668,0.43778,0.4352,0.43413,0.43594750000000004
7350.0,0.42744,0.43643,0.43734,0.43466,0.43369,0.43553
7351.0,0.42828,0.43616,0.43688,0.43417,0.43323,0.43511
7352.0,0.41814,0.43595,0.43649,0.43371,0.43283,0.434745
7353.0,0.42033,0.43573,0.43614,0.4333,0.43248,0.4344125
7354.0,0.42778,0.43558,0.43584,0.43298,0.43217,0.4341425
7355.0,0.43243,0.43544,0.43561,0.43271,0.43195,0.4339275
7356.0,0.40897,0.43537,0.43544,0.43255,0.43179,0.4337875
7357.0,0.38964,0.43533,0.43541,0.43248,0.43174,0.43374
7358.0,0.47169,0.43536,0.43545,0.43251,0.43178,0.433775
7359.0,0.5081,0.43542,0.43553,0.43265,0.43187,0.43386749999999996
7360.0,0.3878,0.43554,0.43574,0.43288,0.43209,0.4340625
7361.0,0.33997,0.43571,0.436,0.43321,0.43235,0.4343175
7362.0,0.39704,0.43592,0.43636,0.43363,0.4327,0.4346525
7363.0,0.43873,0.43616,0.43679,0.43411,0.43314,0.43505
7364.0,0.44193,0.43645,0.43721,0.43468,0.43358,0.43548000000000003
7365.0,0.39616,0.43674,0.43775,0.43531,0.43411,0.4359775
7366.0,0.4025,0.43706,0.4383,0.43592,0.43466,0.436485
7367.0,0.46484,0.43738,0.43881,0.43657,0.43517,0.4369825
7368.0,0.41411,0.4377,0.43936,0.43722,0.43573,0.43750249999999996
7369.0,0.3412,0.43799,0.43986,0.4378,0.43624,0.4379725
7370.0,0.42605,0.43828,0.44034,0.43834,0.4367,0.438415
7371.0,0.51723,0.43853,0.44077,0.43884,0.43713,0.4388175
7372.0,0.53218,0.43875,0.44107,0.43923,0.43744,0.4391225
7373.0,0.47047,0.43892,0.44133,0.43951,0.43769,0.4393625
7374.0,0.37241,0.43905,0.44153,0.4397,0.43788,0.43954
7375.0,0.32845,0.43913,0.44159,0.43976,0.43793,0.43960249999999995
7376.0,0.38314,0.43917,0.44156,0.43969,0.4379,0.43957999999999997
7377.0,0.54046,0.43915,0.44146,0.43956,0.4378,0.4394925
7378.0,0.52964,0.43911,0.44129,0.43928,0.4376,0.43932
7379.0,0.37802,0.439,0.44103,0.4389,0.43733,0.439065
7380.0,0.38873,0.43888,0.44069,0.4385,0.437,0.43876750000000003
7381.0,0.45552,0.4387,0.44032,0.43802,0.43662,0.438415
7382.0,0.4446,0.43853,0.43994,0.43749,0.43623,0.43804750000000003
7383.0,0.41373,0.43832,0.43954,0.43699,0.43584,0.43767249999999996
7384.0,0.38851,0.43813,0.43911,0.43651,0.43541,0.43729
7385.0,0.38841,0.4379,0.43873,0.43604,0.43504,0.4369275
7386.0,0.38858,0.43771,0.43841,0.43565,0.43472,0.4366225
7387.0,0.34979,0.43751,0.4381,0.43534,0.43442,0.4363425
7388.0,0.3809,0.43734,0.43786,0.43508,0.4342,0.43612
7389.0,0.50321,0.43716,0.43767,0.43492,0.43404,0.4359475
7390.0,0.48926,0.43703,0.43755,0.43484,0.43393,0.43583749999999993
7391.0,0.38205,0.43689,0.43748,0.43481,0.43388,0.435765
7392.0,0.36715,0.4368,0.43743,0.43486,0.43386,0.4357375
7393.0,0.3998,0.43669,0.43743,0.43497,0.4339,0.4357475
7394.0,0.43768,0.43663,0.4375,0.43508,0.43399,0.4358000000000001
7395.0,0.43934,0.43655,0.43755,0.43522,0.43405,0.4358425
7396.0,0.40768,0.43649,0.43761,0.43538,0.43413,0.43590249999999997
7397.0,0.38695,0.43642,0.43767,0.43548,0.43421,0.43594499999999997
7398.0,0.35456,0.43635,0.43769,0.43557,0.43423,0.43596
7399.0,0.28736,0.43627,0.4377,0.43563,0.43426,0.43596499999999994
7400.0,0.30401,0.43619,0.43763,0.4356,0.43421,0.4359075
7401.0,0.41492,0.43609,0.43754,0.43553,0.43413,0.4358225
7402.0,0.45205,0.43597,0.43747,0.43541,0.43405,0.43572500000000003
7403.0,0.43031,0.43585,0.43729,0.43521,0.43386,0.4355525
7404.0,0.41173,0.4357,0.43709,0.43495,0.43366,0.43534999999999996
7405.0,0.41702,0.43556,0.43685,0.43467,0.43341,0.4351225
7406.0,0.44845,0.43539,0.43655,0.43436,0.43311,0.4348525
7407.0,0.4398,0.43524,0.43629,0.43397,0.43284,0.434585
7408.0,0.40498,0.43506,0.43596,0.4336,0.43251,0.43428249999999996
7409.0,0.41246,0.43492,0.43564,0.43326,0.43218,0.434
7410.0,0.43107,0.43476,0.4354,0.43288,0.43191,0.4337375
7411.0,0.43254,0.43465,0.43514,0.43255,0.43163,0.4334925
7412.0,0.4374,0.43452,0.43494,0.4323,0.43141,0.4332925
7413.0,0.44613,0.43445,0.43473,0.43206,0.4312,0.43311
7414.0,0.43666,0.43438,0.43457,0.43189,0.43103,0.4329675
7415.0,0.41425,0.43438,0.43454,0.43182,0.431,0.43293499999999996
7416.0,0.39005,0.43438,0.43453,0.43182,0.43098,0.4329275
7417.0,0.39425,0.43445,0.4346,0.43188,0.43104,0.4329925
7418.0,0.42944,0.43452,0.43475,0.43206,0.43119,0.43313
7419.0,0.42687,0.43466,0.43496,0.4323,0.43139,0.4333275
7420.0,0.39331,0.43479,0.43525,0.43261,0.43165,0.43357500000000004
7421.0,0.36715,0.435,0.43552,0.43299,0.43194,0.4338625
7422.0,0.38208,0.43519,0.43585,0.43343,0.43229,0.43419
7423.0,0.44754,0.43543,0.43627,0.43389,0.43269,0.43457
7424.0,0.41807,0.43566,0.43669,0.43439,0.4331,0.43496
7425.0,0.28837,0.43592,0.43713,0.4349,0.43352,0.4353675
7426.0,0.16608,0.43616,0.43754,0.43537,0.43394,0.4357525
7427.0,0.19333,0.43642,0.43794,0.43585,0.43433,0.43613500000000005
7428.0,0.50333,0.43665,0.43832,0.43627,0.4347,0.436485
7429.0,0.54426,0.43687,0.43862,0.43662,0.435,0.43677750000000004
7430.0,0.22504,0.43707,0.43888,0.43693,0.43526,0.437035
7431.0,0.25537,0.43725,0.43909,0.43714,0.43547,0.4372375
7432.0,0.51225,0.4374,0.43925,0.43727,0.43559,0.4373775
7433.0,0.57291,0.43754,0.43939,0.43736,0.43571,0.4375
7434.0,0.51557,0.43764,0.43943,0.43736,0.43576,0.4375475
7435.0,0.40925,0.43772,0.43941,0.43727,0.43573,0.4375325
7436.0,0.35947,0.43778,0.43937,0.43717,0.43569,0.4375025
7437.0,0.37093,0.43781,0.43928,0.43701,0.4356,0.43742499999999995
7438.0,0.38173,0.43783,0.43917,0.43681,0.43549,0.43732499999999996
7439.0,0.40595,0.43784,0.43905,0.43664,0.43538,0.4372275
7440.0,0.46177,0.43784,0.43891,0.43648,0.43524,0.4371175
7441.0,0.51803,0.43783,0.43883,0.4363,0.43516,0.43703
7442.0,0.5507,0.43782,0.43877,0.43619,0.4351,0.43697
7443.0,0.50123,0.4378,0.43869,0.43613,0.43502,0.43690999999999997
7444.0,0.40611,0.43779,0.43863,0.43608,0.43499,0.4368725
7445.0,0.34561,0.43777,0.43863,0.4361,0.435,0.436875
7446.0,0.34094,0.43777,0.43865,0.43618,0.43502,0.436905
7447.0,0.39607,0.43776,0.43868,0.43625,0.43508,0.4369425
7448.0,0.43754,0.43777,0.43873,0.43636,0.43514,0.43700000000000006
7449.0,0.45324,0.43775,0.4388,0.43651,0.43522,0.43706999999999996
7450.0,0.45827,0.43776,0.43889,0.43661,0.43531,0.4371425
7451.0,0.45663,0.43774,0.43894,0.4367,0.43536,0.437185
7452.0,0.45066,0.43775,0.43897,0.4368,0.4354,0.43723
7453.0,0.42291,0.43772,0.43899,0.43683,0.43542,0.43723999999999996
7454.0,0.37504,0.43773,0.43899,0.43681,0.43541,0.437235
7455.0,0.34904,0.43768,0.43898,0.43679,0.43539,0.43721
7456.0,0.34888,0.43768,0.43892,0.43671,0.43533,0.43716
7457.0,0.37097,0.43763,0.43886,0.43658,0.43526,0.4370825
7458.0,0.38212,0.43761,0.4388,0.43647,0.43518,0.43701500000000004
7459.0,0.36886,0.43755,0.4387,0.43632,0.43508,0.43691250000000004
7460.0,0.40647,0.43753,0.4386,0.43616,0.43496,0.4368125
7461.0,0.47432,0.43747,0.43848,0.43604,0.43484,0.4367075
7462.0,0.45124,0.43745,0.4384,0.43593,0.43475,0.4366325
7463.0,0.40728,0.43739,0.43834,0.43581,0.43467,0.4365525
7464.0,0.43086,0.43738,0.43828,0.43576,0.43461,0.4365075
7465.0,0.46146,0.43733,0.43827,0.43574,0.43458,0.43648
7466.0,0.47059,0.43733,0.43824,0.43571,0.43455,0.4364575
7467.0,0.44108,0.4373,0.43826,0.43575,0.43456,0.4364675
7468.0,0.39907,0.43729,0.43828,0.4358,0.43458,0.4364875
7469.0,0.40238,0.43728,0.43828,0.43584,0.43458,0.43649499999999997
7470.0,0.40555,0.43727,0.43836,0.43592,0.43464,0.4365475
7471.0,0.37934,0.43727,0.4384,0.43601,0.43468,0.43659
7472.0,0.37486,0.43725,0.43846,0.43608,0.43473,0.43663
7473.0,0.39719,0.43725,0.43853,0.43616,0.43479,0.4366825
7474.0,0.41515,0.43722,0.43856,0.43624,0.43482,0.43671
7475.0,0.41877,0.43722,0.43861,0.43629,0.43487,0.43674749999999996
7476.0,0.39905,0.43716,0.43861,0.43632,0.43489,0.436745
7477.0,0.37839,0.43714,0.4386,0.43635,0.43487,0.43674
7478.0,0.37107,0.43706,0.4386,0.43633,0.43486,0.4367125
7479.0,0.40021,0.43702,0.43854,0.43628,0.43481,0.4366625
7480.0,0.42313,0.4369,0.43845,0.43622,0.43472,0.43657250000000003
7481.0,0.32962,0.43684,0.43832,0.43609,0.43461,0.43646499999999994
7482.0,0.28411,0.43668,0.43818,0.43593,0.43447,0.436315
7483.0,0.41457,0.4366,0.43802,0.43575,0.4343,0.43616750000000004
7484.0,0.46623,0.43642,0.43781,0.43551,0.43412,0.435965
7485.0,0.38081,0.43633,0.43758,0.43523,0.43388,0.435755
7486.0,0.2645,0.43613,0.43734,0.43496,0.43364,0.4355175
7487.0,0.17996,0.43603,0.43712,0.43465,0.43343,0.43530749999999996
7488.0,0.20904,0.43582,0.43685,0.43434,0.43316,0.4350425
7489.0,0.30969,0.43573,0.43658,0.43405,0.43291,0.43481749999999997
7490.0,0.44433,0.43554,0.43638,0.43377,0.4327,0.43459749999999997
7491.0,0.51002,0.43546,0.43616,0.43352,0.43249,0.43440750000000006
7492.0,0.48707,0.4353,0.43602,0.43334,0.43235,0.43425250000000004
7493.0,0.38601,0.43525,0.43585,0.43318,0.43219,0.4341175
7494.0,0.30956,0.43512,0.43571,0.43308,0.43206,0.4339925
7495.0,0.36781,0.43509,0.43571,0.43304,0.43206,0.433975
7496.0,0.45827,0.43501,0.43565,0.43305,0.43201,0.43393
7497.0,0.52712,0.43502,0.43568,0.43309,0.43203,0.433955
7498.0,0.51233,0.43499,0.43571,0.43318,0.43208,0.43399
7499.0,0.4395,0.43502,0.43574,0.43329,0.43213,0.434045
7500.0,0.3832,0.43503,0.43588,0.4334,0.43227,0.434145
7501.0,0.3984,0.43509,0.43592,0.43354,0.43232,0.4342175
7502.0,0.51127,0.43515,0.43603,0.43367,0.43243,0.43432000000000004
7503.0,0.53796,0.43522,0.43617,0.43378,0.43258,0.4344375
7504.0,0.46044,0.43531,0.43623,0.4339,0.43266,0.434525
7505.0,0.42667,0.43539,0.43638,0.43401,0.4328,0.434645
7506.0,0.43452,0.43551,0.43646,0.4341,0.4329,0.43474250000000003
7507.0,0.45669,0.4356,0.4366,0.43421,0.43303,0.43486
7508.0,0.46674,0.43574,0.43675,0.43432,0.43319,0.435
7509.0,0.45314,0.43582,0.43681,0.43443,0.43326,0.43507999999999997
7510.0,0.44319,0.43598,0.43696,0.43457,0.43341,0.43523000000000006
7511.0,0.43934,0.43607,0.43709,0.43471,0.43357,0.43535999999999997
7512.0,0.43124,0.43623,0.43724,0.43486,0.43371,0.43551
7513.0,0.41526,0.43631,0.4374,0.43504,0.43387,0.43565499999999996
7514.0,0.38851,0.43648,0.43751,0.4352,0.43399,0.43579500000000004
7515.0,0.36217,0.43655,0.43768,0.43536,0.43416,0.4359375
7516.0,0.34467,0.43671,0.43781,0.43553,0.4343,0.43608749999999996
7517.0,0.35725,0.43678,0.43793,0.43567,0.43441,0.43619749999999996
7518.0,0.39525,0.43693,0.43805,0.43579,0.43452,0.4363225
7519.0,0.44056,0.43699,0.43815,0.43591,0.43464,0.43642250000000005
7520.0,0.46116,0.43713,0.43827,0.43599,0.43474,0.4365325
7521.0,0.43394,0.43719,0.43833,0.43604,0.4348,0.43659000000000003
7522.0,0.40526,0.43732,0.43841,0.4361,0.43487,0.43667500000000004
7523.0,0.39182,0.43738,0.43847,0.43614,0.43493,0.43673
7524.0,0.40019,0.43749,0.43852,0.43616,0.43498,0.4367875
7525.0,0.41607,0.43755,0.4386,0.43621,0.43505,0.4368525
7526.0,0.41366,0.43764,0.43864,0.43625,0.43509,0.436905
7527.0,0.42339,0.4377,0.43874,0.4363,0.43518,0.43698000000000004
7528.0,0.46249,0.43778,0.43882,0.43638,0.43526,0.43706
7529.0,0.50353,0.43784,0.43887,0.43646,0.4353,0.4371175
7530.0,0.52086,0.43789,0.43897,0.43656,0.4354,0.437205
7531.0,0.45078,0.43796,0.43905,0.43668,0.43547,0.43729
7532.0,0.38389,0.43798,0.43915,0.4368,0.43557,0.437375
7533.0,0.44762,0.43805,0.43928,0.43692,0.43569,0.437485
7534.0,0.48013,0.43803,0.43932,0.43704,0.43573,0.43753
7535.0,0.41704,0.4381,0.43942,0.43714,0.43584,0.437625
7536.0,0.40248,0.43802,0.43949,0.43722,0.4359,0.4376575
7537.0,0.44702,0.43808,0.43949,0.43729,0.43587,0.4376825
7538.0,0.49839,0.43794,0.43954,0.43729,0.4359,0.4376675
7539.0,0.52194,0.43799,0.43948,0.43728,0.43584,0.4376475
7540.0,0.48448,0.43777,0.43941,0.43725,0.43577,0.43755000000000005
7541.0,0.4183,0.43781,0.43937,0.43711,0.43572,0.4375025
7542.0,0.34689,0.43752,0.43919,0.43697,0.43551,0.43729750000000006
7543.0,0.32839,0.43753,0.43907,0.43682,0.43538,0.43720000000000003
7544.0,0.35201,0.43718,0.43888,0.43655,0.43518,0.43694750000000004
7545.0,0.37112,0.43715,0.43855,0.43628,0.43484,0.436705
7546.0,0.36952,0.43675,0.43838,0.43604,0.43465,0.436455
7547.0,0.33724,0.43667,0.43805,0.43566,0.43431,0.43617249999999996
7548.0,0.31827,0.43625,0.43775,0.4353,0.43398,0.43582
7549.0,0.32859,0.43613,0.43748,0.435,0.43372,0.4355825
7550.0,0.3703,0.43569,0.43701,0.43456,0.43324,0.43512500000000004
7551.0,0.42127,0.43554,0.43673,0.43417,0.43295,0.4348475
7552.0,0.43807,0.4351,0.43636,0.43384,0.43259,0.4344725
7553.0,0.44468,0.43491,0.43596,0.4334,0.43215,0.434105
7554.0,0.45654,0.43448,0.43567,0.433,0.43186,0.4337525
7555.0,0.43385,0.43427,0.43526,0.43268,0.43146,0.43341749999999996
7556.0,0.37825,0.43387,0.43493,0.43228,0.43111,0.43304750000000003
7557.0,0.34575,0.43365,0.43461,0.43192,0.43081,0.43274750000000006
7558.0,0.35356,0.43327,0.43423,0.43163,0.4304,0.4323825
7559.0,0.41977,0.43304,0.43398,0.43129,0.43015,0.43211499999999997
7560.0,0.48763,0.4327,0.43368,0.43098,0.42986,0.431805
7561.0,0.51363,0.43247,0.43339,0.43073,0.42957,0.43154000000000003
7562.0,0.42615,0.43217,0.43316,0.43046,0.42933,0.43128
7563.0,0.28139,0.43195,0.43287,0.43021,0.42906,0.4310225
7564.0,0.34852,0.43168,0.43269,0.43,0.42884,0.4308025
7565.0,0.48708,0.43146,0.43246,0.42979,0.42864,0.4305875
7566.0,0.45683,0.43123,0.43226,0.42961,0.42844,0.43038499999999996
7567.0,0.38938,0.43101,0.43211,0.42944,0.42827,0.43020749999999996
7568.0,0.3591,0.4308,0.43192,0.4293,0.42811,0.4300325
7569.0,0.35395,0.43058,0.43181,0.42916,0.42798,0.4298825
7570.0,0.36663,0.43038,0.43162,0.42904,0.4278,0.42971
7571.0,0.38285,0.43015,0.43147,0.42893,0.42766,0.4295525
7572.0,0.41199,0.42994,0.43135,0.42881,0.42752,0.42940500000000004
7573.0,0.46551,0.42971,0.43117,0.42868,0.42736,0.42923
7574.0,0.453,0.42948,0.43105,0.42855,0.42723,0.4290775
7575.0,0.35233,0.42922,0.4308,0.42838,0.427,0.42885
7576.0,0.35224,0.42896,0.43058,0.42819,0.42679,0.42863
7577.0,0.44246,0.42867,0.43036,0.42797,0.42658,0.42839499999999997
7578.0,0.47531,0.42838,0.43005,0.42768,0.42626,0.4280925
7579.0,0.45493,0.42806,0.42976,0.42735,0.42597,0.42778499999999997
7580.0,0.39972,0.42773,0.42938,0.42699,0.4256,0.427425
7581.0,0.36231,0.42738,0.42896,0.42656,0.42521,0.4270275
7582.0,0.36812,0.42702,0.42859,0.4261,0.42485,0.42663999999999996
7583.0,0.41975,0.42664,0.42809,0.4256,0.42436,0.4261725
7584.0,0.4809,0.42625,0.42764,0.42507,0.42391,0.4257175
7585.0,0.4497,0.42585,0.42716,0.42453,0.42344,0.42524500000000004
7586.0,0.38388,0.42545,0.42661,0.42399,0.42291,0.42474
7587.0,0.35573,0.42504,0.42616,0.42345,0.42249,0.42428499999999997
7588.0,0.36182,0.42464,0.42563,0.42292,0.42197,0.42379
7589.0,0.39456,0.42422,0.42516,0.42242,0.42152,0.42333
7590.0,0.4136,0.42383,0.42476,0.42194,0.42112,0.42291249999999997
7591.0,0.40964,0.4234,0.42422,0.4215,0.42061,0.4224325
7592.0,0.37776,0.42305,0.42385,0.42109,0.42027,0.42206499999999997
7593.0,0.34293,0.42263,0.4234,0.42069,0.41984,0.42164
7594.0,0.33289,0.4223,0.42301,0.42034,0.41947,0.42128
7595.0,0.35387,0.42189,0.42278,0.42002,0.41923,0.42098
7596.0,0.40095,0.42158,0.42234,0.41968,0.41882,0.420605
7597.0,0.4245,0.4212,0.42208,0.4194,0.41857,0.4203125
7598.0,0.41811,0.42091,0.4217,0.41911,0.41823,0.41998749999999996
7599.0,0.38831,0.42057,0.42136,0.41882,0.41789,0.41966000000000003
7600.0,0.35465,0.4203,0.42122,0.41854,0.41773,0.41944750000000003
7601.0,0.33811,0.41997,0.42084,0.41828,0.41739,0.41912
7602.0,0.34885,0.41972,0.42064,0.41799,0.41717,0.41888000000000003
7603.0,0.3877,0.41942,0.4203,0.41771,0.41689,0.41858
7604.0,0.43179,0.41919,0.42001,0.41746,0.41658,0.41830999999999996
7605.0,0.46106,0.4189,0.41985,0.41721,0.41639,0.4180875
7606.0,0.43403,0.4187,0.41952,0.41692,0.41609,0.4178075
7607.0,0.38768,0.41843,0.41934,0.4167,0.41588,0.4175875
7608.0,0.36467,0.41825,0.41904,0.41649,0.41567,0.4173625
7609.0,0.3709,0.41799,0.41887,0.41621,0.41546,0.41713249999999996
7610.0,0.40255,0.41781,0.41867,0.41603,0.41524,0.4169375
7611.0,0.4172,0.41759,0.41843,0.41585,0.41503,0.416725
7612.0,0.41088,0.41741,0.41827,0.41559,0.41482,0.41652249999999996
7613.0,0.39373,0.41722,0.41798,0.41546,0.41461,0.41631749999999995
7614.0,0.39633,0.41706,0.41795,0.41531,0.41456,0.41622000000000003
7615.0,0.44829,0.41689,0.41773,0.41508,0.41433,0.4160075
7616.0,0.43495,0.41675,0.41762,0.41499,0.41424,0.4159
7617.0,0.33357,0.41658,0.41749,0.41488,0.41411,0.41576500000000005
7618.0,0.34928,0.41647,0.41722,0.41469,0.41387,0.4155625
7619.0,0.4609,0.41631,0.41728,0.41465,0.41391,0.4155375
7620.0,0.49943,0.41621,0.41707,0.41457,0.41372,0.41539250000000005
7621.0,0.47663,0.41606,0.41705,0.41441,0.41369,0.4153025
7622.0,0.41999,0.41596,0.41696,0.4144,0.41365,0.4152425
7623.0,0.38234,0.41582,0.41673,0.41434,0.41344,0.4150825
7624.0,0.38703,0.41569,0.41677,0.41419,0.41345,0.415025
7625.0,0.41829,0.41557,0.41657,0.41416,0.41328,0.414895
7626.0,0.44647,0.41544,0.41655,0.41408,0.41323,0.414825
7627.0,0.39266,0.41532,0.41642,0.41392,0.41317,0.4147075
7628.0,0.33537,0.41517,0.41622,0.41382,0.41299,0.41455
7629.0,0.37996,0.41505,0.41616,0.41372,0.4129,0.41445750000000003
7630.0,0.43074,0.41487,0.41595,0.41351,0.41272,0.4142625
7631.0,0.43931,0.41474,0.41588,0.41335,0.41262,0.4141475
7632.0,0.42111,0.41454,0.41563,0.41323,0.41243,0.41395750000000003
7633.0,0.3898,0.4144,0.41544,0.41299,0.41224,0.41376749999999995
7634.0,0.37871,0.41416,0.41534,0.41278,0.4121,0.41359499999999993
7635.0,0.38943,0.41401,0.41513,0.41268,0.41191,0.4134325
7636.0,0.42017,0.4137,0.41502,0.41243,0.41181,0.41324
7637.0,0.45127,0.41352,0.41465,0.4122,0.41146,0.4129575
7638.0,0.47211,0.4132,0.41445,0.41212,0.41126,0.4127575
7639.0,0.48987,0.41296,0.41438,0.41185,0.41115,0.412585
7640.0,0.49794,0.41257,0.4141,0.41162,0.41087,0.41229000000000005
7641.0,0.46544,0.41227,0.41389,0.4115,0.4107,0.41209
7642.0,0.41103,0.41181,0.4134,0.41117,0.41025,0.4116575
7643.0,0.36956,0.41144,0.41306,0.41088,0.40989,0.4113175
7644.0,0.3577,0.41089,0.41291,0.41063,0.40973,0.41103999999999996
7645.0,0.38335,0.41042,0.41242,0.41015,0.4092,0.4105475
7646.0,0.41477,0.40978,0.41187,0.40972,0.40871,0.41002000000000005
7647.0,0.43689,0.40919,0.41116,0.40919,0.4081,0.40941000000000005
7648.0,0.42476,0.40846,0.41044,0.40848,0.40734,0.40868
7649.0,0.39393,0.40777,0.40994,0.40781,0.40683,0.4080875
7650.0,0.37846,0.40692,0.40908,0.4069,0.40596,0.407215
7651.0,0.37522,0.40613,0.40796,0.4059,0.40488,0.4062175
7652.0,0.3809,0.4052,0.40686,0.40491,0.40395,0.40523
7653.0,0.38961,0.40432,0.40571,0.40359,0.40276,0.40409500000000004
7654.0,0.39722,0.40337,0.40468,0.40232,0.40169,0.403015
7655.0,0.39285,0.4024,0.40353,0.40103,0.40057,0.40188250000000003
7656.0,0.37466,0.40145,0.40197,0.39943,0.39903,0.40047
7657.0,0.34188,0.40045,0.40055,0.39803,0.39779,0.39920500000000003
7658.0,0.34085,0.39957,0.39935,0.3966,0.39659,0.3980275
7659.0,0.40971,0.39858,0.39807,0.39498,0.39523,0.396715
7660.0,0.45155,0.39782,0.39705,0.39372,0.39425,0.39571
7661.0,0.43625,0.39687,0.3957,0.39242,0.39292,0.3944775
7662.0,0.41631,0.39631,0.39445,0.39115,0.3918,0.3934275
7663.0,0.40346,0.39549,0.39383,0.39031,0.39122,0.3927125
7664.0,0.40488,0.39515,0.39298,0.38946,0.39031,0.39197499999999996
7665.0,0.41282,0.39453,0.39268,0.38885,0.38999,0.3915125
7666.0,0.41767,0.39436,0.39222,0.38862,0.3896,0.3912
7667.0,0.40995,0.39394,0.39173,0.38842,0.38918,0.39081750000000004
7668.0,0.38617,0.39394,0.39204,0.38855,0.38951,0.39101
7669.0,0.35534,0.39375,0.39202,0.38893,0.38947,0.3910425
7670.0,0.3371,0.39391,0.39256,0.38933,0.38993,0.39143249999999996
7671.0,0.3886,0.39392,0.39301,0.39003,0.39048,0.39186
7672.0,0.454,0.3942,0.3933,0.39081,0.39081,0.39227999999999996
7673.0,0.44726,0.39436,0.39418,0.39157,0.39167,0.392945
7674.0,0.41576,0.39472,0.39469,0.3925,0.39219,0.393525
7675.0,0.39083,0.39498,0.39556,0.39336,0.39292,0.39420499999999997
7676.0,0.39653,0.39536,0.39628,0.39416,0.39371,0.3948775
7677.0,0.42477,0.39567,0.3968,0.39499,0.39424,0.39542499999999997
7678.0,0.41576,0.39603,0.39758,0.39567,0.39499,0.39606749999999996
7679.0,0.3866,0.39634,0.39801,0.39627,0.39545,0.3965175
7680.0,0.38034,0.39661,0.39859,0.3968,0.3959,0.39697499999999997
7681.0,0.38384,0.39687,0.39896,0.39718,0.3963,0.39732750000000006
7682.0,0.38598,0.39705,0.39921,0.39746,0.39653,0.3975625
7683.0,0.38333,0.39722,0.39948,0.39763,0.39678,0.3977775
7684.0,0.37622,0.39728,0.39949,0.39767,0.39682,0.397815
7685.0,0.37258,0.39734,0.39954,0.39763,0.39681,0.39783
7686.0,0.37522,0.39726,0.39939,0.39746,0.39667,0.397695
7687.0,0.38796,0.39722,0.39921,0.3972,0.39645,0.39752
7688.0,0.40609,0.39702,0.39895,0.39687,0.3962,0.39726000000000006
7689.0,0.42393,0.39689,0.39856,0.39642,0.39582,0.3969225
7690.0,0.42499,0.39659,0.39817,0.39592,0.39541,0.3965225
7691.0,0.4073,0.39638,0.39763,0.39537,0.39491,0.39607249999999994
7692.0,0.41209,0.396,0.39716,0.39474,0.39442,0.39558
7693.0,0.43074,0.39573,0.3966,0.39411,0.39386,0.39507499999999995
7694.0,0.40997,0.39531,0.39607,0.39346,0.39332,0.39454
7695.0,0.37792,0.39499,0.39547,0.3928,0.39274,0.394
7696.0,0.38015,0.3946,0.39489,0.39218,0.39218,0.3934625
7697.0,0.40923,0.39426,0.39443,0.39158,0.3917,0.39299249999999997
7698.0,0.45284,0.39395,0.39391,0.39105,0.3912,0.39252750000000003
7699.0,0.42648,0.39361,0.39356,0.39059,0.39086,0.39215500000000003
7700.0,0.33816,0.39339,0.39311,0.39019,0.39042,0.3917775
7701.0,0.32285,0.39306,0.39278,0.38989,0.39011,0.39146000000000003
7702.0,0.36282,0.39292,0.39259,0.38966,0.38991,0.39127
7703.0,0.3935,0.39264,0.39236,0.38952,0.38969,0.3910524999999999
7704.0,0.41708,0.39257,0.39237,0.38947,0.38969,0.39102499999999996
7705.0,0.43628,0.39236,0.39222,0.38945,0.38956,0.3908975
7706.0,0.44032,0.39235,0.39218,0.38952,0.38953,0.39089499999999994
7707.0,0.42627,0.3922,0.39228,0.38963,0.38963,0.390935
7708.0,0.40139,0.39226,0.3923,0.38974,0.38962,0.39098
7709.0,0.37624,0.39218,0.39251,0.38991,0.38982,0.391105
7710.0,0.376,0.39227,0.39259,0.39007,0.38992,0.3912125
7711.0,0.39503,0.39226,0.39267,0.39023,0.38997,0.3912825
7712.0,0.42397,0.39237,0.39288,0.39043,0.39021,0.3914725
7713.0,0.43724,0.39242,0.39299,0.39057,0.39028,0.391565
7714.0,0.42327,0.39254,0.3932,0.39074,0.39046,0.391735
7715.0,0.40349,0.39263,0.39339,0.39091,0.39066,0.3918975
7716.0,0.38475,0.39274,0.39344,0.39102,0.39068,0.39197000000000004
7717.0,0.37289,0.39287,0.39367,0.3912,0.39093,0.3921675
7718.0,0.36767,0.39295,0.39379,0.39134,0.39101,0.3922725
7719.0,0.36767,0.39311,0.39394,0.39145,0.39112,0.392405
7720.0,0.37144,0.39313,0.39418,0.39163,0.39137,0.39257749999999997
7721.0,0.37776,0.39333,0.39418,0.39174,0.39134,0.3926475
7722.0,0.38456,0.39331,0.3944,0.39187,0.39156,0.39278499999999994
7723.0,0.39303,0.3935,0.39452,0.39204,0.39168,0.392935
7724.0,0.41446,0.39347,0.39462,0.39214,0.39173,0.39298999999999995
7725.0,0.42939,0.39363,0.39485,0.39229,0.39195,0.39318
7726.0,0.38194,0.39358,0.39482,0.39242,0.39192,0.393185
7727.0,0.31343,0.39369,0.39499,0.3925,0.39205,0.39330750000000003
7728.0,0.27794,0.39361,0.39505,0.39264,0.39214,0.39336
7729.0,0.29481,0.39365,0.39509,0.39268,0.39213,0.3933875
7730.0,0.3663,0.39355,0.39517,0.39272,0.3922,0.39341000000000004
7731.0,0.41514,0.39352,0.39505,0.39277,0.3921,0.39336000000000004
7732.0,0.42134,0.39338,0.39504,0.39269,0.39204,0.39328749999999996
7733.0,0.38239,0.39327,0.39493,0.3926,0.39196,0.39319000000000004
7734.0,0.3337,0.3931,0.39479,0.39249,0.39179,0.3930425
7735.0,0.34125,0.39291,0.39459,0.39222,0.39158,0.39282500000000004
7736.0,0.37252,0.3927,0.39428,0.39196,0.39128,0.392555
7737.0,0.39961,0.39244,0.39398,0.39162,0.39095,0.39224749999999997
7738.0,0.42487,0.3922,0.39362,0.39117,0.39059,0.391895
7739.0,0.44885,0.39189,0.39327,0.39073,0.39022,0.39152750000000003
7740.0,0.46918,0.39164,0.3928,0.39021,0.38975,0.3911
7741.0,0.47823,0.3913,0.39233,0.38965,0.38929,0.3906425
7742.0,0.45544,0.39102,0.39186,0.38912,0.3888,0.39020000000000005
7743.0,0.40991,0.39069,0.39139,0.38856,0.38833,0.38974250000000005
7744.0,0.35656,0.39042,0.39102,0.38803,0.38795,0.389355
7745.0,0.35896,0.39013,0.39056,0.38756,0.3875,0.3889375
7746.0,0.44413,0.38989,0.39019,0.38712,0.38714,0.388585
7747.0,0.48715,0.38966,0.38984,0.38676,0.38681,0.3882675
7748.0,0.47753,0.38946,0.38956,0.38649,0.38653,0.38801
7749.0,0.52861,0.38928,0.38943,0.38628,0.38639,0.387845
7750.0,0.63784,0.38913,0.38925,0.38616,0.38623,0.3876925
7751.0,0.77004,0.38901,0.38917,0.38614,0.38618,0.387625
7752.0,0.78249,0.38892,0.38912,0.38617,0.38616,0.38759250000000006
7753.0,0.54723,0.38885,0.38913,0.38626,0.38618,0.387605
7754.0,0.3795,0.3888,0.38925,0.38642,0.3863,0.3876925
7755.0,0.39853,0.38878,0.38933,0.38661,0.3864,0.38778
7756.0,0.41448,0.38878,0.38947,0.38679,0.38656,0.3879
7757.0,0.40204,0.38878,0.38959,0.387,0.38669,0.388015
7758.0,0.41491,0.38881,0.38971,0.38722,0.38683,0.3881425
7759.0,0.43686,0.38882,0.38988,0.38738,0.38699,0.3882675
7760.0,0.43329,0.38886,0.38998,0.38754,0.38711,0.3883725
7761.0,0.40874,0.38886,0.3901,0.38768,0.38723,0.3884675
7762.0,0.37065,0.38889,0.39015,0.38774,0.38729,0.38851749999999996
7763.0,0.38089,0.38888,0.39018,0.38779,0.38732,0.3885425
7764.0,0.43997,0.38888,0.39021,0.38782,0.38735,0.38856500000000005
7765.0,0.41831,0.38885,0.39019,0.38775,0.38732,0.3885275
7766.0,0.33998,0.38883,0.39016,0.38769,0.38729,0.3884925
7767.0,0.3313,0.38877,0.39007,0.38761,0.38719,0.38841
7768.0,0.36073,0.38872,0.38996,0.38745,0.38708,0.3883025
7769.0,0.37652,0.38864,0.38985,0.38732,0.38695,0.38819000000000004
7770.0,0.38261,0.38857,0.38972,0.38717,0.38682,0.38806999999999997
7771.0,0.38209,0.38846,0.38959,0.38695,0.38667,0.3879175
7772.0,0.38172,0.38838,0.3894,0.38679,0.38649,0.387765
7773.0,0.38068,0.38825,0.38924,0.38662,0.38631,0.387605
7774.0,0.36562,0.38814,0.38906,0.38639,0.38613,0.38743000000000005
7775.0,0.35674,0.38801,0.38891,0.38623,0.38597,0.38728
7776.0,0.40458,0.3879,0.38876,0.38607,0.38581,0.387135
7777.0,0.43143,0.38778,0.38858,0.38585,0.38564,0.3869625
7778.0,0.35348,0.38767,0.38844,0.38573,0.38548,0.38683000000000006
7779.0,0.295,0.38757,0.38826,0.38558,0.38531,0.38668
7780.0,0.31343,0.38746,0.38817,0.38541,0.38522,0.38656500000000005
7781.0,0.35605,0.38739,0.38806,0.38532,0.3851,0.38646749999999996
7782.0,0.39958,0.38728,0.38794,0.3852,0.38499,0.3863525
7783.0,0.40243,0.38725,0.38786,0.38508,0.3849,0.3862725
7784.0,0.38282,0.38716,0.38775,0.38505,0.3848,0.38619
7785.0,0.3855,0.38715,0.38775,0.38497,0.38479,0.386165
7786.0,0.40516,0.3871,0.3877,0.38492,0.38474,0.386115
7787.0,0.43404,0.38713,0.38769,0.38495,0.38473,0.386125
7788.0,0.42753,0.38712,0.38769,0.38492,0.38473,0.386115
7789.0,0.37329,0.38718,0.38769,0.38495,0.38473,0.38613749999999997
7790.0,0.32988,0.3872,0.38779,0.38504,0.38482,0.3862125
7791.0,0.31624,0.3873,0.38783,0.38507,0.38486,0.386265
7792.0,0.35513,0.38734,0.38793,0.38519,0.38496,0.386355
7793.0,0.42364,0.38748,0.38804,0.38532,0.38506,0.38647499999999996
7794.0,0.47775,0.38757,0.38816,0.38542,0.38517,0.38658000000000003
7795.0,0.46431,0.38772,0.38835,0.38561,0.38535,0.38675750000000003
7796.0,0.34802,0.38786,0.38849,0.38578,0.38549,0.38690499999999994
7797.0,0.28605,0.38805,0.3887,0.38594,0.38568,0.3870925
7798.0,0.32872,0.38823,0.38891,0.3862,0.38588,0.38730499999999995
7799.0,0.38829,0.38844,0.38913,0.38641,0.3861,0.38752
7800.0,0.4346,0.38865,0.38939,0.38666,0.38634,0.38776
7801.0,0.4247,0.38888,0.38965,0.38697,0.3866,0.388025
7802.0,0.38072,0.38911,0.38994,0.38722,0.38688,0.3882875
7803.0,0.344,0.38935,0.39023,0.38754,0.38716,0.38856999999999997
7804.0,0.33105,0.38959,0.39055,0.38788,0.38746,0.38887000000000005
7805.0,0.35161,0.38984,0.39085,0.38817,0.38775,0.3891525
7806.0,0.36309,0.39007,0.39119,0.38856,0.3881,0.38948000000000005
7807.0,0.352,0.39032,0.39152,0.38891,0.38842,0.3897925
7808.0,0.33434,0.39056,0.39184,0.38923,0.38873,0.39009
7809.0,0.32699,0.39078,0.39217,0.38963,0.38906,0.39041
7810.0,0.37323,0.39099,0.39244,0.38995,0.38933,0.3906775
7811.0,0.42798,0.39116,0.39276,0.39026,0.38964,0.390955
7812.0,0.41704,0.39135,0.39302,0.39059,0.38991,0.3912175
7813.0,0.37068,0.39146,0.39322,0.39083,0.39011,0.391405
7814.0,0.31397,0.39159,0.39342,0.39105,0.39031,0.3915925
7815.0,0.29009,0.39163,0.39352,0.39123,0.39042,0.3917
7816.0,0.31128,0.39171,0.39364,0.39132,0.39053,0.39180000000000004
7817.0,0.35564,0.39168,0.39367,0.39137,0.39057,0.39182249999999996
7818.0,0.39826,0.39169,0.39361,0.39132,0.39051,0.39178250000000003
7819.0,0.37521,0.39159,0.39352,0.3912,0.39042,0.3916825
7820.0,0.33365,0.39153,0.39333,0.39102,0.39024,0.39153
7821.0,0.35206,0.39137,0.39313,0.39074,0.39003,0.3913175
7822.0,0.38393,0.39125,0.39288,0.39042,0.38979,0.391085
7823.0,0.3952,0.39105,0.39252,0.39002,0.38944,0.3907575
7824.0,0.38891,0.39087,0.39217,0.38957,0.38909,0.39042499999999997
7825.0,0.37068,0.39065,0.39176,0.38911,0.38867,0.39004750000000005
7826.0,0.36986,0.39042,0.39138,0.3886,0.38828,0.38967
7827.0,0.3937,0.3902,0.391,0.38811,0.38792,0.38930750000000003
7828.0,0.44845,0.38998,0.39059,0.38765,0.38751,0.3889325
7829.0,0.47985,0.38979,0.39024,0.38719,0.38715,0.3885925
7830.0,0.40274,0.38958,0.38987,0.38682,0.38679,0.38826499999999997
7831.0,0.34672,0.38944,0.3896,0.38649,0.38653,0.388015
7832.0,0.40077,0.38928,0.3894,0.38623,0.38633,0.38781000000000004
7833.0,0.40329,0.3892,0.38924,0.38608,0.38617,0.3876725
7834.0,0.31474,0.38909,0.38915,0.38598,0.38608,0.387575
7835.0,0.28134,0.38908,0.38906,0.38598,0.386,0.38753000000000004
7836.0,0.3289,0.38903,0.38912,0.38608,0.38606,0.3875725
7837.0,0.45213,0.38908,0.38921,0.3862,0.38616,0.38766249999999997
7838.0,0.53325,0.38909,0.38937,0.38642,0.38631,0.38779749999999996
7839.0,0.37708,0.38919,0.38957,0.3867,0.3865,0.38799
7840.0,0.21105,0.38927,0.38974,0.38695,0.38667,0.38815750000000004
7841.0,0.2165,0.3894,0.39002,0.38728,0.38695,0.38841250000000005
7842.0,0.30757,0.38954,0.39025,0.38761,0.38719,0.3886475
7843.0,0.43337,0.38967,0.39055,0.38791,0.38747,0.3889
7844.0,0.47378,0.38985,0.39082,0.38823,0.38773,0.38915750000000005
7845.0,0.42466,0.38998,0.39107,0.38853,0.38796,0.38938500000000004
7846.0,0.35927,0.39018,0.39135,0.38877,0.38823,0.38963250000000005
7847.0,0.31354,0.39031,0.39156,0.38904,0.38844,0.38983750000000006
7848.0,0.34157,0.39051,0.39179,0.38925,0.38866,0.39005249999999997
7849.0,0.40841,0.39064,0.39197,0.38943,0.38884,0.39022
7850.0,0.47985,0.39081,0.39216,0.38961,0.389,0.390395
7851.0,0.50893,0.39092,0.39233,0.38976,0.38917,0.39054500000000003
7852.0,0.48165,0.39107,0.39246,0.38988,0.38928,0.39067250000000003
7853.0,0.46254,0.39116,0.39257,0.39,0.38939,0.39078
7854.0,0.46341,0.39127,0.39265,0.39009,0.38947,0.39087
7855.0,0.47106,0.39133,0.39274,0.39014,0.38955,0.39094
7856.0,0.47133,0.39139,0.39279,0.39022,0.3896,0.39099999999999996
7857.0,0.43741,0.39142,0.39282,0.39025,0.38962,0.39102750000000003
7858.0,0.38275,0.39143,0.39282,0.39024,0.38961,0.391025
7859.0,0.32371,0.39143,0.39282,0.39025,0.38961,0.39102750000000003
7860.0,0.31137,0.3914,0.39278,0.3902,0.38957,0.39098750000000004
7861.0,0.36205,0.39137,0.39271,0.39012,0.3895,0.39092499999999997
7862.0,0.36147,0.39131,0.39263,0.39006,0.38942,0.39085499999999995
7863.0,0.30322,0.39125,0.39251,0.38992,0.38929,0.3907425
7864.0,0.3073,0.39116,0.39242,0.38977,0.38919,0.39063499999999995
7865.0,0.35743,0.39107,0.39228,0.38965,0.38905,0.39051250000000004
7866.0,0.37416,0.39096,0.39214,0.38945,0.38889,0.39036
7867.0,0.37281,0.39085,0.39198,0.38926,0.38872,0.39020249999999995
7868.0,0.37782,0.39072,0.39179,0.38909,0.38852,0.39003
7869.0,0.38884,0.3906,0.39164,0.38887,0.38836,0.38986750000000003
7870.0,0.40158,0.39046,0.39145,0.38868,0.38817,0.38969
7871.0,0.35684,0.39032,0.39131,0.38851,0.388,0.38953499999999996
7872.0,0.26039,0.39018,0.39114,0.38831,0.38782,0.3893625
7873.0,0.26479,0.39004,0.39098,0.38815,0.38764,0.3892025
7874.0,0.3496,0.38989,0.39082,0.388,0.38749,0.38905
7875.0,0.37546,0.38975,0.39066,0.38785,0.38733,0.3888975
7876.0,0.36631,0.38959,0.39057,0.38773,0.38722,0.3887775
7877.0,0.37574,0.38945,0.39043,0.38763,0.38707,0.388645
7878.0,0.3931,0.38929,0.39032,0.38752,0.38696,0.3885225
7879.0,0.40887,0.38915,0.3902,0.38743,0.38683,0.3884025
7880.0,0.4117,0.38899,0.39007,0.38734,0.3867,0.388275
7881.0,0.39997,0.38884,0.38997,0.38723,0.38661,0.38816249999999997
7882.0,0.39861,0.38867,0.38982,0.38714,0.38646,0.3880225
7883.0,0.40481,0.3885,0.38972,0.38703,0.38633,0.387895
7884.0,0.38675,0.38833,0.38956,0.38689,0.38618,0.38774
7885.0,0.36523,0.38814,0.38941,0.38674,0.38601,0.38757499999999995
7886.0,0.38938,0.38795,0.38923,0.38657,0.38584,0.3873975
7887.0,0.41229,0.38773,0.38902,0.38636,0.38562,0.38718250000000004
7888.0,0.38457,0.38752,0.38882,0.38616,0.38541,0.38697750000000003
7889.0,0.37928,0.38727,0.38859,0.38591,0.38517,0.386735
7890.0,0.43147,0.38703,0.38836,0.38564,0.38493,0.38649
7891.0,0.49249,0.38675,0.3881,0.38538,0.38466,0.3862225
7892.0,0.51432,0.38649,0.38781,0.38508,0.38436,0.38593500000000003
7893.0,0.32001,0.3862,0.38752,0.38477,0.38406,0.3856375
7894.0,0.04206,0.38591,0.38721,0.38447,0.38375,0.385335
7895.0,0.10849,0.3856,0.3869,0.38414,0.38343,0.38501749999999996
7896.0,0.35182,0.38529,0.38657,0.38382,0.38311,0.3846975
7897.0,0.49491,0.38496,0.38625,0.38348,0.38277,0.384365
7898.0,0.53497,0.38462,0.38589,0.38313,0.3824,0.38401
7899.0,0.47518,0.38427,0.38552,0.38278,0.38205,0.38365499999999997
7900.0,0.3866,0.38391,0.38513,0.38238,0.38166,0.38327
7901.0,0.30257,0.38354,0.38474,0.382,0.38128,0.38289
7902.0,0.26613,0.38316,0.38436,0.38161,0.38089,0.382505
7903.0,0.27814,0.38279,0.38393,0.38117,0.38045,0.382085
7904.0,0.30877,0.38239,0.38352,0.38073,0.38005,0.3816725
7905.0,0.34796,0.38201,0.38306,0.38027,0.3796,0.381235
7906.0,0.38115,0.3816,0.3826,0.37979,0.37915,0.38078500000000004
7907.0,0.40984,0.38123,0.38218,0.37932,0.37872,0.3803625
7908.0,0.43527,0.38083,0.3817,0.37884,0.37823,0.3799
7909.0,0.42163,0.38047,0.38131,0.37836,0.37785,0.3794975
7910.0,0.35355,0.3801,0.38087,0.37789,0.37741,0.3790675
7911.0,0.28123,0.37976,0.38045,0.37746,0.377,0.3786675
7912.0,0.22602,0.37942,0.38007,0.37705,0.37661,0.3782875
7913.0,0.22357,0.37909,0.37966,0.37668,0.3762,0.37790749999999995
7914.0,0.26799,0.37877,0.37941,0.37634,0.37595,0.37761750000000005
7915.0,0.32674,0.37848,0.37908,0.37603,0.37563,0.377305
7916.0,0.37702,0.37818,0.37882,0.3758,0.37537,0.3770425
7917.0,0.38636,0.37794,0.37857,0.37559,0.37513,0.37680749999999996
7918.0,0.3863,0.37768,0.37831,0.37539,0.37487,0.3765625
7919.0,0.40134,0.37745,0.37819,0.37526,0.37477,0.3764175
7920.0,0.4014,0.37723,0.37798,0.37514,0.37457,0.37623
7921.0,0.37731,0.377,0.37787,0.37501,0.37445,0.3760825
7922.0,0.36329,0.37681,0.37772,0.37493,0.3743,0.37594
7923.0,0.36803,0.37659,0.37755,0.37482,0.37413,0.3757725
7924.0,0.39439,0.37641,0.37744,0.3747,0.37405,0.37565
7925.0,0.42265,0.37621,0.37724,0.37459,0.37387,0.37547749999999996
7926.0,0.40569,0.37603,0.37713,0.37446,0.37374,0.37534
7927.0,0.38298,0.37585,0.37696,0.3743,0.37357,0.37517
7928.0,0.40675,0.37567,0.37679,0.37412,0.37338,0.37499000000000005
7929.0,0.41669,0.3755,0.37661,0.37392,0.37323,0.374815
7930.0,0.37666,0.37532,0.37637,0.37369,0.373,0.374595
7931.0,0.35183,0.37517,0.37616,0.37346,0.37278,0.3743925
7932.0,0.36065,0.37501,0.37592,0.37321,0.37254,0.37417
7933.0,0.36657,0.37488,0.37572,0.37294,0.37231,0.3739625
7934.0,0.36098,0.37472,0.37554,0.3727,0.37214,0.37377499999999997
7935.0,0.33839,0.3746,0.37533,0.37244,0.37192,0.37357250000000003
7936.0,0.32415,0.37447,0.37512,0.37219,0.37171,0.3733725
7937.0,0.37045,0.37439,0.37491,0.372,0.37151,0.37320250000000005
7938.0,0.41344,0.37431,0.37475,0.37181,0.37134,0.3730525
7939.0,0.38248,0.37425,0.37468,0.37165,0.37128,0.37296500000000005
7940.0,0.30101,0.37422,0.37461,0.37157,0.3712,0.3729
7941.0,0.19553,0.37419,0.37459,0.37151,0.37117,0.372865
7942.0,0.24522,0.37423,0.37459,0.37152,0.37116,0.372875
7943.0,0.45706,0.37425,0.3746,0.37159,0.37118,0.372905
7944.0,0.52229,0.37436,0.37472,0.3717,0.37131,0.3730225
7945.0,0.39768,0.37445,0.37484,0.37188,0.37144,0.3731525
7946.0,0.11419,0.37461,0.37509,0.37211,0.37167,0.37337
7947.0,-0.08835,0.37476,0.37531,0.37237,0.37189,0.37358250000000004
7948.0,0.22354,0.37496,0.37557,0.37268,0.37213,0.37383500000000003
7949.0,0.57476,0.37515,0.37585,0.37303,0.37241,0.37410999999999994
7950.0,0.50038,0.37538,0.37613,0.37337,0.3727,0.37439500000000003
7951.0,0.36149,0.3756,0.37651,0.37376,0.37307,0.374735
7952.0,0.34147,0.37586,0.37683,0.37414,0.3734,0.3750575
7953.0,0.35455,0.3761,0.37721,0.37451,0.37375,0.37539249999999996
7954.0,0.36778,0.37638,0.37753,0.3749,0.37406,0.37571750000000004
7955.0,0.33834,0.37664,0.37785,0.37524,0.37438,0.37602749999999996
7956.0,0.27477,0.37692,0.37819,0.37557,0.37472,0.37634999999999996
7957.0,0.22428,0.37717,0.37848,0.37591,0.37502,0.376645
7958.0,0.22698,0.37746,0.37883,0.37619,0.37534,0.37695500000000004
7959.0,0.34667,0.37771,0.37911,0.37649,0.3756,0.3772275
7960.0,0.37979,0.37797,0.37941,0.37676,0.37589,0.3775075
7961.0,0.14576,0.37822,0.37965,0.377,0.37614,0.3777525
7962.0,0.04541,0.37844,0.3799,0.37726,0.37638,0.37799499999999997
7963.0,0.25118,0.37869,0.38015,0.37749,0.37663,0.37824
7964.0,0.38129,0.37888,0.38035,0.37771,0.37683,0.3784425
7965.0,0.35132,0.37912,0.3806,0.37794,0.37707,0.3786825
7966.0,0.30618,0.37926,0.38077,0.37813,0.37724,0.37885
7967.0,0.29244,0.37946,0.38097,0.37831,0.37743,0.37904249999999995
7968.0,0.38393,0.37956,0.38113,0.3785,0.3776,0.3791975
7969.0,0.47757,0.37974,0.38126,0.37864,0.37772,0.37934
7970.0,0.38481,0.3798,0.38141,0.37878,0.37788,0.3794675
7971.0,0.34991,0.37995,0.38149,0.37889,0.37796,0.37957250000000003
7972.0,0.59516,0.37998,0.38159,0.37898,0.37807,0.37965499999999996
7973.0,0.63663,0.38007,0.38165,0.37903,0.37812,0.3797175
7974.0,0.2651,0.38009,0.38168,0.37907,0.37814,0.379745
7975.0,0.01212,0.38009,0.38171,0.37908,0.37817,0.3797625
7976.0,0.01666,0.3801,0.38168,0.37905,0.37814,0.3797425
7977.0,0.16629,0.38004,0.38167,0.37901,0.37813,0.3797125
7978.0,0.38278,0.38006,0.38158,0.37894,0.37805,0.3796575
7979.0,0.47347,0.37993,0.38149,0.37884,0.37796,0.37955500000000003
7980.0,0.46078,0.37993,0.3814,0.37873,0.37786,0.37948000000000004
7981.0,0.41284,0.37976,0.38126,0.37858,0.37772,0.37933000000000006
7982.0,0.38633,0.37972,0.38116,0.37842,0.37761,0.3792275
7983.0,0.43558,0.37952,0.38097,0.37826,0.37742,0.37904249999999995
7984.0,0.4652,0.37944,0.38081,0.37805,0.37726,0.37889
7985.0,0.42589,0.37926,0.38058,0.37786,0.37705,0.37868749999999995
7986.0,0.37659,0.37914,0.38037,0.37763,0.37682,0.37849
7987.0,0.33605,0.379,0.38014,0.37738,0.3766,0.37828
7988.0,0.30261,0.37883,0.37993,0.37715,0.37638,0.3780725
7989.0,0.27812,0.37871,0.37972,0.37687,0.37618,0.37787
7990.0,0.27022,0.3785,0.37948,0.3766,0.37594,0.37762999999999997
7991.0,0.29288,0.37843,0.37925,0.37634,0.37571,0.3774325
7992.0,0.37337,0.37823,0.379,0.37608,0.37547,0.377195
7993.0,0.42564,0.37819,0.37882,0.37586,0.37529,0.37704000000000004
7994.0,0.35062,0.37803,0.37864,0.37563,0.37512,0.37685499999999994
7995.0,0.29496,0.37801,0.37852,0.37545,0.37499,0.3767425
7996.0,0.34652,0.3779,0.37841,0.37534,0.37489,0.376635
7997.0,0.40554,0.37789,0.37833,0.37523,0.37481,0.37656500000000004
7998.0,0.43511,0.37788,0.37829,0.3752,0.37478,0.37653749999999997
7999.0,0.43427,0.37791,0.37829,0.37523,0.37479,0.376555
8000.0,0.40925,0.37799,0.37837,0.3753,0.37489,0.37663749999999996
8001.0,0.38669,0.37803,0.37849,0.37545,0.37501,0.376745
8002.0,0.36877,0.37818,0.37866,0.37563,0.37518,0.37691250000000004
8003.0,0.3538,0.37823,0.37884,0.37588,0.37537,0.37708
8004.0,0.35235,0.37843,0.37908,0.37618,0.3756,0.37732249999999995
8005.0,0.37901,0.3785,0.37932,0.37648,0.37587,0.37754249999999995
8006.0,0.38119,0.37872,0.3796,0.37683,0.37615,0.37782499999999997
8007.0,0.32194,0.37883,0.37989,0.3772,0.37646,0.378095
8008.0,0.29225,0.37905,0.38018,0.37753,0.37674,0.378375
8009.0,0.32742,0.37918,0.38048,0.3779,0.37704,0.37865000000000004
8010.0,0.3765,0.37937,0.38074,0.3782,0.3773,0.37890250000000003
8011.0,0.42048,0.37953,0.38099,0.37849,0.37755,0.37914
8012.0,0.42921,0.3797,0.38121,0.37875,0.37778,0.37936
8013.0,0.41831,0.37986,0.3814,0.37893,0.37796,0.3795375
8014.0,0.44688,0.37999,0.38156,0.3791,0.37812,0.3796925
8015.0,0.47057,0.38015,0.38168,0.37921,0.37822,0.379815
8016.0,0.40512,0.38023,0.38177,0.37924,0.3783,0.37988500000000003
8017.0,0.32879,0.38037,0.38181,0.37927,0.37835,0.37994999999999995
8018.0,0.31992,0.38041,0.38182,0.37923,0.37836,0.379955
8019.0,0.34474,0.38053,0.38182,0.37914,0.37835,0.37995999999999996
8020.0,0.38234,0.38054,0.38178,0.37908,0.37831,0.3799275
8021.0,0.4036,0.38065,0.38177,0.37896,0.37827,0.3799125
8022.0,0.40003,0.38064,0.38175,0.37888,0.37825,0.37988
8023.0,0.37985,0.38072,0.38173,0.37882,0.37823,0.379875
8024.0,0.3538,0.38071,0.38171,0.37875,0.37822,0.3798475
8025.0,0.35742,0.3808,0.3817,0.37875,0.37821,0.37986499999999995
8026.0,0.38059,0.38083,0.3817,0.37877,0.37822,0.37988
8027.0,0.39194,0.38091,0.38173,0.3788,0.37827,0.3799275
8028.0,0.38005,0.38096,0.38181,0.37891,0.37836,0.38001
8029.0,0.3314,0.38102,0.38191,0.37902,0.37847,0.380105
8030.0,0.30331,0.38109,0.38201,0.37915,0.37858,0.38020750000000003
8031.0,0.33735,0.38111,0.38211,0.37934,0.37869,0.3803125
8032.0,0.37774,0.38119,0.3822,0.3795,0.37881,0.380425
8033.0,0.39695,0.38121,0.3823,0.37965,0.37893,0.3805225
8034.0,0.36809,0.38131,0.38239,0.37981,0.37904,0.3806375
8035.0,0.2997,0.38131,0.3825,0.37991,0.37915,0.38071750000000004
8036.0,0.27741,0.38141,0.38257,0.37999,0.37923,0.3808
8037.0,0.31679,0.38141,0.38262,0.38005,0.37928,0.38084
8038.0,0.42594,0.3815,0.38263,0.38002,0.3793,0.3808625
8039.0,0.52567,0.38151,0.38261,0.38002,0.37929,0.38085750000000007
8040.0,0.46387,0.3816,0.38262,0.37995,0.3793,0.38086749999999997
8041.0,0.36453,0.3816,0.38259,0.37986,0.37926,0.3808275
8042.0,0.36955,0.38166,0.3826,0.3798,0.37927,0.3808325
8043.0,0.42058,0.38167,0.38257,0.37972,0.37923,0.3807975
8044.0,0.47708,0.38169,0.38256,0.37967,0.37921,0.3807825
8045.0,0.47724,0.38174,0.38257,0.37964,0.37921,0.38079
8046.0,0.40829,0.38176,0.38255,0.37962,0.37919,0.38078
8047.0,0.36439,0.38183,0.38262,0.37969,0.37926,0.38085
8048.0,0.3604,0.38185,0.38267,0.37974,0.37931,0.3808925
8049.0,0.36471,0.38192,0.38279,0.37985,0.37941,0.3809925
8050.0,0.36988,0.38195,0.3829,0.38002,0.37951,0.381095
8051.0,0.36647,0.38199,0.383,0.38019,0.37961,0.3811975
8052.0,0.36063,0.382,0.38315,0.38039,0.37976,0.381325
8053.0,0.36372,0.38203,0.38323,0.38057,0.37985,0.38142000000000004
8054.0,0.36779,0.38201,0.38337,0.38075,0.37998,0.38152749999999996
8055.0,0.36487,0.382,0.38347,0.38092,0.38006,0.3816125
8056.0,0.35771,0.38196,0.38354,0.38101,0.38012,0.38165750000000004
8057.0,0.3494,0.38191,0.3836,0.38109,0.38017,0.3816925
8058.0,0.36403,0.38185,0.38357,0.38111,0.38012,0.3816625
8059.0,0.40227,0.38176,0.38354,0.38106,0.38007,0.3816075
8060.0,0.40308,0.38167,0.38342,0.38095,0.37994,0.38149500000000003
8061.0,0.36191,0.38153,0.38327,0.38076,0.37977,0.38133249999999996
8062.0,0.3156,0.38139,0.3831,0.38054,0.37958,0.3811525
8063.0,0.28191,0.38121,0.38285,0.38024,0.37931,0.3809025
8064.0,0.29639,0.381,0.38262,0.37991,0.37905,0.380645
8065.0,0.33724,0.38077,0.3823,0.37955,0.3787,0.38033
8066.0,0.36588,0.38052,0.38198,0.37915,0.37836,0.38000249999999997
8067.0,0.37256,0.38026,0.38162,0.37876,0.37799,0.3796575
8068.0,0.34943,0.37999,0.38125,0.37834,0.3776,0.379295
8069.0,0.34762,0.37971,0.38092,0.37793,0.37725,0.3789525
8070.0,0.39221,0.37943,0.38056,0.37756,0.37687,0.378605
8071.0,0.42017,0.37915,0.38024,0.37717,0.37653,0.3782725
8072.0,0.40993,0.37886,0.3799,0.37683,0.37618,0.3779425
8073.0,0.36497,0.37859,0.37959,0.37653,0.37584,0.37763749999999996
8074.0,0.30116,0.37831,0.37928,0.37621,0.37553,0.37733249999999996
8075.0,0.28562,0.37805,0.37898,0.37596,0.37523,0.377055
8076.0,0.30966,0.37778,0.37874,0.37571,0.37498,0.37680250000000004
8077.0,0.32818,0.3775,0.37847,0.37546,0.3747,0.3765325
8078.0,0.33267,0.37723,0.37825,0.37528,0.37446,0.376305
8079.0,0.313,0.37699,0.37802,0.37503,0.37421,0.37606249999999997
8080.0,0.31937,0.37674,0.37781,0.37482,0.37398,0.3758375
8081.0,0.40036,0.37654,0.3776,0.37466,0.37376,0.37564
8082.0,0.45061,0.37632,0.37738,0.37443,0.37354,0.3754175
8083.0,0.41273,0.37614,0.37719,0.37423,0.37334,0.37522500000000003
8084.0,0.38386,0.37597,0.37698,0.37402,0.37312,0.37502250000000004
8085.0,0.39164,0.37582,0.3768,0.37379,0.37291,0.37483000000000005
8086.0,0.36508,0.37569,0.37663,0.37364,0.37271,0.37466750000000004
8087.0,0.30254,0.37556,0.3765,0.3734,0.37257,0.3745075
8088.0,0.27414,0.37546,0.37635,0.37322,0.37242,0.37436250000000004
8089.0,0.29235,0.37534,0.37623,0.37313,0.3723,0.37425
8090.0,0.36661,0.37528,0.37612,0.37299,0.37217,0.37414000000000003
8091.0,0.44136,0.3752,0.37602,0.37292,0.37208,0.37405499999999997
8092.0,0.41252,0.37521,0.376,0.37287,0.37205,0.3740325
8093.0,0.35709,0.37519,0.37599,0.37283,0.37203,0.37401
8094.0,0.36443,0.37523,0.37608,0.37293,0.37213,0.3740925
8095.0,0.38239,0.37526,0.37614,0.37299,0.37219,0.374145
8096.0,0.37706,0.3753,0.37624,0.37312,0.37231,0.3742425
8097.0,0.38045,0.37541,0.37634,0.37335,0.37241,0.37437750000000003
8098.0,0.40371,0.37549,0.37646,0.37353,0.37256,0.37451
8099.0,0.42233,0.37563,0.37667,0.37377,0.3728,0.3747175
8100.0,0.42635,0.37572,0.37683,0.37403,0.37299,0.3748925
8101.0,0.39568,0.37585,0.37709,0.37426,0.37326,0.375115
8102.0,0.33569,0.37595,0.37728,0.37456,0.37346,0.37531250000000005
8103.0,0.27615,0.3761,0.37748,0.3748,0.37368,0.375515
8104.0,0.25254,0.37623,0.37765,0.37503,0.37388,0.37569749999999996
8105.0,0.33732,0.37638,0.37779,0.37528,0.37406,0.37587750000000003
8106.0,0.4232,0.37651,0.37799,0.37545,0.3743,0.3760625
8107.0,0.35878,0.37662,0.37811,0.3756,0.37444,0.37619250000000004
8108.0,0.28308,0.37676,0.37828,0.37576,0.37463,0.37635749999999996
8109.0,0.31017,0.37686,0.37837,0.37585,0.37473,0.37645249999999997
8110.0,0.36006,0.37698,0.37845,0.37595,0.37483,0.3765525
8111.0,0.38849,0.37706,0.37851,0.37601,0.37494,0.37663
8112.0,0.35271,0.37713,0.37853,0.37604,0.37498,0.37666999999999995
8113.0,0.2597,0.37718,0.3786,0.37612,0.37507,0.3767425
8114.0,0.26729,0.37722,0.37861,0.37612,0.37511,0.376765
8115.0,0.36824,0.37725,0.37865,0.37614,0.37516,0.37679999999999997
8116.0,0.38614,0.37727,0.37865,0.37618,0.37519,0.37682249999999995
8117.0,0.33904,0.37728,0.37862,0.37618,0.37517,0.3768125
8118.0,0.33672,0.37726,0.37861,0.37622,0.3752,0.3768225
8119.0,0.36753,0.37724,0.37857,0.3762,0.37516,0.37679250000000003
8120.0,0.39878,0.3772,0.37854,0.37619,0.37515,0.37677000000000005
8121.0,0.41716,0.37716,0.3785,0.3762,0.37514,0.37675000000000003
8122.0,0.4086,0.37708,0.37844,0.37614,0.37508,0.376685
8123.0,0.38734,0.37698,0.37836,0.37611,0.37503,0.37661999999999995
8124.0,0.36436,0.37689,0.37823,0.37602,0.3749,0.37651
8125.0,0.37215,0.37674,0.3781,0.37591,0.37479,0.37638499999999997
8126.0,0.41638,0.37663,0.37795,0.37581,0.37465,0.37626
8127.0,0.40072,0.37644,0.37778,0.37561,0.37449,0.37608
8128.0,0.32268,0.37627,0.37763,0.37544,0.37435,0.3759225
8129.0,0.33615,0.37606,0.37741,0.37524,0.37413,0.37571000000000004
8130.0,0.43207,0.37586,0.37719,0.37499,0.37393,0.3754925
8131.0,0.47159,0.37565,0.37691,0.37478,0.37366,0.37525
8132.0,0.45404,0.37541,0.37664,0.3745,0.37339,0.374985
8133.0,0.4121,0.37518,0.37635,0.37421,0.37312,0.374715
8134.0,0.37391,0.3749,0.37605,0.37395,0.37282,0.37443
8135.0,0.3822,0.37466,0.37579,0.3736,0.37256,0.3741525
8136.0,0.4085,0.37432,0.37547,0.37331,0.37227,0.37384249999999997
8137.0,0.42358,0.37407,0.37516,0.37302,0.37196,0.37355250000000007
8138.0,0.41462,0.37369,0.3748,0.37268,0.37163,0.3732000000000001
8139.0,0.37508,0.3734,0.37444,0.37239,0.37127,0.372875
8140.0,0.3363,0.37304,0.37407,0.37205,0.37093,0.3725225
8141.0,0.31012,0.37272,0.37373,0.3717,0.37059,0.372185
8142.0,0.28738,0.37239,0.37339,0.37138,0.37026,0.371855
8143.0,0.27163,0.37203,0.37305,0.37098,0.36996,0.37150500000000003
8144.0,0.29811,0.37173,0.37266,0.37063,0.36958,0.37115
8145.0,0.36719,0.37131,0.37227,0.3703,0.36922,0.37077499999999997
8146.0,0.45866,0.37102,0.37184,0.36991,0.36879,0.37039
8147.0,0.53453,0.37054,0.37142,0.36955,0.36839,0.369975
8148.0,0.50742,0.37026,0.37105,0.36914,0.36803,0.36962
8149.0,0.43617,0.36979,0.37064,0.36872,0.36764,0.3691975
8150.0,0.42009,0.3695,0.37031,0.36834,0.36733,0.36887
8151.0,0.39652,0.36909,0.36985,0.3679,0.3669,0.368435
8152.0,0.30315,0.36877,0.36946,0.36751,0.36653,0.3680675
8153.0,0.26019,0.36846,0.36897,0.36713,0.36605,0.3676525
8154.0,0.33878,0.36809,0.36857,0.36671,0.36566,0.3672575
8155.0,0.43162,0.36786,0.3682,0.36632,0.36529,0.3669175
8156.0,0.48794,0.36743,0.36785,0.3659,0.36498,0.36654
8157.0,0.44014,0.36724,0.3676,0.36553,0.36473,0.36627499999999996
8158.0,0.29472,0.36678,0.36723,0.36524,0.36439,0.36591
8159.0,0.20716,0.3666,0.36699,0.36494,0.36415,0.36567
8160.0,0.21372,0.36622,0.36658,0.36475,0.36379,0.365335
8161.0,0.35129,0.36604,0.36637,0.36453,0.36359,0.3651325
8162.0,0.52885,0.36577,0.36612,0.36437,0.36336,0.36490500000000003
8163.0,0.50084,0.36554,0.36601,0.36425,0.36329,0.36477249999999994
8164.0,0.35159,0.36537,0.36592,0.36409,0.3632,0.364645
8165.0,0.24742,0.36506,0.36578,0.36408,0.3631,0.36450499999999997
8166.0,0.21746,0.36495,0.36569,0.36405,0.36303,0.36443
8167.0,0.29025,0.36458,0.36541,0.364,0.36282,0.3642025
8168.0,0.38787,0.36449,0.3653,0.36404,0.36275,0.36414499999999994
8169.0,0.45232,0.36411,0.36501,0.36389,0.36253,0.363885
8170.0,0.39011,0.36392,0.36493,0.3638,0.36248,0.3637825
8171.0,0.18214,0.36361,0.3647,0.36365,0.36229,0.3635625
8172.0,0.14802,0.36329,0.36449,0.3633,0.36212,0.3633
8173.0,0.33895,0.36304,0.36419,0.36313,0.36185,0.3630525
8174.0,0.40183,0.36263,0.36375,0.36275,0.36147,0.36265
8175.0,0.30792,0.36239,0.36336,0.36231,0.36114,0.3623
8176.0,0.25498,0.36197,0.36275,0.36195,0.36063,0.361825
8177.0,0.26376,0.36171,0.36236,0.36127,0.36029,0.3614075
8178.0,0.32205,0.3613,0.36174,0.36074,0.35975,0.3608825
8179.0,0.397,0.36099,0.36129,0.36018,0.35934,0.36045
8180.0,0.42326,0.36061,0.3607,0.35942,0.35877,0.359875
8181.0,0.40707,0.36015,0.36012,0.35895,0.35825,0.35936749999999995
8182.0,0.35966,0.35987,0.35957,0.35825,0.35776,0.35886250000000003
8183.0,0.35335,0.35935,0.35889,0.35764,0.35717,0.3582625
8184.0,0.44899,0.35917,0.35847,0.35722,0.35681,0.35791750000000006
8185.0,0.53251,0.35871,0.35782,0.35653,0.35625,0.35732749999999996
8186.0,0.53948,0.35858,0.3575,0.35614,0.35597,0.3570475000000001
8187.0,0.48846,0.35836,0.35701,0.35574,0.35553,0.35666
8188.0,0.39241,0.35823,0.35675,0.3553,0.35529,0.3563925
8189.0,0.30975,0.35819,0.35651,0.35517,0.35511,0.356245
8190.0,0.25875,0.35804,0.3563,0.35486,0.35493,0.3560325
8191.0,0.25825,0.3581,0.3563,0.35481,0.35497,0.356045
8192.0,0.29872,0.35792,0.35618,0.35493,0.35489,0.35597999999999996
8193.0,0.32976,0.35812,0.3564,0.35492,0.35512,0.35614
8194.0,0.34882,0.35809,0.35645,0.35527,0.35524,0.3562625
8195.0,0.36291,0.35844,0.35682,0.35558,0.35561,0.3566125
8196.0,0.35009,0.35858,0.35717,0.356,0.35601,0.35694
8197.0,0.26983,0.35896,0.35769,0.35664,0.35652,0.3574525
8198.0,0.19319,0.35934,0.35825,0.3572,0.3571,0.35797249999999997
8199.0,0.20738,0.35968,0.35883,0.358,0.35767,0.35854499999999995
8200.0,0.26668,0.36017,0.35957,0.35886,0.35841,0.3592525
8201.0,0.33406,0.36044,0.36018,0.35963,0.35904,0.3598225
8202.0,0.37152,0.36091,0.36095,0.36056,0.35983,0.3605625
8203.0,0.36337,0.36114,0.36159,0.36139,0.3605,0.361155
8204.0,0.38618,0.36157,0.36231,0.36223,0.36122,0.3618325
8205.0,0.45457,0.36184,0.3629,0.36305,0.36183,0.362405
8206.0,0.44471,0.3622,0.36349,0.36368,0.36239,0.36294
8207.0,0.35659,0.36243,0.36401,0.36429,0.36292,0.3634125
8208.0,0.368,0.36268,0.36438,0.36476,0.36327,0.3637725
8209.0,0.46357,0.36286,0.36471,0.36507,0.36362,0.364065
8210.0,0.47252,0.36294,0.36483,0.36526,0.36374,0.3641925
8211.0,0.40123,0.36301,0.36487,0.36528,0.36379,0.36423750000000005
8212.0,0.31159,0.36295,0.36475,0.36517,0.36366,0.36413249999999997
8213.0,0.24598,0.36288,0.36454,0.36493,0.36342,0.3639425
8214.0,0.27564,0.36271,0.36426,0.36451,0.36313,0.36365249999999993
8215.0,0.35899,0.36251,0.36383,0.36394,0.36267,0.3632375
8216.0,0.44264,0.36225,0.36336,0.36331,0.36221,0.3627825
8217.0,0.46344,0.36197,0.36276,0.36257,0.36157,0.3622175
8218.0,0.37268,0.36165,0.3621,0.36176,0.36089,0.3616
8219.0,0.2922,0.36138,0.3614,0.36095,0.36015,0.36097
8220.0,0.28627,0.36107,0.36067,0.36007,0.35938,0.3602975
8221.0,0.29393,0.36082,0.36004,0.35924,0.35873,0.3597075
8222.0,0.29212,0.36055,0.35942,0.35846,0.35806,0.3591225
8223.0,0.28407,0.36033,0.35892,0.35769,0.35754,0.35862
8224.0,0.27468,0.36011,0.35845,0.35713,0.35703,0.35818
8225.0,0.29003,0.35996,0.35808,0.35669,0.35662,0.3578375
8226.0,0.33297,0.35988,0.35782,0.35637,0.35634,0.35760250000000005
8227.0,0.39602,0.35988,0.35767,0.3563,0.35616,0.3575025
8228.0,0.46342,0.35999,0.35773,0.35633,0.35624,0.35757249999999996
8229.0,0.49123,0.36013,0.35792,0.35659,0.35643,0.3577675
8230.0,0.47079,0.36043,0.35833,0.35708,0.35685,0.3581725
8231.0,0.39023,0.36075,0.35883,0.35764,0.35736,0.358645
8232.0,0.30573,0.36119,0.35947,0.35849,0.35801,0.35929
8233.0,0.29815,0.36166,0.3602,0.35945,0.35877,0.36002
8234.0,0.32248,0.36218,0.36103,0.36046,0.35961,0.36082000000000003
8235.0,0.33462,0.36274,0.36195,0.36168,0.36058,0.36173750000000005
8236.0,0.32139,0.36336,0.36291,0.36282,0.36161,0.36267499999999997
8237.0,0.27818,0.36402,0.36395,0.36403,0.3627,0.363675
8238.0,0.31911,0.36471,0.36497,0.3653,0.36379,0.36469250000000003
8239.0,0.47861,0.36543,0.36599,0.36641,0.36484,0.36566750000000003
8240.0,0.50884,0.36609,0.36696,0.3676,0.36586,0.3666275
8241.0,0.36294,0.36681,0.36788,0.36862,0.36681,0.36753
8242.0,0.31397,0.36746,0.36871,0.36952,0.3677,0.36834750000000005
8243.0,0.38713,0.36812,0.36949,0.37043,0.36853,0.3691425
8244.0,0.38814,0.3687,0.37018,0.37108,0.36926,0.369805
8245.0,0.31525,0.36924,0.3708,0.37171,0.36992,0.3704175
8246.0,0.27069,0.36975,0.3713,0.3722,0.37045,0.37092499999999995
8247.0,0.27801,0.37022,0.37171,0.37254,0.37089,0.37133999999999995
8248.0,0.37364,0.37065,0.37204,0.3729,0.37124,0.3717075
8249.0,0.46004,0.37099,0.37229,0.37304,0.3715,0.371955
8250.0,0.35204,0.37129,0.37249,0.37315,0.37173,0.37216499999999997
8251.0,0.20624,0.37149,0.37261,0.37323,0.37187,0.37229999999999996
8252.0,0.23229,0.3717,0.37268,0.37319,0.37198,0.37238750000000004
8253.0,0.3067,0.3718,0.37269,0.37324,0.37202,0.37243750000000003
8254.0,0.31966,0.37189,0.37267,0.37314,0.37201,0.3724275
8255.0,0.31072,0.37192,0.3726,0.37307,0.37196,0.3723875
8256.0,0.30459,0.37194,0.37252,0.37303,0.3719,0.37234750000000005
8257.0,0.30941,0.37189,0.37241,0.3729,0.37183,0.3722575
8258.0,0.32792,0.37183,0.3723,0.37286,0.37174,0.37218249999999997
8259.0,0.34886,0.37168,0.37215,0.37273,0.37162,0.372045
8260.0,0.368,0.37147,0.37199,0.37258,0.37147,0.37187749999999997
8261.0,0.37948,0.37123,0.37177,0.37247,0.37128,0.3716875
8262.0,0.38162,0.37094,0.37148,0.37223,0.37102,0.37141749999999996
8263.0,0.37222,0.37063,0.37116,0.372,0.37074,0.3711325
8264.0,0.35272,0.37031,0.37079,0.37168,0.37039,0.37079249999999997
8265.0,0.33001,0.36994,0.37038,0.37128,0.37001,0.37040249999999997
8266.0,0.30983,0.36957,0.36995,0.37086,0.36959,0.36999249999999995
8267.0,0.30602,0.36917,0.36945,0.37033,0.3691,0.3695125
8268.0,0.31285,0.36871,0.36893,0.36974,0.3686,0.368995
8269.0,0.31756,0.36823,0.36832,0.3691,0.36799,0.36841
8270.0,0.31436,0.36768,0.36769,0.36839,0.36737,0.3677825
8271.0,0.29562,0.36715,0.36699,0.36764,0.36668,0.36711499999999997
8272.0,0.27367,0.36656,0.36627,0.36689,0.36597,0.3664225
8273.0,0.26067,0.36607,0.36557,0.36611,0.36529,0.36576
8274.0,0.27064,0.36548,0.36484,0.36535,0.36457,0.36506000000000005
8275.0,0.31226,0.365,0.36421,0.36462,0.36395,0.36444499999999996
8276.0,0.3566,0.36445,0.36352,0.36387,0.36327,0.3637775
8277.0,0.38943,0.36393,0.36291,0.36321,0.36268,0.36318249999999996
8278.0,0.40909,0.36342,0.36227,0.36259,0.36205,0.3625825
8279.0,0.41417,0.36289,0.36168,0.36201,0.36146,0.36200999999999994
8280.0,0.39664,0.36241,0.36115,0.36154,0.36094,0.36151
8281.0,0.35845,0.36191,0.36063,0.36105,0.36042,0.3610025
8282.0,0.32584,0.3615,0.36021,0.36064,0.36005,0.3606
8283.0,0.31476,0.36105,0.35978,0.36028,0.35965,0.36019
8284.0,0.37619,0.36069,0.35945,0.35993,0.35935,0.35985500000000004
8285.0,0.4648,0.36032,0.35911,0.35968,0.35902,0.35953250000000003
8286.0,0.41249,0.35998,0.3588,0.35944,0.35872,0.35923499999999997
8287.0,0.27163,0.35969,0.35855,0.35921,0.35848,0.3589825
8288.0,0.19782,0.35941,0.35827,0.35904,0.3582,0.35873
8289.0,0.22002,0.35914,0.35808,0.35884,0.35806,0.35853
8290.0,0.37699,0.3589,0.3579,0.35868,0.35789,0.3583425
8291.0,0.5657,0.35863,0.35773,0.35856,0.35776,0.35817000000000004
8292.0,0.65605,0.35843,0.35758,0.35839,0.35763,0.35800750000000003
8293.0,0.62086,0.35822,0.35738,0.35832,0.35744,0.35784
8294.0,0.43908,0.35807,0.35727,0.35821,0.35734,0.3577225
8295.0,0.31727,0.35787,0.35709,0.35806,0.35715,0.35754250000000004
8296.0,0.37963,0.35775,0.35701,0.35799,0.3571,0.3574625
8297.0,0.42624,0.35764,0.35685,0.35784,0.35699,0.35733
8298.0,0.3724,0.35747,0.35676,0.35779,0.35691,0.3572325
8299.0,0.34513,0.35739,0.35669,0.35772,0.35684,0.35716000000000003
8300.0,0.3807,0.35718,0.35654,0.35755,0.3567,0.3569925
8301.0,0.40939,0.35712,0.35648,0.35751,0.35666,0.3569425
8302.0,0.41268,0.35694,0.35628,0.35739,0.35649,0.35677499999999995
8303.0,0.38396,0.35688,0.35623,0.35734,0.35647,0.35673
8304.0,0.33024,0.35673,0.35609,0.35728,0.35635,0.3566125
8305.0,0.28936,0.35665,0.35603,0.35714,0.3563,0.35653
8306.0,0.27554,0.35657,0.35593,0.35712,0.35624,0.35646500000000003
8307.0,0.32081,0.35641,0.35583,0.35703,0.35616,0.3563575
8308.0,0.40011,0.35635,0.35577,0.35699,0.35614,0.35631250000000003
8309.0,0.44424,0.35613,0.3556,0.35692,0.35599,0.35616
8310.0,0.45151,0.35607,0.35552,0.35681,0.35593,0.3560825
8311.0,0.4249,0.35589,0.35534,0.35678,0.35578,0.35594750000000003
8312.0,0.38816,0.35581,0.35524,0.35664,0.35571,0.35585
8313.0,0.37372,0.35565,0.35508,0.35655,0.35559,0.3557175
8314.0,0.35488,0.35552,0.35495,0.3564,0.35548,0.3555875
8315.0,0.30517,0.35539,0.35477,0.35623,0.35535,0.355435
8316.0,0.2364,0.35518,0.35456,0.35611,0.35517,0.355255
8317.0,0.15941,0.35506,0.35437,0.35583,0.35499,0.35506249999999995
8318.0,0.17549,0.35484,0.35409,0.35564,0.35474,0.3548275
8319.0,0.32953,0.35472,0.35387,0.35539,0.35456,0.354635
8320.0,0.43829,0.35454,0.3536,0.35512,0.35432,0.354395
8321.0,0.43433,0.35441,0.35338,0.35492,0.35413,0.35421
8322.0,0.38344,0.3543,0.35315,0.35457,0.35391,0.3539825
8323.0,0.31224,0.35413,0.35291,0.35435,0.35371,0.353775
8324.0,0.27834,0.35404,0.35272,0.3541,0.35353,0.3535975
8325.0,0.28877,0.35383,0.35246,0.35383,0.35329,0.35335249999999996
8326.0,0.31096,0.35379,0.35231,0.35372,0.35316,0.353245
8327.0,0.33248,0.35365,0.35208,0.35349,0.35295,0.35304250000000004
8328.0,0.32286,0.3536,0.35199,0.35338,0.3529,0.3529675
8329.0,0.29025,0.35358,0.35189,0.35329,0.35281,0.3528925
8330.0,0.27101,0.35355,0.35183,0.3532,0.35279,0.35284249999999995
8331.0,0.27261,0.35364,0.35186,0.35328,0.35282,0.3529
8332.0,0.30648,0.3536,0.35185,0.35332,0.35283,0.3529
8333.0,0.33578,0.35375,0.35199,0.35343,0.35298,0.3530375
8334.0,0.29321,0.35373,0.35204,0.35358,0.35303,0.353095
8335.0,0.231,0.35389,0.35224,0.35375,0.35328,0.35329
8336.0,0.22158,0.35397,0.35237,0.35402,0.35344,0.35345
8337.0,0.24857,0.35411,0.35261,0.35431,0.35368,0.35367750000000003
8338.0,0.29511,0.35433,0.35286,0.35461,0.35395,0.35393749999999996
8339.0,0.33228,0.35447,0.3531,0.35494,0.3542,0.35417750000000003
8340.0,0.33951,0.35477,0.35345,0.35531,0.35458,0.3545275
8341.0,0.347,0.3549,0.35371,0.35565,0.35485,0.35477749999999997
8342.0,0.37087,0.3552,0.35409,0.35604,0.35526,0.35514749999999995
8343.0,0.39793,0.35534,0.35435,0.35641,0.35553,0.3554075
8344.0,0.41711,0.35557,0.35469,0.35677,0.35588,0.3557275
8345.0,0.35085,0.35576,0.35496,0.35715,0.35618,0.3560125
8346.0,0.20169,0.35593,0.35523,0.35743,0.35645,0.35625999999999997
8347.0,0.22541,0.35619,0.35551,0.35776,0.35677,0.3565575
8348.0,0.43924,0.35634,0.35572,0.35805,0.357,0.35677749999999997
8349.0,0.54481,0.3566,0.35599,0.3583,0.35729,0.35704499999999995
8350.0,0.4787,0.35669,0.35617,0.35855,0.35749,0.357225
8351.0,0.19733,0.35686,0.35637,0.35868,0.3577,0.35740249999999996
8352.0,-0.14516,0.3569,0.35646,0.35887,0.35783,0.357515
8353.0,0.03826,0.35696,0.35656,0.35896,0.35793,0.3576025
8354.0,0.51661,0.35702,0.35659,0.35903,0.35798,0.357655
8355.0,0.48732,0.357,0.35659,0.35909,0.358,0.35767000000000004
8356.0,0.17981,0.35705,0.35659,0.35902,0.35803,0.3576725
8357.0,0.19678,0.357,0.35652,0.35902,0.35799,0.3576325
8358.0,0.38729,0.35699,0.35647,0.35891,0.35797,0.35758500000000004
8359.0,0.46409,0.35686,0.35634,0.35881,0.35785,0.35746500000000003
8360.0,0.43531,0.35675,0.35621,0.3587,0.35773,0.35734750000000004
8361.0,0.31704,0.35655,0.35599,0.35843,0.35754,0.3571275
8362.0,0.20454,0.35632,0.35577,0.35827,0.35733,0.3569225
8363.0,0.1886,0.35614,0.35549,0.35798,0.35709,0.35667499999999996
8364.0,0.2419,0.35584,0.35518,0.35772,0.35679,0.3563825
8365.0,0.3426,0.35565,0.35489,0.35748,0.35654,0.35614
8366.0,0.38514,0.35532,0.35453,0.35705,0.35619,0.3557725
8367.0,0.31618,0.35504,0.35419,0.35673,0.35589,0.3554625
8368.0,0.26826,0.35468,0.35379,0.3563,0.35547,0.35506
8369.0,0.29476,0.35431,0.35335,0.35588,0.35506,0.35464999999999997
8370.0,0.33694,0.35394,0.35291,0.35548,0.35462,0.3542375
8371.0,0.37387,0.35347,0.35239,0.35491,0.35412,0.3537225
8372.0,0.39419,0.35316,0.35192,0.35442,0.35368,0.35329499999999997
8373.0,0.39612,0.35269,0.35134,0.35386,0.35309,0.352745
8374.0,0.3886,0.35237,0.35086,0.35331,0.35265,0.35229750000000004
8375.0,0.37219,0.35194,0.35029,0.35275,0.3521,0.35177
8376.0,0.34026,0.35154,0.34977,0.35211,0.3516,0.351255
8377.0,0.29552,0.35119,0.34924,0.35156,0.35108,0.3507675
8378.0,0.25348,0.35077,0.3487,0.351,0.35053,0.35025
8379.0,0.23838,0.35051,0.34828,0.35047,0.35011,0.3498425
8380.0,0.32348,0.35008,0.34778,0.34995,0.34961,0.34935499999999997
8381.0,0.4462,0.34992,0.34745,0.34946,0.34931,0.349035
8382.0,0.4324,0.34964,0.34701,0.34912,0.3489,0.3486675
8383.0,0.33202,0.34949,0.34678,0.34884,0.34869,0.34845
8384.0,0.26296,0.34931,0.34654,0.3486,0.34848,0.34823250000000006
8385.0,0.26264,0.34912,0.34639,0.34842,0.34833,0.348065
8386.0,0.38493,0.34909,0.3463,0.34833,0.34829,0.3480025
8387.0,0.48256,0.34899,0.34624,0.34843,0.34824,0.34797500000000003
8388.0,0.3737,0.34909,0.34635,0.34862,0.34838,0.34811000000000003
8389.0,0.2136,0.34905,0.34647,0.34879,0.3485,0.3482025
8390.0,0.14904,0.34923,0.34673,0.34907,0.3488,0.3484575
8391.0,0.19229,0.34936,0.34694,0.3494,0.34906,0.34869
8392.0,0.34939,0.34951,0.34729,0.34986,0.34941,0.3490175
8393.0,0.46221,0.34969,0.34764,0.35038,0.34979,0.349375
8394.0,0.44308,0.34979,0.348,0.35079,0.35014,0.34968
8395.0,0.3725,0.35005,0.34839,0.3513,0.35057,0.3500775
8396.0,0.29191,0.35026,0.34873,0.35177,0.35094,0.350425
8397.0,0.28483,0.35057,0.34913,0.35228,0.35137,0.35083749999999997
8398.0,0.3707,0.35078,0.34952,0.3528,0.35177,0.35121749999999996
8399.0,0.42289,0.35103,0.3499,0.35315,0.35217,0.3515625
8400.0,0.40848,0.35128,0.35023,0.35355,0.35253,0.3518975
8401.0,0.35736,0.35144,0.35052,0.35388,0.35281,0.3521625
8402.0,0.30105,0.35164,0.35079,0.35417,0.35309,0.35242249999999997
8403.0,0.39756,0.35174,0.35099,0.35445,0.35328,0.352615
8404.0,0.6148,0.35189,0.35117,0.35456,0.35347,0.3527725
8405.0,0.65544,0.35204,0.35128,0.35469,0.3536,0.3529025
8406.0,0.51992,0.35215,0.35136,0.35479,0.35369,0.3529975
8407.0,0.36752,0.35221,0.35141,0.35481,0.35375,0.353045
8408.0,0.25574,0.3522,0.3514,0.35483,0.35375,0.353045
8409.0,0.31367,0.3522,0.35137,0.35473,0.35373,0.35300750000000003
8410.0,0.45532,0.35212,0.35128,0.35462,0.35364,0.352915
8411.0,0.44196,0.35206,0.35117,0.35453,0.35353,0.35282250000000004
8412.0,0.34919,0.35196,0.35101,0.35438,0.35339,0.352685
8413.0,0.35278,0.35183,0.35084,0.35421,0.35323,0.3525275
8414.0,0.39929,0.3517,0.35064,0.35399,0.35306,0.3523475
8415.0,0.39375,0.35147,0.35041,0.35373,0.35283,0.35211000000000003
8416.0,0.34255,0.35125,0.35016,0.35352,0.35259,0.35188
8417.0,0.25567,0.35095,0.34987,0.35326,0.3523,0.351595
8418.0,0.2001,0.35067,0.34958,0.35295,0.35201,0.35130249999999996
8419.0,0.24433,0.35036,0.34925,0.35263,0.35169,0.35098250000000003
8420.0,0.35875,0.35005,0.34889,0.35225,0.35134,0.35063249999999996
8421.0,0.51727,0.34977,0.34851,0.35189,0.35099,0.35029
8422.0,0.52402,0.34938,0.34808,0.35151,0.35058,0.3498875
8423.0,0.26159,0.34902,0.34763,0.35101,0.35017,0.3494575
8424.0,0.10857,0.34855,0.34715,0.35057,0.34968,0.3489875
8425.0,0.25023,0.34813,0.34664,0.35005,0.34918,0.34850000000000003
8426.0,0.37654,0.3477,0.34614,0.34952,0.34867,0.3480075
8427.0,0.36281,0.34727,0.34561,0.34901,0.34816,0.3475125
8428.0,0.32767,0.34691,0.34512,0.34834,0.34768,0.34701249999999995
8429.0,0.31167,0.34647,0.34458,0.34781,0.34714,0.3465
8430.0,0.30662,0.34616,0.34409,0.34723,0.34667,0.3460375
8431.0,0.3079,0.34568,0.34355,0.34662,0.34613,0.345495
8432.0,0.29547,0.34527,0.34306,0.34613,0.34565,0.3450275
8433.0,0.27602,0.34483,0.34254,0.34548,0.34513,0.344495
8434.0,0.32462,0.34446,0.34204,0.34506,0.34464,0.34405
8435.0,0.43741,0.34417,0.34161,0.34464,0.34424,0.343665
8436.0,0.5212,0.34383,0.34123,0.3442,0.34386,0.34328000000000003
8437.0,0.54146,0.34365,0.34097,0.34397,0.34363,0.343055
8438.0,0.4088,0.34334,0.34068,0.34358,0.34334,0.342735
8439.0,0.18997,0.34321,0.34055,0.34348,0.34322,0.342615
8440.0,0.15166,0.34294,0.34036,0.34339,0.34304,0.3424325
8441.0,0.26717,0.34273,0.34031,0.34328,0.34299,0.3423275
8442.0,0.3956,0.34257,0.34022,0.34338,0.34291,0.34227
8443.0,0.48135,0.34242,0.34019,0.34331,0.34288,0.3422
8444.0,0.41392,0.34239,0.34019,0.34348,0.34292,0.342245
8445.0,0.30018,0.34227,0.3402,0.34363,0.34295,0.3422625
8446.0,0.35717,0.34229,0.34028,0.34374,0.34308,0.3423475
8447.0,0.47337,0.34221,0.34036,0.34398,0.34316,0.3424275
8448.0,0.46048,0.3422,0.34048,0.34405,0.34331,0.34251
8449.0,0.38442,0.34216,0.34056,0.34424,0.3434,0.34258999999999995
8450.0,0.33556,0.34209,0.34066,0.34438,0.3435,0.34265750000000006
8451.0,0.32676,0.34209,0.34071,0.34445,0.34357,0.342705
8452.0,0.37129,0.34202,0.34075,0.34457,0.3436,0.342735
8453.0,0.42163,0.34202,0.34074,0.34454,0.34362,0.34273000000000003
8454.0,0.43645,0.34198,0.3407,0.34455,0.34359,0.342705
8455.0,0.41693,0.34196,0.34063,0.34451,0.34355,0.3426625
8456.0,0.36569,0.34191,0.34055,0.3444,0.34348,0.34258500000000003
8457.0,0.39283,0.34184,0.34042,0.34429,0.34338,0.34248249999999997
8458.0,0.55751,0.34179,0.34033,0.3441,0.34328,0.34237500000000004
8459.0,0.65773,0.3417,0.34017,0.34393,0.34313,0.3422325
8460.0,0.59978,0.34166,0.34004,0.34373,0.34301,0.34211
8461.0,0.51312,0.34159,0.33988,0.34351,0.34285,0.3419575
8462.0,0.45134,0.34152,0.33972,0.34332,0.3427,0.34181500000000004
8463.0,0.4171,0.34145,0.33957,0.34311,0.34255,0.34167000000000003
8464.0,0.40962,0.34139,0.33942,0.34295,0.34243,0.3415475
8465.0,0.40851,0.34133,0.33928,0.3428,0.34231,0.34143
8466.0,0.40586,0.34124,0.33918,0.34269,0.34223,0.341335
8467.0,0.38325,0.34122,0.33912,0.34266,0.34218,0.34129499999999996
8468.0,0.33688,0.34116,0.33906,0.34264,0.34216,0.34125500000000003
8469.0,0.27137,0.34112,0.33909,0.34269,0.3422,0.341275
8470.0,0.21049,0.34108,0.33912,0.34277,0.34226,0.3413075
8471.0,0.28997,0.34101,0.33919,0.34289,0.34234,0.3413575
8472.0,0.45538,0.34094,0.33927,0.34307,0.34244,0.34143
8473.0,0.32987,0.34086,0.33935,0.34325,0.34256,0.341505
8474.0,-0.01754,0.34077,0.33943,0.34344,0.34266,0.341575
8475.0,-0.09706,0.34065,0.33949,0.34362,0.34275,0.3416275
8476.0,0.08382,0.34055,0.33952,0.34379,0.3428,0.341665
8477.0,0.31781,0.34038,0.33952,0.34394,0.34282,0.341665
8478.0,0.51075,0.34015,0.33949,0.34401,0.34281,0.341615
8479.0,0.43897,0.3399,0.33937,0.34398,0.34272,0.3414925
8480.0,0.21753,0.33958,0.33921,0.34388,0.34256,0.3413075
8481.0,0.16728,0.33926,0.33893,0.34367,0.34231,0.3410425
8482.0,0.23296,0.33886,0.3386,0.34338,0.34198,0.340705
8483.0,0.26628,0.33849,0.33812,0.34295,0.34152,0.34026999999999996
8484.0,0.27504,0.33802,0.33758,0.34233,0.34098,0.3397275
8485.0,0.2819,0.33752,0.33686,0.3416,0.34025,0.33905749999999996
8486.0,0.28827,0.33698,0.33611,0.34074,0.33948,0.3383275
8487.0,0.29555,0.33628,0.33524,0.33983,0.33857,0.33748
8488.0,0.29801,0.33567,0.33438,0.33878,0.33769,0.33663000000000004
8489.0,0.28813,0.33497,0.33342,0.33761,0.33668,0.33567
8490.0,0.2737,0.33447,0.33245,0.33638,0.33572,0.33475499999999997
8491.0,0.26321,0.33387,0.33148,0.33512,0.33472,0.33379749999999997
8492.0,0.28504,0.33333,0.33048,0.33401,0.33372,0.332885
8493.0,0.36458,0.33279,0.32959,0.33287,0.33281,0.332015
8494.0,0.38191,0.3321,0.32864,0.33181,0.33183,0.33109500000000003
8495.0,0.24655,0.33161,0.32789,0.33084,0.33107,0.3303525
8496.0,0.1524,0.33102,0.32708,0.32998,0.33024,0.32958
8497.0,0.22477,0.33074,0.32655,0.32947,0.32975,0.32912749999999996
8498.0,0.34813,0.3304,0.32605,0.32903,0.32926,0.328685
8499.0,0.45602,0.33025,0.32589,0.32885,0.32914,0.3285325
8500.0,0.50579,0.33012,0.32576,0.32879,0.32904,0.3284275
