Lambda,OBS,CAL,GD1,GD2,GD3,Syn_mean
3400.0,0.0,1.60454,1.42206,1.43469,1.56792,1.5073025
3401.0,0.0,1.59467,1.40877,1.42527,1.55555,1.4960650000000002
3402.0,0.0,1.58572,1.40241,1.4213,1.54698,1.4891025
3403.0,0.0,1.57862,1.4008,1.42035,1.54117,1.485235
3404.0,0.0,1.57296,1.40121,1.42035,1.53692,1.48286
3405.0,0.0,1.56908,1.40168,1.42024,1.53345,1.4811125
3406.0,0.0,1.56654,1.40173,1.42026,1.53105,1.479895
3407.0,0.0,1.56512,1.40223,1.42135,1.53067,1.4798425
3408.0,0.0,1.56484,1.40424,1.42386,1.53249,1.4813574999999999
3409.0,0.0,1.56488,1.40769,1.42697,1.53505,1.4836475
3410.0,0.0,1.56574,1.41138,1.42953,1.53636,1.4857525
3411.0,0.0,1.56701,1.41429,1.43137,1.53581,1.48712
3412.0,0.0,1.56878,1.41654,1.43336,1.53471,1.4883475000000002
3413.0,0.0,1.57134,1.41884,1.43619,1.53498,1.4903375
3414.0,0.0,1.57433,1.42142,1.4395,1.53769,1.4932349999999999
3415.0,0.0,1.5782,1.42379,1.44242,1.54273,1.496785
3416.0,0.0,1.58252,1.42552,1.44454,1.54945,1.5005074999999999
3417.0,0.0,1.58717,1.42685,1.44622,1.55711,1.5043374999999999
3418.0,0.0,1.59189,1.42849,1.4481,1.56489,1.5083425000000001
3419.0,0.0,1.59618,1.43103,1.45066,1.57175,1.512405
3420.0,0.0,1.59998,1.43463,1.45392,1.57663,1.51629
3421.0,0.0,1.60307,1.4389,1.45742,1.57893,1.51958
3422.0,0.0,1.60544,1.44301,1.46037,1.57877,1.5218975000000001
3423.0,0.0,1.60724,1.44599,1.46199,1.57707,1.5230725
3424.0,0.0,1.60863,1.44724,1.46218,1.57537,1.523355
3425.0,0.0,1.60967,1.44707,1.46165,1.57536,1.5234375
3426.0,0.0,1.61057,1.44658,1.46146,1.5781,1.5241775
3427.0,0.0,1.61112,1.44672,1.46199,1.58292,1.5256875
3428.0,0.0,1.61115,1.44745,1.46259,1.5873,1.5271225000000002
3429.0,0.0,1.61063,1.44783,1.46229,1.5884,1.5272875000000001
3430.0,0.0,1.60928,1.44719,1.461,1.58524,1.5256775
3431.0,0.0,1.60701,1.44593,1.45967,1.57958,1.5230475
3432.0,0.0,1.60376,1.44537,1.45959,1.57457,1.5208225
3433.0,0.0,1.59933,1.44658,1.46122,1.57228,1.5198525
3434.0,0.0,1.59347,1.44925,1.46349,1.57191,1.51953
3435.0,0.0,1.58629,1.45125,1.46402,1.56996,1.51788
3436.0,0.0,1.57753,1.44973,1.46047,1.56252,1.5125625
3437.0,0.0,1.56793,1.4431,1.45224,1.5479,1.5027925
3438.0,0.0,1.55767,1.43243,1.44105,1.52792,1.4897675
3439.0,0.0,1.54786,1.42096,1.43013,1.50713,1.47652
3440.0,0.0,1.53938,1.41217,1.4225,1.49071,1.46619
3441.0,0.0,1.53268,1.40791,1.41935,1.48186,1.46045
3442.0,0.0,1.52857,1.40747,1.41942,1.48034,1.45895
3443.0,0.0,1.52637,1.40834,1.42011,1.48342,1.45956
3444.0,0.0,1.52645,1.40817,1.41959,1.48874,1.4607375
3445.0,0.0,1.52757,1.40666,1.41831,1.49598,1.4621300000000002
3446.0,0.0,1.52906,1.40541,1.41798,1.50551,1.46449
3447.0,0.0,1.53029,1.40561,1.41883,1.51549,1.467555
3448.0,0.0,1.52974,1.40589,1.41833,1.52143,1.4688475000000003
3449.0,0.0,1.52823,1.40298,1.41334,1.51932,1.4659675
3450.0,0.0,1.52498,1.39504,1.40342,1.50933,1.4581925
3451.0,0.0,1.52053,1.38377,1.39155,1.49589,1.447935
3452.0,0.0,1.51578,1.37293,1.3816,1.48453,1.43871
3453.0,0.0,1.51047,1.36548,1.37566,1.47832,1.4324825
3454.0,0.0,1.50585,1.36201,1.37355,1.47664,1.4295125
3455.0,0.0,1.50168,1.3614,1.3737,1.47635,1.4282825
3456.0,0.0,1.49821,1.36191,1.37421,1.4742,1.4271325
3457.0,0.0,1.49583,1.36208,1.37387,1.46898,1.42519
3458.0,0.0,1.49447,1.3615,1.37275,1.46227,1.4227475
3459.0,0.0,1.49422,1.36099,1.37214,1.45746,1.4212025
3460.0,0.0,1.49529,1.36207,1.37371,1.45777,1.42221
3461.0,0.0,1.49774,1.36584,1.37827,1.46409,1.4264849999999998
3462.0,0.0,1.50041,1.37197,1.38476,1.47404,1.432795
3463.0,0.0,1.50389,1.37865,1.39107,1.48349,1.4392749999999999
3464.0,0.0,1.50711,1.38389,1.39547,1.48964,1.4440274999999998
3465.0,0.0,1.50958,1.38684,1.39755,1.49247,1.44661
3466.0,0.0,1.51131,1.38776,1.3977,1.49362,1.4475975
3467.0,0.0,1.51151,1.38719,1.39651,1.49437,1.447395
3468.0,0.0,1.51066,1.38563,1.39455,1.49473,1.4463924999999997
3469.0,0.0,1.50812,1.38348,1.39218,1.49358,1.44434
3470.0,0.0,1.50431,1.38105,1.38965,1.48966,1.4411675
3471.0,0.0,1.49968,1.37867,1.38729,1.48266,1.437075
3472.0,0.0,1.49393,1.3767,1.38526,1.47321,1.432275
3473.0,0.0,1.48808,1.37508,1.3832,1.46245,1.4272025
3474.0,0.0,1.48249,1.37307,1.38018,1.45182,1.4218899999999999
3475.0,0.0,1.47744,1.36977,1.37544,1.44304,1.4164225
3476.0,0.0,1.47356,1.36491,1.36903,1.43752,1.411255
3477.0,0.0,1.47096,1.35913,1.36214,1.43585,1.4070200000000002
3478.0,0.0,1.46973,1.35383,1.35658,1.43755,1.4044225
3479.0,0.0,1.46999,1.3504,1.35367,1.44106,1.40378
3480.0,0.0,1.47141,1.3494,1.35333,1.44429,1.4046075
3481.0,0.0,1.47386,1.35037,1.3546,1.44611,1.406235
3482.0,0.0,1.47735,1.35281,1.35714,1.4476,1.408725
3483.0,0.0,1.48146,1.3569,1.36165,1.45136,1.4128425
3484.0,0.0,1.48577,1.36308,1.36868,1.45904,1.4191425
3485.0,0.0,1.48995,1.37102,1.37758,1.46935,1.426975
3486.0,0.0,1.49363,1.37947,1.38664,1.4786,1.434585
3487.0,0.0,1.49641,1.38681,1.39395,1.48314,1.4400775
3488.0,0.0,1.49804,1.39176,1.39823,1.48186,1.4424725
3489.0,0.0,1.49863,1.39394,1.39966,1.47699,1.442305
3490.0,0.0,1.49847,1.39438,1.39997,1.47251,1.4413325
3491.0,0.0,1.49729,1.39493,1.40093,1.47089,1.44101
3492.0,0.0,1.49556,1.39643,1.40249,1.4712,1.44142
3493.0,0.0,1.49351,1.39767,1.40285,1.47055,1.441145
3494.0,0.0,1.49074,1.39667,1.40047,1.46729,1.4387925000000001
3495.0,0.0,1.48794,1.39271,1.3956,1.46263,1.43472
3496.0,0.0,1.48496,1.38675,1.38961,1.45902,1.430085
3497.0,0.0,1.48156,1.37997,1.38311,1.45736,1.4255
3498.0,0.0,1.47819,1.3724,1.3755,1.45625,1.420585
3499.0,0.0,1.47464,1.36361,1.36656,1.45405,1.4147150000000002
3500.0,0.0,1.47097,1.35432,1.35768,1.45091,1.4084699999999999
3501.0,0.0,1.46732,1.34639,1.35077,1.44792,1.4031
3502.0,0.0,1.46329,1.341,1.34619,1.44515,1.3989075
3503.0,0.0,1.4591,1.33744,1.34259,1.44139,1.39513
3504.0,0.0,1.45488,1.33419,1.33876,1.43603,1.3909649999999998
3505.0,0.0,1.45041,1.3307,1.33494,1.43012,1.3865425
3506.0,0.0,1.44592,1.32758,1.33213,1.42517,1.3827000000000003
3507.0,0.0,1.44161,1.3254,1.33062,1.42138,1.3797525
3508.0,0.0,1.4374,1.32378,1.32957,1.41758,1.3770825
3509.0,0.0,1.43384,1.32182,1.32791,1.4126,1.3740425
3510.0,0.0,1.43113,1.31911,1.32539,1.40646,1.3705225
3511.0,0.0,1.42921,1.31632,1.32289,1.40062,1.36726
3512.0,0.0,1.42868,1.31488,1.32192,1.39726,1.365685
3513.0,0.0,1.42924,1.31601,1.32352,1.39831,1.3667699999999998
3514.0,0.0,1.43055,1.31975,1.32736,1.40427,1.3704825
3515.0,0.0,1.43233,1.32489,1.33203,1.41352,1.3756925
3516.0,0.0,1.43382,1.32976,1.33609,1.42279,1.380615
3517.0,0.0,1.43453,1.33334,1.33882,1.42858,1.3838175000000001
3518.0,0.0,1.43396,1.33537,1.34007,1.42871,1.3845275
3519.0,0.0,1.43219,1.33605,1.33998,1.42317,1.3828475
3520.0,0.0,1.42933,1.33565,1.33888,1.41375,1.3794025
3521.0,0.0,1.42582,1.33464,1.33736,1.403,1.3752050000000002
3522.0,0.0,1.42266,1.33351,1.336,1.39305,1.371305
3523.0,0.0,1.42005,1.3325,1.33501,1.38546,1.368255
3524.0,0.0,1.41885,1.33158,1.33415,1.38152,1.366525
3525.0,0.0,1.41939,1.33065,1.3334,1.3823,1.366435
3526.0,0.0,1.42135,1.32996,1.33308,1.38807,1.368115
3527.0,0.0,1.42482,1.33005,1.33378,1.39756,1.3715525
3528.0,0.0,1.42918,1.33139,1.33588,1.40833,1.376195
3529.0,0.0,1.43387,1.33409,1.33923,1.41791,1.381275
3530.0,0.0,1.43864,1.33767,1.34305,1.4248,1.38604
3531.0,0.0,1.44287,1.34112,1.34614,1.42881,1.389735
3532.0,0.0,1.44644,1.34344,1.3476,1.43072,1.39205
3533.0,0.0,1.44949,1.34429,1.34753,1.43164,1.3932375
3534.0,0.0,1.45183,1.34419,1.3467,1.43238,1.393775
3535.0,0.0,1.45364,1.34387,1.34573,1.43324,1.39412
3536.0,0.0,1.45527,1.34364,1.34481,1.43429,1.3945025
3537.0,0.0,1.45666,1.3435,1.34408,1.43557,1.3949525
3538.0,0.0,1.45791,1.34351,1.3438,1.43695,1.3955425
3539.0,0.0,1.45925,1.34391,1.34425,1.43818,1.3963975
3540.0,0.0,1.46047,1.34489,1.3455,1.43926,1.39753
3541.0,0.0,1.46159,1.34661,1.34749,1.44072,1.3991025
3542.0,0.0,1.46271,1.34908,1.35006,1.44287,1.40118
3543.0,0.0,1.46342,1.35193,1.35267,1.44513,1.4032875
3544.0,0.0,1.46373,1.35444,1.35458,1.44648,1.4048075000000002
3545.0,0.0,1.46365,1.35601,1.35559,1.44645,1.4054250000000001
3546.0,0.0,1.46288,1.35671,1.35606,1.4455,1.4052875
3547.0,0.0,1.46152,1.35692,1.35623,1.4442,1.4047174999999998
3548.0,0.0,1.45956,1.35663,1.35577,1.44256,1.40363
3549.0,0.0,1.45703,1.35546,1.35429,1.44017,1.4017375
3550.0,0.0,1.45412,1.35331,1.35201,1.43675,1.3990475
3551.0,0.0,1.45094,1.35055,1.34941,1.43235,1.3958125
3552.0,0.0,1.44772,1.34755,1.34661,1.42727,1.3922875000000001
3553.0,0.0,1.44473,1.34435,1.34349,1.42212,1.3886725000000002
3554.0,0.0,1.44208,1.34116,1.34046,1.41787,1.3853925
3555.0,0.0,1.43991,1.33883,1.33857,1.41533,1.38316
3556.0,0.0,1.43821,1.33837,1.33863,1.41459,1.38245
3557.0,0.0,1.43684,1.33992,1.34027,1.41511,1.383035
3558.0,0.0,1.4355,1.34245,1.3423,1.41638,1.3841575
3559.0,0.0,1.43377,1.34465,1.34372,1.41826,1.3851
3560.0,0.0,1.4314,1.34591,1.3444,1.42011,1.385455
3561.0,0.0,1.42798,1.34634,1.34447,1.42006,1.3847125000000002
3562.0,0.0,1.42311,1.34622,1.34384,1.41577,1.382235
3563.0,0.0,1.41707,1.34564,1.34247,1.4066,1.3779450000000002
3564.0,0.0,1.40982,1.34466,1.34059,1.39459,1.372415
3565.0,0.0,1.40129,1.34335,1.33847,1.38282,1.3664824999999998
3566.0,0.0,1.39228,1.34161,1.33592,1.3728,1.3606524999999998
3567.0,0.0,1.38301,1.33873,1.33202,1.36339,1.3542875
3568.0,0.0,1.3736,1.33337,1.32524,1.35257,1.346195
3569.0,0.0,1.36473,1.32415,1.31464,1.34009,1.3359025
3570.0,0.0,1.35675,1.31132,1.30119,1.32832,1.324395
3571.0,0.0,1.34961,1.29718,1.28801,1.32014,1.313735
3572.0,0.0,1.34342,1.28498,1.27792,1.31663,1.3057375
3573.0,0.0,1.33821,1.27697,1.27209,1.31662,1.3009724999999999
3574.0,0.0,1.33351,1.2733,1.26986,1.31796,1.2986575
3575.0,0.0,1.32895,1.2726,1.26968,1.31854,1.2974424999999998
3576.0,0.0,1.32433,1.27298,1.26976,1.31666,1.2959325
3577.0,0.0,1.31936,1.27286,1.2688,1.31119,1.2930525
3578.0,0.0,1.31411,1.27135,1.26643,1.30239,1.28857
3579.0,0.0,1.30863,1.26851,1.26326,1.2921,1.283125
3580.0,0.0,1.30322,1.26514,1.26016,1.28288,1.27785
3581.0,0.0,1.29845,1.26213,1.25763,1.27637,1.273645
3582.0,0.0,1.29439,1.25969,1.25553,1.27226,1.2704675
3583.0,0.0,1.29148,1.25734,1.25324,1.26897,1.2677575
3584.0,0.0,1.29019,1.2543,1.25028,1.26546,1.2650575
3585.0,0.0,1.29048,1.25047,1.24689,1.26251,1.2625875
3586.0,0.0,1.29245,1.24676,1.24419,1.26249,1.2614725
3587.0,0.0,1.29617,1.24479,1.24356,1.26755,1.2630175000000001
3588.0,0.0,1.30134,1.24584,1.24569,1.27789,1.26769
3589.0,0.0,1.30751,1.24971,1.24988,1.29113,1.2745575
3590.0,0.0,1.31435,1.25484,1.25432,1.30376,1.2818174999999998
3591.0,0.0,1.32147,1.25941,1.25762,1.31331,1.2879524999999998
3592.0,0.0,1.32841,1.26254,1.2596,1.31965,1.29255
3593.0,0.0,1.33496,1.26448,1.2609,1.32446,1.2962
3594.0,0.0,1.3409,1.26596,1.26218,1.32956,1.29965
3595.0,0.0,1.34602,1.26748,1.26376,1.33578,1.30326
3596.0,0.0,1.35012,1.26924,1.26586,1.34278,1.307
3597.0,0.0,1.35299,1.27137,1.26852,1.34944,1.3105799999999999
3598.0,0.0,1.35445,1.27394,1.27155,1.35418,1.31353
3599.0,0.0,1.35433,1.27664,1.27432,1.35519,1.3151199999999998
3600.0,0.0,1.35277,1.27878,1.27588,1.35141,1.3147099999999998
3601.0,0.0,1.34989,1.27964,1.27582,1.34333,1.31217
3602.0,0.0,1.34603,1.27912,1.27435,1.33326,1.30819
3603.0,0.0,1.34171,1.27779,1.27246,1.32407,1.3040075
3604.0,0.0,1.33729,1.27656,1.27102,1.31743,1.300575
3605.0,0.0,1.33323,1.27589,1.27022,1.31306,1.2981
3606.0,0.0,1.3298,1.27559,1.26971,1.30958,1.29617
3607.0,0.0,1.32725,1.27511,1.26903,1.30626,1.2944125
3608.0,0.0,1.32569,1.2742,1.26812,1.30373,1.292935
3609.0,0.0,1.3249,1.27299,1.2672,1.30307,1.29204
3610.0,0.0,1.32501,1.27187,1.26641,1.3048,1.2920225
3611.0,0.0,1.32572,1.27115,1.26596,1.30838,1.2928025
3612.0,0.0,1.32655,1.27098,1.26585,1.31272,1.294025
3613.0,0.0,1.32775,1.27157,1.26629,1.3167,1.2955775
3614.0,0.0,1.32904,1.27323,1.26761,1.31906,1.297235
3615.0,0.0,1.3301,1.27598,1.26983,1.31833,1.2985600000000002
3616.0,0.0,1.33172,1.27938,1.27252,1.3145,1.29953
3617.0,0.0,1.334,1.28283,1.27529,1.30978,1.300475
3618.0,0.0,1.33672,1.28603,1.27822,1.30771,1.30217
3619.0,0.0,1.34061,1.2893,1.2816,1.31102,1.3056325
3620.0,0.0,1.34562,1.29317,1.28572,1.31971,1.311055
3621.0,0.0,1.35094,1.29753,1.29018,1.33109,1.3174350000000001
3622.0,0.0,1.35653,1.30147,1.29382,1.34226,1.3235199999999998
3623.0,0.0,1.36189,1.30412,1.29604,1.35207,1.32853
3624.0,0.0,1.36592,1.30545,1.29727,1.3608,1.33236
3625.0,0.0,1.36835,1.3062,1.29829,1.36828,1.33528
3626.0,0.0,1.36887,1.30705,1.29927,1.37268,1.3369675
3627.0,0.0,1.36706,1.30792,1.29962,1.37121,1.3364525
3628.0,0.0,1.36334,1.3081,1.29867,1.36263,1.333185
3629.0,0.0,1.35817,1.30681,1.29605,1.34858,1.3274025
3630.0,0.0,1.35197,1.30338,1.29166,1.33303,1.32001
3631.0,0.0,1.34576,1.29759,1.28563,1.32005,1.3122575
3632.0,0.0,1.34029,1.28984,1.27857,1.31176,1.3051150000000002
3633.0,0.0,1.33578,1.28112,1.27125,1.3077,1.2989625
3634.0,0.0,1.33267,1.27263,1.26429,1.30629,1.2939699999999998
3635.0,0.0,1.33122,1.26565,1.25842,1.30702,1.2905775
3636.0,0.0,1.33078,1.2614,1.25501,1.31035,1.289385
3637.0,0.0,1.33073,1.26064,1.25482,1.31649,1.29067
3638.0,0.0,1.3309,1.26319,1.25739,1.32399,1.2938675
3639.0,0.0,1.33046,1.26782,1.26115,1.32997,1.29735
3640.0,0.0,1.32858,1.27233,1.26421,1.33141,1.2991325
3641.0,0.0,1.32512,1.27467,1.26491,1.32699,1.2979224999999999
3642.0,0.0,1.3202,1.27384,1.26266,1.31771,1.2936025
3643.0,0.0,1.31362,1.27021,1.25819,1.30618,1.2870499999999998
3644.0,0.0,1.30532,1.26516,1.25294,1.29487,1.2795725
3645.0,0.0,1.29631,1.26006,1.24769,1.28484,1.2722250000000002
3646.0,0.0,1.28707,1.25505,1.24166,1.27532,1.264775
3647.0,0.0,1.27722,1.24836,1.23272,1.26422,1.25563
3648.0,0.0,1.26784,1.23733,1.21879,1.25029,1.2435625
3649.0,0.0,1.26017,1.22149,1.20048,1.23595,1.2295224999999999
3650.0,0.0,1.25329,1.20375,1.18263,1.22488,1.2161375
3651.0,0.0,1.24756,1.18833,1.16919,1.21964,1.20618
3652.0,0.0,1.24437,1.17821,1.1617,1.2199,1.201045
3653.0,0.0,1.24226,1.17362,1.1589,1.22327,1.1995125
3654.0,0.0,1.24081,1.17213,1.15842,1.22708,1.1996099999999998
3655.0,0.0,1.24059,1.17182,1.15846,1.23034,1.2003025
3656.0,0.0,1.24048,1.17172,1.1584,1.23292,1.2008800000000002
3657.0,0.0,1.23993,1.17152,1.15809,1.23464,1.201045
3658.0,0.0,1.23905,1.17113,1.15742,1.23494,1.200635
3659.0,0.0,1.23771,1.17039,1.15625,1.2333,1.1994125
3660.0,0.0,1.23561,1.1691,1.15452,1.22961,1.19721
3661.0,0.0,1.233,1.16721,1.15231,1.22448,1.19425
3662.0,0.0,1.23032,1.16492,1.14991,1.21923,1.1910950000000002
3663.0,0.0,1.22751,1.16262,1.14769,1.21519,1.1882525
3664.0,0.0,1.22473,1.16062,1.14586,1.21271,1.1859799999999998
3665.0,0.0,1.2224,1.15898,1.14435,1.21102,1.1841875000000002
3666.0,0.0,1.22054,1.15757,1.14298,1.20897,1.182515
3667.0,0.0,1.21902,1.15635,1.14177,1.20625,1.1808475
3668.0,0.0,1.21799,1.15547,1.14093,1.20401,1.1796
3669.0,0.0,1.21743,1.15516,1.14062,1.20388,1.1792725
3670.0,0.0,1.2169,1.15539,1.14076,1.20631,1.17984
3671.0,0.0,1.21621,1.15585,1.14101,1.20995,1.180755
3672.0,0.0,1.21539,1.15611,1.14098,1.21276,1.18131
3673.0,0.0,1.21401,1.15591,1.14042,1.2133,1.1809100000000001
3674.0,0.0,1.2118,1.15512,1.13925,1.21097,1.1792850000000001
3675.0,0.0,1.20909,1.15366,1.13745,1.20587,1.1765175
3676.0,0.0,1.20607,1.15155,1.13508,1.19873,1.1728575
3677.0,0.0,1.20264,1.149,1.13248,1.19087,1.1687475
3678.0,0.0,1.19922,1.1465,1.13015,1.18411,1.164995
3679.0,0.0,1.19619,1.14466,1.12859,1.18014,1.162395
3680.0,0.0,1.19342,1.14378,1.12793,1.17946,1.1611475
3681.0,0.0,1.191,1.14371,1.12785,1.1809,1.160865
3682.0,0.0,1.18911,1.1439,1.12778,1.18216,1.1607375
3683.0,0.0,1.1876,1.14378,1.12719,1.18102,1.1598975
3684.0,0.0,1.18646,1.14299,1.12589,1.17686,1.15805
3685.0,0.0,1.18582,1.14165,1.12422,1.1714,1.1557725
3686.0,0.0,1.18575,1.14028,1.12289,1.16792,1.15421
3687.0,0.0,1.18618,1.13952,1.12247,1.16908,1.1543125
3688.0,0.0,1.1868,1.13959,1.12296,1.17495,1.156075
3689.0,0.0,1.18765,1.14012,1.12369,1.18291,1.1585925
3690.0,0.0,1.18853,1.1403,1.12378,1.18949,1.160525
3691.0,0.0,1.18882,1.13932,1.12256,1.19216,1.1607150000000002
3692.0,0.0,1.18844,1.13652,1.11964,1.19042,1.158755
3693.0,0.0,1.18772,1.13172,1.115,1.18568,1.15503
3694.0,0.0,1.18645,1.12543,1.10924,1.18024,1.15034
3695.0,0.0,1.18431,1.11878,1.10353,1.17635,1.1457425
3696.0,0.0,1.18155,1.11291,1.09905,1.17557,1.14227
3697.0,0.0,1.17813,1.10887,1.09654,1.17835,1.1404725
3698.0,0.0,1.17357,1.10746,1.09627,1.18293,1.1400575000000002
3699.0,0.0,1.16769,1.10775,1.09654,1.18476,1.139185
3700.0,0.0,1.16098,1.10636,1.09338,1.17844,1.13479
3701.0,0.0,1.15367,1.09925,1.08362,1.16141,1.1244875
3702.0,0.0,1.14619,1.08523,1.06859,1.1372,1.1093025
3703.0,0.0,1.13959,1.06908,1.05487,1.1146,1.094535
3704.0,0.0,1.1346,1.05935,1.05004,1.10221,1.08655
3705.0,0.0,1.13159,1.06182,1.05675,1.10272,1.08822
3706.0,0.0,1.13085,1.07489,1.07061,1.11179,1.097035
3707.0,0.0,1.13256,1.09083,1.08364,1.12214,1.1072925
3708.0,0.0,1.13619,1.10145,1.08975,1.12898,1.1140925
3709.0,0.0,1.14077,1.10295,1.08783,1.13223,1.115945
3710.0,0.0,1.14619,1.09701,1.08122,1.13519,1.1149025
3711.0,0.0,1.15221,1.08892,1.07539,1.14181,1.1145825
3712.0,0.0,1.15745,1.08492,1.0755,1.15401,1.1179700000000001
3713.0,0.0,1.16091,1.08897,1.08361,1.16996,1.1258625000000002
3714.0,0.0,1.16263,1.1009,1.0973,1.18488,1.1364275
3715.0,0.0,1.1619,1.11666,1.1113,1.1929,1.1456899999999999
3716.0,0.0,1.15809,1.12981,1.11976,1.18901,1.1491675
3717.0,0.0,1.15216,1.13462,1.11854,1.17131,1.1441575000000002
3718.0,0.0,1.14532,1.12833,1.10692,1.14262,1.1307975
3719.0,0.0,1.13865,1.11216,1.08821,1.11064,1.112415
3720.0,0.0,1.13364,1.0918,1.06924,1.08608,1.0951899999999999
3721.0,0.0,1.13137,1.07567,1.058,1.07804,1.0857700000000001
3722.0,0.0,1.13224,1.07082,1.05931,1.08887,1.08781
3723.0,0.0,1.1358,1.07914,1.07221,1.11291,1.100015
3724.0,0.0,1.14084,1.09667,1.09115,1.14001,1.1171675
3725.0,0.0,1.14592,1.11652,1.10971,1.16144,1.1333974999999998
3726.0,0.0,1.14951,1.13317,1.12377,1.17397,1.145105
3727.0,0.0,1.14985,1.14426,1.13202,1.1786,1.1511825
3728.0,0.0,1.14642,1.14936,1.13405,1.17635,1.151545
3729.0,0.0,1.13992,1.14799,1.12897,1.166,1.1457199999999998
3730.0,0.0,1.13081,1.13894,1.11569,1.14538,1.132705
3731.0,0.0,1.12022,1.12152,1.09467,1.11466,1.1127675
3732.0,0.0,1.11072,1.09769,1.06961,1.0792,1.089305
3733.0,0.0,1.10428,1.07323,1.04748,1.04888,1.0684675000000001
3734.0,0.0,1.10165,1.05623,1.03608,1.03373,1.0569225
3735.0,0.0,1.10372,1.05314,1.03987,1.03902,1.0589375
3736.0,0.0,1.11071,1.06551,1.05783,1.06326,1.0743274999999999
3737.0,0.0,1.12098,1.08942,1.08459,1.09926,1.0985624999999999
3738.0,0.0,1.13224,1.11783,1.11316,1.13731,1.125135
3739.0,0.0,1.14266,1.14415,1.13772,1.16874,1.1483174999999999
3740.0,0.0,1.15017,1.16427,1.15498,1.18791,1.1643325
3741.0,0.0,1.15312,1.17645,1.16378,1.19293,1.17157
3742.0,0.0,1.1507,1.18056,1.16422,1.1852,1.1701700000000002
3743.0,0.0,1.14317,1.17701,1.15691,1.16775,1.1612099999999999
3744.0,0.0,1.13179,1.16622,1.14237,1.14338,1.14594
3745.0,0.0,1.11812,1.14848,1.12104,1.11392,1.1253900000000001
3746.0,0.0,1.10389,1.12413,1.0937,1.08102,1.100685
3747.0,0.0,1.09142,1.09439,1.06266,1.04823,1.074175
3748.0,0.0,1.08307,1.06299,1.03301,1.0227,1.0504425
3749.0,0.0,1.07951,1.03661,1.01212,1.01288,1.03528
3750.0,0.0,1.08055,1.02261,1.00611,1.02325,1.0331299999999999
3751.0,0.0,1.08626,1.02454,1.01574,1.05074,1.0443200000000001
3752.0,0.0,1.09609,1.03941,1.03574,1.08608,1.06433
3753.0,0.0,1.10796,1.05998,1.05853,1.11902,1.0863725
3754.0,0.0,1.11967,1.07969,1.07879,1.14236,1.1051275
3755.0,0.0,1.13055,1.09513,1.09432,1.1533,1.1183249999999998
3756.0,0.0,1.14028,1.10569,1.10464,1.15335,1.1259899999999998
3757.0,0.0,1.14815,1.11205,1.11069,1.14781,1.129675
3758.0,0.0,1.15401,1.11528,1.11445,1.14339,1.1317825
3759.0,1.09691,1.15802,1.1182,1.11879,1.14513,1.135035
3760.0,1.09657,1.15999,1.12431,1.12625,1.15352,1.1410175
3761.0,1.09654,1.15995,1.13432,1.13604,1.16444,1.1486874999999999
3762.0,1.09636,1.15779,1.14602,1.1446,1.17258,1.1552475000000002
3763.0,1.08212,1.15231,1.15499,1.14801,1.17382,1.1572825
3764.0,1.26952,1.14358,1.15674,1.14299,1.16598,1.1523225000000001
3765.0,1.38362,1.13319,1.14871,1.12793,1.14859,1.139605
3766.0,0.96962,1.12171,1.12995,1.10276,1.12277,1.1192975
3767.0,1.02059,1.10955,1.10089,1.06915,1.09144,1.0927575
3768.0,0.71459,1.0995,1.06448,1.03162,1.05985,1.0638625
3769.0,1.54691,1.09427,1.02729,0.9981,1.03584,1.038875
3770.0,2.37892,1.09378,0.99911,0.97814,1.02744,1.0246175000000002
3771.0,1.89538,1.09797,0.98863,0.97812,1.03798,1.025675
3772.0,1.07569,1.10827,0.99883,0.9975,1.0642,1.0422
3773.0,0.71918,1.12414,1.02602,1.03006,1.09857,1.0696974999999997
3774.0,1.25569,1.14274,1.06218,1.06766,1.13356,1.101535
3775.0,0.64398,1.16244,1.09924,1.10345,1.16487,1.1325
3776.0,1.09701,1.18263,1.13192,1.1336,1.19127,1.159855
3777.0,0.69764,1.20181,1.15789,1.15708,1.21307,1.1824625000000002
3778.0,1.03521,1.21816,1.17699,1.17445,1.23087,1.2001175000000002
3779.0,1.24427,1.23107,1.19042,1.18692,1.2449,1.2133275000000001
3780.0,1.06129,1.24063,1.19965,1.19565,1.25496,1.2227225000000002
3781.0,1.542,1.2466,1.20576,1.20139,1.26077,1.2286299999999999
3782.0,0.96437,1.2485,1.20944,1.20459,1.26201,1.231135
3783.0,1.15544,1.24653,1.2111,1.20552,1.2583,1.2303625
3784.0,1.95173,1.24141,1.21098,1.20434,1.24951,1.2265599999999999
3785.0,1.15345,1.23351,1.20916,1.20113,1.23652,1.22008
3786.0,1.05202,1.22265,1.2055,1.19585,1.22129,1.2113225
3787.0,1.39582,1.20898,1.19963,1.18815,1.20581,1.2006424999999998
3788.0,1.22811,1.19323,1.19086,1.17748,1.19105,1.188155
3789.0,1.21714,1.17567,1.17868,1.16366,1.17672,1.1736825
3790.0,1.70161,1.15589,1.16353,1.14712,1.1616,1.157035
3791.0,1.32801,1.13421,1.14662,1.12844,1.14368,1.1382375
3792.0,1.13713,1.11207,1.12805,1.10673,1.12024,1.1167725
3793.0,1.2323,1.09061,1.10573,1.07938,1.08896,1.09117
3794.0,1.4084,1.07056,1.07644,1.04439,1.04989,1.06032
3795.0,0.68067,1.05407,1.0391,1.00372,1.0074,1.0260725
3796.0,1.43188,1.04393,0.99847,0.96504,0.9708,0.99456
3797.0,2.44256,1.041,0.96553,0.93993,0.95192,0.9745949999999999
3798.0,2.24702,1.0448,0.95212,0.93787,0.95882,0.9734025
3799.0,1.34295,1.05566,0.96391,0.96013,0.99079,0.9926225
3800.0,0.5866,1.07329,0.99719,0.99941,1.03859,1.02712
3801.0,1.10327,1.09515,1.04117,1.04441,1.08958,1.0675775
3802.0,0.79761,1.11824,1.0844,1.08544,1.13362,1.1054249999999999
3803.0,1.01396,1.14078,1.11975,1.11761,1.16573,1.1359675
3804.0,1.2516,1.16172,1.14519,1.14047,1.18587,1.1583125
3805.0,1.34647,1.17983,1.1621,1.15607,1.19731,1.1738274999999998
3806.0,1.14477,1.19407,1.17324,1.16711,1.20474,1.18479
3807.0,0.76173,1.20422,1.18111,1.17564,1.21181,1.193195
3808.0,1.14437,1.21077,1.18707,1.18245,1.21904,1.1998324999999999
3809.0,1.29198,1.21414,1.19137,1.18732,1.22428,1.2042775000000001
3810.0,1.4594,1.21445,1.19368,1.18983,1.22463,1.2056475
3811.0,1.57677,1.21193,1.19393,1.18997,1.21877,1.2036499999999999
3812.0,1.55727,1.20704,1.19251,1.18824,1.208,1.1989474999999998
3813.0,1.47905,1.20051,1.19002,1.18524,1.19542,1.1927975000000002
3814.0,0.78663,1.19316,1.18671,1.18106,1.18385,1.186195
3815.0,1.08762,1.18518,1.18205,1.17487,1.17412,1.1790550000000002
3816.0,1.03707,1.17655,1.175,1.16561,1.16476,1.17048
3817.0,1.22039,1.16833,1.16484,1.15341,1.15372,1.160075
3818.0,1.25696,1.16168,1.15285,1.14088,1.14165,1.149265
3819.0,1.63041,1.15596,1.14301,1.13274,1.13257,1.14107
3820.0,1.39365,1.15011,1.13965,1.13263,1.13017,1.13814
3821.0,1.11307,1.14434,1.14416,1.13989,1.13375,1.140535
3822.0,0.88818,1.13915,1.15378,1.15009,1.13812,1.145285
3823.0,1.01362,1.1334,1.16336,1.15799,1.13782,1.1481425
3824.0,0.95644,1.12542,1.16888,1.16057,1.13142,1.1465725
3825.0,0.90525,1.11463,1.1692,1.15771,1.12102,1.1406399999999999
3826.0,1.40049,1.10141,1.16503,1.15051,1.10922,1.1315425000000001
3827.0,1.42447,1.08556,1.15723,1.13957,1.09646,1.1197050000000002
3828.0,1.27703,1.06658,1.14571,1.12429,1.08073,1.1043275000000001
3829.0,1.62499,1.04508,1.12917,1.10304,1.05877,1.084015
3830.0,1.3816,1.02257,1.10549,1.07374,1.0278,1.0574
3831.0,1.2453,1.00051,1.07266,1.03518,0.98771,1.0240150000000001
3832.0,1.27998,0.98068,1.0305,0.98919,0.94274,0.9857775000000001
3833.0,1.53296,0.96548,0.98301,0.94238,0.9014,0.9480675000000001
3834.0,2.12293,0.95663,0.93961,0.9056,0.87388,0.91893
3835.0,2.90716,0.95484,0.91249,0.88974,0.8675,0.9061425
3836.0,2.07417,0.96067,0.91042,0.89979,0.88305,0.9134825
3837.0,1.17508,0.97423,0.93371,0.93191,0.91529,0.9387850000000001
3838.0,0.89081,0.99406,0.97431,0.97623,0.95654,0.9752850000000001
3839.0,1.02339,1.01803,1.02065,1.02216,1.00016,1.01525
3840.0,0.86136,1.04419,1.06342,1.06264,1.04223,1.05312
3841.0,0.64305,1.07071,1.09816,1.09511,1.08052,1.086125
3842.0,0.94735,1.09585,1.12421,1.11977,1.11313,1.11324
3843.0,1.26498,1.11846,1.14289,1.13788,1.13881,1.1345100000000001
3844.0,1.21364,1.13785,1.15595,1.15089,1.15732,1.1505025
3845.0,1.33165,1.15347,1.16492,1.16007,1.16949,1.1619875
3846.0,1.18729,1.16524,1.17094,1.1664,1.17661,1.1697975
3847.0,0.80544,1.17375,1.17477,1.17057,1.17978,1.1747175
3848.0,1.07934,1.17974,1.17692,1.17314,1.18039,1.1775475
3849.0,0.97448,1.18334,1.17795,1.17473,1.18029,1.1790775000000002
3850.0,1.16083,1.18461,1.17847,1.17589,1.18106,1.1800074999999999
3851.0,0.91843,1.18411,1.17886,1.17678,1.18252,1.1805675
3852.0,1.33976,1.18252,1.17893,1.17699,1.1828,1.18031
3853.0,1.11585,1.18009,1.17808,1.1759,1.17997,1.1785100000000002
3854.0,0.98492,1.17697,1.17575,1.17327,1.17334,1.1748325
3855.0,1.33574,1.17349,1.17203,1.16953,1.16404,1.1697724999999999
3856.0,1.39586,1.17008,1.16773,1.16565,1.15399,1.1643625000000002
3857.0,1.29915,1.16744,1.16394,1.16259,1.1452,1.1597925
3858.0,1.24489,1.16614,1.16154,1.16102,1.13992,1.157155
3859.0,0.87012,1.16588,1.16096,1.16115,1.14025,1.15706
3860.0,1.26054,1.1662,1.16205,1.16273,1.14668,1.1594149999999999
3861.0,1.71206,1.16719,1.16414,1.16503,1.15696,1.16333
3862.0,1.56824,1.16883,1.16631,1.16705,1.16707,1.1673149999999999
3863.0,1.42473,1.17027,1.16772,1.16796,1.17352,1.1698675
3864.0,1.15185,1.17073,1.16797,1.16747,1.17535,1.17038
3865.0,1.24322,1.1701,1.16729,1.16596,1.17388,1.1693075
3866.0,1.98167,1.16862,1.16616,1.16415,1.17077,1.1674250000000002
3867.0,6.47702,1.16606,1.16518,1.16254,1.16661,1.1650975
3868.0,12.11925,1.16236,1.16439,1.16101,1.16072,1.16212
3869.0,11.02308,1.15799,1.16316,1.15881,1.15235,1.1580775
3870.0,4.42506,1.15359,1.16081,1.15546,1.14253,1.1530974999999999
3871.0,1.45403,1.14916,1.15723,1.15139,1.13399,1.1479424999999999
3872.0,1.32799,1.14451,1.15331,1.14769,1.12951,1.1437549999999999
3873.0,1.16077,1.13967,1.1501,1.14514,1.12932,1.1410575
3874.0,1.35376,1.13471,1.14794,1.14348,1.13061,1.1391850000000001
3875.0,1.33653,1.12939,1.1465,1.14185,1.12976,1.136875
3876.0,1.0671,1.12326,1.14511,1.13951,1.12509,1.1332425
3877.0,1.31488,1.11555,1.14325,1.13607,1.11773,1.12815
3878.0,1.12721,1.10554,1.14047,1.13121,1.10986,1.1217700000000002
3879.0,1.03272,1.09312,1.13611,1.12433,1.10204,1.1139000000000001
3880.0,1.09957,1.07847,1.12915,1.11446,1.09288,1.1037400000000002
3881.0,1.13407,1.06122,1.11856,1.1005,1.08017,1.0901125
3882.0,0.98061,1.04115,1.10326,1.08126,1.06167,1.071835
3883.0,0.83707,1.01941,1.08203,1.05534,1.03529,1.0480175
3884.0,0.96723,0.99775,1.05325,1.02127,0.99953,1.01795
3885.0,0.63578,0.97754,1.01569,0.97876,0.95573,0.98193
3886.0,1.12925,0.96063,0.97052,0.9312,0.90993,0.9430700000000001
3887.0,3.61764,0.94941,0.9235,0.88699,0.87245,0.9080874999999999
3888.0,6.33227,0.94514,0.88564,0.85784,0.85471,0.8858324999999999
3889.0,6.31599,0.94767,0.86888,0.85346,0.86311,0.8832800000000001
3890.0,3.13341,0.95695,0.87932,0.87566,0.89506,0.9017474999999999
3891.0,0.92844,0.97259,0.9136,0.91714,0.94039,0.9359299999999999
3892.0,1.18222,0.99271,0.96081,0.96592,0.98691,0.9765875
3893.0,1.15151,1.0148,1.00874,1.01153,1.02636,1.0153575
3894.0,1.00229,1.03684,1.04929,1.0485,1.05632,1.0477374999999998
3895.0,0.99105,1.05745,1.07978,1.07596,1.0782,1.0728475
3896.0,1.15377,1.0759,1.10102,1.09542,1.09401,1.0915875
3897.0,1.0495,1.09181,1.11517,1.10892,1.10526,1.1052899999999999
3898.0,0.8459,1.10484,1.12449,1.11837,1.11333,1.1152575
3899.0,0.85287,1.1149,1.13082,1.12533,1.11944,1.1226224999999999
3900.0,1.13173,1.12271,1.13553,1.13079,1.12437,1.12835
3901.0,0.73601,1.12907,1.13928,1.13521,1.12793,1.1328725
3902.0,0.91913,1.13424,1.14226,1.13865,1.12968,1.1362074999999998
3903.0,1.06976,1.13855,1.1445,1.14121,1.1299,1.13854
3904.0,0.86091,1.14262,1.14616,1.14317,1.12998,1.1404825
3905.0,0.81009,1.1467,1.14757,1.145,1.13213,1.1428500000000001
3906.0,0.90518,1.15049,1.14913,1.14709,1.13774,1.1461125
3907.0,1.07296,1.15405,1.15093,1.14947,1.14628,1.1501825
3908.0,1.11653,1.15754,1.15276,1.15173,1.15568,1.1544275
3909.0,1.43863,1.16051,1.15412,1.15329,1.16349,1.1578525000000002
3910.0,1.57835,1.16233,1.15461,1.15386,1.1683,1.1597749999999998
3911.0,1.105,1.16277,1.1543,1.15364,1.16992,1.1601575000000002
3912.0,1.0031,1.16189,1.15359,1.15305,1.1688,1.1593325
3913.0,0.85409,1.15957,1.15285,1.15232,1.16565,1.1575975
3914.0,0.84693,1.15563,1.15202,1.15121,1.16096,1.154955
3915.0,1.15326,1.15013,1.1505,1.14907,1.15468,1.151095
3916.0,1.2929,1.1434,1.1475,1.14521,1.14654,1.1456624999999998
3917.0,0.93417,1.1357,1.14242,1.13928,1.13619,1.1383975
3918.0,0.86169,1.12735,1.13525,1.13161,1.12407,1.12957
3919.0,1.05809,1.11851,1.12665,1.12306,1.11149,1.1199275
3920.0,1.27635,1.10933,1.11759,1.11468,1.10017,1.1104425
3921.0,1.56241,1.09997,1.10909,1.10736,1.09134,1.10194
3922.0,1.15557,1.09044,1.10202,1.10173,1.08495,1.0947850000000001
3923.0,1.14976,1.08055,1.09735,1.09825,1.07974,1.0889725000000001
3924.0,1.28384,1.07005,1.09565,1.09711,1.07364,1.0841125
3925.0,1.0666,1.05889,1.09682,1.0979,1.06478,1.0795975
3926.0,0.98523,1.04707,1.09985,1.09977,1.05218,1.0747174999999998
3927.0,1.10446,1.03475,1.10324,1.10164,1.03578,1.0688525
3928.0,1.40766,1.02232,1.10562,1.10245,1.01615,1.0616349999999999
3929.0,1.22429,1.0104,1.10604,1.10133,0.9941,1.0529674999999998
3930.0,0.92739,0.99986,1.10393,1.09779,0.97096,1.043135
3931.0,1.03773,0.99171,1.09928,1.09212,0.94921,1.03308
3932.0,1.16047,0.98675,1.09295,1.08575,0.93271,1.02454
3933.0,1.03117,0.98538,1.08688,1.081,0.92573,1.0197475
3934.0,0.93148,0.98765,1.08364,1.08017,0.93097,1.0206075000000001
3935.0,1.14139,0.99348,1.08504,1.08415,0.94786,1.0276325000000002
3936.0,1.12925,1.00251,1.09098,1.09186,0.97267,1.0395050000000001
3937.0,0.84587,1.01387,1.09959,1.10099,1.00019,1.0536599999999998
3938.0,1.05204,1.02634,1.10835,1.1093,1.02572,1.0674275
3939.0,0.99035,1.03891,1.11544,1.11549,1.04624,1.07902
3940.0,1.29765,1.05097,1.12008,1.1192,1.06057,1.0877050000000001
3941.0,1.29684,1.0623,1.12226,1.12063,1.06948,1.0936675
3942.0,1.21559,1.07263,1.12238,1.12038,1.07513,1.0976299999999999
3943.0,1.21812,1.08164,1.12116,1.11931,1.0802,1.1005775
3944.0,1.2159,1.08916,1.11958,1.11833,1.08652,1.1033975
3945.0,1.31497,1.09562,1.11846,1.11798,1.09399,1.1065125
3946.0,0.87558,1.10155,1.11817,1.11831,1.10135,1.109845
3947.0,0.82749,1.1067,1.11867,1.11913,1.10758,1.1130200000000001
3948.0,1.09476,1.11043,1.11978,1.12021,1.11256,1.115745
3949.0,1.02935,1.11276,1.12122,1.12125,1.11646,1.1179225
3950.0,0.91521,1.11418,1.12253,1.12173,1.11904,1.11937
3951.0,1.04349,1.11457,1.12301,1.12112,1.11986,1.11964
3952.0,1.01701,1.11307,1.1222,1.11929,1.11896,1.11838
3953.0,0.97207,1.10928,1.12022,1.11655,1.11661,1.115665
3954.0,1.22643,1.10358,1.11764,1.11339,1.11289,1.111875
3955.0,1.26126,1.09596,1.11492,1.11,1.10768,1.10714
3956.0,0.9823,1.08555,1.11201,1.10599,1.10072,1.1010675
3957.0,1.11104,1.07161,1.10813,1.10043,1.09108,1.0928125
3958.0,0.94479,1.05436,1.10203,1.0921,1.0771,1.0813975
3959.0,1.16039,1.03428,1.09257,1.08016,1.0572,1.0660525
3960.0,1.25956,1.01112,1.07956,1.06485,1.03151,1.04676
3961.0,1.05528,0.98454,1.06408,1.04723,1.00187,1.02443
3962.0,0.88538,0.95524,1.04746,1.02809,0.96982,1.0001525
3963.0,0.88544,0.92479,1.02975,1.00669,0.93472,0.9739875
3964.0,1.01392,0.89459,1.00906,0.98073,0.89438,0.94469
3965.0,1.41963,0.86592,0.98212,0.94753,0.84732,0.9107225
3966.0,2.86867,0.84089,0.9464,0.90621,0.79571,0.8723025000000001
3967.0,4.66578,0.82207,0.90263,0.85998,0.74657,0.8328125
3968.0,4.59831,0.81127,0.85682,0.81732,0.71058,0.7989975
3969.0,5.09333,0.80912,0.82011,0.78985,0.69804,0.77928
3970.0,5.8229,0.81585,0.80431,0.78695,0.71376,0.7802175
3971.0,3.23693,0.83145,0.81556,0.81029,0.75436,0.802915
3972.0,1.18919,0.85484,0.85065,0.85289,0.81008,0.8421150000000001
3973.0,0.853,0.88367,0.89903,0.90327,0.86966,0.8889075000000001
3974.0,0.89693,0.91518,0.94876,0.95122,0.9247,0.9349649999999999
3975.0,1.17087,0.94721,0.99172,0.99112,0.97127,0.97533
3976.0,1.25613,0.97806,1.02493,1.02178,1.00894,1.0084275
3977.0,0.9045,1.00626,1.04902,1.0444,1.03866,1.0345849999999999
3978.0,0.74527,1.03085,1.06598,1.06079,1.06135,1.0547425
3979.0,1.18379,1.05162,1.07769,1.07242,1.07752,1.0698125
3980.0,1.3436,1.06884,1.08553,1.08042,1.08802,1.0807025000000001
3981.0,0.96597,1.08278,1.09061,1.08588,1.09454,1.0884525
3982.0,0.97116,1.09383,1.09402,1.08995,1.09944,1.0943100000000001
3983.0,1.02982,1.10259,1.09681,1.09359,1.10453,1.09938
3984.0,0.79327,1.10985,1.09966,1.09728,1.11036,1.1042874999999999
3985.0,0.97731,1.11594,1.10272,1.10095,1.11648,1.1090225
3986.0,1.1918,1.12089,1.10568,1.10428,1.12209,1.113235
3987.0,1.13006,1.12489,1.10819,1.10699,1.12688,1.1167375
3988.0,1.20812,1.1281,1.11005,1.109,1.13076,1.1194775
3989.0,1.37438,1.1306,1.11127,1.11039,1.13404,1.121575
3990.0,1.2417,1.1322,1.11195,1.11122,1.13682,1.1230475000000002
3991.0,1.34072,1.13293,1.1121,1.11146,1.13861,1.123775
3992.0,1.4224,1.1331,1.11162,1.11093,1.13853,1.123545
3993.0,1.17935,1.13284,1.11036,1.10955,1.13585,1.12215
3994.0,0.82586,1.13224,1.10841,1.10754,1.13105,1.11981
3995.0,0.77263,1.13147,1.10611,1.1054,1.12573,1.1171775
3996.0,1.14087,1.13071,1.10398,1.1037,1.12207,1.1151149999999999
3997.0,1.16258,1.13007,1.10249,1.10287,1.12171,1.114285
3998.0,1.01348,1.12952,1.10192,1.10301,1.12493,1.114845
3999.0,0.9713,1.12898,1.10216,1.10375,1.13022,1.1162774999999998
4000.0,0.98191,1.12828,1.10264,1.1043,1.13495,1.1175425
4001.0,1.31588,1.12727,1.10246,1.10376,1.13649,1.1174950000000001
4002.0,1.20727,1.12613,1.101,1.10177,1.13345,1.1155875
4003.0,0.82226,1.1251,1.0984,1.09873,1.12659,1.112205
4004.0,1.05621,1.12417,1.09551,1.09551,1.11869,1.10847
4005.0,0.98408,1.1233,1.09321,1.09286,1.11322,1.1056475
4006.0,1.0074,1.12277,1.09188,1.09099,1.11218,1.1044549999999997
4007.0,0.69201,1.12306,1.09128,1.08984,1.11522,1.1048499999999999
4008.0,1.04313,1.12418,1.09115,1.08945,1.12035,1.1062825
4009.0,1.4987,1.12572,1.09154,1.09014,1.12561,1.1082525
4010.0,1.13542,1.12736,1.09275,1.09208,1.13002,1.1105525
4011.0,1.03243,1.12903,1.09482,1.09496,1.13332,1.1130324999999999
4012.0,1.36286,1.13059,1.09735,1.09802,1.13573,1.1154225
4013.0,1.18541,1.13162,1.09966,1.10051,1.13734,1.1172825
4014.0,1.04895,1.13189,1.10127,1.10202,1.13825,1.1183575
4015.0,0.88398,1.13126,1.102,1.10255,1.13844,1.1185625
4016.0,0.85944,1.12953,1.10195,1.10223,1.13799,1.117925
4017.0,1.11278,1.12655,1.10121,1.10112,1.13702,1.1164749999999999
4018.0,1.30084,1.12233,1.09966,1.09892,1.1352,1.1140275
4019.0,1.08197,1.11698,1.0967,1.09479,1.13148,1.1099875
4020.0,0.84165,1.11059,1.09118,1.08736,1.12439,1.10338
4021.0,0.99415,1.10347,1.08147,1.07503,1.11282,1.0931975
4022.0,1.20353,1.09646,1.0662,1.05704,1.09711,1.0792024999999998
4023.0,1.38791,1.09049,1.04554,1.03487,1.07997,1.0627175
4024.0,1.35623,1.08581,1.02261,1.01318,1.06614,1.046935
4025.0,1.25747,1.08224,1.00357,0.99866,1.06018,1.0361625
4026.0,1.64259,1.07994,0.99507,0.99659,1.06354,1.033785
4027.0,1.42055,1.0795,1.00017,1.00735,1.07302,1.04001
4028.0,0.97985,1.08122,1.0163,1.02605,1.08293,1.051625
4029.0,0.75286,1.08441,1.03676,1.04573,1.08884,1.063935
4030.0,1.00669,1.08824,1.055,1.06136,1.09022,1.073705
4031.0,1.30961,1.09236,1.06773,1.0715,1.0898,1.0803475
4032.0,1.09367,1.09694,1.07516,1.07747,1.09102,1.0851475
4033.0,1.25427,1.10198,1.07932,1.08137,1.09618,1.0897125
4034.0,1.15742,1.10691,1.08226,1.08477,1.10539,1.0948324999999999
4035.0,1.10388,1.11116,1.08518,1.08826,1.11701,1.1004025
4036.0,1.26365,1.11444,1.08823,1.09153,1.12821,1.1056025
4037.0,1.08872,1.11674,1.09087,1.09389,1.13607,1.1093925
4038.0,0.88635,1.11797,1.09241,1.09479,1.13899,1.1110399999999998
4039.0,0.79579,1.1177,1.09248,1.09414,1.13696,1.11032
4040.0,1.04139,1.11576,1.09122,1.09227,1.13104,1.1075725
4041.0,1.1631,1.11267,1.08901,1.08961,1.12208,1.1033425000000001
4042.0,0.87253,1.10945,1.08627,1.08648,1.11057,1.0981925000000001
4043.0,1.17732,1.10685,1.08334,1.08325,1.09795,1.0928475
4044.0,0.97817,1.10478,1.08068,1.08056,1.08744,1.088365
4045.0,1.26335,1.10312,1.07895,1.07922,1.08296,1.0860625000000002
4046.0,1.12784,1.10223,1.07873,1.07968,1.08641,1.0867624999999999
4047.0,1.06763,1.10242,1.08004,1.08163,1.09599,1.09002
4048.0,1.12419,1.10351,1.08223,1.08414,1.10746,1.094335
4049.0,0.86853,1.10483,1.08433,1.08612,1.11661,1.0979725
4050.0,0.90653,1.10566,1.08552,1.08686,1.12104,1.09977
4051.0,1.15681,1.10584,1.08534,1.08611,1.12057,1.099465
4052.0,0.95566,1.10538,1.08373,1.08402,1.11641,1.097385
4053.0,1.37391,1.10418,1.08097,1.08112,1.1104,1.0941675000000002
4054.0,1.01861,1.10235,1.07767,1.07816,1.10434,1.09063
4055.0,0.67825,1.10014,1.07462,1.07585,1.09958,1.0875475
4056.0,1.02236,1.09762,1.07247,1.07455,1.09679,1.0853575
4057.0,1.18634,1.09479,1.07148,1.07412,1.09599,1.084095
4058.0,1.06204,1.09148,1.07134,1.07402,1.09631,1.0832875
4059.0,0.92192,1.08778,1.07142,1.07366,1.09583,1.0821725000000002
4060.0,0.97594,1.08412,1.07117,1.07266,1.0927,1.0801625
4061.0,1.17881,1.08056,1.07027,1.07094,1.08633,1.0770250000000001
4062.0,0.94392,1.07668,1.06869,1.06858,1.07831,1.073065
4063.0,1.06312,1.07234,1.06623,1.06533,1.07133,1.0688075
4064.0,1.14742,1.06793,1.06203,1.0603,1.06686,1.0642800000000001
4065.0,1.23671,1.06404,1.05464,1.05223,1.06422,1.0587825
4066.0,0.80467,1.06084,1.04288,1.04065,1.0618,1.0515425
4067.0,0.985,1.05811,1.0275,1.02718,1.05874,1.0428825
4068.0,1.39711,1.0558,1.0119,1.01538,1.05552,1.03465
4069.0,1.21463,1.05415,1.00092,1.00908,1.05334,1.0293725
4070.0,1.22001,1.05318,0.99815,1.00997,1.05329,1.0286475
4071.0,1.01048,1.05262,1.00355,1.01666,1.05551,1.032085
4072.0,0.85827,1.05232,1.01384,1.02564,1.0587,1.037625
4073.0,1.07779,1.05244,1.02447,1.03335,1.06033,1.0426475
4074.0,1.03818,1.05322,1.03224,1.03804,1.0585,1.0455
4075.0,0.99981,1.05453,1.03659,1.04013,1.0538,1.0462625
4076.0,1.14354,1.05601,1.03889,1.04127,1.04942,1.0463974999999999
4077.0,1.11037,1.05752,1.04094,1.04293,1.0491,1.0476225000000001
4078.0,0.92215,1.05918,1.04367,1.04547,1.05424,1.05064
4079.0,0.9781,1.0611,1.04674,1.04826,1.06298,1.05477
4080.0,0.76313,1.06322,1.04942,1.05042,1.07153,1.0586475
4081.0,1.1819,1.06523,1.05103,1.05126,1.07665,1.0610424999999999
4082.0,1.00072,1.06675,1.05121,1.0505,1.0775,1.06149
4083.0,1.03788,1.06749,1.04982,1.04809,1.07563,1.0602575
4084.0,0.99768,1.06729,1.04665,1.04399,1.07343,1.0578400000000001
4085.0,1.03039,1.06626,1.04132,1.03809,1.07238,1.0545125
4086.0,1.04397,1.06447,1.03364,1.03049,1.07241,1.0502525
4087.0,0.87571,1.06163,1.02432,1.02226,1.07249,1.045175
4088.0,1.11031,1.05728,1.01564,1.01546,1.0718,1.040045
4089.0,1.15847,1.05098,1.01028,1.01174,1.07002,1.035755
4090.0,1.16731,1.04223,1.00951,1.01094,1.06669,1.0323425
4091.0,0.70022,1.03078,1.01175,1.01059,1.06088,1.0285000000000002
4092.0,0.73035,1.01653,1.01288,1.00706,1.05111,1.021895
4093.0,0.94248,0.99945,1.00867,0.99733,1.03572,1.0102924999999998
4094.0,0.75952,0.97984,0.99643,0.97978,1.01363,0.99242
4095.0,0.8693,0.95817,0.97531,0.95419,0.98489,0.96814
4096.0,0.93366,0.93525,0.94605,0.92152,0.9501,0.93823
4097.0,0.76201,0.91282,0.91041,0.88323,0.91028,0.904185
4098.0,0.97421,0.89328,0.87032,0.84145,0.86729,0.868085
4099.0,1.25344,0.87849,0.82882,0.80019,0.82578,0.8333200000000001
4100.0,4.15364,0.86932,0.79105,0.76634,0.79408,0.8051975
4101.0,8.18484,0.86609,0.76496,0.74876,0.78166,0.7903675
4102.0,7.20122,0.86892,0.75899,0.75393,0.79377,0.7939025
4103.0,3.17759,0.87793,0.77689,0.78165,0.8274,0.8159675
4104.0,0.87052,0.89257,0.81472,0.82457,0.87281,0.8511675
4105.0,1.03243,0.91107,0.86226,0.87177,0.9185,0.8909
4106.0,1.03335,0.93108,0.90844,0.91415,0.95629,0.92749
4107.0,0.68974,0.95077,0.94621,0.94721,0.98348,0.9569175000000001
4108.0,0.76445,0.96899,0.97343,0.97069,1.00136,0.9786175
4109.0,0.85315,0.98505,0.99151,0.98663,1.0132,0.9940975000000001
4110.0,0.99491,0.99854,1.00303,0.99737,1.02205,1.0052475
4111.0,0.9908,1.00931,1.01007,1.00441,1.02966,1.0133625
4112.0,0.78796,1.01761,1.01365,1.00835,1.03621,1.018955
4113.0,1.26973,1.02376,1.01404,1.00935,1.04102,1.0220425
4114.0,1.07163,1.0281,1.01162,1.00808,1.04337,1.0227925
4115.0,0.71771,1.03106,1.00778,1.006,1.04337,1.0220525
4116.0,0.91276,1.03303,1.00445,1.00449,1.04168,1.0209125000000001
4117.0,0.82172,1.03446,1.003,1.00417,1.03915,1.020195
4118.0,0.73819,1.03585,1.00356,1.00473,1.03691,1.0202625
4119.0,0.9599,1.03733,1.0051,1.00578,1.03608,1.0210725
4120.0,0.87819,1.03883,1.00714,1.00783,1.03752,1.02283
4121.0,0.65293,1.04031,1.01037,1.01166,1.04159,1.0259825
4122.0,0.85497,1.04169,1.01533,1.01737,1.04752,1.0304775
4123.0,0.89518,1.04283,1.02171,1.02387,1.05367,1.03552
4124.0,1.02399,1.04365,1.02797,1.02938,1.05809,1.0397725
4125.0,1.12621,1.044,1.0324,1.03258,1.05936,1.042085
4126.0,1.00243,1.04367,1.03422,1.0332,1.0573,1.0420975
4127.0,0.89227,1.04264,1.0337,1.03192,1.05277,1.0402575
4128.0,1.0269,1.04119,1.0318,1.02972,1.04694,1.0374125
4129.0,1.03321,1.03974,1.02948,1.02743,1.04073,1.034345
4130.0,0.79236,1.03865,1.02743,1.02559,1.03489,1.0316400000000001
4131.0,0.76741,1.03805,1.02607,1.02458,1.03057,1.0298175
4132.0,1.00412,1.03784,1.02569,1.02473,1.0293,1.02939
4133.0,1.0685,1.03796,1.0265,1.02612,1.03201,1.0306475000000002
4134.0,1.0,1.0384,1.02839,1.02844,1.03843,1.033415
4135.0,1.0135,1.03894,1.03082,1.03101,1.04679,1.03689
4136.0,0.88407,1.03921,1.03304,1.03303,1.05461,1.0399725
4137.0,0.75745,1.03872,1.03438,1.03382,1.05969,1.0416525
4138.0,0.80974,1.03723,1.03434,1.03285,1.06013,1.0411375
4139.0,0.87503,1.03503,1.03259,1.02972,1.05487,1.0380525
4140.0,0.88511,1.03264,1.02891,1.02429,1.04416,1.0325
4141.0,1.08095,1.03022,1.02346,1.0172,1.03037,1.0253125
4142.0,0.88519,1.02786,1.01724,1.01022,1.01796,1.01832
4143.0,0.9564,1.02578,1.01201,1.00563,1.0115,1.01373
4144.0,1.10069,1.02419,1.0095,1.00498,1.01288,1.0128875
4145.0,0.77721,1.02346,1.01042,1.0081,1.02016,1.0155349999999999
4146.0,1.14097,1.02382,1.01391,1.01318,1.02913,1.02001
4147.0,1.14097,1.02479,1.01802,1.01792,1.03588,1.0241525
4148.0,1.19153,1.02575,1.021,1.02085,1.03878,1.026595
4149.0,1.12058,1.02647,1.02211,1.02166,1.03847,1.0271775
4150.0,1.06689,1.02697,1.0215,1.02087,1.03631,1.0264125
4151.0,1.05698,1.02735,1.01986,1.0193,1.03344,1.0249875
4152.0,0.99541,1.02785,1.01797,1.01769,1.03061,1.02353
4153.0,0.94274,1.02856,1.01639,1.0165,1.02845,1.022475
4154.0,0.76306,1.02939,1.01549,1.01601,1.02773,1.0221550000000001
4155.0,0.97372,1.03037,1.01544,1.01635,1.02897,1.0227825
4156.0,0.9487,1.03155,1.01622,1.01747,1.03228,1.02438
4157.0,0.92964,1.0329,1.01765,1.01909,1.03701,1.0266625
4158.0,1.08322,1.03424,1.01936,1.02074,1.04202,1.02909
4159.0,1.11919,1.03539,1.02075,1.02181,1.0462,1.0310375
4160.0,1.03215,1.03614,1.02117,1.02187,1.0488,1.031995
4161.0,0.97787,1.03625,1.02047,1.02102,1.04967,1.0318525
4162.0,0.99916,1.03557,1.01909,1.01975,1.04893,1.0308350000000002
4163.0,0.67209,1.03417,1.01771,1.01857,1.04681,1.029315
4164.0,1.07274,1.03215,1.0168,1.01767,1.04363,1.0275625
4165.0,1.3181,1.02949,1.01634,1.01683,1.03971,1.0255925000000001
4166.0,1.04926,1.02615,1.01587,1.01573,1.03544,1.0232975
4167.0,0.8349,1.02235,1.015,1.01425,1.03106,1.0206650000000002
4168.0,1.05084,1.0184,1.01367,1.01248,1.02622,1.0176924999999999
4169.0,1.05573,1.01459,1.01201,1.01057,1.02024,1.0143525
4170.0,0.96531,1.01121,1.01022,1.00861,1.01294,1.010745
4171.0,0.99069,1.00835,1.00847,1.0068,1.0054,1.007255
4172.0,1.16888,1.00599,1.00698,1.00542,0.99966,1.0045125000000001
4173.0,0.92871,1.00424,1.00602,1.00477,0.99738,1.0031024999999998
4174.0,0.66529,1.00331,1.0058,1.00492,0.99867,1.003175
4175.0,1.04827,1.00322,1.00622,1.00564,1.00231,1.0043475
4176.0,0.98763,1.00371,1.00698,1.00657,1.00669,1.0059875
4177.0,0.97629,1.00443,1.00781,1.00747,1.01082,1.0076325000000002
4178.0,1.12757,1.00515,1.00857,1.00822,1.01428,1.009055
4179.0,0.97396,1.00565,1.00912,1.00866,1.01664,1.0100175
4180.0,0.95979,1.00588,1.00927,1.0086,1.01755,1.010325
4181.0,1.03348,1.00572,1.00873,1.00779,1.01704,1.00982
4182.0,0.89895,1.00512,1.00719,1.00601,1.01541,1.0084325
4183.0,0.8375,1.00421,1.00451,1.00324,1.01289,1.0062125000000002
4184.0,0.89329,1.00319,1.00078,0.99966,1.00958,1.0033025
4185.0,0.91079,1.00216,0.99646,0.99588,1.00569,1.0000475
4186.0,1.0851,1.00116,0.99254,0.99285,1.00222,0.9971925000000001
4187.0,0.96326,1.00023,0.99001,0.99129,1.00056,0.9955225000000001
4188.0,0.93538,0.99924,0.98948,0.9915,1.00142,0.99541
4189.0,0.90337,0.998,0.99088,0.99315,1.00453,0.99664
4190.0,0.83243,0.99644,0.99336,0.99536,1.00869,0.9984625
4191.0,0.89589,0.99431,0.99584,0.99719,1.01233,0.9999174999999999
4192.0,0.74255,0.99125,0.9973,0.9976,1.01363,0.9999450000000001
4193.0,0.99324,0.98721,0.99665,0.99557,1.0107,0.9975324999999999
4194.0,1.03451,0.98251,0.99296,0.99034,1.00256,0.9920925
4195.0,1.00245,0.97749,0.98561,0.98157,0.98969,0.98359
4196.0,0.96129,0.97241,0.97456,0.96967,0.97404,0.97267
4197.0,0.7496,0.96781,0.96081,0.95624,0.95859,0.9608625
4198.0,0.67668,0.96435,0.94678,0.94423,0.9467,0.950515
4199.0,1.12701,0.96233,0.936,0.937,0.94098,0.9440775
4200.0,1.23083,0.96192,0.93184,0.93677,0.94231,0.94321
4201.0,0.9332,0.96333,0.93571,0.94347,0.94981,0.94808
4202.0,1.00305,0.96645,0.94615,0.95464,0.96111,0.9570875000000001
4203.0,1.06957,0.97075,0.95953,0.96685,0.9735,0.9676575
4204.0,0.9202,0.97563,0.97223,0.97746,0.98515,0.9776175
4205.0,1.20577,0.98058,0.98219,0.98532,0.99507,0.9857899999999999
4206.0,1.06225,0.98512,0.98891,0.99045,1.00279,0.9918175
4207.0,0.8436,0.98892,0.99278,0.99326,1.00812,0.99577
4208.0,0.95214,0.99187,0.99432,0.99412,1.0109,0.9978025
4209.0,1.12086,0.99385,0.99392,0.99334,1.01132,0.9981075
4210.0,1.08264,0.99485,0.99199,0.99137,1.00987,0.99702
4211.0,1.09525,0.99512,0.9893,0.98906,1.00694,0.9951050000000001
4212.0,1.20849,0.9949,0.98685,0.98716,1.00294,0.9929625
4213.0,1.12899,0.99437,0.98539,0.98614,0.99847,0.9910924999999999
4214.0,0.73208,0.99363,0.98529,0.98619,0.9947,0.9899525
4215.0,0.70254,0.99267,0.98631,0.98712,0.99333,0.9898575000000001
4216.0,0.90818,0.99133,0.98796,0.98865,0.99531,0.9908125
4217.0,1.07669,0.98942,0.98989,0.99052,0.99994,0.9924425
4218.0,0.86258,0.98691,0.99178,0.9923,1.0051,0.9940224999999999
4219.0,0.64751,0.9837,0.99314,0.99334,1.00796,0.994535
4220.0,1.01952,0.97953,0.99347,0.99307,1.00598,0.9930125
4221.0,0.91381,0.97458,0.99243,0.99117,0.99777,0.9889875
4222.0,0.8911,0.96941,0.98991,0.98764,0.98351,0.9826174999999999
4223.0,0.96255,0.96446,0.98615,0.9829,0.96524,0.9746875
4224.0,1.14589,0.96001,0.98172,0.9778,0.94687,0.9666
4225.0,1.17909,0.95653,0.97752,0.97354,0.93344,0.9602575
4226.0,0.87471,0.95434,0.97459,0.9713,0.92931,0.9573849999999999
4227.0,0.8262,0.95349,0.97371,0.97165,0.93565,0.958625
4228.0,1.09366,0.95398,0.97498,0.97418,0.94932,0.963115
4229.0,1.07864,0.95575,0.97768,0.97764,0.96476,0.9689575
4230.0,1.08855,0.95838,0.98052,0.98054,0.97679,0.9740575
4231.0,1.09667,0.96111,0.98236,0.98192,0.98269,0.97702
4232.0,0.82259,0.9634,0.98278,0.98172,0.98295,0.9777125
4233.0,0.73642,0.96518,0.98193,0.98035,0.97977,0.9768075
4234.0,1.06011,0.96647,0.98029,0.97847,0.97534,0.9751425
4235.0,0.92969,0.96746,0.97847,0.97672,0.9716,0.9735625
4236.0,0.8481,0.96837,0.97695,0.97548,0.96981,0.9726524999999999
4237.0,0.95023,0.96923,0.97598,0.97489,0.9703,0.9725999999999999
4238.0,0.8544,0.97009,0.97563,0.97494,0.97282,0.9733700000000001
4239.0,0.66571,0.97102,0.9758,0.97541,0.97676,0.9747475
4240.0,0.73078,0.97183,0.9762,0.97603,0.98121,0.9763175
4241.0,0.8696,0.97223,0.9767,0.9767,0.98535,0.977745
4242.0,0.92962,0.97223,0.97725,0.97731,0.98855,0.978835
4243.0,0.93033,0.97174,0.97767,0.9776,0.98992,0.9792325000000001
4244.0,0.97829,0.9706,0.97771,0.97727,0.98847,0.9785125
4245.0,0.89538,0.96898,0.97708,0.97609,0.98384,0.9764975
4246.0,0.89633,0.9671,0.97571,0.97418,0.97681,0.97345
4247.0,0.95378,0.9649,0.97386,0.97198,0.96921,0.9699874999999999
4248.0,0.88845,0.96241,0.97205,0.97005,0.96302,0.9668825000000001
4249.0,1.01601,0.96002,0.9707,0.96879,0.95952,0.9647575
4250.0,1.04569,0.95815,0.96995,0.96818,0.9588,0.96377
4251.0,0.89821,0.95675,0.96962,0.96795,0.95968,0.9635
4252.0,0.89927,0.95558,0.96945,0.96784,0.96088,0.9634375000000001
4253.0,1.10921,0.95469,0.96926,0.96767,0.96194,0.96339
4254.0,1.15896,0.95408,0.96896,0.96746,0.96298,0.9633700000000001
4255.0,0.75845,0.95355,0.9686,0.96722,0.96393,0.963325
4256.0,0.76609,0.95316,0.96818,0.96679,0.96384,0.9629925000000001
4257.0,0.74615,0.95306,0.96752,0.96598,0.96177,0.9620825000000001
4258.0,0.63217,0.95327,0.96653,0.96478,0.95812,0.960675
4259.0,0.92374,0.95357,0.96537,0.96355,0.95483,0.95933
4260.0,1.24379,0.95364,0.96447,0.96286,0.9545,0.9588675
4261.0,0.84884,0.95347,0.96417,0.96294,0.9583,0.95972
4262.0,1.0471,0.95314,0.96441,0.96345,0.9649,0.961475
4263.0,0.86732,0.95252,0.9646,0.96359,0.97148,0.9630475000000001
4264.0,0.93109,0.95133,0.96395,0.96254,0.97529,0.9632775
4265.0,0.85455,0.9493,0.96204,0.96019,0.97468,0.9615525
4266.0,0.78863,0.94642,0.95924,0.95721,0.9696,0.9581175
4267.0,1.19032,0.94291,0.95638,0.95443,0.96103,0.9536875
4268.0,0.83976,0.93894,0.95419,0.95236,0.95013,0.948905
4269.0,0.90851,0.93492,0.95289,0.95098,0.93824,0.9442575
4270.0,0.99459,0.93143,0.9521,0.94984,0.92728,0.9401625
4271.0,0.92132,0.92877,0.95125,0.94865,0.91931,0.9369949999999999
4272.0,0.75796,0.92692,0.95016,0.94748,0.91581,0.9350925
4273.0,0.76792,0.92593,0.94899,0.94664,0.91729,0.9347125
4274.0,1.01319,0.92592,0.94808,0.94643,0.92331,0.935935
4275.0,0.71018,0.92678,0.94776,0.94698,0.93208,0.9384
4276.0,0.93418,0.92801,0.94822,0.94823,0.94099,0.9413625000000001
4277.0,0.9381,0.92926,0.94941,0.94979,0.94762,0.9440200000000001
4278.0,0.81128,0.93031,0.95087,0.95105,0.95044,0.9456675
4279.0,1.02171,0.93079,0.95198,0.95154,0.94978,0.9460225000000001
4280.0,0.9141,0.93047,0.95227,0.9511,0.9472,0.94526
4281.0,0.95858,0.92927,0.95164,0.94996,0.94421,0.94377
4282.0,1.03991,0.92724,0.95038,0.94848,0.94143,0.9418825
4283.0,0.93328,0.92465,0.94886,0.94692,0.93832,0.9396875
4284.0,0.95372,0.92173,0.9474,0.94543,0.93411,0.9371675
4285.0,1.00915,0.91871,0.94612,0.94399,0.92856,0.934345
4286.0,0.77781,0.91568,0.9449,0.94243,0.92185,0.931215
4287.0,0.90735,0.91266,0.94357,0.94071,0.91473,0.9279175000000001
4288.0,0.87372,0.90981,0.94211,0.93901,0.9087,0.9249075
4289.0,0.89525,0.90727,0.94077,0.93775,0.90557,0.92284
4290.0,1.00393,0.90485,0.94001,0.93738,0.90633,0.9221425000000001
4291.0,0.94844,0.90227,0.94012,0.93793,0.91023,0.9226375
4292.0,0.91075,0.89945,0.94087,0.93889,0.91481,0.923505
4293.0,1.11547,0.89633,0.94172,0.93958,0.91725,0.92372
4294.0,1.1081,0.89277,0.94207,0.93941,0.91563,0.92247
4295.0,0.82895,0.88852,0.94159,0.93821,0.90928,0.9194
4296.0,0.7835,0.88349,0.9403,0.93608,0.89889,0.91469
4297.0,1.1513,0.87802,0.93828,0.9332,0.88609,0.9088975000000001
4298.0,1.09162,0.87246,0.93567,0.92987,0.87309,0.9027725
4299.0,0.73219,0.86698,0.93274,0.92655,0.86237,0.89716
4300.0,0.79338,0.86181,0.92986,0.92365,0.85543,0.8926875
4301.0,0.89417,0.85718,0.92735,0.92148,0.85228,0.8895725
4302.0,0.78783,0.85343,0.92545,0.92007,0.85187,0.887705
4303.0,1.12246,0.8508,0.92415,0.91918,0.85232,0.8866125
4304.0,1.28768,0.84921,0.92328,0.91851,0.85182,0.885705
4305.0,0.93384,0.84869,0.92261,0.91779,0.84959,0.8846700000000001
4306.0,0.71134,0.84942,0.92193,0.91687,0.8461,0.8835799999999999
4307.0,0.66816,0.85151,0.92114,0.91589,0.84314,0.88292
4308.0,0.78089,0.85506,0.92046,0.91522,0.84288,0.883405
4309.0,0.91185,0.86012,0.92016,0.91521,0.84664,0.8855325
4310.0,0.85857,0.8666,0.92042,0.91594,0.85463,0.8893975000000001
4311.0,0.80023,0.87437,0.92114,0.91725,0.8663,0.8947649999999999
4312.0,0.89728,0.88306,0.92217,0.91905,0.88088,0.9012899999999999
4313.0,1.02488,0.89207,0.92356,0.92142,0.89785,0.908725
4314.0,1.02544,0.90075,0.92544,0.92435,0.91637,0.9167275
4315.0,0.90378,0.90848,0.9278,0.92759,0.93442,0.9245725
4316.0,1.0121,0.91468,0.93034,0.93057,0.9493,0.9312225
4317.0,0.94896,0.91897,0.9325,0.93261,0.9587,0.9356949999999999
4318.0,0.83748,0.92116,0.93378,0.9333,0.96134,0.937395
4319.0,0.9912,0.92125,0.934,0.93257,0.95719,0.9362524999999999
4320.0,0.84393,0.9195,0.93316,0.9305,0.94718,0.932585
4321.0,0.9548,0.91643,0.93125,0.92711,0.93272,0.9268775
4322.0,1.12133,0.9126,0.92819,0.92253,0.91597,0.9198225
4323.0,0.83708,0.90853,0.92408,0.91719,0.90031,0.9125274999999999
4324.0,0.6411,0.90473,0.91944,0.91197,0.88964,0.906445
4325.0,0.86098,0.90141,0.91514,0.90787,0.8868,0.902805
4326.0,0.86083,0.89852,0.91203,0.90545,0.89181,0.9019525
4327.0,1.00524,0.89586,0.91046,0.90449,0.90161,0.903105
4328.0,1.0924,0.89297,0.90996,0.90397,0.9118,0.904675
4329.0,0.95521,0.88913,0.90947,0.90257,0.91893,0.905025
4330.0,0.84689,0.88343,0.90788,0.89928,0.92147,0.9030150000000001
4331.0,0.9293,0.87515,0.90427,0.89337,0.91925,0.89801
4332.0,1.07715,0.86402,0.89786,0.88412,0.91211,0.8895275
4333.0,0.94043,0.85033,0.88766,0.87038,0.89884,0.8768024999999999
4334.0,0.76284,0.83485,0.87215,0.85045,0.87719,0.85866
4335.0,0.76624,0.81856,0.84939,0.82277,0.84544,0.8340399999999999
4336.0,0.73507,0.80255,0.81825,0.78732,0.80493,0.8032625000000001
4337.0,0.67977,0.78817,0.77992,0.74703,0.76094,0.769015
4338.0,1.95297,0.77677,0.73917,0.70846,0.72189,0.7365725000000001
4339.0,8.37316,0.76936,0.70428,0.68038,0.69736,0.712845
4340.0,14.11817,0.7667,0.68412,0.67007,0.69383,0.7036800000000001
4341.0,10.90114,0.7691,0.68408,0.68002,0.71103,0.7110575
4342.0,4.00857,0.77618,0.70374,0.70698,0.74293,0.7324575
4343.0,1.18766,0.78713,0.73699,0.74323,0.78112,0.7621175
4344.0,0.65873,0.80076,0.7749,0.78027,0.81776,0.7934224999999999
4345.0,0.85126,0.81554,0.80981,0.81241,0.84794,0.821425
4346.0,0.81624,0.83002,0.83783,0.83747,0.87016,0.8438700000000001
4347.0,0.81053,0.84331,0.85827,0.85552,0.88458,0.86042
4348.0,0.91734,0.85498,0.87214,0.86775,0.89169,0.8716400000000001
4349.0,0.85608,0.86484,0.88108,0.87574,0.89278,0.87861
4350.0,0.81558,0.87303,0.8868,0.88116,0.89062,0.8829024999999999
4351.0,0.75508,0.87984,0.8909,0.88547,0.88884,0.8862625
4352.0,0.81031,0.88556,0.89458,0.88975,0.89011,0.89
4353.0,0.7453,0.89049,0.8985,0.89446,0.89514,0.8946475
4354.0,0.77263,0.89502,0.90273,0.89936,0.90285,0.8999900000000001
4355.0,0.95362,0.89942,0.90684,0.90382,0.91103,0.9052775
4356.0,0.66622,0.90372,0.9103,0.90739,0.91764,0.9097625
4357.0,0.86098,0.90773,0.91291,0.91001,0.92213,0.913195
4358.0,1.00273,0.9113,0.91478,0.91192,0.9254,0.91585
4359.0,0.81476,0.91436,0.91617,0.91345,0.92862,0.91815
4360.0,0.72763,0.91682,0.91733,0.91484,0.9323,0.9203225
4361.0,1.40578,0.91859,0.91837,0.91614,0.93621,0.9223275
4362.0,3.24511,0.91969,0.91926,0.91716,0.9396,0.9239275
4363.0,3.74482,0.92012,0.91972,0.91756,0.94142,0.924705
4364.0,2.69525,0.91983,0.91946,0.91711,0.94075,0.9242875
4365.0,1.39376,0.91878,0.91841,0.91589,0.93761,0.9226725
4366.0,0.73758,0.91706,0.9168,0.91424,0.93301,0.9202775
4367.0,0.83074,0.91487,0.91507,0.91261,0.92822,0.9176925
4368.0,0.89909,0.91235,0.91363,0.9114,0.92405,0.9153575
4369.0,0.9856,0.90964,0.91269,0.91066,0.92065,0.91341
4370.0,0.9857,0.90692,0.91209,0.91006,0.91745,0.91163
4371.0,0.88203,0.90437,0.91142,0.90918,0.91356,0.9096325
4372.0,0.86252,0.90201,0.91042,0.90794,0.90888,0.9073125
4373.0,0.89235,0.89979,0.90915,0.90658,0.90467,0.9050475
4374.0,0.79432,0.89758,0.90793,0.90554,0.90275,0.9034500000000001
4375.0,0.74525,0.89523,0.90706,0.90507,0.90405,0.9028525000000001
4376.0,0.75095,0.89265,0.90661,0.90515,0.90782,0.9030575000000001
4377.0,0.69947,0.88983,0.90642,0.90543,0.91175,0.9033575
4378.0,0.71267,0.88677,0.9062,0.90536,0.91298,0.9028275
4379.0,0.84691,0.88343,0.90556,0.90433,0.90927,0.9006475
4380.0,0.88296,0.87984,0.90413,0.90203,0.89973,0.8964325
4381.0,0.88235,0.87618,0.90176,0.89852,0.8858,0.890565
4382.0,0.9477,0.87279,0.89861,0.89413,0.87147,0.88425
4383.0,0.92859,0.87009,0.89496,0.88942,0.86121,0.8789199999999999
4384.0,0.83394,0.86832,0.89129,0.88506,0.85752,0.8755474999999999
4385.0,0.77878,0.86756,0.8881,0.88165,0.86008,0.8743475
4386.0,0.71854,0.86792,0.88582,0.87958,0.8666,0.8749800000000001
4387.0,0.82619,0.86959,0.88482,0.8792,0.87438,0.8769975
4388.0,0.98525,0.87235,0.88546,0.8809,0.88165,0.88009
4389.0,0.96811,0.87569,0.888,0.88476,0.8881,0.8841375
4390.0,0.96899,0.87916,0.8922,0.89007,0.89399,0.8888550000000001
4391.0,1.00039,0.88254,0.89699,0.89532,0.89903,0.89347
4392.0,0.87208,0.88571,0.901,0.89925,0.90269,0.8971625000000001
4393.0,0.66003,0.88852,0.90342,0.90147,0.90522,0.8996575
4394.0,0.70115,0.89078,0.90433,0.90239,0.90744,0.901235
4395.0,0.88549,0.89234,0.90443,0.90278,0.90983,0.902345
4396.0,0.93205,0.89309,0.90443,0.90315,0.91191,0.9031450000000001
4397.0,0.88207,0.89311,0.90459,0.90348,0.91271,0.9034725
4398.0,0.84566,0.89259,0.9047,0.90341,0.91152,0.9030549999999999
4399.0,0.80207,0.89166,0.90439,0.90273,0.90861,0.9018475
4400.0,0.73327,0.8904,0.90354,0.90146,0.90474,0.900035
4401.0,0.79484,0.88895,0.90219,0.89982,0.90021,0.8977925
4402.0,0.93933,0.88753,0.90057,0.89806,0.89506,0.895305
4403.0,0.93837,0.88644,0.89892,0.8964,0.89012,0.89297
4404.0,0.80724,0.88595,0.89753,0.89507,0.88666,0.8913025
4405.0,0.67393,0.88605,0.8967,0.89446,0.88561,0.8907050000000001
4406.0,0.62174,0.88656,0.89674,0.89487,0.88753,0.891425
4407.0,0.88111,0.88743,0.89772,0.89616,0.89264,0.8934875
4408.0,0.95407,0.88874,0.89926,0.89784,0.90007,0.8964774999999999
4409.0,0.73352,0.89031,0.90084,0.89944,0.90794,0.8996325000000001
4410.0,0.71487,0.89179,0.90199,0.90047,0.91425,0.902125
4411.0,1.0402,0.89296,0.90223,0.90035,0.91715,0.9031724999999999
4412.0,0.79088,0.89389,0.90113,0.89872,0.91545,0.9022975
4413.0,0.6269,0.8946,0.8987,0.89588,0.90999,0.8997925
4414.0,0.81999,0.89506,0.89547,0.89258,0.90368,0.8966975
4415.0,0.8649,0.89536,0.89236,0.8899,0.89964,0.894315
4416.0,0.70255,0.89559,0.89041,0.88886,0.89967,0.8936324999999999
4417.0,0.79853,0.89577,0.89027,0.88969,0.90356,0.8948225
4418.0,0.8406,0.89599,0.89177,0.89176,0.90914,0.897165
4419.0,0.84884,0.89634,0.89405,0.89405,0.91367,0.8995275
4420.0,0.73171,0.89667,0.89617,0.89575,0.91559,0.901045
4421.0,0.75622,0.89681,0.8975,0.89649,0.91503,0.9014575
4422.0,0.8893,0.8967,0.89791,0.89637,0.91297,0.9009875
4423.0,0.76305,0.89625,0.8976,0.89576,0.91048,0.9000225
4424.0,0.76951,0.89545,0.89693,0.89497,0.90827,0.8989050000000001
4425.0,0.73244,0.89441,0.89618,0.89423,0.90667,0.8978725
4426.0,0.71086,0.89325,0.89554,0.89356,0.90572,0.8970175
4427.0,0.77375,0.89201,0.89498,0.89292,0.90508,0.8962475
4428.0,0.85968,0.89071,0.89441,0.89225,0.90439,0.89544
4429.0,0.84651,0.88937,0.8937,0.89143,0.90344,0.894485
4430.0,0.88253,0.88811,0.89272,0.89026,0.90182,0.8932275
4431.0,0.95113,0.88702,0.89133,0.88868,0.89897,0.8915
4432.0,0.91696,0.88608,0.88964,0.88683,0.89503,0.8893949999999999
4433.0,0.86833,0.88534,0.88786,0.88494,0.89123,0.8873424999999999
4434.0,0.91422,0.88489,0.88627,0.88333,0.88942,0.8859775
4435.0,0.95302,0.88475,0.88516,0.8824,0.89089,0.8857999999999999
4436.0,0.89158,0.88478,0.88473,0.88226,0.89532,0.8867725
4437.0,0.71491,0.88493,0.88479,0.88255,0.90072,0.8882474999999999
4438.0,0.75265,0.88521,0.8848,0.88263,0.90431,0.8892374999999999
4439.0,0.85998,0.88564,0.88424,0.88203,0.90421,0.88903
4440.0,0.81004,0.88616,0.88298,0.88078,0.9007,0.887655
4441.0,0.93032,0.88667,0.88147,0.87947,0.89607,0.8859199999999999
4442.0,0.7097,0.88711,0.88045,0.87889,0.89316,0.8849024999999999
4443.0,0.69816,0.88745,0.88055,0.87946,0.89367,0.8852825
4444.0,0.96821,0.88766,0.88173,0.88089,0.89715,0.8868575
4445.0,0.96543,0.88773,0.88339,0.88255,0.90183,0.888875
4446.0,0.74357,0.88761,0.88487,0.88383,0.90589,0.89055
4447.0,0.63505,0.88718,0.88576,0.88441,0.9081,0.8913625000000001
4448.0,0.91516,0.88629,0.88598,0.88436,0.90801,0.89116
4449.0,0.97925,0.88483,0.88572,0.88387,0.90601,0.8901075
4450.0,0.73888,0.88277,0.88515,0.88303,0.9025,0.8883624999999999
4451.0,0.88746,0.88026,0.88428,0.8818,0.89739,0.8859325
4452.0,0.983,0.87749,0.88312,0.88027,0.8908,0.88292
4453.0,0.87678,0.87461,0.88181,0.87868,0.88369,0.8796975
4454.0,0.88373,0.87184,0.8806,0.87727,0.87751,0.8768050000000001
4455.0,0.92499,0.86935,0.87969,0.87622,0.87321,0.8746175
4456.0,0.81079,0.86726,0.8791,0.87558,0.8709,0.87321
4457.0,0.68498,0.86561,0.87876,0.87519,0.87012,0.87242
4458.0,0.77241,0.86445,0.87847,0.87478,0.87014,0.8719600000000001
4459.0,0.86189,0.8638,0.87803,0.87421,0.87053,0.8716425
4460.0,0.67358,0.86353,0.87748,0.87366,0.87163,0.8715750000000001
4461.0,0.62881,0.86342,0.87702,0.87332,0.87406,0.871955
4462.0,0.55971,0.86334,0.87679,0.87319,0.87759,0.8727275
4463.0,0.79367,0.86322,0.87665,0.87299,0.8811,0.87349
4464.0,0.9573,0.86299,0.8762,0.8721,0.88326,0.8736375
4465.0,0.78837,0.86267,0.87472,0.86965,0.8829,0.872485
4466.0,0.66292,0.8624,0.87131,0.86472,0.87949,0.86948
4467.0,0.87786,0.86231,0.86518,0.85679,0.87365,0.8644825
4468.0,0.8155,0.86249,0.856,0.84624,0.8671,0.8579574999999999
4469.0,0.90716,0.86311,0.84473,0.83509,0.86224,0.8512925
4470.0,1.38046,0.8643,0.83408,0.82653,0.86155,0.8466150000000001
4471.0,1.87161,0.86608,0.82749,0.82349,0.86628,0.845835
4472.0,1.73716,0.86833,0.82739,0.82737,0.87547,0.8496400000000001
4473.0,1.21117,0.87086,0.83411,0.83723,0.88665,0.8572124999999999
4474.0,0.86465,0.87343,0.84547,0.84961,0.8971,0.8664025
4475.0,0.90031,0.87585,0.8575,0.86032,0.90448,0.8745375000000001
4476.0,1.01005,0.87795,0.86653,0.86702,0.90728,0.879695
4477.0,0.93496,0.87956,0.87108,0.86932,0.9053,0.881315
4478.0,0.88198,0.88059,0.87151,0.86811,0.89961,0.879955
4479.0,0.6728,0.88116,0.86921,0.86511,0.89247,0.8769875
4480.0,0.69157,0.8815,0.86615,0.8623,0.88679,0.874185
4481.0,0.78159,0.88174,0.86418,0.86129,0.88492,0.8730325
4482.0,0.76083,0.88194,0.86444,0.86276,0.88747,0.8741525
4483.0,0.8772,0.88213,0.86699,0.86618,0.89303,0.8770825
4484.0,0.96965,0.88232,0.87083,0.87008,0.89898,0.8805525
4485.0,0.87344,0.88251,0.87442,0.873,0.9027,0.8831574999999999
4486.0,0.78271,0.88265,0.87663,0.87426,0.90291,0.8841125
4487.0,0.76489,0.88263,0.8772,0.87402,0.90018,0.8835074999999999
4488.0,0.7939,0.88237,0.87654,0.8729,0.89642,0.8820574999999999
4489.0,0.87159,0.88189,0.87537,0.87162,0.89347,0.8805875000000001
4490.0,0.81384,0.8813,0.87429,0.87069,0.89195,0.8795575
4491.0,0.65315,0.88073,0.87361,0.87019,0.89129,0.878955
4492.0,0.79673,0.88028,0.87325,0.86987,0.89051,0.8784775
4493.0,0.86443,0.88008,0.87296,0.86944,0.88923,0.8779275
4494.0,0.86195,0.88026,0.87257,0.86891,0.88795,0.8774225
4495.0,0.82623,0.88085,0.87216,0.8685,0.8877,0.8773025000000001
4496.0,0.7878,0.88179,0.87193,0.86842,0.88909,0.8778075
4497.0,0.78539,0.88304,0.87198,0.86865,0.89181,0.87887
4498.0,0.85018,0.88454,0.87219,0.86899,0.89493,0.8801625000000001
4499.0,0.8366,0.88627,0.87237,0.86928,0.89786,0.881445
4500.0,0.82937,0.88811,0.87248,0.86952,0.9008,0.8827275000000001
4501.0,0.87561,0.88991,0.87263,0.86986,0.90421,0.8841525
4502.0,0.89306,0.89151,0.87298,0.87048,0.90806,0.8857575
4503.0,0.76283,0.89273,0.8736,0.87127,0.91174,0.887335
4504.0,0.71807,0.89345,0.87425,0.87189,0.91435,0.888485
4505.0,0.84457,0.89363,0.87453,0.87189,0.91524,0.8888225000000001
4506.0,0.89432,0.89328,0.87404,0.87102,0.91445,0.8881975
4507.0,0.7837,0.8924,0.87257,0.86928,0.9125,0.8866875
4508.0,0.69047,0.89098,0.87015,0.86683,0.90987,0.8844574999999999
4509.0,0.8233,0.88909,0.86698,0.86389,0.90673,0.8816725
4510.0,0.86779,0.88688,0.86338,0.86068,0.90302,0.87849
4511.0,0.77706,0.88451,0.85966,0.85742,0.89877,0.8750899999999999
4512.0,0.70672,0.88211,0.85608,0.85442,0.89432,0.8717324999999999
4513.0,0.73334,0.87977,0.85306,0.85202,0.89027,0.8687800000000001
4514.0,0.8565,0.87755,0.85095,0.85045,0.88716,0.8665274999999999
4515.0,0.82937,0.87545,0.85001,0.84994,0.88521,0.8651525
4516.0,0.70367,0.87345,0.85039,0.85061,0.88444,0.8647225000000001
4517.0,0.74087,0.87149,0.85207,0.85222,0.88471,0.8651225
4518.0,0.71867,0.86947,0.85457,0.85413,0.88547,0.86591
4519.0,0.74627,0.86729,0.85704,0.85566,0.8858,0.8664475
4520.0,0.84466,0.86486,0.85872,0.85635,0.88481,0.866185
4521.0,0.8559,0.86209,0.85927,0.85599,0.88211,0.864865
4522.0,0.70808,0.859,0.85866,0.85469,0.87775,0.862525
4523.0,0.75348,0.85566,0.85723,0.8528,0.87204,0.8594325
4524.0,0.74799,0.85219,0.85541,0.85073,0.86545,0.855945
4525.0,0.81324,0.84869,0.85356,0.84869,0.85859,0.8523825
4526.0,0.74797,0.84529,0.85178,0.84671,0.85217,0.8489875
4527.0,0.62482,0.84218,0.85005,0.84482,0.84699,0.8460099999999999
4528.0,0.92066,0.83953,0.84844,0.84325,0.84369,0.8437275000000001
4529.0,0.69001,0.83739,0.84716,0.84217,0.8423,0.842255
4530.0,0.60879,0.83578,0.84634,0.84155,0.84205,0.84143
4531.0,0.81691,0.83468,0.84583,0.8411,0.84187,0.84087
4532.0,0.951,0.83405,0.84533,0.8405,0.84137,0.8403125
4533.0,0.848,0.83382,0.84457,0.83957,0.84124,0.8398
4534.0,0.85377,0.83388,0.84345,0.8383,0.84265,0.8395699999999999
4535.0,0.78548,0.8341,0.84182,0.83648,0.84591,0.8395775
4536.0,0.78027,0.8344,0.83917,0.83346,0.84982,0.8392124999999999
4537.0,0.84185,0.83467,0.83456,0.82827,0.85232,0.8374550000000001
4538.0,0.82639,0.83491,0.82715,0.82055,0.85189,0.8336250000000001
4539.0,0.83187,0.83513,0.81728,0.81132,0.84882,0.8281375
4540.0,0.76815,0.8354,0.807,0.80302,0.84502,0.82261
4541.0,0.62209,0.83575,0.79938,0.79844,0.84267,0.81906
4542.0,0.69749,0.83615,0.7971,0.79929,0.84291,0.8188625
4543.0,0.89356,0.83658,0.80101,0.80531,0.84546,0.82209
4544.0,0.90912,0.83705,0.80973,0.81426,0.84902,0.8275149999999999
4545.0,0.77347,0.83759,0.82028,0.82325,0.85201,0.8332824999999999
4546.0,0.73224,0.83821,0.82971,0.8303,0.85342,0.8379099999999999
4547.0,0.83343,0.83891,0.83645,0.83477,0.85332,0.8408625000000001
4548.0,0.63054,0.83966,0.84033,0.83692,0.85243,0.8423350000000001
4549.0,0.75491,0.84044,0.84193,0.83743,0.85141,0.8428025
4550.0,0.8092,0.84134,0.84207,0.83708,0.85052,0.8427524999999999
4551.0,0.70117,0.84244,0.84153,0.83648,0.84984,0.8425725
4552.0,0.69833,0.84376,0.84091,0.83606,0.84964,0.8425925000000001
4553.0,0.95021,0.84532,0.84065,0.83613,0.85049,0.8431474999999999
4554.0,0.75875,0.84711,0.84103,0.83695,0.8531,0.8445475
4555.0,0.75937,0.84906,0.84222,0.83858,0.85775,0.8469024999999999
4556.0,0.87365,0.85107,0.84409,0.84073,0.86386,0.8499375
4557.0,0.82655,0.85293,0.84627,0.84297,0.87015,0.8530799999999998
4558.0,0.73222,0.85453,0.84831,0.84484,0.87518,0.855715
4559.0,0.78937,0.85579,0.84985,0.84598,0.87787,0.8573725
4560.0,0.91844,0.85667,0.85063,0.84623,0.87781,0.8578350000000001
4561.0,0.90469,0.85714,0.85059,0.84561,0.87539,0.8571825
4562.0,0.82862,0.85724,0.84982,0.84432,0.87178,0.85579
4563.0,0.85434,0.85701,0.84848,0.84264,0.86845,0.854145
4564.0,0.84011,0.85657,0.84682,0.84087,0.86657,0.8527075000000001
4565.0,0.76795,0.85602,0.84501,0.83922,0.86644,0.8516724999999999
4566.0,0.79849,0.85545,0.84317,0.83778,0.86741,0.8509525
4567.0,0.81987,0.85491,0.84144,0.83653,0.86829,0.8502924999999999
4568.0,0.82849,0.8544,0.83995,0.83553,0.86804,0.84948
4569.0,0.8925,0.85395,0.83895,0.83495,0.86667,0.84863
4570.0,0.94677,0.85353,0.83867,0.83492,0.86516,0.84807
4571.0,0.906,0.8531,0.83914,0.83546,0.86458,0.84807
4572.0,0.79909,0.85258,0.84016,0.83635,0.86535,0.84861
4573.0,0.69857,0.85192,0.84136,0.83733,0.86702,0.8494075000000001
4574.0,0.66509,0.85105,0.84239,0.8381,0.86853,0.8500174999999999
4575.0,0.83518,0.84999,0.84305,0.83844,0.86874,0.8500549999999999
4576.0,0.94569,0.84872,0.84321,0.83822,0.86697,0.84928
4577.0,0.74368,0.84733,0.84287,0.83747,0.86328,0.8477375
4578.0,0.62685,0.8459,0.84209,0.8363,0.85852,0.8457025
4579.0,0.80263,0.84449,0.841,0.83493,0.8538,0.8435549999999999
4580.0,0.80996,0.84318,0.83981,0.83361,0.85009,0.8416725
4581.0,0.69666,0.84207,0.83873,0.83256,0.84789,0.8403125
4582.0,0.80335,0.84123,0.83789,0.83186,0.8472,0.839545
4583.0,0.83753,0.84067,0.8373,0.83144,0.84775,0.83929
4584.0,0.78501,0.84034,0.83688,0.83118,0.84926,0.839415
4585.0,0.83959,0.84019,0.83654,0.83101,0.85149,0.8398075
4586.0,0.66779,0.84015,0.83621,0.83083,0.85402,0.8403025
4587.0,0.72897,0.84014,0.83579,0.83051,0.85615,0.8406475
4588.0,0.68578,0.84008,0.83518,0.82992,0.85712,0.8405750000000001
4589.0,0.6569,0.83991,0.83433,0.82904,0.85653,0.8399525000000001
4590.0,0.73933,0.83961,0.83333,0.82799,0.85464,0.8388925
4591.0,0.6304,0.83922,0.83236,0.82698,0.85221,0.8376925000000001
4592.0,0.85808,0.83876,0.8316,0.82625,0.85012,0.8366825
4593.0,0.90052,0.83828,0.83118,0.8259,0.84894,0.8360749999999999
4594.0,0.89965,0.83782,0.83109,0.82586,0.84876,0.8358825
4595.0,0.84829,0.83741,0.83121,0.82599,0.84925,0.835965
4596.0,0.63701,0.83707,0.83143,0.82619,0.84987,0.83614
4597.0,0.67923,0.83685,0.83166,0.82637,0.85008,0.8362400000000001
4598.0,0.76606,0.83676,0.83182,0.8264,0.84965,0.8361575
4599.0,0.78459,0.83683,0.83179,0.82618,0.84874,0.835885
4600.0,0.83051,0.83705,0.83151,0.82572,0.84778,0.835515
4601.0,0.76538,0.83742,0.83109,0.82522,0.84726,0.8352474999999999
4602.0,0.71214,0.83795,0.83072,0.82492,0.8475,0.8352725000000001
4603.0,0.70764,0.83863,0.83057,0.82494,0.84855,0.8356724999999999
4604.0,0.69997,0.83942,0.83063,0.82515,0.85034,0.836385
4605.0,0.86426,0.84026,0.8307,0.82532,0.85271,0.8372475
4606.0,0.9,0.84111,0.8305,0.82521,0.85534,0.83804
4607.0,0.91909,0.84189,0.82986,0.82474,0.85774,0.8385575000000001
4608.0,0.8971,0.84258,0.82881,0.82399,0.85943,0.8387025
4609.0,0.78562,0.8431,0.82763,0.82318,0.86008,0.8384974999999999
4610.0,0.69977,0.84345,0.82668,0.8226,0.85974,0.8381175
4611.0,0.58039,0.84362,0.82631,0.82247,0.8588,0.8378
4612.0,0.72426,0.84363,0.82664,0.82278,0.85775,0.8376999999999999
4613.0,0.77852,0.84352,0.82747,0.82332,0.85682,0.8377825000000001
4614.0,0.70136,0.84334,0.82839,0.82368,0.85606,0.8378675
4615.0,0.77948,0.84312,0.82893,0.82361,0.85531,0.8377425000000001
4616.0,0.77915,0.84288,0.82887,0.82307,0.8545,0.8373299999999999
4617.0,0.70094,0.84266,0.8283,0.82225,0.85386,0.8367675
4618.0,0.68486,0.84246,0.82753,0.82148,0.85372,0.8362974999999999
4619.0,0.62939,0.84225,0.82691,0.82109,0.85422,0.8361175000000001
4620.0,0.72985,0.84201,0.82676,0.82123,0.85526,0.836315
4621.0,0.70183,0.84169,0.82709,0.8218,0.85639,0.8367425
4622.0,0.59109,0.84124,0.82774,0.82249,0.85709,0.83714
4623.0,0.83343,0.84062,0.82836,0.82294,0.85705,0.8372425
4624.0,0.67492,0.83982,0.82862,0.82289,0.85623,0.83689
4625.0,0.65246,0.83882,0.82831,0.82218,0.85472,0.8360075
4626.0,0.63224,0.83763,0.82724,0.82073,0.85271,0.8345775
4627.0,0.678,0.83629,0.82532,0.81851,0.85045,0.8326425
4628.0,0.8117,0.83483,0.82258,0.81572,0.8482,0.8303325
4629.0,0.58088,0.83328,0.81936,0.81277,0.84616,0.8278924999999999
4630.0,0.86471,0.83169,0.81626,0.81027,0.84445,0.8256675
4631.0,0.90259,0.83009,0.81402,0.80878,0.84304,0.8239825000000001
4632.0,0.71912,0.82851,0.81312,0.80852,0.84179,0.822985
4633.0,0.7903,0.82697,0.81356,0.80919,0.84047,0.8225475
4634.0,0.75932,0.82546,0.81479,0.81015,0.83886,0.822315
4635.0,0.75196,0.82399,0.816,0.81074,0.8369,0.8219075
4636.0,0.99261,0.82251,0.81653,0.81058,0.8348,0.821105
4637.0,0.82696,0.821,0.81612,0.8097,0.83303,0.8199624999999999
4638.0,0.80547,0.81942,0.81497,0.80844,0.83213,0.81874
4639.0,0.69404,0.81771,0.81351,0.80722,0.83232,0.81769
4640.0,0.55334,0.81583,0.81219,0.80627,0.83318,0.8168675
4641.0,0.60146,0.81376,0.81111,0.80539,0.83369,0.8159875000000001
4642.0,0.79827,0.81151,0.80982,0.80391,0.83255,0.8144475
4643.0,0.67421,0.80915,0.80741,0.80098,0.82888,0.8116049999999999
4644.0,0.76075,0.80677,0.80301,0.79607,0.82292,0.8071925
4645.0,0.74106,0.80451,0.79634,0.78939,0.81595,0.8015475
4646.0,0.6176,0.80254,0.78806,0.782,0.80978,0.795595
4647.0,0.74537,0.80099,0.77968,0.77542,0.8059,0.7904975
4648.0,0.78439,0.8,0.77291,0.77097,0.80488,0.7871900000000001
4649.0,0.68185,0.79965,0.76896,0.7693,0.80625,0.78604
4650.0,0.72646,0.79995,0.76822,0.77027,0.80886,0.7868250000000001
4651.0,0.76107,0.80088,0.77035,0.77321,0.81154,0.7889949999999999
4652.0,0.76156,0.80235,0.77456,0.77741,0.81372,0.79201
4653.0,0.76668,0.80422,0.78,0.78225,0.81557,0.79551
4654.0,0.78039,0.80632,0.78605,0.78729,0.81789,0.7993875000000001
4655.0,0.72303,0.80845,0.79226,0.79224,0.8215,0.8036125
4656.0,0.61254,0.8104,0.7982,0.79693,0.82659,0.80803
4657.0,0.78308,0.81196,0.80348,0.80101,0.83239,0.8122100000000001
4658.0,0.85388,0.81297,0.80765,0.80395,0.83745,0.815505
4659.0,0.77157,0.8133,0.8102,0.80529,0.84027,0.8172649999999999
4660.0,0.72745,0.81291,0.81082,0.80489,0.84002,0.81716
4661.0,0.5838,0.81185,0.80958,0.80293,0.83671,0.8152675
4662.0,0.72647,0.81024,0.80687,0.79981,0.83096,0.81197
4663.0,0.81715,0.80827,0.80325,0.79617,0.82361,0.807825
4664.0,0.64378,0.80619,0.79944,0.79269,0.81565,0.8034924999999999
4665.0,0.64098,0.80423,0.79624,0.79004,0.80825,0.79969
4666.0,0.80383,0.8026,0.79436,0.78878,0.80284,0.797145
4667.0,0.93148,0.80145,0.79422,0.78914,0.8006,0.7963525
4668.0,0.91266,0.80083,0.79577,0.7909,0.8019,0.79735
4669.0,0.67652,0.80073,0.79842,0.79338,0.80597,0.7996249999999999
4670.0,0.67592,0.80102,0.80121,0.79567,0.8112,0.802275
4671.0,0.91191,0.80155,0.80319,0.79706,0.81602,0.804455
4672.0,0.96689,0.80211,0.80389,0.79735,0.81959,0.8057349999999999
4673.0,0.67565,0.8025,0.80353,0.79691,0.82184,0.806195
4674.0,0.71167,0.80255,0.80272,0.79632,0.82304,0.8061575000000001
4675.0,0.76999,0.80213,0.80209,0.79596,0.82328,0.8058649999999999
4676.0,0.76986,0.80117,0.80187,0.79574,0.82235,0.8052825
4677.0,0.75792,0.79968,0.80176,0.79519,0.81999,0.804155
4678.0,0.75687,0.79773,0.80114,0.7937,0.81626,0.8022075
4679.0,0.82847,0.79546,0.79927,0.79064,0.8115,0.7992175
4680.0,0.78723,0.79305,0.79534,0.78537,0.80611,0.7949674999999999
4681.0,0.63365,0.79072,0.78859,0.77745,0.80029,0.7892625
4682.0,0.87048,0.78868,0.77869,0.76703,0.79429,0.7821725
4683.0,0.83785,0.78714,0.76635,0.75546,0.78877,0.7744300000000001
4684.0,0.92054,0.78627,0.75379,0.74534,0.78487,0.7675675
4685.0,1.10814,0.78614,0.74435,0.7397,0.78382,0.7635025
4686.0,1.09473,0.78677,0.74111,0.74051,0.78619,0.763645
4687.0,0.86436,0.78808,0.74521,0.74751,0.79142,0.768055
4688.0,0.78859,0.78994,0.75519,0.75838,0.79811,0.775405
4689.0,0.66549,0.79212,0.76782,0.76987,0.80478,0.7836475
4690.0,0.67391,0.79441,0.77976,0.77945,0.81063,0.7910625
4691.0,0.79361,0.79655,0.78895,0.78621,0.81547,0.796795
4692.0,0.69364,0.79835,0.79501,0.79046,0.8194,0.800805
4693.0,0.72681,0.79963,0.79856,0.79287,0.82228,0.803335
4694.0,1.11492,0.8003,0.80032,0.79389,0.82362,0.8045325000000001
4695.0,1.00313,0.80033,0.80075,0.79375,0.82296,0.8044475
4696.0,0.93464,0.79975,0.80007,0.7926,0.82027,0.8031724999999998
4697.0,0.87454,0.79865,0.79853,0.79074,0.81604,0.80099
4698.0,0.81906,0.79715,0.7965,0.7886,0.81113,0.798345
4699.0,0.81649,0.79542,0.79444,0.7866,0.80642,0.79572
4700.0,0.83794,0.7936,0.7927,0.78499,0.80254,0.7934575
4701.0,0.90207,0.79181,0.7914,0.78384,0.79977,0.791705
4702.0,0.70637,0.79018,0.79048,0.78306,0.79813,0.7904625
4703.0,0.57144,0.78878,0.78985,0.78252,0.79741,0.7896399999999999
4704.0,0.62815,0.78766,0.78944,0.78217,0.79716,0.7891075000000001
4705.0,0.59287,0.78684,0.78923,0.78196,0.7969,0.7887325000000001
4706.0,0.60822,0.78634,0.78914,0.78174,0.79645,0.7884175
4707.0,0.73114,0.78615,0.78899,0.78129,0.79604,0.7881175
4708.0,0.49408,0.78626,0.7885,0.78038,0.79605,0.7877975
4709.0,0.64088,0.78668,0.78739,0.77887,0.79663,0.7873925
4710.0,0.97853,0.7874,0.78555,0.77678,0.79757,0.786825
4711.0,1.09447,0.78839,0.78317,0.7745,0.79853,0.7861475
4712.0,0.89545,0.78963,0.78088,0.77277,0.79946,0.785685
4713.0,0.88358,0.79108,0.77956,0.77238,0.80076,0.785945
4714.0,0.76058,0.79267,0.77991,0.7737,0.80297,0.7873125000000001
4715.0,0.82997,0.79432,0.78202,0.77655,0.80628,0.7897925
4716.0,0.88012,0.79592,0.78537,0.78016,0.81027,0.79293
4717.0,0.74573,0.79737,0.78905,0.78357,0.81414,0.7960325
4718.0,0.67491,0.79855,0.79222,0.78613,0.81712,0.798505
4719.0,0.69362,0.79938,0.79441,0.78766,0.81888,0.8000825
4720.0,0.69431,0.79976,0.79559,0.78833,0.81953,0.8008025
4721.0,0.82889,0.79967,0.79601,0.7884,0.81935,0.8008575
4722.0,0.699,0.79911,0.79592,0.78809,0.81853,0.8004125
4723.0,0.70814,0.79812,0.79549,0.78746,0.81693,0.7995000000000001
4724.0,0.85178,0.79679,0.79477,0.78648,0.81422,0.798065
4725.0,0.83224,0.79522,0.7937,0.7851,0.81027,0.7960725
4726.0,0.64272,0.79354,0.7923,0.78339,0.80547,0.793675
4727.0,0.7141,0.79189,0.79069,0.78161,0.80072,0.7912275000000001
4728.0,0.71308,0.79038,0.78915,0.78009,0.79704,0.789165
4729.0,0.70671,0.7891,0.78795,0.77909,0.79507,0.7878025
4730.0,0.82898,0.78812,0.78725,0.77868,0.79481,0.787215
4731.0,0.85022,0.78745,0.78703,0.77872,0.79578,0.787245
4732.0,0.77118,0.78709,0.78711,0.77898,0.79726,0.78761
4733.0,0.82941,0.78699,0.78729,0.77921,0.79865,0.7880349999999999
4734.0,0.77091,0.7871,0.7874,0.7793,0.79963,0.7883575
4735.0,0.78704,0.78738,0.78737,0.77922,0.8002,0.7885424999999999
4736.0,0.71415,0.78778,0.78722,0.77903,0.80055,0.788645
4737.0,0.59088,0.78824,0.78704,0.77882,0.80086,0.78874
4738.0,0.63441,0.78875,0.78686,0.77864,0.80122,0.7888675
4739.0,0.92723,0.78928,0.78671,0.77851,0.80164,0.7890349999999999
4740.0,0.98854,0.7898,0.78658,0.77843,0.80213,0.7892349999999999
4741.0,0.77982,0.7903,0.78651,0.77843,0.80278,0.7895050000000001
4742.0,0.67438,0.79076,0.7865,0.77851,0.80364,0.7898525
4743.0,0.76228,0.79113,0.78656,0.77865,0.80464,0.790245
4744.0,0.73806,0.79138,0.78664,0.7788,0.80565,0.7906175
4745.0,0.56689,0.79148,0.78672,0.7789,0.80654,0.79091
4746.0,0.68468,0.79138,0.78673,0.77889,0.80718,0.791045
4747.0,0.81917,0.79106,0.78664,0.77874,0.80742,0.790965
4748.0,0.70569,0.79049,0.78639,0.77841,0.80713,0.790605
4749.0,0.62301,0.78968,0.78595,0.77787,0.80617,0.7899175
4750.0,0.69076,0.78864,0.78532,0.77711,0.80449,0.78889
4751.0,0.76532,0.78739,0.78452,0.77618,0.80217,0.7875650000000001
4752.0,0.70091,0.78595,0.7836,0.77514,0.79948,0.7860425
4753.0,0.69076,0.78438,0.78267,0.77411,0.7968,0.7844899999999999
4754.0,0.70219,0.78269,0.78181,0.77318,0.79451,0.7830474999999999
4755.0,0.63904,0.78093,0.7811,0.77241,0.79284,0.78182
4756.0,0.66032,0.77911,0.78054,0.77182,0.79173,0.7807999999999999
4757.0,0.73259,0.77728,0.7801,0.77134,0.79086,0.779895
4758.0,0.74537,0.77547,0.77968,0.77082,0.7897,0.7789174999999999
4759.0,0.74508,0.77372,0.77913,0.77009,0.78773,0.7776675
4760.0,0.81144,0.77208,0.77832,0.76903,0.78475,0.776045
4761.0,0.73439,0.77061,0.77722,0.7677,0.78104,0.7741425
4762.0,0.70882,0.76939,0.77594,0.76628,0.77733,0.772235
4763.0,0.76973,0.76846,0.7747,0.76505,0.77451,0.77068
4764.0,0.77141,0.76787,0.77373,0.76425,0.77322,0.7697674999999999
4765.0,0.8273,0.76763,0.7732,0.764,0.77364,0.7696175
4766.0,0.81691,0.76773,0.77314,0.76425,0.77546,0.7701450000000001
4767.0,0.64783,0.76813,0.77343,0.7648,0.77803,0.7710975
4768.0,0.69536,0.76877,0.7739,0.7654,0.78061,0.77217
4769.0,0.74616,0.76955,0.77433,0.76584,0.78267,0.7730975
4770.0,0.74013,0.77039,0.77458,0.76605,0.78412,0.7737850000000001
4771.0,0.74499,0.77119,0.77465,0.76608,0.78525,0.7742925
4772.0,0.71061,0.77187,0.77465,0.7661,0.78646,0.77477
4773.0,0.74268,0.77235,0.77466,0.76618,0.78786,0.7752625
4774.0,0.69916,0.77259,0.77474,0.76629,0.78916,0.775695
4775.0,0.69336,0.77254,0.77478,0.76631,0.78992,0.7758875
4776.0,0.82619,0.77218,0.77466,0.76606,0.78975,0.7756624999999999
4777.0,0.95339,0.77154,0.77426,0.76549,0.78859,0.7749699999999999
4778.0,0.82753,0.77064,0.77358,0.76463,0.78663,0.7738700000000001
4779.0,0.6017,0.76954,0.77267,0.76358,0.78424,0.7725075
4780.0,0.75998,0.76831,0.77162,0.76244,0.78171,0.7710199999999999
4781.0,0.70254,0.76704,0.77049,0.76126,0.77926,0.7695125
4782.0,0.64617,0.76582,0.7693,0.76003,0.77697,0.76803
4783.0,0.77383,0.76476,0.76806,0.7588,0.77485,0.7666175
4784.0,0.96445,0.76392,0.7668,0.75762,0.77296,0.7653249999999999
4785.0,0.87726,0.76338,0.76567,0.75665,0.77142,0.76428
4786.0,0.78543,0.76317,0.76485,0.75604,0.77046,0.76363
4787.0,0.79053,0.76329,0.76448,0.75587,0.77034,0.763495
4788.0,0.78091,0.76374,0.7646,0.75615,0.77126,0.7639374999999999
4789.0,0.76027,0.76443,0.76514,0.75679,0.77328,0.76491
4790.0,0.75412,0.7653,0.76596,0.75767,0.77628,0.7663025
4791.0,0.74276,0.76624,0.76691,0.75868,0.77987,0.767925
4792.0,0.68041,0.76715,0.76788,0.75966,0.78348,0.7695425
4793.0,0.72972,0.76792,0.76873,0.76046,0.78635,0.770865
4794.0,0.7778,0.7685,0.76931,0.76088,0.7878,0.7716224999999999
4795.0,0.71895,0.76883,0.76947,0.76077,0.78749,0.77164
4796.0,0.65486,0.76891,0.76912,0.76012,0.78569,0.7709600000000001
4797.0,0.72197,0.76874,0.76832,0.7591,0.78315,0.7698275
4798.0,0.69976,0.76836,0.76729,0.75798,0.78086,0.7686225
4799.0,0.65751,0.76783,0.7663,0.75707,0.7795,0.767675
4800.0,0.81876,0.76719,0.76558,0.75649,0.77915,0.7671025
4801.0,0.78066,0.7665,0.76516,0.75619,0.77929,0.766785
4802.0,0.68602,0.76579,0.76493,0.75596,0.7792,0.76647
4803.0,0.6447,0.7651,0.76471,0.75562,0.77842,0.7659625
4804.0,0.65321,0.76447,0.76435,0.75509,0.77699,0.765225
4805.0,0.6986,0.76393,0.76384,0.75442,0.77535,0.764385
4806.0,0.69668,0.76349,0.76324,0.75372,0.77404,0.7636225
4807.0,0.50534,0.76319,0.76263,0.75309,0.77337,0.7630699999999999
4808.0,0.47824,0.76301,0.76209,0.75257,0.77336,0.7627575
4809.0,0.75728,0.76297,0.76162,0.75216,0.77382,0.7626424999999999
4810.0,0.87043,0.76304,0.76124,0.75183,0.77453,0.76266
4811.0,0.65734,0.76319,0.76092,0.75157,0.77536,0.76276
4812.0,0.74385,0.76337,0.76069,0.75142,0.77628,0.76294
4813.0,0.80002,0.76352,0.76056,0.75141,0.77732,0.7632025
4814.0,0.66173,0.76358,0.76057,0.75153,0.77846,0.7635350000000001
4815.0,0.63181,0.76349,0.76069,0.7517,0.77956,0.76386
4816.0,0.72565,0.76321,0.76082,0.7518,0.78036,0.7640475
4817.0,0.70815,0.76271,0.76083,0.7517,0.78054,0.7639450000000001
4818.0,0.71351,0.76196,0.76063,0.7513,0.77979,0.76342
4819.0,0.65327,0.761,0.76016,0.75061,0.77793,0.762425
4820.0,0.52641,0.75985,0.75945,0.74965,0.77506,0.7610024999999999
4821.0,0.66715,0.75856,0.75855,0.74853,0.77161,0.7593125
4822.0,0.79049,0.7572,0.75755,0.74738,0.76828,0.7576025
4823.0,0.67461,0.75582,0.75658,0.74635,0.76574,0.7561225
4824.0,0.46713,0.75448,0.75573,0.74552,0.7643,0.7550074999999999
4825.0,0.68575,0.75321,0.75505,0.74489,0.7637,0.7542125
4826.0,0.66873,0.75206,0.75448,0.74433,0.76339,0.753565
4827.0,0.69771,0.75103,0.75393,0.74375,0.76284,0.7528874999999999
4828.0,0.806,0.7501,0.75335,0.74312,0.76188,0.7521125000000001
4829.0,0.76694,0.74928,0.75278,0.7425,0.76072,0.75132
4830.0,0.59155,0.74853,0.7523,0.74199,0.75974,0.75064
4831.0,0.51391,0.74783,0.75199,0.74166,0.75928,0.75019
4832.0,0.64838,0.74714,0.75183,0.74146,0.7594,0.7499574999999999
4833.0,0.70107,0.74644,0.75177,0.74133,0.75986,0.7498499999999999
4834.0,0.66445,0.7457,0.75168,0.7411,0.76017,0.7496625
4835.0,0.63233,0.7449,0.75145,0.74062,0.75982,0.7491975
4836.0,0.63756,0.74404,0.75096,0.73981,0.75855,0.74834
4837.0,0.66224,0.74312,0.75018,0.73866,0.75646,0.747105
4838.0,0.76297,0.74214,0.74915,0.73728,0.75398,0.7456375
4839.0,0.76049,0.74111,0.74797,0.73584,0.75173,0.7441625000000001
4840.0,0.60502,0.74002,0.74681,0.73452,0.75016,0.7428775
4841.0,0.5964,0.73884,0.74577,0.73338,0.74947,0.741865
4842.0,0.62674,0.73752,0.74489,0.73243,0.74952,0.74109
4843.0,0.63302,0.73598,0.74411,0.73151,0.7499,0.740375
4844.0,0.64085,0.73411,0.7433,0.73045,0.75007,0.7394825
4845.0,0.62893,0.73179,0.74228,0.72903,0.74953,0.7381575
4846.0,0.78241,0.72886,0.7409,0.7271,0.74804,0.736225
4847.0,0.7451,0.72516,0.73906,0.7246,0.74569,0.7336275000000001
4848.0,0.63696,0.72053,0.7367,0.72154,0.74269,0.730365
4849.0,0.73741,0.71481,0.73382,0.71786,0.73914,0.7264075
4850.0,0.86286,0.7079,0.73028,0.71335,0.73474,0.7215675
4851.0,0.74739,0.69974,0.72579,0.70759,0.72889,0.7155025000000002
4852.0,0.64788,0.6904,0.71981,0.69996,0.72093,0.707775
4853.0,0.77295,0.68003,0.71163,0.68972,0.7103,0.69792
4854.0,0.71079,0.66895,0.70033,0.676,0.69653,0.6854525
4855.0,0.54701,0.65759,0.68493,0.65803,0.67909,0.66991
4856.0,0.48159,0.64653,0.66466,0.63545,0.65765,0.6510724999999999
4857.0,0.65474,0.63641,0.63957,0.60906,0.63279,0.6294575
4858.0,0.96091,0.62787,0.61124,0.58138,0.60697,0.606865
4859.0,5.20408,0.62149,0.58329,0.55673,0.58465,0.58654
4860.0,14.17307,0.6177,0.56082,0.5402,0.57103,0.5724375
4861.0,18.30687,0.61671,0.54891,0.53569,0.56978,0.5677725
4862.0,22.90998,0.61851,0.55043,0.54422,0.58115,0.5735775000000001
4863.0,6.41427,0.62283,0.5647,0.56336,0.60185,0.588185
4864.0,0.88813,0.62924,0.58785,0.5884,0.6266,0.6080225
4865.0,0.72316,0.63715,0.61455,0.61431,0.65037,0.6290950000000001
4866.0,0.66632,0.64595,0.64009,0.63749,0.66987,0.64835
4867.0,0.6804,0.65508,0.66173,0.65628,0.68387,0.6642399999999999
4868.0,0.69452,0.66404,0.67863,0.67057,0.69278,0.676505
4869.0,0.65021,0.67249,0.69119,0.68105,0.69801,0.685685
4870.0,0.55166,0.68021,0.70029,0.6887,0.70135,0.6926375
4871.0,0.51521,0.6871,0.70687,0.69446,0.70441,0.69821
4872.0,0.58089,0.69315,0.71178,0.69911,0.70821,0.7030624999999999
4873.0,0.70297,0.6984,0.71573,0.70315,0.71292,0.70755
4874.0,0.69612,0.7029,0.71916,0.70684,0.7181,0.7117500000000001
4875.0,0.55265,0.70671,0.72225,0.71018,0.72317,0.7155775000000001
4876.0,0.45609,0.70988,0.72501,0.7131,0.72763,0.718905
4877.0,0.57774,0.71243,0.72737,0.71552,0.7312,0.72163
4878.0,0.75406,0.7144,0.72925,0.71738,0.73371,0.7236849999999999
4879.0,0.70353,0.71581,0.73059,0.71863,0.73504,0.7250175
4880.0,0.76016,0.71672,0.73138,0.71929,0.7352,0.7256475
4881.0,0.68591,0.7172,0.73165,0.71947,0.73439,0.7256775
4882.0,0.61555,0.71733,0.73151,0.7193,0.73289,0.7252575000000001
4883.0,0.62349,0.71725,0.73112,0.71895,0.73097,0.7245725000000001
4884.0,0.63714,0.71709,0.73063,0.71854,0.72886,0.72378
4885.0,0.66305,0.71699,0.73014,0.71812,0.72666,0.7229774999999999
4886.0,0.65144,0.71709,0.72967,0.71767,0.72446,0.7222225000000001
4887.0,0.5683,0.71752,0.72919,0.71719,0.72242,0.72158
4888.0,0.55601,0.71834,0.72869,0.71673,0.72097,0.7211825
4889.0,0.65573,0.71958,0.72827,0.71651,0.7209,0.7213149999999999
4890.0,0.73222,0.72124,0.72818,0.71685,0.72307,0.722335
4891.0,0.65944,0.72321,0.72871,0.71801,0.7279,0.7244575
4892.0,0.68268,0.72538,0.73001,0.71996,0.73496,0.7275775
4893.0,0.63998,0.72759,0.73196,0.72238,0.74291,0.7312100000000001
4894.0,0.64672,0.72968,0.73413,0.7247,0.75005,0.73464
4895.0,0.70141,0.7315,0.736,0.72639,0.75495,0.73721
4896.0,0.65355,0.73293,0.73714,0.72715,0.75697,0.7385474999999999
4897.0,0.70637,0.73392,0.73738,0.72698,0.7563,0.738645
4898.0,0.94686,0.73444,0.73684,0.72612,0.75377,0.7377925000000001
4899.0,0.70313,0.73453,0.73582,0.72494,0.75044,0.7364325
4900.0,0.74,0.73425,0.73467,0.72378,0.74728,0.734995
4901.0,0.6971,0.73369,0.73364,0.72283,0.74497,0.7337825
4902.0,0.65787,0.73292,0.73287,0.72219,0.7438,0.732945
4903.0,0.76892,0.73201,0.73235,0.72181,0.74365,0.7324550000000001
4904.0,0.85392,0.73102,0.73203,0.72161,0.74402,0.73217
4905.0,0.7,0.72998,0.73182,0.72141,0.74412,0.7318325
4906.0,0.50697,0.7289,0.73159,0.72107,0.7433,0.7312150000000001
4907.0,0.62447,0.72778,0.73123,0.7205,0.74137,0.73022
4908.0,0.62638,0.72657,0.73072,0.71974,0.73881,0.72896
4909.0,0.62288,0.72525,0.73013,0.719,0.73654,0.72773
4910.0,0.70022,0.72378,0.72964,0.7185,0.73542,0.726835
4911.0,0.74442,0.7221,0.7294,0.71836,0.73573,0.7263975
4912.0,0.72244,0.7202,0.72942,0.71847,0.73693,0.726255
4913.0,0.65478,0.71807,0.72953,0.71851,0.73788,0.7259975
4914.0,0.63347,0.71574,0.72941,0.71802,0.73719,0.72509
4915.0,0.84966,0.71327,0.72862,0.71652,0.73377,0.7230449999999999
4916.0,0.93018,0.7108,0.72683,0.71372,0.72737,0.71968
4917.0,0.74029,0.7085,0.72387,0.70966,0.71884,0.7152175000000001
4918.0,0.53627,0.70655,0.71993,0.70476,0.71,0.71031
4919.0,0.61905,0.7051,0.71552,0.69984,0.70295,0.7058525
4920.0,0.81499,0.7043,0.7114,0.69585,0.69932,0.7027175000000001
4921.0,0.94814,0.70421,0.70835,0.6936,0.69962,0.701445
4922.0,0.99119,0.70483,0.70692,0.6935,0.70335,0.7021499999999999
4923.0,0.88824,0.70607,0.70732,0.69545,0.70941,0.7045625
4924.0,0.74586,0.70775,0.70939,0.69895,0.71664,0.7081824999999999
4925.0,0.72738,0.70968,0.71267,0.70328,0.7241,0.7124325
4926.0,0.7456,0.71163,0.71655,0.70767,0.73096,0.7167025
4927.0,0.61679,0.71341,0.72038,0.71148,0.73646,0.7204325
4928.0,0.59221,0.71482,0.72359,0.71426,0.73992,0.7231475
4929.0,0.74907,0.71574,0.72579,0.71579,0.74089,0.7245525000000002
4930.0,0.86852,0.71613,0.72681,0.71608,0.73938,0.7246
4931.0,0.7454,0.71606,0.72672,0.71536,0.7359,0.72351
4932.0,0.54471,0.71562,0.72582,0.714,0.73142,0.721715
4933.0,0.7976,0.71495,0.72448,0.7124,0.72689,0.71968
4934.0,0.71902,0.71422,0.72304,0.71087,0.72297,0.717775
4935.0,0.59288,0.71358,0.72172,0.70954,0.71989,0.7161824999999999
4936.0,0.51,0.71317,0.72059,0.70843,0.71773,0.71498
4937.0,0.48232,0.7131,0.71964,0.70759,0.71678,0.7142775
4938.0,0.57582,0.7134,0.71894,0.70714,0.71742,0.7142249999999999
4939.0,0.6527,0.71409,0.7186,0.70721,0.71989,0.7149475
4940.0,0.50764,0.71513,0.71871,0.70782,0.72382,0.71637
4941.0,0.65479,0.71641,0.71925,0.70882,0.72835,0.7182074999999999
4942.0,0.7162,0.71783,0.72009,0.70995,0.73251,0.720095
4943.0,0.73163,0.71924,0.72102,0.71098,0.73569,0.7217324999999999
4944.0,0.75724,0.72052,0.72186,0.71178,0.73781,0.7229925
4945.0,0.72188,0.72155,0.72254,0.71235,0.73923,0.7239175
4946.0,0.6418,0.72221,0.72304,0.71273,0.74037,0.7245875
4947.0,0.66231,0.72242,0.72336,0.71297,0.74143,0.7250449999999999
4948.0,0.78144,0.72211,0.72354,0.71308,0.74227,0.7252500000000001
4949.0,0.69792,0.72127,0.72356,0.71299,0.74251,0.7250825000000001
4950.0,0.67252,0.71991,0.72338,0.71263,0.74169,0.7244025000000001
4951.0,0.74414,0.71816,0.72292,0.71189,0.73934,0.7230774999999999
4952.0,0.67748,0.71613,0.72207,0.71064,0.73518,0.7210050000000001
4953.0,0.53873,0.71394,0.72073,0.70885,0.72921,0.7181825000000001
4954.0,0.73945,0.71171,0.71889,0.7066,0.72204,0.71481
4955.0,0.44659,0.70959,0.71672,0.70419,0.71491,0.7113525
4956.0,1.48924,0.70771,0.71458,0.70213,0.70953,0.7084874999999999
4957.0,13.82524,0.70614,0.71296,0.70091,0.70725,0.7068150000000001
4958.0,34.73835,0.70491,0.71222,0.70077,0.7084,0.7065750000000001
4959.0,45.41201,0.70402,0.71245,0.70154,0.71201,0.707505
4960.0,24.26508,0.70343,0.71335,0.70271,0.71627,0.7089399999999999
4961.0,4.96319,0.70308,0.71441,0.70371,0.71949,0.7101725
4962.0,0.89294,0.70289,0.71513,0.70413,0.72071,0.710715
4963.0,0.70725,0.70281,0.71528,0.70387,0.71993,0.7104725000000001
4964.0,0.68194,0.70279,0.71486,0.70309,0.71785,0.7096475
4965.0,0.5266,0.70282,0.71409,0.7021,0.71542,0.7086075000000001
4966.0,0.64844,0.70287,0.71322,0.70118,0.7135,0.7076925000000001
4967.0,0.71599,0.70294,0.71251,0.70056,0.7126,0.7071525
4968.0,0.74747,0.70299,0.7121,0.70034,0.71291,0.707085
4969.0,0.54838,0.70299,0.71203,0.7005,0.71429,0.7074525
4970.0,0.49599,0.70288,0.71227,0.70096,0.71639,0.708125
4971.0,0.91278,0.70258,0.71272,0.70155,0.71872,0.7088924999999999
4972.0,1.16657,0.70203,0.71322,0.70208,0.72072,0.7095125
4973.0,0.62096,0.70116,0.7136,0.70235,0.72184,0.7097375000000001
4974.0,0.56796,0.69992,0.7137,0.70223,0.72166,0.7093775
4975.0,0.59902,0.6983,0.71339,0.70161,0.71995,0.7083125
4976.0,0.61702,0.69635,0.71261,0.70046,0.71666,0.70652
4977.0,0.71011,0.69417,0.71135,0.69881,0.71196,0.7040725
4978.0,0.80727,0.69192,0.70964,0.69671,0.70611,0.701095
4979.0,0.69448,0.68972,0.70754,0.69428,0.69961,0.6977875
4980.0,0.47312,0.68773,0.70518,0.69173,0.69325,0.6944725
4981.0,0.73469,0.68607,0.70283,0.68943,0.68809,0.691605
4982.0,0.70397,0.68482,0.70087,0.68779,0.68518,0.689665
4983.0,0.52693,0.68402,0.69968,0.68714,0.68509,0.6889825
4984.0,0.53553,0.68369,0.69947,0.68753,0.68763,0.68958
4985.0,0.76337,0.68379,0.70017,0.6887,0.69181,0.6911175
4986.0,0.94176,0.68423,0.70142,0.69015,0.69626,0.693015
4987.0,0.909,0.68488,0.70273,0.6914,0.69982,0.6947075
4988.0,0.83552,0.68563,0.7037,0.69215,0.70199,0.6958675
4989.0,0.71494,0.68636,0.70417,0.69238,0.70291,0.696455
4990.0,0.61147,0.68697,0.7042,0.69227,0.70317,0.6966525
4991.0,0.59508,0.68737,0.70401,0.69205,0.70335,0.696695
4992.0,0.65657,0.68749,0.70381,0.69191,0.70375,0.69674
4993.0,0.70814,0.68727,0.7037,0.69188,0.70426,0.6967775
4994.0,0.67799,0.68673,0.70367,0.69185,0.70453,0.6966950000000001
4995.0,0.64563,0.68589,0.70356,0.69161,0.70406,0.69628
4996.0,0.74425,0.68479,0.70317,0.69098,0.70248,0.6953550000000001
4997.0,0.66552,0.68347,0.70232,0.68984,0.69978,0.6938525000000001
4998.0,0.52928,0.68198,0.70098,0.68825,0.69631,0.69188
4999.0,0.53036,0.68036,0.69926,0.68645,0.6927,0.6896924999999999
5000.0,0.73217,0.67868,0.69744,0.68474,0.68951,0.6875924999999999
5001.0,0.72821,0.67703,0.69582,0.68334,0.68699,0.6857949999999999
5002.0,1.1033,0.67547,0.69457,0.68232,0.68505,0.6843525
5003.0,0.82464,0.67399,0.69374,0.68163,0.68354,0.683225
5004.0,2.17297,0.67257,0.69323,0.6812,0.68248,0.68237
5005.0,46.3881,0.67118,0.69297,0.68099,0.68211,0.6818124999999999
5006.0,113.26806,0.66978,0.69292,0.68102,0.6825,0.681555
5007.0,123.58015,0.66837,0.69305,0.68117,0.6833,0.6814725
5008.0,68.66305,0.66694,0.69318,0.68115,0.68365,0.68123
5009.0,12.70433,0.66553,0.69301,0.68056,0.6826,0.6804250000000001
5010.0,1.0905,0.66418,0.69215,0.67901,0.67968,0.678755
5011.0,0.6732,0.66296,0.69028,0.67637,0.67524,0.6762125
5012.0,0.83431,0.66191,0.68737,0.67287,0.67035,0.673125
5013.0,0.72894,0.66113,0.68376,0.66912,0.66629,0.670075
5014.0,0.76195,0.66069,0.68013,0.66596,0.66407,0.6677125
5015.0,1.10051,0.66062,0.67735,0.66418,0.66406,0.6665525
5016.0,1.18835,0.6609,0.67613,0.66419,0.66597,0.6667974999999999
5017.0,0.83662,0.66154,0.67674,0.66586,0.66913,0.6683175
5018.0,0.61527,0.66251,0.67888,0.6686,0.67273,0.67068
5019.0,0.6337,0.66375,0.68186,0.67165,0.67611,0.6733425
5020.0,0.71171,0.66515,0.68489,0.67435,0.67889,0.67582
5021.0,0.65556,0.66664,0.68739,0.67637,0.68099,0.6778474999999999
5022.0,0.71459,0.66815,0.68911,0.67765,0.68255,0.679365
5023.0,0.74383,0.66963,0.69008,0.67833,0.68371,0.6804375
5024.0,0.69591,0.67106,0.6905,0.67861,0.68464,0.6812024999999999
5025.0,0.69352,0.67234,0.69061,0.67873,0.68553,0.6818025000000001
5026.0,0.6347,0.67341,0.69064,0.67887,0.68665,0.6823925
5027.0,0.56309,0.67424,0.6908,0.67918,0.68824,0.683115
5028.0,0.64034,0.67475,0.69118,0.67971,0.69038,0.684005
5029.0,0.63309,0.67485,0.69177,0.68037,0.69278,0.6849425
5030.0,0.62191,0.67448,0.69241,0.68098,0.69483,0.685675
5031.0,0.60653,0.67367,0.69291,0.68128,0.69574,0.6859
5032.0,0.55624,0.67247,0.69304,0.68107,0.69491,0.6853725
5033.0,0.58843,0.6709,0.69266,0.68022,0.6921,0.68397
5034.0,0.65248,0.669,0.6917,0.67876,0.68751,0.6817425
5035.0,0.58552,0.66691,0.69022,0.6768,0.68166,0.6788974999999999
5036.0,0.63453,0.66485,0.68832,0.67448,0.67515,0.6757
5037.0,0.48297,0.66306,0.68615,0.67198,0.66862,0.6724524999999999
5038.0,0.42655,0.66169,0.68387,0.66957,0.6629,0.6695075
5039.0,0.64475,0.66077,0.68177,0.6676,0.65906,0.6673
5040.0,0.72144,0.66035,0.68021,0.66651,0.65818,0.6663125000000001
5041.0,0.60805,0.66045,0.67957,0.66658,0.66079,0.6668474999999999
5042.0,0.67594,0.66097,0.67999,0.66776,0.66636,0.66877
5043.0,0.63538,0.66181,0.68129,0.66958,0.67336,0.67151
5044.0,0.74427,0.66288,0.68295,0.67137,0.67977,0.6742425
5045.0,0.78268,0.66412,0.68437,0.67255,0.68395,0.6762475
5046.0,0.6136,0.66542,0.68514,0.67289,0.68523,0.67717
5047.0,0.49986,0.66672,0.6852,0.67258,0.68408,0.6771449999999999
5048.0,0.59325,0.668,0.68481,0.67205,0.68176,0.6766550000000001
5049.0,0.74659,0.66922,0.68437,0.67174,0.67974,0.6762675
5050.0,0.7657,0.67037,0.6842,0.67188,0.67911,0.67639
5051.0,0.72702,0.67145,0.68441,0.67245,0.68023,0.6771349999999999
5052.0,0.64505,0.67246,0.68491,0.67322,0.68277,0.67834
5053.0,0.58264,0.67338,0.68546,0.67391,0.686,0.6796875
5054.0,0.63594,0.67416,0.68589,0.67437,0.68918,0.6809
5055.0,0.73474,0.67474,0.68615,0.67463,0.6918,0.6818299999999999
5056.0,0.68645,0.67509,0.68633,0.6748,0.69363,0.6824625
5057.0,0.54557,0.67515,0.68653,0.67498,0.69467,0.6828325
5058.0,0.55701,0.67485,0.6868,0.67515,0.69487,0.6829175
5059.0,0.64724,0.67417,0.68703,0.67516,0.69413,0.6826225
5060.0,0.6577,0.67316,0.68704,0.67484,0.69224,0.68182
5061.0,0.57625,0.67192,0.68665,0.67405,0.68913,0.6804374999999999
5062.0,0.5699,0.67054,0.68581,0.67282,0.68505,0.6785549999999999
5063.0,0.75422,0.66904,0.68458,0.67132,0.68062,0.67639
5064.0,0.68765,0.66749,0.68319,0.66984,0.6767,0.674305
5065.0,0.56535,0.666,0.68191,0.66865,0.67396,0.6726300000000001
5066.0,0.44529,0.66459,0.68096,0.66788,0.67263,0.671515
5067.0,0.42398,0.66325,0.68039,0.6675,0.67243,0.6708925
5068.0,0.58627,0.66202,0.68013,0.66735,0.67282,0.67058
5069.0,0.71195,0.66089,0.68,0.66727,0.67329,0.6703625000000001
5070.0,0.51718,0.6598,0.67986,0.66712,0.67354,0.67008
5071.0,0.56885,0.6587,0.67963,0.66687,0.67351,0.6696774999999999
5072.0,0.67936,0.65757,0.67932,0.66654,0.67321,0.66916
5073.0,0.6494,0.65639,0.67894,0.66614,0.67256,0.6685075
5074.0,0.54231,0.65512,0.67851,0.66563,0.67131,0.6676425
5075.0,0.52276,0.65381,0.67798,0.6649,0.66914,0.6664575
5076.0,0.59596,0.65258,0.67723,0.66387,0.66591,0.6648975
5077.0,0.60937,0.65155,0.67621,0.66253,0.6619,0.6630475
5078.0,0.63869,0.65074,0.67497,0.66107,0.65784,0.6611549999999999
5079.0,0.60083,0.65021,0.67369,0.65976,0.65469,0.6595875
5080.0,0.53189,0.65005,0.67264,0.65891,0.65328,0.6587200000000001
5081.0,0.54684,0.65028,0.67205,0.65869,0.65391,0.6587324999999999
5082.0,0.67939,0.65085,0.67202,0.65908,0.65636,0.6595774999999999
5083.0,0.75911,0.65171,0.67247,0.65993,0.65998,0.6610225000000001
5084.0,0.58798,0.65281,0.67325,0.66097,0.664,0.6627575
5085.0,0.53768,0.65405,0.67413,0.66201,0.66777,0.66449
5086.0,0.46339,0.65531,0.67496,0.66288,0.67091,0.666015
5087.0,0.55306,0.6565,0.67565,0.66354,0.67332,0.6672525
5088.0,0.7628,0.65751,0.67616,0.66402,0.67516,0.6682125000000001
5089.0,0.7453,0.65827,0.67654,0.66436,0.6766,0.6689425
5090.0,0.55431,0.65867,0.67681,0.66459,0.67769,0.66944
5091.0,0.64843,0.65867,0.67696,0.66467,0.67826,0.66964
5092.0,0.77519,0.6583,0.67694,0.66449,0.67794,0.6694175
5093.0,0.66509,0.65761,0.67664,0.66393,0.67637,0.6686375
5094.0,0.56855,0.65662,0.67598,0.66292,0.67346,0.667245
5095.0,0.67803,0.65545,0.67492,0.6615,0.66955,0.6653549999999999
5096.0,0.80457,0.65423,0.67357,0.65988,0.66539,0.6632675
5097.0,0.73888,0.65301,0.67212,0.65834,0.6619,0.6613425
5098.0,0.54782,0.65179,0.67085,0.65718,0.65982,0.6599099999999999
5099.0,0.69938,0.6506,0.66997,0.65656,0.65934,0.6591175
5100.0,0.86251,0.64951,0.66957,0.65643,0.66005,0.65889
5101.0,0.84141,0.64852,0.66955,0.65658,0.66111,0.65894
5102.0,0.71959,0.64765,0.66968,0.65671,0.66163,0.6589175
5103.0,0.62602,0.64691,0.66971,0.65659,0.6611,0.6585775
5104.0,0.67016,0.64636,0.66946,0.65611,0.65948,0.6578525
5105.0,0.83702,0.646,0.66892,0.65535,0.65721,0.65687
5106.0,0.77639,0.64583,0.66818,0.65448,0.65497,0.655865
5107.0,0.65126,0.6459,0.66743,0.65374,0.65345,0.65513
5108.0,0.61255,0.64621,0.66684,0.65328,0.6531,0.6548575000000001
5109.0,0.63022,0.64668,0.66655,0.65322,0.65408,0.6551325
5110.0,0.65556,0.64728,0.66659,0.65354,0.65621,0.655905
5111.0,0.63819,0.64797,0.66694,0.65414,0.65912,0.6570425000000001
5112.0,0.55905,0.64865,0.66749,0.65491,0.66235,0.65835
5113.0,0.49519,0.64924,0.66815,0.65573,0.6655,0.6596550000000001
5114.0,0.59751,0.64961,0.66883,0.65649,0.66821,0.660785
5115.0,0.74339,0.64966,0.66944,0.65711,0.67018,0.6615975000000001
5116.0,0.681,0.64932,0.66989,0.65745,0.67111,0.6619425
5117.0,0.55513,0.64859,0.67006,0.65738,0.6707,0.6616825
5118.0,0.54213,0.64746,0.66981,0.65679,0.66872,0.660695
5119.0,0.61936,0.64597,0.66906,0.65563,0.66522,0.6589700000000001
5120.0,0.55709,0.64424,0.66782,0.65398,0.66052,0.65664
5121.0,0.46413,0.64241,0.66619,0.65204,0.65525,0.6539725
5122.0,0.49746,0.64057,0.66437,0.65005,0.65016,0.6512875
5123.0,0.57463,0.63882,0.6626,0.64826,0.64591,0.6488974999999999
5124.0,0.67783,0.63725,0.66107,0.64685,0.64291,0.64702
5125.0,0.72553,0.63595,0.6599,0.64587,0.64124,0.64574
5126.0,0.59277,0.63496,0.65912,0.64531,0.64074,0.6450325
5127.0,0.43534,0.63432,0.65871,0.64512,0.64116,0.6448274999999999
5128.0,0.5147,0.63396,0.65863,0.64522,0.64233,0.645035
5129.0,0.7606,0.63382,0.65882,0.64556,0.64411,0.6455775
5130.0,0.66844,0.63381,0.65922,0.64607,0.64632,0.646355
5131.0,0.54811,0.63388,0.65974,0.64667,0.64867,0.64724
5132.0,0.58005,0.6339,0.6603,0.64723,0.65071,0.648035
5133.0,0.49575,0.63376,0.66078,0.64762,0.65196,0.6485299999999999
5134.0,0.52941,0.63344,0.66104,0.6477,0.65203,0.6485525
5135.0,0.72639,0.63293,0.66099,0.64736,0.65076,0.64801
5136.0,0.6641,0.63231,0.66055,0.64661,0.64839,0.646965
5137.0,0.57182,0.63157,0.65976,0.64557,0.64542,0.6455799999999999
5138.0,0.53243,0.63068,0.65876,0.64441,0.6425,0.6440875
5139.0,0.55,0.62971,0.65769,0.6433,0.64011,0.6427025
5140.0,0.60712,0.6288,0.65672,0.64237,0.63847,0.64159
5141.0,0.63836,0.62794,0.65591,0.64164,0.63755,0.64076
5142.0,0.60817,0.62713,0.65528,0.64111,0.63719,0.6401775
5143.0,0.60373,0.62641,0.65482,0.64077,0.63717,0.6397925
5144.0,0.62859,0.62585,0.65451,0.64056,0.6373,0.639555
5145.0,0.62962,0.62547,0.65434,0.64046,0.63742,0.6394225
5146.0,0.61848,0.62524,0.65423,0.64038,0.63739,0.6393099999999999
5147.0,0.6687,0.62513,0.65413,0.64023,0.6371,0.6391475
5148.0,0.70247,0.62519,0.65396,0.63996,0.63647,0.638895
5149.0,0.57302,0.62546,0.65365,0.63956,0.63559,0.638565
5150.0,0.61168,0.62593,0.65324,0.6391,0.63473,0.63825
5151.0,0.63619,0.62659,0.65281,0.63873,0.6344,0.6381325
5152.0,0.57923,0.62737,0.65254,0.63866,0.63514,0.6384275
5153.0,0.49888,0.62818,0.65259,0.63905,0.63729,0.6392775
5154.0,0.49021,0.62887,0.65307,0.63994,0.64079,0.6406675
5155.0,0.56819,0.62928,0.65399,0.64122,0.64513,0.642405
5156.0,0.61641,0.62924,0.65521,0.64267,0.64951,0.6441574999999999
5157.0,0.75133,0.62862,0.65648,0.64397,0.65308,0.6455375
5158.0,0.74135,0.62728,0.65753,0.64483,0.65512,0.6461899999999999
5159.0,0.59143,0.62513,0.65809,0.64501,0.65511,0.645835
5160.0,0.46699,0.62214,0.65798,0.64438,0.65266,0.64429
5161.0,0.51637,0.61832,0.65706,0.64283,0.64748,0.6414225
5162.0,0.66364,0.6137,0.65529,0.6403,0.63938,0.6371675
5163.0,0.52267,0.60853,0.65265,0.63679,0.62858,0.6316375
5164.0,0.52805,0.6032,0.64919,0.6325,0.6159,0.6251975
5165.0,0.58723,0.59811,0.64518,0.62786,0.60282,0.6184925
5166.0,0.57156,0.5935,0.64104,0.62346,0.59108,0.6122700000000001
5167.0,0.49618,0.58944,0.63728,0.61983,0.58201,0.6071399999999999
5168.0,0.46569,0.586,0.63433,0.61723,0.57606,0.603405
5169.0,0.55718,0.58347,0.63233,0.61567,0.57299,0.601115
5170.0,0.63889,0.58216,0.63125,0.61504,0.5725,0.6002375
5171.0,0.66228,0.58203,0.63098,0.61533,0.57471,0.6007625000000001
5172.0,0.64372,0.58272,0.63155,0.61662,0.58002,0.6027275
5173.0,0.62561,0.58393,0.63301,0.61895,0.58836,0.6060625
5174.0,0.63505,0.58547,0.63533,0.62209,0.59871,0.6104
5175.0,0.63064,0.58713,0.6382,0.62548,0.60907,0.61497
5176.0,0.55291,0.58866,0.64105,0.62837,0.61713,0.6188024999999999
5177.0,0.6344,0.58993,0.64322,0.6301,0.62106,0.6210775
5178.0,0.65802,0.59085,0.64419,0.63025,0.61999,0.6213200000000001
5179.0,0.58138,0.59138,0.64373,0.62876,0.61429,0.61954
5180.0,0.58464,0.59169,0.64194,0.62601,0.60555,0.6162974999999999
5181.0,0.58955,0.59219,0.63928,0.62274,0.59639,0.6126499999999999
5182.0,0.53544,0.59306,0.63649,0.61994,0.58975,0.6098100000000001
5183.0,0.5229,0.59422,0.63441,0.61849,0.58789,0.6087525
5184.0,0.54654,0.59557,0.6337,0.6188,0.59145,0.60988
5185.0,0.56975,0.59713,0.63453,0.62069,0.59916,0.6128775000000001
5186.0,0.57556,0.59894,0.63655,0.62344,0.60851,0.61686
5187.0,0.57722,0.60095,0.63902,0.62614,0.61685,0.62074
5188.0,0.62811,0.60298,0.64117,0.62807,0.62243,0.6236625
5189.0,0.70051,0.605,0.64248,0.62892,0.62484,0.6253099999999999
5190.0,0.678,0.6071,0.64284,0.62884,0.62482,0.6259
5191.0,0.61447,0.60913,0.64249,0.62826,0.62374,0.6259049999999999
5192.0,0.61819,0.61095,0.64188,0.62767,0.62299,0.6258724999999999
5193.0,0.64784,0.61256,0.64142,0.62744,0.62351,0.6262325
5194.0,0.60911,0.61394,0.64138,0.62774,0.62554,0.62715
5195.0,0.59192,0.61499,0.6418,0.62846,0.62874,0.6284975
5196.0,0.65195,0.61563,0.64253,0.62937,0.6324,0.6299825
5197.0,0.70918,0.61584,0.64331,0.63019,0.63567,0.6312525
5198.0,0.69862,0.61563,0.64387,0.63064,0.63778,0.63198
5199.0,0.67766,0.61501,0.644,0.63055,0.63812,0.63192
5200.0,0.66184,0.61403,0.64356,0.6298,0.63637,0.63094
5201.0,0.66313,0.61274,0.64251,0.62837,0.63255,0.6290425
5202.0,0.64938,0.6113,0.64091,0.6264,0.62706,0.6264174999999998
5203.0,0.60694,0.60995,0.63891,0.62413,0.62068,0.6234175000000001
5204.0,0.56939,0.60879,0.63677,0.62189,0.61443,0.6204700000000001
5205.0,0.59464,0.60787,0.63482,0.62003,0.60933,0.6180125
5206.0,0.65328,0.6074,0.63337,0.61884,0.6063,0.6164775
5207.0,0.56528,0.60752,0.63263,0.61849,0.60592,0.6161399999999999
5208.0,0.52318,0.60821,0.63271,0.61903,0.60833,0.61707
5209.0,0.52299,0.60941,0.63358,0.62035,0.61314,0.61912
5210.0,0.45927,0.61098,0.63506,0.62219,0.61941,0.62191
5211.0,0.39195,0.61275,0.63688,0.6242,0.62588,0.6249275
5212.0,0.56179,0.61457,0.63871,0.62598,0.63137,0.6276575
5213.0,0.61243,0.61639,0.64024,0.62729,0.63521,0.6297824999999999
5214.0,0.58287,0.61814,0.64131,0.62807,0.63746,0.6312450000000001
5215.0,0.55409,0.61972,0.64194,0.6285,0.63878,0.632235
5216.0,0.55507,0.62094,0.64232,0.62882,0.63997,0.6330125
5217.0,0.58342,0.6217,0.64265,0.62922,0.64146,0.6337575
5218.0,0.58968,0.622,0.64307,0.62971,0.64304,0.634455
5219.0,0.52714,0.62182,0.64349,0.63007,0.64398,0.63484
5220.0,0.62243,0.62118,0.64369,0.63,0.64335,0.634555
5221.0,0.68054,0.62016,0.64337,0.62919,0.64047,0.6332975000000001
5222.0,0.56964,0.61889,0.64233,0.62752,0.63537,0.6310275
5223.0,0.55132,0.61753,0.64054,0.62516,0.62884,0.6280175
5224.0,0.57728,0.61636,0.63827,0.62257,0.62238,0.6248950000000001
5225.0,0.56459,0.61562,0.63599,0.62036,0.61762,0.6223974999999999
5226.0,0.57156,0.61529,0.63422,0.61908,0.61576,0.6210874999999999
5227.0,0.52204,0.61524,0.63339,0.61894,0.61698,0.6211375
5228.0,0.43473,0.61552,0.63358,0.61977,0.62041,0.62232
5229.0,0.51968,0.61608,0.63452,0.62109,0.62459,0.62407
5230.0,0.59664,0.61691,0.63574,0.62235,0.62822,0.625805
5231.0,0.56746,0.61806,0.63679,0.62322,0.63071,0.6271950000000001
5232.0,0.4796,0.61946,0.63746,0.6237,0.63231,0.6282325
5233.0,0.46808,0.62103,0.63781,0.624,0.63375,0.6291475
5234.0,0.54949,0.62262,0.63808,0.62441,0.63566,0.6301925
5235.0,0.55503,0.62409,0.63849,0.62507,0.63823,0.63147
5236.0,0.57804,0.62537,0.63912,0.62593,0.64116,0.632895
5237.0,0.5195,0.62642,0.63989,0.62681,0.6439,0.6342549999999999
5238.0,0.48297,0.62715,0.64062,0.62754,0.646,0.6353275
5239.0,0.54261,0.62751,0.64116,0.62799,0.64726,0.63598
5240.0,0.59195,0.6275,0.64142,0.62813,0.64769,0.636185
5241.0,0.45807,0.62716,0.6414,0.62799,0.64734,0.6359725
5242.0,0.5338,0.6265,0.64111,0.62756,0.64618,0.6353374999999999
5243.0,0.60014,0.62548,0.64054,0.62683,0.64413,0.6342450000000001
5244.0,0.6403,0.62418,0.63968,0.62572,0.64113,0.6326775
5245.0,0.669,0.62285,0.6385,0.62427,0.63735,0.6307425
5246.0,0.64696,0.62152,0.63706,0.6226,0.63325,0.6286075
5247.0,0.5726,0.62019,0.63548,0.62089,0.62944,0.6265000000000001
5248.0,0.53642,0.619,0.63395,0.61936,0.62647,0.624695
5249.0,0.55177,0.61805,0.63266,0.61821,0.62467,0.6233975
5250.0,0.54314,0.61728,0.63173,0.6175,0.6241,0.6226525
5251.0,0.5255,0.61663,0.63122,0.61724,0.62469,0.622445
5252.0,0.58507,0.61604,0.63111,0.6174,0.62627,0.622705
5253.0,0.66153,0.61556,0.63138,0.61793,0.62865,0.6233799999999999
5254.0,0.67589,0.61502,0.63198,0.61879,0.63157,0.6243399999999999
5255.0,0.63068,0.61422,0.63282,0.61981,0.63456,0.6253525
5256.0,0.50435,0.61306,0.63374,0.62074,0.63689,0.6261075
5257.0,0.39732,0.61145,0.63446,0.62122,0.63762,0.6261875
5258.0,0.4951,0.60933,0.63465,0.62091,0.63595,0.62521
5259.0,0.64425,0.60677,0.63405,0.61962,0.63154,0.622995
5260.0,0.65375,0.60387,0.63254,0.61738,0.6247,0.6196225
5261.0,0.51613,0.6008,0.63023,0.61445,0.61636,0.6154600000000001
5262.0,0.43247,0.5977,0.62745,0.61128,0.60781,0.6110599999999999
5263.0,0.49203,0.59481,0.62459,0.60831,0.60019,0.6069749999999999
5264.0,0.51717,0.59236,0.62204,0.60587,0.59417,0.60361
5265.0,0.64272,0.59036,0.61999,0.60409,0.58989,0.6010825
5266.0,0.619,0.58876,0.61848,0.60284,0.58719,0.5993175000000001
5267.0,0.57058,0.58783,0.61741,0.60198,0.58594,0.59829
5268.0,0.65903,0.58788,0.61669,0.60151,0.58618,0.598065
5269.0,0.79827,0.58879,0.61631,0.60155,0.58815,0.5987
5270.0,0.6768,0.5903,0.61639,0.60219,0.59196,0.60021
5271.0,0.69262,0.59232,0.61703,0.60346,0.59732,0.6025324999999999
5272.0,0.78241,0.59477,0.61827,0.60526,0.60365,0.6054875
5273.0,0.77851,0.59752,0.62002,0.60738,0.61028,0.6088
5274.0,0.65668,0.6005,0.62206,0.60962,0.61665,0.6122075
5275.0,0.55537,0.60351,0.6242,0.6118,0.62239,0.615475
5276.0,0.57332,0.60631,0.62622,0.61372,0.62709,0.6183350000000001
5277.0,0.60747,0.60877,0.62791,0.61515,0.63031,0.6205350000000001
5278.0,0.57773,0.61096,0.62907,0.61593,0.63172,0.62192
5279.0,0.56361,0.61295,0.6296,0.616,0.63137,0.62248
5280.0,0.57725,0.61468,0.6295,0.61551,0.62988,0.6223925
5281.0,0.46561,0.6162,0.62898,0.61479,0.6283,0.6220675
5282.0,0.38317,0.61765,0.62837,0.61425,0.62768,0.6219875
5283.0,0.45548,0.61898,0.62803,0.61423,0.62866,0.622475
5284.0,0.54781,0.62009,0.62817,0.6148,0.63121,0.6235675
5285.0,0.56465,0.62095,0.62882,0.61581,0.63474,0.62508
5286.0,0.54346,0.62156,0.62979,0.61697,0.63838,0.626675
5287.0,0.57467,0.62191,0.63082,0.61799,0.64138,0.628025
5288.0,0.60404,0.62195,0.63165,0.61867,0.64329,0.6288900000000001
5289.0,0.61559,0.62166,0.63214,0.61892,0.64397,0.6291725
5290.0,0.61377,0.62106,0.63222,0.61871,0.64343,0.6288549999999999
5291.0,0.59747,0.62019,0.6319,0.61807,0.64166,0.6279549999999999
5292.0,0.5611,0.61909,0.63117,0.61699,0.63861,0.6264649999999999
5293.0,0.53325,0.61775,0.63004,0.61548,0.63436,0.6244075
5294.0,0.58183,0.61626,0.62851,0.61358,0.62925,0.6219
5295.0,0.63386,0.61483,0.6267,0.61149,0.62396,0.6192449999999999
5296.0,0.63424,0.61372,0.62481,0.60951,0.61939,0.6168575
5297.0,0.59154,0.613,0.62312,0.60801,0.61633,0.6151150000000001
5298.0,0.56398,0.61258,0.62192,0.6072,0.61532,0.614255
5299.0,0.59632,0.61249,0.62137,0.60713,0.61639,0.6143449999999999
5300.0,0.55419,0.61279,0.62151,0.60771,0.61913,0.615285
5301.0,0.5283,0.61347,0.62219,0.60875,0.62285,0.616815
5302.0,0.59377,0.61439,0.62319,0.60998,0.62683,0.6185974999999999
5303.0,0.66675,0.61538,0.62428,0.61117,0.63048,0.6203275
5304.0,0.59673,0.61637,0.62527,0.61214,0.63341,0.6217975
5305.0,0.42432,0.61736,0.62604,0.6128,0.6355,0.622925
5306.0,0.45252,0.61833,0.62656,0.6132,0.63685,0.623735
5307.0,0.54121,0.61915,0.62686,0.61341,0.63767,0.6242725
5308.0,0.52427,0.61967,0.62699,0.61347,0.63812,0.6245625
5309.0,0.65982,0.61987,0.62698,0.6134,0.63823,0.62462
5310.0,0.68121,0.61979,0.62684,0.61316,0.63794,0.6244325
5311.0,0.6172,0.61943,0.62653,0.61272,0.63713,0.6239525
5312.0,0.59025,0.61877,0.62601,0.61206,0.6358,0.62316
5313.0,0.62268,0.6178,0.6253,0.61121,0.63408,0.6220975
5314.0,0.6163,0.61658,0.62443,0.61024,0.63223,0.62087
5315.0,0.52864,0.61517,0.62351,0.60928,0.63049,0.6196125
5316.0,0.59894,0.61355,0.62261,0.60844,0.62901,0.6184025
5317.0,0.66466,0.61172,0.62178,0.6077,0.62776,0.61724
5318.0,0.63988,0.60969,0.62103,0.607,0.62651,0.6160574999999999
5319.0,0.58257,0.60751,0.6203,0.60627,0.62494,0.6147549999999999
5320.0,0.56946,0.60519,0.61954,0.60543,0.62271,0.6132175000000001
5321.0,0.54758,0.60282,0.61868,0.60439,0.61967,0.61139
5322.0,0.50937,0.60053,0.61765,0.60308,0.61571,0.6092425
5323.0,0.53991,0.59841,0.61639,0.60149,0.61079,0.60677
5324.0,0.60914,0.59641,0.61482,0.5996,0.60513,0.60399
5325.0,0.58557,0.59456,0.61298,0.5975,0.59948,0.6011299999999999
5326.0,0.58559,0.59321,0.61108,0.59551,0.59486,0.598665
5327.0,0.65278,0.59258,0.60945,0.5941,0.59231,0.59711
5328.0,0.5548,0.59251,0.60848,0.59368,0.59252,0.5967975
5329.0,0.38796,0.59277,0.60843,0.59431,0.59554,0.5977625
5330.0,0.37628,0.59329,0.60932,0.59579,0.60061,0.5997525
5331.0,0.39729,0.59408,0.61089,0.59771,0.6065,0.602295
5332.0,0.57092,0.59508,0.61273,0.59963,0.61194,0.6048450000000001
5333.0,0.6671,0.5961,0.61443,0.60119,0.61607,0.6069475
5334.0,0.561,0.59698,0.61568,0.60215,0.61843,0.60831
5335.0,0.46672,0.59775,0.61634,0.60247,0.61896,0.60888
5336.0,0.68578,0.59845,0.61639,0.6022,0.61793,0.6087425
5337.0,0.51314,0.59895,0.61594,0.60148,0.61589,0.6080650000000001
5338.0,0.41829,0.59926,0.61514,0.60049,0.61356,0.6071124999999999
5339.0,0.51704,0.59951,0.61422,0.59953,0.61164,0.606225
5340.0,0.6385,0.59977,0.61339,0.59882,0.61061,0.6056475
5341.0,0.5757,0.60004,0.61281,0.59847,0.6106,0.60548
5342.0,0.39973,0.60029,0.61252,0.59841,0.61132,0.605635
5343.0,0.56346,0.60058,0.61245,0.59849,0.61229,0.6059525
5344.0,0.61142,0.601,0.61248,0.59856,0.61305,0.6062725
5345.0,0.5681,0.6016,0.61249,0.59857,0.61342,0.6065200000000001
5346.0,0.63056,0.60232,0.61245,0.59854,0.61355,0.606715
5347.0,0.51686,0.60322,0.61241,0.59856,0.61386,0.6070125
5348.0,0.43369,0.60436,0.61249,0.59877,0.61471,0.6075825
5349.0,0.54937,0.60566,0.61277,0.59924,0.61634,0.6085025000000001
5350.0,0.60514,0.60693,0.6133,0.59996,0.61875,0.609735
5351.0,0.53832,0.60813,0.61406,0.60085,0.62172,0.6111899999999999
5352.0,0.64546,0.60924,0.61496,0.60182,0.62491,0.6127325
5353.0,0.6036,0.61021,0.61591,0.60278,0.62795,0.6142125
5354.0,0.54236,0.61093,0.61678,0.60359,0.63055,0.6154625
5355.0,0.5093,0.61134,0.61749,0.60417,0.63242,0.616355
5356.0,0.49515,0.61141,0.61793,0.60443,0.63336,0.6167825
5357.0,0.51771,0.61111,0.61805,0.60432,0.63319,0.6166675
5358.0,0.64327,0.6104,0.61779,0.6038,0.63188,0.6159675
5359.0,0.56836,0.60923,0.61714,0.60288,0.62951,0.61469
5360.0,0.48739,0.60774,0.61616,0.60164,0.62635,0.6129724999999999
5361.0,0.50097,0.60606,0.61494,0.60022,0.62275,0.6109925
5362.0,0.54084,0.60425,0.6136,0.59876,0.61908,0.6089224999999999
5363.0,0.53667,0.60236,0.61226,0.59736,0.61561,0.6068975000000001
5364.0,0.49666,0.60051,0.61102,0.59606,0.6124,0.6049975000000001
5365.0,0.52064,0.5988,0.60987,0.59484,0.60932,0.6032075
5366.0,0.57681,0.59726,0.60876,0.59363,0.60617,0.6014550000000001
5367.0,0.5982,0.59591,0.60763,0.59238,0.60296,0.59972
5368.0,0.6013,0.59484,0.60646,0.59117,0.60007,0.598135
5369.0,0.64392,0.59424,0.60539,0.59019,0.59823,0.5970125
5370.0,0.6388,0.59421,0.60463,0.58973,0.59811,0.59667
5371.0,0.54937,0.59463,0.60439,0.59,0.6,0.597255
5372.0,0.48777,0.59525,0.60479,0.59097,0.60364,0.5986625
5373.0,0.582,0.59601,0.60575,0.59239,0.60823,0.600595
5374.0,0.50643,0.59684,0.60704,0.5939,0.61276,0.602635
5375.0,0.46892,0.59767,0.60834,0.59517,0.61635,0.6043825
5376.0,0.49589,0.59842,0.60938,0.59598,0.6185,0.6055699999999999
5377.0,0.54196,0.59903,0.60997,0.59626,0.61915,0.6061025
5378.0,0.57337,0.59947,0.61008,0.59606,0.6186,0.6060525
5379.0,0.5655,0.59976,0.60981,0.59553,0.61735,0.6056125
5380.0,0.4959,0.59983,0.6093,0.59487,0.61589,0.6049725
5381.0,0.51395,0.59962,0.6087,0.59422,0.61464,0.604295
5382.0,0.57561,0.59919,0.60815,0.5937,0.61385,0.6037224999999999
5383.0,0.5546,0.59857,0.60772,0.59337,0.61351,0.6032925
5384.0,0.5719,0.59775,0.60743,0.59316,0.61341,0.6029375
5385.0,0.62201,0.59671,0.60721,0.59296,0.6132,0.6025200000000001
5386.0,0.63536,0.59546,0.60696,0.59264,0.61255,0.6019025
5387.0,0.5831,0.59408,0.60658,0.5921,0.61125,0.6010025
5388.0,0.51916,0.59263,0.606,0.59133,0.60931,0.5998175000000001
5389.0,0.55673,0.59113,0.60521,0.59036,0.60686,0.59839
5390.0,0.57723,0.58959,0.60425,0.58925,0.60412,0.5968024999999999
5391.0,0.55468,0.58804,0.6032,0.58806,0.60126,0.59514
5392.0,0.53245,0.58651,0.60209,0.58685,0.59842,0.5934675
5393.0,0.55142,0.58493,0.60097,0.58566,0.5957,0.591815
5394.0,0.57783,0.5833,0.59987,0.58456,0.59337,0.590275
5395.0,0.47792,0.58177,0.59889,0.58364,0.59182,0.5890299999999999
5396.0,0.49491,0.58049,0.59811,0.58303,0.59128,0.5882274999999999
5397.0,0.54541,0.57934,0.59761,0.5828,0.59168,0.5878574999999999
5398.0,0.52832,0.57809,0.59737,0.58279,0.59262,0.5877175
5399.0,0.54224,0.57676,0.59727,0.58277,0.59341,0.5875525
5400.0,0.52711,0.57541,0.5971,0.58246,0.59327,0.5870599999999999
5401.0,0.44614,0.57398,0.59657,0.5816,0.59172,0.5859675
5402.0,0.44614,0.57249,0.59547,0.58003,0.58878,0.5841925
5403.0,0.53255,0.57112,0.59368,0.57773,0.58501,0.581885
5404.0,0.52612,0.57006,0.59116,0.57475,0.58116,0.5792825
5405.0,0.58328,0.56937,0.58784,0.57109,0.57773,0.5765075
5406.0,0.56362,0.56884,0.58355,0.56669,0.57493,0.5735025
5407.0,0.50254,0.56842,0.57817,0.56153,0.5729,0.570255
5408.0,0.50616,0.56834,0.5719,0.55598,0.57185,0.5670175
5409.0,0.60432,0.5688,0.5655,0.55091,0.57207,0.56432
5410.0,0.60009,0.5698,0.56018,0.54758,0.57379,0.5628375
5411.0,0.60444,0.5712,0.55719,0.54699,0.57703,0.5631025000000001
5412.0,0.55775,0.57286,0.55738,0.54941,0.58154,0.5652975
5413.0,0.48937,0.57472,0.56087,0.5543,0.58684,0.5691825
5414.0,0.52178,0.57667,0.56694,0.56059,0.5922,0.5741
5415.0,0.52032,0.57855,0.5743,0.56709,0.5969,0.57921
5416.0,0.3971,0.58024,0.58152,0.57279,0.60046,0.5837525
5417.0,0.39476,0.58174,0.58753,0.57713,0.60274,0.5872850000000001
5418.0,0.54771,0.583,0.59187,0.58001,0.60386,0.589685
5419.0,0.63599,0.58396,0.59462,0.58164,0.60407,0.5910725000000001
5420.0,0.62494,0.58456,0.59612,0.58238,0.6036,0.591665
5421.0,0.60051,0.58473,0.59673,0.58254,0.60274,0.591685
5422.0,0.57684,0.58455,0.59683,0.58236,0.60182,0.59139
5423.0,0.5434,0.58417,0.59666,0.58204,0.601,0.5909675
5424.0,0.52003,0.58362,0.59638,0.58166,0.60013,0.5904475
5425.0,0.58078,0.58285,0.596,0.5812,0.59889,0.589735
5426.0,0.49616,0.58184,0.59545,0.58053,0.597,0.588705
5427.0,0.47055,0.58074,0.59469,0.57959,0.59455,0.5873925
5428.0,0.54179,0.57985,0.59375,0.57847,0.59184,0.5859775
5429.0,0.54216,0.57924,0.5927,0.57734,0.58915,0.5846075
5430.0,0.53891,0.57875,0.59165,0.57634,0.58679,0.5833825
5431.0,0.61676,0.57842,0.59071,0.57555,0.5851,0.582445
5432.0,0.60807,0.57835,0.59003,0.57505,0.58439,0.581955
5433.0,0.55199,0.57855,0.5897,0.57495,0.58488,0.58202
5434.0,0.60072,0.57897,0.58978,0.57532,0.58666,0.5826825
5435.0,0.50141,0.57951,0.59027,0.57616,0.58962,0.58389
5436.0,0.52671,0.58017,0.59115,0.57739,0.59347,0.585545
5437.0,0.59955,0.58087,0.59233,0.57883,0.59769,0.58743
5438.0,0.54081,0.58146,0.59364,0.58022,0.60157,0.5892225
5439.0,0.33563,0.58182,0.59483,0.58129,0.60437,0.5905775
5440.0,0.3947,0.58196,0.59567,0.58182,0.60552,0.5912425
5441.0,0.52775,0.58186,0.59596,0.58166,0.60469,0.5910424999999999
5442.0,0.54667,0.58146,0.59558,0.5808,0.60193,0.5899424999999999
5443.0,0.49536,0.58072,0.59455,0.57935,0.59778,0.5881000000000001
5444.0,0.55559,0.57972,0.59307,0.57759,0.59325,0.5859075
5445.0,0.64684,0.5787,0.59144,0.57593,0.58949,0.58389
5446.0,0.60307,0.57783,0.59002,0.57473,0.58724,0.582455
5447.0,0.46059,0.57704,0.58904,0.57417,0.58665,0.581725
5448.0,0.42811,0.57621,0.58858,0.57412,0.58731,0.581555
5449.0,0.62854,0.57538,0.58853,0.57428,0.58839,0.581645
5450.0,0.52899,0.57457,0.5886,0.57432,0.58896,0.5816125000000001
5451.0,0.49692,0.57378,0.5885,0.57402,0.58843,0.5811824999999999
5452.0,0.57046,0.57301,0.58805,0.57332,0.58681,0.5802975
5453.0,0.59412,0.57241,0.58728,0.57241,0.58483,0.5792325
5454.0,0.48232,0.5722,0.58646,0.57163,0.58342,0.5784275000000001
5455.0,0.58282,0.57229,0.58588,0.57127,0.58312,0.57814
5456.0,0.65397,0.57238,0.5857,0.5714,0.5839,0.578345
5457.0,0.6137,0.57238,0.58593,0.57186,0.58529,0.578865
5458.0,0.53543,0.57235,0.58638,0.57235,0.58665,0.5794325
5459.0,0.53153,0.5723,0.58683,0.57265,0.58742,0.5798000000000001
5460.0,0.50463,0.5722,0.58705,0.57263,0.58744,0.5798300000000001
5461.0,0.38972,0.57215,0.58697,0.57235,0.58701,0.57962
5462.0,0.38177,0.57228,0.58667,0.57197,0.58659,0.5793774999999999
5463.0,0.53073,0.57243,0.58632,0.5717,0.58657,0.579255
5464.0,0.55641,0.57239,0.58607,0.5716,0.58707,0.5792824999999999
5465.0,0.47086,0.57214,0.58599,0.57167,0.58792,0.57943
5466.0,0.45043,0.57171,0.58606,0.57181,0.58875,0.5795825000000001
5467.0,0.49036,0.57111,0.58618,0.5719,0.58916,0.5795875
5468.0,0.48873,0.57041,0.5862,0.5718,0.58889,0.5793250000000001
5469.0,0.41056,0.56969,0.58602,0.57142,0.58782,0.5787375
5470.0,0.52504,0.56893,0.58559,0.57074,0.58599,0.5778125000000001
5471.0,0.60388,0.56806,0.58489,0.56979,0.58353,0.5765675
5472.0,0.55942,0.56715,0.58395,0.56863,0.58066,0.5750975
5473.0,0.49299,0.56628,0.58286,0.56741,0.57767,0.573555
5474.0,0.56451,0.56546,0.58174,0.56626,0.57506,0.57213
5475.0,0.62243,0.56487,0.58077,0.56534,0.57335,0.5710824999999999
5476.0,0.53933,0.56465,0.5801,0.56483,0.57277,0.5705875
5477.0,0.49665,0.56466,0.57979,0.56476,0.57319,0.5706
5478.0,0.66185,0.56469,0.57982,0.56503,0.57427,0.5709525
5479.0,0.64374,0.56478,0.58009,0.56546,0.57578,0.5715275
5480.0,0.57067,0.56511,0.58051,0.56594,0.57753,0.5722725
5481.0,0.53192,0.56567,0.58101,0.56646,0.57936,0.573125
5482.0,0.52836,0.56635,0.58149,0.56697,0.5811,0.5739775
5483.0,0.5082,0.56709,0.5819,0.56742,0.5826,0.5747525
5484.0,0.45744,0.5678,0.5822,0.56774,0.58376,0.575375
5485.0,0.51319,0.56835,0.58238,0.56788,0.58453,0.575785
5486.0,0.59745,0.56878,0.58245,0.56786,0.58496,0.5760125
5487.0,0.5876,0.56916,0.58239,0.56775,0.58515,0.5761124999999999
5488.0,0.47087,0.56949,0.58227,0.56763,0.58526,0.5761624999999999
5489.0,0.52378,0.56978,0.58213,0.56753,0.58541,0.5762125
5490.0,0.61562,0.56996,0.58202,0.56746,0.58561,0.5762625
5491.0,0.56209,0.56992,0.58194,0.5674,0.58577,0.5762575000000001
5492.0,0.43108,0.56972,0.58186,0.56729,0.58574,0.5761525
5493.0,0.54017,0.56946,0.58171,0.5671,0.58542,0.5759225
5494.0,0.51764,0.5691,0.58146,0.56682,0.58477,0.5755375
5495.0,0.47805,0.56861,0.58112,0.56644,0.58397,0.575035
5496.0,0.48191,0.56809,0.58075,0.56602,0.58319,0.5745125
5497.0,0.51102,0.5676,0.58039,0.56564,0.58244,0.5740175000000001
5498.0,0.5468,0.56698,0.58003,0.56528,0.58164,0.5734825
5499.0,0.58005,0.56622,0.57964,0.56487,0.58077,0.572875
5500.0,0.59672,0.56548,0.57921,0.56439,0.5799,0.572245
5501.0,0.59007,0.56482,0.57875,0.56385,0.579,0.5716049999999999
5502.0,0.54914,0.56412,0.57819,0.56325,0.578,0.57089
5503.0,0.4566,0.56335,0.57748,0.56257,0.57689,0.5700725
5504.0,0.47846,0.56258,0.57665,0.56181,0.57587,0.5692275
5505.0,0.42377,0.56198,0.57577,0.56103,0.57514,0.5684800000000001
5506.0,0.20961,0.56157,0.57495,0.56037,0.57467,0.56789
5507.0,0.25403,0.56124,0.57426,0.55989,0.57424,0.5674075
5508.0,1.64344,0.561,0.57374,0.55956,0.57367,0.5669925
5509.0,1.24234,0.56085,0.57339,0.5593,0.57286,0.5666
5510.0,0.30927,0.56076,0.57319,0.55909,0.5719,0.5662349999999999
5511.0,0.38463,0.56082,0.57312,0.55892,0.57107,0.5659825
5512.0,0.59637,0.56111,0.57315,0.55892,0.57078,0.56599
5513.0,0.59986,0.56166,0.57332,0.55916,0.57139,0.5663825
5514.0,0.58414,0.56234,0.57367,0.5597,0.57301,0.56718
5515.0,0.56915,0.563,0.57425,0.56051,0.57547,0.5683075
5516.0,0.51396,0.5636,0.57504,0.56148,0.57836,0.56962
5517.0,0.54417,0.56408,0.57592,0.56245,0.58113,0.570895
5518.0,0.57115,0.56439,0.57674,0.56325,0.58331,0.5719225
5519.0,0.53423,0.5646,0.57735,0.56374,0.58461,0.5725750000000001
5520.0,0.47372,0.56472,0.57767,0.56387,0.58493,0.5727975
5521.0,0.49464,0.56474,0.57766,0.56361,0.58425,0.572565
5522.0,0.6207,0.56456,0.57729,0.56298,0.5826,0.5718574999999999
5523.0,0.58555,0.56417,0.57658,0.56202,0.58015,0.57073
5524.0,0.53905,0.56361,0.57559,0.56082,0.57718,0.5693000000000001
5525.0,0.58539,0.56293,0.57442,0.55954,0.57418,0.5677675000000001
5526.0,0.57693,0.56229,0.57325,0.55838,0.57176,0.5664199999999999
5527.0,0.42926,0.5619,0.57227,0.55755,0.57042,0.565535
5528.0,0.33189,0.56174,0.57164,0.55719,0.57025,0.5652050000000001
5529.0,0.43431,0.56164,0.5714,0.55725,0.571,0.5653225
5530.0,0.63746,0.56158,0.57148,0.55755,0.57224,0.5657125
5531.0,0.52636,0.56159,0.57175,0.5579,0.57352,0.56619
5532.0,0.49278,0.5617,0.57205,0.55818,0.57452,0.5666125000000001
5533.0,0.58035,0.56191,0.57225,0.55833,0.5752,0.5669225
5534.0,0.64551,0.5623,0.57233,0.55841,0.57572,0.56719
5535.0,0.5472,0.56282,0.57236,0.55851,0.57631,0.5675
5536.0,0.43914,0.56331,0.57242,0.55869,0.57709,0.5678775
5537.0,0.53041,0.56373,0.57257,0.55894,0.57803,0.5683175
5538.0,0.68768,0.56413,0.57279,0.55922,0.57897,0.5687774999999999
5539.0,0.71344,0.5645,0.57302,0.55945,0.57964,0.5691525
5540.0,0.53632,0.56477,0.57315,0.55953,0.57985,0.569325
5541.0,0.36952,0.56497,0.57311,0.55941,0.57963,0.56928
5542.0,0.34232,0.56517,0.57293,0.55914,0.5792,0.56911
5543.0,0.41911,0.56532,0.57265,0.55884,0.57877,0.568895
5544.0,0.48018,0.56538,0.57234,0.55861,0.57858,0.5687274999999999
5545.0,0.44607,0.5654,0.57212,0.55851,0.57876,0.5686975
5546.0,0.50636,0.56539,0.57204,0.55856,0.5793,0.5688225
5547.0,0.53745,0.5653,0.57209,0.55871,0.57995,0.5690124999999999
5548.0,0.49015,0.56508,0.5722,0.55885,0.58042,0.5691375000000001
5549.0,0.4564,0.56479,0.57226,0.55886,0.58046,0.5690925
5550.0,0.4681,0.56443,0.57218,0.55868,0.57996,0.5688124999999999
5551.0,0.51458,0.56396,0.57191,0.55829,0.57895,0.5682775
5552.0,0.55084,0.56341,0.57146,0.55775,0.57769,0.5675775
5553.0,0.51398,0.56285,0.57091,0.55716,0.57646,0.566845
5554.0,0.39263,0.56223,0.57034,0.55664,0.57547,0.56617
5555.0,0.53451,0.56152,0.56982,0.55622,0.57475,0.5655775
5556.0,0.51914,0.56073,0.56939,0.5559,0.57427,0.5650724999999999
5557.0,0.37677,0.5599,0.56905,0.55562,0.57388,0.5646125
5558.0,0.45997,0.55904,0.56874,0.55532,0.57334,0.56411
5559.0,0.66845,0.55814,0.56839,0.55492,0.57248,0.5634825
5560.0,0.6682,0.55719,0.56793,0.55437,0.57124,0.5626825
5561.0,0.53913,0.55625,0.56735,0.55368,0.56971,0.5617475000000001
5562.0,0.46937,0.55537,0.56667,0.55291,0.56807,0.560755
5563.0,0.53738,0.5545,0.56595,0.55214,0.56648,0.5597675
5564.0,0.50252,0.55369,0.56524,0.55145,0.56508,0.558865
5565.0,0.45138,0.55301,0.56461,0.55087,0.56392,0.5581025
5566.0,0.44604,0.5524,0.56408,0.55041,0.563,0.5574725
5567.0,0.47565,0.55182,0.56365,0.55003,0.56226,0.55694
5568.0,0.48161,0.55139,0.56331,0.5497,0.56173,0.5565325
5569.0,0.5167,0.55113,0.56303,0.54945,0.56137,0.556245
5570.0,0.53317,0.55091,0.56279,0.54928,0.56119,0.5560425
5571.0,0.52221,0.55076,0.5626,0.54916,0.56133,0.5559625
5572.0,0.53088,0.55074,0.56251,0.54916,0.56185,0.556065
5573.0,0.48609,0.55071,0.56254,0.5493,0.56267,0.556305
5574.0,0.44619,0.55061,0.56265,0.54954,0.56365,0.5566125
5575.0,0.4729,0.55049,0.56282,0.5498,0.56469,0.5569500000000001
5576.0,0.52378,0.55027,0.56302,0.55005,0.56563,0.5572425000000001
5577.0,0.40745,0.54982,0.56318,0.55022,0.56625,0.5573675
5578.0,0.51994,0.54917,0.56325,0.55025,0.56641,0.55727
5579.0,0.59135,0.54834,0.56318,0.55012,0.56602,0.556915
5580.0,0.49124,0.54732,0.56294,0.54976,0.56506,0.55627
5581.0,0.41643,0.54618,0.56252,0.54916,0.56346,0.55533
5582.0,0.4339,0.54493,0.56186,0.54828,0.56115,0.5540550000000001
5583.0,0.47165,0.54351,0.5609,0.54707,0.55808,0.55239
5584.0,0.49672,0.54194,0.55957,0.54548,0.5544,0.5503475
5585.0,0.522,0.54037,0.55783,0.5435,0.55049,0.5480475
5586.0,0.57998,0.53895,0.55567,0.54119,0.54685,0.545665
5587.0,0.57829,0.5378,0.55312,0.53869,0.54398,0.5433975
5588.0,0.59492,0.53693,0.55024,0.53619,0.54221,0.5413924999999999
5589.0,0.64868,0.5362,0.5471,0.53386,0.5416,0.53969
5590.0,0.64406,0.53559,0.54412,0.53196,0.54206,0.5384325
5591.0,0.51544,0.53518,0.54193,0.53092,0.54336,0.5378474999999999
5592.0,0.56981,0.53505,0.54105,0.53109,0.54519,0.538095
5593.0,0.65015,0.53521,0.54153,0.53245,0.54716,0.5390874999999999
5594.0,0.56083,0.53564,0.54326,0.5345,0.54886,0.540565
5595.0,0.60702,0.53617,0.54586,0.53672,0.54987,0.5421549999999999
5596.0,0.59868,0.53669,0.54868,0.53865,0.55005,0.5435175
5597.0,0.50673,0.53732,0.55104,0.53995,0.54957,0.54447
5598.0,0.4189,0.53813,0.55256,0.5406,0.54869,0.544995
5599.0,0.4518,0.53903,0.55329,0.54078,0.54781,0.5452275
5600.0,0.49383,0.53997,0.55351,0.54077,0.5475,0.5454375
5601.0,0.50969,0.54102,0.55358,0.5409,0.54833,0.5459575
5602.0,0.46287,0.54216,0.55385,0.54138,0.55047,0.5469649999999999
5603.0,0.38203,0.5433,0.55442,0.54229,0.55361,0.548405
5604.0,0.45886,0.54441,0.55528,0.54347,0.55726,0.550105
5605.0,0.59969,0.54535,0.55635,0.54471,0.56088,0.5518225000000001
5606.0,0.63231,0.54599,0.55745,0.54583,0.56395,0.5533049999999999
5607.0,0.56817,0.54639,0.55841,0.54667,0.56606,0.5543825
5608.0,0.608,0.54672,0.55906,0.54712,0.56696,0.554965
5609.0,0.53907,0.54695,0.55932,0.5471,0.56662,0.5549975
5610.0,0.54034,0.54693,0.55917,0.54662,0.56511,0.5544575
5611.0,0.59232,0.54662,0.55861,0.54573,0.56255,0.5533775000000001
5612.0,0.54402,0.54598,0.55763,0.5445,0.55919,0.551825
5613.0,0.441,0.54512,0.55635,0.54306,0.55564,0.5500425
5614.0,0.43596,0.54435,0.55499,0.54166,0.55273,0.5484325
5615.0,0.47132,0.5438,0.55382,0.54064,0.55095,0.5473025
5616.0,0.49049,0.5433,0.55296,0.54013,0.55034,0.5466825
5617.0,0.55555,0.54282,0.5525,0.54004,0.55072,0.54652
5618.0,0.60327,0.54242,0.55246,0.54023,0.55176,0.5467175
5619.0,0.63156,0.5421,0.55269,0.54053,0.55288,0.54705
5620.0,0.63145,0.54189,0.55296,0.54075,0.55351,0.5472775000000001
5621.0,0.58047,0.54188,0.55306,0.54075,0.55344,0.5472825
5622.0,0.49379,0.54198,0.55292,0.5405,0.55291,0.5470775
5623.0,0.53164,0.54211,0.55265,0.54015,0.55242,0.5468325
5624.0,0.62663,0.54237,0.55237,0.53991,0.55237,0.5467550000000001
5625.0,0.62286,0.54269,0.5522,0.53992,0.55289,0.546925
5626.0,0.46868,0.54299,0.55221,0.54017,0.55397,0.547335
5627.0,0.37148,0.54324,0.55245,0.54059,0.5555,0.5479449999999999
5628.0,0.41357,0.54339,0.55285,0.54111,0.55709,0.5486099999999999
5629.0,0.54068,0.54341,0.55328,0.54157,0.55832,0.549145
5630.0,0.56646,0.54341,0.55358,0.54183,0.55893,0.5494375
5631.0,0.30218,0.54339,0.55367,0.54181,0.55888,0.5494375
5632.0,0.32243,0.54323,0.55354,0.54152,0.5582,0.5491225
5633.0,0.54814,0.54292,0.55316,0.541,0.55699,0.5485175
5634.0,0.5307,0.54254,0.55258,0.54029,0.55545,0.5477150000000001
5635.0,0.42425,0.5421,0.55185,0.53947,0.5538,0.546805
5636.0,0.39664,0.54165,0.55105,0.53862,0.55228,0.5459
5637.0,0.47288,0.54125,0.55025,0.53784,0.55102,0.54509
5638.0,0.55249,0.54088,0.54951,0.5372,0.55008,0.5444175
5639.0,0.46855,0.54052,0.54889,0.53671,0.5495,0.543905
5640.0,0.5324,0.54025,0.54846,0.53641,0.54934,0.543615
5641.0,0.61002,0.54007,0.54822,0.53631,0.54954,0.543535
5642.0,0.58858,0.53994,0.54812,0.53635,0.54996,0.5435925
5643.0,0.50784,0.53988,0.54815,0.53646,0.55054,0.5437575000000001
5644.0,0.45917,0.53985,0.54824,0.53661,0.55122,0.54398
5645.0,0.48018,0.53979,0.54837,0.53676,0.5519,0.5442049999999999
5646.0,0.49803,0.53967,0.54849,0.53691,0.5525,0.5443925000000001
5647.0,0.46372,0.5395,0.5486,0.53705,0.55298,0.5445325
5648.0,0.5639,0.53923,0.54871,0.53717,0.55333,0.54461
5649.0,0.53268,0.53881,0.54882,0.53724,0.55351,0.5445949999999999
5650.0,0.45369,0.53823,0.54889,0.53724,0.55339,0.5444375000000001
5651.0,0.45958,0.53758,0.54886,0.53709,0.55276,0.5440725000000001
5652.0,0.48911,0.53689,0.54863,0.53668,0.55147,0.5434175
5653.0,0.39354,0.53607,0.54817,0.53597,0.54952,0.5424325000000001
5654.0,0.41382,0.53516,0.54745,0.53498,0.54703,0.5411549999999999
5655.0,0.56072,0.53422,0.54646,0.53381,0.5441,0.5396475000000001
5656.0,0.55201,0.53329,0.54526,0.53253,0.54116,0.53806
5657.0,0.44511,0.53254,0.54405,0.53132,0.53889,0.5367
5658.0,0.39157,0.53208,0.54305,0.53043,0.53766,0.5358050000000001
5659.0,0.4506,0.53174,0.5423,0.52998,0.5373,0.5353300000000001
5660.0,0.58138,0.53141,0.54183,0.52985,0.53768,0.5351925000000001
5661.0,0.64648,0.53126,0.54169,0.52995,0.53877,0.5354175
5662.0,0.58064,0.53132,0.54184,0.53024,0.54026,0.535915
5663.0,0.46786,0.53158,0.54211,0.53064,0.54165,0.5364949999999999
5664.0,0.40755,0.53205,0.54237,0.53098,0.54272,0.53703
5665.0,0.4113,0.53262,0.5426,0.53121,0.54351,0.537485
5666.0,0.50019,0.53312,0.54281,0.53139,0.54412,0.53786
5667.0,0.59291,0.5336,0.54299,0.53158,0.54465,0.5382049999999999
5668.0,0.60024,0.53419,0.54316,0.53181,0.54524,0.5386
5669.0,0.50594,0.53483,0.54336,0.53209,0.546,0.5390699999999999
5670.0,0.58884,0.5354,0.54362,0.53243,0.54702,0.5396175
5671.0,0.55843,0.53586,0.54392,0.53281,0.54817,0.54019
5672.0,0.4715,0.53618,0.5442,0.53314,0.54923,0.5406875
5673.0,0.6139,0.53635,0.54438,0.53334,0.55005,0.54103
5674.0,0.64397,0.5364,0.54444,0.53336,0.55058,0.541195
5675.0,0.53368,0.53638,0.54439,0.53323,0.55075,0.5411874999999999
5676.0,0.44969,0.53624,0.54417,0.53296,0.55043,0.54095
5677.0,0.51734,0.53597,0.54379,0.53253,0.54967,0.5404899999999999
5678.0,0.5335,0.53558,0.54333,0.53197,0.54859,0.5398675000000001
5679.0,0.60527,0.53506,0.54282,0.53137,0.5472,0.5391125
5680.0,0.66969,0.53446,0.54223,0.53075,0.54553,0.5382425000000001
5681.0,0.66145,0.53389,0.54161,0.53009,0.54381,0.53735
5682.0,0.63306,0.53343,0.54102,0.52945,0.54226,0.53654
5683.0,0.57917,0.53305,0.54049,0.52891,0.54096,0.5358525
5684.0,0.4836,0.53272,0.54001,0.52847,0.53993,0.5352825
5685.0,0.40961,0.53241,0.5396,0.52813,0.5393,0.53486
5686.0,0.47312,0.53214,0.53933,0.52795,0.53919,0.5346525
5687.0,0.49075,0.53199,0.53924,0.52798,0.53967,0.53472
5688.0,0.44695,0.53201,0.53933,0.52825,0.54067,0.535065
5689.0,0.41661,0.53209,0.53962,0.52869,0.54205,0.5356125
5690.0,0.48653,0.53211,0.54008,0.52924,0.54359,0.536255
5691.0,0.56753,0.53202,0.54064,0.52979,0.545,0.5368625
5692.0,0.5221,0.53181,0.54117,0.53022,0.54595,0.5372875
5693.0,0.44483,0.53149,0.54158,0.53041,0.54628,0.53744
5694.0,0.48011,0.53111,0.54177,0.53033,0.54592,0.5372825
5695.0,0.50197,0.53062,0.54165,0.52994,0.54487,0.53677
5696.0,0.43269,0.52995,0.54122,0.52928,0.54326,0.5359275
5697.0,0.38616,0.52911,0.54052,0.52841,0.54139,0.5348575
5698.0,0.4745,0.52812,0.53963,0.52748,0.53945,0.5336700000000001
5699.0,0.63198,0.52702,0.53864,0.52656,0.53759,0.5324525
5700.0,0.65579,0.5259,0.53765,0.5257,0.53599,0.53131
5701.0,0.5591,0.5248,0.5368,0.52496,0.53473,0.5303225
5702.0,0.44037,0.52378,0.53607,0.52433,0.53361,0.5294475
5703.0,0.41618,0.5228,0.53541,0.52372,0.53233,0.528565
5704.0,0.47389,0.52189,0.53476,0.523,0.53075,0.5276000000000001
5705.0,0.49566,0.52115,0.53404,0.52215,0.52888,0.526555
5706.0,0.45911,0.52061,0.53323,0.52122,0.52684,0.525475
5707.0,0.46856,0.5203,0.53234,0.5203,0.52495,0.5244725
5708.0,0.6094,0.52027,0.53151,0.51957,0.52374,0.5237725
5709.0,0.45633,0.52051,0.5309,0.5192,0.52353,0.5235350000000001
5710.0,0.24533,0.52095,0.53063,0.51929,0.52446,0.5238325
5711.0,0.52632,0.52167,0.5308,0.51983,0.5265,0.5246999999999999
5712.0,0.62674,0.5226,0.53136,0.52077,0.52926,0.5259975
5713.0,0.57091,0.52361,0.5322,0.52189,0.53225,0.5274875
5714.0,0.47069,0.52471,0.53317,0.52301,0.53516,0.5290125
5715.0,0.40926,0.52586,0.53413,0.52402,0.53773,0.530435
5716.0,0.38235,0.52698,0.53495,0.52484,0.53982,0.5316475
5717.0,0.45673,0.52804,0.53558,0.52545,0.54148,0.5326374999999999
5718.0,0.55515,0.529,0.53605,0.52588,0.5428,0.5334325
5719.0,0.55479,0.52973,0.53636,0.52617,0.5438,0.534015
5720.0,0.41282,0.53031,0.53653,0.52631,0.54444,0.5343975000000001
5721.0,0.3164,0.53078,0.53658,0.52629,0.54465,0.5345749999999999
5722.0,0.35122,0.53106,0.5365,0.52611,0.54437,0.53451
5723.0,0.48994,0.53116,0.53629,0.52579,0.54364,0.53422
5724.0,0.56724,0.5311,0.53594,0.52535,0.54253,0.53373
5725.0,0.40025,0.53096,0.5355,0.52482,0.54127,0.5331374999999999
5726.0,0.33236,0.53083,0.53502,0.52429,0.54014,0.5325700000000001
5727.0,0.51405,0.53074,0.53457,0.52386,0.53933,0.532125
5728.0,0.64244,0.53059,0.53418,0.52356,0.53882,0.5317875
5729.0,0.64103,0.53035,0.53387,0.52336,0.53861,0.5315475000000001
5730.0,0.54703,0.53012,0.53369,0.52326,0.53876,0.5314575
5731.0,0.43353,0.53,0.53362,0.52327,0.53917,0.531515
5732.0,0.38627,0.52997,0.5336,0.52336,0.53962,0.5316375
5733.0,0.42142,0.52997,0.53359,0.52342,0.54001,0.5317475
5734.0,0.48903,0.5299,0.53358,0.52341,0.54029,0.5317950000000001
5735.0,0.51975,0.52976,0.5335,0.5233,0.54041,0.5317425
5736.0,0.46483,0.52965,0.53333,0.5231,0.54032,0.5316
5737.0,0.44344,0.5296,0.53304,0.52281,0.54008,0.5313825
5738.0,0.47539,0.52955,0.5327,0.52247,0.53976,0.53112
5739.0,0.5142,0.5294,0.53237,0.52217,0.53947,0.5308525000000001
5740.0,0.50077,0.52915,0.53209,0.52196,0.53925,0.5306124999999999
5741.0,0.49592,0.52885,0.53189,0.52183,0.53907,0.53041
5742.0,0.55134,0.52861,0.53177,0.52174,0.53893,0.5302625
5743.0,0.59209,0.5284,0.5317,0.52166,0.53879,0.5301374999999999
5744.0,0.52078,0.5281,0.53164,0.52157,0.53857,0.52997
5745.0,0.45172,0.52765,0.53151,0.52141,0.53818,0.5296875
5746.0,0.45371,0.52712,0.53131,0.52115,0.53761,0.5292975
5747.0,0.51127,0.52666,0.53105,0.52081,0.53694,0.528865
5748.0,0.55807,0.52636,0.53074,0.52043,0.53614,0.5284175
5749.0,0.50999,0.52608,0.53036,0.51999,0.53513,0.52789
5750.0,0.36106,0.5257,0.52991,0.51947,0.53399,0.5272675
5751.0,0.27272,0.52522,0.52943,0.51894,0.53294,0.5266325000000001
5752.0,0.37494,0.52478,0.52897,0.51847,0.5322,0.526105
5753.0,0.52264,0.52451,0.52858,0.51819,0.53196,0.5258100000000001
5754.0,0.57186,0.52439,0.52835,0.51812,0.53225,0.5257775
5755.0,0.51089,0.52428,0.5283,0.51825,0.53288,0.5259275
5756.0,0.46213,0.52414,0.5284,0.51845,0.53358,0.5261425000000001
5757.0,0.66788,0.52401,0.52854,0.5186,0.53399,0.526285
5758.0,0.63897,0.52391,0.52859,0.51858,0.53389,0.5262425
5759.0,0.53707,0.52387,0.52845,0.51835,0.53331,0.525995
5760.0,0.55646,0.52387,0.52814,0.51797,0.53251,0.5256225000000001
5761.0,0.49978,0.52387,0.52772,0.51758,0.53185,0.525255
5762.0,0.34547,0.52392,0.52735,0.51731,0.53167,0.5250625000000001
5763.0,0.25079,0.52399,0.52713,0.51727,0.53202,0.5251025
5764.0,0.3219,0.52399,0.52708,0.5174,0.53274,0.5253025
5765.0,0.47877,0.52391,0.52719,0.51763,0.53362,0.5255875
5766.0,0.52125,0.52378,0.52739,0.51786,0.53442,0.5258625
5767.0,0.48704,0.52359,0.52756,0.518,0.53487,0.5260050000000001
5768.0,0.45626,0.52338,0.52761,0.51798,0.53489,0.525965
5769.0,0.46465,0.52309,0.52752,0.51781,0.53455,0.5257425
5770.0,0.48013,0.52264,0.52731,0.51752,0.53394,0.5253525
5771.0,0.46694,0.52203,0.527,0.51714,0.53319,0.52484
5772.0,0.45038,0.52129,0.52662,0.51672,0.53238,0.5242524999999999
5773.0,0.51465,0.52042,0.5262,0.51627,0.53152,0.5236025
5774.0,0.49093,0.51952,0.52574,0.51577,0.53057,0.5228999999999999
5775.0,0.51393,0.51861,0.52523,0.51519,0.52938,0.5221024999999999
5776.0,0.60373,0.51766,0.52461,0.51447,0.5278,0.521135
5777.0,0.54824,0.51665,0.52384,0.51355,0.52581,0.5199625
5778.0,0.38519,0.51562,0.52289,0.51247,0.52346,0.51861
5779.0,0.33285,0.51467,0.52178,0.5113,0.52098,0.5171824999999999
5780.0,0.44683,0.51394,0.52063,0.51016,0.51877,0.515875
5781.0,0.53284,0.51344,0.51959,0.50925,0.51719,0.5148675
5782.0,0.46128,0.51307,0.51879,0.5087,0.51637,0.5142325000000001
5783.0,0.36478,0.51275,0.51831,0.50851,0.51637,0.513985
5784.0,0.35013,0.51257,0.51821,0.50866,0.51718,0.5141549999999999
5785.0,0.41838,0.51266,0.51845,0.50911,0.51853,0.5146875
5786.0,0.48036,0.51301,0.51889,0.5097,0.52004,0.5154099999999999
5787.0,0.46524,0.51346,0.51942,0.51028,0.52151,0.5161675
5788.0,0.40781,0.5139,0.51994,0.51079,0.52279,0.5168550000000001
5789.0,0.42984,0.51427,0.52038,0.51118,0.52383,0.517415
5790.0,0.38211,0.51469,0.5207,0.51145,0.52469,0.5178825
5791.0,0.40319,0.51525,0.52093,0.51163,0.52544,0.5183125
5792.0,0.49559,0.51582,0.52102,0.51169,0.52602,0.5186375
5793.0,0.4551,0.51627,0.52096,0.51153,0.52645,0.5188025
5794.0,0.35883,0.51657,0.52065,0.51111,0.52669,0.518755
5795.0,0.43125,0.51678,0.51989,0.51028,0.52666,0.5184025
5796.0,0.60212,0.51701,0.51859,0.50897,0.52649,0.517765
5797.0,0.49129,0.51727,0.51674,0.5073,0.52637,0.5169199999999999
5798.0,0.40161,0.51746,0.51444,0.50552,0.52632,0.515935
5799.0,0.45934,0.51756,0.51195,0.50386,0.52637,0.514935
5800.0,0.60775,0.51761,0.50985,0.50267,0.52657,0.514175
5801.0,0.63624,0.51766,0.5087,0.50233,0.52686,0.5138875
5802.0,0.53083,0.51771,0.50857,0.5029,0.52703,0.5140524999999999
5803.0,0.44416,0.51772,0.50945,0.504,0.5271,0.5145675
5804.0,0.42653,0.51766,0.51113,0.50529,0.52712,0.5153
5805.0,0.38962,0.51761,0.51306,0.50648,0.52709,0.51606
5806.0,0.48728,0.51762,0.51448,0.50717,0.52697,0.51656
5807.0,0.52674,0.51764,0.51506,0.50711,0.5268,0.5166525
5808.0,0.45383,0.51757,0.51477,0.50645,0.52659,0.516345
5809.0,0.48296,0.51745,0.51369,0.50542,0.52628,0.51571
5810.0,0.56838,0.51738,0.51215,0.50429,0.52587,0.5149225
5811.0,0.51,0.51744,0.51078,0.50346,0.52545,0.5142825
5812.0,0.36398,0.5176,0.51001,0.50325,0.52512,0.513995
5813.0,0.53062,0.51774,0.51,0.50373,0.52488,0.5140875
5814.0,0.62826,0.51782,0.51077,0.50462,0.52484,0.5145124999999999
5815.0,0.60645,0.51795,0.51221,0.5058,0.52511,0.5152675
5816.0,0.54635,0.51821,0.51396,0.50709,0.52568,0.516235
5817.0,0.57145,0.51858,0.51551,0.50825,0.52642,0.5171899999999999
5818.0,0.63846,0.51898,0.51681,0.50918,0.52725,0.5180549999999999
5819.0,0.63634,0.51928,0.51787,0.50992,0.52809,0.5187900000000001
5820.0,0.57869,0.51954,0.51869,0.51054,0.5288,0.5193925
5821.0,0.68723,0.5198,0.51935,0.51108,0.52934,0.5198925
5822.0,0.74209,0.52008,0.51995,0.51158,0.52973,0.520335
5823.0,0.68639,0.52034,0.52054,0.51205,0.53002,0.5207375
5824.0,0.56548,0.52051,0.52113,0.51247,0.53021,0.52108
5825.0,0.50205,0.52057,0.52158,0.51273,0.53026,0.521285
5826.0,0.50712,0.52055,0.52179,0.51274,0.53018,0.521315
5827.0,0.50773,0.52046,0.52173,0.51246,0.52996,0.5211525
5828.0,0.45101,0.52037,0.52136,0.51197,0.52959,0.5208225
5829.0,0.3916,0.52025,0.52072,0.51135,0.52911,0.5203575
5830.0,0.40945,0.52005,0.51994,0.51067,0.52858,0.51981
5831.0,0.52398,0.51978,0.51918,0.51004,0.52804,0.5192599999999999
5832.0,0.66515,0.51949,0.51851,0.50952,0.52752,0.51876
5833.0,0.61272,0.5192,0.51795,0.5091,0.52704,0.5183225
5834.0,0.44016,0.51893,0.51749,0.50875,0.52664,0.5179525
5835.0,0.35916,0.51863,0.51714,0.50847,0.52634,0.517645
5836.0,0.48819,0.51827,0.51683,0.50824,0.52612,0.517365
5837.0,0.49659,0.51787,0.51658,0.50805,0.52603,0.5171325
5838.0,0.46494,0.51746,0.51638,0.5079,0.52606,0.51695
5839.0,0.42769,0.51702,0.51623,0.50779,0.52612,0.51679
5840.0,0.40409,0.5165,0.51609,0.50766,0.5261,0.5165875
5841.0,0.51437,0.51589,0.51594,0.50748,0.5259,0.5163025
5842.0,0.66828,0.51521,0.51574,0.5072,0.52543,0.515895
5843.0,0.69965,0.51447,0.51543,0.5068,0.52466,0.51534
5844.0,0.49303,0.51362,0.51502,0.50628,0.52363,0.5146375000000001
5845.0,0.35574,0.51262,0.51449,0.50569,0.5224,0.5138
5846.0,0.31276,0.51153,0.51389,0.50504,0.52109,0.5128875
5847.0,0.35988,0.51047,0.51327,0.50438,0.51973,0.5119625000000001
5848.0,0.48384,0.50944,0.51263,0.50372,0.51828,0.5110175
5849.0,0.57752,0.50834,0.51197,0.50302,0.5167,0.5100075000000001
5850.0,0.58969,0.50709,0.51128,0.50228,0.51499,0.50891
5851.0,0.52738,0.50584,0.51056,0.5015,0.51312,0.507755
5852.0,0.44952,0.50483,0.50979,0.50068,0.51119,0.5066225
5853.0,0.42284,0.50405,0.50903,0.49988,0.50938,0.5055850000000001
5854.0,0.44231,0.50333,0.5083,0.49919,0.50778,0.50465
5855.0,0.46996,0.50254,0.50765,0.49861,0.5065,0.503825
5856.0,0.45246,0.50183,0.50713,0.49818,0.50572,0.503215
5857.0,0.44366,0.50143,0.50679,0.49797,0.50558,0.5029425000000001
5858.0,0.47254,0.50133,0.50664,0.49799,0.50594,0.502975
5859.0,0.53147,0.50129,0.50665,0.49817,0.50668,0.5031975
5860.0,0.56183,0.50116,0.50681,0.49846,0.50766,0.5035225
5861.0,0.48911,0.50106,0.50705,0.49877,0.50863,0.5038775
5862.0,0.41557,0.50111,0.50729,0.49903,0.50944,0.5042175
5863.0,0.411,0.50127,0.50746,0.4992,0.51006,0.5044975
5864.0,0.3765,0.50133,0.50754,0.49927,0.51048,0.5046550000000001
5865.0,0.39817,0.50122,0.50752,0.49923,0.51082,0.5046975
5866.0,0.49042,0.50105,0.5074,0.49906,0.51122,0.5046824999999999
5867.0,0.60057,0.50082,0.50713,0.49867,0.51158,0.50455
5868.0,0.5964,0.50045,0.50652,0.49783,0.51175,0.5041375
5869.0,0.55172,0.49994,0.50529,0.49624,0.51154,0.5032525
5870.0,0.49587,0.49933,0.50306,0.49354,0.5107,0.5016575
5871.0,0.43912,0.49871,0.49959,0.48963,0.50917,0.499275
5872.0,0.45011,0.49795,0.49485,0.4849,0.50707,0.49619250000000004
5873.0,0.85677,0.49696,0.48916,0.47991,0.50473,0.49268999999999996
5874.0,1.66926,0.49589,0.48353,0.47562,0.5026,0.48941
5875.0,2.54348,0.4949,0.47929,0.4731,0.50113,0.487105
5876.0,2.72644,0.49389,0.4773,0.47302,0.50049,0.486175
5877.0,2.15698,0.49261,0.4779,0.47518,0.50051,0.48655
5878.0,1.2281,0.49095,0.48087,0.47871,0.50097,0.48787500000000006
5879.0,0.6485,0.48921,0.48545,0.48284,0.50153,0.4897575
5880.0,0.45645,0.4875,0.49031,0.48669,0.50177,0.49156750000000005
5881.0,0.46627,0.48558,0.49433,0.48951,0.50127,0.49267249999999996
5882.0,0.50319,0.48311,0.4972,0.49103,0.49978,0.49278
5883.0,0.45536,0.48009,0.49869,0.49132,0.49696,0.491765
5884.0,0.38011,0.47721,0.49874,0.4904,0.49247,0.489705
5885.0,0.36357,0.47471,0.49757,0.48837,0.48632,0.48674249999999997
5886.0,0.4337,0.4722,0.49538,0.4855,0.47898,0.48301499999999997
5887.0,0.49512,0.46929,0.49244,0.48217,0.47111,0.47875249999999997
5888.0,0.49289,0.46611,0.48912,0.47879,0.46375,0.4744425
5889.0,0.45748,0.46355,0.48597,0.47589,0.45812,0.47088250000000004
5890.0,0.44345,0.46222,0.48346,0.47392,0.45454,0.468535
5891.0,0.47146,0.46165,0.48175,0.47286,0.45279,0.4672625
5892.0,0.4919,0.46114,0.48093,0.47252,0.45268,0.4668175
5893.0,0.46632,0.46058,0.48084,0.47278,0.4536,0.46695
5894.0,0.40744,0.46059,0.48113,0.47334,0.4552,0.467565
5895.0,0.49352,0.46194,0.48172,0.47416,0.45792,0.468935
5896.0,0.52402,0.46425,0.48269,0.47549,0.46195,0.47109500000000004
5897.0,0.45522,0.46662,0.48402,0.47733,0.467,0.4737425
5898.0,0.40907,0.46875,0.4858,0.47954,0.47289,0.47674500000000003
5899.0,0.42314,0.47084,0.48804,0.48199,0.47908,0.47998749999999996
5900.0,0.41032,0.47335,0.49042,0.48442,0.48472,0.48322750000000003
5901.0,0.39455,0.47626,0.49265,0.4865,0.48937,0.486195
5902.0,0.52836,0.47892,0.49457,0.48813,0.49295,0.4886425
5903.0,0.49505,0.48105,0.49606,0.4893,0.49549,0.490475
5904.0,0.36616,0.48284,0.4971,0.49008,0.49715,0.4917925
5905.0,0.31326,0.48448,0.49777,0.49054,0.4982,0.4927475
5906.0,0.47097,0.48595,0.49819,0.49079,0.49884,0.4934425
5907.0,0.65316,0.48706,0.49841,0.49089,0.49912,0.49387000000000003
5908.0,0.61351,0.4878,0.49847,0.49085,0.49906,0.494045
5909.0,0.33291,0.48834,0.4984,0.49065,0.49868,0.4940175
5910.0,0.52202,0.48876,0.49819,0.4903,0.49798,0.49380749999999995
5911.0,0.52872,0.48903,0.49783,0.48983,0.49699,0.49342
5912.0,0.3575,0.48912,0.49735,0.48927,0.4959,0.49291
5913.0,0.42422,0.4891,0.49684,0.48872,0.49498,0.49241
5914.0,0.51526,0.48913,0.49637,0.48831,0.4944,0.4920525
5915.0,0.51365,0.4892,0.49601,0.48808,0.49427,0.49189
5916.0,0.45911,0.48927,0.49584,0.48804,0.49457,0.49193
5917.0,0.50217,0.48929,0.49585,0.48818,0.49518,0.492125
5918.0,0.46894,0.48931,0.496,0.4884,0.49591,0.49240500000000004
5919.0,0.44245,0.48941,0.4962,0.48865,0.4966,0.49271499999999996
5920.0,0.45888,0.48953,0.49639,0.48885,0.49715,0.49298
5921.0,0.38685,0.48965,0.49653,0.48898,0.49757,0.4931825
5922.0,0.35876,0.48972,0.49661,0.48906,0.49787,0.493315
5923.0,0.4131,0.48975,0.49661,0.48907,0.49801,0.49336
5924.0,0.50244,0.4898,0.49654,0.48899,0.498,0.4933325
5925.0,0.46546,0.48986,0.4964,0.48883,0.4978,0.4932225
5926.0,0.46606,0.48987,0.49618,0.48858,0.49743,0.49301500000000004
5927.0,0.47146,0.48979,0.49588,0.48826,0.49697,0.4927250000000001
5928.0,0.38053,0.48965,0.49554,0.48793,0.49649,0.49240249999999997
5929.0,0.45163,0.48955,0.49518,0.48763,0.49612,0.49212
5930.0,0.5577,0.48955,0.49489,0.48739,0.49592,0.4919375
5931.0,0.57287,0.48951,0.49466,0.48724,0.49586,0.4918175
5932.0,0.44399,0.48936,0.49449,0.48716,0.49586,0.4917175
5933.0,0.33884,0.48913,0.49439,0.48712,0.49593,0.4916425
5934.0,0.33419,0.48896,0.49435,0.4871,0.49603,0.49161
5935.0,0.41836,0.4889,0.49432,0.48709,0.49607,0.491595
5936.0,0.46838,0.48883,0.49428,0.48702,0.496,0.4915325
5937.0,0.45322,0.48865,0.49419,0.48688,0.49584,0.49139
5938.0,0.40794,0.4884,0.49404,0.48666,0.49554,0.49116000000000004
5939.0,0.38761,0.48816,0.4938,0.48639,0.49516,0.4908775
5940.0,0.42348,0.48798,0.49351,0.48609,0.49481,0.49059749999999996
5941.0,0.48636,0.48776,0.49324,0.48584,0.49459,0.4903575
5942.0,0.55674,0.48747,0.49301,0.48568,0.49449,0.49016249999999995
5943.0,0.59186,0.48718,0.49285,0.48557,0.49441,0.4900025
5944.0,0.39558,0.48692,0.49274,0.48545,0.49426,0.48984249999999996
5945.0,0.30579,0.48663,0.49263,0.48528,0.49391,0.4896125
5946.0,0.43104,0.48627,0.49243,0.48501,0.49331,0.489255
5947.0,0.489,0.48592,0.49214,0.48464,0.49253,0.48880750000000006
5948.0,0.40271,0.4857,0.49176,0.4842,0.49172,0.488345
5949.0,0.37962,0.48557,0.49135,0.48377,0.49102,0.4879275
5950.0,0.51642,0.48538,0.49093,0.4834,0.49045,0.48754000000000003
5951.0,0.47183,0.48514,0.49055,0.48308,0.49006,0.48720749999999996
5952.0,0.47419,0.48503,0.49024,0.48282,0.48988,0.48699250000000005
5953.0,0.50784,0.48512,0.49,0.48266,0.48987,0.4869125
5954.0,0.44088,0.48529,0.4898,0.48256,0.48999,0.48691
5955.0,0.36521,0.4854,0.48968,0.48252,0.4903,0.486975
5956.0,0.36463,0.48551,0.48965,0.4826,0.49086,0.487155
5957.0,0.45389,0.48575,0.48972,0.48281,0.49161,0.4874725
5958.0,0.57051,0.48609,0.4899,0.48312,0.49249,0.4879
5959.0,0.5887,0.48642,0.49018,0.48349,0.49341,0.488375
5960.0,0.55097,0.48666,0.49051,0.48386,0.49421,0.48881
5961.0,0.50041,0.48689,0.49081,0.48415,0.49476,0.4891525
5962.0,0.40784,0.48714,0.49104,0.48432,0.49505,0.4893875
5963.0,0.39221,0.48735,0.49116,0.48437,0.4951,0.489495
5964.0,0.47228,0.48745,0.49116,0.48431,0.49502,0.489485
5965.0,0.57931,0.48745,0.4911,0.48422,0.49496,0.4894325
5966.0,0.52182,0.48742,0.49101,0.48414,0.49499,0.48939
5967.0,0.41601,0.48734,0.49092,0.48408,0.49507,0.48935249999999997
5968.0,0.38509,0.48714,0.49084,0.48402,0.49517,0.4892925
5969.0,0.50331,0.48683,0.49075,0.48392,0.49515,0.4891625
5970.0,0.55604,0.48643,0.4906,0.48373,0.49486,0.48890500000000003
5971.0,0.53287,0.48601,0.49034,0.48338,0.49423,0.48849
5972.0,0.4861,0.48555,0.48993,0.48286,0.49325,0.4878975
5973.0,0.49127,0.48504,0.48936,0.48219,0.49199,0.487145
5974.0,0.53427,0.48447,0.48865,0.48142,0.49063,0.4862925
5975.0,0.51926,0.4839,0.48787,0.48066,0.48938,0.4854525
5976.0,0.39976,0.48335,0.48712,0.47999,0.48839,0.4847125
5977.0,0.461,0.48282,0.48646,0.47948,0.48772,0.48412
5978.0,0.52197,0.48234,0.48598,0.47914,0.48732,0.483695
5979.0,0.50278,0.48196,0.48566,0.47895,0.48704,0.48340249999999996
5980.0,0.46259,0.48163,0.48547,0.4788,0.48673,0.4831575
5981.0,0.45122,0.48134,0.48534,0.47867,0.48634,0.4829225
5982.0,0.43625,0.48108,0.48522,0.47851,0.48586,0.48266749999999997
5983.0,0.42415,0.48094,0.48507,0.47833,0.48546,0.48245
5984.0,0.51947,0.48095,0.48494,0.4782,0.4853,0.4823475
5985.0,0.49884,0.481,0.48486,0.47816,0.48541,0.4823575
5986.0,0.39371,0.48103,0.48485,0.47822,0.48581,0.48247750000000006
5987.0,0.34508,0.48109,0.48494,0.47838,0.48643,0.48271
5988.0,0.35168,0.48123,0.48511,0.4786,0.48717,0.48302749999999994
5989.0,0.37043,0.48139,0.48532,0.47884,0.4879,0.4833625
5990.0,0.37656,0.48148,0.48553,0.47907,0.48855,0.4836575
5991.0,0.37517,0.4815,0.48573,0.47926,0.48911,0.4839
5992.0,0.44817,0.48151,0.4859,0.47939,0.48948,0.48407
5993.0,0.47224,0.48151,0.48599,0.47943,0.4896,0.4841325
5994.0,0.38777,0.48142,0.48598,0.47935,0.48946,0.4840525
5995.0,0.40251,0.48118,0.48587,0.47916,0.48907,0.48382000000000003
5996.0,0.44117,0.48082,0.48563,0.47886,0.48848,0.48344750000000003
5997.0,0.44464,0.48045,0.4853,0.47849,0.48776,0.483
5998.0,0.3967,0.48012,0.4849,0.47806,0.48697,0.4825125
5999.0,0.40908,0.47975,0.48445,0.4776,0.48615,0.4819875
6000.0,0.43447,0.47924,0.48398,0.47712,0.48531,0.4814125
6001.0,0.43649,0.47859,0.48349,0.47661,0.48442,0.4807775
6002.0,0.42547,0.47801,0.48298,0.47609,0.48353,0.4801525
6003.0,0.43244,0.47765,0.48248,0.47558,0.48265,0.47959
6004.0,0.4441,0.47734,0.48199,0.4751,0.4818,0.4790575
6005.0,0.43869,0.47687,0.48154,0.47467,0.48109,0.4785425
6006.0,0.42086,0.4763,0.48116,0.47436,0.4806,0.478105
6007.0,0.43752,0.47589,0.48088,0.47415,0.48035,0.4778175
6008.0,0.48521,0.47575,0.48071,0.47407,0.48037,0.477725
6009.0,0.51704,0.47563,0.48066,0.47409,0.4806,0.477745
6010.0,0.50798,0.47533,0.48069,0.47417,0.48089,0.47777000000000003
6011.0,0.46769,0.47497,0.48074,0.47423,0.48112,0.477765
6012.0,0.43293,0.4748,0.48078,0.47425,0.48121,0.47775999999999996
6013.0,0.47861,0.47479,0.48076,0.4742,0.48112,0.4777175
6014.0,0.56498,0.47471,0.48065,0.47407,0.48085,0.47757
6015.0,0.59181,0.47452,0.48048,0.47386,0.48042,0.47732
6016.0,0.48239,0.47439,0.48025,0.47359,0.4799,0.47703249999999997
6017.0,0.43291,0.47442,0.47997,0.47329,0.47932,0.47675
6018.0,0.3965,0.47451,0.47966,0.47296,0.47874,0.4764675
6019.0,0.36772,0.47457,0.47934,0.47264,0.47826,0.4762025
6020.0,0.42271,0.47468,0.47906,0.4724,0.47803,0.4760425
6021.0,0.44579,0.4749,0.47886,0.47228,0.4781,0.476035
6022.0,0.39979,0.47524,0.47876,0.47229,0.47849,0.476195
6023.0,0.32025,0.47562,0.47879,0.47245,0.47921,0.47651750000000004
6024.0,0.37267,0.47601,0.47897,0.47274,0.48021,0.4769825
6025.0,0.52585,0.47644,0.47923,0.4731,0.48131,0.47752000000000006
6026.0,0.60752,0.47692,0.47955,0.47347,0.48246,0.47809999999999997
6027.0,0.39899,0.47745,0.47989,0.47383,0.48358,0.47868749999999993
6028.0,0.33505,0.47794,0.4802,0.47417,0.48456,0.47921749999999996
6029.0,0.40125,0.47836,0.48045,0.47442,0.48537,0.47965
6030.0,0.47304,0.47874,0.48064,0.47461,0.48602,0.4800025
6031.0,0.42867,0.4791,0.48076,0.47473,0.48647,0.480265
6032.0,0.3853,0.47943,0.48078,0.47476,0.48672,0.48042250000000003
6033.0,0.38219,0.47966,0.48071,0.47469,0.48678,0.48046
6034.0,0.40523,0.47979,0.48057,0.47455,0.48665,0.48039
6035.0,0.43754,0.4799,0.48034,0.47432,0.48634,0.480225
6036.0,0.4492,0.47999,0.48006,0.47404,0.48592,0.4800025
6037.0,0.44144,0.48005,0.47975,0.47373,0.48544,0.47974249999999996
6038.0,0.46389,0.48004,0.47945,0.47345,0.485,0.47948499999999994
6039.0,0.50119,0.48,0.47919,0.47322,0.48469,0.479275
6040.0,0.49428,0.47998,0.47901,0.47309,0.48456,0.47916000000000003
6041.0,0.41871,0.47997,0.4789,0.47304,0.48462,0.4791325
6042.0,0.47635,0.47993,0.47889,0.47307,0.48484,0.4791825
6043.0,0.48262,0.47985,0.47894,0.47316,0.48515,0.479275
6044.0,0.38784,0.47976,0.47903,0.47325,0.48545,0.4793725
6045.0,0.34904,0.47967,0.47911,0.47333,0.4857,0.4794525
6046.0,0.3905,0.47955,0.47916,0.47337,0.48584,0.47948
6047.0,0.46365,0.47938,0.47917,0.47335,0.48585,0.47943749999999996
6048.0,0.4961,0.47915,0.47911,0.47326,0.4857,0.479305
6049.0,0.42648,0.47888,0.47899,0.4731,0.48541,0.47909500000000005
6050.0,0.43688,0.47857,0.4788,0.47287,0.48494,0.47879499999999997
6051.0,0.53704,0.47823,0.47854,0.47256,0.4843,0.4784075
6052.0,0.56225,0.47787,0.4782,0.47217,0.48354,0.477945
6053.0,0.50352,0.47746,0.47782,0.47175,0.48275,0.477445
6054.0,0.44739,0.47698,0.4774,0.47133,0.482,0.4769275
6055.0,0.46604,0.47651,0.47699,0.47095,0.4814,0.4764625
6056.0,0.52188,0.47612,0.47664,0.47065,0.48097,0.47609500000000005
6057.0,0.44645,0.47575,0.47635,0.47042,0.48066,0.47579499999999997
6058.0,0.32543,0.47532,0.47612,0.4702,0.48033,0.4754925
6059.0,0.41226,0.47484,0.47591,0.46994,0.47988,0.4751425
6060.0,0.47682,0.47455,0.47565,0.4696,0.47919,0.4747475
6061.0,0.47406,0.47442,0.47529,0.46914,0.47827,0.47428
6062.0,0.4331,0.4743,0.47486,0.46862,0.47733,0.4737775
6063.0,0.44162,0.47409,0.47438,0.46814,0.47657,0.47329499999999997
6064.0,0.4887,0.47392,0.47392,0.46777,0.47623,0.47296
6065.0,0.49946,0.47399,0.47362,0.46764,0.4765,0.4729375
6066.0,0.38684,0.47417,0.47353,0.46776,0.4773,0.47319
6067.0,0.32984,0.47423,0.47362,0.46805,0.47849,0.4735975
6068.0,0.33147,0.47418,0.47389,0.46846,0.47982,0.4740875
6069.0,0.3632,0.47418,0.4742,0.46885,0.48098,0.4745525
6070.0,0.40879,0.47426,0.47446,0.46912,0.48182,0.474915
6071.0,0.40615,0.47422,0.47461,0.46923,0.48223,0.47507249999999995
6072.0,0.35486,0.474,0.47461,0.46916,0.48215,0.47498
6073.0,0.31132,0.47371,0.47445,0.46892,0.48164,0.47468
6074.0,0.40863,0.47342,0.47416,0.46853,0.48074,0.47421250000000004
6075.0,0.48608,0.47304,0.47376,0.46803,0.47955,0.473595
6076.0,0.4572,0.47253,0.47329,0.46746,0.47819,0.4728675
6077.0,0.47544,0.47198,0.47277,0.46686,0.47676,0.4720925
6078.0,0.48234,0.47147,0.47224,0.46627,0.47542,0.47135
6079.0,0.45182,0.47093,0.47173,0.46574,0.47428,0.47067000000000003
6080.0,0.39313,0.47036,0.47128,0.46529,0.47338,0.47007750000000004
6081.0,0.37093,0.46986,0.4709,0.46495,0.47277,0.46962000000000004
6082.0,0.4397,0.46945,0.47062,0.46472,0.47243,0.46930499999999997
6083.0,0.57309,0.46907,0.47043,0.46459,0.47229,0.46909500000000004
6084.0,0.59209,0.46867,0.47031,0.46451,0.47227,0.46893999999999997
6085.0,0.47506,0.46838,0.47024,0.46447,0.4723,0.4688475
6086.0,0.33591,0.46822,0.47017,0.46441,0.47228,0.46877
6087.0,0.34058,0.46805,0.47009,0.46432,0.47219,0.4686625
6088.0,0.37623,0.46786,0.46998,0.46419,0.47207,0.46852499999999997
6089.0,0.38166,0.46772,0.46983,0.46407,0.47198,0.46840000000000004
6090.0,0.37292,0.46766,0.4697,0.46399,0.47204,0.46834749999999997
6091.0,0.48604,0.46755,0.46962,0.46399,0.47231,0.4683675
6092.0,0.54486,0.46731,0.46961,0.46409,0.47275,0.46843999999999997
6093.0,0.52427,0.46711,0.46971,0.46426,0.4733,0.468595
6094.0,0.50153,0.46702,0.46986,0.46445,0.47376,0.4687725
6095.0,0.4984,0.46683,0.46999,0.46455,0.47393,0.468825
6096.0,0.50204,0.46636,0.47004,0.46449,0.47368,0.46864249999999996
6097.0,0.49749,0.46589,0.46992,0.46422,0.47285,0.46822
6098.0,0.48015,0.4657,0.46955,0.46367,0.47143,0.4675875
6099.0,0.47726,0.4656,0.46896,0.4629,0.46969,0.4667875
6100.0,0.49058,0.46525,0.46819,0.46204,0.46789,0.4658425
6101.0,0.50016,0.46467,0.46731,0.4612,0.46633,0.46487750000000005
6102.0,0.47679,0.46438,0.46653,0.46057,0.46543,0.4642275
6103.0,0.42107,0.46453,0.46597,0.46026,0.46525,0.4640025
6104.0,0.35881,0.46464,0.46568,0.46024,0.46573,0.4640725
6105.0,0.36211,0.46442,0.46569,0.46045,0.46671,0.4643175
6106.0,0.41718,0.46419,0.46591,0.46082,0.46784,0.46469
6107.0,0.45559,0.46431,0.4662,0.46118,0.46892,0.46515249999999997
6108.0,0.38382,0.46463,0.46651,0.46148,0.46988,0.465625
6109.0,0.35881,0.46471,0.46675,0.46169,0.47064,0.46594749999999996
6110.0,0.37763,0.46444,0.46687,0.46178,0.47119,0.46607000000000004
6111.0,0.39816,0.46422,0.46691,0.46178,0.47157,0.46612000000000003
6112.0,0.40041,0.4642,0.46684,0.46168,0.4717,0.466105
6113.0,0.39846,0.46411,0.46666,0.46146,0.47156,0.4659475
6114.0,0.40588,0.46372,0.46637,0.46111,0.4711,0.465575
6115.0,0.43278,0.46313,0.46594,0.46063,0.47018,0.46497
6116.0,0.45987,0.46258,0.46537,0.45998,0.46885,0.464195
6117.0,0.45051,0.46219,0.46468,0.45921,0.46714,0.46330499999999997
6118.0,0.39514,0.46179,0.46386,0.45835,0.46515,0.46228749999999996
6119.0,0.4085,0.46123,0.46302,0.45749,0.46325,0.4612475
6120.0,0.42039,0.46061,0.46221,0.45676,0.46166,0.46031
6121.0,0.40392,0.46011,0.46155,0.45624,0.46061,0.45962749999999997
6122.0,0.40959,0.45982,0.46115,0.45601,0.46033,0.4593275
6123.0,0.44532,0.4596,0.46104,0.45608,0.46072,0.45936
6124.0,0.45219,0.45928,0.46119,0.45637,0.46163,0.4596175
6125.0,0.38553,0.45889,0.46156,0.45682,0.46284,0.4600275
6126.0,0.43361,0.45854,0.46204,0.45732,0.46408,0.460495
6127.0,0.48853,0.45828,0.46253,0.45777,0.46516,0.460935
6128.0,0.47064,0.45806,0.46296,0.45811,0.4659,0.4612575
6129.0,0.4155,0.45774,0.46326,0.45827,0.46612,0.4613475
6130.0,0.38201,0.45718,0.46335,0.45815,0.46561,0.4610725
6131.0,0.39517,0.45654,0.46316,0.45769,0.4643,0.46042249999999996
6132.0,0.45289,0.45612,0.46266,0.4569,0.46222,0.459475
6133.0,0.49037,0.45592,0.46181,0.45579,0.45955,0.45826749999999994
6134.0,0.46377,0.45556,0.46074,0.45451,0.45684,0.45691250000000005
6135.0,0.39112,0.45493,0.45956,0.45331,0.4545,0.45557499999999995
6136.0,0.42332,0.45444,0.45847,0.45237,0.45294,0.45455500000000004
6137.0,0.45493,0.45453,0.4577,0.45187,0.45247,0.4541425
6138.0,0.43973,0.45485,0.45734,0.45184,0.45304,0.45426750000000005
6139.0,0.39559,0.45487,0.45738,0.45219,0.45446,0.45472500000000005
6140.0,0.37439,0.45473,0.45778,0.45286,0.45637,0.455435
6141.0,0.38897,0.455,0.45839,0.45368,0.45843,0.456375
6142.0,0.43375,0.45564,0.45911,0.45449,0.46043,0.45741750000000003
6143.0,0.48159,0.4561,0.45982,0.4552,0.46213,0.4583125
6144.0,0.53226,0.45619,0.46041,0.45575,0.46338,0.45893249999999997
6145.0,0.55761,0.45624,0.46082,0.45608,0.46409,0.4593075
6146.0,0.48982,0.4565,0.46103,0.45618,0.46427,0.459495
6147.0,0.40921,0.45664,0.46101,0.45605,0.46404,0.459435
6148.0,0.36657,0.45639,0.46082,0.45578,0.46357,0.45914000000000005
6149.0,0.38147,0.45588,0.4605,0.45545,0.46302,0.4587125
6150.0,0.36734,0.45532,0.46015,0.45513,0.46249,0.4582725
6151.0,0.41884,0.45463,0.45981,0.45483,0.46202,0.4578225
6152.0,0.52782,0.45367,0.4595,0.45454,0.46155,0.457315
6153.0,0.42259,0.45247,0.45918,0.45421,0.46085,0.4566775
6154.0,0.3512,0.45119,0.4588,0.45376,0.45978,0.4558825
6155.0,0.3923,0.44978,0.4583,0.45313,0.45815,0.45484
6156.0,0.47717,0.44819,0.45758,0.45222,0.45579,0.453445
6157.0,0.50809,0.44661,0.45661,0.45099,0.45268,0.4517225
6158.0,0.51712,0.44512,0.45536,0.4495,0.44899,0.4497425
6159.0,0.52494,0.44361,0.45386,0.44782,0.44509,0.44759499999999997
6160.0,0.38958,0.44204,0.45223,0.44613,0.44148,0.44547000000000003
6161.0,0.37932,0.44072,0.45064,0.44466,0.4386,0.443655
6162.0,0.50734,0.43977,0.44928,0.44355,0.43677,0.44234249999999997
6163.0,0.43017,0.43895,0.44828,0.44285,0.43607,0.44153749999999997
6164.0,0.33322,0.43819,0.44767,0.44255,0.43621,0.441155
6165.0,0.34365,0.43772,0.44737,0.4425,0.4368,0.4410975
6166.0,0.49867,0.43771,0.44728,0.44256,0.43757,0.44128
6167.0,0.46597,0.43786,0.44726,0.44264,0.43837,0.4415325
6168.0,0.39657,0.438,0.44726,0.44273,0.43918,0.44179250000000003
6169.0,0.42166,0.43836,0.44731,0.44292,0.44012,0.4421775
6170.0,0.43468,0.43909,0.44749,0.44326,0.44132,0.44278999999999996
6171.0,0.4428,0.4399,0.44784,0.44377,0.44277,0.44357
6172.0,0.43183,0.44056,0.44837,0.44443,0.44435,0.4444275
6173.0,0.36391,0.44127,0.44904,0.4452,0.44594,0.4453625
6174.0,0.29124,0.44212,0.44979,0.44596,0.44742,0.4463225
6175.0,0.32635,0.44294,0.45053,0.44664,0.44874,0.4472125
6176.0,0.49848,0.44356,0.45121,0.44724,0.44988,0.44797250000000005
6177.0,0.38025,0.44404,0.4518,0.44775,0.45087,0.448615
6178.0,0.3704,0.44448,0.45229,0.44817,0.45168,0.449155
6179.0,0.59318,0.44482,0.45266,0.44848,0.45233,0.44957250000000004
6180.0,0.56061,0.44497,0.45294,0.44871,0.45276,0.449845
6181.0,0.44353,0.44487,0.4531,0.44879,0.45286,0.449905
6182.0,0.39529,0.44469,0.45312,0.44871,0.45258,0.449775
6183.0,0.50574,0.44452,0.45298,0.44845,0.45184,0.4494475
6184.0,0.42594,0.44421,0.45264,0.44797,0.45062,0.44886
6185.0,0.33923,0.44366,0.45212,0.44729,0.44899,0.448015
6186.0,0.43862,0.44308,0.45142,0.44646,0.44707,0.4470075
6187.0,0.4442,0.44272,0.45058,0.44554,0.44502,0.445965
6188.0,0.43136,0.44246,0.4497,0.44463,0.44321,0.44500000000000006
6189.0,0.45037,0.44201,0.44888,0.44389,0.4419,0.44416999999999995
6190.0,0.46936,0.44146,0.44819,0.44341,0.44122,0.44357
6191.0,0.45268,0.44131,0.44779,0.44326,0.44135,0.4434275
6192.0,0.42249,0.44148,0.44771,0.44345,0.44213,0.44369250000000005
6193.0,0.42393,0.4415,0.44788,0.44381,0.4433,0.44412250000000003
6194.0,0.40344,0.44133,0.44824,0.44428,0.44453,0.44459499999999996
6195.0,0.38613,0.44142,0.44862,0.44468,0.44547,0.4450475
6196.0,0.40472,0.44188,0.44892,0.44489,0.44603,0.44543
6197.0,0.46031,0.44224,0.44907,0.44492,0.44628,0.4456275
6198.0,0.49149,0.44232,0.44904,0.44485,0.44632,0.4456325
6199.0,0.47252,0.44242,0.44893,0.44476,0.44642,0.4456325
6200.0,0.42929,0.44277,0.44885,0.44475,0.44673,0.44577500000000003
6201.0,0.49188,0.44307,0.44885,0.44487,0.44729,0.44602
6202.0,0.52438,0.44307,0.44896,0.4451,0.44807,0.44630000000000003
6203.0,0.33204,0.44291,0.44918,0.44541,0.44889,0.4465975
6204.0,0.39822,0.4428,0.44943,0.4457,0.44958,0.44687750000000004
6205.0,0.49413,0.44264,0.44966,0.44589,0.45001,0.44705
6206.0,0.39676,0.44227,0.4498,0.44592,0.45,0.4469975
6207.0,0.33239,0.44172,0.44976,0.44573,0.44949,0.446675
6208.0,0.43314,0.44109,0.44953,0.44531,0.44843,0.44609
6209.0,0.59507,0.4404,0.44907,0.44464,0.44683,0.445235
6210.0,0.45296,0.43963,0.44839,0.44375,0.44485,0.444155
6211.0,0.38337,0.43884,0.44753,0.44274,0.44269,0.44295
6212.0,0.41301,0.43801,0.44656,0.4417,0.44056,0.44170750000000003
6213.0,0.40232,0.43716,0.44559,0.44075,0.43874,0.44055999999999995
6214.0,0.43627,0.43633,0.44472,0.43998,0.43735,0.43959499999999996
6215.0,0.45991,0.43562,0.444,0.43941,0.43643,0.43886500000000006
6216.0,0.40951,0.43503,0.4435,0.43904,0.43598,0.4383875
6217.0,0.29118,0.43445,0.44316,0.43886,0.43585,0.43808
6218.0,0.30386,0.43382,0.44295,0.43878,0.43594,0.4378725
6219.0,0.49022,0.43333,0.44286,0.43879,0.43621,0.4377975
6220.0,0.67121,0.433,0.44281,0.43885,0.43655,0.4378025
6221.0,0.66904,0.4327,0.44281,0.43891,0.43693,0.43783750000000005
6222.0,0.51156,0.4323,0.44282,0.43897,0.43725,0.437835
6223.0,0.34904,0.43193,0.44278,0.43895,0.43734,0.43775000000000003
6224.0,0.2741,0.43167,0.44267,0.4388,0.43712,0.437565
6225.0,0.29444,0.43142,0.44243,0.43844,0.43647,0.43718999999999997
6226.0,0.38009,0.43114,0.442,0.43786,0.43541,0.4366025
6227.0,0.44541,0.43089,0.44137,0.43709,0.43411,0.435865
6228.0,0.44281,0.43065,0.44058,0.43624,0.4328,0.4350675
6229.0,0.39687,0.4304,0.43972,0.43544,0.43178,0.434335
6230.0,0.43528,0.43022,0.43895,0.43485,0.43134,0.43384
6231.0,0.44641,0.4301,0.4384,0.43458,0.43157,0.4336625
6232.0,0.41658,0.42995,0.43815,0.43463,0.43236,0.4337725
6233.0,0.40863,0.42977,0.43822,0.43495,0.43349,0.4341075
6234.0,0.461,0.42964,0.43852,0.43539,0.43456,0.4345275
6235.0,0.49511,0.42954,0.43892,0.43579,0.43527,0.43488000000000004
6236.0,0.43387,0.42942,0.43928,0.43602,0.43545,0.4350425
6237.0,0.40199,0.42921,0.43948,0.43601,0.43507,0.4349425
6238.0,0.38714,0.42897,0.43947,0.43579,0.43424,0.4346175
6239.0,0.37543,0.42878,0.43927,0.4354,0.43315,0.43415
6240.0,0.39271,0.4286,0.43895,0.43493,0.43205,0.43363250000000003
6241.0,0.43967,0.4283,0.43858,0.4345,0.43109,0.4331175
6242.0,0.49659,0.42793,0.43824,0.43416,0.43044,0.4326925
6243.0,0.51711,0.42764,0.438,0.43398,0.43021,0.4324575
6244.0,0.44227,0.42738,0.43791,0.43398,0.43036,0.4324075
6245.0,0.35469,0.42701,0.43795,0.43412,0.43079,0.4324675
6246.0,0.37567,0.42656,0.43812,0.43434,0.43132,0.432585
6247.0,0.37601,0.42615,0.43831,0.43453,0.43166,0.4326625
6248.0,0.37159,0.42578,0.43844,0.43455,0.43159,0.43259
6249.0,0.39076,0.42541,0.43841,0.43435,0.43098,0.4322875
6250.0,0.4035,0.42499,0.43815,0.43389,0.4298,0.43170749999999997
6251.0,0.39312,0.42453,0.43765,0.4332,0.42819,0.4308925
6252.0,0.37496,0.42417,0.43697,0.43238,0.42641,0.4299825
6253.0,0.40958,0.42399,0.43618,0.43154,0.42472,0.4291075
6254.0,0.45566,0.4239,0.43541,0.43079,0.42336,0.428365
6255.0,0.47123,0.42376,0.43473,0.43024,0.42252,0.4278125
6256.0,0.41834,0.4237,0.43425,0.42996,0.42231,0.427555
6257.0,0.36846,0.42394,0.43401,0.42998,0.42278,0.4276775
6258.0,0.35751,0.42439,0.43405,0.43028,0.42388,0.42815000000000003
6259.0,0.40022,0.42476,0.43437,0.43085,0.42547,0.4288625
6260.0,0.45828,0.4251,0.4349,0.43157,0.4273,0.42971750000000003
6261.0,0.47262,0.42569,0.43556,0.43233,0.42913,0.4306775
6262.0,0.44396,0.42649,0.43625,0.43303,0.43074,0.43162750000000005
6263.0,0.51806,0.42711,0.43684,0.43359,0.43197,0.43237749999999997
6264.0,0.54972,0.42755,0.43729,0.43398,0.43282,0.43291
6265.0,0.49426,0.42814,0.43758,0.43421,0.43337,0.433325
6266.0,0.43989,0.42886,0.43774,0.43431,0.4337,0.4336525
6267.0,0.41215,0.42937,0.43779,0.43436,0.43395,0.4338675
6268.0,0.40803,0.42965,0.43779,0.43439,0.43418,0.4340025
6269.0,0.40937,0.42995,0.43779,0.43444,0.43444,0.43415499999999996
6270.0,0.40753,0.43031,0.4378,0.43451,0.43473,0.43433750000000004
6271.0,0.41741,0.43054,0.43783,0.43459,0.43503,0.4344975
6272.0,0.44298,0.4306,0.43786,0.43465,0.43523,0.434585
6273.0,0.40737,0.43063,0.43786,0.43464,0.43525,0.43459499999999995
6274.0,0.35355,0.43068,0.43779,0.43453,0.43503,0.43450750000000005
6275.0,0.32799,0.43068,0.43763,0.43429,0.43454,0.434285
6276.0,0.35576,0.43064,0.43735,0.43391,0.43383,0.4339325
6277.0,0.40454,0.43063,0.43698,0.43344,0.43298,0.4335075
6278.0,0.42994,0.43061,0.43652,0.43293,0.43216,0.43305499999999997
6279.0,0.3717,0.43056,0.43605,0.43246,0.43151,0.432645
6280.0,0.32347,0.43056,0.43564,0.4321,0.43119,0.4323725
6281.0,0.3254,0.43067,0.43534,0.43191,0.43129,0.4323025
6282.0,0.38463,0.43076,0.4352,0.4319,0.4318,0.432415
6283.0,0.45376,0.43078,0.43522,0.43208,0.43264,0.43268000000000006
6284.0,0.51092,0.43082,0.43538,0.43239,0.43364,0.4330575
6285.0,0.53981,0.43094,0.43565,0.43276,0.43467,0.43350500000000003
6286.0,0.51858,0.43101,0.43598,0.43313,0.43556,0.43392
6287.0,0.42112,0.43096,0.43628,0.43342,0.43617,0.4342075
6288.0,0.30304,0.43086,0.43652,0.43359,0.43645,0.434355
6289.0,0.42807,0.43078,0.43663,0.4336,0.43634,0.4343375
6290.0,0.46623,0.43064,0.4366,0.43345,0.43588,0.4341425
6291.0,0.35205,0.43035,0.43642,0.43316,0.43514,0.43376750000000003
6292.0,0.39334,0.43002,0.43611,0.43273,0.43418,0.43326000000000003
6293.0,0.4886,0.42977,0.43569,0.43221,0.43308,0.4326875
6294.0,0.52777,0.42954,0.43519,0.43162,0.43188,0.4320575
6295.0,0.41262,0.42918,0.43463,0.43099,0.43067,0.4313675
6296.0,0.38978,0.42881,0.43405,0.43039,0.42952,0.43069250000000003
6297.0,0.49504,0.42864,0.43349,0.42981,0.42853,0.43011750000000004
6298.0,0.66643,0.42864,0.43299,0.42931,0.42781,0.4296875
6299.0,0.74271,0.42853,0.43256,0.42893,0.42741,0.4293575
6300.0,0.77197,0.42839,0.43222,0.42871,0.4274,0.42918
6301.0,0.80162,0.42841,0.43201,0.42865,0.42781,0.42922
6302.0,0.74494,0.42867,0.43193,0.42874,0.4286,0.429485
6303.0,0.58015,0.42886,0.43196,0.42894,0.42968,0.42986
6304.0,0.3783,0.42889,0.43207,0.42921,0.43087,0.43026
6305.0,0.37449,0.42893,0.43219,0.42946,0.43198,0.43064
6306.0,0.41277,0.42916,0.43227,0.42959,0.43283,0.4309625
6307.0,0.43272,0.42937,0.43225,0.42958,0.43328,0.43112000000000006
6308.0,0.46659,0.42934,0.43208,0.42939,0.43328,0.4310225
6309.0,0.48367,0.42919,0.43179,0.42907,0.43287,0.43073000000000006
6310.0,0.5046,0.42917,0.43139,0.42864,0.43212,0.43033000000000005
6311.0,0.57653,0.42926,0.43095,0.42817,0.43115,0.42988249999999995
6312.0,0.68206,0.42917,0.43053,0.42771,0.43007,0.42937
6313.0,0.70211,0.42888,0.43017,0.42732,0.42903,0.42885
6314.0,0.5485,0.42879,0.42989,0.42702,0.4281,0.42845
6315.0,0.4649,0.42895,0.42972,0.42681,0.42743,0.42822750000000004
6316.0,0.41199,0.42901,0.42966,0.42674,0.42706,0.42811750000000004
6317.0,0.34855,0.42886,0.42969,0.42681,0.42705,0.4281025
6318.0,0.35754,0.42895,0.42986,0.42702,0.42745,0.42832000000000003
6319.0,0.39118,0.42934,0.43013,0.42736,0.42816,0.42874749999999995
6320.0,0.40218,0.42962,0.4305,0.42779,0.42913,0.42926000000000003
6321.0,0.35192,0.42968,0.43094,0.42829,0.43021,0.42978
6322.0,0.34833,0.42989,0.43141,0.42878,0.43128,0.43033999999999994
6323.0,0.39877,0.43032,0.43186,0.42923,0.43224,0.4309125
6324.0,0.41928,0.43063,0.43226,0.42959,0.43302,0.43137499999999995
6325.0,0.43262,0.43069,0.43258,0.42985,0.43361,0.4316825
6326.0,0.44322,0.43071,0.43279,0.43,0.43396,0.43186499999999994
6327.0,0.44459,0.43088,0.43291,0.43005,0.43413,0.4319925
6328.0,0.43061,0.431,0.43294,0.43,0.43409,0.4320075
6329.0,0.40536,0.43085,0.43287,0.42984,0.4338,0.43184
6330.0,0.37963,0.43055,0.43271,0.42957,0.43325,0.43152
6331.0,0.37936,0.43041,0.43242,0.42917,0.43242,0.431105
6332.0,0.38177,0.43035,0.43201,0.42863,0.43135,0.430585
6333.0,0.37249,0.43009,0.43149,0.42803,0.43018,0.42994750000000004
6334.0,0.38785,0.42962,0.43089,0.42743,0.42907,0.4292525
6335.0,0.43052,0.42934,0.43031,0.42694,0.42827,0.42871499999999996
6336.0,0.48009,0.42929,0.42984,0.42661,0.42788,0.428405
6337.0,0.47434,0.42912,0.42953,0.42647,0.4279,0.428255
6338.0,0.41807,0.42874,0.42938,0.42649,0.42819,0.4282
6339.0,0.3739,0.42851,0.42935,0.42656,0.42857,0.4282475
6340.0,0.4663,0.42856,0.42934,0.42659,0.42882,0.42832749999999997
6341.0,0.41608,0.42851,0.42927,0.42648,0.42889,0.4282875
6342.0,0.30288,0.42826,0.42908,0.42627,0.4288,0.4281025
6343.0,0.43061,0.4281,0.42878,0.42595,0.42865,0.42787
6344.0,0.47217,0.42812,0.42844,0.42565,0.42863,0.42771000000000003
6345.0,0.39368,0.42801,0.42812,0.42545,0.42877,0.4275875
6346.0,0.2961,0.42774,0.42793,0.42539,0.42913,0.42754749999999997
6347.0,0.34218,0.42751,0.4279,0.4255,0.42958,0.4276225
6348.0,0.42674,0.42733,0.42801,0.42568,0.42996,0.42774500000000004
6349.0,0.41837,0.42695,0.42821,0.42588,0.43011,0.4277875
6350.0,0.38852,0.42649,0.42838,0.42597,0.4299,0.427685
6351.0,0.38084,0.42612,0.42846,0.42589,0.42927,0.427435
6352.0,0.40698,0.4257,0.42836,0.4256,0.42825,0.4269775
6353.0,0.40965,0.42506,0.42806,0.42513,0.42695,0.42629999999999996
6354.0,0.40416,0.42447,0.42759,0.42452,0.4255,0.42552
6355.0,0.40717,0.42412,0.427,0.42384,0.42403,0.42474750000000006
6356.0,0.42829,0.42372,0.42636,0.42316,0.42265,0.4239725
6357.0,0.39335,0.42313,0.42569,0.42253,0.42144,0.4231975
6358.0,0.34188,0.42274,0.42508,0.42199,0.42048,0.4225725
6359.0,0.44305,0.4227,0.42456,0.42158,0.41983,0.4221675
6360.0,0.49029,0.42264,0.42415,0.4213,0.41954,0.4219075
6361.0,0.4678,0.42245,0.42388,0.42119,0.41962,0.42178499999999997
6362.0,0.49191,0.42251,0.42377,0.42125,0.42009,0.421905
6363.0,0.53578,0.42289,0.42383,0.42145,0.42088,0.4222625
6364.0,0.55494,0.42324,0.42402,0.42177,0.42193,0.42274
6365.0,0.50433,0.42345,0.42432,0.42215,0.42312,0.42325999999999997
6366.0,0.45688,0.42383,0.42468,0.42254,0.42435,0.42385
6367.0,0.40999,0.4244,0.42504,0.4229,0.42551,0.4244625
6368.0,0.35714,0.42487,0.42537,0.42321,0.42655,0.425
6369.0,0.3923,0.42517,0.42563,0.42348,0.42743,0.4254275
6370.0,0.44955,0.42551,0.42586,0.4237,0.42814,0.4258025
6371.0,0.45806,0.42592,0.42605,0.4239,0.42866,0.4261325
6372.0,0.42975,0.4262,0.42623,0.42406,0.42897,0.426365
6373.0,0.40966,0.42631,0.42636,0.42417,0.42903,0.4264675
6374.0,0.42191,0.42639,0.42643,0.42418,0.42884,0.42645999999999995
6375.0,0.44248,0.42647,0.4264,0.42407,0.42841,0.4263375
6376.0,0.46156,0.42646,0.42625,0.42385,0.4278,0.42609
6377.0,0.47273,0.42635,0.42599,0.42356,0.42713,0.4257575
6378.0,0.46916,0.4262,0.42565,0.42323,0.42651,0.4253975
6379.0,0.44061,0.42602,0.42531,0.42293,0.42605,0.4250775
6380.0,0.39907,0.42579,0.425,0.42272,0.42579,0.424825
6381.0,0.38413,0.42557,0.42479,0.42259,0.42574,0.4246725
6382.0,0.40169,0.42533,0.42467,0.42256,0.42582,0.42459499999999994
6383.0,0.40957,0.42499,0.42463,0.42257,0.42594,0.42453250000000003
6384.0,0.33966,0.42462,0.42465,0.42259,0.42601,0.4244675
6385.0,0.39715,0.42434,0.42466,0.42257,0.42593,0.424375
6386.0,0.48423,0.42406,0.42463,0.42246,0.42564,0.4241975
6387.0,0.37494,0.42363,0.42451,0.42223,0.4251,0.4238675
6388.0,0.29778,0.42318,0.42427,0.42187,0.42434,0.423415
6389.0,0.30411,0.4229,0.42392,0.42141,0.42342,0.4229125
6390.0,0.37394,0.42263,0.42348,0.42088,0.42247,0.422365
6391.0,0.40245,0.42218,0.42298,0.42036,0.42163,0.4217875
6392.0,0.3994,0.42182,0.4225,0.41991,0.421,0.4213075
6393.0,0.3915,0.42169,0.42209,0.41956,0.42062,0.42099
6394.0,0.35636,0.42147,0.42178,0.41929,0.42044,0.420745
6395.0,0.35239,0.42113,0.42153,0.41907,0.42034,0.4205175
6396.0,0.41056,0.42103,0.4213,0.41883,0.42023,0.4203475
6397.0,0.44036,0.42113,0.42104,0.41855,0.42011,0.4202075
6398.0,0.47004,0.42098,0.42072,0.41824,0.42003,0.4199925
6399.0,0.52818,0.42077,0.42036,0.41796,0.42014,0.4198075
6400.0,0.61873,0.42092,0.42002,0.41773,0.42052,0.4197975
6401.0,0.57145,0.42115,0.41973,0.4176,0.42112,0.4199
6402.0,0.38629,0.42102,0.4195,0.41753,0.4218,0.41996249999999996
6403.0,0.35423,0.42086,0.41931,0.41747,0.42237,0.42000250000000006
6404.0,0.38391,0.42109,0.41914,0.41739,0.42267,0.42007249999999996
6405.0,0.4176,0.4213,0.41896,0.41726,0.42265,0.4200425
6406.0,0.44169,0.4211,0.41877,0.41711,0.42235,0.4198325
6407.0,0.44467,0.42092,0.41862,0.41697,0.4219,0.4196025
6408.0,0.42572,0.42109,0.41855,0.41689,0.42144,0.4194925
6409.0,0.39519,0.42119,0.41856,0.41691,0.42107,0.41943250000000004
6410.0,0.39403,0.42097,0.41867,0.41702,0.42085,0.41937749999999996
6411.0,0.39746,0.42079,0.41887,0.41722,0.42081,0.41942250000000003
6412.0,0.34312,0.42086,0.41913,0.41745,0.42089,0.41958249999999997
6413.0,0.32499,0.42091,0.4194,0.41768,0.42101,0.41974999999999996
6414.0,0.3546,0.42078,0.41963,0.41784,0.42106,0.41982749999999996
6415.0,0.40273,0.42065,0.41979,0.41789,0.42096,0.4198225
6416.0,0.42384,0.42066,0.41984,0.41781,0.42067,0.41974500000000003
6417.0,0.40513,0.42074,0.41977,0.41764,0.42026,0.41960250000000004
6418.0,0.35307,0.42076,0.41961,0.41743,0.41987,0.4194175
6419.0,0.33465,0.42071,0.41943,0.41726,0.41967,0.4192675
6420.0,0.36663,0.42069,0.4193,0.41722,0.4198,0.4192525
6421.0,0.43087,0.42078,0.4193,0.41733,0.42029,0.419425
6422.0,0.39414,0.42087,0.41945,0.4176,0.42103,0.4197375
6423.0,0.35367,0.42088,0.41971,0.41794,0.42184,0.4200925
6424.0,0.40588,0.42084,0.42001,0.41825,0.42248,0.420395
6425.0,0.46176,0.42084,0.42025,0.41842,0.42277,0.42057
6426.0,0.44668,0.42084,0.42035,0.41841,0.42263,0.42055750000000003
6427.0,0.36447,0.42085,0.42028,0.41819,0.42213,0.4203625
6428.0,0.45287,0.4208,0.42002,0.41783,0.42141,0.420015
6429.0,0.46811,0.42066,0.41965,0.41742,0.42068,0.4196025
6430.0,0.30699,0.42055,0.41925,0.41704,0.42013,0.41924249999999996
6431.0,0.30184,0.42059,0.41891,0.41678,0.41982,0.41902500000000004
6432.0,0.36677,0.42061,0.41867,0.41662,0.41972,0.41890499999999997
6433.0,0.41783,0.42042,0.41851,0.41653,0.41972,0.41879500000000003
6434.0,0.41607,0.42028,0.41841,0.41645,0.41969,0.4187075
6435.0,0.39837,0.42041,0.41831,0.41634,0.41955,0.4186525
6436.0,0.3895,0.42049,0.41816,0.41619,0.41938,0.418555
6437.0,0.39754,0.4203,0.41798,0.41605,0.41932,0.41841249999999997
6438.0,0.35631,0.42017,0.41783,0.416,0.41951,0.4183775
6439.0,0.26931,0.42029,0.41779,0.41609,0.42007,0.41856
6440.0,0.22932,0.4203,0.41789,0.41633,0.42091,0.4188575
6441.0,0.26381,0.42001,0.41811,0.41666,0.42184,0.419155
6442.0,0.34992,0.41982,0.4184,0.41696,0.42259,0.4194425
6443.0,0.41041,0.41978,0.41863,0.41711,0.42284,0.41959
6444.0,0.41496,0.41954,0.4187,0.41699,0.42246,0.41942250000000003
6445.0,0.42209,0.4191,0.41852,0.41657,0.42143,0.41890499999999997
6446.0,0.55617,0.41882,0.41805,0.41587,0.41989,0.41815749999999996
6447.0,0.53264,0.41865,0.41734,0.415,0.41815,0.417285
6448.0,0.38937,0.41826,0.4165,0.41411,0.41653,0.41635
6449.0,0.37119,0.41778,0.41567,0.41336,0.41536,0.4155425
6450.0,0.39385,0.41753,0.41499,0.41285,0.41479,0.41504
6451.0,0.41961,0.41742,0.41456,0.41262,0.41481,0.41485249999999996
6452.0,0.43139,0.41715,0.41439,0.41265,0.41527,0.414865
6453.0,0.4427,0.41679,0.41444,0.41285,0.41596,0.41501
6454.0,0.4293,0.41661,0.41465,0.41315,0.41666,0.4152675
6455.0,0.36402,0.41661,0.41495,0.41345,0.41722,0.41555749999999997
6456.0,0.39145,0.41651,0.41524,0.41368,0.41749,0.41573000000000004
6457.0,0.45323,0.41623,0.41546,0.41375,0.41738,0.415705
6458.0,0.43102,0.4161,0.41554,0.41364,0.4169,0.41554500000000005
6459.0,0.41984,0.41619,0.41542,0.41333,0.41609,0.4152575
6460.0,0.42836,0.41615,0.4151,0.41287,0.41519,0.4148275
6461.0,0.435,0.41585,0.41463,0.41238,0.41439,0.41431250000000003
6462.0,0.39714,0.41574,0.41413,0.41197,0.41401,0.4139625
6463.0,0.36725,0.41585,0.41373,0.41175,0.4141,0.4138575
6464.0,0.40026,0.41581,0.4135,0.41174,0.41463,0.41392
6465.0,0.39608,0.41556,0.41347,0.41191,0.41538,0.41408
6466.0,0.37684,0.41542,0.41359,0.41213,0.41606,0.4143
6467.0,0.38061,0.41543,0.41377,0.41231,0.41649,0.41450000000000004
6468.0,0.38051,0.41534,0.41391,0.41238,0.41654,0.41454250000000004
6469.0,0.3774,0.41508,0.41395,0.41231,0.41627,0.41440249999999995
6470.0,0.37866,0.4148,0.41387,0.41211,0.41576,0.41413500000000003
6471.0,0.39686,0.41463,0.41369,0.41185,0.41519,0.41384
6472.0,0.40986,0.41446,0.41346,0.41157,0.41465,0.413535
6473.0,0.39845,0.41409,0.4132,0.41131,0.41422,0.41320500000000004
6474.0,0.37396,0.41365,0.41296,0.41108,0.41389,0.412895
6475.0,0.35736,0.41334,0.41273,0.41086,0.4136,0.4126325
6476.0,0.36243,0.41302,0.41251,0.41063,0.41328,0.41235999999999995
6477.0,0.37862,0.4125,0.41226,0.41036,0.41284,0.41198999999999997
6478.0,0.39298,0.41195,0.41196,0.41002,0.41227,0.41154999999999997
6479.0,0.39584,0.41151,0.4116,0.40964,0.41161,0.41109
6480.0,0.38426,0.41096,0.41121,0.40926,0.41096,0.4105975
6481.0,0.37198,0.4102,0.41083,0.40894,0.41045,0.410105
6482.0,0.36467,0.40947,0.41052,0.40873,0.41018,0.409725
6483.0,0.34304,0.40879,0.41032,0.40864,0.41013,0.40947
6484.0,0.32912,0.40794,0.41023,0.40864,0.4102,0.4092525
6485.0,0.34199,0.40688,0.41021,0.40864,0.41016,0.4089725
6486.0,0.39116,0.40586,0.41016,0.40853,0.40979,0.408585
6487.0,0.44703,0.4049,0.40999,0.40818,0.40885,0.40797999999999995
6488.0,0.47999,0.40379,0.40959,0.4075,0.40718,0.407015
6489.0,0.45353,0.40259,0.40889,0.40646,0.40478,0.40568
6490.0,0.38991,0.40154,0.40785,0.40508,0.40173,0.40404999999999996
6491.0,0.33568,0.40066,0.40651,0.40344,0.39831,0.40223
6492.0,0.40075,0.39978,0.40497,0.40172,0.3949,0.40034250000000005
6493.0,0.47948,0.39899,0.40338,0.40011,0.39193,0.39860249999999997
6494.0,0.50518,0.3985,0.40194,0.39882,0.38984,0.397275
6495.0,0.48942,0.39829,0.40083,0.39802,0.38888,0.396505
6496.0,0.44505,0.39823,0.40019,0.3978,0.38915,0.39634249999999993
6497.0,0.38559,0.39836,0.40008,0.39815,0.39059,0.396795
6498.0,0.33464,0.39873,0.40047,0.39899,0.39286,0.39776249999999996
6499.0,0.34232,0.39932,0.40128,0.40014,0.39569,0.39910749999999995
6500.0,0.40385,0.40003,0.40234,0.40145,0.39867,0.4006225
6501.0,0.4125,0.40084,0.40349,0.40273,0.40152,0.402145
6502.0,0.38637,0.40167,0.4046,0.40387,0.40399,0.4035325
6503.0,0.34805,0.40252,0.40554,0.40477,0.40596,0.40469750000000004
6504.0,0.32311,0.40337,0.40627,0.40543,0.4074,0.4056175
6505.0,0.32121,0.40415,0.40676,0.40584,0.40835,0.406275
6506.0,0.3429,0.40477,0.40706,0.40606,0.40888,0.4066925
6507.0,0.37615,0.40528,0.4072,0.40615,0.40909,0.40693
6508.0,0.3978,0.40573,0.40725,0.40613,0.40905,0.40704000000000007
6509.0,0.3933,0.40606,0.40723,0.40603,0.40882,0.407035
6510.0,0.35594,0.40619,0.40714,0.40585,0.4084,0.406895
6511.0,0.35464,0.40624,0.40699,0.40557,0.4078,0.40664999999999996
6512.0,0.40115,0.40629,0.40674,0.40519,0.40703,0.40631249999999997
6513.0,0.41623,0.40623,0.40639,0.40472,0.40617,0.40587749999999995
6514.0,0.40415,0.40606,0.40595,0.40419,0.4053,0.405375
6515.0,0.38412,0.4059,0.40546,0.40367,0.40455,0.404895
6516.0,0.39885,0.40581,0.40498,0.4032,0.40404,0.40450749999999996
6517.0,0.40591,0.40564,0.40454,0.40283,0.40383,0.40421000000000007
6518.0,0.38735,0.40543,0.40419,0.40256,0.4039,0.40402
6519.0,0.3635,0.40533,0.40392,0.40237,0.40419,0.4039525
6520.0,0.38362,0.40529,0.40367,0.40219,0.40455,0.403925
6521.0,0.44292,0.40516,0.40341,0.40196,0.40487,0.40385
6522.0,0.44635,0.40503,0.40307,0.40164,0.40504,0.403695
6523.0,0.42217,0.40502,0.40263,0.40122,0.40504,0.40347750000000004
6524.0,0.40587,0.40502,0.40209,0.40075,0.4049,0.40319
6525.0,0.44802,0.40493,0.40154,0.4003,0.40468,0.4028625
6526.0,0.4309,0.40485,0.40105,0.39993,0.40445,0.40257000000000004
6527.0,0.33438,0.40486,0.4007,0.39971,0.40427,0.402385
6528.0,0.3077,0.40485,0.40054,0.39965,0.40415,0.40229750000000003
6529.0,0.31403,0.40477,0.40057,0.39972,0.40408,0.402285
6530.0,0.32925,0.40466,0.40076,0.39989,0.40407,0.402345
6531.0,0.36184,0.40459,0.40106,0.40011,0.40411,0.4024675
6532.0,0.39462,0.40447,0.4014,0.40035,0.4042,0.402605
6533.0,0.41236,0.40426,0.40173,0.40057,0.40436,0.40273000000000003
6534.0,0.39816,0.404,0.40203,0.40075,0.40454,0.40283
6535.0,0.38713,0.40371,0.40227,0.40088,0.40472,0.402895
6536.0,0.39242,0.40333,0.40243,0.40092,0.40481,0.40287249999999997
6537.0,0.38544,0.40281,0.40249,0.40084,0.40473,0.4027175
6538.0,0.38755,0.40219,0.40241,0.40061,0.4044,0.4024025
6539.0,0.40699,0.40153,0.40217,0.40019,0.40375,0.40191000000000004
6540.0,0.42101,0.40073,0.40175,0.39958,0.40276,0.401205
6541.0,0.42243,0.39971,0.40114,0.39877,0.40147,0.40027250000000003
6542.0,0.41082,0.39858,0.40035,0.39779,0.39997,0.3991725
6543.0,0.39669,0.39739,0.39941,0.3967,0.3984,0.39797499999999997
6544.0,0.38874,0.39598,0.39837,0.39555,0.39689,0.3966975
6545.0,0.4025,0.39428,0.39731,0.39441,0.39554,0.395385
6546.0,0.47953,0.39245,0.39625,0.39327,0.39437,0.394085
6547.0,0.56309,0.39049,0.39521,0.39212,0.39332,0.39278500000000005
6548.0,0.6014,0.38828,0.39412,0.39085,0.39224,0.39137249999999996
6549.0,0.55377,0.38573,0.39289,0.38934,0.39097,0.38973250000000004
6550.0,0.47329,0.38288,0.39138,0.38741,0.38933,0.38775
6551.0,0.41311,0.37996,0.3894,0.38491,0.38718,0.3853625
6552.0,0.42342,0.377,0.38678,0.38163,0.3844,0.38245250000000003
6553.0,0.39717,0.37372,0.38329,0.3774,0.38083,0.37881
6554.0,0.29668,0.37018,0.37875,0.37201,0.3763,0.37431000000000003
6555.0,0.35889,0.36696,0.37292,0.36533,0.37062,0.3689575
6556.0,0.51565,0.36406,0.36571,0.35733,0.36367,0.3626925
6557.0,0.62204,0.36097,0.35712,0.3482,0.35557,0.355465
6558.0,0.35705,0.35816,0.34746,0.33845,0.34681,0.34772
6559.0,3.35819,0.35637,0.33736,0.32895,0.33828,0.34024
6560.0,13.35399,0.35505,0.3278,0.3208,0.33118,0.3337075
6561.0,32.88783,0.35367,0.32,0.31519,0.32672,0.32889500000000005
6562.0,54.02885,0.35317,0.31508,0.31301,0.32578,0.32676
6563.0,65.50838,0.35407,0.31388,0.31466,0.3286,0.3278025
6564.0,47.66241,0.35529,0.31658,0.31989,0.33457,0.3315825
6565.0,20.12094,0.3565,0.32279,0.32784,0.34262,0.3374375
6566.0,6.23776,0.35856,0.33149,0.33732,0.35138,0.34468750000000004
6567.0,1.17794,0.3614,0.34143,0.34707,0.35969,0.35239750000000003
6568.0,0.61576,0.36412,0.35137,0.3561,0.36674,0.3595825
6569.0,0.52825,0.36686,0.36037,0.36381,0.37227,0.36582749999999997
6570.0,0.43456,0.37001,0.36791,0.36998,0.37636,0.371065
6571.0,0.3402,0.37314,0.37385,0.37471,0.37937,0.37526750000000003
6572.0,0.36065,0.37586,0.37833,0.37828,0.38168,0.3785375
6573.0,0.39364,0.37848,0.38167,0.381,0.38366,0.3812025
6574.0,0.41612,0.38111,0.38417,0.38315,0.38553,0.38348999999999994
6575.0,0.42624,0.38344,0.38612,0.38493,0.38735,0.38546
6576.0,0.4109,0.3854,0.38769,0.38645,0.38908,0.387155
6577.0,0.38239,0.38714,0.38901,0.38777,0.39066,0.388645
6578.0,0.36884,0.38869,0.39012,0.38889,0.39197,0.3899175
6579.0,0.41709,0.39,0.39106,0.38983,0.39302,0.3909775
6580.0,0.54231,0.39103,0.39185,0.39062,0.39379,0.39182249999999996
6581.0,0.74321,0.39188,0.39249,0.39127,0.39436,0.3925
6582.0,0.94833,0.3926,0.39305,0.39183,0.39478,0.393065
6583.0,1.07065,0.39316,0.39352,0.39232,0.39508,0.39352
6584.0,0.99293,0.39349,0.39395,0.39274,0.39527,0.3938625
6585.0,0.81253,0.39368,0.39431,0.39309,0.39533,0.39410249999999997
6586.0,0.60694,0.39389,0.39461,0.39333,0.39518,0.3942525
6587.0,0.46992,0.39403,0.39479,0.39341,0.39478,0.3942525
6588.0,0.42174,0.39398,0.39482,0.39332,0.3941,0.39405499999999993
6589.0,0.43232,0.39393,0.39468,0.39305,0.39319,0.39371249999999997
6590.0,0.41689,0.39396,0.39438,0.39267,0.39217,0.39329500000000006
6591.0,0.40901,0.39392,0.39398,0.39225,0.39125,0.39285000000000003
6592.0,0.41524,0.39378,0.39358,0.39191,0.39062,0.3924725
6593.0,0.41161,0.39379,0.39326,0.39174,0.39042,0.3923025
6594.0,0.39627,0.39393,0.3931,0.39177,0.39068,0.39237
6595.0,0.37322,0.39396,0.39313,0.39201,0.39133,0.3926075
6596.0,0.35566,0.39395,0.39335,0.39239,0.39222,0.3929775
6597.0,0.35594,0.39405,0.39369,0.39285,0.39319,0.393445
6598.0,0.37817,0.39422,0.39409,0.3933,0.39409,0.393925
6599.0,0.41454,0.39434,0.39449,0.39369,0.39481,0.3943325
6600.0,0.41657,0.39441,0.39482,0.39397,0.39526,0.394615
6601.0,0.37509,0.39452,0.39505,0.39411,0.3954,0.39477
6602.0,0.36901,0.39465,0.39514,0.3941,0.39524,0.3947825
6603.0,0.37749,0.39473,0.39509,0.39394,0.39484,0.39465
6604.0,0.37934,0.39478,0.3949,0.39368,0.39428,0.39441
6605.0,0.37056,0.39486,0.39462,0.39336,0.39371,0.3941375
6606.0,0.36998,0.39498,0.3943,0.39304,0.39324,0.39389
6607.0,0.39291,0.39504,0.394,0.3928,0.39297,0.3937025
6608.0,0.43673,0.39506,0.39378,0.39267,0.39297,0.39362
6609.0,0.46248,0.39515,0.39366,0.39267,0.39321,0.39367250000000004
6610.0,0.44165,0.3953,0.39365,0.39277,0.39365,0.39384250000000004
6611.0,0.42837,0.39537,0.39374,0.39295,0.39418,0.39405999999999997
6612.0,0.42052,0.39539,0.3939,0.39317,0.39475,0.3943025
6613.0,0.40618,0.39545,0.39407,0.39338,0.39525,0.3945375
6614.0,0.39578,0.39555,0.39425,0.39357,0.39568,0.3947625
6615.0,0.39645,0.39554,0.39439,0.39373,0.39597,0.3949075
6616.0,0.40797,0.39547,0.3945,0.39383,0.39616,0.39499000000000006
6617.0,0.36555,0.39541,0.39456,0.39387,0.3962,0.39501
6618.0,0.33038,0.39534,0.39456,0.39384,0.39608,0.394955
6619.0,0.41297,0.39516,0.39449,0.39372,0.39579,0.39479
6620.0,0.46274,0.39493,0.39434,0.39351,0.39533,0.39452750000000003
6621.0,0.44784,0.39474,0.39411,0.39323,0.39475,0.3942075
6622.0,0.3947,0.39448,0.39381,0.39288,0.39411,0.39381999999999995
6623.0,0.353,0.39414,0.39346,0.39252,0.39347,0.3933975
6624.0,0.34237,0.39381,0.3931,0.39217,0.39289,0.39299249999999997
6625.0,0.36585,0.39352,0.39276,0.39185,0.3924,0.3926325
6626.0,0.35377,0.3932,0.39246,0.39157,0.39198,0.3923025
6627.0,0.32092,0.39287,0.39219,0.39132,0.39158,0.39199
6628.0,0.3785,0.39257,0.39195,0.39106,0.39117,0.3916875
6629.0,0.40924,0.3923,0.39171,0.3908,0.39073,0.391385
6630.0,0.38481,0.39205,0.39146,0.39054,0.39029,0.39108499999999996
6631.0,0.40508,0.39181,0.39121,0.39029,0.38992,0.39080750000000003
6632.0,0.44703,0.39157,0.39099,0.3901,0.38967,0.3905825
6633.0,0.47265,0.3914,0.39082,0.38999,0.3896,0.3904525
6634.0,0.40523,0.39128,0.39073,0.38998,0.38971,0.390425
6635.0,0.36178,0.39109,0.39072,0.39003,0.38993,0.3904425
6636.0,0.40556,0.39092,0.39077,0.39012,0.39017,0.39049500000000004
6637.0,0.42091,0.39087,0.39083,0.39018,0.39032,0.39055
6638.0,0.37579,0.39077,0.39087,0.39018,0.39032,0.390535
6639.0,0.27817,0.39058,0.39084,0.39007,0.39013,0.390405
6640.0,0.26173,0.39051,0.39073,0.38988,0.38978,0.39022500000000004
6641.0,0.3185,0.3905,0.39054,0.38962,0.38936,0.390005
6642.0,0.40193,0.39033,0.39031,0.38936,0.38896,0.38974
6643.0,0.40494,0.39015,0.39008,0.38914,0.38869,0.389515
6644.0,0.39084,0.39015,0.38989,0.389,0.38859,0.3894075
6645.0,0.45573,0.39009,0.38977,0.38896,0.38865,0.3893675
6646.0,0.41916,0.3899,0.38973,0.38899,0.38883,0.3893625
6647.0,0.34217,0.38979,0.38974,0.38906,0.38904,0.3894075
6648.0,0.3921,0.38973,0.38976,0.38914,0.3892,0.3894575
6649.0,0.42995,0.38958,0.38978,0.38918,0.38928,0.38945500000000005
6650.0,0.41509,0.38937,0.38975,0.38918,0.38926,0.38939
6651.0,0.3595,0.38922,0.38968,0.38913,0.38916,0.38929749999999996
6652.0,0.35369,0.38905,0.38956,0.38904,0.38899,0.38916
6653.0,0.38833,0.38883,0.38942,0.38892,0.38879,0.38899
6654.0,0.35395,0.38858,0.38926,0.38876,0.38854,0.38878499999999994
6655.0,0.34783,0.3883,0.38909,0.38857,0.38823,0.38854750000000005
6656.0,0.3886,0.38805,0.38889,0.38833,0.38783,0.38827500000000004
6657.0,0.37991,0.38781,0.38865,0.38802,0.3873,0.387945
6658.0,0.34993,0.38751,0.38836,0.38765,0.38665,0.3875425
6659.0,0.32626,0.38721,0.38801,0.38721,0.38592,0.38708750000000003
6660.0,0.33483,0.38699,0.38761,0.38674,0.38516,0.386625
6661.0,0.3655,0.38678,0.38718,0.38629,0.3845,0.3861875
6662.0,0.40223,0.38648,0.38677,0.38591,0.38402,0.385795
6663.0,0.41243,0.38626,0.38643,0.38564,0.3838,0.38553249999999994
6664.0,0.39419,0.38613,0.3862,0.38552,0.38387,0.38542999999999994
6665.0,0.36016,0.38594,0.38609,0.38554,0.38419,0.38544
6666.0,0.37816,0.38568,0.38611,0.38568,0.38469,0.38554
6667.0,0.42033,0.3855,0.38621,0.38587,0.38525,0.3857075
6668.0,0.43493,0.38536,0.38637,0.38606,0.38577,0.38589
6669.0,0.42095,0.38507,0.38651,0.38616,0.38609,0.3859575
6670.0,0.40027,0.38475,0.38656,0.38608,0.38615,0.385885
6671.0,0.40658,0.38456,0.38645,0.38578,0.38584,0.3856575
6672.0,0.40607,0.38433,0.38613,0.38519,0.38515,0.3852
6673.0,0.3883,0.38394,0.38555,0.38431,0.38412,0.38448
6674.0,0.35958,0.38363,0.3847,0.38318,0.38285,0.38359
6675.0,0.43967,0.38346,0.38362,0.3819,0.38152,0.382625
6676.0,0.64522,0.38316,0.38239,0.38062,0.38033,0.381625
6677.0,0.88847,0.38282,0.38113,0.37947,0.37945,0.3807175
6678.0,1.01883,0.38271,0.37996,0.3786,0.379,0.3800675
6679.0,0.9535,0.38268,0.37902,0.3781,0.379,0.37970000000000004
6680.0,0.6678,0.38251,0.37838,0.37797,0.37939,0.3795625
6681.0,0.46021,0.38244,0.37808,0.37819,0.38003,0.37968500000000005
6682.0,0.474,0.38255,0.37813,0.37867,0.38077,0.38003000000000003
6683.0,0.44505,0.3826,0.37848,0.37934,0.38149,0.3804775
6684.0,0.4072,0.3826,0.37906,0.38009,0.38212,0.3809675
6685.0,0.41128,0.38272,0.37979,0.38086,0.38261,0.38149500000000003
6686.0,0.40579,0.38289,0.38059,0.38158,0.38296,0.382005
6687.0,0.38778,0.38293,0.38138,0.38223,0.38319,0.3824325
6688.0,0.36887,0.38297,0.3821,0.38275,0.38329,0.3827775
6689.0,0.38846,0.38307,0.3827,0.38313,0.38328,0.383045
6690.0,0.42112,0.38313,0.38314,0.38337,0.38315,0.38319749999999997
6691.0,0.41634,0.3831,0.38343,0.38347,0.38291,0.38322749999999994
6692.0,0.43865,0.38308,0.38356,0.38345,0.3826,0.3831725
6693.0,0.46542,0.38309,0.38356,0.38335,0.38224,0.38306000000000007
6694.0,0.41004,0.38301,0.38348,0.38319,0.38191,0.3828975
6695.0,0.36055,0.38289,0.38335,0.38303,0.38165,0.38273
6696.0,0.35027,0.38283,0.38322,0.38289,0.3815,0.38261
6697.0,0.36719,0.38276,0.38311,0.38279,0.38144,0.382525
6698.0,0.35636,0.38262,0.38304,0.38273,0.38145,0.38246
6699.0,0.32162,0.38247,0.38299,0.38269,0.38147,0.382405
6700.0,0.38718,0.38235,0.38296,0.38265,0.38145,0.38235250000000004
6701.0,0.42313,0.3822,0.38292,0.38259,0.38139,0.38227500000000003
6702.0,0.35555,0.38197,0.38286,0.38252,0.38129,0.38215999999999994
6703.0,0.33752,0.38174,0.38278,0.38244,0.38119,0.3820375
6704.0,0.35604,0.38155,0.3827,0.38236,0.3811,0.3819275
6705.0,0.37431,0.38128,0.38261,0.38228,0.38102,0.3817975
6706.0,0.3806,0.38091,0.38253,0.38221,0.38094,0.38164750000000003
6707.0,0.38683,0.38058,0.38244,0.38212,0.3808,0.381485
6708.0,0.40783,0.38026,0.38233,0.38198,0.38054,0.38127749999999994
6709.0,0.3847,0.37979,0.38217,0.38177,0.38012,0.3809625
6710.0,0.35388,0.37933,0.38194,0.38146,0.37948,0.3805525
6711.0,0.41251,0.37899,0.3816,0.38105,0.37863,0.3800675
6712.0,0.47951,0.37858,0.38117,0.38054,0.37757,0.379465
6713.0,0.63309,0.37808,0.38064,0.37995,0.37642,0.3787725
6714.0,1.15475,0.37771,0.38005,0.37933,0.37527,0.37809
6715.0,1.82437,0.37744,0.37945,0.37875,0.37427,0.3774775
6716.0,2.37327,0.37708,0.3789,0.37828,0.37355,0.3769525
6717.0,2.27006,0.37677,0.37846,0.37796,0.37318,0.37659250000000005
6718.0,1.67487,0.37666,0.37817,0.37781,0.37318,0.376455
6719.0,0.8654,0.37656,0.37804,0.37782,0.37347,0.3764725
6720.0,0.49977,0.37642,0.37805,0.37793,0.37396,0.37659000000000004
6721.0,0.42034,0.37637,0.37814,0.37809,0.37451,0.3767775
6722.0,0.37344,0.37644,0.37825,0.37824,0.37504,0.3769925
6723.0,0.34614,0.37646,0.37834,0.37834,0.37548,0.377155
6724.0,0.33959,0.37647,0.37836,0.37837,0.37584,0.37726
6725.0,0.35878,0.37655,0.37831,0.37834,0.3761,0.377325
6726.0,0.39804,0.37666,0.37821,0.37827,0.3763,0.37736000000000003
6727.0,0.49538,0.37668,0.37806,0.37818,0.37645,0.37734249999999997
6728.0,0.73589,0.37667,0.37792,0.37811,0.37656,0.377315
6729.0,1.21827,0.37669,0.3778,0.37805,0.37663,0.37729250000000003
6730.0,1.77962,0.37666,0.37773,0.37802,0.37664,0.37726250000000006
6731.0,1.85177,0.37654,0.37771,0.37802,0.37659,0.377215
6732.0,1.55132,0.3764,0.37774,0.37803,0.37647,0.37716
6733.0,1.0364,0.37629,0.3778,0.37802,0.37627,0.37709499999999996
6734.0,0.60037,0.3761,0.37784,0.37797,0.37598,0.3769725
6735.0,0.3603,0.37582,0.37784,0.37784,0.3756,0.37677499999999997
6736.0,0.34783,0.3756,0.37774,0.37762,0.37515,0.3765275
6737.0,0.34076,0.37537,0.37753,0.37729,0.37463,0.37620499999999996
6738.0,0.33311,0.37504,0.37719,0.37688,0.37408,0.37579749999999995
6739.0,0.35603,0.37473,0.37674,0.37638,0.37355,0.37535
6740.0,0.36505,0.37452,0.37619,0.37587,0.37304,0.374905
6741.0,0.37035,0.37425,0.37562,0.37538,0.37261,0.37446500000000005
6742.0,0.4058,0.37393,0.37505,0.37495,0.37225,0.374045
6743.0,0.43682,0.37376,0.3746,0.37465,0.37196,0.3737425
6744.0,0.43348,0.37365,0.37427,0.37446,0.37171,0.3735225
6745.0,0.35582,0.37344,0.37411,0.3744,0.37148,0.3733575
6746.0,0.33793,0.37333,0.37407,0.37441,0.37126,0.3732675
6747.0,0.40991,0.37338,0.37415,0.37448,0.37105,0.37326499999999996
6748.0,0.43928,0.37336,0.37429,0.37458,0.3709,0.3732825
6749.0,0.43712,0.37333,0.37445,0.37469,0.37085,0.37333000000000005
6750.0,0.41839,0.37347,0.37462,0.37483,0.37097,0.37347250000000004
6751.0,0.37554,0.37364,0.37478,0.375,0.37127,0.3736725
6752.0,0.33857,0.37373,0.37497,0.37521,0.37176,0.3739175
6753.0,0.34507,0.37389,0.37519,0.37547,0.3724,0.3742375
6754.0,0.42628,0.37412,0.37543,0.37575,0.37309,0.37459749999999997
6755.0,0.50435,0.37426,0.37569,0.37603,0.37379,0.3749425
6756.0,0.45078,0.37436,0.37594,0.37627,0.37441,0.37524500000000005
6757.0,0.39868,0.37452,0.37614,0.37645,0.3749,0.3755025
6758.0,0.37642,0.37464,0.37628,0.37655,0.3752,0.3756675
6759.0,0.34668,0.37466,0.37633,0.37655,0.37531,0.3757125
6760.0,0.34193,0.37468,0.3763,0.37646,0.37523,0.3756675
6761.0,0.36868,0.3747,0.37618,0.37629,0.37494,0.3755275
6762.0,0.39193,0.37466,0.37599,0.37603,0.37449,0.3752925
6763.0,0.36945,0.37457,0.37574,0.37571,0.37389,0.3749775
6764.0,0.2986,0.37451,0.37545,0.37535,0.37321,0.37463
6765.0,0.31403,0.37445,0.37513,0.37497,0.37253,0.37427000000000005
6766.0,0.35293,0.37433,0.3748,0.37461,0.37191,0.37391250000000004
6767.0,0.33255,0.37424,0.37451,0.37431,0.37146,0.37363
6768.0,0.32771,0.37422,0.37426,0.3741,0.37122,0.37345000000000006
6769.0,0.33889,0.37416,0.37411,0.37401,0.37123,0.3733775
6770.0,0.33809,0.37408,0.37405,0.37403,0.37149,0.37341250000000004
6771.0,0.32953,0.37407,0.3741,0.37417,0.37194,0.37356999999999996
6772.0,0.32513,0.37405,0.37423,0.37438,0.37252,0.373795
6773.0,0.34938,0.37396,0.37441,0.37463,0.37312,0.37403
6774.0,0.33955,0.3739,0.37461,0.37486,0.37366,0.3742575
6775.0,0.31403,0.37386,0.37478,0.37502,0.37405,0.3744275
6776.0,0.4685,0.37372,0.37488,0.37508,0.3742,0.37446999999999997
6777.0,0.60248,0.37357,0.37486,0.375,0.37409,0.37438
6778.0,0.55662,0.37343,0.37472,0.37479,0.37371,0.3741625
6779.0,0.41689,0.37321,0.37444,0.37446,0.3731,0.3738025
6780.0,0.2747,0.37296,0.37405,0.37403,0.37233,0.37334249999999997
6781.0,0.22866,0.37274,0.37358,0.37355,0.37149,0.37284000000000006
6782.0,0.29347,0.37247,0.37308,0.37309,0.3707,0.372335
6783.0,0.38845,0.37218,0.37261,0.37268,0.37004,0.37187749999999997
6784.0,0.35703,0.37195,0.37221,0.37236,0.36956,0.37151999999999996
6785.0,0.35724,0.37171,0.3719,0.37215,0.36927,0.37125749999999996
6786.0,0.40646,0.37146,0.37171,0.37204,0.36913,0.371085
6787.0,0.36418,0.37127,0.37161,0.37199,0.3691,0.3709925
6788.0,0.31326,0.37112,0.37157,0.37198,0.3691,0.3709425
6789.0,0.30848,0.37094,0.37157,0.37198,0.36911,0.3709
6790.0,0.34043,0.37081,0.37158,0.37197,0.36908,0.37086
6791.0,0.34611,0.37075,0.37156,0.37194,0.36904,0.3708225
6792.0,0.28549,0.37067,0.37154,0.3719,0.36899,0.370775
6793.0,0.31752,0.37059,0.3715,0.37186,0.36897,0.37073
6794.0,0.40826,0.37058,0.37146,0.37183,0.36899,0.37071499999999996
6795.0,0.45108,0.37056,0.37144,0.37182,0.36905,0.37071750000000003
6796.0,0.43989,0.3705,0.37143,0.37183,0.36917,0.3707325
6797.0,0.38914,0.37049,0.37143,0.37184,0.3693,0.37076499999999996
6798.0,0.33882,0.37048,0.37145,0.37186,0.36943,0.370805
6799.0,0.31288,0.37042,0.37146,0.37186,0.36951,0.37081250000000004
6800.0,0.3213,0.37036,0.37146,0.37183,0.36952,0.3707925
6801.0,0.35875,0.37034,0.37143,0.37176,0.36944,0.3707425
6802.0,0.4181,0.37026,0.37136,0.37165,0.36929,0.37063999999999997
6803.0,0.47719,0.37015,0.37126,0.37149,0.36907,0.37049249999999995
6804.0,0.42905,0.3701,0.37113,0.37131,0.36882,0.37034
6805.0,0.34659,0.37001,0.37098,0.37112,0.36857,0.37017
6806.0,0.34878,0.36988,0.37083,0.37094,0.36835,0.37
6807.0,0.36463,0.3698,0.37067,0.37076,0.36817,0.36985
6808.0,0.3642,0.36973,0.37052,0.37061,0.36803,0.36972250000000006
6809.0,0.32913,0.36961,0.37038,0.37047,0.36792,0.369595
6810.0,0.30737,0.36951,0.37025,0.37035,0.36784,0.36948749999999997
6811.0,0.31169,0.36946,0.37012,0.37024,0.36776,0.36939500000000003
6812.0,0.30946,0.3694,0.37,0.37014,0.36769,0.3693075
6813.0,0.32172,0.36931,0.36988,0.37004,0.36761,0.36921
6814.0,0.35456,0.36927,0.36977,0.36996,0.36755,0.3691375
6815.0,0.34255,0.36924,0.36966,0.36989,0.36751,0.369075
6816.0,0.32002,0.36918,0.36957,0.36985,0.3675,0.369025
6817.0,0.34095,0.36914,0.3695,0.36982,0.36753,0.3689975
6818.0,0.38774,0.36912,0.36946,0.36982,0.36759,0.3689975
6819.0,0.42287,0.36909,0.36943,0.36983,0.36768,0.3690075
6820.0,0.38398,0.36903,0.36943,0.36985,0.36777,0.36901999999999996
6821.0,0.37858,0.36899,0.36942,0.36985,0.36784,0.369025
6822.0,0.4228,0.36895,0.36941,0.36982,0.36784,0.36900499999999997
6823.0,0.41422,0.36887,0.36938,0.36975,0.36776,0.36894000000000005
6824.0,0.38509,0.36877,0.36931,0.36963,0.36759,0.36882499999999996
6825.0,0.36778,0.36869,0.36919,0.36947,0.36737,0.36868
6826.0,0.38369,0.36858,0.36902,0.36928,0.36713,0.3685025
6827.0,0.40966,0.36843,0.36884,0.3691,0.36693,0.368325
6828.0,0.40991,0.36827,0.36866,0.36894,0.36681,0.36817
6829.0,0.34701,0.36811,0.3685,0.36883,0.36677,0.3680525
6830.0,0.27635,0.36792,0.36839,0.36877,0.3668,0.36797
6831.0,0.32417,0.36769,0.3683,0.36872,0.36683,0.367885
6832.0,0.34387,0.36746,0.36824,0.36866,0.3668,0.36779
6833.0,0.31025,0.36723,0.36817,0.36855,0.36664,0.3676475
6834.0,0.35636,0.36696,0.36805,0.36837,0.36629,0.3674175
6835.0,0.411,0.36669,0.36786,0.36809,0.36574,0.367095
6836.0,0.41524,0.36644,0.36758,0.36771,0.36502,0.36668749999999994
6837.0,0.3701,0.36618,0.36722,0.36726,0.3642,0.366215
6838.0,0.33066,0.36591,0.3668,0.36678,0.36337,0.36571499999999996
6839.0,0.35472,0.36569,0.36635,0.36634,0.36267,0.36526250000000005
6840.0,0.31204,0.36548,0.36594,0.36598,0.36217,0.36489249999999995
6841.0,0.24321,0.36527,0.36561,0.36574,0.36196,0.364645
6842.0,0.3073,0.36511,0.36539,0.36565,0.36201,0.36454
6843.0,0.35505,0.36496,0.3653,0.36569,0.36228,0.3645575
6844.0,0.33454,0.36481,0.36532,0.36583,0.36269,0.36466249999999995
6845.0,0.31649,0.36469,0.36543,0.36602,0.36311,0.36481250000000004
6846.0,0.32458,0.36458,0.36557,0.3662,0.36347,0.36495500000000003
6847.0,0.36289,0.36444,0.36571,0.36634,0.36369,0.365045
6848.0,0.37071,0.36432,0.36581,0.36641,0.36373,0.3650675
6849.0,0.35219,0.36422,0.36585,0.36638,0.36359,0.36501
6850.0,0.33239,0.36407,0.3658,0.36626,0.36327,0.36485
6851.0,0.36623,0.36391,0.36569,0.36605,0.36282,0.3646175
6852.0,0.41949,0.36382,0.36549,0.36577,0.3623,0.364345
6853.0,0.3716,0.36368,0.36525,0.36547,0.36175,0.3640375
6854.0,0.31626,0.36349,0.36497,0.36516,0.36125,0.3637175
6855.0,0.30459,0.36339,0.3647,0.36488,0.36086,0.3634575
6856.0,0.33289,0.36331,0.36445,0.36465,0.36059,0.36324999999999996
6857.0,0.33053,0.36315,0.36425,0.3645,0.36045,0.3630875
6858.0,0.25461,0.36304,0.36412,0.36441,0.36046,0.3630075
6859.0,0.27276,0.36303,0.36404,0.36439,0.36056,0.363005
6860.0,0.37836,0.36295,0.36402,0.36442,0.36074,0.36303250000000004
6861.0,0.4973,0.36284,0.36404,0.36448,0.36096,0.36307999999999996
6862.0,0.54303,0.36286,0.36409,0.36455,0.36116,0.36316499999999996
6863.0,0.50448,0.36287,0.36415,0.3646,0.36131,0.3632325
6864.0,0.4401,0.36279,0.36418,0.36461,0.36135,0.3632325
6865.0,0.38203,0.36279,0.36417,0.36455,0.36127,0.363195
6866.0,0.3448,0.36287,0.3641,0.36445,0.36111,0.3631325
6867.0,0.31041,0.36283,0.36399,0.36431,0.36089,0.363005
6868.0,0.29855,0.36279,0.36385,0.36416,0.36068,0.36287
6869.0,0.32941,0.36289,0.36371,0.36403,0.36054,0.3627925
6870.0,0.34506,0.36292,0.36358,0.36393,0.36049,0.36273
6871.0,0.34868,0.36286,0.36349,0.36388,0.36055,0.362695
6872.0,0.37697,0.36292,0.36344,0.36387,0.36072,0.3627375
6873.0,0.38883,0.36299,0.36342,0.36391,0.36098,0.362825
6874.0,0.36942,0.36295,0.36344,0.36397,0.36128,0.36291
6875.0,0.33552,0.36295,0.36347,0.36402,0.36157,0.3630025
6876.0,0.33042,0.363,0.36349,0.36404,0.36176,0.3630725
6877.0,0.37246,0.36299,0.36347,0.36399,0.36183,0.36307
6878.0,0.35164,0.36294,0.36337,0.36385,0.36173,0.36297250000000003
6879.0,0.32921,0.36295,0.36319,0.36361,0.36149,0.36280999999999997
6880.0,0.42037,0.36294,0.3629,0.36327,0.36115,0.362565
6881.0,0.44225,0.3629,0.36252,0.36286,0.36078,0.36226499999999995
6882.0,0.37635,0.36286,0.36205,0.36239,0.36047,0.3619425
6883.0,0.34701,0.36284,0.36153,0.3619,0.36024,0.3616275
6884.0,0.36532,0.36285,0.36096,0.36138,0.36016,0.36133750000000003
6885.0,0.40885,0.36281,0.36035,0.36087,0.3602,0.36105750000000003
6886.0,0.3529,0.36278,0.35974,0.36037,0.36034,0.36080750000000006
6887.0,0.29098,0.36282,0.35912,0.35992,0.36053,0.3605975
6888.0,0.34402,0.36283,0.35855,0.35955,0.36073,0.360415
6889.0,0.42468,0.3628,0.35809,0.3593,0.36089,0.36027
6890.0,0.48995,0.36283,0.35777,0.35919,0.36101,0.3602
6891.0,0.4984,0.36289,0.35765,0.35925,0.36105,0.36021000000000003
6892.0,0.47591,0.36288,0.35775,0.35946,0.36104,0.3602825
6893.0,0.44191,0.3629,0.35804,0.35979,0.36097,0.360425
6894.0,0.42087,0.36298,0.35848,0.36018,0.36087,0.3606275
6895.0,0.40912,0.36302,0.359,0.3606,0.36077,0.3608475
6896.0,0.39924,0.36302,0.35954,0.361,0.36068,0.36106000000000005
6897.0,0.37653,0.36307,0.36004,0.36135,0.36064,0.361275
6898.0,0.34772,0.36315,0.36047,0.36165,0.36065,0.36148
6899.0,0.33099,0.36315,0.36082,0.36189,0.36074,0.36165
6900.0,0.35262,0.36315,0.36109,0.3621,0.36091,0.3618125
6901.0,0.4008,0.36321,0.3613,0.36227,0.36115,0.36198250000000004
6902.0,0.40641,0.3632,0.36147,0.36241,0.36142,0.36212500000000003
6903.0,0.37868,0.36315,0.36161,0.36253,0.36171,0.36224999999999996
6904.0,0.34083,0.36312,0.36172,0.36262,0.36195,0.36235249999999997
6905.0,0.37119,0.36308,0.36179,0.36265,0.3621,0.362405
6906.0,0.40922,0.36296,0.36182,0.36263,0.36212,0.3623825
6907.0,0.35726,0.36283,0.36179,0.36254,0.36197,0.36228249999999995
6908.0,0.31754,0.36276,0.36171,0.36236,0.36164,0.3621175
6909.0,0.32467,0.36258,0.36154,0.36211,0.36114,0.3618425
6910.0,0.38068,0.36236,0.36131,0.36178,0.36052,0.3614925
6911.0,0.43067,0.36226,0.36102,0.36143,0.35985,0.36114
6912.0,0.44162,0.36209,0.3607,0.36107,0.35921,0.3607675
6913.0,0.41479,0.36185,0.36038,0.36075,0.35869,0.3604175
6914.0,0.38649,0.36174,0.3601,0.36052,0.35835,0.3601775
6915.0,0.39507,0.36161,0.35988,0.36037,0.35821,0.3600175
6916.0,0.38364,0.36142,0.35975,0.36033,0.35824,0.359935
6917.0,0.35241,0.36133,0.35971,0.36035,0.3584,0.3599475
6918.0,0.3385,0.36127,0.35971,0.36042,0.35859,0.35999749999999997
6919.0,0.34511,0.36115,0.35975,0.36048,0.35874,0.36003000000000007
6920.0,0.36853,0.36106,0.35979,0.36051,0.35882,0.360045
6921.0,0.38844,0.36106,0.35979,0.36049,0.3588,0.360035
6922.0,0.39755,0.361,0.35974,0.36042,0.35873,0.3599725
6923.0,0.39178,0.36094,0.35967,0.36034,0.35863,0.359895
6924.0,0.38075,0.36095,0.35957,0.36024,0.35859,0.35983750000000003
6925.0,0.36639,0.36093,0.35948,0.36017,0.35859,0.35979249999999996
6926.0,0.34779,0.36088,0.35942,0.36013,0.35866,0.3597725
6927.0,0.32513,0.36088,0.35938,0.3601,0.35875,0.3597775
6928.0,0.30473,0.36087,0.35936,0.36007,0.35882,0.35978
6929.0,0.31101,0.36082,0.35933,0.36001,0.35883,0.3597475
6930.0,0.33064,0.3608,0.35928,0.35994,0.35878,0.3597
6931.0,0.34735,0.36077,0.3592,0.35984,0.3587,0.3596275
6932.0,0.34915,0.36071,0.35909,0.35973,0.3586,0.35953250000000003
6933.0,0.33961,0.36067,0.35898,0.35963,0.35853,0.3594525
6934.0,0.3311,0.3606,0.35887,0.35954,0.35849,0.359375
6935.0,0.33458,0.36053,0.35878,0.35949,0.35848,0.35932
6936.0,0.34611,0.36048,0.35872,0.35945,0.35849,0.359285
6937.0,0.33395,0.36039,0.35866,0.35941,0.35846,0.35923
6938.0,0.31589,0.36029,0.35861,0.35935,0.35838,0.35915749999999996
6939.0,0.30858,0.36025,0.35853,0.35925,0.35822,0.3590625
6940.0,0.30059,0.36015,0.35843,0.3591,0.35799,0.3589175
6941.0,0.29104,0.36002,0.35828,0.35891,0.3577,0.3587275
6942.0,0.28355,0.35999,0.35811,0.35871,0.35741,0.358555
6943.0,0.29562,0.35994,0.35792,0.35852,0.35717,0.35838749999999997
6944.0,0.32646,0.35982,0.35775,0.35836,0.35702,0.3582375
6945.0,0.34713,0.3598,0.35761,0.35826,0.35698,0.35816250000000005
6946.0,0.35219,0.3598,0.35752,0.35822,0.35702,0.35814
6947.0,0.34097,0.35972,0.35749,0.3582,0.3571,0.3581275
6948.0,0.32702,0.35972,0.35748,0.3582,0.35717,0.35814250000000003
6949.0,0.31918,0.35978,0.35747,0.35818,0.3572,0.35815749999999996
6950.0,0.32799,0.35976,0.35744,0.35815,0.35718,0.3581325
6951.0,0.35184,0.35979,0.35739,0.35809,0.35715,0.358105
6952.0,0.38473,0.35989,0.35733,0.35803,0.35713,0.358095
6953.0,0.40815,0.35993,0.35727,0.358,0.35718,0.35809500000000005
6954.0,0.39874,0.35997,0.35724,0.358,0.35729,0.358125
6955.0,0.34927,0.36007,0.35725,0.35804,0.35749,0.35821249999999993
6956.0,0.34515,0.36015,0.35729,0.35811,0.35773,0.35831999999999997
6957.0,0.37034,0.36019,0.35736,0.35819,0.358,0.35843500000000006
6958.0,0.36541,0.36025,0.35745,0.35828,0.35825,0.3585575
6959.0,0.36601,0.36031,0.35752,0.35834,0.35845,0.35865499999999995
6960.0,0.38379,0.36032,0.35757,0.35838,0.35861,0.35871999999999993
6961.0,0.40416,0.36028,0.35759,0.35839,0.3587,0.35874
6962.0,0.38176,0.36025,0.35758,0.35837,0.35874,0.358735
6963.0,0.29411,0.36019,0.35755,0.35832,0.35872,0.358695
6964.0,0.27141,0.36005,0.35749,0.35826,0.35866,0.358615
6965.0,0.309,0.35989,0.35741,0.35817,0.35857,0.35851000000000005
6966.0,0.34386,0.35972,0.35731,0.35807,0.35843,0.3583825
6967.0,0.34857,0.35948,0.35721,0.35795,0.35825,0.3582225
6968.0,0.32305,0.3592,0.35708,0.35779,0.35799,0.358015
6969.0,0.31157,0.35894,0.35692,0.35758,0.35761,0.3577625
6970.0,0.3203,0.35867,0.35671,0.35731,0.3571,0.35744750000000003
6971.0,0.34543,0.35831,0.35644,0.35695,0.35642,0.35702999999999996
6972.0,0.33808,0.35802,0.35608,0.35651,0.35558,0.35654749999999996
6973.0,0.29717,0.35779,0.35565,0.35598,0.35461,0.35600750000000003
6974.0,0.24596,0.35748,0.35514,0.3554,0.3536,0.35540499999999997
6975.0,0.25787,0.35724,0.35459,0.35483,0.35268,0.354835
6976.0,0.33799,0.35714,0.35406,0.35435,0.35197,0.35438000000000003
6977.0,0.35828,0.357,0.3536,0.35401,0.3516,0.3540525
6978.0,0.34133,0.35687,0.3533,0.35388,0.35166,0.35392749999999995
6979.0,0.32765,0.3569,0.35318,0.35397,0.35212,0.3540425
6980.0,0.33406,0.35692,0.35327,0.35424,0.35288,0.3543275
6981.0,0.34192,0.35692,0.35355,0.35464,0.3538,0.3547275
6982.0,0.30079,0.35703,0.35392,0.35508,0.3547,0.3551825
6983.0,0.28198,0.35715,0.35431,0.35548,0.35545,0.3555975
6984.0,0.31652,0.3572,0.35465,0.35577,0.35596,0.355895
6985.0,0.36111,0.3573,0.3549,0.35594,0.35622,0.35608999999999996
6986.0,0.3839,0.35741,0.35502,0.35598,0.35628,0.3561725
6987.0,0.35779,0.35744,0.35504,0.35593,0.35619,0.35615
6988.0,0.34149,0.35747,0.35497,0.35583,0.35603,0.35607500000000003
6989.0,0.34741,0.3575,0.35485,0.35571,0.35587,0.3559825
6990.0,0.36131,0.35745,0.35471,0.35559,0.35572,0.3558675
6991.0,0.32667,0.35739,0.35458,0.35548,0.3556,0.3557625
6992.0,0.24352,0.35732,0.35445,0.35537,0.35546,0.35565
6993.0,0.31363,0.3572,0.35433,0.35525,0.35529,0.35551750000000004
6994.0,0.41976,0.35706,0.35419,0.35511,0.35507,0.3553575
6995.0,0.35792,0.35692,0.35403,0.35493,0.35479,0.35516749999999997
6996.0,0.31129,0.35674,0.35384,0.35472,0.35446,0.35494
6997.0,0.32765,0.35655,0.35363,0.35448,0.35408,0.354685
6998.0,0.35239,0.35639,0.35341,0.35423,0.3537,0.35443250000000004
6999.0,0.36051,0.35621,0.35318,0.35398,0.35332,0.3541725
7000.0,0.3449,0.356,0.35296,0.35375,0.353,0.3539275
7001.0,0.36952,0.35583,0.35275,0.35356,0.35273,0.35371749999999996
7002.0,0.40769,0.35566,0.35259,0.3534,0.35254,0.3535475
7003.0,0.39158,0.35547,0.35245,0.35329,0.35243,0.35341
7004.0,0.34212,0.35531,0.35235,0.35322,0.35239,0.3533175
7005.0,0.28647,0.35516,0.35228,0.35319,0.35241,0.35326
7006.0,0.29138,0.35499,0.35225,0.35318,0.35247,0.35322250000000005
7007.0,0.32155,0.35483,0.35223,0.35317,0.35252,0.3531875
7008.0,0.33503,0.35471,0.35222,0.35313,0.3525,0.35314
7009.0,0.31631,0.35455,0.35218,0.35304,0.35235,0.35302999999999995
7010.0,0.28557,0.35442,0.35208,0.35288,0.35205,0.3528575
7011.0,0.29445,0.35434,0.35192,0.35264,0.35162,0.35263
7012.0,0.29698,0.35421,0.35169,0.35234,0.35112,0.35234
7013.0,0.28143,0.35411,0.35141,0.35202,0.35064,0.352045
7014.0,0.31679,0.35411,0.35113,0.35173,0.35026,0.3518075
7015.0,0.35453,0.35406,0.35087,0.35153,0.35007,0.3516325
7016.0,0.32695,0.35403,0.35069,0.35144,0.35009,0.3515625
7017.0,0.30934,0.35408,0.35061,0.35145,0.35032,0.351615
7018.0,0.32923,0.35413,0.35063,0.35155,0.35066,0.3517425
7019.0,0.39582,0.35418,0.35072,0.35168,0.35104,0.35190499999999997
7020.0,0.43256,0.35429,0.35083,0.3518,0.35137,0.35207249999999995
7021.0,0.39139,0.35441,0.35092,0.3519,0.35161,0.35221
7022.0,0.31563,0.35453,0.35098,0.35196,0.3518,0.35231750000000006
7023.0,0.27976,0.35468,0.351,0.35199,0.35195,0.35240499999999997
7024.0,0.38705,0.35485,0.35101,0.35204,0.35214,0.35251
7025.0,0.42975,0.35499,0.35103,0.3521,0.35238,0.3526250000000001
7026.0,0.35444,0.35517,0.35108,0.3522,0.35265,0.35277500000000006
7027.0,0.29269,0.35535,0.35117,0.35231,0.35293,0.35294
7028.0,0.28747,0.3555,0.35127,0.35242,0.35317,0.35309
7029.0,0.35414,0.3557,0.35137,0.35251,0.35333,0.35322749999999997
7030.0,0.3528,0.3559,0.35144,0.35255,0.35339,0.35331999999999997
7031.0,0.30207,0.35605,0.35148,0.35253,0.35333,0.3533475
7032.0,0.32448,0.35627,0.35147,0.35247,0.3532,0.3533525
7033.0,0.3375,0.35652,0.35141,0.35237,0.35304,0.353335
7034.0,0.30688,0.35669,0.35132,0.35226,0.35293,0.3533
7035.0,0.31757,0.35691,0.35124,0.3522,0.35294,0.35332250000000004
7036.0,0.35723,0.35719,0.3512,0.35221,0.35314,0.353435
7037.0,0.39019,0.35738,0.35123,0.35233,0.35356,0.35362499999999997
7038.0,0.39933,0.35756,0.35136,0.35256,0.3542,0.35392
7039.0,0.39144,0.3578,0.35159,0.3529,0.35501,0.354325
7040.0,0.40742,0.35793,0.3519,0.35329,0.3559,0.35475500000000004
7041.0,0.41052,0.35801,0.35227,0.35368,0.35677,0.3551825
7042.0,0.37281,0.35808,0.35262,0.35403,0.35751,0.35556
7043.0,0.33443,0.35806,0.35292,0.35431,0.35804,0.3558325
7044.0,0.30636,0.35794,0.35312,0.35446,0.35833,0.3559625
7045.0,0.29326,0.35776,0.35321,0.35448,0.35835,0.35595000000000004
7046.0,0.30424,0.35749,0.35318,0.35435,0.35809,0.35577749999999997
7047.0,0.33745,0.35712,0.35302,0.35409,0.35752,0.3554375
7048.0,0.36257,0.35667,0.35272,0.35368,0.35668,0.3549375
7049.0,0.35225,0.35617,0.35229,0.35314,0.35557,0.35429249999999995
7050.0,0.28636,0.3556,0.35174,0.35251,0.3543,0.3535375
7051.0,0.29918,0.35497,0.35109,0.35181,0.35293,0.3527
7052.0,0.37973,0.35432,0.35039,0.3511,0.35158,0.3518475
7053.0,0.36646,0.35364,0.34968,0.35043,0.35033,0.35102
7054.0,0.34233,0.35299,0.34902,0.34984,0.34924,0.3502725
7055.0,0.36974,0.35233,0.34843,0.34933,0.34835,0.34961
7056.0,0.37869,0.35169,0.34793,0.34889,0.34762,0.3490325
7057.0,0.35316,0.35114,0.34751,0.34854,0.34703,0.348555
7058.0,0.29278,0.3506,0.34716,0.34823,0.34656,0.3481375
7059.0,0.29034,0.3501,0.34685,0.34796,0.34615,0.347765
7060.0,0.36252,0.34973,0.34658,0.34771,0.34582,0.34746
7061.0,0.37706,0.34938,0.34631,0.34748,0.34555,0.34718
7062.0,0.40031,0.34905,0.34606,0.34727,0.34532,0.34692500000000004
7063.0,0.52765,0.34888,0.34581,0.34707,0.34513,0.3467225
7064.0,0.66326,0.34872,0.34557,0.34688,0.34498,0.3465375
7065.0,0.75498,0.34855,0.34535,0.34674,0.34489,0.3463825
7066.0,0.7401,0.34851,0.34518,0.34665,0.34491,0.3463125
7067.0,0.63752,0.34848,0.34507,0.34664,0.34504,0.3463075
7068.0,0.47855,0.34838,0.34506,0.34673,0.34533,0.346375
7069.0,0.36726,0.34836,0.34516,0.34691,0.34574,0.3465425
7070.0,0.32383,0.34834,0.34536,0.34715,0.34623,0.34677
7071.0,0.34389,0.34819,0.34563,0.34743,0.34673,0.346995
7072.0,0.39595,0.34807,0.34593,0.3477,0.34717,0.3472175
7073.0,0.45204,0.34791,0.34621,0.34791,0.34749,0.34738
7074.0,0.45451,0.3476,0.34643,0.34804,0.34764,0.3474275
7075.0,0.41591,0.34725,0.34656,0.34806,0.3476,0.34736750000000005
7076.0,0.36505,0.34687,0.34658,0.34796,0.34734,0.3471875
7077.0,0.33564,0.34632,0.34648,0.34773,0.34685,0.34684499999999996
7078.0,0.3354,0.3457,0.34627,0.34738,0.3461,0.3463625
7079.0,0.3513,0.34508,0.34593,0.34689,0.3451,0.34575
7080.0,0.34192,0.34431,0.34545,0.34626,0.34385,0.3449675
7081.0,0.28376,0.3435,0.34485,0.34551,0.34239,0.3440625
7082.0,0.27865,0.34273,0.34414,0.34468,0.34078,0.3430825
7083.0,0.32682,0.34187,0.34334,0.3438,0.33911,0.34203
7084.0,0.37477,0.34101,0.34249,0.34293,0.33747,0.340975
7085.0,0.40025,0.34025,0.34164,0.34211,0.33595,0.3399875
7086.0,0.39203,0.33949,0.34084,0.34136,0.33461,0.339075
7087.0,0.35366,0.33875,0.34013,0.34072,0.33348,0.33827
7088.0,0.29906,0.33817,0.33951,0.34019,0.33259,0.337615
7089.0,0.25159,0.33765,0.339,0.33979,0.33192,0.33709
7090.0,0.26919,0.33718,0.33862,0.33951,0.33149,0.3367
7091.0,0.34248,0.33686,0.33834,0.33932,0.33127,0.3364475
7092.0,0.34493,0.33666,0.33817,0.33925,0.33125,0.33633250000000003
7093.0,0.3109,0.33649,0.3381,0.33927,0.33145,0.3363275
7094.0,0.29052,0.33643,0.33812,0.33938,0.33181,0.336435
7095.0,0.28921,0.33651,0.33823,0.33959,0.33234,0.3366675
7096.0,0.30253,0.33659,0.33841,0.33985,0.33299,0.33696000000000004
7097.0,0.3141,0.33673,0.33865,0.34018,0.33372,0.33732
7098.0,0.31955,0.33698,0.33894,0.3405,0.3345,0.33773000000000003
7099.0,0.32017,0.3372,0.33924,0.34083,0.33522,0.3381225
7100.0,0.34403,0.33743,0.33956,0.34112,0.33588,0.3384975
7101.0,0.37129,0.33773,0.33983,0.34136,0.33641,0.3388325
7102.0,0.35294,0.338,0.34005,0.34156,0.33682,0.3391075
7103.0,0.31885,0.33823,0.34022,0.34168,0.33712,0.3393125
7104.0,0.29318,0.3385,0.34033,0.34174,0.33729,0.339465
7105.0,0.31591,0.33873,0.34039,0.34174,0.33737,0.33955749999999996
7106.0,0.36992,0.33892,0.34039,0.3417,0.33735,0.33959
7107.0,0.41906,0.33912,0.34034,0.34162,0.33727,0.3395875
7108.0,0.38301,0.33929,0.34025,0.34151,0.33717,0.339555
7109.0,0.27733,0.33942,0.34014,0.34141,0.3371,0.33951749999999997
7110.0,0.26718,0.33954,0.34004,0.34134,0.33711,0.3395075
7111.0,0.29622,0.33964,0.33995,0.34133,0.33722,0.339535
7112.0,0.29642,0.33969,0.33992,0.34138,0.33746,0.3396125
7113.0,0.30314,0.33972,0.33995,0.34147,0.33776,0.339725
7114.0,0.31816,0.33972,0.34003,0.34159,0.3381,0.33986000000000005
7115.0,0.32003,0.33967,0.34014,0.34171,0.33839,0.3399775
7116.0,0.30967,0.33959,0.34023,0.3418,0.33857,0.3400475
7117.0,0.29415,0.33949,0.34029,0.34181,0.33862,0.3400525
7118.0,0.31518,0.33933,0.34029,0.34174,0.33849,0.3399625
7119.0,0.35455,0.33915,0.34022,0.34159,0.33822,0.339795
7120.0,0.35954,0.33896,0.34007,0.34136,0.3378,0.3395475
7121.0,0.35465,0.33871,0.33984,0.34108,0.33726,0.3392225
7122.0,0.35484,0.33847,0.33955,0.34076,0.33664,0.338855
7123.0,0.36554,0.33824,0.3392,0.34039,0.33595,0.338445
7124.0,0.37501,0.338,0.33883,0.34001,0.33522,0.338015
7125.0,0.36439,0.33778,0.33842,0.33962,0.33448,0.33757499999999996
7126.0,0.3336,0.3376,0.338,0.33925,0.33378,0.3371575
7127.0,0.29131,0.33745,0.33759,0.3389,0.33318,0.33678
7128.0,0.27174,0.33735,0.33723,0.33862,0.33276,0.33648999999999996
7129.0,0.28136,0.33729,0.33695,0.33843,0.33256,0.3363075
7130.0,0.31719,0.33731,0.33676,0.33837,0.3326,0.33626
7131.0,0.29537,0.33738,0.33668,0.33844,0.33289,0.3363475
7132.0,0.28486,0.33747,0.33673,0.33861,0.33337,0.336545
7133.0,0.57612,0.33766,0.33689,0.33886,0.33398,0.33684749999999997
7134.0,0.97364,0.3379,0.33712,0.33915,0.33463,0.3372
7135.0,1.27332,0.33812,0.33738,0.33944,0.33525,0.3375475
7136.0,1.27642,0.33844,0.33764,0.3397,0.33582,0.3379
7137.0,1.01964,0.3388,0.33786,0.33992,0.33631,0.3382225
7138.0,0.70717,0.3391,0.33806,0.3401,0.33671,0.33849250000000003
7139.0,0.49212,0.33952,0.3382,0.34023,0.33705,0.33875
7140.0,0.4494,0.33997,0.3383,0.34032,0.3373,0.33897249999999995
7141.0,0.44766,0.34032,0.33837,0.34036,0.33746,0.3391275
7142.0,0.44941,0.34078,0.3384,0.34035,0.33753,0.33926500000000004
7143.0,0.43016,0.3413,0.33837,0.34029,0.33752,0.33937
7144.0,0.38163,0.34169,0.33829,0.3402,0.33747,0.3394125
7145.0,0.3098,0.34217,0.33819,0.34011,0.33749,0.33949
7146.0,0.26606,0.34273,0.33809,0.34006,0.33764,0.33963
7147.0,0.29049,0.34309,0.33804,0.34013,0.33802,0.33982
7148.0,0.42269,0.34351,0.33808,0.34033,0.33869,0.34015249999999997
7149.0,0.44676,0.34401,0.33824,0.34069,0.33966,0.34065
7150.0,0.33141,0.34422,0.33856,0.3412,0.34086,0.34121
7151.0,0.31756,0.34442,0.33901,0.34181,0.34221,0.34186249999999996
7152.0,0.38832,0.34469,0.33955,0.34246,0.34357,0.34256749999999997
7153.0,0.48827,0.34455,0.34013,0.34309,0.34481,0.343145
7154.0,0.5584,0.34436,0.34067,0.34362,0.34577,0.34360500000000005
7155.0,0.57133,0.34424,0.34113,0.34399,0.34635,0.3439275
7156.0,0.50211,0.34361,0.34142,0.34412,0.34643,0.343895
7157.0,0.37136,0.34292,0.34152,0.34399,0.34589,0.34358
7158.0,0.21311,0.34236,0.34138,0.34353,0.34476,0.3430075
7159.0,0.1649,0.34125,0.34091,0.34274,0.34286,0.34193999999999997
7160.0,0.24783,0.34015,0.34019,0.34169,0.34048,0.34062749999999997
7161.0,0.41478,0.33925,0.3392,0.3403,0.33778,0.3391325
7162.0,0.52166,0.33787,0.338,0.33885,0.33485,0.3373925
7163.0,0.47081,0.33659,0.33677,0.33741,0.33221,0.33574499999999996
7164.0,0.36296,0.33559,0.33549,0.3361,0.32988,0.334265
7165.0,0.25857,0.33422,0.3344,0.33509,0.32815,0.33296499999999996
7166.0,0.24313,0.33304,0.33357,0.33432,0.32708,0.3320025
7167.0,0.26979,0.33214,0.33298,0.33388,0.32649,0.33137249999999996
7168.0,0.30534,0.33101,0.33267,0.33371,0.32635,0.330935
7169.0,0.34364,0.33009,0.33255,0.33368,0.32644,0.33069
7170.0,0.36762,0.3294,0.33255,0.33374,0.32661,0.330575
7171.0,0.347,0.32858,0.33262,0.3338,0.32675,0.3304375
7172.0,0.30954,0.32793,0.33267,0.3338,0.32678,0.330295
7173.0,0.27305,0.32743,0.33268,0.33372,0.32666,0.3301225
7174.0,0.25068,0.32687,0.3326,0.33356,0.3264,0.3298575
7175.0,0.24777,0.32641,0.33244,0.33332,0.32602,0.3295475
7176.0,0.26969,0.32605,0.33222,0.33303,0.32556,0.32921500000000004
7177.0,0.3155,0.32565,0.33194,0.3327,0.32508,0.3288425
7178.0,0.3742,0.32531,0.33166,0.33237,0.32461,0.32848750000000004
7179.0,0.39539,0.32502,0.33139,0.33207,0.3242,0.32816999999999996
7180.0,0.34698,0.32471,0.33114,0.33182,0.32385,0.32788
7181.0,0.20152,0.32445,0.33093,0.33161,0.32354,0.3276325
7182.0,0.15154,0.32422,0.33075,0.33142,0.32326,0.3274125
7183.0,0.2545,0.32399,0.3306,0.33124,0.32296,0.32719750000000003
7184.0,0.42558,0.32379,0.33045,0.33105,0.32264,0.3269825
7185.0,0.57344,0.32364,0.33028,0.33083,0.32232,0.3267675
7186.0,0.5966,0.32347,0.3301,0.33063,0.32203,0.3265575
7187.0,0.49487,0.32335,0.32992,0.33047,0.32186,0.3264
7188.0,0.31774,0.32326,0.32976,0.33037,0.32181,0.3263
7189.0,0.24419,0.32314,0.32967,0.33037,0.32192,0.326275
7190.0,0.26078,0.32307,0.32966,0.33043,0.32216,0.32633
7191.0,0.33276,0.32301,0.32971,0.33055,0.32245,0.32643
7192.0,0.42173,0.32292,0.32981,0.3307,0.32273,0.32654
7193.0,0.49919,0.32286,0.32992,0.33083,0.32294,0.32663749999999997
7194.0,0.51243,0.32281,0.33001,0.33091,0.32306,0.3266975
7195.0,0.46552,0.32272,0.33007,0.33093,0.32307,0.3266975
7196.0,0.37314,0.32265,0.33007,0.3309,0.32297,0.3266475
7197.0,0.31593,0.32258,0.33001,0.33082,0.32278,0.3265475
7198.0,0.30349,0.32247,0.3299,0.3307,0.32252,0.3263975
7199.0,0.29717,0.32239,0.32977,0.33054,0.32224,0.32623500000000005
7200.0,0.28895,0.32232,0.32961,0.33034,0.32192,0.3260475
7201.0,0.27866,0.32223,0.32942,0.33014,0.32155,0.325835
7202.0,0.31164,0.32219,0.32921,0.32991,0.32117,0.32561999999999997
7203.0,0.37585,0.32215,0.32896,0.32966,0.32077,0.325385
7204.0,0.40836,0.32213,0.32873,0.32941,0.32041,0.32516999999999996
7205.0,0.39183,0.32217,0.32849,0.32916,0.32015,0.3249925
7206.0,0.3252,0.32221,0.32828,0.32899,0.32,0.32487
7207.0,0.29489,0.3223,0.32813,0.32892,0.32005,0.32484999999999997
7208.0,0.29712,0.32246,0.32805,0.32894,0.3203,0.3249375
7209.0,0.27284,0.3226,0.32808,0.32908,0.32072,0.32511999999999996
7210.0,0.2511,0.3228,0.32821,0.32929,0.32128,0.325395
7211.0,0.25369,0.32305,0.32839,0.32954,0.32187,0.32571249999999996
7212.0,0.27372,0.32328,0.32863,0.32982,0.32248,0.32605249999999997
7213.0,0.30628,0.32356,0.32887,0.33007,0.32304,0.32638500000000004
7214.0,0.34332,0.32387,0.3291,0.33029,0.32353,0.3266975
7215.0,0.36383,0.32415,0.32929,0.33048,0.32395,0.3269675
7216.0,0.35133,0.32445,0.32946,0.33062,0.32431,0.32721
7217.0,0.28576,0.32478,0.32959,0.33073,0.32461,0.32742750000000004
7218.0,0.24218,0.32506,0.32969,0.33081,0.32485,0.3276025
7219.0,0.38841,0.32536,0.32977,0.33087,0.32506,0.327765
7220.0,0.41136,0.32566,0.32983,0.33092,0.32525,0.327915
7221.0,0.18366,0.32592,0.32987,0.33096,0.32545,0.32805
7222.0,0.23083,0.32617,0.32992,0.33101,0.32566,0.32819000000000004
7223.0,0.50249,0.32643,0.32996,0.33109,0.3259,0.328345
7224.0,0.67974,0.32665,0.33002,0.33118,0.32617,0.328505
7225.0,0.6143,0.32685,0.33009,0.3313,0.32647,0.3286775
7226.0,0.29645,0.32703,0.33018,0.33143,0.32678,0.328855
7227.0,0.22779,0.3272,0.33028,0.33157,0.3271,0.3290375
7228.0,0.34743,0.32732,0.33039,0.33171,0.32739,0.3292025
7229.0,0.34585,0.32742,0.3305,0.33185,0.32767,0.32936
7230.0,0.3118,0.32751,0.33059,0.33196,0.32788,0.329485
7231.0,0.30115,0.32755,0.33068,0.33204,0.32801,0.32957000000000003
7232.0,0.3024,0.32756,0.33073,0.33206,0.32804,0.3295975
7233.0,0.31349,0.32757,0.33075,0.33202,0.32796,0.329575
7234.0,0.33445,0.32754,0.3307,0.33192,0.32776,0.32948
7235.0,0.36234,0.32747,0.33061,0.33176,0.32747,0.3293275
7236.0,0.39271,0.32742,0.33046,0.33157,0.32713,0.32914499999999997
7237.0,0.40794,0.32735,0.33028,0.33134,0.32676,0.32893249999999996
7238.0,0.37964,0.32723,0.33008,0.33111,0.3264,0.328705
7239.0,0.26099,0.32717,0.32989,0.33089,0.32608,0.3285075
7240.0,0.19086,0.32708,0.32969,0.3307,0.3258,0.3283175
7241.0,0.23142,0.32697,0.32952,0.33053,0.32558,0.32815
7242.0,0.26139,0.32692,0.32938,0.33039,0.32547,0.32804
7243.0,0.2641,0.32687,0.32926,0.33029,0.3254,0.327955
7244.0,0.25035,0.32678,0.32919,0.33023,0.3254,0.32789999999999997
7245.0,0.26732,0.32677,0.32914,0.3302,0.32544,0.3278875
7246.0,0.34147,0.32677,0.32911,0.33018,0.32547,0.32788249999999997
7247.0,0.46704,0.32673,0.32911,0.33017,0.3255,0.32787750000000004
7248.0,0.56674,0.32676,0.32909,0.33014,0.32552,0.3278775
7249.0,0.49071,0.3268,0.32907,0.33011,0.32555,0.32788249999999997
7250.0,0.37277,0.32681,0.32905,0.3301,0.3256,0.32789
7251.0,0.29667,0.32687,0.32902,0.33012,0.32571,0.32793
7252.0,0.27481,0.32693,0.32902,0.33016,0.32589,0.328
7253.0,0.29425,0.32699,0.32904,0.33022,0.32609,0.328085
7254.0,0.32358,0.32706,0.32908,0.33029,0.32628,0.3281775
7255.0,0.34532,0.32715,0.32911,0.33034,0.3264,0.32825000000000004
7256.0,0.35203,0.32724,0.32912,0.33033,0.32643,0.32828
7257.0,0.36233,0.32733,0.32909,0.33026,0.32636,0.32826
7258.0,0.37264,0.32743,0.329,0.33015,0.32623,0.3282025
7259.0,0.36733,0.32756,0.32887,0.33001,0.32614,0.328145
7260.0,0.32579,0.32764,0.32872,0.3299,0.32611,0.3280925
7261.0,0.24979,0.32775,0.32861,0.32988,0.32624,0.32811999999999997
7262.0,0.24837,0.32789,0.32855,0.32992,0.32652,0.32822
7263.0,0.31485,0.32796,0.32858,0.33006,0.3269,0.328375
7264.0,0.38415,0.32805,0.32868,0.33024,0.32735,0.32858
7265.0,0.41236,0.32817,0.32882,0.33043,0.32776,0.328795
7266.0,0.38099,0.3282,0.32897,0.33059,0.32807,0.3289575
7267.0,0.36772,0.32823,0.3291,0.33068,0.32825,0.329065
7268.0,0.36573,0.32828,0.32917,0.3307,0.3283,0.32911250000000003
7269.0,0.31882,0.32824,0.32917,0.33066,0.32824,0.3290775
7270.0,0.27852,0.32818,0.32912,0.33057,0.32812,0.3289975
7271.0,0.28074,0.32812,0.32904,0.33047,0.32798,0.3289025
7272.0,0.296,0.32798,0.32894,0.33036,0.32784,0.32877999999999996
7273.0,0.31462,0.32781,0.32884,0.33026,0.32771,0.328655
7274.0,0.32958,0.32764,0.32874,0.33016,0.32755,0.3285225
7275.0,0.36328,0.3274,0.32864,0.33005,0.32735,0.32836
7276.0,0.4359,0.32713,0.32851,0.32989,0.32708,0.3281525
7277.0,0.56935,0.32687,0.32834,0.32968,0.32669,0.327895
7278.0,0.67591,0.32656,0.32812,0.32941,0.32619,0.32757000000000003
7279.0,0.49474,0.32624,0.32784,0.32907,0.3256,0.32718749999999996
7280.0,0.28957,0.32596,0.3275,0.32868,0.32495,0.3267725
7281.0,0.29051,0.32565,0.32713,0.32828,0.32427,0.32633249999999997
7282.0,0.33919,0.32537,0.32675,0.32788,0.3236,0.32589999999999997
7283.0,0.38111,0.32519,0.32637,0.32748,0.32296,0.3255
7284.0,0.38589,0.32498,0.32603,0.32712,0.32233,0.325115
7285.0,0.36981,0.32484,0.32572,0.32678,0.32174,0.32477
7286.0,0.351,0.32488,0.32543,0.32646,0.32123,0.3245
7287.0,0.3301,0.32486,0.32518,0.32617,0.32079,0.32425000000000004
7288.0,0.31639,0.32497,0.32497,0.32598,0.3205,0.324105
7289.0,0.34109,0.32531,0.3248,0.32586,0.32043,0.3241
7290.0,0.35709,0.32556,0.32472,0.32586,0.3206,0.324185
7291.0,0.31306,0.326,0.32476,0.32601,0.32107,0.32446
7292.0,0.28195,0.32665,0.32491,0.32629,0.32181,0.32491499999999995
7293.0,0.28043,0.32716,0.32518,0.3267,0.32276,0.32545
7294.0,0.27284,0.32793,0.32558,0.3272,0.32397,0.32616999999999996
7295.0,0.2505,0.32881,0.32603,0.32772,0.32527,0.3269575
7296.0,0.21065,0.32951,0.32654,0.32831,0.32666,0.327755
7297.0,0.23176,0.33054,0.3271,0.32888,0.32827,0.32869750000000003
7298.0,0.3182,0.33148,0.32764,0.32946,0.32977,0.3295875
7299.0,0.3471,0.33228,0.32827,0.33018,0.33138,0.3305275
7300.0,0.31591,0.33343,0.32892,0.3308,0.33299,0.331535
7301.0,0.24593,0.33428,0.3296,0.33154,0.33432,0.332435
7302.0,0.22218,0.33506,0.33043,0.33231,0.33562,0.333355
7303.0,0.26855,0.33616,0.33117,0.33296,0.33656,0.33421249999999997
7304.0,0.30316,0.33685,0.3319,0.33359,0.33724,0.334895
7305.0,0.30899,0.33753,0.33261,0.33407,0.33779,0.3355
7306.0,0.28034,0.33847,0.33311,0.33442,0.33809,0.3360225
7307.0,0.34992,0.33897,0.33351,0.33472,0.33835,0.3363875
7308.0,0.53741,0.33953,0.33383,0.33497,0.33862,0.33673749999999997
7309.0,0.51186,0.34023,0.33405,0.33518,0.33893,0.3370975
7310.0,0.35271,0.34061,0.33424,0.33543,0.33929,0.3373925
7311.0,0.33974,0.34103,0.33445,0.33572,0.33969,0.33772250000000004
7312.0,0.34479,0.34151,0.33464,0.33599,0.34011,0.33806250000000004
7313.0,0.28881,0.34179,0.33484,0.3363,0.34051,0.33836
7314.0,0.23684,0.34207,0.33509,0.33663,0.3409,0.3386725
7315.0,0.22656,0.3424,0.33535,0.33698,0.34126,0.33899749999999995
7316.0,0.31541,0.34258,0.33568,0.33742,0.34156,0.33931
7317.0,0.4216,0.34277,0.33615,0.33794,0.34184,0.33967499999999995
7318.0,0.48565,0.34299,0.33667,0.33845,0.34203,0.34003500000000003
7319.0,0.56417,0.3431,0.33726,0.339,0.34209,0.3403625
7320.0,0.62648,0.34322,0.33787,0.33946,0.34204,0.3406475
7321.0,0.54033,0.34339,0.33835,0.33975,0.34183,0.34083
7322.0,0.39929,0.34346,0.33871,0.33993,0.34149,0.3408975
7323.0,0.3019,0.34359,0.33892,0.33992,0.34111,0.340885
7324.0,0.26673,0.34375,0.3389,0.33977,0.34072,0.340785
7325.0,0.2887,0.34385,0.33878,0.3396,0.34043,0.340665
7326.0,0.32864,0.34402,0.33859,0.33941,0.34031,0.3405825
7327.0,0.37593,0.34422,0.33836,0.33925,0.34038,0.34055250000000004
7328.0,0.4244,0.34437,0.3382,0.33921,0.34066,0.34061
7329.0,0.52238,0.34459,0.33814,0.33927,0.34113,0.3407825
7330.0,0.64708,0.34481,0.33815,0.33945,0.34175,0.34104
7331.0,0.61442,0.345,0.33832,0.33978,0.34247,0.3413925
7332.0,0.48153,0.34523,0.33863,0.34022,0.34323,0.34182749999999995
7333.0,0.36862,0.34543,0.33904,0.34075,0.344,0.34230499999999997
7334.0,0.31512,0.34559,0.33957,0.34134,0.34469,0.3427975
7335.0,0.33115,0.34575,0.34014,0.3419,0.34527,0.343265
7336.0,0.37001,0.34587,0.3407,0.34238,0.34569,0.34366
7337.0,0.3961,0.34593,0.34117,0.34272,0.3459,0.34392999999999996
7338.0,0.35667,0.34596,0.34149,0.34287,0.34592,0.34406000000000003
7339.0,0.30042,0.34593,0.34163,0.34283,0.34573,0.34402999999999995
7340.0,0.26264,0.34585,0.34157,0.34261,0.34537,0.34385
7341.0,0.28091,0.34574,0.34131,0.34223,0.34489,0.3435425
7342.0,0.33103,0.34556,0.34093,0.34178,0.34435,0.343155
7343.0,0.33645,0.34535,0.34047,0.34129,0.34381,0.34273
7344.0,0.32932,0.34511,0.33998,0.34081,0.34331,0.3423025
7345.0,0.338,0.34483,0.33952,0.3404,0.34286,0.3419025
7346.0,0.3702,0.34453,0.33913,0.34003,0.34247,0.34154
7347.0,0.39175,0.34423,0.33878,0.33972,0.34211,0.34121
7348.0,0.29129,0.34389,0.3385,0.33947,0.34174,0.3409
7349.0,0.2051,0.34358,0.33826,0.33921,0.34134,0.3405975
7350.0,0.27215,0.34329,0.33799,0.33894,0.34087,0.34027250000000003
7351.0,0.32739,0.34298,0.33773,0.33866,0.34037,0.339935
7352.0,0.32488,0.34272,0.33741,0.33833,0.33985,0.33957750000000003
7353.0,0.3097,0.34249,0.33704,0.33797,0.33934,0.33921
7354.0,0.29557,0.34228,0.33666,0.33761,0.33889,0.33886000000000005
7355.0,0.29462,0.34213,0.33626,0.33728,0.33852,0.3385475
7356.0,0.29684,0.34202,0.33588,0.33699,0.33827,0.33829
7357.0,0.29556,0.34193,0.33555,0.33676,0.33814,0.33809500000000003
7358.0,0.27944,0.34192,0.3353,0.3366,0.33812,0.337985
7359.0,0.26778,0.34196,0.33511,0.33651,0.3382,0.33794500000000005
7360.0,0.29863,0.34201,0.33501,0.33649,0.33835,0.33796499999999996
7361.0,0.32751,0.34213,0.33499,0.33654,0.3386,0.338065
7362.0,0.32969,0.34231,0.33505,0.33663,0.3389,0.3382225
7363.0,0.32397,0.34248,0.33517,0.3368,0.33928,0.3384325
7364.0,0.31402,0.34271,0.33537,0.33702,0.33973,0.33870749999999994
7365.0,0.29916,0.34296,0.33563,0.33728,0.34023,0.339025
7366.0,0.28311,0.34317,0.33595,0.33759,0.34077,0.33937
7367.0,0.27091,0.34344,0.33633,0.33795,0.34134,0.339765
7368.0,0.28609,0.34369,0.33672,0.33832,0.34189,0.340155
7369.0,0.31177,0.34386,0.33713,0.33871,0.34241,0.3405275
7370.0,0.26943,0.34408,0.33754,0.33906,0.34288,0.34089
7371.0,0.25362,0.34423,0.3379,0.33937,0.34327,0.34119249999999995
7372.0,0.3719,0.3443,0.3382,0.33963,0.34359,0.34143
7373.0,0.44672,0.34439,0.33843,0.33979,0.34382,0.3416075
7374.0,0.42479,0.34438,0.33857,0.33988,0.34395,0.34169499999999997
7375.0,0.37886,0.3443,0.33864,0.33989,0.344,0.34170749999999994
7376.0,0.35677,0.34424,0.3386,0.33979,0.34392,0.3416375
7377.0,0.4187,0.34406,0.33848,0.33961,0.3437,0.3414625
7378.0,0.45291,0.34383,0.33828,0.33935,0.34333,0.34119750000000004
7379.0,0.4121,0.34362,0.338,0.33898,0.34279,0.34084749999999997
7380.0,0.38263,0.34332,0.33763,0.33854,0.34207,0.34038999999999997
7381.0,0.35566,0.34301,0.33721,0.33803,0.34123,0.33987
7382.0,0.27546,0.34273,0.33673,0.33747,0.3403,0.3393075
7383.0,0.22349,0.34239,0.33621,0.3369,0.33934,0.33871
7384.0,0.25715,0.34209,0.33571,0.33637,0.33846,0.3381575
7385.0,0.31787,0.34182,0.33523,0.33589,0.3377,0.33765999999999996
7386.0,0.36851,0.34153,0.33482,0.33551,0.33714,0.33725
7387.0,0.34085,0.3413,0.3345,0.33526,0.3368,0.336965
7388.0,0.27024,0.34112,0.33429,0.33513,0.33669,0.3368075
7389.0,0.20584,0.34093,0.33419,0.33514,0.33679,0.33676249999999996
7390.0,0.22805,0.3408,0.33421,0.33527,0.33706,0.336835
7391.0,0.32898,0.34069,0.33433,0.33549,0.33743,0.336985
7392.0,0.33261,0.3406,0.33452,0.33576,0.33786,0.337185
7393.0,0.28,0.34055,0.33476,0.33605,0.33826,0.337405
7394.0,0.27332,0.34048,0.33501,0.33633,0.3386,0.337605
7395.0,0.29974,0.34043,0.33524,0.33655,0.33884,0.33776500000000004
7396.0,0.34318,0.34037,0.33543,0.3367,0.33895,0.33786249999999995
7397.0,0.34547,0.34029,0.33555,0.33677,0.33895,0.33789
7398.0,0.30562,0.34021,0.3356,0.33675,0.33886,0.337855
7399.0,0.24786,0.3401,0.33558,0.33665,0.33869,0.33775499999999997
7400.0,0.23476,0.33999,0.33549,0.33649,0.33849,0.337615
7401.0,0.30692,0.33984,0.33535,0.33627,0.33826,0.33743
7402.0,0.36154,0.33966,0.33516,0.33601,0.33799,0.337205
7403.0,0.37603,0.3395,0.33492,0.33571,0.33769,0.336955
7404.0,0.37467,0.33929,0.33466,0.33538,0.33734,0.3366675
7405.0,0.36825,0.33909,0.33436,0.33504,0.33693,0.336355
7406.0,0.36748,0.33889,0.33404,0.33468,0.33648,0.3360225
7407.0,0.36755,0.33868,0.3337,0.33433,0.33602,0.3356825
7408.0,0.36394,0.33849,0.33337,0.33399,0.33557,0.335355
7409.0,0.34371,0.3383,0.33306,0.3337,0.33517,0.33505749999999995
7410.0,0.30962,0.33813,0.33278,0.33346,0.33484,0.3348025
7411.0,0.27106,0.338,0.33254,0.33325,0.3346,0.3345975
7412.0,0.27887,0.33787,0.33235,0.33312,0.33444,0.33444500000000005
7413.0,0.35151,0.33779,0.33221,0.33304,0.33437,0.3343525
7414.0,0.37009,0.33777,0.33211,0.33298,0.33434,0.33430000000000004
7415.0,0.32847,0.33773,0.33204,0.33296,0.33435,0.33426999999999996
7416.0,0.28672,0.33777,0.33201,0.33295,0.33437,0.33427500000000004
7417.0,0.28171,0.33786,0.33198,0.33292,0.33438,0.33428499999999994
7418.0,0.33968,0.33795,0.33195,0.33289,0.3344,0.3342975
7419.0,0.34575,0.33811,0.33191,0.33285,0.33445,0.33433
7420.0,0.28601,0.33829,0.33188,0.33284,0.33457,0.334395
7421.0,0.27682,0.33849,0.33188,0.33288,0.3348,0.3345125
7422.0,0.31227,0.33874,0.33191,0.33301,0.33519,0.33471249999999997
7423.0,0.3603,0.33896,0.33203,0.33324,0.33573,0.33499
7424.0,0.3651,0.33922,0.33223,0.33356,0.33639,0.33535000000000004
7425.0,0.31018,0.33947,0.3325,0.33396,0.33714,0.3357675
7426.0,0.2929,0.3397,0.33286,0.3344,0.3379,0.33621500000000004
7427.0,0.34062,0.33992,0.33323,0.33483,0.33861,0.33664750000000004
7428.0,0.4734,0.34011,0.3336,0.33522,0.33922,0.33703750000000005
7429.0,0.54439,0.34025,0.33393,0.33553,0.33968,0.3373475
7430.0,0.43795,0.34039,0.33418,0.33573,0.33997,0.3375675
7431.0,0.31747,0.34044,0.33435,0.33584,0.34009,0.33768
7432.0,0.24052,0.34047,0.33444,0.33585,0.34005,0.33770249999999996
7433.0,0.23107,0.34048,0.33443,0.33575,0.33985,0.3376275
7434.0,0.25777,0.34038,0.33433,0.33558,0.33953,0.33745499999999995
7435.0,0.27251,0.3403,0.33417,0.33533,0.33911,0.3372275
7436.0,0.28077,0.3402,0.33391,0.335,0.3386,0.3369275
7437.0,0.28709,0.34002,0.33361,0.33464,0.33803,0.336575
7438.0,0.30178,0.33989,0.33327,0.33423,0.33743,0.336205
7439.0,0.30852,0.33974,0.33289,0.33382,0.33681,0.33581500000000003
7440.0,0.2658,0.33957,0.33253,0.33344,0.33623,0.3354425
7441.0,0.23245,0.33946,0.33218,0.33308,0.3357,0.335105
7442.0,0.25258,0.33934,0.33188,0.33281,0.33525,0.33482
7443.0,0.26708,0.33923,0.33167,0.33263,0.33496,0.3346225
7444.0,0.26384,0.3392,0.33155,0.33257,0.33483,0.3345375
7445.0,0.26334,0.33914,0.33155,0.33263,0.3349,0.334555
7446.0,0.26983,0.33911,0.33166,0.33284,0.33516,0.33469250000000006
7447.0,0.28625,0.33915,0.33187,0.33315,0.33559,0.33494
7448.0,0.30585,0.33915,0.33217,0.33354,0.33614,0.33525000000000005
7449.0,0.32451,0.33917,0.33254,0.33398,0.33675,0.33560999999999996
7450.0,0.33689,0.33922,0.33293,0.33442,0.33735,0.33598
7451.0,0.33543,0.33923,0.33329,0.33481,0.33786,0.3362975
7452.0,0.30508,0.33925,0.33361,0.33511,0.33824,0.33655250000000003
7453.0,0.28144,0.33927,0.33383,0.33528,0.33842,0.3367
7454.0,0.29102,0.33924,0.33393,0.3353,0.3384,0.3367175
7455.0,0.29704,0.33922,0.33391,0.33515,0.33816,0.33661
7456.0,0.29003,0.33918,0.33374,0.33486,0.33773,0.3363775
7457.0,0.27642,0.33911,0.33345,0.33444,0.33717,0.3360425
7458.0,0.26598,0.33907,0.33305,0.33393,0.33652,0.3356425
7459.0,0.2714,0.33899,0.33258,0.33341,0.33589,0.3352175
7460.0,0.27894,0.33892,0.3321,0.33292,0.33536,0.33482500000000004
7461.0,0.28618,0.33888,0.33165,0.33252,0.33499,0.33451
7462.0,0.32458,0.3388,0.33129,0.33224,0.33482,0.33428749999999996
7463.0,0.36038,0.33876,0.33104,0.33211,0.33486,0.3341925
7464.0,0.29706,0.33876,0.33091,0.3321,0.33506,0.3342075
7465.0,0.23045,0.33872,0.33089,0.3322,0.33537,0.334295
7466.0,0.24489,0.33875,0.33096,0.33236,0.33574,0.3344525
7467.0,0.28682,0.33878,0.33108,0.33256,0.33608,0.334625
7468.0,0.32379,0.33878,0.33122,0.33274,0.33637,0.3347775
7469.0,0.29368,0.33885,0.33135,0.3329,0.33659,0.33492249999999996
7470.0,0.25172,0.33889,0.33147,0.33303,0.33673,0.33503
7471.0,0.29454,0.33891,0.33156,0.33311,0.3368,0.335095
7472.0,0.31113,0.33897,0.33162,0.33316,0.33683,0.335145
7473.0,0.25382,0.33899,0.33166,0.33319,0.33682,0.33516499999999994
7474.0,0.24782,0.339,0.33169,0.33319,0.3368,0.33517
7475.0,0.29884,0.33902,0.33169,0.33318,0.33677,0.335165
7476.0,0.34856,0.33899,0.33169,0.33317,0.33674,0.3351475
7477.0,0.3792,0.33895,0.33168,0.33315,0.33673,0.33512749999999997
7478.0,0.37669,0.33891,0.33166,0.33314,0.33672,0.3351075
7479.0,0.35615,0.33881,0.33164,0.33315,0.33672,0.33508000000000004
7480.0,0.32743,0.33871,0.33163,0.33317,0.33674,0.3350625
7481.0,0.31097,0.33858,0.33162,0.33319,0.33674,0.3350325
7482.0,0.30409,0.33841,0.33161,0.3332,0.33672,0.334985
7483.0,0.29656,0.33825,0.33159,0.33317,0.33664,0.3349125
7484.0,0.2931,0.33804,0.33153,0.33309,0.33647,0.33478250000000004
7485.0,0.2967,0.33783,0.33143,0.33293,0.33618,0.33459249999999996
7486.0,0.30375,0.33764,0.33126,0.33267,0.33575,0.33433
7487.0,0.3125,0.33739,0.331,0.3323,0.33519,0.33397
7488.0,0.32032,0.33719,0.33065,0.33185,0.33451,0.33355
7489.0,0.32289,0.33699,0.33022,0.33133,0.33378,0.33308000000000004
7490.0,0.31457,0.33678,0.32974,0.33079,0.33306,0.33259249999999996
7491.0,0.28563,0.33663,0.32923,0.33027,0.33242,0.3321375
7492.0,0.23788,0.33646,0.32875,0.32984,0.33195,0.33175
7493.0,0.21206,0.33633,0.32834,0.32951,0.33172,0.331475
7494.0,0.20942,0.33626,0.32802,0.32932,0.33172,0.33133
7495.0,0.21573,0.33614,0.32784,0.32929,0.33196,0.33130750000000003
7496.0,0.25299,0.3361,0.32779,0.32938,0.33241,0.33142000000000005
7497.0,0.33454,0.33608,0.32786,0.32957,0.33296,0.33161749999999995
7498.0,0.3614,0.33602,0.32802,0.32982,0.33356,0.331855
7499.0,0.30671,0.33606,0.32825,0.33009,0.33409,0.3321225
7500.0,0.19906,0.33603,0.32849,0.33033,0.33449,0.332335
7501.0,0.1948,0.33602,0.32872,0.33051,0.3347,0.3324875
7502.0,0.54879,0.33606,0.32891,0.33061,0.33469,0.3325675
7503.0,0.70459,0.33603,0.32902,0.33062,0.33448,0.3325375
7504.0,0.38306,0.33605,0.32906,0.33054,0.33411,0.33244000000000007
7505.0,0.24469,0.33607,0.32903,0.3304,0.33362,0.33228
7506.0,0.35048,0.33603,0.32894,0.33021,0.33312,0.332075
7507.0,0.37977,0.33607,0.32882,0.33003,0.33265,0.33189250000000003
7508.0,0.2911,0.33607,0.3287,0.32989,0.33231,0.3317425
7509.0,0.06894,0.33608,0.32863,0.32982,0.33215,0.33166999999999996
7510.0,-0.10665,0.33614,0.32861,0.32985,0.33218,0.33169499999999996
7511.0,-0.13461,0.33614,0.32868,0.32999,0.3324,0.3318025
7512.0,0.09869,0.33618,0.32885,0.33022,0.33278,0.3320075
7513.0,0.41816,0.33625,0.32908,0.33051,0.33325,0.3322725
7514.0,0.35524,0.33627,0.32936,0.33082,0.33375,0.33255
7515.0,0.20708,0.33633,0.32966,0.33111,0.33419,0.3328225
7516.0,0.2512,0.33638,0.32992,0.33135,0.33452,0.33304249999999996
7517.0,0.32339,0.33641,0.33013,0.33151,0.33471,0.33319
7518.0,0.36407,0.33647,0.33026,0.33157,0.33475,0.3332625
7519.0,0.36442,0.33649,0.33029,0.33154,0.33465,0.3332425
7520.0,0.35188,0.33649,0.33025,0.33144,0.33447,0.33316250000000003
7521.0,0.37869,0.33652,0.33014,0.33129,0.33423,0.33304500000000004
7522.0,0.40054,0.33651,0.32999,0.33112,0.33398,0.3329
7523.0,0.39063,0.3365,0.32983,0.33095,0.33374,0.332755
7524.0,0.395,0.33653,0.32966,0.33078,0.33352,0.33262250000000004
7525.0,0.4193,0.3365,0.32952,0.33064,0.33333,0.3324975
7526.0,0.43897,0.33651,0.32939,0.3305,0.33319,0.3323975
7527.0,0.45353,0.33653,0.32928,0.33038,0.33308,0.3323175
7528.0,0.4655,0.33653,0.3292,0.33029,0.33303,0.33226249999999996
7529.0,0.47668,0.33657,0.32914,0.33022,0.33305,0.332245
7530.0,0.49028,0.33659,0.3291,0.33018,0.33315,0.332255
7531.0,0.52361,0.33662,0.32908,0.33018,0.33334,0.33230499999999996
7532.0,0.58927,0.33667,0.32907,0.3302,0.3336,0.33238500000000004
7533.0,0.71281,0.3367,0.32907,0.33024,0.33389,0.33247499999999997
7534.0,0.72665,0.33675,0.32907,0.33029,0.33418,0.3325725
7535.0,0.45532,0.3368,0.32905,0.33032,0.33446,0.3326575
7536.0,0.2739,0.33681,0.32901,0.33033,0.33468,0.33270750000000004
7537.0,0.31383,0.33685,0.32895,0.33032,0.33483,0.33273749999999996
7538.0,0.39287,0.33685,0.32887,0.3303,0.33492,0.332735
7539.0,0.46001,0.33684,0.32879,0.33026,0.33494,0.3327075
7540.0,0.46728,0.33682,0.32871,0.33021,0.3349,0.33265999999999996
7541.0,0.44228,0.33674,0.32863,0.33016,0.3348,0.3325825
7542.0,0.41101,0.33671,0.32855,0.33009,0.33466,0.3325025
7543.0,0.36484,0.33662,0.32847,0.33,0.33449,0.332395
7544.0,0.31111,0.33648,0.32839,0.32989,0.3343,0.33226500000000003
7545.0,0.30024,0.3364,0.32828,0.32976,0.33409,0.3321325
7546.0,0.31387,0.33624,0.32816,0.32961,0.3339,0.33197750000000004
7547.0,0.30358,0.33608,0.32802,0.32942,0.33372,0.33181
7548.0,0.30291,0.33593,0.32783,0.32921,0.33351,0.33162
7549.0,0.33436,0.33571,0.32763,0.329,0.33331,0.3314125
7550.0,0.35895,0.33556,0.32741,0.32874,0.33308,0.33119750000000003
7551.0,0.35951,0.33537,0.32715,0.32845,0.33278,0.3309375
7552.0,0.3136,0.33513,0.32689,0.32818,0.33246,0.330665
7553.0,0.27083,0.33498,0.32662,0.32788,0.33212,0.33039999999999997
7554.0,0.31567,0.33478,0.32633,0.32758,0.33176,0.33011250000000003
7555.0,0.35464,0.33456,0.32606,0.32732,0.33143,0.32984250000000004
7556.0,0.33559,0.3344,0.32582,0.32709,0.33117,0.32962
7557.0,0.32907,0.3342,0.32561,0.32691,0.33099,0.3294275
7558.0,0.34414,0.33402,0.32545,0.3268,0.33089,0.32928999999999997
7559.0,0.34946,0.33386,0.32535,0.32672,0.33086,0.3291975
7560.0,0.33536,0.33369,0.32528,0.32668,0.33085,0.329125
7561.0,0.29242,0.33354,0.32524,0.32665,0.33084,0.32906749999999996
7562.0,0.24658,0.33341,0.32519,0.32659,0.33077,0.32899
7563.0,0.21901,0.33326,0.32513,0.32651,0.33062,0.32888000000000006
7564.0,0.26736,0.33314,0.32503,0.32637,0.33039,0.3287325
7565.0,0.36035,0.33303,0.32488,0.32619,0.33008,0.328545
7566.0,0.36223,0.33291,0.32469,0.32597,0.32974,0.3283275
7567.0,0.31693,0.33282,0.32447,0.32575,0.32943,0.32811749999999995
7568.0,0.29144,0.33275,0.32425,0.32554,0.32918,0.32793
7569.0,0.28019,0.33263,0.32405,0.32539,0.32906,0.3277825
7570.0,0.2797,0.33255,0.32391,0.32531,0.32907,0.32771
7571.0,0.2852,0.33248,0.32383,0.3253,0.32922,0.3277075
7572.0,0.29465,0.33235,0.32383,0.32536,0.32947,0.3277525
7573.0,0.30505,0.33226,0.32389,0.32547,0.32978,0.32785
7574.0,0.30844,0.33213,0.32399,0.3256,0.33007,0.3279475
7575.0,0.29723,0.33198,0.32411,0.32572,0.33031,0.32803000000000004
7576.0,0.30352,0.33185,0.3242,0.32578,0.33045,0.32807
7577.0,0.33455,0.33162,0.32426,0.32579,0.33046,0.3280325
7578.0,0.34452,0.33141,0.32426,0.32573,0.33033,0.3279325
7579.0,0.33511,0.33117,0.32418,0.32557,0.33006,0.32774500000000006
7580.0,0.33177,0.33087,0.32404,0.32533,0.32964,0.32747
7581.0,0.33357,0.33059,0.32382,0.32501,0.32908,0.327125
7582.0,0.33781,0.33025,0.32353,0.32461,0.32842,0.3267025
7583.0,0.3351,0.32991,0.32317,0.32416,0.32767,0.3262275
7584.0,0.32514,0.32958,0.32277,0.32369,0.32688,0.32573
7585.0,0.32998,0.3292,0.32232,0.32321,0.32611,0.32521
7586.0,0.34396,0.32885,0.32187,0.32277,0.32539,0.32472
7587.0,0.34445,0.32849,0.32143,0.32239,0.32476,0.3242675
7588.0,0.33443,0.32814,0.32103,0.32208,0.32426,0.3238775
7589.0,0.31801,0.32782,0.32067,0.32186,0.32388,0.3235575
7590.0,0.30002,0.32747,0.32039,0.32171,0.32362,0.3232975
7591.0,0.28226,0.3272,0.32017,0.32162,0.32346,0.3231125
7592.0,0.26418,0.3269,0.32,0.32157,0.32338,0.32296250000000004
7593.0,0.24932,0.32662,0.31989,0.32154,0.32334,0.3228475
7594.0,0.2461,0.3264,0.31981,0.32151,0.32331,0.3227575
7595.0,0.27277,0.32613,0.31976,0.32148,0.32328,0.32266249999999996
7596.0,0.34113,0.32593,0.31971,0.32142,0.32323,0.32257250000000004
7597.0,0.35104,0.3257,0.31966,0.32133,0.32312,0.3224525
7598.0,0.28587,0.32546,0.31959,0.32122,0.32297,0.32231
7599.0,0.27048,0.32531,0.3195,0.32106,0.32277,0.32216
7600.0,0.31169,0.32506,0.31937,0.32087,0.32249,0.3219475
7601.0,0.38042,0.32488,0.31921,0.32065,0.32216,0.32172500000000004
7602.0,0.44179,0.32473,0.31903,0.32042,0.32183,0.3215025
7603.0,0.46372,0.3245,0.31882,0.32017,0.32149,0.321245
7604.0,0.43492,0.32436,0.31859,0.31993,0.32118,0.321015
7605.0,0.36047,0.32413,0.31839,0.31973,0.32095,0.32080000000000003
7606.0,0.29347,0.32394,0.3182,0.31956,0.32079,0.32062250000000003
7607.0,0.24519,0.32382,0.31804,0.31944,0.3207,0.3205
7608.0,0.22248,0.32361,0.31793,0.31936,0.3207,0.3204
7609.0,0.24156,0.32345,0.31786,0.3193,0.32073,0.320335
7610.0,0.31286,0.32331,0.31781,0.31925,0.32074,0.3202775
7611.0,0.34127,0.3231,0.31778,0.3192,0.32073,0.3202025
7612.0,0.30544,0.32296,0.31774,0.31911,0.32062,0.3201075
7613.0,0.29907,0.32281,0.31766,0.31897,0.32038,0.319955
7614.0,0.36078,0.32262,0.31755,0.31878,0.32005,0.31975
7615.0,0.54705,0.32253,0.31738,0.31852,0.31962,0.3195125
7616.0,0.69422,0.32239,0.31715,0.31823,0.31916,0.31923250000000003
7617.0,0.64574,0.32222,0.3169,0.31795,0.31874,0.3189525
7618.0,0.57641,0.32215,0.31665,0.31771,0.31843,0.318735
7619.0,0.55422,0.32198,0.31644,0.31755,0.31829,0.318565
7620.0,0.55624,0.32186,0.31631,0.31749,0.31834,0.3185
7621.0,0.55768,0.32177,0.31627,0.31753,0.31853,0.31852499999999995
7622.0,0.5059,0.32161,0.31631,0.31765,0.31882,0.3185975
7623.0,0.41792,0.32153,0.31641,0.3178,0.31914,0.31872
7624.0,0.31653,0.32138,0.31653,0.31794,0.31937,0.318805
7625.0,0.2551,0.32124,0.31662,0.31802,0.31944,0.31883
7626.0,0.25424,0.32114,0.31666,0.31801,0.31936,0.3187925
7627.0,0.2958,0.32099,0.3166,0.31789,0.31908,0.31864
7628.0,0.3557,0.32085,0.31643,0.31767,0.31864,0.3183975
7629.0,0.3775,0.32072,0.31619,0.31739,0.31815,0.3181125
7630.0,0.36476,0.32058,0.3159,0.31708,0.31765,0.3178025
7631.0,0.32606,0.32043,0.31557,0.31678,0.31719,0.3174925
7632.0,0.28683,0.32028,0.31528,0.31653,0.31683,0.31723
7633.0,0.26102,0.32014,0.31502,0.31632,0.31658,0.31701499999999994
7634.0,0.26268,0.32002,0.31482,0.31618,0.31641,0.3168575
7635.0,0.28961,0.31995,0.31467,0.3161,0.31634,0.316765
7636.0,0.32658,0.31977,0.31457,0.31604,0.31633,0.3166775
7637.0,0.34625,0.31967,0.31448,0.31602,0.31632,0.3166225
7638.0,0.31625,0.31959,0.31443,0.31602,0.31637,0.3166025
7639.0,0.30746,0.31943,0.31441,0.31603,0.31648,0.3165875
7640.0,0.34629,0.31933,0.31436,0.31604,0.31657,0.316575
7641.0,0.33557,0.31912,0.31436,0.31609,0.31668,0.3165625
7642.0,0.27809,0.31894,0.31438,0.31615,0.31683,0.316575
7643.0,0.25876,0.31883,0.31438,0.31619,0.31698,0.316595
7644.0,0.27626,0.31845,0.31439,0.31622,0.31705,0.3165275
7645.0,0.31763,0.31817,0.3144,0.31623,0.31705,0.31646250000000004
7646.0,0.33385,0.31785,0.31439,0.31619,0.317,0.3163575
7647.0,0.29878,0.31733,0.31432,0.31607,0.31679,0.3161275
7648.0,0.24806,0.31693,0.3142,0.31589,0.31644,0.315865
7649.0,0.21269,0.3163,0.31404,0.31564,0.316,0.315495
7650.0,0.27661,0.31558,0.31379,0.31528,0.31541,0.315015
7651.0,0.42279,0.31499,0.31347,0.31486,0.31465,0.31449249999999995
7652.0,0.60661,0.3141,0.31311,0.31438,0.31383,0.313855
7653.0,0.70288,0.31324,0.31266,0.3138,0.31287,0.3131425
7654.0,0.62902,0.31243,0.31214,0.31316,0.31175,0.31237
7655.0,0.4578,0.31136,0.31157,0.31247,0.31051,0.3114775
7656.0,0.24513,0.31049,0.31093,0.31166,0.30912,0.31055
7657.0,0.14518,0.30958,0.31019,0.31076,0.30752,0.3095125
7658.0,0.15802,0.3085,0.30938,0.30979,0.30575,0.308355
7659.0,0.24425,0.30773,0.30846,0.3087,0.3038,0.3071725
7660.0,0.31571,0.30683,0.30743,0.30751,0.30172,0.3058725
7661.0,0.30362,0.30598,0.30632,0.30629,0.29961,0.30455
7662.0,0.30817,0.30552,0.30515,0.30509,0.2976,0.30334
7663.0,0.35406,0.30486,0.304,0.304,0.29593,0.3021975
7664.0,0.36863,0.30451,0.30294,0.30312,0.29471,0.30132000000000003
7665.0,0.34472,0.30434,0.30208,0.30256,0.29412,0.30077499999999996
7666.0,0.29298,0.30407,0.30154,0.3024,0.29426,0.3005675
7667.0,0.24978,0.30417,0.30134,0.30263,0.29508,0.300805
7668.0,0.25292,0.30424,0.30151,0.30323,0.29645,0.3013575
7669.0,0.28674,0.30439,0.30204,0.30416,0.29822,0.3022025
7670.0,0.33825,0.30487,0.30283,0.30523,0.30017,0.30327499999999996
7671.0,0.36477,0.30521,0.30375,0.30632,0.30204,0.30433
7672.0,0.36399,0.30572,0.3047,0.30736,0.3037,0.30537000000000003
7673.0,0.35493,0.30624,0.3056,0.30823,0.30508,0.3062875
7674.0,0.36166,0.30669,0.30635,0.3089,0.30612,0.307015
7675.0,0.41404,0.30722,0.30693,0.30939,0.30686,0.3076
7676.0,0.4584,0.30767,0.30735,0.30971,0.30735,0.30802
7677.0,0.46015,0.30811,0.30763,0.30989,0.30766,0.3083225
7678.0,0.38133,0.30854,0.30779,0.30998,0.30784,0.3085375
7679.0,0.25181,0.30886,0.30788,0.31001,0.30795,0.30867500000000003
7680.0,0.22479,0.30913,0.30792,0.31001,0.30802,0.30877000000000004
7681.0,0.28742,0.30933,0.30793,0.30998,0.30806,0.30882499999999996
7682.0,0.39,0.30947,0.30792,0.30994,0.30809,0.308855
7683.0,0.42801,0.30951,0.30789,0.3099,0.30811,0.3088525
7684.0,0.3337,0.30951,0.30786,0.30985,0.3081,0.30883
7685.0,0.23523,0.30944,0.30782,0.30979,0.30806,0.3087775
7686.0,0.17969,0.30929,0.30776,0.30971,0.30798,0.308685
7687.0,0.19018,0.3091,0.30769,0.30959,0.30785,0.3085575
7688.0,0.24213,0.30883,0.30758,0.30946,0.30764,0.30837749999999997
7689.0,0.27241,0.30853,0.30745,0.30928,0.30735,0.3081525
7690.0,0.26579,0.30822,0.30728,0.30904,0.30696,0.307875
7691.0,0.21197,0.30784,0.30706,0.30875,0.30644,0.30752250000000003
7692.0,0.17108,0.30745,0.30678,0.30838,0.30577,0.307095
7693.0,0.18307,0.30707,0.30643,0.30792,0.30494,0.30659
7694.0,0.34528,0.30662,0.30599,0.30735,0.30394,0.305975
7695.0,0.59071,0.30624,0.30545,0.3067,0.3028,0.3052975
7696.0,0.66,0.30587,0.30482,0.30599,0.30161,0.30457249999999997
7697.0,0.56996,0.30552,0.30414,0.30527,0.30047,0.30385
7698.0,0.37058,0.30529,0.30344,0.30461,0.29951,0.3032125
7699.0,0.22471,0.30498,0.30281,0.30408,0.29886,0.3026825
7700.0,0.21723,0.30477,0.30231,0.30376,0.29858,0.30235500000000004
7701.0,0.23528,0.30463,0.30201,0.30368,0.29871,0.3022575
7702.0,0.2493,0.30444,0.30194,0.30382,0.29921,0.30235249999999997
7703.0,0.2629,0.30442,0.30206,0.30415,0.29993,0.30264
7704.0,0.27504,0.30436,0.30236,0.30459,0.30075,0.30301500000000003
7705.0,0.28305,0.30436,0.30275,0.30505,0.30152,0.30342
7706.0,0.28819,0.30448,0.30316,0.30543,0.30214,0.3038025
7707.0,0.29287,0.30446,0.3035,0.3057,0.30251,0.30404250000000005
7708.0,0.32137,0.30457,0.30374,0.30583,0.30265,0.3041975
7709.0,0.38163,0.30467,0.30385,0.30581,0.3026,0.3042325
7710.0,0.46688,0.30471,0.30384,0.30568,0.3024,0.30415749999999997
7711.0,0.53972,0.30489,0.30373,0.3055,0.30215,0.3040675
7712.0,0.50415,0.30496,0.30358,0.30531,0.30193,0.303945
7713.0,0.40968,0.30507,0.30343,0.30514,0.3018,0.30386
7714.0,0.32284,0.30524,0.30329,0.30504,0.30178,0.3038375
7715.0,0.26461,0.3053,0.30323,0.30502,0.30189,0.30386
7716.0,0.24463,0.30545,0.30323,0.30506,0.30212,0.303965
7717.0,0.2502,0.30558,0.30329,0.30515,0.30241,0.30410750000000003
7718.0,0.26642,0.30566,0.30341,0.30528,0.3027,0.3042625
7719.0,0.24842,0.30585,0.30354,0.3054,0.30296,0.3044375
7720.0,0.20703,0.30596,0.30367,0.3055,0.30315,0.30457
7721.0,0.16971,0.30609,0.30377,0.30556,0.30326,0.30467
7722.0,0.28718,0.30627,0.30384,0.30559,0.30331,0.3047525
7723.0,0.64809,0.30637,0.30388,0.3056,0.30335,0.30479999999999996
7724.0,0.78698,0.30653,0.3039,0.3056,0.3034,0.3048575
7725.0,0.59064,0.30666,0.3039,0.30562,0.30349,0.3049175
7726.0,0.36754,0.30676,0.30394,0.30569,0.30366,0.3050125
7727.0,0.19595,0.3069,0.304,0.30578,0.30391,0.3051475
7728.0,0.15141,0.30698,0.30408,0.3059,0.30421,0.30529249999999997
7729.0,0.19837,0.30704,0.30418,0.30605,0.30455,0.30545500000000003
7730.0,0.28767,0.30712,0.30431,0.30622,0.3049,0.3056375
7731.0,0.34458,0.30712,0.30444,0.30637,0.30523,0.30579
7732.0,0.33433,0.30711,0.30456,0.30651,0.3055,0.30591999999999997
7733.0,0.30381,0.30707,0.30466,0.30661,0.3057,0.30601
7734.0,0.26927,0.30695,0.30474,0.30667,0.3058,0.30604000000000003
7735.0,0.24827,0.30684,0.30477,0.30666,0.30577,0.30601
7736.0,0.24695,0.30665,0.30475,0.30659,0.30562,0.30590249999999997
7737.0,0.2732,0.30643,0.30467,0.30642,0.30533,0.3057125
7738.0,0.29741,0.30623,0.30449,0.30616,0.30489,0.30544249999999995
7739.0,0.29737,0.30593,0.30425,0.30581,0.30431,0.305075
7740.0,0.31779,0.30565,0.30392,0.30537,0.30363,0.3046425
7741.0,0.3766,0.30536,0.30349,0.30486,0.30283,0.304135
7742.0,0.47859,0.30503,0.30302,0.30432,0.30198,0.3035875
7743.0,0.55145,0.30476,0.30249,0.30374,0.30114,0.3030325
7744.0,0.38595,0.30445,0.30193,0.30316,0.30032,0.302465
7745.0,0.14355,0.30417,0.30139,0.30266,0.29958,0.30195
7746.0,0.05995,0.30397,0.30091,0.30224,0.29903,0.3015375
7747.0,0.12906,0.30374,0.3005,0.30191,0.29866,0.3012025
7748.0,0.33042,0.30356,0.30018,0.30173,0.29847,0.300985
7749.0,0.47768,0.30341,0.30001,0.30169,0.29849,0.3009
7750.0,0.52651,0.30329,0.29997,0.30178,0.29871,0.3009375
7751.0,0.51903,0.30325,0.30003,0.30196,0.29905,0.3010725
7752.0,0.50679,0.30317,0.3002,0.30222,0.29946,0.3012625
7753.0,0.59037,0.30314,0.30043,0.3025,0.29989,0.30149
7754.0,0.65825,0.30314,0.30069,0.30278,0.30029,0.301725
7755.0,0.59939,0.30313,0.30094,0.30302,0.30063,0.30193
7756.0,0.53033,0.30314,0.30115,0.30321,0.30089,0.3020975
7757.0,0.49593,0.30311,0.30132,0.30334,0.30107,0.30221
7758.0,0.42353,0.3031,0.30143,0.30341,0.30118,0.30228
7759.0,0.32697,0.30309,0.30148,0.30342,0.30122,0.30230250000000003
7760.0,0.31156,0.30303,0.30147,0.30337,0.30119,0.302265
7761.0,0.35741,0.30297,0.30142,0.30326,0.30111,0.30218999999999996
7762.0,0.41466,0.30288,0.3013,0.30308,0.30096,0.30205499999999996
7763.0,0.41128,0.30279,0.30114,0.30282,0.30074,0.3018725
7764.0,0.30088,0.30268,0.30092,0.30247,0.30047,0.301635
7765.0,0.23197,0.30253,0.30064,0.30202,0.30012,0.30132749999999997
7766.0,0.24393,0.3024,0.30029,0.30149,0.29972,0.300975
7767.0,0.24295,0.30225,0.2999,0.30091,0.29932,0.300595
7768.0,0.23072,0.3021,0.29947,0.30028,0.29893,0.300195
7769.0,0.25776,0.30196,0.29901,0.29967,0.29856,0.2998
7770.0,0.30403,0.3018,0.29858,0.29914,0.29827,0.29944750000000003
7771.0,0.33745,0.30168,0.29819,0.29871,0.29809,0.2991675
7772.0,0.34022,0.30155,0.29786,0.2984,0.29797,0.298945
7773.0,0.3031,0.30142,0.29761,0.29824,0.29792,0.2987975
7774.0,0.24872,0.30133,0.29746,0.29823,0.29794,0.29874
7775.0,0.19581,0.30123,0.2974,0.29834,0.29801,0.29874500000000004
7776.0,0.2035,0.30114,0.2974,0.29853,0.29808,0.2987875
7777.0,0.25864,0.30107,0.29747,0.29878,0.29814,0.29886500000000005
7778.0,0.31064,0.301,0.29758,0.29907,0.29821,0.29896500000000004
7779.0,0.35385,0.30097,0.29772,0.29933,0.29826,0.29907
7780.0,0.38414,0.3009,0.29785,0.29955,0.29824,0.299135
7781.0,0.39376,0.30085,0.29797,0.29974,0.29818,0.29918500000000003
7782.0,0.37939,0.30083,0.29807,0.29986,0.2981,0.299215
7783.0,0.34884,0.3008,0.29811,0.2999,0.29796,0.29919250000000003
7784.0,0.30959,0.3008,0.2981,0.29989,0.29779,0.299145
7785.0,0.28462,0.30076,0.29806,0.29984,0.29762,0.29907
7786.0,0.28797,0.30075,0.29798,0.29977,0.29747,0.2989925
7787.0,0.34322,0.30078,0.2979,0.29969,0.29737,0.298935
7788.0,0.37669,0.30077,0.29782,0.29963,0.29734,0.29889
7789.0,0.32087,0.30081,0.29774,0.29959,0.29736,0.298875
7790.0,0.31978,0.30083,0.2977,0.29959,0.29742,0.298885
7791.0,0.42098,0.30087,0.2977,0.2996,0.29753,0.298925
7792.0,0.4629,0.30098,0.29771,0.29962,0.29764,0.29898749999999996
7793.0,0.41834,0.301,0.29772,0.29964,0.29773,0.29902249999999997
7794.0,0.32246,0.3011,0.29775,0.29967,0.29781,0.29908250000000003
7795.0,0.23478,0.30122,0.29777,0.2997,0.29788,0.2991425
7796.0,0.25923,0.30129,0.29778,0.29972,0.29795,0.299185
7797.0,0.29331,0.30146,0.2978,0.29976,0.29804,0.299265
7798.0,0.24959,0.30156,0.29782,0.29982,0.29815,0.29933750000000003
7799.0,0.21182,0.3017,0.29786,0.29989,0.2983,0.2994375
7800.0,0.21078,0.30191,0.29791,0.29999,0.29849,0.299575
7801.0,0.21269,0.30202,0.29799,0.30011,0.29871,0.29970749999999996
7802.0,0.21464,0.30222,0.29808,0.30023,0.29892,0.29986250000000003
7803.0,0.23067,0.3024,0.29818,0.30036,0.29913,0.30001750000000005
7804.0,0.2558,0.30255,0.2983,0.30048,0.29935,0.30017
7805.0,0.27934,0.3028,0.2984,0.30058,0.29955,0.3003325
7806.0,0.28869,0.30296,0.29849,0.30067,0.29974,0.300465
7807.0,0.27563,0.30313,0.29858,0.30077,0.29994,0.300605
7808.0,0.27655,0.30335,0.29866,0.30086,0.30016,0.3007575
7809.0,0.29568,0.30348,0.29873,0.30096,0.30041,0.300895
7810.0,0.26065,0.30368,0.29881,0.30108,0.30068,0.3010625
7811.0,0.21237,0.30382,0.29889,0.3012,0.301,0.3012275
7812.0,0.33204,0.3039,0.29897,0.30134,0.30131,0.30138
7813.0,0.53445,0.30406,0.29906,0.3015,0.30163,0.3015625
7814.0,0.65471,0.3041,0.29917,0.30167,0.30194,0.30172
7815.0,0.65662,0.30414,0.29928,0.30182,0.30219,0.3018575
7816.0,0.51966,0.30416,0.29939,0.30197,0.30238,0.301975
7817.0,0.35825,0.30409,0.29951,0.3021,0.30249,0.30204749999999997
7818.0,0.22808,0.30405,0.29961,0.30219,0.30251,0.30209
7819.0,0.2069,0.30393,0.29969,0.30224,0.30244,0.30207500000000004
7820.0,0.29093,0.30376,0.29975,0.30224,0.30227,0.302005
7821.0,0.41925,0.30359,0.29977,0.30218,0.302,0.301885
7822.0,0.52129,0.30336,0.29975,0.30207,0.30163,0.30170250000000004
7823.0,0.48852,0.30313,0.29967,0.30188,0.30116,0.30145999999999995
7824.0,0.39085,0.30287,0.29952,0.30162,0.30058,0.3011475
7825.0,0.28658,0.30259,0.2993,0.30129,0.29989,0.3007675
7826.0,0.21965,0.30232,0.29901,0.3009,0.29914,0.30034249999999996
7827.0,0.20374,0.30206,0.29865,0.30046,0.29835,0.29988000000000004
7828.0,0.21351,0.30181,0.29824,0.29999,0.29756,0.2994
7829.0,0.23889,0.30158,0.2978,0.29955,0.29682,0.29893749999999997
7830.0,0.26264,0.3014,0.29738,0.29915,0.29622,0.2985375
7831.0,0.28902,0.30123,0.297,0.29883,0.2958,0.298215
7832.0,0.3276,0.30111,0.29669,0.29862,0.29556,0.297995
7833.0,0.34876,0.30104,0.29648,0.29853,0.29551,0.29789
7834.0,0.32918,0.30099,0.29639,0.29856,0.29569,0.2979075
7835.0,0.29272,0.30105,0.29642,0.2987,0.29604,0.2980525
7836.0,0.25218,0.30108,0.29655,0.29891,0.2965,0.29825999999999997
7837.0,0.22986,0.30115,0.29676,0.2992,0.29704,0.2985375
7838.0,0.22937,0.30128,0.29704,0.29952,0.29762,0.298865
7839.0,0.24713,0.30139,0.29736,0.29986,0.29818,0.2991975
7840.0,0.26664,0.30159,0.29767,0.30017,0.29869,0.29952999999999996
7841.0,0.25826,0.30174,0.29797,0.30045,0.29914,0.299825
7842.0,0.25537,0.30188,0.29823,0.30069,0.29949,0.30007249999999996
7843.0,0.28522,0.30208,0.29844,0.30087,0.29977,0.30028999999999995
7844.0,0.26665,0.30221,0.2986,0.30098,0.29995,0.300435
7845.0,0.18164,0.30238,0.29868,0.30104,0.30006,0.30054
7846.0,0.1857,0.3025,0.29871,0.30106,0.30011,0.300595
7847.0,0.29464,0.3026,0.2987,0.30104,0.3001,0.30061
7848.0,0.431,0.30273,0.29865,0.30099,0.30007,0.30061
7849.0,0.52046,0.30279,0.29857,0.30092,0.30003,0.3005775
7850.0,0.42818,0.30285,0.29848,0.30086,0.29998,0.30054250000000005
7851.0,0.30753,0.30288,0.2984,0.30081,0.29995,0.30051
7852.0,0.31356,0.3029,0.29834,0.30077,0.29993,0.300485
7853.0,0.29972,0.30293,0.29829,0.30075,0.29994,0.30047749999999995
7854.0,0.20758,0.3029,0.29826,0.30074,0.29996,0.300465
7855.0,0.1916,0.30288,0.29826,0.30074,0.29996,0.30046
7856.0,0.26511,0.30284,0.29826,0.30073,0.29994,0.30044249999999995
7857.0,0.30614,0.30279,0.29828,0.30071,0.29991,0.30042250000000004
7858.0,0.29988,0.30275,0.29827,0.30065,0.29984,0.30037749999999996
7859.0,0.24671,0.30267,0.29824,0.30057,0.29972,0.3003
7860.0,0.20133,0.30259,0.29819,0.30047,0.29957,0.30020500000000006
7861.0,0.22818,0.30252,0.29811,0.30034,0.29941,0.300095
7862.0,0.27874,0.30243,0.29801,0.3002,0.29925,0.2999725
7863.0,0.33179,0.30234,0.2979,0.30006,0.2991,0.29985
7864.0,0.48231,0.30224,0.29778,0.29992,0.29896,0.299725
7865.0,0.70709,0.30214,0.29767,0.2998,0.29884,0.2996125
7866.0,0.71975,0.30205,0.29757,0.29969,0.29874,0.2995125
7867.0,0.54663,0.30195,0.29748,0.29956,0.29865,0.29941
7868.0,0.38141,0.30186,0.29737,0.29943,0.29855,0.2993025
7869.0,0.26431,0.30175,0.29727,0.29929,0.29845,0.29918999999999996
7870.0,0.23671,0.30167,0.29716,0.29914,0.29836,0.2990825
7871.0,0.22873,0.30157,0.29704,0.29897,0.29825,0.2989575
7872.0,0.19428,0.30148,0.29691,0.29881,0.29813,0.2988325
7873.0,0.20898,0.30141,0.29679,0.29867,0.29804,0.29872750000000003
7874.0,0.287,0.30131,0.29669,0.29855,0.29797,0.29863
7875.0,0.33049,0.30125,0.2966,0.29847,0.29791,0.29855750000000003
7876.0,0.34071,0.30114,0.29653,0.29842,0.29785,0.298485
7877.0,0.38655,0.30107,0.29648,0.2984,0.29783,0.298445
7878.0,0.4436,0.301,0.29646,0.2984,0.29781,0.2984175
7879.0,0.45715,0.30089,0.29644,0.2984,0.29779,0.29838
7880.0,0.42642,0.30083,0.29642,0.2984,0.29778,0.2983575
7881.0,0.35353,0.3007,0.2964,0.29839,0.29776,0.2983125
7882.0,0.29123,0.30061,0.29638,0.29835,0.29775,0.2982725
7883.0,0.26521,0.30052,0.29633,0.29829,0.29774,0.29822000000000004
7884.0,0.28406,0.30037,0.29627,0.29818,0.29769,0.2981275
7885.0,0.331,0.30028,0.29617,0.29806,0.29761,0.29802999999999996
7886.0,0.32184,0.30012,0.29606,0.29788,0.29751,0.29789249999999995
7887.0,0.27977,0.29999,0.29591,0.29763,0.29736,0.2977225
7888.0,0.28255,0.29985,0.29569,0.29734,0.29714,0.29750499999999996
7889.0,0.29748,0.29966,0.29544,0.29701,0.29688,0.2972475
7890.0,0.2815,0.29953,0.29514,0.29664,0.29659,0.296975
7891.0,0.30489,0.29934,0.29481,0.29626,0.29628,0.2966725
7892.0,0.41275,0.29915,0.29446,0.2959,0.29597,0.29637
7893.0,0.62904,0.29899,0.29412,0.29559,0.2957,0.29610000000000003
7894.0,0.88089,0.29877,0.29383,0.29534,0.29547,0.29585249999999996
7895.0,0.67583,0.29859,0.29358,0.29517,0.29531,0.2956625
7896.0,0.15099,0.29838,0.29339,0.29508,0.29519,0.29551
7897.0,-0.00529,0.29814,0.29328,0.29505,0.29511,0.295395
7898.0,0.10134,0.29795,0.29321,0.29506,0.29506,0.29532
7899.0,0.21054,0.2977,0.29318,0.29509,0.29501,0.29524500000000004
7900.0,0.28171,0.29745,0.29316,0.2951,0.29494,0.2951625
7901.0,0.28535,0.29721,0.29314,0.29508,0.29482,0.2950625
7902.0,0.26385,0.29691,0.2931,0.295,0.29464,0.2949125
7903.0,0.24091,0.29666,0.293,0.29486,0.29438,0.294725
7904.0,0.25882,0.29638,0.29286,0.29464,0.29404,0.29448
7905.0,0.31156,0.29605,0.29265,0.29433,0.29362,0.2941625
7906.0,0.32821,0.29579,0.29235,0.29396,0.29311,0.29380249999999997
7907.0,0.31918,0.29546,0.292,0.29355,0.29257,0.29339499999999996
7908.0,0.32811,0.29518,0.29161,0.2931,0.29201,0.292975
7909.0,0.32598,0.29489,0.29118,0.29262,0.29145,0.292535
7910.0,0.27531,0.29456,0.29072,0.29217,0.29091,0.29209
7911.0,0.25471,0.29432,0.29029,0.29177,0.29044,0.291705
7912.0,0.31132,0.29402,0.28989,0.2914,0.29003,0.291335
7913.0,0.39802,0.29379,0.28954,0.29108,0.28971,0.29103
7914.0,0.48236,0.29355,0.28922,0.29081,0.28945,0.2907575
7915.0,0.45828,0.29328,0.28896,0.29061,0.28926,0.2905275
7916.0,0.35087,0.29312,0.28877,0.29047,0.28916,0.29037999999999997
7917.0,0.3103,0.2929,0.28864,0.29036,0.28914,0.29025999999999996
7918.0,0.30713,0.29274,0.28854,0.29028,0.28917,0.2901825
7919.0,0.26447,0.29256,0.28848,0.29024,0.28922,0.290125
7920.0,0.2285,0.29237,0.28844,0.29021,0.28929,0.29007750000000004
7921.0,0.24525,0.29226,0.28841,0.29017,0.28935,0.2900475
7922.0,0.3111,0.29208,0.28836,0.2901,0.28937,0.2899775
7923.0,0.41673,0.29195,0.28827,0.28999,0.28932,0.2898825
7924.0,0.47833,0.29178,0.28815,0.28985,0.2892,0.28974500000000003
7925.0,0.46478,0.29161,0.28798,0.28966,0.28901,0.289565
7926.0,0.3356,0.29149,0.28779,0.28945,0.28877,0.289375
7927.0,0.16357,0.29131,0.28757,0.28922,0.28851,0.28915250000000003
7928.0,0.16718,0.29117,0.28736,0.289,0.28823,0.28894
7929.0,0.25039,0.29098,0.28714,0.28878,0.28796,0.288715
7930.0,0.24729,0.29081,0.28695,0.28859,0.2877,0.2885125
7931.0,0.21469,0.29066,0.28678,0.28843,0.28748,0.28833749999999997
7932.0,0.19868,0.29048,0.28663,0.28829,0.28729,0.2881725
7933.0,0.19345,0.29034,0.28649,0.28814,0.28712,0.2880225
7934.0,0.19645,0.29016,0.28635,0.288,0.28693,0.28786
7935.0,0.2072,0.29002,0.28622,0.28787,0.28675,0.287715
7936.0,0.22637,0.2899,0.28609,0.28772,0.28657,0.28757
7937.0,0.25754,0.28979,0.28595,0.28756,0.28637,0.2874175
7938.0,0.28695,0.2897,0.28579,0.28738,0.28613,0.28725
7939.0,0.28035,0.28961,0.28563,0.28721,0.28588,0.2870825
7940.0,0.25628,0.28958,0.28548,0.28705,0.28565,0.28694000000000003
7941.0,0.24113,0.28955,0.28532,0.28688,0.28543,0.286795
7942.0,0.22804,0.28956,0.28516,0.28674,0.28523,0.2866725
7943.0,0.2134,0.28959,0.28503,0.28665,0.28512,0.2865975
7944.0,0.22226,0.28966,0.28494,0.28661,0.28513,0.286585
7945.0,0.26069,0.28975,0.28489,0.28663,0.28526,0.2866325
7946.0,0.30178,0.28985,0.28489,0.28672,0.28551,0.2867425
7947.0,0.32967,0.28999,0.28495,0.28689,0.28589,0.28693
7948.0,0.3039,0.29013,0.28509,0.28712,0.28636,0.287175
7949.0,0.2479,0.29031,0.28528,0.28738,0.2869,0.2874675
7950.0,0.2224,0.29048,0.28551,0.28765,0.28746,0.287775
7951.0,0.243,0.29065,0.28573,0.28789,0.28797,0.28806
7952.0,0.32471,0.29083,0.28595,0.28811,0.28842,0.28832749999999996
7953.0,0.3611,0.291,0.28613,0.28826,0.28878,0.2885425
7954.0,0.29038,0.29119,0.28624,0.28833,0.28904,0.2887
7955.0,0.22148,0.29135,0.28628,0.28834,0.28917,0.28878499999999996
7956.0,0.19455,0.29149,0.28626,0.28829,0.28921,0.28881249999999997
7957.0,0.21703,0.29164,0.28618,0.28819,0.28917,0.28879499999999997
7958.0,0.27036,0.29176,0.28605,0.28806,0.28908,0.2887375
7959.0,0.27913,0.29191,0.28589,0.28794,0.28895,0.2886725
7960.0,0.28172,0.29201,0.28575,0.28784,0.28884,0.28861000000000003
7961.0,0.37473,0.29211,0.28562,0.28775,0.28875,0.2885575
7962.0,0.43688,0.29222,0.28553,0.28772,0.28871,0.288545
7963.0,0.32464,0.29229,0.28549,0.28775,0.28874,0.2885675
7964.0,0.21205,0.2924,0.28551,0.28781,0.28884,0.28864
7965.0,0.20339,0.29247,0.28558,0.28792,0.289,0.28874249999999996
7966.0,0.21973,0.29253,0.28568,0.28805,0.2892,0.28886500000000004
7967.0,0.22874,0.29261,0.28582,0.2882,0.28943,0.289015
7968.0,0.19945,0.29265,0.28597,0.28837,0.28966,0.2891625
7969.0,0.14138,0.29273,0.28613,0.28853,0.28988,0.2893175
7970.0,0.1135,0.29275,0.28628,0.28867,0.29006,0.28944
7971.0,0.12033,0.29278,0.28641,0.28878,0.29019,0.28953999999999996
7972.0,0.15936,0.29281,0.28651,0.28886,0.29025,0.2896075
7973.0,0.22381,0.2928,0.28657,0.28889,0.29024,0.28962499999999997
7974.0,0.30489,0.29284,0.28659,0.28888,0.29018,0.2896225
7975.0,0.33848,0.2928,0.28655,0.28882,0.29006,0.2895575
7976.0,0.28831,0.29277,0.28648,0.28873,0.28989,0.2894675
7977.0,0.24561,0.29273,0.28637,0.28861,0.28971,0.28935500000000003
7978.0,0.24254,0.29266,0.28624,0.28849,0.28954,0.2892325
7979.0,0.26822,0.29262,0.28611,0.28836,0.28939,0.28912
7980.0,0.30076,0.29252,0.28599,0.28823,0.28928,0.289005
7981.0,0.26149,0.29242,0.28588,0.28812,0.2892,0.28890499999999997
7982.0,0.18914,0.29232,0.28579,0.28804,0.28916,0.2888275
7983.0,0.19103,0.29218,0.28573,0.28798,0.28914,0.2887575
7984.0,0.22053,0.29208,0.28569,0.28794,0.28914,0.2887125
7985.0,0.21192,0.29191,0.28566,0.28791,0.28914,0.288655
7986.0,0.20629,0.29175,0.28565,0.28789,0.28912,0.2886025
7987.0,0.23163,0.29158,0.28563,0.28786,0.28906,0.28853249999999997
7988.0,0.2654,0.29139,0.2856,0.2878,0.28896,0.2884375
7989.0,0.29664,0.29123,0.28553,0.28769,0.28877,0.288305
7990.0,0.30931,0.29102,0.28542,0.28751,0.28848,0.2881075
7991.0,0.30205,0.29083,0.28523,0.28724,0.2881,0.28785
7992.0,0.28531,0.29064,0.28498,0.28689,0.28761,0.28753
7993.0,0.26724,0.29047,0.28465,0.28648,0.28705,0.28716250000000004
7994.0,0.26537,0.29032,0.28425,0.28601,0.28645,0.2867575
7995.0,0.26689,0.29016,0.28382,0.28553,0.28587,0.286345
7996.0,0.25151,0.29004,0.28338,0.28509,0.28536,0.28596750000000004
7997.0,0.24078,0.28994,0.28299,0.28474,0.28497,0.28565999999999997
7998.0,0.25249,0.28989,0.28266,0.28449,0.28476,0.28545
7999.0,0.29089,0.28985,0.28244,0.28436,0.28473,0.28534499999999996
8000.0,0.35339,0.28984,0.28232,0.28436,0.28486,0.28534499999999996
8001.0,0.39124,0.28988,0.28231,0.28447,0.28514,0.28545
8002.0,0.38585,0.28992,0.2824,0.28467,0.28551,0.28562499999999996
8003.0,0.30843,0.29003,0.28255,0.2849,0.28593,0.2858525
8004.0,0.20552,0.29012,0.28273,0.28515,0.28635,0.2860875
8005.0,0.23154,0.29025,0.28294,0.2854,0.28675,0.286335
8006.0,0.3256,0.2904,0.28314,0.28563,0.28712,0.2865725
8007.0,0.36036,0.29053,0.28333,0.28583,0.28745,0.286785
8008.0,0.35314,0.2907,0.2835,0.28603,0.28775,0.286995
8009.0,0.3242,0.29084,0.28368,0.28621,0.28803,0.28719
8010.0,0.29478,0.29098,0.28386,0.2864,0.2883,0.287385
8011.0,0.27651,0.29112,0.28404,0.2866,0.28856,0.28758
8012.0,0.26378,0.29121,0.28423,0.28679,0.2888,0.2877575
8013.0,0.25237,0.29132,0.28442,0.28697,0.28903,0.28793500000000005
8014.0,0.22608,0.29137,0.28461,0.28712,0.28919,0.2880725
8015.0,0.19107,0.29143,0.28477,0.28725,0.2893,0.28818750000000004
8016.0,0.18255,0.29148,0.28489,0.28732,0.28935,0.28826
8017.0,0.20667,0.29147,0.28496,0.28732,0.28931,0.288265
8018.0,0.26961,0.29148,0.28495,0.28724,0.28915,0.288205
8019.0,0.31398,0.29144,0.28487,0.2871,0.2889,0.2880775
8020.0,0.26501,0.29142,0.28471,0.28689,0.28856,0.287895
8021.0,0.21357,0.2914,0.28449,0.28662,0.28818,0.2876725
8022.0,0.225,0.29135,0.28422,0.28633,0.28775,0.28741249999999996
8023.0,0.2707,0.29132,0.28391,0.28604,0.28734,0.2871525
8024.0,0.32668,0.29128,0.28362,0.2858,0.287,0.286925
8025.0,0.27845,0.29126,0.28339,0.28563,0.28678,0.286765
8026.0,0.13908,0.29124,0.28323,0.28555,0.28671,0.2866825
8027.0,0.1232,0.29123,0.28316,0.28559,0.28677,0.2866875
8028.0,0.20946,0.29123,0.2832,0.28572,0.28698,0.2867825
8029.0,0.24509,0.29123,0.28336,0.28596,0.2873,0.2869625
8030.0,0.23821,0.29124,0.28361,0.28625,0.28769,0.2871975
8031.0,0.22113,0.29124,0.28391,0.28656,0.2881,0.2874525
8032.0,0.20981,0.29126,0.28425,0.28687,0.28848,0.287715
8033.0,0.21975,0.29125,0.28458,0.28716,0.2888,0.2879475
8034.0,0.24266,0.29127,0.28489,0.28739,0.28905,0.28815
8035.0,0.27236,0.29124,0.28514,0.28755,0.2892,0.2882825
8036.0,0.28707,0.29123,0.28532,0.28763,0.28923,0.2883525
8037.0,0.28332,0.29121,0.28542,0.28763,0.28915,0.2883525
8038.0,0.29192,0.29117,0.28545,0.28753,0.28895,0.288275
8039.0,0.30414,0.29116,0.28538,0.28734,0.28864,0.28813
8040.0,0.25705,0.29109,0.28522,0.28707,0.28822,0.2879
8041.0,0.18209,0.29108,0.28499,0.28674,0.28773,0.28763500000000003
8042.0,0.17498,0.29105,0.2847,0.28639,0.2872,0.287335
8043.0,0.21718,0.29103,0.28439,0.28604,0.28672,0.287045
8044.0,0.27421,0.29106,0.28407,0.28573,0.28631,0.2867925
8045.0,0.31379,0.29103,0.28379,0.28551,0.28605,0.28659500000000004
8046.0,0.309,0.2911,0.28359,0.28542,0.28597,0.28652
8047.0,0.27197,0.29112,0.28349,0.28545,0.2861,0.28654
8048.0,0.21476,0.29119,0.2835,0.2856,0.28641,0.286675
8049.0,0.21349,0.29131,0.28363,0.28587,0.28689,0.286925
8050.0,0.27551,0.29136,0.28384,0.28621,0.28747,0.28722000000000003
8051.0,0.29836,0.29149,0.28411,0.28656,0.28807,0.2875575
8052.0,0.26896,0.29156,0.2844,0.28692,0.28864,0.28788
8053.0,0.20692,0.29166,0.28469,0.28723,0.28914,0.28818
8054.0,0.14131,0.29178,0.28493,0.28745,0.28955,0.2884275
8055.0,0.1335,0.2918,0.2851,0.28758,0.28982,0.28857499999999997
8056.0,0.17017,0.29188,0.28519,0.28762,0.28998,0.28866749999999997
8057.0,0.22986,0.29188,0.28521,0.2876,0.29003,0.28868
8058.0,0.25663,0.29188,0.28516,0.2875,0.29001,0.2886375
8059.0,0.21016,0.29188,0.28505,0.28733,0.28992,0.288545
8060.0,0.18826,0.29179,0.28487,0.28712,0.28975,0.2883825
8061.0,0.23,0.29173,0.28465,0.28689,0.28952,0.2881975
8062.0,0.25527,0.29159,0.2844,0.28662,0.28923,0.28796
8063.0,0.24464,0.29145,0.28412,0.28633,0.28889,0.28769749999999994
8064.0,0.21931,0.29132,0.28381,0.286,0.2885,0.2874075
8065.0,0.1911,0.29112,0.28347,0.28566,0.28807,0.28708
8066.0,0.18938,0.29096,0.28311,0.2853,0.28763,0.28675
8067.0,0.21286,0.29074,0.28276,0.28492,0.28719,0.2864025
8068.0,0.25314,0.29053,0.28239,0.28454,0.28677,0.2860575
8069.0,0.28872,0.29035,0.28204,0.28418,0.2864,0.2857425
8070.0,0.29151,0.29015,0.28171,0.28385,0.28609,0.28545
8071.0,0.26714,0.28998,0.28141,0.28356,0.28586,0.2852025
8072.0,0.22157,0.28978,0.28115,0.2833,0.28571,0.284985
8073.0,0.20147,0.2896,0.28092,0.28309,0.28562,0.2848075
8074.0,0.22465,0.28944,0.28074,0.28293,0.28558,0.2846725
8075.0,0.24303,0.2893,0.28059,0.2828,0.28559,0.28457
8076.0,0.24213,0.28917,0.28045,0.28268,0.28562,0.28448
8077.0,0.21835,0.28901,0.2803,0.28256,0.28562,0.2843725
8078.0,0.17684,0.28889,0.28015,0.28244,0.28559,0.2842675
8079.0,0.13885,0.28876,0.27999,0.28231,0.28553,0.28414750000000005
8080.0,0.11669,0.28866,0.27981,0.28216,0.28544,0.28401750000000003
8081.0,0.13385,0.28855,0.2796,0.28198,0.28533,0.283865
8082.0,0.19597,0.28844,0.27936,0.28179,0.28519,0.283695
8083.0,0.30936,0.28835,0.27913,0.28162,0.28505,0.2835375
8084.0,0.35076,0.28824,0.27889,0.28145,0.28495,0.2833825
8085.0,0.22476,0.28816,0.27867,0.28127,0.28484,0.283235
8086.0,0.15326,0.28808,0.27843,0.28109,0.28473,0.2830825
8087.0,0.23682,0.28801,0.2782,0.2809,0.2846,0.2829275
8088.0,0.32609,0.28795,0.27798,0.2807,0.28446,0.2827725
8089.0,0.36938,0.28788,0.27775,0.28048,0.28427,0.28259500000000004
8090.0,0.33424,0.28784,0.27751,0.28025,0.28406,0.28241499999999997
8091.0,0.24583,0.28782,0.27726,0.28003,0.28384,0.28223750000000003
8092.0,0.23209,0.28782,0.27704,0.27985,0.28364,0.28208750000000005
8093.0,0.26272,0.28783,0.27688,0.27972,0.2835,0.2819825
8094.0,0.22619,0.28785,0.27677,0.27965,0.28344,0.2819275
8095.0,0.17778,0.28788,0.27674,0.27968,0.28347,0.2819425
8096.0,0.21396,0.28793,0.27683,0.27982,0.28362,0.28205
8097.0,0.26016,0.288,0.27704,0.28006,0.28388,0.28224499999999997
8098.0,0.24459,0.28807,0.27736,0.28035,0.28425,0.2825075
8099.0,0.20276,0.28815,0.27775,0.28071,0.28466,0.28281750000000005
8100.0,0.15762,0.28822,0.2782,0.2811,0.2851,0.283155
8101.0,0.14972,0.2883,0.27867,0.28148,0.28553,0.283495
8102.0,0.19144,0.28838,0.27914,0.28182,0.28591,0.2838125
8103.0,0.26183,0.28844,0.27956,0.2821,0.2862,0.28407499999999997
8104.0,0.33686,0.2885,0.27989,0.28229,0.2864,0.28426999999999997
8105.0,0.3218,0.28854,0.28012,0.28239,0.28649,0.284385
8106.0,0.24991,0.28857,0.28026,0.28242,0.28648,0.2844325
8107.0,0.26126,0.28861,0.28031,0.28237,0.2864,0.2844225
8108.0,0.31511,0.28861,0.28028,0.28226,0.28625,0.28435
8109.0,0.31393,0.28859,0.28019,0.28211,0.28605,0.284235
8110.0,0.28612,0.28857,0.28006,0.28195,0.28582,0.28409999999999996
8111.0,0.26886,0.28853,0.27992,0.28181,0.28561,0.2839675
8112.0,0.26197,0.28851,0.2798,0.28168,0.28543,0.283855
8113.0,0.26369,0.28846,0.27969,0.28156,0.28526,0.2837425
8114.0,0.22901,0.28841,0.2796,0.28145,0.28512,0.283645
8115.0,0.14687,0.28835,0.27953,0.28139,0.28503,0.283575
8116.0,0.13188,0.28827,0.2795,0.28133,0.285,0.283525
8117.0,0.20129,0.2882,0.27948,0.28127,0.28503,0.283495
8118.0,0.24973,0.28813,0.27945,0.28121,0.2851,0.2834725
8119.0,0.26222,0.28805,0.27944,0.28117,0.28523,0.2834725
8120.0,0.25484,0.28797,0.27943,0.28112,0.28539,0.2834775
8121.0,0.23732,0.28785,0.27943,0.28105,0.28555,0.28347
8122.0,0.23002,0.28774,0.27941,0.28097,0.28565,0.2834425
8123.0,0.22749,0.28763,0.27937,0.28087,0.28569,0.28339
8124.0,0.2193,0.2875,0.2793,0.28071,0.28565,0.28329
8125.0,0.19302,0.28736,0.27916,0.28046,0.28549,0.2831175
8126.0,0.13743,0.28719,0.27893,0.28012,0.28522,0.282865
8127.0,0.1293,0.28703,0.27858,0.27971,0.28486,0.282545
8128.0,0.20949,0.28685,0.27816,0.27925,0.28445,0.28217749999999997
8129.0,0.24271,0.28667,0.27766,0.27873,0.28404,0.281775
8130.0,0.18799,0.28646,0.27711,0.27819,0.28364,0.28135
8131.0,0.17178,0.28626,0.27653,0.2777,0.28329,0.280945
8132.0,0.21504,0.28604,0.27602,0.27729,0.28302,0.2805925
8133.0,0.25384,0.28581,0.2756,0.27697,0.28282,0.2803
8134.0,0.2733,0.28561,0.27528,0.27672,0.28269,0.28007499999999996
8135.0,0.25633,0.28535,0.27505,0.27655,0.2826,0.2798875
8136.0,0.22469,0.28514,0.27491,0.27643,0.28252,0.27974999999999994
8137.0,0.2317,0.28486,0.27485,0.27634,0.28244,0.2796225
8138.0,0.25362,0.28461,0.27481,0.27627,0.28233,0.279505
8139.0,0.25219,0.28437,0.27477,0.27615,0.28218,0.2793675
8140.0,0.25278,0.28409,0.27469,0.27599,0.28199,0.27919
8141.0,0.27833,0.28384,0.27454,0.27575,0.28173,0.278965
8142.0,0.29234,0.28353,0.27432,0.27546,0.2814,0.2786775
8143.0,0.27495,0.28325,0.27403,0.27512,0.28103,0.27835750000000004
8144.0,0.25183,0.28295,0.27368,0.27472,0.28064,0.2779975
8145.0,0.23442,0.28264,0.27327,0.27427,0.28023,0.2776025
8146.0,0.23854,0.28234,0.27283,0.27381,0.27982,0.2772
8147.0,0.26438,0.28202,0.27237,0.27336,0.27945,0.2768
8148.0,0.29153,0.28171,0.27194,0.27293,0.27913,0.2764275
8149.0,0.30898,0.28137,0.27152,0.27253,0.27885,0.2760675
8150.0,0.28899,0.28105,0.27114,0.27218,0.27861,0.275745
8151.0,0.24408,0.28072,0.27081,0.27188,0.27839,0.27545000000000003
8152.0,0.20834,0.28042,0.27053,0.27161,0.27816,0.27518000000000004
8153.0,0.18674,0.2801,0.27026,0.27132,0.27788,0.27488999999999997
8154.0,0.18475,0.2798,0.26996,0.27097,0.2775,0.2745575
8155.0,0.19137,0.27953,0.26959,0.27053,0.27702,0.2741675
8156.0,0.19621,0.27927,0.26912,0.27001,0.27643,0.2737075
8157.0,0.20273,0.27902,0.26855,0.26936,0.27576,0.2731725
8158.0,0.21358,0.27879,0.26786,0.26864,0.27507,0.27259
8159.0,0.24153,0.27857,0.26709,0.2679,0.27444,0.272
8160.0,0.28661,0.2784,0.2663,0.26722,0.27396,0.27147
8161.0,0.29802,0.27825,0.26558,0.26667,0.27369,0.2710475
8162.0,0.26965,0.27811,0.265,0.26634,0.27367,0.27078
8163.0,0.24399,0.27802,0.26466,0.26629,0.27389,0.27071500000000004
8164.0,0.23185,0.27785,0.26459,0.26646,0.27436,0.270815
8165.0,0.24765,0.27775,0.26478,0.26685,0.27495,0.2710825
8166.0,0.28036,0.27757,0.2652,0.26742,0.27561,0.27144999999999997
8167.0,0.29885,0.27746,0.26583,0.26813,0.27627,0.2719225
8168.0,0.30212,0.27733,0.26661,0.26884,0.27687,0.2724125
8169.0,0.29102,0.27708,0.26738,0.26943,0.27728,0.2727925
8170.0,0.28345,0.27689,0.26804,0.26987,0.27743,0.2730575
8171.0,0.29814,0.27654,0.26855,0.27015,0.27733,0.2731425
8172.0,0.27972,0.27628,0.26888,0.2702,0.277,0.27309000000000005
8173.0,0.19506,0.27588,0.26895,0.26993,0.27645,0.2728025
8174.0,0.18128,0.27549,0.2687,0.26943,0.27567,0.2723225
8175.0,0.29196,0.27505,0.26821,0.26877,0.27475,0.271695
8176.0,0.41389,0.27455,0.26755,0.26804,0.27373,0.27096750000000003
8177.0,0.50263,0.27405,0.26683,0.26727,0.27265,0.2702
8178.0,0.48581,0.2735,0.26608,0.26655,0.27152,0.2694125
8179.0,0.36441,0.27299,0.2654,0.26592,0.2704,0.2686775
8180.0,0.20883,0.2724,0.26484,0.26545,0.2693,0.2679975
8181.0,0.07137,0.27188,0.26447,0.26509,0.26827,0.2674275
8182.0,0.08395,0.27132,0.26422,0.26483,0.26738,0.2669375
8183.0,0.20755,0.27086,0.26407,0.26464,0.2667,0.2665675
8184.0,0.34436,0.27041,0.26397,0.26451,0.26626,0.2662875
8185.0,0.44125,0.26997,0.26392,0.26445,0.266,0.266085
8186.0,0.43004,0.26964,0.26392,0.26445,0.2659,0.26597750000000003
8187.0,0.36937,0.26929,0.26395,0.26447,0.26586,0.2658925
8188.0,0.3111,0.26911,0.26396,0.26443,0.26577,0.2658175
8189.0,0.27323,0.26894,0.2639,0.26431,0.26552,0.2656675
8190.0,0.26594,0.26888,0.26376,0.2641,0.26506,0.26545
8191.0,0.28598,0.2689,0.26354,0.26379,0.26441,0.26516
8192.0,0.33101,0.26895,0.26321,0.26338,0.26365,0.26479749999999996
8193.0,0.39002,0.26914,0.26279,0.26293,0.26295,0.2644525
8194.0,0.4558,0.26942,0.26233,0.26255,0.2625,0.2642
8195.0,0.50137,0.26978,0.26194,0.26236,0.26247,0.26413749999999997
8196.0,0.51077,0.27022,0.26173,0.26245,0.26295,0.2643375
8197.0,0.43816,0.27072,0.2618,0.26289,0.26399,0.26485
8198.0,0.31227,0.27126,0.26222,0.26372,0.26554,0.26568499999999995
8199.0,0.2247,0.27187,0.26303,0.26487,0.26748,0.26681249999999995
8200.0,0.18219,0.27247,0.26414,0.26627,0.26961,0.26812250000000004
8201.0,0.1876,0.27313,0.26553,0.26781,0.27173,0.26954999999999996
8202.0,0.21658,0.27373,0.26706,0.26935,0.2737,0.27096
8203.0,0.23852,0.27431,0.26862,0.27077,0.27538,0.27227
8204.0,0.23587,0.27486,0.27006,0.27196,0.27669,0.27339250000000004
8205.0,0.19617,0.2753,0.27129,0.27287,0.2776,0.274265
8206.0,0.20281,0.27574,0.27225,0.27348,0.27816,0.27490749999999997
8207.0,0.29348,0.27605,0.27291,0.27382,0.27842,0.2753
8208.0,0.31963,0.27629,0.27331,0.27392,0.27846,0.275495
8209.0,0.23739,0.27642,0.27346,0.27382,0.27832,0.275505
8210.0,0.16613,0.27642,0.2734,0.27357,0.27807,0.27536499999999997
8211.0,0.13915,0.27636,0.27321,0.27322,0.27774,0.2751325
8212.0,0.17259,0.27615,0.27293,0.2728,0.27736,0.27481
8213.0,0.2521,0.27591,0.27259,0.2723,0.27691,0.2744275
8214.0,0.3083,0.27555,0.27217,0.2717,0.27635,0.2739425
8215.0,0.31466,0.27512,0.27167,0.27102,0.27569,0.273375
8216.0,0.218,0.27468,0.27109,0.27023,0.27488,0.27272
8217.0,0.11118,0.2741,0.27041,0.26929,0.2739,0.27192500000000003
8218.0,0.1786,0.27359,0.26954,0.26816,0.27272,0.27100250000000004
8219.0,0.29597,0.27303,0.26846,0.26685,0.27139,0.2699325
8220.0,0.29422,0.27254,0.26716,0.26537,0.26993,0.26875000000000004
8221.0,0.26764,0.27208,0.26563,0.26369,0.2684,0.26744999999999997
8222.0,0.29769,0.27161,0.26385,0.26186,0.26685,0.2660425
8223.0,0.32023,0.27129,0.26185,0.25991,0.26538,0.2646075
8224.0,0.29775,0.27095,0.25969,0.25799,0.26411,0.263185
8225.0,0.23644,0.27082,0.25753,0.25623,0.26314,0.26193
8226.0,0.14836,0.27073,0.2555,0.25474,0.26258,0.2608875
8227.0,0.14321,0.2708,0.25376,0.25366,0.26248,0.260175
8228.0,0.23239,0.27097,0.25245,0.25306,0.26286,0.25983500000000004
8229.0,0.27716,0.27123,0.25166,0.25305,0.2637,0.25991000000000003
8230.0,0.26412,0.2716,0.25152,0.25362,0.26493,0.26041749999999997
8231.0,0.25568,0.27205,0.25202,0.25472,0.26645,0.26131000000000004
8232.0,0.2554,0.27263,0.25312,0.25622,0.26817,0.26253499999999996
8233.0,0.24972,0.27324,0.25466,0.258,0.26995,0.2639625
8234.0,0.23208,0.27395,0.25651,0.25992,0.27169,0.2655175
8235.0,0.19011,0.27464,0.25854,0.2619,0.2733,0.26709499999999997
8236.0,0.18757,0.2754,0.26064,0.26383,0.27475,0.268655
8237.0,0.32469,0.27612,0.26268,0.26561,0.27602,0.2701075
8238.0,0.65439,0.27685,0.26457,0.2672,0.27709,0.2714275
8239.0,1.22833,0.27755,0.26626,0.26858,0.27796,0.2725875
8240.0,1.51794,0.27821,0.26775,0.26981,0.27869,0.273615
8241.0,1.15677,0.27886,0.26906,0.27088,0.27934,0.274535
8242.0,0.63314,0.2794,0.27021,0.2718,0.27991,0.27532999999999996
8243.0,0.20218,0.27993,0.27122,0.2726,0.28042,0.27604249999999997
8244.0,0.03035,0.28033,0.27208,0.27331,0.28086,0.27664500000000003
8245.0,0.15146,0.28071,0.27286,0.27395,0.28123,0.27718750000000003
8246.0,0.32551,0.28101,0.27355,0.27449,0.28152,0.2776425
8247.0,0.47553,0.28125,0.27413,0.27488,0.28168,0.277985
8248.0,0.49557,0.28145,0.27453,0.27506,0.28168,0.27818
8249.0,0.40419,0.28155,0.27471,0.27507,0.28148,0.27820249999999996
8250.0,0.35372,0.28167,0.27467,0.27487,0.2811,0.2780775
8251.0,0.33963,0.28167,0.27441,0.27449,0.28059,0.27779
8252.0,0.29961,0.2817,0.27395,0.27393,0.27998,0.27739
8253.0,0.23771,0.28165,0.27331,0.27329,0.27934,0.27689749999999996
8254.0,0.17083,0.28161,0.27259,0.27267,0.27875,0.276405
8255.0,0.11922,0.28155,0.27189,0.27214,0.27831,0.2759725
8256.0,0.11195,0.28144,0.27131,0.27175,0.27805,0.2756375
8257.0,0.1403,0.28136,0.2709,0.27156,0.27802,0.27546
8258.0,0.19502,0.28122,0.27071,0.27159,0.27821,0.2754325
8259.0,0.25579,0.28107,0.27079,0.27184,0.27858,0.27557000000000004
8260.0,0.30796,0.28091,0.2711,0.27225,0.27909,0.2758375
8261.0,0.33675,0.28069,0.27161,0.27277,0.27966,0.2761825
8262.0,0.33419,0.28049,0.27223,0.27331,0.28021,0.27656000000000003
8263.0,0.29011,0.28021,0.27288,0.27378,0.28064,0.2768775
8264.0,0.21154,0.27992,0.27345,0.27411,0.28088,0.27709
8265.0,0.20257,0.27959,0.27386,0.27423,0.28086,0.277135
8266.0,0.26962,0.27921,0.27404,0.27408,0.28054,0.27696750000000003
8267.0,0.28516,0.27883,0.27394,0.27364,0.2799,0.2765775
8268.0,0.24247,0.27836,0.27353,0.27288,0.27895,0.27593
8269.0,0.21094,0.27792,0.27279,0.27186,0.27777,0.275085
8270.0,0.20245,0.27742,0.27177,0.27064,0.27642,0.2740625
8271.0,0.2286,0.27691,0.27055,0.26932,0.27502,0.27295
8272.0,0.25771,0.27643,0.26922,0.268,0.27366,0.2718275
8273.0,0.21639,0.27592,0.26789,0.26677,0.27246,0.27076
8274.0,0.16964,0.27545,0.26665,0.26571,0.27148,0.2698225
8275.0,0.22777,0.27499,0.26556,0.26488,0.27075,0.26904500000000003
8276.0,0.33676,0.27453,0.26473,0.26431,0.27028,0.26846250000000005
8277.0,0.43237,0.27413,0.26414,0.26396,0.27004,0.2680675
8278.0,0.44064,0.27371,0.26378,0.2638,0.26997,0.267815
8279.0,0.30488,0.2734,0.26362,0.2638,0.27002,0.26771
8280.0,0.15945,0.27311,0.26362,0.2639,0.27014,0.2676925
8281.0,0.0824,0.27283,0.26372,0.26402,0.27027,0.26771
8282.0,0.10109,0.27264,0.26385,0.26411,0.27036,0.26774
8283.0,0.21471,0.27236,0.26394,0.26416,0.27037,0.2677075
8284.0,0.26906,0.27225,0.26399,0.26416,0.2703,0.267675
8285.0,0.23154,0.27205,0.26399,0.26412,0.27017,0.26758250000000006
8286.0,0.2148,0.27198,0.26394,0.26404,0.27,0.26749
8287.0,0.23272,0.27191,0.26386,0.26391,0.26983,0.2673775
8288.0,0.22736,0.2718,0.26372,0.26378,0.26965,0.2672375
8289.0,0.19471,0.2718,0.26359,0.26368,0.2695,0.2671425
8290.0,0.15323,0.27167,0.2635,0.26365,0.26942,0.26706
8291.0,0.1599,0.2717,0.26349,0.26371,0.26943,0.2670825
8292.0,0.37101,0.27162,0.26358,0.26384,0.26954,0.26714499999999997
8293.0,0.71625,0.27164,0.26375,0.26403,0.26972,0.267285
8294.0,1.02938,0.27163,0.26397,0.26424,0.26995,0.26744749999999995
8295.0,1.10297,0.27158,0.26421,0.26448,0.27018,0.26761250000000003
8296.0,0.62906,0.27161,0.26448,0.26471,0.27039,0.2677975
8297.0,0.11224,0.27153,0.26472,0.26491,0.27054,0.26792499999999997
8298.0,0.10575,0.27157,0.26493,0.265,0.2706,0.268025
8299.0,0.24,0.2715,0.26503,0.26499,0.27053,0.2680125
8300.0,0.23089,0.27148,0.26502,0.26488,0.27036,0.267935
8301.0,0.17754,0.27145,0.26491,0.2647,0.27015,0.26780249999999994
8302.0,0.137,0.27138,0.26474,0.26453,0.26992,0.26764249999999995
8303.0,0.13598,0.27136,0.26459,0.26437,0.26971,0.2675075
8304.0,0.18153,0.27126,0.26447,0.26428,0.26956,0.26739250000000003
8305.0,0.22074,0.27121,0.26443,0.26427,0.26949,0.26735
8306.0,0.2315,0.2711,0.26448,0.26434,0.26953,0.2673625
8307.0,0.16501,0.271,0.26461,0.26449,0.26962,0.26743
8308.0,0.05591,0.27088,0.26483,0.2647,0.26975,0.26754
8309.0,0.16941,0.27075,0.2651,0.26489,0.26988,0.267655
8310.0,0.44944,0.2706,0.26534,0.26501,0.26996,0.2677275
8311.0,0.48233,0.27044,0.26549,0.26501,0.26996,0.267725
8312.0,0.31106,0.27027,0.2655,0.26489,0.26982,0.26762
8313.0,0.20941,0.27008,0.26538,0.26465,0.26956,0.26741750000000003
8314.0,0.18059,0.2699,0.26512,0.2643,0.26922,0.267135
8315.0,0.18737,0.26967,0.26474,0.26383,0.26881,0.2667625
8316.0,0.19975,0.26948,0.26425,0.26329,0.26835,0.26634250000000004
8317.0,0.16872,0.2692,0.26369,0.26275,0.26788,0.26588
8318.0,0.12384,0.269,0.26313,0.26226,0.26745,0.26546
8319.0,0.10359,0.26878,0.26264,0.26188,0.26708,0.26509499999999997
8320.0,0.06048,0.26856,0.26227,0.2616,0.26677,0.2648
8321.0,-0.04631,0.26839,0.26202,0.2614,0.26651,0.26458000000000004
8322.0,0.06356,0.26814,0.26188,0.26131,0.26626,0.26439749999999995
8323.0,0.5625,0.26801,0.26184,0.26129,0.26601,0.2642875
8324.0,0.90868,0.26778,0.26189,0.26133,0.26574,0.264185
8325.0,0.84403,0.26768,0.26201,0.26138,0.26547,0.264135
8326.0,0.60462,0.26759,0.26214,0.26139,0.26522,0.264085
8327.0,0.298,0.26749,0.26224,0.26139,0.26501,0.2640325
8328.0,0.1377,0.26749,0.2623,0.26136,0.26484,0.2639975
8329.0,0.1615,0.2674,0.26232,0.26136,0.26472,0.26395
8330.0,0.19476,0.26747,0.26235,0.26139,0.26469,0.26397499999999996
8331.0,0.20511,0.26747,0.26241,0.26145,0.26476,0.26402249999999994
8332.0,0.21632,0.26757,0.26249,0.26155,0.26491,0.26413
8333.0,0.22635,0.2677,0.26259,0.26166,0.26512,0.2642675
8334.0,0.21217,0.26781,0.26268,0.2618,0.26538,0.26441749999999997
8335.0,0.18414,0.26801,0.26279,0.26199,0.26567,0.26461500000000004
8336.0,0.18142,0.26813,0.26296,0.26221,0.26601,0.26482750000000005
8337.0,0.20491,0.26838,0.26316,0.26247,0.2664,0.2651025
8338.0,0.25039,0.26856,0.26339,0.26272,0.26683,0.265375
8339.0,0.3087,0.26881,0.26362,0.263,0.26726,0.2656725
8340.0,0.36401,0.26905,0.26388,0.26331,0.26769,0.2659825
8341.0,0.40321,0.26927,0.26419,0.26365,0.26812,0.26630750000000003
8342.0,0.40927,0.26953,0.26453,0.264,0.26853,0.2666475
8343.0,0.31886,0.26971,0.26488,0.26432,0.26889,0.26695
8344.0,0.07205,0.26995,0.26521,0.26461,0.26921,0.267245
8345.0,-0.0005,0.27012,0.26549,0.26487,0.26948,0.26749
8346.0,0.3313,0.27031,0.26575,0.26511,0.26971,0.26771999999999996
8347.0,0.56249,0.27048,0.26598,0.26533,0.26993,0.26793
8348.0,0.42676,0.27061,0.26617,0.26549,0.27013,0.2681
8349.0,0.21077,0.27074,0.26632,0.26559,0.2703,0.2682375
8350.0,0.04562,0.27079,0.2664,0.26566,0.27044,0.2683225
8351.0,0.07263,0.27086,0.26646,0.2657,0.27054,0.26839
8352.0,0.30033,0.27087,0.2665,0.26571,0.27062,0.268425
8353.0,0.37569,0.27086,0.26651,0.26566,0.27065,0.26842
8354.0,0.2425,0.27083,0.26647,0.26554,0.27064,0.26837
8355.0,0.10984,0.27076,0.26638,0.26539,0.27055,0.26827
8356.0,0.06429,0.27066,0.26624,0.26522,0.27039,0.26812749999999996
8357.0,0.34298,0.27055,0.26608,0.26503,0.27018,0.26796
8358.0,0.82619,0.2704,0.2659,0.26482,0.26991,0.2677575
8359.0,0.94067,0.27023,0.26569,0.26458,0.26961,0.26752750000000003
8360.0,0.72332,0.27003,0.26544,0.26433,0.26926,0.26726500000000003
8361.0,0.4411,0.26981,0.26519,0.26409,0.26888,0.26699249999999997
8362.0,0.19476,0.26959,0.26496,0.26385,0.2685,0.266725
8363.0,0.17265,0.26932,0.26473,0.26362,0.26816,0.2664575
8364.0,0.26651,0.26908,0.26451,0.26336,0.26787,0.266205
8365.0,0.2753,0.2688,0.26429,0.26311,0.26764,0.26596
8366.0,0.23177,0.2685,0.26408,0.26286,0.26743,0.2657175
8367.0,0.1847,0.2682,0.26388,0.26259,0.26724,0.2654775
8368.0,0.1679,0.26786,0.26366,0.26231,0.26707,0.265225
8369.0,0.21513,0.26755,0.26342,0.26199,0.26688,0.26496
8370.0,0.26477,0.26718,0.26314,0.26164,0.26665,0.26465249999999996
8371.0,0.27007,0.26686,0.26284,0.26128,0.26637,0.2643375
8372.0,0.25467,0.2665,0.2625,0.2609,0.26604,0.263985
8373.0,0.23314,0.26613,0.26214,0.26052,0.26566,0.2636125
8374.0,0.22317,0.26577,0.26176,0.26016,0.26521,0.263225
8375.0,0.23099,0.26538,0.26138,0.25983,0.26473,0.26283
8376.0,0.22394,0.26506,0.26102,0.25951,0.26424,0.2624575
8377.0,0.19227,0.26468,0.26066,0.25919,0.26372,0.2620625
8378.0,0.15899,0.26437,0.26032,0.25886,0.26317,0.26168
8379.0,0.13301,0.26404,0.25995,0.25851,0.26255,0.2612625
8380.0,0.13389,0.26376,0.25956,0.25814,0.2619,0.26084
8381.0,0.15971,0.26352,0.25919,0.25772,0.26124,0.26041749999999997
8382.0,0.17333,0.26329,0.25878,0.25727,0.26062,0.25999
8383.0,0.17787,0.26314,0.25836,0.25679,0.26003,0.25958
8384.0,0.21596,0.26297,0.25794,0.25635,0.25951,0.25919250000000005
8385.0,0.28804,0.26292,0.25755,0.256,0.25915,0.258905
8386.0,0.37676,0.26285,0.25728,0.25577,0.25901,0.2587275
8387.0,0.45026,0.26289,0.25712,0.25566,0.25911,0.258695
8388.0,0.42334,0.26295,0.25709,0.25572,0.25942,0.258795
8389.0,0.34367,0.26305,0.2572,0.25593,0.25991,0.2590225
8390.0,0.32872,0.26323,0.25745,0.25628,0.26056,0.25938000000000005
8391.0,0.33192,0.26335,0.25782,0.25674,0.26131,0.25980499999999995
8392.0,0.26363,0.2636,0.25829,0.2572,0.26208,0.2602925
8393.0,0.17696,0.26377,0.25875,0.25768,0.26279,0.2607475
8394.0,0.14786,0.26404,0.2592,0.25814,0.26342,0.2612
8395.0,0.19738,0.26428,0.25962,0.25855,0.26399,0.26161
8396.0,0.34751,0.26452,0.25997,0.25891,0.26447,0.26196749999999996
8397.0,0.52132,0.2648,0.26029,0.25919,0.26487,0.2622875
8398.0,0.65367,0.26496,0.26052,0.25944,0.26517,0.2625225
8399.0,0.62786,0.26522,0.26073,0.25965,0.26541,0.2627525
8400.0,0.37527,0.26535,0.2609,0.25982,0.26563,0.262925
8401.0,0.18761,0.26554,0.26104,0.25995,0.26581,0.263085
8402.0,0.20703,0.26566,0.26115,0.26001,0.26593,0.2631875
8403.0,0.23255,0.26577,0.26121,0.26003,0.26597,0.263245
8404.0,0.18681,0.26589,0.26123,0.25996,0.26594,0.263255
8405.0,0.15552,0.26591,0.26118,0.25981,0.26586,0.26319000000000004
8406.0,0.16395,0.26599,0.26105,0.2596,0.26573,0.2630925
8407.0,0.17935,0.26596,0.26086,0.25933,0.26555,0.26292499999999996
8408.0,0.19164,0.26598,0.26063,0.25904,0.26532,0.2627425
8409.0,0.18985,0.26593,0.26036,0.25875,0.26508,0.26253
8410.0,0.18079,0.2659,0.26009,0.25848,0.26488,0.2623375
8411.0,0.21796,0.26586,0.25983,0.25829,0.26474,0.26217999999999997
8412.0,0.28955,0.26579,0.25964,0.25817,0.26466,0.262065
8413.0,0.30037,0.26574,0.25951,0.25815,0.26466,0.262015
8414.0,0.26048,0.26563,0.25947,0.25824,0.26472,0.262015
8415.0,0.25085,0.26554,0.25952,0.25841,0.26483,0.26207499999999995
8416.0,0.26819,0.26538,0.25965,0.25863,0.26496,0.262155
8417.0,0.28042,0.26526,0.25983,0.25888,0.26505,0.262255
8418.0,0.2846,0.2651,0.26004,0.25911,0.2651,0.2623375
8419.0,0.27873,0.26494,0.26024,0.25929,0.26509,0.26239
8420.0,0.26748,0.26476,0.26041,0.2594,0.26499,0.26239
8421.0,0.26011,0.26454,0.26051,0.25941,0.26482,0.26232
8422.0,0.25934,0.26432,0.26054,0.25934,0.26455,0.2621875
8423.0,0.26904,0.26402,0.2605,0.25922,0.26424,0.261995
8424.0,0.28127,0.26375,0.26042,0.25904,0.26393,0.261785
8425.0,0.28586,0.26343,0.26029,0.2588,0.26361,0.26153249999999995
8426.0,0.28061,0.26314,0.26012,0.25852,0.26328,0.261265
8427.0,0.26341,0.26284,0.25991,0.2582,0.26291,0.260965
8428.0,0.25004,0.26251,0.25965,0.25783,0.26249,0.26061999999999996
8429.0,0.25305,0.26222,0.25935,0.25739,0.262,0.26024
8430.0,0.2689,0.26186,0.25898,0.25684,0.26137,0.2597625
8431.0,0.29485,0.26156,0.2585,0.25618,0.2606,0.25921
8432.0,0.30878,0.26125,0.25793,0.25546,0.25974,0.258595
8433.0,0.29866,0.26098,0.25728,0.25472,0.25887,0.2579625
8434.0,0.25251,0.26079,0.25662,0.25399,0.25807,0.2573675
8435.0,0.17236,0.26057,0.25595,0.25334,0.25742,0.25682000000000005
8436.0,0.17565,0.26049,0.25536,0.25283,0.25698,0.25641499999999995
8437.0,0.2909,0.26036,0.25488,0.25251,0.25679,0.256135
8438.0,0.36708,0.2603,0.25458,0.25239,0.25685,0.25603
8439.0,0.36869,0.26027,0.25446,0.25245,0.25714,0.25608
8440.0,0.36743,0.26025,0.25449,0.25264,0.25758,0.25623999999999997
8441.0,0.37709,0.26034,0.25464,0.25292,0.2581,0.2565
8442.0,0.37601,0.26039,0.25486,0.25326,0.25865,0.25679
8443.0,0.36001,0.26056,0.25514,0.25366,0.25919,0.2571375
8444.0,0.32884,0.26069,0.25546,0.25409,0.25971,0.2574875
8445.0,0.29484,0.26084,0.25582,0.25452,0.2602,0.257845
8446.0,0.31311,0.26102,0.25618,0.25495,0.26065,0.2582
8447.0,0.36213,0.26112,0.25655,0.25543,0.26105,0.25853750000000003
8448.0,0.33902,0.26129,0.25697,0.25595,0.26141,0.258905
8449.0,0.27148,0.26138,0.25744,0.25648,0.26174,0.25926000000000005
8450.0,0.27188,0.2615,0.25793,0.25698,0.26201,0.25960500000000003
8451.0,0.30871,0.26159,0.2584,0.2574,0.26221,0.2599
8452.0,0.28375,0.26163,0.25881,0.25772,0.26234,0.260125
8453.0,0.21871,0.26168,0.25915,0.25795,0.26237,0.2602875
8454.0,0.16886,0.26164,0.2594,0.25806,0.26233,0.26035749999999996
8455.0,0.14779,0.26162,0.25955,0.25803,0.26223,0.2603575
8456.0,0.17613,0.26152,0.25958,0.25789,0.26206,0.26026249999999995
8457.0,0.20682,0.26144,0.25949,0.25763,0.26183,0.2600975
8458.0,0.17154,0.26132,0.2593,0.25726,0.26153,0.2598525
8459.0,0.13591,0.2612,0.25901,0.25681,0.26116,0.259545
8460.0,0.17845,0.26108,0.25863,0.25626,0.26072,0.25917250000000003
8461.0,0.23066,0.26093,0.25817,0.25566,0.26021,0.2587425
8462.0,0.22622,0.26082,0.25765,0.25501,0.25965,0.25828249999999997
8463.0,0.21249,0.26066,0.25708,0.25436,0.25907,0.2577925
8464.0,0.22698,0.26058,0.2565,0.25373,0.2585,0.2573275
8465.0,0.25195,0.26047,0.25593,0.25321,0.25799,0.25689999999999996
8466.0,0.27547,0.26043,0.25545,0.25282,0.25762,0.25658
8467.0,0.28429,0.26039,0.25509,0.2526,0.25742,0.25637499999999996
8468.0,0.272,0.26038,0.25486,0.25256,0.25741,0.2563025
8469.0,0.26678,0.26041,0.25481,0.25273,0.25759,0.256385
8470.0,0.2795,0.26044,0.25495,0.2531,0.25794,0.2566075
8471.0,0.26609,0.26052,0.25527,0.25361,0.25843,0.2569575
8472.0,0.21354,0.26055,0.25574,0.25422,0.25901,0.25738
8473.0,0.18436,0.26066,0.25629,0.25486,0.25961,0.257855
8474.0,0.19484,0.26072,0.25688,0.25551,0.26019,0.258325
8475.0,0.19541,0.26079,0.25749,0.25611,0.26072,0.25877750000000005
8476.0,0.17558,0.26083,0.25805,0.25663,0.26117,0.25917
8477.0,0.16481,0.26083,0.25853,0.25706,0.26153,0.25948750000000004
8478.0,0.17026,0.26081,0.25895,0.25742,0.26181,0.2597475
8479.0,0.19365,0.26069,0.25929,0.25769,0.26203,0.25992499999999996
8480.0,0.22565,0.26056,0.25955,0.25789,0.2622,0.26005
8481.0,0.20958,0.26033,0.25974,0.25802,0.26231,0.2601
8482.0,0.1593,0.26007,0.25987,0.25809,0.26235,0.260095
8483.0,0.18771,0.25971,0.25995,0.2581,0.26234,0.260025
8484.0,0.2754,0.25926,0.25997,0.25804,0.26225,0.25988
8485.0,0.28066,0.25873,0.25992,0.25785,0.26205,0.2596375
8486.0,0.22461,0.25816,0.25975,0.25752,0.26165,0.25927
8487.0,0.23465,0.25753,0.25943,0.25701,0.26097,0.258735
8488.0,0.29681,0.25688,0.25894,0.25629,0.25995,0.258015
8489.0,0.33693,0.2562,0.25824,0.25533,0.25858,0.2570875
8490.0,0.33844,0.25551,0.2573,0.25408,0.25685,0.255935
8491.0,0.27169,0.25481,0.25607,0.25251,0.25479,0.254545
8492.0,0.1851,0.25412,0.25454,0.25066,0.25243,0.2529375
8493.0,0.18789,0.25348,0.25273,0.24864,0.24987,0.25118
8494.0,0.24393,0.25285,0.25075,0.2466,0.24734,0.24938500000000002
8495.0,0.27811,0.25241,0.24876,0.24468,0.24515,0.24775
8496.0,0.28557,0.25198,0.24691,0.24303,0.24355,0.24636749999999996
8497.0,0.26125,0.25176,0.24532,0.24174,0.24269,0.2453775
8498.0,0.23113,0.25155,0.2441,0.24095,0.24254,0.244785
8499.0,0.23117,0.25149,0.24337,0.24077,0.24312,0.2446875
8500.0,0.25203,0.25147,0.24322,0.2412,0.24433,0.24505500000000002
