Lambda,OBS,CAL,GD1,GD2,GD3,Syn_mean
3400.0,1.4819,1.58263,1.58713,1.56966,1.56024,1.574915
3401.0,1.29379,1.5712,1.57365,1.55687,1.54892,1.56266
3402.0,1.7171,1.56436,1.56475,1.54829,1.54151,1.5547274999999998
3403.0,1.70104,1.56039,1.55902,1.54263,1.53664,1.54967
3404.0,1.69757,1.55768,1.55491,1.5385,1.53304,1.5460325
3405.0,1.52982,1.55538,1.55142,1.535,1.53003,1.5429575
3406.0,1.26016,1.5536,1.54865,1.53226,1.52778,1.5405725000000001
3407.0,1.68065,1.55313,1.54753,1.5312,1.52709,1.5397375
3408.0,1.35911,1.55433,1.5486,1.5323,1.52824,1.5408675
3409.0,1.18473,1.55626,1.55086,1.53453,1.53013,1.542945
3410.0,2.1283,1.55731,1.55232,1.53588,1.53098,1.5441224999999998
3411.0,1.79266,1.55688,1.55182,1.53521,1.53008,1.5434975
3412.0,1.41924,1.55603,1.55017,1.53336,1.52854,1.5420250000000002
3413.0,1.53789,1.5564,1.5493,1.53239,1.52827,1.54159
3414.0,1.3039,1.55879,1.5507,1.53384,1.53041,1.5434350000000001
3415.0,1.48025,1.56289,1.55473,1.53805,1.53488,1.5476375
3416.0,1.08476,1.568,1.56092,1.54447,1.54091,1.553575
3417.0,0.62691,1.57351,1.56844,1.55213,1.5476,1.56042
3418.0,1.33434,1.57885,1.57622,1.5599,1.55405,1.567255
3419.0,1.4921,1.58341,1.58303,1.56656,1.55938,1.573095
3420.0,1.67436,1.58667,1.58782,1.57112,1.5629,1.5771275
3421.0,1.86873,1.58843,1.59015,1.57318,1.56438,1.579035
3422.0,1.53885,1.58884,1.59032,1.57311,1.56415,1.579105
3423.0,1.64232,1.58823,1.58914,1.57176,1.56288,1.5780025
3424.0,1.70898,1.5871,1.58756,1.57015,1.56141,1.576555
3425.0,1.46941,1.58622,1.58666,1.56936,1.56069,1.5757325000000002
3426.0,1.31942,1.58649,1.5875,1.57041,1.56163,1.5765075
3427.0,1.15308,1.58821,1.59037,1.57349,1.5643,1.5790925
3428.0,1.80557,1.59035,1.59394,1.57721,1.56732,1.582205
3429.0,1.66435,1.59102,1.59568,1.57905,1.56848,1.5835575000000002
3430.0,1.3913,1.5891,1.59378,1.57727,1.56649,1.5816599999999998
3431.0,1.77968,1.58536,1.58889,1.57257,1.56224,1.577265
3432.0,1.8122,1.58201,1.58375,1.56764,1.55822,1.572905
3433.0,1.38656,1.58079,1.58095,1.56501,1.55641,1.5707900000000001
3434.0,1.24212,1.58136,1.58057,1.56474,1.55654,1.5708025
3435.0,1.38375,1.58106,1.57965,1.56392,1.55584,1.5701174999999998
3436.0,1.51684,1.57662,1.57413,1.55858,1.55081,1.565035
3437.0,1.53249,1.56632,1.56172,1.54647,1.53959,1.553525
3438.0,1.55105,1.55136,1.54362,1.52866,1.52327,1.5367275
3439.0,1.60645,1.53527,1.52393,1.50915,1.50551,1.518465
3440.0,1.48015,1.52222,1.50766,1.4929,1.49081,1.5033975
3441.0,1.63597,1.515,1.49824,1.48339,1.48238,1.4947525
3442.0,1.42216,1.51356,1.4959,1.48102,1.48049,1.4927424999999999
3443.0,1.18997,1.51538,1.49804,1.4833,1.48269,1.4948525
3444.0,1.4119,1.51758,1.50162,1.48718,1.48608,1.498115
3445.0,1.22495,1.51929,1.50562,1.49153,1.48959,1.5015075
3446.0,1.26689,1.52161,1.51092,1.49713,1.49407,1.5059325
3447.0,1.54111,1.52519,1.51771,1.50416,1.49974,1.5117
3448.0,1.43662,1.52799,1.5233,1.51001,1.50417,1.5163675
3449.0,1.53003,1.52635,1.52346,1.51053,1.50358,1.5159799999999999
3450.0,1.74293,1.51863,1.51634,1.50386,1.4964,1.5088075
3451.0,1.22971,1.50717,1.50452,1.4925,1.48522,1.4973524999999999
3452.0,1.98729,1.49644,1.49298,1.48139,1.47468,1.4863725
3453.0,1.7421,1.48954,1.48539,1.47417,1.46799,1.4792725
3454.0,0.93069,1.48652,1.48205,1.4711,1.46522,1.4762225
3455.0,1.45593,1.48534,1.48064,1.46985,1.4641,1.4749825
3456.0,2.01798,1.48363,1.47829,1.46754,1.46203,1.4728725000000003
3457.0,1.86825,1.48015,1.4735,1.46275,1.45774,1.4685350000000001
3458.0,1.28215,1.47551,1.46714,1.45637,1.45209,1.4627775
3459.0,1.38145,1.47185,1.46198,1.45117,1.44759,1.4581475000000002
3460.0,2.07555,1.47168,1.46109,1.45018,1.447,1.4574875
3461.0,1.5129,1.47622,1.4659,1.45488,1.45164,1.4621600000000001
3462.0,1.67613,1.48427,1.47493,1.46386,1.46016,1.470805
3463.0,1.44787,1.49274,1.48452,1.4735,1.46918,1.479985
3464.0,1.51589,1.49882,1.49144,1.48054,1.47568,1.4866200000000003
3465.0,1.1251,1.50182,1.49498,1.48421,1.47899,1.4899999999999998
3466.0,1.72144,1.50282,1.49648,1.48579,1.48027,1.4913399999999999
3467.0,1.43324,1.50297,1.49743,1.48683,1.48082,1.4920125
3468.0,1.49137,1.50252,1.4981,1.48757,1.48093,1.49228
3469.0,1.05678,1.50105,1.49754,1.48709,1.47988,1.49139
3470.0,1.16707,1.49787,1.49446,1.48409,1.47668,1.488275
3471.0,1.71639,1.49285,1.48832,1.47803,1.47105,1.4825625
3472.0,1.31236,1.4866,1.47981,1.4696,1.46363,1.47491
3473.0,1.41725,1.47987,1.47014,1.46002,1.45538,1.4663525
3474.0,1.19827,1.47286,1.4605,1.45051,1.44701,1.45772
3475.0,0.93298,1.4655,1.45188,1.44202,1.439,1.4496
3476.0,1.20457,1.4581,1.44515,1.43542,1.43197,1.4426599999999998
3477.0,1.23316,1.45157,1.44095,1.43138,1.42672,1.437655
3478.0,1.42834,1.4471,1.43954,1.43011,1.424,1.4351875
3479.0,1.51094,1.44541,1.44048,1.43116,1.42385,1.435225
3480.0,1.60434,1.44591,1.44252,1.43326,1.4252,1.4367225000000001
3481.0,0.96758,1.44721,1.44432,1.435,1.4266,1.4382825000000001
3482.0,1.28346,1.4488,1.44591,1.43641,1.42788,1.43975
3483.0,1.7399,1.45199,1.4491,1.43935,1.43076,1.4428
3484.0,1.46195,1.45846,1.45575,1.44578,1.43711,1.449275
3485.0,1.25963,1.468,1.46552,1.45546,1.44669,1.4589175
3486.0,1.48744,1.47813,1.47556,1.46552,1.45677,1.4689949999999998
3487.0,1.40788,1.48571,1.48226,1.47229,1.46388,1.476035
3488.0,1.47289,1.48888,1.48351,1.47367,1.46605,1.4780275
3489.0,1.77205,1.48805,1.48022,1.47052,1.464,1.4756975000000003
3490.0,1.54168,1.48575,1.47578,1.46618,1.46078,1.4721224999999998
3491.0,1.66488,1.48491,1.47367,1.46414,1.45945,1.4705425
3492.0,1.72161,1.48623,1.47456,1.46514,1.46061,1.471635
3493.0,1.28883,1.4877,1.47599,1.46679,1.46204,1.4731299999999998
3494.0,1.28387,1.48676,1.47508,1.46616,1.46121,1.4723025
3495.0,1.19606,1.48312,1.4714,1.46281,1.45785,1.468795
3496.0,1.43879,1.47858,1.4671,1.45882,1.45395,1.4646125
3497.0,1.63476,1.4748,1.46413,1.45621,1.45123,1.4615924999999999
3498.0,1.52624,1.47147,1.4622,1.45477,1.44934,1.459445
3499.0,1.27952,1.46713,1.45966,1.45282,1.4467,1.4565774999999999
3500.0,1.12991,1.46153,1.45592,1.44964,1.44279,1.45247
3501.0,1.29269,1.45609,1.45211,1.4462,1.43869,1.4482725
3502.0,1.33378,1.45192,1.44914,1.44337,1.43523,1.444915
3503.0,1.29324,1.44832,1.4462,1.44039,1.43169,1.4416499999999999
3504.0,1.44482,1.4439,1.44192,1.43596,1.42697,1.4371874999999998
3505.0,1.14154,1.4386,1.43627,1.43018,1.42128,1.4315825
3506.0,0.89985,1.43368,1.43052,1.42444,1.416,1.4261599999999999
3507.0,1.32158,1.42992,1.42556,1.41963,1.41192,1.4217575
3508.0,1.37121,1.42668,1.42085,1.41515,1.40835,1.4177575
3509.0,1.05239,1.42277,1.41526,1.40981,1.40402,1.412965
3510.0,1.2972,1.41773,1.40851,1.40326,1.39846,1.40699
3511.0,1.40571,1.4124,1.40163,1.3965,1.39256,1.4007725
3512.0,1.16088,1.40851,1.39669,1.39157,1.38823,1.39625
3513.0,1.31427,1.40785,1.39578,1.3906,1.38742,1.3954125
3514.0,1.77865,1.41109,1.39989,1.39463,1.39101,1.399155
3515.0,1.50881,1.41729,1.40807,1.40278,1.39807,1.4065524999999999
3516.0,1.33946,1.42418,1.41757,1.41228,1.4061,1.4150325000000001
3517.0,1.42991,1.42941,1.42495,1.41972,1.4122,1.42157
3518.0,1.4317,1.43136,1.42765,1.42249,1.41429,1.4239475000000001
3519.0,1.42916,1.42962,1.42484,1.41973,1.41176,1.4214875
3520.0,1.65485,1.42481,1.41758,1.41247,1.4055,1.41509
3521.0,1.22018,1.41842,1.4081,1.40294,1.39735,1.4067025
3522.0,0.93965,1.41211,1.39874,1.39347,1.38933,1.3984125
3523.0,1.61753,1.40708,1.39118,1.38582,1.38292,1.39175
3524.0,1.03478,1.4039,1.38647,1.38111,1.37904,1.3876300000000001
3525.0,1.47763,1.40301,1.38543,1.38022,1.37836,1.386755
3526.0,1.40934,1.40469,1.38854,1.38358,1.38125,1.3895150000000003
3527.0,1.52743,1.40897,1.39532,1.39068,1.38732,1.3955724999999999
3528.0,1.41345,1.41498,1.40414,1.3998,1.39519,1.4035275
3529.0,1.26883,1.42137,1.41287,1.40872,1.40299,1.4114875
3530.0,1.8616,1.42689,1.41988,1.41577,1.40924,1.417945
3531.0,1.24847,1.43069,1.42452,1.42037,1.41328,1.422215
3532.0,1.29604,1.43252,1.42703,1.42284,1.41524,1.4244075
3533.0,1.44084,1.43275,1.42817,1.424,1.41578,1.4251749999999999
3534.0,1.66486,1.43206,1.42873,1.4246,1.41565,1.4252600000000002
3535.0,1.12669,1.43114,1.42914,1.42507,1.41534,1.4251725
3536.0,1.47471,1.43028,1.42955,1.42552,1.41503,1.425095
3537.0,1.20551,1.42958,1.43004,1.42597,1.41483,1.425105
3538.0,1.59235,1.42927,1.43067,1.42653,1.41489,1.4253399999999998
3539.0,0.98513,1.42949,1.43133,1.42715,1.41525,1.425805
3540.0,1.60728,1.43007,1.43188,1.4277,1.41583,1.42637
3541.0,1.46609,1.43101,1.43252,1.42844,1.41673,1.427175
3542.0,1.2036,1.43243,1.43382,1.42987,1.41824,1.42859
3543.0,1.57752,1.43425,1.43581,1.432,1.42022,1.43057
3544.0,1.19072,1.43591,1.43767,1.43398,1.42195,1.4323775
3545.0,1.16505,1.43672,1.43841,1.43481,1.42269,1.4331575
3546.0,1.36548,1.43654,1.43776,1.43429,1.4224,1.4327475
3547.0,1.38644,1.43572,1.43616,1.43292,1.42146,1.431565
3548.0,1.41315,1.43425,1.43387,1.43093,1.41994,1.4297475
3549.0,1.6652,1.43169,1.43064,1.42798,1.41739,1.426925
3550.0,1.30163,1.42797,1.42631,1.42381,1.41363,1.42293
3551.0,1.63111,1.42361,1.42116,1.41871,1.40902,1.4181249999999999
3552.0,2.02603,1.41919,1.41566,1.41324,1.40417,1.4130649999999998
3553.0,1.57293,1.41498,1.41033,1.40799,1.39954,1.40821
3554.0,1.78733,1.41127,1.40586,1.4036,1.39563,1.4040899999999998
3555.0,1.14704,1.40874,1.40309,1.40086,1.39306,1.4014375000000001
3556.0,0.97289,1.408,1.40241,1.40012,1.39225,1.400695
3557.0,1.32612,1.40881,1.40333,1.40097,1.39291,1.4015050000000002
3558.0,0.94968,1.41035,1.40494,1.4026,1.39434,1.4030575
3559.0,1.45143,1.41177,1.40661,1.40438,1.39591,1.4046675
3560.0,1.21703,1.4127,1.40798,1.40591,1.39718,1.4059425
3561.0,0.8485,1.41268,1.40824,1.40628,1.39731,1.4061275
3562.0,1.21538,1.41093,1.40591,1.40393,1.395,1.4039424999999999
3563.0,1.24413,1.40684,1.39994,1.39782,1.38948,1.39852
3564.0,1.23709,1.40093,1.39105,1.38873,1.38157,1.3905699999999999
3565.0,1.08703,1.39464,1.38145,1.37899,1.37326,1.382085
3566.0,1.36666,1.38884,1.37287,1.37039,1.3659,1.3744999999999998
3567.0,1.51122,1.38296,1.36505,1.36265,1.35902,1.3674199999999999
3568.0,1.5088,1.3754,1.35616,1.35396,1.35091,1.3591075
3569.0,1.43069,1.36521,1.34507,1.34317,1.34057,1.3485049999999998
3570.0,1.2583,1.35313,1.33274,1.33124,1.32901,1.33653
3571.0,1.48957,1.34172,1.32194,1.32093,1.31884,1.3258575
3572.0,1.21903,1.33352,1.31504,1.31457,1.31233,1.318865
3573.0,1.65109,1.32943,1.31239,1.31245,1.30981,1.31602
3574.0,1.09089,1.32802,1.31214,1.31258,1.30958,1.31558
3575.0,1.18234,1.32727,1.31189,1.31257,1.30939,1.31528
3576.0,1.37242,1.32534,1.30965,1.31044,1.30736,1.3131975
3577.0,1.25815,1.32112,1.30426,1.30505,1.30244,1.3082175
3578.0,1.18985,1.31472,1.29585,1.29657,1.2949,1.30051
3579.0,1.30835,1.30757,1.28608,1.28672,1.28635,1.29168
3580.0,1.31304,1.30136,1.27722,1.27784,1.27884,1.283815
3581.0,1.20689,1.29707,1.27086,1.27155,1.27363,1.2782775
3582.0,1.28251,1.29439,1.26699,1.26783,1.27054,1.2749375
3583.0,1.3821,1.29241,1.2644,1.26546,1.26847,1.272685
3584.0,1.3288,1.29037,1.26189,1.26322,1.26649,1.2704925
3585.0,1.09579,1.28827,1.25935,1.261,1.26461,1.2683075000000001
3586.0,1.44809,1.28707,1.25819,1.26022,1.26401,1.2673725
3587.0,1.69161,1.28816,1.26047,1.26284,1.26631,1.269445
3588.0,1.13815,1.29243,1.26728,1.26991,1.27234,1.27549
3589.0,1.66713,1.29936,1.27768,1.28045,1.28124,1.2846825000000002
3590.0,1.33896,1.30709,1.28901,1.29186,1.29075,1.2946775
3591.0,1.20312,1.31355,1.2986,1.30144,1.2986,1.3030475
3592.0,1.3753,1.31794,1.30543,1.30819,1.304,1.30889
3593.0,1.13908,1.32114,1.31056,1.3132,1.30793,1.3132074999999999
3594.0,1.31943,1.32448,1.31574,1.31826,1.31196,1.3176100000000002
3595.0,1.31104,1.32862,1.3219,1.32432,1.31691,1.3229375
3596.0,1.48195,1.33349,1.32885,1.33121,1.32267,1.329055
3597.0,1.24637,1.33868,1.33579,1.33814,1.32865,1.335315
3598.0,1.19001,1.34349,1.34158,1.34396,1.33388,1.3407275
3599.0,0.8819,1.3468,1.34477,1.34722,1.33701,1.3439500000000002
3600.0,1.19861,1.34728,1.34391,1.34646,1.33663,1.3435699999999997
3601.0,1.27551,1.34421,1.33852,1.34114,1.33218,1.3390125
3602.0,1.48148,1.33826,1.32979,1.3324,1.32464,1.3312724999999999
3603.0,1.26316,1.33133,1.32031,1.32281,1.31626,1.3226775
3604.0,1.51104,1.32522,1.31232,1.31462,1.30905,1.3153025
3605.0,1.29601,1.32079,1.30662,1.3087,1.30378,1.3099725
3606.0,0.96325,1.31768,1.30253,1.30442,1.29998,1.3061525
3607.0,1.18673,1.31528,1.29915,1.30094,1.29699,1.30309
3608.0,1.43671,1.31351,1.29657,1.29836,1.29486,1.300825
3609.0,1.54045,1.31284,1.29566,1.29755,1.29426,1.3000775
3610.0,1.58883,1.3136,1.29711,1.29918,1.2956,1.3013725
3611.0,1.28194,1.31554,1.30059,1.30286,1.29851,1.304375
3612.0,1.60174,1.31807,1.30507,1.30751,1.3021,1.3081875
3613.0,1.5261,1.32058,1.30947,1.31199,1.30547,1.3118774999999998
3614.0,1.14397,1.32248,1.31265,1.31511,1.30771,1.3144875
3615.0,1.33725,1.32324,1.31351,1.31582,1.30803,1.31515
3616.0,1.59076,1.32258,1.31154,1.31365,1.30616,1.3134825
3617.0,1.31814,1.32092,1.30765,1.30954,1.30294,1.3102624999999999
3618.0,1.28516,1.31986,1.30465,1.30634,1.30067,1.30788
3619.0,1.66222,1.32145,1.30583,1.30737,1.30201,1.309165
3620.0,1.79283,1.32678,1.31267,1.31416,1.30813,1.3154350000000001
3621.0,1.63854,1.33498,1.32369,1.32522,1.31779,1.3254199999999998
3622.0,0.68276,1.34411,1.33601,1.33771,1.32857,1.3366
3623.0,1.55132,1.35228,1.34724,1.34919,1.33843,1.346785
3624.0,1.42811,1.35883,1.3566,1.35882,1.34666,1.3552275
3625.0,1.16678,1.36389,1.36412,1.36661,1.35321,1.3619575000000002
3626.0,1.29674,1.36696,1.36891,1.37164,1.35725,1.36619
3627.0,1.64314,1.3666,1.36885,1.37172,1.35692,1.3660225
3628.0,1.88685,1.36173,1.36231,1.36522,1.35095,1.3600525
3629.0,1.42786,1.35286,1.34986,1.35277,1.34008,1.3488925000000003
3630.0,1.28497,1.34204,1.33451,1.3375,1.3271,1.3352874999999997
3631.0,1.37703,1.33167,1.32006,1.32327,1.31524,1.32256
3632.0,0.76064,1.32343,1.30933,1.31292,1.30669,1.3130925
3633.0,1.80266,1.31768,1.30295,1.30701,1.30166,1.307325
3634.0,1.54419,1.31403,1.30022,1.30472,1.29928,1.3045625
3635.0,1.40157,1.31194,1.30017,1.30496,1.29866,1.3039325000000002
3636.0,1.40869,1.31155,1.30264,1.30749,1.29979,1.3053675
3637.0,1.40419,1.31359,1.30783,1.31259,1.30318,1.3092975
3638.0,1.71703,1.31804,1.31526,1.31987,1.30869,1.315465
3639.0,1.12559,1.32315,1.32251,1.32698,1.3144,1.32176
3640.0,1.59182,1.32648,1.32654,1.33094,1.31762,1.325395
3641.0,1.64334,1.32611,1.32526,1.32968,1.31644,1.3243725
3642.0,1.43156,1.32135,1.31842,1.32293,1.31049,1.3182975
3643.0,1.30175,1.31304,1.30757,1.31216,1.30096,1.3084324999999999
3644.0,1.22397,1.30313,1.29527,1.29987,1.28995,1.297055
3645.0,1.6733,1.29341,1.28366,1.28816,1.27929,1.28613
3646.0,1.41641,1.28417,1.27328,1.27752,1.26927,1.27606
3647.0,2.07103,1.27398,1.26293,1.2667,1.25845,1.265515
3648.0,1.09745,1.26161,1.2516,1.25475,1.24558,1.253385
3649.0,1.19936,1.2476,1.24021,1.24244,1.23163,1.24047
3650.0,0.87907,1.23493,1.23139,1.23246,1.21956,1.2295850000000002
3651.0,1.05592,1.22735,1.22787,1.22786,1.21266,1.223935
3652.0,0.8578,1.22602,1.23038,1.22947,1.21215,1.2245050000000002
3653.0,1.17974,1.22855,1.236,1.23444,1.21539,1.228595
3654.0,1.41802,1.23246,1.24221,1.24023,1.21981,1.2336775
3655.0,1.43017,1.23644,1.24792,1.24566,1.22414,1.23854
3656.0,1.57401,1.24021,1.25315,1.25064,1.22814,1.243035
3657.0,1.02078,1.24357,1.25779,1.255,1.2316,1.24699
3658.0,1.02337,1.24587,1.26103,1.25797,1.23382,1.2496725
3659.0,1.27019,1.24626,1.26175,1.25849,1.23395,1.2501125
3660.0,1.25263,1.24419,1.25924,1.25591,1.23148,1.2477049999999998
3661.0,1.06167,1.23988,1.25377,1.25058,1.22673,1.24274
3662.0,1.26006,1.23437,1.2468,1.2439,1.22091,1.236495
3663.0,1.34926,1.22896,1.24012,1.23755,1.21547,1.2305249999999999
3664.0,1.29942,1.22462,1.23494,1.23269,1.21128,1.2258825
3665.0,1.322,1.22135,1.23124,1.22928,1.20825,1.22253
3666.0,1.25923,1.2183,1.22784,1.22611,1.20537,1.219405
3667.0,0.82848,1.2148,1.22373,1.22223,1.20189,1.2156624999999999
3668.0,1.39025,1.21143,1.21963,1.21839,1.19849,1.2119849999999999
3669.0,1.22706,1.20951,1.21754,1.21646,1.19679,1.2100750000000002
3670.0,0.99648,1.21004,1.21881,1.21775,1.19779,1.2110975
3671.0,1.11796,1.21267,1.22291,1.22175,1.20097,1.214575
3672.0,0.90414,1.21569,1.22752,1.22618,1.20441,1.21845
3673.0,1.23603,1.21704,1.22984,1.22838,1.20596,1.220305
3674.0,0.9462,1.21554,1.22824,1.22689,1.20438,1.2187625
3675.0,1.30814,1.21101,1.22256,1.22157,1.19959,1.2136825
3676.0,1.64256,1.20382,1.21343,1.21296,1.19208,1.2055725
3677.0,0.96764,1.19503,1.20225,1.20234,1.18298,1.19565
3678.0,1.46005,1.1866,1.19151,1.19215,1.1743,1.18614
3679.0,1.34339,1.1806,1.18401,1.18503,1.16832,1.17949
3680.0,1.1079,1.17811,1.18117,1.18238,1.16613,1.1769475
3681.0,1.52601,1.1787,1.18232,1.18361,1.16715,1.1779449999999998
3682.0,1.38526,1.18043,1.18494,1.18625,1.16924,1.1802150000000002
3683.0,1.22795,1.18082,1.18569,1.18701,1.16962,1.180785
3684.0,1.16224,1.17834,1.18254,1.18391,1.16669,1.17787
3685.0,1.24026,1.17336,1.17611,1.17758,1.16107,1.17203
3686.0,1.32783,1.16816,1.16957,1.17116,1.15551,1.1661000000000001
3687.0,1.13365,1.16584,1.1671,1.16877,1.15349,1.1638
3688.0,1.32172,1.16844,1.17126,1.17291,1.15704,1.1674125
3689.0,1.2286,1.17547,1.1812,1.18269,1.1653,1.1761650000000001
3690.0,1.39416,1.18388,1.19276,1.194,1.17471,1.1863375
3691.0,1.34308,1.18969,1.20076,1.20179,1.18101,1.1933125
3692.0,1.46108,1.19033,1.20207,1.20311,1.18176,1.1943175
3693.0,1.28943,1.18599,1.19719,1.19847,1.1775,1.1897875
3694.0,0.89334,1.17931,1.18956,1.19124,1.1711,1.1828025000000002
3695.0,1.07253,1.1736,1.18338,1.18543,1.16594,1.1770875
3696.0,1.2117,1.17107,1.18137,1.18362,1.16416,1.175055
3697.0,0.81757,1.17216,1.18401,1.18622,1.16611,1.177125
3698.0,1.36791,1.1755,1.1894,1.19142,1.17027,1.1816475
3699.0,1.21784,1.1781,1.19346,1.19535,1.17325,1.1850399999999999
3700.0,0.78188,1.17576,1.1909,1.19289,1.17064,1.1825474999999999
3701.0,1.10181,1.16482,1.17741,1.17987,1.15883,1.1702325
3702.0,1.25082,1.14545,1.15348,1.1567,1.13829,1.1484800000000002
3703.0,1.36946,1.12317,1.12591,1.12988,1.11487,1.1234575
3704.0,1.16835,1.10605,1.1043,1.10869,1.0968,1.10396
3705.0,1.19953,1.09961,1.09508,1.09952,1.08963,1.09596
3706.0,1.26837,1.10341,1.09785,1.10212,1.09289,1.0990674999999999
3707.0,0.81956,1.11224,1.10692,1.11105,1.10152,1.1079325
3708.0,1.20817,1.12075,1.11655,1.12063,1.11032,1.1170624999999998
3709.0,1.1159,1.127,1.12468,1.12878,1.11735,1.1244524999999999
3710.0,1.03504,1.13234,1.13279,1.13688,1.12392,1.1314825
3711.0,1.30089,1.13905,1.14326,1.14709,1.13221,1.1404025
3712.0,1.40166,1.14827,1.15679,1.16006,1.14306,1.152045
3713.0,1.11769,1.15939,1.17168,1.17431,1.15524,1.165155
3714.0,1.11901,1.16983,1.1845,1.18655,1.16594,1.1767050000000001
3715.0,1.30714,1.17551,1.1905,1.19215,1.17104,1.1823000000000001
3716.0,0.91667,1.17273,1.18543,1.18708,1.1668,1.17801
3717.0,0.9849,1.1599,1.1678,1.16991,1.15189,1.162375
3718.0,0.81773,1.13819,1.13952,1.14243,1.12793,1.1370175
3719.0,1.22798,1.11207,1.10643,1.11035,1.09995,1.1072
3720.0,1.46662,1.08881,1.07779,1.08262,1.07589,1.0812775
3721.0,1.90059,1.07596,1.0629,1.06827,1.0636,1.0676825
3722.0,2.38209,1.07776,1.06645,1.0718,1.06698,1.0707475
3723.0,3.19908,1.09254,1.08577,1.09061,1.08367,1.0881474999999998
3724.0,7.5856,1.11363,1.11207,1.11614,1.10621,1.1120124999999998
3725.0,18.10324,1.13331,1.1356,1.13899,1.1264,1.133575
3726.0,26.55578,1.14685,1.15093,1.15387,1.13968,1.1478325
3727.0,28.72721,1.15338,1.15768,1.1604,1.14566,1.15428
3728.0,30.59178,1.15388,1.15756,1.16032,1.14556,1.15433
3729.0,30.74772,1.14833,1.15091,1.15384,1.13939,1.1481175
3730.0,19.75728,1.13512,1.13565,1.13884,1.1253,1.1337275
3731.0,8.19631,1.11344,1.11026,1.11389,1.10223,1.109955
3732.0,2.83457,1.08594,1.07759,1.08178,1.07302,1.0795825
3733.0,1.48999,1.05913,1.04542,1.05006,1.0447,1.0498275
3734.0,2.04845,1.04098,1.02325,1.0281,1.02567,1.0295
3735.0,1.36745,1.03753,1.01835,1.02314,1.02219,1.0253025
3736.0,1.34539,1.04995,1.03247,1.03693,1.03563,1.038745
3737.0,0.88139,1.07446,1.06116,1.06515,1.06187,1.06566
3738.0,0.77334,1.10448,1.09648,1.09999,1.09375,1.098675
3739.0,0.97726,1.13292,1.12985,1.1329,1.1236,1.1298175
3740.0,0.71349,1.15391,1.15404,1.15665,1.14503,1.1524075
3741.0,1.0183,1.16399,1.16482,1.16714,1.15446,1.1626025
3742.0,1.22151,1.16258,1.16177,1.164,1.15162,1.1599925
3743.0,1.00515,1.15137,1.14735,1.14974,1.13873,1.1467975000000001
3744.0,1.04581,1.13311,1.12531,1.12807,1.11893,1.126355
3745.0,0.91601,1.11009,1.09874,1.10197,1.09477,1.1013924999999998
3746.0,0.95733,1.0838,1.06936,1.07311,1.06772,1.0734975000000002
3747.0,1.08422,1.0562,1.03936,1.04365,1.03986,1.0447674999999998
3748.0,1.21316,1.03138,1.0135,1.01821,1.01565,1.019685
3749.0,1.40346,1.01556,0.99883,1.0037,1.00159,1.00492
3750.0,1.68891,1.01435,1.00126,1.00601,1.00309,1.0061775000000002
3751.0,1.35538,1.02873,1.02112,1.02553,1.02056,1.023985
3752.0,1.08274,1.05368,1.05196,1.05597,1.04833,1.0524850000000001
3753.0,0.86872,1.08101,1.08399,1.08771,1.07769,1.0826
3754.0,0.89069,1.10352,1.10877,1.11242,1.10107,1.1064450000000001
3755.0,1.11774,1.11746,1.1219,1.12576,1.11449,1.1199024999999998
3756.0,0.96256,1.12248,1.12346,1.1277,1.11794,1.122895
3757.0,0.93707,1.12082,1.11704,1.12178,1.11448,1.1185299999999998
3758.0,0.82751,1.11713,1.10905,1.11433,1.10941,1.1124800000000001
3759.0,0.83919,1.11635,1.10617,1.11173,1.10824,1.1106225
3760.0,1.02427,1.1206,1.11078,1.11622,1.11277,1.1150925
3761.0,0.92493,1.12844,1.1204,1.12544,1.12083,1.1237775
3762.0,1.1635,1.13569,1.12992,1.13435,1.12814,1.132025
3763.0,0.81095,1.13818,1.13434,1.13822,1.13047,1.1353025
3764.0,1.18109,1.1338,1.13125,1.1348,1.12577,1.131405
3765.0,1.06114,1.12206,1.12041,1.12378,1.11375,1.12
3766.0,0.89551,1.10344,1.10259,1.10584,1.09507,1.101735
3767.0,0.89229,1.07953,1.07951,1.08271,1.07135,1.078275
3768.0,0.97452,1.05363,1.05464,1.05783,1.04596,1.053015
3769.0,1.37421,1.03118,1.03374,1.03676,1.02452,1.03155
3770.0,1.84785,1.01845,1.02314,1.02574,1.01326,1.0201475
3771.0,1.57901,1.02011,1.027,1.02917,1.01633,1.0231525
3772.0,1.31621,1.03651,1.04536,1.04716,1.03379,1.040705
3773.0,1.21848,1.06308,1.0733,1.07478,1.06094,1.068025
3774.0,1.08121,1.0934,1.10405,1.10535,1.09113,1.0984825
3775.0,1.23781,1.12249,1.13285,1.13409,1.11958,1.1272525
3776.0,1.45875,1.14771,1.15772,1.15892,1.14417,1.15213
3777.0,0.93488,1.16838,1.1784,1.17958,1.16454,1.172725
3778.0,0.88791,1.18489,1.19539,1.19658,1.18116,1.189505
3779.0,1.1248,1.19789,1.20912,1.21039,1.19453,1.2029825
3780.0,1.04273,1.20771,1.21964,1.22103,1.20476,1.2132850000000002
3781.0,1.1855,1.21427,1.22658,1.22806,1.21157,1.22012
3782.0,1.05983,1.21728,1.22932,1.2309,1.21448,1.222995
3783.0,0.90941,1.21631,1.22714,1.22885,1.21292,1.221305
3784.0,1.04622,1.2109,1.21938,1.22127,1.20642,1.2144925
3785.0,1.02063,1.20114,1.20628,1.20842,1.19525,1.2027725
3786.0,0.96379,1.18812,1.18945,1.19192,1.18082,1.1875775
3787.0,1.24011,1.17364,1.17153,1.17439,1.1653,1.1712150000000001
3788.0,1.21658,1.15918,1.1548,1.15804,1.15044,1.1556149999999998
3789.0,0.98297,1.14525,1.14003,1.14355,1.13672,1.1413875
3790.0,0.95535,1.13143,1.12652,1.13018,1.12341,1.127885
3791.0,1.09984,1.11643,1.11233,1.11598,1.10878,1.11338
3792.0,1.13838,1.09813,1.09468,1.09824,1.09042,1.0953675
3793.0,0.86665,1.07403,1.07067,1.07415,1.06589,1.071185
3794.0,0.76523,1.04265,1.03879,1.04232,1.03405,1.0394525
3795.0,1.14409,1.00572,1.00096,1.00464,0.99689,1.0020525
3796.0,1.52715,0.96949,0.96394,0.96774,0.96095,0.96553
3797.0,2.52885,0.9436,0.93805,0.94173,0.93603,0.9398525000000001
3798.0,2.39643,0.93707,0.9327,0.93602,0.93092,0.9341775
3799.0,1.90792,0.95344,0.95155,0.95437,0.94891,0.9520675000000001
3800.0,1.29833,0.98819,0.98975,0.99207,0.98527,0.98882
3801.0,0.75979,1.03133,1.03641,1.03838,1.0297,1.0339550000000002
3802.0,0.72364,1.07269,1.08038,1.08227,1.07181,1.0767875
3803.0,1.01643,1.10569,1.11451,1.11657,1.10498,1.1104375000000002
3804.0,0.94587,1.12819,1.13658,1.13895,1.12717,1.1327224999999999
3805.0,0.79687,1.14163,1.14836,1.15114,1.14002,1.1452875
3806.0,1.10877,1.14943,1.15416,1.15736,1.14735,1.152075
3807.0,1.07032,1.15513,1.15837,1.16196,1.15298,1.1571099999999999
3808.0,1.15351,1.16073,1.16338,1.16725,1.15887,1.1625575000000001
3809.0,1.21203,1.16583,1.1684,1.17243,1.16431,1.1677425000000001
3810.0,1.11887,1.16851,1.17051,1.17465,1.16683,1.1701249999999999
3811.0,0.7427,1.16707,1.16723,1.17147,1.16442,1.1675475
3812.0,1.17931,1.16128,1.15826,1.16261,1.15695,1.159775
3813.0,1.03743,1.15228,1.14551,1.14995,1.14606,1.14845
3814.0,1.21084,1.14179,1.13176,1.13627,1.13403,1.1359625
3815.0,0.98655,1.1308,1.11892,1.12347,1.12229,1.1238700000000001
3816.0,0.64883,1.11896,1.10675,1.11126,1.11046,1.1118575
3817.0,1.3143,1.10563,1.09391,1.09828,1.09745,1.0988175
3818.0,0.85221,1.09188,1.08053,1.08467,1.08388,1.08524
3819.0,1.24137,1.08107,1.06943,1.07332,1.07295,1.0741925
3820.0,1.44664,1.07699,1.06446,1.06817,1.06848,1.069525
3821.0,1.11713,1.08054,1.06685,1.07051,1.07149,1.0723475
3822.0,1.1562,1.08815,1.07316,1.07681,1.07834,1.079115
3823.0,1.22377,1.09444,1.07775,1.0814,1.08341,1.08425
3824.0,1.34746,1.09598,1.07716,1.0808,1.08332,1.0843150000000001
3825.0,1.4303,1.09256,1.07172,1.07531,1.07832,1.0794774999999999
3826.0,1.11514,1.08587,1.06382,1.06733,1.07055,1.0718925
3827.0,0.85724,1.07708,1.05493,1.05834,1.06132,1.0629175000000002
3828.0,1.15172,1.06564,1.04424,1.04755,1.04985,1.05182
3829.0,1.08956,1.04956,1.02915,1.03238,1.03379,1.03622
3830.0,1.04962,1.02635,1.00664,1.00983,1.01043,1.0133125
3831.0,1.12016,0.99451,0.97509,0.9783,0.97841,0.9815775
3832.0,0.98203,0.95535,0.93612,0.9394,0.93942,0.9425725
3833.0,1.39598,0.91444,0.89583,0.89919,0.89939,0.9022125
3834.0,2.35535,0.88091,0.86362,0.86693,0.86742,0.86972
3835.0,2.70227,0.86389,0.84822,0.85123,0.85204,0.8538450000000001
3836.0,2.42295,0.86806,0.85346,0.856,0.85715,0.8586674999999999
3837.0,1.62334,0.89121,0.8767,0.87875,0.88033,0.8817475
3838.0,0.87053,0.92606,0.91087,0.91264,0.91466,0.9160575
3839.0,0.83196,0.96468,0.94882,0.95065,0.95291,0.954265
3840.0,0.81896,1.00164,0.98604,0.98821,0.9903,0.9915475
3841.0,0.87588,1.03423,1.02018,1.0228,1.02424,1.0253625
3842.0,1.01862,1.06142,1.04976,1.05286,1.05329,1.0543325000000001
3843.0,0.98002,1.08272,1.07356,1.07707,1.07644,1.0774475
3844.0,0.93966,1.09808,1.09082,1.09466,1.09323,1.0941975
3845.0,0.78707,1.10818,1.10195,1.10606,1.10423,1.105105
3846.0,0.89203,1.11406,1.10804,1.11236,1.11057,1.1112575
3847.0,1.09318,1.11673,1.11025,1.11474,1.11334,1.1137650000000001
3848.0,0.97565,1.11719,1.10977,1.1144,1.11366,1.113755
3849.0,1.18519,1.11661,1.10815,1.11292,1.11287,1.1126375
3850.0,1.11167,1.11608,1.10694,1.11183,1.1123,1.1117875000000002
3851.0,1.16784,1.116,1.10669,1.11163,1.11234,1.111665
3852.0,1.02788,1.11567,1.10636,1.1113,1.11209,1.111355
3853.0,0.86457,1.1138,1.10409,1.109,1.11002,1.1092274999999998
3854.0,0.75965,1.10969,1.09875,1.10368,1.10526,1.104345
3855.0,1.21979,1.10376,1.09084,1.09584,1.09836,1.0972
3856.0,1.36071,1.09708,1.08176,1.08681,1.09054,1.0890475
3857.0,1.23001,1.09095,1.07317,1.07826,1.08325,1.0814075
3858.0,1.07149,1.0866,1.06688,1.07198,1.07802,1.07587
3859.0,0.97475,1.08516,1.06465,1.06978,1.07637,1.07399
3860.0,1.14181,1.08721,1.06758,1.07277,1.07918,1.0766850000000001
3861.0,0.80902,1.09221,1.07497,1.08025,1.08575,1.0832950000000001
3862.0,0.99508,1.0982,1.08404,1.08939,1.09358,1.0913025
3863.0,1.6491,1.1028,1.09129,1.09666,1.09959,1.097585
3864.0,1.40288,1.1045,1.09462,1.09992,1.10198,1.100255
3865.0,1.54118,1.10327,1.09411,1.09922,1.10083,1.0993575
3866.0,2.51634,1.10023,1.09119,1.09604,1.0975,1.0962399999999999
3867.0,5.95883,1.09652,1.08717,1.0917,1.09323,1.092155
3868.0,11.38628,1.09252,1.08227,1.08651,1.08837,1.0874175
3869.0,12.88026,1.08812,1.07625,1.08031,1.0828,1.0818699999999999
3870.0,8.11032,1.0835,1.06954,1.07355,1.0769,1.0758725
3871.0,3.47604,1.07976,1.06391,1.06801,1.07217,1.0709625
3872.0,1.47529,1.07838,1.06159,1.06587,1.07047,1.0690775000000001
3873.0,0.82354,1.07971,1.06324,1.06769,1.07216,1.0707
3874.0,1.08545,1.08223,1.0669,1.07143,1.07533,1.0739725
3875.0,1.40849,1.08339,1.06908,1.07359,1.07688,1.075735
3876.0,0.86822,1.08137,1.06728,1.0717,1.07467,1.073755
3877.0,0.78868,1.07624,1.06167,1.06597,1.06894,1.0682049999999998
3878.0,0.80263,1.06924,1.05422,1.05834,1.06138,1.060795
3879.0,1.26316,1.06142,1.04659,1.05049,1.05333,1.0529575
3880.0,1.19185,1.05284,1.03897,1.04259,1.04485,1.0448125
3881.0,1.09906,1.0426,1.03007,1.03342,1.03479,1.03522
3882.0,1.04747,1.0292,1.01802,1.02116,1.02147,1.0224625
3883.0,0.97162,1.01049,1.00039,1.00338,1.00265,1.0042275
3884.0,1.211,0.98411,0.97459,0.97754,0.97597,0.9780525
3885.0,1.10831,0.94916,0.93987,0.94287,0.94077,0.9431675
3886.0,1.47236,0.90856,0.89972,0.90272,0.90037,0.9028425
3887.0,2.39707,0.87039,0.86282,0.86564,0.86308,0.8654825
3888.0,5.29693,0.84559,0.84045,0.84277,0.83979,0.84215
3889.0,6.69691,0.843,0.84107,0.84262,0.83887,0.84139
3890.0,4.60927,0.8645,0.86576,0.86646,0.86168,0.8646
3891.0,2.49322,0.90358,0.90698,0.90703,0.90127,0.9047150000000002
3892.0,1.58303,0.9489,0.95279,0.9526,0.94626,0.9501375
3893.0,1.34878,0.9903,0.99307,0.99307,0.98683,0.9908174999999999
3894.0,1.12864,1.02267,1.02334,1.02384,1.01833,1.0220449999999999
3895.0,0.81185,1.04577,1.04416,1.04531,1.04086,1.044025
3896.0,1.20727,1.06164,1.0581,1.05991,1.05655,1.05905
3897.0,0.95788,1.07247,1.06742,1.06983,1.06745,1.0692925
3898.0,1.06522,1.07985,1.07362,1.07653,1.07501,1.0762525
3899.0,0.84332,1.08513,1.07794,1.08123,1.08044,1.081185
3900.0,0.83656,1.08921,1.08133,1.08485,1.08461,1.085
3901.0,0.82443,1.09231,1.08381,1.08741,1.0876,1.0877825
3902.0,1.02018,1.09411,1.08485,1.08845,1.08904,1.0891125
3903.0,1.32307,1.09452,1.08427,1.08783,1.08893,1.0888875000000002
3904.0,0.83649,1.09437,1.08313,1.08668,1.08833,1.0881275000000001
3905.0,0.9637,1.09521,1.08356,1.08709,1.08907,1.0887324999999999
3906.0,1.1797,1.09833,1.08737,1.09081,1.09265,1.09229
3907.0,1.00148,1.10403,1.09492,1.09821,1.09928,1.09911
3908.0,1.24815,1.11114,1.10463,1.10768,1.10754,1.1077475
3909.0,0.73704,1.11785,1.11391,1.11672,1.11528,1.11594
3910.0,1.04798,1.12284,1.12088,1.1235,1.12098,1.12205
3911.0,1.10158,1.12576,1.12494,1.1274,1.1242,1.125575
3912.0,0.83399,1.12689,1.12633,1.12868,1.12518,1.12677
3913.0,1.13936,1.12642,1.12538,1.12764,1.12422,1.125915
3914.0,0.91914,1.1241,1.12201,1.12426,1.12122,1.1228975
3915.0,1.35057,1.11946,1.11593,1.11829,1.11592,1.1174
3916.0,1.43237,1.11201,1.10676,1.1094,1.10795,1.10903
3917.0,0.83727,1.10164,1.0944,1.09745,1.09715,1.09766
3918.0,0.93437,1.08881,1.07938,1.08289,1.08397,1.0837625
3919.0,1.09738,1.07474,1.06311,1.06705,1.06961,1.0686275
3920.0,1.13427,1.06125,1.04775,1.05204,1.05598,1.054255
3921.0,0.90065,1.05014,1.03542,1.03991,1.04492,1.0425975
3922.0,0.77817,1.04245,1.02718,1.03168,1.03729,1.03465
3923.0,0.93739,1.038,1.02245,1.02675,1.03258,1.029945
3924.0,0.94628,1.03558,1.01923,1.0232,1.0292,1.0268025
3925.0,1.51133,1.03359,1.01515,1.01878,1.02531,1.0232075
3926.0,1.14428,1.0307,1.00844,1.01187,1.01966,1.0176675
3927.0,0.72407,1.02641,0.99863,1.00211,1.01198,1.0097825
3928.0,0.91339,1.02082,0.98631,0.99006,1.00267,0.999965
3929.0,1.01454,1.01425,0.97246,0.97665,0.99227,0.9889074999999999
3930.0,0.88431,1.007,0.95812,0.96276,0.98134,0.9773049999999999
3931.0,0.97979,0.99946,0.94437,0.94939,0.97058,0.9659500000000001
3932.0,0.89517,0.99247,0.93272,0.93802,0.96124,0.9561125
3933.0,0.90802,0.98749,0.92531,0.93075,0.95523,0.949695
3934.0,1.10328,0.98623,0.92432,0.92973,0.95449,0.9486924999999999
3935.0,1.04904,0.98986,0.93093,0.93613,0.96008,0.95425
3936.0,0.67834,0.99817,0.94443,0.94924,0.97136,0.9658
3937.0,0.94568,1.00954,0.96227,0.96659,0.98616,0.98114
3938.0,1.05335,1.02155,0.98096,0.98482,1.00158,0.9972274999999999
3939.0,0.95764,1.03192,0.99731,1.00084,1.01501,1.0112700000000001
3940.0,0.98925,1.03919,1.00925,1.01266,1.02478,1.02147
3941.0,1.13121,1.04306,1.01637,1.01986,1.03061,1.027475
3942.0,1.22313,1.04448,1.02002,1.02374,1.03365,1.0304725
3943.0,1.10532,1.04535,1.02283,1.02679,1.03608,1.0327625
3944.0,0.93382,1.04756,1.02728,1.0314,1.03993,1.0365425
3945.0,0.91643,1.05193,1.03433,1.03847,1.0459,1.0426575000000002
3946.0,1.11197,1.05791,1.04312,1.04713,1.05323,1.0503475
3947.0,1.16966,1.06436,1.05211,1.05588,1.06065,1.05825
3948.0,1.17758,1.07048,1.06035,1.06384,1.06736,1.0655075
3949.0,1.17944,1.07588,1.06756,1.07074,1.07312,1.071825
3950.0,1.18555,1.08007,1.07328,1.07613,1.07749,1.0767425
3951.0,1.03548,1.08238,1.07678,1.07937,1.07987,1.0796000000000001
3952.0,1.18581,1.08256,1.07779,1.0802,1.0801,1.0801625000000001
3953.0,1.05326,1.08095,1.07666,1.07901,1.07856,1.078795
3954.0,0.86291,1.07802,1.07386,1.07623,1.07567,1.075945
3955.0,0.98209,1.07392,1.06949,1.07195,1.07147,1.0717075
3956.0,0.91938,1.06843,1.06334,1.06591,1.06572,1.06585
3957.0,0.76243,1.06088,1.0548,1.0575,1.05776,1.057735
3958.0,0.96444,1.05004,1.04246,1.04532,1.04626,1.0460200000000002
3959.0,1.11411,1.03457,1.02465,1.02772,1.02973,1.0291675
3960.0,1.01754,1.0143,1.00107,1.00436,1.0079,1.0069075
3961.0,0.86888,0.99078,0.97366,0.97708,0.98237,0.9809724999999999
3962.0,1.25656,0.96617,0.94517,0.9485,0.9554,0.95381
3963.0,1.16991,0.94116,0.91658,0.91964,0.92773,0.9262775
3964.0,1.41957,0.91411,0.88613,0.88883,0.89773,0.8967
3965.0,1.70937,0.8823,0.85091,0.8533,0.86288,0.8623475
3966.0,2.66558,0.84432,0.80986,0.81203,0.82228,0.8221225000000001
3967.0,4.73132,0.80233,0.76603,0.76802,0.77886,0.77881
3968.0,5.20644,0.76314,0.72709,0.72888,0.73999,0.739775
3969.0,5.36325,0.73663,0.70321,0.70465,0.7156,0.7150225000000001
3970.0,5.92616,0.73161,0.70257,0.70353,0.71381,0.7128800000000001
3971.0,4.28139,0.75097,0.72691,0.72741,0.7366,0.7354725
3972.0,2.29442,0.79001,0.77064,0.77077,0.77854,0.7774899999999999
3973.0,1.10953,0.83917,0.82377,0.82374,0.82993,0.8291525
3974.0,0.94061,0.88895,0.87688,0.87688,0.88143,0.881035
3975.0,0.90505,0.93325,0.92412,0.92429,0.92726,0.92723
3976.0,0.75664,0.96989,0.96354,0.96395,0.96544,0.965705
3977.0,0.86141,0.99918,0.99547,0.99611,0.99625,0.9967524999999999
3978.0,1.08411,1.02209,1.0207,1.02155,1.0205,1.02121
3979.0,0.92868,1.03924,1.03961,1.04062,1.03866,1.0395325
3980.0,0.88825,1.0511,1.05243,1.05358,1.05106,1.0520425000000002
3981.0,1.24867,1.05852,1.06011,1.06137,1.05868,1.05967
3982.0,1.18608,1.06312,1.06467,1.06599,1.06337,1.0642875
3983.0,0.96391,1.06688,1.06854,1.06987,1.0673,1.0681474999999998
3984.0,0.97807,1.07124,1.07339,1.07466,1.07196,1.0728125
3985.0,1.11416,1.07655,1.07949,1.08065,1.07762,1.0785775000000002
3986.0,1.03003,1.08219,1.08603,1.08708,1.08357,1.0847175
3987.0,0.90893,1.08719,1.09189,1.09282,1.08886,1.0901899999999998
3988.0,0.86518,1.09086,1.09627,1.09713,1.09279,1.0942625
3989.0,0.76957,1.09309,1.09914,1.09996,1.09537,1.09689
3990.0,0.71909,1.09435,1.10103,1.10184,1.09707,1.0985725
3991.0,0.96472,1.0951,1.10235,1.10317,1.09822,1.09971
3992.0,1.16054,1.0952,1.10275,1.1036,1.09855,1.100025
3993.0,0.95175,1.09407,1.10136,1.10229,1.09733,1.0987624999999999
3994.0,0.82354,1.09143,1.09777,1.09884,1.0943,1.0955849999999998
3995.0,0.95115,1.08792,1.09291,1.09416,1.0903,1.0913225
3996.0,1.01108,1.08508,1.0889,1.09029,1.08709,1.08784
3997.0,1.06653,1.08457,1.08803,1.08941,1.08653,1.087135
3998.0,0.94295,1.08722,1.09141,1.09259,1.08945,1.0901675
3999.0,0.77793,1.09228,1.09809,1.09894,1.09498,1.0960725
4000.0,0.92708,1.0976,1.10523,1.10575,1.10073,1.1023275
4001.0,1.14581,1.10051,1.10937,1.1097,1.10387,1.1058625
4002.0,1.11215,1.0991,1.10801,1.10837,1.10235,1.1044575
4003.0,1.02679,1.09319,1.10089,1.10146,1.09599,1.0978824999999999
4004.0,1.04052,1.08461,1.09043,1.0913,1.08688,1.088305
4005.0,0.96754,1.07658,1.08092,1.08201,1.0786,1.0795275
4006.0,0.94342,1.07201,1.07614,1.07729,1.07428,1.0749300000000002
4007.0,1.13278,1.07194,1.07733,1.07835,1.07492,1.075635
4008.0,1.07009,1.07536,1.08288,1.08363,1.07921,1.08027
4009.0,0.94576,1.08045,1.09005,1.09054,1.08501,1.0865125
4010.0,1.0814,1.08583,1.09687,1.09714,1.0908,1.09266
4011.0,1.12131,1.09089,1.10261,1.10276,1.09597,1.0980575000000001
4012.0,0.75686,1.09541,1.10731,1.10739,1.10041,1.10263
4013.0,1.22349,1.09917,1.11104,1.11106,1.10397,1.1063100000000001
4014.0,0.96173,1.10182,1.11365,1.11362,1.10643,1.10888
4015.0,0.85664,1.10312,1.11496,1.11487,1.10759,1.110135
4016.0,0.93047,1.10312,1.11503,1.11489,1.10754,1.110145
4017.0,1.15083,1.10214,1.11423,1.11404,1.1066,1.1092525
4018.0,1.03896,1.10031,1.11276,1.11249,1.10489,1.1076125
4019.0,1.14761,1.09699,1.10992,1.10958,1.10171,1.10455
4020.0,1.3042,1.09074,1.10418,1.10381,1.09559,1.0985800000000001
4021.0,0.96868,1.07998,1.09395,1.0936,1.085,1.0881325
4022.0,0.94294,1.06404,1.07872,1.07844,1.06944,1.07266
4023.0,0.99836,1.04434,1.06021,1.05997,1.05052,1.05376
4024.0,1.0237,1.02498,1.04264,1.04233,1.03239,1.0355849999999998
4025.0,1.35218,1.01163,1.0314,1.03087,1.02049,1.0235975
4026.0,1.60937,1.0085,1.02986,1.02908,1.01849,1.0214824999999998
4027.0,1.55697,1.0152,1.0365,1.03566,1.02542,1.0281950000000002
4028.0,1.52469,1.02641,1.04539,1.04488,1.03581,1.0381225
4029.0,1.32582,1.03551,1.05012,1.05037,1.0434,1.04485
4030.0,0.96436,1.03883,1.04817,1.04946,1.04519,1.0454124999999999
4031.0,1.06563,1.03747,1.04215,1.04445,1.04288,1.0417375
4032.0,1.06121,1.03548,1.03724,1.04027,1.04072,1.0384275
4033.0,0.96363,1.0369,1.03806,1.04136,1.04268,1.03975
4034.0,1.34812,1.04381,1.04652,1.0496,1.05048,1.0476025
4035.0,1.3411,1.0556,1.06137,1.06386,1.06321,1.06101
4036.0,1.13234,1.06955,1.07888,1.0806,1.07784,1.0767175
4037.0,1.02486,1.08191,1.09424,1.09527,1.09049,1.0904775
4038.0,1.25495,1.08964,1.10367,1.10428,1.09811,1.098925
4039.0,1.23889,1.09157,1.10579,1.10631,1.09965,1.1008299999999998
4040.0,0.85411,1.08824,1.10136,1.10205,1.09575,1.0968499999999999
4041.0,1.30505,1.08069,1.09168,1.09273,1.08747,1.0881425
4042.0,0.74364,1.06954,1.07753,1.07906,1.07539,1.07538
4043.0,0.90728,1.05567,1.06003,1.06211,1.06051,1.0595800000000002
4044.0,1.24986,1.04164,1.04247,1.04509,1.04572,1.04373
4045.0,0.92881,1.03171,1.03033,1.03335,1.03573,1.0327799999999998
4046.0,0.98213,1.02975,1.02848,1.03158,1.03455,1.03109
4047.0,0.94333,1.0366,1.03772,1.04053,1.04265,1.0393750000000002
4048.0,0.8229,1.04925,1.054,1.05623,1.05641,1.0539725
4049.0,0.98945,1.06267,1.07094,1.07246,1.07039,1.069115
4050.0,1.11489,1.07248,1.0831,1.08402,1.08013,1.0799325
4051.0,0.85068,1.07649,1.08794,1.08851,1.08365,1.0841474999999998
4052.0,1.0421,1.0748,1.08577,1.08627,1.08136,1.08205
4053.0,0.99162,1.06903,1.07868,1.07937,1.07511,1.0755474999999999
4054.0,1.00014,1.06139,1.06939,1.0704,1.0672,1.067095
4055.0,1.06891,1.0539,1.06037,1.06171,1.05967,1.0589125
4056.0,1.04402,1.048,1.05335,1.05496,1.0539,1.0525525
4057.0,1.25742,1.04429,1.04912,1.05092,1.05048,1.0487025
4058.0,1.29328,1.04248,1.04741,1.04933,1.0491,1.04708
4059.0,1.14835,1.04127,1.0465,1.04857,1.04825,1.0461475
4060.0,1.19429,1.0387,1.04378,1.04604,1.04575,1.0435675
4061.0,1.09185,1.03345,1.03741,1.03996,1.04017,1.0377474999999998
4062.0,1.26341,1.02602,1.02808,1.03098,1.03219,1.0293174999999999
4063.0,0.98108,1.01867,1.0189,1.0221,1.02445,1.0210299999999999
4064.0,1.0417,1.01351,1.01288,1.01631,1.01942,1.01553
4065.0,1.07448,1.0107,1.01052,1.01413,1.01733,1.0131700000000001
4066.0,1.10075,1.00852,1.00978,1.01362,1.01637,1.0120725
4067.0,1.4126,1.0053,1.00839,1.01252,1.01466,1.0102175
4068.0,1.61803,1.001,1.00567,1.01006,1.01173,1.007115
4069.0,1.63299,0.99702,1.00258,1.00713,1.00861,1.003835
4070.0,1.58968,0.99525,1.00096,1.00546,1.007,1.0021674999999999
4071.0,1.39941,0.99687,1.00229,1.00654,1.00818,1.00347
4072.0,0.9338,1.00148,1.00658,1.01045,1.01199,1.007625
4073.0,0.7322,1.00688,1.01164,1.0151,1.01634,1.0124900000000001
4074.0,0.95092,1.01023,1.01428,1.01739,1.01843,1.0150825
4075.0,0.91626,1.01029,1.01305,1.01592,1.01713,1.0140975
4076.0,0.97784,1.0087,1.01,1.01269,1.01439,1.011445
4077.0,1.08854,1.00893,1.0095,1.01199,1.01403,1.0111125
4078.0,0.82782,1.01357,1.01489,1.01707,1.01882,1.0160875
4079.0,1.0487,1.02237,1.02585,1.02764,1.02829,1.0260375
4080.0,0.957,1.03241,1.03865,1.04004,1.03911,1.0375525
4081.0,1.00708,1.04011,1.04864,1.04971,1.04728,1.046435
4082.0,1.05102,1.04337,1.05317,1.05405,1.05064,1.0503075000000002
4083.0,0.90788,1.04259,1.05287,1.05368,1.04984,1.0497450000000002
4084.0,0.96319,1.03992,1.05063,1.05141,1.04738,1.047335
4085.0,1.19788,1.03748,1.04923,1.05,1.04562,1.0455825
4086.0,1.13491,1.03616,1.04976,1.05047,1.04542,1.0454525
4087.0,1.20473,1.03557,1.05143,1.05205,1.04605,1.046275
4088.0,1.03056,1.03492,1.05284,1.0533,1.04634,1.04685
4089.0,0.74155,1.03381,1.05304,1.05329,1.04558,1.04643
4090.0,1.18631,1.03186,1.05155,1.05155,1.04336,1.0445799999999998
4091.0,0.87057,1.02823,1.0477,1.04749,1.03901,1.0406075000000001
4092.0,0.78556,1.0214,1.04022,1.0399,1.0313,1.033205
4093.0,1.29235,1.00955,1.02744,1.02718,1.01863,1.0207
4094.0,1.45026,0.99123,1.00795,1.00794,0.99967,1.0016975
4095.0,0.9165,0.96622,0.9817,0.98203,0.97426,0.9760525
4096.0,0.75113,0.93553,0.94994,0.9506,0.94328,0.9448375
4097.0,1.07554,0.90058,0.91432,0.91511,0.90798,0.9094975000000001
4098.0,1.14658,0.86299,0.87639,0.87708,0.86977,0.8715575
4099.0,1.90653,0.8253,0.83857,0.83891,0.83131,0.8335225000000002
4100.0,3.99662,0.79281,0.80616,0.80598,0.79831,0.8008149999999999
4101.0,6.95351,0.77332,0.78715,0.7864,0.77898,0.7814625
4102.0,7.95876,0.77376,0.78866,0.78736,0.78036,0.782535
4103.0,5.52075,0.79564,0.81199,0.81027,0.80349,0.8053475
4104.0,2.72506,0.83326,0.85096,0.84902,0.84214,0.8438450000000001
4105.0,1.21879,0.87666,0.8951,0.89318,0.88603,0.8877425
4106.0,0.80314,0.91624,0.93447,0.93282,0.92551,0.92726
4107.0,1.0248,0.94635,0.96351,0.9623,0.95526,0.956855
4108.0,1.04784,0.96606,0.98157,0.98092,0.97459,0.9757850000000001
4109.0,1.24299,0.9776,0.99137,0.99128,0.98597,0.9865550000000001
4110.0,1.17313,0.98444,0.99686,0.99727,0.99299,0.99289
4111.0,0.82819,0.98947,1.00123,1.00203,0.99854,0.9978175
4112.0,0.82739,0.99405,1.00579,1.00691,1.00387,1.0026549999999999
4113.0,0.91773,0.99801,1.0101,1.01151,1.00865,1.0070675
4114.0,1.01856,1.00048,1.01291,1.0146,1.01184,1.0099575
4115.0,0.99117,1.00088,1.01332,1.01523,1.01266,1.0105225
4116.0,1.05623,0.99938,1.01139,1.01344,1.0112,1.0088525000000002
4117.0,1.08888,0.99657,1.0078,1.00991,1.00808,1.00559
4118.0,0.9192,0.99322,1.00363,1.00574,1.00432,1.0017275
4119.0,0.89676,0.99048,1.00032,1.00242,1.00132,0.9986349999999999
4120.0,0.98941,0.98953,0.99921,1.00129,1.00038,0.9976025
4121.0,0.89314,0.99129,1.00116,1.00317,1.00234,0.99949
4122.0,0.99647,0.99582,1.00605,1.00795,1.00704,1.004215
4123.0,1.16955,1.00187,1.01246,1.01421,1.01309,1.0104075000000001
4124.0,1.16089,1.00744,1.01825,1.01986,1.0185,1.0160125
4125.0,1.09815,1.01061,1.02125,1.02282,1.02134,1.019005
4126.0,0.99104,1.01035,1.02035,1.02199,1.02067,1.01834
4127.0,1.06017,1.0069,1.01578,1.01762,1.01679,1.0142725
4128.0,1.12618,1.00118,1.00865,1.01074,1.01071,1.0078200000000002
4129.0,0.85294,0.99428,1.00016,1.00254,1.00347,1.0001125
4130.0,0.84146,0.98716,0.9914,0.99408,0.99605,0.9921724999999999
4131.0,1.0,0.98102,0.98379,0.98672,0.98967,0.9853000000000001
4132.0,1.11417,0.97745,0.97936,0.98242,0.9861,0.9813324999999999
4133.0,1.2766,0.97786,0.97991,0.98293,0.98682,0.9818800000000001
4134.0,1.06645,0.98248,0.98578,0.98859,0.99207,0.9872299999999999
4135.0,0.82965,0.99,0.99542,0.99792,1.00041,0.9959375
4136.0,1.13779,0.99795,1.00571,1.00794,1.00917,1.0051925
4137.0,0.78846,1.00383,1.0136,1.01564,1.01571,1.0121950000000002
4138.0,1.05283,1.00581,1.01675,1.0187,1.018,1.014815
4139.0,1.00405,1.00261,1.01353,1.0155,1.0146,1.01156
4140.0,0.95007,0.99382,1.00352,1.00561,1.00515,1.002025
4141.0,1.02932,0.98061,0.98815,0.99048,0.99098,0.9875550000000001
4142.0,0.85039,0.96615,0.97138,0.97399,0.97573,0.9718125
4143.0,0.98788,0.95508,0.95881,0.9616,0.96453,0.960005
4144.0,1.18634,0.95111,0.95467,0.95754,0.96115,0.9561175
4145.0,0.98218,0.95466,0.95914,0.96199,0.96564,0.9603575
4146.0,0.82569,0.96264,0.9684,0.97123,0.97445,0.96918
4147.0,0.88007,0.9706,0.97725,0.98014,0.98287,0.977715
4148.0,1.28644,0.97528,0.98212,0.98515,0.98765,0.9825499999999999
4149.0,1.60921,0.97594,0.98239,0.98563,0.9883,0.9830650000000001
4150.0,1.40734,0.97385,0.97965,0.98311,0.9862,0.9807025
4151.0,1.05427,0.97066,0.97576,0.97941,0.98297,0.9772
4152.0,1.05506,0.96759,0.97204,0.97582,0.97981,0.973815
4153.0,1.00476,0.96527,0.96919,0.97302,0.97734,0.971205
4154.0,1.01773,0.96408,0.96771,0.97154,0.97606,0.9698475
4155.0,1.18556,0.9645,0.96825,0.97203,0.97655,0.9703324999999999
4156.0,1.07126,0.96693,0.97137,0.97502,0.97927,0.9731474999999999
4157.0,0.91867,0.97149,0.97715,0.98058,0.98427,0.9783725
4158.0,0.96907,0.97756,0.98471,0.98785,0.99073,0.9852125
4159.0,0.97577,0.98389,0.99252,0.99534,0.99731,0.9922650000000001
4160.0,1.07489,0.98919,0.99903,1.00159,1.00272,0.9981325000000001
4161.0,1.17168,0.99251,1.00316,1.00555,1.00611,1.0018325
4162.0,1.11408,0.99349,1.00447,1.00681,1.00711,1.00297
4163.0,0.98477,0.99211,1.00289,1.00531,1.00568,1.0014975
4164.0,0.73183,0.9887,0.99884,1.0014,1.00214,0.99777
4165.0,1.12284,0.98403,0.99325,0.99596,0.99724,0.99262
4166.0,1.11613,0.9791,0.98731,0.99015,0.99199,0.9871375
4167.0,0.76126,0.97491,0.98224,0.9851,0.98742,0.9824174999999999
4168.0,0.87635,0.97177,0.97826,0.98104,0.98373,0.9787
4169.0,0.98522,0.96887,0.97427,0.97693,0.98002,0.9750225
4170.0,0.80455,0.96511,0.96888,0.97149,0.97515,0.9701575
4171.0,0.68599,0.96002,0.96172,0.96439,0.96886,0.9637475
4172.0,0.88511,0.95438,0.95419,0.95698,0.9624,0.9569875000000001
4173.0,0.98445,0.94989,0.9486,0.95152,0.95771,0.95193
4174.0,0.84723,0.94772,0.94634,0.94938,0.95595,0.9498475000000001
4175.0,0.81875,0.94784,0.94722,0.95037,0.95686,0.9505725
4176.0,1.09418,0.94942,0.94995,0.95319,0.9593,0.9529650000000001
4177.0,1.24367,0.95147,0.95321,0.9565,0.96215,0.9558325
4178.0,0.86618,0.95346,0.95632,0.95959,0.9648,0.9585425
4179.0,0.82834,0.95516,0.95892,0.96212,0.96696,0.96079
4180.0,0.96463,0.95651,0.96086,0.96396,0.96848,0.9624525
4181.0,0.90758,0.95764,0.9623,0.96525,0.96953,0.9636800000000001
4182.0,0.79686,0.9587,0.96351,0.96629,0.97036,0.964715
4183.0,0.63747,0.95943,0.96427,0.96688,0.97079,0.9653425
4184.0,1.08081,0.95908,0.96381,0.96633,0.97019,0.9648525
4185.0,1.11262,0.95706,0.96136,0.96399,0.96794,0.9625875
4186.0,0.95342,0.95367,0.95736,0.9602,0.96445,0.95892
4187.0,0.87171,0.95053,0.95387,0.95685,0.96147,0.9556800000000001
4188.0,0.83398,0.9494,0.95288,0.95586,0.96065,0.9546975
4189.0,0.89057,0.95092,0.95508,0.95791,0.9625,0.9566025
4190.0,0.90221,0.95433,0.95957,0.96219,0.96622,0.9605775
4191.0,0.79462,0.95786,0.96432,0.96672,0.97005,0.9647375
4192.0,0.64241,0.95945,0.96695,0.96917,0.97191,0.9668700000000001
4193.0,0.83182,0.95722,0.96507,0.9673,0.96971,0.964825
4194.0,0.98072,0.94988,0.95725,0.95966,0.96216,0.9572375
4195.0,0.81102,0.93752,0.94377,0.94647,0.94946,0.944305
4196.0,0.85591,0.92171,0.92657,0.92953,0.93329,0.9277749999999999
4197.0,0.93689,0.90523,0.90886,0.912,0.91655,0.91066
4198.0,0.62268,0.8913,0.89423,0.89741,0.90256,0.8963750000000001
4199.0,1.01433,0.88282,0.88564,0.88868,0.89423,0.8878425
4200.0,0.77577,0.88159,0.88461,0.88738,0.89312,0.886675
4201.0,0.63913,0.88768,0.89101,0.89345,0.89919,0.8928325
4202.0,0.76864,0.89965,0.90345,0.90551,0.91103,0.9049100000000001
4203.0,0.81791,0.9149,0.91928,0.92097,0.92599,0.920285
4204.0,0.74198,0.93054,0.9357,0.93706,0.94138,0.9361700000000001
4205.0,0.87036,0.94443,0.9506,0.9517,0.95519,0.95048
4206.0,0.72356,0.95511,0.96235,0.96332,0.96601,0.9616975000000001
4207.0,0.91574,0.96192,0.97008,0.97107,0.97317,0.96906
4208.0,1.08077,0.9649,0.97364,0.97484,0.9766,0.972495
4209.0,1.0469,0.96455,0.97349,0.97502,0.97678,0.9724599999999999
4210.0,0.88748,0.96186,0.97069,0.97259,0.97462,0.96994
4211.0,0.73428,0.95776,0.96614,0.96841,0.97091,0.965805
4212.0,0.81,0.9529,0.96047,0.96306,0.96619,0.960655
4213.0,0.93531,0.94817,0.95462,0.95741,0.96127,0.9553674999999999
4214.0,0.98553,0.94497,0.95023,0.95306,0.95753,0.9514475
4215.0,0.94618,0.94508,0.94969,0.95226,0.957,0.9510075
4216.0,0.72871,0.94976,0.95471,0.9567,0.96114,0.9555775
4217.0,0.76927,0.95825,0.96438,0.9657,0.96917,0.964375
4218.0,0.81798,0.96772,0.97543,0.97615,0.97832,0.9744050000000001
4219.0,0.91422,0.97456,0.98354,0.98391,0.985,0.9817524999999999
4220.0,1.22732,0.97568,0.98477,0.98518,0.98585,0.98287
4221.0,0.73295,0.9694,0.9769,0.97773,0.97898,0.9757525
4222.0,0.71902,0.95582,0.95999,0.96153,0.96442,0.9604400000000001
4223.0,0.87252,0.93672,0.93623,0.93861,0.94403,0.9388975
4224.0,0.84404,0.91553,0.90986,0.91309,0.92149,0.9149925
4225.0,0.76172,0.89709,0.88702,0.89094,0.90211,0.89429
4226.0,0.79574,0.88638,0.87416,0.87841,0.8914,0.8825875
4227.0,1.08552,0.88662,0.87526,0.87937,0.8927,0.8834875000000001
4228.0,0.92018,0.89726,0.88927,0.89288,0.90491,0.89608
4229.0,0.61452,0.91384,0.91038,0.91327,0.92292,0.9151025
4230.0,0.87668,0.93029,0.93108,0.93321,0.94032,0.9337249999999999
4231.0,0.94792,0.94172,0.9452,0.94679,0.95193,0.94641
4232.0,0.87647,0.94612,0.95051,0.95187,0.956,0.951125
4233.0,1.17701,0.94483,0.94893,0.95025,0.95429,0.949575
4234.0,0.74248,0.94066,0.94386,0.94526,0.9497,0.9448700000000001
4235.0,0.94468,0.9363,0.93852,0.94,0.94494,0.93994
4236.0,0.93511,0.93374,0.93553,0.93691,0.94222,0.9370999999999999
4237.0,0.77558,0.93393,0.9359,0.93706,0.94238,0.9373175
4238.0,0.76238,0.93676,0.93944,0.94033,0.94526,0.9404475000000001
4239.0,0.96469,0.94179,0.94573,0.94624,0.95048,0.9460599999999999
4240.0,1.08333,0.94844,0.95399,0.954,0.95735,0.9534449999999999
4241.0,0.57557,0.95592,0.96302,0.96254,0.96483,0.9615775
4242.0,0.75978,0.96331,0.97175,0.97078,0.97204,0.96947
4243.0,0.90593,0.96937,0.97877,0.97737,0.9778,0.9758275000000001
4244.0,0.72115,0.97241,0.98196,0.98038,0.98033,0.97877
4245.0,0.75525,0.97084,0.97951,0.97807,0.9781,0.97663
4246.0,1.00686,0.96424,0.97116,0.97012,0.97093,0.9691125
4247.0,0.79543,0.95379,0.95854,0.95809,0.96024,0.957665
4248.0,0.76719,0.94198,0.94464,0.94488,0.94855,0.9450125
4249.0,0.92775,0.9314,0.93254,0.93348,0.9385,0.9339799999999999
4250.0,0.97179,0.92384,0.92441,0.92588,0.93189,0.926505
4251.0,0.7734,0.91971,0.92047,0.92228,0.9288,0.9228149999999999
4252.0,0.83965,0.91817,0.91935,0.92137,0.92798,0.9217175
4253.0,1.19037,0.91831,0.91997,0.92203,0.92853,0.92221
4254.0,1.13123,0.9199,0.92214,0.92402,0.9303,0.92409
4255.0,0.8272,0.92275,0.92565,0.92719,0.93309,0.9271699999999999
4256.0,0.70144,0.92577,0.92911,0.9303,0.93572,0.930225
4257.0,1.0253,0.92707,0.93031,0.93125,0.93634,0.9312425
4258.0,0.94216,0.92569,0.92832,0.92911,0.93428,0.9293500000000001
4259.0,0.60252,0.92294,0.92478,0.9255,0.93102,0.9260600000000001
4260.0,0.71059,0.92188,0.92346,0.92407,0.92984,0.9248124999999999
4261.0,0.93097,0.9254,0.9279,0.92822,0.9337,0.928805
4262.0,0.89368,0.93373,0.93824,0.9381,0.94256,0.9381575
4263.0,0.66871,0.94408,0.951,0.95038,0.95334,0.9497
4264.0,0.94965,0.95249,0.96149,0.96046,0.96199,0.9591075
4265.0,0.97487,0.95576,0.96578,0.9646,0.96521,0.9628375
4266.0,0.71392,0.95252,0.96208,0.96108,0.96158,0.959315
4267.0,0.68,0.94331,0.95107,0.95049,0.95184,0.9491775
4268.0,0.72293,0.92978,0.93468,0.93471,0.93773,0.9342250000000001
4269.0,0.9376,0.91391,0.91518,0.916,0.92116,0.9165625
4270.0,0.93461,0.89798,0.89557,0.8972,0.90467,0.898855
4271.0,0.81438,0.88471,0.87946,0.88173,0.89126,0.88429
4272.0,0.83286,0.8766,0.86992,0.87254,0.88345,0.8756275
4273.0,0.8896,0.87496,0.86831,0.87105,0.88232,0.8741599999999999
4274.0,0.75894,0.87974,0.8747,0.87719,0.8879,0.8798825
4275.0,0.67478,0.88983,0.88761,0.88949,0.89888,0.8914525
4276.0,0.64292,0.90273,0.90353,0.90467,0.91225,0.9057949999999999
4277.0,0.91962,0.91507,0.91837,0.91876,0.92458,0.919195
4278.0,1.00951,0.92397,0.92868,0.92848,0.93302,0.9285375
4279.0,0.81875,0.9279,0.93282,0.93232,0.93625,0.9323224999999999
4280.0,0.81468,0.92756,0.93199,0.93144,0.9354,0.9315975
4281.0,0.89394,0.92497,0.92872,0.9283,0.93256,0.9286375
4282.0,0.88365,0.92188,0.92505,0.92479,0.9294,0.9252800000000001
4283.0,0.816,0.91901,0.92172,0.92153,0.92644,0.922175
4284.0,0.83889,0.91596,0.9179,0.91778,0.92299,0.9186575
4285.0,0.87796,0.91195,0.91267,0.91265,0.91836,0.9139074999999999
4286.0,0.84586,0.90654,0.90564,0.9058,0.91228,0.9075650000000001
4287.0,0.98384,0.89971,0.89685,0.89736,0.9048,0.89968
4288.0,0.92955,0.89226,0.88751,0.88848,0.89696,0.8913025
4289.0,0.97355,0.88612,0.88019,0.88149,0.89089,0.8846725
4290.0,0.72651,0.88339,0.87737,0.87877,0.88862,0.8820374999999999
4291.0,0.61793,0.8849,0.87985,0.8811,0.89077,0.884155
4292.0,0.97077,0.88937,0.88581,0.88676,0.89573,0.8894175
4293.0,0.68482,0.89399,0.89163,0.89225,0.90041,0.89457
4294.0,0.7421,0.89612,0.89411,0.89446,0.90214,0.8967075
4295.0,0.76405,0.89424,0.8913,0.89152,0.8993,0.89409
4296.0,0.77535,0.88792,0.88271,0.88302,0.89153,0.886295
4297.0,0.84045,0.87793,0.86959,0.87015,0.87997,0.87441
4298.0,0.83606,0.86601,0.85423,0.85515,0.86661,0.8605
4299.0,0.74646,0.85454,0.83973,0.84099,0.85408,0.847335
4300.0,0.97953,0.8458,0.82903,0.8305,0.84485,0.837545
4301.0,0.95443,0.84068,0.82299,0.82456,0.83957,0.83195
4302.0,0.86587,0.83837,0.82063,0.8222,0.83738,0.829645
4303.0,0.84538,0.83722,0.81992,0.82141,0.83655,0.828775
4304.0,0.8849,0.8354,0.81829,0.81982,0.83494,0.8271125
4305.0,1.01145,0.83184,0.81441,0.8161,0.83146,0.8234524999999999
4306.0,0.95699,0.82701,0.80884,0.81071,0.82659,0.8182875
4307.0,0.70623,0.82261,0.80365,0.80565,0.82208,0.8134975
4308.0,0.73958,0.82101,0.80188,0.8038,0.82054,0.8118075
4309.0,0.82628,0.82414,0.80594,0.80754,0.82401,0.8154075
4310.0,0.78623,0.83249,0.8164,0.81751,0.833,0.8248500000000001
4311.0,0.89143,0.84531,0.83246,0.83302,0.84689,0.83942
4312.0,0.81381,0.86146,0.85278,0.85278,0.86451,0.8578825
4313.0,0.96948,0.87989,0.87602,0.8755,0.8847,0.8790275
4314.0,0.8867,0.89973,0.90123,0.90014,0.90656,0.901915
4315.0,0.70094,0.9197,0.92672,0.92503,0.92853,0.9249949999999999
4316.0,0.71342,0.93736,0.9492,0.947,0.94772,0.9453199999999999
4317.0,0.81939,0.94987,0.96517,0.96263,0.96118,0.9597125
4318.0,0.97179,0.95542,0.97245,0.96978,0.96711,0.96619
4319.0,0.8745,0.9536,0.97042,0.96787,0.96498,0.9642175
4320.0,0.78857,0.94499,0.95986,0.95762,0.95547,0.954485
4321.0,1.00267,0.93075,0.9424,0.94057,0.93997,0.9384224999999999
4322.0,1.0027,0.91238,0.91997,0.9187,0.92019,0.9178099999999999
4323.0,0.75643,0.89246,0.89599,0.89536,0.89916,0.8957425000000001
4324.0,0.94375,0.87525,0.87586,0.8758,0.88162,0.8771325
4325.0,0.65624,0.86556,0.86538,0.86557,0.87253,0.8672599999999999
4326.0,0.81811,0.86636,0.8679,0.86787,0.87463,0.8691899999999999
4327.0,0.90269,0.8767,0.88186,0.88118,0.88635,0.8815225
4328.0,0.66728,0.89183,0.90124,0.89973,0.90237,0.8987925
4329.0,0.80695,0.906,0.91933,0.91696,0.91693,0.9148050000000001
4330.0,0.88058,0.91548,0.93195,0.92883,0.92648,0.9256849999999999
4331.0,0.92218,0.91927,0.93804,0.93434,0.93012,0.9304425
4332.0,0.93322,0.91765,0.93806,0.93393,0.92817,0.9294525
4333.0,0.84449,0.91033,0.93189,0.92743,0.92039,0.9225099999999999
4334.0,0.91017,0.89561,0.91763,0.913,0.90499,0.9078074999999999
4335.0,1.118,0.87102,0.8924,0.88791,0.87934,0.8826674999999999
4336.0,1.16937,0.83562,0.85527,0.8512,0.84269,0.846195
4337.0,1.59084,0.79278,0.8104,0.80675,0.79895,0.80222
4338.0,3.10434,0.75031,0.7662,0.76283,0.75599,0.7588325
4339.0,7.21501,0.71767,0.73265,0.72932,0.72336,0.72575
4340.0,12.36684,0.70305,0.71854,0.71482,0.70959,0.7114999999999999
4341.0,12.82714,0.70978,0.72679,0.72252,0.71765,0.719185
4342.0,7.98162,0.73437,0.7529,0.74827,0.74336,0.7447250000000001
4343.0,3.48475,0.76897,0.78872,0.78394,0.77892,0.7801374999999999
4344.0,1.30679,0.8057,0.82627,0.82146,0.81643,0.817465
4345.0,0.64874,0.83871,0.85941,0.85477,0.84973,0.8506549999999999
4346.0,0.50348,0.86479,0.88506,0.88065,0.87571,0.8765525000000001
4347.0,0.67418,0.88313,0.90269,0.89845,0.89386,0.8945325
4348.0,0.76057,0.8938,0.91204,0.90806,0.90409,0.9044975
4349.0,0.68145,0.89694,0.9129,0.90943,0.90644,0.9064274999999999
4350.0,0.55662,0.89396,0.90703,0.90422,0.90271,0.90198
4351.0,0.61273,0.88848,0.89889,0.89666,0.89692,0.8952375
4352.0,0.70622,0.8849,0.89365,0.89177,0.89352,0.8909600000000001
4353.0,0.81492,0.88599,0.89428,0.89253,0.895,0.89195
4354.0,0.96118,0.89174,0.9007,0.8988,0.90123,0.8981175
4355.0,0.73612,0.90012,0.9105,0.90822,0.91011,0.9072375
4356.0,0.78058,0.90838,0.92014,0.9175,0.91864,0.9161649999999999
4357.0,0.94686,0.91448,0.92707,0.92424,0.92472,0.9226274999999999
4358.0,0.92563,0.91827,0.93138,0.92843,0.92856,0.92666
4359.0,1.0166,0.92129,0.935,0.93191,0.93187,0.9300174999999999
4360.0,1.09733,0.92516,0.93964,0.9364,0.93607,0.9343175
4361.0,1.03689,0.93025,0.94561,0.94219,0.94138,0.9398575
4362.0,1.50127,0.93575,0.952,0.94837,0.94699,0.9457775
4363.0,2.21139,0.94032,0.95732,0.95346,0.95159,0.9506724999999999
4364.0,2.21505,0.94246,0.95966,0.9557,0.95353,0.9528375
4365.0,1.45877,0.94099,0.95759,0.95377,0.95162,0.9509925
4366.0,0.95415,0.93607,0.95157,0.94801,0.94635,0.9455
4367.0,0.90981,0.92938,0.94363,0.94035,0.9395,0.938215
4368.0,0.92762,0.92287,0.93592,0.93292,0.9329,0.9311525
4369.0,0.75084,0.91752,0.92951,0.92675,0.92744,0.925305
4370.0,0.62735,0.91309,0.92417,0.92159,0.92289,0.9204350000000001
4371.0,0.86769,0.90853,0.91865,0.91623,0.91814,0.9153875
4372.0,0.99415,0.90287,0.91175,0.9096,0.91218,0.9091
4373.0,0.80782,0.89648,0.90402,0.90221,0.90557,0.9020699999999999
4374.0,0.88792,0.89126,0.898,0.89642,0.90049,0.8965425
4375.0,0.97484,0.88933,0.89619,0.89465,0.89907,0.89481
4376.0,0.90903,0.89118,0.899,0.89735,0.90157,0.8972749999999999
4377.0,1.01119,0.8948,0.90386,0.9021,0.90574,0.9016249999999999
4378.0,0.6595,0.89654,0.90637,0.90463,0.90777,0.9038275
4379.0,0.70322,0.89297,0.90246,0.90098,0.90421,0.900155
4380.0,0.92956,0.88248,0.89012,0.88921,0.89332,0.8887825
4381.0,0.94461,0.86593,0.87032,0.87024,0.87596,0.8706125
4382.0,0.80602,0.84685,0.84758,0.84829,0.85604,0.8496900000000001
4383.0,0.90074,0.83067,0.82891,0.83001,0.83955,0.832285
4384.0,0.99722,0.822,0.8198,0.82084,0.83114,0.823445
4385.0,0.99474,0.82199,0.82137,0.82203,0.83175,0.824285
4386.0,0.75763,0.82829,0.83059,0.83065,0.83885,0.8320949999999999
4387.0,0.6579,0.83741,0.84286,0.84228,0.84875,0.842825
4388.0,1.03269,0.84671,0.85457,0.85351,0.8586,0.8533475
4389.0,1.29645,0.85518,0.86428,0.86296,0.86727,0.8624225
4390.0,0.94251,0.86297,0.87253,0.87105,0.8751,0.8704125
4391.0,0.72399,0.87046,0.88017,0.87858,0.88259,0.87795
4392.0,0.73017,0.87755,0.88727,0.8856,0.88952,0.884985
4393.0,0.79979,0.88397,0.89375,0.89196,0.89569,0.8913425
4394.0,0.77572,0.89001,0.90012,0.8981,0.9015,0.8974325
4395.0,0.63749,0.89612,0.90688,0.90454,0.90746,0.9037499999999999
4396.0,0.71954,0.90187,0.91332,0.91068,0.913,0.9097175
4397.0,0.78607,0.90575,0.91756,0.91475,0.91658,0.9136599999999999
4398.0,0.9697,0.9062,0.91782,0.91504,0.91672,0.913945
4399.0,0.97742,0.90267,0.91351,0.911,0.91298,0.9100400000000001
4400.0,0.64719,0.89584,0.90564,0.90355,0.90623,0.9028149999999999
4401.0,0.93241,0.88682,0.89544,0.89391,0.8975,0.8934175
4402.0,1.00636,0.87617,0.88332,0.88252,0.88713,0.882285
4403.0,0.85578,0.86468,0.8703,0.87022,0.87606,0.870315
4404.0,0.71167,0.85458,0.85913,0.85957,0.86666,0.8599849999999999
4405.0,0.73644,0.84876,0.85287,0.85362,0.86151,0.85419
4406.0,0.87558,0.84884,0.85322,0.85399,0.86199,0.85451
4407.0,0.83432,0.85495,0.86052,0.86089,0.86835,0.8611774999999999
4408.0,0.66056,0.86604,0.87371,0.87333,0.87965,0.8731825
4409.0,0.71399,0.87963,0.88974,0.8886,0.89326,0.8878075
4410.0,0.80983,0.89211,0.90437,0.90263,0.90559,0.9011750000000001
4411.0,0.77013,0.90018,0.91391,0.91183,0.91354,0.9098649999999999
4412.0,0.74258,0.90191,0.91599,0.91396,0.91509,0.9117374999999999
4413.0,0.93201,0.89742,0.91064,0.909,0.9103,0.90684
4414.0,0.96101,0.88963,0.9015,0.9003,0.90238,0.8984525
4415.0,0.94487,0.88335,0.89426,0.89329,0.89619,0.8917725000000001
4416.0,0.89321,0.88216,0.89292,0.89192,0.89514,0.890535
4417.0,0.82383,0.88652,0.89803,0.89672,0.89963,0.8952249999999999
4418.0,0.85593,0.89403,0.90687,0.90513,0.90731,0.903335
4419.0,0.8239,0.90089,0.91489,0.91285,0.91422,0.9107125
4420.0,0.75018,0.90402,0.91848,0.91641,0.91731,0.914055
4421.0,0.74489,0.90277,0.91704,0.91516,0.9161,0.9127675
4422.0,0.89944,0.89893,0.91267,0.91107,0.91242,0.9087725
4423.0,1.01613,0.89498,0.9081,0.90677,0.90862,0.9046175
4424.0,0.79647,0.89246,0.90501,0.90387,0.90608,0.9018550000000001
4425.0,0.87927,0.89162,0.9038,0.9027,0.90512,0.90081
4426.0,0.93271,0.89196,0.90401,0.90283,0.9053,0.9010250000000001
4427.0,0.9107,0.89264,0.9047,0.90341,0.90576,0.9016275
4428.0,0.87346,0.89268,0.90472,0.90337,0.90556,0.9015825000000001
4429.0,0.70701,0.8915,0.90347,0.90209,0.90425,0.9003275
4430.0,0.71896,0.88913,0.90099,0.89964,0.90192,0.8979199999999999
4431.0,0.98215,0.88566,0.89715,0.89598,0.89846,0.8943125000000001
4432.0,0.90181,0.881,0.8917,0.89084,0.89368,0.889305
4433.0,0.61521,0.87576,0.88555,0.88498,0.88837,0.883665
4434.0,0.72126,0.87178,0.88111,0.88066,0.88453,0.8795199999999999
4435.0,0.99266,0.87128,0.88104,0.88049,0.8844,0.8793025
4436.0,0.95674,0.87528,0.88638,0.8855,0.88882,0.883995
4437.0,0.73431,0.88241,0.89532,0.89396,0.89626,0.8919874999999999
4438.0,0.82616,0.88943,0.90387,0.90212,0.90334,0.89969
4439.0,0.86916,0.89301,0.90805,0.90615,0.90669,0.903475
4440.0,0.59388,0.89192,0.90647,0.90469,0.90523,0.9020775
4441.0,0.68052,0.88793,0.90134,0.89982,0.90089,0.897495
4442.0,0.93669,0.88462,0.89701,0.89564,0.89735,0.893655
4443.0,0.85155,0.885,0.89711,0.89568,0.89767,0.8938649999999999
4444.0,0.77392,0.88978,0.90249,0.90078,0.90244,0.8988725
4445.0,0.84506,0.89707,0.91088,0.90878,0.90966,0.9065975000000001
4446.0,0.64337,0.90406,0.91901,0.91653,0.91658,0.914045
4447.0,0.76407,0.90881,0.92461,0.92187,0.92126,0.9191374999999999
4448.0,0.92938,0.91057,0.92662,0.92383,0.92284,0.920965
4449.0,0.73833,0.90928,0.92497,0.92228,0.92131,0.9194599999999999
4450.0,0.9661,0.90531,0.92022,0.91776,0.91716,0.9151125
4451.0,0.73517,0.89895,0.91268,0.91061,0.91065,0.9082225
4452.0,0.76568,0.89026,0.90231,0.9008,0.90173,0.898775
4453.0,0.86585,0.87978,0.88983,0.88895,0.89105,0.8874025
4454.0,0.85148,0.86904,0.87725,0.8769,0.88029,0.87587
4455.0,0.86553,0.85991,0.86677,0.86685,0.87132,0.8662124999999999
4456.0,0.94115,0.85337,0.85942,0.85981,0.86499,0.8593975
4457.0,1.07445,0.84919,0.85492,0.85548,0.86107,0.855165
4458.0,0.95233,0.8467,0.85248,0.8531,0.8589,0.852795
4459.0,0.90588,0.84548,0.85153,0.85215,0.85799,0.8517875
4460.0,0.93892,0.8457,0.85219,0.85272,0.85847,0.8522700000000001
4461.0,0.69844,0.84806,0.85539,0.85566,0.86113,0.8550599999999999
4462.0,0.76444,0.85306,0.86166,0.86159,0.86639,0.860675
4463.0,0.55324,0.85969,0.86968,0.86926,0.87309,0.86793
4464.0,0.49172,0.86572,0.87699,0.87624,0.87907,0.8745050000000001
4465.0,0.7288,0.8692,0.88153,0.88055,0.88251,0.8784474999999999
4466.0,0.94462,0.86906,0.88219,0.88108,0.88233,0.878665
4467.0,0.93645,0.86521,0.87897,0.87783,0.87843,0.87511
4468.0,0.94098,0.85878,0.8734,0.87217,0.87214,0.8691225
4469.0,1.03405,0.85212,0.86818,0.86673,0.86595,0.863245
4470.0,1.29207,0.84822,0.86631,0.86443,0.86287,0.8604575
4471.0,1.70018,0.84984,0.8701,0.86773,0.86541,0.86327
4472.0,1.86323,0.85792,0.87986,0.87713,0.87412,0.8722575
4473.0,1.37389,0.87066,0.89344,0.89048,0.88699,0.8853925
4474.0,0.98005,0.88474,0.90761,0.90454,0.90087,0.8994399999999999
4475.0,1.03676,0.89697,0.91944,0.91637,0.91272,0.911375
4476.0,0.93521,0.90487,0.92653,0.92361,0.92006,0.9187675
4477.0,0.74177,0.90681,0.9272,0.9246,0.92128,0.9199725
4478.0,0.53063,0.90262,0.92137,0.91919,0.91642,0.9148999999999999
4479.0,0.57842,0.89415,0.91116,0.90942,0.90758,0.9055774999999999
4480.0,0.80164,0.88509,0.90063,0.89924,0.89848,0.8958600000000001
4481.0,0.80207,0.87959,0.89433,0.89309,0.89315,0.8900399999999999
4482.0,0.86003,0.88019,0.89501,0.89369,0.89397,0.8907149999999999
4483.0,0.82772,0.88649,0.90216,0.90051,0.90036,0.8973800000000001
4484.0,0.85684,0.89542,0.91226,0.91017,0.90923,0.90677
4485.0,0.89539,0.90294,0.9207,0.91827,0.91651,0.914605
4486.0,0.82326,0.90597,0.92392,0.92139,0.91917,0.9176124999999999
4487.0,0.84877,0.90371,0.92109,0.91873,0.9166,0.9150324999999999
4488.0,0.89534,0.89783,0.91428,0.91222,0.91065,0.908745
4489.0,0.8367,0.89126,0.90691,0.90517,0.90431,0.9019124999999999
4490.0,0.72467,0.88628,0.90147,0.90002,0.8997,0.8968675
4491.0,0.70978,0.8832,0.89817,0.89697,0.89694,0.89382
4492.0,0.80588,0.88084,0.89562,0.89466,0.89482,0.8914850000000001
4493.0,0.65646,0.87818,0.8927,0.89193,0.89239,0.8888
4494.0,0.80384,0.87562,0.8899,0.88926,0.89007,0.8862125000000001
4495.0,0.84012,0.87467,0.88891,0.8883,0.88934,0.885305
4496.0,0.70393,0.87667,0.89126,0.89053,0.89145,0.8874774999999999
4497.0,0.63262,0.88168,0.89702,0.89602,0.89645,0.8927925000000001
4498.0,0.71679,0.88844,0.90475,0.90338,0.90306,0.8999075
4499.0,0.75348,0.8953,0.91255,0.91081,0.90967,0.9070825
4500.0,0.79976,0.90149,0.91967,0.91753,0.91568,0.9135925
4501.0,0.77249,0.90748,0.92671,0.92414,0.92163,0.91999
4502.0,0.85792,0.91392,0.93426,0.93131,0.92802,0.9268775
4503.0,1.03047,0.92034,0.9417,0.93843,0.93432,0.9336975
4504.0,0.70724,0.92538,0.94753,0.94404,0.93924,0.9390475
4505.0,0.55709,0.92786,0.95046,0.94688,0.94168,0.94172
4506.0,0.86183,0.92754,0.95024,0.9467,0.94141,0.9414724999999999
4507.0,0.84525,0.92516,0.94765,0.94427,0.93913,0.9390525
4508.0,0.85578,0.92169,0.94383,0.94068,0.9358,0.9355
4509.0,0.83773,0.91761,0.93931,0.93643,0.93188,0.9313075000000001
4510.0,0.76622,0.91278,0.93391,0.93132,0.92718,0.9262975
4511.0,0.77119,0.9069,0.9273,0.92505,0.92144,0.9201725000000001
4512.0,0.85329,0.90026,0.9198,0.91791,0.91494,0.9132275
4513.0,0.70487,0.89378,0.91251,0.91091,0.90861,0.9064525
4514.0,0.68345,0.88877,0.90684,0.9054,0.90367,0.90117
4515.0,0.78118,0.88614,0.9037,0.90231,0.9009,0.8982625
4516.0,0.80343,0.88597,0.90321,0.90171,0.90041,0.897825
4517.0,0.66886,0.88789,0.90507,0.90331,0.90195,0.8995549999999999
4518.0,0.64099,0.89134,0.90865,0.90656,0.90496,0.9028775
4519.0,0.69,0.89517,0.91257,0.91021,0.90823,0.906545
4520.0,0.65141,0.89767,0.91491,0.91241,0.91008,0.9087675
4521.0,0.71278,0.8972,0.91391,0.91144,0.90905,0.9079
4522.0,0.86762,0.89293,0.90878,0.9065,0.90448,0.9031724999999999
4523.0,0.7787,0.88507,0.89966,0.89781,0.8965,0.8947600000000001
4524.0,0.38814,0.87439,0.88735,0.88615,0.88582,0.8834275
4525.0,0.55483,0.86207,0.87327,0.87276,0.87363,0.8704324999999999
4526.0,0.76878,0.84975,0.85931,0.85943,0.86157,0.857515
4527.0,0.77364,0.83927,0.84755,0.84813,0.85141,0.8465900000000001
4528.0,0.77488,0.83219,0.83967,0.84052,0.8446,0.839245
4529.0,0.69062,0.82919,0.8364,0.83732,0.84177,0.83617
4530.0,0.75404,0.82972,0.83705,0.83788,0.84233,0.836745
4531.0,0.71091,0.83228,0.83982,0.8405,0.84468,0.83932
4532.0,0.49978,0.83515,0.8428,0.84333,0.84715,0.8421075
4533.0,0.63236,0.83755,0.84542,0.84573,0.84923,0.8444825
4534.0,0.69259,0.84008,0.84874,0.84869,0.85176,0.8473175000000001
4535.0,0.63623,0.84378,0.85403,0.8535,0.85576,0.8517675
4536.0,0.80891,0.8483,0.86083,0.85984,0.86073,0.8574250000000001
4537.0,1.13013,0.85148,0.86665,0.86527,0.86449,0.8619725
4538.0,1.06266,0.85102,0.8688,0.86713,0.8648,0.8629374999999999
4539.0,0.84744,0.84647,0.86646,0.86463,0.86117,0.8596825
4540.0,0.78974,0.83993,0.8615,0.85958,0.85554,0.8541375
4541.0,0.90376,0.83487,0.85715,0.8552,0.85107,0.8495725
4542.0,0.91243,0.83373,0.85574,0.85385,0.84995,0.8483175000000001
4543.0,0.63183,0.83655,0.85752,0.8557,0.85232,0.8505225000000001
4544.0,0.66745,0.84175,0.86126,0.85951,0.85688,0.85485
4545.0,0.68928,0.84746,0.86529,0.86367,0.86183,0.8595625
4546.0,0.69543,0.85212,0.86824,0.86683,0.86566,0.8632124999999999
4547.0,0.75047,0.85498,0.86953,0.86836,0.86774,0.8651525
4548.0,0.74183,0.85614,0.86951,0.86852,0.86839,0.86564
4549.0,0.78872,0.85624,0.8689,0.86804,0.86827,0.8653625
4550.0,0.94104,0.85581,0.86802,0.86735,0.86776,0.864735
4551.0,0.97734,0.85494,0.8669,0.86641,0.86693,0.863795
4552.0,0.9087,0.85404,0.86591,0.86552,0.86618,0.8629125
4553.0,0.85865,0.85404,0.86601,0.8656,0.86636,0.8630025000000001
4554.0,0.75062,0.85607,0.86848,0.8679,0.86858,0.8652575
4555.0,0.77559,0.86091,0.87422,0.87331,0.87359,0.8705075
4556.0,0.84629,0.86829,0.88287,0.88157,0.8811,0.8784575
4557.0,0.6693,0.87674,0.89275,0.89106,0.88965,0.88755
4558.0,0.83562,0.88426,0.90157,0.89957,0.89727,0.8956675000000001
4559.0,0.79538,0.88918,0.90735,0.90519,0.90226,0.900995
4560.0,0.78242,0.89065,0.90907,0.90692,0.90371,0.9025875000000001
4561.0,1.16825,0.88864,0.90664,0.90468,0.90152,0.90037
4562.0,1.00371,0.88384,0.90106,0.89935,0.89655,0.8952
4563.0,1.11131,0.87793,0.89444,0.89291,0.89065,0.8889825
4564.0,1.1554,0.87309,0.8893,0.88781,0.88601,0.8840524999999999
4565.0,0.93079,0.87102,0.88742,0.88586,0.8842,0.8821249999999999
4566.0,0.68354,0.87196,0.88888,0.88718,0.88528,0.8833249999999999
4567.0,0.76133,0.87453,0.89202,0.89017,0.88786,0.886145
4568.0,0.68463,0.87684,0.89461,0.89266,0.89002,0.8885325
4569.0,0.81136,0.87766,0.89523,0.8933,0.89056,0.8891875
4570.0,0.82871,0.87705,0.89421,0.89232,0.88976,0.8883349999999999
4571.0,0.83408,0.87635,0.89322,0.89135,0.88904,0.88749
4572.0,1.009,0.87683,0.8936,0.89177,0.88949,0.8879225
4573.0,0.98801,0.87831,0.89528,0.89348,0.89104,0.8895275
4574.0,0.77717,0.87976,0.89708,0.89531,0.89269,0.8912100000000001
4575.0,0.82987,0.87989,0.89738,0.89571,0.89302,0.8915
4576.0,0.83976,0.87772,0.89489,0.89346,0.89091,0.889245
4577.0,0.57261,0.87293,0.88929,0.8882,0.88605,0.8841175
4578.0,0.84359,0.86622,0.88146,0.88072,0.87921,0.8769025
4579.0,1.11348,0.85917,0.87334,0.8728,0.87206,0.8693425
4580.0,0.73543,0.8536,0.86694,0.86647,0.86635,0.86334
4581.0,0.85875,0.85048,0.86331,0.86281,0.86301,0.8599025
4582.0,0.66242,0.84961,0.86225,0.86169,0.86194,0.8588725
4583.0,0.76622,0.85018,0.86295,0.86233,0.86248,0.859485
4584.0,0.69062,0.8516,0.86476,0.86409,0.86409,0.861135
4585.0,0.49972,0.85387,0.86766,0.86691,0.8667,0.863785
4586.0,0.82256,0.8572,0.87178,0.87093,0.87039,0.867575
4587.0,0.73235,0.86128,0.87659,0.87565,0.87462,0.8720350000000001
4588.0,0.6103,0.86483,0.88061,0.87963,0.87811,0.875795
4589.0,0.52853,0.86625,0.88215,0.88121,0.87937,0.877245
4590.0,0.56018,0.86468,0.88037,0.87954,0.87773,0.87558
4591.0,0.68675,0.86055,0.87579,0.87516,0.87366,0.87129
4592.0,0.62015,0.85516,0.86988,0.86949,0.86846,0.8657474999999999
4593.0,0.52947,0.84989,0.86422,0.86407,0.86347,0.8604125
4594.0,0.69548,0.84573,0.85997,0.85997,0.85972,0.8563475
4595.0,0.76018,0.84322,0.85763,0.8577,0.85763,0.8540449999999999
4596.0,0.53896,0.84238,0.85703,0.8571,0.85708,0.8533974999999999
4597.0,0.54413,0.84277,0.85759,0.85762,0.85756,0.8538849999999999
4598.0,0.71809,0.8437,0.85846,0.8585,0.85835,0.8547525
4599.0,0.80146,0.84447,0.85905,0.85909,0.85892,0.8553825
4600.0,1.11162,0.84485,0.85926,0.85931,0.85917,0.8556474999999999
4601.0,0.91014,0.84503,0.85932,0.85941,0.85928,0.85576
4602.0,0.74412,0.84532,0.85963,0.85977,0.85962,0.856085
4603.0,0.87757,0.8462,0.86075,0.86091,0.86066,0.85713
4604.0,0.95398,0.84834,0.86336,0.86343,0.86299,0.85953
4605.0,0.56532,0.85235,0.86808,0.86791,0.86714,0.8638699999999999
4606.0,0.69571,0.85839,0.87498,0.8744,0.8731,0.8702175
4607.0,0.7546,0.86559,0.883,0.88197,0.87991,0.8776174999999999
4608.0,0.80449,0.87217,0.89024,0.8888,0.88592,0.8842825
4609.0,0.86701,0.87638,0.8949,0.89315,0.88964,0.8885175
4610.0,0.78082,0.87762,0.8963,0.89438,0.89057,0.8897174999999999
4611.0,0.74926,0.8766,0.89516,0.89322,0.88939,0.8885925
4612.0,0.89846,0.87484,0.89316,0.89124,0.88758,0.8867049999999999
4613.0,0.98536,0.87381,0.89188,0.88996,0.88645,0.885525
4614.0,0.9302,0.8741,0.89192,0.88997,0.88649,0.8856200000000001
4615.0,0.88228,0.87525,0.89292,0.89087,0.88732,0.88659
4616.0,0.70724,0.87646,0.89402,0.89188,0.88819,0.8876375000000001
4617.0,0.5782,0.87701,0.8945,0.89232,0.88849,0.88808
4618.0,0.7713,0.87681,0.89437,0.89218,0.88829,0.8879125
4619.0,0.90042,0.87636,0.89414,0.89195,0.88804,0.8876225000000001
4620.0,0.6097,0.8761,0.89409,0.89196,0.88799,0.887535
4621.0,0.64361,0.87599,0.89421,0.89215,0.88814,0.8876225
4622.0,0.69975,0.87579,0.89415,0.89217,0.88818,0.8875725000000001
4623.0,0.61324,0.87516,0.89348,0.89163,0.8877,0.8869925000000001
4624.0,0.84201,0.87392,0.89205,0.89035,0.88657,0.8857225
4625.0,0.9587,0.87221,0.89011,0.88857,0.885,0.8839725
4626.0,0.72605,0.87035,0.88795,0.88658,0.88319,0.8820175
4627.0,0.60115,0.86842,0.88573,0.88451,0.88127,0.8799825000000001
4628.0,0.63325,0.86641,0.88356,0.88245,0.87933,0.8779374999999999
4629.0,0.53214,0.86435,0.88147,0.88042,0.87739,0.8759075000000001
4630.0,0.53826,0.8622,0.87929,0.87831,0.87532,0.87378
4631.0,0.79621,0.85979,0.87673,0.87586,0.87294,0.8713299999999999
4632.0,0.78273,0.85696,0.87365,0.87288,0.87016,0.8684125
4633.0,0.69115,0.85373,0.87002,0.86937,0.86699,0.8650275
4634.0,0.85972,0.85009,0.86581,0.86535,0.86337,0.8611549999999999
4635.0,0.94833,0.84593,0.86098,0.86079,0.85926,0.85674
4636.0,0.82362,0.84124,0.85568,0.85579,0.85473,0.8518600000000001
4637.0,0.7608,0.83641,0.85042,0.85082,0.85022,0.8469675000000001
4638.0,0.77897,0.83218,0.84604,0.8467,0.84647,0.8428475
4639.0,0.61665,0.82931,0.84339,0.84421,0.84421,0.8402799999999999
4640.0,0.62636,0.82803,0.84252,0.84344,0.84346,0.8393624999999999
4641.0,0.79454,0.82745,0.84229,0.84333,0.84322,0.8390725
4642.0,0.82894,0.82586,0.8408,0.842,0.84183,0.8376224999999999
4643.0,0.66536,0.82168,0.83627,0.83775,0.83776,0.833365
4644.0,0.64259,0.81431,0.82814,0.83004,0.83049,0.825745
4645.0,0.841,0.80478,0.81779,0.8201,0.82126,0.8159825
4646.0,0.89282,0.79563,0.8081,0.8107,0.8126,0.8067575
4647.0,0.79042,0.78964,0.80198,0.80471,0.80709,0.800855
4648.0,0.72551,0.78846,0.80106,0.80373,0.80618,0.7998575
4649.0,0.6882,0.79197,0.80514,0.80755,0.80973,0.8035975
4650.0,0.65213,0.79868,0.81241,0.81446,0.81618,0.8104325
4651.0,0.95699,0.80632,0.82029,0.822,0.82321,0.817955
4652.0,0.82918,0.81284,0.82665,0.82811,0.82892,0.82413
4653.0,0.83682,0.81739,0.83087,0.83213,0.83276,0.8282875
4654.0,0.72009,0.8207,0.83396,0.83501,0.83558,0.8313125000000001
4655.0,0.55191,0.8244,0.83779,0.8386,0.83902,0.8349525000000001
4656.0,1.03329,0.82987,0.84392,0.8444,0.84442,0.8406524999999999
4657.0,1.03315,0.83722,0.85233,0.85244,0.85175,0.848435
4658.0,1.05108,0.8449,0.86113,0.86094,0.85936,0.8565825
4659.0,1.1407,0.85042,0.86746,0.86713,0.86473,0.8624350000000001
4660.0,0.7641,0.85159,0.86893,0.86865,0.8658,0.8637425000000001
4661.0,0.74632,0.84759,0.86464,0.86461,0.86183,0.8596674999999999
4662.0,0.88327,0.83908,0.85531,0.85569,0.85347,0.8508875
4663.0,0.66376,0.82763,0.84259,0.84351,0.84218,0.8389774999999999
4664.0,0.93258,0.81497,0.82834,0.82984,0.8296,0.8256875
4665.0,0.98705,0.80289,0.81459,0.81659,0.81756,0.8129075
4666.0,0.67412,0.79345,0.80377,0.80607,0.80818,0.8028675000000001
4667.0,0.52848,0.78866,0.79816,0.80051,0.80345,0.797695
4668.0,0.7353,0.78958,0.79894,0.80115,0.80437,0.7985099999999999
4669.0,0.83197,0.79546,0.8053,0.80727,0.81017,0.80455
4670.0,0.55726,0.80392,0.81468,0.81638,0.81854,0.81338
4671.0,0.73382,0.81214,0.82399,0.82546,0.82676,0.8220875000000001
4672.0,0.76347,0.81826,0.83117,0.83247,0.83304,0.828735
4673.0,0.59224,0.822,0.83578,0.83698,0.83703,0.8329475
4674.0,0.77021,0.824,0.83839,0.83958,0.83928,0.8353125
4675.0,0.67099,0.82483,0.83952,0.84075,0.8402,0.836325
4676.0,0.72906,0.82439,0.83904,0.84038,0.8397,0.8358775
4677.0,1.9952,0.82222,0.83657,0.83802,0.83739,0.83355
4678.0,1.03934,0.81815,0.83206,0.83362,0.83316,0.8292475
4679.0,1.10197,0.81258,0.82613,0.82776,0.8275,0.8234925000000001
4680.0,1.23919,0.80625,0.81981,0.82144,0.8212,0.817175
4681.0,0.74794,0.7997,0.8139,0.81543,0.81486,0.8109725
4682.0,0.68205,0.79307,0.80852,0.80987,0.80856,0.805005
4683.0,0.53057,0.78638,0.80358,0.80467,0.80238,0.7992525
4684.0,0.87505,0.78038,0.79945,0.80022,0.79707,0.7942799999999999
4685.0,1.13318,0.77656,0.79704,0.79757,0.79391,0.7912699999999999
4686.0,0.9135,0.77631,0.79725,0.79768,0.79402,0.791315
4687.0,0.62479,0.7799,0.80032,0.80081,0.7976,0.7946575
4688.0,0.71285,0.78629,0.80551,0.80617,0.80369,0.800415
4689.0,0.99243,0.79373,0.81151,0.8124,0.81068,0.80708
4690.0,0.92922,0.80071,0.8173,0.81838,0.81729,0.8134199999999999
4691.0,0.71381,0.80663,0.82251,0.82371,0.823,0.8189625
4692.0,0.64346,0.81159,0.82723,0.8285,0.8279,0.823805
4693.0,0.67303,0.81573,0.83145,0.83275,0.83206,0.8279974999999999
4694.0,0.78222,0.81873,0.83455,0.8359,0.83502,0.8310500000000001
4695.0,0.96183,0.81975,0.83544,0.83689,0.83587,0.8319875
4696.0,0.73908,0.81802,0.83324,0.83484,0.8339,0.83
4697.0,0.64121,0.8136,0.82813,0.82988,0.8293,0.8252275
4698.0,0.6746,0.80756,0.82123,0.82318,0.82313,0.818775
4699.0,0.73765,0.80142,0.81416,0.8163,0.81682,0.812175
4700.0,0.81886,0.7964,0.80828,0.81057,0.81162,0.8067175000000001
4701.0,0.85919,0.79316,0.80439,0.80675,0.80823,0.8031325
4702.0,0.91835,0.7918,0.80265,0.805,0.80674,0.8015475
4703.0,0.95762,0.79195,0.80261,0.80494,0.80674,0.8015599999999999
4704.0,0.73013,0.7929,0.80346,0.80576,0.80752,0.8024100000000001
4705.0,0.68139,0.79385,0.80436,0.80662,0.80831,0.803285
4706.0,0.75737,0.79438,0.80484,0.80705,0.80869,0.80374
4707.0,0.76562,0.79456,0.80505,0.80717,0.80878,0.8038900000000001
4708.0,0.64413,0.79484,0.80556,0.80756,0.80905,0.8042525
4709.0,0.55866,0.79549,0.80677,0.80864,0.80981,0.8051775
4710.0,0.67279,0.79629,0.80836,0.81012,0.81079,0.8063899999999999
4711.0,0.90925,0.79674,0.80973,0.8114,0.81155,0.8073549999999999
4712.0,1.04424,0.79684,0.81069,0.81227,0.81207,0.8079675000000001
4713.0,0.99823,0.7975,0.81195,0.81348,0.81311,0.80901
4714.0,0.9289,0.80005,0.81484,0.81628,0.81584,0.8117525
4715.0,0.90034,0.80534,0.82031,0.8216,0.82102,0.8170675
4716.0,0.75223,0.81307,0.82825,0.82927,0.82843,0.8247549999999999
4717.0,0.61405,0.82193,0.83738,0.83809,0.8368,0.83355
4718.0,0.81787,0.83019,0.84591,0.84631,0.84448,0.8417224999999999
4719.0,0.90488,0.83645,0.85231,0.85249,0.85018,0.8478574999999999
4720.0,0.82095,0.8401,0.85599,0.85602,0.85341,0.85138
4721.0,0.94366,0.84134,0.8572,0.85717,0.85443,0.852535
4722.0,0.58197,0.84076,0.85652,0.85651,0.85376,0.8518874999999999
4723.0,0.73448,0.83862,0.85412,0.85423,0.85155,0.84963
4724.0,0.94017,0.83455,0.84954,0.84988,0.8474,0.8453425
4725.0,0.84436,0.82799,0.84224,0.84288,0.84085,0.8384900000000001
4726.0,0.74055,0.81904,0.83239,0.83342,0.83209,0.8292349999999999
4727.0,0.80679,0.80901,0.82145,0.82289,0.82241,0.81894
4728.0,0.88078,0.80002,0.81172,0.81352,0.81386,0.8097799999999999
4729.0,0.71963,0.79408,0.80537,0.80739,0.80834,0.8037949999999999
4730.0,0.4739,0.79215,0.80339,0.80546,0.80669,0.8019225000000001
4731.0,0.67311,0.79379,0.80524,0.80723,0.80841,0.8036675
4732.0,0.8631,0.79757,0.80935,0.81121,0.81212,0.8075625
4733.0,0.71633,0.80186,0.81395,0.81569,0.81623,0.8119325
4734.0,0.53233,0.80554,0.81786,0.81948,0.81969,0.8156425
4735.0,0.72309,0.80829,0.82084,0.82231,0.82227,0.8184275
4736.0,1.06974,0.81053,0.82327,0.82456,0.82429,0.8206625
4737.0,1.07961,0.81268,0.82557,0.82667,0.82612,0.82276
4738.0,0.83518,0.8148,0.82784,0.82873,0.82791,0.8248200000000001
4739.0,0.7257,0.81669,0.82992,0.8306,0.82957,0.826695
4740.0,0.7907,0.8182,0.83164,0.83218,0.83097,0.8282475
4741.0,0.91752,0.8194,0.83304,0.83351,0.83215,0.829525
4742.0,1.14788,0.82053,0.83436,0.83482,0.83332,0.8307575
4743.0,0.98603,0.82183,0.83592,0.83635,0.83472,0.832205
4744.0,0.74132,0.82345,0.83783,0.8382,0.83642,0.833975
4745.0,0.62099,0.82533,0.83995,0.84026,0.83827,0.8359525
4746.0,0.65274,0.82714,0.84195,0.84218,0.83998,0.8378125000000001
4747.0,0.72798,0.82847,0.84341,0.84357,0.84119,0.83916
4748.0,0.66012,0.82885,0.84382,0.84397,0.84146,0.8395250000000001
4749.0,0.7587,0.82789,0.84274,0.84296,0.84043,0.8385050000000001
4750.0,0.93803,0.82543,0.84002,0.84038,0.83798,0.8359525
4751.0,0.89784,0.82168,0.83588,0.83645,0.83432,0.8320825
4752.0,0.73255,0.81724,0.83095,0.83174,0.82998,0.8274775
4753.0,0.62518,0.81291,0.82611,0.82708,0.82572,0.822955
4754.0,0.72887,0.80946,0.82222,0.8233,0.8223,0.81932
4755.0,1.03062,0.80738,0.81979,0.82092,0.82018,0.8170675000000001
4756.0,0.76595,0.80665,0.81886,0.81998,0.8194,0.8162225
4757.0,0.74689,0.8068,0.81886,0.81998,0.81946,0.816275
4758.0,0.69732,0.80695,0.81879,0.81996,0.81946,0.81629
4759.0,0.43732,0.80606,0.81752,0.81882,0.8184,0.8152
4760.0,0.52743,0.80339,0.81429,0.81577,0.81559,0.81226
4761.0,0.64025,0.79882,0.80899,0.81071,0.81093,0.8073625
4762.0,0.65365,0.79293,0.80229,0.8043,0.80502,0.8011349999999999
4763.0,0.85002,0.7868,0.79551,0.79779,0.79906,0.79479
4764.0,0.93374,0.78178,0.7902,0.79267,0.79441,0.789765
4765.0,0.74003,0.77913,0.78766,0.79021,0.79222,0.787305
4766.0,0.51628,0.77954,0.78853,0.79102,0.79304,0.7880325
4767.0,0.59292,0.78285,0.79247,0.79481,0.79654,0.7916675
4768.0,0.49326,0.78799,0.79823,0.80036,0.80162,0.79705
4769.0,0.46556,0.7935,0.80426,0.80617,0.80692,0.8027124999999999
4770.0,0.5768,0.7983,0.80947,0.81116,0.81147,0.8076
4771.0,0.63375,0.80215,0.81365,0.81515,0.81511,0.811515
4772.0,0.6148,0.80552,0.81729,0.81865,0.81829,0.8149374999999999
4773.0,0.76386,0.80891,0.82098,0.8222,0.82152,0.8184025
4774.0,0.84765,0.81239,0.82482,0.82587,0.82488,0.82199
4775.0,0.65795,0.8156,0.82829,0.8292,0.82789,0.825245
4776.0,0.79097,0.81786,0.83061,0.83144,0.82989,0.82745
4777.0,0.64756,0.81859,0.83119,0.832,0.83036,0.8280350000000001
4778.0,0.58116,0.81752,0.82979,0.83067,0.82909,0.8267675
4779.0,0.74284,0.81469,0.82647,0.82753,0.82616,0.8237125000000001
4780.0,0.72403,0.81036,0.82164,0.82294,0.8219,0.81921
4781.0,0.5547,0.80508,0.81593,0.81749,0.81689,0.8138475000000001
4782.0,0.68904,0.79962,0.8101,0.81193,0.81175,0.80835
4783.0,0.80775,0.79468,0.80482,0.80687,0.80708,0.8033625
4784.0,0.7455,0.79071,0.8006,0.80277,0.80331,0.7993474999999999
4785.0,0.76267,0.78798,0.79767,0.79988,0.80065,0.7965450000000001
4786.0,0.81422,0.78652,0.79606,0.79824,0.79913,0.7949875
4787.0,0.69408,0.78626,0.79577,0.79786,0.79878,0.7946675000000001
4788.0,0.67415,0.78725,0.79693,0.79887,0.7997,0.7956875
4789.0,0.71919,0.78965,0.79975,0.80148,0.80209,0.7982425
4790.0,0.61361,0.79366,0.80442,0.80587,0.80612,0.8025175
4791.0,0.63802,0.79924,0.81081,0.81195,0.81167,0.8084174999999999
4792.0,0.82404,0.80584,0.81824,0.81906,0.81814,0.81532
4793.0,0.73109,0.81228,0.82536,0.82592,0.82433,0.8219725
4794.0,0.61458,0.817,0.83047,0.83088,0.82878,0.8267825
4795.0,0.57937,0.81877,0.83227,0.83268,0.83031,0.8285075
4796.0,0.58201,0.81726,0.83047,0.83101,0.82869,0.8268575
4797.0,0.78096,0.81336,0.82613,0.82686,0.82484,0.8227975
4798.0,0.66327,0.80886,0.82124,0.82214,0.82051,0.8181875000000001
4799.0,0.40349,0.8056,0.81777,0.81874,0.81742,0.8148825
4800.0,0.7082,0.80452,0.81667,0.81764,0.8164,0.8138075
4801.0,0.8344,0.80524,0.81749,0.8184,0.81707,0.8145500000000001
4802.0,0.85737,0.8064,0.81871,0.81958,0.81811,0.8157
4803.0,0.69265,0.80648,0.81869,0.81962,0.81808,0.8157175000000001
4804.0,0.55072,0.80468,0.81662,0.81773,0.81629,0.8138299999999999
4805.0,0.63425,0.80128,0.8129,0.81423,0.81306,0.8103675
4806.0,0.75575,0.79738,0.80877,0.8103,0.80946,0.8064775000000001
4807.0,0.74107,0.79426,0.80557,0.80724,0.80668,0.8034375
4808.0,0.76273,0.79272,0.80411,0.80584,0.8054,0.8020175
4809.0,0.71291,0.79285,0.80444,0.80613,0.80567,0.8022725
4810.0,0.7407,0.79417,0.80601,0.80763,0.80703,0.80371
4811.0,0.75338,0.79601,0.80814,0.80968,0.80888,0.8056775
4812.0,0.72901,0.79798,0.81042,0.81186,0.81085,0.8077774999999999
4813.0,0.79006,0.80007,0.81283,0.81418,0.81296,0.81001
4814.0,0.70294,0.8025,0.81559,0.81683,0.81538,0.812575
4815.0,0.7093,0.80541,0.81881,0.81991,0.8182,0.8155825
4816.0,0.74919,0.80859,0.82225,0.82319,0.82118,0.8188025
4817.0,0.53261,0.81144,0.82522,0.82601,0.82371,0.8215950000000001
4818.0,0.41762,0.81308,0.8268,0.82751,0.82499,0.823095
4819.0,0.56316,0.81273,0.82613,0.82688,0.82429,0.8225075
4820.0,0.71084,0.81,0.82287,0.82376,0.82132,0.8194875
4821.0,0.75809,0.80524,0.81749,0.81857,0.81651,0.8144525
4822.0,0.83082,0.7996,0.81123,0.81254,0.81097,0.8085850000000001
4823.0,0.86036,0.79456,0.80569,0.8072,0.80608,0.8033825
4824.0,0.72122,0.79119,0.80205,0.80367,0.80287,0.799945
4825.0,0.56225,0.78966,0.80048,0.80213,0.80147,0.798435
4826.0,0.74309,0.78927,0.80018,0.80181,0.80115,0.7981024999999999
4827.0,0.89593,0.78901,0.79995,0.80159,0.80088,0.7978575000000001
4828.0,0.52763,0.78814,0.79901,0.80068,0.79996,0.7969474999999999
4829.0,0.76098,0.78656,0.7973,0.79901,0.79838,0.7953125
4830.0,0.76694,0.78475,0.79538,0.79713,0.79662,0.79347
4831.0,0.83974,0.78346,0.79407,0.79582,0.7954,0.7921875
4832.0,0.97157,0.78324,0.79395,0.79565,0.79522,0.792015
4833.0,0.50244,0.78415,0.79508,0.79667,0.79611,0.7930024999999999
4834.0,0.3241,0.78565,0.79682,0.79828,0.79748,0.7945575
4835.0,0.74738,0.78679,0.79809,0.79943,0.79839,0.795675
4836.0,1.02297,0.78665,0.79792,0.79921,0.79802,0.79545
4837.0,0.75423,0.78486,0.79594,0.79725,0.79607,0.7935300000000001
4838.0,0.51959,0.78177,0.79256,0.79394,0.79289,0.7902899999999999
4839.0,0.62985,0.77821,0.78873,0.79021,0.78936,0.7866274999999999
4840.0,0.79063,0.77515,0.78556,0.78711,0.78645,0.7835675
4841.0,0.93878,0.77335,0.78387,0.78544,0.78484,0.781875
4842.0,0.94434,0.77312,0.78392,0.78546,0.78476,0.781815
4843.0,0.84374,0.77418,0.78537,0.78683,0.78589,0.7830675
4844.0,0.71648,0.77579,0.78739,0.78875,0.78749,0.784855
4845.0,0.63131,0.777,0.78895,0.79023,0.78864,0.786205
4846.0,0.63628,0.77703,0.78922,0.79047,0.78861,0.7863325000000001
4847.0,0.71667,0.77566,0.78796,0.78923,0.78719,0.78501
4848.0,0.75437,0.77317,0.78554,0.78686,0.7847,0.7825675
4849.0,0.67862,0.76998,0.78246,0.78383,0.78154,0.7794525
4850.0,0.7697,0.76614,0.77875,0.78016,0.77767,0.77568
4851.0,0.68783,0.76104,0.77379,0.77521,0.77249,0.7706324999999999
4852.0,0.46412,0.75378,0.76665,0.7681,0.76512,0.7634125
4853.0,0.68367,0.74371,0.75669,0.75818,0.75492,0.7533749999999999
4854.0,0.62885,0.73065,0.74377,0.74528,0.74167,0.7403425
4855.0,0.56379,0.71458,0.72793,0.7294,0.72534,0.7243125
4856.0,1.02298,0.69543,0.70909,0.71043,0.70581,0.70519
4857.0,1.51587,0.67328,0.68721,0.68831,0.68313,0.6829825
4858.0,2.84748,0.64918,0.66323,0.664,0.65842,0.6587075
4859.0,6.87829,0.62602,0.64001,0.64039,0.63471,0.6352825
4860.0,15.16876,0.60825,0.62212,0.6221,0.61664,0.6172774999999999
4861.0,25.7195,0.60027,0.61415,0.61378,0.6088,0.6092500000000001
4862.0,24.5289,0.60428,0.61838,0.61782,0.6134,0.61347
4863.0,15.61435,0.6191,0.63348,0.63297,0.62908,0.6286575
4864.0,7.37844,0.64063,0.65519,0.65495,0.65152,0.6505725
4865.0,2.77886,0.66374,0.67814,0.67837,0.67538,0.6739075
4866.0,1.25979,0.68406,0.6979,0.69871,0.69619,0.694215
4867.0,1.01214,0.69905,0.71196,0.71338,0.71145,0.70896
4868.0,0.80435,0.70809,0.7198,0.72182,0.72062,0.7175825
4869.0,0.66885,0.71218,0.72259,0.72517,0.7248,0.721185
4870.0,0.64631,0.71339,0.72262,0.72564,0.72612,0.7219424999999999
4871.0,0.66686,0.71417,0.72255,0.72585,0.72705,0.722405
4872.0,0.6578,0.71652,0.72453,0.72794,0.72959,0.724645
4873.0,0.62757,0.72141,0.72947,0.73282,0.7346,0.729575
4874.0,0.65799,0.72855,0.73695,0.74013,0.74174,0.7368425000000001
4875.0,0.68771,0.73692,0.74576,0.74873,0.74997,0.7453449999999999
4876.0,0.61989,0.74535,0.75457,0.75732,0.75812,0.75384
4877.0,0.77374,0.75278,0.76229,0.76485,0.76523,0.7612875
4878.0,0.80705,0.75842,0.7681,0.77053,0.77058,0.7669075000000001
4879.0,0.63038,0.76172,0.7714,0.7738,0.77365,0.7701425
4880.0,0.66347,0.76246,0.772,0.77445,0.77426,0.7707925
4881.0,0.66772,0.76083,0.7701,0.77267,0.77263,0.7690575000000001
4882.0,0.73604,0.75733,0.76624,0.769,0.76923,0.76545
4883.0,0.81313,0.75259,0.76108,0.76407,0.76468,0.760605
4884.0,0.69061,0.74725,0.75528,0.75852,0.75957,0.755155
4885.0,0.55329,0.74186,0.74941,0.75291,0.75443,0.7496525
4886.0,0.58426,0.73691,0.74399,0.74772,0.74971,0.7445825
4887.0,0.71903,0.73273,0.73937,0.7433,0.74572,0.7402799999999999
4888.0,0.68783,0.72967,0.73595,0.74002,0.7428,0.7371099999999999
4889.0,0.79242,0.72838,0.73451,0.73863,0.74165,0.7357925
4890.0,0.80014,0.72994,0.73633,0.74034,0.74338,0.7374975000000001
4891.0,0.72145,0.73545,0.74262,0.74634,0.74906,0.7433675
4892.0,0.69345,0.74514,0.75357,0.75684,0.75885,0.7536
4893.0,0.60263,0.75779,0.76773,0.77047,0.77143,0.766855
4894.0,0.46822,0.77094,0.7823,0.78455,0.78433,0.78053
4895.0,0.76274,0.78186,0.79428,0.79616,0.79488,0.791795
4896.0,0.59053,0.78866,0.8016,0.8033,0.80128,0.79871
4897.0,0.77624,0.79084,0.80377,0.80545,0.80312,0.8007949999999999
4898.0,0.95523,0.78918,0.80169,0.8035,0.80123,0.7988999999999999
4899.0,0.76835,0.78519,0.79708,0.79907,0.79713,0.7946175
4900.0,0.69188,0.78051,0.79177,0.79393,0.79244,0.7896625
4901.0,0.77997,0.77648,0.78724,0.78954,0.78846,0.7854300000000001
4902.0,0.71927,0.77393,0.78441,0.78677,0.78597,0.78277
4903.0,0.73154,0.77305,0.78349,0.78582,0.78512,0.7818700000000001
4904.0,0.71862,0.77337,0.78392,0.78618,0.78542,0.7822225
4905.0,0.69795,0.77378,0.78444,0.78665,0.78576,0.7826575
4906.0,0.71603,0.77302,0.78363,0.78585,0.78489,0.7818475
4907.0,0.77292,0.77029,0.78064,0.78296,0.7821,0.7789975
4908.0,0.78625,0.76589,0.77581,0.77829,0.77771,0.774425
4909.0,0.72767,0.76115,0.77066,0.77328,0.77309,0.7695449999999999
4910.0,0.68818,0.75778,0.76708,0.76976,0.76989,0.7661275000000001
4911.0,0.73275,0.75692,0.76627,0.76892,0.76919,0.765325
4912.0,0.75049,0.75844,0.76806,0.77063,0.7708,0.7669825
4913.0,0.71092,0.76091,0.77081,0.77332,0.77324,0.76957
4914.0,0.70755,0.762,0.77196,0.77452,0.7742,0.77067
4915.0,0.63131,0.75944,0.76907,0.77183,0.77147,0.7679525
4916.0,0.76747,0.75195,0.7608,0.76393,0.76384,0.76013
4917.0,0.77979,0.73997,0.74779,0.75135,0.75186,0.7477425
4918.0,0.61501,0.72586,0.73269,0.73663,0.73792,0.7332749999999999
4919.0,0.59405,0.71308,0.71932,0.72346,0.72546,0.7203299999999999
4920.0,0.70238,0.70489,0.71111,0.7152,0.71762,0.712205
4921.0,0.63646,0.70299,0.70972,0.71357,0.71601,0.7105725
4922.0,0.69625,0.70716,0.7147,0.71819,0.72034,0.7150974999999999
4923.0,0.8253,0.71578,0.72418,0.7273,0.72896,0.7240550000000001
4924.0,0.90161,0.72688,0.73607,0.73884,0.73996,0.7354375
4925.0,0.76954,0.73889,0.74877,0.75122,0.75179,0.7476674999999999
4926.0,0.51504,0.75072,0.76121,0.76336,0.76333,0.759655
4927.0,0.49656,0.7614,0.77239,0.77427,0.77363,0.7704225
4928.0,0.77625,0.76992,0.78122,0.78288,0.78168,0.7789250000000001
4929.0,0.81784,0.77528,0.78659,0.78813,0.78653,0.7841324999999999
4930.0,0.67732,0.77686,0.7878,0.78936,0.78761,0.7854074999999999
4931.0,0.73576,0.77472,0.78497,0.78668,0.78508,0.7828625
4932.0,0.76801,0.76969,0.77906,0.78101,0.77981,0.7773925
4933.0,0.63602,0.763,0.77146,0.7737,0.77306,0.770305
4934.0,0.63743,0.75575,0.76344,0.76597,0.76595,0.7627775000000001
4935.0,0.68873,0.74868,0.75578,0.75862,0.75918,0.755565
4936.0,0.68898,0.74235,0.74907,0.75218,0.75327,0.7492175
4937.0,0.83059,0.73756,0.74417,0.74747,0.74897,0.7445425
4938.0,0.67078,0.73551,0.74231,0.74564,0.74736,0.742705
4939.0,0.43277,0.73716,0.74451,0.7477,0.74935,0.74468
4940.0,0.45659,0.74258,0.75075,0.75363,0.75488,0.75046
4941.0,0.75715,0.75053,0.75963,0.76215,0.76273,0.75876
4942.0,0.81299,0.75903,0.76899,0.77115,0.77097,0.7675350000000001
4943.0,0.92684,0.76631,0.77691,0.77881,0.77794,0.7749925
4944.0,1.07077,0.77151,0.78252,0.78425,0.78287,0.7802875
4945.0,0.66446,0.77482,0.78609,0.78771,0.78601,0.7836575
4946.0,0.45912,0.77701,0.78849,0.79004,0.78813,0.7859175
4947.0,0.71834,0.77883,0.79051,0.792,0.78992,0.787815
4948.0,0.68646,0.78048,0.79235,0.79381,0.79155,0.7895475
4949.0,0.61843,0.78163,0.7936,0.79505,0.79266,0.7907350000000001
4950.0,0.77823,0.78154,0.79342,0.79496,0.79251,0.7906075
4951.0,0.95853,0.77939,0.79091,0.79265,0.79031,0.788315
4952.0,0.93506,0.77453,0.78533,0.78743,0.78544,0.7831825
4953.0,0.93064,0.76671,0.77645,0.77904,0.77769,0.7749724999999998
4954.0,1.63635,0.75639,0.7648,0.76798,0.76754,0.7641775
4955.0,3.4427,0.745,0.75203,0.75578,0.7564,0.7523025000000001
4956.0,5.26144,0.73488,0.74079,0.74496,0.74663,0.741815
4957.0,17.34172,0.72857,0.73391,0.73826,0.7407,0.73536
4958.0,34.42936,0.72763,0.73307,0.73736,0.74011,0.7345425
4959.0,43.69841,0.73174,0.73779,0.74185,0.74441,0.7389474999999999
4960.0,37.80217,0.73867,0.74553,0.74932,0.75134,0.746215
4961.0,21.36754,0.74538,0.75291,0.75651,0.75789,0.7531725
4962.0,7.80934,0.7494,0.75727,0.7608,0.7617,0.7572924999999999
4963.0,3.2945,0.74976,0.7576,0.76119,0.76191,0.757615
4964.0,1.7223,0.74701,0.75458,0.7583,0.75912,0.7547524999999999
4965.0,1.09182,0.74274,0.74995,0.75381,0.75491,0.7503525
4966.0,0.88307,0.73877,0.74571,0.74962,0.75102,0.7462799999999999
4967.0,0.88988,0.73651,0.74334,0.74721,0.7488,0.743965
4968.0,0.97789,0.73662,0.74356,0.74726,0.74886,0.744075
4969.0,0.94168,0.73901,0.74622,0.7497,0.75111,0.7465100000000001
4970.0,0.61179,0.74303,0.75063,0.75386,0.75495,0.7506174999999999
4971.0,0.31099,0.74772,0.75575,0.75877,0.75946,0.755425
4972.0,0.46662,0.75203,0.76044,0.76332,0.76361,0.7598499999999999
4973.0,0.66545,0.75493,0.76359,0.76644,0.76642,0.762845
4974.0,0.6315,0.75564,0.76433,0.76726,0.76709,0.76358
4975.0,0.71304,0.75368,0.76216,0.76529,0.76517,0.761575
4976.0,0.84531,0.74906,0.75706,0.76049,0.76065,0.756815
4977.0,0.678,0.74216,0.74943,0.75322,0.75387,0.7496700000000001
4978.0,0.64274,0.73356,0.73988,0.74409,0.7454,0.7407325
4979.0,0.67945,0.72396,0.72918,0.73382,0.73591,0.7307175
4980.0,0.68758,0.7142,0.71831,0.72333,0.72624,0.72052
4981.0,0.712,0.7054,0.70856,0.71387,0.71757,0.7113499999999999
4982.0,0.89146,0.69896,0.70154,0.70699,0.71129,0.7046950000000001
4983.0,0.80252,0.69616,0.69868,0.70408,0.7087,0.7019049999999999
4984.0,0.59574,0.69761,0.70058,0.70577,0.71034,0.703575
4985.0,0.81898,0.70278,0.70654,0.71142,0.71561,0.7090875
4986.0,0.73895,0.71012,0.71474,0.71929,0.72288,0.7167574999999999
4987.0,0.65174,0.71761,0.72296,0.72722,0.73016,0.7244875000000001
4988.0,0.76851,0.72366,0.72945,0.73352,0.73591,0.730635
4989.0,0.70979,0.72754,0.73353,0.73749,0.73951,0.7345174999999999
4990.0,0.79717,0.7295,0.73554,0.73945,0.74126,0.7364375000000001
4991.0,0.9033,0.73028,0.73636,0.74024,0.74195,0.7372075
4992.0,0.73063,0.73062,0.7368,0.74067,0.74231,0.7376
4993.0,0.52564,0.73089,0.73721,0.74109,0.74267,0.7379650000000001
4994.0,0.49021,0.73098,0.73743,0.74134,0.74287,0.738155
4995.0,0.69389,0.7304,0.73686,0.74085,0.74237,0.7376199999999999
4996.0,0.9881,0.72854,0.73484,0.73897,0.74056,0.7357275
4997.0,0.78966,0.72499,0.73092,0.73525,0.73704,0.73205
4998.0,0.61016,0.71979,0.72521,0.7298,0.73194,0.726685
4999.0,0.76422,0.71353,0.71841,0.72328,0.72585,0.7202675
5000.0,1.14078,0.70707,0.71148,0.71661,0.71965,0.7137025
5001.0,2.03573,0.70112,0.70519,0.71056,0.71403,0.707725
5002.0,3.74247,0.69604,0.69987,0.70546,0.70929,0.7026650000000001
5003.0,7.38694,0.69194,0.69559,0.70135,0.70549,0.6985925
5004.0,16.87492,0.689,0.69253,0.6984,0.70279,0.6956800000000001
5005.0,54.72944,0.68765,0.69114,0.69703,0.70158,0.69435
5006.0,104.57726,0.68825,0.6918,0.69762,0.70219,0.6949649999999999
5007.0,129.42345,0.69052,0.69423,0.6999,0.70434,0.6972475
5008.0,110.65121,0.69327,0.69709,0.70263,0.70683,0.699955
5009.0,62.18793,0.69474,0.69851,0.70399,0.70798,0.7013050000000001
5010.0,22.1198,0.6935,0.69696,0.70248,0.70641,0.6998375
5011.0,7.84695,0.68921,0.69219,0.69784,0.70191,0.6952875000000001
5012.0,3.971,0.68288,0.6854,0.6912,0.69555,0.6887574999999999
5013.0,2.14761,0.67641,0.67869,0.68457,0.68921,0.68222
5014.0,1.35019,0.67166,0.674,0.67988,0.68471,0.6775625000000001
5015.0,1.23248,0.66975,0.67241,0.6782,0.68305,0.6758525
5016.0,1.26488,0.67073,0.6738,0.67948,0.68423,0.67706
5017.0,0.98507,0.67381,0.67727,0.68285,0.68744,0.6803425
5018.0,1.18222,0.67786,0.68161,0.68715,0.69157,0.6845475
5019.0,0.90081,0.68192,0.68586,0.6914,0.69569,0.6887175
5020.0,0.58447,0.68546,0.68955,0.69511,0.69931,0.6923575000000001
5021.0,0.56215,0.68846,0.69266,0.69824,0.70235,0.6954275000000001
5022.0,0.63026,0.69111,0.69545,0.70099,0.705,0.6981375000000001
5023.0,0.57517,0.69361,0.69808,0.70356,0.70743,0.70067
5024.0,0.544,0.69596,0.70057,0.70595,0.70965,0.7030325
5025.0,0.83437,0.6981,0.70287,0.70814,0.71167,0.705195
5026.0,0.70931,0.70022,0.70518,0.71034,0.71369,0.7073575
5027.0,0.64902,0.70278,0.70803,0.71305,0.71619,0.7100125
5028.0,0.75335,0.70631,0.71195,0.71679,0.71967,0.7136800000000001
5029.0,0.77229,0.71094,0.71701,0.72167,0.7242,0.7184550000000001
5030.0,0.66064,0.71611,0.72255,0.72704,0.72917,0.7237175
5031.0,0.63179,0.72062,0.72724,0.73163,0.73338,0.7282175
5032.0,0.54281,0.72309,0.72956,0.73395,0.73546,0.730515
5033.0,0.58614,0.72244,0.72842,0.73294,0.73445,0.7295625000000001
5034.0,0.63102,0.71837,0.72354,0.72829,0.73007,0.7250675
5035.0,0.68303,0.71133,0.71549,0.72053,0.72283,0.717545
5036.0,0.7484,0.70229,0.70537,0.71071,0.7137,0.7080175
5037.0,0.69109,0.6924,0.69441,0.70004,0.70379,0.6976600000000001
5038.0,0.51549,0.68289,0.68397,0.68983,0.69434,0.6877575
5039.0,0.74417,0.67526,0.67573,0.68168,0.68684,0.6798775
5040.0,0.79522,0.67125,0.67158,0.67747,0.68304,0.675835
5041.0,0.95823,0.67225,0.67303,0.67868,0.6843,0.6770649999999999
5042.0,1.03462,0.67846,0.68022,0.68551,0.69071,0.683725
5043.0,0.83312,0.68832,0.69138,0.69628,0.70067,0.6941625000000001
5044.0,0.64894,0.69895,0.7033,0.70786,0.71124,0.7053375000000001
5045.0,0.81763,0.70721,0.71251,0.7169,0.71935,0.7139924999999999
5046.0,0.81255,0.711,0.71678,0.72117,0.723,0.7179874999999999
5047.0,0.75032,0.7101,0.71585,0.7204,0.72207,0.717105
5048.0,0.56962,0.70601,0.71143,0.7162,0.7181,0.7129349999999999
5049.0,0.4522,0.70119,0.70618,0.71115,0.71351,0.7080075
5050.0,0.52496,0.69793,0.70264,0.70772,0.71053,0.704705
5051.0,0.64457,0.69755,0.70227,0.70734,0.7104,0.70439
5052.0,0.56031,0.70017,0.70521,0.71016,0.71318,0.70718
5053.0,0.38744,0.70495,0.71054,0.71531,0.71802,0.712205
5054.0,0.57766,0.71072,0.71693,0.72149,0.72372,0.718215
5055.0,0.77413,0.71641,0.72319,0.72754,0.72925,0.7240975
5056.0,0.87424,0.7214,0.72859,0.73276,0.734,0.7291875
5057.0,0.89709,0.72544,0.73285,0.73688,0.73776,0.7332325
5058.0,0.79204,0.72844,0.73587,0.7398,0.74044,0.7361375
5059.0,0.66241,0.73018,0.73742,0.74132,0.74183,0.7376875
5060.0,0.83078,0.73017,0.73702,0.74097,0.74149,0.7374125
5061.0,0.67037,0.72787,0.73414,0.73823,0.73891,0.7347874999999999
5062.0,0.6341,0.72308,0.72862,0.73294,0.73395,0.7296475
5063.0,0.70655,0.71633,0.7211,0.72568,0.72719,0.722575
5064.0,0.71633,0.70884,0.71296,0.7178,0.71988,0.71487
5065.0,0.71062,0.70213,0.70583,0.71086,0.71348,0.7080750000000001
5066.0,0.78479,0.69737,0.7009,0.70606,0.70907,0.70335
5067.0,0.74495,0.69492,0.6985,0.70371,0.70694,0.7010175
5068.0,0.62568,0.69439,0.69812,0.70334,0.70661,0.700615
5069.0,0.64206,0.69496,0.69884,0.70405,0.70726,0.7012775
5070.0,0.69494,0.69582,0.69981,0.705,0.70812,0.7021875000000001
5071.0,0.66621,0.69649,0.70051,0.70569,0.70872,0.7028525
5072.0,0.63462,0.69675,0.70077,0.70594,0.70892,0.703095
5073.0,0.70626,0.69654,0.70049,0.70568,0.70864,0.7028375
5074.0,0.73335,0.69562,0.69942,0.70465,0.70765,0.701835
5075.0,0.70349,0.69356,0.69704,0.70238,0.70549,0.6996175
5076.0,0.72155,0.68992,0.6929,0.6984,0.70173,0.6957375
5077.0,0.77075,0.68463,0.68695,0.69265,0.69636,0.6901474999999999
5078.0,0.80321,0.67829,0.67994,0.68585,0.69004,0.68353
5079.0,0.81605,0.6722,0.67331,0.67938,0.68409,0.677245
5080.0,0.76141,0.66787,0.66872,0.67488,0.67999,0.672865
5081.0,0.56016,0.66639,0.66735,0.67349,0.67881,0.67151
5082.0,0.68042,0.66804,0.66944,0.67547,0.68072,0.6734175
5083.0,0.66987,0.67224,0.67431,0.68016,0.68511,0.677955
5084.0,0.61013,0.67792,0.68075,0.6864,0.69088,0.6839875
5085.0,0.7233,0.68401,0.68757,0.69301,0.69696,0.6903874999999999
5086.0,0.9263,0.68969,0.69387,0.69914,0.70257,0.6963175
5087.0,0.93185,0.69461,0.69925,0.70437,0.70736,0.7013975
5088.0,0.77379,0.69873,0.70371,0.7087,0.71134,0.7056199999999999
5089.0,0.66588,0.70222,0.70744,0.71233,0.71469,0.70917
5090.0,0.72975,0.70516,0.71056,0.71537,0.71748,0.7121425
5091.0,0.77783,0.70736,0.71287,0.71763,0.71954,0.7143499999999999
5092.0,0.69617,0.70831,0.71379,0.71857,0.72035,0.715255
5093.0,0.64831,0.70736,0.71263,0.7175,0.71925,0.7141849999999998
5094.0,0.7745,0.70406,0.70891,0.71393,0.71582,0.71068
5095.0,0.65561,0.69852,0.70279,0.70801,0.71022,0.7048850000000001
5096.0,0.54607,0.69163,0.69528,0.70069,0.70334,0.697735
5097.0,0.61426,0.68486,0.688,0.69355,0.69669,0.6907749999999999
5098.0,0.70698,0.6798,0.68265,0.68825,0.69181,0.6856275000000001
5099.0,0.65196,0.67745,0.68028,0.68585,0.68965,0.6833075
5100.0,0.49778,0.67781,0.6808,0.6863,0.69016,0.6837675000000001
5101.0,0.5181,0.67986,0.68304,0.6885,0.69225,0.6859125
5102.0,0.79646,0.68207,0.68535,0.6908,0.69439,0.6881525
5103.0,0.8473,0.68309,0.6863,0.6918,0.69529,0.68912
5104.0,0.80086,0.68233,0.68527,0.69087,0.6944,0.6882174999999999
5105.0,0.72184,0.67998,0.68252,0.68825,0.69196,0.6856774999999999
5106.0,0.60115,0.67678,0.67893,0.68478,0.68875,0.68231
5107.0,0.51158,0.67372,0.6756,0.68154,0.68577,0.6791575000000001
5108.0,0.60764,0.67173,0.67355,0.67953,0.68395,0.67719
5109.0,0.80947,0.67147,0.67348,0.67943,0.68391,0.6770725
5110.0,0.75649,0.6732,0.67564,0.68148,0.68585,0.6790425
5111.0,0.7636,0.67676,0.67976,0.68544,0.68954,0.6828750000000001
5112.0,0.82487,0.68163,0.68525,0.69074,0.69445,0.6880175
5113.0,0.74847,0.68713,0.69133,0.69662,0.69988,0.6937399999999999
5114.0,0.59757,0.69256,0.69725,0.70235,0.70515,0.6993275
5115.0,0.70443,0.69728,0.70232,0.70727,0.70967,0.704135
5116.0,0.73573,0.70067,0.70586,0.71075,0.71282,0.707525
5117.0,0.87442,0.70206,0.7072,0.71211,0.71399,0.70884
5118.0,0.91019,0.7009,0.70575,0.71077,0.71265,0.7075175
5119.0,0.77565,0.69693,0.70125,0.70649,0.70857,0.70331
5120.0,0.63039,0.69039,0.69401,0.69952,0.70201,0.6964825
5121.0,0.60731,0.68211,0.68495,0.69075,0.69382,0.6879075
5122.0,0.66224,0.67332,0.67539,0.68147,0.68519,0.6788425
5123.0,0.8163,0.66531,0.66676,0.67305,0.6774,0.67063
5124.0,0.85294,0.65911,0.66013,0.66655,0.67142,0.6643025
5125.0,0.78894,0.65521,0.65599,0.66247,0.66769,0.6603399999999999
5126.0,0.72721,0.65357,0.6543,0.66077,0.66616,0.6587
5127.0,0.70702,0.65389,0.65472,0.66111,0.6665,0.659055
5128.0,0.70284,0.65582,0.65684,0.66309,0.66835,0.661025
5129.0,0.6813,0.65903,0.66035,0.6664,0.67142,0.6643
5130.0,0.73565,0.66318,0.66488,0.67069,0.67538,0.6685325
5131.0,0.80661,0.6678,0.66989,0.67547,0.67977,0.6732325
5132.0,0.79192,0.6722,0.67464,0.68004,0.68394,0.677705
5133.0,0.7121,0.67561,0.67828,0.68357,0.68712,0.6811450000000001
5134.0,0.70722,0.67733,0.68005,0.68532,0.68864,0.682835
5135.0,0.73497,0.67695,0.67952,0.68485,0.68811,0.6823575
5136.0,0.55265,0.67458,0.67681,0.68225,0.68563,0.6798175
5137.0,0.61555,0.67086,0.67263,0.6782,0.68183,0.67588
5138.0,0.75031,0.66671,0.66803,0.6737,0.67764,0.6715200000000001
5139.0,0.71278,0.66301,0.66397,0.6697,0.67394,0.6676549999999999
5140.0,0.58625,0.66025,0.66098,0.66672,0.67119,0.664785
5141.0,0.58792,0.65841,0.65903,0.66477,0.66939,0.6628999999999999
5142.0,0.67553,0.65721,0.6578,0.66357,0.66827,0.6617125
5143.0,0.50897,0.65628,0.65692,0.66275,0.66749,0.66086
5144.0,0.59105,0.65539,0.65612,0.66204,0.66682,0.6600925
5145.0,0.7522,0.65447,0.65532,0.66133,0.66616,0.65932
5146.0,0.67975,0.65361,0.65455,0.66064,0.66553,0.6585825
5147.0,0.66132,0.65291,0.65386,0.66002,0.66497,0.65794
5148.0,0.64913,0.65237,0.65327,0.65949,0.66449,0.657405
5149.0,0.6071,0.65194,0.65274,0.65897,0.66403,0.65692
5150.0,0.69108,0.65166,0.65231,0.65854,0.66366,0.6565425
5151.0,0.59507,0.65179,0.65233,0.65851,0.66366,0.6565725
5152.0,0.47109,0.65277,0.65338,0.65947,0.66457,0.6575475
5153.0,0.80174,0.65515,0.65609,0.662,0.66695,0.6600475
5154.0,1.07494,0.65919,0.66071,0.66639,0.67103,0.6643300000000001
5155.0,0.97494,0.66463,0.66688,0.67234,0.67652,0.6700925000000001
5156.0,0.66509,0.67063,0.67365,0.67891,0.68255,0.676435
5157.0,0.66399,0.67599,0.67968,0.68484,0.68794,0.6821124999999999
5158.0,0.80235,0.67953,0.68365,0.68882,0.69151,0.6858774999999999
5159.0,0.71571,0.68028,0.68451,0.68982,0.69231,0.68673
5160.0,0.71408,0.6776,0.68159,0.68717,0.68971,0.6840175
5161.0,0.65937,0.67113,0.67447,0.68045,0.68332,0.6773425000000001
5162.0,0.62112,0.66079,0.66301,0.66949,0.67301,0.666575
5163.0,0.66271,0.64687,0.64751,0.65455,0.65902,0.6519874999999999
5164.0,0.69479,0.63027,0.62898,0.63659,0.64229,0.6345324999999999
5165.0,0.61978,0.61267,0.6093,0.61741,0.62452,0.6159749999999999
5166.0,0.51573,0.59626,0.59092,0.5994,0.60793,0.5986275000000001
5167.0,0.60668,0.58297,0.57605,0.58474,0.59453,0.5845724999999999
5168.0,0.73519,0.57383,0.56578,0.57458,0.58531,0.574875
5169.0,0.72484,0.56872,0.55999,0.56882,0.58015,0.56942
5170.0,0.57119,0.56695,0.55795,0.56675,0.57836,0.5675024999999999
5171.0,0.45508,0.56814,0.55929,0.568,0.57964,0.5687675
5172.0,0.54422,0.57256,0.56444,0.57295,0.58439,0.573585
5173.0,0.65377,0.5807,0.57391,0.58213,0.5931,0.58246
5174.0,0.64293,0.59228,0.58724,0.59514,0.60535,0.5950025000000001
5175.0,0.71642,0.60567,0.60241,0.61008,0.61927,0.6093575
5176.0,0.81309,0.61815,0.61629,0.62392,0.63202,0.622595
5177.0,0.77083,0.62678,0.62572,0.63347,0.64068,0.6316625
5178.0,0.57592,0.62954,0.62855,0.6365,0.64328,0.6344675
5179.0,0.46142,0.62593,0.62423,0.63244,0.63931,0.6304775
5180.0,0.52894,0.61716,0.61412,0.62259,0.62999,0.620965
5181.0,0.67039,0.60586,0.6013,0.60992,0.61813,0.6088025
5182.0,0.68723,0.59566,0.58992,0.59849,0.60754,0.5979025
5183.0,0.57639,0.59016,0.58398,0.59228,0.60193,0.5920875
5184.0,0.49234,0.59159,0.58588,0.59375,0.6035,0.59368
5185.0,0.52432,0.59988,0.59534,0.60276,0.61205,0.6025075
5186.0,0.56397,0.61261,0.60953,0.61658,0.62496,0.61592
5187.0,0.59706,0.62608,0.62432,0.63121,0.63843,0.63001
5188.0,0.67372,0.63678,0.63599,0.64286,0.64908,0.6411775
5189.0,0.74328,0.64271,0.64248,0.64941,0.65501,0.6474025
5190.0,0.69896,0.6439,0.64382,0.65088,0.65626,0.648715
5191.0,0.5233,0.64196,0.64181,0.649,0.65445,0.6468050000000001
5192.0,0.40926,0.63919,0.63899,0.64628,0.6519,0.6440899999999999
5193.0,0.64682,0.63765,0.63764,0.6449,0.65066,0.6427125
5194.0,0.67915,0.63857,0.63899,0.6461,0.65184,0.643875
5195.0,0.57322,0.64213,0.64308,0.64999,0.65549,0.6476725
5196.0,0.59819,0.6475,0.64905,0.65579,0.66082,0.6532899999999999
5197.0,0.6185,0.65332,0.65548,0.66206,0.6666,0.659365
5198.0,0.65367,0.65823,0.66081,0.66731,0.67143,0.664445
5199.0,0.7427,0.66101,0.66371,0.67027,0.67411,0.6672750000000001
5200.0,0.82545,0.66073,0.66321,0.66999,0.67377,0.666925
5201.0,0.8363,0.65694,0.65886,0.66599,0.66998,0.6629425
5202.0,0.76716,0.6498,0.6509,0.65847,0.66294,0.6555274999999999
5203.0,0.70111,0.64015,0.64029,0.64832,0.65348,0.64556
5204.0,0.75735,0.62945,0.62864,0.63708,0.64306,0.6345574999999999
5205.0,0.72452,0.61952,0.61793,0.62665,0.63345,0.6243875
5206.0,0.50353,0.61219,0.61014,0.61897,0.62643,0.6169325
5207.0,0.34361,0.60888,0.60678,0.61549,0.62336,0.6136275
5208.0,0.46062,0.61033,0.60856,0.61698,0.62488,0.6151875
5209.0,0.7215,0.61625,0.61518,0.62319,0.63074,0.62134
5210.0,0.75912,0.62536,0.62529,0.63284,0.63972,0.6308025
5211.0,0.57448,0.63577,0.63675,0.64387,0.64991,0.641575
5212.0,0.482,0.64545,0.64733,0.65415,0.6593,0.6515575
5213.0,0.61341,0.65289,0.65544,0.66207,0.66646,0.6592150000000001
5214.0,0.72398,0.65763,0.66064,0.66715,0.67101,0.6641075
5215.0,0.51528,0.6604,0.66371,0.6701,0.67367,0.6669700000000001
5216.0,0.4668,0.66245,0.66601,0.67227,0.67566,0.6690975
5217.0,0.57067,0.66481,0.66863,0.67473,0.67797,0.671535
5218.0,0.65249,0.66764,0.6717,0.67767,0.6807,0.6744275
5219.0,0.66062,0.67008,0.67428,0.68022,0.683,0.676895
5220.0,0.63175,0.67069,0.67484,0.68086,0.68349,0.67747
5221.0,0.59206,0.66816,0.67197,0.67821,0.68088,0.674805
5222.0,0.53009,0.662,0.66516,0.67172,0.67472,0.6684000000000001
5223.0,0.68394,0.65296,0.65523,0.66213,0.66571,0.6590075
5224.0,0.74374,0.64291,0.64425,0.65143,0.65573,0.64858
5225.0,0.64167,0.63432,0.63497,0.64226,0.64727,0.639705
5226.0,0.5401,0.62951,0.62989,0.63708,0.64257,0.6347625
5227.0,0.58927,0.62963,0.63017,0.63709,0.6427,0.6348975
5228.0,0.75477,0.63415,0.63517,0.64176,0.64709,0.6395425
5229.0,0.78691,0.64116,0.64276,0.64904,0.65382,0.646695
5230.0,0.58562,0.6483,0.65038,0.65647,0.6606,0.6539375000000001
5231.0,0.48385,0.65382,0.65631,0.66226,0.66586,0.6595624999999999
5232.0,0.608,0.65738,0.66022,0.66603,0.66932,0.6632375
5233.0,0.56485,0.65997,0.6631,0.66877,0.67186,0.665925
5234.0,0.50423,0.66291,0.66637,0.67186,0.67477,0.6689775
5235.0,0.62613,0.66699,0.67084,0.67613,0.67878,0.673185
5236.0,0.7781,0.67212,0.67635,0.68147,0.68376,0.678425
5237.0,0.75152,0.67743,0.68202,0.68702,0.68891,0.6838449999999999
5238.0,0.60485,0.68193,0.6868,0.69174,0.69329,0.6884399999999999
5239.0,0.65683,0.68501,0.69007,0.695,0.69633,0.6916025
5240.0,0.63189,0.68658,0.69174,0.6967,0.69792,0.6932349999999999
5241.0,0.52236,0.68688,0.69201,0.69702,0.69823,0.6935350000000001
5242.0,0.44741,0.68606,0.691,0.6961,0.69736,0.6926300000000001
5243.0,0.46745,0.68396,0.68859,0.69383,0.69521,0.6903974999999999
5244.0,0.54395,0.68029,0.6845,0.68992,0.69153,0.6865600000000001
5245.0,0.5643,0.675,0.67867,0.68432,0.6863,0.6810725000000001
5246.0,0.43631,0.66851,0.6716,0.67752,0.67996,0.6743975
5247.0,0.51003,0.6617,0.66431,0.67046,0.67342,0.6674725
5248.0,0.66926,0.65565,0.65797,0.66426,0.66772,0.6614
5249.0,0.67051,0.65137,0.65349,0.65986,0.66368,0.6571
5250.0,0.51414,0.64933,0.65136,0.65777,0.66173,0.6550475
5251.0,0.5497,0.64936,0.65154,0.65786,0.66183,0.6551475
5252.0,0.59549,0.6511,0.65361,0.65977,0.66362,0.657025
5253.0,0.58649,0.65432,0.65721,0.66318,0.66678,0.6603725
5254.0,0.6083,0.65874,0.66207,0.66785,0.6711,0.6649400000000001
5255.0,0.64946,0.66389,0.66773,0.6733,0.67617,0.6702725
5256.0,0.57942,0.66899,0.67322,0.67862,0.68112,0.6754875
5257.0,0.45951,0.67278,0.6771,0.68247,0.68463,0.679245
5258.0,0.63889,0.6737,0.67767,0.68322,0.68516,0.6799375000000001
5259.0,0.69923,0.67034,0.67362,0.67947,0.6815,0.6762325
5260.0,0.61719,0.66218,0.66448,0.67074,0.67322,0.667655
5261.0,0.58822,0.64998,0.65111,0.65783,0.66108,0.655
5262.0,0.64041,0.6355,0.63544,0.64263,0.64685,0.640105
5263.0,0.65521,0.62089,0.6198,0.62739,0.63263,0.6251774999999999
5264.0,0.57997,0.60802,0.60617,0.61407,0.62023,0.6121224999999999
5265.0,0.53943,0.59803,0.59568,0.60379,0.61069,0.6020475
5266.0,0.52586,0.59122,0.58859,0.59683,0.60424,0.59522
5267.0,0.50619,0.58741,0.58469,0.59297,0.60069,0.59144
5268.0,0.59794,0.58645,0.58381,0.59203,0.59988,0.5905425
5269.0,0.74315,0.58843,0.58611,0.59417,0.60195,0.592665
5270.0,0.82535,0.59344,0.59179,0.59952,0.60708,0.5979575
5271.0,0.80831,0.60139,0.60058,0.6079,0.61503,0.606225
5272.0,0.76711,0.61167,0.61167,0.61864,0.62503,0.6167525
5273.0,0.72039,0.62305,0.62389,0.63055,0.63604,0.6283825
5274.0,0.47409,0.63418,0.63597,0.6423,0.64697,0.6398550000000001
5275.0,0.50207,0.64428,0.64697,0.65296,0.65693,0.650285
5276.0,0.60876,0.65293,0.6563,0.66208,0.6654,0.6591775
5277.0,0.61344,0.65966,0.66345,0.66914,0.67191,0.66604
5278.0,0.51553,0.66387,0.66778,0.67352,0.67588,0.6702625
5279.0,0.45986,0.66518,0.66901,0.67488,0.67703,0.6715249999999999
5280.0,0.57802,0.66396,0.66762,0.67359,0.6758,0.6702425000000001
5281.0,0.59687,0.66157,0.66506,0.67107,0.6735,0.6678
5282.0,0.55468,0.65994,0.66335,0.66932,0.67195,0.66614
5283.0,0.55527,0.66072,0.66424,0.67005,0.67273,0.6669350000000001
5284.0,0.62682,0.66456,0.66842,0.67396,0.67648,0.670855
5285.0,0.69115,0.67097,0.67527,0.68053,0.68267,0.67736
5286.0,0.67241,0.6786,0.68333,0.68833,0.68995,0.6850525000000001
5287.0,0.59326,0.68587,0.69093,0.69576,0.69684,0.69235
5288.0,0.5619,0.69145,0.69677,0.70149,0.70215,0.6979650000000001
5289.0,0.51729,0.69473,0.70016,0.70482,0.70525,0.70124
5290.0,0.37767,0.69559,0.70093,0.70562,0.70595,0.7020225000000001
5291.0,0.48409,0.69407,0.69912,0.70397,0.70431,0.7003674999999999
5292.0,0.68059,0.69012,0.69476,0.69985,0.70034,0.6962675
5293.0,0.7235,0.6838,0.68792,0.69329,0.69412,0.6897825
5294.0,0.62788,0.67551,0.67901,0.68469,0.68603,0.68131
5295.0,0.58954,0.66619,0.66902,0.67501,0.67695,0.6717925
5296.0,0.72962,0.65724,0.65949,0.66573,0.66828,0.662685
5297.0,0.7052,0.65017,0.6521,0.65844,0.66156,0.6555675000000001
5298.0,0.57388,0.64631,0.64819,0.65449,0.65801,0.65175
5299.0,0.50963,0.64635,0.64839,0.65455,0.6582,0.6518725
5300.0,0.59813,0.65013,0.65247,0.65843,0.66191,0.655735
5301.0,0.75268,0.65666,0.65945,0.66519,0.66825,0.6623875
5302.0,0.7418,0.6646,0.66797,0.67341,0.67598,0.67049
5303.0,0.64603,0.67282,0.67667,0.68178,0.68383,0.678775
5304.0,0.60261,0.68041,0.68457,0.68943,0.69092,0.6863325
5305.0,0.6134,0.68669,0.69102,0.6957,0.69668,0.6925224999999999
5306.0,0.63671,0.69126,0.69573,0.70026,0.70086,0.6970275
5307.0,0.67173,0.6942,0.69878,0.70319,0.70357,0.699935
5308.0,0.71359,0.69586,0.7005,0.70485,0.70509,0.7015750000000001
5309.0,0.7082,0.69657,0.70121,0.70555,0.70571,0.70226
5310.0,0.63278,0.69643,0.70102,0.70542,0.70552,0.7020975
5311.0,0.5878,0.69535,0.69987,0.70437,0.70447,0.701015
5312.0,0.64021,0.6933,0.69774,0.70233,0.7025,0.6989675000000001
5313.0,0.58832,0.69049,0.6948,0.69947,0.69978,0.6961350000000001
5314.0,0.50581,0.6873,0.69145,0.6962,0.69666,0.6929025000000001
5315.0,0.51427,0.68412,0.68811,0.69293,0.69355,0.6896775
5316.0,0.5858,0.6812,0.68507,0.68995,0.69073,0.6867375
5317.0,0.61288,0.67856,0.68234,0.6873,0.68825,0.6841125
5318.0,0.54026,0.67602,0.67969,0.68476,0.68587,0.681585
5319.0,0.51604,0.67321,0.6767,0.68194,0.68322,0.6787675
5320.0,0.55697,0.66963,0.67288,0.67835,0.67983,0.6751725
5321.0,0.62189,0.66485,0.66774,0.67345,0.67524,0.67032
5322.0,0.66071,0.65861,0.661,0.66699,0.66915,0.6639375
5323.0,0.63971,0.65091,0.65266,0.65895,0.66157,0.6560225
5324.0,0.5814,0.64199,0.64303,0.64963,0.65277,0.646855
5325.0,0.60644,0.63255,0.63288,0.63973,0.64348,0.63716
5326.0,0.62938,0.62386,0.62357,0.63058,0.63493,0.6282350000000001
5327.0,0.62349,0.61751,0.6169,0.62394,0.6288,0.6217875
5328.0,0.61706,0.61496,0.61452,0.62139,0.62659,0.6193649999999999
5329.0,0.62137,0.6172,0.61725,0.6238,0.62906,0.6218275
5330.0,0.61169,0.62417,0.62478,0.63101,0.63592,0.62897
5331.0,0.55156,0.63438,0.63565,0.6416,0.64581,0.63936
5332.0,0.56871,0.64546,0.64748,0.65313,0.65658,0.6506625
5333.0,0.66485,0.65531,0.65793,0.6633,0.6661,0.66066
5334.0,0.67588,0.66264,0.66552,0.67073,0.67301,0.667975
5335.0,0.5829,0.66686,0.66966,0.67487,0.67677,0.67204
5336.0,0.53008,0.66781,0.67036,0.67567,0.67738,0.672805
5337.0,0.60252,0.66581,0.66808,0.67353,0.67528,0.6706749999999999
5338.0,0.71249,0.66185,0.66385,0.66945,0.67142,0.6666425
5339.0,0.70711,0.65738,0.65917,0.6649,0.66716,0.6621524999999999
5340.0,0.58479,0.65375,0.65554,0.66131,0.66385,0.6586125
5341.0,0.60241,0.65189,0.6538,0.65955,0.66227,0.6568775
5342.0,0.61949,0.65197,0.65401,0.65972,0.66245,0.6570374999999999
5343.0,0.60659,0.65332,0.65548,0.66117,0.66376,0.6584325
5344.0,0.62301,0.65482,0.65712,0.66281,0.66524,0.6599975
5345.0,0.67888,0.65565,0.65809,0.66377,0.66611,0.660905
5346.0,0.63334,0.65578,0.65832,0.66399,0.66632,0.6611024999999999
5347.0,0.66339,0.65586,0.65846,0.66412,0.66645,0.6612225
5348.0,0.63289,0.65678,0.65948,0.66507,0.66737,0.662175
5349.0,0.54542,0.6592,0.66214,0.66757,0.66976,0.6646675
5350.0,0.57274,0.6634,0.66667,0.67185,0.67383,0.6689375000000001
5351.0,0.60736,0.66924,0.67281,0.67773,0.67936,0.674785
5352.0,0.57528,0.67607,0.67997,0.68463,0.68581,0.68162
5353.0,0.65428,0.68299,0.68724,0.69164,0.69236,0.6885574999999999
5354.0,0.70214,0.68916,0.69371,0.69791,0.69821,0.6947475
5355.0,0.57022,0.69401,0.69873,0.70283,0.70277,0.699585
5356.0,0.60078,0.69714,0.70192,0.706,0.70568,0.702685
5357.0,0.65326,0.69824,0.703,0.70714,0.70669,0.7037675
5358.0,0.63564,0.69727,0.70188,0.70614,0.7057,0.7027475000000001
5359.0,0.56106,0.69442,0.69874,0.70318,0.70287,0.6998025
5360.0,0.51152,0.69004,0.69397,0.69861,0.69854,0.69529
5361.0,0.55588,0.68461,0.6881,0.69293,0.69319,0.6897075
5362.0,0.55492,0.67862,0.68167,0.68669,0.68733,0.6835775
5363.0,0.55513,0.67252,0.67515,0.68035,0.68139,0.6773524999999999
5364.0,0.5555,0.66654,0.66877,0.67418,0.67559,0.67127
5365.0,0.55465,0.66058,0.66248,0.66809,0.66987,0.6652549999999999
5366.0,0.57336,0.65446,0.65604,0.66187,0.664,0.6590925
5367.0,0.58454,0.6482,0.6494,0.65548,0.65796,0.65276
5368.0,0.49591,0.64216,0.64308,0.64934,0.65218,0.64669
5369.0,0.53625,0.63723,0.63804,0.64436,0.64756,0.6417975
5370.0,0.70194,0.63463,0.63557,0.64181,0.64527,0.63932
5371.0,0.75659,0.63543,0.63675,0.64276,0.6463,0.64031
5372.0,0.66082,0.63996,0.64178,0.64749,0.65081,0.64501
5373.0,0.61175,0.64748,0.6498,0.65523,0.65804,0.6526375
5374.0,0.68518,0.65622,0.65906,0.66423,0.66639,0.661475
5375.0,0.69186,0.66413,0.66751,0.67242,0.67401,0.6695175
5376.0,0.52058,0.6699,0.67362,0.67837,0.67952,0.6753525
5377.0,0.51216,0.67319,0.67701,0.6817,0.68257,0.6786175000000001
5378.0,0.6506,0.67431,0.67802,0.68272,0.68345,0.679625
5379.0,0.65517,0.67389,0.67735,0.68212,0.6828,0.67904
5380.0,0.52977,0.67252,0.67574,0.68057,0.68132,0.6775375
5381.0,0.4565,0.67071,0.67378,0.67864,0.67953,0.675665
5382.0,0.54689,0.66895,0.67192,0.67683,0.67787,0.6738925
5383.0,0.58343,0.66753,0.6705,0.67545,0.67659,0.6725175
5384.0,0.6037,0.66641,0.66943,0.67444,0.67564,0.67148
5385.0,0.61162,0.66527,0.66832,0.67341,0.67463,0.6704075
5386.0,0.60983,0.66357,0.66661,0.67182,0.67307,0.6687675
5387.0,0.63743,0.66083,0.66386,0.6692,0.67055,0.66611
5388.0,0.68815,0.65699,0.6599,0.66541,0.66695,0.6623125
5389.0,0.71192,0.65237,0.65508,0.66077,0.66256,0.657695
5390.0,0.65504,0.64744,0.64991,0.65577,0.65786,0.652745
5391.0,0.5891,0.64265,0.64482,0.65083,0.65324,0.647885
5392.0,0.64861,0.63824,0.64004,0.64619,0.64889,0.64334
5393.0,0.68104,0.63427,0.63569,0.64197,0.64493,0.639215
5394.0,0.61334,0.63077,0.63189,0.63825,0.64145,0.63559
5395.0,0.5763,0.62795,0.62889,0.63528,0.6387,0.632705
5396.0,0.66605,0.62622,0.62714,0.6335,0.63707,0.6309825
5397.0,0.78878,0.6259,0.627,0.63325,0.63688,0.6307575
5398.0,0.63849,0.62696,0.62829,0.63442,0.63797,0.63191
5399.0,0.63819,0.62881,0.63025,0.63633,0.63964,0.6337575
5400.0,0.70081,0.63013,0.6316,0.63768,0.64076,0.6350425
5401.0,0.72749,0.62948,0.63094,0.63703,0.64003,0.63437
5402.0,0.70978,0.6263,0.62752,0.63378,0.63678,0.631095
5403.0,0.56703,0.62094,0.6219,0.62836,0.63148,0.6256700000000001
5404.0,0.3919,0.61435,0.61527,0.62183,0.62521,0.619165
5405.0,0.52565,0.60787,0.60901,0.61559,0.61918,0.6129125000000001
5406.0,0.71523,0.60279,0.60435,0.61092,0.61448,0.608135
5407.0,0.5939,0.59987,0.60207,0.60856,0.61179,0.6055725
5408.0,0.64778,0.59919,0.60227,0.60858,0.6113,0.605335
5409.0,0.72309,0.60049,0.60467,0.61066,0.61283,0.6071625
5410.0,0.75032,0.60367,0.60895,0.61455,0.61623,0.6108500000000001
5411.0,0.73506,0.60899,0.61503,0.62031,0.6215,0.6164575
5412.0,0.69344,0.61652,0.62283,0.62791,0.62866,0.62398
5413.0,0.60029,0.62558,0.63182,0.63672,0.63721,0.6328325
5414.0,0.45331,0.63496,0.64087,0.64562,0.64606,0.6418775
5415.0,0.51293,0.64346,0.64885,0.65354,0.65403,0.64997
5416.0,0.62926,0.65026,0.65499,0.65971,0.66028,0.65631
5417.0,0.54821,0.6549,0.65897,0.66381,0.66444,0.6605300000000001
5418.0,0.4358,0.6572,0.66079,0.66575,0.6665,0.66256
5419.0,0.49406,0.65738,0.66066,0.66573,0.66668,0.6626124999999999
5420.0,0.55555,0.65614,0.65915,0.66436,0.66551,0.6612899999999999
5421.0,0.61358,0.65433,0.65711,0.66246,0.66378,0.65942
5422.0,0.68518,0.65268,0.65526,0.66072,0.66218,0.65771
5423.0,0.60416,0.65148,0.65394,0.65943,0.66103,0.6564699999999999
5424.0,0.52579,0.65053,0.65292,0.6584,0.66015,0.6555
5425.0,0.57327,0.64946,0.65167,0.65719,0.65905,0.6543425
5426.0,0.705,0.64788,0.64969,0.65538,0.65727,0.652555
5427.0,0.72532,0.64525,0.64665,0.65253,0.65454,0.6497425
5428.0,0.4729,0.64127,0.64236,0.64838,0.65068,0.6456725
5429.0,0.64642,0.63624,0.63712,0.64327,0.64597,0.64065
5430.0,0.74687,0.63108,0.63174,0.63803,0.64112,0.6354925
5431.0,0.65263,0.62687,0.62724,0.63372,0.63705,0.63122
5432.0,0.5505,0.62419,0.62442,0.63103,0.6345,0.628535
5433.0,0.51296,0.62316,0.62359,0.63015,0.63377,0.6276675
5434.0,0.49793,0.62412,0.62495,0.63134,0.635,0.6288525
5435.0,0.46167,0.62757,0.62884,0.635,0.63851,0.6324799999999999
5436.0,0.49044,0.63357,0.63532,0.6412,0.64437,0.6386149999999999
5437.0,0.60737,0.64153,0.64375,0.64931,0.65199,0.646645
5438.0,0.60329,0.6502,0.65282,0.65809,0.6602,0.6553275000000001
5439.0,0.56199,0.65803,0.66089,0.66594,0.66751,0.6630925
5440.0,0.55186,0.6635,0.66642,0.67134,0.6725,0.66844
5441.0,0.568,0.66552,0.66826,0.6732,0.67414,0.67028
5442.0,0.54567,0.66375,0.66605,0.67118,0.67211,0.6682725
5443.0,0.44576,0.65869,0.66038,0.6658,0.66692,0.6629475
5444.0,0.60692,0.65153,0.65262,0.65835,0.65988,0.6555949999999999
5445.0,0.66369,0.64393,0.64462,0.65058,0.65267,0.64795
5446.0,0.59903,0.63766,0.63819,0.64429,0.64693,0.6417675
5447.0,0.5912,0.63404,0.63458,0.64075,0.64379,0.63829
5448.0,0.54528,0.63342,0.63402,0.64027,0.64344,0.6377875000000001
5449.0,0.45174,0.63484,0.63552,0.64187,0.64497,0.6393
5450.0,0.66092,0.63647,0.63724,0.64366,0.64669,0.641015
5451.0,0.82594,0.63671,0.63746,0.644,0.647,0.6412925
5452.0,0.58157,0.63507,0.63563,0.64234,0.6454,0.63961
5453.0,0.69571,0.63215,0.63246,0.63933,0.64255,0.6366225
5454.0,0.72612,0.62919,0.62936,0.63628,0.63974,0.6336425
5455.0,0.62072,0.62743,0.62763,0.63451,0.63818,0.6319375
5456.0,0.52586,0.62766,0.62798,0.63475,0.63851,0.632225
5457.0,0.55261,0.62979,0.6302,0.63691,0.64055,0.6343624999999999
5458.0,0.55551,0.63276,0.63323,0.63991,0.64331,0.6373025
5459.0,0.57754,0.6351,0.63565,0.6423,0.64551,0.63964
5460.0,0.5777,0.63594,0.63656,0.64319,0.6463,0.6404975
5461.0,0.56692,0.63538,0.63602,0.64266,0.64576,0.6399549999999999
5462.0,0.59185,0.63422,0.63486,0.6415,0.64462,0.6388
5463.0,0.59617,0.63335,0.63406,0.64066,0.6438,0.6379675
5464.0,0.5519,0.63336,0.63421,0.64074,0.64385,0.63804
5465.0,0.55629,0.6343,0.63528,0.64176,0.64477,0.6390275
5466.0,0.61119,0.63559,0.63671,0.64316,0.64605,0.6403775
5467.0,0.61593,0.63645,0.63771,0.64414,0.64695,0.6413125
5468.0,0.59189,0.6364,0.6377,0.64416,0.64694,0.6413
5469.0,0.58595,0.63523,0.63642,0.64298,0.64577,0.6400999999999999
5470.0,0.56177,0.63286,0.63388,0.64055,0.64346,0.6376875
5471.0,0.49494,0.62941,0.63022,0.637,0.6401,0.6341825
5472.0,0.45168,0.62526,0.6257,0.63263,0.63595,0.629885
5473.0,0.6169,0.62079,0.62083,0.6279,0.63144,0.62524
5474.0,0.65608,0.61646,0.61622,0.62337,0.62717,0.620805
5475.0,0.62037,0.61295,0.61255,0.6197,0.62374,0.617235
5476.0,0.61772,0.61071,0.61031,0.61741,0.62162,0.6150125
5477.0,0.57587,0.60991,0.60966,0.61665,0.62095,0.6142925
5478.0,0.50685,0.61065,0.61054,0.61746,0.62168,0.6150825
5479.0,0.49046,0.61269,0.61272,0.61961,0.62361,0.6171575
5480.0,0.59179,0.61538,0.61568,0.62247,0.6263,0.6199575
5481.0,0.73501,0.61817,0.61887,0.62551,0.62924,0.6229475
5482.0,0.66851,0.62107,0.62207,0.6286,0.63222,0.62599
5483.0,0.53921,0.6242,0.62528,0.6318,0.63521,0.6291225
5484.0,0.50583,0.62722,0.6283,0.63483,0.63801,0.63209
5485.0,0.56906,0.62953,0.63065,0.63719,0.64019,0.63439
5486.0,0.62671,0.6308,0.63197,0.63851,0.64141,0.6356725000000001
5487.0,0.59583,0.63108,0.63234,0.63887,0.64176,0.6360125
5488.0,0.57477,0.63088,0.63222,0.63873,0.64164,0.6358675
5489.0,0.55593,0.6308,0.63216,0.63869,0.64156,0.6358025
5490.0,0.52397,0.6311,0.63246,0.639,0.6418,0.63609
5491.0,0.50516,0.63155,0.63298,0.6395,0.64227,0.636575
5492.0,0.57744,0.63191,0.63339,0.6399,0.64264,0.63696
5493.0,0.64829,0.63201,0.63345,0.63998,0.64273,0.6370425
5494.0,0.6097,0.63184,0.6332,0.63976,0.64253,0.6368324999999999
5495.0,0.45817,0.63161,0.63283,0.63944,0.64224,0.63653
5496.0,0.37055,0.63145,0.63249,0.63914,0.64199,0.6362675
5497.0,0.68602,0.63119,0.63209,0.63875,0.64169,0.63593
5498.0,0.72683,0.63072,0.63147,0.63815,0.64117,0.6353774999999999
5499.0,0.56556,0.63006,0.63059,0.63735,0.64036,0.63459
5500.0,0.49218,0.62896,0.62932,0.63616,0.63917,0.6334025
5501.0,0.55111,0.62706,0.62745,0.6343,0.63742,0.6315575
5502.0,0.60352,0.62458,0.625,0.63187,0.63514,0.6291475
5503.0,0.58974,0.62214,0.62248,0.62944,0.63279,0.6267125
5504.0,0.5088,0.62017,0.62046,0.62749,0.63089,0.6247524999999999
5505.0,0.44319,0.61879,0.61911,0.62613,0.62962,0.6234125
5506.0,0.54281,0.61791,0.61832,0.62528,0.62886,0.6225925
5507.0,0.5635,0.61739,0.61784,0.62475,0.62838,0.62209
5508.0,0.53475,0.617,0.61735,0.62427,0.62788,0.6216250000000001
5509.0,0.55188,0.61633,0.61652,0.6235,0.62706,0.6208525
5510.0,0.62341,0.61494,0.61507,0.62207,0.62569,0.6194425
5511.0,0.53928,0.61305,0.61315,0.62016,0.6239,0.617565
5512.0,0.48276,0.61139,0.61151,0.61852,0.62238,0.61595
5513.0,0.49833,0.6108,0.61105,0.618,0.62194,0.6154474999999999
5514.0,0.50767,0.61203,0.61249,0.61935,0.62323,0.616775
5515.0,0.42357,0.61517,0.61598,0.62268,0.62637,0.62005
5516.0,0.44958,0.61977,0.62099,0.62747,0.6309,0.6247825
5517.0,0.65653,0.62505,0.62662,0.63291,0.63599,0.6301424999999999
5518.0,0.72853,0.63015,0.63196,0.63808,0.64079,0.635245
5519.0,0.55693,0.63431,0.63621,0.64223,0.6446,0.6393375
5520.0,0.56555,0.63691,0.63883,0.64479,0.64694,0.6418674999999999
5521.0,0.55133,0.63771,0.63955,0.6455,0.64755,0.6425775
5522.0,0.59334,0.6368,0.63844,0.64444,0.64649,0.6415425
5523.0,0.65707,0.63442,0.63572,0.64182,0.64398,0.638985
5524.0,0.6184,0.63087,0.63178,0.638,0.64034,0.6352475000000001
5525.0,0.47687,0.62671,0.62723,0.63358,0.63614,0.630915
5526.0,0.58171,0.62268,0.62291,0.62933,0.63213,0.6267625
5527.0,0.65139,0.6195,0.61963,0.62603,0.62906,0.623555
5528.0,0.56014,0.61775,0.61796,0.62427,0.62746,0.6218600000000001
5529.0,0.50661,0.61766,0.61804,0.62424,0.62744,0.621845
5530.0,0.56692,0.619,0.61955,0.62568,0.62875,0.623245
5531.0,0.6252,0.62094,0.6217,0.62776,0.63065,0.6252625
5532.0,0.58399,0.62262,0.6236,0.62959,0.63235,0.62704
5533.0,0.46959,0.62369,0.62483,0.63078,0.63345,0.6281875
5534.0,0.45884,0.62428,0.62553,0.63147,0.63408,0.6288400000000001
5535.0,0.55677,0.62478,0.62613,0.63207,0.63463,0.6294025
5536.0,0.53723,0.62559,0.62707,0.63298,0.63549,0.6302825
5537.0,0.45428,0.62695,0.62857,0.63444,0.63686,0.631705
5538.0,0.49268,0.62871,0.63049,0.63629,0.63862,0.6335275
5539.0,0.5815,0.63051,0.6324,0.63812,0.64036,0.6353475
5540.0,0.60053,0.63207,0.63393,0.63962,0.64172,0.6368349999999999
5541.0,0.63032,0.63308,0.63487,0.64053,0.64251,0.6377475
5542.0,0.66204,0.63338,0.63514,0.64074,0.64268,0.637985
5543.0,0.58227,0.63324,0.63497,0.6405,0.64244,0.6377875000000001
5544.0,0.55336,0.63318,0.6349,0.64036,0.6423,0.637685
5545.0,0.60954,0.63375,0.63548,0.64085,0.64274,0.638205
5546.0,0.6603,0.63504,0.63684,0.6421,0.64393,0.6394775
5547.0,0.60698,0.63683,0.63872,0.64387,0.64561,0.6412575
5548.0,0.47089,0.63878,0.64068,0.64574,0.64736,0.64314
5549.0,0.51934,0.6403,0.64214,0.64717,0.64867,0.64457
5550.0,0.58324,0.64083,0.64258,0.6476,0.64904,0.6450125
5551.0,0.59096,0.6402,0.6418,0.64687,0.6483,0.6442924999999999
5552.0,0.61351,0.63861,0.64006,0.64518,0.64668,0.6426324999999999
5553.0,0.65797,0.63643,0.63779,0.64296,0.64457,0.6404375
5554.0,0.65963,0.63415,0.63547,0.64067,0.64242,0.6381775
5555.0,0.60558,0.63221,0.6335,0.63875,0.64059,0.6362625
5556.0,0.57269,0.63076,0.63206,0.63735,0.63925,0.6348550000000001
5557.0,0.67763,0.62963,0.63097,0.63631,0.63825,0.6337900000000001
5558.0,0.69504,0.62848,0.62988,0.63523,0.63724,0.6327075
5559.0,0.60442,0.62713,0.6285,0.6339,0.63594,0.6313675000000001
5560.0,0.53219,0.6255,0.62675,0.6322,0.63428,0.6296825
5561.0,0.58372,0.62348,0.62462,0.6301,0.63226,0.627615
5562.0,0.61433,0.62115,0.62217,0.62766,0.62993,0.6252274999999999
5563.0,0.52072,0.61873,0.61962,0.62511,0.6275,0.6227400000000001
5564.0,0.50456,0.61654,0.61726,0.62277,0.62526,0.6204575
5565.0,0.60107,0.61469,0.61532,0.62083,0.62342,0.618565
5566.0,0.59412,0.61325,0.61381,0.61932,0.622,0.617095
5567.0,0.53209,0.61231,0.61279,0.6183,0.62106,0.616115
5568.0,0.53325,0.61188,0.6123,0.6178,0.62062,0.61565
5569.0,0.57975,0.61185,0.61222,0.6177,0.62055,0.61558
5570.0,0.58689,0.6122,0.61248,0.61794,0.62079,0.6158525
5571.0,0.5288,0.61296,0.61318,0.61863,0.62144,0.6165525000000001
5572.0,0.60836,0.61404,0.61432,0.61971,0.62249,0.61764
5573.0,0.60739,0.61532,0.61572,0.62102,0.62376,0.618955
5574.0,0.53968,0.61689,0.61741,0.62264,0.62528,0.6205550000000001
5575.0,0.65397,0.61877,0.61937,0.62457,0.62705,0.62244
5576.0,0.65329,0.62055,0.62129,0.62642,0.62877,0.6242575
5577.0,0.56918,0.6219,0.62278,0.62783,0.6301,0.6256525000000001
5578.0,0.52578,0.62268,0.62361,0.62865,0.63083,0.6264425
5579.0,0.56736,0.6227,0.62359,0.62867,0.6308,0.6264400000000001
5580.0,0.55319,0.62171,0.62252,0.62767,0.62982,0.6254299999999999
5581.0,0.58791,0.61954,0.62019,0.62549,0.62772,0.623235
5582.0,0.61053,0.61593,0.6164,0.62186,0.62426,0.6196125
5583.0,0.57431,0.61086,0.61108,0.61675,0.61938,0.6145175
5584.0,0.50833,0.60466,0.60456,0.61047,0.61336,0.6082625
5585.0,0.51082,0.59783,0.59744,0.60354,0.60675,0.60139
5586.0,0.58274,0.59113,0.59056,0.59677,0.60032,0.594695
5587.0,0.56577,0.58548,0.58485,0.59106,0.59493,0.58908
5588.0,0.41574,0.58167,0.58109,0.58724,0.59133,0.5853325
5589.0,0.42154,0.58014,0.57973,0.58576,0.5899,0.5838825
5590.0,0.45369,0.58083,0.58066,0.58654,0.59061,0.58466
5591.0,0.49518,0.58332,0.58342,0.58913,0.59304,0.5872275
5592.0,0.53574,0.58702,0.58737,0.5929,0.59661,0.5909749999999999
5593.0,0.54351,0.59129,0.59179,0.59716,0.60069,0.5952325
5594.0,0.53417,0.59546,0.59594,0.6012,0.60458,0.599295
5595.0,0.63152,0.5989,0.59914,0.60439,0.60762,0.6025125
5596.0,0.71165,0.60108,0.60098,0.6063,0.60941,0.6044425
5597.0,0.64473,0.60158,0.60119,0.6066,0.60969,0.604765
5598.0,0.57654,0.60037,0.5998,0.60526,0.60848,0.6034775
5599.0,0.5719,0.59828,0.59754,0.60306,0.60644,0.60133
5600.0,0.55127,0.59663,0.59581,0.60138,0.60484,0.599665
5601.0,0.46465,0.59642,0.59575,0.60128,0.60476,0.5995524999999999
5602.0,0.39378,0.5982,0.59789,0.60324,0.60671,0.60151
5603.0,0.64084,0.60211,0.60223,0.60737,0.61068,0.6055975
5604.0,0.62349,0.60777,0.60832,0.61325,0.61625,0.6113974999999999
5605.0,0.46506,0.61425,0.61519,0.61996,0.62254,0.6179849999999999
5606.0,0.53286,0.62035,0.62163,0.62627,0.62845,0.6241749999999999
5607.0,0.59909,0.62512,0.62664,0.6312,0.63307,0.6290074999999999
5608.0,0.57391,0.62811,0.62971,0.63426,0.63589,0.6319925
5609.0,0.50574,0.62912,0.63067,0.63528,0.63678,0.6329625
5610.0,0.48184,0.62808,0.62948,0.63417,0.63568,0.6318524999999999
5611.0,0.55272,0.62494,0.62609,0.63091,0.63253,0.6286175
5612.0,0.54675,0.62003,0.62076,0.62578,0.62756,0.6235325
5613.0,0.55349,0.61401,0.61435,0.61958,0.62157,0.6173774999999999
5614.0,0.5801,0.6077,0.60789,0.61322,0.61555,0.6110900000000001
5615.0,0.56588,0.60201,0.60226,0.60761,0.61033,0.6055525
5616.0,0.52502,0.59803,0.59838,0.60373,0.60674,0.6017199999999999
5617.0,0.5117,0.59656,0.59699,0.60239,0.60544,0.600345
5618.0,0.5416,0.59711,0.59775,0.60317,0.60615,0.601045
5619.0,0.57779,0.59845,0.5994,0.60473,0.60769,0.6025675
5620.0,0.53982,0.59954,0.60069,0.60596,0.60889,0.60377
5621.0,0.48752,0.59993,0.60103,0.60636,0.60919,0.6041274999999999
5622.0,0.49897,0.59953,0.60051,0.60594,0.60868,0.603665
5623.0,0.53778,0.59857,0.59956,0.60501,0.60778,0.60273
5624.0,0.48098,0.5976,0.59874,0.60412,0.607,0.6018650000000001
5625.0,0.3241,0.59752,0.59879,0.60408,0.60702,0.6018525
5626.0,0.40072,0.5991,0.60046,0.60567,0.60854,0.6034425
5627.0,0.54037,0.60228,0.60377,0.60887,0.61158,0.606625
5628.0,0.51346,0.60626,0.60789,0.61284,0.61538,0.6105925000000001
5629.0,0.56398,0.61015,0.61184,0.61666,0.61902,0.6144175
5630.0,0.56099,0.61323,0.61486,0.61963,0.62178,0.617375
5631.0,0.5231,0.61486,0.61639,0.62116,0.62316,0.6188925
5632.0,0.52396,0.61476,0.61619,0.62099,0.62293,0.6187175
5633.0,0.6073,0.61309,0.61444,0.6193,0.62126,0.6170225
5634.0,0.61053,0.61038,0.61164,0.61657,0.6186,0.6142974999999999
5635.0,0.52715,0.60723,0.60841,0.61341,0.61555,0.6111500000000001
5636.0,0.46362,0.60418,0.60534,0.61036,0.61264,0.60813
5637.0,0.52108,0.60159,0.60274,0.60775,0.61017,0.6055625
5638.0,0.55987,0.59964,0.60077,0.60576,0.60827,0.60361
5639.0,0.57299,0.59846,0.59955,0.60454,0.60709,0.60241
5640.0,0.58679,0.59793,0.59907,0.60403,0.6066,0.6019075
5641.0,0.58964,0.59789,0.59912,0.60403,0.60661,0.6019125
5642.0,0.51079,0.5983,0.59963,0.60448,0.60706,0.6023675000000001
5643.0,0.54406,0.59927,0.60066,0.60547,0.60799,0.6033474999999999
5644.0,0.57913,0.60066,0.60213,0.60689,0.60932,0.60475
5645.0,0.56104,0.60217,0.60375,0.60842,0.61077,0.6062775
5646.0,0.57255,0.60365,0.6053,0.60989,0.61213,0.6077425
5647.0,0.57842,0.60503,0.6067,0.61123,0.61335,0.6090775
5648.0,0.53394,0.60625,0.60795,0.61241,0.61442,0.6102575
5649.0,0.48539,0.60719,0.60895,0.61333,0.61526,0.6111825000000001
5650.0,0.49101,0.60771,0.60948,0.6138,0.61568,0.6116675
5651.0,0.44923,0.6077,0.60937,0.61368,0.61551,0.611565
5652.0,0.51387,0.60701,0.60847,0.61284,0.61462,0.610735
5653.0,0.59317,0.60534,0.6066,0.61102,0.61285,0.6089525
5654.0,0.56703,0.60242,0.60349,0.60793,0.60993,0.6059424999999999
5655.0,0.49685,0.59849,0.59921,0.60374,0.60592,0.6018399999999999
5656.0,0.49922,0.59428,0.59458,0.59925,0.6016,0.5974275
5657.0,0.52404,0.59045,0.59055,0.59528,0.59784,0.59353
5658.0,0.52741,0.58726,0.58738,0.59208,0.5949,0.5904050000000001
5659.0,0.53344,0.58524,0.58539,0.59003,0.59306,0.58843
5660.0,0.59604,0.58506,0.5852,0.58985,0.59288,0.5882475
5661.0,0.62143,0.58657,0.58689,0.5915,0.59441,0.5898424999999999
5662.0,0.58525,0.58893,0.58955,0.594,0.59684,0.59233
5663.0,0.53985,0.5916,0.59241,0.5967,0.59944,0.5950375
5664.0,0.54238,0.59437,0.59521,0.59943,0.60197,0.597745
5665.0,0.50686,0.59686,0.5977,0.60188,0.60422,0.6001650000000001
5666.0,0.43103,0.5987,0.5996,0.60373,0.60596,0.6019975000000001
5667.0,0.39204,0.59997,0.60094,0.60501,0.60721,0.6032824999999999
5668.0,0.5045,0.60115,0.60213,0.60617,0.60834,0.6044475
5669.0,0.5442,0.60274,0.60373,0.60775,0.60985,0.6060175
5670.0,0.48967,0.60492,0.60599,0.60994,0.61197,0.608205
5671.0,0.43394,0.60755,0.60873,0.61257,0.6145,0.6108375
5672.0,0.51334,0.61039,0.6116,0.61535,0.61714,0.6136199999999999
5673.0,0.67582,0.61315,0.61435,0.61803,0.61962,0.6162875
5674.0,0.68347,0.61531,0.61654,0.62016,0.62158,0.6183975
5675.0,0.56403,0.61643,0.61769,0.62126,0.62259,0.6194925
5676.0,0.57274,0.61647,0.61768,0.62125,0.62251,0.6194775
5677.0,0.60606,0.61558,0.61673,0.62035,0.62156,0.618555
5678.0,0.57601,0.61378,0.61491,0.61859,0.61982,0.616775
5679.0,0.49208,0.61113,0.61222,0.61595,0.61729,0.6141475
5680.0,0.4605,0.60807,0.60903,0.61285,0.6143,0.6110625
5681.0,0.64949,0.60505,0.60588,0.60978,0.61134,0.6080125
5682.0,0.6187,0.60223,0.603,0.60692,0.60864,0.6051974999999999
5683.0,0.52135,0.59971,0.60042,0.60434,0.60622,0.6026724999999999
5684.0,0.56384,0.59778,0.59836,0.60231,0.60431,0.60069
5685.0,0.47523,0.59662,0.59711,0.60109,0.60314,0.5994900000000001
5686.0,0.39715,0.59617,0.5967,0.60066,0.60276,0.5990725
5687.0,0.48458,0.59648,0.59711,0.601,0.60315,0.5994349999999999
5688.0,0.65226,0.59776,0.59849,0.6023,0.60442,0.6007425
5689.0,0.56433,0.60007,0.60092,0.60463,0.60662,0.60306
5690.0,0.61759,0.60304,0.60406,0.60763,0.60945,0.606045
5691.0,0.6242,0.60606,0.60723,0.61068,0.6123,0.6090675
5692.0,0.535,0.60855,0.60982,0.61318,0.6146,0.6115375000000001
5693.0,0.53858,0.61006,0.61137,0.6147,0.61595,0.61302
5694.0,0.59268,0.61021,0.61153,0.61487,0.61604,0.6131625
5695.0,0.58382,0.60891,0.61017,0.61356,0.61475,0.6118475
5696.0,0.52583,0.60645,0.60758,0.61109,0.61233,0.6093625
5697.0,0.49995,0.60316,0.60418,0.6078,0.60918,0.60608
5698.0,0.47318,0.59932,0.60026,0.60396,0.60556,0.602275
5699.0,0.54753,0.59541,0.59624,0.60004,0.60186,0.5983875
5700.0,0.64789,0.592,0.59272,0.59662,0.59862,0.59499
5701.0,0.64669,0.58921,0.58991,0.59387,0.59604,0.5922575
5702.0,0.55873,0.58687,0.58755,0.59155,0.59388,0.5899625
5703.0,0.49677,0.58478,0.58537,0.58942,0.59186,0.5878575
5704.0,0.52151,0.58266,0.58311,0.58724,0.58974,0.5856875
5705.0,0.59449,0.58012,0.58043,0.58462,0.58721,0.5830949999999999
5706.0,0.55292,0.57707,0.57723,0.58145,0.58418,0.5799825000000001
5707.0,0.46671,0.57398,0.57397,0.57822,0.5811,0.5768175
5708.0,0.38085,0.57154,0.57145,0.57568,0.5787,0.5743425
5709.0,0.34234,0.57041,0.57032,0.57448,0.5776,0.5732025
5710.0,0.41093,0.57117,0.57117,0.57521,0.57833,0.57397
5711.0,0.55728,0.57394,0.57417,0.57804,0.58106,0.5768025
5712.0,0.59096,0.57833,0.57886,0.58252,0.58537,0.58127
5713.0,0.50282,0.58386,0.58463,0.58811,0.59068,0.58682
5714.0,0.47753,0.58988,0.59087,0.59419,0.59644,0.592845
5715.0,0.52471,0.59563,0.59681,0.59999,0.60193,0.59859
5716.0,0.58254,0.60065,0.60194,0.60501,0.60669,0.6035725000000001
5717.0,0.59699,0.60487,0.60624,0.60922,0.61067,0.60775
5718.0,0.5437,0.60835,0.60978,0.61269,0.61395,0.6111925
5719.0,0.48366,0.61121,0.61267,0.61553,0.61663,0.61401
5720.0,0.56303,0.61354,0.61502,0.61783,0.61879,0.616295
5721.0,0.63226,0.61525,0.61672,0.61948,0.62033,0.617945
5722.0,0.5054,0.61622,0.6176,0.62035,0.62113,0.618825
5723.0,0.48761,0.61628,0.61754,0.62029,0.62105,0.6187900000000001
5724.0,0.54406,0.61538,0.61648,0.61926,0.62008,0.6178000000000001
5725.0,0.5834,0.61378,0.6147,0.61756,0.61844,0.61612
5726.0,0.53667,0.61184,0.61266,0.61559,0.61656,0.6141625
5727.0,0.4358,0.60983,0.61063,0.61359,0.6147,0.6121875
5728.0,0.47277,0.60805,0.60886,0.61183,0.61307,0.6104525
5729.0,0.46702,0.60693,0.60774,0.61075,0.61201,0.6093575
5730.0,0.33117,0.6065,0.60741,0.61043,0.61167,0.6090025
5731.0,0.40089,0.60652,0.6076,0.61057,0.61183,0.60913
5732.0,0.45926,0.60693,0.60811,0.61104,0.61228,0.6095900000000001
5733.0,0.46502,0.60775,0.60894,0.61187,0.61304,0.6104
5734.0,0.47063,0.6087,0.60994,0.61285,0.61394,0.6113575
5735.0,0.54973,0.60935,0.61065,0.61354,0.61458,0.61203
5736.0,0.55712,0.60957,0.61089,0.61376,0.61476,0.612245
5737.0,0.47923,0.6094,0.61072,0.61359,0.61455,0.612065
5738.0,0.43756,0.60895,0.6103,0.61315,0.61409,0.6116225
5739.0,0.61988,0.60838,0.60978,0.61261,0.61354,0.6110775
5740.0,0.70764,0.60788,0.60932,0.61211,0.61304,0.6105875000000001
5741.0,0.63064,0.60761,0.60906,0.61182,0.61274,0.6103075
5742.0,0.47139,0.60757,0.60901,0.61176,0.61267,0.6102525
5743.0,0.40808,0.60762,0.60905,0.61178,0.61268,0.6102825000000001
5744.0,0.50688,0.60753,0.60893,0.61164,0.61256,0.6101650000000001
5745.0,0.57069,0.60719,0.60853,0.61125,0.61218,0.6097875
5746.0,0.53578,0.60654,0.6078,0.61057,0.61149,0.6091
5747.0,0.48838,0.6055,0.60674,0.60954,0.61049,0.6080675
5748.0,0.47241,0.60402,0.60525,0.60807,0.60908,0.6066050000000001
5749.0,0.4923,0.60223,0.6034,0.60626,0.60734,0.6048075
5750.0,0.53346,0.60038,0.60146,0.60436,0.60549,0.6029225
5751.0,0.57079,0.59858,0.59963,0.60254,0.60373,0.60112
5752.0,0.58364,0.59702,0.59808,0.60096,0.60222,0.59957
5753.0,0.50835,0.59609,0.59717,0.60002,0.60132,0.59865
5754.0,0.48895,0.5961,0.59724,0.60002,0.60134,0.5986750000000001
5755.0,0.66757,0.59702,0.59824,0.60094,0.60222,0.5996049999999999
5756.0,0.63792,0.59835,0.59966,0.60232,0.60352,0.6009625
5757.0,0.51284,0.59932,0.60071,0.60336,0.60448,0.6019675
5758.0,0.49464,0.59931,0.60072,0.60344,0.60452,0.6019975
5759.0,0.65535,0.59824,0.59963,0.60244,0.60355,0.600965
5760.0,0.58453,0.59657,0.59792,0.60085,0.60204,0.599345
5761.0,0.38732,0.59519,0.59649,0.5995,0.6008,0.5979949999999999
5762.0,0.29915,0.59487,0.59616,0.59917,0.60057,0.5976925
5763.0,0.45815,0.59601,0.59729,0.60023,0.60168,0.5988025
5764.0,0.58217,0.59858,0.59979,0.60264,0.60403,0.60126
5765.0,0.59276,0.60198,0.60314,0.60587,0.60714,0.6045324999999999
5766.0,0.53263,0.60525,0.60637,0.60899,0.61013,0.6076849999999999
5767.0,0.46834,0.60767,0.60871,0.61127,0.61227,0.60998
5768.0,0.41215,0.60893,0.60988,0.61243,0.61332,0.61114
5769.0,0.53066,0.60899,0.60989,0.61244,0.61328,0.61115
5770.0,0.65052,0.60809,0.60896,0.61153,0.61237,0.6102375
5771.0,0.60911,0.60665,0.60751,0.6101,0.61097,0.6088075000000001
5772.0,0.63306,0.60505,0.6059,0.60851,0.60942,0.60722
5773.0,0.66641,0.60356,0.60438,0.60699,0.60795,0.60572
5774.0,0.62369,0.60218,0.60295,0.60557,0.60657,0.6043175000000001
5775.0,0.53941,0.60062,0.60132,0.60396,0.60502,0.60273
5776.0,0.6792,0.59849,0.59906,0.60178,0.60291,0.60056
5777.0,0.64334,0.59536,0.5958,0.59864,0.5999,0.597425
5778.0,0.52127,0.59096,0.59129,0.59429,0.59572,0.593065
5779.0,0.49824,0.58552,0.58572,0.58894,0.59058,0.58769
5780.0,0.52579,0.57961,0.57978,0.58321,0.58509,0.5819225
5781.0,0.53407,0.57391,0.5742,0.57777,0.57993,0.5764525
5782.0,0.51554,0.56929,0.56976,0.57343,0.57583,0.5720775
5783.0,0.52125,0.56665,0.56731,0.57103,0.57354,0.5696325
5784.0,0.641,0.56626,0.56717,0.57084,0.57338,0.5694125
5785.0,0.54209,0.56776,0.56896,0.57247,0.57499,0.571045
5786.0,0.4589,0.57083,0.57216,0.5755,0.57788,0.5740925
5787.0,0.58356,0.57496,0.57633,0.57949,0.58164,0.578105
5788.0,0.62301,0.57936,0.58076,0.5837,0.58564,0.582365
5789.0,0.55657,0.58348,0.58483,0.58757,0.58931,0.5862974999999999
5790.0,0.49468,0.58712,0.5884,0.59099,0.59253,0.5897600000000001
5791.0,0.51691,0.59021,0.59141,0.59387,0.59525,0.592685
5792.0,0.56208,0.59286,0.59396,0.59632,0.59756,0.595175
5793.0,0.53125,0.59509,0.59616,0.59844,0.59955,0.59731
5794.0,0.50715,0.59671,0.59782,0.60001,0.60104,0.598895
5795.0,0.54973,0.59775,0.59886,0.60102,0.60196,0.5998975
5796.0,0.55488,0.59847,0.59959,0.60172,0.60257,0.6005875
5797.0,0.5275,0.5989,0.60016,0.60223,0.60302,0.6010775
5798.0,0.50718,0.59927,0.60067,0.60267,0.60341,0.601505
5799.0,0.50602,0.59992,0.6014,0.60336,0.60398,0.602165
5800.0,0.46804,0.60076,0.60237,0.60425,0.60476,0.603035
5801.0,0.43411,0.60127,0.60305,0.60482,0.60527,0.6036025
5802.0,0.46525,0.60129,0.60309,0.60484,0.60522,0.60361
5803.0,0.5671,0.60088,0.60264,0.6044,0.60473,0.6031625
5804.0,0.61925,0.60004,0.60181,0.60358,0.60395,0.6023449999999999
5805.0,0.56451,0.599,0.60076,0.60257,0.603,0.6013325
5806.0,0.46502,0.59822,0.59994,0.6018,0.60228,0.60056
5807.0,0.46546,0.59786,0.59958,0.60148,0.60201,0.6002325
5808.0,0.74085,0.59778,0.59955,0.60146,0.60203,0.600205
5809.0,0.66041,0.5978,0.59959,0.60154,0.60212,0.6002624999999999
5810.0,0.49964,0.59779,0.59954,0.60154,0.60212,0.6002475
5811.0,0.592,0.59754,0.59927,0.6013,0.60189,0.6
5812.0,0.52663,0.59694,0.59866,0.60072,0.60136,0.5994200000000001
5813.0,0.40622,0.59619,0.59785,0.59995,0.60064,0.5986575
5814.0,0.42628,0.59568,0.59726,0.59938,0.60011,0.5981075
5815.0,0.61566,0.59569,0.59725,0.59934,0.60012,0.5981000000000001
5816.0,0.54521,0.59638,0.59792,0.59996,0.60077,0.5987575
5817.0,0.47169,0.5979,0.59939,0.60136,0.60214,0.6001974999999999
5818.0,0.47862,0.60011,0.60154,0.60343,0.60414,0.602305
5819.0,0.5364,0.6025,0.60393,0.60572,0.60635,0.604625
5820.0,0.59248,0.60463,0.60603,0.60775,0.60828,0.6066725
5821.0,0.62396,0.60627,0.60761,0.60928,0.60971,0.6082175000000001
5822.0,0.62313,0.60737,0.60867,0.6103,0.61065,0.6092475
5823.0,0.58362,0.60798,0.60928,0.61087,0.61118,0.6098275
5824.0,0.4948,0.6083,0.60959,0.61115,0.61142,0.610115
5825.0,0.50793,0.6085,0.60979,0.61131,0.61156,0.61029
5826.0,0.53791,0.60865,0.60995,0.61143,0.61165,0.61042
5827.0,0.45372,0.60867,0.60999,0.61143,0.61162,0.6104275000000001
5828.0,0.49001,0.60846,0.60979,0.6112,0.61138,0.6102075
5829.0,0.59159,0.608,0.60931,0.61073,0.61088,0.60973
5830.0,0.63674,0.60726,0.60858,0.61001,0.61015,0.609
5831.0,0.54344,0.60615,0.60754,0.60898,0.60914,0.6079525
5832.0,0.51348,0.60479,0.60621,0.6077,0.6079,0.60665
5833.0,0.538,0.60344,0.60487,0.60643,0.60665,0.6053475
5834.0,0.53762,0.60221,0.60372,0.60531,0.60559,0.6042075
5835.0,0.44425,0.60121,0.60279,0.60439,0.60474,0.6032825
5836.0,0.42518,0.60071,0.6023,0.60392,0.60428,0.6028025
5837.0,0.4627,0.60086,0.60245,0.60405,0.60441,0.6029425
5838.0,0.48453,0.60149,0.60312,0.60464,0.60501,0.603565
5839.0,0.42096,0.60245,0.60405,0.6055,0.60584,0.6044600000000001
5840.0,0.39162,0.60359,0.6051,0.6065,0.60678,0.6054925
5841.0,0.49362,0.60451,0.60595,0.6073,0.60752,0.60632
5842.0,0.64051,0.60476,0.60612,0.60745,0.60765,0.606495
5843.0,0.60095,0.60414,0.6054,0.60677,0.60697,0.60582
5844.0,0.53891,0.60263,0.6038,0.60525,0.60548,0.60429
5845.0,0.52522,0.60038,0.60147,0.60302,0.60335,0.602055
5846.0,0.55915,0.59769,0.59871,0.6004,0.60085,0.5994125
5847.0,0.58131,0.59486,0.59583,0.59763,0.59823,0.5966375
5848.0,0.56558,0.59206,0.59296,0.59489,0.59563,0.593885
5849.0,0.55404,0.58934,0.59014,0.59219,0.59308,0.5911875
5850.0,0.54094,0.58659,0.58728,0.58943,0.59048,0.588445
5851.0,0.44805,0.58374,0.58425,0.58651,0.58772,0.585555
5852.0,0.5045,0.58078,0.58111,0.58347,0.58483,0.5825475
5853.0,0.61929,0.57771,0.5779,0.58034,0.58186,0.5794524999999999
5854.0,0.61719,0.57468,0.57475,0.57725,0.57893,0.5764024999999999
5855.0,0.40032,0.57202,0.57198,0.57455,0.57635,0.573725
5856.0,0.49362,0.57002,0.56998,0.57257,0.57447,0.57176
5857.0,0.57643,0.56884,0.56888,0.57144,0.57344,0.57065
5858.0,0.3508,0.56866,0.56876,0.5713,0.57332,0.5705100000000001
5859.0,0.41963,0.56957,0.56972,0.57224,0.57422,0.5714374999999999
5860.0,0.5552,0.57126,0.57155,0.57398,0.57591,0.573175
5861.0,0.61076,0.57329,0.57368,0.57604,0.57789,0.575225
5862.0,0.55219,0.57529,0.57575,0.57805,0.57981,0.577225
5863.0,0.49017,0.57697,0.57746,0.57972,0.58139,0.578885
5864.0,0.47182,0.57828,0.57876,0.581,0.58259,0.5801575
5865.0,0.50827,0.57943,0.57992,0.58213,0.58363,0.5812775
5866.0,0.58185,0.58049,0.58107,0.5832,0.58466,0.582355
5867.0,0.62717,0.58151,0.58218,0.58425,0.58563,0.5833925
5868.0,0.59284,0.58252,0.58328,0.58531,0.58654,0.5844125
5869.0,0.51839,0.58321,0.58418,0.58616,0.58721,0.5851900000000001
5870.0,0.52102,0.58313,0.5844,0.58633,0.58718,0.5852600000000001
5871.0,0.67859,0.58201,0.58366,0.58557,0.58618,0.5843550000000001
5872.0,0.83995,0.57985,0.58195,0.58386,0.5842,0.582465
5873.0,1.13304,0.57691,0.57946,0.58137,0.58149,0.5798075
5874.0,1.94656,0.57368,0.57662,0.57855,0.57853,0.576845
5875.0,2.70335,0.57075,0.5739,0.57588,0.57585,0.574095
5876.0,2.98087,0.56844,0.57161,0.57366,0.57379,0.5718749999999999
5877.0,2.63072,0.56695,0.56984,0.57204,0.57244,0.5703174999999999
5878.0,1.86158,0.56624,0.56863,0.57102,0.57179,0.5694199999999999
5879.0,1.12499,0.56596,0.56782,0.5704,0.57158,0.56894
5880.0,0.69792,0.56564,0.56693,0.56971,0.57127,0.5683875
5881.0,0.62311,0.56487,0.5656,0.56861,0.57047,0.5673874999999999
5882.0,0.58413,0.56319,0.56336,0.56665,0.56877,0.5654925
5883.0,0.57683,0.55982,0.55949,0.56309,0.5655,0.561975
5884.0,0.58287,0.55401,0.55313,0.55713,0.55989,0.5560400000000001
5885.0,0.57159,0.54534,0.54378,0.54832,0.55151,0.5472375
5886.0,0.53188,0.53375,0.53149,0.53665,0.54045,0.535585
5887.0,0.48789,0.51996,0.51703,0.52283,0.52738,0.5217999999999999
5888.0,0.48104,0.50573,0.50219,0.50862,0.51395,0.5076225
5889.0,0.52728,0.49294,0.48908,0.49596,0.50211,0.49502250000000003
5890.0,0.48466,0.48314,0.47912,0.48629,0.49311,0.485415
5891.0,0.4309,0.47741,0.47326,0.48062,0.48783,0.47978
5892.0,0.40309,0.4755,0.4715,0.47883,0.48632,0.4780375
5893.0,0.38753,0.47631,0.4725,0.47965,0.4873,0.47894
5894.0,0.43078,0.4793,0.47551,0.48251,0.49004,0.48184
5895.0,0.53345,0.48423,0.48064,0.48734,0.49468,0.4867225
5896.0,0.6063,0.49086,0.48759,0.49386,0.50091,0.493305
5897.0,0.49015,0.49959,0.49661,0.50242,0.50895,0.5018925
5898.0,0.50506,0.51041,0.50793,0.51312,0.51903,0.5126225
5899.0,0.55085,0.52207,0.52025,0.5247,0.53002,0.5242600000000001
5900.0,0.51681,0.53342,0.53206,0.53591,0.54051,0.5354749999999999
5901.0,0.51169,0.54364,0.54257,0.54598,0.54985,0.5455099999999999
5902.0,0.54242,0.55188,0.55109,0.55414,0.55743,0.553635
5903.0,0.56497,0.55784,0.55725,0.56004,0.56291,0.55951
5904.0,0.53596,0.56199,0.56149,0.56413,0.56666,0.5635675
5905.0,0.48007,0.56483,0.5644,0.56694,0.56926,0.5663575000000001
5906.0,0.47739,0.56675,0.56638,0.56882,0.57101,0.5682400000000001
5907.0,0.48207,0.56815,0.56777,0.57014,0.57222,0.5695699999999999
5908.0,0.41541,0.56919,0.56877,0.57108,0.57307,0.5705275000000001
5909.0,0.46057,0.56974,0.56927,0.57152,0.57346,0.5709975
5910.0,0.56106,0.56964,0.56909,0.57128,0.5732,0.5708025
5911.0,0.60622,0.56881,0.56814,0.57033,0.57223,0.5698775
5912.0,0.49309,0.5674,0.56661,0.56883,0.57075,0.5683975
5913.0,0.42163,0.56566,0.56485,0.56707,0.56906,0.56666
5914.0,0.42848,0.56401,0.5632,0.56542,0.5675,0.5650325
5915.0,0.49796,0.56296,0.56219,0.56442,0.56653,0.564025
5916.0,0.58389,0.56278,0.56211,0.56431,0.56646,0.5639149999999999
5917.0,0.54837,0.56344,0.56287,0.56503,0.56717,0.5646275000000001
5918.0,0.42979,0.56474,0.56425,0.56636,0.56847,0.565955
5919.0,0.33769,0.5663,0.56585,0.56792,0.56999,0.567515
5920.0,0.3878,0.56779,0.56734,0.56939,0.57138,0.568975
5921.0,0.40665,0.56905,0.5686,0.57064,0.57257,0.5702149999999999
5922.0,0.44397,0.56995,0.56952,0.57154,0.57343,0.57111
5923.0,0.59364,0.57052,0.57006,0.5721,0.57393,0.5716525
5924.0,0.53289,0.5708,0.57034,0.57238,0.57416,0.57192
5925.0,0.42699,0.57071,0.57027,0.57229,0.57405,0.5718300000000001
5926.0,0.39746,0.57024,0.56981,0.57182,0.57355,0.5713550000000001
5927.0,0.45991,0.56947,0.56905,0.57105,0.57276,0.5705825
5928.0,0.50634,0.56854,0.56812,0.57011,0.57181,0.5696450000000001
5929.0,0.52127,0.56768,0.56729,0.56925,0.57096,0.568795
5930.0,0.51143,0.56701,0.56669,0.56861,0.57033,0.56816
5931.0,0.48548,0.56662,0.56633,0.56823,0.56995,0.5677825000000001
5932.0,0.459,0.56655,0.56629,0.56817,0.56988,0.5677224999999999
5933.0,0.46592,0.5667,0.56649,0.56835,0.57005,0.5678974999999999
5934.0,0.52145,0.56699,0.56682,0.56864,0.57036,0.5682024999999999
5935.0,0.57074,0.56739,0.56722,0.56903,0.57073,0.5685925000000001
5936.0,0.5661,0.56792,0.5677,0.5695,0.57117,0.5690725
5937.0,0.54885,0.56843,0.5682,0.56995,0.5716,0.569545
5938.0,0.56875,0.56868,0.56843,0.57013,0.57177,0.5697525
5939.0,0.45147,0.56869,0.56837,0.57003,0.57163,0.56968
5940.0,0.4059,0.56858,0.56824,0.56984,0.57141,0.5695174999999999
5941.0,0.47371,0.56839,0.56809,0.56961,0.57116,0.5693125
5942.0,0.47963,0.56835,0.56806,0.5695,0.57101,0.5692300000000001
5943.0,0.4449,0.56859,0.56831,0.56968,0.57114,0.56943
5944.0,0.45033,0.56895,0.56868,0.56996,0.57138,0.5697425
5945.0,0.5018,0.56912,0.56882,0.57005,0.57143,0.569855
5946.0,0.45733,0.5689,0.56851,0.56973,0.57109,0.5695574999999999
5947.0,0.51794,0.5682,0.56769,0.56895,0.57032,0.56879
5948.0,0.61951,0.56708,0.56651,0.56781,0.56923,0.5676575
5949.0,0.62638,0.56571,0.56511,0.56645,0.56796,0.5663075
5950.0,0.62303,0.56434,0.56369,0.56512,0.56669,0.5649599999999999
5951.0,0.59668,0.56322,0.56256,0.56406,0.5657,0.563885
5952.0,0.52223,0.56235,0.56175,0.5633,0.56501,0.5631025
5953.0,0.39943,0.56169,0.56115,0.56273,0.5645,0.5625175
5954.0,0.39631,0.56132,0.5608,0.56244,0.56422,0.562195
5955.0,0.44486,0.56135,0.5609,0.56255,0.56434,0.562285
5956.0,0.47656,0.56177,0.56146,0.56306,0.56485,0.562785
5957.0,0.49159,0.56267,0.56245,0.564,0.56575,0.5637175
5958.0,0.54132,0.56415,0.56401,0.56549,0.56714,0.5651975
5959.0,0.5827,0.56607,0.56603,0.56738,0.56893,0.5671025
5960.0,0.54567,0.56814,0.56814,0.56937,0.57081,0.569115
5961.0,0.40026,0.57006,0.57005,0.57118,0.57249,0.570945
5962.0,0.37539,0.57159,0.57156,0.5726,0.57381,0.57239
5963.0,0.4772,0.57256,0.5725,0.57347,0.57461,0.5732849999999999
5964.0,0.5493,0.57312,0.57299,0.57393,0.57501,0.5737625
5965.0,0.51938,0.57352,0.57337,0.57426,0.57532,0.5741175000000001
5966.0,0.48843,0.57392,0.57378,0.57461,0.57566,0.5744925
5967.0,0.50476,0.57454,0.57437,0.57516,0.57617,0.57506
5968.0,0.50664,0.57539,0.57521,0.57594,0.5769,0.57586
5969.0,0.40581,0.57617,0.57598,0.57666,0.57758,0.5765975
5970.0,0.30752,0.5766,0.57634,0.577,0.57787,0.5769525
5971.0,0.34395,0.57642,0.57607,0.57676,0.5776,0.5767125
5972.0,0.53002,0.57539,0.57497,0.57569,0.57656,0.5756525
5973.0,0.6193,0.57348,0.57299,0.57379,0.5747,0.5737399999999999
5974.0,0.57066,0.57097,0.57041,0.57131,0.57231,0.5712499999999999
5975.0,0.49113,0.56826,0.56768,0.56867,0.56978,0.5685975
5976.0,0.47302,0.56572,0.56518,0.56622,0.56745,0.5661425
5977.0,0.5086,0.56375,0.56323,0.56434,0.56565,0.5642425
5978.0,0.53457,0.56244,0.56198,0.56311,0.56449,0.5630050000000001
5979.0,0.45624,0.56157,0.56115,0.5623,0.56372,0.562185
5980.0,0.52213,0.56087,0.56046,0.56163,0.56307,0.5615075
5981.0,0.61281,0.56001,0.55962,0.5608,0.56228,0.5606774999999999
5982.0,0.57957,0.55891,0.5585,0.55973,0.56122,0.55959
5983.0,0.56493,0.55786,0.55745,0.5587,0.56023,0.55856
5984.0,0.5773,0.55712,0.55679,0.558,0.55959,0.557875
5985.0,0.57183,0.55704,0.55672,0.5579,0.55949,0.5577875000000001
5986.0,0.49153,0.55784,0.55754,0.55864,0.56021,0.5585575
5987.0,0.41412,0.55932,0.55908,0.56007,0.56159,0.5600149999999999
5988.0,0.46518,0.56114,0.56093,0.56182,0.56326,0.5617875
5989.0,0.60509,0.56303,0.56281,0.56362,0.56497,0.5636075
5990.0,0.55408,0.56473,0.56452,0.56527,0.56651,0.5652575
5991.0,0.46631,0.56604,0.56588,0.56658,0.56775,0.5665625000000001
5992.0,0.43992,0.56685,0.56671,0.5674,0.56852,0.56737
5993.0,0.5096,0.56714,0.56701,0.56773,0.56877,0.5676625
5994.0,0.58625,0.56688,0.56679,0.56753,0.56855,0.5674375
5995.0,0.53253,0.56604,0.566,0.56676,0.56778,0.566645
5996.0,0.42782,0.56481,0.56478,0.56558,0.56661,0.565445
5997.0,0.4882,0.5634,0.5634,0.56422,0.56528,0.564075
5998.0,0.44691,0.56204,0.56203,0.56288,0.56399,0.562735
5999.0,0.41679,0.56089,0.56086,0.56171,0.56288,0.561585
6000.0,0.48246,0.55992,0.55982,0.56069,0.56191,0.560585
6001.0,0.51018,0.55907,0.55885,0.55974,0.56101,0.5596675
6002.0,0.3677,0.55818,0.55787,0.55878,0.56012,0.5587375
6003.0,0.28888,0.55705,0.55666,0.55761,0.55901,0.5575825000000001
6004.0,0.51018,0.55577,0.55526,0.55628,0.55774,0.5562625
6005.0,0.41298,0.55445,0.55392,0.55498,0.55652,0.5549675
6006.0,0.35372,0.55322,0.55269,0.55378,0.55539,0.5537700000000001
6007.0,0.47404,0.5524,0.55186,0.55298,0.55463,0.5529675000000001
6008.0,0.54373,0.55211,0.55163,0.55274,0.55442,0.552725
6009.0,0.50052,0.55226,0.55184,0.55291,0.55459,0.5529
6010.0,0.4159,0.55268,0.55229,0.55334,0.55497,0.5533199999999999
6011.0,0.37324,0.55307,0.55272,0.55374,0.55532,0.5537124999999999
6012.0,0.38388,0.55316,0.55287,0.55387,0.55541,0.5538274999999999
6013.0,0.43825,0.55287,0.55263,0.55362,0.55513,0.5535625
6014.0,0.49288,0.55227,0.55204,0.55304,0.55453,0.55297
6015.0,0.48516,0.55151,0.5513,0.5523,0.55378,0.5522225
6016.0,0.4304,0.55072,0.55054,0.55152,0.55304,0.551455
6017.0,0.39992,0.54996,0.54977,0.55073,0.55227,0.5506825000000001
6018.0,0.44409,0.54938,0.54911,0.55007,0.5516,0.55004
6019.0,0.55292,0.5491,0.54878,0.54969,0.55125,0.549705
6020.0,0.50689,0.54916,0.54883,0.54967,0.55126,0.54973
6021.0,0.45021,0.54973,0.54934,0.55012,0.55169,0.5502200000000002
6022.0,0.58934,0.55089,0.55046,0.55117,0.5527,0.5513049999999999
6023.0,0.58308,0.55262,0.55222,0.55281,0.55429,0.5529850000000001
6024.0,0.49424,0.55475,0.55441,0.55488,0.55627,0.5550775
6025.0,0.42414,0.55715,0.55683,0.5572,0.55846,0.55741
6026.0,0.45958,0.55968,0.55942,0.55967,0.5608,0.5598925
6027.0,0.55911,0.56212,0.56195,0.56208,0.5631,0.5623125
6028.0,0.59137,0.56433,0.5642,0.56426,0.56514,0.5644825
6029.0,0.49267,0.56632,0.56621,0.56621,0.56698,0.56643
6030.0,0.48127,0.56801,0.56795,0.56789,0.56859,0.56811
6031.0,0.4906,0.56937,0.56932,0.56924,0.56987,0.56945
6032.0,0.48019,0.57045,0.57038,0.57028,0.57086,0.5704925000000001
6033.0,0.45319,0.57124,0.57116,0.57104,0.57158,0.571255
6034.0,0.44111,0.57171,0.5716,0.57147,0.57198,0.57169
6035.0,0.45631,0.57187,0.57171,0.57157,0.57205,0.5718
6036.0,0.48357,0.57175,0.57153,0.57138,0.57186,0.57163
6037.0,0.46274,0.57136,0.5711,0.57094,0.57142,0.571205
6038.0,0.47264,0.57086,0.57057,0.57039,0.57087,0.5706725
6039.0,0.50334,0.57042,0.57012,0.56991,0.57041,0.570215
6040.0,0.49366,0.57017,0.56988,0.56963,0.57013,0.5699525000000001
6041.0,0.45228,0.57031,0.57003,0.56973,0.5702,0.5700675
6042.0,0.4151,0.57085,0.57061,0.57023,0.57069,0.570595
6043.0,0.41053,0.57172,0.57149,0.57103,0.57144,0.57142
6044.0,0.44837,0.57278,0.57255,0.57202,0.57236,0.5724275
6045.0,0.46306,0.57383,0.57359,0.57299,0.57328,0.5734225
6046.0,0.44177,0.57462,0.57437,0.57372,0.57396,0.5741674999999999
6047.0,0.42034,0.57506,0.57477,0.57412,0.57431,0.574565
6048.0,0.52443,0.57508,0.5748,0.57414,0.5743,0.57458
6049.0,0.60104,0.5746,0.57434,0.57368,0.57384,0.574115
6050.0,0.5717,0.57366,0.57338,0.57277,0.57292,0.5731825
6051.0,0.49917,0.57226,0.57201,0.57144,0.5716,0.5718275
6052.0,0.52121,0.57052,0.5703,0.56976,0.56997,0.5701375000000001
6053.0,0.56326,0.56858,0.5684,0.56791,0.56817,0.5682649999999999
6054.0,0.52027,0.56669,0.56652,0.56609,0.56641,0.5664275
6055.0,0.49147,0.5651,0.56496,0.56457,0.56496,0.5648975
6056.0,0.43952,0.56397,0.56387,0.5635,0.56396,0.563825
6057.0,0.38216,0.56331,0.56321,0.56286,0.56339,0.5631925
6058.0,0.40683,0.56298,0.56285,0.56254,0.5631,0.5628675000000001
6059.0,0.45341,0.56269,0.56251,0.56223,0.56283,0.562565
6060.0,0.45213,0.56211,0.56185,0.56162,0.56227,0.5619624999999999
6061.0,0.3919,0.56118,0.5608,0.56064,0.56133,0.5609875
6062.0,0.44535,0.55998,0.55952,0.5594,0.56016,0.5597650000000001
6063.0,0.4492,0.55884,0.55828,0.55819,0.559,0.5585775
6064.0,0.3933,0.55834,0.55773,0.55761,0.55848,0.55804
6065.0,0.42099,0.55886,0.55832,0.55807,0.55897,0.558555
6066.0,0.45234,0.56051,0.55999,0.55961,0.56046,0.5601425
6067.0,0.44236,0.56319,0.5627,0.56217,0.56289,0.5627375
6068.0,0.38383,0.5664,0.56599,0.56527,0.56586,0.5658799999999999
6069.0,0.34432,0.56955,0.56918,0.56831,0.56873,0.5689425
6070.0,0.43808,0.57219,0.57182,0.57086,0.57109,0.5714899999999999
6071.0,0.54058,0.57395,0.57357,0.57255,0.57265,0.57318
6072.0,0.37702,0.57468,0.57428,0.57324,0.57324,0.57386
6073.0,0.37081,0.57435,0.57392,0.57289,0.57285,0.5735025
6074.0,0.4499,0.57303,0.57254,0.57158,0.57155,0.5721750000000001
6075.0,0.46678,0.57088,0.57034,0.56947,0.56948,0.5700425
6076.0,0.4325,0.56805,0.56746,0.5667,0.5668,0.5672524999999999
6077.0,0.47354,0.56485,0.56423,0.56358,0.5638,0.564115
6078.0,0.57685,0.56163,0.56103,0.56047,0.56084,0.5609925
6079.0,0.60823,0.55863,0.55805,0.55757,0.55808,0.5580825
6080.0,0.49382,0.5561,0.55551,0.55512,0.55573,0.555615
6081.0,0.41702,0.55426,0.55373,0.55336,0.55408,0.5538575
6082.0,0.4786,0.55306,0.55262,0.55222,0.55302,0.55273
6083.0,0.41362,0.55246,0.55202,0.55162,0.55242,0.55213
6084.0,0.32117,0.55233,0.55191,0.55147,0.55226,0.5519925
6085.0,0.34077,0.55238,0.55203,0.55152,0.55232,0.5520625
6086.0,0.5679,0.55242,0.55209,0.55155,0.55231,0.5520925
6087.0,0.49789,0.55231,0.55198,0.55143,0.55215,0.5519675
6088.0,0.34101,0.55192,0.55162,0.55106,0.55178,0.551595
6089.0,0.3639,0.55144,0.55117,0.55063,0.55135,0.5511475
6090.0,0.4857,0.55106,0.55086,0.55031,0.55105,0.55082
6091.0,0.48559,0.55096,0.55082,0.55027,0.551,0.5507625
6092.0,0.34821,0.55137,0.55131,0.55073,0.55145,0.551215
6093.0,0.25061,0.55228,0.55232,0.55168,0.55238,0.552165
6094.0,0.40639,0.55345,0.55351,0.55283,0.55347,0.553315
6095.0,0.56234,0.55462,0.55463,0.55393,0.5545,0.5544199999999999
6096.0,0.51223,0.55538,0.55533,0.55461,0.55513,0.5551125
6097.0,0.54048,0.55531,0.55516,0.55444,0.55496,0.5549675
6098.0,0.45302,0.55433,0.55399,0.55334,0.55387,0.5538824999999999
6099.0,0.26442,0.55241,0.55188,0.55131,0.5519,0.551875
6100.0,0.21298,0.54973,0.54898,0.54851,0.54922,0.54911
6101.0,0.28218,0.54696,0.54607,0.54569,0.54652,0.5463100000000001
6102.0,0.35409,0.54478,0.54392,0.54354,0.54452,0.54419
6103.0,0.34874,0.54364,0.54281,0.54242,0.54349,0.5430900000000001
6104.0,0.40625,0.54392,0.54311,0.54269,0.54375,0.5433675
6105.0,0.47521,0.54543,0.54475,0.5442,0.54525,0.5449075
6106.0,0.52211,0.54768,0.54711,0.54642,0.5474,0.5471525
6107.0,0.54242,0.55029,0.54975,0.54896,0.5498,0.5497
6108.0,0.47417,0.55273,0.55225,0.55134,0.55204,0.55209
6109.0,0.36966,0.55469,0.55421,0.55323,0.5538,0.5539824999999999
6110.0,0.32432,0.55625,0.55579,0.55474,0.55519,0.5554925
6111.0,0.41845,0.55735,0.55697,0.55583,0.55621,0.55659
6112.0,0.44288,0.55801,0.55764,0.55647,0.55676,0.55722
6113.0,0.38479,0.55825,0.55785,0.55668,0.5569,0.55742
6114.0,0.49983,0.55781,0.55743,0.55625,0.55647,0.55699
6115.0,0.57181,0.55666,0.55623,0.55512,0.55535,0.5558400000000001
6116.0,0.56019,0.55473,0.55425,0.55324,0.55352,0.553935
6117.0,0.51272,0.55192,0.55136,0.55049,0.55088,0.5511625
6118.0,0.49202,0.54857,0.54787,0.54718,0.5477,0.5478299999999999
6119.0,0.51038,0.54506,0.54426,0.5437,0.54441,0.5443574999999999
6120.0,0.54679,0.5418,0.54089,0.54043,0.54134,0.541115
6121.0,0.53803,0.53947,0.53847,0.53809,0.53913,0.53879
6122.0,0.50267,0.53836,0.53739,0.53697,0.53812,0.53771
6123.0,0.45775,0.53843,0.53749,0.53699,0.53817,0.53777
6124.0,0.42351,0.53959,0.53869,0.5381,0.53922,0.5388999999999999
6125.0,0.44051,0.54135,0.54061,0.53987,0.54092,0.5406875
6126.0,0.47883,0.54327,0.54266,0.54181,0.54275,0.5426225
6127.0,0.49628,0.54515,0.54463,0.54371,0.5445,0.5444975000000001
6128.0,0.45206,0.54672,0.54631,0.54532,0.54601,0.54609
6129.0,0.44325,0.54778,0.54741,0.54639,0.547,0.5471450000000001
6130.0,0.50981,0.54809,0.54766,0.54666,0.54721,0.5474049999999999
6131.0,0.62423,0.54728,0.54672,0.54579,0.54634,0.5465325
6132.0,0.58442,0.545,0.54428,0.54344,0.54407,0.5441975
6133.0,0.43788,0.54134,0.54037,0.53971,0.54045,0.5404675
6134.0,0.30152,0.53668,0.53551,0.53501,0.53594,0.535785
6135.0,0.29415,0.53181,0.53053,0.53013,0.53131,0.530945
6136.0,0.41474,0.528,0.52672,0.52637,0.52774,0.5272075
6137.0,0.58154,0.52607,0.52489,0.52449,0.52599,0.52536
6138.0,0.6293,0.52641,0.52528,0.52476,0.52627,0.5256799999999999
6139.0,0.5776,0.5289,0.52784,0.52711,0.52857,0.528105
6140.0,0.47753,0.53282,0.53189,0.5309,0.53226,0.5319674999999999
6141.0,0.3985,0.53745,0.53658,0.53538,0.53654,0.5364875
6142.0,0.42309,0.54197,0.54111,0.53977,0.54067,0.5408799999999999
6143.0,0.4552,0.54572,0.54488,0.54343,0.5441,0.5445325000000001
6144.0,0.40618,0.5484,0.54765,0.54613,0.54663,0.5472025
6145.0,0.24528,0.54987,0.54921,0.54768,0.54808,0.5487099999999999
6146.0,0.38766,0.55017,0.54955,0.54809,0.54841,0.549055
6147.0,0.66209,0.5495,0.5489,0.54754,0.54786,0.54845
6148.0,0.60862,0.54816,0.54759,0.54635,0.54674,0.54721
6149.0,0.53812,0.54655,0.54602,0.5449,0.54538,0.5457125
6150.0,0.49281,0.54501,0.5445,0.5435,0.54407,0.54427
6151.0,0.4561,0.54367,0.54317,0.54228,0.54292,0.54301
6152.0,0.42698,0.54243,0.54195,0.54113,0.54186,0.5418425
6153.0,0.43228,0.54114,0.54064,0.5399,0.5407,0.5405949999999999
6154.0,0.46937,0.53955,0.539,0.53838,0.53924,0.5390425
6155.0,0.50189,0.53724,0.53658,0.53611,0.53707,0.53675
6156.0,0.47925,0.53396,0.53308,0.53284,0.53394,0.533455
6157.0,0.47038,0.52952,0.52841,0.52844,0.52975,0.52903
6158.0,0.54112,0.5239,0.5225,0.52284,0.52444,0.52342
6159.0,0.54681,0.5175,0.51574,0.51641,0.51835,0.517
6160.0,0.50903,0.51102,0.50897,0.5099,0.51222,0.5105275
6161.0,0.48357,0.50537,0.50314,0.50425,0.50693,0.5049225
6162.0,0.54024,0.50146,0.49911,0.50031,0.50322,0.501025
6163.0,0.45129,0.49969,0.49728,0.49845,0.50152,0.499235
6164.0,0.35555,0.49988,0.49751,0.49854,0.50167,0.49939999999999996
6165.0,0.54344,0.50155,0.49923,0.50009,0.50319,0.501015
6166.0,0.52449,0.50387,0.50156,0.50226,0.50526,0.5032375
6167.0,0.38873,0.50611,0.50377,0.50433,0.50721,0.505355
6168.0,0.31965,0.50805,0.50573,0.50618,0.50896,0.5072300000000001
6169.0,0.37806,0.50983,0.50761,0.50796,0.51064,0.50901
6170.0,0.4461,0.51171,0.50958,0.50987,0.51242,0.510895
6171.0,0.45832,0.51391,0.51186,0.51206,0.51451,0.513085
6172.0,0.41576,0.51646,0.51458,0.51465,0.51701,0.515675
6173.0,0.42416,0.51923,0.51751,0.51746,0.51971,0.5184775
6174.0,0.44061,0.52197,0.52031,0.52018,0.52229,0.5211875
6175.0,0.38526,0.52447,0.52286,0.52267,0.52464,0.52366
6176.0,0.3548,0.52663,0.52509,0.52484,0.5267,0.5258149999999999
6177.0,0.37826,0.52849,0.52702,0.52672,0.52849,0.52768
6178.0,0.44515,0.53011,0.52868,0.52834,0.53002,0.5292875
6179.0,0.48754,0.53151,0.53011,0.52974,0.53136,0.53068
6180.0,0.46275,0.53263,0.53126,0.53087,0.53243,0.5317974999999999
6181.0,0.409,0.53328,0.53189,0.53152,0.53303,0.53243
6182.0,0.42296,0.53333,0.53189,0.53156,0.53304,0.532455
6183.0,0.43074,0.53254,0.53107,0.53079,0.53229,0.5316725000000001
6184.0,0.43051,0.53081,0.52925,0.52907,0.53062,0.5299375
6185.0,0.43547,0.52823,0.52656,0.52652,0.52816,0.5273675
6186.0,0.41607,0.52489,0.52315,0.52325,0.52505,0.5240849999999999
6187.0,0.36472,0.5212,0.51933,0.51961,0.52156,0.520425
6188.0,0.33624,0.51762,0.51564,0.51608,0.5182,0.516885
6189.0,0.47782,0.5145,0.51248,0.51299,0.51535,0.51383
6190.0,0.44816,0.51252,0.51049,0.51104,0.51357,0.511905
6191.0,0.30569,0.51204,0.51006,0.51061,0.51322,0.5114825000000001
6192.0,0.35707,0.51297,0.51101,0.51153,0.51414,0.5124124999999999
6193.0,0.38608,0.51516,0.51322,0.51364,0.51619,0.5145525
6194.0,0.35034,0.51796,0.51611,0.51639,0.51887,0.5173325
6195.0,0.29557,0.52074,0.51892,0.51908,0.52144,0.520045
6196.0,0.39563,0.52303,0.52113,0.52124,0.52344,0.52221
6197.0,0.59971,0.52442,0.52246,0.52252,0.52463,0.5235075
6198.0,0.75112,0.52503,0.52306,0.52307,0.52515,0.5240775
6199.0,0.5647,0.52538,0.52343,0.52341,0.52545,0.5244175
6200.0,0.45936,0.5258,0.52387,0.52382,0.52583,0.5248299999999999
6201.0,0.51007,0.52658,0.52468,0.52459,0.52655,0.5256
6202.0,0.57455,0.52777,0.52597,0.52579,0.52772,0.5268124999999999
6203.0,0.5811,0.52916,0.52746,0.52721,0.52909,0.52823
6204.0,0.57036,0.53054,0.52887,0.52859,0.53039,0.5295975
6205.0,0.60429,0.53148,0.52984,0.52956,0.53127,0.5305375
6206.0,0.71447,0.53169,0.53006,0.52982,0.53147,0.53076
6207.0,0.6847,0.53103,0.5294,0.52922,0.53085,0.530125
6208.0,0.48015,0.52934,0.52771,0.52761,0.52927,0.5284825
6209.0,0.35222,0.52665,0.52496,0.52498,0.5267,0.5258225
6210.0,0.36921,0.52304,0.52128,0.52146,0.52327,0.5222625
6211.0,0.47806,0.51868,0.51687,0.5172,0.51918,0.5179825
6212.0,0.54529,0.51403,0.51217,0.51265,0.51482,0.5134175000000001
6213.0,0.46741,0.50958,0.50774,0.50835,0.51072,0.5090975
6214.0,0.41511,0.50578,0.50398,0.50469,0.50725,0.505425
6215.0,0.51928,0.50303,0.50126,0.50206,0.50474,0.5027725000000001
6216.0,0.50397,0.50139,0.49968,0.50051,0.50328,0.501215
6217.0,0.48032,0.50068,0.49903,0.49983,0.50268,0.5005550000000001
6218.0,0.50622,0.50082,0.4992,0.49995,0.50283,0.5007
6219.0,0.50213,0.50148,0.49991,0.5006,0.50347,0.5013650000000001
6220.0,0.50593,0.5025,0.5009,0.50155,0.50435,0.502325
6221.0,0.55352,0.50373,0.5021,0.5027,0.50544,0.5034925
6222.0,0.64838,0.5049,0.50329,0.50381,0.50652,0.50463
6223.0,0.51418,0.50593,0.5043,0.50478,0.50745,0.5056149999999999
6224.0,0.35323,0.5066,0.50492,0.50538,0.508,0.506225
6225.0,0.40897,0.50658,0.50479,0.50528,0.50786,0.5061275
6226.0,0.44824,0.50573,0.50381,0.50437,0.50693,0.5052099999999999
6227.0,0.46831,0.50404,0.50205,0.50265,0.50526,0.5035000000000001
6228.0,0.4928,0.50179,0.49976,0.50041,0.50309,0.5012624999999999
6229.0,0.53327,0.4996,0.49757,0.49825,0.50102,0.49911
6230.0,0.54996,0.49811,0.49613,0.4968,0.49963,0.4976675
6231.0,0.5081,0.49777,0.49588,0.49649,0.49933,0.49736749999999996
6232.0,0.39031,0.49883,0.49704,0.49753,0.50033,0.49843250000000006
6233.0,0.38331,0.50098,0.4993,0.49963,0.50235,0.500565
6234.0,0.44351,0.5036,0.50196,0.50214,0.50474,0.50311
6235.0,0.4572,0.50591,0.50425,0.50434,0.50679,0.5053225
6236.0,0.44606,0.50718,0.50548,0.50554,0.50787,0.5065175
6237.0,0.44312,0.50706,0.50532,0.50542,0.50769,0.5063724999999999
6238.0,0.47005,0.50559,0.50382,0.50401,0.50631,0.5049325
6239.0,0.52173,0.5032,0.50139,0.50173,0.50409,0.5026025
6240.0,0.53877,0.5004,0.49862,0.49909,0.50156,0.4999175
6241.0,0.51422,0.49775,0.49601,0.49657,0.49919,0.49738
6242.0,0.49882,0.49583,0.49412,0.49474,0.49747,0.49554000000000004
6243.0,0.47785,0.49491,0.49324,0.49385,0.49667,0.49466750000000004
6244.0,0.45952,0.49505,0.49339,0.49395,0.4968,0.4947975
6245.0,0.46382,0.49621,0.49451,0.495,0.49781,0.4958825
6246.0,0.48391,0.49792,0.49621,0.4966,0.49936,0.4975225
6247.0,0.49347,0.49966,0.49788,0.4982,0.50088,0.499155
6248.0,0.46363,0.50092,0.49902,0.49932,0.50191,0.5002925
6249.0,0.37359,0.50111,0.4991,0.49941,0.50198,0.5004000000000001
6250.0,0.3518,0.50004,0.49791,0.49827,0.50086,0.49927
6251.0,0.43785,0.49783,0.49558,0.49605,0.4987,0.49704
6252.0,0.51298,0.49478,0.49244,0.49303,0.49577,0.494005
6253.0,0.5984,0.49139,0.48897,0.48968,0.49255,0.4906475
6254.0,0.68895,0.48815,0.48572,0.48652,0.48952,0.4874775
6255.0,0.74774,0.48553,0.48317,0.484,0.48715,0.4849625
6256.0,0.73455,0.48396,0.48172,0.48253,0.4858,0.4835025
6257.0,0.72165,0.48375,0.48163,0.48238,0.48569,0.4833625
6258.0,0.78191,0.48505,0.48304,0.48369,0.48695,0.4846825
6259.0,0.71071,0.48765,0.48577,0.48624,0.48942,0.48727
6260.0,0.5915,0.49127,0.48949,0.48975,0.49278,0.4908225
6261.0,0.5253,0.49542,0.49369,0.49375,0.49659,0.4948625
6262.0,0.52829,0.49939,0.49769,0.49757,0.50021,0.498715
6263.0,0.54971,0.50276,0.50106,0.50081,0.50326,0.5019724999999999
6264.0,0.54936,0.50526,0.50357,0.50322,0.50553,0.504395
6265.0,0.50251,0.50689,0.50518,0.50479,0.50699,0.5059625
6266.0,0.52597,0.50785,0.50612,0.50573,0.50784,0.506885
6267.0,0.60055,0.50838,0.50668,0.50628,0.50836,0.507425
6268.0,0.61806,0.50878,0.50714,0.50669,0.50877,0.5078449999999999
6269.0,0.5994,0.50926,0.50767,0.50719,0.50925,0.5083424999999999
6270.0,0.56256,0.50991,0.50833,0.50784,0.50985,0.5089825
6271.0,0.52669,0.51066,0.50909,0.50858,0.51054,0.5097175
6272.0,0.51756,0.51138,0.50982,0.50927,0.5112,0.5104175
6273.0,0.54317,0.51198,0.51042,0.50984,0.51174,0.510995
6274.0,0.59357,0.51233,0.51073,0.51015,0.51203,0.5113099999999999
6275.0,0.61966,0.51229,0.51062,0.51005,0.51192,0.51122
6276.0,0.60767,0.51186,0.51008,0.50955,0.51142,0.5107275
6277.0,0.58356,0.51109,0.50919,0.50869,0.5106,0.5098925000000001
6278.0,0.62104,0.51011,0.50814,0.50766,0.50964,0.5088875
6279.0,0.63295,0.50926,0.50723,0.50676,0.5088,0.5080125
6280.0,0.58841,0.50881,0.50673,0.50626,0.50836,0.5075400000000001
6281.0,0.49896,0.50895,0.50683,0.50635,0.50848,0.5076525
6282.0,0.44317,0.50981,0.50767,0.50716,0.50928,0.50848
6283.0,0.43339,0.51125,0.50917,0.50857,0.51068,0.5099175
6284.0,0.4585,0.51314,0.51111,0.51043,0.51247,0.5117875
6285.0,0.50182,0.51521,0.51324,0.51247,0.5144,0.51383
6286.0,0.53873,0.51708,0.51515,0.5143,0.51609,0.515655
6287.0,0.55322,0.5185,0.5166,0.51568,0.51733,0.5170275
6288.0,0.55152,0.51918,0.51734,0.51635,0.5179,0.5176925
6289.0,0.54558,0.51905,0.51727,0.51625,0.51772,0.5175725
6290.0,0.54296,0.51821,0.51648,0.51545,0.51688,0.516755
6291.0,0.54644,0.5167,0.51502,0.51402,0.51545,0.5152975
6292.0,0.53899,0.51478,0.51309,0.51216,0.5136,0.5134075
6293.0,0.52942,0.5126,0.51089,0.51003,0.51154,0.511265
6294.0,0.54307,0.51027,0.50855,0.50776,0.50937,0.5089874999999999
6295.0,0.53048,0.50803,0.5063,0.50556,0.50728,0.5067925
6296.0,0.54367,0.50598,0.5042,0.50352,0.50534,0.50476
6297.0,0.67429,0.50427,0.50236,0.50175,0.50362,0.5029999999999999
6298.0,0.93942,0.50292,0.5009,0.50033,0.50225,0.5016
6299.0,1.25445,0.502,0.49991,0.49932,0.50132,0.5006375000000001
6300.0,1.49739,0.50164,0.4995,0.49888,0.50092,0.500235
6301.0,1.48159,0.50192,0.49975,0.49908,0.50112,0.5004675000000001
6302.0,1.28818,0.50287,0.50068,0.49997,0.50194,0.5013650000000001
6303.0,1.02301,0.50441,0.50226,0.50146,0.50336,0.5028725000000001
6304.0,0.8115,0.50642,0.50435,0.50343,0.50525,0.5048625
6305.0,0.66795,0.50869,0.50667,0.50564,0.50734,0.507085
6306.0,0.58541,0.51086,0.50887,0.50775,0.5093,0.5091950000000001
6307.0,0.54242,0.51251,0.51053,0.50935,0.51076,0.5107875
6308.0,0.53302,0.51335,0.51137,0.51015,0.51146,0.5115824999999999
6309.0,0.57049,0.5132,0.51123,0.51,0.51127,0.511425
6310.0,0.67011,0.51214,0.51015,0.50897,0.51022,0.51037
6311.0,0.74415,0.51031,0.5083,0.50721,0.50847,0.5085725
6312.0,0.8014,0.50797,0.50596,0.50494,0.50626,0.5062825000000001
6313.0,0.85057,0.50538,0.50342,0.50246,0.50388,0.503785
6314.0,0.73335,0.5029,0.50095,0.50007,0.50156,0.50137
6315.0,0.51501,0.50078,0.49887,0.49804,0.49961,0.499325
6316.0,0.32124,0.49917,0.49734,0.49653,0.49819,0.49780750000000007
6317.0,0.35749,0.4984,0.49662,0.49581,0.49754,0.49709249999999994
6318.0,0.44236,0.49852,0.49679,0.49595,0.49773,0.4972475
6319.0,0.47513,0.49958,0.49786,0.49699,0.49876,0.49829750000000006
6320.0,0.51961,0.50147,0.49979,0.49884,0.5006,0.500175
6321.0,0.52203,0.50392,0.50224,0.50119,0.50291,0.5025649999999999
6322.0,0.48748,0.50672,0.50501,0.50386,0.5055,0.5052725
6323.0,0.48423,0.5095,0.50774,0.50651,0.50805,0.50795
6324.0,0.50089,0.51204,0.51021,0.5089,0.51033,0.51037
6325.0,0.50721,0.51413,0.51224,0.51084,0.5122,0.5123525
6326.0,0.47082,0.51572,0.51376,0.5123,0.51358,0.51384
6327.0,0.48413,0.51681,0.5148,0.5133,0.5145,0.5148525
6328.0,0.51143,0.51736,0.51532,0.51378,0.51494,0.51535
6329.0,0.48901,0.51741,0.51534,0.5138,0.51492,0.5153675
6330.0,0.45853,0.51693,0.51482,0.51331,0.51442,0.51487
6331.0,0.45027,0.51586,0.51366,0.51223,0.51334,0.5137725
6332.0,0.47908,0.51424,0.51197,0.51063,0.51177,0.5121525
6333.0,0.52102,0.51209,0.50983,0.50855,0.50978,0.5100625000000001
6334.0,0.53952,0.50977,0.50752,0.50631,0.50764,0.50781
6335.0,0.52144,0.50767,0.50546,0.5043,0.5057,0.5057825
6336.0,0.49513,0.5061,0.50395,0.50281,0.50427,0.5042825
6337.0,0.46708,0.50527,0.50321,0.50206,0.50355,0.5035225
6338.0,0.44851,0.50514,0.50318,0.50199,0.50348,0.5034475
6339.0,0.45936,0.50552,0.50363,0.5024,0.50386,0.5038525
6340.0,0.45002,0.50605,0.50422,0.50296,0.50436,0.5043975
6341.0,0.42004,0.50648,0.50472,0.50342,0.50478,0.50485
6342.0,0.40782,0.5067,0.50499,0.50364,0.50499,0.50508
6343.0,0.46006,0.5069,0.50519,0.50381,0.50512,0.505255
6344.0,0.50064,0.50726,0.50556,0.50412,0.5054,0.505585
6345.0,0.43363,0.50795,0.50625,0.50473,0.50599,0.5062300000000001
6346.0,0.50032,0.50907,0.50735,0.50576,0.50698,0.50729
6347.0,0.54436,0.51045,0.5087,0.50704,0.50822,0.5086025000000001
6348.0,0.40377,0.51184,0.51007,0.50835,0.50949,0.5099375
6349.0,0.41075,0.5129,0.51107,0.50933,0.51043,0.5109325
6350.0,0.5127,0.51331,0.51137,0.50965,0.51073,0.5112650000000001
6351.0,0.56464,0.51286,0.51081,0.50916,0.51024,0.5107675
6352.0,0.31558,0.51147,0.50935,0.50779,0.50892,0.5093825000000001
6353.0,0.29402,0.50923,0.50706,0.50561,0.50683,0.5071825
6354.0,0.61265,0.50633,0.50411,0.5028,0.50412,0.50434
6355.0,0.56166,0.50296,0.50071,0.49956,0.50099,0.501055
6356.0,0.48253,0.49931,0.49713,0.49612,0.49768,0.49756
6357.0,0.5035,0.49565,0.49357,0.4927,0.49438,0.49407500000000004
6358.0,0.48167,0.49225,0.49028,0.48954,0.49133,0.49085
6359.0,0.43909,0.48937,0.48757,0.48691,0.4888,0.48816250000000005
6360.0,0.44555,0.48729,0.48568,0.48504,0.48702,0.4862575
6361.0,0.59422,0.4863,0.48484,0.48419,0.48621,0.485385
6362.0,0.63168,0.48657,0.48521,0.48449,0.48653,0.4857
6363.0,0.69718,0.48814,0.48683,0.486,0.488,0.4872425
6364.0,1.03887,0.49085,0.48955,0.48855,0.4905,0.4898625
6365.0,1.02854,0.49441,0.49304,0.49186,0.49369,0.49324999999999997
6366.0,0.78733,0.49845,0.49695,0.49559,0.49729,0.49707
6367.0,0.62892,0.50254,0.50092,0.49937,0.50092,0.5009375
6368.0,0.57752,0.50638,0.50464,0.50292,0.50432,0.504565
6369.0,0.48921,0.50978,0.50792,0.50605,0.50731,0.507765
6370.0,0.33669,0.51264,0.51066,0.50867,0.5098,0.5104424999999999
6371.0,0.62487,0.51493,0.51285,0.51077,0.51177,0.5125799999999999
6372.0,0.78393,0.51664,0.51448,0.51232,0.51323,0.5141675
6373.0,0.55855,0.51775,0.51551,0.5133,0.51414,0.5151749999999999
6374.0,0.66913,0.51825,0.51592,0.51369,0.51449,0.5155875
6375.0,0.77341,0.51816,0.51577,0.51353,0.51431,0.5154425
6376.0,0.67796,0.51754,0.5151,0.51286,0.51366,0.5147900000000001
6377.0,0.50785,0.51655,0.51407,0.51186,0.51268,0.51379
6378.0,0.60681,0.51543,0.51293,0.51074,0.5116,0.512675
6379.0,0.82198,0.51439,0.51189,0.50971,0.51061,0.5116499999999999
6380.0,0.46319,0.51361,0.51113,0.50895,0.50989,0.510895
6381.0,0.29048,0.51322,0.51075,0.50857,0.50953,0.5105175
6382.0,0.41766,0.51321,0.51077,0.50857,0.50953,0.51052
6383.0,0.50457,0.51354,0.51111,0.50888,0.50984,0.5108425
6384.0,0.56796,0.51406,0.51162,0.50935,0.51029,0.51133
6385.0,0.60378,0.51462,0.51213,0.50982,0.51073,0.511825
6386.0,0.58873,0.51501,0.51247,0.51011,0.51099,0.512145
6387.0,0.47969,0.51502,0.51239,0.51001,0.51086,0.51207
6388.0,0.37568,0.51451,0.51178,0.50939,0.51022,0.511475
6389.0,0.38749,0.51338,0.51059,0.50819,0.50903,0.5102975
6390.0,0.31241,0.51173,0.50893,0.50655,0.50742,0.5086575
6391.0,0.26427,0.50982,0.50706,0.50471,0.50562,0.5068025
6392.0,0.37115,0.508,0.50531,0.50298,0.50393,0.505055
6393.0,0.47349,0.50658,0.50398,0.50166,0.50263,0.5037125
6394.0,0.51912,0.50568,0.50316,0.50084,0.50182,0.5028750000000001
6395.0,0.50253,0.50525,0.50277,0.50045,0.50143,0.502475
6396.0,0.50107,0.50509,0.50263,0.50029,0.50126,0.5023175
6397.0,0.4758,0.50499,0.50259,0.50022,0.50118,0.502245
6398.0,0.413,0.50492,0.5026,0.5002,0.50116,0.50222
6399.0,0.38243,0.50503,0.50276,0.50033,0.50128,0.50235
6400.0,0.42775,0.50549,0.50327,0.50081,0.5017,0.5028175
6401.0,0.52938,0.50635,0.50421,0.5017,0.50253,0.5036975
6402.0,0.56383,0.50754,0.50547,0.5029,0.50366,0.5048925
6403.0,0.51498,0.50873,0.50673,0.50411,0.50478,0.5060875
6404.0,0.41806,0.50958,0.50765,0.50499,0.50559,0.5069525
6405.0,0.37425,0.50985,0.50799,0.5053,0.50586,0.50725
6406.0,0.43375,0.50946,0.50762,0.50496,0.50548,0.50688
6407.0,0.53003,0.50861,0.50675,0.50413,0.50463,0.50603
6408.0,0.49247,0.50755,0.50568,0.50308,0.50361,0.50498
6409.0,0.47211,0.50657,0.50471,0.50212,0.50269,0.5040224999999999
6410.0,0.50244,0.50591,0.50405,0.50145,0.50207,0.50337
6411.0,0.54454,0.50566,0.50379,0.50117,0.50181,0.5031074999999999
6412.0,0.53872,0.50579,0.50392,0.50127,0.50193,0.5032274999999999
6413.0,0.47805,0.50615,0.50427,0.50159,0.50226,0.5035675
6414.0,0.39472,0.50657,0.50462,0.50194,0.50259,0.50393
6415.0,0.44477,0.50678,0.50478,0.50211,0.50276,0.5041074999999999
6416.0,0.53868,0.50664,0.50459,0.50194,0.50261,0.503945
6417.0,0.51461,0.50614,0.50406,0.50144,0.50216,0.50345
6418.0,0.39113,0.50545,0.50334,0.50077,0.50154,0.502775
6419.0,0.28933,0.50491,0.5028,0.50026,0.50108,0.5022625
6420.0,0.32808,0.50485,0.50274,0.5002,0.50107,0.502215
6421.0,0.44729,0.50551,0.5034,0.50084,0.50172,0.5028675
6422.0,0.5112,0.50689,0.5048,0.50217,0.50305,0.5042275
6423.0,0.43031,0.50875,0.50666,0.50396,0.50478,0.5060375
6424.0,0.34191,0.51067,0.50855,0.50579,0.50653,0.5078849999999999
6425.0,0.3888,0.51216,0.51,0.50719,0.50786,0.5093025
6426.0,0.59627,0.51285,0.51063,0.50781,0.50843,0.5099300000000001
6427.0,0.64967,0.5126,0.51033,0.50752,0.50812,0.5096425
6428.0,0.58964,0.51153,0.50922,0.50648,0.50707,0.508575
6429.0,0.48901,0.51,0.5077,0.50502,0.50565,0.5070925000000001
6430.0,0.42377,0.50848,0.50623,0.50358,0.50427,0.50564
6431.0,0.38947,0.50738,0.50517,0.50255,0.50329,0.5045975
6432.0,0.37957,0.50689,0.50471,0.5021,0.50286,0.50414
6433.0,0.39541,0.50695,0.50477,0.50216,0.50293,0.5042025
6434.0,0.43415,0.50731,0.5051,0.50248,0.50325,0.504535
6435.0,0.48498,0.5077,0.50545,0.5028,0.50359,0.504885
6436.0,0.51887,0.50799,0.50569,0.50302,0.50382,0.50513
6437.0,0.47853,0.50826,0.5059,0.50322,0.50402,0.50535
6438.0,0.37413,0.50872,0.50633,0.50362,0.5044,0.5057674999999999
6439.0,0.30118,0.50962,0.50723,0.50445,0.50522,0.5066299999999999
6440.0,0.35659,0.51105,0.5087,0.50582,0.50654,0.5080275000000001
6441.0,0.46674,0.51287,0.51057,0.50759,0.50822,0.5098125
6442.0,0.39701,0.51468,0.51241,0.50934,0.50987,0.5115750000000001
6443.0,0.4498,0.51596,0.51369,0.51057,0.51099,0.5128025
6444.0,0.56318,0.5162,0.51391,0.51078,0.51113,0.513005
6445.0,0.40996,0.51508,0.51275,0.50967,0.51,0.5118750000000001
6446.0,0.36618,0.51261,0.51026,0.50728,0.50765,0.5094500000000001
6447.0,0.50224,0.50916,0.50681,0.50396,0.50441,0.5060849999999999
6448.0,0.69026,0.50539,0.50307,0.50034,0.50092,0.5024299999999999
6449.0,0.58101,0.50206,0.49981,0.49715,0.49787,0.49922249999999996
6450.0,0.37599,0.49982,0.49766,0.49503,0.49585,0.49709000000000003
6451.0,0.52476,0.49902,0.49696,0.49428,0.49517,0.4963575
6452.0,0.58238,0.49967,0.49766,0.49489,0.49578,0.497
6453.0,0.51136,0.5014,0.4994,0.49652,0.49736,0.49867
6454.0,0.43183,0.50375,0.50171,0.49869,0.49945,0.5009
6455.0,0.36377,0.5062,0.50408,0.50094,0.50161,0.5032074999999999
6456.0,0.34261,0.50833,0.50607,0.50285,0.50343,0.50517
6457.0,0.40931,0.50987,0.50745,0.50419,0.50467,0.506545
6458.0,0.56074,0.51056,0.50798,0.5047,0.50514,0.507095
6459.0,0.62971,0.51042,0.50769,0.50441,0.50484,0.50684
6460.0,0.46583,0.50957,0.50672,0.50346,0.50392,0.5059175
6461.0,0.42368,0.50835,0.50542,0.50219,0.50269,0.5046625
6462.0,0.5034,0.50719,0.50427,0.50104,0.50159,0.5035225000000001
6463.0,0.60357,0.50651,0.50365,0.50041,0.50099,0.5028900000000001
6464.0,0.55644,0.50657,0.50381,0.50053,0.50111,0.503005
6465.0,0.40383,0.50728,0.50464,0.50129,0.50183,0.50376
6466.0,0.25149,0.5084,0.50585,0.50244,0.5029,0.5048975
6467.0,0.2982,0.50953,0.50705,0.50356,0.50396,0.506025
6468.0,0.40664,0.51038,0.50792,0.50436,0.5047,0.5068400000000001
6469.0,0.45352,0.51082,0.50833,0.50472,0.50501,0.50722
6470.0,0.60366,0.51087,0.50832,0.50467,0.50494,0.5072
6471.0,0.66647,0.5107,0.50807,0.50439,0.50466,0.5069549999999999
6472.0,0.50706,0.51047,0.50777,0.50405,0.50433,0.506655
6473.0,0.35185,0.5103,0.50752,0.50378,0.50407,0.5064175
6474.0,0.31789,0.51016,0.50733,0.50357,0.50389,0.5062374999999999
6475.0,0.44525,0.50997,0.50709,0.50334,0.50368,0.50602
6476.0,0.60533,0.50958,0.50667,0.50296,0.50332,0.5056324999999999
6477.0,0.60113,0.50883,0.5059,0.50226,0.50266,0.5049125000000001
6478.0,0.39805,0.50766,0.50474,0.50119,0.50164,0.5038075
6479.0,0.41286,0.5061,0.5032,0.49976,0.50028,0.502335
6480.0,0.49209,0.50438,0.5015,0.49817,0.49876,0.5007024999999999
6481.0,0.51164,0.50275,0.49992,0.49668,0.49735,0.499175
6482.0,0.52874,0.50153,0.49877,0.49557,0.49631,0.498045
6483.0,0.55272,0.50092,0.49821,0.49503,0.49582,0.497495
6484.0,0.57207,0.5009,0.49821,0.49503,0.49584,0.497495
6485.0,0.53547,0.50121,0.49852,0.49532,0.49612,0.49779249999999997
6486.0,0.50567,0.5014,0.49866,0.49547,0.49624,0.4979425
6487.0,0.51714,0.50095,0.49811,0.49495,0.49571,0.49743000000000004
6488.0,0.54131,0.49937,0.49638,0.49331,0.49408,0.495785
6489.0,0.50735,0.49634,0.4932,0.49026,0.49109,0.4927225
6490.0,0.4106,0.49177,0.48848,0.48574,0.48669,0.48817000000000005
6491.0,0.37568,0.48594,0.48253,0.48002,0.48114,0.4824075
6492.0,0.42363,0.4794,0.47591,0.47362,0.47496,0.4759725
6493.0,0.52531,0.47292,0.46941,0.46732,0.46891,0.46964
6494.0,0.56172,0.4674,0.46395,0.46199,0.46381,0.46428749999999996
6495.0,0.44656,0.46359,0.46026,0.45835,0.46037,0.4606425
6496.0,0.26563,0.46205,0.45888,0.45692,0.45906,0.4592275
6497.0,0.42193,0.46286,0.45988,0.45779,0.45997,0.460125
6498.0,0.45028,0.46579,0.463,0.46072,0.46284,0.4630875
6499.0,0.23686,0.47031,0.46769,0.46517,0.46715,0.46757999999999994
6500.0,0.25583,0.47575,0.47326,0.4705,0.47227,0.472945
6501.0,0.48168,0.48145,0.47906,0.47606,0.4776,0.4785425
6502.0,0.73878,0.48685,0.48453,0.48131,0.4826,0.4838225
6503.0,0.59318,0.49156,0.48927,0.48588,0.48695,0.488415
6504.0,0.3899,0.49538,0.49308,0.48956,0.49043,0.49211249999999995
6505.0,0.32908,0.49824,0.49592,0.49231,0.49302,0.49487250000000005
6506.0,0.43074,0.50022,0.49786,0.49419,0.4948,0.49676750000000003
6507.0,0.48487,0.50149,0.49908,0.49538,0.49592,0.4979675
6508.0,0.42785,0.50223,0.49976,0.49606,0.49656,0.49865249999999994
6509.0,0.38732,0.50262,0.50007,0.49638,0.49686,0.4989825
6510.0,0.40624,0.50274,0.50011,0.49641,0.49689,0.4990375
6511.0,0.4741,0.50261,0.49987,0.49618,0.49666,0.49883
6512.0,0.51012,0.50218,0.49934,0.49566,0.49614,0.49833
6513.0,0.53652,0.50143,0.49851,0.49482,0.49531,0.4975175
6514.0,0.54078,0.50042,0.49742,0.49373,0.49423,0.49644999999999995
6515.0,0.45093,0.49927,0.49624,0.49254,0.49306,0.4952775
6516.0,0.42652,0.49821,0.4952,0.49148,0.49201,0.49422499999999997
6517.0,0.50127,0.49749,0.49453,0.49077,0.49131,0.493525
6518.0,0.53593,0.49726,0.49438,0.49058,0.49111,0.49333249999999995
6519.0,0.51183,0.49759,0.49479,0.49092,0.49143,0.4936825
6520.0,0.46227,0.49835,0.49563,0.4917,0.49216,0.49446
6521.0,0.4987,0.49934,0.49666,0.49267,0.49307,0.49543499999999996
6522.0,0.58948,0.50026,0.49761,0.49358,0.4939,0.4963375
6523.0,0.64689,0.50091,0.49828,0.49421,0.49446,0.496965
6524.0,0.47634,0.50116,0.49855,0.49445,0.49465,0.49720250000000005
6525.0,0.41176,0.50102,0.49844,0.49433,0.49449,0.49707
6526.0,0.54386,0.50061,0.49806,0.49396,0.4941,0.49668249999999997
6527.0,0.61588,0.50007,0.49756,0.49348,0.49361,0.49617999999999995
6528.0,0.56528,0.49956,0.49709,0.49303,0.49315,0.4957075
6529.0,0.43024,0.49917,0.49673,0.49267,0.49281,0.495345
6530.0,0.39943,0.49897,0.49654,0.49249,0.49264,0.49516
6531.0,0.44986,0.49899,0.49656,0.49249,0.49266,0.4951749999999999
6532.0,0.52499,0.49928,0.49683,0.49273,0.4929,0.49543500000000007
6533.0,0.50775,0.49984,0.49737,0.49323,0.49339,0.4959575
6534.0,0.46021,0.50066,0.49814,0.49395,0.49409,0.49671
6535.0,0.42633,0.50165,0.49907,0.49484,0.49495,0.4976275
6536.0,0.42516,0.50266,0.50001,0.49574,0.49581,0.49855499999999997
6537.0,0.45279,0.50348,0.50077,0.49647,0.49651,0.4993075
6538.0,0.49805,0.50392,0.50112,0.49683,0.49683,0.4996750000000001
6539.0,0.53227,0.50378,0.5009,0.49664,0.49663,0.4994875
6540.0,0.50032,0.50294,0.49998,0.49579,0.49578,0.49862249999999997
6541.0,0.42595,0.50138,0.49836,0.49426,0.49427,0.4970675
6542.0,0.49717,0.49921,0.49614,0.49215,0.49221,0.49492749999999996
6543.0,0.57584,0.49664,0.49355,0.48967,0.4898,0.492415
6544.0,0.61305,0.49397,0.49089,0.4871,0.4873,0.48981500000000006
6545.0,0.77002,0.49148,0.48844,0.48472,0.48499,0.4874075
6546.0,1.05659,0.48938,0.4864,0.48273,0.48303,0.485385
6547.0,1.4157,0.4877,0.48478,0.48113,0.48146,0.4837675
6548.0,1.63859,0.4863,0.48346,0.47982,0.48012,0.482425
6549.0,1.61137,0.48492,0.48217,0.47854,0.47878,0.4811025
6550.0,1.33108,0.48327,0.48062,0.477,0.47716,0.4795125
6551.0,1.03785,0.4811,0.47858,0.47497,0.47502,0.4774175
6552.0,0.81805,0.47828,0.47591,0.47231,0.47223,0.47468249999999995
6553.0,0.71948,0.47476,0.47258,0.46898,0.46872,0.47126
6554.0,0.76478,0.4705,0.46853,0.4649,0.46444,0.46709249999999997
6555.0,0.97107,0.46542,0.46366,0.45998,0.45925,0.4620775
6556.0,1.40318,0.45937,0.45779,0.45401,0.45298,0.4560375
6557.0,2.31343,0.4522,0.45074,0.44682,0.44548,0.44880999999999993
6558.0,4.39264,0.44392,0.44254,0.43846,0.43683,0.44043750000000004
6559.0,8.96964,0.43495,0.4336,0.42935,0.4275,0.43134999999999996
6560.0,20.03543,0.42615,0.42485,0.42043,0.41846,0.42247250000000003
6561.0,36.3894,0.41882,0.41761,0.41301,0.41107,0.4151275
6562.0,54.15967,0.4143,0.41324,0.40851,0.40669,0.41068499999999997
6563.0,60.58687,0.41359,0.41272,0.40789,0.40629,0.4101225
6564.0,54.1525,0.41695,0.41625,0.41139,0.41004,0.41365749999999996
6565.0,37.20504,0.42374,0.42313,0.4183,0.41722,0.42059749999999996
6566.0,21.4381,0.43266,0.43201,0.4273,0.42645,0.429605
6567.0,10.39763,0.44212,0.44131,0.43678,0.43614,0.43908749999999996
6568.0,5.24197,0.45076,0.44967,0.44535,0.44491,0.44767250000000003
6569.0,2.58878,0.45769,0.45628,0.45221,0.45196,0.45453499999999997
6570.0,1.36991,0.46269,0.46098,0.45713,0.45708,0.45947
6571.0,0.9844,0.46604,0.46407,0.46042,0.46056,0.46277250000000003
6572.0,0.848,0.46831,0.46615,0.46266,0.46297,0.4650225
6573.0,0.75209,0.47012,0.46784,0.46444,0.4649,0.46682499999999993
6574.0,0.5951,0.47194,0.46959,0.46623,0.4668,0.46863999999999995
6575.0,0.49366,0.474,0.47163,0.46826,0.46889,0.470695
6576.0,0.52291,0.4763,0.4739,0.47051,0.47116,0.4729675
6577.0,0.72326,0.47863,0.47621,0.47279,0.47343,0.475265
6578.0,0.83748,0.48077,0.47831,0.47488,0.47549,0.47736249999999997
6579.0,0.94612,0.48255,0.48006,0.47661,0.47719,0.4791025
6580.0,1.28458,0.48392,0.48139,0.47794,0.4785,0.48043749999999996
6581.0,2.0297,0.48499,0.48242,0.47896,0.4795,0.4814675
6582.0,3.0034,0.48589,0.48326,0.47978,0.48032,0.4823125
6583.0,3.77852,0.48674,0.48405,0.48054,0.48107,0.4831
6584.0,3.79362,0.48758,0.48481,0.48125,0.48178,0.48385500000000004
6585.0,3.21467,0.48832,0.48546,0.48186,0.48238,0.484505
6586.0,2.65611,0.4888,0.48582,0.4822,0.48271,0.4848825
6587.0,1.89296,0.48877,0.48569,0.48207,0.48259,0.48478
6588.0,1.06364,0.48806,0.48487,0.4813,0.48184,0.48401750000000004
6589.0,0.62558,0.48657,0.48332,0.47982,0.48041,0.48253
6590.0,0.46759,0.48444,0.48115,0.47776,0.47842,0.4804425
6591.0,0.48781,0.48196,0.47869,0.47541,0.47617,0.47805749999999997
6592.0,0.55491,0.47959,0.47638,0.47321,0.47406,0.47581
6593.0,0.62434,0.47778,0.47467,0.47157,0.47253,0.4741375
6594.0,0.62992,0.47689,0.4739,0.47082,0.47185,0.47336500000000004
6595.0,0.448,0.47703,0.47414,0.47105,0.47212,0.47358500000000003
6596.0,0.3877,0.47809,0.47528,0.47214,0.47321,0.47468
6597.0,0.51249,0.47979,0.47703,0.47382,0.47485,0.4763725
6598.0,0.55464,0.48179,0.47902,0.47574,0.47671,0.478315
6599.0,0.55096,0.48373,0.48093,0.47759,0.47848,0.4801825
6600.0,0.54389,0.48531,0.48246,0.47906,0.47989,0.48168
6601.0,0.57547,0.48629,0.48337,0.47996,0.48072,0.482585
6602.0,0.60636,0.48652,0.48355,0.48016,0.48088,0.48277749999999997
6603.0,0.59938,0.48598,0.48299,0.47964,0.48035,0.48224
6604.0,0.51359,0.48481,0.48181,0.47852,0.47925,0.4810975
6605.0,0.42104,0.48324,0.48028,0.47706,0.47783,0.4796025
6606.0,0.37414,0.48164,0.47875,0.47558,0.4764,0.47809250000000003
6607.0,0.36045,0.48036,0.47755,0.47442,0.4753,0.47690750000000004
6608.0,0.3663,0.47972,0.47698,0.47385,0.47477,0.47633000000000003
6609.0,0.38114,0.47986,0.47717,0.474,0.47494,0.4764925
6610.0,0.40287,0.48078,0.4781,0.47486,0.4758,0.477385
6611.0,0.42713,0.4823,0.47958,0.47626,0.47718,0.47883000000000003
6612.0,0.43941,0.48414,0.48136,0.47796,0.47884,0.480575
6613.0,0.37121,0.48606,0.48318,0.47971,0.48055,0.482375
6614.0,0.39256,0.48781,0.48482,0.48131,0.48211,0.4840125
6615.0,0.65842,0.48926,0.48616,0.48263,0.4834,0.48536250000000003
6616.0,0.68271,0.49031,0.48713,0.4836,0.48434,0.486345
6617.0,0.52994,0.49095,0.48769,0.48418,0.48491,0.4869325
6618.0,0.4434,0.49114,0.48782,0.48435,0.48508,0.4870975
6619.0,0.47972,0.49086,0.48749,0.48407,0.4848,0.48680500000000004
6620.0,0.544,0.49008,0.4867,0.48334,0.4841,0.48605499999999996
6621.0,0.46941,0.48886,0.48547,0.48219,0.48298,0.484875
6622.0,0.43364,0.48729,0.48392,0.48073,0.48157,0.4833775
6623.0,0.45367,0.48555,0.48222,0.47912,0.48002,0.4817275
6624.0,0.45651,0.48383,0.48056,0.47754,0.47851,0.48011
6625.0,0.45734,0.48229,0.47908,0.47613,0.47715,0.4786625
6626.0,0.46058,0.48098,0.47782,0.47493,0.476,0.47743250000000004
6627.0,0.462,0.47984,0.47673,0.47388,0.47498,0.4763575
6628.0,0.45706,0.47875,0.47568,0.47287,0.47398,0.47532
6629.0,0.44676,0.47759,0.47457,0.47179,0.47292,0.4742175
6630.0,0.43999,0.47635,0.47338,0.47064,0.47178,0.4730375
6631.0,0.47911,0.47513,0.47222,0.4695,0.47066,0.4718775
6632.0,0.52004,0.47412,0.47127,0.46855,0.46973,0.4709175
6633.0,0.34913,0.47352,0.47074,0.468,0.46919,0.4703625
6634.0,0.30947,0.47346,0.47073,0.46796,0.46915,0.470325
6635.0,0.53227,0.47395,0.47122,0.46841,0.4696,0.470795
6636.0,0.65067,0.47482,0.47207,0.46921,0.47039,0.47162250000000006
6637.0,0.62233,0.47583,0.47303,0.47013,0.47129,0.47257
6638.0,0.50354,0.47673,0.47384,0.47093,0.47206,0.47339
6639.0,0.58729,0.47733,0.47435,0.47143,0.47254,0.47391249999999996
6640.0,0.64476,0.47756,0.47449,0.47156,0.47267,0.47407
6641.0,0.48307,0.47747,0.47432,0.4714,0.47251,0.473925
6642.0,0.45333,0.4772,0.47399,0.47107,0.4722,0.473615
6643.0,0.50429,0.47692,0.47367,0.47074,0.47189,0.473305
6644.0,0.51123,0.47676,0.47349,0.47055,0.47172,0.47313
6645.0,0.51773,0.47679,0.47351,0.47057,0.47176,0.47315749999999995
6646.0,0.51175,0.477,0.47372,0.47078,0.47198,0.47337
6647.0,0.45737,0.47731,0.47403,0.47111,0.47232,0.4736925
6648.0,0.304,0.47763,0.47435,0.47145,0.47268,0.4740275
6649.0,0.17208,0.47788,0.47458,0.47173,0.47297,0.47429
6650.0,0.28699,0.47801,0.47467,0.47187,0.47315,0.474425
6651.0,0.43169,0.478,0.47463,0.47188,0.47318,0.47442249999999997
6652.0,0.51554,0.47788,0.47447,0.47178,0.4731,0.4743075
6653.0,0.50574,0.47766,0.47422,0.47157,0.47292,0.4740925
6654.0,0.48994,0.47735,0.47389,0.47127,0.47264,0.4737875
6655.0,0.50764,0.47691,0.47344,0.47086,0.47224,0.4733625
6656.0,0.56447,0.47629,0.47281,0.47026,0.47166,0.47275500000000004
6657.0,0.59169,0.47542,0.47193,0.46943,0.47084,0.471905
6658.0,0.55602,0.47425,0.47076,0.46831,0.46973,0.47076250000000003
6659.0,0.46747,0.47278,0.4693,0.46691,0.46835,0.469335
6660.0,0.48027,0.47109,0.46764,0.4653,0.46678,0.4677025
6661.0,0.61485,0.46934,0.46595,0.46365,0.46516,0.466025
6662.0,0.52696,0.46774,0.46444,0.46216,0.4637,0.46451000000000003
6663.0,0.38029,0.46654,0.46333,0.46105,0.46261,0.4633825
6664.0,0.34455,0.4659,0.4628,0.46049,0.46207,0.462815
6665.0,0.42648,0.46595,0.46294,0.46058,0.46214,0.4629025
6666.0,0.48286,0.46665,0.46372,0.46128,0.46282,0.4636175
6667.0,0.39906,0.46791,0.465,0.46248,0.46398,0.4648425
6668.0,0.48356,0.4695,0.46659,0.46397,0.46541,0.46636749999999993
6669.0,0.59893,0.47116,0.4682,0.4655,0.46687,0.4679325
6670.0,0.49285,0.4726,0.46956,0.46679,0.46808,0.4692575
6671.0,0.46925,0.47353,0.4704,0.46758,0.4688,0.4700774999999999
6672.0,0.54757,0.47374,0.47053,0.46769,0.46883,0.4701975
6673.0,0.61632,0.47311,0.46985,0.46701,0.46809,0.469515
6674.0,0.67613,0.47168,0.46842,0.4656,0.46664,0.468085
6675.0,0.7697,0.46966,0.46644,0.46367,0.46467,0.46611
6676.0,0.98356,0.46739,0.46426,0.46153,0.46254,0.46393
6677.0,1.06331,0.4653,0.46228,0.45959,0.46063,0.46194999999999997
6678.0,1.01911,0.46376,0.46086,0.45821,0.4593,0.4605325
6679.0,1.21207,0.46306,0.46024,0.45761,0.45876,0.45991750000000003
6680.0,1.30041,0.46323,0.46044,0.45783,0.45904,0.46013499999999996
6681.0,1.12235,0.46415,0.46134,0.45874,0.46001,0.46105999999999997
6682.0,0.85747,0.46555,0.46267,0.46008,0.46139,0.4624225
6683.0,0.66687,0.46714,0.46416,0.46157,0.46291,0.463945
6684.0,0.64629,0.46867,0.46556,0.46297,0.46433,0.4653824999999999
6685.0,0.73998,0.46996,0.46672,0.46414,0.46552,0.46658499999999997
6686.0,0.70379,0.47096,0.46759,0.46502,0.46641,0.467495
6687.0,0.3768,0.47164,0.46817,0.4656,0.467,0.46810250000000003
6688.0,0.29134,0.47202,0.46847,0.46591,0.46733,0.46843250000000003
6689.0,0.37521,0.47212,0.4685,0.46595,0.46738,0.46848749999999995
6690.0,0.40199,0.47192,0.46825,0.46573,0.46717,0.46826749999999995
6691.0,0.48419,0.4714,0.4677,0.46521,0.46667,0.467745
6692.0,0.62383,0.47055,0.46686,0.4644,0.46588,0.4669225
6693.0,0.75972,0.46944,0.46577,0.46336,0.46487,0.46586000000000005
6694.0,0.70885,0.46819,0.46458,0.46222,0.46375,0.464685
6695.0,0.49386,0.467,0.46346,0.46113,0.46269,0.46357000000000004
6696.0,0.32292,0.46605,0.46259,0.46028,0.46187,0.46269750000000004
6697.0,0.33174,0.46549,0.4621,0.45979,0.46139,0.4621925
6698.0,0.47797,0.46534,0.46201,0.45967,0.46127,0.4620725
6699.0,0.44603,0.46554,0.46221,0.45983,0.46142,0.46225
6700.0,0.40573,0.46589,0.46254,0.46013,0.46171,0.4625675
6701.0,0.45844,0.46623,0.46285,0.46042,0.46197,0.4628675
6702.0,0.53067,0.46645,0.46303,0.46059,0.46212,0.46304749999999995
6703.0,0.456,0.46652,0.46307,0.46062,0.46214,0.4630875
6704.0,0.2183,0.46646,0.463,0.46055,0.46207,0.46302
6705.0,0.50502,0.46633,0.46287,0.46042,0.46194,0.46289
6706.0,0.80897,0.46613,0.46269,0.46025,0.46177,0.46271
6707.0,0.49554,0.46584,0.46241,0.45998,0.46149,0.46243
6708.0,0.36019,0.46536,0.46195,0.45953,0.46103,0.46196750000000003
6709.0,0.45015,0.46458,0.46119,0.45879,0.46029,0.4612125
6710.0,0.54136,0.46342,0.46004,0.45769,0.45919,0.46008499999999997
6711.0,0.57608,0.46186,0.45849,0.4562,0.45773,0.45857
6712.0,0.66974,0.45997,0.4566,0.45438,0.45596,0.4567275
6713.0,1.1146,0.4579,0.45451,0.45238,0.45403,0.45470499999999997
6714.0,1.92492,0.45589,0.45247,0.45041,0.45215,0.45273
6715.0,2.97824,0.45421,0.45074,0.44874,0.45058,0.45106749999999995
6716.0,3.89339,0.45313,0.4496,0.44762,0.44956,0.44997750000000003
6717.0,4.14928,0.4528,0.44919,0.44721,0.44922,0.449605
6718.0,3.57179,0.45325,0.44957,0.44754,0.4496,0.44999
6719.0,2.65338,0.45436,0.45059,0.44851,0.45058,0.45100999999999997
6720.0,1.78096,0.45589,0.45205,0.44989,0.45194,0.45244249999999997
6721.0,1.22954,0.45756,0.45365,0.45143,0.45343,0.4540175
6722.0,1.00128,0.45912,0.45515,0.45288,0.45484,0.4554975
6723.0,0.829,0.46042,0.45641,0.4541,0.456,0.4567325
6724.0,0.45829,0.4614,0.45738,0.45503,0.45688,0.4576725
6725.0,0.46501,0.4621,0.45809,0.45571,0.45752,0.458355
6726.0,0.79302,0.46262,0.45862,0.45622,0.458,0.458865
6727.0,1.12775,0.46305,0.45907,0.45665,0.4584,0.4592925
6728.0,1.62598,0.46345,0.45946,0.45703,0.45876,0.459675
6729.0,2.28303,0.4638,0.45981,0.45736,0.45907,0.46001000000000003
6730.0,2.94765,0.46407,0.46006,0.4576,0.4593,0.46025750000000004
6731.0,3.23324,0.46419,0.46016,0.4577,0.45939,0.46036
6732.0,3.01024,0.46411,0.46007,0.45761,0.45929,0.46027
6733.0,2.44029,0.46379,0.45974,0.45731,0.45897,0.4599525
6734.0,1.77848,0.46324,0.4592,0.45678,0.45845,0.4594175
6735.0,1.21029,0.46249,0.45845,0.45606,0.45773,0.45868250000000005
6736.0,0.85745,0.46157,0.45755,0.45518,0.45687,0.45779249999999994
6737.0,0.65932,0.46056,0.45657,0.45422,0.45592,0.4568175
6738.0,0.53722,0.45953,0.45557,0.45324,0.45496,0.455825
6739.0,0.45346,0.45856,0.45463,0.45231,0.45405,0.4548875
6740.0,0.41948,0.4577,0.45379,0.45148,0.45324,0.45405249999999997
6741.0,0.44999,0.45698,0.45308,0.45077,0.45256,0.4533475
6742.0,0.40684,0.45639,0.4525,0.45019,0.452,0.45277
6743.0,0.32414,0.45589,0.452,0.44971,0.45152,0.45228
6744.0,0.34767,0.45545,0.45155,0.44927,0.45111,0.45184500000000005
6745.0,0.38568,0.45502,0.45111,0.44885,0.4507,0.45142000000000004
6746.0,0.40704,0.45459,0.45066,0.44842,0.4503,0.45099249999999996
6747.0,0.43554,0.45418,0.45021,0.448,0.4499,0.4505725
6748.0,0.47037,0.45382,0.44982,0.44763,0.44956,0.4502075
6749.0,0.50152,0.4536,0.44958,0.4474,0.44935,0.44998249999999995
6750.0,0.4922,0.4536,0.44958,0.44739,0.44935,0.44998000000000005
6751.0,0.46936,0.45392,0.44991,0.4477,0.44967,0.4503
6752.0,0.46399,0.45461,0.45062,0.44837,0.45032,0.45098
6753.0,0.50188,0.4557,0.45173,0.44942,0.45135,0.45204999999999995
6754.0,0.54493,0.45714,0.45318,0.45081,0.4527,0.45345749999999996
6755.0,0.53585,0.45883,0.45486,0.45242,0.45425,0.45509
6756.0,0.46572,0.46063,0.45662,0.45411,0.45588,0.45681000000000005
6757.0,0.37349,0.46234,0.45827,0.4557,0.45741,0.45843
6758.0,0.3423,0.46379,0.45966,0.45703,0.45868,0.45979
6759.0,0.42729,0.46483,0.46063,0.45797,0.45957,0.46075
6760.0,0.546,0.46538,0.46111,0.45844,0.45999,0.46123000000000003
6761.0,0.40935,0.46539,0.46107,0.45841,0.45993,0.4612
6762.0,0.34297,0.46488,0.46055,0.45789,0.45941,0.4606825
6763.0,0.47777,0.46395,0.45961,0.45698,0.45849,0.4597575
6764.0,0.5228,0.4627,0.45836,0.45576,0.45729,0.4585275
6765.0,0.51939,0.46127,0.45697,0.4544,0.45595,0.45714750000000004
6766.0,0.53268,0.45987,0.45559,0.45305,0.45464,0.45578749999999996
6767.0,0.56343,0.45866,0.45442,0.4519,0.45353,0.4546275
6768.0,0.55286,0.45783,0.45362,0.45111,0.45278,0.45383500000000004
6769.0,0.43872,0.4575,0.45333,0.45081,0.45251,0.4535375
6770.0,0.42575,0.45775,0.45361,0.45106,0.45277,0.45379749999999996
6771.0,0.48993,0.45855,0.45443,0.45183,0.45353,0.454585
6772.0,0.46615,0.45982,0.45568,0.45303,0.4547,0.45580750000000003
6773.0,0.41409,0.46136,0.45721,0.45448,0.45611,0.45729000000000003
6774.0,0.38847,0.46298,0.45877,0.45599,0.45757,0.45882750000000005
6775.0,0.47292,0.46441,0.46016,0.45732,0.45884,0.46018250000000005
6776.0,0.58373,0.46544,0.46112,0.45827,0.45973,0.46114
6777.0,0.63449,0.46587,0.4615,0.45866,0.46008,0.46152750000000003
6778.0,0.48558,0.46559,0.46118,0.45838,0.45978,0.4612325
6779.0,0.39103,0.46456,0.46014,0.45741,0.45882,0.4602325
6780.0,0.56245,0.46288,0.45848,0.45585,0.45729,0.45862499999999995
6781.0,0.55238,0.46075,0.4564,0.45388,0.45538,0.4566025
6782.0,0.42633,0.45846,0.45419,0.45177,0.45335,0.45444249999999997
6783.0,0.42346,0.45635,0.45217,0.44984,0.4515,0.452465
6784.0,0.40559,0.45473,0.45063,0.44835,0.45009,0.45094999999999996
6785.0,0.33267,0.45379,0.44974,0.44748,0.44929,0.450075
6786.0,0.22269,0.45356,0.44951,0.44723,0.44908,0.449845
6787.0,0.22845,0.45391,0.44981,0.4475,0.44937,0.45014750000000003
6788.0,0.36669,0.45459,0.45042,0.44806,0.44994,0.4507525
6789.0,0.42217,0.45535,0.45107,0.44869,0.45056,0.4514175
6790.0,0.46102,0.45596,0.4516,0.44919,0.45105,0.45194999999999996
6791.0,0.52694,0.45631,0.45188,0.44947,0.45132,0.452245
6792.0,0.48702,0.4564,0.45194,0.44955,0.45138,0.45231749999999993
6793.0,0.40057,0.45632,0.45186,0.44947,0.4513,0.4522375
6794.0,0.37069,0.45621,0.45178,0.44939,0.45122,0.45215
6795.0,0.41241,0.4562,0.45179,0.4494,0.45123,0.45215500000000003
6796.0,0.48031,0.45636,0.45198,0.44957,0.45139,0.452325
6797.0,0.48097,0.45672,0.45234,0.44991,0.45171,0.45267
6798.0,0.5034,0.45721,0.45282,0.45036,0.45214,0.4531325
6799.0,0.5436,0.45775,0.45334,0.45084,0.4526,0.4536325
6800.0,0.47404,0.45824,0.45379,0.45126,0.453,0.45407250000000005
6801.0,0.38151,0.45859,0.4541,0.45155,0.45326,0.45437500000000003
6802.0,0.33276,0.45876,0.45422,0.45165,0.45335,0.454495
6803.0,0.35127,0.45873,0.45416,0.45158,0.45326,0.45443249999999996
6804.0,0.40663,0.45855,0.45394,0.45136,0.45304,0.4542225
6805.0,0.45678,0.45825,0.45363,0.45104,0.45272,0.45391
6806.0,0.44801,0.45791,0.45327,0.45068,0.45237,0.4535575
6807.0,0.41584,0.45756,0.45292,0.45033,0.45203,0.45320999999999995
6808.0,0.43773,0.45724,0.4526,0.45002,0.45173,0.45289749999999995
6809.0,0.4231,0.45696,0.45233,0.44976,0.45147,0.45263
6810.0,0.38277,0.45673,0.45212,0.44954,0.45126,0.4524125
6811.0,0.43663,0.45655,0.45195,0.44939,0.4511,0.4522475
6812.0,0.48429,0.45644,0.45186,0.44928,0.451,0.452145
6813.0,0.46737,0.45643,0.45184,0.44926,0.45098,0.4521275
6814.0,0.40334,0.45652,0.45193,0.44933,0.45105,0.4522075
6815.0,0.38672,0.45673,0.45212,0.44951,0.45122,0.452395
6816.0,0.48373,0.45705,0.45242,0.44978,0.45149,0.452685
6817.0,0.5229,0.45747,0.4528,0.45014,0.45184,0.4530625
6818.0,0.45288,0.45797,0.45326,0.45057,0.45226,0.453515
6819.0,0.26507,0.45851,0.45377,0.45106,0.45272,0.454015
6820.0,0.21278,0.45908,0.45431,0.45156,0.45321,0.45453999999999994
6821.0,0.31679,0.45964,0.45483,0.45205,0.45368,0.45505
6822.0,0.40393,0.46011,0.45525,0.45246,0.45407,0.4554725
6823.0,0.41265,0.46043,0.45552,0.45271,0.4543,0.45574
6824.0,0.3476,0.46052,0.45557,0.45276,0.45433,0.45579499999999995
6825.0,0.35284,0.46035,0.45539,0.45257,0.45413,0.45560999999999996
6826.0,0.44518,0.46,0.45503,0.45221,0.45377,0.4552525
6827.0,0.59455,0.45955,0.45459,0.45178,0.45334,0.454815
6828.0,0.57274,0.45914,0.45421,0.4514,0.45296,0.4544275
6829.0,0.43879,0.45888,0.45398,0.45115,0.45272,0.4541825
6830.0,0.35998,0.45879,0.45394,0.45108,0.45264,0.4541125
6831.0,0.32372,0.45884,0.45402,0.45114,0.45268,0.45416999999999996
6832.0,0.32139,0.4589,0.45408,0.45118,0.45271,0.4542175
6833.0,0.34374,0.45878,0.45397,0.45107,0.45257,0.4540975
6834.0,0.40052,0.45832,0.45351,0.45062,0.4521,0.45363749999999997
6835.0,0.46351,0.45739,0.45258,0.44973,0.4512,0.452725
6836.0,0.38408,0.45595,0.45116,0.44838,0.44985,0.45133500000000004
6837.0,0.30489,0.4541,0.44934,0.44664,0.44813,0.44955249999999997
6838.0,0.36084,0.45203,0.44733,0.4447,0.44624,0.44757499999999995
6839.0,0.39954,0.45004,0.44543,0.44285,0.44444,0.44569
6840.0,0.40287,0.44846,0.44393,0.44138,0.44302,0.44419749999999997
6841.0,0.3958,0.44753,0.44307,0.44052,0.44222,0.44333500000000003
6842.0,0.39285,0.44742,0.443,0.44042,0.44215,0.4432475
6843.0,0.39265,0.4481,0.44367,0.44104,0.44279,0.44389999999999996
6844.0,0.37813,0.44938,0.44491,0.44221,0.44396,0.44511500000000004
6845.0,0.42404,0.451,0.44644,0.44368,0.4454,0.44663
6846.0,0.53121,0.45262,0.44795,0.44514,0.44683,0.448135
6847.0,0.48303,0.45399,0.44921,0.44636,0.44802,0.449395
6848.0,0.38541,0.45489,0.45001,0.44715,0.44877,0.45020499999999997
6849.0,0.37512,0.45521,0.45026,0.44741,0.44901,0.45047249999999994
6850.0,0.38692,0.45495,0.44995,0.44713,0.44872,0.4501875
6851.0,0.39883,0.45414,0.44914,0.44637,0.44796,0.44940250000000004
6852.0,0.40158,0.45292,0.44793,0.44522,0.44683,0.448225
6853.0,0.45412,0.45142,0.44648,0.44384,0.44548,0.446805
6854.0,0.54912,0.44984,0.44497,0.4424,0.44408,0.4453225
6855.0,0.58607,0.44833,0.44354,0.44104,0.44276,0.4439175
6856.0,0.53,0.44707,0.44237,0.43991,0.44167,0.442755
6857.0,0.40024,0.44615,0.44151,0.4391,0.44088,0.44190999999999997
6858.0,0.41405,0.44561,0.44104,0.43864,0.44045,0.44143499999999997
6859.0,0.50807,0.44545,0.44094,0.43854,0.44036,0.44132249999999995
6860.0,0.55562,0.44563,0.44115,0.43874,0.44057,0.44152250000000004
6861.0,0.5241,0.44608,0.4416,0.43918,0.44099,0.4419625
6862.0,0.46055,0.44664,0.44215,0.43971,0.44151,0.4425025
6863.0,0.48682,0.44719,0.44269,0.44023,0.442,0.44302749999999996
6864.0,0.50943,0.44758,0.44305,0.44059,0.44234,0.44339
6865.0,0.48429,0.44772,0.44318,0.44071,0.44244,0.4435125
6866.0,0.42603,0.4476,0.44304,0.44058,0.4423,0.44338
6867.0,0.40875,0.44727,0.44272,0.44026,0.44197,0.443055
6868.0,0.4835,0.44686,0.44231,0.43985,0.44157,0.4426475
6869.0,0.56504,0.44648,0.44196,0.43949,0.44122,0.4422875
6870.0,0.61275,0.44625,0.44176,0.43928,0.44101,0.442075
6871.0,0.59045,0.44624,0.44177,0.43927,0.441,0.44207
6872.0,0.52641,0.44647,0.44201,0.43948,0.44121,0.4422925
6873.0,0.41738,0.44691,0.44246,0.43991,0.44161,0.4427225
6874.0,0.2289,0.44751,0.44306,0.44049,0.44216,0.44330500000000006
6875.0,0.19742,0.44816,0.44373,0.44113,0.44278,0.44395
6876.0,0.39165,0.44877,0.44435,0.44172,0.44334,0.444545
6877.0,0.40841,0.44924,0.4448,0.44216,0.44375,0.4449875
6878.0,0.32167,0.44946,0.44501,0.44237,0.44392,0.44519
6879.0,0.2893,0.44944,0.44496,0.44232,0.44384,0.44514000000000004
6880.0,0.38218,0.44921,0.44473,0.44208,0.44358,0.44489999999999996
6881.0,0.53458,0.44892,0.44444,0.44177,0.44325,0.44459499999999996
6882.0,0.56784,0.44874,0.44427,0.44156,0.44302,0.4443975
6883.0,0.45532,0.44882,0.44435,0.44158,0.44302,0.4444425
6884.0,0.26047,0.44925,0.44478,0.44193,0.44335,0.44482750000000004
6885.0,0.25936,0.45002,0.44556,0.4426,0.44398,0.44554
6886.0,0.35391,0.45108,0.44659,0.44355,0.44488,0.44652499999999995
6887.0,0.43205,0.45228,0.44776,0.44463,0.4459,0.4476425
6888.0,0.45713,0.45347,0.44891,0.44571,0.44692,0.4487525
6889.0,0.4534,0.45452,0.44992,0.44667,0.44782,0.4497325
6890.0,0.47442,0.45531,0.45068,0.4474,0.4485,0.45047250000000005
6891.0,0.5572,0.45586,0.45118,0.44788,0.44896,0.45097000000000004
6892.0,0.6374,0.45614,0.4514,0.44811,0.44918,0.4512075
6893.0,0.48876,0.45624,0.45143,0.44815,0.44924,0.451265
6894.0,0.37499,0.45622,0.45135,0.44807,0.44918,0.45120499999999997
6895.0,0.43878,0.45617,0.45122,0.44795,0.44911,0.4511125
6896.0,0.44139,0.45617,0.45114,0.44787,0.44907,0.45106250000000003
6897.0,0.42646,0.45625,0.45113,0.44787,0.44911,0.45109
6898.0,0.4924,0.45644,0.45124,0.44798,0.44926,0.45123
6899.0,0.57491,0.45673,0.45146,0.4482,0.44951,0.451475
6900.0,0.58123,0.45711,0.45179,0.44852,0.44984,0.451815
6901.0,0.34435,0.45755,0.4522,0.44892,0.45024,0.4522275
6902.0,0.26359,0.45804,0.45266,0.44938,0.45069,0.4526925
6903.0,0.45932,0.45853,0.45315,0.44985,0.45114,0.45316750000000006
6904.0,0.48684,0.459,0.45363,0.4503,0.45158,0.45362749999999996
6905.0,0.41519,0.45939,0.45404,0.45068,0.45192,0.4540075
6906.0,0.37288,0.45966,0.45431,0.45094,0.45214,0.4542625
6907.0,0.36816,0.45973,0.45437,0.45098,0.45215,0.45430750000000003
6908.0,0.384,0.45952,0.45416,0.45075,0.4519,0.4540825
6909.0,0.38178,0.45901,0.45364,0.45022,0.45134,0.4535525
6910.0,0.34496,0.45821,0.45282,0.4494,0.45051,0.452735
6911.0,0.28735,0.45717,0.45177,0.44836,0.44946,0.45169
6912.0,0.28689,0.45604,0.45065,0.44723,0.44835,0.4505675
6913.0,0.29689,0.45498,0.44962,0.44619,0.44733,0.44953
6914.0,0.28405,0.45416,0.44882,0.44538,0.44654,0.448725
6915.0,0.35259,0.45372,0.4484,0.44494,0.44612,0.448295
6916.0,0.45424,0.45365,0.44834,0.44486,0.44605,0.44822500000000004
6917.0,0.46937,0.45392,0.44861,0.44511,0.4463,0.448485
6918.0,0.41375,0.45436,0.44902,0.44551,0.44669,0.448895
6919.0,0.34044,0.45474,0.44939,0.44587,0.44705,0.4492625
6920.0,0.39795,0.45491,0.44955,0.44605,0.44722,0.4494325
6921.0,0.42814,0.45472,0.44936,0.44589,0.44705,0.44925499999999996
6922.0,0.34475,0.45417,0.44885,0.44544,0.44659,0.4487625
6923.0,0.42028,0.45336,0.44811,0.44476,0.44592,0.4480375
6924.0,0.5713,0.45246,0.44733,0.44402,0.44521,0.44725499999999996
6925.0,0.59832,0.4517,0.44668,0.44341,0.44463,0.44660500000000003
6926.0,0.55614,0.45118,0.44627,0.44303,0.44427,0.4461875
6927.0,0.48122,0.45099,0.44615,0.44293,0.44419,0.44606500000000004
6928.0,0.42083,0.45107,0.44626,0.44303,0.44431,0.4461675
6929.0,0.35816,0.45132,0.44651,0.44327,0.44455,0.4464125
6930.0,0.29437,0.45164,0.44678,0.44354,0.4448,0.44669000000000003
6931.0,0.31497,0.45194,0.44705,0.44379,0.44504,0.446955
6932.0,0.38136,0.45224,0.44731,0.44402,0.44526,0.4472075
6933.0,0.41792,0.45254,0.44757,0.44424,0.44549,0.44745999999999997
6934.0,0.3953,0.45291,0.44791,0.44454,0.44577,0.44778249999999997
6935.0,0.3316,0.45335,0.4483,0.4449,0.44611,0.448165
6936.0,0.30191,0.45384,0.44875,0.4453,0.4465,0.4485975
6937.0,0.31342,0.45429,0.44915,0.44566,0.44684,0.44898499999999997
6938.0,0.35669,0.45458,0.44942,0.44588,0.44703,0.4492275
6939.0,0.37044,0.45461,0.44943,0.44587,0.44699,0.449225
6940.0,0.4049,0.4543,0.44913,0.44556,0.44665,0.44891
6941.0,0.52863,0.45369,0.44853,0.44497,0.44604,0.44830749999999997
6942.0,0.60609,0.45287,0.44774,0.44419,0.44525,0.4475125
6943.0,0.59668,0.45197,0.44691,0.44338,0.44442,0.44667
6944.0,0.50699,0.45119,0.44622,0.44268,0.44372,0.4459525
6945.0,0.44835,0.45063,0.44575,0.44218,0.44322,0.445445
6946.0,0.4833,0.45035,0.44556,0.44195,0.44299,0.4452125
6947.0,0.58184,0.45032,0.44558,0.44193,0.44294,0.4451925
6948.0,0.6488,0.4504,0.44569,0.44199,0.44298,0.445265
6949.0,0.577,0.45049,0.44578,0.44206,0.44301,0.44533500000000004
6950.0,0.49959,0.45048,0.44578,0.44205,0.44298,0.4453225
6951.0,0.4745,0.45041,0.44572,0.442,0.44291,0.44526
6952.0,0.54342,0.45035,0.44567,0.44195,0.44288,0.4452125
6953.0,0.57876,0.45042,0.44575,0.44203,0.44298,0.44529499999999994
6954.0,0.51266,0.45074,0.44606,0.44234,0.4433,0.44561
6955.0,0.40666,0.45134,0.44662,0.44288,0.44386,0.446175
6956.0,0.31379,0.45218,0.44742,0.44365,0.44462,0.44696749999999996
6957.0,0.29147,0.45319,0.44837,0.44455,0.4455,0.4479025
6958.0,0.33915,0.45427,0.44937,0.4455,0.44642,0.44889
6959.0,0.4287,0.45529,0.45033,0.44641,0.44728,0.44982750000000005
6960.0,0.48694,0.45619,0.45117,0.4472,0.44803,0.4506475
6961.0,0.5558,0.45694,0.45188,0.44785,0.44864,0.4513275
6962.0,0.63973,0.45754,0.45242,0.44835,0.44911,0.451855
6963.0,0.60377,0.45801,0.45283,0.44873,0.44946,0.4522575
6964.0,0.50339,0.45839,0.45315,0.44903,0.44974,0.4525775
6965.0,0.44279,0.45868,0.4534,0.44925,0.44995,0.45282
6966.0,0.42892,0.45889,0.45358,0.44941,0.4501,0.452995
6967.0,0.42598,0.45902,0.45366,0.44947,0.45015,0.453075
6968.0,0.3299,0.459,0.45358,0.44939,0.45005,0.453005
6969.0,0.32761,0.45876,0.4533,0.44911,0.44975,0.45272999999999997
6970.0,0.49739,0.45821,0.45273,0.44853,0.44916,0.4521575
6971.0,0.53478,0.45724,0.45175,0.44757,0.44819,0.45118749999999996
6972.0,0.46208,0.45578,0.45031,0.44616,0.44677,0.449755
6973.0,0.38626,0.45382,0.44841,0.44429,0.44491,0.4478575
6974.0,0.30885,0.45146,0.44613,0.44206,0.44271,0.44559
6975.0,0.23754,0.44895,0.44367,0.43969,0.44035,0.44316500000000003
6976.0,0.19533,0.44656,0.44139,0.43747,0.43818,0.4409
6977.0,0.22653,0.4447,0.43969,0.4358,0.43657,0.43918999999999997
6978.0,0.35282,0.44372,0.43885,0.43495,0.43578,0.438325
6979.0,0.50835,0.44382,0.43904,0.4351,0.43598,0.438485
6980.0,0.59702,0.44501,0.44027,0.43626,0.43717,0.43967750000000005
6981.0,0.49141,0.44705,0.44229,0.4382,0.43909,0.4416575
6982.0,0.3981,0.44962,0.44474,0.44056,0.44141,0.44408250000000005
6983.0,0.38948,0.45222,0.44718,0.44294,0.44372,0.446515
6984.0,0.43039,0.45446,0.44929,0.44498,0.44571,0.44861
6985.0,0.45955,0.45612,0.45083,0.44648,0.44716,0.4501475
6986.0,0.42794,0.45711,0.45171,0.44735,0.44799,0.45104
6987.0,0.33701,0.45756,0.45207,0.44772,0.44835,0.451425
6988.0,0.25451,0.45763,0.45209,0.44776,0.4484,0.45147000000000004
6989.0,0.30059,0.45752,0.45196,0.44765,0.44831,0.45136
6990.0,0.28888,0.45738,0.4518,0.44751,0.44819,0.45121999999999995
6991.0,0.17744,0.45727,0.45168,0.44739,0.44809,0.4511075
6992.0,0.14354,0.45721,0.45159,0.44731,0.44801,0.45103000000000004
6993.0,0.16082,0.4571,0.45146,0.44718,0.44788,0.450905
6994.0,0.18035,0.45685,0.4512,0.44692,0.44761,0.450645
6995.0,0.1631,0.45636,0.45073,0.44645,0.44714,0.45016999999999996
6996.0,0.13446,0.45563,0.45003,0.44576,0.44645,0.44946749999999996
6997.0,0.17554,0.45469,0.44912,0.44488,0.44556,0.4485625
6998.0,0.41351,0.45365,0.44813,0.44392,0.4446,0.44757499999999995
6999.0,0.81227,0.4526,0.44715,0.44296,0.44365,0.44659000000000004
7000.0,0.8714,0.45163,0.44625,0.44207,0.44279,0.445685
7001.0,0.6775,0.45082,0.44551,0.44133,0.44207,0.4449325
7002.0,0.43216,0.45022,0.44495,0.44077,0.44152,0.444365
7003.0,0.29683,0.44985,0.4446,0.44042,0.44116,0.4440075
7004.0,0.29839,0.44971,0.44445,0.44027,0.44099,0.443855
7005.0,0.37372,0.44973,0.44449,0.44028,0.44099,0.4438725
7006.0,0.38466,0.44987,0.44467,0.44042,0.44113,0.4440225
7007.0,0.27503,0.4501,0.44491,0.44062,0.44133,0.44424
7008.0,0.25371,0.45031,0.44509,0.44079,0.44146,0.4444125
7009.0,0.31458,0.4504,0.44515,0.44083,0.44149,0.4444675
7010.0,0.38741,0.45023,0.44496,0.44064,0.44128,0.4442775
7011.0,0.37307,0.44972,0.44445,0.44014,0.44078,0.44377249999999996
7012.0,0.2772,0.44891,0.44364,0.43935,0.43999,0.4429725
7013.0,0.24916,0.44789,0.44263,0.43835,0.439,0.4419675
7014.0,0.29268,0.44692,0.44168,0.43741,0.43808,0.44102250000000004
7015.0,0.38099,0.44622,0.44101,0.43675,0.43743,0.4403525
7016.0,0.35354,0.44595,0.44079,0.4365,0.43719,0.44010750000000004
7017.0,0.29092,0.44615,0.44104,0.4367,0.43742,0.4403275
7018.0,0.41952,0.44674,0.44168,0.43728,0.43801,0.44092749999999997
7019.0,0.46023,0.44755,0.44248,0.43804,0.43874,0.4417025
7020.0,0.32686,0.44835,0.44321,0.43876,0.4394,0.44243
7021.0,0.27298,0.4489,0.44373,0.43928,0.43986,0.4429425
7022.0,0.30821,0.44913,0.444,0.43953,0.44009,0.44318749999999996
7023.0,0.40105,0.44915,0.44409,0.4396,0.44014,0.443245
7024.0,0.46682,0.44912,0.44412,0.43962,0.44013,0.4432475
7025.0,0.4764,0.44923,0.4443,0.43976,0.44027,0.44338999999999995
7026.0,0.42021,0.4496,0.44472,0.44014,0.44062,0.44377
7027.0,0.38329,0.45027,0.44539,0.44076,0.4412,0.444405
7028.0,0.41917,0.45114,0.44622,0.44154,0.44194,0.44521
7029.0,0.50468,0.45205,0.44707,0.44233,0.4427,0.4460375
7030.0,0.5701,0.45285,0.44782,0.44303,0.44338,0.44677
7031.0,0.51306,0.45348,0.44837,0.44355,0.44387,0.44731750000000003
7032.0,0.41166,0.45387,0.44869,0.44385,0.44413,0.447635
7033.0,0.3158,0.45403,0.44882,0.44396,0.44424,0.4477625
7034.0,0.28995,0.45406,0.44882,0.44395,0.44422,0.4477625
7035.0,0.31299,0.45405,0.44879,0.4439,0.44419,0.4477325
7036.0,0.35231,0.45423,0.44897,0.44406,0.44436,0.447905
7037.0,0.34071,0.45474,0.44949,0.44456,0.44483,0.448405
7038.0,0.28984,0.45566,0.45044,0.44547,0.44574,0.4493275
7039.0,0.26457,0.45703,0.45183,0.44679,0.44706,0.4506775
7040.0,0.31757,0.45867,0.45351,0.4484,0.44866,0.45231000000000005
7041.0,0.4421,0.46051,0.45534,0.45017,0.4504,0.454105
7042.0,0.45116,0.46234,0.45707,0.45188,0.45204,0.4558325
7043.0,0.36637,0.46392,0.45858,0.45338,0.45348,0.45733999999999997
7044.0,0.2696,0.46512,0.45973,0.45452,0.45458,0.4584875
7045.0,0.38659,0.46583,0.46041,0.45519,0.45523,0.459165
7046.0,0.61538,0.46602,0.46056,0.45535,0.45538,0.4593275
7047.0,0.36471,0.46556,0.46007,0.4549,0.45493,0.458865
7048.0,0.10243,0.46442,0.45889,0.4538,0.45385,0.45774000000000004
7049.0,0.22161,0.46248,0.45691,0.45196,0.45204,0.45584749999999996
7050.0,0.40145,0.45973,0.45416,0.4494,0.44957,0.45321500000000003
7051.0,0.54018,0.45632,0.4508,0.44628,0.44657,0.4499925
7052.0,0.57701,0.45247,0.44704,0.44279,0.44325,0.4463875
7053.0,0.54467,0.44855,0.44325,0.43929,0.43993,0.44275499999999995
7054.0,0.47339,0.44483,0.43967,0.43601,0.43685,0.43934
7055.0,0.42214,0.44153,0.43652,0.43312,0.43417,0.436335
7056.0,0.40724,0.4388,0.43389,0.43072,0.43196,0.4338425
7057.0,0.44012,0.43659,0.43175,0.42877,0.43016,0.43181749999999997
7058.0,0.52568,0.43486,0.43006,0.42725,0.42874,0.4302275
7059.0,0.62686,0.43348,0.42873,0.42604,0.4276,0.42896249999999997
7060.0,0.62243,0.43235,0.42766,0.42503,0.42666,0.427925
7061.0,0.57684,0.43143,0.42683,0.42422,0.42589,0.4270925
7062.0,0.55794,0.43066,0.42613,0.42353,0.42522,0.42638499999999996
7063.0,0.6305,0.43,0.42554,0.42292,0.42461,0.42576749999999997
7064.0,0.77558,0.42945,0.42504,0.4224,0.42408,0.42524249999999997
7065.0,0.92253,0.42896,0.42461,0.42195,0.4236,0.42478
7066.0,0.98379,0.42866,0.42439,0.42169,0.42332,0.424515
7067.0,0.82103,0.42868,0.42446,0.42172,0.42332,0.42454499999999995
7068.0,-0.03137,0.42909,0.42492,0.42212,0.4237,0.4249575
7069.0,-0.82182,0.42996,0.42582,0.42294,0.42451,0.42580749999999995
7070.0,-0.492,0.43126,0.4271,0.42413,0.42568,0.42704250000000005
7071.0,0.11218,0.43288,0.42865,0.42561,0.42711,0.42856249999999996
7072.0,0.56632,0.43465,0.43028,0.42718,0.42863,0.43018500000000004
7073.0,0.47169,0.43632,0.43181,0.42867,0.43008,0.43172000000000005
7074.0,0.27872,0.43774,0.43311,0.42992,0.43131,0.43302
7075.0,0.37043,0.43882,0.43406,0.43085,0.43222,0.4339875
7076.0,0.41015,0.43952,0.43462,0.4314,0.43274,0.43457
7077.0,0.38419,0.43975,0.43473,0.4315,0.43282,0.4347
7078.0,0.4387,0.43948,0.43434,0.43112,0.43242,0.43434
7079.0,0.45572,0.43856,0.43334,0.43014,0.43144,0.43337000000000003
7080.0,0.38599,0.43697,0.43169,0.42853,0.42984,0.4317575
7081.0,0.3554,0.43468,0.42937,0.42628,0.42763,0.42949
7082.0,0.36674,0.43182,0.42651,0.42353,0.42492,0.426695
7083.0,0.3883,0.42863,0.42332,0.42048,0.42193,0.42359
7084.0,0.29198,0.42527,0.42,0.4173,0.41884,0.4203525
7085.0,0.15191,0.42201,0.41683,0.41423,0.4159,0.4172425
7086.0,0.43876,0.4191,0.41397,0.41148,0.41328,0.41445750000000003
7087.0,0.71515,0.41666,0.41154,0.40915,0.41107,0.41210500000000005
7088.0,0.5328,0.41479,0.40965,0.40735,0.40936,0.4102875
7089.0,0.40451,0.41343,0.40826,0.40603,0.40811,0.40895750000000003
7090.0,0.41758,0.41248,0.40733,0.4051,0.40726,0.4080425
7091.0,0.42658,0.412,0.40686,0.40462,0.40683,0.4075775
7092.0,0.39172,0.41189,0.40674,0.40449,0.4067,0.407455
7093.0,0.31836,0.41213,0.40698,0.40469,0.40691,0.4076775
7094.0,0.39867,0.4127,0.40754,0.4052,0.40741,0.40821250000000003
7095.0,0.50143,0.41345,0.40831,0.40592,0.40811,0.4089475
7096.0,0.32967,0.41439,0.40927,0.40686,0.40903,0.4098875
7097.0,0.36957,0.41538,0.41028,0.40785,0.41,0.4108775
7098.0,0.74104,0.41632,0.41126,0.40883,0.41098,0.41184750000000003
7099.0,0.87366,0.41715,0.41212,0.40972,0.41187,0.41271499999999994
7100.0,0.79741,0.41779,0.41281,0.41045,0.4126,0.4134125
7101.0,0.65353,0.41827,0.41331,0.41103,0.41318,0.4139475
7102.0,0.5462,0.41853,0.41362,0.41141,0.41356,0.41428
7103.0,0.47291,0.41857,0.41373,0.41158,0.41375,0.41440750000000004
7104.0,0.30369,0.41843,0.41367,0.41156,0.41375,0.4143525
7105.0,0.22838,0.41815,0.41344,0.41139,0.41358,0.41414
7106.0,0.39162,0.41778,0.41311,0.41111,0.41328,0.41381999999999997
7107.0,0.41912,0.41729,0.41267,0.4107,0.41287,0.41338250000000004
7108.0,0.33261,0.41673,0.4122,0.41024,0.41241,0.41289499999999996
7109.0,0.41526,0.41624,0.41178,0.40982,0.412,0.41246
7110.0,0.52336,0.41591,0.41151,0.40954,0.41171,0.4121675
7111.0,0.54682,0.41585,0.41148,0.40951,0.41166,0.41212499999999996
7112.0,0.43345,0.416,0.41168,0.40968,0.41183,0.4122975
7113.0,0.27448,0.41637,0.41209,0.41006,0.41221,0.41268249999999995
7114.0,0.24895,0.41689,0.41262,0.41058,0.41271,0.4132
7115.0,0.28747,0.41743,0.41315,0.41112,0.41322,0.41373
7116.0,0.35408,0.41786,0.41357,0.41154,0.41362,0.4141475
7117.0,0.445,0.41804,0.41376,0.41174,0.4138,0.414335
7118.0,0.5038,0.41795,0.41368,0.41168,0.41373,0.41425999999999996
7119.0,0.46241,0.41757,0.41328,0.41132,0.41338,0.4138875
7120.0,0.42978,0.41691,0.41262,0.41071,0.41279,0.4132575
7121.0,0.44735,0.41604,0.41172,0.40989,0.41198,0.4124075
7122.0,0.52174,0.41493,0.4106,0.40884,0.41099,0.41134000000000004
7123.0,0.56736,0.41363,0.40931,0.40763,0.40986,0.41010749999999996
7124.0,0.51065,0.41218,0.40784,0.40627,0.40857,0.40871500000000005
7125.0,0.4622,0.41067,0.40629,0.40485,0.40722,0.40725749999999994
7126.0,0.45862,0.40913,0.40473,0.40342,0.40586,0.40578500000000006
7127.0,0.51627,0.40763,0.40326,0.40203,0.40457,0.4043725
7128.0,0.54685,0.40636,0.40202,0.40085,0.40349,0.40318
7129.0,0.49796,0.40548,0.40114,0.40005,0.40274,0.4023525
7130.0,0.46069,0.40513,0.40077,0.39973,0.40245,0.40202
7131.0,0.50674,0.40531,0.40097,0.39993,0.40269,0.402225
7132.0,0.74387,0.40599,0.40166,0.4006,0.40338,0.40290750000000003
7133.0,1.16351,0.40707,0.40273,0.40164,0.40442,0.403965
7134.0,1.69392,0.40847,0.40407,0.40296,0.40571,0.4053025
7135.0,1.97169,0.40991,0.40544,0.40431,0.40701,0.40666749999999996
7136.0,1.97968,0.41118,0.4067,0.40553,0.40821,0.40790499999999996
7137.0,1.78109,0.41225,0.40773,0.40655,0.40919,0.40892999999999996
7138.0,1.40837,0.41303,0.40849,0.40731,0.4099,0.4096825
7139.0,0.93446,0.41355,0.40901,0.40784,0.41038,0.410195
7140.0,0.61245,0.41379,0.40929,0.40813,0.41064,0.41046249999999995
7141.0,0.47651,0.41379,0.40934,0.40819,0.41067,0.41049749999999996
7142.0,0.51898,0.41356,0.40915,0.40803,0.41048,0.410305
7143.0,0.51475,0.41316,0.40878,0.40771,0.41013,0.409945
7144.0,0.42939,0.41255,0.40822,0.4072,0.4096,0.4093925
7145.0,0.40742,0.41175,0.40754,0.40655,0.40896,0.4087
7146.0,0.43644,0.41104,0.40693,0.40598,0.40839,0.40808500000000003
7147.0,0.49074,0.41052,0.4065,0.4056,0.40799,0.40765250000000003
7148.0,0.54124,0.41034,0.40647,0.40559,0.40797,0.40759249999999997
7149.0,0.56656,0.41065,0.40693,0.40604,0.40841,0.40800749999999997
7150.0,0.53048,0.41142,0.40786,0.40694,0.40926,0.40887
7151.0,0.45103,0.41261,0.40922,0.40825,0.41051,0.4101475
7152.0,0.35225,0.41403,0.41079,0.40978,0.41196,0.41164
7153.0,0.30671,0.41549,0.41238,0.41133,0.41342,0.41315500000000005
7154.0,0.31714,0.41684,0.4138,0.41274,0.41471,0.4145225
7155.0,0.35385,0.41785,0.41487,0.4138,0.41569,0.4155525
7156.0,0.36745,0.41843,0.41551,0.41442,0.41627,0.41615749999999996
7157.0,0.33843,0.41853,0.41559,0.41448,0.41631,0.4162275
7158.0,0.33023,0.4182,0.41514,0.41403,0.41586,0.4158075
7159.0,0.33839,0.41753,0.41424,0.41315,0.41497,0.4149725
7160.0,0.33505,0.41649,0.41292,0.41176,0.41364,0.4137025
7161.0,0.33744,0.41519,0.41134,0.41007,0.41207,0.41216749999999996
7162.0,0.36351,0.41391,0.40968,0.40827,0.4104,0.41056500000000007
7163.0,0.45931,0.41286,0.40818,0.40664,0.40887,0.4091375
7164.0,0.49749,0.41225,0.40714,0.40546,0.40777,0.408155
7165.0,0.2922,0.41216,0.40666,0.40477,0.4072,0.40769750000000005
7166.0,0.19847,0.41259,0.4068,0.40471,0.40725,0.40783749999999996
7167.0,0.29983,0.41355,0.40751,0.40524,0.40785,0.4085375
7168.0,0.31418,0.41493,0.40864,0.40624,0.40886,0.4096675
7169.0,0.28679,0.41648,0.40997,0.40748,0.41007,0.411
7170.0,0.31487,0.4179,0.41123,0.40867,0.41123,0.4122575
7171.0,0.41274,0.41901,0.41225,0.40961,0.41217,0.41325999999999996
7172.0,0.53458,0.41969,0.41287,0.41019,0.41272,0.4138675
7173.0,0.49883,0.41989,0.41304,0.41034,0.41284,0.4140275
7174.0,0.39787,0.41968,0.4128,0.41011,0.41257,0.41379
7175.0,0.34847,0.41909,0.41218,0.40952,0.41193,0.41318
7176.0,0.39009,0.41817,0.41131,0.40864,0.41104,0.41229
7177.0,0.48757,0.41709,0.41031,0.40762,0.41003,0.4112625
7178.0,0.49686,0.41596,0.40926,0.40655,0.40897,0.410185
7179.0,0.44166,0.41499,0.40833,0.40561,0.40802,0.40923750000000003
7180.0,0.35781,0.41427,0.4076,0.40488,0.40725,0.4085
7181.0,0.30687,0.41369,0.40705,0.4043,0.40665,0.40792249999999997
7182.0,0.30293,0.41323,0.40664,0.40383,0.40619,0.4074725
7183.0,0.34032,0.41282,0.40623,0.40338,0.40574,0.40704250000000003
7184.0,0.4086,0.41234,0.40575,0.40289,0.40523,0.4065525
7185.0,0.48197,0.41174,0.40516,0.40232,0.40464,0.405965
7186.0,0.40652,0.41098,0.40442,0.40159,0.4039,0.4052225
7187.0,0.25226,0.41014,0.40363,0.40082,0.40314,0.40443250000000003
7188.0,0.26417,0.40942,0.40298,0.40019,0.40252,0.4037775
7189.0,0.34873,0.40889,0.40256,0.39976,0.40211,0.40332999999999997
7190.0,0.42608,0.40866,0.40245,0.39964,0.40202,0.4031925
7191.0,0.4187,0.40881,0.40266,0.39985,0.40222,0.403385
7192.0,0.3563,0.40925,0.4031,0.4003,0.40265,0.403825
7193.0,0.33268,0.40985,0.4037,0.40091,0.40326,0.40442999999999996
7194.0,0.32464,0.41049,0.40432,0.40152,0.40391,0.40506000000000003
7195.0,0.31541,0.41115,0.40489,0.40211,0.40453,0.40567000000000003
7196.0,0.29733,0.41179,0.40538,0.40265,0.40509,0.40622749999999996
7197.0,0.29714,0.41237,0.40582,0.40314,0.40561,0.406735
7198.0,0.36583,0.41287,0.40618,0.40354,0.40606,0.4071625
7199.0,0.42907,0.41324,0.40641,0.4038,0.40639,0.40746
7200.0,0.44469,0.41353,0.40654,0.40398,0.40659,0.40766
7201.0,0.4028,0.41368,0.40651,0.40401,0.40663,0.4077075
7202.0,0.35205,0.41358,0.40631,0.40384,0.40646,0.4075475
7203.0,0.37694,0.41319,0.40588,0.40342,0.40607,0.40714
7204.0,0.44071,0.41252,0.40521,0.40276,0.40543,0.40648
7205.0,0.51485,0.41175,0.40448,0.40203,0.40471,0.4057425
7206.0,0.54912,0.41104,0.40379,0.40137,0.40402,0.405055
7207.0,0.5243,0.4105,0.40333,0.40091,0.40355,0.4045725
7208.0,0.42432,0.41035,0.40328,0.40081,0.40345,0.4044725
7209.0,0.32723,0.41058,0.40358,0.40105,0.40369,0.404725
7210.0,0.27299,0.41121,0.4043,0.40168,0.40432,0.4053775
7211.0,0.28291,0.41218,0.40531,0.40263,0.40522,0.406335
7212.0,0.31956,0.41325,0.40639,0.40366,0.40619,0.4073725
7213.0,0.3238,0.41432,0.40749,0.4047,0.40719,0.408425
7214.0,0.2829,0.41534,0.4085,0.40567,0.4081,0.4094025
7215.0,0.23752,0.41624,0.40939,0.40651,0.4089,0.41026
7216.0,0.3921,0.41703,0.4102,0.40727,0.40963,0.4110325
7217.0,0.56722,0.41774,0.4109,0.40794,0.41028,0.411715
7218.0,0.49185,0.41833,0.41149,0.40851,0.41081,0.412285
7219.0,0.35302,0.41885,0.41201,0.40901,0.41128,0.4127875
7220.0,0.25216,0.41932,0.41247,0.40946,0.41171,0.41324
7221.0,0.29665,0.41977,0.41292,0.40989,0.41213,0.4136774999999999
7222.0,0.39975,0.4203,0.41343,0.41038,0.4126,0.41417750000000003
7223.0,0.43727,0.42096,0.41406,0.41097,0.41318,0.4147925
7224.0,0.5029,0.42177,0.41485,0.41171,0.41391,0.41556
7225.0,0.57936,0.42269,0.41574,0.41254,0.41473,0.41642500000000005
7226.0,0.44903,0.42368,0.41669,0.41343,0.4156,0.41735
7227.0,0.33492,0.42474,0.4177,0.41439,0.41652,0.41833750000000003
7228.0,0.52795,0.4258,0.41868,0.41533,0.41741,0.419305
7229.0,0.68287,0.42679,0.41963,0.41622,0.41828,0.42023
7230.0,0.6595,0.4277,0.42049,0.41703,0.41907,0.4210725
7231.0,0.41606,0.42848,0.42122,0.4177,0.41971,0.4217775
7232.0,0.21324,0.42909,0.42177,0.41821,0.42019,0.422315
7233.0,0.35376,0.42943,0.42208,0.41849,0.42043,0.4226075
7234.0,0.43932,0.4295,0.42214,0.4185,0.42041,0.4226375
7235.0,0.40102,0.42931,0.42192,0.41826,0.42014,0.4224075
7236.0,0.54075,0.42892,0.42153,0.41785,0.41971,0.4220025
7237.0,0.66421,0.42845,0.42107,0.41736,0.41921,0.4215225
7238.0,0.51325,0.42794,0.42055,0.41681,0.41866,0.42099
7239.0,0.33537,0.42749,0.4201,0.41633,0.41818,0.420525
7240.0,0.24459,0.42715,0.41974,0.41596,0.41779,0.42016
7241.0,0.3319,0.42684,0.41945,0.41563,0.41746,0.41984499999999997
7242.0,0.4481,0.42658,0.41923,0.41538,0.41721,0.41960000000000003
7243.0,0.40967,0.42643,0.41905,0.41521,0.41702,0.4194275
7244.0,0.36913,0.42633,0.41894,0.41511,0.4169,0.41932
7245.0,0.34335,0.42631,0.41894,0.41509,0.41688,0.419305
7246.0,0.17932,0.42632,0.41896,0.4151,0.41688,0.419315
7247.0,0.05724,0.42634,0.419,0.41511,0.4169,0.41933750000000003
7248.0,0.20575,0.42637,0.41905,0.41515,0.41691,0.41937
7249.0,0.40393,0.42638,0.41906,0.41515,0.41689,0.41937
7250.0,0.54196,0.42638,0.41907,0.41515,0.41687,0.41936750000000006
7251.0,0.51093,0.4264,0.41912,0.41519,0.4169,0.4194025
7252.0,0.42114,0.42652,0.41926,0.41531,0.41703,0.41953
7253.0,0.42492,0.42679,0.41954,0.41557,0.41729,0.4197975
7254.0,0.49605,0.42718,0.41993,0.41594,0.41764,0.4201725
7255.0,0.59043,0.42759,0.42034,0.41633,0.41801,0.42056750000000004
7256.0,0.56824,0.42791,0.42065,0.41662,0.41828,0.420865
7257.0,0.50945,0.42805,0.42078,0.41673,0.41836,0.42098
7258.0,0.53349,0.42795,0.42068,0.41661,0.41822,0.420865
7259.0,0.52437,0.42772,0.42049,0.4164,0.418,0.42065249999999993
7260.0,0.43901,0.42754,0.4203,0.41621,0.41778,0.4204575
7261.0,0.29243,0.42749,0.42027,0.41617,0.41774,0.4204175
7262.0,0.20007,0.42781,0.42067,0.41651,0.41809,0.42077000000000003
7263.0,0.31143,0.42849,0.42134,0.41715,0.41872,0.421425
7264.0,0.44338,0.42945,0.42229,0.41805,0.41962,0.4223525
7265.0,0.50858,0.43064,0.42344,0.41918,0.42071,0.4234925
7266.0,0.46098,0.43172,0.42448,0.42019,0.42169,0.42452
7267.0,0.40849,0.43255,0.42526,0.42097,0.42246,0.42531
7268.0,0.51336,0.43309,0.42574,0.42147,0.42294,0.42581
7269.0,0.63607,0.4333,0.4259,0.42166,0.42312,0.42599499999999996
7270.0,0.70482,0.43325,0.42583,0.42162,0.42309,0.4259475
7271.0,0.6767,0.43305,0.42562,0.42145,0.42293,0.42576250000000004
7272.0,0.62433,0.43281,0.42537,0.42122,0.42272,0.42552999999999996
7273.0,0.66608,0.43257,0.42513,0.42098,0.4225,0.425295
7274.0,0.60545,0.43232,0.42488,0.42074,0.42225,0.4250475
7275.0,0.38455,0.43196,0.42455,0.4204,0.4219,0.4247025
7276.0,0.20715,0.43141,0.42404,0.41988,0.42138,0.4241775
7277.0,0.16769,0.43062,0.42327,0.41912,0.4206,0.4234025
7278.0,0.37129,0.42952,0.42223,0.4181,0.41956,0.42235249999999996
7279.0,0.59119,0.42818,0.42098,0.41686,0.41833,0.42108750000000006
7280.0,0.69617,0.42671,0.41958,0.41548,0.41696,0.4196825
7281.0,0.62169,0.42525,0.41817,0.41409,0.41557,0.41827000000000003
7282.0,0.46738,0.42395,0.41693,0.41285,0.41434,0.4170175
7283.0,0.4414,0.42289,0.41589,0.41179,0.41329,0.415965
7284.0,0.43626,0.42206,0.41504,0.41092,0.41243,0.4151125
7285.0,0.39772,0.42142,0.41439,0.41023,0.41174,0.41444499999999995
7286.0,0.40319,0.4209,0.41384,0.40964,0.41117,0.4138875
7287.0,0.43544,0.42047,0.41334,0.40913,0.41065,0.4133975
7288.0,0.42745,0.42008,0.41292,0.40869,0.4102,0.41297249999999996
7289.0,0.40572,0.41985,0.41273,0.40846,0.40998,0.412755
7290.0,0.38978,0.41995,0.41283,0.40852,0.41004,0.41283499999999995
7291.0,0.38528,0.42053,0.41339,0.40902,0.41053,0.4133675
7292.0,0.37952,0.42179,0.41469,0.41019,0.41166,0.41458249999999996
7293.0,0.33988,0.42371,0.41661,0.41193,0.41334,0.41639750000000003
7294.0,0.37421,0.4262,0.41911,0.41418,0.41549,0.41874500000000003
7295.0,0.53694,0.42933,0.42222,0.41696,0.41807,0.421645
7296.0,0.57812,0.43266,0.42554,0.41989,0.42075,0.42471
7297.0,0.49421,0.43619,0.42919,0.42301,0.42358,0.42799250000000005
7298.0,0.4418,0.44002,0.43298,0.42625,0.42638,0.4314075
7299.0,0.40823,0.44353,0.43659,0.42925,0.42899,0.43459
7300.0,0.3745,0.44721,0.44054,0.43242,0.43174,0.4379775
7301.0,0.33501,0.4507,0.44396,0.43527,0.43409,0.441005
7302.0,0.30729,0.45368,0.44707,0.43777,0.43623,0.4436875
7303.0,0.35125,0.45665,0.45016,0.44026,0.43833,0.44635
7304.0,0.36652,0.45884,0.45226,0.44199,0.43977,0.448215
7305.0,0.26134,0.46055,0.45402,0.44338,0.44098,0.4497325
7306.0,0.25173,0.46202,0.45537,0.44451,0.4419,0.45094999999999996
7307.0,0.35325,0.46292,0.45624,0.44522,0.44252,0.451725
7308.0,0.36167,0.46366,0.45699,0.44583,0.44307,0.4523875
7309.0,0.32597,0.46432,0.4576,0.44638,0.44358,0.45297
7310.0,0.32876,0.46489,0.45816,0.44691,0.44408,0.45351
7311.0,0.36798,0.46547,0.45876,0.44748,0.44465,0.45409
7312.0,0.40473,0.46603,0.45932,0.44805,0.44523,0.4546575
7313.0,0.27257,0.46653,0.45982,0.44858,0.44576,0.4551725
7314.0,0.12026,0.46698,0.46028,0.44908,0.44628,0.455655
7315.0,0.18886,0.46743,0.4607,0.44955,0.44679,0.4561175
7316.0,0.33487,0.46785,0.46107,0.44998,0.44725,0.4565375
7317.0,0.48923,0.46827,0.46143,0.45039,0.44772,0.4569525
7318.0,0.64166,0.46873,0.46179,0.4508,0.4482,0.45738
7319.0,0.76188,0.46912,0.46204,0.45111,0.44856,0.45770750000000004
7320.0,0.7994,0.46941,0.46221,0.4513,0.44882,0.457935
7321.0,0.76445,0.46955,0.46221,0.45134,0.44891,0.4580025
7322.0,0.67547,0.46949,0.46202,0.45117,0.44879,0.45786750000000004
7323.0,0.61362,0.46929,0.4617,0.45089,0.44855,0.4576075
7324.0,0.54984,0.46905,0.46136,0.45058,0.4483,0.45732249999999997
7325.0,0.39173,0.46892,0.46115,0.45038,0.44813,0.45714499999999997
7326.0,0.37397,0.46895,0.46111,0.45035,0.44814,0.4571375
7327.0,0.61701,0.46929,0.46143,0.45064,0.44846,0.457455
7328.0,0.76271,0.46995,0.46204,0.45122,0.44902,0.4580575
7329.0,0.76782,0.47087,0.46297,0.45209,0.44988,0.45895250000000004
7330.0,0.73565,0.47209,0.4642,0.45324,0.451,0.46013250000000006
7331.0,0.71613,0.47352,0.46559,0.45458,0.4523,0.46149749999999995
7332.0,0.73523,0.47513,0.46717,0.45609,0.45378,0.4630425
7333.0,0.65212,0.4769,0.46886,0.45773,0.45539,0.46471999999999997
7334.0,0.46095,0.47869,0.47056,0.45937,0.45702,0.46641
7335.0,0.27555,0.48046,0.4722,0.46096,0.45861,0.4680575
7336.0,0.21558,0.48206,0.47365,0.46236,0.45999,0.469515
7337.0,0.38351,0.48328,0.47475,0.46342,0.46103,0.47062
7338.0,0.44296,0.48409,0.47547,0.46409,0.46166,0.47132749999999995
7339.0,0.33285,0.48433,0.47562,0.46424,0.46176,0.47148749999999995
7340.0,0.30565,0.48402,0.47531,0.4639,0.4614,0.4711575
7341.0,0.40045,0.4833,0.4746,0.4632,0.46067,0.4704425
7342.0,0.62209,0.48222,0.47355,0.46219,0.45964,0.4694
7343.0,0.64858,0.48105,0.47247,0.46112,0.45857,0.46830249999999995
7344.0,0.40954,0.47993,0.47141,0.46008,0.45753,0.46723750000000003
7345.0,0.32418,0.47894,0.47048,0.45915,0.45661,0.46629499999999996
7346.0,0.31919,0.47815,0.46973,0.45839,0.45584,0.46552750000000004
7347.0,0.15045,0.47743,0.46904,0.45769,0.45513,0.4648225
7348.0,0.14735,0.47673,0.46839,0.45701,0.45443,0.46414
7349.0,0.4423,0.47587,0.46756,0.45619,0.4536,0.463305
7350.0,0.55817,0.47481,0.46655,0.4552,0.45261,0.4622925
7351.0,0.42512,0.47355,0.46533,0.45404,0.45147,0.46109750000000005
7352.0,0.10744,0.47212,0.46394,0.45275,0.45023,0.45975999999999995
7353.0,0.12735,0.47068,0.46256,0.45148,0.44902,0.45843500000000004
7354.0,0.78161,0.46935,0.46129,0.45033,0.44795,0.45723
7355.0,0.94999,0.46833,0.46031,0.44944,0.44714,0.45630499999999996
7356.0,0.58306,0.46764,0.45963,0.44885,0.44663,0.4556875
7357.0,0.45835,0.46735,0.45937,0.44862,0.44646,0.45545
7358.0,0.58067,0.46746,0.45944,0.44871,0.44655,0.45554
7359.0,0.87412,0.46781,0.45978,0.44902,0.44687,0.45587
7360.0,0.96821,0.46849,0.46045,0.44961,0.44745,0.4565
7361.0,0.75701,0.46936,0.46126,0.45035,0.44815,0.45728
7362.0,0.34687,0.47046,0.46233,0.45131,0.44909,0.4582975
7363.0,0.0582,0.47187,0.46363,0.45253,0.45027,0.459575
7364.0,0.31843,0.47352,0.46517,0.45397,0.45169,0.4610875
7365.0,0.54625,0.47545,0.46697,0.45566,0.45335,0.4628575
7366.0,0.50708,0.47756,0.46891,0.4575,0.45517,0.464785
7367.0,0.44568,0.47976,0.47094,0.45943,0.45707,0.4668
7368.0,0.39377,0.48193,0.47293,0.46132,0.45893,0.4687775
7369.0,0.33749,0.48395,0.47479,0.46309,0.46066,0.4706225
7370.0,0.30698,0.48574,0.47642,0.46465,0.46218,0.47224750000000004
7371.0,0.32241,0.48723,0.47778,0.46595,0.46343,0.47359749999999995
7372.0,0.388,0.48842,0.47888,0.46699,0.46443,0.47468
7373.0,0.48496,0.48931,0.47971,0.46777,0.46517,0.47548999999999997
7374.0,0.56045,0.48992,0.48028,0.4683,0.46566,0.47603999999999996
7375.0,0.56535,0.49027,0.48061,0.46859,0.46592,0.47634750000000003
7376.0,0.46593,0.49034,0.48067,0.46864,0.46593,0.47639499999999996
7377.0,0.36968,0.49009,0.48044,0.46839,0.46565,0.4761425
7378.0,0.31624,0.48949,0.47988,0.46783,0.46505,0.4755625
7379.0,0.32776,0.48851,0.47894,0.4669,0.46409,0.47461
7380.0,0.38051,0.48714,0.47763,0.46562,0.46278,0.4732925
7381.0,0.43938,0.48545,0.47602,0.46404,0.46119,0.471675
7382.0,0.46696,0.48352,0.47415,0.46222,0.45938,0.4698175
7383.0,0.44739,0.48151,0.4722,0.46033,0.45752,0.46789
7384.0,0.38261,0.47958,0.47032,0.45851,0.45575,0.46604
7385.0,0.29168,0.47788,0.46866,0.45692,0.45423,0.46442249999999996
7386.0,0.21033,0.47656,0.46736,0.45568,0.45308,0.46316999999999997
7387.0,0.20688,0.47574,0.46652,0.45491,0.45239,0.46239
7388.0,0.30654,0.47543,0.46616,0.45463,0.4522,0.462105
7389.0,0.37797,0.47563,0.46631,0.45483,0.4525,0.46231750000000005
7390.0,0.39684,0.47629,0.46689,0.45545,0.4532,0.4629575
7391.0,0.37441,0.47726,0.46774,0.45636,0.45416,0.46387999999999996
7392.0,0.34996,0.47841,0.46879,0.45743,0.45528,0.46497750000000004
7393.0,0.35846,0.47957,0.46985,0.45852,0.45641,0.4660875
7394.0,0.4027,0.48063,0.47081,0.4595,0.45741,0.4670875
7395.0,0.45504,0.48148,0.47156,0.46028,0.45819,0.46787750000000006
7396.0,0.40738,0.48209,0.4721,0.46085,0.45878,0.468455
7397.0,0.22268,0.48253,0.47247,0.46124,0.45919,0.46885750000000004
7398.0,-0.11447,0.48281,0.47265,0.46146,0.45944,0.46909
7399.0,-0.01689,0.48307,0.47285,0.46167,0.45967,0.46931500000000004
7400.0,0.64246,0.48338,0.47306,0.46188,0.4599,0.469555
7401.0,1.05667,0.48369,0.47328,0.46209,0.46012,0.46979499999999996
7402.0,1.03908,0.48407,0.47357,0.46233,0.46034,0.47007750000000004
7403.0,0.47841,0.48434,0.47374,0.46245,0.46042,0.47023750000000003
7404.0,0.13665,0.48442,0.4738,0.46241,0.46035,0.470245
7405.0,0.43543,0.48428,0.47362,0.46215,0.46001,0.470015
7406.0,0.50173,0.48379,0.47312,0.46159,0.45939,0.46947249999999996
7407.0,0.37029,0.48305,0.47244,0.46083,0.45857,0.4687225
7408.0,0.76933,0.48209,0.47152,0.45987,0.45756,0.46776
7409.0,1.10765,0.48096,0.47046,0.4588,0.45647,0.46667249999999993
7410.0,0.75173,0.47982,0.46943,0.45775,0.4554,0.4656
7411.0,0.27233,0.4787,0.46839,0.45672,0.45437,0.464545
7412.0,-0.054,0.47765,0.46745,0.45581,0.45346,0.4635925
7413.0,0.07722,0.47678,0.46669,0.45506,0.45273,0.46281500000000003
7414.0,0.3975,0.47607,0.46606,0.45448,0.45217,0.46219499999999997
7415.0,0.41852,0.47555,0.46561,0.45408,0.4518,0.46176
7416.0,0.38629,0.47526,0.46536,0.45388,0.45163,0.4615325
7417.0,0.41909,0.47515,0.46525,0.45384,0.45162,0.461465
7418.0,0.36772,0.47522,0.46532,0.45395,0.45178,0.4615675
7419.0,0.25739,0.47553,0.46558,0.45424,0.45212,0.46186750000000004
7420.0,0.22301,0.47602,0.46599,0.4547,0.45261,0.46233
7421.0,0.27835,0.47677,0.46667,0.4554,0.45337,0.46305250000000003
7422.0,0.42156,0.47782,0.46764,0.45636,0.45437,0.46404749999999995
7423.0,0.54274,0.4791,0.46882,0.45754,0.45558,0.46526
7424.0,0.57977,0.48058,0.47022,0.45892,0.45696,0.46667000000000003
7425.0,0.42616,0.48214,0.47172,0.46038,0.45839,0.4681575
7426.0,0.24424,0.4836,0.47316,0.46176,0.45973,0.4695625
7427.0,0.2722,0.48485,0.4744,0.46295,0.46086,0.470765
7428.0,0.42449,0.48578,0.47538,0.46388,0.46171,0.47168750000000004
7429.0,0.61293,0.48641,0.47608,0.46453,0.46229,0.4723275
7430.0,0.55078,0.48677,0.47648,0.46491,0.46262,0.472695
7431.0,0.30493,0.4869,0.47665,0.46508,0.46277,0.47285
7432.0,0.13122,0.48692,0.47671,0.46514,0.46282,0.4728975
7433.0,0.12025,0.48682,0.47657,0.46505,0.46272,0.47279
7434.0,0.31009,0.48656,0.47627,0.46478,0.46248,0.4725225
7435.0,0.42555,0.48616,0.47585,0.46439,0.46211,0.47212750000000003
7436.0,0.4439,0.48555,0.47519,0.46377,0.4615,0.4715025
7437.0,0.5557,0.4847,0.47432,0.46294,0.4607,0.470665
7438.0,0.64705,0.48373,0.47336,0.46201,0.45978,0.46972
7439.0,0.55696,0.48267,0.47229,0.46098,0.45878,0.46868
7440.0,0.45631,0.48163,0.47125,0.45999,0.45782,0.46767249999999994
7441.0,0.41782,0.48073,0.47034,0.45913,0.45702,0.46680499999999997
7442.0,0.41567,0.48006,0.46963,0.45847,0.45642,0.466145
7443.0,0.42893,0.47968,0.46917,0.45808,0.45612,0.4657625
7444.0,0.42264,0.47962,0.46903,0.458,0.45613,0.46569499999999997
7445.0,0.41965,0.47991,0.46922,0.45827,0.45649,0.4659725
7446.0,0.4264,0.48054,0.46972,0.45884,0.45715,0.4665625
7447.0,0.32201,0.48145,0.47053,0.4597,0.45808,0.46744
7448.0,0.19991,0.4826,0.47159,0.46078,0.45921,0.468545
7449.0,0.49127,0.48385,0.47275,0.46195,0.46039,0.469735
7450.0,0.68443,0.4851,0.47397,0.46312,0.46155,0.470935
7451.0,0.11244,0.48622,0.47504,0.46415,0.46252,0.4719825
7452.0,-0.45929,0.48704,0.47587,0.4649,0.46321,0.47275500000000004
7453.0,-0.64285,0.48752,0.47639,0.46533,0.46354,0.47319500000000003
7454.0,-0.18753,0.48754,0.47644,0.46532,0.46344,0.473185
7455.0,0.52215,0.48712,0.47612,0.46492,0.46296,0.47278000000000003
7456.0,0.58196,0.48633,0.47541,0.46415,0.46211,0.47200000000000003
7457.0,0.39735,0.4852,0.47436,0.46308,0.46099,0.4709075
7458.0,0.29697,0.48398,0.47324,0.46192,0.4598,0.469735
7459.0,0.2806,0.48278,0.47207,0.46076,0.45864,0.4685625
7460.0,0.32677,0.48177,0.47111,0.45981,0.45774,0.4676075
7461.0,0.35892,0.4812,0.47055,0.45925,0.45722,0.467055
7462.0,0.38115,0.48105,0.47033,0.45907,0.45709,0.466885
7463.0,0.40916,0.48134,0.47059,0.45933,0.4574,0.467165
7464.0,0.47442,0.48202,0.47119,0.45991,0.45801,0.4677825
7465.0,0.58586,0.48282,0.47192,0.46063,0.45873,0.468525
7466.0,0.70465,0.48362,0.4727,0.46136,0.45943,0.4692775
7467.0,0.7393,0.48425,0.47332,0.46193,0.45995,0.4698625
7468.0,0.49445,0.48458,0.47368,0.46225,0.46021,0.47018
7469.0,0.27906,0.48464,0.47381,0.46234,0.46024,0.4702575
7470.0,0.34087,0.48447,0.47371,0.46222,0.46007,0.4701175
7471.0,0.45163,0.48417,0.47349,0.46199,0.45983,0.46986999999999995
7472.0,0.51902,0.4839,0.47328,0.46179,0.45962,0.46964749999999994
7473.0,0.46084,0.48371,0.47311,0.46164,0.45948,0.46948500000000004
7474.0,0.32208,0.48368,0.47308,0.46163,0.4595,0.4694725
7475.0,0.18747,0.48382,0.4732,0.46176,0.45965,0.46960749999999996
7476.0,0.18177,0.48407,0.47339,0.46196,0.45987,0.4698225
7477.0,0.3336,0.48438,0.47364,0.46222,0.46015,0.4700975
7478.0,0.34665,0.4847,0.4739,0.46248,0.46042,0.470375
7479.0,0.17949,0.48496,0.47409,0.46269,0.46065,0.4705975
7480.0,-0.11422,0.48514,0.47423,0.46285,0.46084,0.470765
7481.0,-0.29791,0.48526,0.4743,0.46297,0.46098,0.4708775
7482.0,-0.15033,0.48529,0.4743,0.46302,0.46107,0.47092
7483.0,0.10048,0.48524,0.47423,0.463,0.46108,0.4708875
7484.0,0.33825,0.48507,0.47403,0.46286,0.46097,0.4707325
7485.0,0.41105,0.48469,0.47362,0.46252,0.46065,0.47037
7486.0,0.3849,0.48408,0.47302,0.46195,0.46009,0.469785
7487.0,0.4187,0.4832,0.47216,0.46112,0.45925,0.4689325
7488.0,0.40251,0.48204,0.47101,0.46,0.45812,0.4677925
7489.0,0.27713,0.48071,0.46975,0.45873,0.45685,0.46651000000000004
7490.0,0.20987,0.47935,0.46844,0.45741,0.45552,0.46518
7491.0,0.2343,0.47808,0.46721,0.45618,0.4543,0.4639425
7492.0,0.31817,0.47715,0.46634,0.45528,0.45343,0.46304999999999996
7493.0,0.42257,0.4767,0.46588,0.4548,0.45297,0.46258750000000004
7494.0,0.50037,0.47676,0.46591,0.45482,0.45303,0.46263
7495.0,0.54088,0.47744,0.46658,0.45542,0.45367,0.4632775
7496.0,0.54619,0.47863,0.46766,0.45646,0.45472,0.46436750000000004
7497.0,0.56151,0.48011,0.46906,0.4578,0.45605,0.465755
7498.0,0.59581,0.48178,0.47067,0.45932,0.45754,0.4673275
7499.0,0.65108,0.48339,0.47217,0.46075,0.45891,0.46880499999999997
7500.0,0.58045,0.48469,0.4734,0.46191,0.46001,0.4700025
7501.0,0.28352,0.48563,0.47431,0.46274,0.46078,0.470865
7502.0,0.22844,0.48611,0.47474,0.46314,0.46111,0.471275
7503.0,0.48304,0.48611,0.4747,0.46309,0.46104,0.47123499999999996
7504.0,0.63431,0.48577,0.47436,0.46273,0.46067,0.4708825
7505.0,0.59797,0.48517,0.4737,0.46211,0.46005,0.47025750000000005
7506.0,0.31951,0.48441,0.4729,0.46137,0.45934,0.469505
7507.0,0.26711,0.48374,0.47223,0.4607,0.45874,0.46885249999999995
7508.0,0.68484,0.48325,0.47165,0.46019,0.45827,0.46834000000000003
7509.0,1.03379,0.48302,0.47137,0.45994,0.45809,0.468105
7510.0,1.11261,0.48322,0.47153,0.46009,0.45831,0.46828749999999997
7511.0,0.70294,0.48382,0.47202,0.4606,0.45887,0.46882750000000006
7512.0,0.22071,0.48476,0.47288,0.46145,0.45976,0.46971250000000003
7513.0,0.2159,0.48599,0.47402,0.46256,0.46088,0.4708625
7514.0,0.4037,0.48731,0.47523,0.46375,0.46207,0.47208999999999995
7515.0,0.61121,0.48857,0.47643,0.4649,0.4632,0.473275
7516.0,0.60104,0.48963,0.47742,0.46585,0.4641,0.47425
7517.0,0.4484,0.49031,0.47805,0.46646,0.46467,0.47487250000000003
7518.0,0.45128,0.4906,0.47833,0.46672,0.46488,0.47513249999999996
7519.0,0.44913,0.49049,0.47823,0.46661,0.46473,0.47501499999999997
7520.0,0.29313,0.49002,0.47779,0.46619,0.46428,0.47457000000000005
7521.0,0.2986,0.48935,0.47718,0.46559,0.46368,0.47395
7522.0,0.51091,0.4886,0.47649,0.46493,0.46302,0.47326
7523.0,0.57923,0.48787,0.4758,0.46429,0.4624,0.47259
7524.0,0.50821,0.48729,0.47525,0.46378,0.46193,0.4720625
7525.0,0.40024,0.4869,0.47488,0.46344,0.46162,0.47171
7526.0,0.34357,0.48671,0.47466,0.46326,0.46147,0.471525
7527.0,0.39107,0.48674,0.47467,0.46327,0.46152,0.47154999999999997
7528.0,0.43335,0.48699,0.47487,0.46346,0.46173,0.4717625
7529.0,0.45174,0.48742,0.47523,0.4638,0.46208,0.4721325
7530.0,0.49584,0.48804,0.47579,0.46431,0.4626,0.472685
7531.0,0.51457,0.48883,0.47651,0.46498,0.46326,0.473395
7532.0,0.42367,0.48971,0.47732,0.46573,0.46399,0.4741875
7533.0,0.32423,0.49062,0.47819,0.46653,0.46477,0.47502750000000005
7534.0,0.27999,0.49149,0.47902,0.46731,0.46551,0.4758325
7535.0,0.33526,0.49223,0.47974,0.46797,0.46612,0.476515
7536.0,0.45988,0.49279,0.48031,0.46847,0.46657,0.477035
7537.0,0.52934,0.49316,0.4807,0.4688,0.46685,0.4773775
7538.0,0.43733,0.49334,0.48091,0.46896,0.46694,0.47753750000000006
7539.0,0.08013,0.49335,0.48097,0.46896,0.46689,0.47754250000000004
7540.0,-0.05132,0.49325,0.48092,0.46885,0.46672,0.477435
7541.0,0.19777,0.49304,0.48076,0.46863,0.46646,0.4772225
7542.0,0.32756,0.49276,0.48052,0.46835,0.46613,0.47694
7543.0,0.2967,0.49241,0.48022,0.46799,0.46575,0.4765925
7544.0,0.23468,0.49199,0.47983,0.46758,0.46532,0.47618
7545.0,0.29558,0.49154,0.4794,0.46715,0.46488,0.47574249999999996
7546.0,0.61462,0.49104,0.47895,0.46668,0.46438,0.4752625
7547.0,0.95504,0.4905,0.47845,0.46619,0.46389,0.47475750000000005
7548.0,1.12837,0.48997,0.47799,0.46573,0.46342,0.47427749999999996
7549.0,0.61471,0.48942,0.47749,0.46521,0.46286,0.473745
7550.0,-0.09872,0.48883,0.47697,0.46466,0.4623,0.47319
7551.0,0.20037,0.48827,0.47649,0.46415,0.46176,0.4726675
7552.0,0.67159,0.48769,0.47596,0.46357,0.46111,0.47208249999999996
7553.0,0.61805,0.48708,0.4754,0.46297,0.46049,0.47148500000000004
7554.0,0.49585,0.48653,0.4749,0.46242,0.45993,0.470945
7555.0,0.44759,0.48604,0.47442,0.4619,0.45937,0.47043250000000003
7556.0,0.43155,0.48562,0.47403,0.46146,0.45892,0.4700075
7557.0,0.41883,0.48533,0.47375,0.46114,0.45859,0.4697025
7558.0,0.3663,0.48515,0.47358,0.46093,0.45836,0.46950500000000006
7559.0,0.38109,0.48506,0.47351,0.46082,0.45823,0.46940499999999996
7560.0,0.5121,0.48504,0.4735,0.46078,0.45817,0.46937249999999997
7561.0,0.43369,0.48502,0.4735,0.46075,0.45813,0.46935
7562.0,0.15228,0.48495,0.47344,0.46068,0.45805,0.46928000000000003
7563.0,0.06664,0.4848,0.47329,0.46053,0.45788,0.469125
7564.0,0.13314,0.4845,0.47298,0.46024,0.45759,0.4688275
7565.0,0.21378,0.48407,0.47255,0.45983,0.4572,0.4684125
7566.0,0.27597,0.48355,0.47203,0.45933,0.45672,0.4679075
7567.0,0.30389,0.48296,0.47142,0.45878,0.45618,0.467335
7568.0,0.32956,0.48241,0.47089,0.45826,0.45569,0.4668125
7569.0,0.36601,0.482,0.4705,0.45788,0.45533,0.4664275
7570.0,0.43026,0.48177,0.47028,0.45767,0.45512,0.46621
7571.0,0.45962,0.48175,0.47029,0.45766,0.45513,0.4662075
7572.0,0.36387,0.48197,0.47054,0.45788,0.45534,0.4664325
7573.0,0.31533,0.48234,0.47094,0.45826,0.4557,0.46681
7574.0,0.39115,0.4828,0.47143,0.45871,0.45613,0.4672675
7575.0,0.41473,0.4833,0.47193,0.45918,0.45658,0.4677475
7576.0,0.36458,0.48372,0.47234,0.45957,0.45694,0.4681425
7577.0,0.30359,0.48401,0.47263,0.45984,0.45718,0.46841499999999997
7578.0,0.26875,0.48415,0.47276,0.45994,0.45727,0.46853000000000006
7579.0,0.30155,0.48407,0.47264,0.45981,0.45711,0.4684075
7580.0,0.33792,0.48372,0.47228,0.45943,0.45672,0.4680375
7581.0,0.34485,0.48311,0.47165,0.4588,0.45608,0.46741
7582.0,0.32539,0.48216,0.47068,0.45787,0.45515,0.46646499999999996
7583.0,0.29597,0.48088,0.46939,0.45665,0.45396,0.46521999999999997
7584.0,0.30409,0.47929,0.46781,0.45519,0.45255,0.46371
7585.0,0.35084,0.47747,0.46601,0.45355,0.45099,0.462005
7586.0,0.43176,0.47548,0.46405,0.4518,0.44936,0.4601725
7587.0,0.48595,0.47344,0.46204,0.45006,0.44776,0.45832500000000004
7588.0,0.48565,0.47151,0.46016,0.44844,0.44631,0.456605
7589.0,0.44714,0.46976,0.45846,0.44702,0.44507,0.4550775
7590.0,0.4082,0.4683,0.45704,0.44587,0.44407,0.45382
7591.0,0.46824,0.46719,0.45596,0.44502,0.44337,0.452885
7592.0,0.53439,0.46643,0.45522,0.44445,0.44294,0.45226
7593.0,0.49083,0.46599,0.45479,0.44415,0.44272,0.4519125
7594.0,0.42317,0.46579,0.45459,0.44403,0.44266,0.4517675
7595.0,0.37607,0.46577,0.45456,0.44403,0.4427,0.45176499999999997
7596.0,0.37742,0.46587,0.45466,0.44412,0.44279,0.45186000000000004
7597.0,0.4025,0.46595,0.45469,0.44415,0.44281,0.45189999999999997
7598.0,0.36628,0.46595,0.45468,0.44411,0.44275,0.45187249999999995
7599.0,0.28829,0.46587,0.45462,0.444,0.44264,0.4517825
7600.0,0.20233,0.46564,0.45435,0.44372,0.44232,0.4515075
7601.0,0.25643,0.46522,0.45394,0.44329,0.44186,0.45107749999999996
7602.0,0.46671,0.46468,0.45341,0.44274,0.4413,0.4505325
7603.0,0.45412,0.46407,0.45282,0.44214,0.44068,0.4499275
7604.0,0.25878,0.46341,0.45219,0.44149,0.44003,0.44927999999999996
7605.0,0.20188,0.46278,0.45158,0.44089,0.43943,0.44867
7606.0,0.22792,0.46229,0.45114,0.44045,0.439,0.44822
7607.0,0.2481,0.46196,0.45082,0.44014,0.4387,0.447905
7608.0,0.24396,0.4618,0.45068,0.44,0.43858,0.44776499999999997
7609.0,0.2136,0.46191,0.45081,0.44011,0.4387,0.44788249999999996
7610.0,0.20649,0.46222,0.45108,0.44037,0.43894,0.44815249999999995
7611.0,0.24473,0.46258,0.45142,0.44065,0.43921,0.448465
7612.0,0.36357,0.46306,0.45189,0.44102,0.43955,0.44888000000000006
7613.0,0.47065,0.4635,0.45227,0.4413,0.43978,0.4492125
7614.0,0.45295,0.46373,0.45242,0.44135,0.43976,0.44931499999999996
7615.0,0.36817,0.46384,0.45251,0.44132,0.43967,0.449335
7616.0,0.26587,0.46382,0.45242,0.44112,0.4394,0.44919
7617.0,0.30642,0.46369,0.45221,0.44083,0.43904,0.4489425
7618.0,0.45026,0.46359,0.45211,0.44061,0.43882,0.4487825
7619.0,0.47899,0.4636,0.45206,0.4405,0.43868,0.44871
7620.0,0.38362,0.46374,0.45218,0.44058,0.43876,0.448815
7621.0,0.17937,0.46402,0.45245,0.44084,0.43904,0.4490875
7622.0,0.17917,0.46438,0.45277,0.4412,0.4394,0.4494375
7623.0,0.47438,0.46471,0.4531,0.44159,0.43985,0.4498125
7624.0,0.48772,0.46494,0.45331,0.44192,0.44022,0.45009750000000004
7625.0,0.26229,0.46492,0.45326,0.44201,0.44038,0.4501425
7626.0,0.34501,0.46456,0.45289,0.44181,0.44028,0.449885
7627.0,0.51063,0.46399,0.45229,0.4414,0.43997,0.4494125
7628.0,0.39626,0.46313,0.45136,0.4407,0.43936,0.44863749999999997
7629.0,0.23408,0.46203,0.45022,0.43976,0.43854,0.44763749999999997
7630.0,0.16611,0.46097,0.44917,0.43886,0.43777,0.4466925
7631.0,0.29447,0.45999,0.44813,0.438,0.43699,0.4457775
7632.0,0.53117,0.45904,0.44715,0.43715,0.43623,0.4448925
7633.0,0.48191,0.4583,0.44646,0.43653,0.4357,0.44424749999999996
7634.0,0.28906,0.4578,0.44594,0.43609,0.43531,0.443785
7635.0,0.22122,0.45732,0.44546,0.43567,0.43491,0.44333999999999996
7636.0,0.30513,0.45696,0.44516,0.43539,0.43465,0.44304
7637.0,0.52894,0.45671,0.44493,0.43518,0.43443,0.44281249999999994
7638.0,0.61037,0.45638,0.44465,0.43488,0.43413,0.44250999999999996
7639.0,0.50449,0.45617,0.44456,0.43475,0.43399,0.4423675
7640.0,0.33255,0.45608,0.4445,0.43469,0.43389,0.44228999999999996
7641.0,0.17763,0.45591,0.44435,0.43453,0.43365,0.44211
7642.0,0.1604,0.45585,0.44443,0.43452,0.43364,0.44211
7643.0,0.23222,0.45595,0.44459,0.43462,0.43373,0.4422225
7644.0,0.3541,0.45597,0.4446,0.43463,0.43367,0.4422175
7645.0,0.48106,0.4559,0.4446,0.4346,0.43362,0.44218
7646.0,0.576,0.45583,0.44455,0.43455,0.43358,0.4421275
7647.0,0.53386,0.45566,0.44435,0.43439,0.43339,0.4419475
7648.0,0.42927,0.45521,0.44391,0.43398,0.43302,0.44153
7649.0,0.43379,0.45458,0.44328,0.4334,0.43248,0.44093499999999997
7650.0,0.49431,0.45387,0.44253,0.43274,0.43183,0.4402425
7651.0,0.56001,0.45282,0.44139,0.43173,0.43085,0.43919749999999996
7652.0,0.56696,0.4514,0.43998,0.4304,0.42959,0.4378425
7653.0,0.5085,0.44991,0.43855,0.42904,0.42832,0.436455
7654.0,0.4702,0.4481,0.43667,0.42733,0.42664,0.434685
7655.0,0.44729,0.44583,0.43436,0.4252,0.42455,0.432485
7656.0,0.39963,0.44335,0.43197,0.42294,0.42239,0.4301625
7657.0,0.37644,0.44057,0.42915,0.42034,0.41988,0.427485
7658.0,0.42062,0.43732,0.4259,0.41732,0.41698,0.42438
7659.0,0.37251,0.43372,0.42237,0.41404,0.41387,0.421
7660.0,0.1913,0.42985,0.41845,0.41046,0.41044,0.4173
7661.0,0.04976,0.42574,0.4143,0.40666,0.40682,0.41338
7662.0,0.00085,0.4215,0.4101,0.4028,0.40323,0.4094075
7663.0,0.10417,0.41751,0.40614,0.39916,0.39985,0.405665
7664.0,0.2346,0.41416,0.40285,0.39614,0.39706,0.4025525
7665.0,0.23946,0.41162,0.40032,0.39387,0.39497,0.400195
7666.0,0.2384,0.41025,0.399,0.3927,0.39394,0.3989725
7667.0,0.2873,0.41027,0.3992,0.39288,0.39426,0.3991525
7668.0,0.34183,0.41161,0.40057,0.39421,0.39561,0.40049999999999997
7669.0,0.40177,0.41398,0.40305,0.39653,0.39793,0.40287249999999997
7670.0,0.50018,0.41716,0.4063,0.39958,0.40093,0.4059925
7671.0,0.60878,0.42079,0.40988,0.40298,0.40416,0.4094525
7672.0,0.68013,0.42431,0.41337,0.40628,0.40732,0.41281999999999996
7673.0,0.68152,0.42754,0.41654,0.40927,0.41017,0.41587999999999997
7674.0,0.59723,0.43035,0.4193,0.41185,0.41261,0.4185275
7675.0,0.4812,0.43259,0.42146,0.41386,0.4145,0.4206025
7676.0,0.39135,0.4343,0.4231,0.41537,0.41589,0.422165
7677.0,0.5098,0.43555,0.42432,0.41647,0.41691,0.4233125
7678.0,0.69478,0.43646,0.42518,0.41724,0.41758,0.424115
7679.0,0.63516,0.43707,0.42577,0.41773,0.41801,0.424645
7680.0,0.55869,0.43747,0.42617,0.41804,0.41827,0.42498749999999996
7681.0,0.64573,0.43774,0.42643,0.41824,0.41841,0.425205
7682.0,0.70217,0.43786,0.42658,0.41833,0.41847,0.4253100000000001
7683.0,0.65278,0.43794,0.42667,0.41838,0.41848,0.42536749999999995
7684.0,0.47069,0.43796,0.42671,0.41839,0.41845,0.4253775
7685.0,0.28856,0.43788,0.42664,0.4183,0.41834,0.42529
7686.0,0.44412,0.43776,0.42656,0.41819,0.41821,0.42518
7687.0,0.61679,0.43757,0.42639,0.41801,0.41802,0.42499750000000003
7688.0,0.45099,0.43724,0.42606,0.4177,0.41769,0.4246725
7689.0,0.30815,0.43676,0.42561,0.41726,0.41725,0.42422000000000004
7690.0,0.33546,0.43612,0.42497,0.41666,0.41666,0.4236025
7691.0,0.348,0.43524,0.42409,0.41586,0.41587,0.422765
7692.0,0.32563,0.43406,0.42291,0.41479,0.41485,0.4216525
7693.0,0.33054,0.43256,0.42141,0.41344,0.41355,0.42023999999999995
7694.0,0.38194,0.43066,0.41951,0.41173,0.41194,0.41846
7695.0,0.49968,0.42841,0.41727,0.40971,0.41003,0.41635500000000003
7696.0,0.56475,0.42588,0.41478,0.40744,0.40791,0.4140025
7697.0,0.50181,0.42323,0.41214,0.40505,0.40565,0.4115175
7698.0,0.31012,0.42072,0.40969,0.40281,0.40356,0.409195
7699.0,0.06169,0.41866,0.40767,0.40096,0.40183,0.40728
7700.0,0.0767,0.41733,0.40639,0.39976,0.40071,0.4060475
7701.0,0.30294,0.41682,0.40596,0.39933,0.40035,0.405615
7702.0,0.55782,0.41729,0.40649,0.39976,0.4008,0.406085
7703.0,0.72166,0.41858,0.40784,0.40093,0.40194,0.4073225
7704.0,0.69698,0.42043,0.40966,0.40256,0.40347,0.40903
7705.0,0.5486,0.42256,0.41176,0.40442,0.4052,0.410985
7706.0,0.33939,0.42464,0.41379,0.40621,0.40685,0.4128725
7707.0,0.30627,0.42643,0.4155,0.40771,0.4082,0.41445999999999994
7708.0,0.39759,0.42777,0.41678,0.40879,0.40913,0.4156175
7709.0,0.35235,0.42861,0.41758,0.40942,0.40964,0.4163125
7710.0,0.2505,0.42908,0.418,0.4097,0.40981,0.4166475
7711.0,0.21389,0.42926,0.41813,0.40972,0.40976,0.41671749999999996
7712.0,0.23618,0.42926,0.41812,0.40961,0.4096,0.4166475
7713.0,0.3092,0.42934,0.4182,0.40959,0.40956,0.4166725
7714.0,0.38887,0.42955,0.41838,0.4097,0.40964,0.4168175
7715.0,0.45459,0.42988,0.41868,0.40994,0.40985,0.4170875
7716.0,0.46931,0.43044,0.41924,0.41042,0.41032,0.417605
7717.0,0.43521,0.43114,0.41992,0.41103,0.4109,0.41824750000000005
7718.0,0.36367,0.43184,0.42058,0.41164,0.41146,0.41888
7719.0,0.36267,0.43246,0.42124,0.41221,0.41202,0.41948250000000004
7720.0,0.50699,0.43299,0.42175,0.41268,0.41243,0.4199625
7721.0,0.57531,0.43332,0.42207,0.41296,0.41265,0.42024999999999996
7722.0,0.49625,0.4334,0.42219,0.41301,0.41266,0.42031500000000005
7723.0,0.33478,0.43339,0.42221,0.41298,0.41258,0.42029
7724.0,0.1577,0.43333,0.42221,0.41291,0.41247,0.42023
7725.0,0.1154,0.43327,0.42218,0.41281,0.41229,0.42013750000000005
7726.0,0.1415,0.4333,0.42231,0.41283,0.41227,0.4201775
7727.0,0.14373,0.43352,0.4226,0.41302,0.4124,0.420385
7728.0,0.14012,0.43392,0.42306,0.41336,0.41267,0.4207525
7729.0,0.0,0.43442,0.42361,0.41381,0.41306,0.421225
7730.0,0.0,0.43506,0.42428,0.41439,0.41359,0.42183000000000004
7731.0,0.0,0.43576,0.42499,0.41503,0.41419,0.4224925
7732.0,0.0,0.43644,0.42566,0.41566,0.41478,0.423135
7733.0,0.0,0.43709,0.42629,0.41625,0.41535,0.42374500000000004
7734.0,0.0,0.43764,0.4268,0.41674,0.41583,0.4242525
7735.0,0.0,0.43804,0.42716,0.41708,0.41614,0.424605
7736.0,0.0,0.43821,0.42731,0.4172,0.41623,0.4247375
7737.0,0.0,0.43811,0.42719,0.41705,0.41604,0.42459749999999996
7738.0,0.0,0.43768,0.42676,0.41657,0.41552,0.4241325
7739.0,0.0,0.43684,0.42594,0.41573,0.41462,0.4232825
7740.0,0.0,0.43557,0.42472,0.4145,0.41335,0.42203499999999994
7741.0,0.0,0.4339,0.42312,0.41293,0.41174,0.42042250000000003
7742.0,0.0,0.43183,0.42117,0.41104,0.40984,0.41847
7743.0,0.0,0.4295,0.41896,0.40893,0.40777,0.41629
7744.0,0.0,0.42702,0.41664,0.40675,0.40565,0.414015
7745.0,0.0,0.42458,0.41432,0.40463,0.40362,0.4117875
7746.0,0.0,0.42238,0.41225,0.40276,0.40187,0.409815
7747.0,0.0,0.4206,0.41055,0.40128,0.40054,0.40824250000000006
7748.0,0.0,0.41937,0.40938,0.40032,0.39973,0.4072
7749.0,0.0,0.41877,0.4088,0.39991,0.39948,0.40674
7750.0,0.0,0.41884,0.40884,0.40009,0.39979,0.40689
7751.0,0.0,0.41944,0.40938,0.40072,0.40052,0.407515
7752.0,0.0,0.42046,0.41031,0.40168,0.40155,0.40850000000000003
7753.0,0.0,0.42174,0.41149,0.40286,0.40275,0.40970999999999996
7754.0,0.0,0.42312,0.41275,0.40408,0.40396,0.4109775
7755.0,0.0,0.42442,0.41395,0.40521,0.40507,0.41216250000000004
7756.0,0.0,0.42557,0.41503,0.40621,0.40602,0.4132075
7757.0,0.0,0.42654,0.41591,0.40703,0.40679,0.4140675
7758.0,0.0,0.42729,0.41659,0.40765,0.40738,0.4147275
7759.0,0.0,0.42785,0.41709,0.40812,0.40783,0.41522250000000005
7760.0,0.0,0.42826,0.41745,0.40845,0.40815,0.4155775
7761.0,0.0,0.42854,0.41767,0.40868,0.40838,0.41581749999999995
7762.0,0.0,0.42871,0.41779,0.40881,0.40852,0.41595750000000004
7763.0,0.0,0.42882,0.41785,0.40887,0.4086,0.41603500000000004
7764.0,0.0,0.42889,0.41786,0.40888,0.40861,0.41606
7765.0,0.0,0.42893,0.41784,0.40886,0.40858,0.4160525
7766.0,0.0,0.42895,0.4178,0.40879,0.4085,0.41601
7767.0,0.0,0.42901,0.41782,0.40873,0.40842,0.415995
7768.0,0.0,0.4291,0.41786,0.4087,0.40834,0.416
7769.0,0.0,0.4292,0.41792,0.40866,0.40825,0.41600750000000003
7770.0,0.0,0.42931,0.41799,0.40863,0.40817,0.416025
7771.0,0.0,0.42944,0.41811,0.40863,0.40811,0.4160725
7772.0,0.0,0.42953,0.4182,0.40863,0.40803,0.4160975
7773.0,0.0,0.42953,0.41821,0.40856,0.4079,0.41605
7774.0,0.0,0.42944,0.41817,0.40845,0.40774,0.41595
7775.0,0.0,0.42924,0.41802,0.40826,0.40752,0.41576
7776.0,0.0,0.4289,0.41776,0.40799,0.40722,0.4154675
7777.0,0.0,0.42845,0.41738,0.40762,0.40685,0.41507499999999997
7778.0,0.0,0.42794,0.41692,0.40721,0.40645,0.41463
7779.0,0.0,0.42737,0.41641,0.40676,0.40603,0.41414249999999997
7780.0,0.0,0.42679,0.41589,0.40632,0.40563,0.4136575
7781.0,0.0,0.42623,0.41537,0.40588,0.40525,0.4131825
7782.0,0.0,0.42568,0.41483,0.40544,0.40486,0.4127025
7783.0,0.0,0.42514,0.4143,0.40501,0.4045,0.41223750000000003
7784.0,0.0,0.42467,0.41383,0.40462,0.40417,0.4118225
7785.0,0.0,0.42427,0.4134,0.40428,0.40388,0.4114575
7786.0,0.0,0.42394,0.41303,0.40399,0.40364,0.41115
7787.0,0.0,0.42375,0.41282,0.40383,0.40353,0.41098250000000003
7788.0,0.0,0.42376,0.41279,0.40383,0.40357,0.4109875
7789.0,0.0,0.42396,0.41297,0.40401,0.40377,0.4111775
7790.0,0.0,0.42431,0.41327,0.4043,0.40406,0.411485
7791.0,0.0,0.42476,0.41369,0.40468,0.40444,0.4118925
7792.0,0.0,0.42524,0.41415,0.40509,0.40483,0.4123275
7793.0,0.0,0.42569,0.41458,0.40547,0.40516,0.412725
7794.0,0.0,0.42604,0.41491,0.40574,0.40539,0.41302
7795.0,0.0,0.42629,0.41516,0.40594,0.40554,0.4132325
7796.0,0.0,0.4265,0.41539,0.40611,0.40568,0.41342
7797.0,0.0,0.42672,0.41562,0.40629,0.40582,0.4136125
7798.0,0.0,0.42701,0.41592,0.40654,0.40605,0.41388
7799.0,0.0,0.42744,0.41635,0.40691,0.4064,0.41427500000000006
7800.0,0.0,0.42802,0.41691,0.4074,0.40688,0.41480249999999996
7801.0,0.0,0.42873,0.41759,0.408,0.40744,0.41544
7802.0,0.0,0.42951,0.41834,0.40866,0.40805,0.41614
7803.0,0.0,0.43029,0.41908,0.40931,0.40865,0.4168325
7804.0,0.0,0.431,0.41977,0.40989,0.40918,0.41746000000000005
7805.0,0.0,0.43163,0.42037,0.41042,0.40965,0.41801750000000004
7806.0,0.0,0.43216,0.42089,0.41087,0.41007,0.41849749999999997
7807.0,0.0,0.43264,0.42135,0.41129,0.41045,0.4189325
7808.0,0.0,0.43313,0.42183,0.41173,0.41089,0.41939499999999996
7809.0,0.0,0.4337,0.42237,0.41225,0.41142,0.41993500000000006
7810.0,0.0,0.43439,0.42302,0.4129,0.41208,0.4205975
7811.0,0.0,0.43521,0.42378,0.41365,0.41285,0.4213725
7812.0,0.0,0.43613,0.42463,0.41449,0.41371,0.42224
7813.0,0.0,0.43711,0.42554,0.41538,0.4146,0.4231575
7814.0,0.0,0.43806,0.42641,0.41623,0.41544,0.424035
7815.0,0.0,0.43889,0.42718,0.41697,0.41617,0.42480249999999997
7816.0,0.0,0.43954,0.42778,0.41755,0.41673,0.4254
7817.0,0.0,0.43998,0.42818,0.41794,0.41709,0.4257975
7818.0,0.0,0.44017,0.42836,0.41811,0.41724,0.42597
7819.0,0.0,0.44016,0.42833,0.41809,0.41721,0.42594750000000003
7820.0,0.0,0.43994,0.42812,0.41788,0.417,0.42573500000000003
7821.0,0.0,0.43955,0.42773,0.41751,0.41662,0.4253525
7822.0,0.0,0.43897,0.42717,0.41697,0.41607,0.424795
7823.0,0.0,0.43823,0.42643,0.41624,0.41535,0.4240625
7824.0,0.0,0.43727,0.4255,0.41533,0.41442,0.42313
7825.0,0.0,0.43608,0.42433,0.41419,0.41328,0.42196999999999996
7826.0,0.0,0.43464,0.42293,0.41283,0.41192,0.42058
7827.0,0.0,0.43298,0.42133,0.41127,0.41038,0.41899
7828.0,0.0,0.43116,0.41957,0.40959,0.40873,0.41726250000000004
7829.0,0.0,0.42927,0.41776,0.40787,0.40705,0.4154875
7830.0,0.0,0.42746,0.41602,0.40624,0.40548,0.4138
7831.0,0.0,0.42588,0.41454,0.40486,0.4042,0.41237
7832.0,0.0,0.42469,0.41343,0.40385,0.40327,0.41131
7833.0,0.0,0.42398,0.41276,0.40328,0.40278,0.41070000000000007
7834.0,0.0,0.42379,0.41258,0.40317,0.40276,0.410575
7835.0,0.0,0.42416,0.41295,0.40359,0.40324,0.410985
7836.0,0.0,0.42502,0.41377,0.40442,0.40412,0.4118325
7837.0,0.0,0.42624,0.41493,0.40556,0.40527,0.413
7838.0,0.0,0.42766,0.41628,0.40686,0.40657,0.41434249999999995
7839.0,0.0,0.42917,0.41769,0.40822,0.4079,0.415745
7840.0,0.0,0.43065,0.4191,0.40954,0.40919,0.41712
7841.0,0.0,0.432,0.42037,0.41073,0.41031,0.4183525
7842.0,0.0,0.4331,0.42141,0.41169,0.41121,0.4193525
7843.0,0.0,0.43393,0.42221,0.41242,0.41188,0.42011
7844.0,0.0,0.43452,0.4228,0.41292,0.41232,0.42064
7845.0,0.0,0.43486,0.42314,0.41321,0.41254,0.4209375000000001
7846.0,0.0,0.43499,0.42329,0.41329,0.41257,0.42103499999999994
7847.0,0.0,0.43495,0.42328,0.41323,0.41245,0.4209775
7848.0,0.0,0.43483,0.42321,0.4131,0.41229,0.4208575
7849.0,0.0,0.43472,0.42314,0.41299,0.41214,0.4207475
7850.0,0.0,0.43471,0.42314,0.41295,0.41208,0.42072
7851.0,0.0,0.43481,0.42324,0.41302,0.41214,0.42080249999999997
7852.0,0.0,0.43509,0.42348,0.41323,0.41236,0.42104
7853.0,0.0,0.43553,0.42388,0.4136,0.41274,0.4214375
7854.0,0.0,0.43616,0.42442,0.41411,0.41326,0.4219875
7855.0,0.0,0.43685,0.425,0.41468,0.41384,0.4225925
7856.0,0.0,0.43755,0.42558,0.41525,0.41442,0.42319999999999997
7857.0,0.0,0.43822,0.42615,0.4158,0.41499,0.42379
7858.0,0.0,0.43881,0.42663,0.41626,0.41545,0.42428750000000004
7859.0,0.0,0.43923,0.42695,0.41658,0.41577,0.42463249999999997
7860.0,0.0,0.43948,0.42714,0.41675,0.41594,0.42482749999999997
7861.0,0.0,0.43962,0.42721,0.41681,0.416,0.42491
7862.0,0.0,0.4396,0.42715,0.41675,0.41592,0.424855
7863.0,0.0,0.43944,0.42698,0.41657,0.41572,0.42467749999999993
7864.0,0.0,0.43918,0.42674,0.4163,0.41544,0.42441500000000004
7865.0,0.0,0.43882,0.42641,0.41595,0.41506,0.42406
7866.0,0.0,0.43836,0.42601,0.41553,0.41461,0.4236275
7867.0,0.0,0.43781,0.42553,0.41503,0.41408,0.4231125
7868.0,0.0,0.43721,0.42502,0.41449,0.4135,0.422555
7869.0,0.0,0.43658,0.42447,0.41393,0.41291,0.4219725000000001
7870.0,0.0,0.43597,0.42396,0.4134,0.41235,0.42142
7871.0,0.0,0.43543,0.42351,0.41292,0.41185,0.4209275
7872.0,0.0,0.43499,0.42314,0.41253,0.41144,0.42052500000000004
7873.0,0.0,0.4347,0.42289,0.41225,0.41115,0.4202475
7874.0,0.0,0.43457,0.42279,0.41211,0.41099,0.420115
7875.0,0.0,0.43458,0.4228,0.41208,0.41094,0.42010000000000003
7876.0,0.0,0.43467,0.42288,0.41213,0.41097,0.42016250000000005
7877.0,0.0,0.43485,0.42305,0.41225,0.41108,0.42030750000000006
7878.0,0.0,0.43512,0.42328,0.41243,0.41125,0.42052
7879.0,0.0,0.4354,0.42351,0.41263,0.41144,0.42074500000000004
7880.0,0.0,0.43568,0.42376,0.41286,0.41167,0.4209925
7881.0,0.0,0.43604,0.42407,0.41314,0.41196,0.4213025
7882.0,0.0,0.43643,0.42439,0.41345,0.41228,0.4216375
7883.0,0.0,0.43681,0.42471,0.41376,0.4126,0.42197
7884.0,0.0,0.43719,0.42505,0.41408,0.41292,0.42231
7885.0,0.0,0.43757,0.42537,0.41437,0.4132,0.4226275
7886.0,0.0,0.43784,0.4256,0.41455,0.41335,0.42283499999999996
7887.0,0.0,0.43796,0.4257,0.41459,0.41333,0.422895
7888.0,0.0,0.43787,0.42563,0.41445,0.41312,0.42276749999999996
7889.0,0.0,0.43755,0.42534,0.41408,0.41268,0.42241249999999997
7890.0,0.0,0.43699,0.42485,0.41352,0.41203,0.42184750000000004
7891.0,0.0,0.43622,0.42418,0.41278,0.41122,0.4211
7892.0,0.0,0.43532,0.42339,0.41194,0.41032,0.42024249999999996
7893.0,0.0,0.43436,0.42252,0.41106,0.40942,0.41934000000000005
7894.0,0.0,0.43346,0.42172,0.41028,0.40863,0.4185225
7895.0,0.0,0.43272,0.42105,0.40964,0.40801,0.417855
7896.0,0.0,0.43217,0.42054,0.40918,0.40758,0.41736750000000006
7897.0,0.0,0.4318,0.42018,0.40889,0.40735,0.41705499999999995
7898.0,0.0,0.43163,0.41999,0.40876,0.40728,0.41691500000000004
7899.0,0.0,0.43157,0.4199,0.40874,0.40732,0.41688249999999993
7900.0,0.0,0.43154,0.41982,0.40874,0.40736,0.416865
7901.0,0.0,0.43145,0.41968,0.40867,0.40734,0.41678499999999996
7902.0,0.0,0.43122,0.41942,0.40847,0.40717,0.41657000000000005
7903.0,0.0,0.43078,0.41896,0.40808,0.40679,0.4161525
7904.0,0.0,0.43009,0.41828,0.40746,0.4062,0.41550750000000003
7905.0,0.0,0.42916,0.41739,0.40664,0.40538,0.4146425
7906.0,0.0,0.42797,0.41627,0.40557,0.40431,0.41353
7907.0,0.0,0.42657,0.41494,0.40431,0.40306,0.41222
7908.0,0.0,0.42505,0.41352,0.40296,0.40173,0.410815
7909.0,0.0,0.42356,0.41214,0.40164,0.40043,0.40944250000000004
7910.0,0.0,0.42216,0.41083,0.40037,0.39917,0.40813249999999995
7911.0,0.0,0.42089,0.40965,0.39922,0.39803,0.4069475
7912.0,0.0,0.41989,0.40872,0.3983,0.39714,0.40601250000000005
7913.0,0.0,0.41925,0.40814,0.39771,0.39655,0.4054125
7914.0,0.0,0.41896,0.40785,0.39738,0.39622,0.40510250000000003
7915.0,0.0,0.41894,0.4078,0.39728,0.39612,0.40503500000000003
7916.0,0.0,0.41917,0.408,0.39742,0.39626,0.40521250000000003
7917.0,0.0,0.41967,0.40844,0.39779,0.39662,0.40563
7918.0,0.0,0.42036,0.40905,0.39834,0.39717,0.40623
7919.0,0.0,0.42115,0.40974,0.39898,0.39778,0.4069125
7920.0,0.0,0.42197,0.41047,0.39965,0.39845,0.407635
7921.0,0.0,0.42282,0.41124,0.40034,0.39913,0.4083825
7922.0,0.0,0.42365,0.41197,0.40101,0.39976,0.4090975
7923.0,0.0,0.42437,0.41261,0.40157,0.40027,0.409705
7924.0,0.0,0.425,0.41317,0.40203,0.40068,0.41022
7925.0,0.0,0.42554,0.41365,0.40239,0.40098,0.41064
7926.0,0.0,0.42595,0.41398,0.40261,0.40113,0.4109175
7927.0,0.0,0.42621,0.41418,0.4027,0.40116,0.4110625
7928.0,0.0,0.42638,0.41431,0.40271,0.40112,0.41112999999999994
7929.0,0.0,0.42649,0.41439,0.40268,0.40104,0.41115
7930.0,0.0,0.42652,0.41437,0.40257,0.40087,0.4110825
7931.0,0.0,0.42643,0.41424,0.40238,0.40063,0.41092
7932.0,0.0,0.42624,0.41407,0.40213,0.40036,0.4107
7933.0,0.0,0.426,0.41383,0.40186,0.40006,0.4104375
7934.0,0.0,0.42564,0.41349,0.4015,0.39967,0.410075
7935.0,0.0,0.4251,0.41298,0.40098,0.39914,0.40954999999999997
7936.0,0.0,0.42442,0.41236,0.40038,0.39854,0.408925
7937.0,0.0,0.42364,0.41164,0.39971,0.39789,0.40822
7938.0,0.0,0.42278,0.41085,0.39899,0.39716,0.407445
7939.0,0.0,0.42183,0.40996,0.39818,0.39638,0.4065875
7940.0,0.0,0.42086,0.40906,0.39737,0.39561,0.405725
7941.0,0.0,0.41996,0.40823,0.39663,0.39493,0.4049375
7942.0,0.0,0.41922,0.40753,0.39603,0.39439,0.4042925
7943.0,0.0,0.4187,0.40701,0.39561,0.39405,0.4038425
7944.0,0.0,0.41847,0.40677,0.39546,0.39398,0.40367
7945.0,0.0,0.41863,0.40689,0.39566,0.39427,0.4038625
7946.0,0.0,0.41921,0.40742,0.39622,0.3949,0.4044375
7947.0,0.0,0.42021,0.40831,0.39712,0.39585,0.40537249999999997
7948.0,0.0,0.42153,0.40954,0.3983,0.39705,0.406605
7949.0,0.0,0.42313,0.41104,0.39971,0.39844,0.40808
7950.0,0.0,0.42489,0.4127,0.40123,0.3999,0.40968
7951.0,0.0,0.42665,0.41438,0.40273,0.40129,0.4112625
7952.0,0.0,0.42826,0.41593,0.40408,0.40251,0.412695
7953.0,0.0,0.42964,0.41727,0.40521,0.40352,0.41391
7954.0,0.0,0.43073,0.41835,0.40611,0.40427,0.41486500000000004
7955.0,0.0,0.4315,0.41912,0.40673,0.40478,0.41553249999999997
7956.0,0.0,0.43198,0.4196,0.4071,0.40505,0.41593250000000004
7957.0,0.0,0.43222,0.41985,0.40727,0.40517,0.4161275
7958.0,0.0,0.43227,0.41989,0.4073,0.40518,0.41616
7959.0,0.0,0.43224,0.41984,0.40726,0.40515,0.41612249999999995
7960.0,0.0,0.4322,0.41977,0.40724,0.40516,0.4160925
7961.0,0.0,0.43226,0.41978,0.4073,0.40526,0.41614999999999996
7962.0,0.0,0.43244,0.41987,0.40744,0.40547,0.416305
7963.0,0.0,0.43276,0.42011,0.40772,0.4058,0.4165975
7964.0,0.0,0.43326,0.42053,0.40816,0.40628,0.4170575
7965.0,0.0,0.43392,0.4211,0.40872,0.40687,0.4176525
7966.0,0.0,0.43468,0.42178,0.40937,0.40752,0.41833750000000003
7967.0,0.0,0.43548,0.4225,0.41005,0.4082,0.41905749999999997
7968.0,0.0,0.43626,0.42322,0.41072,0.40885,0.4197625
7969.0,0.0,0.43698,0.42389,0.41133,0.40943,0.4204075
7970.0,0.0,0.43759,0.42447,0.41186,0.40993,0.4209625
7971.0,0.0,0.43804,0.42489,0.41224,0.41027,0.42135999999999996
7972.0,0.0,0.43829,0.42513,0.41245,0.41045,0.42158
7973.0,0.0,0.43833,0.42517,0.41248,0.41046,0.42161
7974.0,0.0,0.43819,0.42505,0.41237,0.41034,0.42148749999999996
7975.0,0.0,0.4379,0.42478,0.41211,0.41008,0.42121749999999997
7976.0,0.0,0.43747,0.42436,0.41173,0.40971,0.4208175
7977.0,0.0,0.43697,0.42389,0.4113,0.4093,0.420365
7978.0,0.0,0.4365,0.42344,0.4109,0.40892,0.41994
7979.0,0.0,0.43612,0.42307,0.41057,0.40861,0.4195925
7980.0,0.0,0.43579,0.42274,0.41027,0.40834,0.419285
7981.0,0.0,0.43555,0.42251,0.41006,0.40815,0.41906750000000004
7982.0,0.0,0.43538,0.42235,0.40991,0.40801,0.4189125
7983.0,0.0,0.43528,0.42226,0.40982,0.40793,0.4188225
7984.0,0.0,0.43517,0.42215,0.40972,0.40782,0.41871500000000006
7985.0,0.0,0.43508,0.42209,0.40964,0.40773,0.418635
7986.0,0.0,0.43499,0.42202,0.40955,0.40764,0.41855000000000003
7987.0,0.0,0.43491,0.42195,0.40947,0.40754,0.4184675
7988.0,0.0,0.43479,0.42184,0.40935,0.4074,0.41834499999999997
7989.0,0.0,0.43462,0.42167,0.40916,0.40719,0.41816
7990.0,0.0,0.43431,0.42137,0.40884,0.40684,0.41784
7991.0,0.0,0.43382,0.42089,0.40835,0.40634,0.41734999999999994
7992.0,0.0,0.43316,0.42024,0.40771,0.40569,0.41669999999999996
7993.0,0.0,0.43234,0.41943,0.40692,0.4049,0.41589750000000003
7994.0,0.0,0.43142,0.41851,0.40604,0.40405,0.415005
7995.0,0.0,0.4305,0.4176,0.40517,0.40322,0.41412250000000006
7996.0,0.0,0.42972,0.4168,0.40442,0.40251,0.41336249999999997
7997.0,0.0,0.42914,0.41619,0.40386,0.40199,0.412795
7998.0,0.0,0.42886,0.41587,0.40357,0.40177,0.4125175
7999.0,0.0,0.42897,0.41593,0.40364,0.4019,0.41261
8000.0,0.0,0.42945,0.41635,0.40404,0.40233,0.41304250000000003
8001.0,0.0,0.43023,0.41704,0.40471,0.40301,0.41374750000000005
8002.0,0.0,0.43121,0.41795,0.40557,0.40388,0.4146525
8003.0,0.0,0.43235,0.41902,0.40658,0.4049,0.4157125
8004.0,0.0,0.43357,0.42018,0.40767,0.40596,0.416845
8005.0,0.0,0.43477,0.4213,0.40873,0.40697,0.4179425
8006.0,0.0,0.43586,0.42231,0.40969,0.4079,0.41894000000000003
8007.0,0.0,0.43684,0.42323,0.41057,0.40877,0.4198525
8008.0,0.0,0.43776,0.4241,0.4114,0.40959,0.42071250000000004
8009.0,0.0,0.43864,0.4249,0.41218,0.41035,0.4215175
8010.0,0.0,0.43944,0.42563,0.41289,0.41105,0.42225250000000003
8011.0,0.0,0.44019,0.42631,0.41356,0.41174,0.42295
8012.0,0.0,0.44092,0.42698,0.41422,0.41241,0.42363249999999997
8013.0,0.0,0.44163,0.42763,0.41486,0.41304,0.42429000000000006
8014.0,0.0,0.44224,0.42816,0.41538,0.41355,0.42483250000000006
8015.0,0.0,0.44265,0.42853,0.41573,0.41389,0.4252
8016.0,0.0,0.44285,0.42872,0.4159,0.41405,0.42538
8017.0,0.0,0.44279,0.42868,0.41585,0.41396,0.42532000000000003
8018.0,0.0,0.44241,0.42833,0.4155,0.41356,0.42495
8019.0,0.0,0.44161,0.4276,0.41478,0.41281,0.4242
8020.0,0.0,0.44046,0.42657,0.41378,0.41177,0.423145
8021.0,0.0,0.439,0.42526,0.41251,0.41049,0.421815
8022.0,0.0,0.43738,0.4238,0.41111,0.40908,0.42034249999999995
8023.0,0.0,0.43568,0.42226,0.40964,0.40764,0.41880500000000004
8024.0,0.0,0.43419,0.42091,0.40838,0.40641,0.41747249999999997
8025.0,0.0,0.43306,0.41987,0.40741,0.40551,0.4164625
8026.0,0.0,0.43251,0.41938,0.40697,0.40514,0.41600000000000004
8027.0,0.0,0.43263,0.41948,0.40709,0.40535,0.41613750000000005
8028.0,0.0,0.43352,0.42028,0.40787,0.40618,0.4169625
8029.0,0.0,0.435,0.42157,0.40912,0.40747,0.41829
8030.0,0.0,0.43694,0.42329,0.41076,0.40916,0.4200375
8031.0,0.0,0.43915,0.42526,0.41262,0.41103,0.422015
8032.0,0.0,0.44143,0.42729,0.41454,0.41293,0.42404749999999997
8033.0,0.0,0.44353,0.42912,0.41627,0.41463,0.4258875
8034.0,0.0,0.44528,0.43065,0.4177,0.41603,0.427415
8035.0,0.0,0.44659,0.4318,0.41877,0.41706,0.42855499999999996
8036.0,0.0,0.44741,0.43251,0.41942,0.41766,0.42924999999999996
8037.0,0.0,0.44771,0.43274,0.41962,0.4178,0.42946749999999995
8038.0,0.0,0.44746,0.43249,0.41936,0.4175,0.4292025
8039.0,0.0,0.44675,0.43183,0.4187,0.41681,0.42852250000000003
8040.0,0.0,0.44565,0.43082,0.41771,0.41578,0.42749
8041.0,0.0,0.44426,0.42953,0.41646,0.41452,0.42619250000000003
8042.0,0.0,0.44268,0.42808,0.41506,0.4131,0.42473
8043.0,0.0,0.44108,0.42661,0.41365,0.41171,0.42326250000000004
8044.0,0.0,0.43965,0.4253,0.41239,0.41048,0.42195499999999997
8045.0,0.0,0.43854,0.42427,0.41141,0.40955,0.4209425
8046.0,0.0,0.43785,0.42363,0.41081,0.40901,0.42032499999999995
8047.0,0.0,0.43766,0.42347,0.41068,0.40893,0.420185
8048.0,0.0,0.43799,0.42379,0.411,0.40929,0.4205175
8049.0,0.0,0.43877,0.42455,0.41173,0.41005,0.421275
8050.0,0.0,0.43991,0.42563,0.41279,0.41112,0.4223625
8051.0,0.0,0.44128,0.42694,0.41405,0.41238,0.4236625
8052.0,0.0,0.44272,0.4283,0.41536,0.41367,0.4250125
8053.0,0.0,0.44411,0.42962,0.41662,0.41491,0.426315
8054.0,0.0,0.44536,0.4308,0.41776,0.41603,0.4274875
8055.0,0.0,0.44642,0.43179,0.41872,0.41694,0.4284675
8056.0,0.0,0.44722,0.43253,0.41942,0.4176,0.42919250000000003
8057.0,0.0,0.44774,0.433,0.41985,0.418,0.4296475
8058.0,0.0,0.44797,0.43321,0.42005,0.41816,0.42984749999999994
8059.0,0.0,0.44794,0.43321,0.42001,0.41808,0.42980999999999997
8060.0,0.0,0.44766,0.43295,0.41973,0.41774,0.42952
8061.0,0.0,0.44708,0.43243,0.4192,0.41717,0.42897
8062.0,0.0,0.44625,0.43168,0.41845,0.41638,0.42819
8063.0,0.0,0.44517,0.43073,0.4175,0.4154,0.4272
8064.0,0.0,0.44392,0.4296,0.41639,0.41424,0.42603749999999996
8065.0,0.0,0.44249,0.42831,0.41512,0.41295,0.42471749999999997
8066.0,0.0,0.44099,0.42696,0.4138,0.41161,0.42334
8067.0,0.0,0.43951,0.42563,0.41249,0.41029,0.42198
8068.0,0.0,0.43817,0.42443,0.4113,0.40909,0.4207475
8069.0,0.0,0.43705,0.42341,0.41029,0.40808,0.4197075
8070.0,0.0,0.43623,0.42269,0.40954,0.40734,0.41895000000000004
8071.0,0.0,0.43577,0.42227,0.4091,0.4069,0.41851
8072.0,0.0,0.43567,0.42217,0.40895,0.40674,0.4183825
8073.0,0.0,0.43584,0.42232,0.40904,0.40681,0.4185025
8074.0,0.0,0.43622,0.42265,0.40931,0.40707,0.41881250000000003
8075.0,0.0,0.43672,0.42313,0.4097,0.40744,0.4192475
8076.0,0.0,0.43731,0.42367,0.41016,0.40785,0.4197475
8077.0,0.0,0.43784,0.42416,0.41056,0.40819,0.4201875
8078.0,0.0,0.43826,0.42453,0.41086,0.40843,0.42052
8079.0,0.0,0.43853,0.42479,0.41103,0.40856,0.42072750000000003
8080.0,0.0,0.43872,0.42499,0.41114,0.40863,0.42087
8081.0,0.0,0.43884,0.42512,0.41119,0.40863,0.420945
8082.0,0.0,0.43891,0.42517,0.41118,0.40856,0.42095499999999997
8083.0,0.0,0.43885,0.42509,0.41105,0.40838,0.4208425
8084.0,0.0,0.43867,0.42495,0.41085,0.40815,0.420655
8085.0,0.0,0.4384,0.42474,0.41059,0.40786,0.4203975
8086.0,0.0,0.43802,0.42442,0.41023,0.40743,0.42002500000000004
8087.0,0.0,0.43737,0.42385,0.40964,0.40678,0.41940999999999995
8088.0,0.0,0.4365,0.4231,0.40888,0.40598,0.41861499999999996
8089.0,0.0,0.43548,0.42225,0.40803,0.4051,0.417715
8090.0,0.0,0.43447,0.4214,0.40717,0.40421,0.4168125
8091.0,0.0,0.43346,0.42048,0.40628,0.4033,0.41587999999999997
8092.0,0.0,0.43255,0.41969,0.40553,0.40257,0.41508500000000004
8093.0,0.0,0.43194,0.41915,0.40504,0.40214,0.4145675
8094.0,0.0,0.43175,0.41898,0.40491,0.40205,0.4144225
8095.0,0.0,0.43193,0.41906,0.40506,0.40223,0.41457
8096.0,0.0,0.43236,0.4194,0.40545,0.4027,0.41497750000000005
8097.0,0.0,0.43312,0.42005,0.40614,0.40347,0.415695
8098.0,0.0,0.43414,0.42096,0.40708,0.40448,0.41666499999999995
8099.0,0.0,0.43532,0.42199,0.40814,0.40558,0.4177575
8100.0,0.0,0.43651,0.42302,0.40921,0.40666,0.41885
8101.0,0.0,0.43765,0.42404,0.41024,0.40771,0.41991
8102.0,0.0,0.43869,0.42497,0.41118,0.40865,0.42087250000000004
8103.0,0.0,0.43955,0.42576,0.41196,0.40943,0.421675
8104.0,0.0,0.44023,0.42636,0.41257,0.41004,0.4223
8105.0,0.0,0.4407,0.42678,0.413,0.41046,0.422735
8106.0,0.0,0.44097,0.42698,0.41323,0.41067,0.4229625
8107.0,0.0,0.441,0.42697,0.41326,0.41069,0.42298
8108.0,0.0,0.44082,0.42676,0.4131,0.41056,0.42281
8109.0,0.0,0.44045,0.42639,0.41279,0.41027,0.42247500000000004
8110.0,0.0,0.43991,0.42584,0.41233,0.40984,0.42198
8111.0,0.0,0.43919,0.42513,0.41174,0.40929,0.4213375
8112.0,0.0,0.4384,0.42435,0.4111,0.4087,0.4206375
8113.0,0.0,0.43758,0.42358,0.41045,0.40811,0.41992999999999997
8114.0,0.0,0.43691,0.42294,0.40992,0.40764,0.4193525
8115.0,0.0,0.43644,0.42248,0.40955,0.40733,0.41895
8116.0,0.0,0.43631,0.42236,0.40949,0.40732,0.41886999999999996
8117.0,0.0,0.43658,0.42259,0.40973,0.40759,0.41912249999999995
8118.0,0.0,0.43728,0.42322,0.41031,0.40815,0.41974
8119.0,0.0,0.43826,0.42409,0.41109,0.4089,0.420585
8120.0,0.0,0.43944,0.42517,0.41205,0.40982,0.42162000000000005
8121.0,0.0,0.44072,0.42635,0.41309,0.41079,0.4227375
8122.0,0.0,0.44198,0.42751,0.41409,0.41169,0.42381749999999996
8123.0,0.0,0.44303,0.42844,0.41488,0.41237,0.42468000000000006
8124.0,0.0,0.44374,0.42909,0.41541,0.41279,0.4252575
8125.0,0.0,0.44412,0.42944,0.41565,0.41295,0.42554
8126.0,0.0,0.44418,0.42952,0.41564,0.41287,0.42555250000000006
8127.0,0.0,0.44399,0.42933,0.4154,0.41254,0.425315
8128.0,0.0,0.44352,0.42887,0.41491,0.41199,0.42482250000000005
8129.0,0.0,0.44287,0.42825,0.41429,0.41131,0.42418
8130.0,0.0,0.44213,0.42758,0.41361,0.41062,0.423485
8131.0,0.0,0.44148,0.42699,0.41301,0.41003,0.4228775
8132.0,0.0,0.44096,0.4265,0.41254,0.40954,0.422385
8133.0,0.0,0.44059,0.42614,0.4122,0.40918,0.4220275
8134.0,0.0,0.44034,0.42589,0.41196,0.40894,0.4217825
8135.0,0.0,0.44024,0.4258,0.41187,0.40884,0.4216875
8136.0,0.0,0.44024,0.4258,0.41186,0.40883,0.4216825
8137.0,0.0,0.44027,0.4258,0.41185,0.40879,0.4216775
8138.0,0.0,0.44019,0.4257,0.41176,0.40865,0.421575
8139.0,0.0,0.43996,0.42548,0.41152,0.4084,0.42133999999999994
8140.0,0.0,0.43957,0.42513,0.41117,0.40803,0.420975
8141.0,0.0,0.43909,0.42469,0.41075,0.40759,0.42052999999999996
8142.0,0.0,0.43854,0.42416,0.41024,0.40707,0.4200025
8143.0,0.0,0.43791,0.42355,0.40967,0.40647,0.4194
8144.0,0.0,0.43727,0.42294,0.40908,0.40589,0.4187949999999999
8145.0,0.0,0.43674,0.42244,0.40859,0.4054,0.4182925
8146.0,0.0,0.43634,0.42202,0.40818,0.40499,0.4178825
8147.0,0.0,0.43601,0.42165,0.40782,0.40462,0.41752500000000003
8148.0,0.0,0.43574,0.42136,0.40754,0.40434,0.417245
8149.0,0.0,0.43559,0.4212,0.40737,0.4042,0.41708999999999996
8150.0,0.0,0.43558,0.42115,0.40732,0.40415,0.41705000000000003
8151.0,0.0,0.43561,0.4211,0.4073,0.40411,0.41702999999999996
8152.0,0.0,0.43553,0.42095,0.4072,0.40401,0.4169225
8153.0,0.0,0.43533,0.42072,0.407,0.40384,0.4167225
8154.0,0.0,0.43495,0.42033,0.40666,0.4035,0.41636
8155.0,0.0,0.43433,0.41971,0.40609,0.40294,0.4157675
8156.0,0.0,0.43336,0.41874,0.40521,0.40203,0.41483500000000006
8157.0,0.0,0.43201,0.41747,0.40401,0.40082,0.4135775
8158.0,0.0,0.43043,0.41598,0.4026,0.39938,0.4120975
8159.0,0.0,0.42866,0.41435,0.40103,0.39782,0.410465
8160.0,0.0,0.42695,0.4128,0.39954,0.39636,0.4089125
8161.0,0.0,0.42553,0.41156,0.39833,0.39519,0.4076525
8162.0,0.0,0.42466,0.41081,0.39764,0.39451,0.40690499999999996
8163.0,0.0,0.42438,0.41057,0.39743,0.39431,0.4066725
8164.0,0.0,0.42467,0.41087,0.39776,0.39468,0.40699499999999994
8165.0,0.0,0.42553,0.41171,0.3986,0.39556,0.40785000000000005
8166.0,0.0,0.42689,0.413,0.39986,0.39686,0.4091525
8167.0,0.0,0.42853,0.41448,0.40133,0.39833,0.4106675
8168.0,0.0,0.4302,0.41596,0.4028,0.39981,0.4121925
8169.0,0.0,0.4317,0.4173,0.40413,0.40116,0.4135725
8170.0,0.0,0.43299,0.41844,0.40524,0.40227,0.41473499999999996
8171.0,0.0,0.43394,0.41919,0.406,0.40301,0.415535
8172.0,0.0,0.43435,0.41943,0.40626,0.40324,0.41582
8173.0,0.0,0.43415,0.4191,0.40598,0.40296,0.4155475
8174.0,0.0,0.43332,0.41824,0.40519,0.40218,0.4147325
8175.0,0.0,0.43193,0.41681,0.4039,0.40092,0.41339
8176.0,0.0,0.42993,0.41479,0.40211,0.3992,0.41150749999999997
8177.0,0.0,0.4274,0.41229,0.39993,0.39717,0.4091975
8178.0,0.0,0.42457,0.40952,0.39754,0.395,0.4066575
8179.0,0.0,0.42171,0.40668,0.39515,0.39286,0.40409999999999996
8180.0,0.0,0.41892,0.40382,0.39279,0.39077,0.401575
8181.0,0.0,0.41626,0.40106,0.39055,0.38884,0.3991775
8182.0,0.0,0.41398,0.39873,0.38865,0.38729,0.3971625
8183.0,0.0,0.41234,0.39701,0.38729,0.38626,0.395725
8184.0,0.0,0.41142,0.39595,0.3865,0.38571,0.394895
8185.0,0.0,0.41106,0.39541,0.38617,0.3855,0.39453499999999997
8186.0,0.0,0.41106,0.39529,0.38613,0.38557,0.39451249999999993
8187.0,0.0,0.41139,0.39554,0.38641,0.3859,0.39481
8188.0,0.0,0.41181,0.39587,0.38674,0.38622,0.39516
8189.0,0.0,0.412,0.39599,0.38685,0.38631,0.3952875
8190.0,0.0,0.41175,0.39566,0.38655,0.38597,0.39498249999999996
8191.0,0.0,0.41096,0.39486,0.38579,0.38521,0.394205
8192.0,0.0,0.40974,0.39358,0.38463,0.38407,0.39300500000000005
8193.0,0.0,0.40813,0.39199,0.38316,0.38269,0.39149249999999997
8194.0,0.0,0.40659,0.39051,0.38181,0.38146,0.39009250000000006
8195.0,0.0,0.40546,0.38946,0.38084,0.38059,0.3890875
8196.0,0.0,0.40503,0.38908,0.38053,0.38032,0.38874
8197.0,0.0,0.40537,0.38947,0.38092,0.38072,0.38911999999999997
8198.0,0.0,0.40652,0.39076,0.38214,0.38195,0.3903425
8199.0,0.0,0.40863,0.39301,0.38421,0.38397,0.392455
8200.0,0.0,0.41148,0.39597,0.38694,0.38658,0.3952425
8201.0,0.0,0.41479,0.3993,0.39002,0.38947,0.398395
8202.0,0.0,0.4182,0.40271,0.39316,0.39241,0.40162
8203.0,0.0,0.4215,0.40604,0.39619,0.39524,0.4047425
8204.0,0.0,0.42459,0.40909,0.39895,0.3978,0.40760749999999996
8205.0,0.0,0.42727,0.41168,0.40128,0.39993,0.41003999999999996
8206.0,0.0,0.42941,0.4137,0.40309,0.40156,0.41194
8207.0,0.0,0.43099,0.41519,0.4044,0.40273,0.41332749999999996
8208.0,0.0,0.43213,0.41627,0.40532,0.40356,0.41431999999999997
8209.0,0.0,0.43292,0.41695,0.4059,0.40404,0.4149525
8210.0,0.0,0.43335,0.41727,0.40617,0.40423,0.41525499999999993
8211.0,0.0,0.43347,0.41732,0.40618,0.40421,0.41529499999999997
8212.0,0.0,0.43342,0.41726,0.40607,0.40411,0.415215
8213.0,0.0,0.43335,0.41714,0.40593,0.40391,0.41508249999999997
8214.0,0.0,0.43315,0.41689,0.40565,0.40359,0.41481999999999997
8215.0,0.0,0.4328,0.4165,0.40524,0.40311,0.4144125
8216.0,0.0,0.43228,0.41597,0.40465,0.40247,0.4138425
8217.0,0.0,0.43161,0.4153,0.40391,0.40166,0.41312000000000004
8218.0,0.0,0.4307,0.41439,0.4029,0.40056,0.4121375
8219.0,0.0,0.42956,0.41328,0.40167,0.39923,0.410935
8220.0,0.0,0.42823,0.41198,0.40022,0.39765,0.40952
8221.0,0.0,0.42663,0.41046,0.39854,0.39583,0.40786500000000003
8222.0,0.0,0.42479,0.40869,0.39663,0.39374,0.4059625
8223.0,0.0,0.42265,0.40674,0.39452,0.39146,0.4038425
8224.0,0.0,0.42037,0.40469,0.39232,0.38911,0.4016225
8225.0,0.0,0.41801,0.4026,0.39013,0.38677,0.3993775
8226.0,0.0,0.41571,0.40061,0.38809,0.38463,0.39726
8227.0,0.0,0.41365,0.3989,0.3864,0.38291,0.39546499999999996
8228.0,0.0,0.41216,0.39774,0.38532,0.38185,0.3942675
8229.0,0.0,0.41143,0.39725,0.38498,0.38157,0.3938075
8230.0,0.0,0.41155,0.39753,0.38544,0.38213,0.3941625
8231.0,0.0,0.41255,0.39857,0.3867,0.38353,0.39533749999999995
8232.0,0.0,0.41438,0.40036,0.38869,0.3857,0.3972825
8233.0,0.0,0.41694,0.40276,0.39128,0.38847,0.3998625
8234.0,0.0,0.41999,0.40556,0.39423,0.39157,0.4028375
8235.0,0.0,0.42328,0.40853,0.3973,0.39476,0.4059675
8236.0,0.0,0.42654,0.41144,0.40029,0.39784,0.4090275
8237.0,0.0,0.42961,0.41418,0.40307,0.4007,0.41189000000000003
8238.0,0.0,0.43242,0.41666,0.40556,0.40325,0.4144725
8239.0,0.0,0.43488,0.41883,0.40772,0.40542,0.41671250000000004
8240.0,0.0,0.43695,0.42062,0.4095,0.4072,0.4185675
8241.0,0.0,0.43866,0.4221,0.41096,0.40869,0.4201025
8242.0,0.0,0.44012,0.42339,0.41223,0.40998,0.42142999999999997
8243.0,0.0,0.44141,0.42453,0.41335,0.41112,0.4226025
8244.0,0.0,0.44256,0.42552,0.41433,0.41208,0.4236225
8245.0,0.0,0.44348,0.42631,0.4151,0.41281,0.42442500000000005
8246.0,0.0,0.44412,0.4269,0.41565,0.41333,0.425
8247.0,0.0,0.44448,0.42725,0.41595,0.4136,0.42532
8248.0,0.0,0.44452,0.42731,0.41597,0.41357,0.4253425
8249.0,0.0,0.44416,0.42697,0.41562,0.41312,0.4249675
8250.0,0.0,0.44328,0.42616,0.41481,0.41223,0.42412000000000005
8251.0,0.0,0.44198,0.42498,0.41366,0.41105,0.42291749999999995
8252.0,0.0,0.44043,0.4236,0.41232,0.40972,0.4215175
8253.0,0.0,0.4389,0.42219,0.41098,0.40841,0.42012
8254.0,0.0,0.43753,0.42087,0.40977,0.40723,0.41885
8255.0,0.0,0.43642,0.41979,0.4088,0.40634,0.4178375
8256.0,0.0,0.43577,0.41913,0.40825,0.40591,0.417265
8257.0,0.0,0.43574,0.41905,0.40826,0.40603,0.41727000000000003
8258.0,0.0,0.43631,0.4195,0.40877,0.40664,0.417805
8259.0,0.0,0.43737,0.42038,0.4097,0.40763,0.41877
8260.0,0.0,0.4387,0.42153,0.41087,0.40883,0.41998250000000004
8261.0,0.0,0.44016,0.42284,0.41216,0.41015,0.4213275
8262.0,0.0,0.44163,0.42417,0.41345,0.41143,0.42267
8263.0,0.0,0.44292,0.42538,0.41459,0.41252,0.4238525
8264.0,0.0,0.44396,0.42633,0.41546,0.4133,0.4247625
8265.0,0.0,0.44456,0.42688,0.41592,0.41365,0.42525250000000003
8266.0,0.0,0.44464,0.42697,0.4159,0.41351,0.425255
8267.0,0.0,0.44419,0.42656,0.41539,0.41288,0.424755
8268.0,0.0,0.44321,0.42566,0.41438,0.41175,0.42375
8269.0,0.0,0.44172,0.42424,0.41289,0.41014,0.4222475
8270.0,0.0,0.43974,0.42235,0.41097,0.40813,0.4202975
8271.0,0.0,0.43742,0.42015,0.40877,0.40588,0.418055
8272.0,0.0,0.43496,0.41781,0.40646,0.40358,0.41570250000000003
8273.0,0.0,0.43257,0.41554,0.40426,0.40141,0.413445
8274.0,0.0,0.43044,0.41349,0.40231,0.39952,0.41144000000000003
8275.0,0.0,0.42868,0.4118,0.40073,0.39803,0.40981
8276.0,0.0,0.42741,0.41056,0.39961,0.39699,0.40864249999999996
8277.0,0.0,0.42661,0.40978,0.39892,0.3964,0.4079275
8278.0,0.0,0.42622,0.40938,0.39861,0.39615,0.40759
8279.0,0.0,0.4261,0.40923,0.39854,0.39612,0.4074975
8280.0,0.0,0.42611,0.4092,0.39857,0.39618,0.407515
8281.0,0.0,0.42608,0.40917,0.39858,0.39622,0.4075125
8282.0,0.0,0.42597,0.40909,0.39853,0.39618,0.4074425
8283.0,0.0,0.42573,0.40888,0.39836,0.396,0.40724250000000006
8284.0,0.0,0.42531,0.4085,0.39803,0.39563,0.4068675
8285.0,0.0,0.42469,0.40791,0.39749,0.39506,0.4062875
8286.0,0.0,0.42385,0.40716,0.39679,0.39436,0.40554
8287.0,0.0,0.42296,0.40637,0.39606,0.39365,0.40476
8288.0,0.0,0.42213,0.40564,0.39538,0.39302,0.40404249999999997
8289.0,0.0,0.42148,0.40505,0.39484,0.39251,0.40347
8290.0,0.0,0.421,0.40457,0.39443,0.39211,0.4030275
8291.0,0.0,0.42067,0.40423,0.39415,0.39185,0.402725
8292.0,0.0,0.42051,0.40406,0.39403,0.39176,0.40259
8293.0,0.0,0.4205,0.40409,0.39408,0.39186,0.40263249999999995
8294.0,0.0,0.42071,0.40429,0.39429,0.39209,0.402845
8295.0,0.0,0.421,0.40456,0.39456,0.39235,0.4031175
8296.0,0.0,0.42124,0.40478,0.39478,0.39255,0.4033375
8297.0,0.0,0.42134,0.40489,0.39489,0.39262,0.403435
8298.0,0.0,0.42121,0.4048,0.39482,0.39253,0.40334
8299.0,0.0,0.42083,0.40447,0.39453,0.39221,0.40301
8300.0,0.0,0.42015,0.40387,0.39397,0.39163,0.40240499999999996
8301.0,0.0,0.41921,0.40302,0.39318,0.39084,0.4015625
8302.0,0.0,0.4181,0.40201,0.39226,0.38993,0.400575
8303.0,0.0,0.41691,0.40091,0.39128,0.38897,0.3995175
8304.0,0.0,0.41577,0.39986,0.39035,0.3881,0.39852
8305.0,0.0,0.41485,0.39905,0.38964,0.38747,0.3977525
8306.0,0.0,0.41439,0.39864,0.38931,0.38721,0.3973875
8307.0,0.0,0.41441,0.39864,0.38936,0.38731,0.39743
8308.0,0.0,0.41484,0.39898,0.38973,0.3877,0.39781249999999996
8309.0,0.0,0.41558,0.39961,0.39035,0.38835,0.3984725
8310.0,0.0,0.41656,0.4005,0.39119,0.38923,0.39937
8311.0,0.0,0.41777,0.40153,0.39217,0.3902,0.4004175
8312.0,0.0,0.41894,0.40249,0.39308,0.39107,0.401395
8313.0,0.0,0.41989,0.40324,0.39378,0.39173,0.40215999999999996
8314.0,0.0,0.42054,0.40371,0.39421,0.39214,0.40265
8315.0,0.0,0.42082,0.40389,0.39436,0.39228,0.4028375
8316.0,0.0,0.4208,0.40377,0.39424,0.39215,0.40274
8317.0,0.0,0.42046,0.40335,0.39386,0.39175,0.402355
8318.0,0.0,0.41983,0.40269,0.39324,0.39113,0.4017225
8319.0,0.0,0.41901,0.40185,0.39247,0.39038,0.4009275
8320.0,0.0,0.41802,0.40092,0.39163,0.38959,0.40003999999999995
8321.0,0.0,0.41709,0.40006,0.39085,0.38889,0.3992225
8322.0,0.0,0.4163,0.39928,0.39017,0.38827,0.398505
8323.0,0.0,0.41558,0.39855,0.38955,0.38769,0.3978425
8324.0,0.0,0.41492,0.39781,0.38893,0.38708,0.397185
8325.0,0.0,0.41414,0.39707,0.38826,0.3865,0.3964925
8326.0,0.0,0.41352,0.39649,0.38772,0.38605,0.395945
8327.0,0.0,0.4131,0.39606,0.38733,0.3857,0.3955475
8328.0,0.0,0.41277,0.39569,0.387,0.38535,0.3952025
8329.0,0.0,0.41247,0.39533,0.38667,0.38497,0.39486000000000004
8330.0,0.0,0.41211,0.39503,0.38635,0.38466,0.3945375
8331.0,0.0,0.41197,0.39496,0.38623,0.38455,0.3944275
8332.0,0.0,0.41206,0.39509,0.38632,0.38462,0.3945225
8333.0,0.0,0.41231,0.39535,0.38655,0.38481,0.39475499999999997
8334.0,0.0,0.41269,0.39572,0.3869,0.38512,0.39510750000000006
8335.0,0.0,0.41317,0.39618,0.38736,0.38556,0.39556749999999996
8336.0,0.0,0.41377,0.39674,0.38792,0.38611,0.396135
8337.0,0.0,0.41443,0.39738,0.38856,0.38677,0.396785
8338.0,0.0,0.41519,0.39809,0.38929,0.38752,0.3975225
8339.0,0.0,0.41599,0.39882,0.39006,0.38831,0.398295
8340.0,0.0,0.41677,0.39954,0.39081,0.38905,0.39904249999999997
8341.0,0.0,0.41746,0.40015,0.39146,0.38969,0.39969
8342.0,0.0,0.41798,0.40067,0.39199,0.39022,0.40021500000000004
8343.0,0.0,0.41844,0.40114,0.39246,0.39069,0.4006825
8344.0,0.0,0.41881,0.40151,0.39284,0.39106,0.401055
8345.0,0.0,0.41908,0.40176,0.39313,0.39132,0.4013225
8346.0,0.0,0.41925,0.40192,0.39333,0.39151,0.4015025
8347.0,0.0,0.41937,0.40208,0.39351,0.39172,0.40167
8348.0,0.0,0.41962,0.40236,0.3938,0.39205,0.40195749999999997
8349.0,0.0,0.42003,0.40273,0.39421,0.39246,0.4023575
8350.0,0.0,0.42051,0.40314,0.39465,0.3929,0.4028
8351.0,0.0,0.421,0.40354,0.39509,0.39332,0.4032375
8352.0,0.0,0.42143,0.40394,0.39548,0.39373,0.40364500000000003
8353.0,0.0,0.42188,0.40436,0.39588,0.39414,0.40406499999999995
8354.0,0.0,0.42231,0.40471,0.39624,0.39448,0.404435
8355.0,0.0,0.42258,0.40491,0.39644,0.39466,0.40464750000000005
8356.0,0.0,0.42263,0.40489,0.39645,0.39464,0.40465249999999997
8357.0,0.0,0.42242,0.40466,0.39625,0.39444,0.40444250000000004
8358.0,0.0,0.42205,0.40431,0.39592,0.39413,0.40410250000000003
8359.0,0.0,0.42158,0.40382,0.3955,0.39373,0.4036575
8360.0,0.0,0.42101,0.40324,0.39498,0.39324,0.4031175
8361.0,0.0,0.42042,0.40259,0.39443,0.3927,0.40253500000000003
8362.0,0.0,0.41978,0.40194,0.39386,0.39219,0.40194250000000004
8363.0,0.0,0.41931,0.40148,0.39344,0.39185,0.40152000000000004
8364.0,0.0,0.41914,0.40125,0.39326,0.39172,0.4013425
8365.0,0.0,0.41922,0.40126,0.39328,0.39178,0.401385
8366.0,0.0,0.4195,0.4014,0.39344,0.39192,0.401565
8367.0,0.0,0.41977,0.40158,0.3936,0.39206,0.4017525
8368.0,0.0,0.42001,0.40176,0.39373,0.39217,0.40191750000000004
8369.0,0.0,0.42011,0.40185,0.39376,0.39216,0.40197000000000005
8370.0,0.0,0.42001,0.40175,0.39362,0.39195,0.40183250000000004
8371.0,0.0,0.41962,0.40139,0.39324,0.39151,0.40144
8372.0,0.0,0.41891,0.40074,0.39259,0.39082,0.400765
8373.0,0.0,0.41792,0.39981,0.3917,0.3899,0.39983250000000004
8374.0,0.0,0.41665,0.39865,0.3906,0.38879,0.3986725
8375.0,0.0,0.41519,0.39726,0.38932,0.3875,0.3973175
8376.0,0.0,0.41349,0.39575,0.3879,0.38615,0.3958225
8377.0,0.0,0.41185,0.39427,0.38652,0.38485,0.3943725
8378.0,0.0,0.41027,0.39276,0.38516,0.38352,0.39292750000000004
8379.0,0.0,0.40861,0.39118,0.3837,0.38209,0.391395
8380.0,0.0,0.40686,0.38944,0.38213,0.3805,0.38973250000000004
8381.0,0.0,0.4049,0.38767,0.38044,0.37894,0.38798750000000004
8382.0,0.0,0.40321,0.38618,0.379,0.37761,0.3865
8383.0,0.0,0.4019,0.38491,0.37783,0.37649,0.38528249999999997
8384.0,0.0,0.40083,0.38384,0.37685,0.37552,0.38426
8385.0,0.0,0.40009,0.38302,0.37611,0.37479,0.38350249999999997
8386.0,0.0,0.39964,0.38259,0.3757,0.37448,0.38310249999999996
8387.0,0.0,0.39988,0.38285,0.37593,0.37483,0.3833725
8388.0,0.0,0.40088,0.38374,0.37681,0.37575,0.38429500000000005
8389.0,0.0,0.4024,0.38507,0.37812,0.37706,0.38566249999999996
8390.0,0.0,0.40423,0.38671,0.37972,0.37863,0.3873225
8391.0,0.0,0.40623,0.38853,0.38147,0.38036,0.3891475
8392.0,0.0,0.40827,0.39043,0.38329,0.38215,0.39103499999999997
8393.0,0.0,0.41021,0.39223,0.38502,0.38381,0.3928175
8394.0,0.0,0.41186,0.39375,0.3865,0.3852,0.3943275
8395.0,0.0,0.41315,0.39501,0.38768,0.38633,0.3955425
8396.0,0.0,0.41424,0.39608,0.3887,0.38729,0.3965775
8397.0,0.0,0.41518,0.39699,0.38956,0.38809,0.397455
8398.0,0.0,0.41601,0.39775,0.39029,0.38875,0.3982
8399.0,0.0,0.41671,0.39837,0.39089,0.3893,0.3988175
8400.0,0.0,0.41733,0.39898,0.39144,0.38984,0.39939749999999996
8401.0,0.0,0.41803,0.39965,0.39206,0.39044,0.400045
8402.0,0.0,0.41875,0.40031,0.39267,0.39103,0.40069
8403.0,0.0,0.41941,0.40087,0.39321,0.39152,0.4012525
8404.0,0.0,0.41986,0.40121,0.39356,0.39182,0.40161250000000004
8405.0,0.0,0.42005,0.40135,0.39369,0.39194,0.4017575
8406.0,0.0,0.42002,0.40132,0.39365,0.3919,0.4017225
8407.0,0.0,0.41977,0.40108,0.39343,0.39168,0.40149
8408.0,0.0,0.41932,0.40063,0.39302,0.39125,0.40105499999999994
8409.0,0.0,0.41864,0.39994,0.39241,0.39062,0.4004025
8410.0,0.0,0.41777,0.39915,0.39168,0.38991,0.39962749999999997
8411.0,0.0,0.41693,0.39842,0.39099,0.38927,0.3989025
8412.0,0.0,0.41625,0.39785,0.39046,0.38879,0.3983375
8413.0,0.0,0.41582,0.39745,0.3901,0.38843,0.39795
8414.0,0.0,0.41549,0.39712,0.38983,0.38814,0.397645
8415.0,0.0,0.41519,0.39687,0.38958,0.3879,0.397385
8416.0,0.0,0.41494,0.39669,0.38941,0.38771,0.39718749999999997
8417.0,0.0,0.41468,0.39651,0.38922,0.38752,0.3969825
8418.0,0.0,0.41434,0.39623,0.38896,0.38723,0.39669
8419.0,0.0,0.41382,0.39576,0.38854,0.38678,0.39622499999999994
8420.0,0.0,0.4131,0.39513,0.38795,0.38619,0.3955925
8421.0,0.0,0.41229,0.3944,0.38729,0.38554,0.39487999999999995
8422.0,0.0,0.41146,0.39363,0.38659,0.38485,0.3941325
8423.0,0.0,0.41066,0.39288,0.38591,0.38421,0.39341499999999996
8424.0,0.0,0.41002,0.39226,0.38534,0.38367,0.39282249999999996
8425.0,0.0,0.40956,0.39181,0.38492,0.38329,0.39239499999999994
8426.0,0.0,0.40932,0.39156,0.38466,0.38305,0.3921475
8427.0,0.0,0.40919,0.39135,0.38444,0.38281,0.3919475
8428.0,0.0,0.40891,0.39101,0.3841,0.38242,0.39160999999999996
8429.0,0.0,0.40836,0.3905,0.38353,0.38182,0.3910525
8430.0,0.0,0.40747,0.38963,0.38264,0.38088,0.3901549999999999
8431.0,0.0,0.40611,0.38833,0.38135,0.37952,0.38882750000000005
8432.0,0.0,0.40428,0.38659,0.37966,0.37777,0.38707499999999995
8433.0,0.0,0.40206,0.38452,0.37767,0.3758,0.3850125
8434.0,0.0,0.39979,0.38254,0.37572,0.37395,0.383
8435.0,0.0,0.39801,0.38087,0.37412,0.37241,0.3813525
8436.0,0.0,0.39665,0.37957,0.3729,0.37122,0.380085
8437.0,0.0,0.3958,0.37875,0.37213,0.37048,0.37928999999999996
8438.0,0.0,0.39552,0.37847,0.37186,0.37024,0.37902250000000004
8439.0,0.0,0.39577,0.37878,0.3721,0.37053,0.37929500000000005
8440.0,0.0,0.3966,0.37962,0.37285,0.37125,0.38008000000000003
8441.0,0.0,0.39767,0.38063,0.37378,0.37211,0.3810475
8442.0,0.0,0.39873,0.38164,0.37471,0.37295,0.38200749999999994
8443.0,0.0,0.39965,0.38254,0.37554,0.37371,0.38286
8444.0,0.0,0.40039,0.38332,0.37626,0.37437,0.38358499999999995
8445.0,0.0,0.40102,0.384,0.37689,0.37497,0.38422
8446.0,0.0,0.40152,0.38451,0.3774,0.37544,0.3847175
8447.0,0.0,0.40187,0.38486,0.37778,0.37578,0.3850725
8448.0,0.0,0.40208,0.38507,0.37804,0.37603,0.385305
8449.0,0.0,0.40219,0.38524,0.37823,0.37622,0.38547000000000003
8450.0,0.0,0.40231,0.3854,0.37841,0.37641,0.38563250000000004
8451.0,0.0,0.40242,0.38553,0.37856,0.37656,0.3857675
8452.0,0.0,0.40249,0.38559,0.37866,0.37665,0.38584749999999995
8453.0,0.0,0.40251,0.3856,0.37869,0.37667,0.38586750000000003
8454.0,0.0,0.40248,0.38557,0.37868,0.37666,0.3858475
8455.0,0.0,0.40247,0.38555,0.37867,0.37666,0.3858375
8456.0,0.0,0.40247,0.38553,0.37866,0.37665,0.3858275
8457.0,0.0,0.40247,0.38547,0.37861,0.37659,0.385785
8458.0,0.0,0.40237,0.38533,0.37848,0.37645,0.3856575
8459.0,0.0,0.40214,0.38506,0.37822,0.37617,0.38539750000000006
8460.0,0.0,0.4017,0.38461,0.37777,0.37571,0.3849475
8461.0,0.0,0.40101,0.38391,0.3771,0.37501,0.38425750000000003
8462.0,0.0,0.40004,0.383,0.37621,0.3741,0.3833375
8463.0,0.0,0.39887,0.3819,0.37514,0.37302,0.3822325
8464.0,0.0,0.39757,0.38068,0.37397,0.37186,0.38102
8465.0,0.0,0.39629,0.37947,0.37281,0.37072,0.37982249999999995
8466.0,0.0,0.39516,0.37843,0.37182,0.36978,0.3787975
8467.0,0.0,0.39442,0.37774,0.37118,0.36919,0.3781325
8468.0,0.0,0.39419,0.37753,0.37098,0.36907,0.3779425
8469.0,0.0,0.39452,0.37778,0.37126,0.36938,0.378235
8470.0,0.0,0.39531,0.37847,0.37195,0.3701,0.37895749999999995
8471.0,0.0,0.39648,0.37952,0.37298,0.37116,0.38003499999999996
8472.0,0.0,0.39795,0.38086,0.37428,0.37247,0.38139
8473.0,0.0,0.39954,0.38231,0.37568,0.37385,0.382845
8474.0,0.0,0.40109,0.38372,0.37704,0.37517,0.384255
8475.0,0.0,0.40244,0.38494,0.37823,0.3763,0.38547750000000003
8476.0,0.0,0.40353,0.38596,0.3792,0.37724,0.3864825
8477.0,0.0,0.40438,0.38676,0.37997,0.37795,0.38726499999999997
8478.0,0.0,0.405,0.38733,0.38052,0.37845,0.387825
8479.0,0.0,0.40539,0.3877,0.38088,0.37877,0.388185
8480.0,0.0,0.40564,0.38794,0.38112,0.37899,0.3884225
8481.0,0.0,0.40583,0.38814,0.38132,0.37919,0.38861999999999997
8482.0,0.0,0.40604,0.38835,0.38153,0.37939,0.3888275
8483.0,0.0,0.40626,0.38854,0.38172,0.37957,0.3890225
8484.0,0.0,0.40642,0.38863,0.38183,0.37965,0.38913250000000005
8485.0,0.0,0.40639,0.38856,0.38177,0.37956,0.38907
8486.0,0.0,0.40606,0.38824,0.38146,0.37923,0.38874749999999997
8487.0,0.0,0.40535,0.38755,0.38078,0.37851,0.3880475
8488.0,0.0,0.40406,0.3863,0.37955,0.37721,0.38678
8489.0,0.0,0.402,0.38432,0.37759,0.37517,0.38477
8490.0,0.0,0.39902,0.3815,0.3748,0.37231,0.3819075
8491.0,0.0,0.39513,0.37788,0.37121,0.36868,0.37822500000000003
8492.0,0.0,0.39054,0.37361,0.367,0.36442,0.37389249999999996
8493.0,0.0,0.38546,0.36881,0.3623,0.35966,0.36905750000000004
8494.0,0.0,0.38008,0.36376,0.35734,0.35469,0.36396749999999994
8495.0,0.0,0.37491,0.35887,0.35256,0.34994,0.35907
8496.0,0.0,0.37039,0.35472,0.34848,0.34602,0.35490249999999995
8497.0,0.0,0.36726,0.35198,0.34574,0.34352,0.352125
8498.0,0.0,0.36602,0.35083,0.34463,0.34257,0.3510125
8499.0,0.0,0.36647,0.3512,0.34504,0.34309,0.35145000000000004
8500.0,0.0,0.36846,0.353,0.34686,0.34497,0.3533225
