Lambda,OBS,CAL,GD1,GD2,GD3,Syn_mean
3400.0,1.51386,1.01342,1.03166,1.02446,1.01259,1.0205325
3401.0,2.11998,1.001,1.01981,1.01218,1.00029,1.0083199999999999
3402.0,1.66832,0.98955,1.00949,1.0012,0.9886,0.9972099999999999
3403.0,0.9096,0.97982,1.00102,0.9921,0.97847,0.9878525
3404.0,1.27168,0.97178,0.99409,0.98473,0.97005,0.9801625
3405.0,1.73255,0.96468,0.98771,0.97807,0.96268,0.973285
3406.0,2.47676,0.95853,0.98206,0.97219,0.95635,0.9672825
3407.0,1.01747,0.95493,0.97899,0.96891,0.9526,0.9638575
3408.0,1.3539,0.95544,0.98006,0.96988,0.95294,0.96458
3409.0,2.03497,0.95889,0.98399,0.97383,0.95625,0.96824
3410.0,0.52377,0.96105,0.98634,0.97621,0.95834,0.970485
3411.0,1.16403,0.9579,0.98328,0.97294,0.95507,0.9672975
3412.0,1.47393,0.94955,0.97542,0.96459,0.94647,0.9590075
3413.0,0.76489,0.94061,0.96742,0.95604,0.93718,0.9503125
3414.0,1.68928,0.9368,0.96454,0.95289,0.9331,0.9468325
3415.0,0.42734,0.94168,0.96969,0.95823,0.93795,0.9518875
3416.0,0.28175,0.95514,0.98256,0.97165,0.95169,0.96526
3417.0,1.61466,0.97391,1.00008,0.98986,0.97097,0.9837049999999999
3418.0,1.14755,0.99311,1.0177,1.00819,0.99073,1.0024325
3419.0,1.81323,1.00774,1.03092,1.02207,1.00578,1.0166275
3420.0,0.82724,1.01427,1.0365,1.02812,1.01248,1.0228424999999999
3421.0,0.87064,1.01224,1.03421,1.02597,1.01028,1.020675
3422.0,1.35633,1.00519,1.02762,1.01915,1.00282,1.013695
3423.0,1.67259,0.99821,1.02151,1.01265,0.9954,1.0069425
3424.0,1.08126,0.9944,1.01838,1.0092,0.99135,1.0033325
3425.0,1.41693,0.99415,1.01824,1.00903,0.99107,1.0031225
3426.0,0.13612,0.9976,1.02132,1.01244,0.99459,1.0064875
3427.0,1.7523,1.00562,1.02874,1.0205,1.00273,1.0143974999999998
3428.0,1.11626,1.01679,1.03927,1.03182,1.01411,1.0254975000000002
3429.0,1.17329,1.02517,1.0469,1.04,1.02283,1.033725
3430.0,1.53896,1.02409,1.04519,1.03829,1.02201,1.032395
3431.0,1.01978,1.01302,1.03424,1.0268,1.01085,1.0212275000000002
3432.0,1.06471,0.99898,1.02122,1.01296,0.99644,1.0074
3433.0,1.43049,0.99018,1.014,1.00503,0.98718,0.9990975
3434.0,2.21818,0.9889,1.01412,1.00483,0.98559,0.9983599999999999
3435.0,1.38014,0.98974,1.01559,1.00633,0.98639,0.9995125
3436.0,0.76494,0.98466,1.0105,1.00133,0.98141,0.9944749999999999
3437.0,2.1326,0.96919,0.99501,0.98559,0.96602,0.9789525
3438.0,1.42665,0.9447,0.97109,0.96086,0.94141,0.9545149999999999
3439.0,0.84632,0.91701,0.94485,0.93323,0.91329,0.927095
3440.0,1.21218,0.89362,0.9235,0.91031,0.88923,0.904165
3441.0,0.97454,0.88045,0.91239,0.89799,0.87541,0.89156
3442.0,1.20506,0.8791,0.91246,0.89758,0.87369,0.8907075
3443.0,1.93886,0.88623,0.91981,0.90517,0.88088,0.8980225
3444.0,0.80193,0.89674,0.92927,0.91538,0.89177,0.90829
3445.0,0.74856,0.90817,0.93885,0.92609,0.90364,0.9191875
3446.0,0.9933,0.92163,0.95041,0.93905,0.91743,0.93213
3447.0,0.71994,0.93834,0.96552,0.95565,0.93444,0.9484874999999999
3448.0,1.46389,0.95538,0.98118,0.97259,0.95188,0.9652575
3449.0,1.50142,0.96605,0.99015,0.98245,0.96315,0.9754499999999999
3450.0,1.33407,0.96561,0.98781,0.9805,0.96326,0.974295
3451.0,1.59007,0.95646,0.97746,0.97005,0.95435,0.96458
3452.0,1.2212,0.94638,0.96723,0.95948,0.94425,0.9543349999999999
3453.0,1.50816,0.94144,0.96272,0.95481,0.93922,0.9495475000000001
3454.0,1.50325,0.94161,0.96326,0.95554,0.93939,0.94995
3455.0,1.77364,0.94182,0.96364,0.9562,0.93966,0.95033
3456.0,1.36609,0.93666,0.95877,0.9513,0.93444,0.9452925
3457.0,1.55975,0.92479,0.94751,0.93957,0.92235,0.9335549999999999
3458.0,0.9686,0.9099,0.93359,0.92488,0.90702,0.9188475
3459.0,0.78032,0.8981,0.92298,0.91348,0.89474,0.907325
3460.0,1.02461,0.89459,0.92041,0.91041,0.89085,0.904065
3461.0,0.9427,0.90127,0.92763,0.91765,0.89736,0.9109775
3462.0,0.25526,0.91519,0.94154,0.93214,0.91137,0.92506
3463.0,0.0135,0.92904,0.95476,0.94607,0.92555,0.9388549999999999
3464.0,0.78691,0.93698,0.96168,0.95343,0.93379,0.94647
3465.0,1.44479,0.93961,0.96373,0.95553,0.9365,0.9488425
3466.0,1.52047,0.94219,0.96607,0.95782,0.9391,0.951295
3467.0,1.08715,0.9482,0.97171,0.96364,0.94521,0.95719
3468.0,1.01187,0.95674,0.97955,0.97193,0.95401,0.9655575000000001
3469.0,0.80314,0.96335,0.98537,0.97821,0.96095,0.97197
3470.0,1.73977,0.96295,0.98447,0.97744,0.9608,0.9714149999999999
3471.0,0.67407,0.95326,0.97493,0.96753,0.9511,0.9617049999999999
3472.0,1.24552,0.93598,0.95876,0.95051,0.93349,0.944685
3473.0,1.16146,0.91557,0.94013,0.93069,0.91254,0.9247325
3474.0,2.21689,0.89727,0.92368,0.91306,0.89367,0.90692
3475.0,-0.25473,0.88612,0.91383,0.90249,0.88202,0.896115
3476.0,1.62174,0.88471,0.91271,0.90147,0.88034,0.8948075
3477.0,1.11166,0.89169,0.91876,0.9084,0.88734,0.9015475
3478.0,1.42286,0.90278,0.92819,0.91909,0.89869,0.9121874999999999
3479.0,1.69874,0.91347,0.93726,0.92932,0.90972,0.9224425
3480.0,1.18833,0.92027,0.943,0.93576,0.91681,0.92896
3481.0,1.11379,0.92163,0.94389,0.93677,0.91828,0.9301425000000001
3482.0,1.06974,0.91935,0.94159,0.93418,0.91586,0.9277449999999999
3483.0,1.25332,0.91858,0.94125,0.93343,0.91479,0.9270125
3484.0,1.00685,0.92412,0.94746,0.93946,0.9201,0.9327850000000001
3485.0,1.02599,0.93565,0.95943,0.95162,0.93171,0.9446025
3486.0,1.07095,0.94712,0.97093,0.96344,0.94348,0.9562425
3487.0,1.69289,0.95095,0.97483,0.96732,0.94758,0.96017
3488.0,1.50342,0.94365,0.96795,0.95984,0.9403,0.952935
3489.0,1.0914,0.92862,0.95374,0.94472,0.925,0.9380200000000001
3490.0,1.35872,0.91464,0.94089,0.93111,0.91058,0.9243049999999999
3491.0,0.94995,0.90945,0.93698,0.9268,0.90502,0.9195625
3492.0,0.91881,0.91365,0.94212,0.93183,0.90912,0.92418
3493.0,1.37036,0.92091,0.94948,0.93922,0.91653,0.931535
3494.0,1.07027,0.92413,0.95206,0.94184,0.92003,0.9345150000000001
3495.0,1.46347,0.92223,0.94922,0.93899,0.91836,0.9321999999999999
3496.0,1.774,0.92079,0.94706,0.93695,0.917,0.93045
3497.0,0.50226,0.92603,0.95171,0.94212,0.92245,0.9355775
3498.0,0.88984,0.9378,0.96225,0.95363,0.93471,0.9470974999999999
3499.0,1.40163,0.94981,0.97209,0.96462,0.94748,0.9585
3500.0,1.46448,0.95753,0.97741,0.9709,0.95584,0.96542
3501.0,1.19729,0.96211,0.98052,0.97462,0.96076,0.9695025
3502.0,2.08276,0.96625,0.98415,0.97853,0.96506,0.9734975000000001
3503.0,1.51111,0.96886,0.98647,0.98091,0.96779,0.9760074999999999
3504.0,1.02261,0.96699,0.98424,0.97851,0.966,0.973935
3505.0,1.32842,0.96067,0.97778,0.97177,0.95961,0.9674575
3506.0,1.55749,0.95269,0.97026,0.96397,0.95149,0.9596024999999999
3507.0,1.86502,0.9448,0.96315,0.95668,0.94347,0.952025
3508.0,0.99111,0.93599,0.95513,0.94849,0.93457,0.943545
3509.0,1.50097,0.92506,0.9449,0.93803,0.92351,0.9328749999999999
3510.0,0.73227,0.91245,0.93305,0.92587,0.91073,0.920525
3511.0,0.52863,0.89991,0.92126,0.91374,0.89791,0.908205
3512.0,1.53087,0.88963,0.91176,0.90384,0.88726,0.8981225
3513.0,2.11721,0.88505,0.90795,0.89964,0.88224,0.89372
3514.0,1.04999,0.89007,0.91353,0.90517,0.88693,0.898925
3515.0,1.40087,0.90579,0.92911,0.9213,0.90261,0.9147025
3516.0,0.95698,0.92737,0.94967,0.94285,0.92455,0.93611
3517.0,0.7196,0.9456,0.96642,0.96048,0.94333,0.9539575
3518.0,1.25545,0.95214,0.97189,0.96621,0.95034,0.960145
3519.0,1.80776,0.9445,0.96414,0.95794,0.9428,0.952345
3520.0,1.22987,0.92637,0.94704,0.93981,0.9244,0.934405
3521.0,0.97636,0.90446,0.92693,0.91851,0.90193,0.9129575000000001
3522.0,2.17162,0.88396,0.90856,0.89899,0.88083,0.893085
3523.0,0.96368,0.86778,0.89424,0.88364,0.86408,0.8774350000000001
3524.0,1.06693,0.85811,0.88587,0.87459,0.85401,0.8681450000000001
3525.0,0.95679,0.85801,0.88619,0.87486,0.85368,0.868185
3526.0,0.91887,0.86891,0.8966,0.88598,0.86467,0.87904
3527.0,1.18005,0.88823,0.9145,0.90518,0.88438,0.8980725
3528.0,1.44735,0.90939,0.9338,0.92587,0.90616,0.9188049999999999
3529.0,0.99804,0.92597,0.9486,0.9417,0.92328,0.9348875
3530.0,1.24877,0.93524,0.95672,0.9503,0.93287,0.9437825
3531.0,1.19613,0.93933,0.96027,0.95394,0.93702,0.9476399999999999
3532.0,1.42149,0.94223,0.96298,0.95666,0.93989,0.95044
3533.0,0.67764,0.94651,0.96698,0.96081,0.94419,0.9546224999999999
3534.0,0.96387,0.95184,0.97185,0.96599,0.94959,0.9598175000000001
3535.0,1.07126,0.9566,0.97605,0.9705,0.95442,0.9643925
3536.0,1.07046,0.96025,0.97911,0.97384,0.95811,0.9678275000000001
3537.0,1.80816,0.96379,0.98215,0.97721,0.96164,0.9711975
3538.0,0.94919,0.96748,0.98548,0.98089,0.96538,0.9748075
3539.0,1.01952,0.96957,0.98726,0.98288,0.96754,0.9768125
3540.0,0.82602,0.96835,0.98589,0.9815,0.96635,0.9755225000000001
3541.0,1.37292,0.96536,0.98299,0.97851,0.96326,0.97253
3542.0,1.13327,0.96432,0.98236,0.97787,0.96203,0.971645
3543.0,1.69422,0.96707,0.98558,0.98118,0.96466,0.9746225
3544.0,0.91572,0.97127,0.98996,0.98559,0.96888,0.9789249999999999
3545.0,1.35969,0.97297,0.99151,0.98705,0.97068,0.9805524999999999
3546.0,1.32046,0.97076,0.98924,0.98459,0.96852,0.9782774999999999
3547.0,0.75573,0.96627,0.98505,0.98026,0.964,0.973895
3548.0,0.65738,0.96154,0.98072,0.97594,0.95919,0.9693475
3549.0,1.29883,0.95671,0.97616,0.9715,0.9543,0.9646675
3550.0,1.51834,0.95086,0.97043,0.96587,0.94839,0.9588874999999999
3551.0,1.31015,0.94328,0.96313,0.95847,0.9407,0.9513950000000001
3552.0,2.04902,0.93451,0.95478,0.94986,0.93178,0.9427325
3553.0,1.37017,0.92654,0.94722,0.94203,0.92367,0.934865
3554.0,0.76897,0.92175,0.94276,0.93742,0.91879,0.93018
3555.0,1.75051,0.92094,0.94219,0.9368,0.91796,0.9294724999999999
3556.0,1.87812,0.92251,0.94399,0.9385,0.91948,0.9311200000000001
3557.0,1.09233,0.92398,0.94575,0.94004,0.9209,0.9326675000000001
3558.0,1.62824,0.92481,0.94673,0.94081,0.92162,0.9334925
3559.0,0.37098,0.92656,0.94844,0.9426,0.9233,0.935225
3560.0,0.8324,0.93061,0.95225,0.94686,0.92739,0.9392775
3561.0,1.15533,0.93467,0.95608,0.95121,0.93159,0.9433875
3562.0,0.94665,0.93287,0.95426,0.94943,0.92992,0.94162
3563.0,0.51411,0.92065,0.94254,0.93683,0.91759,0.9294025
3564.0,0.5139,0.90009,0.92332,0.91602,0.89663,0.909015
3565.0,1.51525,0.87929,0.90455,0.89565,0.8752,0.8886725
3566.0,1.22103,0.86465,0.89202,0.88208,0.86008,0.8747075
3567.0,1.48432,0.85591,0.88466,0.87421,0.85106,0.86646
3568.0,1.48291,0.84827,0.87766,0.86678,0.84339,0.8590249999999999
3569.0,1.24776,0.83947,0.86873,0.85747,0.83465,0.85008
3570.0,0.93275,0.83209,0.86061,0.84938,0.82745,0.8423825
3571.0,0.95791,0.83058,0.85793,0.84743,0.82619,0.8405325
3572.0,1.19883,0.83559,0.86168,0.85232,0.83157,0.8452900000000001
3573.0,2.13836,0.84362,0.86845,0.8601,0.83996,0.8530325000000001
3574.0,1.06556,0.84992,0.87396,0.86618,0.84658,0.8591599999999999
3575.0,0.84902,0.85151,0.87526,0.8677,0.84832,0.8606975000000001
3576.0,1.17282,0.84627,0.8702,0.86265,0.84307,0.8555475
3577.0,1.12917,0.83346,0.85789,0.85013,0.83001,0.8428725
3578.0,1.46615,0.81461,0.84002,0.83163,0.81078,0.82426
3579.0,1.06326,0.7944,0.82117,0.8118,0.79008,0.8043625
3580.0,1.27083,0.7781,0.80653,0.79611,0.77338,0.78853
3581.0,0.67295,0.76911,0.79889,0.78777,0.76411,0.77997
3582.0,0.93924,0.7667,0.79723,0.78596,0.76158,0.7778675
3583.0,0.57441,0.76732,0.79791,0.78679,0.76224,0.778565
3584.0,0.56159,0.76745,0.79772,0.78665,0.76253,0.7785875
3585.0,1.14364,0.76667,0.79648,0.78532,0.76195,0.777605
3586.0,1.82984,0.7679,0.79719,0.7861,0.76337,0.77864
3587.0,0.86624,0.77513,0.80369,0.79317,0.77072,0.7856774999999999
3588.0,0.47858,0.7905,0.81809,0.80865,0.7862,0.80086
3589.0,1.44896,0.81228,0.83866,0.83055,0.80821,0.822425
3590.0,1.72735,0.83512,0.85993,0.85309,0.83144,0.844895
3591.0,0.56678,0.85307,0.87605,0.87015,0.84986,0.8622825
3592.0,1.12347,0.86455,0.88584,0.88045,0.86166,0.873125
3593.0,1.51422,0.87333,0.89353,0.88835,0.8706,0.8814525000000001
3594.0,0.76764,0.88455,0.90402,0.89908,0.88195,0.8924000000000001
3595.0,0.91697,0.89968,0.91832,0.91382,0.89732,0.907285
3596.0,1.74535,0.91619,0.93362,0.92972,0.91422,0.9234374999999999
3597.0,1.25543,0.93098,0.94714,0.94382,0.92944,0.937845
3598.0,1.4562,0.94208,0.95741,0.95449,0.94091,0.9487225
3599.0,1.05772,0.94717,0.96225,0.95939,0.9463,0.9537775
3600.0,1.9887,0.94303,0.95836,0.95508,0.94229,0.94969
3601.0,1.12362,0.92853,0.94467,0.94047,0.92763,0.935325
3602.0,1.56123,0.90712,0.92463,0.9193,0.90578,0.9142075000000001
3603.0,1.10878,0.88569,0.90491,0.89856,0.88369,0.8932125000000001
3604.0,0.93355,0.86973,0.89077,0.88378,0.86711,0.8778475000000001
3605.0,0.99242,0.86007,0.88257,0.87526,0.857,0.868725
3606.0,0.92367,0.85322,0.87665,0.86909,0.84988,0.8622099999999999
3607.0,2.3816,0.84614,0.87007,0.86214,0.84263,0.855245
3608.0,1.64531,0.84026,0.86454,0.85621,0.83658,0.8493975
3609.0,1.48046,0.83996,0.86454,0.85604,0.83619,0.8491825
3610.0,0.5258,0.84765,0.87215,0.86389,0.84395,0.85691
3611.0,2.17954,0.86104,0.88482,0.87711,0.85763,0.87015
3612.0,1.65163,0.87591,0.89844,0.89137,0.87289,0.8846525000000001
3613.0,1.19268,0.88916,0.91046,0.90397,0.8865,0.8975225
3614.0,0.74871,0.89834,0.91888,0.91277,0.89593,0.90648
3615.0,0.95101,0.89944,0.91994,0.91373,0.89714,0.9075625
3616.0,1.25879,0.88918,0.91031,0.90324,0.88671,0.8973599999999999
3617.0,1.02789,0.87024,0.89261,0.88417,0.86732,0.878585
3618.0,1.59076,0.85351,0.87745,0.86787,0.84984,0.8621675
3619.0,1.4194,0.85034,0.87568,0.86579,0.8461,0.8594775
3620.0,2.1492,0.8646,0.89026,0.88094,0.86016,0.87399
3621.0,1.54048,0.89014,0.91497,0.90665,0.88606,0.899455
3622.0,1.56237,0.91788,0.94079,0.93343,0.91446,0.92664
3623.0,1.54819,0.9423,0.96285,0.95631,0.93964,0.950275
3624.0,0.82716,0.96367,0.98199,0.97628,0.9617,0.97091
3625.0,1.34883,0.98309,0.99971,0.99495,0.98176,0.9898775000000001
3626.0,1.9486,0.9975,1.01288,1.00901,0.99671,1.004025
3627.0,1.60682,0.99958,1.01433,1.01086,0.99916,1.0059825
3628.0,1.32257,0.98387,0.99887,0.99489,0.98337,0.9902500000000001
3629.0,0.9392,0.95221,0.96863,0.96327,0.95118,0.9588225
3630.0,0.81064,0.91527,0.934,0.92698,0.9133,0.9223875
3631.0,1.15068,0.88574,0.90691,0.8988,0.88298,0.8936075
3632.0,0.98728,0.87164,0.89424,0.886,0.86846,0.880085
3633.0,1.42037,0.87228,0.89508,0.88744,0.86925,0.8810125
3634.0,1.8366,0.88211,0.90394,0.89712,0.87952,0.8906725
3635.0,1.21066,0.89536,0.91556,0.90942,0.89331,0.9034125000000001
3636.0,0.96552,0.91043,0.92886,0.92334,0.90872,0.9178375000000001
3637.0,1.42048,0.92784,0.94494,0.94007,0.92639,0.93481
3638.0,1.482,0.94651,0.96254,0.95834,0.94529,0.95317
3639.0,0.84176,0.9619,0.9771,0.97338,0.96095,0.9683325
3640.0,1.16934,0.96863,0.98335,0.97965,0.96793,0.9748899999999999
3641.0,0.95779,0.96384,0.97858,0.97439,0.96324,0.9700124999999999
3642.0,1.0941,0.94873,0.96408,0.95907,0.94804,0.9549799999999999
3643.0,0.78742,0.92772,0.94414,0.9383,0.92672,0.9342199999999999
3644.0,0.65947,0.90569,0.92346,0.91699,0.90423,0.9125924999999999
3645.0,1.41522,0.88591,0.90506,0.89816,0.88389,0.893255
3646.0,0.99047,0.87005,0.89038,0.88317,0.8675,0.8777750000000001
3647.0,1.12812,0.85951,0.88056,0.87315,0.85654,0.86744
3648.0,0.9412,0.85564,0.87639,0.86901,0.8525,0.863385
3649.0,1.20156,0.86014,0.8793,0.87219,0.85716,0.8671975
3650.0,1.1986,0.87526,0.89229,0.88557,0.87266,0.881445
3651.0,0.42753,0.89966,0.91469,0.90838,0.89782,0.9051375
3652.0,1.19247,0.92742,0.94037,0.93443,0.92642,0.9321600000000001
3653.0,0.28585,0.95103,0.96182,0.95622,0.95087,0.9549850000000001
3654.0,1.17081,0.96844,0.97723,0.97188,0.96886,0.9716024999999999
3655.0,0.92014,0.98283,0.99018,0.98496,0.98367,0.98541
3656.0,1.10359,0.99786,1.00417,0.99901,0.99908,1.00003
3657.0,1.51648,1.01356,1.01899,1.01385,1.01521,1.0154025
3658.0,1.25336,1.02645,1.03105,1.02588,1.02857,1.0279875
3659.0,1.25496,1.03228,1.03619,1.03087,1.0348,1.0335349999999999
3660.0,0.7132,1.029,1.03261,1.02706,1.0317,1.0300925
3661.0,0.67143,1.01743,1.02124,1.01541,1.02007,1.0185374999999999
3662.0,1.18858,1.00105,1.00535,0.99931,1.00342,1.0022825
3663.0,0.89286,0.98581,0.99088,0.98475,0.98774,0.987295
3664.0,1.27717,0.97683,0.98289,0.97687,0.97838,0.9787425
3665.0,1.08379,0.97355,0.98037,0.97461,0.97496,0.9758725000000001
3666.0,1.02975,0.97009,0.97717,0.97164,0.9715,0.9725999999999999
3667.0,0.9689,0.96153,0.96869,0.96318,0.96286,0.9640650000000001
3668.0,0.58512,0.94934,0.95668,0.95102,0.95039,0.9518574999999999
3669.0,1.18155,0.94153,0.9492,0.94353,0.94212,0.944095
3670.0,1.03708,0.9462,0.95431,0.94893,0.94647,0.9489775000000001
3671.0,0.85198,0.96249,0.97061,0.96569,0.96293,0.96543
3672.0,0.72382,0.98022,0.98743,0.98285,0.98121,0.9829275
3673.0,1.05223,0.98971,0.99568,0.9912,0.99121,0.99195
3674.0,0.80751,0.98836,0.99376,0.98926,0.99011,0.9903725
3675.0,0.73041,0.97692,0.98257,0.97804,0.97865,0.979045
3676.0,0.90638,0.95584,0.96218,0.9576,0.9573,0.95823
3677.0,1.06721,0.928,0.9354,0.9307,0.92888,0.9307449999999999
3678.0,1.54217,0.90041,0.90928,0.90439,0.90053,0.9036525
3679.0,0.79367,0.88154,0.89197,0.8869,0.88091,0.88533
3680.0,1.021,0.87702,0.8887,0.88359,0.87586,0.8812924999999999
3681.0,1.34824,0.88572,0.89801,0.8931,0.88453,0.8903399999999999
3682.0,1.16441,0.89957,0.91168,0.90706,0.89872,0.9042574999999999
3683.0,1.18258,0.90751,0.91902,0.91453,0.90712,0.912045
3684.0,1.23849,0.90193,0.91303,0.90831,0.9018,0.9062675000000001
3685.0,0.70481,0.8835,0.89472,0.88951,0.88316,0.8877225
3686.0,0.84207,0.86181,0.87364,0.86801,0.86085,0.8660775000000001
3687.0,1.05808,0.85135,0.86391,0.85833,0.84966,0.8558125000000001
3688.0,0.62698,0.86312,0.87597,0.87096,0.86106,0.8677775000000001
3689.0,0.67952,0.89635,0.90861,0.90434,0.89471,0.9010024999999999
3690.0,1.05237,0.9374,0.94805,0.94424,0.93689,0.9416450000000001
3691.0,1.47327,0.9673,0.97562,0.97194,0.96816,0.970755
3692.0,0.5659,0.97441,0.98036,0.97669,0.97625,0.9769275
3693.0,0.72951,0.96227,0.96665,0.96308,0.96437,0.9640925
3694.0,1.66072,0.94531,0.9493,0.94596,0.94715,0.94693
3695.0,1.32557,0.93692,0.94121,0.93811,0.93848,0.93868
3696.0,0.93556,0.9422,0.94651,0.94367,0.94375,0.9440325
3697.0,1.20341,0.95894,0.96261,0.96011,0.96084,0.9606250000000001
3698.0,0.92846,0.98079,0.98344,0.98139,0.98323,0.9822124999999999
3699.0,0.82103,0.99822,1.00005,0.99837,1.00124,0.9994700000000001
3700.0,0.87313,1.00089,1.00221,1.00057,1.00437,1.0020099999999998
3701.0,0.61052,0.98202,0.98301,0.98103,0.98584,0.982975
3702.0,1.10701,0.94184,0.94279,0.94023,0.94583,0.9426725
3703.0,0.78112,0.88909,0.89093,0.88767,0.89266,0.8900874999999999
3704.0,2.1556,0.83904,0.84357,0.83959,0.84133,0.8408825
3705.0,1.43757,0.80608,0.81497,0.81039,0.80649,0.8094825
3706.0,1.13061,0.79427,0.80759,0.8026,0.79299,0.7993625000000001
3707.0,1.09104,0.79735,0.81313,0.80802,0.79514,0.80341
3708.0,0.659,0.80959,0.82525,0.82028,0.8072,0.81558
3709.0,0.95886,0.83242,0.84627,0.8417,0.83048,0.8377175
3710.0,1.12072,0.86852,0.87963,0.8757,0.86765,0.8728750000000001
3711.0,1.4982,0.91364,0.92132,0.91828,0.91434,0.916895
3712.0,1.82587,0.95796,0.96213,0.96006,0.96018,0.9600825
3713.0,0.83126,0.99096,0.99276,0.99145,0.9942,0.9923424999999999
3714.0,1.07071,1.00439,1.00553,1.00458,1.00794,1.00561
3715.0,1.13222,0.99437,0.99634,0.99533,0.99747,0.9958775
3716.0,0.40102,0.96211,0.96612,0.96472,0.96422,0.9642925
3717.0,0.77759,0.91182,0.9187,0.91651,0.91275,0.914945
3718.0,1.58392,0.84987,0.85973,0.85634,0.84965,0.8538975
3719.0,0.35291,0.78748,0.79985,0.79513,0.7862,0.792165
3720.0,1.11126,0.74074,0.75507,0.7495,0.7386,0.7459775
3721.0,2.21096,0.72405,0.73984,0.73428,0.72127,0.7298600000000001
3722.0,1.72522,0.74181,0.75846,0.75373,0.73868,0.74817
3723.0,2.23462,0.78483,0.80158,0.79805,0.78178,0.7915599999999999
3724.0,7.03104,0.83396,0.84984,0.84727,0.83139,0.840615
3725.0,15.5975,0.86921,0.88353,0.88118,0.86737,0.8753225
3726.0,20.38473,0.88186,0.89467,0.89188,0.88048,0.8872224999999999
3727.0,20.41585,0.87929,0.89151,0.88817,0.87781,0.8841950000000001
3728.0,22.13057,0.87406,0.88691,0.88338,0.87226,0.8791525
3729.0,20.23422,0.86868,0.88249,0.87911,0.8668,0.87427
3730.0,10.72253,0.85437,0.86846,0.86516,0.85269,0.86017
3731.0,3.13851,0.82282,0.83661,0.83302,0.82135,0.8284499999999999
3732.0,1.19805,0.77564,0.78945,0.78509,0.77412,0.781075
3733.0,1.93224,0.72459,0.73939,0.73391,0.7226,0.7301224999999999
3734.0,1.75858,0.68577,0.70267,0.69605,0.68286,0.6918375000000001
3735.0,1.96592,0.67122,0.69095,0.68365,0.6672,0.678255
3736.0,1.08694,0.68463,0.70677,0.69953,0.67959,0.6926300000000001
3737.0,0.63684,0.72178,0.74492,0.73855,0.71619,0.73036
3738.0,0.36392,0.77327,0.79593,0.79087,0.76782,0.7819725
3739.0,0.77111,0.82575,0.8469,0.84302,0.82105,0.83418
3740.0,1.23413,0.864,0.88327,0.8799,0.86035,0.87188
3741.0,1.34034,0.8765,0.89426,0.89062,0.8737,0.8837700000000001
3742.0,1.17536,0.86177,0.87895,0.8745,0.85918,0.8686
3743.0,0.64798,0.82908,0.84682,0.84147,0.82606,0.8358575
3744.0,0.92331,0.79146,0.81062,0.80462,0.78774,0.7986099999999999
3745.0,0.26183,0.75754,0.77819,0.77182,0.75327,0.765205
3746.0,0.76409,0.72881,0.75016,0.74361,0.72435,0.7367325
3747.0,0.99643,0.70357,0.72443,0.71777,0.6993,0.7112674999999999
3748.0,0.98253,0.68472,0.70401,0.69745,0.68077,0.6917375
3749.0,2.28273,0.68232,0.69968,0.69381,0.67862,0.6886075
3750.0,1.86576,0.70564,0.72155,0.71708,0.7022,0.7116175
3751.0,0.76963,0.75257,0.76741,0.76464,0.74957,0.7585474999999999
3752.0,0.8411,0.80946,0.82274,0.8215,0.80721,0.8152275
3753.0,1.1687,0.86076,0.87183,0.8717,0.85957,0.8659650000000001
3754.0,1.02375,0.89489,0.90399,0.90445,0.89482,0.8995375000000001
3755.0,0.30799,0.90358,0.91185,0.91206,0.90429,0.907945
3756.0,0.58846,0.88422,0.89294,0.89194,0.88503,0.8885325
3757.0,0.76513,0.84682,0.85699,0.8543,0.84694,0.8512625
3758.0,1.06349,0.81244,0.8248,0.82088,0.81147,0.8173975
3759.0,1.28342,0.79901,0.8138,0.80963,0.79711,0.8048875
3760.0,0.74174,0.80798,0.82465,0.82092,0.8056,0.8147875
3761.0,1.40495,0.82549,0.84294,0.83976,0.82298,0.8327925
3762.0,1.58153,0.83713,0.85434,0.85157,0.83448,0.84438
3763.0,1.17227,0.83908,0.85569,0.85324,0.83611,0.8460300000000001
3764.0,0.90514,0.83531,0.85152,0.84937,0.83204,0.84206
3765.0,0.18484,0.82916,0.84483,0.84289,0.82582,0.835675
3766.0,0.39975,0.82248,0.83681,0.835,0.81933,0.828405
3767.0,1.03414,0.81902,0.83106,0.8295,0.81641,0.8239974999999999
3768.0,1.21503,0.82204,0.83115,0.83,0.82046,0.8259125
3769.0,1.82274,0.83104,0.83682,0.83609,0.8308,0.8336875
3770.0,2.4528,0.84498,0.84774,0.84736,0.84589,0.8464925000000001
3771.0,1.72891,0.8645,0.8658,0.8658,0.86604,0.865535
3772.0,1.50539,0.88795,0.88966,0.89004,0.88957,0.889305
3773.0,0.89688,0.90978,0.91279,0.91323,0.91112,0.91173
3774.0,1.06518,0.9258,0.93028,0.93033,0.92663,0.92826
3775.0,0.4266,0.93723,0.94332,0.94276,0.93745,0.9401900000000001
3776.0,0.46968,0.94782,0.95538,0.95436,0.9475,0.951265
3777.0,1.10547,0.95994,0.96832,0.96718,0.9593,0.9636849999999999
3778.0,0.96998,0.97444,0.98289,0.98196,0.97375,0.97826
3779.0,0.75906,0.9905,0.99864,0.99809,0.99001,0.9943099999999999
3780.0,1.3066,1.00511,1.01275,1.01255,1.00495,1.00884
3781.0,0.74248,1.01506,1.0221,1.02209,1.01522,1.0186175
3782.0,1.08282,1.01884,1.02556,1.02556,1.01925,1.0223025
3783.0,1.23289,1.01463,1.02168,1.02151,1.0152,1.018255
3784.0,1.01933,0.99804,1.00598,1.00532,0.99861,1.0019875
3785.0,1.47693,0.96636,0.97556,0.97408,0.96651,0.9706275
3786.0,1.00526,0.92506,0.93597,0.93359,0.92432,0.929735
3787.0,0.90679,0.88583,0.89893,0.89594,0.884,0.8911749999999999
3788.0,0.79454,0.85836,0.87345,0.87035,0.85562,0.8644449999999999
3789.0,0.61231,0.84549,0.86148,0.85869,0.84237,0.8520075
3790.0,1.40165,0.84366,0.85939,0.85717,0.84073,0.8502375
3791.0,0.88181,0.84475,0.85972,0.85798,0.84228,0.8511825000000001
3792.0,1.42358,0.83937,0.85348,0.85191,0.83726,0.8455050000000001
3793.0,1.32654,0.82236,0.83553,0.83388,0.82037,0.828035
3794.0,1.28357,0.79561,0.80768,0.80596,0.79365,0.800725
3795.0,1.29126,0.76461,0.77527,0.77365,0.76289,0.769105
3796.0,1.98441,0.73422,0.74324,0.74174,0.7329,0.7380249999999999
3797.0,2.29152,0.71085,0.71865,0.7172,0.70961,0.7140775
3798.0,2.70198,0.70489,0.71292,0.71164,0.70314,0.7081475
3799.0,2.04259,0.72464,0.73459,0.73381,0.72203,0.7287675
3800.0,1.27051,0.76753,0.77975,0.77976,0.76423,0.7728175
3801.0,0.96106,0.82049,0.83365,0.8345,0.81708,0.82643
3802.0,1.24641,0.86884,0.88142,0.88296,0.86587,0.8747725
3803.0,1.12761,0.90286,0.91427,0.91623,0.90054,0.908475
3804.0,1.20717,0.91828,0.92873,0.93072,0.91649,0.923555
3805.0,1.12237,0.91644,0.92641,0.92802,0.91482,0.9214225
3806.0,1.18241,0.90583,0.91597,0.91706,0.90393,0.9106974999999999
3807.0,1.22196,0.89902,0.90999,0.91084,0.89671,0.90414
3808.0,0.844,0.90346,0.91551,0.91657,0.90095,0.9091225000000001
3809.0,1.58884,0.91546,0.92814,0.92958,0.91317,0.9215875
3810.0,1.38401,0.92373,0.93633,0.93786,0.92196,0.92997
3811.0,0.87634,0.91824,0.93074,0.9317,0.91688,0.92439
3812.0,0.91338,0.89666,0.90977,0.90954,0.89525,0.902805
3813.0,1.42054,0.86487,0.87948,0.87784,0.86291,0.8712749999999999
3814.0,1.26006,0.83275,0.8494,0.84668,0.82993,0.83969
3815.0,0.7076,0.80866,0.82719,0.82428,0.80496,0.8162725
3816.0,1.3572,0.79463,0.81418,0.812,0.79041,0.8028050000000001
3817.0,1.30968,0.78482,0.80427,0.80319,0.78052,0.7932
3818.0,1.60959,0.77149,0.79012,0.78963,0.7672,0.7796099999999999
3819.0,1.88183,0.7546,0.77274,0.77193,0.75005,0.76233
3820.0,1.235,0.74299,0.76209,0.7605,0.73793,0.7508775
3821.0,0.81188,0.74347,0.76486,0.76267,0.73795,0.7522375
3822.0,1.65744,0.75113,0.77472,0.77208,0.74549,0.7608550000000001
3823.0,1.12049,0.75409,0.77873,0.77531,0.74849,0.764155
3824.0,1.29868,0.74658,0.77153,0.76685,0.74093,0.7564725
3825.0,1.71691,0.73376,0.75915,0.75323,0.72787,0.7435025
3826.0,1.18292,0.72427,0.75038,0.74378,0.71809,0.7341300000000001
3827.0,0.9284,0.72178,0.74829,0.7416,0.71548,0.7317874999999999
3828.0,1.15816,0.72354,0.7497,0.74327,0.71739,0.733475
3829.0,1.3886,0.72359,0.74878,0.74269,0.71783,0.7332224999999999
3830.0,1.11071,0.71575,0.73957,0.73363,0.71051,0.7248650000000001
3831.0,1.04692,0.69648,0.71853,0.71251,0.69176,0.70482
3832.0,1.05218,0.66815,0.68784,0.68181,0.66389,0.6754224999999999
3833.0,1.61869,0.63936,0.6563,0.65078,0.63555,0.6454975
3834.0,2.71058,0.62054,0.63519,0.63064,0.61711,0.6258699999999999
3835.0,2.85853,0.61717,0.63105,0.62733,0.61395,0.622375
3836.0,2.61517,0.6265,0.64161,0.63797,0.62309,0.6322925
3837.0,1.7137,0.64139,0.65915,0.65479,0.63732,0.6481625
3838.0,0.9303,0.65733,0.67791,0.6726,0.65234,0.665045
3839.0,1.34983,0.6755,0.69825,0.69248,0.66966,0.6839725
3840.0,1.23367,0.70028,0.72413,0.71881,0.6939,0.7092799999999999
3841.0,0.76295,0.7336,0.75733,0.75328,0.72724,0.7428625
3842.0,1.00885,0.77098,0.79352,0.79115,0.76517,0.7802049999999999
3843.0,1.23489,0.80394,0.82457,0.82372,0.79888,0.8127775
3844.0,0.71622,0.82623,0.84471,0.84493,0.82183,0.8344249999999999
3845.0,0.76259,0.83749,0.85438,0.85525,0.83349,0.8451525
3846.0,1.41809,0.84097,0.85717,0.85845,0.83718,0.8484425
3847.0,1.79261,0.83881,0.85493,0.85638,0.83512,0.84631
3848.0,0.97258,0.83166,0.84795,0.84927,0.82793,0.8392025000000001
3849.0,0.84902,0.82264,0.83915,0.84019,0.81865,0.8301574999999999
3850.0,1.171,0.81763,0.83452,0.83547,0.81338,0.82525
3851.0,1.19796,0.8192,0.83664,0.83786,0.81492,0.827155
3852.0,1.32735,0.82277,0.84053,0.84212,0.81862,0.83101
3853.0,1.5889,0.82133,0.83889,0.84054,0.8173,0.829515
3854.0,0.95975,0.8121,0.82951,0.83076,0.80813,0.820125
3855.0,0.60777,0.79759,0.81552,0.81607,0.79352,0.805675
3856.0,1.01181,0.78143,0.80044,0.80015,0.77719,0.7898025
3857.0,1.3178,0.76537,0.78566,0.78441,0.76091,0.7740875
3858.0,1.16249,0.75114,0.77261,0.77038,0.74633,0.760115
3859.0,1.09374,0.74376,0.76595,0.76318,0.73847,0.7528400000000001
3860.0,0.79614,0.74975,0.77205,0.76976,0.74412,0.75892
3861.0,0.92829,0.77023,0.79199,0.79118,0.76471,0.7795274999999999
3862.0,1.50336,0.79706,0.81751,0.81842,0.79211,0.8062750000000001
3863.0,1.22141,0.81811,0.83662,0.83869,0.81386,0.82682
3864.0,1.26557,0.82667,0.84334,0.84581,0.82289,0.8346775
3865.0,2.89274,0.82486,0.84051,0.84296,0.8212,0.8323825
3866.0,5.46191,0.81861,0.83422,0.8366,0.81481,0.8260599999999999
3867.0,12.64386,0.81134,0.82753,0.82983,0.80731,0.8190024999999999
3868.0,20.61918,0.80245,0.81944,0.82144,0.79821,0.810385
3869.0,17.7418,0.79042,0.80828,0.80951,0.78597,0.798545
3870.0,9.05802,0.77692,0.7956,0.79566,0.77221,0.7850974999999999
3871.0,3.96584,0.76806,0.78744,0.78627,0.7631,0.7762175
3872.0,1.85183,0.77101,0.79092,0.78901,0.76599,0.7792324999999999
3873.0,1.80111,0.78738,0.80743,0.80557,0.78268,0.795765
3874.0,1.4006,0.80929,0.82877,0.82757,0.80528,0.8177274999999999
3875.0,1.03431,0.82354,0.84183,0.84118,0.82025,0.8317
3876.0,1.19636,0.82162,0.83871,0.83799,0.81866,0.829245
3877.0,0.4772,0.80669,0.82338,0.8221,0.80345,0.8139049999999999
3878.0,0.88044,0.79007,0.80731,0.80566,0.78624,0.79732
3879.0,0.88173,0.7803,0.79837,0.7969,0.77602,0.7878975
3880.0,1.15459,0.77754,0.79588,0.79488,0.77306,0.78534
3881.0,0.80189,0.77856,0.79619,0.79556,0.77407,0.786095
3882.0,0.86692,0.78167,0.79818,0.7977,0.77746,0.7887525
3883.0,1.31066,0.7833,0.7989,0.79839,0.7798,0.7900975000000001
3884.0,1.28955,0.77499,0.78938,0.78868,0.77234,0.7813474999999999
3885.0,1.2096,0.75101,0.76319,0.76224,0.74892,0.75634
3886.0,1.27916,0.71773,0.72698,0.72594,0.71595,0.72165
3887.0,3.58265,0.69118,0.69784,0.69701,0.68965,0.69392
3888.0,5.88604,0.68643,0.69156,0.69107,0.68508,0.688535
3889.0,5.73399,0.70978,0.71458,0.71436,0.70855,0.7118175
3890.0,4.05066,0.75633,0.76206,0.76196,0.75524,0.7588975
3891.0,2.34357,0.81171,0.81903,0.81886,0.81085,0.8151125
3892.0,1.28401,0.85865,0.86706,0.86655,0.85806,0.86258
3893.0,1.27442,0.88638,0.8951,0.89405,0.88594,0.8903675
3894.0,1.22837,0.89621,0.90508,0.90355,0.89563,0.9001175
3895.0,1.66758,0.8978,0.90724,0.90554,0.89689,0.9018675
3896.0,0.7099,0.89914,0.90947,0.90793,0.89806,0.9036500000000001
3897.0,1.55153,0.90084,0.9119,0.9106,0.89975,0.9057725
3898.0,0.90379,0.90061,0.91183,0.9107,0.89949,0.9056575
3899.0,0.98126,0.8997,0.9108,0.90976,0.89846,0.90468
3900.0,1.25524,0.90113,0.91255,0.9116,0.8999,0.906295
3901.0,0.65038,0.9039,0.91593,0.915,0.90278,0.9094025
3902.0,0.42931,0.9034,0.91575,0.91468,0.90233,0.9090400000000001
3903.0,0.80774,0.89716,0.90953,0.90813,0.89605,0.9027175000000001
3904.0,0.51143,0.88809,0.90062,0.8988,0.88679,0.893575
3905.0,0.77256,0.88344,0.89635,0.89423,0.88176,0.888945
3906.0,1.26637,0.89074,0.90374,0.90175,0.8888,0.8962574999999999
3907.0,0.76606,0.91185,0.92455,0.9232,0.91013,0.9174325
3908.0,1.11992,0.94053,0.95228,0.95181,0.9394,0.946005
3909.0,0.8374,0.96711,0.97702,0.97731,0.96671,0.9720375
3910.0,0.81902,0.98612,0.99384,0.99468,0.98635,0.9902475
3911.0,0.81,0.99783,1.00394,1.00506,0.99857,1.00135
3912.0,0.86394,1.00407,1.00951,1.01051,1.00516,1.0073125
3913.0,1.38828,1.00499,1.01049,1.011,1.00629,1.0081925
3914.0,1.18007,0.99969,1.00555,1.00545,1.00107,1.0029399999999997
3915.0,1.08823,0.98776,0.99414,0.99365,0.98907,0.991155
3916.0,1.31841,0.96978,0.97679,0.97621,0.97086,0.97341
3917.0,1.23718,0.9462,0.95389,0.95339,0.94702,0.9501250000000001
3918.0,0.98472,0.91719,0.92564,0.92521,0.91765,0.9214225
3919.0,1.11424,0.88468,0.89398,0.8935,0.8846,0.8891899999999999
3920.0,1.19389,0.85428,0.86456,0.86396,0.8535,0.859075
3921.0,1.15799,0.83314,0.84464,0.84398,0.83175,0.8383774999999999
3922.0,0.73035,0.82484,0.8376,0.83696,0.82311,0.8306275000000001
3923.0,0.49527,0.82604,0.83981,0.83907,0.8243,0.832305
3924.0,0.9644,0.828,0.84257,0.84129,0.82641,0.8345675
3925.0,0.89783,0.82184,0.83742,0.83494,0.82027,0.8286175
3926.0,0.94217,0.80351,0.82062,0.8163,0.80168,0.8105275000000001
3927.0,1.2197,0.77504,0.7945,0.78783,0.77272,0.7825225
3928.0,0.85608,0.74197,0.76461,0.75526,0.73902,0.7502150000000001
3929.0,0.64804,0.70965,0.73587,0.72366,0.70608,0.718815
3930.0,0.83438,0.68136,0.71104,0.69599,0.67727,0.691415
3931.0,1.0113,0.65854,0.69111,0.67344,0.6541,0.6692975
3932.0,1.06754,0.64175,0.6763,0.6566,0.63712,0.6529425
3933.0,0.82625,0.6319,0.66741,0.64669,0.62715,0.6432875
3934.0,1.2226,0.63116,0.66668,0.64626,0.62622,0.64258
3935.0,1.32912,0.64221,0.67704,0.65812,0.63703,0.6536
3936.0,1.46913,0.66588,0.69944,0.68286,0.66057,0.6771875
3937.0,0.6851,0.69933,0.73095,0.71709,0.69413,0.710375
3938.0,0.44591,0.73636,0.76537,0.75424,0.7316,0.7468925
3939.0,0.67217,0.76958,0.79565,0.78695,0.76547,0.7794125000000001
3940.0,0.48498,0.79306,0.81632,0.80955,0.78959,0.80213
3941.0,1.16059,0.80473,0.82559,0.82019,0.80172,0.8130575
3942.0,1.04771,0.80802,0.82691,0.82251,0.8052,0.81566
3943.0,0.87332,0.8114,0.82877,0.8253,0.8085,0.8184925
3944.0,1.26608,0.8238,0.84003,0.83761,0.82086,0.830575
3945.0,0.80123,0.84744,0.86267,0.86138,0.84488,0.8540924999999999
3946.0,0.65592,0.87582,0.8898,0.88938,0.87397,0.8822425
3947.0,1.44636,0.90117,0.91331,0.91333,0.89996,0.9069425
3948.0,1.56744,0.92222,0.93245,0.93261,0.92147,0.9271875
3949.0,1.26314,0.94189,0.9509,0.95115,0.94159,0.9463825
3950.0,0.66448,0.95955,0.96788,0.96823,0.95978,0.9638599999999999
3951.0,1.06051,0.97123,0.9786,0.97903,0.97183,0.9751725
3952.0,1.56222,0.97622,0.98233,0.98286,0.97699,0.9796
3953.0,1.44332,0.97782,0.98309,0.98383,0.97874,0.9808700000000001
3954.0,1.2133,0.9771,0.98226,0.9832,0.97821,0.9801925
3955.0,1.33633,0.97165,0.97692,0.97788,0.97279,0.97481
3956.0,1.51665,0.96109,0.96647,0.96724,0.962,0.9642
3957.0,1.11052,0.94806,0.95405,0.95464,0.94873,0.9513699999999999
3958.0,0.70109,0.93139,0.93859,0.93907,0.93203,0.93527
3959.0,0.80799,0.90386,0.91213,0.9123,0.90451,0.9082
3960.0,1.1871,0.86118,0.87011,0.86951,0.86148,0.86557
3961.0,0.94629,0.81019,0.82026,0.81842,0.80961,0.81462
3962.0,1.19302,0.76356,0.77612,0.77283,0.76194,0.7686125
3963.0,1.65512,0.72714,0.74311,0.73824,0.72469,0.733295
3964.0,1.80485,0.69565,0.71459,0.70788,0.69274,0.702715
3965.0,3.39411,0.66042,0.68108,0.67221,0.65733,0.6677599999999999
3966.0,6.25494,0.61837,0.6396,0.62858,0.61526,0.6254525
3967.0,7.91076,0.57433,0.59507,0.5826,0.57126,0.580815
3968.0,7.89764,0.53834,0.55762,0.54503,0.53526,0.5440625
3969.0,7.7302,0.52163,0.53924,0.52789,0.51838,0.526785
3970.0,6.68189,0.53184,0.54869,0.53933,0.52821,0.5370175
3971.0,4.30679,0.56877,0.5861,0.57877,0.56468,0.57458
3972.0,2.04656,0.62458,0.64273,0.63709,0.62014,0.6311350000000001
3973.0,0.77985,0.68859,0.70674,0.70246,0.68414,0.6954825
3974.0,1.5326,0.75221,0.76915,0.76607,0.74819,0.758905
3975.0,1.30918,0.81087,0.82567,0.82374,0.80758,0.8169649999999999
3976.0,0.9902,0.86348,0.87573,0.87487,0.86107,0.8687875
3977.0,1.33745,0.91084,0.92045,0.92065,0.90938,0.9153300000000001
3978.0,1.37676,0.95289,0.96015,0.96128,0.95243,0.9566875
3979.0,1.16156,0.98678,0.99202,0.99383,0.98735,0.989995
3980.0,1.21148,1.00862,1.01205,1.01414,1.01005,1.011215
3981.0,1.09231,1.01793,1.01982,1.02191,1.01988,1.019885
3982.0,0.71049,1.01993,1.02075,1.02281,1.02201,1.021375
3983.0,1.22942,1.02254,1.02293,1.02513,1.02455,1.0237875
3984.0,1.23584,1.03095,1.03131,1.03378,1.03293,1.0322425000000002
3985.0,0.7324,1.04519,1.04547,1.04813,1.04732,1.0465274999999998
3986.0,1.20625,1.06194,1.06189,1.0646,1.0644,1.0632074999999999
3987.0,1.32976,1.07693,1.07627,1.07899,1.07987,1.0780150000000002
3988.0,1.02882,1.0867,1.08517,1.08798,1.09004,1.0874725
3989.0,1.08586,1.0908,1.08837,1.09144,1.09431,1.09123
3990.0,0.82376,1.09289,1.08968,1.09314,1.0964,1.0930275
3991.0,0.96252,1.09712,1.09357,1.09748,1.10064,1.0972025
3992.0,1.22541,1.10275,1.09923,1.10343,1.10646,1.1029674999999999
3993.0,1.22023,1.10451,1.10089,1.10504,1.1085,1.104735
3994.0,1.05759,1.09829,1.09443,1.09821,1.10246,1.0983475
3995.0,0.90038,1.08573,1.0818,1.08504,1.0898,1.0855925000000002
3996.0,1.29063,1.07401,1.07034,1.07309,1.07775,1.0737975
3997.0,0.99776,1.07215,1.069,1.07148,1.07553,1.0720399999999999
3998.0,1.04561,1.08537,1.08263,1.08514,1.08871,1.0854625
3999.0,1.16437,1.11068,1.10782,1.11059,1.1144,1.1108725
4000.0,0.87567,1.1381,1.13441,1.13757,1.14249,1.1381424999999998
4001.0,1.178,1.15653,1.15156,1.15506,1.16171,1.156215
4002.0,0.77814,1.15794,1.15177,1.15545,1.16382,1.157245
4003.0,1.18913,1.1391,1.13224,1.13578,1.14517,1.1380725
4004.0,0.9614,1.10559,1.09871,1.10185,1.11107,1.1043049999999999
4005.0,1.27256,1.07369,1.06758,1.07041,1.07806,1.072435
4006.0,1.18924,1.06119,1.05651,1.05954,1.06453,1.0604425000000002
4007.0,0.88471,1.07293,1.06961,1.07328,1.07594,1.07294
4008.0,1.42329,1.09842,1.09511,1.09951,1.10181,1.0987125
4009.0,1.38179,1.12348,1.11873,1.12359,1.12753,1.1233325
4010.0,0.90296,1.14119,1.13474,1.13969,1.14582,1.1403599999999998
4011.0,1.31699,1.15265,1.14521,1.14993,1.15766,1.1513624999999998
4012.0,1.21225,1.16157,1.15384,1.15816,1.1668,1.1600925
4013.0,1.1488,1.17012,1.1624,1.16632,1.17556,1.1686
4014.0,1.47365,1.17777,1.17002,1.17369,1.18348,1.17624
4015.0,1.01703,1.18237,1.17431,1.17787,1.1883,1.1807124999999998
4016.0,0.90391,1.18298,1.17445,1.17799,1.18897,1.1810975000000001
4017.0,0.72397,1.18199,1.17314,1.17672,1.18795,1.17995
4018.0,0.84902,1.18269,1.17383,1.1775,1.18864,1.1806649999999999
4019.0,1.32023,1.18456,1.17586,1.17966,1.19061,1.1826724999999998
4020.0,0.91067,1.18311,1.17428,1.17824,1.18932,1.1812375
4021.0,0.59469,1.17456,1.16509,1.16927,1.18095,1.1724675
4022.0,1.6042,1.15895,1.14841,1.15297,1.16544,1.1564425
4023.0,1.06666,1.13979,1.12776,1.13296,1.14629,1.1366999999999998
4024.0,1.73977,1.12384,1.10998,1.11616,1.1303,1.12007
4025.0,2.65884,1.1194,1.10418,1.11145,1.12577,1.1152
4026.0,2.13737,1.12952,1.11457,1.12257,1.13591,1.1256425
4027.0,1.87294,1.14528,1.13223,1.14017,1.15189,1.1423925000000001
4028.0,1.36662,1.14869,1.13788,1.145,1.15546,1.1467575
4029.0,0.93349,1.12631,1.11715,1.12316,1.13277,1.1248475
4030.0,1.36373,1.08151,1.07378,1.07893,1.08701,1.0803075
4031.0,1.20829,1.03258,1.02671,1.03154,1.03662,1.0318625
4032.0,0.82707,0.99938,0.99581,1.00085,1.00194,0.999495
4033.0,1.1731,0.99326,0.99155,0.99708,0.9948,0.9941725
4034.0,0.42067,1.01633,1.01526,1.02132,1.01757,1.01762
4035.0,0.95515,1.06308,1.06157,1.06802,1.06484,1.0643775
4036.0,1.10139,1.12031,1.11747,1.12414,1.12331,1.1213075
4037.0,0.99275,1.17014,1.16509,1.17179,1.17469,1.1704275000000002
4038.0,1.06541,1.19844,1.19065,1.19719,1.20432,1.1976499999999999
4039.0,1.07247,1.2026,1.19246,1.19874,1.20916,1.20074
4040.0,1.19245,1.19012,1.1792,1.1852,1.1968,1.18783
4041.0,1.39601,1.16813,1.15821,1.16401,1.17471,1.166265
4042.0,1.08745,1.135,1.12691,1.13246,1.14132,1.1339225000000002
4043.0,0.77903,1.08563,1.07908,1.08422,1.09125,1.085045
4044.0,1.07703,1.02656,1.0211,1.02575,1.03071,1.02603
4045.0,0.78355,0.98098,0.97709,0.98159,0.98326,0.98073
4046.0,1.04414,0.9735,0.97197,0.97689,0.97435,0.9741775000000001
4047.0,0.63718,1.00914,1.00951,1.0152,1.00977,1.0109050000000002
4048.0,0.58742,1.06958,1.06989,1.07612,1.07123,1.0717050000000001
4049.0,1.11571,1.12843,1.12649,1.1328,1.13176,1.1298700000000002
4050.0,1.19446,1.16766,1.16251,1.16858,1.17255,1.167825
4051.0,1.39206,1.18196,1.17418,1.17994,1.18787,1.1809875
4052.0,1.14884,1.17494,1.16571,1.17122,1.18124,1.1732775
4053.0,0.90178,1.15443,1.14483,1.15022,1.16059,1.1525175
4054.0,0.77973,1.12888,1.11982,1.12529,1.1346,1.1271475
4055.0,0.95557,1.10455,1.09655,1.10222,1.10973,1.1032625
4056.0,1.47406,1.08505,1.07809,1.08399,1.08962,1.0841875
4057.0,0.93017,1.07329,1.0672,1.07337,1.07729,1.0727875
4058.0,0.77495,1.07184,1.06657,1.07308,1.07548,1.0717425
4059.0,1.10997,1.07793,1.07349,1.0804,1.08162,1.07836
4060.0,1.096,1.07973,1.0758,1.08295,1.08378,1.080565
4061.0,1.15628,1.06425,1.06005,1.06703,1.06845,1.0649449999999998
4062.0,0.84395,1.03207,1.02742,1.03387,1.03574,1.0322750000000003
4063.0,1.31123,1.00082,0.99678,1.0027,1.00347,1.0009425
4064.0,0.82769,0.98997,0.98763,0.99337,0.9918,0.9906925
4065.0,1.08751,1.00327,1.00208,1.00808,1.00511,1.004635
4066.0,1.73411,1.02909,1.02692,1.03359,1.03187,1.0303675
4067.0,1.43131,1.05418,1.0491,1.05672,1.05838,1.054595
4068.0,1.33204,1.07075,1.06247,1.0711,1.07633,1.0701625
4069.0,1.56163,1.07417,1.06367,1.07295,1.08055,1.072835
4070.0,1.69741,1.06467,1.05325,1.06255,1.07094,1.0628525
4071.0,1.49307,1.05256,1.04173,1.05056,1.05795,1.0507
4072.0,0.61151,1.05151,1.04282,1.05107,1.05599,1.0503475
4073.0,1.19418,1.0625,1.05635,1.06409,1.0667,1.06241
4074.0,0.72809,1.07047,1.06555,1.07266,1.07499,1.0709175
4075.0,1.08884,1.06168,1.05629,1.06248,1.06639,1.06171
4076.0,1.23358,1.04099,1.03493,1.04005,1.04524,1.0403025
4077.0,0.80981,1.02876,1.02325,1.02756,1.03213,1.0279250000000002
4078.0,1.17236,1.04213,1.03807,1.04219,1.04494,1.0418325
4079.0,0.60872,1.08057,1.07741,1.08195,1.08369,1.080905
4080.0,1.13724,1.1271,1.12322,1.12837,1.13132,1.1275025000000003
4081.0,1.15275,1.16123,1.15514,1.16068,1.16674,1.1609475
4082.0,1.41196,1.17263,1.16387,1.16946,1.17897,1.1712325
4083.0,1.18436,1.16656,1.15574,1.16122,1.17302,1.1641350000000001
4084.0,0.7511,1.15824,1.14647,1.15201,1.16436,1.15527
4085.0,1.2166,1.16144,1.14946,1.15546,1.16732,1.15842
4086.0,1.39162,1.17976,1.16732,1.17419,1.18595,1.176805
4087.0,1.15108,1.2058,1.19196,1.19985,1.21289,1.202625
4088.0,1.23211,1.22745,1.21158,1.22024,1.23563,1.223725
4089.0,1.51599,1.23628,1.21873,1.22759,1.24514,1.231935
4090.0,1.03898,1.23183,1.21377,1.22227,1.24067,1.2271349999999999
4091.0,0.71157,1.21931,1.202,1.20993,1.22765,1.2147225
4092.0,1.13513,1.20347,1.18757,1.19506,1.21124,1.199335
4093.0,1.22494,1.18371,1.16894,1.17625,1.19114,1.18001
4094.0,0.90881,1.15545,1.14093,1.14829,1.16276,1.1518575000000002
4095.0,1.00256,1.11752,1.10249,1.11003,1.12468,1.11368
4096.0,1.12693,1.07607,1.06053,1.06828,1.083,1.07197
4097.0,1.69215,1.03833,1.02301,1.03077,1.0451,1.0343025
4098.0,2.10276,1.00427,0.98943,0.99674,1.01107,1.0003775
4099.0,3.48445,0.96877,0.95364,0.96,0.97568,0.9645225000000001
4100.0,7.33007,0.93277,0.91664,0.92189,0.93956,0.9277150000000001
4101.0,11.00913,0.90867,0.89215,0.89665,0.91493,0.9031
4102.0,9.38655,0.91142,0.89623,0.90069,0.91688,0.9063049999999999
4103.0,4.87816,0.94492,0.9324,0.93743,0.94967,0.9411050000000001
4104.0,2.31021,0.99848,0.98848,0.99422,1.00292,0.996025
4105.0,2.00401,1.05473,1.04597,1.05217,1.05932,1.0530475
4106.0,1.40423,1.09875,1.08995,1.09625,1.10382,1.0971925
4107.0,1.28634,1.12273,1.11321,1.11943,1.12828,1.1209125
4108.0,0.99451,1.1271,1.11678,1.12294,1.13287,1.1249224999999998
4109.0,1.16879,1.11917,1.10842,1.11465,1.12477,1.1167525
4110.0,1.15233,1.10945,1.09881,1.1053,1.11464,1.10705
4111.0,0.88773,1.10697,1.09683,1.10374,1.11178,1.1048300000000002
4112.0,1.24265,1.11512,1.10541,1.11283,1.11987,1.1133075
4113.0,1.47615,1.13032,1.12044,1.1284,1.13548,1.12866
4114.0,1.08096,1.14502,1.13422,1.14266,1.15092,1.143205
4115.0,1.22237,1.15264,1.14059,1.14936,1.15929,1.1504699999999999
4116.0,1.00775,1.15021,1.13729,1.14608,1.15728,1.1477149999999998
4117.0,1.28708,1.13862,1.12555,1.13408,1.1456,1.1359625
4118.0,1.46681,1.12267,1.10999,1.11825,1.12915,1.120015
4119.0,1.00351,1.10951,1.09746,1.1057,1.11537,1.1070099999999998
4120.0,0.80719,1.10403,1.0927,1.10114,1.10944,1.1018275
4121.0,0.82619,1.10638,1.09572,1.10431,1.11155,1.10449
4122.0,1.17117,1.11445,1.10437,1.11294,1.11952,1.1128200000000001
4123.0,1.57912,1.12639,1.1168,1.12525,1.13144,1.1249700000000002
4124.0,0.98103,1.13874,1.12951,1.13783,1.14394,1.137505
4125.0,0.67977,1.1455,1.13622,1.14442,1.151,1.144285
4126.0,1.1234,1.14206,1.13234,1.14037,1.14778,1.1406375
4127.0,1.27434,1.12914,1.11917,1.12703,1.13486,1.12755
4128.0,1.03714,1.11096,1.10138,1.10914,1.11645,1.1094825
4129.0,1.18586,1.09003,1.08137,1.0891,1.09519,1.0889225000000002
4130.0,1.09457,1.06638,1.05862,1.06634,1.07109,1.0656075
4131.0,1.24915,1.04212,1.03507,1.04268,1.04622,1.0415225
4132.0,0.8419,1.02481,1.01853,1.02599,1.02816,1.0243725
4133.0,0.80656,1.02381,1.01854,1.02596,1.02653,1.02371
4134.0,0.92692,1.04255,1.03815,1.04575,1.04511,1.04289
4135.0,0.99214,1.07478,1.07039,1.07839,1.07778,1.075335
4136.0,1.05461,1.10855,1.10297,1.11149,1.11236,1.1088425
4137.0,0.74696,1.13388,1.12641,1.13547,1.13855,1.1335775
4138.0,0.7815,1.14622,1.13716,1.14665,1.15156,1.1453975
4139.0,0.71987,1.14327,1.13352,1.14317,1.14907,1.1422575
4140.0,0.6375,1.12182,1.11202,1.12146,1.12775,1.1207624999999999
4141.0,1.22203,1.08146,1.07176,1.08069,1.08703,1.080235
4142.0,1.26994,1.03224,1.02285,1.0313,1.03676,1.0307875
4143.0,1.21347,0.9944,0.98618,0.99452,0.99748,0.993145
4144.0,1.45532,0.98551,0.97943,0.98814,0.98746,0.985135
4145.0,1.57109,1.00595,1.00197,1.01128,1.00768,1.0067199999999998
4146.0,1.30677,1.03887,1.03558,1.04537,1.04121,1.0402575
4147.0,0.95863,1.06433,1.06004,1.07001,1.0676,1.0654949999999999
4148.0,0.66735,1.07279,1.06674,1.0767,1.07673,1.0732399999999997
4149.0,0.70739,1.06722,1.05985,1.06981,1.07135,1.0670575
4150.0,0.89907,1.05628,1.04856,1.05861,1.06026,1.0559275000000001
4151.0,0.90421,1.0466,1.03923,1.0494,1.05036,1.0463974999999999
4152.0,0.8123,1.03984,1.03304,1.04319,1.04344,1.0398775
4153.0,0.98705,1.03491,1.02854,1.03849,1.03839,1.0350825
4154.0,0.96148,1.03158,1.02538,1.03514,1.03492,1.031755
4155.0,0.88849,1.03197,1.02574,1.03549,1.03513,1.0320825
4156.0,1.0,1.03952,1.03317,1.04311,1.04255,1.0395874999999999
4157.0,1.29825,1.05629,1.04982,1.05996,1.05937,1.0563600000000002
4158.0,1.02512,1.08037,1.07362,1.08384,1.08379,1.080405
4159.0,0.9933,1.10623,1.09871,1.10888,1.11022,1.10601
4160.0,1.13984,1.12838,1.11965,1.12974,1.13305,1.127705
4161.0,1.09328,1.14402,1.13403,1.1441,1.14933,1.14287
4162.0,1.5083,1.15162,1.14069,1.15081,1.15746,1.1501450000000002
4163.0,1.23929,1.14934,1.13786,1.14803,1.1555,1.1476825000000002
4164.0,0.87182,1.1368,1.1251,1.13529,1.14293,1.13503
4165.0,0.8178,1.11752,1.10595,1.11613,1.12328,1.11572
4166.0,0.89751,1.09845,1.08744,1.09755,1.10361,1.0967624999999999
4167.0,0.88023,1.08651,1.07654,1.08648,1.09111,1.0851600000000001
4168.0,0.97165,1.08365,1.07508,1.0847,1.08802,1.0828625
4169.0,1.46622,1.08374,1.07643,1.08545,1.08825,1.0834674999999998
4170.0,1.37909,1.07627,1.06961,1.07777,1.08105,1.076175
4171.0,1.31074,1.05643,1.04989,1.05708,1.06115,1.0561375000000002
4172.0,1.1237,1.03093,1.0247,1.03122,1.03511,1.03049
4173.0,1.0177,1.01241,1.00718,1.01361,1.01584,1.01226
4174.0,0.96324,1.0078,1.00382,1.01075,1.01068,1.0082624999999998
4175.0,1.07997,1.01386,1.01047,1.01819,1.0166,1.01478
4176.0,1.61299,1.02321,1.01947,1.0279,1.02607,1.0241624999999999
4177.0,1.20557,1.03192,1.02737,1.03634,1.03493,1.03264
4178.0,0.82204,1.04005,1.03483,1.04426,1.0432,1.0405849999999999
4179.0,0.84767,1.04755,1.04185,1.05164,1.05084,1.0479699999999998
4180.0,1.50353,1.05313,1.04686,1.05681,1.05658,1.053345
4181.0,1.22158,1.05767,1.05083,1.0606,1.06121,1.0575775
4182.0,0.75169,1.06512,1.05808,1.0674,1.06876,1.06484
4183.0,0.92289,1.07726,1.07044,1.07928,1.08122,1.07705
4184.0,0.64979,1.08856,1.08175,1.09024,1.09314,1.0884225
4185.0,1.06997,1.08985,1.08223,1.09054,1.09506,1.08942
4186.0,0.99191,1.07891,1.06998,1.07829,1.08428,1.0778649999999999
4187.0,0.99024,1.06502,1.05551,1.06394,1.07002,1.0636225000000001
4188.0,0.97499,1.06036,1.0515,1.06009,1.06483,1.0591949999999999
4189.0,1.10838,1.06838,1.06054,1.06926,1.07259,1.0676925
4190.0,1.32357,1.08353,1.07604,1.08486,1.08784,1.0830675
4191.0,1.1904,1.09926,1.09146,1.10044,1.10384,1.09875
4192.0,0.91558,1.11083,1.10265,1.11191,1.11578,1.1102925
4193.0,1.06159,1.11209,1.10352,1.11312,1.11744,1.1115425
4194.0,0.93089,1.09688,1.08769,1.09748,1.10246,1.0961275
4195.0,0.60895,1.06583,1.0561,1.06587,1.07121,1.0647525
4196.0,0.35509,1.02817,1.01858,1.02813,1.03299,1.0269675
4197.0,0.49869,0.99541,0.98665,0.99591,0.99958,0.9943875
4198.0,1.11271,0.9745,0.96683,0.9758,0.97825,0.9738450000000001
4199.0,1.37459,0.96643,0.95965,0.96842,0.96996,0.966115
4200.0,1.27455,0.96885,0.9627,0.97131,0.97222,0.96877
4201.0,0.85447,0.98003,0.97439,0.98284,0.98316,0.980105
4202.0,0.78429,1.00036,0.99527,1.00347,1.00325,1.0005875
4203.0,1.00199,1.0297,1.02501,1.03288,1.03262,1.0300525
4204.0,0.81928,1.06452,1.05966,1.06718,1.06788,1.06481
4205.0,0.79253,1.09896,1.09321,1.10051,1.10303,1.0989274999999998
4206.0,1.23322,1.12751,1.12039,1.12777,1.1324,1.1270175
4207.0,0.88864,1.14615,1.13747,1.14523,1.15174,1.1451475
4208.0,0.90748,1.15303,1.14279,1.15108,1.15909,1.1514975
4209.0,1.24334,1.15012,1.13862,1.14746,1.15636,1.14814
4210.0,1.10306,1.14252,1.13048,1.13979,1.14875,1.140385
4211.0,1.06013,1.13348,1.12167,1.13136,1.13968,1.1315475
4212.0,0.93645,1.1209,1.10955,1.11947,1.1271,1.1192549999999999
4213.0,0.63333,1.10198,1.09076,1.10065,1.10794,1.1003325
4214.0,0.73832,1.08185,1.07071,1.0802,1.08715,1.0799775
4215.0,0.49918,1.07457,1.06421,1.07297,1.07901,1.0726900000000001
4216.0,0.69562,1.09203,1.08324,1.09113,1.09602,1.090605
4217.0,1.04466,1.13179,1.12427,1.13142,1.13618,1.130915
4218.0,1.03363,1.17752,1.16975,1.17649,1.18303,1.1766975
4219.0,0.98711,1.21043,1.20102,1.20774,1.21724,1.2091075
4220.0,1.10663,1.21861,1.20736,1.21428,1.22644,1.2166725
4221.0,1.12898,1.1977,1.18551,1.19259,1.20601,1.1954525
4222.0,0.92531,1.14841,1.13657,1.14354,1.15651,1.1462575
4223.0,1.08643,1.07605,1.06577,1.07226,1.08322,1.074325
4224.0,0.9659,0.99212,0.9842,0.98993,0.99767,0.9909799999999999
4225.0,0.76861,0.91578,0.91058,0.91556,0.91917,0.9152724999999999
4226.0,0.88393,0.87133,0.86906,0.87377,0.87249,0.8716625
4227.0,1.03784,0.8773,0.87795,0.88316,0.87693,0.878835
4228.0,1.32392,0.93251,0.9351,0.94132,0.93205,0.9352450000000001
4229.0,1.21841,1.0131,1.01543,1.02254,1.01404,1.0162775000000002
4230.0,1.24846,1.08643,1.08601,1.09347,1.08954,1.0888624999999998
4231.0,0.87178,1.12983,1.12532,1.13269,1.13489,1.1306824999999998
4232.0,0.65003,1.13966,1.13149,1.13866,1.14581,1.138905
4233.0,1.46609,1.12708,1.11693,1.12397,1.1334,1.125345
4234.0,1.20865,1.10716,1.09678,1.10371,1.1131,1.1051875
4235.0,0.91948,1.09092,1.08129,1.08801,1.09633,1.0891374999999999
4236.0,1.08848,1.08402,1.07533,1.08178,1.08898,1.0825275
4237.0,1.28057,1.08817,1.08016,1.08642,1.09291,1.086915
4238.0,0.83757,1.10219,1.0943,1.10053,1.10697,1.1009975
4239.0,0.44488,1.12358,1.11519,1.12145,1.12862,1.12221
4240.0,0.95369,1.15008,1.14079,1.14702,1.15556,1.1483625
4241.0,0.83654,1.17979,1.16944,1.17545,1.18585,1.1776325
4242.0,0.8662,1.21039,1.19904,1.20467,1.21713,1.2078075000000001
4243.0,1.05183,1.23796,1.22593,1.23109,1.24549,1.2351175
4244.0,1.32747,1.25534,1.24284,1.24757,1.26373,1.25237
4245.0,1.25055,1.25357,1.24046,1.24483,1.26266,1.2503799999999998
4246.0,0.90176,1.22833,1.21454,1.2187,1.23761,1.224795
4247.0,1.04133,1.18508,1.17121,1.17542,1.19384,1.1813875
4248.0,0.9291,1.1366,1.12362,1.12826,1.14424,1.13318
4249.0,0.35703,1.09615,1.08475,1.09019,1.10245,1.093385
4250.0,1.26426,1.07204,1.06251,1.06894,1.0772,1.0701725
4251.0,1.31752,1.0643,1.05646,1.06382,1.06882,1.0633499999999998
4252.0,1.24368,1.06528,1.0582,1.06616,1.06969,1.0648325
4253.0,1.16397,1.06768,1.06007,1.06824,1.07213,1.06703
4254.0,0.63707,1.07308,1.06475,1.07278,1.07746,1.0720175
4255.0,1.10321,1.08795,1.07998,1.0877,1.09232,1.0869875
4256.0,1.10786,1.10967,1.10276,1.11006,1.11454,1.1092575
4257.0,0.88222,1.12311,1.11626,1.12306,1.12884,1.1228175
4258.0,0.99045,1.11576,1.10737,1.11365,1.12203,1.1147025
4259.0,0.95872,1.09394,1.08379,1.08969,1.09989,1.0918275
4260.0,0.92048,1.08019,1.06977,1.07547,1.0852,1.0776575
4261.0,1.17857,1.09425,1.08513,1.09081,1.09857,1.09219
4262.0,1.31218,1.13711,1.12935,1.13504,1.14169,1.1357975000000002
4263.0,1.06907,1.19172,1.18371,1.18936,1.19751,1.190575
4264.0,0.74846,1.23643,1.22634,1.23197,1.24382,1.23464
4265.0,1.15867,1.25711,1.24427,1.24997,1.26586,1.2543025
4266.0,1.29291,1.24981,1.23488,1.24072,1.25933,1.246185
4267.0,0.9561,1.2173,1.20174,1.20771,1.22686,1.2134025
4268.0,1.71501,1.16526,1.15064,1.15666,1.17419,1.1616875
4269.0,0.73439,1.10087,1.08816,1.09415,1.1086,1.097945
4270.0,0.82766,1.03429,1.02388,1.0298,1.0404,1.0320924999999999
4271.0,1.16974,0.97945,0.97161,0.97754,0.98375,0.9780875
4272.0,1.06089,0.94914,0.94405,0.95012,0.95191,0.9488049999999999
4273.0,0.85399,0.94853,0.94545,0.95177,0.95042,0.9490425
4274.0,0.85316,0.97505,0.97249,0.9791,0.97681,0.9758625
4275.0,0.57591,1.0227,1.01954,1.0264,1.02498,1.023405
4276.0,0.95183,1.08189,1.07775,1.08464,1.08529,1.0823925
4277.0,0.967,1.13697,1.13143,1.13798,1.14195,1.1370825
4278.0,0.75906,1.17133,1.16361,1.16948,1.17787,1.1705725
4279.0,0.74799,1.17864,1.16836,1.17352,1.1861,1.176655
4280.0,0.75074,1.16754,1.15555,1.16032,1.17509,1.164625
4281.0,0.74512,1.15351,1.14136,1.14618,1.16064,1.1504225
4282.0,0.83142,1.14592,1.13468,1.13977,1.15269,1.143265
4283.0,1.07597,1.14327,1.13295,1.13817,1.14996,1.1410875
4284.0,1.1582,1.13889,1.12901,1.134,1.14566,1.13689
4285.0,1.14664,1.12844,1.11898,1.12344,1.13523,1.1265225
4286.0,1.3074,1.11096,1.10237,1.10626,1.11765,1.10931
4287.0,1.19853,1.08607,1.0784,1.08192,1.09251,1.084725
4288.0,1.11284,1.0553,1.04803,1.05141,1.06123,1.0539924999999999
4289.0,1.08204,1.0273,1.02019,1.02371,1.03236,1.02589
4290.0,0.75355,1.01594,1.00975,1.0136,1.02001,1.014825
4291.0,0.4708,1.02848,1.02396,1.02826,1.03206,1.02819
4292.0,0.70415,1.05692,1.05345,1.05816,1.06081,1.0573350000000001
4293.0,0.6867,1.08402,1.08001,1.08486,1.08875,1.08441
4294.0,0.50317,1.09673,1.09135,1.09595,1.10225,1.09657
4295.0,0.77398,1.09136,1.08533,1.08928,1.09734,1.0908275
4296.0,1.01122,1.06865,1.0631,1.06613,1.07473,1.0681525
4297.0,0.94574,1.03034,1.02574,1.02776,1.0361,1.0299850000000002
4298.0,1.09199,0.98248,0.97895,0.98005,0.98744,0.9822299999999999
4299.0,1.29274,0.93764,0.93569,0.93617,0.94139,0.9377225
4300.0,1.08631,0.90877,0.90916,0.90935,0.91134,0.909655
4301.0,1.26515,0.9,0.90276,0.90294,0.90186,0.9018900000000001
4302.0,1.12924,0.90467,0.90881,0.90918,0.90641,0.9072675
4303.0,0.93275,0.91145,0.91583,0.91653,0.91346,0.9143175
4304.0,1.12002,0.9109,0.9149,0.916,0.91322,0.913755
4305.0,1.31645,0.89847,0.90193,0.90338,0.90088,0.901165
4306.0,1.44048,0.87618,0.87919,0.88076,0.8783,0.8786075
4307.0,1.12383,0.85332,0.8563,0.85774,0.85477,0.8555325
4308.0,1.00822,0.84317,0.84679,0.84799,0.84382,0.8454425000000001
4309.0,0.7327,0.85575,0.86039,0.8614,0.85587,0.8583525
4310.0,0.79137,0.892,0.89711,0.89809,0.89221,0.8948524999999999
4311.0,1.10965,0.94496,0.94906,0.95022,0.94591,0.9475375
4312.0,0.8763,1.00677,1.00818,1.00977,1.00886,1.008395
4313.0,1.16688,1.07455,1.07226,1.07458,1.07786,1.0748125
4314.0,1.21056,1.14932,1.14339,1.1467,1.15394,1.1483374999999998
4315.0,0.77744,1.22889,1.21985,1.22424,1.23504,1.227005
4316.0,0.84634,1.30218,1.29008,1.29544,1.31021,1.2994775
4317.0,1.11432,1.35348,1.33778,1.34383,1.36345,1.3496350000000001
4318.0,1.12353,1.3732,1.35391,1.36035,1.38454,1.368
4319.0,1.16699,1.36304,1.34158,1.34812,1.37494,1.3569200000000001
4320.0,0.92403,1.33044,1.30912,1.31539,1.34223,1.324295
4321.0,0.98067,1.2801,1.26065,1.26632,1.29136,1.2746075000000001
4322.0,1.04261,1.21308,1.19582,1.20078,1.22345,1.2082825
4323.0,0.95608,1.13492,1.1192,1.12369,1.14387,1.13042
4324.0,0.97539,1.06385,1.04926,1.05381,1.07071,1.0594074999999998
4325.0,0.98553,1.02715,1.01443,1.01957,1.03177,1.0232299999999999
4326.0,1.12055,1.04418,1.03443,1.04035,1.04737,1.0415825
4327.0,0.71846,1.10929,1.10213,1.10852,1.11274,1.10817
4328.0,1.17732,1.19281,1.1855,1.19189,1.19802,1.1920549999999999
4329.0,1.2923,1.26213,1.25128,1.25738,1.26962,1.2601025
4330.0,0.68182,1.30332,1.28751,1.29333,1.31253,1.2991725
4331.0,1.00397,1.32348,1.30387,1.3096,1.33351,1.317615
4332.0,1.47944,1.33573,1.31451,1.3202,1.34613,1.3291425000000001
4333.0,1.1612,1.34445,1.3231,1.32863,1.35529,1.3378675
4334.0,1.30261,1.34149,1.32028,1.3255,1.35307,1.3350849999999999
4335.0,1.53078,1.31285,1.29095,1.29583,1.32525,1.3062200000000002
4336.0,1.81093,1.25084,1.22712,1.2317,1.26365,1.2433275
4337.0,3.38452,1.16415,1.13843,1.14275,1.1765,1.1554575
4338.0,7.17339,1.07681,1.05046,1.05446,1.08785,1.0673949999999999
4339.0,14.37237,1.01598,0.99112,0.99473,1.02537,1.0068000000000001
4340.0,19.52971,0.99857,0.97687,0.98021,1.00648,0.9905325
4341.0,15.59152,1.02453,1.00657,1.00995,1.03156,1.0181525
4342.0,8.14512,1.07897,1.06375,1.06752,1.08584,1.07402
4343.0,4.03754,1.14161,1.12714,1.13144,1.14892,1.1372775
4344.0,2.44338,1.19793,1.1825,1.18728,1.20591,1.193405
4345.0,1.5859,1.24309,1.22611,1.23123,1.25174,1.2380425
4346.0,1.22987,1.27824,1.26001,1.26526,1.28751,1.272755
4347.0,1.61016,1.30408,1.2854,1.2906,1.31398,1.298515
4348.0,1.65226,1.31592,1.29743,1.30244,1.32653,1.31058
4349.0,1.17432,1.30488,1.28621,1.29095,1.3161,1.299535
4350.0,1.2358,1.26838,1.24867,1.25318,1.27955,1.262445
4351.0,1.17065,1.22042,1.20008,1.20455,1.23055,1.2139
4352.0,0.95844,1.18596,1.16709,1.17173,1.19447,1.1798125
4353.0,1.06414,1.18209,1.16628,1.17121,1.18934,1.1772300000000002
4354.0,1.15112,1.20623,1.19295,1.19808,1.21322,1.20262
4355.0,1.11893,1.24211,1.22947,1.23463,1.24974,1.2389875000000001
4356.0,1.15518,1.27278,1.2591,1.26421,1.2814,1.2693725000000002
4357.0,1.32183,1.28919,1.27353,1.2786,1.29863,1.2849875
4358.0,1.55766,1.29319,1.27545,1.28056,1.30295,1.2880375000000002
4359.0,1.48046,1.29522,1.2763,1.28154,1.30483,1.2894725
4360.0,1.37326,1.30572,1.28689,1.29226,1.31514,1.3000025000000002
4361.0,2.54255,1.32673,1.30835,1.31375,1.33631,1.321285
4362.0,5.03856,1.35227,1.33371,1.33897,1.36238,1.3468324999999999
4363.0,5.79718,1.37452,1.35529,1.36034,1.38533,1.36887
4364.0,3.94249,1.38681,1.36697,1.37178,1.39833,1.3809725
4365.0,2.02559,1.3835,1.36291,1.36758,1.39558,1.3773925
4366.0,1.57574,1.36336,1.34168,1.34635,1.37555,1.356735
4367.0,1.71499,1.33378,1.31151,1.3163,1.34548,1.3267675
4368.0,1.087,1.30727,1.28582,1.2908,1.31811,1.3005
4369.0,1.02083,1.2915,1.27205,1.27712,1.30162,1.2855725
4370.0,1.44661,1.28361,1.26617,1.27121,1.29345,1.27861
4371.0,1.02903,1.27376,1.25744,1.26241,1.28366,1.2693175
4372.0,0.80882,1.25375,1.23748,1.2424,1.26367,1.249325
4373.0,1.11694,1.22469,1.20783,1.21279,1.23419,1.219875
4374.0,1.16604,1.1987,1.18165,1.18677,1.2073,1.193605
4375.0,1.15087,1.19127,1.17529,1.1807,1.19887,1.1865325
4376.0,1.1541,1.20812,1.19409,1.19986,1.21532,1.2043475000000001
4377.0,0.83709,1.23836,1.22567,1.2318,1.24608,1.2354775
4378.0,0.88327,1.26072,1.24777,1.25423,1.26955,1.2580675
4379.0,1.11721,1.25631,1.24207,1.24892,1.26614,1.25336
4380.0,0.83227,1.21673,1.2014,1.20863,1.22688,1.21341
4381.0,0.95853,1.14616,1.1304,1.1378,1.15564,1.1425
4382.0,1.057,1.0625,1.047,1.0543,1.07025,1.0585125
4383.0,0.61424,0.99503,0.98128,0.98836,1.00033,0.99125
4384.0,1.09488,0.97092,0.96088,0.96792,0.97398,0.968425
4385.0,0.81471,0.99613,0.99027,0.99756,0.99826,0.995555
4386.0,0.99195,1.05058,1.04649,1.05416,1.0534,1.0511575
4387.0,1.3895,1.10446,1.09857,1.10653,1.10888,1.10461
4388.0,1.15045,1.13994,1.1304,1.13841,1.14579,1.138635
4389.0,1.28148,1.15823,1.14576,1.15363,1.16478,1.1555999999999997
4390.0,1.0847,1.17035,1.15686,1.16451,1.17704,1.16719
4391.0,0.94608,1.18443,1.17118,1.17863,1.1912,1.1813600000000002
4392.0,1.12921,1.20103,1.18789,1.19512,1.2081,1.198035
4393.0,0.91953,1.21788,1.20393,1.21083,1.22536,1.2145
4394.0,0.4772,1.23626,1.22117,1.2276,1.24409,1.23228
4395.0,1.13636,1.26007,1.24459,1.25055,1.26823,1.2558600000000002
4396.0,0.9696,1.28789,1.27283,1.27841,1.29662,1.2839375
4397.0,1.06545,1.30929,1.29422,1.29952,1.31891,1.305485
4398.0,1.12581,1.31257,1.29617,1.30131,1.32299,1.30826
4399.0,1.03702,1.29603,1.27789,1.28307,1.30665,1.29091
4400.0,1.18622,1.26848,1.25004,1.25555,1.27865,1.26318
4401.0,0.96869,1.23764,1.22069,1.22684,1.24719,1.23309
4402.0,1.04152,1.20198,1.18651,1.19348,1.21104,1.1982525
4403.0,0.96491,1.15817,1.1427,1.15057,1.16662,1.154515
4404.0,0.82902,1.11385,1.09799,1.10665,1.12115,1.10991
4405.0,0.70794,1.08617,1.07146,1.08068,1.09199,1.082575
4406.0,0.59573,1.08729,1.07498,1.08433,1.09205,1.0846625
4407.0,1.05292,1.11649,1.10578,1.11476,1.12106,1.1145225
4408.0,0.98037,1.16555,1.15489,1.16318,1.17067,1.1635725000000001
4409.0,1.2878,1.22495,1.21354,1.22118,1.23108,1.2226875
4410.0,1.42603,1.28256,1.27012,1.27733,1.29014,1.2800375
4411.0,1.14054,1.3225,1.3083,1.31543,1.33178,1.3195025
4412.0,1.40522,1.3312,1.31428,1.32156,1.34189,1.3272325
4413.0,1.16967,1.30729,1.28724,1.29477,1.31848,1.301945
4414.0,0.97441,1.26646,1.2442,1.25195,1.27702,1.2599075
4415.0,0.99789,1.23483,1.2127,1.22049,1.24404,1.228015
4416.0,1.19186,1.23284,1.21322,1.22082,1.24087,1.2269375
4417.0,1.27548,1.26179,1.24527,1.25247,1.2696,1.2572825
4418.0,0.93765,1.30428,1.28929,1.29613,1.31293,1.3006575
4419.0,0.80909,1.33691,1.32111,1.32783,1.34688,1.3331825
4420.0,0.95012,1.34494,1.32671,1.33355,1.3559,1.340275
4421.0,0.95944,1.3297,1.30894,1.31613,1.34085,1.3239049999999999
4422.0,1.06537,1.30516,1.28336,1.29098,1.31574,1.29881
4423.0,1.29678,1.28652,1.26562,1.2735,1.29629,1.2804825
4424.0,0.85868,1.28029,1.26112,1.26895,1.28955,1.2749775
4425.0,1.1192,1.28367,1.26569,1.2732,1.29289,1.2788625
4426.0,1.00273,1.29084,1.27323,1.28032,1.30024,1.2861574999999998
4427.0,0.8508,1.29731,1.27974,1.28652,1.30693,1.2926250000000001
4428.0,1.00325,1.30026,1.28245,1.28915,1.31006,1.29548
4429.0,1.11836,1.29856,1.28021,1.28704,1.30846,1.2935675
4430.0,1.04844,1.29323,1.27458,1.28165,1.30308,1.288135
4431.0,1.0105,1.28473,1.26652,1.27382,1.29451,1.279895
4432.0,0.91302,1.2705,1.25279,1.2602,1.28028,1.2659425000000002
4433.0,0.92308,1.2492,1.23104,1.23846,1.25886,1.24439
4434.0,1.00575,1.22848,1.2094,1.21686,1.23752,1.223065
4435.0,0.97357,1.22411,1.20518,1.21273,1.23217,1.2185475000000001
4436.0,1.14191,1.24707,1.22984,1.23754,1.25452,1.2422425000000001
4437.0,1.06923,1.29113,1.27578,1.28347,1.29905,1.2873575000000002
4438.0,1.13317,1.33453,1.31928,1.32684,1.34384,1.3311225
4439.0,1.19467,1.35473,1.33734,1.3447,1.36558,1.3505875
4440.0,0.91127,1.34416,1.32355,1.33073,1.35579,1.3385575
4441.0,0.95929,1.31491,1.29196,1.299,1.32624,1.3080275
4442.0,1.20136,1.29036,1.26735,1.27418,1.30059,1.28312
4443.0,1.26838,1.28939,1.26854,1.27507,1.29859,1.2828974999999998
4444.0,1.00661,1.31452,1.29637,1.30254,1.3235,1.3092325
4445.0,0.69722,1.35235,1.33526,1.34117,1.362,1.3476949999999999
4446.0,0.95073,1.38522,1.36692,1.37269,1.39597,1.3801999999999999
4447.0,0.8751,1.40346,1.38291,1.38863,1.41509,1.3975225
4448.0,0.97697,1.40751,1.38537,1.39102,1.41952,1.400855
4449.0,1.17094,1.40194,1.37936,1.38495,1.41403,1.39507
4450.0,0.36918,1.38948,1.36725,1.37286,1.40157,1.38279
4451.0,1.40693,1.36912,1.34762,1.35337,1.38112,1.3628075
4452.0,1.03108,1.33811,1.31724,1.32322,1.34988,1.3321125
4453.0,0.59123,1.29683,1.27618,1.2824,1.30809,1.290875
4454.0,1.07016,1.25262,1.23239,1.23884,1.26291,1.2466899999999999
4455.0,0.77979,1.21696,1.19826,1.20502,1.22596,1.21155
4456.0,0.86778,1.19669,1.18046,1.18761,1.20467,1.1923575000000002
4457.0,0.75761,1.18895,1.17471,1.18227,1.19647,1.1856
4458.0,0.9475,1.18545,1.17178,1.17968,1.19295,1.1824649999999999
4459.0,1.00987,1.18138,1.16713,1.17529,1.18883,1.1781575
4460.0,0.8347,1.17983,1.16479,1.17307,1.187,1.1761725
4461.0,1.20413,1.18872,1.17348,1.18175,1.19555,1.184875
4462.0,0.96066,1.21287,1.1983,1.2064,1.21965,1.2093049999999999
4463.0,0.92174,1.2477,1.23386,1.2417,1.25499,1.2445625
4464.0,0.89772,1.2812,1.2668,1.27439,1.28948,1.2779675
4465.0,0.92067,1.30271,1.28639,1.29382,1.31201,1.2987325
4466.0,1.08377,1.30961,1.29127,1.29861,1.31948,1.3047425000000001
4467.0,1.06332,1.30618,1.28648,1.2938,1.31626,1.30068
4468.0,1.52863,1.29928,1.27843,1.28586,1.30943,1.29325
4469.0,1.56518,1.29619,1.27401,1.28181,1.30632,1.2895824999999999
4470.0,2.32103,1.30374,1.28046,1.28882,1.31378,1.2967
4471.0,3.11079,1.32526,1.30171,1.31052,1.33535,1.31821
4472.0,2.41638,1.35764,1.33449,1.34339,1.36808,1.3509
4473.0,1.8033,1.39281,1.3699,1.37849,1.40382,1.3862550000000002
4474.0,1.56619,1.42343,1.4001,1.40815,1.43501,1.4166725
4475.0,1.39622,1.44661,1.42271,1.43021,1.45863,1.43954
4476.0,1.18801,1.461,1.43717,1.44417,1.47343,1.4539425000000001
4477.0,1.03427,1.46198,1.43838,1.4451,1.47496,1.455105
4478.0,1.13691,1.44322,1.41891,1.4256,1.45671,1.43611
4479.0,1.1416,1.40545,1.37945,1.38634,1.41886,1.397525
4480.0,0.90317,1.36231,1.33519,1.3424,1.37476,1.353665
4481.0,0.94522,1.33486,1.30866,1.31604,1.34582,1.3263449999999999
4482.0,1.14261,1.33782,1.31444,1.32172,1.34764,1.330405
4483.0,1.04477,1.36965,1.34927,1.35619,1.37926,1.3635924999999998
4484.0,1.087,1.41371,1.39483,1.40127,1.42411,1.40848
4485.0,1.2646,1.44844,1.42897,1.43501,1.4601,1.44313
4486.0,1.21755,1.4585,1.43702,1.44289,1.47128,1.4524225
4487.0,1.12237,1.44177,1.41783,1.42383,1.45498,1.4346025
4488.0,0.76118,1.40943,1.38378,1.39011,1.42224,1.4013900000000001
4489.0,1.38033,1.37924,1.35369,1.36045,1.39102,1.3711
4490.0,1.55605,1.36383,1.34031,1.34748,1.37462,1.35656
4491.0,0.80987,1.36203,1.34107,1.34856,1.37249,1.3560375
4492.0,1.08335,1.36157,1.34167,1.34942,1.37233,1.3562475
4493.0,0.89358,1.35195,1.33103,1.339,1.36298,1.3462399999999999
4494.0,0.85859,1.33551,1.31299,1.32116,1.34622,1.32897
4495.0,0.78334,1.32558,1.30285,1.31106,1.33553,1.318755
4496.0,0.89052,1.33413,1.31285,1.32087,1.3435,1.3278375
4497.0,1.16344,1.36119,1.34163,1.34926,1.37065,1.3556825
4498.0,0.80909,1.39537,1.37628,1.38342,1.40559,1.390165
4499.0,0.98396,1.42416,1.40368,1.41036,1.43535,1.4183875
4500.0,1.3033,1.44426,1.42133,1.42766,1.4561,1.4373375000000002
4501.0,1.22989,1.46263,1.43793,1.444,1.47462,1.4547949999999998
4502.0,1.10498,1.48729,1.46256,1.46838,1.49937,1.4794
4503.0,1.22509,1.51728,1.49328,1.49883,1.52991,1.509825
4504.0,0.74119,1.54236,1.51801,1.52335,1.55594,1.5349149999999998
4505.0,0.80341,1.55274,1.52654,1.53187,1.56713,1.54457
4506.0,1.19346,1.54807,1.51983,1.52533,1.56269,1.53898
4507.0,1.11956,1.53666,1.50751,1.51328,1.55106,1.5271274999999997
4508.0,0.87131,1.52699,1.49829,1.5043,1.5411,1.51767
4509.0,0.89149,1.52062,1.49293,1.4991,1.53467,1.5118300000000002
4510.0,0.83031,1.51243,1.48529,1.49162,1.52667,1.5040025000000001
4511.0,0.9787,1.49679,1.46935,1.47592,1.51118,1.4883099999999998
4512.0,1.22735,1.47374,1.44563,1.45255,1.48793,1.4649625
4513.0,0.76367,1.4497,1.42144,1.42874,1.4633,1.440795
4514.0,0.91672,1.43234,1.405,1.4125,1.44526,1.4237750000000002
4515.0,1.15161,1.42496,1.39915,1.40655,1.43744,1.4170250000000002
4516.0,0.87216,1.42602,1.40131,1.40833,1.43832,1.418495
4517.0,0.87964,1.43319,1.40884,1.41531,1.44539,1.4256825
4518.0,1.36476,1.44593,1.42191,1.42782,1.45799,1.4384124999999999
4519.0,0.88841,1.46258,1.43946,1.4448,1.47474,1.455395
4520.0,0.88158,1.47685,1.45449,1.4593,1.48954,1.470045
4521.0,1.12615,1.47979,1.45707,1.46152,1.49312,1.4728750000000002
4522.0,0.94997,1.46587,1.44211,1.44649,1.47952,1.4584975
4523.0,1.00492,1.43617,1.4119,1.4166,1.44962,1.4285725
4524.0,0.84355,1.39533,1.37157,1.37687,1.40827,1.38801
4525.0,0.58561,1.34823,1.32531,1.33135,1.36045,1.341335
4526.0,0.76075,1.30043,1.27823,1.28499,1.31164,1.2938225
4527.0,1.05193,1.25992,1.23872,1.24601,1.26986,1.2536275
4528.0,0.98781,1.23527,1.21574,1.22335,1.24408,1.22961
4529.0,1.16574,1.23086,1.21335,1.22101,1.23894,1.2260399999999998
4530.0,1.04899,1.24314,1.22741,1.23487,1.25105,1.2391174999999999
4531.0,0.75708,1.26198,1.24722,1.25424,1.27024,1.25842
4532.0,1.01511,1.27657,1.26152,1.26794,1.28548,1.2728774999999999
4533.0,1.44834,1.28344,1.2668,1.27266,1.29284,1.278935
4534.0,1.20525,1.29014,1.2717,1.27719,1.29946,1.2846225
4535.0,1.05438,1.30875,1.29003,1.29543,1.31768,1.3029725
4536.0,1.443,1.3431,1.3256,1.33118,1.35213,1.3380025
4537.0,1.18598,1.38197,1.36489,1.37084,1.39209,1.3774475000000002
4538.0,0.63036,1.40747,1.38794,1.39449,1.41903,1.4022325
4539.0,0.93493,1.41083,1.387,1.39429,1.42331,1.4038575
4540.0,1.15404,1.39952,1.37241,1.38036,1.41211,1.3911000000000002
4541.0,0.7338,1.38827,1.36072,1.36897,1.40051,1.3796175
4542.0,0.76551,1.38514,1.35936,1.36743,1.39711,1.3772600000000002
4543.0,0.97027,1.38758,1.36366,1.37122,1.39951,1.3804925000000001
4544.0,1.00754,1.38934,1.36617,1.37318,1.40119,1.38247
4545.0,1.30749,1.38787,1.36502,1.37163,1.39937,1.3809725
4546.0,1.37252,1.38447,1.36242,1.36871,1.39568,1.3778200000000003
4547.0,1.04122,1.38077,1.3595,1.36545,1.39197,1.3744224999999999
4548.0,1.49083,1.37739,1.35628,1.36187,1.38856,1.371025
4549.0,0.71413,1.375,1.35395,1.35932,1.38597,1.36856
4550.0,0.90005,1.37392,1.35332,1.35875,1.38478,1.3676925
4551.0,1.05662,1.37248,1.35217,1.35783,1.38349,1.3664925
4552.0,0.73977,1.36864,1.34777,1.35366,1.37978,1.3624625
4553.0,0.89559,1.36436,1.34259,1.34854,1.3753,1.3576975
4554.0,1.17447,1.36691,1.3449,1.35075,1.37745,1.3600024999999998
4555.0,1.29671,1.38372,1.36238,1.36806,1.39398,1.377035
4556.0,0.87155,1.41518,1.3948,1.40031,1.42555,1.4089600000000002
4557.0,0.54682,1.45308,1.43296,1.43833,1.46412,1.4471225
4558.0,0.89969,1.48592,1.46475,1.47007,1.49792,1.4796649999999998
4559.0,0.89831,1.5056,1.48264,1.48796,1.51842,1.498655
4560.0,0.48118,1.50976,1.48542,1.49078,1.52304,1.50225
4561.0,0.84746,1.49949,1.47454,1.47997,1.51299,1.4917475
4562.0,1.38076,1.47759,1.4522,1.45773,1.49109,1.4696524999999998
4563.0,1.01578,1.45045,1.42437,1.43011,1.46355,1.4421199999999998
4564.0,1.02208,1.42923,1.40293,1.409,1.44142,1.420645
4565.0,1.01029,1.42502,1.39987,1.40621,1.43634,1.4168599999999998
4566.0,0.62738,1.44035,1.41719,1.42359,1.45143,1.43314
4567.0,1.02799,1.46536,1.44347,1.44968,1.477,1.4588775
4568.0,0.83979,1.48415,1.46178,1.46767,1.49668,1.47757
4569.0,1.2515,1.48664,1.46248,1.46805,1.49985,1.4792549999999998
4570.0,1.36945,1.47604,1.45012,1.45545,1.48937,1.467745
4571.0,1.04621,1.4652,1.43884,1.44403,1.47799,1.456515
4572.0,0.93484,1.46488,1.43985,1.44502,1.477,1.4566875000000001
4573.0,0.86314,1.47547,1.45219,1.45745,1.4876,1.4681775
4574.0,1.13532,1.48847,1.46553,1.47096,1.5011,1.481515
4575.0,1.28989,1.49388,1.47015,1.47579,1.50684,1.486665
4576.0,1.23185,1.48639,1.46204,1.4679,1.49949,1.478955
4577.0,1.14141,1.46597,1.44133,1.44742,1.47912,1.45846
4578.0,0.9104,1.43647,1.41148,1.41779,1.44937,1.4287775
4579.0,0.81843,1.40582,1.38076,1.38721,1.41803,1.397955
4580.0,0.9325,1.38408,1.36002,1.36646,1.39531,1.3764675
4581.0,0.87068,1.37706,1.35509,1.36134,1.38758,1.3702675
4582.0,1.05174,1.38183,1.36171,1.3677,1.39225,1.3758724999999998
4583.0,1.24561,1.39,1.37013,1.37601,1.40068,1.3842050000000001
4584.0,1.10657,1.39613,1.37514,1.38113,1.407,1.38985
4585.0,0.87752,1.40285,1.38071,1.38692,1.41368,1.39604
4586.0,1.15875,1.41667,1.39439,1.40073,1.42741,1.4098000000000002
4587.0,0.65491,1.43909,1.41759,1.42381,1.45,1.4326225000000001
4588.0,0.95187,1.46246,1.44154,1.44745,1.47405,1.456375
4589.0,1.15396,1.47496,1.45332,1.45894,1.48745,1.4686675
4590.0,0.94946,1.46971,1.44631,1.45189,1.48277,1.4626700000000001
4591.0,0.85921,1.44969,1.42484,1.43067,1.46264,1.44196
4592.0,0.79973,1.42428,1.39926,1.40555,1.43666,1.4164375
4593.0,1.16488,1.4022,1.37799,1.38486,1.41395,1.39475
4594.0,1.44858,1.38759,1.36423,1.37169,1.39879,1.380575
4595.0,1.21516,1.38085,1.35807,1.36604,1.39159,1.3741375
4596.0,0.82384,1.38096,1.35873,1.36699,1.39142,1.374525
4597.0,0.80394,1.38591,1.36424,1.37248,1.39628,1.3797274999999998
4598.0,1.09924,1.39223,1.37096,1.37893,1.40274,1.386215
4599.0,1.14527,1.39677,1.37545,1.38305,1.40755,1.390705
4600.0,0.98511,1.39876,1.37702,1.3843,1.4097,1.3924450000000002
4601.0,1.05119,1.39941,1.37746,1.3846,1.4103,1.3929425
4602.0,0.85771,1.40021,1.37831,1.3855,1.41109,1.3937775
4603.0,0.70567,1.40225,1.38004,1.38741,1.41317,1.3957175
4604.0,0.9257,1.40775,1.38485,1.39239,1.4186,1.4008975000000001
4605.0,1.00091,1.42158,1.39829,1.40573,1.43229,1.4144725
4606.0,1.06171,1.44795,1.42512,1.43207,1.45868,1.440955
4607.0,0.86975,1.48441,1.46251,1.46865,1.49563,1.4778
4608.0,0.88059,1.52028,1.49857,1.50389,1.53256,1.513825
4609.0,0.94315,1.54273,1.5196,1.52444,1.55619,1.53574
4610.0,0.64248,1.54571,1.52014,1.52492,1.55984,1.5376525
4611.0,0.55164,1.534,1.50655,1.51156,1.54813,1.5250599999999999
4612.0,0.89574,1.51946,1.4916,1.49684,1.53313,1.5102575
4613.0,0.92825,1.51242,1.48545,1.49068,1.52552,1.5035175
4614.0,0.90543,1.51582,1.49036,1.49526,1.52862,1.507515
4615.0,1.2804,1.52572,1.50135,1.50573,1.53864,1.51786
4616.0,1.31095,1.53536,1.51109,1.51498,1.54859,1.527505
4617.0,1.04363,1.53986,1.51502,1.51867,1.55337,1.53173
4618.0,1.12636,1.53944,1.51374,1.51745,1.55314,1.5309425
4619.0,0.66902,1.53765,1.51134,1.51532,1.55124,1.5288875
4620.0,0.86819,1.53735,1.51123,1.51553,1.55071,1.528705
4621.0,1.12292,1.53873,1.51309,1.51765,1.55215,1.530405
4622.0,0.9854,1.53949,1.51385,1.5186,1.553,1.531235
4623.0,0.78425,1.53699,1.51115,1.51604,1.55046,1.5286600000000001
4624.0,1.29318,1.53126,1.50531,1.51031,1.54471,1.5228975
4625.0,1.15581,1.5247,1.49865,1.50373,1.53809,1.5162925
4626.0,1.02546,1.51942,1.49353,1.49865,1.53256,1.51104
4627.0,1.30816,1.51624,1.49078,1.49584,1.52931,1.5080425
4628.0,1.58157,1.5152,1.48987,1.49485,1.52842,1.5070849999999998
4629.0,1.38585,1.51555,1.49007,1.49501,1.52882,1.5073625000000002
4630.0,1.1413,1.51538,1.48999,1.495,1.52865,1.507255
4631.0,1.20546,1.51194,1.48672,1.49184,1.5254,1.503975
4632.0,1.25125,1.5031,1.4776,1.48288,1.51672,1.4950750000000002
4633.0,1.20878,1.48911,1.46337,1.46886,1.50245,1.4809475
4634.0,1.35817,1.47244,1.44725,1.453,1.48527,1.46449
4635.0,1.39134,1.45517,1.43096,1.43698,1.46767,1.447695
4636.0,1.07788,1.43725,1.41353,1.41988,1.44951,1.4300424999999999
4637.0,0.94154,1.41869,1.39486,1.40165,1.43058,1.411445
4638.0,1.25061,1.40273,1.37876,1.38609,1.41414,1.39543
4639.0,1.362,1.39488,1.37123,1.37912,1.40583,1.387765
4640.0,1.21795,1.39753,1.37477,1.38312,1.40813,1.3908874999999998
4641.0,1.09924,1.40597,1.38439,1.393,1.41663,1.3999975
4642.0,1.19429,1.41046,1.38929,1.39805,1.42159,1.4048475
4643.0,1.2492,1.40161,1.37965,1.3886,1.41317,1.3957575
4644.0,1.10314,1.37656,1.35323,1.36254,1.38821,1.370135
4645.0,1.14629,1.34229,1.3176,1.32742,1.35369,1.33525
4646.0,1.13568,1.31209,1.28669,1.29703,1.32286,1.3046674999999999
4647.0,0.85164,1.29845,1.27364,1.28432,1.30843,1.29121
4648.0,0.87334,1.30713,1.28388,1.29452,1.31669,1.300555
4649.0,1.15041,1.33447,1.3127,1.32288,1.34424,1.3285725
4650.0,1.09805,1.36983,1.34882,1.35819,1.38024,1.36427
4651.0,1.31182,1.40092,1.37991,1.38834,1.41213,1.395325
4652.0,1.13788,1.41873,1.39711,1.40468,1.43069,1.4128025000000002
4653.0,1.09987,1.42138,1.3985,1.40551,1.43377,1.4147900000000002
4654.0,1.30096,1.41523,1.39106,1.39778,1.42745,1.40788
4655.0,1.40698,1.4124,1.38795,1.39458,1.42393,1.404715
4656.0,1.30895,1.42427,1.40089,1.4074,1.43515,1.4169275
4657.0,1.75739,1.45351,1.4318,1.43812,1.46421,1.44691
4658.0,1.59668,1.49098,1.47044,1.4765,1.50216,1.48502
4659.0,1.29384,1.52082,1.49996,1.50583,1.53304,1.5149124999999999
4660.0,1.36244,1.52969,1.50694,1.51288,1.54295,1.523115
4661.0,1.31313,1.51407,1.48897,1.4953,1.52785,1.5065475
4662.0,1.23616,1.48032,1.45383,1.46081,1.49392,1.4722199999999999
4663.0,1.31976,1.43778,1.41149,1.41921,1.45074,1.429805
4664.0,1.15805,1.39207,1.36689,1.37528,1.40431,1.3846375
4665.0,1.11301,1.3459,1.32154,1.33037,1.35747,1.3388200000000001
4666.0,1.1765,1.3051,1.28111,1.29009,1.31573,1.2980075
4667.0,1.17707,1.28087,1.25807,1.2669,1.29014,1.273995
4668.0,1.04464,1.2835,1.26349,1.2719,1.29158,1.2776175
4669.0,1.01644,1.31271,1.29585,1.3037,1.32051,1.3081925
4670.0,1.23635,1.3551,1.3397,1.34702,1.36356,1.3513449999999998
4671.0,0.91293,1.39302,1.37657,1.38362,1.40259,1.38895
4672.0,0.90049,1.41654,1.39746,1.40453,1.42708,1.4114025000000001
4673.0,1.18501,1.4276,1.40608,1.41336,1.43864,1.42142
4674.0,0.89607,1.43397,1.41143,1.41892,1.44512,1.42736
4675.0,0.81638,1.43995,1.41768,1.42526,1.45117,1.433515
4676.0,1.1443,1.44281,1.42101,1.42859,1.4543,1.4366775
4677.0,1.23027,1.43713,1.41501,1.42256,1.44895,1.4309125
4678.0,1.178,1.42121,1.39825,1.4058,1.43299,1.4145625000000002
4679.0,1.04623,1.40002,1.37663,1.38422,1.41138,1.3930625
4680.0,1.24516,1.38247,1.35939,1.36703,1.3933,1.3755475
4681.0,1.62205,1.37524,1.3529,1.36058,1.38563,1.3685874999999998
4682.0,1.20641,1.37863,1.35697,1.36474,1.3889,1.3723100000000001
4683.0,1.2377,1.38764,1.36588,1.37381,1.3983,1.3814075
4684.0,1.10595,1.39603,1.37308,1.38124,1.40732,1.3894175
4685.0,1.20251,1.39986,1.3755,1.3839,1.41155,1.3927025
4686.0,1.46535,1.39952,1.37457,1.38313,1.41128,1.392125
4687.0,1.45485,1.39819,1.37362,1.38222,1.40972,1.3909375000000002
4688.0,1.75524,1.39796,1.37444,1.38297,1.40907,1.39111
4689.0,1.51111,1.39896,1.37651,1.38491,1.40975,1.3925325
4690.0,1.12919,1.40116,1.3791,1.38742,1.41178,1.3948650000000002
4691.0,1.43121,1.40539,1.38326,1.39161,1.41583,1.3990224999999998
4692.0,1.2347,1.41351,1.39145,1.39993,1.42379,1.4071700000000003
4693.0,0.91946,1.42642,1.4047,1.41328,1.43677,1.4202925000000002
4694.0,0.9932,1.44091,1.4196,1.42816,1.45151,1.435045
4695.0,0.59262,1.44956,1.42835,1.43681,1.4606,1.4438299999999997
4696.0,0.71191,1.44529,1.42334,1.43174,1.45689,1.4393150000000001
4697.0,0.85173,1.42702,1.40368,1.41214,1.43887,1.4204275000000002
4698.0,0.87313,1.40084,1.37665,1.38531,1.41229,1.3937725000000003
4699.0,0.89943,1.37574,1.35215,1.36099,1.38644,1.36883
4700.0,1.07823,1.35804,1.33578,1.34463,1.36819,1.3516599999999999
4701.0,1.40311,1.34907,1.32787,1.33651,1.35893,1.3430950000000001
4702.0,1.22843,1.34776,1.3273,1.33562,1.35739,1.3420175000000003
4703.0,1.06444,1.35275,1.3331,1.34115,1.3622,1.3473000000000002
4704.0,1.24956,1.3611,1.34223,1.35009,1.37064,1.356015
4705.0,1.07813,1.36792,1.3491,1.35684,1.37783,1.3629225
4706.0,1.1035,1.36953,1.34991,1.3575,1.37973,1.3641674999999998
4707.0,1.5142,1.36723,1.34678,1.35418,1.37737,1.3613899999999999
4708.0,1.12909,1.36722,1.34667,1.3539,1.37712,1.3612275
4709.0,1.54141,1.37487,1.35489,1.36208,1.38462,1.3691149999999999
4710.0,2.17018,1.3886,1.36928,1.37664,1.39844,1.38324
4711.0,1.86307,1.40115,1.38153,1.38927,1.41143,1.395845
4712.0,1.44017,1.40626,1.38498,1.39317,1.41705,1.4003649999999999
4713.0,2.0641,1.40522,1.38206,1.39054,1.41612,1.3984850000000002
4714.0,1.29118,1.40712,1.38334,1.39174,1.41767,1.3999675
4715.0,0.82308,1.42089,1.39817,1.40611,1.43102,1.4140475000000001
4716.0,1.42024,1.44819,1.42706,1.43425,1.45841,1.4419775
4717.0,1.41585,1.48271,1.46226,1.46858,1.49354,1.4767725
4718.0,1.1961,1.51461,1.4939,1.49941,1.52616,1.50852
4719.0,1.24425,1.53678,1.51524,1.52012,1.54905,1.5302974999999999
4720.0,1.40852,1.54723,1.52434,1.52886,1.56011,1.540135
4721.0,1.08759,1.54834,1.52412,1.52856,1.56154,1.54064
4722.0,0.90144,1.54511,1.52037,1.52488,1.55829,1.5371625
4723.0,1.14563,1.54054,1.51643,1.52109,1.5536,1.532915
4724.0,1.28492,1.5317,1.50859,1.51346,1.5448,1.5246374999999999
4725.0,1.06066,1.51144,1.48837,1.49359,1.52477,1.5045425000000001
4726.0,0.79027,1.47588,1.45163,1.45746,1.48916,1.4685325
4727.0,0.94355,1.4309,1.40548,1.41216,1.44346,1.423
4728.0,1.27599,1.39028,1.36511,1.37263,1.40156,1.382395
4729.0,1.20272,1.36702,1.3436,1.35166,1.3771,1.359845
4730.0,0.88384,1.36571,1.34454,1.35264,1.3751,1.3594975
4731.0,0.93351,1.38121,1.36187,1.3696,1.39045,1.3757825000000001
4732.0,1.01261,1.4038,1.38536,1.39258,1.41339,1.3987824999999998
4733.0,0.86455,1.42485,1.40612,1.4129,1.43503,1.419725
4734.0,1.30324,1.43918,1.41945,1.42594,1.44984,1.4336025
4735.0,0.94188,1.44713,1.42624,1.43252,1.45813,1.4410049999999999
4736.0,0.76861,1.45349,1.43176,1.43782,1.46466,1.4469325000000002
4737.0,1.07319,1.46214,1.44065,1.44638,1.4732,1.4555925
4738.0,1.37269,1.47302,1.45221,1.45759,1.48417,1.4667474999999999
4739.0,1.28752,1.48301,1.46197,1.46704,1.49458,1.47665
4740.0,1.54692,1.48914,1.4672,1.47214,1.501,1.48237
4741.0,1.69078,1.49221,1.46974,1.47469,1.50407,1.4851774999999998
4742.0,1.13566,1.49544,1.47287,1.47793,1.50723,1.4883674999999998
4743.0,0.93514,1.50073,1.47809,1.48323,1.51258,1.4936574999999999
4744.0,0.58988,1.50817,1.48532,1.49042,1.52015,1.501015
4745.0,0.71083,1.51701,1.49416,1.49912,1.52904,1.5098325
4746.0,1.53082,1.52629,1.50366,1.50842,1.53841,1.519195
4747.0,0.87112,1.53444,1.51174,1.51631,1.54686,1.5273375
4748.0,0.83622,1.53894,1.51594,1.5204,1.55164,1.5317299999999998
4749.0,1.21888,1.53748,1.51426,1.51877,1.55031,1.530205
4750.0,1.33307,1.52915,1.50565,1.51039,1.54204,1.5218075
4751.0,1.13253,1.51471,1.49073,1.4958,1.5276,1.5072100000000002
4752.0,1.00606,1.49656,1.47228,1.47768,1.50917,1.4889225000000001
4753.0,1.11776,1.47882,1.45476,1.4604,1.49098,1.4712399999999999
4754.0,1.21723,1.4659,1.44246,1.44816,1.47764,1.45854
4755.0,1.22796,1.46009,1.4375,1.4431,1.47147,1.45304
4756.0,1.33115,1.46116,1.43941,1.4448,1.47235,1.45443
4757.0,1.09051,1.46678,1.44574,1.45088,1.47801,1.4603525
4758.0,0.82076,1.47294,1.45244,1.45737,1.48439,1.466785
4759.0,1.05749,1.47436,1.45407,1.45889,1.48606,1.468345
4760.0,1.16107,1.46663,1.44602,1.45081,1.47859,1.4605125
4761.0,0.83394,1.44893,1.42762,1.43247,1.461,1.4425050000000001
4762.0,0.76027,1.42414,1.40258,1.40761,1.4359,1.4175575
4763.0,0.90983,1.39786,1.37651,1.38195,1.40904,1.39134
4764.0,0.9183,1.37636,1.35517,1.36116,1.38693,1.3699050000000002
4765.0,0.89274,1.36524,1.3443,1.35084,1.37518,1.3588900000000002
4766.0,0.91627,1.36857,1.34853,1.35537,1.37794,1.3626025
4767.0,0.87995,1.3868,1.36814,1.37487,1.39601,1.3814549999999999
4768.0,1.3201,1.41428,1.39665,1.40294,1.42384,1.4094275
4769.0,1.43848,1.44099,1.42336,1.42906,1.45116,1.4361424999999999
4770.0,1.12083,1.45964,1.44066,1.44588,1.47049,1.4541675
4771.0,0.53991,1.47044,1.44972,1.45461,1.48173,1.464125
4772.0,0.30726,1.4794,1.45792,1.46261,1.49077,1.4726750000000002
4773.0,1.80189,1.49217,1.47094,1.47546,1.50355,1.48553
4774.0,3.54544,1.50883,1.48794,1.49222,1.52041,1.5023499999999999
4775.0,3.01956,1.52511,1.50402,1.50801,1.53715,1.5185724999999999
4776.0,1.13917,1.53652,1.51498,1.51865,1.54898,1.5297825
4777.0,0.84435,1.54081,1.51897,1.52237,1.55353,1.5339200000000002
4778.0,1.35574,1.53793,1.51569,1.5189,1.55094,1.530865
4779.0,0.8253,1.52802,1.50542,1.50864,1.54115,1.5208074999999999
4780.0,0.93643,1.51151,1.48878,1.49229,1.52451,1.5042725
4781.0,1.11462,1.49074,1.46776,1.47179,1.50344,1.4834325
4782.0,0.94539,1.46957,1.44643,1.45105,1.48191,1.4622400000000002
4783.0,0.87336,1.45192,1.42924,1.43436,1.46378,1.444825
4784.0,1.00097,1.43977,1.41809,1.42346,1.45111,1.4331075
4785.0,0.9823,1.4331,1.41209,1.41748,1.44425,1.42673
4786.0,1.07851,1.4306,1.40991,1.41513,1.44168,1.4243299999999999
4787.0,1.20225,1.43075,1.41059,1.41562,1.4416,1.42464
4788.0,0.9206,1.43407,1.41404,1.41895,1.44484,1.427975
4789.0,0.99381,1.44207,1.42165,1.42649,1.4528,1.4357525
4790.0,0.91686,1.45629,1.43577,1.44053,1.46688,1.4498674999999999
4791.0,0.89339,1.4787,1.45834,1.46288,1.48936,1.4723199999999999
4792.0,1.31592,1.50856,1.48853,1.49265,1.51955,1.5023225
4793.0,1.14901,1.54009,1.52048,1.52407,1.55166,1.534075
4794.0,1.10437,1.56423,1.54444,1.54758,1.57662,1.5582175
4795.0,1.21417,1.57283,1.55179,1.55475,1.58601,1.566345
4796.0,1.05064,1.5632,1.54033,1.54344,1.57682,1.5559474999999998
4797.0,0.68288,1.54059,1.51615,1.51964,1.55407,1.5326125000000002
4798.0,0.64145,1.51626,1.49109,1.49501,1.52918,1.507885
4799.0,0.96584,1.50171,1.47707,1.48127,1.51391,1.4934900000000002
4800.0,1.0554,1.50254,1.47966,1.48384,1.51423,1.4950674999999998
4801.0,1.53919,1.5154,1.49449,1.4984,1.52703,1.5088300000000001
4802.0,1.15036,1.52989,1.50989,1.51345,1.54191,1.523785
4803.0,0.8137,1.53509,1.51454,1.51791,1.54763,1.5287925
4804.0,0.99449,1.52669,1.50474,1.50821,1.53959,1.5198075000000002
4805.0,1.11128,1.50848,1.48539,1.48927,1.52123,1.5010925000000002
4806.0,0.83939,1.48872,1.46529,1.4697,1.50098,1.4811725
4807.0,0.71246,1.47542,1.45223,1.4571,1.48717,1.46798
4808.0,0.93543,1.47217,1.44993,1.455,1.48349,1.4651475
4809.0,1.05411,1.47793,1.45689,1.4619,1.48907,1.4714475
4810.0,1.10266,1.48855,1.46808,1.47287,1.49982,1.48233
4811.0,1.11519,1.49908,1.47838,1.48297,1.51059,1.4927549999999998
4812.0,0.96778,1.50705,1.4857,1.49021,1.51878,1.500435
4813.0,0.54375,1.51371,1.4917,1.4962,1.52554,1.5067875000000002
4814.0,1.17848,1.52205,1.49973,1.50417,1.53392,1.5149675
4815.0,1.3239,1.53411,1.51189,1.51612,1.54603,1.5270375
4816.0,0.9655,1.54933,1.52742,1.53128,1.56143,1.5423650000000002
4817.0,0.88213,1.56479,1.54309,1.54649,1.57723,1.5579
4818.0,1.08164,1.57602,1.55435,1.55733,1.58888,1.5691450000000002
4819.0,1.06602,1.57828,1.55641,1.55915,1.59158,1.571355
4820.0,0.8213,1.56841,1.54592,1.54867,1.58202,1.561255
4821.0,0.96356,1.54674,1.52325,1.52628,1.56023,1.5391249999999999
4822.0,1.24613,1.51931,1.49485,1.49828,1.5324,1.51121
4823.0,1.23367,1.49631,1.47186,1.47564,1.50875,1.48814
4824.0,0.9097,1.48534,1.4626,1.46658,1.49708,1.4779
4825.0,0.67745,1.48694,1.46613,1.47013,1.49836,1.4803899999999999
4826.0,0.88887,1.4942,1.47419,1.47809,1.50568,1.4880399999999998
4827.0,1.15898,1.49863,1.47845,1.48228,1.51038,1.492435
4828.0,1.26587,1.49665,1.47595,1.47978,1.50864,1.4902549999999999
4829.0,1.30119,1.48944,1.46834,1.47224,1.5014,1.482855
4830.0,1.0663,1.48026,1.45879,1.46282,1.49201,1.4734699999999998
4831.0,0.87761,1.47349,1.45165,1.45581,1.48501,1.46649
4832.0,1.1862,1.47311,1.4517,1.45591,1.48432,1.4662600000000001
4833.0,1.61506,1.48056,1.46034,1.46447,1.4916,1.4742425
4834.0,1.46634,1.49317,1.47367,1.47757,1.50433,1.4871850000000002
4835.0,1.49778,1.50415,1.48474,1.48838,1.51567,1.498235
4836.0,1.50406,1.5073,1.48755,1.49101,1.51918,1.5012599999999998
4837.0,1.29857,1.50065,1.48013,1.48358,1.51272,1.49427
4838.0,1.38553,1.48688,1.46541,1.46899,1.49888,1.48004
4839.0,1.73646,1.47142,1.44958,1.45335,1.48316,1.4643774999999999
4840.0,1.50442,1.4598,1.43841,1.44242,1.47112,1.4529375
4841.0,1.3103,1.4553,1.43455,1.43875,1.4662,1.4486999999999999
4842.0,1.26046,1.45873,1.43825,1.44253,1.46944,1.4522375000000003
4843.0,1.37518,1.46893,1.44886,1.45306,1.47961,1.462615
4844.0,1.67373,1.48276,1.46352,1.46754,1.49361,1.4768575
4845.0,2.04361,1.49521,1.47625,1.48005,1.50644,1.4894875
4846.0,1.92576,1.50063,1.48084,1.4845,1.51221,1.494545
4847.0,1.81374,1.49717,1.47602,1.47967,1.50897,1.4904574999999998
4848.0,1.94124,1.48937,1.46734,1.4711,1.50118,1.4822475
4849.0,1.68974,1.48347,1.46179,1.46563,1.49503,1.47648
4850.0,1.67088,1.48114,1.46043,1.46428,1.49262,1.4746175
4851.0,2.22118,1.47818,1.45794,1.46176,1.48983,1.4719275
4852.0,2.8565,1.46759,1.44721,1.45109,1.47939,1.4613200000000002
4853.0,2.50215,1.44646,1.42511,1.42919,1.45831,1.4397675
4854.0,2.85695,1.41861,1.39595,1.40032,1.43029,1.4112925
4855.0,3.47004,1.39032,1.3676,1.37219,1.4017,1.3829525
4856.0,4.06885,1.36413,1.34258,1.34723,1.37541,1.3573374999999999
4857.0,5.62471,1.33562,1.31463,1.31903,1.34716,1.3291099999999998
4858.0,10.11039,1.29765,1.27544,1.27922,1.30952,1.2904575
4859.0,20.60192,1.25023,1.22584,1.22879,1.26212,1.2417449999999999
4860.0,36.65078,1.20615,1.18057,1.18274,1.21748,1.1967349999999999
4861.0,42.95255,1.18362,1.15948,1.16125,1.19383,1.174545
4862.0,33.19254,1.19274,1.17224,1.17416,1.20174,1.1852200000000002
4863.0,18.39202,1.22925,1.21222,1.21469,1.23761,1.2234425
4864.0,8.47699,1.27863,1.26346,1.26663,1.28695,1.2739175
4865.0,4.80766,1.32523,1.31053,1.31433,1.33401,1.321025
4866.0,3.84429,1.35934,1.34394,1.34822,1.36882,1.35508
4867.0,3.29593,1.37665,1.36013,1.36477,1.38678,1.3720824999999999
4868.0,3.27715,1.37596,1.35848,1.36348,1.38642,1.371085
4869.0,2.94224,1.35976,1.34105,1.34648,1.37015,1.35436
4870.0,2.50055,1.33642,1.31624,1.32212,1.34638,1.33029
4871.0,2.16615,1.31827,1.29801,1.30424,1.32747,1.3119975
4872.0,2.02119,1.31574,1.29729,1.30368,1.32423,1.310235
4873.0,2.41555,1.33153,1.315,1.32128,1.33965,1.326865
4874.0,2.32682,1.35958,1.34394,1.34982,1.36783,1.3552925
4875.0,1.90484,1.39129,1.37567,1.381,1.39997,1.3869825
4876.0,1.7132,1.42131,1.40533,1.41005,1.43058,1.4168175
4877.0,1.62807,1.44785,1.43136,1.43548,1.45782,1.4431275000000001
4878.0,1.9347,1.46865,1.45184,1.4555,1.47916,1.4637875
4879.0,2.50568,1.47975,1.46239,1.46586,1.49077,1.4746925000000002
4880.0,1.62871,1.47958,1.46075,1.46426,1.49102,1.4739025
4881.0,1.50917,1.46988,1.45002,1.45377,1.48142,1.4637725000000001
4882.0,1.58381,1.45418,1.43452,1.43863,1.46564,1.4482425
4883.0,1.52013,1.43531,1.4158,1.42039,1.44655,1.4295125000000002
4884.0,1.52246,1.41422,1.39432,1.39944,1.42507,1.4082625
4885.0,1.64943,1.39257,1.37258,1.37825,1.40298,1.3865949999999998
4886.0,1.49506,1.37374,1.3546,1.36069,1.38374,1.3681925000000001
4887.0,0.92166,1.35946,1.34158,1.34789,1.36913,1.3545150000000001
4888.0,1.21789,1.34825,1.33088,1.33723,1.35761,1.3434925
4889.0,1.24736,1.33921,1.32125,1.32761,1.34821,1.33407
4890.0,1.44744,1.33824,1.31937,1.32572,1.34684,1.3325425
4891.0,1.65767,1.35584,1.33744,1.34365,1.36395,1.35022
4892.0,1.111,1.39747,1.38114,1.38693,1.40544,1.3927450000000001
4893.0,0.88517,1.45728,1.4426,1.44762,1.46578,1.4533200000000002
4894.0,1.28435,1.51919,1.50469,1.50887,1.52876,1.5153775
4895.0,1.3722,1.56665,1.55078,1.55423,1.57765,1.5623275
4896.0,1.63659,1.59143,1.57301,1.57605,1.60372,1.5860524999999999
4897.0,1.38093,1.59393,1.5731,1.57601,1.60697,1.5875024999999998
4898.0,0.93903,1.58041,1.55784,1.5608,1.59371,1.5731899999999999
4899.0,1.256,1.55935,1.53592,1.53902,1.57249,1.551695
4900.0,1.37613,1.538,1.51489,1.51817,1.55072,1.530445
4901.0,1.41849,1.52129,1.49889,1.50234,1.53354,1.514015
4902.0,1.49184,1.51234,1.49029,1.49383,1.52412,1.505145
4903.0,1.5851,1.5126,1.49125,1.49476,1.52402,1.5056575
4904.0,1.81539,1.5209,1.50105,1.50445,1.53228,1.51467
4905.0,1.66705,1.53161,1.51297,1.51627,1.54323,1.5260200000000002
4906.0,0.97089,1.53539,1.51664,1.51994,1.54737,1.529835
4907.0,1.48606,1.52484,1.50484,1.50834,1.5371,1.5187799999999998
4908.0,1.59697,1.50114,1.4795,1.48337,1.51334,1.4943374999999999
4909.0,1.20948,1.4743,1.45166,1.45593,1.48602,1.4669775
4910.0,1.03349,1.45678,1.43462,1.43915,1.46772,1.4495675
4911.0,1.16688,1.4559,1.43548,1.44004,1.46621,1.4494075
4912.0,1.01656,1.47066,1.45209,1.45643,1.48073,1.4649775
4913.0,0.65535,1.49265,1.47543,1.47943,1.50298,1.4876225
4914.0,1.24404,1.50957,1.49308,1.49684,1.52055,1.50501
4915.0,0.86565,1.50898,1.49227,1.49603,1.52077,1.5045125
4916.0,0.75581,1.4827,1.46436,1.46852,1.49501,1.4776475
4917.0,1.11669,1.43142,1.41057,1.41548,1.44362,1.4252725
4918.0,1.38633,1.368,1.34498,1.35082,1.37931,1.3607775
4919.0,1.13879,1.31351,1.29024,1.29688,1.32336,1.3059975
4920.0,1.03072,1.28672,1.2658,1.27282,1.29505,1.2800975
4921.0,1.62311,1.29344,1.2763,1.28323,1.30075,1.28843
4922.0,1.89964,1.3246,1.31023,1.31671,1.33175,1.3208225
4923.0,1.66953,1.3655,1.35138,1.35726,1.3731,1.36181
4924.0,1.45075,1.40598,1.39087,1.39614,1.41431,1.401825
4925.0,1.4352,1.44438,1.42839,1.43309,1.45346,1.43983
4926.0,1.38101,1.48273,1.46618,1.47028,1.49242,1.4779025000000001
4927.0,1.42515,1.52051,1.50365,1.50708,1.53077,1.5155025000000002
4928.0,1.26923,1.55286,1.53592,1.53868,1.56384,1.547825
4929.0,0.89345,1.57354,1.55606,1.55828,1.58537,1.5683125
4930.0,0.99434,1.57813,1.55943,1.56133,1.59064,1.5723825000000002
4931.0,1.38036,1.56566,1.54562,1.54742,1.57852,1.559305
4932.0,1.44883,1.54082,1.51939,1.52127,1.55367,1.5337875
4933.0,0.98975,1.51197,1.49022,1.49231,1.52442,1.5047300000000001
4934.0,1.37051,1.48526,1.46492,1.46739,1.49719,1.4786899999999998
4935.0,1.35437,1.46135,1.44231,1.44535,1.47287,1.45547
4936.0,1.163,1.43755,1.41834,1.42205,1.4486,1.431635
4937.0,1.44646,1.41473,1.39454,1.39893,1.42517,1.4083424999999998
4938.0,1.67339,1.40162,1.3811,1.38594,1.41141,1.3950175
4939.0,1.49068,1.4088,1.3897,1.3946,1.41796,1.4027649999999998
4940.0,1.12807,1.4383,1.42162,1.42613,1.44722,1.4333174999999998
4941.0,1.01061,1.48104,1.46578,1.4696,1.49033,1.4766875
4942.0,1.08903,1.5226,1.50732,1.51044,1.53268,1.51826
4943.0,1.32439,1.55207,1.5356,1.53819,1.56316,1.547255
4944.0,1.38124,1.56747,1.54877,1.55107,1.57931,1.561655
4945.0,1.21121,1.57352,1.553,1.55518,1.58563,1.5668325
4946.0,1.29604,1.57729,1.55626,1.5584,1.58941,1.57034
4947.0,1.70908,1.58369,1.56293,1.56502,1.59582,1.576865
4948.0,1.35642,1.59322,1.57274,1.57472,1.60538,1.5865150000000001
4949.0,1.35416,1.60245,1.58226,1.58412,1.61479,1.595905
4950.0,1.25592,1.6069,1.58685,1.58864,1.61956,1.6004875
4951.0,1.45344,1.6027,1.58243,1.58426,1.61569,1.5962699999999999
4952.0,2.04012,1.58718,1.5665,1.56856,1.60036,1.58065
4953.0,2.61476,1.55838,1.53755,1.54004,1.5716,1.5518925000000001
4954.0,4.03742,1.51611,1.49506,1.49812,1.52921,1.509625
4955.0,9.18607,1.46438,1.44244,1.44614,1.47689,1.4574624999999999
4956.0,22.75518,1.41448,1.39131,1.39557,1.42591,1.4068175
4957.0,55.19399,1.38358,1.36106,1.36564,1.39365,1.3759824999999999
4958.0,82.57741,1.38433,1.36548,1.37008,1.39327,1.37829
4959.0,81.94129,1.41485,1.39994,1.40417,1.42348,1.4106100000000001
4960.0,52.6286,1.45901,1.44588,1.44949,1.46795,1.4555825
4961.0,20.68989,1.49583,1.48262,1.48572,1.50577,1.492485
4962.0,6.91864,1.51316,1.4982,1.50104,1.52428,1.50917
4963.0,3.50431,1.50944,1.49213,1.49508,1.52124,1.5044724999999999
4964.0,2.03619,1.49079,1.47136,1.47466,1.50265,1.484865
4965.0,1.55607,1.46687,1.44641,1.45016,1.47834,1.460445
4966.0,1.81239,1.44733,1.4272,1.43129,1.45821,1.4410075
4967.0,1.24056,1.43873,1.41959,1.42374,1.44907,1.4327824999999998
4968.0,1.03294,1.44272,1.42477,1.42871,1.45261,1.4372025
4969.0,1.37064,1.4567,1.4398,1.44335,1.46647,1.45158
4970.0,1.26578,1.47698,1.46058,1.46367,1.48692,1.4720374999999999
4971.0,0.91636,1.49954,1.48334,1.48602,1.5098,1.494675
4972.0,0.95109,1.52027,1.50398,1.50635,1.53099,1.5153975000000002
4973.0,1.33238,1.53502,1.51835,1.52055,1.54623,1.5300375000000002
4974.0,1.44399,1.5399,1.5226,1.52484,1.55157,1.5347275
4975.0,1.46525,1.53289,1.51468,1.51715,1.5449,1.5274050000000001
4976.0,1.15292,1.51441,1.49537,1.49827,1.52648,1.5086325
4977.0,0.86208,1.48707,1.4675,1.47092,1.499,1.4811225000000001
4978.0,1.02626,1.45447,1.43496,1.43888,1.46605,1.44859
4979.0,1.09985,1.4188,1.40007,1.40443,1.42995,1.4133125
4980.0,0.81847,1.38137,1.36317,1.36786,1.39204,1.37611
4981.0,0.58988,1.3451,1.32674,1.33172,1.35509,1.3396625
4982.0,1.03252,1.31671,1.29844,1.30372,1.32587,1.311185
4983.0,1.37871,1.30495,1.28787,1.29336,1.31324,1.299855
4984.0,1.32226,1.31499,1.29977,1.30527,1.32262,1.3106625
4985.0,1.13167,1.3441,1.33079,1.33602,1.35153,1.3406099999999999
4986.0,1.10665,1.38232,1.37038,1.37515,1.39012,1.3794925
4987.0,1.27897,1.41766,1.40568,1.40989,1.42627,1.4148749999999999
4988.0,1.44589,1.44191,1.42851,1.43221,1.45137,1.4385000000000001
4989.0,1.51046,1.45326,1.43808,1.44142,1.46332,1.44902
4990.0,1.34,1.45583,1.43921,1.44239,1.4662,1.4509074999999998
4991.0,1.19228,1.45568,1.43858,1.44175,1.46606,1.4505175
4992.0,1.16346,1.45657,1.43959,1.44283,1.46688,1.4514675
4993.0,1.19712,1.4595,1.44249,1.44583,1.46978,1.4544000000000001
4994.0,1.27366,1.4633,1.44662,1.45006,1.47357,1.4583875000000002
4995.0,1.32331,1.46517,1.44893,1.45247,1.47563,1.46055
4996.0,1.11544,1.46185,1.44551,1.44914,1.4725,1.4572500000000002
4997.0,1.48726,1.44992,1.43324,1.43706,1.46069,1.4452275
4998.0,1.79067,1.42904,1.41156,1.41567,1.43981,1.42402
4999.0,2.08563,1.40322,1.38496,1.3895,1.41371,1.3978475
5000.0,2.89675,1.37837,1.36029,1.36534,1.38838,1.373095
5001.0,5.11115,1.35859,1.34141,1.347,1.36811,1.3537775
5002.0,11.35344,1.34355,1.32739,1.33348,1.35267,1.3392724999999999
5003.0,29.46011,1.33002,1.31436,1.32089,1.33887,1.326035
5004.0,76.68147,1.31708,1.30095,1.30779,1.32564,1.312865
5005.0,169.67726,1.30887,1.29226,1.29919,1.31701,1.3043325
5006.0,242.44485,1.31184,1.29606,1.30282,1.31957,1.3075725
5007.0,235.33792,1.32785,1.31414,1.3205,1.33542,1.3244775
5008.0,151.75481,1.34981,1.33786,1.34371,1.35771,1.3472724999999999
5009.0,57.8144,1.36491,1.35329,1.35871,1.37347,1.3625950000000002
5010.0,19.74184,1.36287,1.35006,1.35531,1.37209,1.3600825
5011.0,6.05491,1.34258,1.32756,1.33293,1.35212,1.3387975
5012.0,2.97572,1.31279,1.29591,1.30158,1.32205,1.3080824999999998
5013.0,2.78522,1.28609,1.26887,1.27491,1.29474,1.2811525
5014.0,2.67665,1.27245,1.25625,1.26258,1.28041,1.2679225
5015.0,2.74341,1.27402,1.2596,1.26606,1.28153,1.2703025000000001
5016.0,2.92455,1.28616,1.27301,1.2794,1.29358,1.2830374999999998
5017.0,2.30423,1.30204,1.28923,1.29549,1.30959,1.2990875000000002
5018.0,1.46136,1.31644,1.30358,1.30977,1.32422,1.3135025000000002
5019.0,1.34575,1.32715,1.31394,1.32017,1.33515,1.3241025
5020.0,1.28581,1.33426,1.32035,1.32665,1.34239,1.3309125
5021.0,1.1065,1.33975,1.32509,1.33141,1.34795,1.33605
5022.0,1.44564,1.34681,1.33208,1.33829,1.35498,1.34304
5023.0,1.59911,1.35685,1.34272,1.34869,1.36508,1.3533349999999997
5024.0,1.0072,1.36805,1.35429,1.35997,1.3765,1.3647025
5025.0,1.41805,1.37684,1.3628,1.36825,1.38553,1.373355
5026.0,1.30109,1.38222,1.36711,1.37245,1.39109,1.3782175
5027.0,1.14637,1.38814,1.37204,1.37732,1.39696,1.383615
5028.0,1.38988,1.40019,1.38428,1.38941,1.40887,1.3956875
5029.0,1.61827,1.42084,1.40572,1.41053,1.42953,1.416655
5030.0,1.58174,1.44724,1.43283,1.43714,1.4562,1.4433525
5031.0,1.4426,1.47218,1.45835,1.4621,1.4817,1.4685825000000001
5032.0,1.38991,1.4873,1.47341,1.47668,1.49757,1.48374
5033.0,1.40142,1.48634,1.47146,1.47446,1.49725,1.4823775
5034.0,1.30933,1.46792,1.45139,1.45441,1.47919,1.4632275
5035.0,1.14219,1.43677,1.41895,1.42226,1.44795,1.4314825
5036.0,1.10524,1.40004,1.38246,1.3862,1.41079,1.3948725
5037.0,1.04447,1.36204,1.34551,1.34968,1.37227,1.357375
5038.0,1.00902,1.32409,1.30792,1.31249,1.33375,1.3195625
5039.0,0.9546,1.2895,1.27283,1.27776,1.2984,1.2846225
5040.0,0.0183,1.26785,1.25088,1.25606,1.27577,1.2626399999999998
5041.0,0.28099,1.27134,1.25581,1.26097,1.27824,1.2665899999999999
5042.0,1.59585,1.3046,1.29223,1.29699,1.31094,1.30119
5043.0,1.40624,1.35934,1.34973,1.35389,1.36594,1.3572250000000001
5044.0,1.38522,1.41729,1.40883,1.41234,1.4249,1.41584
5045.0,1.80664,1.45915,1.44979,1.45295,1.46817,1.457515
5046.0,0.92193,1.47344,1.4612,1.46438,1.4837,1.47068
5047.0,0.77062,1.46025,1.44427,1.44787,1.47118,1.4558925
5048.0,1.30387,1.43047,1.41175,1.41592,1.4413,1.42486
5049.0,1.57604,1.39977,1.38037,1.38506,1.40992,1.39378
5050.0,0.93755,1.38113,1.3627,1.36768,1.39043,1.375485
5051.0,0.56404,1.38024,1.36355,1.3686,1.38887,1.3753149999999998
5052.0,1.01056,1.39549,1.38056,1.38548,1.40381,1.391335
5053.0,1.57542,1.42089,1.40709,1.41174,1.42933,1.4172625
5054.0,1.75196,1.44923,1.43562,1.43991,1.45808,1.44571
5055.0,1.49153,1.47465,1.46037,1.46426,1.48405,1.4708324999999998
5056.0,1.19317,1.49446,1.47916,1.48264,1.50438,1.4901600000000002
5057.0,1.31989,1.50925,1.49314,1.49621,1.51953,1.5045324999999998
5058.0,1.38137,1.52075,1.50428,1.50691,1.53131,1.5158125
5059.0,1.28837,1.52958,1.51328,1.51547,1.5404,1.5246825
5060.0,1.21362,1.53335,1.51757,1.51939,1.54449,1.5287
5061.0,0.90655,1.52733,1.51165,1.51331,1.53885,1.522785
5062.0,1.12182,1.50784,1.49137,1.49315,1.5196,1.50299
5063.0,1.72613,1.4763,1.45831,1.46052,1.48796,1.4707725
5064.0,1.64561,1.44066,1.42157,1.42438,1.45178,1.4345975000000002
5065.0,1.45954,1.41141,1.39286,1.39626,1.42167,1.4055499999999999
5066.0,1.37497,1.39493,1.37795,1.38181,1.40445,1.3897849999999998
5067.0,1.06575,1.39137,1.37579,1.37993,1.40038,1.3868675000000001
5068.0,0.89956,1.39608,1.38169,1.38589,1.40492,1.392145
5069.0,1.15987,1.40355,1.38985,1.39396,1.41248,1.39996
5070.0,1.4539,1.40972,1.39589,1.39987,1.41881,1.4060724999999998
5071.0,1.07137,1.41296,1.39849,1.40236,1.42222,1.4090075
5072.0,0.85397,1.41429,1.39946,1.40328,1.42361,1.4101599999999999
5073.0,1.22163,1.41528,1.40069,1.40446,1.42461,1.41126
5074.0,1.49225,1.41562,1.40137,1.40511,1.42502,1.41178
5075.0,1.09237,1.4123,1.39835,1.40209,1.42185,1.4086475
5076.0,0.95398,1.40111,1.38736,1.39115,1.41084,1.397615
5077.0,1.31099,1.37947,1.3652,1.36918,1.38929,1.375785
5078.0,1.2965,1.34959,1.33403,1.33831,1.35919,1.34528
5079.0,1.17012,1.31927,1.30289,1.30759,1.32829,1.31451
5080.0,1.24275,1.29877,1.28299,1.28803,1.30698,1.2941925
5081.0,1.27373,1.29469,1.28055,1.28576,1.30219,1.2907975
5082.0,1.00002,1.3068,1.29427,1.29944,1.31394,1.3036124999999998
5083.0,0.72222,1.32973,1.31823,1.32323,1.33689,1.32702
5084.0,0.85779,1.35703,1.34587,1.35065,1.36448,1.3545075
5085.0,1.47689,1.38349,1.37197,1.37652,1.3914,1.380845
5086.0,1.68393,1.40603,1.39368,1.398,1.41441,1.40303
5087.0,1.33468,1.42366,1.41039,1.41445,1.43246,1.42024
5088.0,1.11405,1.43755,1.4235,1.42728,1.44665,1.433745
5089.0,1.06782,1.44976,1.43523,1.43872,1.45906,1.4456925
5090.0,0.99465,1.46181,1.44711,1.45034,1.47129,1.4576375
5091.0,0.95128,1.4734,1.45888,1.4619,1.48309,1.4693175
5092.0,1.18886,1.48174,1.46756,1.47042,1.49173,1.4778625
5093.0,1.09228,1.48217,1.46793,1.47076,1.49255,1.4783525000000002
5094.0,1.03051,1.47066,1.45573,1.4587,1.48135,1.46661
5095.0,1.73703,1.44651,1.43051,1.43381,1.45728,1.4420275
5096.0,1.56716,1.41396,1.39687,1.40064,1.42445,1.4089800000000001
5097.0,1.21615,1.3815,1.36374,1.36799,1.39133,1.37614
5098.0,1.18611,1.3589,1.34145,1.34606,1.36789,1.353575
5099.0,0.96618,1.35298,1.33719,1.34191,1.36119,1.3483175
5100.0,0.86958,1.36321,1.34983,1.3544,1.37107,1.3596275000000002
5101.0,0.96514,1.38165,1.36998,1.37428,1.38965,1.3788900000000002
5102.0,0.75456,1.39746,1.38603,1.39008,1.40596,1.3948825
5103.0,1.19803,1.40336,1.39098,1.39492,1.41236,1.4004050000000001
5104.0,1.44623,1.39818,1.38464,1.38856,1.40751,1.3947225
5105.0,1.15226,1.38534,1.37101,1.37497,1.39469,1.3815025
5106.0,1.09885,1.36939,1.35469,1.35875,1.37857,1.3653499999999998
5107.0,1.2523,1.35478,1.34005,1.34428,1.36365,1.35069
5108.0,1.08092,1.34551,1.33101,1.33544,1.35397,1.3414825000000001
5109.0,0.79369,1.34458,1.33048,1.33509,1.35269,1.34071
5110.0,0.82204,1.35354,1.34014,1.34479,1.36136,1.3499575
5111.0,1.10902,1.37111,1.35852,1.36305,1.37889,1.3678925000000002
5112.0,1.39441,1.39381,1.38157,1.38583,1.4018,1.3907525
5113.0,1.45925,1.418,1.40563,1.40953,1.4263,1.4148649999999998
5114.0,1.27024,1.44086,1.42811,1.43163,1.44956,1.43754
5115.0,1.00266,1.46102,1.44787,1.451,1.47012,1.4575025
5116.0,0.91938,1.47691,1.46364,1.46643,1.48641,1.4733475
5117.0,1.06826,1.48554,1.47214,1.47473,1.4955,1.4819775
5118.0,1.21808,1.48335,1.46949,1.47205,1.49374,1.4796575
5119.0,1.17447,1.46801,1.45329,1.45606,1.47869,1.4640125
5120.0,0.97087,1.44014,1.42443,1.42763,1.45086,1.435765
5121.0,0.92903,1.40397,1.38748,1.39124,1.41439,1.39927
5122.0,1.19359,1.36594,1.34913,1.35346,1.37579,1.36108
5123.0,1.0157,1.3332,1.3168,1.3216,1.34228,1.32847
5124.0,0.97889,1.31086,1.29573,1.30084,1.31918,1.3066525
5125.0,0.9086,1.30008,1.28651,1.29178,1.30784,1.2965525
5126.0,0.7867,1.29851,1.28609,1.29139,1.30596,1.2954875
5127.0,0.98185,1.30292,1.29097,1.2962,1.31025,1.300085
5128.0,1.22021,1.31176,1.29988,1.30489,1.31905,1.308895
5129.0,0.50545,1.32534,1.31362,1.31829,1.33263,1.32247
5130.0,0.86907,1.34374,1.33243,1.33667,1.35111,1.3409875
5131.0,0.9179,1.36511,1.35418,1.35798,1.37271,1.362495
5132.0,0.79145,1.38612,1.37519,1.37862,1.39406,1.3834974999999998
5133.0,0.89878,1.40287,1.39173,1.39492,1.41125,1.4001925
5134.0,0.99339,1.41194,1.40047,1.40352,1.42076,1.4091725
5135.0,0.80645,1.41051,1.39834,1.40139,1.41973,1.4074925
5136.0,1.3017,1.39828,1.38497,1.38815,1.40772,1.3947800000000001
5137.0,1.31131,1.37923,1.36481,1.36818,1.38852,1.3751849999999999
5138.0,1.21605,1.35976,1.34503,1.34858,1.36872,1.3555225
5139.0,1.17914,1.34593,1.33199,1.33559,1.35441,1.34198
5140.0,1.15089,1.33901,1.32637,1.32993,1.34716,1.3356175
5141.0,1.15453,1.33637,1.32445,1.32799,1.34441,1.333305
5142.0,1.23815,1.33511,1.32335,1.32695,1.3431,1.3321275
5143.0,1.08069,1.3336,1.32189,1.32567,1.34158,1.330685
5144.0,1.1871,1.33115,1.31935,1.3234,1.33914,1.32826
5145.0,1.02797,1.32772,1.31564,1.31999,1.33568,1.3247575
5146.0,0.85612,1.32406,1.31168,1.3163,1.33194,1.320995
5147.0,1.15123,1.32167,1.30935,1.31411,1.32943,1.3186399999999998
5148.0,1.52495,1.32128,1.30944,1.31421,1.32894,1.3184675000000001
5149.0,1.07545,1.32145,1.31004,1.31468,1.32915,1.3188300000000002
5150.0,1.29633,1.32036,1.30885,1.31328,1.32814,1.3176575000000001
5151.0,1.19777,1.31843,1.30646,1.31069,1.3262,1.315445
5152.0,1.10747,1.31908,1.30675,1.31082,1.32671,1.3158400000000001
5153.0,1.31792,1.32693,1.31469,1.31865,1.33433,1.3236499999999998
5154.0,1.35885,1.34462,1.33302,1.33682,1.35184,1.341575
5155.0,0.99998,1.37074,1.35997,1.36359,1.37802,1.3680800000000002
5156.0,0.74127,1.40015,1.3899,1.39331,1.40776,1.39778
5157.0,1.11895,1.4261,1.41569,1.41895,1.43425,1.4237474999999997
5158.0,1.42762,1.44286,1.43165,1.4349,1.45165,1.440265
5159.0,1.29304,1.44744,1.4352,1.43858,1.45673,1.4444875000000001
5160.0,1.01513,1.43876,1.42566,1.42936,1.4484,1.4355449999999998
5161.0,1.0117,1.41618,1.40254,1.40675,1.42606,1.4128824999999998
5162.0,1.11603,1.37875,1.36485,1.36971,1.38868,1.3754975
5163.0,0.74286,1.32532,1.31113,1.31671,1.3351,1.322065
5164.0,0.82422,1.25711,1.24225,1.24845,1.26648,1.2535725000000002
5165.0,0.97194,1.18125,1.16562,1.17229,1.18977,1.1772325000000001
5166.0,0.69727,1.11112,1.09575,1.10265,1.11835,1.1069675
5167.0,0.54084,1.06061,1.04759,1.05452,1.06635,1.0572675
5168.0,0.79787,1.03513,1.02613,1.03295,1.03962,1.0334575
5169.0,1.20529,1.02762,1.02216,1.02881,1.03147,1.0275150000000002
5170.0,1.17918,1.02582,1.02132,1.02784,1.02963,1.0261525
5171.0,1.17855,1.02518,1.01928,1.02572,1.02902,1.0248
5172.0,1.25125,1.03384,1.0266,1.03298,1.03731,1.0326825
5173.0,0.97889,1.0642,1.05775,1.0641,1.067,1.0632625
5174.0,0.90138,1.11861,1.11473,1.12099,1.12128,1.1189025
5175.0,0.98508,1.18534,1.18338,1.18952,1.18869,1.1867325
5176.0,1.05899,1.24595,1.24379,1.2498,1.25062,1.2475399999999999
5177.0,1.08597,1.28522,1.28112,1.28703,1.2914,1.2861925
5178.0,1.07574,1.29583,1.28927,1.29518,1.30327,1.2958875
5179.0,1.08766,1.27658,1.26767,1.27368,1.28486,1.2756975
5180.0,1.19072,1.23112,1.21984,1.22594,1.23961,1.2291275000000002
5181.0,1.06849,1.1703,1.15663,1.16279,1.17831,1.1670075
5182.0,0.96303,1.11297,1.098,1.10412,1.11989,1.108745
5183.0,1.01842,1.08246,1.06855,1.07452,1.08764,1.0782924999999999
5184.0,1.03644,1.09389,1.08381,1.08952,1.09747,1.0911724999999999
5185.0,0.91498,1.14479,1.1396,1.14493,1.14763,1.1442375
5186.0,0.93313,1.21652,1.2147,1.2195,1.21987,1.2176475
5187.0,0.89536,1.28475,1.28334,1.28766,1.2896,1.2863375
5188.0,0.83726,1.33146,1.32794,1.33184,1.33793,1.3322924999999999
5189.0,0.876,1.34977,1.34285,1.34663,1.35744,1.3491724999999999
5190.0,1.0078,1.34277,1.33239,1.3364,1.35122,1.3406950000000002
5191.0,1.07762,1.32117,1.30813,1.3126,1.3298,1.3179249999999998
5192.0,0.97277,1.29995,1.28567,1.29062,1.30795,1.2960475
5193.0,1.00653,1.29036,1.27673,1.28196,1.29762,1.2866675
5194.0,0.9513,1.29688,1.28497,1.29024,1.3036,1.2939225
5195.0,0.88253,1.31718,1.3068,1.31185,1.32371,1.314885
5196.0,0.93195,1.34513,1.33558,1.34028,1.35182,1.3432024999999999
5197.0,1.14155,1.37435,1.36508,1.36937,1.38149,1.3725725000000002
5198.0,1.41331,1.3992,1.38977,1.39371,1.40692,1.3973999999999998
5199.0,1.49573,1.41449,1.4045,1.40824,1.42287,1.412525
5200.0,1.08715,1.41611,1.40531,1.40903,1.42515,1.4139
5201.0,1.0465,1.40178,1.38994,1.39388,1.41128,1.3992200000000001
5202.0,1.06482,1.3718,1.35873,1.36312,1.38141,1.368765
5203.0,0.83413,1.32914,1.31493,1.32,1.33864,1.3256775
5204.0,0.88211,1.28053,1.26552,1.27141,1.28957,1.2767575
5205.0,1.25374,1.23522,1.22001,1.22668,1.24331,1.231305
5206.0,1.12169,1.20216,1.18764,1.19484,1.20913,1.1984425
5207.0,0.99478,1.18772,1.1747,1.18206,1.19377,1.1845625
5208.0,1.12267,1.1956,1.18443,1.1915,1.20089,1.193105
5209.0,1.40488,1.22543,1.21631,1.22276,1.23032,1.223705
5210.0,1.58899,1.27163,1.26457,1.27024,1.27665,1.2707725
5211.0,1.30512,1.32374,1.31798,1.32291,1.32937,1.3235
5212.0,0.78653,1.36878,1.36275,1.36717,1.37538,1.36852
5213.0,0.81501,1.39723,1.38924,1.39341,1.40484,1.39618
5214.0,0.87184,1.40789,1.3971,1.4012,1.41627,1.405615
5215.0,0.74523,1.40835,1.39523,1.3993,1.41697,1.4049625000000001
5216.0,1.00851,1.40972,1.39582,1.39975,1.41815,1.4058599999999999
5217.0,1.07834,1.41949,1.40641,1.41006,1.42762,1.4158950000000001
5218.0,1.05941,1.43741,1.42588,1.42918,1.44551,1.434495
5219.0,1.14096,1.45617,1.44582,1.44884,1.46468,1.4538775
5220.0,1.23994,1.46629,1.45603,1.459,1.47538,1.464175
5221.0,1.22355,1.45979,1.44861,1.45179,1.46951,1.4574249999999997
5222.0,1.05009,1.43335,1.42054,1.42422,1.44346,1.4303925
5223.0,0.71459,1.38975,1.37497,1.37929,1.39981,1.385955
5224.0,0.74081,1.33857,1.322,1.32694,1.348,1.3338775
5225.0,0.96495,1.29458,1.27745,1.28284,1.303,1.2894675
5226.0,1.06323,1.2727,1.25706,1.26252,1.27994,1.268055
5227.0,0.93985,1.28123,1.26874,1.27384,1.28727,1.2777699999999999
5228.0,0.77444,1.31495,1.30626,1.31072,1.32061,1.3131350000000002
5229.0,0.67639,1.35806,1.35194,1.35571,1.36419,1.357475
5230.0,0.67103,1.39378,1.3874,1.39065,1.4008,1.3931575
5231.0,0.87176,1.41217,1.4034,1.40644,1.4202,1.4105525
5232.0,1.22598,1.41593,1.40431,1.40732,1.42446,1.413005
5233.0,1.5012,1.41625,1.40279,1.40579,1.42473,1.4123900000000003
5234.0,1.39326,1.42382,1.41049,1.4133,1.432,1.4199025
5235.0,0.89274,1.44302,1.43114,1.43355,1.45097,1.43967
5236.0,1.13429,1.46995,1.45948,1.46139,1.47803,1.4672125
5237.0,1.22275,1.49606,1.48605,1.48751,1.50467,1.4935725
5238.0,1.02556,1.51479,1.50402,1.5052,1.52403,1.51201
5239.0,0.99111,1.52439,1.51223,1.51332,1.53411,1.5210125
5240.0,1.08113,1.52751,1.5142,1.51531,1.53743,1.5236125
5241.0,1.1335,1.52782,1.51416,1.51528,1.53783,1.5237724999999998
5242.0,1.15676,1.5269,1.51366,1.51476,1.53702,1.523085
5243.0,1.16097,1.52295,1.51021,1.5113,1.53313,1.5193975
5244.0,1.17077,1.5117,1.49885,1.50007,1.52196,1.508145
5245.0,1.1642,1.48983,1.47627,1.47783,1.50034,1.4860674999999999
5246.0,1.06032,1.45957,1.44496,1.44705,1.47005,1.4554075000000002
5247.0,1.04111,1.42836,1.41289,1.41554,1.43825,1.4237600000000001
5248.0,1.11728,1.40324,1.38808,1.39118,1.41244,1.398735
5249.0,1.03401,1.38838,1.37455,1.37787,1.397,1.38445
5250.0,0.93372,1.38444,1.37194,1.37529,1.39265,1.3810799999999999
5251.0,1.07752,1.38908,1.37755,1.38079,1.39704,1.3861150000000002
5252.0,1.12839,1.3991,1.388,1.39107,1.40692,1.3962724999999998
5253.0,1.32838,1.41248,1.40132,1.40419,1.42036,1.4095874999999998
5254.0,1.39326,1.42933,1.41803,1.42067,1.43739,1.426355
5255.0,1.17496,1.452,1.44083,1.44314,1.46004,1.4490025
5256.0,0.93996,1.47917,1.46889,1.47074,1.48742,1.476555
5257.0,1.02968,1.50402,1.49491,1.49627,1.51279,1.5019974999999999
5258.0,1.08873,1.51604,1.50706,1.50808,1.52563,1.5142025000000001
5259.0,1.29314,1.50578,1.49555,1.49659,1.51624,1.5035399999999999
5260.0,1.38834,1.47049,1.45807,1.45956,1.48146,1.467395
5261.0,1.35095,1.41506,1.40045,1.40274,1.42597,1.4110549999999997
5262.0,1.31543,1.34988,1.33389,1.33722,1.3601,1.3452725
5263.0,1.32192,1.2872,1.27105,1.27548,1.29628,1.2825025
5264.0,1.1885,1.23683,1.22198,1.22739,1.24469,1.2327225000000002
5265.0,0.92375,1.20309,1.19063,1.1968,1.2099,1.200105
5266.0,0.96618,1.18427,1.1739,1.18054,1.19012,1.1822075
5267.0,1.1488,1.17407,1.16472,1.1716,1.17943,1.172455
5268.0,1.08451,1.16894,1.15973,1.16666,1.17422,1.1673875
5269.0,0.94338,1.17332,1.16385,1.17064,1.17834,1.1715375
5270.0,1.05751,1.19427,1.18532,1.19171,1.19879,1.1925225
5271.0,1.45508,1.23261,1.22562,1.23133,1.23691,1.2316175
5272.0,1.36673,1.28094,1.27575,1.28065,1.28559,1.2807325
5273.0,1.0273,1.329,1.32368,1.32779,1.33444,1.3287275
5274.0,1.1777,1.37067,1.36389,1.36734,1.37705,1.3697375000000003
5275.0,1.0284,1.40734,1.39919,1.40209,1.41433,1.4057374999999999
5276.0,0.91915,1.4419,1.43326,1.43567,1.44928,1.4400275
5277.0,1.08419,1.47185,1.4635,1.46551,1.47982,1.47017
5278.0,1.09254,1.49061,1.482,1.48377,1.49934,1.48893
5279.0,0.9134,1.49247,1.48224,1.48402,1.50197,1.490175
5280.0,1.11255,1.47844,1.46577,1.46778,1.48831,1.4750750000000001
5281.0,1.20075,1.45751,1.4427,1.44502,1.46714,1.4530925000000003
5282.0,1.15482,1.44228,1.42687,1.42933,1.45132,1.4374500000000001
5283.0,1.14384,1.44337,1.42915,1.43148,1.45171,1.4389275000000001
5284.0,1.23147,1.46439,1.45241,1.45422,1.47221,1.4608075
5285.0,1.2815,1.49963,1.48989,1.49096,1.50748,1.49699
5286.0,1.05903,1.5382,1.52964,1.52991,1.5466,1.5360875
5287.0,0.82076,1.57038,1.56141,1.56101,1.57964,1.56811
5288.0,1.33804,1.59187,1.58155,1.58066,1.60191,1.5889975
5289.0,1.52286,1.6033,1.59168,1.59051,1.61383,1.59983
5290.0,1.02679,1.60643,1.59411,1.59283,1.61724,1.6026525
5291.0,0.86785,1.60156,1.58899,1.58778,1.61263,1.5977400000000002
5292.0,1.3594,1.58772,1.57491,1.57398,1.59903,1.58391
5293.0,1.0712,1.56383,1.55051,1.55009,1.57523,1.5599150000000002
5294.0,0.88834,1.52977,1.51562,1.51587,1.54103,1.5255725000000002
5295.0,0.97059,1.48812,1.47293,1.47393,1.499,1.483495
5296.0,1.05616,1.44578,1.42978,1.43154,1.45606,1.44079
5297.0,1.28089,1.41297,1.39717,1.39947,1.42238,1.4079975
5298.0,1.40404,1.39854,1.38408,1.3866,1.40687,1.3940224999999997
5299.0,1.26063,1.40433,1.39207,1.39445,1.41189,1.4006850000000002
5300.0,1.04156,1.42573,1.41565,1.4176,1.4331,1.4230200000000002
5301.0,1.1454,1.45706,1.44802,1.44935,1.4646,1.4547575
5302.0,1.55282,1.49313,1.48439,1.48498,1.50112,1.4909050000000001
5303.0,1.26052,1.52981,1.52132,1.5211,1.53825,1.5276199999999998
5304.0,1.03209,1.56256,1.55399,1.55295,1.57158,1.56027
5305.0,1.11802,1.587,1.57769,1.57599,1.59674,1.584355
5306.0,1.36417,1.60188,1.59132,1.58915,1.61223,1.598645
5307.0,1.51544,1.60996,1.5982,1.59579,1.62061,1.6061400000000001
5308.0,1.44313,1.61511,1.6028,1.60025,1.62585,1.6110025
5309.0,1.3159,1.61877,1.60661,1.60402,1.6296,1.6147500000000001
5310.0,1.27404,1.61991,1.6079,1.60535,1.63085,1.6160024999999998
5311.0,1.17012,1.61661,1.60427,1.60187,1.62774,1.6126225
5312.0,1.06767,1.60834,1.59544,1.59329,1.61956,1.6041575
5313.0,1.21176,1.5967,1.58329,1.58141,1.60781,1.5923025
5314.0,1.54515,1.58397,1.57033,1.56868,1.59489,1.5794674999999998
5315.0,1.50843,1.57206,1.55858,1.55711,1.58277,1.56763
5316.0,1.27083,1.56239,1.54925,1.54793,1.57287,1.55811
5317.0,1.08083,1.5553,1.54253,1.5414,1.56559,1.5512050000000002
5318.0,1.03547,1.54949,1.53724,1.53633,1.55969,1.5456875
5319.0,1.10147,1.54282,1.531,1.53034,1.55301,1.5392925000000002
5320.0,1.3474,1.53254,1.5208,1.52041,1.54281,1.5291400000000002
5321.0,1.55945,1.5164,1.50443,1.50438,1.5267,1.5129775
5322.0,1.27269,1.49362,1.48137,1.48174,1.50387,1.49015
5323.0,0.98762,1.46458,1.45234,1.45326,1.47474,1.46123
5324.0,1.40041,1.43026,1.41803,1.41954,1.44015,1.426995
5325.0,1.30552,1.39121,1.3784,1.38057,1.40066,1.3877100000000002
5326.0,1.12395,1.3499,1.3363,1.33908,1.35881,1.3460225000000001
5327.0,1.03459,1.31543,1.30135,1.30461,1.32348,1.3112175000000001
5328.0,1.01838,1.30144,1.28783,1.29126,1.30836,1.2972225000000002
5329.0,1.03292,1.31558,1.30447,1.3077,1.32154,1.3123225
5330.0,1.09343,1.35473,1.34732,1.34989,1.36022,1.35304
5331.0,1.13705,1.40668,1.40164,1.40331,1.41258,1.4060525000000001
5332.0,0.97518,1.45774,1.45302,1.45374,1.46464,1.457285
5333.0,0.87723,1.49979,1.49397,1.49379,1.50769,1.49881
5334.0,1.06921,1.52963,1.52257,1.52165,1.53836,1.5280525
5335.0,1.42633,1.54584,1.53794,1.53649,1.55531,1.543895
5336.0,1.524,1.54744,1.53851,1.53689,1.55754,1.5450949999999999
5337.0,1.01077,1.53482,1.5242,1.52277,1.54528,1.5317675
5338.0,0.83612,1.51148,1.49899,1.49808,1.52193,1.50762
5339.0,1.1646,1.48556,1.47186,1.4716,1.49557,1.4811474999999998
5340.0,1.32333,1.46739,1.4536,1.45381,1.47669,1.4628725
5341.0,0.895,1.46334,1.45089,1.45126,1.47203,1.45938
5342.0,0.66596,1.472,1.46179,1.46204,1.48036,1.4690475
5343.0,1.03488,1.48606,1.47741,1.47743,1.49448,1.483845
5344.0,1.30867,1.49663,1.48807,1.48795,1.50553,1.494545
5345.0,1.03271,1.4993,1.48975,1.48967,1.50858,1.496825
5346.0,0.86517,1.4957,1.48464,1.48472,1.50506,1.4925300000000001
5347.0,1.21835,1.49036,1.4784,1.47862,1.4996,1.486745
5348.0,1.25435,1.48941,1.47742,1.47766,1.49832,1.4857025
5349.0,1.13608,1.49779,1.48627,1.4863,1.5064,1.49419
5350.0,1.25146,1.51672,1.50621,1.50577,1.52518,1.51347
5351.0,1.44602,1.54386,1.53454,1.53342,1.55236,1.541045
5352.0,0.83341,1.57471,1.56616,1.56425,1.58354,1.572165
5353.0,0.86498,1.60501,1.59649,1.59384,1.61433,1.6024175
5354.0,1.06938,1.63141,1.62248,1.61921,1.6413,1.6286
5355.0,1.05324,1.65157,1.64221,1.63852,1.66195,1.6485625
5356.0,0.95301,1.66428,1.65432,1.6504,1.6751,1.661025
5357.0,0.96586,1.6686,1.65786,1.65393,1.67986,1.6650625
5358.0,1.10441,1.66432,1.65286,1.64908,1.67585,1.6605275000000002
5359.0,1.13612,1.65222,1.64003,1.63649,1.66386,1.64815
5360.0,1.02599,1.63368,1.62092,1.61769,1.64533,1.6294049999999998
5361.0,0.99577,1.61112,1.59805,1.59515,1.6226,1.6067300000000002
5362.0,1.27149,1.58754,1.57435,1.57177,1.59872,1.583095
5363.0,1.1919,1.56496,1.55204,1.54981,1.5758,1.5606525
5364.0,0.9731,1.54438,1.53216,1.53031,1.55483,1.54042
5365.0,0.97782,1.52553,1.51396,1.51254,1.5357,1.5219325000000001
5366.0,1.21776,1.50586,1.49487,1.49394,1.51591,1.502645
5367.0,1.33554,1.48266,1.47181,1.47142,1.49256,1.4796125
5368.0,1.25976,1.45535,1.4436,1.44383,1.465,1.451945
5369.0,1.1386,1.42813,1.41516,1.41599,1.43727,1.4241374999999998
5370.0,1.15381,1.4108,1.39742,1.39862,1.4191,1.4064850000000002
5371.0,1.23863,1.41387,1.40161,1.4028,1.42124,1.40988
5372.0,1.15093,1.4403,1.43082,1.43146,1.4472,1.4374449999999999
5373.0,0.90974,1.48252,1.47619,1.47598,1.48948,1.4810425
5374.0,1.00862,1.52745,1.52253,1.52144,1.53507,1.5266225
5375.0,1.13904,1.56291,1.5571,1.55538,1.57158,1.5617425
5376.0,1.13762,1.58399,1.5764,1.57431,1.59347,1.5820425
5377.0,1.12286,1.59299,1.58359,1.5813,1.60294,1.590205
5378.0,1.18797,1.59395,1.58356,1.58112,1.60418,1.5907025
5379.0,1.06138,1.58971,1.57907,1.5765,1.60004,1.58633
5380.0,0.7964,1.58219,1.57122,1.56862,1.59251,1.578635
5381.0,0.91509,1.57316,1.56171,1.55919,1.58343,1.5693725
5382.0,1.32302,1.56522,1.55368,1.55133,1.57529,1.56138
5383.0,0.84501,1.56114,1.54997,1.54777,1.57094,1.557455
5384.0,0.8961,1.56094,1.55045,1.54838,1.57065,1.5576050000000001
5385.0,0.96172,1.56146,1.55175,1.54982,1.57121,1.55856
5386.0,0.91693,1.55854,1.54899,1.54729,1.56842,1.55581
5387.0,0.98756,1.54901,1.53881,1.53748,1.55907,1.5460924999999999
5388.0,1.23141,1.5325,1.52139,1.52055,1.54258,1.529255
5389.0,1.11521,1.51195,1.50011,1.49981,1.52181,1.50842
5390.0,1.04553,1.49165,1.47957,1.47973,1.50115,1.488025
5391.0,1.44655,1.47448,1.46287,1.46333,1.48363,1.4710774999999998
5392.0,1.98211,1.46065,1.45006,1.45064,1.46954,1.4577225
5393.0,1.76673,1.44823,1.4384,1.43904,1.45698,1.4456624999999999
5394.0,1.3381,1.43521,1.42528,1.42601,1.44386,1.43259
5395.0,1.20504,1.42176,1.41127,1.41217,1.43024,1.41886
5396.0,0.90757,1.41205,1.40138,1.40246,1.42008,1.4089925
5397.0,0.63576,1.41214,1.40185,1.40298,1.41969,1.409165
5398.0,1.11164,1.42344,1.41444,1.41543,1.43083,1.421035
5399.0,1.3355,1.44082,1.43393,1.43459,1.44822,1.43939
5400.0,1.50471,1.45588,1.45012,1.45046,1.46367,1.4550325000000002
5401.0,1.5158,1.45938,1.45293,1.45314,1.46797,1.458355
5402.0,1.24539,1.44603,1.43799,1.43838,1.45516,1.44439
5403.0,0.85382,1.41859,1.40833,1.40922,1.42769,1.4159575000000002
5404.0,0.92713,1.38627,1.37409,1.37568,1.39495,1.3827474999999998
5405.0,1.21398,1.36037,1.34784,1.35006,1.36832,1.3566475
5406.0,1.2624,1.34881,1.33746,1.34006,1.35604,1.3455925000000002
5407.0,1.1188,1.35199,1.34231,1.3449,1.35886,1.349515
5408.0,1.12803,1.36503,1.35648,1.3588,1.37186,1.3630425
5409.0,1.2102,1.38412,1.37558,1.3775,1.39109,1.3820725
5410.0,1.20136,1.40822,1.39912,1.40056,1.41553,1.4058575000000002
5411.0,1.18818,1.43689,1.42801,1.42885,1.44451,1.434565
5412.0,1.14219,1.46849,1.46036,1.46048,1.47635,1.46642
5413.0,1.04071,1.49964,1.49199,1.49132,1.50785,1.4977
5414.0,1.1361,1.52714,1.51956,1.51815,1.53574,1.5251475
5415.0,1.05521,1.54948,1.54183,1.53977,1.55844,1.54738
5416.0,0.92874,1.5655,1.55778,1.55523,1.57484,1.5633374999999998
5417.0,0.97319,1.57378,1.56581,1.56303,1.58341,1.5715074999999998
5418.0,1.19131,1.57374,1.56494,1.56222,1.58363,1.5711325
5419.0,1.20728,1.56657,1.55671,1.55429,1.57659,1.5635400000000002
5420.0,1.08267,1.55568,1.54512,1.54309,1.56557,1.552365
5421.0,0.98232,1.54485,1.5339,1.5322,1.55456,1.5413775000000003
5422.0,1.02109,1.53637,1.52555,1.52403,1.54586,1.5329525
5423.0,1.16623,1.53202,1.52176,1.52025,1.54118,1.5288024999999998
5424.0,1.17413,1.53261,1.5231,1.52147,1.5416,1.529695
5425.0,1.02821,1.53547,1.52698,1.52519,1.5446,1.53306
5426.0,1.12288,1.53485,1.52713,1.52522,1.54424,1.5328600000000001
5427.0,1.14491,1.52514,1.51691,1.51512,1.53485,1.523005
5428.0,0.8084,1.50527,1.4956,1.49419,1.51504,1.5025249999999999
5429.0,0.90879,1.48099,1.46999,1.46909,1.49044,1.4776275
5430.0,1.05681,1.45933,1.448,1.44759,1.46846,1.455845
5431.0,1.18328,1.44312,1.4329,1.43289,1.45182,1.4401825000000001
5432.0,1.28944,1.43229,1.42305,1.42332,1.44053,1.4297975
5433.0,1.24157,1.42641,1.41685,1.41736,1.43439,1.4237525
5434.0,0.78936,1.42754,1.41764,1.41826,1.43519,1.4246575
5435.0,0.65651,1.44035,1.43098,1.43143,1.44757,1.4375825
5436.0,0.73316,1.46736,1.45944,1.45935,1.47431,1.465115
5437.0,0.85783,1.50584,1.49975,1.49881,1.51293,1.5043324999999999
5438.0,0.95407,1.54844,1.54363,1.54166,1.55607,1.54745
5439.0,0.9404,1.58634,1.58192,1.579,1.59477,1.5855074999999998
5440.0,0.87222,1.61242,1.60744,1.6038,1.62174,1.6113499999999998
5441.0,0.97302,1.6222,1.6161,1.61212,1.63234,1.62069
5442.0,1.13137,1.61383,1.60624,1.6023,1.6246,1.6117424999999999
5443.0,1.14751,1.58803,1.57856,1.57504,1.59914,1.5851925000000002
5444.0,1.20665,1.54964,1.53804,1.53524,1.56065,1.5458925
5445.0,1.20548,1.50847,1.49519,1.4932,1.51882,1.50392
5446.0,1.16017,1.47725,1.46371,1.46242,1.48654,1.47248
5447.0,1.14331,1.4655,1.45358,1.45265,1.47388,1.4614025000000002
5448.0,1.2137,1.47349,1.46466,1.46371,1.48139,1.4708125
5449.0,1.31298,1.49255,1.48676,1.48552,1.50046,1.4913224999999999
5450.0,1.18043,1.50988,1.50518,1.50367,1.51828,1.5092524999999999
5451.0,1.06786,1.51484,1.50922,1.50768,1.52393,1.5139175
5452.0,1.05609,1.5043,1.4965,1.49519,1.51387,1.502465
5453.0,1.05495,1.48305,1.47292,1.47202,1.49265,1.48016
5454.0,1.16775,1.4615,1.45008,1.44955,1.47053,1.4579149999999998
5455.0,1.33702,1.45088,1.43973,1.43936,1.45912,1.4472725
5456.0,1.17479,1.45666,1.44738,1.44686,1.46441,1.4538275
5457.0,0.93757,1.4753,1.46879,1.46787,1.48299,1.4737375000000001
5458.0,1.15964,1.49682,1.49224,1.49085,1.50484,1.4961875
5459.0,1.18846,1.51068,1.50587,1.50421,1.51923,1.5099975
5460.0,1.13851,1.51184,1.50518,1.50353,1.52093,1.51037
5461.0,1.12488,1.50296,1.49422,1.49279,1.51225,1.500555
5462.0,1.16558,1.49194,1.48215,1.48097,1.50087,1.4889825
5463.0,1.19215,1.48663,1.47692,1.47587,1.49515,1.4836425
5464.0,1.11453,1.48967,1.48097,1.47988,1.49804,1.4871400000000001
5465.0,1.07059,1.49863,1.49145,1.49021,1.50692,1.4968025
5466.0,0.99552,1.50906,1.50259,1.5012,1.51738,1.5075575
5467.0,0.93224,1.51612,1.50932,1.50789,1.5248,1.5145324999999998
5468.0,1.06264,1.51686,1.50953,1.50817,1.52588,1.51511
5469.0,1.18159,1.51147,1.50362,1.50243,1.52052,1.50951
5470.0,1.11971,1.50172,1.49325,1.49228,1.51075,1.4994999999999998
5471.0,1.05624,1.48852,1.47976,1.47902,1.49768,1.486245
5472.0,1.09357,1.47222,1.46365,1.46313,1.48125,1.4700625
5473.0,1.07564,1.45386,1.44513,1.44483,1.46263,1.4516125
5474.0,1.10179,1.43474,1.42531,1.42526,1.44343,1.432185
5475.0,1.08793,1.41784,1.40834,1.40852,1.42614,1.41521
5476.0,1.0413,1.4085,1.3996,1.3999,1.41606,1.406015
5477.0,1.02185,1.40964,1.40156,1.40189,1.41683,1.40748
5478.0,1.04925,1.41842,1.41169,1.41193,1.42574,1.416945
5479.0,0.9974,1.4294,1.42376,1.42389,1.43683,1.42847
5480.0,0.93453,1.43936,1.43335,1.43339,1.44668,1.438195
5481.0,0.93372,1.4489,1.44171,1.44167,1.45627,1.4471375
5482.0,1.02339,1.46075,1.45336,1.45313,1.46824,1.45887
5483.0,1.16112,1.47632,1.47008,1.46949,1.48389,1.474945
5484.0,1.22344,1.49267,1.48729,1.48631,1.50053,1.4916999999999998
5485.0,1.16255,1.50375,1.49825,1.49701,1.51211,1.50278
5486.0,1.06573,1.5066,1.50004,1.49878,1.51518,1.50515
5487.0,1.03995,1.50386,1.4958,1.4947,1.51243,1.5016975000000001
5488.0,1.00304,1.50044,1.49152,1.49057,1.50904,1.4978924999999998
5489.0,1.08054,1.49995,1.49154,1.49064,1.50839,1.49763
5490.0,1.20181,1.50334,1.49586,1.49487,1.51162,1.5014224999999999
5491.0,1.27603,1.50818,1.50099,1.49989,1.51659,1.5064125
5492.0,1.26538,1.51125,1.50417,1.50304,1.5198,1.5095649999999998
5493.0,1.19177,1.51195,1.50459,1.50345,1.52047,1.5101149999999999
5494.0,1.10147,1.51094,1.50293,1.5018,1.51955,1.508805
5495.0,1.06328,1.50904,1.5009,1.49972,1.51779,1.5068625
5496.0,1.07703,1.50793,1.5002,1.49888,1.5165,1.5058775
5497.0,1.05742,1.50905,1.50162,1.50009,1.51742,1.5070450000000002
5498.0,1.01399,1.51107,1.50387,1.50214,1.51969,1.5091925
5499.0,1.01312,1.51088,1.50424,1.5024,1.51976,1.50932
5500.0,1.07823,1.50676,1.50016,1.49839,1.5156,1.5052275
5501.0,1.15833,1.49872,1.49116,1.48965,1.50747,1.49675
5502.0,1.1545,1.48815,1.47977,1.47867,1.49688,1.4858675000000001
5503.0,1.23451,1.47766,1.46914,1.46841,1.48627,1.47537
5504.0,1.27011,1.46929,1.46093,1.46045,1.47773,1.4671
5505.0,1.21537,1.46431,1.45621,1.45582,1.47242,1.46219
5506.0,1.1255,1.46394,1.45627,1.45584,1.47176,1.4619525
5507.0,1.05859,1.46741,1.46032,1.45977,1.47535,1.4657125
5508.0,1.06497,1.47106,1.46495,1.46428,1.47921,1.469875
5509.0,1.16739,1.4708,1.4651,1.46438,1.47909,1.4698425000000002
5510.0,1.19036,1.4638,1.45703,1.45646,1.47223,1.46238
5511.0,0.95373,1.45106,1.44301,1.44272,1.45943,1.4490550000000002
5512.0,0.92967,1.43839,1.42949,1.42949,1.44641,1.435945
5513.0,1.02616,1.43236,1.42332,1.42353,1.43995,1.4297900000000001
5514.0,1.15856,1.4369,1.42882,1.42908,1.44412,1.43473
5515.0,1.28625,1.45254,1.44588,1.44593,1.45949,1.4509599999999998
5516.0,1.37104,1.47636,1.47091,1.47057,1.48326,1.475275
5517.0,1.31159,1.50332,1.49863,1.49774,1.5105,1.5025475
5518.0,1.13519,1.52786,1.52339,1.52195,1.53557,1.5271925
5519.0,1.07866,1.54596,1.54121,1.5393,1.55414,1.5451525
5520.0,1.23994,1.5561,1.55047,1.54828,1.56463,1.55487
5521.0,1.23792,1.55857,1.55196,1.54967,1.56741,1.5569024999999999
5522.0,1.11028,1.55454,1.54745,1.54517,1.56362,1.552695
5523.0,1.05037,1.54493,1.53761,1.53542,1.55415,1.5430275
5524.0,1.1159,1.52999,1.52227,1.52022,1.53923,1.5279274999999999
5525.0,1.16798,1.51071,1.5023,1.50046,1.51989,1.50834
5526.0,0.96296,1.49034,1.48122,1.47962,1.49924,1.4876049999999998
5527.0,1.11612,1.47451,1.46523,1.46388,1.48282,1.47161
5528.0,1.35511,1.46859,1.45994,1.45873,1.47631,1.4658925
5529.0,1.34987,1.47356,1.46628,1.4651,1.48108,1.471505
5530.0,1.17481,1.4855,1.48003,1.47872,1.49307,1.48433
5531.0,1.12431,1.49849,1.49388,1.4924,1.50614,1.4977275
5532.0,1.22801,1.50732,1.50215,1.50057,1.51519,1.5063075000000001
5533.0,1.329,1.51009,1.50383,1.50225,1.51826,1.5086074999999999
5534.0,1.34488,1.50906,1.50198,1.50048,1.51726,1.5071950000000003
5535.0,1.43755,1.50823,1.50067,1.49928,1.51632,1.506125
5536.0,1.21085,1.51035,1.50274,1.50142,1.51835,1.5082149999999999
5537.0,0.95436,1.51654,1.50959,1.50823,1.52444,1.5147000000000002
5538.0,1.01088,1.52647,1.52016,1.51864,1.53428,1.5248875
5539.0,1.36909,1.53758,1.53165,1.52988,1.54554,1.5361624999999999
5540.0,1.22687,1.5464,1.54073,1.53869,1.55469,1.5451275
5541.0,1.03746,1.55046,1.54457,1.54232,1.55902,1.5490925
5542.0,0.99603,1.54962,1.54295,1.54063,1.5582,1.5478500000000002
5543.0,1.07914,1.54617,1.53858,1.53626,1.55472,1.5439325
5544.0,1.16885,1.54343,1.53536,1.53305,1.55196,1.54095
5545.0,1.18799,1.54458,1.53697,1.5346,1.55292,1.5422675000000001
5546.0,1.10982,1.55149,1.54458,1.54203,1.55956,1.549415
5547.0,0.94338,1.56284,1.55659,1.55374,1.57095,1.56103
5548.0,0.80256,1.57514,1.5697,1.5665,1.5835,1.57371
5549.0,0.94469,1.58465,1.57965,1.57613,1.59326,1.5834225
5550.0,1.03363,1.58826,1.58276,1.57909,1.59714,1.5868125000000002
5551.0,1.08952,1.5846,1.57818,1.57453,1.59374,1.5827624999999999
5552.0,1.16786,1.57526,1.56799,1.56449,1.58447,1.5730525000000002
5553.0,1.23675,1.56384,1.55596,1.5527,1.57287,1.5613424999999999
5554.0,1.24799,1.55386,1.5458,1.54279,1.56264,1.5512725
5555.0,1.28273,1.54712,1.53941,1.53662,1.55576,1.5447275
5556.0,1.18577,1.5436,1.53655,1.53393,1.55209,1.5415425
5557.0,0.99189,1.54203,1.5355,1.53302,1.55038,1.5402325000000001
5558.0,1.17643,1.54053,1.53406,1.53172,1.54886,1.5387925
5559.0,1.18051,1.53728,1.53073,1.52852,1.54569,1.535555
5560.0,1.1465,1.53146,1.52482,1.52274,1.53994,1.5297399999999999
5561.0,1.29576,1.52337,1.51649,1.51452,1.53177,1.5215375
5562.0,1.51023,1.51415,1.50703,1.50514,1.5224,1.51218
5563.0,0.94841,1.50499,1.49775,1.49593,1.51317,1.50296
5564.0,0.92428,1.49663,1.48961,1.48788,1.50475,1.4947175000000001
5565.0,1.24561,1.48982,1.48311,1.48149,1.49771,1.4880325
5566.0,1.32769,1.48511,1.47841,1.47691,1.49278,1.4833025
5567.0,1.09243,1.48239,1.47579,1.47434,1.49004,1.4806400000000002
5568.0,0.97475,1.48175,1.47565,1.47415,1.48931,1.4802149999999998
5569.0,1.17177,1.48337,1.4777,1.47603,1.49074,1.48196
5570.0,1.27949,1.48613,1.48044,1.47859,1.49365,1.4847024999999998
5571.0,0.9697,1.48896,1.48341,1.48142,1.49657,1.48759
5572.0,1.20217,1.49285,1.48754,1.48545,1.50023,1.4915175
5573.0,1.22351,1.49885,1.49317,1.491,1.50617,1.4972975
5574.0,1.22368,1.50643,1.50085,1.49859,1.51397,1.50496
5575.0,1.38437,1.51511,1.51029,1.50791,1.52268,1.5139975
5576.0,1.36679,1.52394,1.5192,1.51667,1.53151,1.5228300000000001
5577.0,0.97976,1.53094,1.52581,1.52318,1.53871,1.52966
5578.0,1.06167,1.53521,1.53006,1.52738,1.54313,1.533945
5579.0,1.34186,1.53666,1.53137,1.52864,1.5447,1.5353424999999998
5580.0,1.15865,1.53442,1.52888,1.5262,1.54264,1.533035
5581.0,1.09364,1.52759,1.52213,1.5196,1.5359,1.5263049999999998
5582.0,1.12607,1.51533,1.5096,1.5074,1.52371,1.5140099999999999
5583.0,1.17071,1.49634,1.48999,1.4883,1.50483,1.4948649999999999
5584.0,1.17284,1.47043,1.46342,1.46237,1.47893,1.4687875
5585.0,1.12926,1.4399,1.4319,1.43153,1.44813,1.437865
5586.0,1.09552,1.40961,1.40071,1.40094,1.41731,1.4071425
5587.0,1.03021,1.38593,1.37687,1.37752,1.393,1.3833300000000002
5588.0,1.02332,1.37403,1.36576,1.36661,1.3805,1.371725
5589.0,1.14838,1.3753,1.36862,1.36944,1.38141,1.3736925
5590.0,1.17994,1.38706,1.38183,1.38245,1.39308,1.386105
5591.0,1.12558,1.40446,1.40003,1.40033,1.41061,1.4038575000000002
5592.0,1.06985,1.42343,1.41921,1.41911,1.42979,1.422885
5593.0,1.03059,1.44208,1.43791,1.43731,1.44856,1.441465
5594.0,0.9813,1.45954,1.45571,1.45456,1.46614,1.4589875
5595.0,1.2301,1.47352,1.47011,1.46845,1.48055,1.4731575
5596.0,1.21622,1.48022,1.47703,1.47501,1.48775,1.4800025
5597.0,1.03423,1.47756,1.47401,1.47191,1.48521,1.4771725
5598.0,1.11119,1.46662,1.46146,1.45956,1.47423,1.4654675
5599.0,1.18522,1.4511,1.44416,1.44265,1.45873,1.4491600000000002
5600.0,0.95806,1.43723,1.42985,1.4287,1.44461,1.4350975000000001
5601.0,0.894,1.43185,1.42477,1.42382,1.4386,1.4297600000000001
5602.0,1.13295,1.43917,1.4329,1.43189,1.44533,1.4373225
5603.0,1.07154,1.45959,1.4548,1.45345,1.4655,1.458335
5604.0,1.04437,1.4894,1.48639,1.48452,1.49544,1.4889375
5605.0,1.0345,1.52198,1.52026,1.51783,1.5284,1.5221174999999998
5606.0,1.02077,1.55039,1.54874,1.54582,1.55732,1.5505674999999999
5607.0,1.04724,1.57018,1.56752,1.5643,1.57766,1.569915
5608.0,1.1694,1.58069,1.57674,1.57338,1.58862,1.5798575
5609.0,1.3017,1.58361,1.57882,1.57544,1.59184,1.5824274999999997
5610.0,1.30837,1.58019,1.57522,1.57188,1.58861,1.578975
5611.0,1.14846,1.56961,1.56452,1.56131,1.57824,1.56842
5612.0,0.99134,1.54968,1.54394,1.54102,1.55862,1.548315
5613.0,1.06938,1.52041,1.51328,1.51088,1.52945,1.518505
5614.0,1.13957,1.48748,1.47889,1.47722,1.49586,1.4848625000000002
5615.0,0.98134,1.46021,1.45074,1.44978,1.46767,1.4571
5616.0,0.68567,1.44547,1.43633,1.43587,1.45241,1.44252
5617.0,1.04382,1.44457,1.43782,1.4376,1.45122,1.4428025
5618.0,1.15404,1.45411,1.4499,1.44967,1.4604,1.45352
5619.0,0.96884,1.46741,1.46409,1.46372,1.47358,1.4672
5620.0,0.87858,1.4777,1.47422,1.4737,1.4842,1.477455
5621.0,0.96493,1.48076,1.47678,1.47619,1.48779,1.4803799999999998
5622.0,1.14749,1.47565,1.47075,1.47025,1.48304,1.4749225
5623.0,1.2904,1.46528,1.45915,1.4589,1.47251,1.46396
5624.0,1.28963,1.4558,1.44854,1.44859,1.46254,1.4538674999999999
5625.0,1.13733,1.45327,1.44566,1.44585,1.45969,1.4511175
5626.0,1.07441,1.46095,1.45458,1.45463,1.4672,1.45934
5627.0,0.94124,1.47829,1.47397,1.47361,1.48432,1.4775475
5628.0,0.88661,1.50083,1.49781,1.49683,1.5069,1.5005925
5629.0,1.15393,1.52227,1.51965,1.51803,1.52878,1.5221825000000002
5630.0,1.39048,1.53767,1.535,1.5329,1.54471,1.53757
5631.0,1.22463,1.54457,1.54129,1.53894,1.55203,1.5442075000000002
5632.0,0.9678,1.54257,1.53819,1.53588,1.55034,1.541745
5633.0,0.99465,1.53316,1.52766,1.52563,1.54106,1.5318775
5634.0,1.25051,1.51922,1.51284,1.51121,1.52709,1.51759
5635.0,1.28746,1.50423,1.49732,1.49608,1.5119,1.5023825
5636.0,1.20413,1.49131,1.48442,1.48348,1.49867,1.4894699999999998
5637.0,1.12535,1.48239,1.47593,1.47515,1.48942,1.4807225
5638.0,1.05461,1.47739,1.47151,1.47076,1.48428,1.475985
5639.0,0.94629,1.47487,1.4695,1.46875,1.48175,1.4737175
5640.0,0.95724,1.47379,1.46872,1.468,1.48053,1.47276
5641.0,1.05884,1.47416,1.46898,1.46832,1.48073,1.4730475
5642.0,1.11986,1.47642,1.47101,1.47037,1.48295,1.4751874999999999
5643.0,1.11318,1.48104,1.47598,1.4753,1.48758,1.479975
5644.0,1.19053,1.48796,1.48348,1.48266,1.49444,1.487135
5645.0,1.28461,1.49594,1.4917,1.49069,1.50245,1.4951949999999998
5646.0,1.2617,1.50329,1.49905,1.49786,1.50994,1.5025350000000002
5647.0,1.07221,1.50901,1.50459,1.50326,1.51582,1.50817
5648.0,1.07435,1.51335,1.50871,1.50728,1.52021,1.5123875
5649.0,1.18812,1.51734,1.51261,1.51108,1.52413,1.5162900000000001
5650.0,1.22488,1.52135,1.5167,1.51505,1.52815,1.5203125000000002
5651.0,1.05299,1.52417,1.51984,1.51805,1.53118,1.52331
5652.0,0.88602,1.52363,1.51961,1.51775,1.53088,1.5229675
5653.0,0.89269,1.51799,1.51382,1.51199,1.52531,1.5172775
5654.0,1.06383,1.5068,1.50199,1.50027,1.51407,1.5057825
5655.0,1.20787,1.49047,1.48484,1.48327,1.49788,1.489115
5656.0,0.9914,1.47057,1.46435,1.46298,1.47813,1.4690075
5657.0,1.00336,1.45106,1.44473,1.44363,1.45817,1.4493975
5658.0,1.10526,1.43686,1.4305,1.42967,1.44321,1.43506
5659.0,1.05128,1.43057,1.4242,1.42359,1.43668,1.4287599999999998
5660.0,0.94936,1.43225,1.42697,1.42645,1.43836,1.4310075
5661.0,0.93448,1.44099,1.43739,1.43679,1.44678,1.4404875000000001
5662.0,1.00824,1.45468,1.45164,1.4508,1.46019,1.4543275
5663.0,1.03883,1.47003,1.46695,1.46575,1.47575,1.46962
5664.0,0.91167,1.48392,1.48124,1.47968,1.49007,1.4837275
5665.0,1.17362,1.49416,1.49168,1.48983,1.50061,1.4940699999999998
5666.0,1.31486,1.49978,1.49667,1.49468,1.50635,1.49937
5667.0,1.17398,1.50178,1.49764,1.49561,1.50841,1.5008599999999999
5668.0,0.96117,1.50302,1.49811,1.49609,1.50968,1.501725
5669.0,0.89329,1.50689,1.50199,1.49991,1.51349,1.50557
5670.0,1.00809,1.51566,1.51146,1.50918,1.52206,1.5145899999999999
5671.0,1.15687,1.52904,1.52563,1.52302,1.53536,1.5282624999999999
5672.0,1.15837,1.54427,1.54144,1.53841,1.55082,1.5437349999999999
5673.0,0.97499,1.55802,1.55554,1.55212,1.56489,1.5576425
5674.0,0.97993,1.56812,1.56557,1.56186,1.57517,1.56768
5675.0,1.07714,1.57366,1.57052,1.56668,1.58087,1.5729325
5676.0,1.11369,1.57433,1.57051,1.56668,1.58184,1.57334
5677.0,1.08529,1.57049,1.56634,1.56266,1.57817,1.569415
5678.0,1.11185,1.56288,1.55849,1.55507,1.57051,1.5617375
5679.0,1.19184,1.55208,1.5471,1.54398,1.55967,1.5507075
5680.0,1.22091,1.53885,1.53328,1.53049,1.54648,1.537275
5681.0,1.09617,1.5252,1.51952,1.51702,1.53264,1.523595
5682.0,1.08445,1.51362,1.50809,1.50578,1.52066,1.5120375
5683.0,1.11022,1.50522,1.49993,1.49771,1.51202,1.50372
5684.0,1.11609,1.49932,1.49453,1.49235,1.50612,1.49808
5685.0,1.10264,1.49489,1.49058,1.48846,1.50165,1.493895
5686.0,1.11115,1.49208,1.48775,1.48569,1.49859,1.4910275
5687.0,1.09668,1.49239,1.4877,1.48568,1.49865,1.4911050000000001
5688.0,1.13431,1.49779,1.49319,1.49109,1.5039,1.4964925
5689.0,1.25015,1.50915,1.50547,1.50313,1.5152,1.5082375
5690.0,1.24615,1.52505,1.52256,1.51985,1.53108,1.524635
5691.0,1.11335,1.54178,1.54002,1.53693,1.54798,1.5416774999999998
5692.0,0.97384,1.55508,1.55333,1.54994,1.56163,1.5549950000000001
5693.0,0.95039,1.56222,1.55998,1.55646,1.5691,1.5619399999999999
5694.0,1.08102,1.5626,1.55965,1.55617,1.56966,1.56202
5695.0,1.12896,1.55671,1.55295,1.54965,1.56396,1.5558174999999999
5696.0,1.21812,1.5455,1.54107,1.53805,1.55292,1.5443850000000001
5697.0,1.28023,1.53058,1.52577,1.52312,1.53791,1.5293450000000002
5698.0,1.05527,1.51384,1.50858,1.50632,1.52096,1.5124250000000004
5699.0,0.91727,1.49719,1.49142,1.48956,1.50418,1.4955875
5700.0,0.9396,1.48296,1.47723,1.47574,1.48971,1.48141
5701.0,1.04274,1.47324,1.46808,1.46685,1.47957,1.471935
5702.0,1.12165,1.4682,1.46374,1.46266,1.47425,1.4672125
5703.0,1.27104,1.46533,1.46167,1.46065,1.47143,1.46477
5704.0,1.16519,1.46082,1.45773,1.45678,1.4671,1.4606075
5705.0,0.97843,1.45185,1.44866,1.44783,1.45817,1.4516275
5706.0,1.05138,1.438,1.43386,1.43325,1.4443,1.4373525
5707.0,1.2549,1.42186,1.41656,1.41618,1.42804,1.42066
5708.0,1.36373,1.40821,1.40253,1.40234,1.41404,1.40678
5709.0,1.28256,1.4016,1.39628,1.39613,1.40701,1.400255
5710.0,1.09017,1.40478,1.40027,1.4,1.40983,1.4037199999999999
5711.0,1.07963,1.41846,1.41528,1.41477,1.42312,1.4179075
5712.0,1.10401,1.44078,1.43884,1.43793,1.44529,1.44071
5713.0,1.10278,1.46777,1.46667,1.46523,1.47254,1.4680525000000002
5714.0,1.12007,1.49512,1.49474,1.49274,1.50023,1.4957075
5715.0,1.26872,1.5193,1.51896,1.51641,1.52476,1.5198574999999999
5716.0,1.3365,1.5385,1.53735,1.53434,1.54436,1.5386375
5717.0,1.1908,1.55301,1.55109,1.54775,1.55919,1.55276
5718.0,1.04052,1.56457,1.5621,1.55852,1.57094,1.5640325
5719.0,1.30802,1.57493,1.5722,1.5684,1.58144,1.5742424999999998
5720.0,1.24544,1.58486,1.58231,1.57827,1.59147,1.5842275000000001
5721.0,1.1556,1.59364,1.59134,1.58705,1.60039,1.593105
5722.0,1.1949,1.59944,1.59719,1.59268,1.60644,1.5989375000000001
5723.0,1.22192,1.60046,1.59803,1.59337,1.60769,1.5998875
5724.0,1.24233,1.59585,1.59285,1.58817,1.60331,1.5950449999999998
5725.0,1.28835,1.58674,1.58288,1.57834,1.59429,1.5855625
5726.0,1.23652,1.57615,1.57173,1.56741,1.58349,1.574695
5727.0,1.00554,1.56717,1.56265,1.55855,1.57422,1.5656474999999999
5728.0,1.11181,1.56102,1.5567,1.55278,1.56799,1.5596225000000001
5729.0,1.1416,1.55732,1.55348,1.54975,1.56431,1.5562150000000001
5730.0,1.07088,1.5559,1.55247,1.54889,1.56265,1.5549775000000001
5731.0,1.09883,1.55711,1.55368,1.55017,1.56353,1.5561224999999999
5732.0,1.18193,1.56094,1.55739,1.55387,1.56732,1.5598800000000002
5733.0,1.15482,1.56668,1.56363,1.56001,1.57319,1.5658775
5734.0,1.07542,1.57273,1.57047,1.56671,1.57934,1.5723125000000002
5735.0,1.08673,1.57709,1.57493,1.57105,1.58378,1.5767125
5736.0,1.23227,1.57852,1.57581,1.57192,1.5853,1.5778875
5737.0,1.19807,1.57729,1.57399,1.57016,1.58414,1.5763949999999998
5738.0,1.09051,1.57476,1.5711,1.56736,1.58161,1.5737074999999998
5739.0,1.09444,1.57221,1.5685,1.56485,1.57902,1.571145
5740.0,1.18903,1.57035,1.56672,1.56312,1.57711,1.5693249999999999
5741.0,1.21983,1.56962,1.56608,1.5625,1.5763,1.568625
5742.0,1.22668,1.57043,1.56709,1.56347,1.57698,1.5694925
5743.0,1.28666,1.57264,1.5696,1.56589,1.5791,1.5718075000000002
5744.0,1.395,1.57484,1.57212,1.5683,1.5814,1.5741649999999998
5745.0,1.23887,1.57498,1.57244,1.56857,1.58178,1.5744425000000002
5746.0,1.14954,1.57207,1.56931,1.56553,1.57897,1.57147
5747.0,1.31949,1.56708,1.56381,1.5602,1.57382,1.5662275
5748.0,1.47507,1.56172,1.55804,1.5546,1.56824,1.56065
5749.0,1.24951,1.5563,1.55265,1.54934,1.5629,1.5552975
5750.0,1.13606,1.54975,1.54651,1.54331,1.55653,1.5490249999999999
5751.0,1.29931,1.54124,1.53809,1.53502,1.54801,1.54059
5752.0,1.33662,1.5321,1.5282,1.52529,1.53862,1.5310525
5753.0,1.36164,1.52618,1.52149,1.51871,1.53226,1.5246600000000001
5754.0,1.34725,1.52727,1.52292,1.5201,1.53301,1.525825
5755.0,1.30633,1.53602,1.5332,1.53017,1.54166,1.5352625
5756.0,1.3253,1.54859,1.54763,1.54431,1.55437,1.5487250000000001
5757.0,1.42787,1.5583,1.5582,1.5547,1.5644,1.5589000000000002
5758.0,1.33149,1.55947,1.55857,1.55518,1.56597,1.5597975
5759.0,1.1537,1.55091,1.54815,1.54514,1.55767,1.5504674999999999
5760.0,1.28913,1.53672,1.53204,1.52952,1.54343,1.5354275
5761.0,1.27715,1.52434,1.51862,1.51647,1.53066,1.5225225
5762.0,1.17715,1.52068,1.51534,1.51324,1.52645,1.5189274999999998
5763.0,1.09089,1.5284,1.52463,1.52217,1.53384,1.52726
5764.0,1.07245,1.5452,1.54346,1.54037,1.55064,1.5449175
5765.0,1.09831,1.5656,1.56555,1.56177,1.57122,1.566035
5766.0,1.18896,1.58366,1.58416,1.57979,1.5896,1.5843025
5767.0,1.25104,1.59528,1.59513,1.5904,1.60161,1.595605
5768.0,1.14597,1.59927,1.59807,1.59325,1.60594,1.5991325
5769.0,0.98732,1.59686,1.59474,1.59003,1.60374,1.5963425
5770.0,0.98806,1.59048,1.58762,1.58312,1.59741,1.5896575
5771.0,1.13002,1.58272,1.5794,1.57513,1.58954,1.5816974999999998
5772.0,1.21799,1.57562,1.57216,1.56808,1.5823,1.57454
5773.0,1.08157,1.57055,1.56726,1.56328,1.57708,1.5695424999999998
5774.0,1.1305,1.56787,1.5651,1.56114,1.57424,1.5670875
5775.0,1.28199,1.56625,1.56414,1.56015,1.57259,1.5657825
5776.0,1.23428,1.56279,1.56115,1.55717,1.56926,1.5625925
5777.0,1.27166,1.55388,1.55231,1.54851,1.5606,1.553825
5778.0,1.30121,1.53685,1.53464,1.53124,1.54384,1.5366425
5779.0,1.25051,1.51206,1.50846,1.50575,1.51906,1.5113325
5780.0,1.11352,1.48334,1.47828,1.47645,1.48998,1.4820125
5781.0,0.98821,1.45625,1.45025,1.44928,1.46239,1.4545425
5782.0,0.97875,1.43567,1.42953,1.42931,1.44135,1.433965
5783.0,1.05546,1.42466,1.41932,1.41962,1.42987,1.4233675000000001
5784.0,1.13492,1.42467,1.4207,1.4212,1.42931,1.42397
5785.0,1.22864,1.43517,1.43242,1.43275,1.43933,1.4349175
5786.0,1.2939,1.45326,1.45153,1.45137,1.45736,1.4533800000000001
5787.0,1.30178,1.4748,1.47425,1.47342,1.47914,1.4754025000000002
5788.0,1.24795,1.49536,1.49569,1.49415,1.50009,1.4963225
5789.0,1.18265,1.51218,1.51228,1.51011,1.5172,1.5129425
5790.0,1.21951,1.52514,1.5244,1.52174,1.53027,1.5253875
5791.0,1.23587,1.5359,1.53453,1.5315,1.54117,1.5357750000000001
5792.0,1.09898,1.54636,1.54493,1.54156,1.55176,1.5461524999999998
5793.0,1.11402,1.55664,1.55577,1.55207,1.56222,1.556675
5794.0,1.1372,1.56489,1.5644,1.56044,1.57075,1.56512
5795.0,1.1267,1.56937,1.56842,1.56433,1.57547,1.5693975
5796.0,1.13471,1.5707,1.56881,1.56474,1.57682,1.5702675
5797.0,1.22093,1.57196,1.56928,1.56524,1.57796,1.57111
5798.0,1.07401,1.57636,1.57338,1.56931,1.5823,1.5753375
5799.0,0.96182,1.58467,1.58226,1.57805,1.59074,1.58393
5800.0,1.23211,1.59452,1.59326,1.58882,1.60083,1.5943575
5801.0,1.22496,1.60158,1.60085,1.59623,1.60819,1.6017125
5802.0,1.12372,1.60226,1.6009,1.59627,1.60909,1.60213
5803.0,1.08229,1.59623,1.5937,1.58926,1.60307,1.595565
5804.0,1.13986,1.58643,1.58293,1.57878,1.5931,1.58531
5805.0,1.16538,1.57715,1.57315,1.56929,1.58354,1.5757825
5806.0,1.11498,1.57169,1.56798,1.56431,1.57782,1.57045
5807.0,1.11914,1.57115,1.56831,1.56469,1.57709,1.57031
5808.0,1.27943,1.57457,1.57255,1.56886,1.58042,1.5741
5809.0,1.1893,1.57966,1.57804,1.57424,1.58558,1.57938
5810.0,1.1155,1.58387,1.58232,1.57843,1.58999,1.5836525
5811.0,1.18381,1.5853,1.5836,1.57968,1.59164,1.5850549999999999
5812.0,1.3269,1.58292,1.58082,1.57695,1.58944,1.5825325
5813.0,1.28642,1.57708,1.57435,1.57061,1.58365,1.5764225
5814.0,1.07973,1.56998,1.56667,1.56311,1.57637,1.5690324999999998
5815.0,0.9611,1.56519,1.56169,1.55822,1.5712,1.564075
5816.0,1.18689,1.56585,1.56272,1.55918,1.57151,1.5648149999999998
5817.0,1.28737,1.57295,1.57077,1.56697,1.57844,1.5722825
5818.0,1.27087,1.5847,1.58385,1.57967,1.59021,1.5846075
5819.0,1.20878,1.59751,1.59769,1.59309,1.60317,1.597865
5820.0,1.16467,1.60777,1.60807,1.60315,1.61364,1.6081575000000001
5821.0,1.15862,1.61365,1.61331,1.60824,1.61969,1.6137225000000002
5822.0,1.24975,1.61558,1.61448,1.60939,1.62173,1.6152950000000001
5823.0,1.30882,1.61543,1.61382,1.60879,1.62159,1.6149075
5824.0,1.12209,1.61502,1.61328,1.6083,1.62115,1.6144375
5825.0,1.02801,1.61534,1.61378,1.60881,1.62143,1.61484
5826.0,1.04722,1.61652,1.61524,1.61024,1.62254,1.6161349999999999
5827.0,1.13226,1.61812,1.61702,1.61195,1.62411,1.6178
5828.0,1.22342,1.61937,1.61832,1.61318,1.62543,1.6190749999999998
5829.0,1.28465,1.61948,1.6184,1.61322,1.62562,1.61918
5830.0,1.27449,1.61787,1.61672,1.61158,1.62408,1.6175625
5831.0,1.21102,1.61424,1.61287,1.60786,1.62051,1.61387
5832.0,1.16486,1.60886,1.60705,1.60226,1.61512,1.6083225
5833.0,1.07382,1.60274,1.60055,1.59605,1.6089,1.60206
5834.0,1.08254,1.59721,1.5949,1.59065,1.60325,1.5965025
5835.0,1.22617,1.59328,1.59095,1.58686,1.59924,1.5925825
5836.0,1.32591,1.59153,1.5893,1.58528,1.59738,1.5908725
5837.0,1.16401,1.59247,1.59058,1.58651,1.59816,1.59193
5838.0,0.99592,1.59639,1.59494,1.59069,1.60195,1.5959925
5839.0,1.05406,1.60295,1.60188,1.59735,1.60848,1.602665
5840.0,1.31579,1.6108,1.61025,1.60541,1.61643,1.6107225
5841.0,1.25399,1.61771,1.61777,1.61264,1.62353,1.6179124999999999
5842.0,1.05742,1.62117,1.62141,1.61608,1.6272,1.6214650000000002
5843.0,1.02016,1.61939,1.61913,1.61381,1.62561,1.619485
5844.0,1.21246,1.61214,1.61103,1.60591,1.6185,1.6118949999999999
5845.0,1.39988,1.60096,1.59901,1.59423,1.60732,1.60038
5846.0,1.45785,1.58848,1.58597,1.58158,1.59469,1.58768
5847.0,1.46172,1.57701,1.57442,1.57038,1.58304,1.5762125
5848.0,1.77246,1.56746,1.5652,1.56142,1.57336,1.56686
5849.0,1.64977,1.55907,1.5573,1.5537,1.56494,1.5587525
5850.0,1.22247,1.55027,1.54882,1.54535,1.55614,1.550145
5851.0,0.94642,1.54003,1.53854,1.53521,1.54582,1.5399
5852.0,0.97237,1.52851,1.52676,1.52359,1.53415,1.5282525000000002
5853.0,1.09438,1.51645,1.51449,1.51149,1.52203,1.516115
5854.0,1.27237,1.50437,1.50234,1.49952,1.50997,1.50405
5855.0,1.46818,1.49284,1.49081,1.48823,1.49831,1.4925475
5856.0,1.3108,1.48323,1.48119,1.47886,1.48835,1.4829075
5857.0,1.28156,1.47769,1.47562,1.47346,1.48244,1.4773025
5858.0,1.42198,1.47805,1.47615,1.47404,1.48253,1.4776925
5859.0,1.45352,1.4845,1.48341,1.4812,1.48892,1.4845075
5860.0,1.36426,1.49509,1.49524,1.49284,1.49955,1.4956800000000001
5861.0,1.35052,1.50673,1.5077,1.50504,1.51122,1.5076725
5862.0,1.43647,1.51661,1.51757,1.51469,1.52121,1.51752
5863.0,1.51346,1.5232,1.52358,1.52057,1.52805,1.52385
5864.0,1.72467,1.5268,1.5265,1.52343,1.53182,1.5271375
5865.0,1.70819,1.52918,1.5285,1.52538,1.53416,1.529305
5866.0,1.51798,1.53252,1.53181,1.5286,1.5374,1.5325825
5867.0,1.72389,1.53818,1.53764,1.53426,1.543,1.53827
5868.0,2.11705,1.54593,1.54577,1.54223,1.55081,1.5461850000000001
5869.0,2.28467,1.55396,1.55437,1.55069,1.55901,1.5545075
5870.0,2.34266,1.55993,1.56052,1.55679,1.56518,1.5606049999999998
5871.0,3.17933,1.5623,1.56229,1.55866,1.5677,1.5627375000000001
5872.0,4.22256,1.56097,1.55994,1.55651,1.56656,1.5609950000000001
5873.0,5.71882,1.55692,1.55493,1.55175,1.56273,1.5565825
5874.0,7.65053,1.5512,1.54861,1.54568,1.5572,1.5506725
5875.0,8.84554,1.54433,1.54153,1.53881,1.55041,1.54377
5876.0,8.67177,1.53618,1.53342,1.53088,1.54227,1.5356875
5877.0,7.26198,1.52667,1.52391,1.52154,1.53268,1.5262
5878.0,5.26177,1.51649,1.51371,1.51155,1.52224,1.5159974999999999
5879.0,3.83504,1.50699,1.50445,1.50248,1.51241,1.5065825000000002
5880.0,2.78446,1.49931,1.49726,1.49543,1.5045,1.499125
5881.0,2.13853,1.49343,1.49201,1.49028,1.4985,1.493555
5882.0,1.99613,1.4878,1.48717,1.48553,1.49278,1.4883199999999999
5883.0,1.88175,1.47905,1.47928,1.47778,1.48412,1.4800575
5884.0,1.71341,1.46207,1.4627,1.46152,1.46751,1.46345
5885.0,1.57619,1.43101,1.43104,1.43051,1.43707,1.4324075
5886.0,1.56822,1.38184,1.38002,1.38054,1.38851,1.3827275
5887.0,1.31372,1.31641,1.31151,1.31347,1.32306,1.3161125
5888.0,1.25209,1.24483,1.23658,1.24014,1.2505,1.2430125
5889.0,1.43269,1.18251,1.17236,1.17737,1.18675,1.1797475
5890.0,1.37438,1.14252,1.13324,1.13921,1.1455,1.1401175000000001
5891.0,1.44298,1.12863,1.12303,1.12938,1.13082,1.127965
5892.0,1.56615,1.13374,1.13286,1.13911,1.13577,1.13537
5893.0,1.51515,1.14596,1.14791,1.15377,1.14796,1.1489
5894.0,1.06292,1.15808,1.15966,1.16511,1.15971,1.16064
5895.0,1.05933,1.1716,1.17138,1.17634,1.17287,1.1730475
5896.0,1.28292,1.19359,1.19238,1.1967,1.19466,1.1943325
5897.0,1.34638,1.22986,1.22986,1.2333,1.23081,1.2309575
5898.0,1.46127,1.27968,1.28289,1.2852,1.28065,1.282105
5899.0,1.42037,1.33572,1.34205,1.34301,1.33702,1.33945
5900.0,1.24723,1.38858,1.39586,1.39557,1.39044,1.3926125
5901.0,1.13122,1.43138,1.43767,1.43637,1.43395,1.4348425
5902.0,1.29933,1.46154,1.46623,1.46425,1.46486,1.4642199999999999
5903.0,1.26369,1.48037,1.48346,1.48108,1.48426,1.4822925
5904.0,1.09659,1.4913,1.49304,1.49046,1.49547,1.4925675
5905.0,1.2605,1.49801,1.4989,1.4962,1.5023,1.4988525
5906.0,1.35321,1.50334,1.50389,1.50107,1.50771,1.5040025000000001
5907.0,1.31393,1.5088,1.50943,1.50643,1.51322,1.5094699999999999
5908.0,1.17851,1.51442,1.51543,1.5122,1.51887,1.5152299999999999
5909.0,1.02825,1.51892,1.52036,1.5169,1.52348,1.519915
5910.0,0.97739,1.52041,1.52194,1.51831,1.52519,1.5214625000000002
5911.0,1.20673,1.51737,1.51852,1.51484,1.52237,1.518275
5912.0,1.52248,1.5098,1.51022,1.50664,1.51484,1.5103749999999998
5913.0,1.07338,1.49954,1.49918,1.49581,1.5045,1.4997575
5914.0,0.98726,1.48995,1.48895,1.48583,1.49467,1.4898500000000001
5915.0,1.18696,1.48442,1.4833,1.48038,1.48886,1.48424
5916.0,1.17582,1.48482,1.48431,1.48148,1.48903,1.4849099999999997
5917.0,0.97061,1.49064,1.49121,1.48831,1.49472,1.49122
5918.0,1.01637,1.49951,1.50105,1.49797,1.50362,1.5005375
5919.0,1.19146,1.50846,1.51041,1.50711,1.51269,1.5096675
5920.0,1.11935,1.51544,1.51724,1.51376,1.51978,1.516555
5921.0,1.29511,1.52003,1.52143,1.51783,1.52446,1.5209375
5922.0,1.14838,1.52302,1.52405,1.52041,1.5275,1.523745
5923.0,0.74746,1.52543,1.52631,1.52265,1.52994,1.5260825
5924.0,0.95398,1.52751,1.52852,1.52485,1.53208,1.5282399999999998
5925.0,1.46685,1.52844,1.52966,1.52597,1.53312,1.5292975000000002
5926.0,1.54411,1.52712,1.52826,1.5246,1.53191,1.5279725
5927.0,1.084,1.52331,1.52401,1.52042,1.52812,1.523965
5928.0,1.22148,1.51831,1.51843,1.51497,1.52296,1.5186675
5929.0,1.25699,1.51414,1.514,1.51066,1.51862,1.5143550000000001
5930.0,1.15949,1.51222,1.51228,1.50899,1.51664,1.5125324999999998
5931.0,1.1491,1.51242,1.51293,1.50966,1.51687,1.5129700000000001
5932.0,1.20044,1.51353,1.51444,1.51117,1.51796,1.514275
5933.0,1.23802,1.51455,1.51556,1.51231,1.51889,1.5153275
5934.0,1.22228,1.51553,1.51632,1.51309,1.51982,1.5161900000000001
5935.0,1.16226,1.51746,1.51802,1.51475,1.52169,1.51798
5936.0,1.18949,1.52091,1.52168,1.51832,1.52512,1.5215075
5937.0,1.25397,1.52496,1.52638,1.52285,1.52929,1.5258699999999998
5938.0,1.26397,1.52767,1.5295,1.52579,1.53219,1.5287875
5939.0,1.1405,1.52775,1.52929,1.52548,1.53232,1.5287099999999998
5940.0,1.16418,1.52557,1.52644,1.52264,1.53008,1.5261825
5941.0,1.28194,1.5232,1.52354,1.51979,1.5276,1.5235325
5942.0,1.30987,1.52308,1.52335,1.5196,1.52734,1.5233424999999998
5943.0,1.02662,1.52618,1.527,1.52316,1.53034,1.52667
5944.0,0.98884,1.53109,1.53284,1.52881,1.53532,1.532015
5945.0,1.41919,1.53494,1.53729,1.53305,1.53935,1.5361575
5946.0,2.12782,1.53527,1.53747,1.53311,1.53983,1.53642
5947.0,2.08631,1.53159,1.53312,1.52876,1.53615,1.532405
5948.0,1.52584,1.52527,1.52612,1.52188,1.52981,1.5257699999999996
5949.0,0.94646,1.51842,1.51886,1.51479,1.52298,1.5187625000000002
5950.0,0.95808,1.51271,1.51308,1.50919,1.51722,1.51305
5951.0,1.60228,1.50878,1.50943,1.50571,1.51312,1.50926
5952.0,1.66515,1.50627,1.50735,1.50377,1.51051,1.506975
5953.0,0.92973,1.50459,1.50579,1.50231,1.50884,1.5053825
5954.0,1.09019,1.50343,1.50442,1.50105,1.50766,1.50414
5955.0,1.2617,1.50297,1.5038,1.50055,1.50711,1.5036075
5956.0,1.22602,1.50394,1.5048,1.50161,1.50795,1.504575
5957.0,1.11244,1.50747,1.50842,1.50521,1.51135,1.5081125000000002
5958.0,1.13405,1.51446,1.51563,1.51229,1.51821,1.5151474999999999
5959.0,1.28226,1.52456,1.52633,1.52276,1.5283,1.5254874999999999
5960.0,1.34062,1.53598,1.53855,1.53465,1.53982,1.53725
5961.0,1.06702,1.54615,1.5492,1.54497,1.55017,1.5476225000000001
5962.0,1.05174,1.55291,1.55584,1.55136,1.55714,1.5543125
5963.0,1.07249,1.55563,1.55792,1.55331,1.56001,1.5567175
5964.0,0.98587,1.55549,1.55705,1.55241,1.55988,1.5562075
5965.0,0.96096,1.55472,1.55585,1.55121,1.55907,1.5552125
5966.0,1.01939,1.5555,1.5566,1.55192,1.55978,1.55595
5967.0,1.08026,1.55895,1.56039,1.5556,1.56314,1.55952
5968.0,1.09748,1.56466,1.56672,1.56174,1.56882,1.5654850000000002
5969.0,1.21607,1.57098,1.57367,1.56846,1.57521,1.5720800000000001
5970.0,1.36052,1.5758,1.57878,1.57338,1.58017,1.5770325
5971.0,1.35999,1.57714,1.58006,1.57456,1.5817,1.5783649999999998
5972.0,1.07335,1.57363,1.57618,1.57073,1.57841,1.5747375
5973.0,0.93108,1.565,1.56685,1.5616,1.56993,1.5658450000000002
5974.0,0.97237,1.55245,1.55339,1.54848,1.55736,1.55292
5975.0,1.06427,1.53858,1.53872,1.5342,1.54332,1.5387050000000002
5976.0,0.97562,1.5267,1.52644,1.52228,1.53117,1.5266475000000002
5977.0,1.15332,1.51948,1.51945,1.51552,1.52366,1.5195274999999997
5978.0,1.31239,1.5175,1.51833,1.5145,1.52149,1.517955
5979.0,1.16372,1.51874,1.52067,1.51684,1.52273,1.5197450000000001
5980.0,1.16792,1.51961,1.52221,1.51836,1.52374,1.52098
5981.0,1.18324,1.51705,1.51942,1.51566,1.5213,1.5183575
5982.0,1.12858,1.51057,1.51205,1.50848,1.51477,1.5114675000000002
5983.0,1.0304,1.50251,1.50306,1.49972,1.50657,1.502965
5984.0,1.082,1.49676,1.49684,1.49368,1.50061,1.4969725
5985.0,1.23686,1.49641,1.49679,1.49362,1.50001,1.4967074999999999
5986.0,1.34951,1.50203,1.50345,1.50009,1.50546,1.5027575
5987.0,1.20475,1.51166,1.51434,1.51068,1.51508,1.51294
5988.0,1.06505,1.52224,1.52565,1.52163,1.52577,1.5238225
5989.0,1.04166,1.53144,1.53477,1.53049,1.53507,1.5329425
5990.0,1.13792,1.53847,1.54145,1.53702,1.54217,1.5397775
5991.0,1.21442,1.54367,1.54643,1.54193,1.54747,1.544875
5992.0,1.15759,1.54746,1.55016,1.54564,1.55138,1.54866
5993.0,1.04794,1.54954,1.55222,1.54771,1.5536,1.5507674999999999
5994.0,1.10995,1.54891,1.55148,1.54706,1.55308,1.5501325000000001
5995.0,1.33588,1.54494,1.54713,1.54287,1.54916,1.5460249999999998
5996.0,1.38729,1.53831,1.53984,1.53583,1.5425,1.53912
5997.0,1.1481,1.53104,1.53199,1.52821,1.53511,1.5315875
5998.0,1.00959,1.52523,1.52607,1.52245,1.52919,1.525735
5999.0,1.06028,1.52183,1.52301,1.51943,1.52571,1.522495
6000.0,1.15949,1.52032,1.52204,1.51839,1.52413,1.52122
6001.0,1.12248,1.51934,1.52155,1.51779,1.52312,1.5204499999999999
6002.0,1.05307,1.51751,1.51997,1.51612,1.52135,1.5187374999999999
6003.0,1.0686,1.51401,1.51636,1.51252,1.51795,1.51521
6004.0,1.15938,1.5086,1.51056,1.50683,1.51261,1.5096500000000002
6005.0,1.18939,1.5018,1.50325,1.49973,1.50574,1.5026300000000001
6006.0,1.16999,1.49515,1.49625,1.49292,1.4989,1.495805
6007.0,1.15102,1.49087,1.49194,1.48873,1.49441,1.4914875
6008.0,1.17656,1.49066,1.49216,1.48894,1.49409,1.4914625
6009.0,1.24829,1.49437,1.49659,1.49328,1.49774,1.495495
6010.0,1.22158,1.49971,1.50266,1.49923,1.50309,1.5011725
6011.0,1.13376,1.50368,1.50702,1.50354,1.50713,1.5053425
6012.0,1.13033,1.50444,1.50759,1.50414,1.50802,1.5060475000000002
6013.0,1.18034,1.50224,1.50464,1.50134,1.50588,1.503525
6014.0,1.28433,1.49871,1.50037,1.49726,1.50229,1.4996575
6015.0,1.39119,1.49527,1.49681,1.49384,1.4988,1.49618
6016.0,1.34776,1.49243,1.49429,1.49137,1.49595,1.49351
6017.0,1.08436,1.48999,1.49203,1.48912,1.49346,1.49115
6018.0,0.96381,1.48777,1.48972,1.48678,1.49117,1.48886
6019.0,1.26487,1.48611,1.48797,1.48497,1.48944,1.4871225
6020.0,1.16361,1.48589,1.48782,1.4847,1.48914,1.4868875
6021.0,1.0412,1.48816,1.49025,1.48696,1.4913,1.4891675
6022.0,1.09197,1.49351,1.49595,1.49245,1.49656,1.4946175
6023.0,1.18486,1.50173,1.50472,1.50097,1.50474,1.50304
6024.0,1.23027,1.51196,1.51544,1.51141,1.51497,1.513445
6025.0,1.24098,1.52313,1.52691,1.5226,1.52617,1.5247025
6026.0,1.21713,1.53428,1.53823,1.53366,1.53742,1.5358975000000001
6027.0,1.05968,1.54469,1.54872,1.54392,1.54795,1.5463200000000001
6028.0,1.02776,1.55398,1.55791,1.55291,1.55732,1.5555299999999999
6029.0,1.11143,1.56191,1.56569,1.56054,1.56535,1.5633725000000003
6030.0,1.12518,1.5685,1.57219,1.56691,1.57204,1.5699100000000001
6031.0,1.19883,1.5739,1.57751,1.57213,1.57753,1.5752675
6032.0,1.27092,1.57836,1.58184,1.57636,1.58206,1.579655
6033.0,1.22839,1.58195,1.58536,1.5798,1.58571,1.583205
6034.0,0.95963,1.58452,1.58797,1.58233,1.58834,1.5857899999999998
6035.0,1.00275,1.58578,1.58925,1.58353,1.58968,1.5870600000000001
6036.0,1.31408,1.58551,1.58886,1.58308,1.58948,1.5867324999999999
6037.0,1.51853,1.58374,1.58687,1.58108,1.58774,1.5848575
6038.0,1.31676,1.58092,1.5838,1.57804,1.58491,1.5819175
6039.0,1.10982,1.57801,1.58065,1.57493,1.58192,1.5788775000000002
6040.0,1.13957,1.57628,1.57882,1.57314,1.58008,1.5770799999999998
6041.0,1.29316,1.57686,1.57955,1.57385,1.58055,1.5777025
6042.0,1.12943,1.5802,1.58329,1.57749,1.58379,1.5811925000000002
6043.0,0.95073,1.58576,1.58939,1.5834,1.58931,1.5869650000000002
6044.0,1.12833,1.59221,1.59632,1.59011,1.5958,1.59361
6045.0,1.09596,1.59806,1.60241,1.59601,1.60174,1.599555
6046.0,1.13817,1.60227,1.60656,1.60002,1.60602,1.6037175
6047.0,1.31159,1.60446,1.60852,1.60192,1.60829,1.6057975
6048.0,1.33385,1.60473,1.6086,1.60202,1.60865,1.606
6049.0,1.15668,1.60328,1.60701,1.60051,1.60726,1.6045150000000001
6050.0,0.97139,1.60001,1.60356,1.5972,1.60403,1.6012
6051.0,0.99801,1.59464,1.59798,1.59181,1.5987,1.5957824999999999
6052.0,1.29813,1.58714,1.59019,1.58426,1.59121,1.5882
6053.0,1.32373,1.57816,1.58076,1.5751,1.58218,1.57905
6054.0,1.08869,1.56914,1.57126,1.56587,1.57301,1.56982
6055.0,1.09431,1.56186,1.56379,1.55861,1.56555,1.5624525
6056.0,1.22298,1.55779,1.55997,1.5549,1.56129,1.5584875
6057.0,1.33003,1.55734,1.56012,1.55507,1.56071,1.55831
6058.0,1.31778,1.55944,1.56295,1.55784,1.56279,1.560755
6059.0,1.20576,1.56178,1.5659,1.56071,1.56521,1.5634000000000001
6060.0,1.10834,1.56164,1.56599,1.56075,1.56525,1.5634075
6061.0,1.03955,1.55735,1.56127,1.55609,1.56111,1.558955
6062.0,0.96279,1.54937,1.55231,1.54727,1.55313,1.5505200000000001
6063.0,1.03304,1.54056,1.54251,1.53763,1.54414,1.54121
6064.0,1.14468,1.5351,1.53671,1.53188,1.53843,1.53553
6065.0,1.17755,1.53665,1.5388,1.53382,1.53968,1.5372375
6066.0,1.10405,1.54639,1.54977,1.54446,1.54918,1.54745
6067.0,1.04946,1.56238,1.56717,1.56141,1.56509,1.5640125
6068.0,1.06566,1.58063,1.58662,1.58038,1.58344,1.5827675
6069.0,1.12962,1.59712,1.60365,1.59699,1.60016,1.59948
6070.0,1.06298,1.60939,1.61567,1.6087,1.61269,1.6116125
6071.0,1.02641,1.61677,1.62242,1.61527,1.62032,1.6186949999999998
6072.0,1.11529,1.61957,1.62467,1.61746,1.62333,1.6212575
6073.0,1.16646,1.61813,1.62286,1.61569,1.62205,1.6196825
6074.0,1.16999,1.61254,1.6169,1.60987,1.6166,1.6139775
6075.0,1.19186,1.603,1.60682,1.60005,1.60712,1.6042475
6076.0,1.28951,1.59025,1.59344,1.58702,1.59437,1.5912700000000002
6077.0,1.17141,1.57571,1.57836,1.57234,1.57976,1.5765425
6078.0,1.09645,1.56118,1.56346,1.55784,1.56508,1.56189
6079.0,1.1908,1.54833,1.55043,1.54517,1.55201,1.548985
6080.0,1.14141,1.53825,1.54044,1.53549,1.54171,1.5389725
6081.0,1.06135,1.53149,1.53402,1.52927,1.53476,1.532385
6082.0,1.03615,1.52812,1.5311,1.52646,1.53121,1.5292225
6083.0,1.10648,1.5278,1.53119,1.52654,1.53074,1.5290675
6084.0,1.17783,1.52968,1.53348,1.52876,1.53255,1.5311175000000001
6085.0,1.21651,1.53244,1.53675,1.53194,1.53533,1.534115
6086.0,1.2238,1.5346,1.53921,1.53433,1.53756,1.536425
6087.0,1.23766,1.5349,1.53935,1.53447,1.53793,1.5366625
6088.0,1.18463,1.53282,1.53685,1.53204,1.53591,1.5344050000000002
6089.0,1.13126,1.52902,1.53255,1.52788,1.5321,1.5303875
6090.0,1.21391,1.52528,1.52836,1.52386,1.52825,1.5264375
6091.0,1.33757,1.52375,1.52668,1.5223,1.52658,1.5248275
6092.0,1.31154,1.52589,1.52914,1.52478,1.52857,1.527095
6093.0,1.12245,1.53168,1.53562,1.53117,1.53426,1.5331825
6094.0,1.13864,1.53965,1.5443,1.53968,1.5422,1.5414575
6095.0,1.13891,1.54761,1.55268,1.54787,1.55023,1.5495975000000002
6096.0,1.105,1.55344,1.55875,1.55376,1.55624,1.5555475
6097.0,1.15818,1.55541,1.56085,1.55572,1.55848,1.557615
6098.0,1.2331,1.55218,1.55735,1.55215,1.55549,1.5542924999999999
6099.0,1.26648,1.543,1.5473,1.54216,1.54645,1.5447275
6100.0,1.22025,1.52858,1.53168,1.52675,1.53205,1.529765
6101.0,1.10614,1.51205,1.51407,1.50944,1.51541,1.5127424999999999
6102.0,0.99501,1.4986,1.50008,1.49575,1.50165,1.49902
6103.0,0.97602,1.49309,1.49488,1.4907,1.49571,1.4935949999999998
6104.0,1.11865,1.4973,1.50019,1.49596,1.49955,1.49825
6105.0,1.1256,1.50904,1.51358,1.50909,1.51112,1.5107075
6106.0,1.10642,1.52378,1.52983,1.52501,1.52594,1.52614
6107.0,1.18996,1.53743,1.54402,1.53883,1.53976,1.54001
6108.0,1.27345,1.54798,1.55414,1.54867,1.55048,1.5503175000000002
6109.0,1.10443,1.55542,1.5609,1.55526,1.55806,1.5574100000000002
6110.0,0.85543,1.56075,1.56583,1.56008,1.56349,1.5625375
6111.0,1.03281,1.56504,1.5701,1.56427,1.56784,1.5668125000000002
6112.0,1.15666,1.56872,1.57388,1.56796,1.57156,1.57053
6113.0,1.16841,1.57137,1.57656,1.57057,1.57428,1.573195
6114.0,1.14168,1.57189,1.57711,1.57112,1.57493,1.5737625
6115.0,1.13336,1.56903,1.57424,1.56833,1.57222,1.570955
6116.0,1.12634,1.5619,1.56682,1.56112,1.56525,1.5637725
6117.0,1.09947,1.55023,1.5545,1.54913,1.5537,1.55189
6118.0,1.05432,1.53455,1.53786,1.53288,1.53803,1.53583
6119.0,1.22824,1.51659,1.51893,1.51438,1.51995,1.5174625
6120.0,1.3895,1.4996,1.50133,1.49713,1.50273,1.5001975
6121.0,1.26001,1.48763,1.48933,1.48532,1.4904,1.48817
6122.0,1.20151,1.48373,1.48616,1.48213,1.48612,1.4845350000000002
6123.0,1.21592,1.48809,1.49188,1.48767,1.49019,1.4894574999999999
6124.0,1.24964,1.49782,1.503,1.49853,1.49983,1.499795
6125.0,1.2384,1.50879,1.51479,1.51011,1.51085,1.511135
6126.0,1.19826,1.51806,1.5241,1.51931,1.52022,1.5204225
6127.0,1.11732,1.52517,1.53067,1.52586,1.52741,1.5272774999999998
6128.0,1.02193,1.53139,1.53646,1.53163,1.53366,1.533285
6129.0,1.22467,1.53765,1.54294,1.53801,1.53997,1.5396425
6130.0,1.30715,1.54289,1.54889,1.54378,1.54538,1.545235
6131.0,1.07054,1.54392,1.55053,1.54526,1.54672,1.5466075
6132.0,0.96328,1.53683,1.54325,1.53799,1.54001,1.53952
6133.0,1.06321,1.51944,1.52442,1.51944,1.52291,1.5215524999999999
6134.0,1.19359,1.49335,1.49605,1.49163,1.49687,1.494475
6135.0,1.07158,1.46455,1.46522,1.46147,1.46781,1.4647625
6136.0,1.10671,1.44166,1.44147,1.43827,1.44435,1.4414375
6137.0,1.18512,1.43204,1.43261,1.42961,1.43399,1.4320625000000002
6138.0,1.15072,1.43812,1.4408,1.43753,1.43949,1.438985
6139.0,1.1061,1.45656,1.46182,1.45797,1.45764,1.4584975
6140.0,1.08045,1.48078,1.48819,1.48363,1.48189,1.4836224999999998
6141.0,1.07914,1.50478,1.51325,1.508,1.50613,1.50804
6142.0,1.09218,1.52536,1.53375,1.52799,1.527,1.528525
6143.0,1.10038,1.54152,1.54937,1.54329,1.54345,1.5444075
6144.0,1.08531,1.55281,1.5602,1.554,1.55502,1.5555075
6145.0,1.05394,1.55843,1.56542,1.55928,1.56091,1.56101
6146.0,1.11952,1.55791,1.56419,1.55823,1.56062,1.5602375
6147.0,1.16365,1.55207,1.55727,1.55159,1.55491,1.55396
6148.0,1.15127,1.54324,1.54744,1.54209,1.5461,1.5447175
6149.0,1.21317,1.5344,1.53812,1.53307,1.53716,1.5356874999999999
6150.0,1.29426,1.52779,1.53159,1.52677,1.53039,1.529135
6151.0,1.28021,1.52397,1.5282,1.52352,1.52644,1.5255325
6152.0,1.09017,1.52188,1.52662,1.52204,1.5243,1.52371
6153.0,1.15788,1.51979,1.52486,1.52037,1.52222,1.5218099999999999
6154.0,1.16012,1.51616,1.52135,1.51699,1.51866,1.51829
6155.0,0.89176,1.50987,1.5151,1.5109,1.51248,1.5120874999999998
6156.0,0.83626,1.49957,1.50478,1.5008,1.50236,1.5018775
6157.0,0.94418,1.48344,1.48831,1.48466,1.48644,1.4857125
6158.0,1.09816,1.45983,1.46381,1.46064,1.46303,1.4618274999999998
6159.0,1.14506,1.42917,1.43159,1.42902,1.43244,1.430555
6160.0,1.08857,1.3954,1.39605,1.39414,1.39848,1.3960175000000001
6161.0,1.09913,1.36558,1.36511,1.36377,1.36815,1.3656525
6162.0,1.28877,1.34707,1.3469,1.34586,1.34893,1.34719
6163.0,1.23107,1.34372,1.3454,1.34428,1.34495,1.3445875
6164.0,1.17022,1.35375,1.35817,1.35667,1.3546,1.3557975
6165.0,1.23982,1.37065,1.37748,1.37545,1.37147,1.3737624999999998
6166.0,1.26868,1.38674,1.39465,1.39212,1.38781,1.39033
6167.0,1.21833,1.39718,1.40463,1.40177,1.39857,1.4005375000000002
6168.0,1.17215,1.40185,1.40797,1.40496,1.40344,1.404555
6169.0,1.2687,1.40442,1.40939,1.40637,1.406,1.406545
6170.0,1.38754,1.40932,1.41403,1.41097,1.41075,1.4112675
6171.0,1.35701,1.41877,1.42408,1.42089,1.42006,1.4209500000000002
6172.0,1.14787,1.43184,1.43812,1.4347,1.43309,1.4344375
6173.0,1.17844,1.44571,1.45277,1.4491,1.44705,1.4486575000000002
6174.0,1.26225,1.45778,1.46505,1.46114,1.45928,1.4608125
6175.0,1.25532,1.4671,1.47399,1.46989,1.46873,1.4699275
6176.0,1.11895,1.47423,1.48059,1.4764,1.47596,1.4767949999999999
6177.0,1.08616,1.48036,1.48645,1.48219,1.48213,1.4827825
6178.0,1.15231,1.48638,1.49247,1.48813,1.48816,1.4887849999999998
6179.0,1.20246,1.49252,1.49875,1.49431,1.49433,1.4949775
6180.0,1.17147,1.49833,1.5048,1.50025,1.50019,1.5008925
6181.0,1.14508,1.50286,1.50955,1.50491,1.50483,1.5055375
6182.0,1.17891,1.50482,1.51152,1.50685,1.50695,1.5075349999999998
6183.0,1.20775,1.50289,1.50935,1.50475,1.50519,1.505545
6184.0,1.18932,1.49619,1.50218,1.49776,1.49866,1.4986975
6185.0,1.1286,1.48472,1.49005,1.48593,1.48732,1.487005
6186.0,1.07773,1.46946,1.47403,1.47029,1.47209,1.4714675
6187.0,1.12125,1.452,1.45584,1.4525,1.45458,1.45373
6188.0,1.10511,1.43433,1.43754,1.43457,1.43677,1.4358025
6189.0,0.91384,1.41888,1.42166,1.41901,1.42107,1.420155
6190.0,1.0686,1.40854,1.41128,1.40885,1.41038,1.4097625
6191.0,1.30003,1.40617,1.40945,1.40707,1.40759,1.40757
6192.0,1.35705,1.41308,1.41762,1.41509,1.41415,1.4149850000000002
6193.0,1.21286,1.4279,1.43409,1.43122,1.42878,1.4304975
6194.0,1.21301,1.44638,1.45415,1.45083,1.44733,1.4496725
6195.0,1.22467,1.46313,1.4718,1.46804,1.46436,1.4668325
6196.0,0.82927,1.47388,1.48234,1.47826,1.47546,1.477485
6197.0,0.98965,1.47726,1.48458,1.48036,1.47915,1.4803374999999999
6198.0,1.29705,1.47521,1.48112,1.47695,1.47723,1.4776275
6199.0,1.13781,1.47181,1.47677,1.4727,1.47376,1.47376
6200.0,1.07935,1.47108,1.47592,1.47189,1.47284,1.4729325
6201.0,1.23671,1.47505,1.4805,1.47639,1.47662,1.47714
6202.0,1.4494,1.48299,1.48939,1.48509,1.48447,1.4854850000000002
6203.0,1.20513,1.49238,1.49958,1.49509,1.49391,1.49524
6204.0,1.31421,1.50055,1.50809,1.50346,1.5022,1.503575
6205.0,1.58698,1.50583,1.51321,1.50855,1.50765,1.50881
6206.0,1.15928,1.50762,1.51463,1.51002,1.5096,1.5104674999999999
6207.0,0.95517,1.50575,1.51241,1.50793,1.50787,1.50849
6208.0,1.00528,1.49985,1.50622,1.50193,1.50211,1.5025275
6209.0,1.07156,1.48935,1.49532,1.49129,1.49176,1.49193
6210.0,1.0514,1.47392,1.47921,1.47554,1.47645,1.47628
6211.0,1.17707,1.45412,1.45847,1.45526,1.45671,1.45614
6212.0,1.48291,1.43196,1.43527,1.43262,1.43444,1.4335725
6213.0,1.58356,1.41066,1.41322,1.41113,1.41288,1.4119725
6214.0,1.42831,1.3937,1.39612,1.39451,1.39555,1.3949699999999998
6215.0,1.14538,1.38336,1.38634,1.38503,1.38484,1.3848924999999999
6216.0,0.99869,1.37973,1.38369,1.3825,1.38093,1.3817125000000001
6217.0,1.01346,1.38091,1.38587,1.38464,1.38195,1.3833425
6218.0,1.11102,1.3844,1.38999,1.38864,1.38539,1.3871050000000003
6219.0,1.17677,1.38858,1.39437,1.39287,1.38956,1.3913449999999998
6220.0,1.1177,1.39322,1.39901,1.39737,1.39419,1.3959475000000001
6221.0,1.13078,1.39877,1.40462,1.40283,1.39972,1.401485
6222.0,1.27011,1.4053,1.4114,1.40945,1.40625,1.4081000000000001
6223.0,1.23842,1.41204,1.41856,1.41643,1.41306,1.4150225
6224.0,1.06583,1.41748,1.42441,1.4221,1.41863,1.420655
6225.0,0.91748,1.4198,1.42686,1.42443,1.42115,1.42306
6226.0,1.06579,1.41729,1.42404,1.42159,1.41888,1.42045
6227.0,1.2958,1.40913,1.41506,1.41272,1.4109,1.4119525
6228.0,1.2792,1.39624,1.40095,1.39887,1.39808,1.3985349999999999
6229.0,0.87302,1.38194,1.38541,1.38367,1.38366,1.38367
6230.0,1.28875,1.3713,1.37409,1.37264,1.37267,1.372675
6231.0,1.43543,1.36904,1.37224,1.37086,1.36994,1.37052
6232.0,0.74508,1.37715,1.38184,1.38027,1.37765,1.3792275
6233.0,0.83197,1.39353,1.40029,1.39829,1.39388,1.3964975000000002
6234.0,1.10988,1.41275,1.42132,1.41878,1.41322,1.4165174999999999
6235.0,1.15119,1.42835,1.43774,1.43473,1.42918,1.4324999999999999
6236.0,0.86538,1.43556,1.44449,1.44126,1.43684,1.4395375
6237.0,1.05104,1.43291,1.44046,1.43735,1.43457,1.4363225
6238.0,1.32644,1.4222,1.42807,1.42533,1.42406,1.424915
6239.0,0.87676,1.40707,1.41155,1.40932,1.40893,1.4092175
6240.0,0.82572,1.39135,1.39502,1.39331,1.39307,1.3931874999999998
6241.0,1.05487,1.37794,1.38137,1.38006,1.37943,1.3797000000000001
6242.0,1.22068,1.36872,1.37228,1.37122,1.36992,1.3705349999999998
6243.0,1.24839,1.36491,1.36889,1.36789,1.36581,1.3668749999999998
6244.0,1.22349,1.36716,1.37193,1.37078,1.3678,1.3694175
6245.0,1.2238,1.37524,1.38108,1.37962,1.37569,1.3779075
6246.0,1.29525,1.38741,1.39445,1.39259,1.3878,1.3905625000000001
6247.0,1.12074,1.40031,1.40842,1.40617,1.40083,1.4039325
6248.0,0.84533,1.40983,1.41844,1.4159,1.41064,1.4137024999999999
6249.0,0.93554,1.41252,1.42074,1.41813,1.41369,1.41627
6250.0,0.99858,1.40703,1.41419,1.41169,1.40853,1.41036
6251.0,0.99713,1.3946,1.40042,1.39819,1.39627,1.39737
6252.0,1.0199,1.37827,1.38294,1.38107,1.37994,1.3805550000000002
6253.0,1.11899,1.36134,1.36537,1.36387,1.36288,1.363365
6254.0,1.19805,1.34619,1.35002,1.34887,1.34753,1.3481524999999999
6255.0,1.19507,1.33418,1.33798,1.33715,1.33528,1.3361475
6256.0,1.17468,1.32647,1.33029,1.3297,1.32728,1.328435
6257.0,1.07496,1.32466,1.32871,1.32824,1.32515,1.32669
6258.0,0.91167,1.33043,1.33516,1.33461,1.33057,1.3326924999999998
6259.0,0.81347,1.34426,1.35023,1.34935,1.34412,1.3469900000000001
6260.0,0.8812,1.36439,1.37191,1.37051,1.36414,1.3677374999999998
6261.0,1.05512,1.38697,1.39586,1.39384,1.38683,1.3908749999999999
6262.0,1.15687,1.40747,1.41705,1.41447,1.4076,1.4116475
6263.0,0.95145,1.42252,1.43191,1.42893,1.42299,1.4265875000000001
6264.0,0.83419,1.43115,1.43966,1.43649,1.43192,1.4348049999999999
6265.0,1.14124,1.43463,1.44213,1.43893,1.43558,1.4378175
6266.0,1.15503,1.43534,1.44212,1.43898,1.43636,1.4382000000000001
6267.0,1.09833,1.43545,1.44188,1.43878,1.43645,1.43814
6268.0,1.13623,1.43624,1.44263,1.43953,1.43719,1.4388975000000002
6269.0,1.07545,1.43823,1.4448,1.44166,1.43913,1.4409549999999998
6270.0,1.00773,1.44149,1.44833,1.44513,1.44234,1.4443225
6271.0,1.11052,1.44573,1.45284,1.44954,1.44656,1.4486675
6272.0,1.59554,1.45029,1.45763,1.45423,1.45113,1.45332
6273.0,1.38057,1.45428,1.46177,1.4583,1.45518,1.4573825
6274.0,0.95654,1.45683,1.46436,1.46083,1.45782,1.4599600000000001
6275.0,1.45749,1.45735,1.46478,1.46121,1.45844,1.460445
6276.0,1.53847,1.45554,1.46275,1.45915,1.45673,1.4585425
6277.0,1.29234,1.45152,1.45837,1.45477,1.45277,1.4543575
6278.0,1.14578,1.44601,1.45243,1.44885,1.44727,1.4486400000000001
6279.0,1.24377,1.44051,1.44654,1.44301,1.4417,1.44294
6280.0,1.11333,1.43703,1.44292,1.43941,1.43806,1.439355
6281.0,0.68639,1.43729,1.44347,1.43992,1.43814,1.439705
6282.0,0.87123,1.44197,1.44879,1.44511,1.44265,1.44463
6283.0,1.42715,1.45039,1.45797,1.45408,1.45098,1.4533550000000002
6284.0,1.92248,1.46099,1.46924,1.46511,1.46157,1.4642275
6285.0,1.7293,1.47203,1.48074,1.47638,1.47268,1.4754575
6286.0,1.34467,1.48196,1.49091,1.48635,1.48272,1.4854850000000002
6287.0,1.0784,1.4894,1.49839,1.49368,1.49031,1.492945
6288.0,1.11107,1.49315,1.50191,1.49714,1.49424,1.49661
6289.0,1.07073,1.49254,1.5008,1.49607,1.49379,1.4957999999999998
6290.0,0.96034,1.48783,1.49539,1.49083,1.48919,1.49081
6291.0,0.88925,1.4802,1.4871,1.48279,1.4816,1.4829225
6292.0,0.91733,1.47116,1.47763,1.47359,1.47253,1.4737274999999999
6293.0,1.02671,1.46179,1.46807,1.4643,1.46311,1.4643175
6294.0,1.16855,1.4525,1.45871,1.45516,1.45377,1.455035
6295.0,1.23699,1.44344,1.44956,1.4462,1.44464,1.44596
6296.0,1.2662,1.43499,1.44102,1.43781,1.4361,1.4374799999999999
6297.0,1.34514,1.42785,1.43391,1.43079,1.42883,1.430345
6298.0,1.64584,1.42253,1.42876,1.42569,1.42338,1.42509
6299.0,2.15013,1.41914,1.42556,1.42251,1.41987,1.42177
6300.0,2.47999,1.41763,1.42415,1.4211,1.41823,1.4202775
6301.0,2.02632,1.4183,1.42484,1.42181,1.41874,1.4209224999999999
6302.0,1.64045,1.42185,1.42853,1.4255,1.42212,1.4245
6303.0,1.41477,1.42892,1.43596,1.43288,1.42904,1.4317000000000002
6304.0,1.15911,1.4394,1.44703,1.44381,1.4394,1.44241
6305.0,0.82561,1.45206,1.4604,1.45696,1.45206,1.4553699999999998
6306.0,0.68947,1.46473,1.47371,1.46998,1.46483,1.4683125
6307.0,0.91296,1.4748,1.48409,1.48009,1.47512,1.4785249999999999
6308.0,1.04895,1.48005,1.48913,1.48496,1.48066,1.4837000000000002
6309.0,1.21579,1.47945,1.4878,1.48364,1.48031,1.4828000000000001
6310.0,1.47175,1.47349,1.4809,1.47692,1.47452,1.4764575
6311.0,1.64012,1.46382,1.47041,1.46671,1.46492,1.4664650000000001
6312.0,1.68831,1.45242,1.45845,1.45507,1.45348,1.454855
6313.0,1.63179,1.44074,1.44649,1.44343,1.44171,1.4430925000000001
6314.0,1.53203,1.42965,1.43527,1.43249,1.4305,1.4319775000000001
6315.0,1.45005,1.4198,1.4253,1.42278,1.4205,1.422095
6316.0,1.36119,1.4121,1.41751,1.41521,1.41261,1.4143575
6317.0,1.20914,1.40781,1.41327,1.41112,1.40809,1.4100725
6318.0,1.18677,1.4081,1.41392,1.4118,1.40814,1.4104899999999998
6319.0,1.25087,1.41349,1.42001,1.41779,1.41332,1.4161525
6320.0,1.29054,1.42334,1.43076,1.42831,1.42304,1.4263625
6321.0,1.32209,1.43608,1.44433,1.44153,1.43576,1.439425
6322.0,1.34275,1.44975,1.45858,1.4554,1.44949,1.453305
6323.0,1.33489,1.46264,1.47179,1.46824,1.46251,1.466295
6324.0,1.2436,1.47362,1.48282,1.47895,1.47365,1.47726
6325.0,1.19429,1.48216,1.4912,1.48707,1.48234,1.4856924999999999
6326.0,1.20555,1.48822,1.49701,1.49269,1.48853,1.4916125
6327.0,1.0719,1.49215,1.5007,1.49624,1.49255,1.4954100000000001
6328.0,1.07633,1.4944,1.5028,1.49825,1.49487,1.49758
6329.0,1.22771,1.49525,1.5036,1.49902,1.49577,1.49841
6330.0,1.20244,1.49448,1.50286,1.49831,1.49508,1.4976825
6331.0,0.98718,1.49131,1.49967,1.4952,1.49202,1.49455
6332.0,0.80521,1.48476,1.49282,1.48851,1.48561,1.4879250000000002
6333.0,1.03294,1.47459,1.48193,1.47785,1.47554,1.4774775
6334.0,1.36819,1.46209,1.46845,1.46466,1.46302,1.464555
6335.0,1.45134,1.45018,1.45578,1.45229,1.45093,1.452295
6336.0,1.03099,1.44222,1.44775,1.44448,1.44267,1.44428
6337.0,0.9913,1.44023,1.44648,1.44332,1.44037,1.4425999999999999
6338.0,1.21816,1.44375,1.45117,1.448,1.44369,1.4466525
6339.0,1.38057,1.45004,1.45849,1.45524,1.44995,1.45343
6340.0,1.24132,1.45561,1.4645,1.46119,1.45564,1.459235
6341.0,1.07739,1.4581,1.46669,1.46335,1.4583,1.4616099999999999
6342.0,1.08909,1.45738,1.46517,1.46185,1.45768,1.46052
6343.0,1.17466,1.45542,1.46244,1.45914,1.4557,1.4581750000000002
6344.0,1.2392,1.45501,1.4618,1.45844,1.45516,1.4576025
6345.0,1.24068,1.45816,1.46538,1.46185,1.45814,1.4608825
6346.0,1.19568,1.46504,1.4731,1.4693,1.46491,1.4680874999999998
6347.0,1.16006,1.47413,1.48304,1.47895,1.474,1.47753
6348.0,1.16623,1.48309,1.49258,1.48824,1.48307,1.486745
6349.0,1.23077,1.48972,1.49942,1.4949,1.48987,1.4934775
6350.0,1.30106,1.49245,1.50199,1.49739,1.49281,1.4961600000000002
6351.0,1.28173,1.4905,1.49959,1.49501,1.49106,1.49404
6352.0,1.0787,1.48387,1.49232,1.48786,1.4846,1.4871625000000002
6353.0,1.05848,1.47332,1.48107,1.47684,1.47416,1.4763475000000001
6354.0,1.13587,1.46009,1.46723,1.46333,1.46095,1.4628999999999999
6355.0,1.09266,1.44543,1.45215,1.44865,1.44626,1.4481225000000002
6356.0,1.01329,1.43018,1.43661,1.43356,1.43095,1.432825
6357.0,0.99719,1.41484,1.42096,1.41842,1.41552,1.417435
6358.0,1.11808,1.40001,1.40571,1.4037,1.40055,1.4024925
6359.0,1.33356,1.3868,1.39207,1.3906,1.38713,1.38915
6360.0,1.48464,1.37684,1.38189,1.38084,1.37691,1.37912
6361.0,1.49223,1.37195,1.37711,1.3763,1.37169,1.3742625000000002
6362.0,1.49436,1.37345,1.37916,1.37835,1.37287,1.3759575
6363.0,1.4614,1.38174,1.38842,1.38735,1.38088,1.3845975000000001
6364.0,1.38855,1.39601,1.40393,1.40237,1.39498,1.3993225
6365.0,1.33985,1.41438,1.42352,1.42132,1.41331,1.4181325
6366.0,1.33893,1.43434,1.44444,1.44153,1.43336,1.4384175
6367.0,1.37015,1.45349,1.4641,1.46053,1.45269,1.4577025
6368.0,1.37583,1.47018,1.48087,1.47673,1.4696,1.474345
6369.0,1.38281,1.48388,1.49435,1.48976,1.4835,1.4878725000000002
6370.0,1.31486,1.49492,1.50512,1.50017,1.49469,1.498725
6371.0,1.04056,1.50386,1.51393,1.50871,1.50375,1.5075625
6372.0,0.98485,1.51094,1.52104,1.51559,1.51094,1.5146275
6373.0,1.14318,1.51585,1.52597,1.52035,1.51599,1.5195400000000001
6374.0,1.30415,1.51802,1.52801,1.52229,1.5183,1.521655
6375.0,1.34222,1.5171,1.52675,1.52102,1.51751,1.520595
6376.0,1.3494,1.51333,1.5225,1.51682,1.51382,1.5166175
6377.0,1.41813,1.50761,1.51626,1.51069,1.50813,1.5106725
6378.0,1.20411,1.50135,1.50959,1.50414,1.50183,1.5042274999999998
6379.0,1.02155,1.49605,1.50412,1.4988,1.49642,1.4988475
6380.0,1.15472,1.49281,1.50101,1.49578,1.49305,1.4956625000000001
6381.0,1.2406,1.49201,1.50053,1.49535,1.49212,1.4950025
6382.0,1.23217,1.49332,1.50221,1.49702,1.49334,1.4964724999999999
6383.0,1.15565,1.49609,1.50529,1.50005,1.49607,1.4993750000000001
6384.0,1.10661,1.49972,1.50916,1.50381,1.49968,1.5030925
6385.0,1.10836,1.50364,1.51334,1.50784,1.50361,1.5071075
6386.0,1.15186,1.50717,1.51718,1.51148,1.50719,1.510755
6387.0,1.18222,1.50927,1.51955,1.51366,1.5094,1.51297
6388.0,1.22289,1.50862,1.51895,1.51294,1.5089,1.5123524999999998
6389.0,1.28471,1.50411,1.51409,1.50809,1.50457,1.5077150000000001
6390.0,1.3539,1.49563,1.5048,1.49897,1.4962,1.4989
6391.0,1.29316,1.48467,1.49279,1.48726,1.48523,1.4874874999999999
6392.0,1.10399,1.47421,1.48151,1.47633,1.47459,1.47666
6393.0,0.93203,1.46745,1.47469,1.46978,1.46754,1.469865
6394.0,1.09769,1.466,1.4741,1.4693,1.46582,1.468805
6395.0,1.40746,1.4687,1.47808,1.47322,1.46839,1.4720975
6396.0,1.35524,1.4722,1.48245,1.47747,1.47197,1.4760225
6397.0,1.30003,1.47329,1.4834,1.47835,1.47322,1.477065
6398.0,1.3006,1.47128,1.4804,1.47538,1.4713,1.4745899999999998
6399.0,1.28344,1.46855,1.47667,1.47174,1.4685,1.4713649999999998
6400.0,1.16737,1.4689,1.47683,1.47194,1.4686,1.4715675
6401.0,0.99763,1.47457,1.4834,1.47844,1.47403,1.47761
6402.0,0.88325,1.48458,1.49483,1.48967,1.48395,1.4882575
6403.0,1.03239,1.49521,1.50653,1.50115,1.49471,1.4994
6404.0,1.25845,1.5023,1.51374,1.50823,1.50209,1.50659
6405.0,1.32819,1.5036,1.51424,1.50875,1.50367,1.507565
6406.0,1.20565,1.49957,1.50903,1.50369,1.4998,1.5030225000000002
6407.0,1.12051,1.49263,1.50113,1.496,1.49287,1.4956575
6408.0,1.21951,1.48551,1.49359,1.48865,1.48565,1.4883499999999998
6409.0,1.28655,1.48009,1.48824,1.48341,1.48008,1.482955
6410.0,1.23889,1.47707,1.48551,1.48072,1.47691,1.4800525
6411.0,1.10369,1.47646,1.48523,1.48042,1.47618,1.4795725
6412.0,1.12852,1.47804,1.48717,1.4823,1.47766,1.4812925
6413.0,1.15146,1.48134,1.49094,1.48597,1.48089,1.484785
6414.0,1.09564,1.48531,1.49545,1.49037,1.48487,1.489
6415.0,1.06359,1.48827,1.49879,1.49363,1.48793,1.492155
6416.0,1.07274,1.48845,1.4989,1.49371,1.48827,1.4923325
6417.0,1.10853,1.48495,1.49478,1.48968,1.48494,1.4885875
6418.0,1.11922,1.4787,1.48755,1.48261,1.47873,1.4818975
6419.0,1.13612,1.47239,1.48039,1.4756,1.47231,1.4751725000000002
6420.0,1.21098,1.46945,1.47726,1.47256,1.46913,1.4721
6421.0,1.41479,1.47234,1.48082,1.47604,1.47171,1.4752275
6422.0,1.45648,1.4812,1.49097,1.48597,1.48035,1.4846225
6423.0,1.33831,1.4938,1.50493,1.4996,1.49291,1.49781
6424.0,1.28194,1.50663,1.51867,1.51301,1.50587,1.5110449999999997
6425.0,1.24102,1.51624,1.52855,1.52263,1.51573,1.5207875
6426.0,1.19754,1.52025,1.53223,1.52619,1.52006,1.5246825
6427.0,1.15119,1.5178,1.52891,1.5229,1.51788,1.5218725
6428.0,1.1214,1.50973,1.51957,1.51377,1.50999,1.513265
6429.0,1.11918,1.49867,1.50719,1.5017,1.49892,1.50162
6430.0,1.15095,1.48844,1.49611,1.49095,1.48849,1.4909975000000002
6431.0,1.19598,1.4826,1.49035,1.4854,1.48234,1.4851725
6432.0,1.21465,1.48271,1.49146,1.48655,1.48216,1.4857200000000002
6433.0,1.18296,1.48751,1.49766,1.49262,1.48682,1.4911525
6434.0,1.26931,1.49361,1.5048,1.49956,1.49298,1.4977375
6435.0,1.39679,1.4975,1.50885,1.50345,1.49707,1.5017175
6436.0,1.42212,1.49761,1.50823,1.50275,1.49736,1.5014875
6437.0,1.25682,1.49518,1.50471,1.49924,1.49497,1.4985249999999999
6438.0,1.01923,1.49349,1.50233,1.49686,1.49313,1.4964525
6439.0,0.88171,1.49588,1.50492,1.49938,1.49527,1.4988625
6440.0,1.05371,1.50379,1.51388,1.50814,1.50294,1.5071875
6441.0,1.29992,1.51596,1.52741,1.52141,1.51501,1.5199475
6442.0,1.37233,1.52911,1.54165,1.53536,1.52825,1.5335925
6443.0,1.20941,1.53937,1.5524,1.5459,1.53875,1.544105
6444.0,1.0453,1.54346,1.55635,1.54976,1.5432,1.5481924999999999
6445.0,1.079,1.53928,1.55144,1.54492,1.53942,1.543765
6446.0,1.35716,1.52633,1.53711,1.53087,1.52682,1.5302825
6447.0,1.58337,1.50629,1.51516,1.5094,1.50696,1.5094525
6448.0,1.55387,1.48342,1.49034,1.4852,1.48399,1.4857375
6449.0,1.28873,1.46369,1.46946,1.46487,1.46386,1.4654699999999998
6450.0,1.04844,1.45246,1.45854,1.4543,1.45206,1.4543399999999997
6451.0,0.9873,1.45201,1.45977,1.45556,1.4511,1.4546100000000002
6452.0,1.08309,1.46067,1.47058,1.46609,1.45945,1.4641975
6453.0,1.17348,1.47414,1.48567,1.48072,1.47286,1.4783475
6454.0,1.16486,1.48818,1.50036,1.49495,1.48701,1.4926249999999999
6455.0,1.04878,1.50049,1.51266,1.50683,1.49947,1.5048625000000002
6456.0,0.99842,1.51053,1.52265,1.51649,1.50964,1.5148275
6457.0,1.03894,1.51809,1.53042,1.52397,1.51735,1.5224574999999998
6458.0,0.99531,1.52211,1.53467,1.52799,1.5216,1.5265925
6459.0,1.04479,1.52111,1.53335,1.52654,1.52086,1.5254649999999998
6460.0,1.20162,1.51467,1.52585,1.51905,1.51465,1.518555
6461.0,1.27512,1.50477,1.51453,1.50787,1.5048,1.5079924999999998
6462.0,1.29435,1.49545,1.50418,1.49775,1.4953,1.49817
6463.0,1.29477,1.49087,1.4996,1.49337,1.49037,1.4935525000000003
6464.0,1.31909,1.49303,1.50281,1.49666,1.49218,1.4961700000000002
6465.0,1.30603,1.50076,1.51203,1.50583,1.49973,1.5045875
6466.0,1.19967,1.51059,1.52303,1.51668,1.50959,1.5149725
6467.0,0.95373,1.51875,1.53153,1.52503,1.51793,1.52331
6468.0,0.97439,1.52296,1.53531,1.52868,1.52235,1.527325
6469.0,1.2339,1.52317,1.53471,1.528,1.52271,1.5271474999999999
6470.0,1.37066,1.52099,1.53186,1.52508,1.52058,1.5246275
6471.0,1.42975,1.51849,1.52912,1.52226,1.51803,1.5219749999999999
6472.0,1.44813,1.5171,1.52791,1.52092,1.51657,1.520625
6473.0,1.45086,1.51718,1.52838,1.52125,1.51658,1.5208475000000001
6474.0,1.30783,1.51826,1.52985,1.52258,1.51764,1.5220825
6475.0,1.18672,1.51947,1.53135,1.524,1.51888,1.523425
6476.0,1.42373,1.51982,1.53188,1.52453,1.51929,1.52388
6477.0,1.50482,1.5182,1.53028,1.52304,1.51779,1.5223274999999998
6478.0,1.42018,1.51369,1.52548,1.51843,1.51342,1.517755
6479.0,1.41293,1.506,1.51712,1.51033,1.50585,1.509825
6480.0,1.458,1.49611,1.50631,1.49984,1.496,1.499565
6481.0,1.51673,1.48631,1.49569,1.48953,1.48607,1.4894
6482.0,1.54422,1.4794,1.48853,1.48261,1.47892,1.4823650000000002
6483.0,1.58331,1.47742,1.48705,1.48124,1.47665,1.48059
6484.0,1.5543,1.48058,1.4913,1.48542,1.47958,1.48422
6485.0,1.34907,1.487,1.49894,1.49289,1.48594,1.4911925000000001
6486.0,1.26392,1.49347,1.50631,1.50005,1.49252,1.4980875
6487.0,1.32817,1.49654,1.50972,1.5033,1.49584,1.5013500000000002
6488.0,1.46013,1.49339,1.50631,1.49989,1.49302,1.4981524999999998
6489.0,1.51259,1.48225,1.49441,1.48818,1.48226,1.486775
6490.0,1.47025,1.46255,1.47352,1.46768,1.4629,1.4666625000000002
6491.0,1.38367,1.43511,1.44448,1.43922,1.43569,1.438625
6492.0,1.45145,1.40248,1.40999,1.40544,1.40311,1.405255
6493.0,1.56522,1.36907,1.37486,1.37104,1.3695,1.3711175
6494.0,1.53224,1.34049,1.34529,1.34212,1.34043,1.3420825
6495.0,1.45489,1.32195,1.32695,1.32423,1.32122,1.3235875000000001
6496.0,1.44596,1.31656,1.32298,1.32039,1.31513,1.318765
6497.0,1.59966,1.32434,1.33289,1.33015,1.32234,1.32743
6498.0,1.74368,1.34266,1.3534,1.35027,1.34031,1.34666
6499.0,1.7958,1.36754,1.38003,1.37638,1.36506,1.3722524999999999
6500.0,1.72568,1.395,1.40863,1.40442,1.39256,1.4001525
6501.0,1.73523,1.42187,1.43609,1.43134,1.41959,1.4272225
6502.0,1.98306,1.44594,1.46035,1.45509,1.4439,1.4513200000000002
6503.0,2.47615,1.46587,1.48017,1.47448,1.4641,1.471155
6504.0,2.21531,1.481,1.49497,1.48892,1.47951,1.4861000000000002
6505.0,1.7395,1.49128,1.50474,1.49844,1.49004,1.4961250000000001
6506.0,1.87144,1.49728,1.51011,1.50366,1.49625,1.501825
6507.0,2.15163,1.50017,1.51238,1.50585,1.49925,1.5044125
6508.0,2.25167,1.50141,1.5132,1.50664,1.50053,1.505445
6509.0,1.97053,1.50228,1.51399,1.50739,1.50138,1.50626
6510.0,1.86546,1.5033,1.51525,1.50856,1.50239,1.5073750000000001
6511.0,1.94055,1.50411,1.51641,1.50959,1.50323,1.5083350000000002
6512.0,2.08666,1.50373,1.51623,1.50928,1.50294,1.5080449999999999
6513.0,2.39867,1.50125,1.51363,1.50659,1.50057,1.50551
6514.0,2.52125,1.49646,1.50841,1.50136,1.49587,1.500525
6515.0,2.11102,1.49016,1.50151,1.49452,1.48957,1.4939400000000003
6516.0,1.80413,1.48398,1.49482,1.48796,1.48331,1.4875175
6517.0,1.87218,1.47988,1.49055,1.4838,1.47902,1.4833125000000003
6518.0,2.38006,1.47936,1.49031,1.48362,1.47828,1.4828925
6519.0,2.57042,1.48283,1.49447,1.48775,1.48156,1.4866525
6520.0,2.53044,1.48943,1.50195,1.49509,1.48807,1.4936349999999998
6521.0,2.54029,1.49731,1.51055,1.50349,1.49597,1.50183
6522.0,2.64599,1.50434,1.51793,1.51066,1.50312,1.5090124999999999
6523.0,2.7331,1.50888,1.52237,1.51495,1.50784,1.51351
6524.0,2.69936,1.5103,1.52332,1.51585,1.50942,1.5147225
6525.0,2.85815,1.50904,1.52143,1.51401,1.50826,1.513185
6526.0,3.18446,1.50628,1.51815,1.51084,1.50552,1.5101975
6527.0,3.48487,1.50332,1.51495,1.50778,1.50251,1.50714
6528.0,3.10513,1.50097,1.51267,1.50562,1.50009,1.5048374999999998
6529.0,2.83481,1.49937,1.51124,1.50428,1.49843,1.5033299999999998
6530.0,3.60623,1.49826,1.5102,1.50329,1.49728,1.5022575
6531.0,3.93015,1.49766,1.50951,1.50262,1.49662,1.5016025
6532.0,3.96586,1.49804,1.50983,1.50292,1.49692,1.5019275
6533.0,4.26234,1.50012,1.51209,1.50508,1.49889,1.5040449999999999
6534.0,4.51238,1.5042,1.51662,1.50945,1.50287,1.5082849999999999
6535.0,4.60297,1.50983,1.52282,1.51543,1.50846,1.514135
6536.0,4.54692,1.516,1.52944,1.52183,1.51465,1.52048
6537.0,4.94752,1.52151,1.53521,1.52742,1.52023,1.5260924999999999
6538.0,5.32764,1.52526,1.53907,1.53114,1.5241,1.5298924999999999
6539.0,5.02757,1.52626,1.54004,1.53204,1.52526,1.5309000000000001
6540.0,5.41315,1.52371,1.53724,1.52926,1.5229,1.5282775
6541.0,6.22613,1.51721,1.53021,1.52235,1.51658,1.5215875
6542.0,6.68491,1.5071,1.51932,1.51167,1.5066,1.5111725
6543.0,6.9524,1.49466,1.50602,1.49864,1.49419,1.4983775
6544.0,7.26528,1.48192,1.49258,1.48548,1.48138,1.4853399999999999
6545.0,7.89339,1.47113,1.48149,1.47464,1.4704,1.474415
6546.0,8.6672,1.46394,1.47457,1.46786,1.46297,1.467335
6547.0,9.26614,1.46069,1.47207,1.46541,1.45953,1.464425
6548.0,9.38788,1.46019,1.47248,1.46578,1.45894,1.4643475000000001
6549.0,10.31404,1.46015,1.47308,1.46633,1.45896,1.46463
6550.0,11.5045,1.45826,1.47124,1.4645,1.45721,1.4628025
6551.0,11.64377,1.45314,1.4656,1.45895,1.45226,1.4574875
6552.0,11.97256,1.44489,1.4565,1.45,1.44412,1.4488775
6553.0,13.11656,1.43476,1.44558,1.43927,1.43403,1.4384100000000002
6554.0,15.42158,1.42435,1.43476,1.42857,1.4236,1.42782
6555.0,17.35735,1.41449,1.42503,1.41884,1.41372,1.4180200000000003
6556.0,19.29914,1.4043,1.41541,1.40904,1.40364,1.4080975
6557.0,23.08026,1.39113,1.40277,1.39603,1.39078,1.3951775
6558.0,32.9521,1.37156,1.38299,1.37575,1.37173,1.3755074999999999
6559.0,50.17986,1.34365,1.35358,1.34584,1.34437,1.34686
6560.0,74.19697,1.30934,1.31661,1.3085,1.31034,1.3111975
6561.0,98.43868,1.27536,1.27988,1.27164,1.27613,1.2757525
6562.0,116.21505,1.25137,1.25465,1.24654,1.25136,1.2509800000000002
6563.0,117.81602,1.24573,1.25047,1.24265,1.24462,1.2458675000000001
6564.0,97.29079,1.26125,1.26978,1.26226,1.25903,1.26308
6565.0,63.26715,1.2934,1.30657,1.29926,1.29053,1.29744
6566.0,39.92447,1.33265,1.34936,1.34213,1.32966,1.33845
6567.0,26.62774,1.36884,1.38689,1.37975,1.36619,1.3754174999999997
6568.0,20.89912,1.39523,1.41259,1.40559,1.39312,1.4016324999999998
6569.0,18.09214,1.40992,1.42548,1.41873,1.40831,1.41561
6570.0,16.10464,1.41488,1.4285,1.42208,1.41357,1.4197575
6571.0,14.1731,1.41398,1.42608,1.42,1.41273,1.4181975
6572.0,12.44129,1.41139,1.42253,1.41676,1.41004,1.4151799999999999
6573.0,11.371,1.4106,1.42144,1.41588,1.40904,1.4142400000000002
6574.0,10.92335,1.41387,1.4251,1.41961,1.41205,1.4176575
6575.0,10.36719,1.42171,1.43391,1.42836,1.41968,1.4259149999999998
6576.0,9.89424,1.43276,1.44614,1.44043,1.43064,1.4374924999999998
6577.0,9.57031,1.44436,1.45861,1.4527,1.44232,1.4494975
6578.0,9.21347,1.45387,1.46825,1.4622,1.45202,1.459085
6579.0,8.92193,1.45988,1.47371,1.46761,1.45823,1.4648575
6580.0,8.81087,1.46276,1.47578,1.46972,1.46123,1.4673725000000002
6581.0,9.06353,1.46413,1.47656,1.47054,1.46259,1.468455
6582.0,9.61749,1.46569,1.47802,1.47199,1.46408,1.4699449999999998
6583.0,10.18429,1.46845,1.48107,1.47493,1.46674,1.4727975
6584.0,9.81699,1.47244,1.48551,1.47918,1.47068,1.4769525
6585.0,8.81835,1.47701,1.49054,1.48398,1.47525,1.481695
6586.0,7.55611,1.48104,1.495,1.48823,1.47935,1.485905
6587.0,6.41399,1.48307,1.49737,1.49046,1.48152,1.488105
6588.0,5.54923,1.4814,1.49574,1.48881,1.48007,1.4865050000000002
6589.0,5.04037,1.47468,1.48848,1.4817,1.4736,1.4796150000000001
6590.0,4.83926,1.46286,1.47546,1.46899,1.46198,1.4673224999999999
6591.0,4.81471,1.44783,1.45889,1.45286,1.44699,1.4516425000000002
6592.0,4.81978,1.43316,1.44303,1.43746,1.43215,1.43645
6593.0,4.65338,1.42275,1.43235,1.42717,1.42137,1.42591
6594.0,4.35885,1.41906,1.42944,1.42448,1.41726,1.42256
6595.0,4.04369,1.42219,1.43391,1.42897,1.42008,1.4262875
6596.0,3.90303,1.43028,1.44326,1.43818,1.42801,1.4349325
6597.0,3.7481,1.44083,1.45458,1.44926,1.43854,1.4458024999999999
6598.0,3.33816,1.45178,1.46589,1.4603,1.44957,1.4568850000000002
6599.0,2.89278,1.46184,1.47618,1.4703,1.45973,1.4670125
6600.0,2.96548,1.47004,1.4846,1.47847,1.46804,1.4752875
6601.0,4.03526,1.4753,1.48997,1.48366,1.47345,1.480595
6602.0,4.05377,1.47659,1.49104,1.48467,1.47496,1.4818149999999999
6603.0,3.26276,1.47342,1.48723,1.48096,1.47201,1.4784050000000002
6604.0,2.86206,1.46625,1.47913,1.47309,1.46499,1.470865
6605.0,3.02411,1.45657,1.46847,1.46277,1.45535,1.46079
6606.0,3.4686,1.44663,1.45774,1.4524,1.4453,1.4505175000000001
6607.0,3.58755,1.43889,1.44962,1.44457,1.43735,1.4426074999999998
6608.0,3.17493,1.43541,1.44631,1.44141,1.43358,1.4391775
6609.0,2.51016,1.43715,1.44881,1.44388,1.43505,1.4412224999999999
6610.0,2.30404,1.4437,1.45647,1.45132,1.4414,1.4482225
6611.0,2.29652,1.45336,1.46723,1.46173,1.45099,1.4583275
6612.0,2.30035,1.46396,1.47854,1.47266,1.46164,1.4692
6613.0,2.13198,1.47365,1.48847,1.48225,1.47146,1.4789575
6614.0,2.06716,1.48146,1.49619,1.48971,1.47943,1.4866974999999998
6615.0,2.17062,1.48726,1.50178,1.4951,1.48534,1.49237
6616.0,2.26301,1.49132,1.50566,1.49887,1.48947,1.49633
6617.0,2.21943,1.49395,1.50821,1.50135,1.49214,1.4989125
6618.0,2.05147,1.49519,1.50947,1.50258,1.49345,1.5001725000000001
6619.0,1.99624,1.49468,1.50899,1.50212,1.49306,1.4997125
6620.0,2.01707,1.49183,1.506,1.49922,1.49032,1.4968425
6621.0,2.03623,1.48621,1.49995,1.49334,1.48482,1.49108
6622.0,1.88141,1.47818,1.49116,1.48483,1.47686,1.4827575
6623.0,1.72737,1.46903,1.48121,1.47519,1.4677,1.4732825
6624.0,1.68993,1.46061,1.47233,1.46662,1.45915,1.4646775
6625.0,1.65235,1.45443,1.46627,1.46078,1.45278,1.458565
6626.0,1.57502,1.45085,1.46329,1.45791,1.44905,1.4552749999999999
6627.0,1.47752,1.4489,1.46203,1.4567,1.44704,1.4536675000000001
6628.0,1.59746,1.44683,1.46033,1.45506,1.44503,1.4518125000000002
6629.0,1.69458,1.44313,1.45646,1.45132,1.44145,1.4480899999999999
6630.0,1.50302,1.43731,1.45002,1.44508,1.43572,1.4420325
6631.0,1.26285,1.43025,1.44215,1.43745,1.42864,1.4346225
6632.0,1.06338,1.42385,1.43515,1.43067,1.42208,1.4279375
6633.0,0.99438,1.42022,1.43145,1.42709,1.41822,1.424245
6634.0,1.37615,1.4207,1.4325,1.42813,1.41847,1.4249500000000002
6635.0,2.11388,1.42521,1.43801,1.43349,1.42279,1.429875
6636.0,2.84841,1.43222,1.44605,1.44129,1.42975,1.4373275
6637.0,2.55394,1.4395,1.45397,1.44897,1.43711,1.4448875
6638.0,1.58538,1.44509,1.45966,1.45447,1.44287,1.4505225
6639.0,1.1915,1.44791,1.46217,1.45686,1.44587,1.4532025
6640.0,1.09393,1.44795,1.46172,1.45635,1.44602,1.4530100000000001
6641.0,1.18767,1.44599,1.45928,1.45389,1.4441,1.4508149999999997
6642.0,1.47752,1.44324,1.45618,1.45076,1.44134,1.44788
6643.0,1.74387,1.44096,1.45378,1.44832,1.439,1.445515
6644.0,1.86149,1.44008,1.45304,1.44755,1.43804,1.4446775
6645.0,1.7504,1.4409,1.45421,1.44869,1.43877,1.4456425
6646.0,1.61802,1.44304,1.45676,1.45122,1.44084,1.447965
6647.0,1.57553,1.44569,1.45972,1.45417,1.4435,1.45077
6648.0,1.61453,1.44803,1.46216,1.45661,1.44592,1.45318
6649.0,1.5956,1.4495,1.46354,1.458,1.44745,1.4546225
6650.0,1.45373,1.44994,1.46379,1.45827,1.44792,1.45498
6651.0,1.30485,1.44957,1.46323,1.45774,1.44757,1.4545275
6652.0,1.24117,1.44881,1.46237,1.45689,1.44684,1.4537274999999998
6653.0,1.31797,1.44805,1.46159,1.45613,1.44606,1.4529575
6654.0,1.48172,1.44739,1.46102,1.45557,1.44538,1.45234
6655.0,1.59207,1.44664,1.4604,1.45497,1.44463,1.45166
6656.0,1.53311,1.44534,1.45919,1.4538,1.44336,1.4504225000000002
6657.0,1.47623,1.44289,1.45675,1.45142,1.44098,1.4480099999999998
6658.0,1.46043,1.43874,1.45246,1.44725,1.43691,1.44384
6659.0,1.48834,1.4326,1.44598,1.44093,1.43084,1.4375875
6660.0,1.52153,1.42468,1.43754,1.4327,1.42297,1.4294725
6661.0,1.52409,1.41586,1.42811,1.42352,1.41414,1.4204074999999998
6662.0,1.45608,1.40758,1.41934,1.41499,1.40576,1.4119175000000002
6663.0,1.38249,1.40141,1.413,1.40885,1.39939,1.4056625
6664.0,1.39096,1.39859,1.4104,1.40639,1.39635,1.4029325
6665.0,1.60703,1.39964,1.41197,1.408,1.39719,1.4042
6666.0,1.6537,1.40434,1.41733,1.41327,1.40172,1.409165
6667.0,1.46501,1.4119,1.42555,1.42131,1.40918,1.4169850000000002
6668.0,1.28461,1.42118,1.43548,1.43096,1.41846,1.42652
6669.0,1.1754,1.4309,1.44575,1.44089,1.4282,1.436435
6670.0,1.19397,1.43963,1.45489,1.44969,1.437,1.4453025000000002
6671.0,1.44883,1.44596,1.46142,1.45594,1.4435,1.451705
6672.0,1.91974,1.4487,1.4641,1.45843,1.44648,1.4544275
6673.0,2.52981,1.44703,1.46205,1.45632,1.44505,1.4526125
6674.0,3.02062,1.44078,1.45505,1.4494,1.43899,1.4460549999999999
6675.0,3.41331,1.43073,1.44395,1.4385,1.42907,1.4355625
6676.0,3.71628,1.41888,1.43093,1.42577,1.41723,1.4232025
6677.0,3.71058,1.40804,1.41925,1.4144,1.40624,1.4119825000000001
6678.0,3.5154,1.40098,1.41208,1.40746,1.3989,1.4048550000000002
6679.0,3.28021,1.3993,1.41109,1.40657,1.39691,1.4034675
6680.0,2.76688,1.40287,1.41583,1.41126,1.40023,1.4075475000000002
6681.0,2.05339,1.41009,1.42417,1.41945,1.40739,1.4152749999999998
6682.0,1.41448,1.41872,1.43352,1.42859,1.41614,1.4242425
6683.0,1.76031,1.4268,1.44184,1.43671,1.42435,1.4324249999999998
6684.0,2.48956,1.43309,1.44807,1.44276,1.4307,1.438655
6685.0,1.96856,1.43722,1.45201,1.44657,1.4349,1.442675
6686.0,1.64083,1.43954,1.45408,1.44857,1.43729,1.44487
6687.0,1.78057,1.44065,1.45499,1.44944,1.43844,1.44588
6688.0,1.64432,1.44112,1.45539,1.44982,1.43889,1.446305
6689.0,1.44746,1.44117,1.45554,1.44995,1.43892,1.4463949999999999
6690.0,1.34324,1.44061,1.45514,1.44955,1.43837,1.4459175
6691.0,1.41906,1.43883,1.45346,1.44791,1.43666,1.444215
6692.0,1.09957,1.43523,1.4497,1.44426,1.43317,1.4405899999999998
6693.0,0.46182,1.42962,1.44361,1.43837,1.42765,1.4348125
6694.0,1.59332,1.4226,1.43587,1.4309,1.42063,1.4275
6695.0,2.70153,1.41559,1.4282,1.42351,1.41353,1.4202074999999998
6696.0,2.21744,1.41039,1.4227,1.41826,1.40815,1.414875
6697.0,1.68155,1.40836,1.42097,1.41663,1.40589,1.4129625000000001
6698.0,1.41748,1.40972,1.42313,1.41876,1.40705,1.414665
6699.0,1.45295,1.41339,1.42774,1.42322,1.41064,1.4187474999999998
6700.0,1.42022,1.4175,1.43248,1.42777,1.41485,1.4231500000000001
6701.0,1.33609,1.4204,1.43541,1.43055,1.41788,1.42606
6702.0,1.36409,1.42131,1.43588,1.43096,1.4189,1.4267625
6703.0,1.36333,1.42066,1.43467,1.42976,1.41828,1.4258425000000001
6704.0,1.28849,1.41953,1.43324,1.42838,1.41709,1.42456
6705.0,1.14798,1.41888,1.43268,1.42787,1.41636,1.4239475
6706.0,1.10002,1.41899,1.43314,1.42833,1.41642,1.42422
6707.0,1.15915,1.41937,1.43385,1.42904,1.41682,1.42477
6708.0,1.16186,1.41908,1.43368,1.42889,1.41661,1.4245649999999999
6709.0,1.05717,1.41722,1.4317,1.42697,1.41484,1.4226824999999999
6710.0,0.9066,1.41317,1.42737,1.42278,1.41086,1.418545
6711.0,1.05962,1.4067,1.42054,1.41615,1.40447,1.411965
6712.0,1.49983,1.39798,1.41135,1.4072,1.39584,1.4030925
6713.0,2.1747,1.38767,1.40045,1.39656,1.38558,1.392565
6714.0,3.03494,1.37706,1.38918,1.38552,1.37495,1.3816775
6715.0,3.85023,1.36795,1.37959,1.37608,1.36571,1.3723325
6716.0,4.30818,1.36227,1.37391,1.3704,1.35978,1.36659
6717.0,3.93081,1.36136,1.37363,1.37,1.3586,1.3658975
6718.0,2.78871,1.36544,1.3788,1.37491,1.36245,1.3704
6719.0,1.26891,1.37337,1.38792,1.38371,1.37026,1.378815
6720.0,0.70084,1.38315,1.39861,1.39407,1.38004,1.3889675000000001
6721.0,1.01948,1.39268,1.40858,1.40375,1.38971,1.39868
6722.0,1.16881,1.40045,1.41633,1.41131,1.39764,1.4064325
6723.0,1.876,1.4058,1.42138,1.41623,1.40308,1.4116225000000002
6724.0,2.91596,1.4089,1.42407,1.41887,1.40624,1.41452
6725.0,2.56486,1.41059,1.42537,1.42016,1.40798,1.416025
6726.0,1.65581,1.41189,1.42641,1.42122,1.4093,1.417205
6727.0,1.0221,1.41357,1.4281,1.42289,1.41092,1.4188699999999999
6728.0,1.74618,1.41585,1.43066,1.42539,1.41313,1.4212575
6729.0,2.98405,1.41842,1.43358,1.42823,1.41572,1.4239875000000002
6730.0,3.80852,1.42064,1.43598,1.43055,1.41802,1.4262975
6731.0,3.69967,1.42187,1.43715,1.43167,1.41932,1.4275025
6732.0,2.95221,1.42176,1.43684,1.43136,1.41925,1.4273025
6733.0,2.08643,1.42033,1.4352,1.42977,1.41784,1.4257849999999999
6734.0,1.36821,1.41777,1.43251,1.42717,1.4153,1.4231875
6735.0,0.93877,1.41431,1.42893,1.42369,1.41186,1.4196974999999998
6736.0,0.92827,1.41016,1.42458,1.41946,1.40771,1.4154775
6737.0,1.26247,1.40563,1.41979,1.4148,1.40319,1.4108525000000003
6738.0,1.76988,1.40121,1.41515,1.41027,1.39875,1.406345
6739.0,2.06609,1.39743,1.41131,1.40652,1.3949,1.4025400000000001
6740.0,1.5963,1.39461,1.40862,1.40386,1.39199,1.39977
6741.0,0.58176,1.39278,1.407,1.40225,1.39012,1.3980375
6742.0,0.85135,1.39171,1.40609,1.40134,1.38905,1.3970475
6743.0,1.48823,1.39098,1.40545,1.40071,1.38834,1.3963700000000001
6744.0,1.68167,1.39014,1.40466,1.39994,1.38749,1.3955574999999998
6745.0,1.41545,1.38882,1.40336,1.39869,1.38617,1.39426
6746.0,1.02119,1.38693,1.4014,1.39678,1.38432,1.3923575
6747.0,0.86755,1.38462,1.3989,1.39433,1.38202,1.3899675
6748.0,0.92745,1.38221,1.39632,1.39178,1.37958,1.3874724999999999
6749.0,1.10213,1.38026,1.3943,1.38978,1.37755,1.3854725
6750.0,1.23291,1.37941,1.39349,1.38897,1.37662,1.3846225
6751.0,1.22397,1.3802,1.3944,1.38987,1.37732,1.3854475000000002
6752.0,1.1319,1.383,1.3974,1.39284,1.38001,1.3883125
6753.0,1.16519,1.38799,1.40269,1.39806,1.38489,1.3934075
6754.0,1.31879,1.39507,1.41019,1.40543,1.39187,1.4006399999999999
6755.0,1.53378,1.40373,1.41941,1.41442,1.40045,1.4095025
6756.0,1.62824,1.41311,1.42936,1.42408,1.40982,1.4190925
6757.0,1.47699,1.42207,1.43877,1.43319,1.41888,1.4282275
6758.0,1.08745,1.42951,1.44639,1.44055,1.42645,1.435725
6759.0,0.90138,1.43461,1.45138,1.44536,1.43169,1.4407599999999998
6760.0,0.93943,1.43703,1.45348,1.44738,1.43424,1.4430325
6761.0,1.12495,1.43682,1.45288,1.44679,1.43412,1.4426525
6762.0,1.20553,1.43424,1.44998,1.44397,1.43163,1.439955
6763.0,1.14948,1.42969,1.44514,1.43925,1.42715,1.4353075000000002
6764.0,1.00809,1.42359,1.43868,1.43295,1.4211,1.42908
6765.0,0.94604,1.41653,1.43118,1.42562,1.41406,1.4218475000000002
6766.0,1.03074,1.40938,1.42359,1.41821,1.40687,1.4145124999999998
6767.0,1.28256,1.40317,1.41713,1.41191,1.40055,1.40819
6768.0,1.34372,1.39894,1.41294,1.40784,1.39616,1.4039700000000002
6769.0,1.09239,1.39748,1.41174,1.40669,1.39452,1.4026075
6770.0,0.7309,1.39914,1.41382,1.40874,1.39605,1.4044375
6771.0,0.31721,1.40387,1.41905,1.41384,1.40067,1.4093575
6772.0,-0.04564,1.41109,1.42687,1.42146,1.40775,1.4167925
6773.0,0.05307,1.41981,1.43628,1.43062,1.4164,1.4257775000000001
6774.0,0.64508,1.42886,1.44591,1.43999,1.4255,1.4350649999999998
6775.0,1.59383,1.43701,1.45437,1.44819,1.43378,1.4433375000000002
6776.0,1.97803,1.44309,1.46046,1.4541,1.44,1.4494124999999998
6777.0,1.63802,1.44615,1.46337,1.45691,1.44319,1.4524050000000002
6778.0,0.75547,1.44554,1.46249,1.45604,1.44273,1.4517
6779.0,0.48857,1.4409,1.45742,1.4511,1.43828,1.446925
6780.0,0.98551,1.43236,1.44815,1.44211,1.42995,1.4381425
6781.0,1.4742,1.42083,1.43557,1.42993,1.41856,1.4262225
6782.0,1.64136,1.40806,1.42169,1.41652,1.40577,1.4130099999999999
6783.0,1.40309,1.39644,1.40929,1.40455,1.39398,1.4010649999999998
6784.0,1.04424,1.38829,1.40104,1.39658,1.38551,1.392855
6785.0,0.9362,1.38497,1.39839,1.39402,1.38189,1.3898175000000001
6786.0,1.22222,1.38652,1.40108,1.39657,1.38324,1.3918525
6787.0,0.85131,1.39156,1.40729,1.4025,1.38822,1.3973925
6788.0,0.51234,1.39795,1.41448,1.40937,1.39464,1.40411
6789.0,1.33671,1.40356,1.4204,1.41501,1.40036,1.4098325
6790.0,1.85845,1.407,1.42372,1.41817,1.40395,1.41321
6791.0,1.75879,1.40792,1.42422,1.41862,1.40495,1.4139274999999998
6792.0,1.31385,1.40682,1.42261,1.41707,1.40391,1.4126025
6793.0,1.10224,1.4048,1.42015,1.41472,1.40192,1.4103975000000002
6794.0,1.23337,1.40309,1.41818,1.41287,1.40014,1.40857
6795.0,1.19792,1.40256,1.41771,1.41246,1.39948,1.4080525000000002
6796.0,1.00873,1.40363,1.41911,1.41384,1.40046,1.40926
6797.0,0.78959,1.40622,1.4221,1.41676,1.40301,1.4120225
6798.0,1.00192,1.40978,1.426,1.42054,1.40653,1.4157125
6799.0,1.31976,1.41346,1.42995,1.42436,1.41022,1.4194975
6800.0,1.29902,1.41657,1.4332,1.4275,1.41338,1.4226625000000002
6801.0,1.11176,1.41863,1.43524,1.42944,1.41548,1.4246975000000002
6802.0,0.95439,1.41941,1.43589,1.43003,1.41632,1.4254125
6803.0,1.10369,1.41903,1.43532,1.42942,1.41601,1.4249450000000001
6804.0,1.35811,1.41787,1.43395,1.42804,1.41487,1.4236825
6805.0,1.55174,1.41632,1.43227,1.42637,1.41327,1.4220575
6806.0,1.44179,1.41471,1.43067,1.42479,1.41166,1.4204575
6807.0,1.3685,1.41338,1.42937,1.42351,1.41034,1.41915
6808.0,1.46465,1.41242,1.42842,1.42259,1.40935,1.4181949999999999
6809.0,1.31273,1.41171,1.42775,1.42195,1.40859,1.4175
6810.0,1.04422,1.4111,1.42721,1.42144,1.40797,1.41693
6811.0,0.87607,1.41053,1.42666,1.42093,1.40742,1.416385
6812.0,1.02949,1.41009,1.42615,1.42045,1.40696,1.4159125
6813.0,1.31564,1.40998,1.42595,1.42027,1.40685,1.4157625
6814.0,1.34818,1.41054,1.42648,1.42077,1.40735,1.416285
6815.0,1.39762,1.41185,1.42797,1.4222,1.40856,1.4176449999999998
6816.0,1.47775,1.41376,1.43024,1.42436,1.41042,1.419695
6817.0,1.3632,1.41601,1.43279,1.42679,1.41272,1.4220774999999999
6818.0,1.40262,1.4184,1.4352,1.42911,1.41518,1.4244725
6819.0,1.71201,1.4209,1.43754,1.43137,1.41768,1.4268725
6820.0,1.88439,1.42365,1.44024,1.43399,1.42033,1.4295525
6821.0,1.723,1.42672,1.44357,1.43723,1.42331,1.4327075
6822.0,1.18298,1.4299,1.44719,1.44072,1.42649,1.436075
6823.0,1.0202,1.43247,1.4501,1.44351,1.42917,1.4388125
6824.0,1.08041,1.43355,1.45117,1.44451,1.43039,1.439905
6825.0,0.88707,1.43259,1.44985,1.44318,1.42956,1.4387949999999998
6826.0,0.96932,1.4299,1.44656,1.43996,1.42691,1.4358325
6827.0,1.24831,1.42651,1.44262,1.43612,1.42348,1.4321825000000001
6828.0,1.02797,1.42374,1.43961,1.43322,1.4206,1.4292925
6829.0,0.75532,1.42258,1.43865,1.43233,1.4193,1.428215
6830.0,0.76743,1.42334,1.43991,1.43358,1.41996,1.4291975
6831.0,1.33438,1.42558,1.44266,1.43629,1.42219,1.43168
6832.0,1.62507,1.42829,1.44572,1.43927,1.42494,1.4345550000000002
6833.0,0.98538,1.4302,1.44777,1.44127,1.4269,1.436535
6834.0,0.82897,1.43008,1.44766,1.44115,1.42682,1.4364275
6835.0,1.05485,1.42703,1.44444,1.43801,1.4239,1.4333449999999999
6836.0,1.01206,1.42068,1.43761,1.43136,1.41775,1.42685
6837.0,1.03004,1.4113,1.42741,1.42145,1.40852,1.41717
6838.0,1.0603,1.39997,1.4151,1.40949,1.39721,1.4054425000000001
6839.0,0.63496,1.38861,1.4029,1.39764,1.38576,1.3937275
6840.0,-0.08592,1.37961,1.39345,1.38848,1.37656,1.384525
6841.0,-0.61369,1.375,1.38901,1.38417,1.37162,1.37995
6842.0,0.81454,1.37573,1.39058,1.38569,1.37203,1.3810075
6843.0,2.50634,1.38143,1.39754,1.39244,1.37753,1.387235
6844.0,2.58295,1.39057,1.4079,1.40247,1.38661,1.3968875
6845.0,2.08153,1.40092,1.41909,1.4133,1.39703,1.4075849999999999
6846.0,1.46552,1.41036,1.42886,1.42275,1.40661,1.4171449999999999
6847.0,1.13625,1.41744,1.43588,1.42952,1.41381,1.4241625
6848.0,1.03306,1.42152,1.4397,1.43319,1.41802,1.4281075
6849.0,1.06435,1.42261,1.44046,1.4339,1.41922,1.4290475
6850.0,1.03397,1.42091,1.43841,1.43189,1.41763,1.4272099999999999
6851.0,0.99846,1.41665,1.43382,1.42742,1.41349,1.4228450000000001
6852.0,1.01029,1.41029,1.42701,1.42081,1.40724,1.4163375
6853.0,1.09957,1.40261,1.41872,1.41278,1.39962,1.4084325
6854.0,1.20107,1.39465,1.41015,1.4045,1.39162,1.40023
6855.0,1.22534,1.38752,1.40269,1.3973,1.38436,1.3929675
6856.0,1.11324,1.38206,1.39727,1.39211,1.37868,1.38753
6857.0,0.90837,1.37852,1.39413,1.38911,1.375,1.38419
6858.0,0.74028,1.3769,1.3929,1.38797,1.37341,1.382795
6859.0,0.76732,1.37711,1.3932,1.38829,1.37362,1.383055
6860.0,1.05142,1.37891,1.39497,1.39005,1.37529,1.384805
6861.0,1.55911,1.38208,1.39837,1.39338,1.37832,1.3880375000000003
6862.0,1.65615,1.38625,1.40309,1.39797,1.38236,1.3924175
6863.0,1.0307,1.39044,1.40795,1.4027,1.38653,1.3969049999999998
6864.0,0.95031,1.39342,1.41131,1.40595,1.38972,1.4001000000000001
6865.0,1.20411,1.39434,1.41192,1.40654,1.39092,1.4009299999999998
6866.0,1.1496,1.39307,1.40981,1.40449,1.38973,1.399275
6867.0,0.8575,1.39022,1.40623,1.40101,1.38677,1.3960575000000002
6868.0,0.52943,1.38703,1.40283,1.39771,1.38347,1.39276
6869.0,0.61829,1.38472,1.40076,1.39569,1.38107,1.39056
6870.0,1.12896,1.38386,1.40024,1.39517,1.38019,1.389865
6871.0,1.84053,1.38439,1.40093,1.39583,1.38075,1.390475
6872.0,1.79589,1.38601,1.40254,1.39741,1.38235,1.3920774999999999
6873.0,1.37379,1.38851,1.4051,1.39993,1.38471,1.3945625000000001
6874.0,1.08726,1.39187,1.40875,1.40352,1.38795,1.3980225
6875.0,0.919,1.39602,1.41331,1.40798,1.3921,1.4023525000000001
6876.0,0.87273,1.40038,1.41802,1.4126,1.39651,1.4068775
6877.0,0.9614,1.40388,1.42173,1.41622,1.40004,1.4104675
6878.0,1.13946,1.4055,1.42333,1.41776,1.40175,1.4120849999999998
6879.0,1.322,1.4049,1.42237,1.41681,1.40133,1.4113525
6880.0,1.29018,1.4026,1.4194,1.4139,1.39914,1.40876
6881.0,1.17377,1.39975,1.41592,1.41046,1.39622,1.4055874999999998
6882.0,1.10859,1.39778,1.41373,1.40828,1.3941,1.4034725
6883.0,1.24903,1.39801,1.41425,1.40872,1.39417,1.4037875
6884.0,1.43533,1.40107,1.41793,1.41221,1.3971,1.4070775
6885.0,1.40769,1.40674,1.42429,1.41829,1.4027,1.413005
6886.0,1.26259,1.41416,1.43227,1.42598,1.41016,1.4206425
6887.0,1.10824,1.42216,1.44068,1.43409,1.41816,1.4287725000000002
6888.0,1.13995,1.42957,1.44837,1.44154,1.42555,1.4362575
6889.0,1.26485,1.43552,1.4545,1.44747,1.43164,1.4422825
6890.0,1.34997,1.43958,1.45845,1.45131,1.43587,1.4463025000000003
6891.0,1.04868,1.44151,1.46007,1.45287,1.43788,1.4480825
6892.0,0.71244,1.44147,1.45966,1.45247,1.4379,1.447875
6893.0,0.75524,1.44009,1.45797,1.45081,1.43658,1.4463625
6894.0,0.97513,1.4382,1.45587,1.44874,1.43465,1.444365
6895.0,1.22076,1.43647,1.4541,1.44698,1.43283,1.442595
6896.0,1.28716,1.43535,1.4531,1.44595,1.43168,1.44152
6897.0,1.17994,1.43502,1.45299,1.44579,1.4313,1.441275
6898.0,0.98667,1.43548,1.45368,1.44639,1.43174,1.4418225000000002
6899.0,1.01411,1.43668,1.45499,1.44762,1.43292,1.4430525
6900.0,1.00454,1.43842,1.45681,1.44937,1.43462,1.444805
6901.0,0.78315,1.44044,1.459,1.45151,1.43658,1.4468825
6902.0,0.88887,1.44265,1.46141,1.45389,1.43876,1.4491775000000002
6903.0,1.17785,1.44504,1.46387,1.45634,1.4412,1.4516125
6904.0,1.23187,1.44753,1.4663,1.45877,1.44373,1.4540825000000002
6905.0,1.16767,1.4499,1.46868,1.46114,1.44603,1.4564374999999998
6906.0,1.09053,1.4519,1.47087,1.4633,1.448,1.4585175000000001
6907.0,1.1784,1.45327,1.47243,1.46481,1.44941,1.45998
6908.0,1.13038,1.45346,1.47266,1.465,1.44969,1.4602024999999998
6909.0,0.82538,1.45184,1.47089,1.46321,1.44817,1.4585275
6910.0,0.87258,1.44811,1.46681,1.45916,1.44451,1.4546475
6911.0,1.07952,1.4426,1.4608,1.45324,1.43909,1.4489325000000002
6912.0,1.05104,1.43628,1.45391,1.44648,1.43278,1.4423625
6913.0,1.05537,1.43035,1.44758,1.44027,1.42675,1.4362375
6914.0,1.15159,1.42604,1.44324,1.43601,1.42228,1.4318924999999998
6915.0,1.26113,1.42429,1.44181,1.4346,1.42038,1.4302700000000002
6916.0,1.25444,1.4254,1.44346,1.43621,1.42136,1.4316075
6917.0,1.0929,1.42891,1.4476,1.44024,1.42481,1.43539
6918.0,0.96922,1.43365,1.45293,1.44544,1.42951,1.4403825000000001
6919.0,0.96362,1.43795,1.45773,1.4501,1.43382,1.4448999999999999
6920.0,1.12379,1.44029,1.46021,1.45253,1.43627,1.4473250000000002
6921.0,1.25368,1.4396,1.45918,1.45155,1.43578,1.4465275
6922.0,1.26177,1.43578,1.45457,1.44713,1.43215,1.4424074999999998
6923.0,1.06951,1.42985,1.44766,1.4405,1.4263,1.4360775000000001
6924.0,0.89664,1.4236,1.44062,1.43378,1.41997,1.4294925
6925.0,0.88103,1.41887,1.43567,1.4291,1.41502,1.424665
6926.0,1.10078,1.41684,1.43407,1.42766,1.41277,1.422835
6927.0,1.23954,1.41762,1.43561,1.42924,1.41345,1.42398
6928.0,1.00737,1.42027,1.43892,1.43248,1.41608,1.4269375
6929.0,1.03279,1.42327,1.44222,1.43566,1.41912,1.4300674999999998
6930.0,1.24315,1.42542,1.44435,1.43768,1.42136,1.4322025
6931.0,1.14848,1.42649,1.44515,1.43839,1.42248,1.4331275
6932.0,1.10747,1.42696,1.44532,1.43849,1.42294,1.4334275
6933.0,1.26555,1.4276,1.44585,1.43896,1.42348,1.4339724999999999
6934.0,1.45432,1.42899,1.44747,1.4405,1.42478,1.435435
6935.0,1.52136,1.43142,1.45032,1.44322,1.4272,1.43804
6936.0,1.37964,1.43476,1.45401,1.44676,1.43061,1.441535
6937.0,1.44853,1.43839,1.45784,1.45044,1.43425,1.44523
6938.0,1.56271,1.44131,1.46096,1.45343,1.43714,1.4482100000000002
6939.0,1.20551,1.44261,1.46242,1.45481,1.43847,1.4495775
6940.0,0.91564,1.44166,1.46138,1.45377,1.43765,1.4486149999999998
6941.0,0.91807,1.43828,1.45749,1.45,1.43442,1.4450475
6942.0,1.07515,1.43299,1.45141,1.4441,1.42925,1.4394375
6943.0,1.24966,1.42713,1.44477,1.43771,1.42339,1.4332500000000001
6944.0,1.3212,1.4224,1.43966,1.43279,1.41846,1.4283275
6945.0,1.25818,1.42011,1.43764,1.43086,1.41594,1.4261375
6946.0,1.12886,1.42062,1.43894,1.43214,1.41628,1.4269950000000002
6947.0,1.08056,1.42311,1.44227,1.43539,1.41869,1.429865
6948.0,1.10868,1.42595,1.44561,1.43863,1.42164,1.4329575
6949.0,1.18609,1.42763,1.44719,1.44015,1.42344,1.4346025
6950.0,1.22272,1.42732,1.44636,1.43935,1.42318,1.4340525
6951.0,1.22059,1.42543,1.44388,1.43695,1.42132,1.431895
6952.0,1.18962,1.42332,1.44135,1.43453,1.41916,1.42959
6953.0,1.12596,1.4224,1.44041,1.43363,1.41813,1.4286425
6954.0,1.0469,1.42361,1.44196,1.43514,1.41922,1.4299825000000002
6955.0,0.9917,1.42706,1.44596,1.43902,1.42257,1.4336525
6956.0,1.0697,1.4321,1.4516,1.44447,1.42756,1.4389325
6957.0,1.23838,1.43786,1.45778,1.45045,1.43335,1.44486
6958.0,1.13382,1.44354,1.46362,1.45608,1.43906,1.4505750000000002
6959.0,0.99958,1.4485,1.46862,1.46091,1.44404,1.4555175
6960.0,1.08495,1.45254,1.47268,1.46482,1.44809,1.4595325
6961.0,1.21201,1.45567,1.4758,1.46782,1.45124,1.4626325
6962.0,1.30694,1.45795,1.47803,1.46995,1.45353,1.4648649999999999
6963.0,1.30658,1.45954,1.47957,1.47142,1.45521,1.4664350000000002
6964.0,1.25015,1.46085,1.48077,1.47255,1.45658,1.4676875
6965.0,1.17119,1.46217,1.48201,1.47372,1.45787,1.4689425
6966.0,1.12702,1.46355,1.48347,1.4751,1.45916,1.47032
6967.0,1.03532,1.46479,1.485,1.47654,1.46034,1.4716675000000001
6968.0,0.8425,1.46565,1.48615,1.47761,1.46131,1.47268
6969.0,0.90123,1.46594,1.48647,1.47787,1.46177,1.4730124999999998
6970.0,1.12951,1.46518,1.4855,1.47689,1.46104,1.4721525
6971.0,1.16127,1.46257,1.48278,1.47422,1.45839,1.46949
6972.0,1.08316,1.45749,1.47774,1.46928,1.45339,1.464475
6973.0,0.99461,1.44957,1.46959,1.46133,1.44565,1.4565350000000001
6974.0,1.11128,1.43865,1.45785,1.4499,1.43489,1.4453225
6975.0,1.27778,1.42519,1.44314,1.43559,1.42153,1.4313624999999999
6976.0,1.29337,1.41101,1.42771,1.42062,1.40733,1.4166675
6977.0,1.18953,1.39923,1.41508,1.4084,1.39535,1.404515
6978.0,1.02197,1.393,1.40875,1.40233,1.3887,1.398195
6979.0,0.90379,1.39412,1.41086,1.40449,1.3893,1.3996925
6980.0,0.91431,1.40259,1.42121,1.4146,1.39739,1.4089475
6981.0,1.06203,1.41661,1.43721,1.43017,1.41131,1.423825
6982.0,1.17411,1.433,1.45497,1.4474,1.42779,1.44079
6983.0,1.17675,1.44814,1.47073,1.46265,1.44308,1.45615
6984.0,1.02973,1.4594,1.48195,1.47347,1.45453,1.4673375
6985.0,1.04219,1.46576,1.48779,1.47908,1.4611,1.4734325
6986.0,1.16659,1.46763,1.4889,1.4801,1.46316,1.4749475
6987.0,1.01751,1.46646,1.48698,1.47821,1.46216,1.4734525
6988.0,0.98149,1.46414,1.48407,1.47537,1.45991,1.4708725
6989.0,1.2444,1.46222,1.48187,1.47324,1.45789,1.468805
6990.0,1.31716,1.46144,1.48126,1.47266,1.45695,1.4680775000000001
6991.0,1.21525,1.46188,1.48223,1.47359,1.45732,1.468755
6992.0,1.09376,1.46316,1.48401,1.4753,1.45868,1.4702875
6993.0,1.16465,1.46452,1.48555,1.47676,1.46013,1.47174
6994.0,1.34239,1.46494,1.48586,1.47703,1.46056,1.4720975
6995.0,1.11455,1.46356,1.48429,1.4755,1.45914,1.4706225000000002
6996.0,0.97477,1.46014,1.48066,1.47198,1.45578,1.46714
6997.0,1.25011,1.45524,1.47538,1.46688,1.45105,1.4621374999999999
6998.0,1.28518,1.44986,1.46943,1.46113,1.44576,1.456545
6999.0,1.139,1.44486,1.46395,1.45583,1.44064,1.45132
7000.0,1.14916,1.44071,1.45977,1.4518,1.43625,1.4471325000000002
7001.0,1.24406,1.43766,1.45714,1.44925,1.43308,1.4442825
7002.0,1.33478,1.43583,1.45574,1.44788,1.43131,1.4426899999999998
7003.0,1.21062,1.43512,1.45503,1.44719,1.43066,1.4420000000000002
7004.0,1.03442,1.43511,1.4548,1.44696,1.43058,1.4418625
7005.0,0.98787,1.43561,1.45527,1.44741,1.43094,1.4423075
7006.0,1.08905,1.43686,1.45679,1.44891,1.43208,1.44366
7007.0,1.23817,1.43901,1.45935,1.45143,1.43418,1.4459925
7008.0,1.20802,1.44161,1.46237,1.45436,1.43683,1.4487925000000001
7009.0,1.14508,1.44382,1.46486,1.45675,1.43915,1.451145
7010.0,1.12404,1.44464,1.46569,1.45752,1.44006,1.4519775
7011.0,1.09797,1.44309,1.46385,1.45569,1.43853,1.45029
7012.0,1.03961,1.43861,1.45889,1.45082,1.43409,1.4456025000000001
7013.0,0.9423,1.43176,1.45141,1.44351,1.42741,1.4385225
7014.0,1.07872,1.42454,1.44334,1.43563,1.42036,1.4309675
7015.0,1.36164,1.41937,1.4374,1.42985,1.41503,1.4254125
7016.0,1.30445,1.41786,1.43596,1.42847,1.41308,1.4238425
7017.0,1.21926,1.42054,1.43985,1.43227,1.41539,1.4270125
7018.0,1.30056,1.42678,1.44779,1.44,1.42155,1.43403
7019.0,1.25085,1.43453,1.45667,1.44864,1.42946,1.4423249999999999
7020.0,1.09072,1.44084,1.46307,1.45487,1.43595,1.4486824999999999
7021.0,0.95232,1.44346,1.46504,1.4568,1.43874,1.4510100000000001
7022.0,1.01384,1.44234,1.46293,1.45479,1.43777,1.4494574999999998
7023.0,1.25315,1.43934,1.45893,1.45098,1.43475,1.446
7024.0,1.31647,1.43664,1.45574,1.44798,1.43187,1.4430575
7025.0,1.25978,1.43599,1.45538,1.44772,1.43105,1.4425350000000001
7026.0,1.1773,1.4383,1.4584,1.4507,1.43328,1.44517
7027.0,1.15431,1.44319,1.46397,1.45611,1.43812,1.4503475
7028.0,1.19613,1.44925,1.4705,1.46242,1.44411,1.45657
7029.0,1.26627,1.45489,1.47645,1.46815,1.44974,1.4623075
7030.0,1.3126,1.45923,1.48094,1.47244,1.45416,1.4666925
7031.0,1.3093,1.46207,1.48371,1.47507,1.45713,1.469495
7032.0,1.26978,1.46348,1.48495,1.4762,1.45864,1.4708175
7033.0,1.26631,1.46365,1.48491,1.47609,1.45879,1.47086
7034.0,1.38004,1.46261,1.48368,1.47484,1.45769,1.4697049999999998
7035.0,1.38838,1.4607,1.48158,1.47275,1.45587,1.467725
7036.0,1.27058,1.45925,1.47976,1.47097,1.45452,1.466125
7037.0,1.19997,1.4599,1.48002,1.47125,1.45509,1.4665650000000001
7038.0,1.21284,1.46371,1.4839,1.47509,1.45857,1.4703175
7039.0,1.3145,1.47078,1.49195,1.483,1.46525,1.477745
7040.0,1.39977,1.48037,1.50306,1.49388,1.47476,1.4880175
7041.0,1.43723,1.49109,1.5148,1.50534,1.48565,1.4992199999999998
7042.0,1.41526,1.50084,1.52462,1.51493,1.49561,1.5090000000000001
7043.0,1.54855,1.50805,1.53129,1.52147,1.50293,1.515935
7044.0,1.83273,1.51255,1.53519,1.52532,1.50747,1.5201324999999999
7045.0,1.77859,1.51516,1.53757,1.52765,1.51006,1.52261
7046.0,1.6005,1.5166,1.53931,1.52933,1.5115,1.524185
7047.0,1.60876,1.5167,1.53998,1.52992,1.51177,1.5245925
7048.0,1.60012,1.51431,1.53779,1.5277,1.50961,1.5223525000000002
7049.0,1.53809,1.50748,1.53046,1.52051,1.50302,1.5153675
7050.0,1.49751,1.49496,1.51678,1.50718,1.49079,1.5024275
7051.0,1.58043,1.4774,1.49757,1.48855,1.47348,1.4842499999999998
7052.0,1.82164,1.45707,1.47557,1.46728,1.45326,1.463295
7053.0,1.97256,1.437,1.45435,1.44682,1.43307,1.44281
7054.0,2.03748,1.4197,1.43684,1.42998,1.41551,1.4255075
7055.0,2.1117,1.4064,1.42412,1.41776,1.402,1.4125699999999999
7056.0,2.22949,1.39691,1.41536,1.40935,1.3924,1.403505
7057.0,2.40579,1.38997,1.40883,1.40308,1.38548,1.39684
7058.0,2.64084,1.38441,1.40315,1.39761,1.37992,1.3912725000000001
7059.0,3.06469,1.37952,1.39794,1.39258,1.37495,1.3862475
7060.0,3.83282,1.37532,1.39364,1.38843,1.3706,1.3819974999999998
7061.0,5.02694,1.37225,1.39092,1.3858,1.36744,1.3791025
7062.0,6.50803,1.37051,1.38969,1.38462,1.36568,1.377625
7063.0,7.82207,1.36942,1.3889,1.38386,1.36459,1.3766925
7064.0,8.59738,1.36786,1.38726,1.38228,1.36303,1.3751075
7065.0,8.57076,1.36525,1.3842,1.37934,1.3605,1.3723225000000001
7066.0,7.63264,1.36235,1.38059,1.37588,1.35764,1.3691149999999999
7067.0,6.15886,1.3607,1.37842,1.37382,1.35582,1.36719
7068.0,4.87921,1.36173,1.37964,1.37503,1.35656,1.36824
7069.0,3.88627,1.36623,1.38507,1.38032,1.36079,1.3731025
7070.0,3.1623,1.37395,1.39403,1.38902,1.36844,1.38136
7071.0,2.4677,1.38366,1.40467,1.3993,1.37822,1.3914625
7072.0,1.93738,1.39346,1.4148,1.40909,1.38805,1.4013499999999999
7073.0,1.76027,1.40162,1.42293,1.41694,1.39622,1.4094275
7074.0,1.8284,1.40753,1.42873,1.42253,1.40221,1.4152500000000001
7075.0,2.00788,1.41165,1.43273,1.42636,1.40645,1.4192974999999999
7076.0,2.00583,1.4146,1.43563,1.4291,1.40946,1.4221975
7077.0,1.89559,1.41654,1.43774,1.43104,1.41147,1.4241975
7078.0,1.75501,1.41708,1.43856,1.4317,1.41211,1.4248625000000001
7079.0,1.62957,1.41512,1.43672,1.42977,1.41027,1.42297
7080.0,1.52611,1.40936,1.43067,1.42377,1.40468,1.41712
7081.0,1.44032,1.39915,1.41966,1.41297,1.39473,1.4066275000000001
7082.0,1.43442,1.38513,1.40439,1.39803,1.381,1.3921375
7083.0,1.52134,1.36898,1.38686,1.38093,1.36489,1.375415
7084.0,1.60046,1.35247,1.36949,1.364,1.34822,1.358545
7085.0,1.58107,1.33733,1.35426,1.34916,1.33289,1.3434099999999998
7086.0,1.37136,1.32491,1.34221,1.33737,1.32043,1.33123
7087.0,1.22456,1.3157,1.33329,1.32863,1.31122,1.32221
7088.0,1.22794,1.30929,1.32697,1.3224,1.30468,1.315835
7089.0,1.36223,1.30484,1.32268,1.31815,1.30005,1.3114299999999999
7090.0,1.45787,1.30189,1.32006,1.31554,1.297,1.3086225
7091.0,1.34585,1.30053,1.31901,1.31449,1.29558,1.3074025
7092.0,0.89548,1.3008,1.31952,1.31495,1.2958,1.3077675
7093.0,0.37119,1.3026,1.32152,1.31686,1.29755,1.3096325
7094.0,0.48618,1.30575,1.32488,1.32011,1.30057,1.3128275
7095.0,0.82819,1.30992,1.32941,1.32451,1.30469,1.3171325
7096.0,1.09761,1.31492,1.33477,1.32976,1.30967,1.32228
7097.0,1.1922,1.32022,1.34037,1.3353,1.31494,1.3277075
7098.0,1.16963,1.32508,1.34542,1.34035,1.3198,1.3326624999999999
7099.0,1.15926,1.32887,1.34921,1.3442,1.32364,1.3364800000000001
7100.0,1.14527,1.33135,1.35146,1.34655,1.32625,1.3389024999999999
7101.0,1.00011,1.33274,1.35245,1.34768,1.32773,1.34015
7102.0,0.20346,1.33334,1.35274,1.3481,1.3283,1.34062
7103.0,-0.15664,1.33329,1.35267,1.34816,1.32817,1.3405725
7104.0,1.1638,1.33271,1.35226,1.34786,1.32761,1.34011
7105.0,1.88243,1.33174,1.3513,1.34702,1.3268,1.3392150000000003
7106.0,1.60766,1.33033,1.34957,1.34542,1.32545,1.3376925
7107.0,1.47503,1.32804,1.34689,1.34287,1.32305,1.3352125
7108.0,1.52635,1.32485,1.34348,1.3396,1.31979,1.33193
7109.0,1.66794,1.32167,1.34014,1.33637,1.31667,1.3287125
7110.0,1.36421,1.31966,1.3379,1.33422,1.31469,1.3266175
7111.0,0.83888,1.31942,1.3376,1.33393,1.31425,1.3263
7112.0,0.89834,1.32088,1.33949,1.3358,1.31551,1.32792
7113.0,1.2493,1.32392,1.34322,1.33947,1.31852,1.3312825
7114.0,1.62799,1.32806,1.34783,1.34401,1.32269,1.3356474999999999
7115.0,1.64565,1.33218,1.35213,1.34826,1.32681,1.339845
7116.0,1.41817,1.33516,1.35512,1.35123,1.32982,1.3428324999999999
7117.0,1.25913,1.33645,1.35627,1.35241,1.33119,1.3440800000000002
7118.0,1.19139,1.33601,1.35553,1.35172,1.33081,1.3435175
7119.0,1.19313,1.33402,1.35324,1.3495,1.32887,1.3414075
7120.0,1.1305,1.33093,1.34993,1.34626,1.32587,1.3382475
7121.0,1.1189,1.32721,1.34603,1.34243,1.32221,1.33447
7122.0,1.30117,1.32283,1.34153,1.33803,1.3178,1.3300475
7123.0,1.28835,1.31754,1.33618,1.33283,1.31251,1.324765
7124.0,1.06814,1.31138,1.32988,1.3267,1.3065,1.3186149999999999
7125.0,1.05354,1.3047,1.32278,1.3198,1.29998,1.311815
7126.0,1.13143,1.29757,1.31515,1.31238,1.29276,1.304465
7127.0,1.1671,1.29009,1.30741,1.30486,1.28514,1.296875
7128.0,1.181,1.2832,1.30039,1.29803,1.27827,1.2899725
7129.0,1.21394,1.27836,1.29528,1.29306,1.27348,1.285045
7130.0,1.35562,1.27654,1.29329,1.29115,1.27146,1.28311
7131.0,1.45836,1.27793,1.29513,1.29299,1.27252,1.2846425
7132.0,1.49647,1.28245,1.30067,1.29843,1.27685,1.2896
7133.0,2.06459,1.28962,1.30884,1.30643,1.28401,1.297225
7134.0,2.8474,1.29823,1.31805,1.31543,1.29266,1.3060924999999999
7135.0,2.98289,1.30647,1.32655,1.32373,1.30088,1.3144075000000002
7136.0,2.70787,1.31284,1.33296,1.33,1.30724,1.32076
7137.0,2.20073,1.31699,1.33691,1.33388,1.31151,1.3248225
7138.0,1.6616,1.31953,1.33904,1.33601,1.31426,1.32721
7139.0,1.1169,1.32116,1.34024,1.33727,1.31585,1.32863
7140.0,0.56195,1.32204,1.3411,1.33821,1.31659,1.329485
7141.0,0.03256,1.3224,1.34173,1.33893,1.31701,1.3300174999999999
7142.0,-0.22429,1.32236,1.34174,1.33904,1.31712,1.330065
7143.0,0.76997,1.32137,1.34045,1.33787,1.31615,1.32896
7144.0,1.94154,1.31862,1.33735,1.33493,1.31335,1.3260625
7145.0,1.89582,1.31412,1.33244,1.33023,1.30886,1.3214125
7146.0,1.44285,1.30906,1.32671,1.32475,1.30388,1.3161
7147.0,0.96618,1.30496,1.32192,1.32023,1.29974,1.3117125
7148.0,0.82004,1.30313,1.31987,1.31843,1.29764,1.3097675
7149.0,0.93412,1.30448,1.32169,1.32043,1.29872,1.31133
7150.0,1.22718,1.30944,1.32748,1.32633,1.30356,1.3167024999999999
7151.0,1.8426,1.31733,1.3361,1.33499,1.31131,1.3249325
7152.0,2.42269,1.32632,1.34564,1.34455,1.3201,1.3341525
7153.0,1.89553,1.33478,1.35441,1.35335,1.32863,1.3427924999999998
7154.0,1.2578,1.34194,1.36146,1.36045,1.33598,1.3499575
7155.0,1.23369,1.34713,1.36628,1.36538,1.34113,1.3549799999999999
7156.0,1.18681,1.34972,1.3687,1.36792,1.34362,1.3574899999999999
7157.0,1.02273,1.34987,1.3688,1.36811,1.34395,1.3576825000000001
7158.0,0.84924,1.34825,1.36685,1.36616,1.34263,1.3559724999999998
7159.0,0.95065,1.34493,1.36308,1.36221,1.33945,1.3524175
7160.0,1.38257,1.3395,1.35757,1.35631,1.334,1.346845
7161.0,1.38355,1.33213,1.35038,1.34848,1.32668,1.3394174999999997
7162.0,1.12467,1.324,1.34221,1.33951,1.31878,1.3311250000000001
7163.0,1.16773,1.31682,1.33479,1.3312,1.31184,1.3236625
7164.0,1.29806,1.31218,1.33023,1.32574,1.30713,1.3188199999999999
7165.0,1.39345,1.31099,1.32996,1.32465,1.30567,1.3178175
7166.0,1.42394,1.31371,1.33422,1.32818,1.30821,1.3210799999999998
7167.0,1.37881,1.32011,1.34198,1.33535,1.3146,1.32801
7168.0,1.25099,1.32891,1.3516,1.34447,1.32347,1.3371125
7169.0,1.1054,1.33819,1.36133,1.35382,1.33279,1.3465325
7170.0,1.0214,1.34617,1.36968,1.36186,1.34076,1.3546174999999998
7171.0,1.22294,1.35178,1.37551,1.36751,1.34642,1.360305
7172.0,1.29711,1.35473,1.37836,1.37027,1.34954,1.3632250000000001
7173.0,0.73018,1.35517,1.37831,1.37022,1.35015,1.3634625
7174.0,0.5011,1.35341,1.37594,1.36791,1.34852,1.361445
7175.0,0.83552,1.34995,1.37203,1.36409,1.34516,1.3578075
7176.0,1.23022,1.3453,1.36712,1.35932,1.34046,1.35305
7177.0,1.48813,1.33978,1.36142,1.35377,1.33482,1.3474475
7178.0,1.45739,1.33403,1.35537,1.34788,1.32909,1.3415925
7179.0,1.30569,1.32926,1.35009,1.34272,1.32445,1.33663
7180.0,1.14772,1.32638,1.3469,1.33959,1.32148,1.3335875000000001
7181.0,1.17994,1.32539,1.3464,1.33907,1.32016,1.3327550000000001
7182.0,1.16691,1.32573,1.34788,1.34047,1.32034,1.333605
7183.0,0.931,1.32661,1.34959,1.34207,1.32139,1.334915
7184.0,1.0799,1.32667,1.34956,1.34197,1.32161,1.3349525
7185.0,1.41864,1.32439,1.34655,1.339,1.31938,1.33233
7186.0,0.9348,1.31957,1.34092,1.33349,1.31462,1.3271499999999998
7187.0,0.1882,1.31367,1.33435,1.32713,1.30878,1.3209825
7188.0,-0.2215,1.30863,1.32896,1.32197,1.30363,1.3157975
7189.0,0.62529,1.30577,1.32627,1.31948,1.30056,1.3130199999999999
7190.0,2.11622,1.30556,1.32658,1.31991,1.30019,1.31306
7191.0,2.18841,1.30773,1.32922,1.32257,1.30234,1.315465
7192.0,1.66006,1.31145,1.33323,1.32654,1.30607,1.3193225000000002
7193.0,1.20354,1.31551,1.33755,1.33077,1.31001,1.32346
7194.0,0.99472,1.31894,1.34131,1.33441,1.31334,1.327
7195.0,1.00877,1.32166,1.3442,1.33717,1.3162,1.3298075000000003
7196.0,1.10477,1.3241,1.34647,1.33931,1.31883,1.3321775
7197.0,1.12186,1.32633,1.34849,1.3412,1.32102,1.33426
7198.0,0.97448,1.32814,1.35043,1.343,1.32271,1.33607
7199.0,0.75646,1.32978,1.35239,1.3448,1.32441,1.3378450000000002
7200.0,0.72387,1.33164,1.35442,1.34666,1.32642,1.3397849999999998
7201.0,1.33833,1.33343,1.35635,1.34841,1.32828,1.3416175
7202.0,1.59231,1.33423,1.35743,1.34938,1.32907,1.3425274999999999
7203.0,1.05857,1.33307,1.35645,1.34838,1.32794,1.3414599999999999
7204.0,0.7526,1.32953,1.35252,1.34453,1.32452,1.337775
7205.0,0.77867,1.32414,1.34607,1.33828,1.3193,1.3319475
7206.0,0.99951,1.31841,1.3392,1.33163,1.31362,1.325715
7207.0,1.18505,1.31417,1.33451,1.32713,1.30913,1.321235
7208.0,1.2133,1.31293,1.33382,1.32653,1.30759,1.3202175
7209.0,1.07773,1.3154,1.33742,1.33011,1.30988,1.3232025
7210.0,0.95354,1.3209,1.3439,1.33646,1.31532,1.329145
7211.0,1.13245,1.32765,1.3511,1.3435,1.32205,1.336075
7212.0,1.2545,1.33385,1.35732,1.34958,1.3283,1.3422625
7213.0,1.07667,1.33867,1.36192,1.35409,1.33312,1.34695
7214.0,0.27138,1.34229,1.36538,1.35751,1.33676,1.350485
7215.0,-0.20798,1.3456,1.36873,1.3608,1.34009,1.353805
7216.0,1.20063,1.34911,1.37247,1.36446,1.34354,1.3573950000000001
7217.0,3.09372,1.35258,1.37622,1.36811,1.34698,1.3609725
7218.0,4.41029,1.35553,1.37928,1.37107,1.35003,1.3639775
7219.0,3.19091,1.35761,1.38111,1.37286,1.35219,1.3659425
7220.0,1.10859,1.35868,1.38181,1.37356,1.3532,1.3668125000000002
7221.0,1.05362,1.35927,1.38219,1.37395,1.35376,1.3672925
7222.0,1.23437,1.36057,1.38348,1.37522,1.35507,1.368585
7223.0,0.97437,1.36338,1.38651,1.37817,1.3578,1.371465
7224.0,0.91881,1.36758,1.39123,1.38273,1.36187,1.3758525
7225.0,1.03025,1.37255,1.39676,1.38807,1.36677,1.3810375
7226.0,1.1304,1.3776,1.40207,1.39319,1.37187,1.3861824999999999
7227.0,1.16803,1.38231,1.40667,1.39762,1.37665,1.3908125
7228.0,1.1379,1.38666,1.41087,1.40168,1.38103,1.39506
7229.0,1.11375,1.39089,1.41521,1.40588,1.38517,1.3992874999999998
7230.0,1.0645,1.39512,1.41984,1.41038,1.38932,1.4036650000000002
7231.0,0.94146,1.39935,1.4245,1.41489,1.39364,1.4080949999999999
7232.0,0.94621,1.40316,1.42848,1.41871,1.39756,1.4119774999999999
7233.0,1.14493,1.40551,1.43078,1.4209,1.39991,1.414275
7234.0,1.45358,1.40564,1.43073,1.42079,1.40011,1.4143175
7235.0,1.69156,1.40389,1.42853,1.41861,1.39852,1.4123875
7236.0,1.62583,1.40108,1.42513,1.41528,1.39573,1.4093050000000003
7237.0,1.38145,1.39797,1.42171,1.41192,1.3925,1.406025
7238.0,1.07441,1.39541,1.41925,1.40948,1.38992,1.403515
7239.0,0.98555,1.39408,1.41817,1.40837,1.38863,1.4023124999999999
7240.0,1.01933,1.39374,1.41812,1.40825,1.38822,1.4020825000000001
7241.0,0.99387,1.39347,1.41813,1.4082,1.38782,1.4019049999999997
7242.0,0.8617,1.3927,1.41735,1.40742,1.38707,1.401135
7243.0,0.61233,1.39172,1.41596,1.40607,1.38624,1.3999975
7244.0,0.28509,1.39115,1.41498,1.40517,1.38567,1.3992425
7245.0,0.21404,1.39131,1.41528,1.40553,1.38563,1.3994375
7246.0,0.84007,1.39225,1.41687,1.40713,1.38643,1.40067
7247.0,1.6492,1.39373,1.41886,1.40909,1.38795,1.4024075
7248.0,2.2673,1.39495,1.42007,1.41024,1.38925,1.4036274999999998
7249.0,1.98434,1.39508,1.41983,1.40997,1.38946,1.403585
7250.0,1.32004,1.39412,1.41838,1.40854,1.38852,1.40239
7251.0,1.13194,1.39286,1.41678,1.40702,1.38717,1.4009575
7252.0,1.10173,1.39241,1.41631,1.40663,1.38659,1.400485
7253.0,1.09981,1.39377,1.41796,1.40832,1.3879,1.4019875
7254.0,1.17496,1.39715,1.42185,1.41213,1.39125,1.4055950000000001
7255.0,1.2511,1.40144,1.4268,1.41696,1.39547,1.4101675
7256.0,1.20916,1.40493,1.43088,1.42089,1.399,1.413925
7257.0,1.12907,1.40637,1.43234,1.42225,1.4006,1.41539
7258.0,1.07071,1.40512,1.43043,1.42035,1.39944,1.4138350000000002
7259.0,1.15026,1.40158,1.42592,1.41593,1.39597,1.40985
7260.0,1.23954,1.39766,1.42114,1.41129,1.39216,1.4055624999999998
7261.0,1.12624,1.39565,1.41883,1.40908,1.38996,1.40338
7262.0,1.12429,1.39661,1.42031,1.41058,1.39053,1.4045074999999998
7263.0,1.33292,1.4009,1.42568,1.41586,1.39467,1.4092775
7264.0,1.49962,1.40812,1.4338,1.42378,1.40197,1.4169174999999998
7265.0,1.52973,1.41642,1.4427,1.43242,1.41023,1.4254425
7266.0,1.33223,1.42344,1.45024,1.43973,1.41723,1.43266
7267.0,1.09378,1.42787,1.45479,1.44414,1.4218,1.4371500000000001
7268.0,0.94651,1.42944,1.45588,1.44519,1.42357,1.43852
7269.0,1.10517,1.42858,1.45424,1.44361,1.42283,1.4373150000000001
7270.0,1.43552,1.42635,1.45136,1.44082,1.42063,1.43479
7271.0,1.64141,1.42402,1.44872,1.43829,1.41826,1.4323225000000002
7272.0,1.63748,1.42259,1.4474,1.43701,1.41675,1.4309375000000002
7273.0,1.41382,1.42245,1.44765,1.43725,1.41657,1.43098
7274.0,1.16769,1.42324,1.4489,1.43844,1.41732,1.431975
7275.0,1.02816,1.42386,1.44985,1.43936,1.41792,1.4327475
7276.0,1.17411,1.42314,1.44919,1.43872,1.4173,1.4320875
7277.0,1.38775,1.42047,1.44621,1.43584,1.41482,1.4293349999999998
7278.0,1.51897,1.41563,1.44082,1.43063,1.41003,1.4242774999999999
7279.0,1.42462,1.4087,1.43332,1.42337,1.40308,1.4171175
7280.0,1.47122,1.40067,1.42464,1.41497,1.39511,1.4088475
7281.0,2.46058,1.39307,1.41636,1.40692,1.38755,1.400975
7282.0,2.89229,1.38704,1.41003,1.40073,1.38138,1.394795
7283.0,2.00854,1.38319,1.40658,1.39731,1.37737,1.3911125
7284.0,1.45198,1.38169,1.40585,1.3965,1.37574,1.389945
7285.0,1.3932,1.38161,1.40651,1.39701,1.37555,1.39017
7286.0,1.43913,1.38142,1.40675,1.39708,1.37542,1.3901675
7287.0,1.46552,1.3802,1.40536,1.39559,1.37442,1.3888925
7288.0,1.4145,1.37773,1.40227,1.3925,1.37196,1.3861149999999998
7289.0,1.45815,1.37429,1.39823,1.38855,1.36837,1.3823600000000003
7290.0,1.52016,1.37159,1.39512,1.38556,1.3656,1.3794674999999998
7291.0,1.30007,1.37209,1.39541,1.38591,1.36603,1.37986
7292.0,1.23743,1.37714,1.40089,1.39128,1.37077,1.3850200000000001
7293.0,1.62873,1.3867,1.41177,1.40186,1.37998,1.3950775
7294.0,1.72203,1.40001,1.42667,1.41631,1.39315,1.409035
7295.0,1.46212,1.41582,1.44341,1.43248,1.40881,1.42513
7296.0,1.27326,1.43211,1.4602,1.44868,1.42502,1.4415025
7297.0,1.22621,1.44819,1.4765,1.46437,1.44105,1.4575274999999999
7298.0,1.34138,1.4646,1.49297,1.48022,1.45766,1.4738624999999999
7299.0,1.36067,1.48217,1.51117,1.49774,1.4746,1.49142
7300.0,1.24015,1.4993,1.52943,1.51537,1.49151,1.5089025
7301.0,1.09687,1.51635,1.54746,1.53275,1.50858,1.5262850000000001
7302.0,1.03963,1.53269,1.56384,1.54854,1.52529,1.5425900000000001
7303.0,1.16969,1.54607,1.57716,1.56134,1.53827,1.55571
7304.0,1.34797,1.55521,1.58667,1.57043,1.54756,1.5649675
7305.0,1.47627,1.56114,1.59215,1.57563,1.55368,1.57065
7306.0,1.36096,1.56469,1.59492,1.57821,1.55738,1.5737999999999999
7307.0,1.10483,1.56667,1.59653,1.57968,1.55927,1.5755374999999998
7308.0,0.87818,1.5682,1.59796,1.58103,1.56076,1.5769875
7309.0,0.90281,1.5701,1.59992,1.58295,1.56267,1.57891
7310.0,1.16885,1.57276,1.60275,1.58574,1.5653,1.5816375
7311.0,1.20164,1.57581,1.60609,1.58906,1.56828,1.5848099999999998
7312.0,1.13676,1.57872,1.60931,1.59227,1.57118,1.5878700000000001
7313.0,1.2725,1.5811,1.6117,1.59468,1.57363,1.5902775
7314.0,1.36645,1.58263,1.61298,1.59604,1.57519,1.5917100000000002
7315.0,1.35266,1.5834,1.61343,1.59658,1.57599,1.59235
7316.0,1.54092,1.58395,1.61377,1.597,1.57656,1.59282
7317.0,1.90138,1.58493,1.61477,1.59804,1.57745,1.5937975
7318.0,2.28205,1.58638,1.61658,1.59982,1.57888,1.595415
7319.0,2.39405,1.58822,1.61889,1.60205,1.58069,1.5974625
7320.0,2.12514,1.58961,1.62058,1.60365,1.58218,1.599005
7321.0,1.87015,1.58975,1.62071,1.6037,1.58229,1.5991125
7322.0,1.66672,1.58807,1.61869,1.60167,1.58078,1.5973024999999998
7323.0,1.42595,1.58521,1.61523,1.59822,1.57797,1.5941575000000001
7324.0,1.23204,1.58215,1.61173,1.59472,1.57492,1.5908799999999998
7325.0,1.16258,1.58001,1.60957,1.59253,1.57263,1.588685
7326.0,1.3519,1.57982,1.60973,1.59261,1.57235,1.5886275
7327.0,1.74208,1.5819,1.61226,1.59501,1.57435,1.59088
7328.0,2.0832,1.58597,1.61683,1.5994,1.57834,1.595135
7329.0,2.1698,1.59129,1.62258,1.605,1.5836,1.6006175
7330.0,1.87002,1.59729,1.62886,1.61114,1.5895,1.6066975000000001
7331.0,1.68491,1.60366,1.63538,1.61755,1.59586,1.6131125000000002
7332.0,1.64318,1.61054,1.64237,1.62441,1.60269,1.6200025
7333.0,1.32627,1.618,1.65009,1.63195,1.61011,1.6275374999999999
7334.0,1.02823,1.62602,1.65856,1.6402,1.61805,1.6357075
7335.0,1.11252,1.63423,1.66731,1.64867,1.62627,1.64412
7336.0,1.27734,1.642,1.67551,1.65658,1.63408,1.6520425
7337.0,1.38756,1.64843,1.68227,1.66307,1.6406,1.6585925000000001
7338.0,1.35063,1.65255,1.68652,1.66712,1.64485,1.66276
7339.0,1.24229,1.65372,1.68755,1.66804,1.64616,1.6638675
7340.0,1.18985,1.65165,1.68493,1.66547,1.6442,1.6615625
7341.0,1.18248,1.64657,1.67898,1.6597,1.63929,1.656135
7342.0,1.20403,1.63994,1.67134,1.65231,1.63275,1.649085
7343.0,1.19574,1.63323,1.66389,1.6451,1.62607,1.6420724999999998
7344.0,1.15962,1.62793,1.65855,1.63991,1.62051,1.6367249999999998
7345.0,1.11732,1.62469,1.65583,1.63724,1.61717,1.6337325
7346.0,1.10659,1.62353,1.65526,1.63664,1.61591,1.632835
7347.0,1.14403,1.62345,1.65565,1.63695,1.61586,1.6329775
7348.0,1.18364,1.62292,1.65533,1.6366,1.61537,1.632555
7349.0,1.18658,1.62088,1.65327,1.63456,1.61342,1.6305325000000002
7350.0,1.08138,1.61668,1.64873,1.63016,1.6093,1.6262175
7351.0,0.89288,1.61033,1.64184,1.62351,1.603,1.61967
7352.0,0.67859,1.60255,1.63331,1.61532,1.59529,1.6116175
7353.0,0.82266,1.59436,1.62429,1.60666,1.58716,1.6031175
7354.0,1.21725,1.58718,1.61658,1.59926,1.5799,1.59573
7355.0,1.18493,1.58205,1.61142,1.59431,1.57474,1.59063
7356.0,0.9978,1.57991,1.60974,1.5927,1.57231,1.588665
7357.0,1.00399,1.58028,1.6109,1.59381,1.57258,1.5893925000000002
7358.0,1.1885,1.58255,1.61381,1.59659,1.57476,1.5919274999999997
7359.0,1.45665,1.58583,1.61736,1.59997,1.57815,1.5953275
7360.0,1.43123,1.58923,1.62075,1.60322,1.58149,1.5986725000000002
7361.0,1.23603,1.59269,1.62423,1.60655,1.58489,1.60209
7362.0,1.11702,1.59663,1.6282,1.61038,1.58875,1.60599
7363.0,1.1293,1.60193,1.63368,1.61565,1.59391,1.6112925
7364.0,1.27197,1.60904,1.64122,1.6229,1.60096,1.61853
7365.0,1.39155,1.61802,1.65085,1.63215,1.60982,1.62771
7366.0,1.42692,1.62826,1.66191,1.64276,1.62,1.6382325
7367.0,1.30745,1.63892,1.67328,1.65368,1.63065,1.6491325000000001
7368.0,1.13965,1.64919,1.68404,1.66402,1.64096,1.6595525
7369.0,1.00917,1.65824,1.69335,1.67298,1.65007,1.66866
7370.0,1.04468,1.66563,1.70082,1.68019,1.65752,1.67604
7371.0,1.17521,1.67128,1.70638,1.68554,1.66326,1.681615
7372.0,1.13156,1.6754,1.71028,1.68932,1.66743,1.6856074999999997
7373.0,1.05611,1.67836,1.71306,1.69201,1.67042,1.6884625
7374.0,1.09241,1.68055,1.71517,1.69406,1.67263,1.6906024999999998
7375.0,1.25171,1.68229,1.71695,1.69579,1.67437,1.6923499999999998
7376.0,1.46801,1.68346,1.71826,1.69708,1.67557,1.6935924999999998
7377.0,1.48318,1.68369,1.7186,1.69741,1.67581,1.6938775000000001
7378.0,1.3231,1.68225,1.71711,1.69598,1.67449,1.6924575000000002
7379.0,1.06323,1.67877,1.7133,1.69229,1.67114,1.6888750000000001
7380.0,0.96167,1.67304,1.70702,1.68619,1.66555,1.68295
7381.0,1.11134,1.66518,1.69856,1.67797,1.65771,1.674855
7382.0,1.41036,1.65579,1.68857,1.66825,1.6484,1.6652525000000002
7383.0,1.60936,1.64584,1.678,1.65794,1.63847,1.6550624999999999
7384.0,1.28277,1.63629,1.66798,1.64816,1.62889,1.64533
7385.0,0.87687,1.62799,1.65945,1.63982,1.6205,1.63694
7386.0,0.67333,1.62171,1.65316,1.63368,1.6141,1.6306625000000001
7387.0,0.69748,1.618,1.64965,1.63024,1.6103,1.6270475000000002
7388.0,0.90195,1.6173,1.6493,1.6299,1.60944,1.626485
7389.0,1.14922,1.61933,1.65192,1.63245,1.61131,1.6287525
7390.0,1.31395,1.62358,1.65688,1.63728,1.61544,1.633295
7391.0,1.28554,1.62943,1.66335,1.64357,1.62131,1.639415
7392.0,0.98749,1.63611,1.67048,1.65049,1.62797,1.6462624999999997
7393.0,0.6057,1.64249,1.67732,1.65714,1.63434,1.6528225
7394.0,0.92346,1.64775,1.6829,1.66258,1.63966,1.6582225000000002
7395.0,1.49123,1.65139,1.68649,1.66609,1.64343,1.6618500000000003
7396.0,1.61637,1.6532,1.68794,1.66752,1.64527,1.6634825
7397.0,1.44634,1.65318,1.68748,1.66711,1.64539,1.6632900000000002
7398.0,1.09816,1.65256,1.68635,1.66599,1.64479,1.6624225
7399.0,0.84522,1.65231,1.68588,1.6655,1.64453,1.662055
7400.0,0.75655,1.65326,1.68711,1.66662,1.6453,1.6630725
7401.0,0.88302,1.65574,1.6902,1.66951,1.64771,1.6657899999999999
7402.0,1.0739,1.6592,1.69426,1.67332,1.65117,1.6694875000000002
7403.0,1.20553,1.66278,1.69829,1.67709,1.6548,1.6732399999999998
7404.0,1.0682,1.66513,1.70087,1.67946,1.65724,1.675675
7405.0,0.81112,1.6654,1.70109,1.67956,1.65758,1.6759074999999999
7406.0,1.00651,1.66348,1.69873,1.67717,1.65575,1.6737825000000002
7407.0,1.34169,1.65963,1.69428,1.6728,1.65199,1.6696749999999998
7408.0,1.46508,1.65472,1.68887,1.66752,1.64711,1.664555
7409.0,1.39122,1.64955,1.68337,1.66219,1.6419,1.6592525
7410.0,1.20842,1.64436,1.67811,1.65711,1.63662,1.65405
7411.0,1.27654,1.63948,1.67315,1.65235,1.63175,1.6491825
7412.0,1.38547,1.63512,1.66852,1.64793,1.62743,1.6447499999999997
7413.0,1.15146,1.63138,1.66458,1.6442,1.6236,1.64094
7414.0,1.02947,1.62838,1.66157,1.6414,1.62054,1.6379725
7415.0,1.21413,1.6265,1.65971,1.63972,1.61855,1.63612
7416.0,1.36024,1.62576,1.65914,1.63926,1.61777,1.6354825000000002
7417.0,1.40757,1.626,1.65961,1.63976,1.61796,1.6358325
7418.0,1.36928,1.62681,1.66064,1.64076,1.61872,1.6367325
7419.0,1.23844,1.62768,1.66162,1.64168,1.61963,1.6376525
7420.0,1.01325,1.62908,1.66286,1.64283,1.62105,1.6389550000000002
7421.0,0.74837,1.63145,1.66512,1.64497,1.62339,1.6412325
7422.0,0.57684,1.6355,1.66945,1.64914,1.62723,1.64533
7423.0,0.92447,1.64167,1.67629,1.65577,1.63334,1.6517675
7424.0,1.30892,1.64988,1.68528,1.66448,1.64139,1.6602575000000002
7425.0,1.05812,1.65884,1.69511,1.67404,1.65035,1.669585
7426.0,0.84163,1.66708,1.70389,1.68261,1.65865,1.6780575
7427.0,0.92293,1.67337,1.71022,1.68883,1.6651,1.68438
7428.0,1.02785,1.67698,1.71336,1.69201,1.66878,1.6877825
7429.0,1.08485,1.6781,1.71386,1.69265,1.66996,1.6886424999999998
7430.0,1.03866,1.67783,1.71296,1.69191,1.66976,1.688115
7431.0,1.02861,1.67751,1.71228,1.69134,1.66933,1.687615
7432.0,1.14145,1.6774,1.71238,1.69147,1.66914,1.6875974999999999
7433.0,1.21075,1.67772,1.7131,1.69212,1.66946,1.6881000000000002
7434.0,1.19989,1.67806,1.71365,1.69258,1.66994,1.6885575
7435.0,1.13481,1.67742,1.71311,1.69196,1.66931,1.68795
7436.0,1.02092,1.67508,1.71072,1.68958,1.6671,1.6856200000000001
7437.0,0.86888,1.67118,1.70633,1.68528,1.66328,1.6815175
7438.0,0.83882,1.66605,1.70063,1.67973,1.65821,1.676155
7439.0,0.97262,1.66047,1.69461,1.67388,1.6526,1.6703899999999998
7440.0,1.12733,1.65524,1.68918,1.66859,1.64736,1.6650924999999999
7441.0,1.18736,1.65095,1.68487,1.66436,1.64298,1.66079
7442.0,0.96928,1.64785,1.68191,1.6614,1.63983,1.6577475000000002
7443.0,0.80867,1.64602,1.68024,1.65969,1.63798,1.6559825
7444.0,0.90148,1.64564,1.68001,1.6594,1.63755,1.65565
7445.0,0.86413,1.64667,1.6813,1.66061,1.63851,1.6567725
7446.0,0.71465,1.64932,1.68429,1.66351,1.64106,1.659545
7447.0,0.82566,1.65356,1.68893,1.66805,1.64523,1.6639424999999999
7448.0,1.02206,1.65916,1.695,1.674,1.65076,1.66973
7449.0,1.06389,1.66573,1.70203,1.68088,1.6573,1.676485
7450.0,0.95906,1.6725,1.70927,1.68795,1.66405,1.6834425
7451.0,0.75963,1.67862,1.71578,1.69431,1.67019,1.689725
7452.0,0.7287,1.68339,1.72066,1.69907,1.67498,1.6945249999999998
7453.0,0.79337,1.686,1.72319,1.70156,1.67773,1.69712
7454.0,0.73246,1.68644,1.72321,1.70161,1.67825,1.6973775
7455.0,0.83464,1.68457,1.72091,1.6994,1.67649,1.6953425
7456.0,1.24791,1.6805,1.71647,1.6951,1.67245,1.6911299999999998
7457.0,1.3692,1.67487,1.71029,1.68908,1.66684,1.68527
7458.0,1.14844,1.66791,1.70275,1.68172,1.65997,1.6780875000000002
7459.0,0.94568,1.661,1.69515,1.67429,1.65305,1.6708725000000002
7460.0,0.87683,1.65533,1.68902,1.66827,1.64736,1.664995
7461.0,1.04242,1.652,1.68581,1.66509,1.64377,1.6616675
7462.0,1.23439,1.65204,1.68643,1.66563,1.64367,1.6619425
7463.0,1.33263,1.65547,1.69067,1.66968,1.64691,1.6656825
7464.0,1.17669,1.66125,1.6975,1.67626,1.65261,1.671905
7465.0,0.92073,1.66791,1.70499,1.6835,1.65931,1.6789275
7466.0,0.94908,1.67377,1.71127,1.68959,1.66523,1.684965
7467.0,1.05514,1.67748,1.71496,1.69321,1.66905,1.688675
7468.0,1.07133,1.67872,1.7157,1.69401,1.67039,1.6897050000000002
7469.0,0.99854,1.6777,1.71406,1.6925,1.66945,1.6884275
7470.0,0.87687,1.67525,1.71102,1.68965,1.66698,1.685725
7471.0,0.85268,1.67234,1.70767,1.68649,1.66404,1.6826349999999999
7472.0,0.9617,1.66979,1.70489,1.68387,1.66145,1.6800000000000002
7473.0,1.22368,1.66848,1.70354,1.68261,1.6601,1.6786824999999999
7474.0,1.23916,1.66867,1.70399,1.68304,1.66019,1.6789725
7475.0,0.916,1.67017,1.70601,1.68497,1.66157,1.68068
7476.0,0.98572,1.67255,1.70889,1.6877,1.66396,1.683275
7477.0,1.3284,1.67516,1.71179,1.69044,1.66658,1.6859924999999998
7478.0,1.31298,1.67722,1.71398,1.69252,1.66868,1.6881
7479.0,1.15134,1.67834,1.71501,1.6935,1.66984,1.6891725
7480.0,1.06319,1.67865,1.71506,1.69357,1.6702,1.6893699999999998
7481.0,1.09397,1.67857,1.71474,1.69332,1.67013,1.68919
7482.0,1.20481,1.67863,1.71478,1.6934,1.67015,1.6892399999999999
7483.0,1.15755,1.6789,1.71525,1.69391,1.67038,1.6896099999999998
7484.0,1.06911,1.67917,1.71579,1.69447,1.67068,1.6900275
7485.0,1.17986,1.67889,1.71565,1.69434,1.67051,1.6898475
7486.0,1.29088,1.67733,1.71403,1.69275,1.66899,1.688275
7487.0,1.28376,1.67377,1.71027,1.68909,1.66557,1.684675
7488.0,1.19353,1.66845,1.70438,1.68333,1.66035,1.6791275
7489.0,1.08094,1.66175,1.69703,1.67613,1.6537,1.6721525
7490.0,1.10447,1.65427,1.6891,1.66836,1.64619,1.66448
7491.0,1.20766,1.64734,1.68167,1.66107,1.63921,1.6573225000000003
7492.0,1.30565,1.64193,1.67595,1.65544,1.6337,1.6517549999999999
7493.0,1.21854,1.63913,1.67323,1.65273,1.63077,1.648965
7494.0,0.92952,1.64001,1.67449,1.65389,1.63144,1.6499574999999997
7495.0,0.77575,1.64431,1.67971,1.65893,1.63548,1.6546075
7496.0,0.76553,1.65165,1.68811,1.66705,1.64268,1.6623725
7497.0,0.80265,1.66123,1.69852,1.67712,1.65228,1.6722875000000001
7498.0,0.88486,1.67132,1.70943,1.68767,1.66229,1.6826775
7499.0,1.01834,1.68041,1.71916,1.69711,1.67143,1.6920274999999998
7500.0,1.27172,1.68753,1.72637,1.70411,1.67868,1.6991725
7501.0,1.59095,1.69191,1.73051,1.70814,1.68316,1.70343
7502.0,1.6776,1.69327,1.73152,1.70912,1.68467,1.704645
7503.0,1.40979,1.69213,1.72979,1.70743,1.68363,1.7032450000000001
7504.0,0.66507,1.6889,1.72601,1.70373,1.68048,1.69978
7505.0,0.44353,1.68434,1.72106,1.69887,1.67599,1.695065
7506.0,1.13731,1.67956,1.71585,1.69375,1.67121,1.6900925
7507.0,1.30254,1.67495,1.71108,1.68904,1.66653,1.6854
7508.0,0.90981,1.67131,1.70737,1.68537,1.66286,1.6817275
7509.0,0.80535,1.66968,1.70561,1.68359,1.66119,1.6800175
7510.0,1.00549,1.67015,1.70645,1.68436,1.66148,1.68061
7511.0,1.45185,1.67315,1.71005,1.68782,1.6643,1.68383
7512.0,1.77763,1.67856,1.71608,1.69367,1.66963,1.689485
7513.0,1.79885,1.68563,1.72389,1.70125,1.67659,1.69684
7514.0,1.35057,1.69354,1.73247,1.70958,1.68451,1.705025
7515.0,0.72995,1.701,1.74047,1.71735,1.69197,1.7126975
7516.0,0.65081,1.7069,1.74666,1.72336,1.69795,1.7187175000000003
7517.0,0.91019,1.71054,1.75018,1.72678,1.70175,1.7223125000000001
7518.0,1.29251,1.71148,1.75074,1.72733,1.70279,1.723085
7519.0,1.41765,1.70977,1.74849,1.72517,1.70119,1.721155
7520.0,1.24829,1.70615,1.74418,1.72101,1.69766,1.71725
7521.0,1.15305,1.70156,1.73897,1.71599,1.69309,1.7124024999999998
7522.0,1.193,1.69693,1.73401,1.71122,1.68841,1.7076425000000002
7523.0,1.39728,1.6932,1.73018,1.70755,1.68462,1.7038874999999998
7524.0,1.52757,1.69076,1.72782,1.7053,1.68209,1.7014925
7525.0,1.45077,1.6895,1.72685,1.70438,1.68078,1.7003775
7526.0,1.33519,1.68933,1.72691,1.70443,1.6806,1.7003175000000001
7527.0,1.23392,1.68992,1.72767,1.70511,1.68114,1.70096
7528.0,1.18355,1.69101,1.72891,1.70625,1.68218,1.7020875
7529.0,1.18459,1.69297,1.7309,1.70809,1.68411,1.7040175
7530.0,1.2312,1.696,1.73412,1.71113,1.68707,1.7070800000000002
7531.0,1.22754,1.70007,1.73867,1.71547,1.69101,1.7113049999999999
7532.0,1.1334,1.70511,1.7442,1.7208,1.69603,1.716535
7533.0,1.0023,1.71056,1.75005,1.72645,1.70146,1.72213
7534.0,0.89457,1.71563,1.75544,1.73169,1.70657,1.7273325
7535.0,0.94334,1.71971,1.7596,1.73576,1.71069,1.73144
7536.0,1.08328,1.7224,1.76217,1.73828,1.71344,1.7340725
7537.0,1.23401,1.72374,1.76321,1.73934,1.71483,1.7352800000000002
7538.0,1.29999,1.72411,1.76325,1.73942,1.71521,1.7354975
7539.0,1.25716,1.72393,1.76288,1.73908,1.71503,1.73523
7540.0,1.18704,1.72352,1.76245,1.73867,1.71459,1.7348075
7541.0,1.11926,1.72296,1.76197,1.73818,1.71403,1.734285
7542.0,1.09116,1.72219,1.76121,1.73741,1.71325,1.7335150000000001
7543.0,1.07919,1.72096,1.75993,1.73613,1.71204,1.732265
7544.0,1.06064,1.71926,1.75809,1.73431,1.71036,1.730505
7545.0,1.00769,1.71729,1.75592,1.73219,1.7084,1.72845
7546.0,0.9423,1.71511,1.75372,1.73006,1.7062,1.7262724999999999
7547.0,1.00693,1.71314,1.7517,1.72811,1.70422,1.7242925
7548.0,1.12727,1.71135,1.74988,1.72636,1.7024,1.7224975
7549.0,1.1334,1.7096,1.74817,1.72472,1.70065,1.7207849999999998
7550.0,0.87499,1.7081,1.74657,1.72318,1.69917,1.719255
7551.0,0.34651,1.70642,1.74496,1.72161,1.69743,1.717605
7552.0,0.65119,1.70443,1.74302,1.7197,1.69541,1.7156399999999998
7553.0,1.85788,1.70239,1.74077,1.71746,1.69343,1.7135125
7554.0,3.03131,1.70015,1.73841,1.71509,1.69116,1.7112025
7555.0,3.26329,1.69801,1.7362,1.71286,1.68899,1.709015
7556.0,1.31888,1.69635,1.73449,1.71112,1.68731,1.7073175
7557.0,-0.06621,1.69537,1.73361,1.71019,1.68625,1.706355
7558.0,0.51716,1.69523,1.73366,1.7102,1.68607,1.7062899999999999
7559.0,0.92713,1.6958,1.73447,1.71097,1.68659,1.7069575
7560.0,0.87704,1.69681,1.73568,1.71216,1.68757,1.7080549999999999
7561.0,1.14842,1.69784,1.73686,1.71332,1.6886,1.7091550000000002
7562.0,1.38684,1.69852,1.73761,1.71408,1.68929,1.709875
7563.0,1.03359,1.69851,1.73761,1.71409,1.68931,1.7098799999999998
7564.0,0.46478,1.69758,1.73662,1.71312,1.68843,1.7089375000000002
7565.0,-0.00334,1.69568,1.73452,1.71106,1.68659,1.7069625
7566.0,0.55248,1.69274,1.73132,1.70793,1.68369,1.70392
7567.0,1.69484,1.68928,1.72746,1.70416,1.68028,1.700295
7568.0,1.5458,1.68594,1.72379,1.70056,1.67694,1.6968075
7569.0,0.9351,1.68331,1.72109,1.69792,1.67419,1.6941275
7570.0,0.99523,1.68213,1.71997,1.69684,1.67295,1.6929725
7571.0,1.18015,1.68273,1.72081,1.69768,1.67344,1.693665
7572.0,1.23215,1.68483,1.72339,1.70023,1.67543,1.69597
7573.0,1.15493,1.68787,1.72692,1.70371,1.67842,1.69923
7574.0,1.00169,1.69124,1.73054,1.70729,1.68178,1.7027125
7575.0,0.91367,1.69425,1.73363,1.71035,1.6848,1.7057575
7576.0,0.93742,1.69658,1.73596,1.71264,1.68716,1.708085
7577.0,1.10745,1.69825,1.73755,1.71419,1.68885,1.7097099999999998
7578.0,1.23035,1.69915,1.73847,1.71505,1.68975,1.710605
7579.0,1.22803,1.69943,1.73874,1.71527,1.69008,1.71088
7580.0,1.13631,1.69895,1.73828,1.71474,1.68966,1.7104075
7581.0,1.01787,1.69722,1.73665,1.71307,1.68797,1.7087275
7582.0,1.0139,1.69393,1.73325,1.70967,1.68479,1.70541
7583.0,1.06957,1.68879,1.72775,1.70425,1.67976,1.7001374999999999
7584.0,1.12355,1.68168,1.72016,1.69683,1.67276,1.6928575000000001
7585.0,1.19177,1.67294,1.7108,1.68775,1.66413,1.6839050000000002
7586.0,1.29471,1.66307,1.7003,1.67763,1.65433,1.6738324999999998
7587.0,1.51477,1.6529,1.68952,1.66729,1.64422,1.6634825
7588.0,1.7683,1.64314,1.67929,1.65754,1.63446,1.6536075
7589.0,1.82464,1.63453,1.67035,1.64908,1.62581,1.6449425
7590.0,1.77649,1.62778,1.6634,1.64254,1.61903,1.6381875
7591.0,1.70825,1.62312,1.65886,1.6383,1.61425,1.6336325
7592.0,1.34526,1.62061,1.65667,1.63632,1.61166,1.6313150000000003
7593.0,0.7021,1.61997,1.65641,1.63614,1.61095,1.6308675
7594.0,0.46696,1.62055,1.6574,1.63713,1.61147,1.6316374999999999
7595.0,0.67641,1.62191,1.65899,1.63865,1.61282,1.6330925
7596.0,1.16598,1.62339,1.66065,1.6402,1.61425,1.6346225
7597.0,1.4066,1.62472,1.66213,1.64158,1.61561,1.6360100000000002
7598.0,0.95422,1.62585,1.66334,1.6427,1.61678,1.6371675
7599.0,0.62522,1.62612,1.66384,1.64315,1.61702,1.6375325
7600.0,0.65987,1.62549,1.6631,1.6424,1.61647,1.6368650000000002
7601.0,0.65252,1.62389,1.66114,1.64044,1.61495,1.635105
7602.0,0.96577,1.62123,1.65827,1.63759,1.6123,1.6323475
7603.0,2.57276,1.61804,1.65484,1.6342,1.60912,1.6290499999999999
7604.0,4.01078,1.61467,1.65132,1.63074,1.60573,1.625615
7605.0,3.90199,1.61171,1.64818,1.62766,1.60277,1.6225800000000001
7606.0,2.55856,1.60929,1.64571,1.62528,1.60029,1.6201425
7607.0,0.50771,1.60755,1.644,1.62366,1.59849,1.618425
7608.0,0.03604,1.60696,1.64335,1.62309,1.59788,1.61782
7609.0,0.78133,1.60762,1.64412,1.62389,1.59841,1.6185100000000001
7610.0,1.07428,1.60969,1.64649,1.6262,1.60037,1.6206875
7611.0,1.06583,1.6132,1.65051,1.63006,1.60388,1.6244125
7612.0,0.97173,1.61737,1.65532,1.63466,1.60799,1.628835
7613.0,0.95354,1.62079,1.65938,1.6385,1.61137,1.6325100000000001
7614.0,1.04494,1.62304,1.6615,1.64041,1.6138,1.6346875
7615.0,1.07038,1.62344,1.66151,1.64023,1.61425,1.6348575
7616.0,1.07561,1.62199,1.65981,1.63839,1.61279,1.633245
7617.0,1.23916,1.6203,1.65754,1.63599,1.61119,1.6312550000000001
7618.0,1.65298,1.61889,1.6561,1.63441,1.60963,1.6297575
7619.0,2.3362,1.61865,1.65615,1.63431,1.60934,1.6296125
7620.0,1.82578,1.62006,1.65781,1.63585,1.61069,1.6311025
7621.0,-0.02787,1.62238,1.66066,1.63862,1.6129,1.6336399999999998
7622.0,-0.39886,1.62549,1.66405,1.642,1.61604,1.636895
7623.0,0.52075,1.62853,1.6674,1.64539,1.61907,1.6400975
7624.0,0.9988,1.63068,1.66977,1.64786,1.62127,1.6423949999999998
7625.0,1.11667,1.63137,1.67038,1.64862,1.62207,1.64311
7626.0,1.06133,1.62997,1.6687,1.64713,1.62085,1.6416625
7627.0,1.01287,1.6263,1.66446,1.64313,1.6173,1.6377975
7628.0,1.021,1.62059,1.65804,1.63697,1.61167,1.6318175
7629.0,0.88171,1.61414,1.65081,1.62998,1.60539,1.6250799999999999
7630.0,0.71943,1.60785,1.64419,1.62355,1.59904,1.6186574999999999
7631.0,0.98451,1.6024,1.63877,1.6183,1.59348,1.6132374999999999
7632.0,1.93531,1.59885,1.63516,1.61478,1.58998,1.6096925
7633.0,3.79023,1.59681,1.63348,1.61314,1.58786,1.6078225
7634.0,4.67804,1.59543,1.6327,1.61242,1.58636,1.6067275
7635.0,3.83529,1.59467,1.63195,1.61173,1.58569,1.60601
7636.0,2.3831,1.59398,1.63106,1.6109,1.58498,1.60523
7637.0,0.85971,1.59276,1.62989,1.60981,1.58367,1.6040324999999998
7638.0,0.19786,1.59167,1.62868,1.60868,1.58272,1.6029375
7639.0,0.29952,1.5908,1.62768,1.60776,1.58176,1.602
7640.0,0.92929,1.58986,1.62678,1.60694,1.58064,1.601055
7641.0,1.24776,1.5899,1.62653,1.6067,1.58082,1.6009875
7642.0,0.9075,1.59063,1.62747,1.60764,1.58145,1.6017975
7643.0,0.88955,1.59133,1.62884,1.60902,1.58199,1.602795
7644.0,1.24987,1.59259,1.62992,1.61012,1.58335,1.603995
7645.0,1.37199,1.59363,1.63086,1.61104,1.58433,1.604965
7646.0,1.28484,1.59385,1.63134,1.61153,1.5846,1.60533
7647.0,1.11474,1.59351,1.63088,1.6111,1.58432,1.6049525
7648.0,0.98213,1.5921,1.6294,1.60968,1.58291,1.6035225
7649.0,0.95698,1.58992,1.62706,1.6074,1.5809,1.6013199999999999
7650.0,0.99028,1.58681,1.62372,1.60412,1.57773,1.598095
7651.0,1.06765,1.58247,1.61924,1.59971,1.57344,1.593715
7652.0,1.18543,1.57771,1.61418,1.59472,1.569,1.5889024999999999
7653.0,1.49594,1.57159,1.60819,1.58888,1.56276,1.5828550000000001
7654.0,2.26692,1.56382,1.60029,1.58118,1.55503,1.5750799999999998
7655.0,2.59841,1.55557,1.59095,1.57207,1.54709,1.56642
7656.0,1.89092,1.54564,1.58088,1.56224,1.53709,1.5564625
7657.0,1.12522,1.5341,1.56942,1.55109,1.52571,1.54508
7658.0,0.66612,1.5218,1.55637,1.53839,1.51363,1.5325475
7659.0,0.73612,1.50725,1.54155,1.52393,1.4991,1.5179575
7660.0,1.02654,1.49052,1.52424,1.50707,1.4827,1.5011324999999998
7661.0,0.81784,1.47177,1.5043,1.48763,1.46413,1.4819575
7662.0,0.47894,1.45079,1.48233,1.46625,1.44329,1.4606649999999999
7663.0,0.36398,1.42971,1.45988,1.44442,1.42245,1.4391150000000001
7664.0,0.49506,1.41029,1.43919,1.42433,1.40276,1.4191425
7665.0,0.90125,1.39507,1.42324,1.40886,1.38732,1.4036225
7666.0,1.70608,1.38756,1.41544,1.40133,1.37955,1.39597
7667.0,2.60004,1.38833,1.41779,1.40375,1.37965,1.39738
7668.0,2.72841,1.39785,1.42937,1.4152,1.38881,1.4078075
7669.0,2.16798,1.41465,1.44819,1.43369,1.40521,1.4254350000000002
7670.0,1.08474,1.43469,1.47058,1.45563,1.42503,1.4464825000000001
7671.0,0.42669,1.45525,1.4924,1.47698,1.4456,1.4675574999999998
7672.0,0.5603,1.47344,1.51101,1.49514,1.46378,1.4858425
7673.0,0.777,1.48803,1.52542,1.50921,1.47857,1.5003075
7674.0,0.88754,1.49908,1.53611,1.51959,1.4897,1.51112
7675.0,0.76975,1.50698,1.5437,1.52694,1.4977,1.51883
7676.0,0.63181,1.51286,1.54918,1.53221,1.50369,1.524485
7677.0,0.78486,1.51701,1.55325,1.53608,1.50785,1.5285475000000002
7678.0,0.99032,1.51987,1.55608,1.53874,1.51077,1.5313649999999999
7679.0,1.09535,1.52188,1.55793,1.54048,1.51279,1.5332700000000001
7680.0,1.03171,1.52316,1.55913,1.54159,1.51408,1.53449
7681.0,0.85139,1.524,1.55988,1.54231,1.51491,1.535275
7682.0,0.84651,1.52453,1.56041,1.54281,1.51546,1.5358025
7683.0,1.06374,1.52491,1.56077,1.54317,1.51583,1.53617
7684.0,1.52922,1.52506,1.56092,1.54333,1.51593,1.53631
7685.0,1.80635,1.52516,1.56096,1.54338,1.51608,1.5363950000000002
7686.0,1.56642,1.52523,1.56105,1.54347,1.51613,1.53647
7687.0,1.1069,1.52488,1.56089,1.54332,1.51576,1.5362125
7688.0,0.60156,1.52423,1.56016,1.54259,1.51518,1.53554
7689.0,0.42561,1.52298,1.55881,1.54126,1.51392,1.5342425
7690.0,0.61377,1.52082,1.55664,1.53914,1.51182,1.532105
7691.0,1.11079,1.51792,1.55357,1.53616,1.50898,1.5291575
7692.0,1.62864,1.514,1.54957,1.53228,1.50512,1.5252425
7693.0,1.85243,1.50868,1.54418,1.52706,1.49992,1.5199599999999998
7694.0,1.59526,1.50143,1.53673,1.51986,1.49285,1.5127175
7695.0,0.87744,1.49166,1.52643,1.5099,1.4833,1.5028225
7696.0,0.54173,1.47902,1.51295,1.49684,1.47083,1.48991
7697.0,0.62979,1.4643,1.49684,1.48124,1.4563,1.47467
7698.0,0.6942,1.44916,1.48028,1.46519,1.44116,1.4589475
7699.0,0.75,1.43599,1.46616,1.4515,1.42786,1.4453775
7700.0,0.87218,1.42755,1.45739,1.44301,1.41913,1.43677
7701.0,1.12567,1.4255,1.45608,1.44175,1.41671,1.4350100000000001
7702.0,1.5345,1.43039,1.46245,1.44796,1.42127,1.4405175
7703.0,1.89479,1.4408,1.47485,1.46,1.43131,1.45174
7704.0,2.02778,1.4545,1.49025,1.47493,1.4449,1.466145
7705.0,1.39517,1.46884,1.50576,1.48992,1.45916,1.4809199999999998
7706.0,0.46081,1.48112,1.51876,1.50244,1.47151,1.4934575
7707.0,0.31826,1.49031,1.52783,1.51113,1.48087,1.502535
7708.0,0.56945,1.49576,1.53282,1.51584,1.48639,1.5077025
7709.0,0.82016,1.49784,1.53434,1.51717,1.48864,1.5094975000000002
7710.0,0.99506,1.49776,1.53355,1.51626,1.48864,1.5090525000000001
7711.0,1.06558,1.49627,1.53165,1.51429,1.48712,1.5073325
7712.0,1.04654,1.49469,1.52981,1.51238,1.48562,1.505625
7713.0,0.94608,1.494,1.52902,1.51153,1.48481,1.5048399999999997
7714.0,0.77992,1.49433,1.52964,1.51206,1.485,1.5052575000000001
7715.0,0.71618,1.49647,1.53195,1.51425,1.48714,1.5074524999999999
7716.0,0.97139,1.50013,1.53611,1.51827,1.49064,1.5112875000000001
7717.0,1.13707,1.50451,1.54127,1.52328,1.49497,1.5160074999999997
7718.0,1.00788,1.50953,1.54652,1.52839,1.50001,1.5211125
7719.0,0.93605,1.51385,1.55121,1.53296,1.50429,1.5255775
7720.0,0.98863,1.51672,1.55426,1.53593,1.50728,1.5285475
7721.0,1.04661,1.51807,1.55521,1.53686,1.50868,1.5297049999999999
7722.0,1.06539,1.5176,1.55439,1.53605,1.50826,1.529075
7723.0,0.98394,1.51619,1.55247,1.53417,1.50692,1.5274375
7724.0,0.89297,1.51442,1.55043,1.53219,1.50504,1.52552
7725.0,0.87774,1.51326,1.54905,1.53083,1.50386,1.5242499999999999
7726.0,1.05054,1.51339,1.54924,1.531,1.50387,1.524375
7727.0,1.38205,1.51475,1.55106,1.53276,1.50513,1.525925
7728.0,1.39031,1.51748,1.5541,1.53572,1.50777,1.5287675
7729.0,1.16486,1.52095,1.55795,1.53946,1.51116,1.53238
7730.0,1.21639,1.52478,1.56203,1.54343,1.51497,1.5363025
7731.0,1.3598,1.52849,1.56593,1.54724,1.51863,1.5400725
7732.0,1.30333,1.53194,1.5694,1.55065,1.52211,1.5435249999999998
7733.0,1.16868,1.53513,1.5726,1.55379,1.52527,1.5466975
7734.0,1.07008,1.53787,1.5755,1.55663,1.52803,1.5495075
7735.0,1.46812,1.54032,1.57801,1.55906,1.53051,1.551975
7736.0,2.16572,1.54207,1.57992,1.56088,1.53227,1.553785
7737.0,1.71662,1.54277,1.58074,1.56161,1.53306,1.5545449999999998
7738.0,0.68953,1.54208,1.58001,1.56081,1.53244,1.553835
7739.0,0.62389,1.53942,1.57721,1.558,1.52986,1.5511225
7740.0,0.87782,1.53465,1.57206,1.55291,1.52524,1.5462150000000001
7741.0,0.82101,1.5276,1.56449,1.54552,1.51829,1.5389749999999998
7742.0,0.86941,1.51822,1.55453,1.53585,1.50905,1.5294125
7743.0,1.19093,1.50712,1.54252,1.52424,1.49808,1.51799
7744.0,1.69845,1.4947,1.52927,1.51147,1.48569,1.5052824999999999
7745.0,2.16012,1.482,1.51569,1.4984,1.47307,1.49229
7746.0,1.88325,1.47033,1.50327,1.4865,1.46133,1.4803575000000002
7747.0,1.22087,1.46079,1.49338,1.47704,1.45168,1.4707225
7748.0,0.79777,1.45467,1.48722,1.47119,1.44541,1.4646225
7749.0,0.72938,1.45245,1.48554,1.46966,1.44301,1.462665
7750.0,1.05218,1.45414,1.48808,1.47221,1.44453,1.46474
7751.0,1.22811,1.45903,1.49396,1.47794,1.44927,1.47005
7752.0,1.1371,1.46607,1.50188,1.48562,1.45624,1.4774525
7753.0,1.07105,1.47388,1.51049,1.49394,1.46399,1.485575
7754.0,1.09454,1.4814,1.51847,1.50163,1.47153,1.4932575
7755.0,1.26179,1.48794,1.52515,1.50805,1.4781,1.49981
7756.0,1.38249,1.49308,1.5303,1.51298,1.48329,1.5049125
7757.0,1.24003,1.49688,1.53398,1.51648,1.48712,1.508615
7758.0,1.13169,1.49957,1.53651,1.51889,1.48984,1.5112025
7759.0,1.19156,1.50145,1.5383,1.52059,1.49175,1.5130225
7760.0,1.19913,1.50277,1.5396,1.52184,1.49309,1.514325
7761.0,1.15947,1.50371,1.54052,1.52273,1.49406,1.515255
7762.0,1.31991,1.50434,1.5411,1.52331,1.4947,1.5158625
7763.0,1.51069,1.50465,1.5414,1.52361,1.49504,1.516175
7764.0,1.34852,1.50482,1.54149,1.52368,1.49521,1.5163
7765.0,0.95483,1.50494,1.54157,1.52371,1.4953,1.51638
7766.0,0.47192,1.50523,1.54187,1.5239,1.49561,1.5166525000000002
7767.0,0.48054,1.5059,1.54266,1.52455,1.49625,1.51734
7768.0,1.08783,1.50693,1.54391,1.52561,1.49724,1.5184224999999998
7769.0,1.27998,1.50838,1.5455,1.52699,1.49866,1.5198825000000002
7770.0,1.02603,1.51004,1.54737,1.52865,1.5003,1.52159
7771.0,0.89403,1.51172,1.54927,1.53038,1.50197,1.5233349999999999
7772.0,0.90503,1.5132,1.55089,1.53187,1.50343,1.5248475
7773.0,1.0207,1.51428,1.552,1.53291,1.50453,1.52593
7774.0,1.11031,1.51463,1.55239,1.53329,1.50491,1.526305
7775.0,1.08092,1.51407,1.55173,1.53268,1.50439,1.5257175
7776.0,0.95986,1.51251,1.54991,1.53097,1.50286,1.5240624999999999
7777.0,0.79409,1.51005,1.54713,1.52833,1.50044,1.5214874999999999
7778.0,0.80421,1.50706,1.54377,1.52516,1.49744,1.5183575000000002
7779.0,1.01764,1.50383,1.5403,1.5219,1.4942,1.5150575
7780.0,1.41,1.5009,1.53723,1.51901,1.49131,1.5121124999999997
7781.0,1.69769,1.49838,1.53478,1.51672,1.48873,1.5096525
7782.0,1.50617,1.49613,1.53262,1.51469,1.4865,1.507485
7783.0,1.20654,1.49409,1.53053,1.5127,1.48449,1.5054524999999999
7784.0,1.02793,1.49182,1.52829,1.51054,1.48223,1.5032199999999998
7785.0,0.95758,1.48937,1.52566,1.508,1.47981,1.5007100000000002
7786.0,0.97849,1.48719,1.52311,1.50553,1.4776,1.4983575
7787.0,1.02444,1.48564,1.52144,1.50391,1.47598,1.4967425
7788.0,1.10581,1.48538,1.52127,1.50374,1.47569,1.4965199999999999
7789.0,1.26969,1.48676,1.523,1.50541,1.47695,1.49803
7790.0,1.58671,1.48958,1.52638,1.50866,1.47971,1.5010824999999999
7791.0,2.12026,1.49336,1.53069,1.51281,1.48344,1.505075
7792.0,2.09643,1.49705,1.5349,1.51685,1.48714,1.508985
7793.0,1.20244,1.50001,1.53797,1.51979,1.49014,1.5119775
7794.0,0.59495,1.50163,1.53945,1.52119,1.49177,1.51351
7795.0,0.51918,1.50198,1.53943,1.52116,1.4922,1.5136924999999999
7796.0,0.68077,1.50162,1.53868,1.52044,1.49183,1.5131425
7797.0,0.93484,1.50121,1.53802,1.51983,1.49137,1.5126074999999999
7798.0,1.04156,1.50168,1.53837,1.52017,1.49178,1.5130000000000001
7799.0,1.112,1.50347,1.5404,1.52213,1.49345,1.5148625
7800.0,1.26532,1.50663,1.54407,1.52566,1.49655,1.5182275
7801.0,1.25919,1.51103,1.54897,1.53037,1.50087,1.52281
7802.0,1.00889,1.51589,1.55439,1.53557,1.50568,1.5278825
7803.0,0.85906,1.52054,1.55939,1.54035,1.51035,1.5326575
7804.0,0.87801,1.52436,1.56333,1.54411,1.51419,1.5364975
7805.0,0.99554,1.52698,1.56587,1.54654,1.51684,1.5390575000000002
7806.0,1.14033,1.52849,1.56712,1.54773,1.51838,1.5404300000000002
7807.0,1.18172,1.52938,1.56767,1.54828,1.51926,1.5411475
7808.0,1.14584,1.53023,1.56833,1.54895,1.52007,1.5418950000000002
7809.0,1.06738,1.53173,1.56981,1.55043,1.52154,1.5433775
7810.0,1.10728,1.53443,1.5727,1.55325,1.52415,1.5461325
7811.0,1.31835,1.53833,1.57704,1.55748,1.52797,1.550205
7812.0,1.48963,1.54336,1.58252,1.5628,1.53297,1.5554124999999999
7813.0,1.57107,1.5489,1.58862,1.5687,1.53846,1.56117
7814.0,1.56192,1.55426,1.59442,1.57429,1.54385,1.566705
7815.0,1.40708,1.55885,1.59917,1.5789,1.54847,1.5713475
7816.0,0.99698,1.56207,1.60242,1.58205,1.55175,1.5745725
7817.0,0.63876,1.56379,1.60392,1.58352,1.55352,1.5761874999999999
7818.0,0.62841,1.56405,1.60387,1.5835,1.55384,1.576315
7819.0,0.92472,1.56328,1.60276,1.58246,1.5531,1.5754
7820.0,1.44444,1.56178,1.60109,1.58085,1.55163,1.5738375
7821.0,1.62393,1.56002,1.59919,1.57901,1.54989,1.5720275
7822.0,1.421,1.558,1.59723,1.57708,1.54787,1.570045
7823.0,1.19226,1.55561,1.59491,1.57478,1.54553,1.5677075000000003
7824.0,1.01154,1.55254,1.59184,1.57174,1.54249,1.5646525
7825.0,0.95291,1.54823,1.58748,1.56743,1.53828,1.5603550000000002
7826.0,0.99277,1.5425,1.58142,1.56148,1.53265,1.5545125
7827.0,1.10295,1.53505,1.57354,1.55377,1.52529,1.5469125
7828.0,1.18286,1.52624,1.56406,1.54453,1.51659,1.537855
7829.0,1.19084,1.51659,1.55369,1.53446,1.50696,1.5279250000000002
7830.0,1.18429,1.50689,1.54334,1.52444,1.4973,1.5179925
7831.0,1.21001,1.49831,1.53428,1.5157,1.48869,1.509245
7832.0,1.40338,1.49177,1.52758,1.50928,1.48202,1.5026625
7833.0,1.63101,1.4881,1.52395,1.50585,1.47819,1.4990225
7834.0,1.58377,1.48778,1.524,1.50598,1.4777,1.498865
7835.0,1.29986,1.49059,1.52761,1.50954,1.48033,1.5020175
7836.0,0.83988,1.49607,1.53397,1.51574,1.48573,1.5078775000000002
7837.0,0.6204,1.50356,1.54223,1.52376,1.49306,1.5156525
7838.0,0.82067,1.5117,1.55114,1.5324,1.50113,1.5240925
7839.0,1.13541,1.51988,1.55966,1.54063,1.50933,1.532375
7840.0,1.42582,1.5272,1.56733,1.54805,1.51665,1.5398075
7841.0,1.42523,1.53331,1.57359,1.55409,1.52281,1.54595
7842.0,1.16044,1.53828,1.57844,1.55878,1.5278,1.550825
7843.0,0.7635,1.54188,1.58204,1.56225,1.53142,1.5543974999999999
7844.0,0.50742,1.54417,1.58426,1.56441,1.5338,1.5566600000000002
7845.0,0.68649,1.54527,1.58519,1.56532,1.53494,1.55768
7846.0,0.86546,1.54517,1.58489,1.56503,1.53486,1.5574875
7847.0,0.82853,1.54423,1.58358,1.56377,1.53395,1.5563825
7848.0,0.85952,1.54284,1.58186,1.56212,1.53253,1.5548375
7849.0,1.00431,1.54144,1.58028,1.5606,1.53112,1.55336
7850.0,1.08935,1.54074,1.57945,1.5598,1.53035,1.552585
7851.0,1.07652,1.54102,1.57988,1.5602,1.53056,1.552915
7852.0,0.92924,1.54257,1.58165,1.56189,1.53203,1.554535
7853.0,0.77753,1.54522,1.58471,1.56479,1.53463,1.5573375
7854.0,0.79063,1.54881,1.58874,1.56863,1.53816,1.5610849999999998
7855.0,0.91781,1.55283,1.59318,1.57286,1.54214,1.5652525
7856.0,1.12131,1.5569,1.59754,1.57699,1.54624,1.5694175
7857.0,1.32268,1.56058,1.60152,1.58077,1.54994,1.5732025
7858.0,1.46558,1.56342,1.60456,1.58365,1.55284,1.5761175
7859.0,1.37125,1.56541,1.60642,1.58539,1.55487,1.5780225
7860.0,1.11895,1.56643,1.60734,1.58621,1.55592,1.5789750000000002
7861.0,1.02394,1.56665,1.60745,1.58626,1.55618,1.579135
7862.0,1.11185,1.56635,1.60701,1.58578,1.5559,1.57876
7863.0,1.38919,1.56579,1.6064,1.58515,1.55536,1.578175
7864.0,1.56207,1.56498,1.60567,1.58442,1.55455,1.577405
7865.0,1.42692,1.56386,1.60456,1.58332,1.55346,1.5763
7866.0,1.27504,1.56229,1.60289,1.58172,1.55189,1.5746975
7867.0,1.2002,1.56002,1.60046,1.5794,1.54964,1.5723799999999999
7868.0,1.06864,1.55719,1.59729,1.57639,1.54683,1.569425
7869.0,0.95187,1.55398,1.59377,1.57304,1.54361,1.5661
7870.0,1.1937,1.55082,1.59035,1.56978,1.54044,1.5628475
7871.0,1.58521,1.54817,1.58753,1.56709,1.53774,1.5601325000000001
7872.0,1.68598,1.54634,1.58568,1.56532,1.53584,1.558295
7873.0,1.48382,1.54547,1.58495,1.5646,1.53492,1.5574849999999998
7874.0,0.0,1.54558,1.58529,1.5649,1.53496,1.5576824999999999
7875.0,0.0,1.54642,1.58642,1.56596,1.53574,1.5586350000000002
7876.0,0.0,1.54772,1.58792,1.56737,1.53703,1.56001
7877.0,0.0,1.54918,1.58956,1.56891,1.53848,1.5615325
7878.0,0.0,1.55059,1.5911,1.57036,1.53986,1.5629775
7879.0,0.0,1.55183,1.5923,1.57149,1.54108,1.564175
7880.0,0.0,1.553,1.59341,1.57253,1.54227,1.5653025
7881.0,0.0,1.55429,1.59478,1.57383,1.54353,1.5666075
7882.0,0.0,1.55577,1.59637,1.57536,1.545,1.568125
7883.0,0.0,1.55777,1.59842,1.57732,1.54698,1.5701225
7884.0,0.0,1.56011,1.60106,1.57985,1.54927,1.5725725000000002
7885.0,0.0,1.56258,1.60384,1.58249,1.55176,1.5751675
7886.0,0.0,1.56503,1.60646,1.58497,1.55421,1.5776675
7887.0,0.0,1.56685,1.60853,1.58691,1.55602,1.5795775
7888.0,0.0,1.56766,1.60939,1.58767,1.55691,1.5804075000000002
7889.0,0.0,1.56714,1.60875,1.58697,1.55645,1.5798275
7890.0,0.0,1.56492,1.60628,1.58453,1.55429,1.577505
7891.0,0.0,1.56126,1.60208,1.58043,1.55072,1.5736225
7892.0,0.0,1.55651,1.59675,1.57529,1.54595,1.568625
7893.0,0.0,1.55124,1.59094,1.5697,1.54071,1.5631475
7894.0,0.0,1.54649,1.58571,1.56469,1.53592,1.5582025
7895.0,0.0,1.5427,1.58194,1.56111,1.53207,1.554455
7896.0,0.0,1.54049,1.57981,1.55911,1.5298,1.5523025
7897.0,0.0,1.5398,1.57941,1.55876,1.52902,1.5517475
7898.0,0.0,1.54025,1.5803,1.55965,1.52943,1.5524074999999997
7899.0,0.0,1.54131,1.58171,1.56103,1.53048,1.5536325
7900.0,0.0,1.54238,1.58298,1.56227,1.53157,1.5548000000000002
7901.0,0.0,1.54301,1.58372,1.56298,1.53223,1.555485
7902.0,0.0,1.54281,1.58351,1.56279,1.53207,1.5552949999999999
7903.0,0.0,1.54149,1.58207,1.56139,1.53085,1.5539500000000002
7904.0,0.0,1.53894,1.57936,1.55877,1.5284,1.5513675
7905.0,0.0,1.53496,1.57515,1.5547,1.52449,1.547325
7906.0,0.0,1.52958,1.5693,1.54904,1.51921,1.5417825
7907.0,0.0,1.52309,1.56222,1.5422,1.51275,1.535065
7908.0,0.0,1.51553,1.55415,1.53441,1.50527,1.5273400000000001
7909.0,0.0,1.50789,1.54591,1.52646,1.49772,1.519495
7910.0,0.0,1.50087,1.53853,1.51936,1.49057,1.5123324999999999
7911.0,0.0,1.49491,1.53233,1.51338,1.48458,1.5063
7912.0,0.0,1.491,1.52827,1.50944,1.48057,1.50232
7913.0,0.0,1.48872,1.52655,1.50774,1.47815,1.5002900000000001
7914.0,0.0,1.48827,1.52642,1.50755,1.47772,1.49999
7915.0,0.0,1.48969,1.5281,1.50907,1.47891,1.5014424999999998
7916.0,0.0,1.49185,1.53085,1.51163,1.48101,1.503835
7917.0,0.0,1.49516,1.53424,1.5148,1.48432,1.50713
7918.0,0.0,1.49887,1.53846,1.51881,1.48793,1.5110175
7919.0,0.0,1.50291,1.54287,1.52302,1.49205,1.5152124999999999
7920.0,0.0,1.50741,1.54746,1.52742,1.49645,1.5196850000000002
7921.0,0.0,1.51163,1.55212,1.5319,1.50069,1.524085
7922.0,0.0,1.51587,1.55641,1.53601,1.50489,1.528295
7923.0,0.0,1.51949,1.56019,1.53961,1.50852,1.5319524999999998
7924.0,0.0,1.52272,1.56351,1.54272,1.51181,1.53519
7925.0,0.0,1.52535,1.56632,1.54532,1.5144,1.5378475
7926.0,0.0,1.52733,1.56832,1.54712,1.51643,1.5398
7927.0,0.0,1.52887,1.56975,1.54836,1.51794,1.54123
7928.0,0.0,1.52968,1.57066,1.54911,1.51877,1.542055
7929.0,0.0,1.53017,1.57103,1.54935,1.51929,1.54246
7930.0,0.0,1.53042,1.57131,1.54951,1.51951,1.5426875
7931.0,0.0,1.53055,1.57149,1.5496,1.51962,1.542815
7932.0,0.0,1.5304,1.57141,1.54946,1.51951,1.5426950000000001
7933.0,0.0,1.52995,1.57108,1.5491,1.51909,1.542305
7934.0,0.0,1.52875,1.56992,1.54798,1.51789,1.5411350000000001
7935.0,0.0,1.52683,1.56767,1.54581,1.51604,1.5390875
7936.0,0.0,1.52411,1.56466,1.54292,1.51328,1.5362425000000002
7937.0,0.0,1.5204,1.56077,1.53921,1.5097,1.5325199999999999
7938.0,0.0,1.51639,1.55637,1.53502,1.50573,1.5283775
7939.0,0.0,1.51183,1.55173,1.5306,1.50119,1.5238375
7940.0,0.0,1.50727,1.54679,1.52589,1.49666,1.5191525000000001
7941.0,0.0,1.50264,1.54186,1.52118,1.49197,1.5144125000000002
7942.0,0.0,1.49829,1.53724,1.51675,1.48766,1.509985
7943.0,0.0,1.4948,1.53345,1.51313,1.4841,1.50637
7944.0,0.0,1.49264,1.53127,1.51105,1.48191,1.5042175
7945.0,0.0,1.49265,1.53139,1.51121,1.4818,1.5042625
7946.0,0.0,1.49495,1.53415,1.5139,1.48396,1.5067399999999997
7947.0,0.0,1.49997,1.53969,1.51928,1.48884,1.5119449999999999
7948.0,0.0,1.50717,1.5477,1.52704,1.49585,1.5194400000000001
7949.0,0.0,1.51604,1.55739,1.53639,1.50468,1.528625
7950.0,0.0,1.5259,1.5681,1.54669,1.51442,1.5387775000000001
7951.0,0.0,1.53549,1.57848,1.55666,1.52401,1.54866
7952.0,0.0,1.54439,1.58761,1.56541,1.53288,1.5575725
7953.0,0.0,1.55151,1.59496,1.57243,1.53999,1.5647224999999998
7954.0,0.0,1.55664,1.59994,1.57719,1.54522,1.5697475
7955.0,0.0,1.55986,1.60286,1.57997,1.54848,1.5727925000000003
7956.0,0.0,1.56126,1.60405,1.5811,1.54996,1.5740925
7957.0,0.0,1.56147,1.6039,1.58095,1.55022,1.574135
7958.0,0.0,1.56081,1.60298,1.58006,1.54956,1.5733525
7959.0,0.0,1.55967,1.6016,1.57873,1.54846,1.5721150000000002
7960.0,0.0,1.55855,1.60028,1.57745,1.54735,1.5709075
7961.0,0.0,1.55783,1.59954,1.57673,1.54661,1.5701775
7962.0,0.0,1.55796,1.59971,1.57688,1.54672,1.5703175000000003
7963.0,0.0,1.55929,1.60122,1.57831,1.54797,1.5716975000000002
7964.0,0.0,1.56174,1.6041,1.58108,1.55037,1.5743225
7965.0,0.0,1.56526,1.60804,1.58486,1.55383,1.5779975
7966.0,0.0,1.5694,1.61262,1.58925,1.55792,1.5822975
7967.0,0.0,1.57377,1.61732,1.59377,1.56226,1.58678
7968.0,0.0,1.57791,1.62166,1.59795,1.56637,1.5909725000000001
7969.0,0.0,1.58156,1.62542,1.60157,1.57005,1.5946500000000001
7970.0,0.0,1.58458,1.62852,1.60457,1.57306,1.5976825
7971.0,0.0,1.58685,1.63085,1.60682,1.57538,1.599975
7972.0,0.0,1.58829,1.63228,1.60821,1.57683,1.6014025
7973.0,0.0,1.58861,1.63259,1.60852,1.57722,1.6017350000000001
7974.0,0.0,1.58782,1.63158,1.60756,1.57648,1.6008600000000002
7975.0,0.0,1.58575,1.62922,1.6053,1.57447,1.598685
7976.0,0.0,1.58296,1.62591,1.60212,1.57171,1.595675
7977.0,0.0,1.57973,1.6223,1.59865,1.56847,1.5922874999999999
7978.0,0.0,1.57692,1.61922,1.59569,1.56569,1.58938
7979.0,0.0,1.57497,1.61739,1.59392,1.56368,1.5874899999999998
7980.0,0.0,1.57407,1.61676,1.59332,1.56277,1.5867300000000002
7981.0,0.0,1.5741,1.61707,1.5936,1.56271,1.58687
7982.0,0.0,1.57434,1.61767,1.59417,1.56296,1.587285
7983.0,0.0,1.57447,1.61778,1.59428,1.56305,1.587395
7984.0,0.0,1.57409,1.61723,1.59377,1.56271,1.58695
7985.0,0.0,1.57355,1.61638,1.59299,1.56212,1.58626
7986.0,0.0,1.57293,1.61571,1.59237,1.56155,1.5856400000000002
7987.0,0.0,1.57302,1.6158,1.59247,1.56159,1.58572
7988.0,0.0,1.57337,1.61657,1.59322,1.56193,1.5862725000000002
7989.0,0.0,1.57412,1.61759,1.59418,1.56267,1.58714
7990.0,0.0,1.57418,1.61795,1.59448,1.56268,1.5873225
7991.0,0.0,1.57303,1.61662,1.59315,1.56165,1.5861125
7992.0,0.0,1.57031,1.61352,1.59011,1.55897,1.5832275
7993.0,0.0,1.56582,1.60861,1.58532,1.55466,1.5786025000000001
7994.0,0.0,1.56058,1.60264,1.5795,1.54947,1.5730475
7995.0,0.0,1.55497,1.59666,1.57365,1.54386,1.567285
7996.0,0.0,1.55023,1.59162,1.56868,1.53911,1.56241
7997.0,0.0,1.54691,1.58826,1.56534,1.53566,1.5590424999999999
7998.0,0.0,1.5455,1.58701,1.56404,1.5342,1.5576875000000001
7999.0,0.0,1.54639,1.58833,1.56526,1.53495,1.5587325
8000.0,0.0,1.54922,1.59184,1.56862,1.53771,1.5618474999999998
8001.0,0.0,1.55407,1.59719,1.57379,1.54244,1.5668725000000001
8002.0,0.0,1.56007,1.60389,1.58029,1.54831,1.57314
8003.0,0.0,1.56655,1.61087,1.58705,1.55478,1.5798125
8004.0,0.0,1.57297,1.61764,1.59361,1.56117,1.5863474999999998
8005.0,0.0,1.57863,1.62362,1.59941,1.56685,1.5921275000000001
8006.0,0.0,1.58346,1.62835,1.60398,1.57169,1.59687
8007.0,0.0,1.58738,1.63216,1.60766,1.5756,1.6007
8008.0,0.0,1.59056,1.63531,1.61072,1.57882,1.6038525
8009.0,0.0,1.59342,1.63808,1.61341,1.58169,1.6066500000000001
8010.0,0.0,1.59637,1.64111,1.61635,1.58462,1.6096125000000001
8011.0,0.0,1.5995,1.64442,1.61957,1.58769,1.6127950000000002
8012.0,0.0,1.60284,1.64793,1.62297,1.59104,1.6161949999999998
8013.0,0.0,1.60631,1.65172,1.62664,1.59446,1.6197825
8014.0,0.0,1.60945,1.65513,1.62995,1.59763,1.62304
8015.0,0.0,1.61224,1.65793,1.63265,1.60042,1.62581
8016.0,0.0,1.61405,1.65995,1.63459,1.60224,1.6277075
8017.0,0.0,1.61468,1.66057,1.63519,1.60299,1.6283575
8018.0,0.0,1.6138,1.6596,1.63425,1.60217,1.6274549999999999
8019.0,0.0,1.61104,1.65665,1.63141,1.59954,1.62466
8020.0,0.0,1.60605,1.65115,1.62613,1.59463,1.6194899999999999
8021.0,0.0,1.5989,1.64332,1.6186,1.58767,1.6121225
8022.0,0.0,1.58975,1.63332,1.60902,1.57855,1.60266
8023.0,0.0,1.57961,1.62199,1.59815,1.56855,1.592075
8024.0,0.0,1.56995,1.61128,1.58789,1.5587,1.581955
8025.0,0.0,1.56201,1.60285,1.57983,1.55081,1.5738750000000001
8026.0,0.0,1.55802,1.59861,1.57579,1.54652,1.5697349999999999
8027.0,0.0,1.55824,1.59968,1.57684,1.54658,1.570335
8028.0,0.0,1.56373,1.6063,1.58321,1.55175,1.5762475
8029.0,0.0,1.57295,1.61721,1.59366,1.56073,1.5861375
8030.0,0.0,1.5852,1.63071,1.60657,1.57279,1.5988175
8031.0,0.0,1.59812,1.64502,1.62025,1.5856,1.6122475
8032.0,0.0,1.61051,1.65818,1.63281,1.59809,1.6248975
8033.0,0.0,1.62114,1.66919,1.6433,1.60875,1.635595
8034.0,0.0,1.62941,1.67761,1.65132,1.61718,1.64388
8035.0,0.0,1.63516,1.68326,1.65669,1.62301,1.64953
8036.0,0.0,1.63834,1.68624,1.65951,1.62634,1.6526075
8037.0,0.0,1.63921,1.68682,1.66004,1.62729,1.65334
8038.0,0.0,1.63766,1.68491,1.6582,1.62588,1.6516625
8039.0,0.0,1.63404,1.68074,1.65419,1.62237,1.647835
8040.0,0.0,1.62828,1.67449,1.64819,1.61673,1.6419225000000002
8041.0,0.0,1.62088,1.66637,1.64038,1.60945,1.6342700000000001
8042.0,0.0,1.61235,1.65706,1.63141,1.60094,1.6254399999999998
8043.0,0.0,1.60341,1.64736,1.62204,1.59202,1.6162075
8044.0,0.0,1.59518,1.63848,1.61346,1.58375,1.6077175000000001
8045.0,0.0,1.58862,1.63162,1.60684,1.5771,1.601045
8046.0,0.0,1.58476,1.62777,1.60312,1.57313,1.597195
8047.0,0.0,1.58416,1.62765,1.60302,1.57233,1.59679
8048.0,0.0,1.58681,1.6311,1.60639,1.57481,1.5997775
8049.0,0.0,1.59226,1.63745,1.61257,1.58008,1.6055899999999999
8050.0,0.0,1.59952,1.6456,1.62051,1.5872,1.6132075
8051.0,0.0,1.60761,1.65435,1.62904,1.5952,1.62155
8052.0,0.0,1.61549,1.66268,1.63716,1.60308,1.6296025
8053.0,0.0,1.62259,1.66998,1.64427,1.61021,1.6367625000000001
8054.0,0.0,1.6285,1.67598,1.6501,1.61616,1.642685
8055.0,0.0,1.63315,1.68062,1.6546,1.62087,1.64731
8056.0,0.0,1.63659,1.68404,1.65789,1.62435,1.6507174999999998
8057.0,0.0,1.63884,1.6862,1.65995,1.62665,1.6529099999999999
8058.0,0.0,1.64001,1.68724,1.66092,1.62786,1.6540075
8059.0,0.0,1.6401,1.68722,1.66089,1.62799,1.6540499999999998
8060.0,0.0,1.63909,1.68606,1.65976,1.62706,1.6529924999999999
8061.0,0.0,1.63711,1.68386,1.65764,1.62512,1.6509325
8062.0,0.0,1.63388,1.68043,1.65435,1.62195,1.6476525
8063.0,0.0,1.62955,1.67576,1.64986,1.61772,1.6432225
8064.0,0.0,1.62394,1.6698,1.64414,1.61213,1.6375025
8065.0,0.0,1.61721,1.66249,1.63711,1.60552,1.6305825
8066.0,0.0,1.60987,1.65448,1.62941,1.59814,1.622975
8067.0,0.0,1.60216,1.64622,1.62147,1.5905,1.6150875
8068.0,0.0,1.59533,1.63878,1.61431,1.58361,1.6080075
8069.0,0.0,1.58967,1.63302,1.60876,1.57789,1.602335
8070.0,0.0,1.58621,1.62958,1.60541,1.57434,1.5988850000000001
8071.0,0.0,1.58498,1.62878,1.60459,1.57291,1.597815
8072.0,0.0,1.58591,1.63023,1.60592,1.57374,1.59895
8073.0,0.0,1.58871,1.63363,1.60911,1.5764,1.6019625
8074.0,0.0,1.5924,1.63792,1.61318,1.58004,1.6058849999999998
8075.0,0.0,1.59665,1.64257,1.61759,1.58431,1.6102800000000002
8076.0,0.0,1.60054,1.64694,1.62176,1.58816,1.6143500000000002
8077.0,0.0,1.6037,1.65014,1.62481,1.5914,1.6175125000000001
8078.0,0.0,1.60605,1.65239,1.62695,1.59369,1.61977
8079.0,0.0,1.60718,1.65339,1.62788,1.59489,1.620835
8080.0,0.0,1.60778,1.6536,1.62805,1.59552,1.6212374999999999
8081.0,0.0,1.60794,1.65377,1.62816,1.59566,1.6213825000000002
8082.0,0.0,1.60815,1.65392,1.62824,1.59588,1.6215475
8083.0,0.0,1.60873,1.65463,1.62884,1.59642,1.622155
8084.0,0.0,1.60929,1.65553,1.62965,1.59694,1.6228525
8085.0,0.0,1.60963,1.65597,1.63005,1.59737,1.623255
8086.0,0.0,1.60907,1.65566,1.62975,1.59679,1.6228175
8087.0,0.0,1.60695,1.6534,1.6276,1.59484,1.6206975
8088.0,0.0,1.60333,1.64905,1.62348,1.59118,1.6167599999999998
8089.0,0.0,1.5979,1.64302,1.61774,1.58587,1.6111325
8090.0,0.0,1.59177,1.636,1.61106,1.57974,1.6046425
8091.0,0.0,1.58545,1.62906,1.60443,1.57349,1.5981074999999998
8092.0,0.0,1.58055,1.62377,1.59936,1.56847,1.5930374999999999
8093.0,0.0,1.57718,1.62058,1.5963,1.56503,1.5897725
8094.0,0.0,1.57638,1.62008,1.59578,1.56412,1.58909
8095.0,0.0,1.57756,1.62203,1.59761,1.56511,1.5905775
8096.0,0.0,1.58064,1.62545,1.60086,1.56814,1.5937725
8097.0,0.0,1.58511,1.63042,1.60562,1.57246,1.5984025000000002
8098.0,0.0,1.59021,1.63619,1.61117,1.57763,1.6038
8099.0,0.0,1.59602,1.64236,1.61714,1.58343,1.6097375
8100.0,0.0,1.60177,1.64862,1.6232,1.58912,1.6156775
8101.0,0.0,1.60731,1.65443,1.62885,1.59465,1.6213099999999998
8102.0,0.0,1.61208,1.65941,1.63368,1.59941,1.626145
8103.0,0.0,1.61582,1.66311,1.63728,1.60321,1.6298549999999998
8104.0,0.0,1.61852,1.66571,1.6398,1.60595,1.632495
8105.0,0.0,1.62013,1.66724,1.64128,1.60761,1.634065
8106.0,0.0,1.62099,1.66795,1.64194,1.60854,1.634855
8107.0,0.0,1.62122,1.66818,1.64213,1.60876,1.6350725000000002
8108.0,0.0,1.62069,1.66766,1.64157,1.6083,1.634555
8109.0,0.0,1.61948,1.66642,1.64032,1.60716,1.6333449999999998
8110.0,0.0,1.61701,1.66397,1.63793,1.60477,1.6309200000000001
8111.0,0.0,1.61343,1.65999,1.63408,1.60134,1.6272099999999998
8112.0,0.0,1.60866,1.65473,1.62905,1.59654,1.6222450000000002
8113.0,0.0,1.60313,1.64848,1.62311,1.59117,1.6164725
8114.0,0.0,1.59797,1.64261,1.61755,1.58589,1.6110049999999998
8115.0,0.0,1.59382,1.63818,1.61334,1.58181,1.6067875
8116.0,0.0,1.59237,1.63667,1.61191,1.58015,1.605275
8117.0,0.0,1.59354,1.63849,1.61362,1.58119,1.60671
8118.0,0.0,1.59816,1.64393,1.61876,1.5856,1.6116125000000001
8119.0,0.0,1.60491,1.65196,1.62636,1.59218,1.6188525
8120.0,0.0,1.61335,1.66116,1.6351,1.60052,1.6275325
8121.0,0.0,1.6218,1.67058,1.64404,1.6089,1.63633
8122.0,0.0,1.62937,1.67859,1.65167,1.61655,1.644045
8123.0,0.0,1.63527,1.68453,1.65731,1.6225,1.6499025
8124.0,0.0,1.6392,1.68836,1.66094,1.62649,1.6537475000000001
8125.0,0.0,1.64099,1.68984,1.66231,1.62839,1.6553825
8126.0,0.0,1.6411,1.68963,1.66201,1.62862,1.6553399999999998
8127.0,0.0,1.63961,1.68797,1.66032,1.62716,1.653765
8128.0,0.0,1.637,1.68491,1.65728,1.62466,1.6509624999999999
8129.0,0.0,1.63371,1.68125,1.65367,1.6213,1.6474825
8130.0,0.0,1.62992,1.67706,1.64957,1.61761,1.64354
8131.0,0.0,1.62662,1.67332,1.64592,1.61427,1.6400325
8132.0,0.0,1.62393,1.67073,1.64339,1.6116,1.6374125000000002
8133.0,0.0,1.62274,1.66955,1.64223,1.61034,1.6362150000000002
8134.0,0.0,1.62286,1.67002,1.64267,1.61036,1.6364775
8135.0,0.0,1.62421,1.67187,1.64441,1.61163,1.6380299999999999
8136.0,0.0,1.62602,1.67423,1.64664,1.61346,1.6400875
8137.0,0.0,1.62771,1.67623,1.64849,1.61513,1.6418899999999998
8138.0,0.0,1.62843,1.67706,1.64925,1.61589,1.6426575
8139.0,0.0,1.62789,1.67627,1.64846,1.6154,1.642005
8140.0,0.0,1.62596,1.67388,1.64616,1.61357,1.6398925
8141.0,0.0,1.62312,1.67054,1.64296,1.61077,1.6368475
8142.0,0.0,1.61974,1.66689,1.63944,1.60747,1.6333849999999999
8143.0,0.0,1.61666,1.66356,1.63622,1.60436,1.6301999999999999
8144.0,0.0,1.61396,1.66081,1.63352,1.60162,1.6274775
8145.0,0.0,1.61211,1.65907,1.63174,1.59973,1.6256625
8146.0,0.0,1.61077,1.65797,1.63056,1.59836,1.624415
8147.0,0.0,1.61011,1.65729,1.62979,1.59771,1.623725
8148.0,0.0,1.60997,1.65734,1.62973,1.5975,1.6236350000000002
8149.0,0.0,1.61015,1.6576,1.6299,1.59772,1.6238424999999999
8150.0,0.0,1.61094,1.65858,1.63076,1.59851,1.6246975000000001
8151.0,0.0,1.61189,1.65991,1.63201,1.5994,1.6258025
8152.0,0.0,1.61308,1.66108,1.63312,1.60063,1.6269775
8153.0,0.0,1.61411,1.66239,1.63436,1.60159,1.6281124999999999
8154.0,0.0,1.61415,1.66265,1.63461,1.60181,1.6283050000000001
8155.0,0.0,1.61311,1.66164,1.63359,1.60088,1.627305
8156.0,0.0,1.6097,1.65835,1.63036,1.5976,1.6240025
8157.0,0.0,1.60401,1.65191,1.62407,1.59211,1.6180249999999998
8158.0,0.0,1.59572,1.64277,1.61516,1.58384,1.6093725
8159.0,0.0,1.58558,1.63132,1.60407,1.57395,1.59873
8160.0,0.0,1.57535,1.6197,1.59284,1.56367,1.58789
8161.0,0.0,1.56646,1.61007,1.58358,1.5548,1.5787274999999998
8162.0,0.0,1.56119,1.60472,1.57846,1.54933,1.573425
8163.0,0.0,1.56004,1.60439,1.57821,1.54798,1.572655
8164.0,0.0,1.56356,1.60886,1.5826,1.55114,1.57654
8165.0,0.0,1.57029,1.61707,1.59057,1.55765,1.5838949999999998
8166.0,0.0,1.57909,1.62694,1.60014,1.56631,1.5931199999999999
8167.0,0.0,1.58817,1.63678,1.60968,1.57538,1.6025025
8168.0,0.0,1.59675,1.64574,1.61836,1.58394,1.6111975
8169.0,0.0,1.60391,1.65296,1.62538,1.5912,1.6183625
8170.0,0.0,1.60992,1.65902,1.6312,1.59726,1.6243499999999997
8171.0,0.0,1.61419,1.66376,1.6357,1.60164,1.6288224999999998
8172.0,0.0,1.61689,1.66655,1.63823,1.60444,1.6315275
8173.0,0.0,1.61714,1.66697,1.63842,1.60475,1.63182
8174.0,0.0,1.61442,1.66399,1.63536,1.60225,1.6290049999999998
8175.0,0.0,1.60826,1.65712,1.62858,1.59633,1.6225725
8176.0,0.0,1.59859,1.64646,1.61824,1.58694,1.6125575
8177.0,0.0,1.58599,1.63259,1.60492,1.57461,1.5995275
8178.0,0.0,1.57113,1.61645,1.58948,1.55998,1.58426
8179.0,0.0,1.5552,1.59958,1.57333,1.54427,1.5680949999999998
8180.0,0.0,1.53912,1.58264,1.55712,1.52828,1.55179
8181.0,0.0,1.52409,1.5666,1.54169,1.5133,1.53642
8182.0,0.0,1.51134,1.55337,1.52891,1.50048,1.5235249999999998
8183.0,0.0,1.50177,1.54358,1.51941,1.49089,1.5139125
8184.0,0.0,1.4968,1.53897,1.51483,1.48578,1.5090949999999999
8185.0,0.0,1.4965,1.53995,1.51568,1.48521,1.509335
8186.0,0.0,1.50058,1.54514,1.52063,1.48913,1.51387
8187.0,0.0,1.50773,1.55399,1.52911,1.49599,1.521705
8188.0,0.0,1.51504,1.56296,1.53776,1.50334,1.5297749999999999
8189.0,0.0,1.52061,1.56905,1.5436,1.50905,1.5355775
8190.0,0.0,1.52156,1.57003,1.5445,1.51014,1.5365575
8191.0,0.0,1.51709,1.56436,1.53894,1.50613,1.53163
8192.0,0.0,1.5076,1.55303,1.52788,1.49685,1.52134
8193.0,0.0,1.49464,1.53792,1.51316,1.48425,1.5074925000000001
8194.0,0.0,1.48175,1.52337,1.49896,1.47134,1.493855
8195.0,0.0,1.4711,1.51215,1.48806,1.4607,1.4830025
8196.0,0.0,1.46618,1.50726,1.48333,1.45544,1.4780525000000002
8197.0,0.0,1.46731,1.5097,1.48582,1.45612,1.4797375000000001
8198.0,0.0,1.47509,1.51858,1.49467,1.46349,1.4879575
8199.0,0.0,1.48804,1.53337,1.50929,1.47595,1.5016625
8200.0,0.0,1.50439,1.55134,1.52704,1.49209,1.518715
8201.0,0.0,1.52252,1.57068,1.54606,1.50998,1.5373100000000002
8202.0,0.0,1.54042,1.58971,1.56471,1.52771,1.5556375
8203.0,0.0,1.55698,1.60671,1.5813,1.54425,1.5723099999999999
8204.0,0.0,1.57123,1.6213,1.59543,1.55846,1.586605
8205.0,0.0,1.58268,1.63293,1.6066,1.57001,1.598055
8206.0,0.0,1.59139,1.64145,1.61472,1.57877,1.6065825
8207.0,0.0,1.59733,1.64723,1.62014,1.58481,1.6123775
8208.0,0.0,1.60104,1.65071,1.62334,1.58861,1.615925
8209.0,0.0,1.60274,1.65209,1.62453,1.59039,1.6174375
8210.0,0.0,1.60328,1.65226,1.62458,1.59099,1.6177774999999999
8211.0,0.0,1.60302,1.65172,1.62399,1.59072,1.6173625
8212.0,0.0,1.60273,1.65116,1.62339,1.59052,1.61695
8213.0,0.0,1.60272,1.65145,1.62358,1.59042,1.6170425000000002
8214.0,0.0,1.6028,1.65186,1.6239,1.59062,1.617295
8215.0,0.0,1.60306,1.65229,1.62422,1.59076,1.6175825000000001
8216.0,0.0,1.60233,1.6518,1.62362,1.59015,1.616975
8217.0,0.0,1.60094,1.65018,1.62188,1.58875,1.6154375
8218.0,0.0,1.59799,1.64695,1.61857,1.58592,1.6123574999999999
8219.0,0.0,1.59449,1.64288,1.61438,1.58246,1.6085525
8220.0,0.0,1.59012,1.63863,1.60997,1.57817,1.6042224999999999
8221.0,0.0,1.58562,1.63402,1.60515,1.57377,1.59964
8222.0,0.0,1.58057,1.62923,1.6001,1.56869,1.5946475
8223.0,0.0,1.57446,1.62314,1.59385,1.56273,1.588545
8224.0,0.0,1.5669,1.61512,1.58577,1.55522,1.5807525
8225.0,0.0,1.55746,1.60491,1.5757,1.54594,1.5710025
8226.0,0.0,1.54697,1.59311,1.56425,1.53549,1.5599550000000002
8227.0,0.0,1.53638,1.58122,1.5529,1.52497,1.5488675
8228.0,0.0,1.52782,1.57168,1.54398,1.51628,1.53994
8229.0,0.0,1.52261,1.56624,1.53913,1.51093,1.5347275
8230.0,0.0,1.52241,1.5664,1.53973,1.51044,1.534745
8231.0,0.0,1.52718,1.57226,1.54584,1.51489,1.5400425
8232.0,0.0,1.53671,1.58306,1.55666,1.52415,1.5501449999999999
8233.0,0.0,1.5496,1.59759,1.57098,1.53678,1.5637375000000002
8234.0,0.0,1.56437,1.61364,1.58672,1.55145,1.579045
8235.0,0.0,1.57959,1.62997,1.60261,1.56657,1.5946850000000001
8236.0,0.0,1.5938,1.64504,1.61724,1.58084,1.6092300000000002
8237.0,0.0,1.60638,1.6579,1.62968,1.59344,1.62185
8238.0,0.0,1.61665,1.66841,1.63982,1.60378,1.632165
8239.0,0.0,1.62472,1.67642,1.64753,1.61192,1.6401474999999999
8240.0,0.0,1.63076,1.68221,1.65309,1.61802,1.64602
8241.0,0.0,1.63539,1.68657,1.65728,1.62267,1.6504775
8242.0,0.0,1.63917,1.69021,1.6608,1.62647,1.6541625000000002
8243.0,0.0,1.64279,1.69383,1.6643,1.63007,1.6577475
8244.0,0.0,1.6466,1.69792,1.66826,1.63385,1.6616575
8245.0,0.0,1.65067,1.70236,1.67255,1.63786,1.6658600000000001
8246.0,0.0,1.65463,1.70679,1.67683,1.64183,1.6700199999999998
8247.0,0.0,1.6578,1.71032,1.68024,1.64497,1.6733325000000001
8248.0,0.0,1.65919,1.71193,1.68178,1.64651,1.6748525
8249.0,0.0,1.65817,1.71076,1.68065,1.64553,1.6737775
8250.0,0.0,1.65397,1.70584,1.67591,1.64158,1.669325
8251.0,0.0,1.64715,1.69794,1.66828,1.63481,1.662045
8252.0,0.0,1.63787,1.68752,1.65825,1.62578,1.6523549999999998
8253.0,0.0,1.62816,1.67646,1.64757,1.61604,1.6420575
8254.0,0.0,1.61891,1.66673,1.63815,1.60688,1.6326675000000002
8255.0,0.0,1.61237,1.65966,1.63128,1.60019,1.6258750000000002
8256.0,0.0,1.60906,1.65669,1.62835,1.59677,1.6227175
8257.0,0.0,1.60995,1.65842,1.62995,1.59741,1.6239325
8258.0,0.0,1.61416,1.66386,1.63512,1.60152,1.6286649999999998
8259.0,0.0,1.62136,1.67224,1.64314,1.60849,1.6363074999999998
8260.0,0.0,1.6296,1.68169,1.65222,1.61672,1.6450574999999998
8261.0,0.0,1.63828,1.69086,1.66108,1.62531,1.6538825
8262.0,0.0,1.64587,1.6989,1.66888,1.63291,1.66164
8263.0,0.0,1.65227,1.70521,1.67504,1.63935,1.6679675
8264.0,0.0,1.65702,1.71005,1.67976,1.64415,1.672745
8265.0,0.0,1.66026,1.71321,1.68283,1.64745,1.6759375
8266.0,0.0,1.66179,1.71474,1.68427,1.64905,1.6774624999999999
8267.0,0.0,1.66131,1.71426,1.6837,1.64864,1.6769775
8268.0,0.0,1.65827,1.71101,1.68036,1.64577,1.6738525
8269.0,0.0,1.65237,1.70461,1.67394,1.63999,1.6677275
8270.0,0.0,1.64332,1.69467,1.66409,1.6312,1.6583199999999998
8271.0,0.0,1.63194,1.68206,1.65166,1.61996,1.646405
8272.0,0.0,1.61903,1.66793,1.63782,1.60721,1.6329975
8273.0,0.0,1.60651,1.6543,1.62452,1.59471,1.62001
8274.0,0.0,1.59562,1.64299,1.6135,1.5838,1.6089775
8275.0,0.0,1.58785,1.63516,1.60589,1.57594,1.60121
8276.0,0.0,1.58351,1.63149,1.60231,1.57143,1.597185
8277.0,0.0,1.5823,1.63114,1.60196,1.57013,1.5963825
8278.0,0.0,1.58343,1.6331,1.60385,1.57109,1.5978675
8279.0,0.0,1.58546,1.63581,1.60648,1.57313,1.60022
8280.0,0.0,1.5877,1.63831,1.60892,1.57532,1.6025625
8281.0,0.0,1.58898,1.63963,1.61025,1.57667,1.6038824999999999
8282.0,0.0,1.58932,1.63979,1.61045,1.57707,1.6041575000000001
8283.0,0.0,1.58819,1.63858,1.60934,1.57602,1.6030324999999999
8284.0,0.0,1.58586,1.63589,1.60677,1.5738,1.6005800000000001
8285.0,0.0,1.58229,1.63202,1.60306,1.57025,1.596905
8286.0,0.0,1.57774,1.62682,1.59809,1.56581,1.592115
8287.0,0.0,1.57293,1.62141,1.5929,1.56093,1.5870425
8288.0,0.0,1.56809,1.61617,1.5879,1.55616,1.5820800000000002
8289.0,0.0,1.56437,1.61225,1.58413,1.55235,1.5782749999999999
8290.0,0.0,1.56161,1.60979,1.58175,1.54959,1.575685
8291.0,0.0,1.56047,1.60878,1.58075,1.54838,1.574595
8292.0,0.0,1.56037,1.60913,1.58107,1.54822,1.5746974999999999
8293.0,0.0,1.56136,1.6102,1.58212,1.54914,1.5757050000000001
8294.0,0.0,1.563,1.61212,1.58398,1.55068,1.577445
8295.0,0.0,1.56504,1.61445,1.58627,1.55273,1.5796225000000002
8296.0,0.0,1.56729,1.61696,1.58874,1.55494,1.5819825
8297.0,0.0,1.56918,1.61923,1.59098,1.55687,1.584065
8298.0,0.0,1.57022,1.62042,1.59216,1.55793,1.5851825
8299.0,0.0,1.56956,1.61976,1.59153,1.5574,1.5845625
8300.0,0.0,1.56684,1.61665,1.58855,1.55475,1.5816975
8301.0,0.0,1.56164,1.61076,1.58288,1.54976,1.57626
8302.0,0.0,1.55466,1.60277,1.57521,1.54283,1.5688675
8303.0,0.0,1.54643,1.59357,1.56643,1.53476,1.5602975
8304.0,0.0,1.53875,1.58495,1.55821,1.527,1.5522275
8305.0,0.0,1.53243,1.57817,1.5518,1.52068,1.54577
8306.0,0.0,1.52919,1.57499,1.54881,1.51722,1.5425525
8307.0,0.0,1.52894,1.57545,1.5493,1.51682,1.5426275
8308.0,0.0,1.53216,1.57944,1.55313,1.51982,1.5461375000000002
8309.0,0.0,1.53768,1.58616,1.55957,1.5252,1.5521525
8310.0,0.0,1.54493,1.59413,1.56716,1.53235,1.5596425
8311.0,0.0,1.55263,1.60276,1.57535,1.53993,1.5676675
8312.0,0.0,1.55978,1.61049,1.58266,1.54717,1.5750250000000001
8313.0,0.0,1.56581,1.61683,1.58858,1.55321,1.5811075
8314.0,0.0,1.56986,1.62115,1.59255,1.55745,1.5852525000000002
8315.0,0.0,1.57193,1.62299,1.59414,1.5596,1.5871649999999997
8316.0,0.0,1.57154,1.6224,1.59339,1.55941,1.586685
8317.0,0.0,1.56922,1.61952,1.59048,1.55718,1.5841
8318.0,0.0,1.56505,1.61469,1.58576,1.55318,1.57967
8319.0,0.0,1.56013,1.60914,1.58041,1.54829,1.5744924999999999
8320.0,0.0,1.55479,1.60327,1.57481,1.54302,1.5689725
8321.0,0.0,1.55006,1.59826,1.57005,1.53827,1.56416
8322.0,0.0,1.5459,1.59428,1.56628,1.53409,1.5601375
8323.0,0.0,1.54255,1.59088,1.56304,1.53076,1.5568075
8324.0,0.0,1.53972,1.58842,1.56065,1.52788,1.5541675
8325.0,0.0,1.53699,1.58545,1.55778,1.52521,1.5513575
8326.0,0.0,1.53452,1.58286,1.55521,1.52269,1.5488199999999999
8327.0,0.0,1.53191,1.58039,1.55276,1.5201,1.5462900000000002
8328.0,0.0,1.52967,1.57784,1.55023,1.51787,1.5439025000000002
8329.0,0.0,1.52782,1.57622,1.54861,1.51596,1.5421524999999998
8330.0,0.0,1.52655,1.57472,1.54718,1.51473,1.5407950000000001
8331.0,0.0,1.52636,1.57452,1.54697,1.51435,1.54055
8332.0,0.0,1.52674,1.57526,1.5477,1.51475,1.5411125
8333.0,0.0,1.52831,1.57691,1.5493,1.51616,1.54267
8334.0,0.0,1.53029,1.57932,1.55163,1.51813,1.5448425000000001
8335.0,0.0,1.53303,1.58217,1.55438,1.52081,1.5475975
8336.0,0.0,1.536,1.58546,1.55756,1.52374,1.55069
8337.0,0.0,1.5393,1.58878,1.56079,1.52704,1.5539774999999998
8338.0,0.0,1.54286,1.59261,1.56452,1.53055,1.5576349999999999
8339.0,0.0,1.54655,1.59652,1.56835,1.53425,1.5614175
8340.0,0.0,1.55039,1.60063,1.57236,1.53805,1.5653575
8341.0,0.0,1.55385,1.60449,1.57615,1.54155,1.56901
8342.0,0.0,1.55676,1.6074,1.57901,1.54446,1.5719075
8343.0,0.0,1.55857,1.60927,1.58087,1.54632,1.5737575
8344.0,0.0,1.55929,1.60971,1.58135,1.54705,1.57435
8345.0,0.0,1.55899,1.60895,1.58069,1.54679,1.573855
8346.0,0.0,1.55833,1.60793,1.57978,1.54611,1.5730375000000003
8347.0,0.0,1.55785,1.60711,1.57908,1.54563,1.5724175
8348.0,0.0,1.55833,1.60761,1.57962,1.54603,1.5728975
8349.0,0.0,1.55991,1.60965,1.58163,1.54755,1.574685
8350.0,0.0,1.56262,1.61276,1.58462,1.5502,1.57755
8351.0,0.0,1.566,1.61671,1.58841,1.55353,1.5811625
8352.0,0.0,1.56947,1.62046,1.59199,1.55701,1.5847324999999999
8353.0,0.0,1.57264,1.62378,1.59513,1.56016,1.5879275
8354.0,0.0,1.57504,1.62637,1.59757,1.56262,1.5904
8355.0,0.0,1.57668,1.62794,1.59903,1.56428,1.5919825
8356.0,0.0,1.57731,1.62863,1.59965,1.56499,1.592645
8357.0,0.0,1.57696,1.62816,1.59917,1.56469,1.592245
8358.0,0.0,1.57534,1.62639,1.59744,1.56318,1.5905875
8359.0,0.0,1.57254,1.62333,1.59448,1.56045,1.5877
8360.0,0.0,1.56851,1.61871,1.59002,1.55653,1.5834424999999999
8361.0,0.0,1.56402,1.61366,1.58514,1.55206,1.57872
8362.0,0.0,1.55962,1.60868,1.58034,1.54768,1.57408
8363.0,0.0,1.55657,1.60526,1.57699,1.54457,1.5708475000000002
8364.0,0.0,1.55547,1.60459,1.57625,1.54335,1.569915
8365.0,0.0,1.55668,1.60634,1.57784,1.54448,1.5713350000000001
8366.0,0.0,1.55998,1.61069,1.58189,1.54761,1.5750425
8367.0,0.0,1.56415,1.61574,1.58661,1.55182,1.57958
8368.0,0.0,1.56847,1.62061,1.59118,1.55606,1.5840800000000002
8369.0,0.0,1.5713,1.62377,1.59414,1.55903,1.58706
8370.0,0.0,1.5724,1.62463,1.5949,1.56019,1.5880299999999998
8371.0,0.0,1.57102,1.62294,1.59323,1.55895,1.586535
8372.0,0.0,1.56756,1.61875,1.58917,1.55561,1.5827725
8373.0,0.0,1.5623,1.61292,1.58357,1.55044,1.5773074999999999
8374.0,0.0,1.55577,1.60555,1.57649,1.54404,1.5704624999999999
8375.0,0.0,1.54877,1.59814,1.56937,1.53706,1.5633350000000001
8376.0,0.0,1.54144,1.59032,1.56191,1.52983,1.555875
8377.0,0.0,1.53439,1.58303,1.55491,1.5228,1.5487825000000002
8378.0,0.0,1.52734,1.5761,1.54828,1.51577,1.5418725
8379.0,0.0,1.52014,1.56844,1.5409,1.50868,1.53454
8380.0,0.0,1.51276,1.56104,1.53378,1.50129,1.5272175000000001
8381.0,0.0,1.5047,1.55222,1.52531,1.49337,1.5189
8382.0,0.0,1.49668,1.5436,1.51696,1.48534,1.510645
8383.0,0.0,1.48862,1.5354,1.50901,1.47733,1.50259
8384.0,0.0,1.48166,1.52761,1.50143,1.47035,1.4952625
8385.0,0.0,1.47655,1.52253,1.49643,1.46509,1.49015
8386.0,0.0,1.47404,1.51978,1.4937,1.46253,1.4875125
8387.0,0.0,1.47547,1.52155,1.49531,1.46362,1.4889875
8388.0,0.0,1.48044,1.52775,1.50123,1.46848,1.494475
8389.0,0.0,1.48961,1.53814,1.51118,1.47728,1.5040525000000002
8390.0,0.0,1.501,1.55135,1.52387,1.48861,1.5162074999999997
8391.0,0.0,1.51388,1.56551,1.53749,1.50131,1.5295475
8392.0,0.0,1.52573,1.57839,1.54992,1.51323,1.5418175
8393.0,0.0,1.53572,1.58854,1.55974,1.52325,1.5518125
8394.0,0.0,1.54273,1.59538,1.5664,1.5304,1.5587275
8395.0,0.0,1.54719,1.599,1.56997,1.53495,1.5627775000000002
8396.0,0.0,1.54979,1.60113,1.57208,1.53758,1.565145
8397.0,0.0,1.55151,1.60237,1.57334,1.53933,1.5666375000000001
8398.0,0.0,1.55341,1.60422,1.57513,1.54116,1.56848
8399.0,0.0,1.55586,1.60693,1.57774,1.54356,1.5710225
8400.0,0.0,1.55916,1.6104,1.58106,1.54679,1.5743524999999998
8401.0,0.0,1.56305,1.61485,1.5853,1.55062,1.5784550000000002
8402.0,0.0,1.56718,1.61936,1.5896,1.55474,1.58272
8403.0,0.0,1.57121,1.62377,1.59378,1.55874,1.586875
8404.0,0.0,1.57449,1.62741,1.59722,1.56208,1.5903
8405.0,0.0,1.57671,1.62967,1.59933,1.56434,1.5925125000000002
8406.0,0.0,1.5772,1.63022,1.59981,1.56497,1.5930499999999999
8407.0,0.0,1.57593,1.62858,1.5982,1.56377,1.59162
8408.0,0.0,1.5726,1.62472,1.59448,1.56063,1.5881075
8409.0,0.0,1.56801,1.61936,1.58933,1.55606,1.58319
8410.0,0.0,1.56247,1.61298,1.58324,1.55066,1.5773374999999998
8411.0,0.0,1.55751,1.60746,1.57798,1.54561,1.57214
8412.0,0.0,1.55345,1.60324,1.57397,1.54157,1.5680575
8413.0,0.0,1.55145,1.60141,1.57223,1.5394,1.5661225
8414.0,0.0,1.55096,1.60161,1.57243,1.53887,1.5659675
8415.0,0.0,1.55192,1.60298,1.57375,1.53972,1.5670925
8416.0,0.0,1.55315,1.60484,1.57554,1.54094,1.5686175
8417.0,0.0,1.55386,1.60573,1.57641,1.54168,1.56942
8418.0,0.0,1.55326,1.6051,1.57585,1.54113,1.568835
8419.0,0.0,1.55081,1.60229,1.5732,1.53882,1.5662800000000001
8420.0,0.0,1.5467,1.59753,1.56868,1.53476,1.5619174999999998
8421.0,0.0,1.54106,1.59113,1.5626,1.52926,1.5560125
8422.0,0.0,1.53504,1.58429,1.55607,1.52322,1.549655
8423.0,0.0,1.52933,1.57794,1.54999,1.51755,1.5437025
8424.0,0.0,1.52544,1.57375,1.54593,1.51352,1.53966
8425.0,0.0,1.52385,1.57251,1.54467,1.51183,1.5382149999999999
8426.0,0.0,1.52507,1.57447,1.54642,1.51289,1.5397125000000003
8427.0,0.0,1.52823,1.579,1.55061,1.51596,1.54345
8428.0,0.0,1.5319,1.58389,1.55515,1.51964,1.547645
8429.0,0.0,1.53404,1.58681,1.55782,1.52187,1.550135
8430.0,0.0,1.53253,1.58534,1.5563,1.52065,1.548705
8431.0,0.0,1.52644,1.5781,1.54926,1.51479,1.5421475
8432.0,0.0,1.51545,1.56529,1.5369,1.50417,1.5304525
8433.0,0.0,1.50157,1.54925,1.52146,1.4904,1.51567
8434.0,0.0,1.48663,1.53229,1.50514,1.47564,1.499925
8435.0,0.0,1.47416,1.51891,1.49219,1.46295,1.4870525
8436.0,0.0,1.46556,1.51037,1.48394,1.45424,1.4785275000000002
8437.0,0.0,1.46267,1.5082,1.48176,1.45098,1.4759024999999997
8438.0,0.0,1.46468,1.51195,1.48531,1.45275,1.4786725
8439.0,0.0,1.47066,1.51927,1.49232,1.45849,1.4851850000000002
8440.0,0.0,1.47863,1.5288,1.50147,1.4663,1.4938000000000002
8441.0,0.0,1.48667,1.53764,1.51,1.47433,1.50216
8442.0,0.0,1.49359,1.54479,1.51691,1.48124,1.5091325
8443.0,0.0,1.49846,1.54959,1.52158,1.48621,1.51396
8444.0,0.0,1.50149,1.55206,1.52402,1.48928,1.5167125
8445.0,0.0,1.50291,1.55312,1.52512,1.49077,1.51798
8446.0,0.0,1.50356,1.55338,1.52547,1.49142,1.5184575
8447.0,0.0,1.50381,1.55349,1.52566,1.4917,1.518665
8448.0,0.0,1.50422,1.55393,1.52619,1.49206,1.5191
8449.0,0.0,1.50463,1.5544,1.52672,1.49248,1.5195575
8450.0,0.0,1.50513,1.55506,1.52741,1.49294,1.520135
8451.0,0.0,1.50531,1.5553,1.52769,1.49314,1.5203599999999997
8452.0,0.0,1.5052,1.55509,1.5275,1.49303,1.520205
8453.0,0.0,1.50475,1.55453,1.52696,1.49258,1.519705
8454.0,0.0,1.50416,1.55369,1.52613,1.492,1.518995
8455.0,0.0,1.50393,1.55341,1.52583,1.4917,1.5187175
8456.0,0.0,1.50408,1.55363,1.52601,1.49187,1.5188975
8457.0,0.0,1.5051,1.55494,1.5272,1.49279,1.5200075
8458.0,0.0,1.50627,1.55663,1.52876,1.49403,1.5214225
8459.0,0.0,1.50755,1.55828,1.53024,1.49526,1.5228325
8460.0,0.0,1.50749,1.55859,1.53045,1.49537,1.522975
8461.0,0.0,1.50593,1.55684,1.52868,1.49386,1.5213275
8462.0,0.0,1.50165,1.55215,1.52411,1.48985,1.51694
8463.0,0.0,1.49541,1.54491,1.51711,1.48366,1.5102725000000001
8464.0,0.0,1.48706,1.5355,1.50805,1.47555,1.50154
8465.0,0.0,1.47863,1.52591,1.4988,1.46704,1.4925950000000001
8466.0,0.0,1.47076,1.51733,1.49055,1.45925,1.4844725
8467.0,0.0,1.46576,1.512,1.48538,1.45399,1.4792825
8468.0,0.0,1.46384,1.51055,1.48397,1.45197,1.4775825
8469.0,0.0,1.46609,1.5136,1.48683,1.45392,1.48011
8470.0,0.0,1.4716,1.52046,1.4934,1.45927,1.4861825
8471.0,0.0,1.47983,1.52985,1.50239,1.4673,1.4948424999999999
8472.0,0.0,1.48925,1.54053,1.51263,1.47663,1.5047599999999999
8473.0,0.0,1.49866,1.55071,1.52242,1.48602,1.5144525
8474.0,0.0,1.50698,1.55951,1.53089,1.49435,1.5229325
8475.0,0.0,1.51342,1.56605,1.5372,1.50088,1.5293875
8476.0,0.0,1.51785,1.57027,1.54128,1.50537,1.5336925000000001
8477.0,0.0,1.52021,1.57226,1.54323,1.50784,1.535885
8478.0,0.0,1.52115,1.57272,1.54371,1.50879,1.5365925
8479.0,0.0,1.52104,1.57219,1.54323,1.50875,1.5363025000000001
8480.0,0.0,1.52081,1.57165,1.54275,1.50848,1.5359224999999999
8481.0,0.0,1.5208,1.57156,1.5427,1.50845,1.5358775
8482.0,0.0,1.52157,1.57244,1.54356,1.50915,1.53668
8483.0,0.0,1.52306,1.5743,1.54534,1.5106,1.538325
8484.0,0.0,1.52513,1.57672,1.54764,1.51263,1.54053
8485.0,0.0,1.52729,1.57934,1.55013,1.51479,1.5428875
8486.0,0.0,1.52884,1.58121,1.55189,1.51639,1.5445825000000002
8487.0,0.0,1.52901,1.58159,1.55222,1.51666,1.54487
8488.0,0.0,1.52675,1.57948,1.55013,1.51458,1.542735
8489.0,0.0,1.52103,1.5735,1.5443,1.50911,1.5369849999999998
8490.0,0.0,1.51054,1.5625,1.5336,1.499,1.5264099999999998
8491.0,0.0,1.49455,1.54529,1.51688,1.48342,1.510035
8492.0,0.0,1.47232,1.52104,1.49335,1.46171,1.4871050000000001
8493.0,0.0,1.44501,1.49111,1.46426,1.43475,1.4587825
8494.0,0.0,1.41407,1.4568,1.431,1.40421,1.42652
8495.0,0.0,1.38346,1.42311,1.39828,1.37359,1.39461
8496.0,0.0,1.35686,1.39442,1.37045,1.34686,1.3671474999999997
8497.0,0.0,1.33863,1.37533,1.35191,1.32816,1.3485075000000002
8498.0,0.0,1.33155,1.36966,1.34636,1.32044,1.3420025
8499.0,0.0,1.33647,1.37711,1.35351,1.32465,1.347935
8500.0,0.0,1.3523,1.39658,1.37231,1.33981,1.3652499999999999
