Lambda,OBS,CAL,GD1,GD2,GD3,Syn_mean
3400.0,0.0,1.56938,1.55326,1.54482,1.55608,1.555885
3401.0,0.0,1.55539,1.53794,1.53091,1.54246,1.5416750000000001
3402.0,0.0,1.54317,1.52408,1.51834,1.53007,1.528915
3403.0,0.0,1.53274,1.51204,1.50754,1.51925,1.5178924999999999
3404.0,0.0,1.52389,1.5018,1.49837,1.51007,1.5085325
3405.0,0.0,1.51676,1.49347,1.49101,1.50269,1.5009825
3406.0,0.0,1.51204,1.48765,1.48601,1.49757,1.4958175000000002
3407.0,0.0,1.51029,1.48491,1.48352,1.49513,1.4934624999999997
3408.0,0.0,1.51101,1.48474,1.48295,1.49478,1.49337
3409.0,0.0,1.51195,1.48518,1.48284,1.4948,1.4936924999999999
3410.0,0.0,1.51053,1.48387,1.48131,1.49338,1.4922725
3411.0,0.0,1.50616,1.47974,1.47806,1.48956,1.48838
3412.0,0.0,1.50065,1.47435,1.47442,1.48494,1.48359
3413.0,0.0,1.49761,1.47096,1.47285,1.48226,1.48092
3414.0,0.0,1.49993,1.47277,1.47579,1.48413,1.483155
3415.0,0.0,1.50827,1.48113,1.48395,1.4917,1.4912625
3416.0,0.0,1.5212,1.49481,1.4964,1.50366,1.5040175
3417.0,0.0,1.53568,1.51089,1.51033,1.51766,1.51864
3418.0,0.0,1.54858,1.52551,1.52269,1.53025,1.5317574999999999
3419.0,0.0,1.55721,1.5356,1.53089,1.53901,1.5406775000000001
3420.0,0.0,1.56035,1.53954,1.53385,1.54248,1.544055
3421.0,0.0,1.55861,1.53806,1.5323,1.54135,1.54258
3422.0,0.0,1.55424,1.53346,1.5286,1.53739,1.5384225
3423.0,0.0,1.54986,1.52886,1.52512,1.53339,1.5343075
3424.0,0.0,1.54779,1.5266,1.52376,1.53133,1.5323700000000002
3425.0,0.0,1.54927,1.52808,1.52547,1.53246,1.53382
3426.0,0.0,1.55432,1.53324,1.52988,1.53676,1.53855
3427.0,0.0,1.56137,1.5404,1.53551,1.5427,1.5449950000000001
3428.0,0.0,1.56708,1.54642,1.53984,1.54767,1.5502525
3429.0,0.0,1.56817,1.54803,1.54029,1.54905,1.551385
3430.0,0.0,1.5637,1.54385,1.53647,1.54552,1.5473849999999998
3431.0,0.0,1.5557,1.53576,1.52981,1.53883,1.540025
3432.0,0.0,1.54809,1.52718,1.52278,1.5316,1.5324125
3433.0,0.0,1.54308,1.5206,1.51688,1.5258,1.5265900000000001
3434.0,0.0,1.53928,1.51513,1.5109,1.52073,1.5215100000000001
3435.0,0.0,1.53262,1.50704,1.50189,1.51315,1.513675
3436.0,0.0,1.51897,1.49238,1.48724,1.49981,1.4996
3437.0,0.0,1.49718,1.46983,1.46639,1.47965,1.4782625
3438.0,0.0,1.47014,1.44185,1.44184,1.45473,1.45214
3439.0,0.0,1.44338,1.4139,1.41807,1.4298,1.4262875000000002
3440.0,0.0,1.42291,1.39178,1.39969,1.40988,1.4060650000000001
3441.0,0.0,1.41221,1.37936,1.38968,1.39845,1.3949250000000002
3442.0,0.0,1.41132,1.37721,1.38832,1.39612,1.3932425
3443.0,0.0,1.41769,1.38334,1.39398,1.40115,1.3990399999999998
3444.0,0.0,1.42846,1.39501,1.40433,1.41114,1.409735
3445.0,0.0,1.44211,1.41005,1.41752,1.42397,1.4234125
3446.0,0.0,1.45729,1.4268,1.4315,1.43831,1.438475
3447.0,0.0,1.47184,1.44251,1.4441,1.45159,1.4525099999999997
3448.0,0.0,1.48163,1.45377,1.45252,1.46106,1.462245
3449.0,0.0,1.48347,1.4575,1.45458,1.46415,1.464925
3450.0,0.0,1.47771,1.45357,1.45083,1.46051,1.460655
3451.0,0.0,1.46799,1.44519,1.44377,1.45305,1.4525
3452.0,0.0,1.45927,1.4365,1.43632,1.44526,1.4443375
3453.0,0.0,1.45391,1.43011,1.43017,1.43932,1.4383775
3454.0,0.0,1.45065,1.42542,1.42477,1.43493,1.4339425000000001
3455.0,0.0,1.44644,1.41979,1.41847,1.42972,1.4286050000000001
3456.0,0.0,1.43879,1.41124,1.41014,1.42208,1.4205625000000002
3457.0,0.0,1.42807,1.39995,1.40033,1.41219,1.410135
3458.0,0.0,1.41744,1.38885,1.39167,1.40239,1.4000875000000002
3459.0,0.0,1.41091,1.38186,1.38689,1.39626,1.39398
3460.0,0.0,1.41142,1.38182,1.3879,1.39617,1.3943275
3461.0,0.0,1.41892,1.38875,1.39455,1.40215,1.4010924999999999
3462.0,0.0,1.43032,1.39987,1.4046,1.4119,1.4116725
3463.0,0.0,1.44103,1.41133,1.41452,1.42233,1.4223025000000002
3464.0,0.0,1.44899,1.42026,1.42285,1.43037,1.4306174999999999
3465.0,0.0,1.45388,1.42683,1.42933,1.43637,1.4366025
3466.0,0.0,1.45781,1.43188,1.43437,1.44091,1.4412424999999998
3467.0,0.0,1.46153,1.43651,1.43823,1.44471,1.445245
3468.0,0.0,1.46399,1.43947,1.44002,1.44697,1.4476125
3469.0,0.0,1.46291,1.43859,1.43806,1.44578,1.446335
3470.0,0.0,1.45613,1.43179,1.43083,1.43966,1.4396025
3471.0,0.0,1.4437,1.41864,1.41868,1.42805,1.4272675
3472.0,0.0,1.42734,1.40118,1.40334,1.4128,1.411165
3473.0,0.0,1.41044,1.38288,1.3877,1.3968,1.394455
3474.0,0.0,1.39656,1.36786,1.37493,1.38326,1.3806525
3475.0,0.0,1.38846,1.35915,1.36753,1.37473,1.3724675
3476.0,0.0,1.38694,1.35784,1.36597,1.3723,1.3707624999999999
3477.0,0.0,1.39091,1.36247,1.36907,1.37491,1.37434
3478.0,0.0,1.39753,1.37008,1.3745,1.38036,1.3806175
3479.0,0.0,1.40374,1.37724,1.37989,1.38591,1.386695
3480.0,0.0,1.40745,1.38185,1.38371,1.38975,1.39069
3481.0,0.0,1.40865,1.38391,1.38607,1.39174,1.3925925000000001
3482.0,0.0,1.40959,1.38555,1.38854,1.39347,1.3942875
3483.0,0.0,1.41317,1.38927,1.39293,1.39703,1.3981
3484.0,0.0,1.4205,1.39609,1.39946,1.40337,1.404855
3485.0,0.0,1.42941,1.4041,1.40621,1.411,1.41268
3486.0,0.0,1.43579,1.40949,1.41047,1.41645,1.41805
3487.0,0.0,1.43601,1.4092,1.41013,1.41711,1.4181125
3488.0,0.0,1.43,1.40288,1.40529,1.41251,1.41267
3489.0,0.0,1.42113,1.39376,1.39841,1.40517,1.4046175
3490.0,0.0,1.41412,1.38605,1.39276,1.39869,1.3979050000000002
3491.0,0.0,1.41167,1.38254,1.39016,1.39559,1.3949900000000002
3492.0,0.0,1.4127,1.38269,1.39002,1.39574,1.3952875
3493.0,0.0,1.41433,1.3839,1.39077,1.39686,1.396465
3494.0,0.0,1.41427,1.38442,1.39122,1.39754,1.3968625
3495.0,0.0,1.41336,1.38451,1.39186,1.39783,1.39689
3496.0,0.0,1.41403,1.38632,1.39418,1.39926,1.3984475
3497.0,0.0,1.41767,1.39115,1.39892,1.40306,1.4026999999999998
3498.0,0.0,1.4234,1.39835,1.4052,1.40875,1.408925
3499.0,0.0,1.42895,1.40589,1.41134,1.41473,1.4152274999999999
3500.0,0.0,1.4329,1.41184,1.41614,1.41923,1.4200275
3501.0,0.0,1.43464,1.41531,1.4188,1.42154,1.4225725
3502.0,0.0,1.43385,1.41568,1.41866,1.42125,1.42236
3503.0,0.0,1.43001,1.41271,1.41537,1.41807,1.41904
3504.0,0.0,1.42336,1.40658,1.40939,1.41219,1.41288
3505.0,0.0,1.41515,1.39824,1.40162,1.40447,1.40487
3506.0,0.0,1.40672,1.3888,1.39277,1.39597,1.3960650000000001
3507.0,0.0,1.39833,1.37876,1.38308,1.38709,1.3868150000000001
3508.0,0.0,1.38921,1.36787,1.37255,1.3775,1.3767825
3509.0,0.0,1.37884,1.356,1.36153,1.36699,1.36584
3510.0,0.0,1.36782,1.34389,1.35092,1.35626,1.3547225
3511.0,0.0,1.35829,1.3336,1.34255,1.34707,1.3453775000000001
3512.0,0.0,1.35302,1.32797,1.33864,1.3419,1.3403825
3513.0,0.0,1.35458,1.32939,1.34098,1.34281,1.3419400000000001
3514.0,0.0,1.36345,1.33845,1.34952,1.35027,1.3504225
3515.0,0.0,1.37729,1.35279,1.36184,1.36235,1.3635675
3516.0,0.0,1.391,1.36744,1.37369,1.37478,1.3767274999999999
3517.0,0.0,1.39927,1.3768,1.38071,1.38277,1.3848874999999998
3518.0,0.0,1.39847,1.37701,1.38001,1.38305,1.384635
3519.0,0.0,1.38867,1.36746,1.37137,1.37495,1.3756125
3520.0,0.0,1.37244,1.3507,1.35689,1.36051,1.360135
3521.0,0.0,1.35403,1.33092,1.34015,1.34327,1.3420925000000001
3522.0,0.0,1.33717,1.31249,1.32474,1.32707,1.3253675
3523.0,0.0,1.32536,1.29913,1.31391,1.31522,1.313405
3524.0,0.0,1.32074,1.29358,1.30984,1.31018,1.3085849999999999
3525.0,0.0,1.32477,1.29702,1.3135,1.31295,1.31206
3526.0,0.0,1.33629,1.30864,1.32376,1.32293,1.322905
3527.0,0.0,1.3524,1.3252,1.33795,1.33738,1.3382325000000002
3528.0,0.0,1.36861,1.34248,1.35262,1.35266,1.3540925000000001
3529.0,0.0,1.38166,1.3569,1.36506,1.36566,1.36732
3530.0,0.0,1.39018,1.367,1.37418,1.37496,1.37658
3531.0,0.0,1.39539,1.37353,1.38052,1.38098,1.3826049999999999
3532.0,0.0,1.39898,1.37837,1.38527,1.3853,1.38698
3533.0,0.0,1.40244,1.38277,1.38949,1.38894,1.3909099999999999
3534.0,0.0,1.406,1.38733,1.39358,1.39249,1.39485
3535.0,0.0,1.40932,1.39178,1.39741,1.39593,1.39861
3536.0,0.0,1.41211,1.39562,1.40077,1.39877,1.4018175000000002
3537.0,0.0,1.41418,1.39863,1.40343,1.40087,1.4042775
3538.0,0.0,1.41526,1.40042,1.40512,1.40215,1.4057374999999999
3539.0,0.0,1.41549,1.40102,1.40587,1.40256,1.4062350000000001
3540.0,0.0,1.41536,1.40111,1.4062,1.40266,1.4063325
3541.0,0.0,1.41601,1.40157,1.40692,1.40317,1.4069175
3542.0,0.0,1.41789,1.40306,1.40833,1.40452,1.40845
3543.0,0.0,1.4203,1.40508,1.40996,1.40638,1.4104299999999999
3544.0,0.0,1.42181,1.40646,1.41087,1.40771,1.4117125
3545.0,0.0,1.42151,1.40619,1.41046,1.40766,1.4114550000000001
3546.0,0.0,1.41967,1.40416,1.40865,1.40605,1.4096324999999998
3547.0,0.0,1.41681,1.40077,1.40548,1.40323,1.4065725
3548.0,0.0,1.41305,1.39616,1.40093,1.39924,1.402345
3549.0,0.0,1.40784,1.39016,1.3949,1.39381,1.3966775
3550.0,0.0,1.4008,1.38246,1.38752,1.3868,1.3893950000000002
3551.0,0.0,1.39241,1.37351,1.37934,1.3787,1.3809900000000002
3552.0,0.0,1.3839,1.36451,1.37137,1.37058,1.3725899999999998
3553.0,0.0,1.37676,1.35686,1.36484,1.36359,1.3655125000000001
3554.0,0.0,1.372,1.35176,1.36052,1.35874,1.3607550000000002
3555.0,0.0,1.36962,1.34926,1.35853,1.35621,1.358405
3556.0,0.0,1.36925,1.3489,1.35841,1.35556,1.3580299999999998
3557.0,0.0,1.37012,1.35,1.35949,1.35635,1.3589900000000001
3558.0,0.0,1.3721,1.35194,1.36117,1.35798,1.3607974999999999
3559.0,0.0,1.37449,1.35413,1.36251,1.35977,1.3627250000000002
3560.0,0.0,1.37568,1.35477,1.36209,1.36017,1.3631775000000002
3561.0,0.0,1.37295,1.35151,1.35799,1.35708,1.3598824999999999
3562.0,0.0,1.3639,1.34217,1.3489,1.34883,1.35095
3563.0,0.0,1.34886,1.32681,1.33519,1.33535,1.3365525
3564.0,0.0,1.33064,1.3079,1.31897,1.31875,1.3190650000000002
3565.0,0.0,1.31331,1.28899,1.30276,1.30202,1.3017699999999999
3566.0,0.0,1.29861,1.2725,1.28808,1.28725,1.28661
3567.0,0.0,1.28634,1.25857,1.27525,1.27455,1.2736774999999998
3568.0,0.0,1.27493,1.24658,1.26412,1.26342,1.2622625
3569.0,0.0,1.26477,1.23661,1.25494,1.25404,1.25259
3570.0,0.0,1.25733,1.22964,1.24866,1.24727,1.2457250000000002
3571.0,0.0,1.25473,1.22706,1.24592,1.24423,1.242985
3572.0,0.0,1.25628,1.22857,1.24618,1.24505,1.24402
3573.0,0.0,1.26013,1.23193,1.24777,1.2476,1.2468575
3574.0,0.0,1.26262,1.23426,1.24835,1.24924,1.2486175
3575.0,0.0,1.26127,1.23261,1.2456,1.24752,1.24675
3576.0,0.0,1.25416,1.22524,1.23814,1.24074,1.23957
3577.0,0.0,1.24162,1.21221,1.2261,1.22892,1.2272124999999998
3578.0,0.0,1.22534,1.19535,1.21119,1.2138,1.21142
3579.0,0.0,1.20901,1.17786,1.19608,1.19817,1.1952800000000001
3580.0,0.0,1.19559,1.16301,1.18318,1.18494,1.18168
3581.0,0.0,1.18687,1.15243,1.17372,1.17552,1.172135
3582.0,0.0,1.18199,1.14602,1.16759,1.16982,1.1663549999999998
3583.0,0.0,1.17937,1.14245,1.16412,1.16682,1.16319
3584.0,0.0,1.1781,1.141,1.1631,1.16585,1.1620125
3585.0,0.0,1.17914,1.14242,1.16527,1.16747,1.163575
3586.0,0.0,1.18467,1.14859,1.17183,1.17316,1.1695625
3587.0,0.0,1.19611,1.16083,1.1835,1.18397,1.1811025
3588.0,0.0,1.21299,1.17866,1.19962,1.19942,1.1976725
3589.0,0.0,1.23227,1.19949,1.21807,1.21747,1.216825
3590.0,0.0,1.25048,1.21988,1.23621,1.23528,1.2354625000000001
3591.0,0.0,1.26509,1.23736,1.25232,1.25069,1.251365
3592.0,0.0,1.27641,1.25166,1.26624,1.26332,1.2644075000000001
3593.0,0.0,1.28621,1.26427,1.2789,1.27444,1.2759550000000002
3594.0,0.0,1.2965,1.2768,1.29127,1.28546,1.2875074999999998
3595.0,0.0,1.30779,1.2899,1.30348,1.29693,1.299525
3596.0,0.0,1.31907,1.3026,1.31473,1.30815,1.3111375
3597.0,0.0,1.32849,1.31291,1.32346,1.31736,1.320555
3598.0,0.0,1.33369,1.31855,1.32779,1.32263,1.325665
3599.0,0.0,1.33283,1.31756,1.32612,1.32225,1.32469
3600.0,0.0,1.32481,1.30911,1.31809,1.31536,1.3168425
3601.0,0.0,1.31107,1.29447,1.30493,1.3028,1.3033175
3602.0,0.0,1.29429,1.27659,1.28916,1.28712,1.2867899999999999
3603.0,0.0,1.27817,1.25885,1.27352,1.27113,1.2704175
3604.0,0.0,1.26466,1.24369,1.25989,1.25707,1.2563275
3605.0,0.0,1.25413,1.23168,1.24892,1.24577,1.245125
3606.0,0.0,1.24594,1.22252,1.24064,1.23714,1.23656
3607.0,0.0,1.24007,1.21619,1.23536,1.23128,1.230725
3608.0,0.0,1.23769,1.21359,1.23378,1.22886,1.22848
3609.0,0.0,1.23985,1.21578,1.2364,1.23073,1.23069
3610.0,0.0,1.24656,1.22274,1.24281,1.23676,1.2372174999999999
3611.0,0.0,1.25601,1.23291,1.25157,1.24557,1.246515
3612.0,0.0,1.26573,1.24359,1.26049,1.25476,1.2561425
3613.0,0.0,1.27277,1.25176,1.26712,1.26169,1.2633349999999999
3614.0,0.0,1.27491,1.25474,1.26935,1.26416,1.26579
3615.0,0.0,1.27071,1.2513,1.26645,1.26126,1.26243
3616.0,0.0,1.26179,1.24278,1.25987,1.25407,1.2546275000000002
3617.0,0.0,1.25209,1.23331,1.2535,1.2461,1.24625
3618.0,0.0,1.24787,1.22877,1.25169,1.24213,1.2426149999999998
3619.0,0.0,1.25249,1.23334,1.25748,1.24605,1.2473400000000001
3620.0,0.0,1.26647,1.24748,1.27115,1.25825,1.2608375
3621.0,0.0,1.28607,1.26863,1.2905,1.27668,1.28047
3622.0,0.0,1.3074,1.29252,1.31229,1.29781,1.302505
3623.0,0.0,1.32748,1.31568,1.33351,1.31838,1.3237625
3624.0,0.0,1.34478,1.33563,1.35135,1.33605,1.3419525
3625.0,0.0,1.35711,1.34973,1.36302,1.34855,1.3546025
3626.0,0.0,1.3615,1.35473,1.36578,1.35303,1.3587600000000002
3627.0,0.0,1.35492,1.34807,1.35807,1.34738,1.35211
3628.0,0.0,1.33765,1.32986,1.3407,1.33173,1.334985
3629.0,0.0,1.31324,1.30385,1.3176,1.30942,1.3110275
3630.0,0.0,1.28888,1.27689,1.29422,1.28603,1.286505
3631.0,0.0,1.27017,1.25555,1.27585,1.26737,1.267235
3632.0,0.0,1.26082,1.24365,1.26552,1.2566,1.2566475
3633.0,0.0,1.25973,1.24163,1.26368,1.25428,1.2548300000000001
3634.0,0.0,1.26506,1.24746,1.26878,1.25874,1.26001
3635.0,0.0,1.27403,1.25844,1.27887,1.26771,1.2697625
3636.0,0.0,1.28576,1.27248,1.2918,1.27925,1.2823225
3637.0,0.0,1.2985,1.28755,1.3052,1.29183,1.29577
3638.0,0.0,1.31004,1.30071,1.31642,1.30302,1.3075475
3639.0,0.0,1.31702,1.30878,1.32275,1.30995,1.314625
3640.0,0.0,1.31683,1.30921,1.3222,1.31042,1.314665
3641.0,0.0,1.30871,1.30117,1.31439,1.3036,1.3069675
3642.0,0.0,1.29424,1.28615,1.30061,1.29046,1.292865
3643.0,0.0,1.27627,1.26706,1.28327,1.27336,1.27499
3644.0,0.0,1.25771,1.24707,1.26499,1.25503,1.2562000000000002
3645.0,0.0,1.24047,1.22856,1.24783,1.23751,1.2385925
3646.0,0.0,1.22514,1.21271,1.23331,1.22181,1.2232425
3647.0,0.0,1.21189,1.20063,1.22233,1.2089,1.2109375
3648.0,0.0,1.20152,1.19326,1.21572,1.1997,1.20255
3649.0,0.0,1.19486,1.19126,1.21497,1.19495,1.19901
3650.0,0.0,1.19459,1.19579,1.22014,1.19555,1.2015175
3651.0,0.0,1.19952,1.20607,1.23027,1.202,1.209465
3652.0,0.0,1.20871,1.21953,1.24335,1.21206,1.2209124999999998
3653.0,0.0,1.21889,1.23382,1.25736,1.22349,1.23339
3654.0,0.0,1.22874,1.24727,1.27084,1.23474,1.2453975000000002
3655.0,0.0,1.23754,1.25925,1.28297,1.24503,1.2561974999999999
3656.0,0.0,1.24505,1.2694,1.29312,1.25379,1.2653400000000001
3657.0,0.0,1.25048,1.27693,1.30036,1.26029,1.272015
3658.0,0.0,1.2526,1.28057,1.30362,1.26345,1.27506
3659.0,0.0,1.25049,1.27924,1.30232,1.26239,1.27361
3660.0,0.0,1.24445,1.27317,1.2967,1.25723,1.2678875
3661.0,0.0,1.23585,1.2639,1.28807,1.24931,1.2592824999999999
3662.0,0.0,1.22689,1.25356,1.27854,1.24036,1.2498375
3663.0,0.0,1.2195,1.24435,1.26978,1.23211,1.241435
3664.0,0.0,1.21414,1.23718,1.26226,1.22547,1.2347625
3665.0,0.0,1.2097,1.23113,1.25559,1.21994,1.22909
3666.0,0.0,1.20496,1.2251,1.24933,1.21457,1.22349
3667.0,0.0,1.20005,1.21943,1.24389,1.2096,1.2182425000000001
3668.0,0.0,1.19678,1.21566,1.24081,1.20632,1.2148925
3669.0,0.0,1.19733,1.21581,1.24155,1.20622,1.2152275000000001
3670.0,0.0,1.20201,1.22061,1.24583,1.20989,1.219585
3671.0,0.0,1.20849,1.22787,1.25151,1.21578,1.2259125000000002
3672.0,0.0,1.21337,1.23359,1.25565,1.22051,1.23078
3673.0,0.0,1.21391,1.23456,1.25547,1.22117,1.2312775
3674.0,0.0,1.209,1.22926,1.24932,1.21657,1.2260375
3675.0,0.0,1.19884,1.2176,1.23746,1.20671,1.2151524999999999
3676.0,0.0,1.18504,1.20137,1.22197,1.19288,1.200315
3677.0,0.0,1.17058,1.18424,1.20607,1.178,1.1847225
3678.0,0.0,1.15887,1.17014,1.19322,1.16557,1.17195
3679.0,0.0,1.15265,1.16187,1.1858,1.15805,1.1645925
3680.0,0.0,1.15242,1.16018,1.18376,1.15599,1.1630875
3681.0,0.0,1.15548,1.16254,1.18471,1.15755,1.16507
3682.0,0.0,1.15773,1.16447,1.18514,1.15898,1.16658
3683.0,0.0,1.15551,1.1623,1.18229,1.15709,1.1642975
3684.0,0.0,1.14822,1.15522,1.17606,1.15116,1.1576650000000002
3685.0,0.0,1.13925,1.14635,1.16938,1.14363,1.1496525
3686.0,0.0,1.13407,1.14125,1.16682,1.13911,1.1453125
3687.0,0.0,1.13735,1.14487,1.17194,1.14179,1.1489875
3688.0,0.0,1.14971,1.1583,1.18501,1.15277,1.1614475000000002
3689.0,0.0,1.1669,1.17763,1.20248,1.16903,1.17901
3690.0,0.0,1.18233,1.19609,1.21872,1.18487,1.1955025000000001
3691.0,0.0,1.19065,1.20768,1.22904,1.19515,1.20563
3692.0,0.0,1.19067,1.21026,1.23204,1.19787,1.20771
3693.0,0.0,1.1855,1.20643,1.2299,1.19501,1.20421
3694.0,0.0,1.18009,1.20147,1.22676,1.19096,1.19982
3695.0,0.0,1.17853,1.20005,1.22642,1.18975,1.1986875000000001
3696.0,0.0,1.18235,1.20413,1.23038,1.193,1.2024650000000001
3697.0,0.0,1.18984,1.21224,1.23703,1.19949,1.20965
3698.0,0.0,1.19683,1.21984,1.24206,1.20543,1.21604
3699.0,0.0,1.19742,1.22065,1.24019,1.2057,1.2159900000000001
3700.0,0.0,1.18671,1.20942,1.22741,1.19583,1.2048424999999998
3701.0,0.0,1.16346,1.18479,1.20317,1.17456,1.181495
3702.0,0.0,1.13168,1.15056,1.1713,1.14498,1.14963
3703.0,0.0,1.09973,1.11453,1.13877,1.11358,1.1166525
3704.0,0.0,1.07605,1.08549,1.11265,1.0878,1.0904975000000001
3705.0,0.0,1.06511,1.06911,1.09738,1.07285,1.0761125
3706.0,0.0,1.06606,1.06605,1.09394,1.06975,1.07395
3707.0,0.0,1.07509,1.07357,1.10097,1.07625,1.08147
3708.0,0.0,1.08907,1.0888,1.11618,1.08967,1.09593
3709.0,0.0,1.1067,1.11005,1.13732,1.10842,1.1156225
3710.0,1.28296,1.12745,1.13558,1.16216,1.13101,1.1390500000000001
3711.0,1.2831,1.14986,1.16258,1.18775,1.15486,1.1637625
3712.0,1.28809,1.17104,1.18736,1.21004,1.17646,1.1862249999999999
3713.0,1.23674,1.1866,1.20515,1.22443,1.19173,1.2019775
3714.0,1.12695,1.19187,1.21072,1.22695,1.19637,1.2064775
3715.0,0.9646,1.18362,1.2008,1.21519,1.18731,1.19673
3716.0,1.17399,1.16082,1.17518,1.18929,1.16437,1.172415
3717.0,1.1665,1.12583,1.13671,1.15275,1.13041,1.136425
3718.0,1.12232,1.08523,1.09215,1.1124,1.09136,1.095285
3719.0,1.30155,1.04871,1.05169,1.07709,1.05585,1.058335
3720.0,1.43481,1.0263,1.02559,1.05512,1.03272,1.0349325
3721.0,1.73505,1.02408,1.02016,1.05116,1.02747,1.0307175000000002
3722.0,1.91292,1.04102,1.03495,1.06419,1.03977,1.0449825
3723.0,3.04317,1.06907,1.06267,1.0879,1.06363,1.0708175
3724.0,8.9242,1.09767,1.09289,1.11371,1.09014,1.0986025
3725.0,16.16954,1.1186,1.1166,1.13454,1.11152,1.1203150000000002
3726.0,17.43103,1.12925,1.12965,1.14667,1.12373,1.132325
3727.0,20.01351,1.13109,1.13256,1.14902,1.12662,1.1348225
3728.0,22.56867,1.12522,1.12643,1.14153,1.1211,1.12857
3729.0,17.51581,1.11048,1.11033,1.12405,1.10669,1.1128875
3730.0,6.68392,1.08518,1.08324,1.09687,1.08245,1.086935
3731.0,2.29689,1.05029,1.04691,1.06248,1.04993,1.0524025
3732.0,1.45786,1.0117,1.00685,1.02675,1.01425,1.0148875
3733.0,1.50939,0.97907,0.97211,0.9976,0.9833,0.98302
3734.0,1.47462,0.96208,0.95247,0.98252,0.96543,0.9656250000000001
3735.0,1.39693,0.966,0.95378,0.98574,0.966,0.9678799999999999
3736.0,0.89309,0.98986,0.97564,1.00655,0.98491,0.9892400000000001
3737.0,1.01373,1.02705,1.01212,1.03937,1.01694,1.02387
3738.0,1.20197,1.06732,1.05348,1.07557,1.05361,1.062495
3739.0,1.02747,1.10039,1.08892,1.10603,1.08552,1.095215
3740.0,0.97759,1.11878,1.11011,1.12382,1.10515,1.114465
3741.0,1.11052,1.11975,1.11333,1.12588,1.10889,1.1169625
3742.0,1.03745,1.1054,1.09989,1.11317,1.09754,1.104
3743.0,1.04699,1.08073,1.07454,1.08942,1.07504,1.0799325
3744.0,1.00212,1.05076,1.04272,1.0594,1.04632,1.0497999999999998
3745.0,0.52661,1.01931,1.00913,1.02766,1.01577,1.0179675
3746.0,1.01474,0.98953,0.978,0.99865,0.98727,0.9883625
3747.0,1.24122,0.96537,0.95371,0.97723,0.96493,0.9653099999999999
3748.0,1.64488,0.95272,0.94163,0.96828,0.95336,0.9539975
3749.0,1.8287,0.95698,0.94681,0.97507,0.95687,0.9589325
3750.0,1.74236,0.97941,0.97043,0.99744,0.97673,0.9810025
3751.0,1.4302,1.01507,1.00751,1.03087,1.00906,1.0156275
3752.0,0.9882,1.05446,1.04858,1.06739,1.04565,1.05402
3753.0,1.0442,1.08738,1.08349,1.09817,1.07745,1.0866225
3754.0,1.03964,1.10649,1.10456,1.1166,1.0977,1.1063375
3755.0,1.05937,1.10959,1.10872,1.1207,1.10371,1.11068
3756.0,1.21936,1.1002,1.09885,1.11354,1.09763,1.1025550000000002
3757.0,1.1932,1.08644,1.08305,1.10158,1.08575,1.089205
3758.0,1.26423,1.07664,1.07036,1.09167,1.07566,1.0785825
3759.0,1.16969,1.07527,1.06609,1.08787,1.07214,1.0753424999999999
3760.0,1.14947,1.08143,1.07014,1.09026,1.07523,1.079265
3761.0,1.06186,1.09005,1.07813,1.09579,1.08135,1.08633
3762.0,1.27961,1.09606,1.08486,1.10037,1.08602,1.0918275
3763.0,1.07786,1.09653,1.08703,1.10092,1.08638,1.0927149999999999
3764.0,0.95777,1.09061,1.08347,1.09634,1.08158,1.088
3765.0,1.09048,1.07894,1.07438,1.08733,1.07203,1.0781699999999999
3766.0,1.001,1.06349,1.06184,1.07582,1.05934,1.0651225
3767.0,1.03208,1.04727,1.04934,1.06465,1.04642,1.05192
3768.0,1.12902,1.03381,1.0401,1.05712,1.0366,1.0419075
3769.0,1.83857,1.0271,1.03691,1.05612,1.03271,1.0382099999999999
3770.0,2.01388,1.03076,1.04265,1.06331,1.03701,1.0434325
3771.0,1.5787,1.04545,1.05806,1.07848,1.05041,1.0581
3772.0,1.38891,1.06831,1.08035,1.09959,1.07104,1.0798225000000001
3773.0,1.28446,1.0948,1.10537,1.1236,1.09507,1.1047099999999999
3774.0,1.15117,1.12077,1.13018,1.14781,1.11921,1.1294925
3775.0,1.02349,1.14418,1.15328,1.17069,1.14179,1.152485
3776.0,1.08587,1.1649,1.17426,1.19184,1.16233,1.1733325000000001
3777.0,1.07775,1.18348,1.19343,1.21122,1.18088,1.1922525
3778.0,1.33861,1.20019,1.21105,1.22854,1.19752,1.209325
3779.0,1.09546,1.21438,1.22638,1.24297,1.21179,1.2238799999999999
3780.0,1.08607,1.22476,1.23759,1.25313,1.22237,1.2344625
3781.0,1.34359,1.22989,1.2429,1.25735,1.22763,1.2394425
3782.0,1.00159,1.22831,1.24088,1.25408,1.22624,1.2373775
3783.0,1.19064,1.21895,1.2303,1.24251,1.21729,1.2272625000000001
3784.0,1.16207,1.2018,1.21091,1.22315,1.20074,1.20915
3785.0,0.93899,1.17893,1.1848,1.19823,1.17823,1.1850475
3786.0,1.06063,1.15432,1.15647,1.17139,1.15327,1.1588625
3787.0,1.19254,1.13196,1.13048,1.14634,1.12985,1.1346574999999999
3788.0,1.01163,1.11414,1.1095,1.1254,1.11041,1.1148624999999999
3789.0,1.07847,1.10054,1.09365,1.1085,1.09495,1.09941
3790.0,1.33766,1.08844,1.08061,1.09342,1.08144,1.0859775
3791.0,1.31198,1.07399,1.06632,1.07685,1.06653,1.0709225
3792.0,0.94904,1.05381,1.04692,1.05594,1.04702,1.0509225
3793.0,0.88526,1.02642,1.02083,1.02968,1.02148,1.0246024999999999
3794.0,0.94409,0.99338,0.98965,0.99985,0.99133,0.9935525000000001
3795.0,1.11095,0.95954,0.95792,0.97103,0.96085,0.9623349999999999
3796.0,1.60021,0.93242,0.93234,0.94964,0.93635,0.9376875
3797.0,2.40706,0.9207,0.92078,0.94202,0.92471,0.9270525000000001
3798.0,1.85244,0.93019,0.92915,0.95197,0.9311,0.9356024999999999
3799.0,1.41577,0.96026,0.95742,0.97881,0.95601,0.963125
3800.0,0.98135,1.00389,0.99932,1.01723,0.99416,1.0036500000000002
3801.0,0.88884,1.05068,1.04533,1.0592,1.03687,1.0480200000000002
3802.0,1.09874,1.09112,1.08642,1.09689,1.07578,1.0875525
3803.0,0.958,1.11979,1.11662,1.1253,1.10541,1.11678
3804.0,1.06431,1.13623,1.13442,1.14332,1.12418,1.1345375
3805.0,1.07047,1.14385,1.14262,1.15322,1.13417,1.143465
3806.0,1.08358,1.14789,1.14636,1.15879,1.13943,1.1481175
3807.0,1.24531,1.15229,1.14995,1.16291,1.14359,1.1521850000000002
3808.0,1.12089,1.15727,1.15402,1.16606,1.14762,1.1562425
3809.0,0.87211,1.15989,1.15581,1.16631,1.14948,1.1578724999999999
3810.0,0.99119,1.15638,1.15156,1.161,1.14608,1.1537549999999999
3811.0,1.15637,1.14478,1.13914,1.14874,1.13563,1.1420725
3812.0,1.10558,1.12659,1.11955,1.13057,1.11883,1.123885
3813.0,1.02887,1.10578,1.09655,1.10941,1.09856,1.1025749999999999
3814.0,1.29291,1.08613,1.07431,1.08847,1.07825,1.08179
3815.0,1.0977,1.06953,1.05539,1.06973,1.06003,1.0636700000000001
3816.0,1.12148,1.05527,1.03985,1.05353,1.04423,1.04822
3817.0,1.17921,1.04157,1.02603,1.03949,1.03008,1.0342925
3818.0,1.29969,1.02854,1.01317,1.02764,1.01731,1.021665
3819.0,1.41079,1.01872,1.00284,1.01874,1.00722,1.0118800000000001
3820.0,1.21565,1.0143,0.99703,1.01327,1.00149,1.0065225
3821.0,1.01314,1.01431,0.995,1.01034,0.99972,1.0048425
3822.0,1.08256,1.01476,0.99336,1.00774,0.99897,1.0037075
3823.0,1.03997,1.01175,0.98893,1.00344,0.99603,1.0000375000000001
3824.0,0.96441,1.00459,0.98129,0.99678,0.98983,0.9931225
3825.0,1.21393,0.99527,0.97217,0.98856,0.98162,0.984405
3826.0,1.09255,0.98603,0.9632,0.97971,0.97291,0.9754625
3827.0,1.16475,0.97705,0.95442,0.97005,0.9638,0.96633
3828.0,1.08306,0.966,0.94395,0.9579,0.95265,0.955125
3829.0,0.89703,0.94953,0.92886,0.94107,0.93702,0.93912
3830.0,0.99007,0.92537,0.90691,0.91838,0.91517,0.9164574999999999
3831.0,0.99576,0.89439,0.87865,0.89096,0.88762,0.8879049999999999
3832.0,1.07338,0.86107,0.84805,0.86254,0.85788,0.8573850000000001
3833.0,1.49297,0.83221,0.82125,0.83841,0.83157,0.83086
3834.0,2.41328,0.81444,0.8042,0.82354,0.81431,0.8141225
3835.0,2.7591,0.81155,0.80043,0.82087,0.80969,0.810635
3836.0,2.08742,0.82313,0.80991,0.83059,0.81818,0.8204525
3837.0,1.29891,0.84616,0.83021,0.8508,0.83764,0.8412025
3838.0,0.97455,0.87704,0.85842,0.87872,0.86508,0.869815
3839.0,1.07871,0.91263,0.89201,0.91154,0.89776,0.903485
3840.0,1.00823,0.95049,0.92871,0.94659,0.93318,0.9397425
3841.0,0.93344,0.98787,0.96581,0.98106,0.96868,0.9758549999999999
3842.0,1.05553,1.02129,0.99974,1.01212,1.00122,1.0085925
3843.0,0.92705,1.04797,1.0274,1.03741,1.02794,1.03518
3844.0,0.90741,1.06659,1.04717,1.05566,1.04729,1.0541775
3845.0,1.30427,1.07744,1.05914,1.0669,1.05927,1.0656875
3846.0,1.14121,1.08202,1.06458,1.07221,1.065,1.0709525000000002
3847.0,1.09411,1.08209,1.06515,1.0733,1.06617,1.0716774999999998
3848.0,1.21015,1.07979,1.06289,1.07208,1.06464,1.06985
3849.0,0.99171,1.07736,1.06011,1.07018,1.06228,1.0674825000000001
3850.0,0.99949,1.07603,1.05833,1.06832,1.06035,1.0657575
3851.0,1.20787,1.07499,1.05691,1.06611,1.05863,1.06416
3852.0,0.89879,1.07229,1.05379,1.06234,1.05558,1.061
3853.0,1.13435,1.06627,1.04737,1.0559,1.04967,1.0548025
3854.0,1.09151,1.0564,1.03728,1.04655,1.04056,1.0451975
3855.0,1.1164,1.04388,1.02452,1.03523,1.02912,1.0331875
3856.0,1.15342,1.03092,1.01118,1.02384,1.01718,1.02078
3857.0,1.091,1.0201,0.99989,1.01484,1.00717,1.0105
3858.0,1.22,1.01438,0.99358,1.01065,1.00157,1.005045
3859.0,1.16726,1.01626,0.99481,1.01275,1.00238,1.00655
3860.0,1.23451,1.02585,1.00402,1.02086,1.00997,1.015175
3861.0,1.31644,1.04006,1.01835,1.0326,1.0222,1.0283025000000001
3862.0,1.08093,1.05402,1.03298,1.04443,1.035,1.0416075
3863.0,1.06041,1.06346,1.04359,1.05307,1.04449,1.0511525
3864.0,1.08344,1.06671,1.04824,1.05677,1.04863,1.0550875000000002
3865.0,1.31008,1.06455,1.04724,1.05549,1.04753,1.0537025
3866.0,2.78995,1.05868,1.04191,1.05023,1.04242,1.0483099999999999
3867.0,7.70099,1.05043,1.03361,1.04232,1.03463,1.0402475
3868.0,11.87144,1.04059,1.02349,1.03315,1.02539,1.0306549999999999
3869.0,9.37537,1.03036,1.01302,1.02444,1.01619,1.0210025
3870.0,4.1545,1.02215,1.00458,1.01819,1.00904,1.0134899999999998
3871.0,1.52004,1.01867,1.00077,1.01608,1.00602,1.0103849999999999
3872.0,1.21351,1.02103,1.0028,1.01835,1.00797,1.0125375
3873.0,1.12225,1.0272,1.00898,1.02323,1.01336,1.0181925
3874.0,1.03015,1.03282,1.01511,1.02758,1.01868,1.0235475
3875.0,1.00457,1.03393,1.01705,1.02849,1.02035,1.0249549999999998
3876.0,1.01176,1.02925,1.01328,1.02485,1.01689,1.0210675
3877.0,0.96621,1.02074,1.00534,1.01762,1.00939,1.0132725
3878.0,1.02701,1.01156,0.99637,1.00879,1.00038,1.004275
3879.0,1.04302,1.00331,0.98821,0.99992,0.99176,0.9958
3880.0,0.99491,0.99566,0.98062,0.99114,0.98361,0.9877575000000001
3881.0,1.04894,0.98701,0.97225,0.98113,0.97453,0.97873
3882.0,1.01517,0.97465,0.96093,0.96775,0.96245,0.966445
3883.0,1.1201,0.95563,0.94395,0.94922,0.94523,0.9485075
3884.0,0.86354,0.92871,0.91985,0.92545,0.92176,0.9239425
3885.0,0.84605,0.89659,0.89109,0.89927,0.89397,0.89523
3886.0,1.66145,0.86583,0.86417,0.87626,0.8675,0.86844
3887.0,3.65462,0.84516,0.84702,0.86319,0.84994,0.8513275
3888.0,5.58513,0.84254,0.84633,0.8652,0.8476,0.8504175
3889.0,4.87468,0.86057,0.86452,0.88346,0.86297,0.86788
3890.0,2.55342,0.89468,0.89772,0.91443,0.89315,0.899995
3891.0,1.10002,0.93599,0.93762,0.95136,0.93093,0.938975
3892.0,0.95042,0.97538,0.97566,0.98718,0.96825,0.9766174999999999
3893.0,0.86155,1.00697,1.00631,1.01701,0.99954,1.0074575
3894.0,1.01889,1.02964,1.02822,1.03917,1.02288,1.0299775
3895.0,1.16446,1.04531,1.04301,1.05444,1.03918,1.045485
3896.0,1.11296,1.05605,1.05285,1.06462,1.0504,1.05598
3897.0,0.94858,1.06337,1.05921,1.07148,1.05806,1.0630300000000001
3898.0,1.01682,1.06854,1.06347,1.07618,1.06321,1.06785
3899.0,0.97262,1.07221,1.06652,1.07929,1.06663,1.0711625
3900.0,0.86268,1.0742,1.06832,1.08083,1.06857,1.07298
3901.0,0.96771,1.07411,1.06812,1.08067,1.06876,1.0729149999999998
3902.0,1.02007,1.0722,1.06591,1.07914,1.06725,1.0711249999999999
3903.0,1.03421,1.06957,1.06312,1.07755,1.06523,1.0688675
3904.0,1.18799,1.06851,1.06206,1.07802,1.06483,1.068355
3905.0,0.9978,1.07199,1.06554,1.0826,1.06822,1.0720875
3906.0,0.91789,1.08117,1.07518,1.09214,1.07665,1.081285
3907.0,1.03325,1.09452,1.08983,1.10564,1.08938,1.0948425000000002
3908.0,0.89349,1.10912,1.10635,1.1207,1.10385,1.1100050000000001
3909.0,1.12765,1.12195,1.12136,1.13444,1.11714,1.1237225
3910.0,1.00017,1.13091,1.13246,1.14463,1.12712,1.13378
3911.0,1.04656,1.13524,1.13852,1.15008,1.13278,1.1391550000000001
3912.0,1.08207,1.13513,1.13926,1.15048,1.13388,1.1396875
3913.0,1.07202,1.13108,1.13505,1.14599,1.13057,1.1356725
3914.0,0.94756,1.12335,1.12633,1.13693,1.12311,1.12743
3915.0,1.04899,1.11208,1.11338,1.12362,1.11172,1.1152
3916.0,1.09482,1.09747,1.0966,1.10661,1.09669,1.0993425
3917.0,1.09249,1.07986,1.07667,1.08684,1.07866,1.0805075
3918.0,1.04146,1.06042,1.05495,1.06588,1.05889,1.060035
3919.0,0.80322,1.04141,1.03373,1.04576,1.03931,1.0400525
3920.0,1.26789,1.02524,1.01551,1.02834,1.02212,1.0228025
3921.0,1.05183,1.01319,1.00166,1.0145,1.00866,1.0095025
3922.0,0.90061,1.00468,0.9915,1.00356,0.9986,0.9995850000000001
3923.0,0.92554,0.99718,0.9825,0.9934,0.9899,0.990745
3924.0,1.09658,0.98744,0.97124,0.98137,0.97978,0.9799574999999999
3925.0,1.01976,0.9731,0.95505,0.96541,0.96589,0.9648625
3926.0,1.03436,0.9536,0.93309,0.94483,0.94739,0.9447274999999999
3927.0,1.06412,0.92995,0.90629,0.9204,0.92497,0.9204025
3928.0,0.85895,0.90408,0.87682,0.89393,0.90033,0.89379
3929.0,0.81315,0.87806,0.84719,0.86767,0.87553,0.8671125
3930.0,1.0933,0.85391,0.81988,0.84393,0.85263,0.8425874999999999
3931.0,1.17687,0.83391,0.79744,0.82498,0.83373,0.8225150000000001
3932.0,0.98345,0.82064,0.78244,0.81297,0.82102,0.8092675
3933.0,1.1298,0.81665,0.77725,0.80966,0.81651,0.8050175
3934.0,1.02857,0.8234,0.7833,0.81595,0.82145,0.811025
3935.0,1.14806,0.84037,0.80028,0.83135,0.83564,0.82691
3936.0,1.06193,0.86494,0.82577,0.85382,0.85714,0.8504175
3937.0,0.98268,0.89313,0.85585,0.88007,0.88263,0.87792
3938.0,0.81564,0.92055,0.88604,0.90641,0.90834,0.905335
3939.0,0.94524,0.94371,0.91252,0.92982,0.93107,0.92928
3940.0,1.02074,0.96114,0.93328,0.94878,0.94911,0.9480775
3941.0,0.92043,0.97361,0.94878,0.96374,0.96275,0.9622200000000001
3942.0,1.09292,0.9836,0.96137,0.97653,0.97394,0.97386
3943.0,1.17381,0.99424,0.97412,0.98939,0.98517,0.98573
3944.0,0.96435,1.00733,0.9891,1.00373,0.99821,0.9995925000000001
3945.0,0.90397,1.02223,1.00615,1.01961,1.01322,1.0153025000000002
3946.0,0.96453,1.03729,1.02363,1.03606,1.02892,1.0314750000000001
3947.0,1.03509,1.05129,1.04006,1.0518,1.04383,1.046745
3948.0,1.03167,1.06351,1.05472,1.06579,1.05704,1.060265
3949.0,1.01916,1.07324,1.06697,1.07734,1.06801,1.0713899999999998
3950.0,1.02405,1.07998,1.07607,1.086,1.0762,1.0795625
3951.0,1.04771,1.08385,1.08173,1.0915,1.08122,1.084575
3952.0,0.96777,1.08521,1.08426,1.09375,1.08319,1.0866025000000001
3953.0,0.97985,1.08401,1.08383,1.09273,1.08242,1.0857475
3954.0,1.09427,1.08009,1.08013,1.08839,1.07885,1.081865
3955.0,1.10116,1.07354,1.07291,1.08045,1.0721,1.0747499999999999
3956.0,1.08325,1.06385,1.06185,1.06829,1.06165,1.0639100000000001
3957.0,1.01089,1.04958,1.04592,1.05093,1.04659,1.048255
3958.0,1.16431,1.02885,1.02347,1.02743,1.02568,1.0263575
3959.0,0.81692,1.00079,0.99345,0.99755,0.9981,0.9974725
3960.0,0.82666,0.96669,0.95695,0.96223,0.96454,0.9626025
3961.0,0.93075,0.92919,0.91668,0.92331,0.92713,0.9240775
3962.0,1.04032,0.89015,0.875,0.88252,0.88796,0.8839075
3963.0,1.16386,0.84981,0.83251,0.84072,0.84776,0.8427
3964.0,1.25552,0.80725,0.78865,0.79811,0.80609,0.800025
3965.0,1.84971,0.76208,0.74354,0.75549,0.76309,0.75605
3966.0,3.39594,0.71674,0.69966,0.71553,0.72103,0.7132399999999999
3967.0,4.55209,0.67747,0.66247,0.68304,0.68485,0.6769575
3968.0,4.76424,0.65261,0.63916,0.66383,0.66113,0.6541825
3969.0,5.41264,0.64911,0.63584,0.66264,0.65576,0.6508375
3970.0,4.65641,0.66934,0.6549,0.68118,0.67145,0.6692175
3971.0,2.86706,0.71003,0.69379,0.71743,0.7064,0.7069124999999999
3972.0,1.31731,0.76403,0.74633,0.76631,0.7551,0.7579425000000001
3973.0,1.02523,0.82313,0.8052,0.82155,0.81058,0.815115
3974.0,1.00072,0.88051,0.86408,0.87749,0.86666,0.872185
3975.0,0.88634,0.93229,0.91876,0.93008,0.91905,0.925045
3976.0,1.00662,0.97709,0.96715,0.9769,0.96544,0.971645
3977.0,1.03443,1.01443,1.00822,1.01663,1.00477,1.0110124999999999
3978.0,1.05949,1.04387,1.04122,1.04855,1.03645,1.0425225
3979.0,0.99276,1.06514,1.06566,1.07251,1.06023,1.065885
3980.0,0.84685,1.07891,1.08206,1.08926,1.0766,1.0817074999999998
3981.0,0.92908,1.08726,1.09238,1.10056,1.08725,1.0918625
3982.0,1.05708,1.09316,1.09962,1.10885,1.09471,1.099085
3983.0,0.95809,1.09914,1.10654,1.11639,1.10148,1.1058875000000001
3984.0,0.93458,1.1064,1.11462,1.12454,1.10904,1.11365
3985.0,0.92414,1.11482,1.12387,1.13342,1.11752,1.1224075
3986.0,1.06573,1.12335,1.13331,1.14232,1.12613,1.1312775
3987.0,1.21281,1.13059,1.14169,1.15028,1.13387,1.1391075000000002
3988.0,1.06742,1.13598,1.14824,1.15672,1.14005,1.1452475
3989.0,1.0513,1.14005,1.15312,1.16153,1.14458,1.14982
3990.0,1.21171,1.14316,1.1567,1.16475,1.14775,1.15309
3991.0,1.10789,1.14485,1.15877,1.16623,1.14952,1.1548425
3992.0,1.14445,1.14436,1.15857,1.16565,1.14938,1.15449
3993.0,1.01145,1.14131,1.15557,1.16295,1.14699,1.151705
3994.0,1.05495,1.13629,1.15047,1.159,1.14293,1.1471725
3995.0,1.05096,1.13127,1.14543,1.15565,1.13895,1.142825
3996.0,1.04431,1.12912,1.14336,1.15513,1.13741,1.141255
3997.0,1.03395,1.13198,1.14649,1.15883,1.14004,1.1443349999999999
3998.0,0.90247,1.13946,1.15469,1.16629,1.14685,1.1518225
3999.0,0.8782,1.14872,1.16515,1.17505,1.15563,1.1611374999999997
4000.0,0.96681,1.15604,1.17363,1.18155,1.16277,1.1684975
4001.0,1.07668,1.15792,1.17625,1.18275,1.16497,1.1704725
4002.0,1.11495,1.15235,1.17113,1.17761,1.16069,1.165445
4003.0,1.01295,1.14093,1.15973,1.16783,1.15107,1.15489
4004.0,1.16222,1.12884,1.14684,1.15729,1.13982,1.1431975
4005.0,1.16036,1.12133,1.13816,1.15025,1.13171,1.1353625
4006.0,1.00877,1.12091,1.13708,1.14945,1.12999,1.1343575000000001
4007.0,1.10506,1.12708,1.14347,1.15502,1.13485,1.140105
4008.0,1.15986,1.13721,1.15452,1.1649,1.14409,1.1501800000000002
4009.0,1.03699,1.14796,1.16677,1.1763,1.1548,1.1614575
4010.0,1.08356,1.15707,1.17775,1.18699,1.16478,1.1716475000000002
4011.0,0.97203,1.16407,1.18653,1.19591,1.17303,1.179885
4012.0,0.84263,1.16935,1.19321,1.20287,1.17946,1.1862225
4013.0,0.93564,1.17328,1.19815,1.20803,1.18422,1.19092
4014.0,1.12602,1.17576,1.20151,1.21156,1.18745,1.19407
4015.0,0.85453,1.17675,1.20336,1.21365,1.18921,1.1957425000000002
4016.0,0.87557,1.17675,1.20402,1.21443,1.18968,1.19622
4017.0,1.02454,1.17612,1.20377,1.21385,1.18903,1.1956925
4018.0,1.04309,1.17419,1.20218,1.21148,1.18702,1.1937175
4019.0,1.08735,1.16984,1.19821,1.20656,1.18277,1.189345
4020.0,0.99602,1.1622,1.1909,1.19851,1.17537,1.181745
4021.0,0.89634,1.15088,1.18016,1.18756,1.1647,1.170825
4022.0,0.97249,1.13682,1.16724,1.1752,1.15191,1.1577925
4023.0,0.91912,1.1231,1.15493,1.16378,1.13942,1.1453075000000001
4024.0,0.96127,1.11365,1.14635,1.15551,1.13008,1.1363975
4025.0,1.26029,1.1107,1.14299,1.15104,1.12563,1.13259
4026.0,1.38112,1.11289,1.14316,1.14876,1.12518,1.1324975000000002
4027.0,1.20095,1.11574,1.14251,1.14545,1.12534,1.13226
4028.0,1.05084,1.11433,1.13662,1.13816,1.12214,1.1278125
4029.0,1.08752,1.1069,1.12423,1.12631,1.11375,1.1177975
4030.0,1.12974,1.09584,1.10836,1.11251,1.10204,1.1046875
4031.0,1.08054,1.08612,1.0948,1.1016,1.09168,1.09355
4032.0,0.92099,1.08315,1.08947,1.09842,1.08768,1.08968
4033.0,0.90757,1.09022,1.09583,1.1056,1.09322,1.0962174999999998
4034.0,1.04612,1.10678,1.11342,1.12243,1.10825,1.11272
4035.0,1.03405,1.12874,1.13804,1.1451,1.1295,1.135345
4036.0,0.99914,1.15035,1.16333,1.16811,1.15168,1.1583675
4037.0,0.96216,1.16636,1.18309,1.18607,1.16944,1.17624
4038.0,1.01604,1.17362,1.19328,1.19525,1.17901,1.18529
4039.0,1.03915,1.17163,1.19263,1.19412,1.17893,1.1843275
4040.0,0.97084,1.16132,1.18182,1.18304,1.16957,1.1739375
4041.0,1.01625,1.14365,1.1623,1.16388,1.15234,1.1555425
4042.0,0.96313,1.12038,1.13656,1.13995,1.12961,1.131625
4043.0,1.03012,1.09587,1.10938,1.11609,1.10552,1.1067150000000001
4044.0,1.00989,1.07702,1.08783,1.09813,1.08603,1.0872525000000002
4045.0,0.94986,1.0702,1.07865,1.09104,1.07705,1.0792350000000002
4046.0,0.90343,1.07745,1.08468,1.09675,1.08146,1.085085
4047.0,0.87119,1.09563,1.10321,1.1129,1.09726,1.1022500000000002
4048.0,0.99039,1.11807,1.12738,1.13376,1.11851,1.12443
4049.0,1.01332,1.13724,1.14919,1.15266,1.13825,1.144335
4050.0,0.93349,1.14799,1.16274,1.16457,1.15114,1.1566100000000001
4051.0,0.97604,1.1492,1.16598,1.16745,1.155,1.1594075
4052.0,0.92012,1.14281,1.16021,1.16221,1.15071,1.153985
4053.0,1.1354,1.13208,1.14873,1.15165,1.141,1.143365
4054.0,0.96948,1.1203,1.13535,1.13917,1.12915,1.1309925
4055.0,0.91211,1.10998,1.12318,1.12765,1.11807,1.11972
4056.0,0.91902,1.1028,1.11424,1.11882,1.10958,1.11136
4057.0,0.87078,1.09931,1.10906,1.1128,1.10415,1.10633
4058.0,0.96188,1.09793,1.10612,1.1082,1.10067,1.10323
4059.0,0.98321,1.0954,1.10237,1.10289,1.09677,1.0993575
4060.0,0.89403,1.08889,1.09508,1.09526,1.0902,1.0923575
4061.0,1.04855,1.07839,1.084,1.08542,1.08059,1.0821
4062.0,1.00351,1.0672,1.07205,1.0755,1.07009,1.0712099999999998
4063.0,0.92778,1.05949,1.06341,1.06838,1.06224,1.06338
4064.0,0.95474,1.05732,1.06068,1.06605,1.05953,1.060895
4065.0,0.9834,1.06021,1.0637,1.06837,1.06196,1.06356
4066.0,1.12533,1.06588,1.07003,1.07334,1.06737,1.0691549999999999
4067.0,1.27275,1.07108,1.07629,1.07835,1.07286,1.0746449999999999
4068.0,1.26233,1.07332,1.07993,1.08158,1.07631,1.077785
4069.0,1.19027,1.07273,1.08055,1.08266,1.07721,1.0782874999999998
4070.0,1.17518,1.07163,1.07975,1.08236,1.07667,1.0776025
4071.0,0.92488,1.07183,1.07923,1.08164,1.07615,1.0772125000000001
4072.0,0.85461,1.07271,1.07907,1.0807,1.07597,1.0771125
4073.0,0.88734,1.07208,1.07781,1.07899,1.07509,1.0759925000000001
4074.0,1.01998,1.06856,1.07424,1.07626,1.07251,1.0728925
4075.0,1.13393,1.06349,1.0695,1.07374,1.06904,1.0689425
4076.0,1.00646,1.06077,1.06727,1.07408,1.06759,1.0674275
4077.0,1.00053,1.0645,1.07157,1.07985,1.07152,1.07186
4078.0,1.08298,1.07599,1.08387,1.09163,1.08212,1.0834025
4079.0,0.99375,1.09233,1.10155,1.10734,1.0974,1.0996549999999998
4080.0,0.96715,1.10805,1.11941,1.12316,1.11308,1.1159249999999998
4081.0,0.95975,1.11868,1.1328,1.13566,1.12517,1.1280774999999998
4082.0,1.03406,1.12328,1.14017,1.14357,1.13215,1.1347924999999999
4083.0,0.92752,1.12437,1.14348,1.14811,1.13546,1.137855
4084.0,0.87314,1.12568,1.14628,1.15177,1.13803,1.14044
4085.0,1.03268,1.12958,1.15123,1.15648,1.14216,1.1448625
4086.0,1.06697,1.13576,1.15851,1.16254,1.14814,1.1512375
4087.0,0.90667,1.14203,1.16615,1.16856,1.1544,1.157785
4088.0,0.84183,1.14591,1.17147,1.17247,1.15863,1.1621199999999998
4089.0,0.78,1.1457,1.17244,1.17242,1.15899,1.1623875
4090.0,0.94934,1.14086,1.16818,1.16731,1.15455,1.1577250000000001
4091.0,1.03381,1.13143,1.15849,1.15662,1.14502,1.1478899999999999
4092.0,1.02167,1.11697,1.14308,1.1401,1.13016,1.1325775
4093.0,1.02849,1.09664,1.12161,1.11772,1.10968,1.1114125000000001
4094.0,0.93204,1.07035,1.09425,1.08982,1.08361,1.0845075
4095.0,0.90141,1.03897,1.0619,1.05729,1.05262,1.052695
4096.0,0.98945,1.00371,1.02599,1.02164,1.0179,1.0173100000000002
4097.0,1.05469,0.9657,0.98821,0.98502,0.98115,0.98002
4098.0,0.9087,0.92704,0.95094,0.95035,0.94482,0.9432875000000001
4099.0,1.96895,0.89232,0.9183,0.92167,0.9129,0.9112975
4100.0,5.12902,0.86861,0.89602,0.90368,0.89079,0.889775
4101.0,7.4668,0.8626,0.8897,0.90033,0.88375,0.884095
4102.0,6.30679,0.87692,0.90194,0.91295,0.89434,0.8965375
4103.0,3.12033,0.9085,0.93043,0.93915,0.92067,0.9246875
4104.0,1.50703,0.9495,0.9683,0.97323,0.95661,0.96191
4105.0,0.84985,0.99036,1.00694,1.00819,0.99419,0.99992
4106.0,0.8912,1.02367,1.03921,1.03811,1.02662,1.0319025
4107.0,0.99418,1.04635,1.0617,1.05991,1.0503,1.054565
4108.0,0.99383,1.05961,1.07496,1.07379,1.06529,1.0684125
4109.0,0.89413,1.06706,1.08221,1.08221,1.07418,1.076415
4110.0,0.90179,1.07261,1.0873,1.0882,1.0803,1.0821025
4111.0,0.86278,1.0787,1.09289,1.09396,1.08618,1.0879325
4112.0,0.85127,1.08557,1.09954,1.10006,1.09259,1.09444
4113.0,1.07608,1.09183,1.10604,1.10563,1.09866,1.1005399999999999
4114.0,0.92346,1.09565,1.11035,1.10916,1.10276,1.10448
4115.0,0.96436,1.09573,1.11088,1.10949,1.10357,1.1049175
4116.0,0.94452,1.09208,1.10747,1.10652,1.10092,1.1017475
4117.0,0.92971,1.08628,1.10149,1.10136,1.09589,1.096255
4118.0,0.87366,1.0807,1.09517,1.09586,1.09043,1.0905399999999998
4119.0,0.90087,1.07734,1.09073,1.09196,1.08657,1.0866500000000001
4120.0,1.1285,1.07729,1.08959,1.0908,1.08559,1.0858174999999999
4121.0,0.96941,1.08056,1.09192,1.09248,1.08768,1.08816
4122.0,0.89602,1.08599,1.09658,1.09601,1.09189,1.0926175
4123.0,0.99761,1.09147,1.10155,1.09969,1.09646,1.0972925
4124.0,1.07235,1.09473,1.10457,1.10154,1.09941,1.1000625
4125.0,1.04298,1.09422,1.10391,1.10007,1.09912,1.0993300000000001
4126.0,1.00606,1.08958,1.09882,1.09468,1.09484,1.09448
4127.0,1.03471,1.08136,1.08965,1.0857,1.08683,1.085885
4128.0,1.10015,1.0706,1.0776,1.07427,1.07609,1.07464
4129.0,1.06459,1.05873,1.06442,1.06219,1.0642,1.062385
4130.0,0.94046,1.04779,1.05237,1.05174,1.05321,1.0512774999999999
4131.0,0.98282,1.04035,1.04414,1.04529,1.04549,1.0438175
4132.0,0.91595,1.03881,1.0422,1.04466,1.04324,1.0422275
4133.0,0.94935,1.04427,1.04772,1.05045,1.04756,1.0475
4134.0,1.00847,1.05556,1.05972,1.06149,1.05767,1.05861
4135.0,1.00568,1.06963,1.07511,1.07501,1.07091,1.0726650000000002
4136.0,0.91874,1.0825,1.08961,1.08724,1.08349,1.08571
4137.0,0.83295,1.09036,1.09894,1.09445,1.09156,1.0938275000000002
4138.0,1.14483,1.09031,1.09993,1.09404,1.09227,1.0941375
4139.0,0.98347,1.0811,1.0913,1.08532,1.08447,1.0855475
4140.0,0.90655,1.06403,1.07449,1.07,1.06934,1.069465
4141.0,1.00432,1.04363,1.05373,1.05195,1.05059,1.0499749999999999
4142.0,1.02507,1.02631,1.03506,1.03603,1.0335,1.0327250000000001
4143.0,0.94575,1.01739,1.02393,1.02629,1.02298,1.0226475
4144.0,0.93949,1.01854,1.02266,1.02433,1.02126,1.0216975
4145.0,0.96171,1.02711,1.02933,1.02876,1.02694,1.028035
4146.0,1.02947,1.03794,1.0392,1.0361,1.03595,1.0372975
4147.0,1.00953,1.04625,1.04741,1.0426,1.04392,1.045045
4148.0,1.07696,1.04978,1.05118,1.04574,1.04812,1.048705
4149.0,0.94956,1.04882,1.05038,1.04503,1.04815,1.048095
4150.0,0.96166,1.04514,1.04651,1.04154,1.04522,1.0446024999999999
4151.0,1.10717,1.04058,1.04148,1.03695,1.04101,1.040005
4152.0,1.05309,1.0365,1.03684,1.03283,1.03704,1.0358025
4153.0,0.93596,1.03395,1.03383,1.03047,1.03449,1.033185
4154.0,1.00844,1.03389,1.03359,1.03086,1.03439,1.0331825
4155.0,0.93991,1.0372,1.037,1.03466,1.03752,1.036595
4156.0,1.08105,1.04407,1.04437,1.042,1.04413,1.0436425
4157.0,1.03807,1.05367,1.05503,1.05221,1.05364,1.0536375
4158.0,0.94956,1.06439,1.06737,1.06385,1.06469,1.065075
4159.0,1.01525,1.07441,1.07933,1.07511,1.07547,1.07608
4160.0,1.0,1.08214,1.08897,1.08419,1.08421,1.0848775
4161.0,0.94651,1.08639,1.09486,1.08972,1.0896,1.0901425
4162.0,1.08429,1.08665,1.09629,1.09104,1.09092,1.091225
4163.0,0.98128,1.08308,1.09333,1.08833,1.08823,1.0882425
4164.0,0.92986,1.07656,1.08689,1.08252,1.08233,1.082075
4165.0,1.01332,1.06864,1.07851,1.07484,1.0746,1.0741475
4166.0,0.90658,1.06082,1.06971,1.06636,1.06639,1.06582
4167.0,0.86361,1.0536,1.06117,1.0576,1.05841,1.057695
4168.0,1.00027,1.04617,1.05239,1.04837,1.05037,1.049325
4169.0,0.95663,1.03721,1.04229,1.03814,1.04142,1.039765
4170.0,1.04656,1.02641,1.03041,1.02692,1.03115,1.0287225
4171.0,0.96505,1.01527,1.01789,1.01566,1.0204,1.017305
4172.0,0.95392,1.0063,1.00715,1.00601,1.01106,1.0076299999999998
4173.0,0.9957,1.00151,1.00047,0.99959,1.00506,1.0016574999999999
4174.0,1.05037,1.00141,0.99876,0.99723,1.00329,1.0001725
4175.0,1.06184,1.00493,1.00125,0.99859,1.00523,1.0025
4176.0,0.95424,1.01038,1.00624,1.00248,1.00951,1.0071525
4177.0,1.03943,1.01614,1.0121,1.00748,1.01466,1.0125950000000001
4178.0,1.03657,1.02108,1.01776,1.01262,1.01965,1.0177775
4179.0,1.05359,1.02487,1.02274,1.01751,1.02402,1.0222849999999999
4180.0,0.88741,1.02771,1.02702,1.02208,1.02774,1.0261375
4181.0,0.85888,1.03002,1.03071,1.02618,1.03092,1.0294575
4182.0,1.02574,1.03182,1.03373,1.02945,1.0335,1.032125
4183.0,0.92638,1.03246,1.03559,1.03146,1.03505,1.0336400000000001
4184.0,0.94859,1.03124,1.03564,1.03195,1.03507,1.033475
4185.0,0.95618,1.0285,1.03391,1.03124,1.03358,1.0318075
4186.0,0.97931,1.02562,1.03159,1.03024,1.0315,1.0297375
4187.0,1.01011,1.02434,1.03058,1.03026,1.03042,1.0289000000000001
4188.0,0.97928,1.02591,1.03235,1.03223,1.03162,1.0305275
4189.0,0.96289,1.03033,1.03696,1.03606,1.03522,1.0346425
4190.0,1.10067,1.03603,1.04279,1.04038,1.03992,1.03978
4191.0,1.06362,1.04022,1.04708,1.04278,1.0433,1.043345
4192.0,0.85069,1.03997,1.04692,1.04069,1.04273,1.0425775
4193.0,0.78215,1.03335,1.04019,1.03265,1.03638,1.0356425
4194.0,0.98309,1.02011,1.02657,1.01892,1.0239,1.022375
4195.0,1.06331,1.00201,1.00789,1.0013,1.00676,1.00449
4196.0,0.93377,0.98243,0.98759,0.98265,0.98789,0.98514
4197.0,0.89543,0.96516,0.96957,0.96635,0.97087,0.9679875000000001
4198.0,0.93882,0.95326,0.95703,0.95538,0.95874,0.9561025000000001
4199.0,0.9767,0.94855,0.95179,0.95137,0.95337,0.95127
4200.0,1.00957,0.95152,0.95426,0.9546,0.95536,0.953935
4201.0,1.0507,0.96126,0.96376,0.96438,0.96415,0.9633875000000001
4202.0,1.17031,0.97605,0.97877,0.97927,0.97834,0.9781074999999999
4203.0,1.00087,0.99371,0.9972,0.99715,0.99587,0.9959825
4204.0,0.84931,1.01182,1.01665,1.01571,1.01441,1.0146475
4205.0,1.03269,1.02818,1.03467,1.03277,1.03164,1.031815
4206.0,1.02902,1.04107,1.04926,1.04644,1.04564,1.0456025
4207.0,1.01585,1.04954,1.05918,1.05566,1.05529,1.0549175
4208.0,1.05083,1.05359,1.06414,1.06018,1.06027,1.059545
4209.0,1.03479,1.05377,1.06456,1.06031,1.06096,1.0599
4210.0,0.96217,1.05073,1.06126,1.05682,1.05812,1.0567325
4211.0,0.94918,1.0451,1.05518,1.05093,1.0527,1.0509775
4212.0,1.01794,1.03786,1.04764,1.04449,1.04602,1.0440025
4213.0,0.89018,1.03108,1.04083,1.03972,1.04002,1.0379125
4214.0,0.93686,1.02762,1.0376,1.03874,1.03713,1.0352725
4215.0,0.98048,1.02982,1.04041,1.04287,1.03942,1.03813
4216.0,0.87316,1.03804,1.04962,1.05179,1.04728,1.0466825
4217.0,0.85769,1.04985,1.0626,1.06287,1.05856,1.05847
4218.0,1.02069,1.06049,1.07428,1.0718,1.0689,1.0688674999999999
4219.0,0.92297,1.06464,1.0789,1.0737,1.07314,1.072595
4220.0,0.96662,1.05825,1.07202,1.06474,1.06721,1.065555
4221.0,0.99836,1.03977,1.0519,1.04392,1.04949,1.04627
4222.0,0.91781,1.01072,1.02033,1.01375,1.02147,1.0165675
4223.0,0.96481,0.97611,0.98266,0.9797,0.98779,0.9815649999999999
4224.0,0.90692,0.94374,0.94697,0.94891,0.95553,0.9487875
4225.0,0.89667,0.92213,0.92203,0.92848,0.93246,0.926275
4226.0,1.06626,0.91718,0.91429,0.92303,0.92434,0.91971
4227.0,0.80903,0.92951,0.92504,0.93287,0.93263,0.9300125
4228.0,0.88847,0.95392,0.94966,0.95394,0.9537,0.952805
4229.0,0.8897,0.98158,0.97943,0.9795,0.98016,0.9801675
4230.0,0.83586,1.00414,1.00537,1.00242,1.00395,1.00397
4231.0,0.93409,1.01694,1.02172,1.01752,1.01959,1.0189425
4232.0,0.99518,1.01981,1.02742,1.02358,1.02578,1.0241475
4233.0,0.97557,1.01589,1.02524,1.02286,1.02464,1.0221575
4234.0,0.90308,1.00953,1.01961,1.01903,1.02,1.0170425
4235.0,0.93065,1.00447,1.01474,1.01579,1.01569,1.0126725
4236.0,0.93521,1.00297,1.01344,1.01585,1.01435,1.0116524999999998
4237.0,0.99069,1.00593,1.01694,1.0202,1.01721,1.0150700000000001
4238.0,1.08797,1.01302,1.02515,1.02873,1.02438,1.02282
4239.0,1.0613,1.02311,1.03705,1.04071,1.03497,1.03396
4240.0,0.88956,1.03483,1.05107,1.05454,1.0475,1.046985
4241.0,0.82198,1.04653,1.06516,1.06793,1.06017,1.0599475
4242.0,1.01213,1.05614,1.07688,1.0785,1.07083,1.0705875
4243.0,1.02474,1.06134,1.08363,1.08393,1.07712,1.076505
4244.0,1.03009,1.06023,1.08322,1.08245,1.07713,1.0757575
4245.0,0.98952,1.05209,1.07484,1.07379,1.07008,1.0676999999999999
4246.0,0.86606,1.03811,1.05971,1.05935,1.0568,1.0534925
4247.0,0.87305,1.02148,1.04096,1.04179,1.0399,1.0360325000000001
4248.0,0.92194,1.00606,1.02258,1.02438,1.02299,1.0190025
4249.0,0.85756,0.99473,1.00792,1.00998,1.00919,1.005455
4250.0,0.82697,0.98838,0.99863,1.00024,1.00014,0.9968475000000001
4251.0,0.89904,0.98634,0.99455,0.9954,0.99588,0.9930425
4252.0,1.05035,0.98729,0.99453,0.99483,0.99551,0.9930399999999999
4253.0,1.10206,0.99013,0.99722,0.99732,0.99772,0.9955975
4254.0,0.84471,0.99384,1.00134,1.00103,1.00117,0.9993449999999999
4255.0,0.87159,0.99712,1.00533,1.00412,1.00457,1.002785
4256.0,1.01143,0.99826,1.00747,1.00562,1.0066,1.0044875
4257.0,0.94561,0.99634,1.00688,1.00589,1.00649,1.0039
4258.0,0.93712,0.99277,1.00474,1.00629,1.00503,1.0022075
4259.0,1.10331,0.99117,1.00441,1.00884,1.00488,1.002325
4260.0,0.8919,0.99529,1.0096,1.01565,1.00937,1.0074775
4261.0,0.95549,1.00647,1.02186,1.02768,1.02001,1.019005
4262.0,0.95446,1.02229,1.03914,1.04313,1.03522,1.0349449999999998
4263.0,0.85373,1.03765,1.05641,1.05779,1.05064,1.0506224999999998
4264.0,0.86251,1.04715,1.06786,1.06679,1.06102,1.060705
4265.0,0.91749,1.0472,1.06913,1.06625,1.06237,1.0612374999999998
4266.0,0.88069,1.03676,1.05857,1.05472,1.05314,1.0507974999999998
4267.0,0.93381,1.0172,1.03734,1.03352,1.03424,1.0305750000000002
4268.0,0.89878,0.99178,1.00885,1.00615,1.00865,1.0038575
4269.0,0.86407,0.96488,0.97799,0.97736,0.98076,0.9752475
4270.0,0.8963,0.94125,0.95027,0.95212,0.95549,0.9497825
4271.0,0.86601,0.92526,0.93073,0.93479,0.93733,0.9320275
4272.0,0.84672,0.91981,0.92281,0.92823,0.92949,0.925085
4273.0,0.85476,0.92543,0.92739,0.93315,0.933,0.9297424999999999
4274.0,0.83111,0.94014,0.94263,0.94774,0.94623,0.9441849999999999
4275.0,0.91689,0.95988,0.96436,0.96785,0.96544,0.9643825
4276.0,0.88837,0.97959,0.98717,0.9885,0.98596,0.985305
4277.0,0.84893,0.99481,1.00602,1.00585,1.00335,1.0025074999999999
4278.0,0.99038,1.00317,1.01781,1.01753,1.01464,1.0132875
4279.0,0.95554,1.00503,1.02219,1.02277,1.01923,1.017305
4280.0,0.83806,1.00267,1.02099,1.02251,1.0186,1.0161925
4281.0,0.93084,0.99847,1.01672,1.01854,1.01499,1.01218
4282.0,0.82214,0.99363,1.01101,1.01254,1.00997,1.0067875000000002
4283.0,0.85745,0.98796,1.00415,1.00528,1.0038,1.0002975
4284.0,0.90997,0.98056,0.99551,0.99628,0.99599,0.992085
4285.0,0.83792,0.97089,0.98452,0.98507,0.98611,0.9816475
4286.0,0.86519,0.95935,0.97147,0.97225,0.97451,0.969395
4287.0,1.03604,0.94748,0.95791,0.95969,0.96259,0.9569175000000001
4288.0,1.06714,0.93776,0.94642,0.94981,0.95244,0.9466075
4289.0,0.85937,0.93269,0.93971,0.94426,0.94619,0.9407125000000001
4290.0,0.77492,0.93346,0.93921,0.94339,0.94513,0.9402975
4291.0,0.89717,0.93884,0.94391,0.94633,0.94867,0.9444375
4292.0,0.95073,0.94535,0.95044,0.95075,0.95401,0.9501375000000001
4293.0,0.82816,0.94871,0.9544,0.95304,0.95722,0.9533425
4294.0,0.811,0.94568,0.95212,0.94977,0.9549,0.9506175
4295.0,0.82924,0.93506,0.94189,0.9393,0.94556,0.9404525
4296.0,0.92788,0.91785,0.92434,0.92262,0.92978,0.9236475
4297.0,0.94183,0.89686,0.90216,0.9026,0.90983,0.9028625
4298.0,0.84425,0.87592,0.87927,0.88223,0.88899,0.8816025000000001
4299.0,0.76626,0.85867,0.85954,0.86427,0.87069,0.8632925
4300.0,0.8172,0.84718,0.84547,0.85077,0.85725,0.8501675000000001
4301.0,1.00531,0.84122,0.83726,0.84202,0.84903,0.8423825
4302.0,0.99852,0.83858,0.83304,0.83674,0.84441,0.8381924999999999
4303.0,0.89582,0.83636,0.82999,0.83267,0.8409,0.8349799999999999
4304.0,0.84325,0.83246,0.82588,0.82812,0.83664,0.830775
4305.0,0.84399,0.82663,0.82027,0.8233,0.83126,0.825365
4306.0,0.86295,0.82068,0.81486,0.81999,0.82616,0.8204225
4307.0,1.05151,0.81786,0.81288,0.82063,0.82412,0.8188724999999999
4308.0,0.92661,0.82147,0.81769,0.82772,0.82821,0.8237724999999999
4309.0,0.9138,0.83356,0.83151,0.84292,0.84064,0.8371575
4310.0,1.02181,0.8544,0.85477,0.86659,0.86202,0.859445
4311.0,1.00191,0.88287,0.88633,0.89788,0.8914,0.8896200000000001
4312.0,0.88154,0.91716,0.9242,0.9349,0.9269,0.9257899999999999
4313.0,0.93969,0.95502,0.96589,0.97478,0.96607,0.9654400000000001
4314.0,0.92208,0.9935,1.00825,1.01409,1.00586,1.005425
4315.0,0.84291,1.02869,1.04725,1.04918,1.04253,1.0419125
4316.0,0.82305,1.0562,1.07835,1.07644,1.072,1.0707475
4317.0,0.86389,1.07236,1.09759,1.09276,1.09048,1.0882975
4318.0,0.83251,1.07533,1.10265,1.09613,1.09568,1.0924475
4319.0,0.74922,1.06525,1.09336,1.08619,1.08746,1.0830650000000002
4320.0,0.81221,1.04397,1.07158,1.06483,1.06763,1.0620025
4321.0,0.894,1.01488,1.04096,1.03605,1.0396,1.0328724999999999
4322.0,0.91692,0.9831,1.00701,1.00544,1.00843,1.0009949999999999
4323.0,0.93693,0.95537,0.97668,0.97949,0.98035,0.9729725
4324.0,0.99229,0.93861,0.95715,0.96391,0.96175,0.9553550000000001
4325.0,0.90585,0.93727,0.95335,0.9617,0.95722,0.952385
4326.0,0.92832,0.95098,0.96571,0.97266,0.96751,0.9642149999999999
4327.0,0.92328,0.97452,0.98981,0.99353,0.98893,0.9866975
4328.0,0.87507,1.0003,1.01831,1.01884,1.01486,1.0130775
4329.0,0.87811,1.02193,1.04418,1.04251,1.0386,1.036805
4330.0,0.96056,1.03613,1.06294,1.05973,1.05569,1.0536225000000001
4331.0,0.93547,1.04216,1.07276,1.068,1.06439,1.0618275
4332.0,0.7411,1.03978,1.07289,1.06632,1.06397,1.06074
4333.0,0.89261,1.02774,1.06226,1.05367,1.05338,1.0492625
4334.0,0.92939,1.00412,1.03954,1.02945,1.03146,1.0261425
4335.0,0.78587,0.96836,1.00466,0.99494,0.99833,0.9915725000000001
4336.0,0.97322,0.92346,0.9607,0.95388,0.95675,0.9486975
4337.0,1.25013,0.87665,0.91454,0.91265,0.91283,0.9041675
4338.0,4.4399,0.83769,0.87537,0.87894,0.8751,0.8667750000000001
4339.0,10.607,0.8155,0.85163,0.85948,0.85164,0.8445624999999999
4340.0,13.21041,0.81467,0.84803,0.85767,0.84703,0.84185
4341.0,9.16607,0.83388,0.86396,0.87267,0.86116,0.8579174999999999
4342.0,3.6394,0.86697,0.89425,0.90033,0.8896,0.8877875
4343.0,1.57697,0.90576,0.93153,0.93455,0.92528,0.92428
4344.0,0.9655,0.94305,0.9687,0.9689,0.96127,0.96048
4345.0,0.86406,0.97406,1.00054,0.99852,0.99254,0.991415
4346.0,0.81958,0.99621,1.02379,1.02027,1.01591,1.014045
4347.0,0.79713,1.00838,1.0368,1.03229,1.02971,1.026795
4348.0,0.89858,1.01064,1.03944,1.03465,1.03392,1.0296625
4349.0,0.82266,1.00479,1.03348,1.03004,1.03018,1.0246225
4350.0,0.9112,0.99488,1.02287,1.02237,1.02174,1.015465
4351.0,0.89129,0.9862,1.01292,1.01525,1.01309,1.006865
4352.0,0.82374,0.98319,1.0083,1.01199,1.00876,1.00306
4353.0,0.84526,0.98731,1.01106,1.01474,1.01105,1.00604
4354.0,0.89287,0.99681,1.02004,1.023,1.01903,1.0147199999999998
4355.0,0.87067,1.00812,1.03203,1.0339,1.02977,1.025955
4356.0,0.8755,1.01818,1.04375,1.04478,1.04049,1.0368000000000002
4357.0,0.93513,1.02591,1.05353,1.05477,1.04975,1.04599
4358.0,0.97714,1.03218,1.06171,1.06402,1.05759,1.0538750000000001
4359.0,0.9705,1.03868,1.06975,1.0728,1.0651,1.0615825
4360.0,1.14685,1.04637,1.07869,1.08164,1.07335,1.0700124999999998
4361.0,2.00897,1.05475,1.08818,1.09068,1.08214,1.0789374999999999
4362.0,3.08511,1.06206,1.09659,1.09842,1.08986,1.0867324999999999
4363.0,3.14005,1.06616,1.10167,1.10244,1.09452,1.0911975
4364.0,2.12786,1.06551,1.10168,1.10143,1.0948,1.090855
4365.0,1.09754,1.05998,1.09621,1.09586,1.09037,1.085605
4366.0,1.03874,1.05097,1.0865,1.0869,1.08195,1.0765799999999999
4367.0,1.11675,1.04068,1.07474,1.07573,1.07131,1.0656150000000002
4368.0,0.95309,1.03092,1.06293,1.06384,1.06038,1.0545175
4369.0,0.81435,1.02216,1.05189,1.05238,1.05013,1.04414
4370.0,0.84762,1.0136,1.04133,1.04138,1.0403,1.0341525
4371.0,0.9686,1.00442,1.0307,1.03058,1.03041,1.0240275
4372.0,1.01727,0.99501,1.02027,1.02074,1.02081,1.0142075
4373.0,1.00221,0.98731,1.01168,1.01343,1.01281,1.0063075000000001
4374.0,0.91862,0.98373,1.00706,1.00964,1.00812,1.0021375
4375.0,0.78969,0.98524,1.00734,1.00903,1.00764,1.0023125
4376.0,0.81106,0.98996,1.01078,1.00983,1.01006,1.0051575
4377.0,0.94647,0.99349,1.01316,1.00894,1.01165,1.00681
4378.0,0.88624,0.99066,1.00932,1.00236,1.00771,1.0025125
4379.0,0.87994,0.97804,0.99564,0.98708,0.99502,0.988945
4380.0,0.92148,0.95585,0.97207,0.96367,0.97368,0.9663174999999999
4381.0,0.9109,0.92851,0.94287,0.937,0.94739,0.9389424999999999
4382.0,0.91786,0.90328,0.91522,0.91348,0.92215,0.9135325000000001
4383.0,0.92738,0.88724,0.89647,0.89801,0.90428,0.8965000000000001
4384.0,0.80179,0.88412,0.89089,0.89301,0.8981,0.8915299999999999
4385.0,0.90952,0.89269,0.89809,0.89871,0.90388,0.8983425
4386.0,0.9753,0.9081,0.91388,0.91251,0.91785,0.913085
4387.0,0.92569,0.92492,0.93275,0.92977,0.9348,0.93056
4388.0,0.85271,0.93972,0.95039,0.94654,0.95092,0.9468925
4389.0,0.84754,0.95172,0.96499,0.9612,0.96478,0.9606725
4390.0,0.91593,0.96168,0.97689,0.97373,0.97658,0.9722200000000001
4391.0,0.92529,0.97059,0.9873,0.9848,0.98717,0.9824649999999999
4392.0,0.85222,0.97913,0.99729,0.99536,0.99732,0.992275
4393.0,0.86715,0.98769,1.00737,1.0061,1.0073,1.002115
4394.0,0.94715,0.99632,1.01748,1.01648,1.01693,1.0118025
4395.0,0.94808,1.00434,1.02672,1.02501,1.02561,1.02042
4396.0,0.85025,1.0102,1.03346,1.03032,1.03217,1.0265374999999999
4397.0,0.90316,1.01207,1.03586,1.0314,1.03487,1.02855
4398.0,0.7913,1.00887,1.03272,1.02769,1.03225,1.0253825
4399.0,0.74676,1.0008,1.02391,1.01888,1.02409,1.01692
4400.0,0.87095,0.98896,1.01039,1.0051,1.01143,1.00397
4401.0,0.94822,0.9747,0.99384,0.98809,0.9961,0.9881825
4402.0,0.88432,0.95965,0.97643,0.97131,0.98012,0.9718775
4403.0,0.87788,0.94614,0.96086,0.95783,0.96554,0.9575925
4404.0,0.85002,0.93714,0.9502,0.94915,0.95509,0.9478949999999999
4405.0,0.81406,0.93533,0.94717,0.94701,0.95183,0.945335
4406.0,0.80116,0.94192,0.95324,0.9535,0.95744,0.951525
4407.0,0.76498,0.95597,0.96783,0.96814,0.97086,0.9657
4408.0,0.7455,0.97461,0.988,0.98703,0.98909,0.9846825
4409.0,0.87067,0.99363,1.00905,1.00568,1.00834,1.004175
4410.0,0.98024,1.00849,1.02607,1.02049,1.02443,1.0198699999999998
4411.0,1.04017,1.01574,1.03545,1.02862,1.03383,1.02841
4412.0,1.05785,1.01459,1.03618,1.0295,1.03546,1.0289325
4413.0,0.96293,1.00764,1.03047,1.02575,1.03118,1.02376
4414.0,0.92314,0.99991,1.02307,1.02118,1.02499,1.0172875
4415.0,0.90153,0.99637,1.01901,1.01902,1.02137,1.0139425
4416.0,0.90871,0.99935,1.02104,1.02136,1.02316,1.0162275
4417.0,0.91332,1.00745,1.0285,1.0278,1.02985,1.0233999999999999
4418.0,0.85523,1.01669,1.03794,1.03538,1.03824,1.0320625
4419.0,0.96826,1.023,1.04519,1.04085,1.04473,1.0384425
4420.0,1.00387,1.02438,1.04769,1.04282,1.04708,1.0404925
4421.0,0.81888,1.02156,1.04558,1.04149,1.04525,1.03847
4422.0,0.78283,1.01692,1.04095,1.03794,1.04108,1.0342225
4423.0,0.88313,1.01284,1.03633,1.03396,1.03694,1.0300175
4424.0,0.94049,1.01052,1.03333,1.03134,1.03429,1.02737
4425.0,0.90127,1.0098,1.03221,1.03048,1.03316,1.0264125000000002
4426.0,0.9211,1.00981,1.03208,1.03006,1.03277,1.02618
4427.0,0.93132,1.00952,1.0317,1.02881,1.03228,1.0255775
4428.0,0.78604,1.00819,1.0301,1.02661,1.03088,1.0239449999999999
4429.0,0.93997,1.00538,1.02679,1.02331,1.02786,1.020835
4430.0,0.88491,1.00089,1.02163,1.01816,1.02303,1.0159275
4431.0,0.82132,0.99493,1.015,1.01149,1.01706,1.00962
4432.0,0.89204,0.98851,1.00816,1.00541,1.01114,1.003305
4433.0,0.90972,0.98366,1.00333,1.00228,1.00674,0.9990025
4434.0,0.89039,0.98285,1.00276,1.00329,1.00569,0.9986475
4435.0,0.84446,0.98757,1.00759,1.00842,1.00936,1.003235
4436.0,0.84735,0.99682,1.01697,1.01671,1.01738,1.01197
4437.0,0.87815,1.00709,1.02781,1.02576,1.02711,1.0219425
4438.0,0.93571,1.01417,1.03608,1.03251,1.03483,1.0293975
4439.0,0.99336,1.0156,1.03907,1.0351,1.03807,1.03196
4440.0,0.82282,1.01226,1.037,1.03421,1.03695,1.030105
4441.0,0.79135,1.00777,1.03307,1.03254,1.03408,1.0268650000000001
4442.0,0.81622,1.00626,1.0314,1.03308,1.03304,1.0259449999999999
4443.0,0.85154,1.00993,1.03468,1.03723,1.03622,1.029515
4444.0,0.8811,1.01808,1.04289,1.04471,1.04366,1.0373350000000001
4445.0,0.85572,1.02784,1.05351,1.05412,1.05324,1.0471774999999999
4446.0,0.84409,1.03597,1.06312,1.06269,1.06175,1.0558825
4447.0,0.97117,1.04032,1.0689,1.06732,1.06675,1.0608225
4448.0,0.9855,1.04013,1.06937,1.06683,1.06723,1.0608899999999999
4449.0,0.88305,1.03549,1.06439,1.06153,1.06293,1.056085
4450.0,0.85568,1.02676,1.05447,1.05138,1.05397,1.0466449999999998
4451.0,0.97045,1.01442,1.04027,1.03662,1.04108,1.0330975
4452.0,0.92026,0.99941,1.02295,1.01908,1.02541,1.0167125
4453.0,0.97723,0.98349,1.00444,1.00121,1.00845,0.9993974999999999
4454.0,0.95902,0.96884,0.98696,0.98448,0.99206,0.983085
4455.0,0.84854,0.95725,0.97238,0.97001,0.97824,0.9694699999999999
4456.0,0.83297,0.94941,0.96182,0.9592,0.96826,0.9596724999999999
4457.0,0.79887,0.94492,0.95543,0.9528,0.96217,0.95383
4458.0,0.70091,0.94313,0.95281,0.9502,0.9594,0.951385
4459.0,0.74112,0.94394,0.95359,0.95102,0.95978,0.9520825
4460.0,0.87911,0.94778,0.95786,0.95588,0.96352,0.95626
4461.0,0.94214,0.9549,0.96567,0.96416,0.97049,0.963805
4462.0,0.90391,0.9645,0.9762,0.97406,0.97998,0.973685
4463.0,0.82428,0.9746,0.98755,0.98425,0.99052,0.98423
4464.0,0.82198,0.9828,0.99744,0.99353,0.99974,0.9933775
4465.0,0.86795,0.98737,1.00409,1.00005,1.00574,0.9993125
4466.0,0.86043,0.98808,1.00697,1.00322,1.00833,1.00165
4467.0,0.84921,0.98628,1.00736,1.00473,1.00874,1.0017775
4468.0,0.87043,0.98444,1.00777,1.00681,1.0089,1.0019799999999999
4469.0,1.16573,0.9853,1.01071,1.01131,1.01102,1.004585
4470.0,1.69893,0.99079,1.01789,1.01952,1.01694,1.011285
4471.0,1.81319,1.00134,1.02963,1.03142,1.02727,1.0224149999999999
4472.0,1.50325,1.01557,1.04467,1.04559,1.04106,1.0367225
4473.0,1.1432,1.03081,1.0605,1.06007,1.05605,1.0518575000000001
4474.0,0.90989,1.044,1.0741,1.07248,1.06918,1.06494
4475.0,0.835,1.05245,1.08274,1.08001,1.0778,1.07325
4476.0,0.84667,1.05438,1.08459,1.08096,1.08047,1.0751
4477.0,0.8053,1.04944,1.07945,1.07576,1.07698,1.0704075
4478.0,0.937,1.03924,1.06902,1.06654,1.06848,1.06082
4479.0,0.8794,1.02737,1.05669,1.05636,1.05775,1.0495424999999998
4480.0,0.81972,1.01838,1.04674,1.04866,1.04876,1.040635
4481.0,0.87277,1.0158,1.04281,1.04607,1.04501,1.0374225
4482.0,0.76695,1.02039,1.04613,1.04919,1.04772,1.0408575
4483.0,0.84856,1.02964,1.05476,1.0563,1.05521,1.0489775
4484.0,0.84209,1.03905,1.06443,1.06393,1.06371,1.0577800000000002
4485.0,0.8702,1.04441,1.07069,1.06842,1.06933,1.0632125
4486.0,0.94112,1.04375,1.07098,1.06788,1.0699,1.0631274999999998
4487.0,0.94117,1.03801,1.0656,1.06284,1.06546,1.0579775
4488.0,0.87022,1.03001,1.05699,1.05527,1.05787,1.050035
4489.0,0.82022,1.02265,1.04804,1.04712,1.04967,1.04187
4490.0,0.85042,1.01732,1.04066,1.03972,1.04281,1.0351275
4491.0,0.91822,1.01363,1.0353,1.0338,1.03785,1.030145
4492.0,0.9395,1.01064,1.03152,1.02984,1.0343,1.026575
4493.0,0.91389,1.00818,1.02905,1.02797,1.0318,1.0242499999999999
4494.0,0.95946,1.00732,1.02846,1.02848,1.03098,1.02381
4495.0,0.96271,1.00956,1.03098,1.03204,1.03313,1.0264275
4496.0,0.91077,1.0155,1.03739,1.03923,1.03904,1.03279
4497.0,0.92261,1.02431,1.04728,1.04942,1.04821,1.042305
4498.0,0.91011,1.0344,1.05921,1.06124,1.05933,1.053545
4499.0,0.84401,1.04453,1.07173,1.0739,1.07102,1.065295
4500.0,0.78135,1.0544,1.08407,1.08694,1.08245,1.076965
4501.0,0.758,1.06422,1.096,1.09943,1.09341,1.0882649999999998
4502.0,0.74011,1.07375,1.10717,1.1104,1.10384,1.09879
4503.0,0.79051,1.08191,1.11679,1.11945,1.11304,1.1077975
4504.0,0.88335,1.08735,1.12365,1.12583,1.11959,1.1141050000000001
4505.0,0.91729,1.08934,1.12674,1.1286,1.12256,1.11681
4506.0,0.86735,1.0882,1.12604,1.1278,1.12208,1.1160299999999999
4507.0,0.84327,1.08489,1.12245,1.12432,1.11898,1.11266
4508.0,0.92084,1.08022,1.11698,1.11879,1.11408,1.1075175000000002
4509.0,0.89328,1.07439,1.11012,1.11159,1.10783,1.1009825
4510.0,0.79802,1.06728,1.10199,1.10311,1.10032,1.093175
4511.0,0.75194,1.05904,1.09271,1.09378,1.09171,1.0843099999999999
4512.0,0.82495,1.05045,1.08298,1.08442,1.08265,1.075125
4513.0,0.94545,1.04277,1.07405,1.07623,1.07435,1.0668499999999999
4514.0,0.83375,1.03718,1.0673,1.07018,1.06812,1.060695
4515.0,0.79042,1.03434,1.06364,1.06678,1.06474,1.057375
4516.0,0.82133,1.03424,1.06314,1.06632,1.06423,1.0569825000000002
4517.0,0.82077,1.03621,1.06503,1.06811,1.06566,1.0587525
4518.0,0.80649,1.03896,1.06777,1.07026,1.06782,1.0612025
4519.0,0.88131,1.04072,1.06944,1.07075,1.06932,1.0625575
4520.0,0.84564,1.03961,1.06817,1.06816,1.06829,1.0610575
4521.0,0.92158,1.03422,1.06233,1.06134,1.06295,1.05521
4522.0,0.98171,1.02413,1.05112,1.0496,1.05254,1.0443475000000002
4523.0,0.86198,1.00996,1.03502,1.03319,1.03767,1.02896
4524.0,0.87428,0.99318,1.01576,1.01404,1.02004,1.010755
4525.0,0.92342,0.97585,0.99581,0.99477,1.00161,0.99201
4526.0,0.82639,0.96031,0.9777,0.97753,0.98456,0.975025
4527.0,0.79103,0.94864,0.96361,0.9641,0.97108,0.9618575
4528.0,0.78303,0.94207,0.95492,0.95579,0.96258,0.95384
4529.0,0.79505,0.94041,0.95176,0.95273,0.95919,0.9510225
4530.0,0.76538,0.94222,0.95303,0.954,0.95997,0.952305
4531.0,0.73349,0.94574,0.95716,0.95815,0.9636,0.9561625
4532.0,0.79172,0.95,0.963,0.96425,0.96902,0.9615675
4533.0,0.83678,0.95526,0.97031,0.97235,0.97566,0.968395
4534.0,0.90209,0.9624,0.97934,0.98224,0.9835,0.9768700000000001
4535.0,0.89539,0.97153,0.98996,0.99281,0.99262,0.98673
4536.0,0.85664,0.98121,1.00111,1.00274,1.00241,0.9968675
4537.0,0.84072,0.98894,1.01087,1.011,1.01105,1.005465
4538.0,0.81244,0.99286,1.01721,1.01633,1.01641,1.0107024999999998
4539.0,0.75488,0.99291,1.01928,1.01818,1.01786,1.0120575
4540.0,0.88579,0.99079,1.01818,1.01769,1.01667,1.0108325
4541.0,0.87192,0.98863,1.01596,1.01622,1.01485,1.008915
4542.0,0.75263,0.98773,1.01424,1.01462,1.01383,1.0076049999999999
4543.0,0.76832,0.98807,1.01345,1.01375,1.01373,1.00725
4544.0,0.76153,0.98887,1.01305,1.01347,1.01375,1.007285
4545.0,0.80394,0.98931,1.01227,1.01273,1.01351,1.006955
4546.0,0.86471,0.98902,1.0109,1.01128,1.01313,1.0060825
4547.0,0.80807,0.9881,1.00923,1.00982,1.01242,1.0048925
4548.0,0.72513,0.9869,1.00744,1.00854,1.01122,1.003525
4549.0,0.71261,0.98575,1.00566,1.00714,1.00981,1.00209
4550.0,0.80926,0.98484,1.00421,1.00591,1.00881,1.0009425
4551.0,0.88692,0.98439,1.0037,1.00593,1.00874,1.00069
4552.0,0.81637,0.98504,1.00479,1.00789,1.00991,1.0019075000000002
4553.0,0.82814,0.98784,1.00818,1.01211,1.01304,1.0052925000000001
4554.0,0.85642,0.99381,1.01471,1.01931,1.01905,1.01172
4555.0,0.80859,1.00311,1.02465,1.0294,1.02814,1.021325
4556.0,0.74107,1.01458,1.03697,1.04098,1.03945,1.032995
4557.0,0.79494,1.02596,1.0495,1.05214,1.05099,1.0446475
4558.0,0.79904,1.03474,1.05955,1.06088,1.06019,1.05384
4559.0,0.74103,1.03907,1.06495,1.06555,1.06518,1.0586875
4560.0,0.82015,1.03836,1.06495,1.0655,1.06542,1.0585575
4561.0,0.924,1.03344,1.06045,1.06151,1.06172,1.05428
4562.0,0.90107,1.02638,1.05359,1.05565,1.05582,1.04786
4563.0,0.86268,1.01989,1.04697,1.05029,1.04969,1.0417100000000001
4564.0,0.82272,1.01625,1.04272,1.04698,1.04544,1.0378475
4565.0,0.77808,1.01629,1.04197,1.04638,1.0444,1.0372599999999998
4566.0,0.81717,1.01906,1.04425,1.04815,1.04619,1.0394125
4567.0,0.89318,1.0224,1.04784,1.05117,1.04928,1.0426725000000001
4568.0,0.88321,1.02443,1.05076,1.05373,1.05191,1.0452075
4569.0,0.84712,1.02466,1.05196,1.05492,1.05315,1.0461725
4570.0,0.87651,1.02406,1.05189,1.05563,1.05331,1.0462224999999998
4571.0,0.93623,1.02408,1.05181,1.05642,1.0533,1.0464025000000001
4572.0,0.96427,1.02541,1.05246,1.0567,1.05409,1.0471650000000001
4573.0,0.85998,1.02735,1.05363,1.05668,1.05541,1.0482675000000001
4574.0,0.82093,1.02823,1.0539,1.05579,1.05549,1.0483525
4575.0,0.86998,1.02631,1.05127,1.05211,1.05281,1.045625
4576.0,0.82095,1.0208,1.0449,1.04511,1.04707,1.03947
4577.0,0.856,1.01218,1.03549,1.03578,1.03875,1.03055
4578.0,0.85582,1.00209,1.02459,1.02549,1.02892,1.0202725
4579.0,0.88033,0.9927,1.0141,1.01593,1.01918,1.0104775
4580.0,0.90596,0.98581,1.00586,1.0085,1.01139,1.0028899999999998
4581.0,0.89028,0.98224,1.00105,1.00406,1.00688,0.9985575
4582.0,0.86459,0.98185,1.00004,1.00316,1.00589,0.997735
4583.0,0.83095,0.98405,1.00231,1.00542,1.00777,0.9998875
4584.0,0.83313,0.98826,1.00694,1.00987,1.01179,1.0042149999999999
4585.0,0.8704,0.99403,1.01314,1.01586,1.01736,1.0100975
4586.0,0.88911,1.00054,1.02,1.02238,1.02363,1.0166375
4587.0,0.84974,1.00639,1.02622,1.02784,1.02947,1.02248
4588.0,0.77525,1.00986,1.03023,1.03088,1.03339,1.02609
4589.0,0.78114,1.00975,1.0307,1.03069,1.03401,1.0262875
4590.0,0.81715,1.006,1.02723,1.02722,1.03089,1.0228350000000002
4591.0,0.74589,0.9998,1.02073,1.02124,1.02492,1.0166724999999999
4592.0,0.78588,0.99298,1.01308,1.01416,1.01789,1.0095275
4593.0,0.8483,0.98718,1.00624,1.00767,1.01149,1.003145
4594.0,0.84805,0.98332,1.0014,1.00289,1.00667,0.99857
4595.0,0.86442,0.98156,0.99873,1.0,1.00372,0.9960025
4596.0,0.91577,0.98141,0.99787,0.99889,1.00256,0.9951825
4597.0,0.91196,0.98213,0.99828,0.99912,1.00279,0.99558
4598.0,0.84998,0.98305,0.99927,0.99991,1.00375,0.9964949999999999
4599.0,0.78467,0.98384,1.00037,1.00113,1.00491,0.9975624999999999
4600.0,0.79109,0.98458,1.00147,1.00286,1.00599,0.9987250000000001
4601.0,0.89909,0.9857,1.00287,1.00496,1.00746,1.0002475
4602.0,0.90297,0.98782,1.00544,1.00831,1.01016,1.0029325
4603.0,0.84537,0.99156,1.01003,1.0137,1.01455,1.00746
4604.0,0.80346,0.9974,1.01694,1.02116,1.02094,1.01411
4605.0,0.82864,1.00529,1.02597,1.03055,1.0292,1.0227525000000002
4606.0,0.91858,1.01438,1.0363,1.04095,1.03871,1.032585
4607.0,0.90092,1.02306,1.04646,1.05073,1.0482,1.0421125
4608.0,0.81177,1.02953,1.05466,1.05844,1.05599,1.049655
4609.0,0.86872,1.03267,1.05956,1.06328,1.06067,1.054045
4610.0,0.87443,1.03267,1.06087,1.06505,1.06205,1.05516
4611.0,0.88473,1.03084,1.0596,1.06452,1.06119,1.0540375
4612.0,0.83737,1.02881,1.05757,1.06337,1.05966,1.0523525
4613.0,0.79182,1.02773,1.05622,1.06259,1.0586,1.051285
4614.0,0.89508,1.0278,1.05598,1.06234,1.0585,1.051155
4615.0,0.85482,1.02853,1.05664,1.06297,1.05915,1.0518224999999999
4616.0,0.88117,1.02929,1.05761,1.06388,1.06,1.052695
4617.0,0.92788,1.02976,1.05827,1.06429,1.06075,1.0532675
4618.0,0.88073,1.03004,1.05866,1.06482,1.06118,1.0536750000000001
4619.0,0.77904,1.03035,1.0589,1.06523,1.06127,1.0539375
4620.0,0.81793,1.03075,1.05897,1.0649,1.06135,1.0539924999999999
4621.0,0.73525,1.03099,1.05892,1.0645,1.0613,1.0539275000000001
4622.0,0.72575,1.03071,1.05847,1.06391,1.06068,1.0534425
4623.0,0.82997,1.02972,1.05719,1.06224,1.05945,1.0521500000000001
4624.0,0.78991,1.02808,1.05516,1.06007,1.05775,1.050265
4625.0,0.76769,1.02608,1.05278,1.05802,1.05561,1.0481225
4626.0,0.8418,1.02402,1.05031,1.0556,1.05341,1.0458349999999998
4627.0,0.88507,1.02206,1.04799,1.05295,1.05145,1.0436125
4628.0,0.90848,1.02011,1.04576,1.05056,1.04938,1.0414525000000001
4629.0,0.9261,1.01791,1.04314,1.04786,1.04673,1.03891
4630.0,0.81913,1.01509,1.03973,1.04397,1.0435,1.0355725
4631.0,0.74354,1.01133,1.0354,1.03897,1.03955,1.0313125
4632.0,0.79601,1.00652,1.02993,1.03312,1.03432,1.0259725000000002
4633.0,0.8221,1.00077,1.02311,1.02613,1.02771,1.01943
4634.0,0.87443,0.99439,1.01534,1.01816,1.02044,1.0120825
4635.0,0.89673,0.98785,1.0075,1.01026,1.01319,1.0047
4636.0,0.8734,0.98176,1.00037,1.00319,1.00638,0.997925
4637.0,0.84468,0.97687,0.99449,0.99714,1.00056,0.992265
4638.0,0.82554,0.97377,0.99023,0.99238,0.99627,0.9881625
4639.0,0.77868,0.97244,0.98757,0.98904,0.99348,0.9856325
4640.0,0.76453,0.97191,0.98568,0.98599,0.9914,0.9837450000000001
4641.0,0.76236,0.97046,0.98299,0.98168,0.9888,0.9809825
4642.0,0.7153,0.9664,0.97804,0.97569,0.98418,0.9760775000000002
4643.0,0.87231,0.95905,0.97015,0.96771,0.97686,0.9684424999999999
4644.0,0.84585,0.94936,0.96008,0.95821,0.96777,0.958855
4645.0,0.67214,0.93973,0.95019,0.94967,0.95887,0.9496150000000001
4646.0,0.88874,0.93298,0.94314,0.94438,0.95229,0.9431975
4647.0,0.8386,0.93112,0.94087,0.9433,0.95001,0.941325
4648.0,0.78134,0.93443,0.94408,0.94682,0.95279,0.9445300000000001
4649.0,0.86534,0.94141,0.95154,0.95399,0.95944,0.951595
4650.0,0.89592,0.94961,0.96065,0.96275,0.96764,0.9601624999999999
4651.0,0.78921,0.95674,0.96902,0.97114,0.97545,0.9680875
4652.0,0.84422,0.96178,0.97555,0.97814,0.98197,0.97436
4653.0,0.85251,0.96533,0.98064,0.98428,0.98722,0.9793675
4654.0,0.76651,0.96913,0.98564,0.99049,0.99215,0.9843525
4655.0,0.80124,0.9749,0.99195,0.9974,0.99822,0.9906174999999999
4656.0,0.94687,0.98316,1.00032,1.00556,1.00607,0.9987775000000001
4657.0,1.10242,0.99263,1.0098,1.01387,1.01475,1.0077625000000001
4658.0,1.10362,1.00062,1.01793,1.02004,1.02214,1.0151825
4659.0,0.92452,1.0043,1.02193,1.02197,1.02577,1.0184925
4660.0,0.86179,1.00184,1.01967,1.01808,1.02373,1.0158300000000002
4661.0,0.84186,0.99304,1.01043,1.00799,1.01536,1.006705
4662.0,0.87011,0.97917,0.99519,0.9929,1.0015,0.99219
4663.0,0.86959,0.96236,0.97638,0.97504,0.98433,0.9745275
4664.0,0.82729,0.94522,0.95724,0.957,0.96677,0.9565575
4665.0,0.8542,0.93054,0.94095,0.94185,0.95162,0.9412400000000001
4666.0,0.77135,0.92098,0.92999,0.93225,0.94103,0.9310625
4667.0,0.76098,0.91832,0.92586,0.92925,0.9367,0.9275325000000001
4668.0,0.86689,0.92263,0.92895,0.93275,0.9393,0.9309075
4669.0,0.89977,0.93211,0.93813,0.9415,0.94761,0.9398375
4670.0,0.81075,0.94376,0.95063,0.95296,0.95888,0.9515575000000001
4671.0,0.7958,0.95475,0.96323,0.96452,0.97029,0.9631975
4672.0,0.89122,0.96337,0.97361,0.97433,0.97989,0.9728
4673.0,0.77465,0.96916,0.98075,0.98134,0.98673,0.979495
4674.0,0.75536,0.97225,0.98458,0.98524,0.99058,0.9831625
4675.0,0.8465,0.97276,0.98543,0.98596,0.99162,0.9839424999999999
4676.0,0.8652,0.97063,0.98353,0.9837,0.99,0.981965
4677.0,0.74507,0.96604,0.97913,0.97931,0.98582,0.977575
4678.0,0.6824,0.95972,0.97292,0.97359,0.9798,0.9715075
4679.0,0.78838,0.95295,0.96621,0.96742,0.97332,0.9649749999999999
4680.0,0.80947,0.94697,0.96045,0.96216,0.9675,0.9592700000000001
4681.0,0.81444,0.94249,0.95643,0.95855,0.96289,0.95509
4682.0,0.88393,0.93955,0.95424,0.95628,0.95988,0.9524875
4683.0,0.97636,0.93782,0.95354,0.95518,0.9584,0.951235
4684.0,1.1205,0.93707,0.95377,0.95527,0.95788,0.9509974999999999
4685.0,1.18787,0.93735,0.95438,0.95587,0.95805,0.9514125
4686.0,1.01292,0.9388,0.95531,0.95679,0.9591,0.9525
4687.0,0.95368,0.94142,0.95683,0.95854,0.9611,0.9544725000000001
4688.0,0.8962,0.94497,0.9591,0.96089,0.96392,0.95722
4689.0,0.90911,0.94912,0.96206,0.96366,0.96748,0.96058
4690.0,0.95141,0.95368,0.96569,0.96721,0.97154,0.96453
4691.0,0.80761,0.95851,0.9698,0.9711,0.9759,0.9688275
4692.0,0.80557,0.96324,0.97396,0.97456,0.98028,0.97301
4693.0,0.90253,0.96702,0.97731,0.97705,0.98374,0.97628
4694.0,0.89854,0.96866,0.97859,0.97764,0.98508,0.9774925
4695.0,0.83198,0.96711,0.97688,0.97532,0.98371,0.9757549999999999
4696.0,0.83201,0.96209,0.97198,0.97002,0.97943,0.97088
4697.0,0.84823,0.95442,0.9643,0.96269,0.97243,0.96346
4698.0,0.79112,0.94567,0.95501,0.95442,0.96376,0.954715
4699.0,0.7751,0.9376,0.94596,0.9464,0.95546,0.9463550000000001
4700.0,0.87022,0.93148,0.93907,0.94009,0.94912,0.93994
4701.0,0.88379,0.92784,0.93496,0.93603,0.94502,0.9359625
4702.0,0.89603,0.92646,0.93305,0.93411,0.94283,0.9341124999999999
4703.0,0.89565,0.92663,0.93262,0.93385,0.94228,0.933845
4704.0,0.71063,0.92743,0.9332,0.93446,0.94298,0.9345175
4705.0,0.80984,0.92823,0.93433,0.9356,0.94414,0.935575
4706.0,0.81934,0.9289,0.93566,0.9372,0.94525,0.9367525
4707.0,0.87905,0.92983,0.93718,0.93901,0.94656,0.938145
4708.0,0.94667,0.9315,0.93924,0.94137,0.94847,0.940145
4709.0,0.87651,0.93399,0.94206,0.9445,0.95098,0.9428825
4710.0,0.9345,0.93696,0.94543,0.94796,0.95398,0.9460825
4711.0,1.12377,0.94001,0.94926,0.95191,0.95748,0.949665
4712.0,1.04836,0.94325,0.95364,0.95662,0.96153,0.9537599999999999
4713.0,0.93795,0.94742,0.95877,0.96252,0.96639,0.958775
4714.0,0.89072,0.95343,0.96539,0.97035,0.97278,0.9654875
4715.0,0.82451,0.96157,0.97414,0.97981,0.98133,0.9742124999999999
4716.0,0.75999,0.97117,0.98476,0.99037,0.9916,0.984475
4717.0,0.85943,0.98081,0.99578,1.00116,1.00193,0.99492
4718.0,0.7926,0.98893,1.0052,1.01042,1.01084,1.0038475
4719.0,0.79456,0.99449,1.01194,1.01712,1.01751,1.010265
4720.0,0.83374,0.99717,1.01574,1.02075,1.02142,1.01377
4721.0,0.83624,0.9971,1.01636,1.02087,1.02212,1.0141125
4722.0,0.82308,0.9944,1.01351,1.01747,1.01944,1.011205
4723.0,0.78882,0.98893,1.00709,1.01056,1.01348,1.005015
4724.0,0.78642,0.98046,0.9974,1.00036,1.00459,0.9957024999999999
4725.0,0.82675,0.96928,0.98511,0.98762,0.99316,0.9837925000000001
4726.0,0.72582,0.95665,0.97125,0.97388,0.98011,0.9704725000000001
4727.0,0.77695,0.94474,0.95768,0.96121,0.96732,0.9577375
4728.0,0.80794,0.93585,0.94687,0.95132,0.95724,0.94782
4729.0,0.72257,0.93147,0.94084,0.94566,0.95155,0.94238
4730.0,0.78762,0.93171,0.93999,0.94477,0.95039,0.9417150000000001
4731.0,0.78518,0.93539,0.9432,0.94743,0.95297,0.9447475
4732.0,0.81043,0.94074,0.94859,0.95231,0.95787,0.9498774999999999
4733.0,0.86023,0.94617,0.9546,0.95846,0.96351,0.955685
4734.0,0.83914,0.95074,0.96029,0.9642,0.96893,0.96104
4735.0,0.74423,0.95428,0.96519,0.96917,0.97371,0.9655875
4736.0,0.69417,0.95711,0.96916,0.97396,0.97745,0.9694200000000001
4737.0,0.77852,0.95958,0.9724,0.97803,0.98054,0.9726374999999999
4738.0,0.9055,0.96187,0.97552,0.98145,0.98369,0.9756325000000001
4739.0,1.00023,0.96402,0.97873,0.9848,0.98671,0.978565
4740.0,0.96648,0.96609,0.98157,0.98793,0.98916,0.9811875
4741.0,0.83108,0.96825,0.98397,0.99088,0.99145,0.9836375
4742.0,0.69935,0.97064,0.98659,0.9938,0.9942,0.9863075000000001
4743.0,0.67617,0.97331,0.98969,0.99673,0.99727,0.98925
4744.0,0.74147,0.97609,0.99284,0.99977,1.00011,0.9922025000000001
4745.0,0.77185,0.97868,0.99551,1.00236,1.00258,0.9947825
4746.0,0.74893,0.98062,0.9975,1.00391,1.00467,0.996675
4747.0,0.75083,0.98138,0.99843,1.00424,1.00567,0.99743
4748.0,0.81264,0.98055,0.99753,1.00294,1.00479,0.9964525
4749.0,0.8562,0.97791,0.9945,0.9996,1.00205,0.993515
4750.0,0.82737,0.9736,0.98967,0.99458,0.99778,0.9889075
4751.0,0.85925,0.96815,0.98368,0.98869,0.9923,0.9832049999999999
4752.0,0.7649,0.96237,0.97725,0.98253,0.98627,0.9771049999999999
4753.0,0.80305,0.95721,0.97135,0.97699,0.98077,0.97158
4754.0,0.81407,0.95342,0.96688,0.97284,0.97653,0.9674175
4755.0,0.72051,0.95126,0.96415,0.9701,0.97376,0.9648175
4756.0,0.87579,0.95034,0.96279,0.96826,0.97221,0.9634
4757.0,0.79548,0.94972,0.96171,0.96652,0.971,0.9622375000000001
4758.0,0.68796,0.94822,0.95964,0.96398,0.96897,0.9602025
4759.0,0.82838,0.94483,0.95573,0.95951,0.96541,0.9563699999999999
4760.0,0.83257,0.93919,0.94968,0.95301,0.95997,0.9504625
4761.0,0.79175,0.93181,0.94175,0.94538,0.95267,0.9429025
4762.0,0.80729,0.92401,0.93303,0.93751,0.94466,0.9348025
4763.0,0.75449,0.91751,0.92555,0.93083,0.93787,0.92794
4764.0,0.67985,0.91386,0.92117,0.92705,0.9337,0.923945
4765.0,0.76833,0.91391,0.9207,0.92699,0.93281,0.9236025
4766.0,0.80545,0.91754,0.92403,0.93036,0.93551,0.9268599999999999
4767.0,0.77802,0.92373,0.93036,0.93665,0.94125,0.9329975
4768.0,0.80181,0.93102,0.93837,0.94472,0.94864,0.9406875000000001
4769.0,0.85931,0.93814,0.94676,0.95303,0.95651,0.94861
4770.0,0.80171,0.94443,0.95466,0.96109,0.96405,0.9560574999999999
4771.0,0.707,0.94993,0.96163,0.96863,0.97074,0.9627325000000001
4772.0,0.81612,0.95503,0.9677,0.97546,0.97669,0.96872
4773.0,0.91023,0.95989,0.97337,0.9815,0.98234,0.974275
4774.0,0.83607,0.96421,0.9786,0.9864,0.98743,0.97916
4775.0,0.72711,0.96734,0.98252,0.99001,0.99105,0.98273
4776.0,0.87559,0.96865,0.98418,0.99159,0.99262,0.98426
4777.0,0.84942,0.96772,0.98339,0.99049,0.9922,0.9834499999999999
4778.0,0.79481,0.96454,0.98025,0.98711,0.98954,0.9803599999999999
4779.0,0.76188,0.95948,0.97482,0.98173,0.98445,0.97512
4780.0,0.74558,0.9532,0.96772,0.97469,0.97785,0.968365
4781.0,0.76955,0.94646,0.96009,0.96689,0.97081,0.9610624999999999
4782.0,0.78344,0.93996,0.95265,0.95951,0.96368,0.95395
4783.0,0.77393,0.93432,0.94589,0.95317,0.95707,0.9476125
4784.0,0.84201,0.92994,0.94065,0.94792,0.95211,0.942655
4785.0,0.81098,0.92704,0.93742,0.94478,0.94898,0.939555
4786.0,0.83371,0.9258,0.93605,0.94408,0.94731,0.93831
4787.0,0.82051,0.92643,0.93669,0.94521,0.94783,0.9390399999999999
4788.0,0.74711,0.92921,0.93988,0.94893,0.95093,0.9422375
4789.0,0.83598,0.93429,0.94566,0.95525,0.95611,0.9478275
4790.0,0.72194,0.94146,0.95353,0.96316,0.96329,0.95536
4791.0,0.6754,0.94999,0.96283,0.97215,0.97197,0.964235
4792.0,0.80626,0.95849,0.97216,0.98092,0.98065,0.973055
4793.0,0.76496,0.96523,0.97971,0.98773,0.98775,0.980105
4794.0,0.7342,0.96878,0.98409,0.99149,0.99214,0.9841249999999999
4795.0,0.81918,0.96854,0.98465,0.99197,0.99302,0.984545
4796.0,0.79746,0.96519,0.98176,0.98961,0.99066,0.981805
4797.0,0.75095,0.96041,0.97702,0.98566,0.98657,0.977415
4798.0,0.75083,0.95616,0.97246,0.98173,0.98248,0.9732075
4799.0,0.72992,0.95371,0.96943,0.97893,0.97952,0.9703975
4800.0,0.72333,0.95321,0.96812,0.97734,0.9781,0.9691925
4801.0,0.77193,0.95368,0.96787,0.97643,0.97773,0.9689274999999999
4802.0,0.78804,0.95372,0.96752,0.97527,0.97731,0.9684550000000001
4803.0,0.75299,0.95226,0.96595,0.97303,0.97583,0.9667675
4804.0,0.77359,0.94917,0.96264,0.96987,0.97283,0.9636275000000001
4805.0,0.81252,0.94528,0.95831,0.96607,0.96894,0.9596499999999999
4806.0,0.79196,0.94179,0.95439,0.9625,0.96545,0.9560325000000001
4807.0,0.7983,0.9397,0.95197,0.9604,0.96306,0.9537825
4808.0,0.82021,0.93945,0.95131,0.95995,0.96219,0.953225
4809.0,0.67795,0.94086,0.95243,0.96113,0.96317,0.9543975
4810.0,0.72641,0.9434,0.95509,0.96381,0.96564,0.956985
4811.0,0.761,0.94655,0.9587,0.96748,0.96893,0.960415
4812.0,0.73677,0.95004,0.96276,0.97181,0.97275,0.96434
4813.0,0.77189,0.95385,0.9672,0.97656,0.977,0.9686524999999999
4814.0,0.80344,0.9579,0.97193,0.98145,0.9815,0.973195
4815.0,0.77976,0.96194,0.9766,0.98604,0.98588,0.977615
4816.0,0.74418,0.96536,0.98053,0.98957,0.98957,0.9812575
4817.0,0.69621,0.96729,0.98283,0.99138,0.99175,0.9833125
4818.0,0.74603,0.96687,0.98265,0.99067,0.9917,0.9829725
4819.0,0.75606,0.96362,0.97945,0.98721,0.98898,0.9798150000000001
4820.0,0.74881,0.95795,0.97346,0.98158,0.9837,0.9741725000000001
4821.0,0.78654,0.95106,0.96602,0.9744,0.97703,0.9671275
4822.0,0.79515,0.94442,0.9587,0.9673,0.97032,0.9601850000000001
4823.0,0.76471,0.93926,0.95253,0.96157,0.96436,0.95443
4824.0,0.77502,0.9361,0.94811,0.95723,0.96011,0.9503874999999999
4825.0,0.78445,0.93461,0.94576,0.95449,0.9578,0.9481649999999999
4826.0,0.72179,0.93388,0.94479,0.95286,0.95646,0.9469974999999999
4827.0,0.77367,0.93294,0.94384,0.95145,0.95519,0.945855
4828.0,0.88618,0.93136,0.94218,0.95008,0.95356,0.944295
4829.0,0.67906,0.92948,0.94019,0.94859,0.95181,0.9425175
4830.0,0.85683,0.92795,0.93882,0.94725,0.95057,0.9411475
4831.0,0.90306,0.92736,0.93833,0.94686,0.94989,0.94061
4832.0,0.79744,0.92789,0.9385,0.94713,0.94982,0.940835
4833.0,0.79898,0.92912,0.93931,0.9476,0.95064,0.9416675
4834.0,0.78274,0.9301,0.94035,0.94794,0.95155,0.942485
4835.0,0.75073,0.92985,0.94034,0.9474,0.95131,0.942225
4836.0,0.85484,0.92793,0.93845,0.94552,0.94953,0.9403575
4837.0,0.73688,0.92457,0.93513,0.94247,0.94661,0.937195
4838.0,0.70484,0.92054,0.9313,0.93889,0.94304,0.9334425
4839.0,0.71353,0.91687,0.9276,0.93574,0.93942,0.9299075
4840.0,0.72817,0.9146,0.92486,0.93364,0.93679,0.9274724999999999
4841.0,0.77249,0.91425,0.92412,0.93286,0.93609,0.92683
4842.0,0.84649,0.91562,0.92537,0.93364,0.937,0.9279075000000001
4843.0,0.81215,0.91792,0.92749,0.93533,0.93868,0.9298549999999999
4844.0,0.71217,0.92008,0.92944,0.93685,0.94061,0.9317449999999999
4845.0,0.83145,0.92125,0.93071,0.93771,0.94203,0.932925
4846.0,0.83604,0.92106,0.93088,0.9374,0.94221,0.9328875000000001
4847.0,0.79636,0.91955,0.92963,0.93564,0.94101,0.9314574999999999
4848.0,0.82904,0.9169,0.92675,0.93262,0.93826,0.9286325000000001
4849.0,0.80951,0.91312,0.92251,0.92788,0.93415,0.924415
4850.0,0.78511,0.90775,0.91697,0.92118,0.92871,0.9186525
4851.0,0.74492,0.90009,0.90922,0.91241,0.92084,0.91064
4852.0,0.74113,0.88964,0.89838,0.90076,0.91001,0.8996975
4853.0,0.78053,0.8762,0.88466,0.88607,0.89655,0.88587
4854.0,0.74406,0.85959,0.86821,0.86874,0.88005,0.8691475
4855.0,0.71351,0.83965,0.84868,0.849,0.8603,0.8494075
4856.0,0.83092,0.81644,0.82646,0.82738,0.83822,0.8271249999999999
4857.0,0.67979,0.79098,0.80294,0.80533,0.81496,0.8035525
4858.0,2.85375,0.76599,0.78025,0.78504,0.79229,0.7808925
4859.0,13.02835,0.74558,0.76151,0.76907,0.77351,0.7624175
4860.0,25.38095,0.73385,0.74997,0.76013,0.76182,0.7514425
4861.0,28.97535,0.73341,0.74784,0.75975,0.75926,0.750065
4862.0,19.81614,0.74433,0.75589,0.76753,0.76681,0.7586400000000001
4863.0,6.95006,0.76382,0.7723,0.78183,0.78252,0.7751174999999999
4864.0,2.40319,0.7872,0.79257,0.79943,0.80205,0.7953125
4865.0,1.09772,0.80958,0.81218,0.81659,0.82163,0.814995
4866.0,0.83775,0.82714,0.82821,0.83061,0.83831,0.8310675
4867.0,0.77977,0.83809,0.83863,0.84015,0.84965,0.84163
4868.0,0.77923,0.843,0.84326,0.84523,0.85546,0.8467374999999999
4869.0,0.79564,0.84419,0.84435,0.84722,0.85794,0.8484250000000001
4870.0,0.74053,0.8444,0.8446,0.8485,0.85907,0.8491425
4871.0,0.71866,0.84599,0.84572,0.85095,0.86056,0.850805
4872.0,0.78339,0.85039,0.84942,0.85576,0.86456,0.8550325
4873.0,0.76165,0.85779,0.85682,0.86334,0.87192,0.8624674999999999
4874.0,0.75542,0.86735,0.86697,0.87319,0.88143,0.872235
4875.0,0.83381,0.87778,0.87795,0.88409,0.89174,0.8828900000000001
4876.0,0.84588,0.88758,0.88857,0.89432,0.90208,0.8931374999999999
4877.0,0.73993,0.8953,0.89747,0.9028,0.91078,0.9015875
4878.0,0.70837,0.90012,0.90321,0.90844,0.91636,0.9070325
4879.0,0.78215,0.90187,0.90559,0.91051,0.91903,0.9092499999999999
4880.0,0.85113,0.90067,0.90487,0.90935,0.91862,0.9083775000000001
4881.0,0.83883,0.8968,0.90081,0.90517,0.91482,0.9044000000000001
4882.0,0.7986,0.89091,0.89402,0.89853,0.90873,0.8980475000000001
4883.0,0.81677,0.8839,0.8861,0.89055,0.90156,0.8905274999999999
4884.0,0.76691,0.87664,0.87803,0.88217,0.89378,0.882655
4885.0,0.81929,0.86985,0.87011,0.87442,0.88601,0.8750974999999999
4886.0,0.83114,0.86396,0.86315,0.86803,0.87942,0.86864
4887.0,0.79116,0.85946,0.85819,0.86393,0.87483,0.8641025
4888.0,0.7676,0.85748,0.85627,0.86332,0.87294,0.8625025
4889.0,0.75323,0.85951,0.85873,0.86693,0.87519,0.8650899999999999
4890.0,0.71131,0.86658,0.86632,0.87552,0.8822,0.872655
4891.0,0.68595,0.87863,0.87878,0.88868,0.89373,0.884955
4892.0,0.74545,0.89436,0.89526,0.90479,0.90928,0.9009225
4893.0,0.79764,0.91131,0.9136,0.92208,0.92655,0.918385
4894.0,0.78409,0.92656,0.93052,0.93779,0.94242,0.9343225
4895.0,0.73054,0.93759,0.94321,0.9496,0.95479,0.9462975
4896.0,0.73253,0.94299,0.9502,0.95653,0.96205,0.9529425
4897.0,0.80986,0.94304,0.95158,0.9584,0.96399,0.9542525
4898.0,0.8163,0.93933,0.94888,0.95636,0.96203,0.95165
4899.0,0.74683,0.93377,0.94379,0.95217,0.95754,0.9468174999999999
4900.0,0.80492,0.92815,0.9379,0.94733,0.95214,0.94138
4901.0,0.88187,0.92391,0.93313,0.94311,0.94773,0.93697
4902.0,0.82269,0.92164,0.93047,0.94013,0.9449,0.934285
4903.0,0.67844,0.92091,0.92907,0.93813,0.94302,0.9327825000000001
4904.0,0.73463,0.92051,0.92778,0.93622,0.94153,0.9315100000000001
4905.0,0.71703,0.91905,0.92588,0.93356,0.93971,0.9295500000000001
4906.0,0.70566,0.91569,0.92255,0.92968,0.93646,0.9260949999999999
4907.0,0.75911,0.91065,0.91738,0.92476,0.9316,0.9210975
4908.0,0.71204,0.90513,0.91154,0.91962,0.92631,0.91565
4909.0,0.65119,0.90071,0.90674,0.91538,0.92189,0.91118
4910.0,0.83893,0.89861,0.90402,0.91282,0.91912,0.9086425
4911.0,0.75527,0.8991,0.90359,0.91183,0.91843,0.9082375
4912.0,0.81687,0.90102,0.9046,0.91131,0.91901,0.908985
4913.0,0.8115,0.90195,0.9047,0.90944,0.91862,0.9086775
4914.0,0.72066,0.89921,0.90118,0.90427,0.91504,0.904925
4915.0,0.70777,0.89104,0.89257,0.8948,0.90702,0.8963575
4916.0,0.7985,0.87763,0.87913,0.88153,0.8945,0.8831975
4917.0,0.8234,0.86137,0.86273,0.86638,0.87914,0.867405
4918.0,0.73688,0.846,0.84681,0.8524,0.86406,0.8523175000000001
4919.0,0.85249,0.83514,0.83511,0.84232,0.85275,0.84133
4920.0,0.90262,0.8309,0.8299,0.83831,0.84737,0.8366199999999999
4921.0,0.92535,0.83368,0.83186,0.84101,0.84877,0.83883
4922.0,0.98283,0.84259,0.84063,0.84977,0.85679,0.847445
4923.0,0.89097,0.85574,0.85437,0.8631,0.86956,0.8606924999999999
4924.0,0.78255,0.87088,0.87031,0.87892,0.8846,0.8761775
4925.0,0.79273,0.88607,0.8866,0.89525,0.90041,0.8920825
4926.0,0.7415,0.89984,0.90204,0.91021,0.91547,0.90689
4927.0,0.80694,0.91094,0.91479,0.92246,0.92773,0.91898
4928.0,0.88277,0.91833,0.92341,0.93068,0.93623,0.9271625
4929.0,0.82128,0.92112,0.92726,0.93411,0.94049,0.930745
4930.0,0.67766,0.91904,0.926,0.93292,0.93973,0.9294225
4931.0,0.73541,0.91309,0.92031,0.92753,0.93478,0.9239275
4932.0,0.82283,0.90482,0.91179,0.91917,0.92711,0.9157225
4933.0,0.80818,0.89545,0.90157,0.90927,0.91741,0.905925
4934.0,0.83404,0.88599,0.89083,0.89909,0.90733,0.89581
4935.0,0.79312,0.87751,0.88138,0.89025,0.89859,0.8869325
4936.0,0.67816,0.8714,0.87466,0.88422,0.89197,0.8805625
4937.0,0.72468,0.86908,0.87167,0.88193,0.88881,0.8778725
4938.0,0.76651,0.87114,0.8731,0.88398,0.88997,0.8795474999999999
4939.0,0.75847,0.87722,0.87891,0.89021,0.89516,0.885375
4940.0,0.76327,0.88642,0.88851,0.89946,0.90401,0.8946
4941.0,0.78589,0.89708,0.90018,0.91037,0.91485,0.90562
4942.0,0.77233,0.90719,0.91139,0.92125,0.92535,0.916295
4943.0,0.73402,0.91537,0.92071,0.93076,0.9346,0.9253600000000001
4944.0,0.75305,0.92135,0.92816,0.93841,0.94214,0.932515
4945.0,0.74235,0.92557,0.93364,0.94409,0.94755,0.9377125000000001
4946.0,0.7205,0.92869,0.93732,0.94812,0.95135,0.94137
4947.0,0.77483,0.93111,0.93996,0.9507,0.95419,0.94399
4948.0,0.83077,0.93266,0.94166,0.95161,0.95579,0.94543
4949.0,0.80933,0.93265,0.94139,0.95038,0.95542,0.94496
4950.0,0.81012,0.93015,0.93824,0.94637,0.95252,0.9418200000000001
4951.0,0.87727,0.92443,0.93177,0.93911,0.94649,0.9354499999999999
4952.0,0.7178,0.91522,0.92184,0.92868,0.93704,0.925695
4953.0,0.90215,0.90283,0.90877,0.91571,0.92477,0.91302
4954.0,0.74295,0.88861,0.89388,0.90217,0.91092,0.898895
4955.0,1.48841,0.87554,0.88022,0.89034,0.8981,0.88605
4956.0,9.09869,0.8669,0.87084,0.88195,0.889,0.8771725000000001
4957.0,30.7346,0.86414,0.86672,0.87867,0.88444,0.8734925
4958.0,52.99142,0.86694,0.86797,0.88002,0.88522,0.8750375
4959.0,47.90714,0.87361,0.87402,0.8849,0.89073,0.880815
4960.0,24.21745,0.8815,0.88201,0.89106,0.89761,0.888045
4961.0,7.61968,0.88774,0.88819,0.89594,0.90328,0.8937875000000001
4962.0,2.18013,0.89012,0.89083,0.89842,0.90629,0.896415
4963.0,1.08435,0.88844,0.89008,0.89782,0.90599,0.8955825
4964.0,0.8938,0.88425,0.88673,0.89503,0.90306,0.8922675
4965.0,0.8838,0.87953,0.88223,0.89164,0.89897,0.8880925
4966.0,0.81559,0.87604,0.87858,0.88907,0.89569,0.8848450000000001
4967.0,0.70155,0.87489,0.87741,0.88855,0.89454,0.8838475
4968.0,0.73933,0.87652,0.87908,0.89047,0.89579,0.885465
4969.0,0.8085,0.88061,0.88314,0.8944,0.89943,0.8893949999999999
4970.0,0.78771,0.88608,0.8887,0.89961,0.90456,0.8947375
4971.0,0.78967,0.89161,0.89449,0.90464,0.9099,0.90016
4972.0,0.80365,0.89588,0.899,0.90822,0.91417,0.9043175
4973.0,0.80465,0.89771,0.90094,0.90927,0.91605,0.9059925
4974.0,0.8019,0.89634,0.8995,0.90683,0.91484,0.9043775000000001
4975.0,0.79561,0.89144,0.89422,0.90083,0.91003,0.89913
4976.0,0.79374,0.88329,0.88526,0.89139,0.90171,0.8904125
4977.0,0.78262,0.87258,0.87341,0.87917,0.89071,0.8789675
4978.0,0.73446,0.86009,0.85964,0.86529,0.87776,0.865695
4979.0,0.74403,0.84692,0.84508,0.85119,0.86411,0.851825
4980.0,0.78369,0.83471,0.83169,0.83868,0.85162,0.839175
4981.0,0.78214,0.82541,0.82146,0.82925,0.84181,0.8294824999999999
4982.0,0.75147,0.82053,0.81552,0.82419,0.83587,0.8240274999999999
4983.0,0.78486,0.82071,0.81473,0.82411,0.83484,0.8235975
4984.0,0.8949,0.82562,0.81926,0.82846,0.83873,0.8280175000000001
4985.0,0.96694,0.83382,0.82754,0.83608,0.84598,0.835855
4986.0,1.07884,0.84315,0.83728,0.84523,0.85489,0.8451375
4987.0,0.96723,0.85156,0.84665,0.85417,0.86388,0.854065
4988.0,0.80732,0.85785,0.85424,0.86177,0.87122,0.86127
4989.0,0.78745,0.86192,0.85953,0.86728,0.87648,0.8663025
4990.0,0.81875,0.86417,0.86271,0.8708,0.8799,0.869395
4991.0,0.79311,0.86527,0.86434,0.8729,0.88168,0.8710475
4992.0,0.77021,0.86593,0.86521,0.87365,0.88272,0.8718775
4993.0,0.77761,0.86627,0.86543,0.87339,0.88291,0.872
4994.0,0.83484,0.86579,0.86439,0.87182,0.88177,0.8709425
4995.0,0.81326,0.86374,0.86182,0.86855,0.87947,0.868395
4996.0,0.73869,0.85962,0.85742,0.8635,0.87527,0.8639525
4997.0,0.73518,0.85354,0.85087,0.85657,0.86898,0.85749
4998.0,0.81707,0.8461,0.84273,0.84831,0.86145,0.8496475
4999.0,0.83929,0.83815,0.83387,0.83942,0.85302,0.841115
5000.0,0.81581,0.83053,0.82502,0.83052,0.84451,0.832645
5001.0,1.0639,0.82379,0.81707,0.82246,0.83689,0.8250525
5002.0,0.47522,0.81817,0.81051,0.81581,0.83045,0.818735
5003.0,5.42576,0.81401,0.80562,0.81108,0.82565,0.81409
5004.0,32.12806,0.81186,0.80293,0.80859,0.82296,0.8115850000000001
5005.0,96.39718,0.81196,0.80255,0.80804,0.82227,0.8112050000000001
5006.0,164.53319,0.81373,0.80375,0.80885,0.82308,0.8123525
5007.0,130.49615,0.81587,0.80557,0.81,0.82464,0.8140200000000001
5008.0,64.42151,0.81693,0.80676,0.81017,0.82561,0.8148675000000001
5009.0,20.02481,0.8156,0.80571,0.80854,0.82446,0.8135775000000001
5010.0,4.25354,0.81135,0.80178,0.80479,0.82088,0.8097000000000001
5011.0,1.66827,0.80486,0.79576,0.7995,0.81548,0.8039000000000001
5012.0,1.07263,0.79791,0.7891,0.79383,0.80921,0.7975125000000001
5013.0,1.05078,0.79248,0.78351,0.78898,0.80385,0.792205
5014.0,1.21988,0.78975,0.7803,0.78621,0.80068,0.7892349999999999
5015.0,1.41766,0.78999,0.77992,0.78584,0.80013,0.78897
5016.0,1.3328,0.79284,0.78216,0.78774,0.80215,0.7912225
5017.0,1.05425,0.7974,0.78621,0.79131,0.80588,0.7952
5018.0,0.8267,0.80246,0.79095,0.79575,0.81043,0.7998974999999999
5019.0,0.75362,0.80711,0.79574,0.80064,0.81525,0.8046850000000001
5020.0,0.78777,0.81129,0.80052,0.8055,0.81996,0.8093175
5021.0,0.82062,0.81526,0.80505,0.81018,0.82431,0.8137
5022.0,0.75485,0.81897,0.80914,0.81475,0.82826,0.81778
5023.0,0.74923,0.82225,0.81309,0.81913,0.83221,0.82167
5024.0,0.79653,0.82519,0.81704,0.82353,0.83609,0.8254625
5025.0,0.80365,0.82832,0.82099,0.82817,0.83994,0.829355
5026.0,0.73663,0.83223,0.82552,0.83331,0.84451,0.8338925
5027.0,0.72858,0.83713,0.83095,0.83914,0.84977,0.8392475
5028.0,0.81302,0.84286,0.83707,0.84542,0.85567,0.845255
5029.0,0.69327,0.84896,0.84358,0.85151,0.86206,0.8515275000000001
5030.0,0.75448,0.85447,0.84938,0.8564,0.8675,0.8569375
5031.0,0.83661,0.8578,0.85278,0.85883,0.87071,0.86003
5032.0,0.75145,0.85729,0.85253,0.85786,0.87075,0.8596075000000001
5033.0,0.72183,0.85236,0.84801,0.85294,0.86668,0.8549975
5034.0,0.74992,0.84368,0.83938,0.84418,0.85865,0.8464725
5035.0,0.70208,0.83228,0.82746,0.83259,0.8474,0.8349325
5036.0,0.74835,0.8192,0.81366,0.81971,0.8343,0.8217175000000001
5037.0,0.78607,0.80601,0.80014,0.8074,0.82154,0.8087725
5038.0,0.78938,0.79508,0.78906,0.79782,0.81086,0.798205
5039.0,0.78807,0.78894,0.7824,0.79269,0.80421,0.79206
5040.0,0.80882,0.78911,0.78184,0.79307,0.80329,0.7918275
5041.0,0.82407,0.79545,0.78751,0.79886,0.80811,0.7974825
5042.0,0.80959,0.80646,0.7981,0.80852,0.81775,0.8077075
5043.0,0.80083,0.81957,0.81119,0.81981,0.8298,0.8200925
5044.0,0.81283,0.8314,0.82324,0.82998,0.84095,0.8313925
5045.0,0.75702,0.83884,0.83128,0.83698,0.8489,0.839
5046.0,0.64072,0.8407,0.83435,0.83994,0.85249,0.84187
5047.0,0.65196,0.83826,0.83311,0.83927,0.85186,0.840625
5048.0,0.71191,0.83389,0.82927,0.83671,0.84866,0.8371325000000001
5049.0,0.67901,0.82999,0.8254,0.83427,0.84542,0.83377
5050.0,0.64126,0.8286,0.82389,0.8337,0.84416,0.8325875
5051.0,0.73707,0.83079,0.82574,0.8359,0.8457,0.8345325
5052.0,0.78155,0.83618,0.83073,0.84092,0.85022,0.8395125000000001
5053.0,0.68952,0.84338,0.83802,0.84802,0.85707,0.8466225000000001
5054.0,0.72431,0.85103,0.84633,0.85611,0.86492,0.8545975
5055.0,0.76492,0.85818,0.85442,0.86402,0.87265,0.8623175000000001
5056.0,0.71668,0.86409,0.86131,0.87085,0.87931,0.8688899999999999
5057.0,0.72782,0.86822,0.86635,0.87584,0.88428,0.8736725
5058.0,0.70879,0.87031,0.86919,0.87839,0.88718,0.8762675
5059.0,0.72661,0.87011,0.8693,0.87811,0.88736,0.87622
5060.0,0.80248,0.86715,0.86633,0.87485,0.88464,0.8732425
5061.0,0.78918,0.86113,0.86036,0.86878,0.87921,0.86737
5062.0,0.74316,0.85273,0.85186,0.86061,0.87134,0.859135
5063.0,0.76514,0.84354,0.8422,0.8514,0.86229,0.8498574999999999
5064.0,0.80857,0.83513,0.8329,0.84252,0.85335,0.840975
5065.0,0.77067,0.82843,0.82503,0.83505,0.84573,0.83356
5066.0,0.75663,0.82408,0.81965,0.82964,0.84058,0.8284875
5067.0,0.82739,0.8224,0.81703,0.82649,0.83771,0.8259074999999999
5068.0,0.83634,0.82268,0.81623,0.8251,0.83656,0.8251425
5069.0,0.80447,0.82349,0.8164,0.82488,0.83675,0.82538
5070.0,0.80752,0.82416,0.81703,0.82504,0.8374,0.8259075
5071.0,0.82772,0.82465,0.81749,0.82493,0.83769,0.82619
5072.0,0.80945,0.82451,0.81701,0.82402,0.83717,0.8256775
5073.0,0.76517,0.82301,0.81523,0.8218,0.83563,0.8239175000000001
5074.0,0.7425,0.82,0.81204,0.818,0.83262,0.820665
5075.0,0.77044,0.81536,0.807,0.81251,0.82765,0.8156300000000001
5076.0,0.77877,0.80875,0.79994,0.80563,0.82102,0.808835
5077.0,0.74388,0.80064,0.79182,0.79812,0.81356,0.8010349999999999
5078.0,0.71505,0.79293,0.78408,0.79115,0.80619,0.7935875
5079.0,0.67193,0.78747,0.77803,0.78603,0.80021,0.787935
5080.0,0.67758,0.78508,0.77494,0.78379,0.79717,0.785245
5081.0,0.73217,0.78614,0.7757,0.78494,0.79777,0.7861374999999999
5082.0,0.70741,0.79079,0.78016,0.78926,0.8017,0.7904774999999999
5083.0,0.70769,0.79814,0.78723,0.79608,0.80812,0.7973925
5084.0,0.78103,0.80643,0.79568,0.80432,0.81617,0.8056500000000001
5085.0,0.79261,0.81443,0.80454,0.81302,0.82476,0.8141875
5086.0,0.79427,0.82174,0.81289,0.82137,0.83283,0.8222075
5087.0,0.76782,0.82817,0.82021,0.82888,0.84003,0.8293225
5088.0,0.70846,0.83346,0.82641,0.83523,0.84621,0.8353275
5089.0,0.68744,0.83763,0.83139,0.84013,0.85114,0.8400725
5090.0,0.73478,0.8407,0.83489,0.84327,0.85457,0.8433575
5091.0,0.76355,0.84214,0.8364,0.8442,0.85603,0.8446925
5092.0,0.69645,0.84107,0.83532,0.84254,0.8551,0.8435075000000001
5093.0,0.72904,0.83711,0.83136,0.83816,0.8515,0.8395325000000001
5094.0,0.75098,0.83055,0.82468,0.83149,0.84526,0.832995
5095.0,0.66518,0.82225,0.81613,0.8234,0.83728,0.824765
5096.0,0.63018,0.81356,0.80722,0.81527,0.82895,0.8162499999999999
5097.0,0.68902,0.8064,0.79965,0.80842,0.82173,0.80905
5098.0,0.72134,0.80234,0.79476,0.80385,0.81681,0.80444
5099.0,0.66986,0.80152,0.79286,0.80178,0.81457,0.8026825
5100.0,0.69879,0.8028,0.79335,0.80168,0.81473,0.80314
5101.0,0.77982,0.80476,0.795,0.80251,0.81605,0.8045800000000001
5102.0,0.82166,0.80617,0.79624,0.80309,0.81704,0.805635
5103.0,0.81153,0.80595,0.79605,0.80264,0.81683,0.8053675
5104.0,0.75055,0.80369,0.79413,0.80091,0.81515,0.80347
5105.0,0.67687,0.8001,0.79093,0.79835,0.8123,0.80042
5106.0,0.69185,0.79655,0.78761,0.79574,0.80928,0.7972950000000001
5107.0,0.68899,0.79419,0.78518,0.79409,0.807,0.7951149999999999
5108.0,0.64369,0.79375,0.78454,0.79419,0.80642,0.794725
5109.0,0.61568,0.79581,0.78654,0.79649,0.80828,0.7967799999999999
5110.0,0.68124,0.80031,0.79092,0.80102,0.81226,0.8011275
5111.0,0.77471,0.80653,0.79716,0.8073,0.81822,0.8073025
5112.0,0.76176,0.81364,0.80478,0.81458,0.82551,0.8146275
5113.0,0.74047,0.82089,0.8125,0.82192,0.83283,0.822035
5114.0,0.73145,0.82732,0.81933,0.82827,0.83953,0.8286125
5115.0,0.72377,0.83199,0.82448,0.83271,0.84458,0.8334400000000001
5116.0,0.69742,0.83414,0.82689,0.83437,0.84699,0.8355975
5117.0,0.64831,0.83307,0.82595,0.83276,0.84635,0.8345325
5118.0,0.65093,0.82853,0.8214,0.82772,0.84218,0.8299574999999999
5119.0,0.75531,0.82084,0.81346,0.8196,0.83474,0.82216
5120.0,0.68083,0.81078,0.803,0.80929,0.82488,0.8119875
5121.0,0.68553,0.79954,0.79124,0.798,0.8137,0.80062
5122.0,0.72237,0.7888,0.7798,0.78709,0.80271,0.7896000000000001
5123.0,0.67772,0.78003,0.77007,0.77779,0.79312,0.7802525
5124.0,0.62828,0.77389,0.76283,0.77092,0.7859,0.773385
5125.0,0.67104,0.7705,0.75864,0.76694,0.78164,0.76943
5126.0,0.64162,0.76979,0.75747,0.76583,0.78024,0.7683325000000001
5127.0,0.7022,0.77143,0.75882,0.76731,0.78133,0.7697225000000001
5128.0,0.66586,0.77492,0.76229,0.77084,0.78452,0.7731425
5129.0,0.62489,0.77971,0.76732,0.77579,0.78921,0.7780075
5130.0,0.69404,0.78512,0.77312,0.78136,0.79473,0.7835825
5131.0,0.75684,0.79034,0.7788,0.78669,0.80022,0.7890125
5132.0,0.63786,0.79468,0.78354,0.79094,0.80474,0.7934749999999999
5133.0,0.67253,0.79732,0.78647,0.79336,0.80756,0.7961775
5134.0,0.6497,0.79744,0.78687,0.79361,0.80808,0.7965
5135.0,0.69849,0.79498,0.78494,0.79168,0.80649,0.7945225
5136.0,0.76241,0.79064,0.78108,0.78806,0.80291,0.7906724999999999
5137.0,0.72353,0.78544,0.77586,0.78347,0.79797,0.785685
5138.0,0.63454,0.78048,0.77074,0.77869,0.79301,0.7807299999999999
5139.0,0.70758,0.77627,0.76627,0.7744,0.78848,0.7763549999999999
5140.0,0.73406,0.77289,0.76255,0.77089,0.78488,0.7728025000000001
5141.0,0.67167,0.77074,0.76012,0.76825,0.78239,0.770375
5142.0,0.61275,0.76981,0.75847,0.76631,0.78043,0.7687550000000001
5143.0,0.62113,0.76916,0.75713,0.76484,0.7791,0.7675575
5144.0,0.68558,0.7683,0.75623,0.76364,0.7783,0.7666175
5145.0,0.73563,0.76764,0.75538,0.76262,0.77744,0.76577
5146.0,0.70928,0.76731,0.7545,0.76174,0.77662,0.7650425
5147.0,0.69086,0.7669,0.75384,0.76105,0.77601,0.76445
5148.0,0.72653,0.76626,0.75327,0.76069,0.77553,0.7639374999999999
5149.0,0.72481,0.76576,0.75298,0.76085,0.77548,0.7637674999999999
5150.0,0.66225,0.76597,0.75346,0.7619,0.77606,0.7643475
5151.0,0.63693,0.76733,0.75506,0.7642,0.7777,0.7660724999999999
5152.0,0.68586,0.77025,0.75834,0.76805,0.78096,0.7694
5153.0,0.67348,0.77516,0.76357,0.77349,0.78597,0.7745474999999999
5154.0,0.60904,0.78199,0.77041,0.78013,0.79246,0.7812475000000001
5155.0,0.61767,0.78975,0.77816,0.78713,0.79979,0.7887074999999999
5156.0,0.68763,0.79699,0.78548,0.79328,0.80672,0.7956175
5157.0,0.73382,0.80232,0.79074,0.7972,0.81177,0.8005075
5158.0,0.76548,0.80453,0.79273,0.79758,0.81369,0.8021324999999999
5159.0,0.77112,0.80235,0.79016,0.79339,0.81123,0.7992825
5160.0,0.66506,0.79488,0.78215,0.78401,0.80367,0.7911775
5161.0,0.6782,0.78212,0.76868,0.76944,0.79078,0.777755
5162.0,0.74342,0.76454,0.75006,0.7503,0.77282,0.7594299999999999
5163.0,0.71406,0.74287,0.72742,0.72791,0.75109,0.7373225
5164.0,0.64719,0.71893,0.70287,0.70416,0.72746,0.713355
5165.0,0.62746,0.69557,0.67871,0.68123,0.70395,0.689865
5166.0,0.67223,0.67544,0.65729,0.66116,0.68286,0.6691875
5167.0,0.69438,0.66035,0.64053,0.64554,0.66605,0.6531175
5168.0,0.62863,0.65079,0.62938,0.63529,0.65465,0.6425274999999999
5169.0,0.57453,0.64617,0.6241,0.63082,0.64909,0.637545
5170.0,0.64623,0.64635,0.62441,0.63208,0.64907,0.6379775000000001
5171.0,0.65686,0.65221,0.63026,0.63882,0.65432,0.6439025
5172.0,0.65607,0.66396,0.64161,0.65031,0.6647,0.655145
5173.0,0.70212,0.67982,0.65717,0.66525,0.67932,0.67039
5174.0,0.68922,0.69756,0.67496,0.68154,0.69653,0.6876475
5175.0,0.6599,0.71497,0.69224,0.69658,0.71322,0.7042525
5176.0,0.70819,0.72859,0.70557,0.70775,0.72613,0.7170099999999999
5177.0,0.70618,0.73482,0.71243,0.71308,0.73313,0.723365
5178.0,0.68509,0.73258,0.71152,0.71198,0.73293,0.7222525000000001
5179.0,0.65143,0.72333,0.70378,0.70541,0.72627,0.7146975
5180.0,0.61961,0.70971,0.69196,0.69586,0.71556,0.7032725
5181.0,0.63021,0.69568,0.67964,0.68665,0.70418,0.6915374999999999
5182.0,0.66293,0.68663,0.67133,0.68101,0.69625,0.683805
5183.0,0.62105,0.6861,0.66994,0.68113,0.6944,0.6828925
5184.0,0.60993,0.69387,0.6762,0.68746,0.69997,0.689375
5185.0,0.65854,0.70757,0.68891,0.6987,0.71185,0.7017575
5186.0,0.70008,0.72398,0.70441,0.71221,0.72666,0.716815
5187.0,0.69278,0.73942,0.71916,0.72517,0.74108,0.7312075
5188.0,0.68622,0.75048,0.73071,0.73532,0.7525,0.7422525
5189.0,0.75339,0.75554,0.73723,0.74172,0.75955,0.74851
5190.0,0.74863,0.75595,0.73932,0.74479,0.76268,0.750685
5191.0,0.62815,0.75496,0.73937,0.74591,0.76331,0.7508875
5192.0,0.62841,0.75447,0.73907,0.74682,0.76324,0.7509
5193.0,0.71868,0.75542,0.74026,0.74886,0.76469,0.7523075
5194.0,0.72729,0.75904,0.74401,0.75272,0.76828,0.7560125
5195.0,0.64805,0.76535,0.74977,0.75815,0.77369,0.7617400000000001
5196.0,0.7573,0.77261,0.75666,0.76423,0.7802,0.7684249999999999
5197.0,0.84667,0.77908,0.7632,0.76957,0.78636,0.7745525
5198.0,0.82332,0.78345,0.76758,0.77276,0.79064,0.7786074999999999
5199.0,0.78384,0.78431,0.76846,0.77265,0.79172,0.779285
5200.0,0.80349,0.78097,0.76515,0.76862,0.78877,0.7758775
5201.0,0.82529,0.77358,0.75764,0.76079,0.78176,0.7684424999999999
5202.0,0.76087,0.76267,0.74657,0.75005,0.77139,0.7576700000000001
5203.0,0.63096,0.74978,0.73352,0.73795,0.75913,0.745095
5204.0,0.66305,0.73746,0.72077,0.72645,0.74689,0.7328925000000001
5205.0,0.68023,0.7278,0.71048,0.71752,0.73679,0.7231475
5206.0,0.60909,0.7221,0.70437,0.71278,0.73068,0.7174825
5207.0,0.64211,0.72178,0.7038,0.71308,0.72977,0.7171075
5208.0,0.70489,0.72729,0.70881,0.71833,0.734,0.7221075
5209.0,0.67609,0.73713,0.71829,0.72754,0.74263,0.7313975
5210.0,0.61107,0.74921,0.73059,0.73906,0.75414,0.7432500000000001
5211.0,0.61229,0.7615,0.74337,0.75109,0.76637,0.7555825
5212.0,0.67891,0.77208,0.7548,0.76211,0.77765,0.76666
5213.0,0.70702,0.77982,0.76395,0.77132,0.78682,0.7754774999999999
5214.0,0.6613,0.7851,0.77072,0.77857,0.79378,0.7820425
5215.0,0.61424,0.78902,0.77578,0.78421,0.799,0.7870024999999999
5216.0,0.62641,0.79247,0.77996,0.78863,0.80316,0.7910550000000001
5217.0,0.66465,0.79569,0.7835,0.79184,0.80657,0.7944
5218.0,0.66424,0.79811,0.78583,0.79341,0.80876,0.7965274999999999
5219.0,0.63881,0.79865,0.78607,0.79255,0.80889,0.7965399999999999
5220.0,0.7353,0.79592,0.78304,0.78859,0.80591,0.793365
5221.0,0.75571,0.7891,0.77618,0.7814,0.79949,0.7865425
5222.0,0.69895,0.77882,0.76602,0.77172,0.79005,0.7766525
5223.0,0.65667,0.767,0.75428,0.76113,0.77906,0.7653675
5224.0,0.66992,0.75596,0.74328,0.75165,0.76868,0.7548925
5225.0,0.68733,0.74836,0.73536,0.74519,0.76105,0.74749
5226.0,0.65905,0.74629,0.73252,0.74288,0.7579,0.7448975
5227.0,0.69331,0.74938,0.73456,0.74479,0.75931,0.7470100000000001
5228.0,0.73578,0.75573,0.74028,0.75003,0.76456,0.7526499999999999
5229.0,0.71759,0.76365,0.74817,0.75709,0.77196,0.7602175
5230.0,0.64052,0.77118,0.75594,0.76466,0.77946,0.7678100000000001
5231.0,0.60508,0.77707,0.76287,0.77187,0.78646,0.7745675
5232.0,0.7289,0.78186,0.76905,0.77862,0.79264,0.7805425
5233.0,0.75713,0.78661,0.7747,0.78518,0.79845,0.786235
5234.0,0.69963,0.79199,0.78084,0.79192,0.80464,0.7923475
5235.0,0.62518,0.79826,0.78765,0.79891,0.81127,0.7990225
5236.0,0.58849,0.80488,0.79457,0.80586,0.81808,0.8058475
5237.0,0.61932,0.81093,0.80112,0.8122,0.82451,0.81219
5238.0,0.67882,0.81577,0.80648,0.81734,0.82976,0.8173375
5239.0,0.67032,0.81898,0.81014,0.82079,0.8334,0.8208275
5240.0,0.67039,0.82022,0.81184,0.82224,0.83512,0.822355
5241.0,0.68963,0.81945,0.81138,0.82156,0.83484,0.8218075
5242.0,0.69406,0.81699,0.80885,0.81872,0.83247,0.8192575
5243.0,0.69244,0.81274,0.80433,0.81383,0.82804,0.8147350000000001
5244.0,0.68803,0.80627,0.79773,0.80721,0.82176,0.8082425
5245.0,0.68374,0.79829,0.78966,0.79947,0.81416,0.800395
5246.0,0.68618,0.79035,0.7813,0.79145,0.80603,0.7922825
5247.0,0.69407,0.78318,0.77347,0.78412,0.7983,0.7847675000000001
5248.0,0.696,0.77724,0.76715,0.77835,0.79216,0.778725
5249.0,0.68469,0.77369,0.76319,0.77481,0.78823,0.77498
5250.0,0.69365,0.77305,0.76181,0.77375,0.78673,0.773835
5251.0,0.66569,0.77475,0.76315,0.77518,0.78776,0.7752100000000001
5252.0,0.59196,0.77821,0.76673,0.77869,0.79105,0.77867
5253.0,0.57356,0.78321,0.77178,0.7837,0.79594,0.7836575
5254.0,0.6626,0.78945,0.77796,0.78922,0.8018,0.7896075
5255.0,0.67012,0.79562,0.78394,0.79404,0.8073,0.795225
5256.0,0.75532,0.79989,0.78806,0.7967,0.81129,0.798985
5257.0,0.72975,0.80074,0.78875,0.79577,0.81208,0.799335
5258.0,0.63283,0.79692,0.7845,0.79021,0.80823,0.794965
5259.0,0.61038,0.7876,0.77488,0.77966,0.79924,0.785345
5260.0,0.68941,0.77322,0.76031,0.76475,0.78544,0.77093
5261.0,0.66995,0.75566,0.74217,0.74682,0.76818,0.7532075
5262.0,0.71201,0.73733,0.72272,0.72786,0.74944,0.7343375
5263.0,0.67832,0.7202,0.70416,0.70983,0.73134,0.7163825
5264.0,0.60006,0.70587,0.68828,0.69443,0.71568,0.7010649999999999
5265.0,0.58068,0.6957,0.67649,0.68281,0.70371,0.6896775
5266.0,0.61472,0.68972,0.66906,0.67564,0.69593,0.6825875
5267.0,0.64107,0.68718,0.66589,0.67318,0.69265,0.679725
5268.0,0.63837,0.68869,0.66732,0.67536,0.69382,0.6812975
5269.0,0.70189,0.69493,0.67338,0.68191,0.69925,0.6873675000000001
5270.0,0.77621,0.70474,0.68342,0.69222,0.70864,0.697255
5271.0,0.7637,0.71694,0.69642,0.7054,0.72127,0.7100075
5272.0,0.73809,0.73111,0.71126,0.72033,0.73591,0.7246525
5273.0,0.69631,0.74588,0.72662,0.73576,0.75109,0.7398375
5274.0,0.65328,0.75969,0.74162,0.75052,0.76583,0.7544150000000001
5275.0,0.69275,0.77192,0.75515,0.76354,0.77903,0.76741
5276.0,0.73615,0.78177,0.76589,0.77404,0.78982,0.7778799999999999
5277.0,0.66683,0.78835,0.77347,0.78155,0.79768,0.7852625
5278.0,0.71926,0.7915,0.77768,0.78612,0.80228,0.7893950000000001
5279.0,0.70091,0.79182,0.77902,0.78835,0.8041,0.7908225
5280.0,0.62989,0.79054,0.77887,0.78942,0.80428,0.7907775
5281.0,0.60201,0.78937,0.77868,0.79071,0.80434,0.790775
5282.0,0.63903,0.79012,0.78006,0.79349,0.80585,0.79238
5283.0,0.64842,0.794,0.78427,0.79847,0.80979,0.7966325
5284.0,0.59864,0.80079,0.79118,0.80558,0.81621,0.8034399999999999
5285.0,0.60932,0.80921,0.79985,0.81405,0.82446,0.8118924999999999
5286.0,0.6563,0.81777,0.80887,0.82266,0.83316,0.820615
5287.0,0.68721,0.82514,0.81679,0.83007,0.84087,0.8282175
5288.0,0.68117,0.83019,0.82252,0.83517,0.84645,0.8335824999999999
5289.0,0.6579,0.83221,0.82516,0.83719,0.84913,0.8359225
5290.0,0.65565,0.83099,0.8242,0.83576,0.84849,0.83486
5291.0,0.64741,0.82658,0.81973,0.8309,0.84446,0.8304175
5292.0,0.64309,0.81925,0.81217,0.82301,0.83729,0.8229299999999999
5293.0,0.64884,0.80952,0.80212,0.81293,0.82764,0.8130525000000001
5294.0,0.65032,0.79841,0.79058,0.80185,0.8166,0.80186
5295.0,0.6592,0.78737,0.77908,0.79126,0.80561,0.79083
5296.0,0.68171,0.7782,0.76941,0.78269,0.79625,0.7816375000000001
5297.0,0.69549,0.7727,0.76333,0.77744,0.79005,0.77588
5298.0,0.70736,0.7716,0.76161,0.77622,0.78799,0.7743549999999999
5299.0,0.70178,0.7746,0.76407,0.77916,0.7902,0.7770075
5300.0,0.6205,0.78125,0.77044,0.78559,0.79626,0.783385
5301.0,0.59115,0.79044,0.77953,0.79455,0.80486,0.7923450000000001
5302.0,0.61066,0.80037,0.79,0.80469,0.81491,0.8024925
5303.0,0.62892,0.80975,0.80037,0.81483,0.825,0.8124875
5304.0,0.63174,0.81786,0.80944,0.824,0.83413,0.8213575
5305.0,0.64213,0.82414,0.81675,0.83157,0.84161,0.8285175
5306.0,0.65077,0.82854,0.82222,0.83728,0.8472,0.8338099999999999
5307.0,0.62838,0.8314,0.82594,0.84108,0.85098,0.83735
5308.0,0.61733,0.83284,0.8279,0.8431,0.85306,0.8392250000000001
5309.0,0.62864,0.833,0.82829,0.84345,0.85366,0.8396
5310.0,0.63874,0.83202,0.82728,0.8423,0.85284,0.83861
5311.0,0.62526,0.82984,0.82498,0.83988,0.85073,0.8363575
5312.0,0.61057,0.82666,0.82169,0.83641,0.8476,0.83309
5313.0,0.64063,0.82288,0.81766,0.83226,0.84372,0.8291300000000001
5314.0,0.6455,0.81881,0.81322,0.82775,0.83948,0.8248150000000001
5315.0,0.61556,0.81484,0.80881,0.82315,0.83517,0.8204925000000001
5316.0,0.62094,0.8113,0.80465,0.81849,0.83096,0.81635
5317.0,0.63598,0.80789,0.80046,0.81366,0.8267,0.8121775
5318.0,0.62084,0.80411,0.79595,0.80828,0.82214,0.80762
5319.0,0.60286,0.79952,0.79057,0.8019,0.8167,0.8021725
5320.0,0.62094,0.79365,0.78373,0.79411,0.80992,0.7953525
5321.0,0.65834,0.78595,0.7751,0.78464,0.80145,0.7867850000000001
5322.0,0.63264,0.77612,0.76458,0.77369,0.79122,0.7764025000000001
5323.0,0.61922,0.76475,0.75275,0.76176,0.77968,0.7647349999999999
5324.0,0.64142,0.75311,0.74056,0.74997,0.76769,0.7528325
5325.0,0.6705,0.74207,0.72908,0.7396,0.7566,0.7418375
5326.0,0.66325,0.73329,0.72006,0.73231,0.748,0.7334149999999999
5327.0,0.62515,0.72928,0.71582,0.72924,0.74358,0.72948
5328.0,0.67845,0.73099,0.71704,0.73113,0.74411,0.7308175
5329.0,0.65644,0.73779,0.72351,0.73768,0.74996,0.7372350000000001
5330.0,0.63762,0.74856,0.73398,0.7478,0.75988,0.747555
5331.0,0.65041,0.76137,0.7465,0.75977,0.77205,0.7599225000000001
5332.0,0.6416,0.77376,0.75926,0.77156,0.78441,0.7722475
5333.0,0.61932,0.78374,0.77006,0.78151,0.79502,0.7825825
5334.0,0.74075,0.79006,0.77739,0.7884,0.80257,0.7896050000000001
5335.0,0.76239,0.79243,0.7808,0.79182,0.80644,0.7928725000000001
5336.0,0.70241,0.79148,0.78067,0.79202,0.80682,0.7927474999999999
5337.0,0.67815,0.78807,0.77786,0.7899,0.80449,0.79008
5338.0,0.6891,0.78344,0.77369,0.78661,0.80078,0.78613
5339.0,0.66989,0.77938,0.76972,0.78338,0.79699,0.7823675
5340.0,0.61223,0.77701,0.76711,0.781,0.79422,0.7798350000000001
5341.0,0.6144,0.77638,0.76605,0.77988,0.79291,0.778805
5342.0,0.6636,0.77715,0.76637,0.77993,0.79303,0.77912
5343.0,0.66025,0.77861,0.7674,0.78071,0.79394,0.780165
5344.0,0.65764,0.7799,0.76861,0.78192,0.79514,0.7813924999999999
5345.0,0.64392,0.78092,0.76995,0.7834,0.79644,0.7826775
5346.0,0.63814,0.78189,0.77129,0.7854,0.79787,0.7841125
5347.0,0.64853,0.78337,0.77332,0.78833,0.80007,0.7862724999999999
5348.0,0.64841,0.78629,0.7768,0.79261,0.80349,0.7897975
5349.0,0.60205,0.79115,0.78204,0.79852,0.80857,0.7950699999999999
5350.0,0.64273,0.79763,0.78907,0.80593,0.81532,0.8019875000000001
5351.0,0.65076,0.80524,0.79728,0.81438,0.82329,0.8100475
5352.0,0.64619,0.81338,0.80603,0.82315,0.83181,0.8185925000000001
5353.0,0.67035,0.82113,0.81445,0.83133,0.83999,0.8267249999999999
5354.0,0.66903,0.82749,0.82151,0.83816,0.84698,0.833535
5355.0,0.60916,0.83193,0.8266,0.84291,0.85213,0.8383924999999999
5356.0,0.58759,0.83413,0.82919,0.84517,0.85487,0.84084
5357.0,0.65737,0.83378,0.8291,0.84473,0.85505,0.8406649999999999
5358.0,0.70072,0.83099,0.8264,0.84173,0.85265,0.8379425
5359.0,0.60642,0.82608,0.82135,0.83646,0.84798,0.8329674999999999
5360.0,0.7031,0.81952,0.81447,0.82939,0.84148,0.8262149999999999
5361.0,0.81746,0.81206,0.80645,0.82109,0.83375,0.8183374999999999
5362.0,0.75584,0.80418,0.79776,0.81202,0.82527,0.8098075
5363.0,0.63307,0.79613,0.78875,0.80261,0.81644,0.8009825
5364.0,0.63258,0.78821,0.77979,0.79309,0.80756,0.7921625
5365.0,0.60302,0.78033,0.77087,0.78379,0.7987,0.7834225000000001
5366.0,0.64886,0.77244,0.76228,0.77508,0.79021,0.7750025
5367.0,0.68052,0.76514,0.75446,0.76764,0.78249,0.7674325000000001
5368.0,0.6707,0.7593,0.74824,0.76234,0.7764,0.7615700000000001
5369.0,0.65679,0.75593,0.7448,0.75988,0.77292,0.7583825
5370.0,0.66512,0.75631,0.74507,0.76097,0.77288,0.7588075000000001
5371.0,0.64098,0.76082,0.74941,0.76543,0.77665,0.7630775000000001
5372.0,0.67361,0.76846,0.75689,0.77277,0.78356,0.77042
5373.0,0.71828,0.77789,0.76635,0.78167,0.79258,0.7796225
5374.0,0.7079,0.7874,0.77599,0.79074,0.80188,0.7890025
5375.0,0.6537,0.79512,0.78432,0.79864,0.81014,0.797055
5376.0,0.62352,0.80028,0.79043,0.80449,0.81631,0.8028775
5377.0,0.65308,0.80286,0.79385,0.80803,0.82,0.8061849999999999
5378.0,0.69608,0.80312,0.7949,0.80937,0.8214,0.8071975
5379.0,0.71518,0.80187,0.79417,0.8091,0.82105,0.8065475
5380.0,0.7159,0.79999,0.79249,0.80777,0.81963,0.8049700000000001
5381.0,0.7167,0.79793,0.79043,0.80594,0.81771,0.8030025
5382.0,0.69049,0.79612,0.78847,0.8039,0.81575,0.80106
5383.0,0.66146,0.79469,0.78663,0.80168,0.81379,0.7991975
5384.0,0.65812,0.79316,0.78461,0.79913,0.81165,0.7971375
5385.0,0.67674,0.79103,0.78204,0.7959,0.80901,0.794495
5386.0,0.66194,0.78803,0.77853,0.79181,0.80549,0.7909649999999999
5387.0,0.63071,0.78386,0.77391,0.78673,0.80095,0.7863625000000001
5388.0,0.64889,0.77861,0.76826,0.7808,0.79544,0.7807775000000001
5389.0,0.67482,0.77277,0.76196,0.77428,0.78928,0.7745724999999999
5390.0,0.62886,0.76677,0.75539,0.76759,0.78282,0.7681425
5391.0,0.54835,0.76086,0.74895,0.76106,0.77648,0.7618375
5392.0,0.51756,0.75531,0.74295,0.75504,0.77055,0.7559625000000001
5393.0,0.56331,0.75051,0.73769,0.74992,0.76538,0.750875
5394.0,0.6053,0.74671,0.73349,0.74593,0.76121,0.746835
5395.0,0.58601,0.7441,0.73064,0.74327,0.75835,0.74409
5396.0,0.58799,0.74317,0.72938,0.74196,0.75695,0.7428649999999999
5397.0,0.604,0.74389,0.72954,0.74156,0.75684,0.7429575
5398.0,0.61918,0.7451,0.7302,0.74152,0.75728,0.743525
5399.0,0.63578,0.74581,0.73056,0.74092,0.75751,0.7437
5400.0,0.67269,0.74514,0.72953,0.73908,0.75643,0.742545
5401.0,0.7342,0.74208,0.72646,0.73565,0.75355,0.7394350000000001
5402.0,0.7082,0.73676,0.72148,0.73082,0.74883,0.7344725
5403.0,0.72269,0.73039,0.7154,0.7254,0.74301,0.72855
5404.0,0.71291,0.72426,0.70959,0.72036,0.73728,0.7228725
5405.0,0.62572,0.71968,0.70527,0.71687,0.73287,0.7186725
5406.0,0.57462,0.71769,0.70342,0.71562,0.73074,0.7168675
5407.0,0.61406,0.71843,0.70434,0.71713,0.73128,0.717795
5408.0,0.56026,0.72176,0.70812,0.72138,0.73465,0.7214775
5409.0,0.53721,0.72751,0.71442,0.72803,0.74049,0.7276125
5410.0,0.64358,0.73507,0.72263,0.73649,0.74836,0.7356374999999999
5411.0,0.69983,0.74384,0.73205,0.74607,0.75756,0.74488
5412.0,0.37779,0.75325,0.74189,0.75598,0.76734,0.754615
5413.0,0.21177,0.76242,0.75138,0.76546,0.77691,0.7640425
5414.0,0.52093,0.77056,0.75978,0.77379,0.78554,0.7724175
5415.0,0.90963,0.77705,0.7665,0.78035,0.79257,0.7791175
5416.0,0.65154,0.7814,0.77108,0.7849,0.79756,0.7837350000000001
5417.0,0.55432,0.78362,0.77351,0.78735,0.80042,0.786225
5418.0,0.60331,0.78396,0.77396,0.78795,0.80127,0.7867850000000001
5419.0,0.66098,0.78278,0.7729,0.78712,0.80061,0.7858525000000001
5420.0,0.65664,0.78089,0.77097,0.78537,0.79897,0.7840499999999999
5421.0,0.61182,0.77882,0.7687,0.78318,0.79688,0.781895
5422.0,0.5943,0.77683,0.76646,0.78089,0.79469,0.7797175000000001
5423.0,0.6245,0.77511,0.76437,0.77853,0.79256,0.7776425
5424.0,0.66798,0.77333,0.76215,0.77582,0.79028,0.7753950000000001
5425.0,0.67805,0.77083,0.7593,0.77251,0.78744,0.7725200000000001
5426.0,0.63562,0.76734,0.7555,0.76828,0.7837,0.768705
5427.0,0.60689,0.76263,0.7506,0.76328,0.77891,0.763855
5428.0,0.61208,0.75703,0.74492,0.75786,0.77341,0.758305
5429.0,0.6354,0.75146,0.73915,0.75238,0.7678,0.7526975
5430.0,0.65053,0.74651,0.73393,0.74768,0.76271,0.7477075
5431.0,0.63824,0.74292,0.73014,0.7445,0.75898,0.744135
5432.0,0.61178,0.74157,0.7285,0.74352,0.7573,0.7427225
5433.0,0.58499,0.74273,0.72951,0.74529,0.75818,0.7439275
5434.0,0.56321,0.74665,0.73354,0.74978,0.76196,0.7479825
5435.0,0.5613,0.75332,0.74031,0.75685,0.76837,0.7547125
5436.0,0.60116,0.76204,0.74923,0.76557,0.77691,0.7634375
5437.0,0.66857,0.7716,0.75902,0.77481,0.78631,0.7729349999999999
5438.0,0.68779,0.78042,0.76815,0.78316,0.79524,0.7817425
5439.0,0.63834,0.78692,0.7751,0.78924,0.80213,0.7883475
5440.0,0.58861,0.78988,0.77861,0.79214,0.80583,0.791615
5441.0,0.62583,0.78876,0.77812,0.79137,0.80574,0.7909975
5442.0,0.61318,0.78389,0.77383,0.78733,0.80203,0.78677
5443.0,0.5848,0.77648,0.76685,0.78104,0.79565,0.7800050000000001
5444.0,0.59443,0.76832,0.7589,0.77393,0.78815,0.7723249999999999
5445.0,0.61914,0.76126,0.75166,0.7676,0.78114,0.765415
5446.0,0.58588,0.75677,0.74657,0.76286,0.776,0.7605500000000001
5447.0,0.59197,0.7552,0.74399,0.76008,0.77314,0.7581025
5448.0,0.63035,0.75575,0.7435,0.75889,0.7723,0.75761
5449.0,0.64041,0.75713,0.74397,0.75845,0.77245,0.758
5450.0,0.60521,0.75779,0.74413,0.75799,0.77253,0.7581100000000001
5451.0,0.5828,0.75687,0.74323,0.7569,0.77177,0.7571925
5452.0,0.60777,0.75462,0.74127,0.75524,0.77007,0.7553
5453.0,0.6048,0.75191,0.73898,0.75357,0.76801,0.7531174999999999
5454.0,0.60271,0.74999,0.73728,0.75253,0.76643,0.7515575000000001
5455.0,0.63151,0.74981,0.73694,0.75246,0.76604,0.7513125
5456.0,0.65473,0.75128,0.738,0.75341,0.76692,0.7524025000000001
5457.0,0.67,0.75371,0.74002,0.75493,0.76874,0.7543500000000001
5458.0,0.64912,0.75607,0.74209,0.75653,0.77069,0.756345
5459.0,0.60191,0.75742,0.74349,0.75769,0.77213,0.7576825
5460.0,0.58937,0.75761,0.74399,0.75817,0.77276,0.7581325
5461.0,0.66876,0.75695,0.74375,0.75831,0.77269,0.757925
5462.0,0.61437,0.75625,0.74336,0.75828,0.77241,0.7575750000000001
5463.0,0.60153,0.7562,0.74329,0.75834,0.77234,0.7575425
5464.0,0.61763,0.75681,0.74374,0.75867,0.77272,0.757985
5465.0,0.58265,0.75785,0.74452,0.75907,0.77337,0.7587025
5466.0,0.56446,0.75879,0.74513,0.75919,0.77389,0.75925
5467.0,0.61389,0.75891,0.74503,0.7585,0.77374,0.759045
5468.0,0.61374,0.75774,0.74377,0.75675,0.77251,0.7576925
5469.0,0.5713,0.75513,0.74106,0.7538,0.76992,0.7549775
5470.0,0.56548,0.75126,0.73703,0.7495,0.76606,0.7509625000000001
5471.0,0.59498,0.74626,0.73189,0.74436,0.76111,0.745905
5472.0,0.60242,0.74062,0.72611,0.73881,0.75559,0.7402825
5473.0,0.61391,0.73517,0.72039,0.73329,0.75004,0.7347225
5474.0,0.64726,0.73044,0.71543,0.72861,0.74519,0.7299175
5475.0,0.66295,0.72704,0.71186,0.72539,0.74156,0.7264625
5476.0,0.56668,0.72555,0.70999,0.72386,0.7396,0.72475
5477.0,0.60315,0.72585,0.70991,0.72392,0.73935,0.7247575
5478.0,0.66499,0.72766,0.71153,0.72541,0.74077,0.7263425
5479.0,0.65553,0.7306,0.7144,0.72832,0.74343,0.7291875
5480.0,0.60226,0.73429,0.7182,0.73207,0.74708,0.7329100000000001
5481.0,0.57899,0.73837,0.72246,0.73634,0.75117,0.737085
5482.0,0.60449,0.74244,0.72677,0.74067,0.75544,0.74133
5483.0,0.60612,0.74621,0.73073,0.74457,0.7594,0.7452274999999999
5484.0,0.58635,0.7493,0.73398,0.74771,0.76274,0.7484325
5485.0,0.62105,0.75135,0.73638,0.75002,0.76525,0.75075
5486.0,0.5805,0.75246,0.73783,0.75172,0.76687,0.75222
5487.0,0.53845,0.75303,0.73867,0.75271,0.76787,0.7530700000000001
5488.0,0.54215,0.75331,0.73911,0.75339,0.76841,0.753555
5489.0,0.58574,0.75355,0.73945,0.75386,0.76884,0.753925
5490.0,0.61497,0.754,0.7398,0.75415,0.7692,0.7542875
5491.0,0.57514,0.75441,0.74013,0.75442,0.76957,0.7546324999999999
5492.0,0.58893,0.75461,0.74036,0.75461,0.76982,0.75485
5493.0,0.61214,0.75463,0.74037,0.75471,0.76992,0.7549075000000001
5494.0,0.57919,0.75444,0.74021,0.75452,0.76984,0.7547524999999999
5495.0,0.59259,0.75409,0.73993,0.75419,0.76958,0.7544474999999999
5496.0,0.61883,0.75358,0.7394,0.75373,0.7691,0.7539525
5497.0,0.60988,0.7529,0.73862,0.75277,0.76837,0.753165
5498.0,0.58963,0.75183,0.73741,0.75138,0.76718,0.7519500000000001
5499.0,0.62667,0.7502,0.73573,0.74948,0.76556,0.7502424999999999
5500.0,0.72558,0.74816,0.73352,0.74718,0.76337,0.7480575
5501.0,0.63267,0.74569,0.73093,0.74456,0.76085,0.7455075
5502.0,0.57755,0.74303,0.72821,0.74187,0.75815,0.742815
5503.0,0.65509,0.74072,0.72567,0.73932,0.75561,0.7403299999999999
5504.0,0.67928,0.73891,0.72362,0.7371,0.75344,0.7382675
5505.0,0.53648,0.73751,0.72199,0.73538,0.75169,0.7366425
5506.0,0.55897,0.73661,0.72079,0.73382,0.75034,0.73539
5507.0,0.6087,0.73575,0.71964,0.7325,0.74905,0.734235
5508.0,0.55853,0.73451,0.71836,0.73106,0.74771,0.7329100000000001
5509.0,0.56216,0.73298,0.71682,0.72953,0.74609,0.7313550000000001
5510.0,0.59181,0.73116,0.71522,0.7283,0.74451,0.7297975
5511.0,0.62362,0.72968,0.71407,0.72767,0.74331,0.7286825000000001
5512.0,0.63618,0.72941,0.71399,0.72826,0.74313,0.7286975
5513.0,0.60944,0.7308,0.71552,0.73027,0.74445,0.73026
5514.0,0.56213,0.73416,0.71888,0.73378,0.74752,0.7335849999999999
5515.0,0.73882,0.73918,0.72381,0.73868,0.75211,0.738445
5516.0,0.78524,0.74506,0.72972,0.74424,0.75773,0.7441875
5517.0,0.66359,0.75096,0.73571,0.74976,0.76349,0.74998
5518.0,0.62425,0.7559,0.74092,0.7545,0.7686,0.75498
5519.0,0.63842,0.75926,0.74463,0.75775,0.7723,0.7584850000000001
5520.0,0.60818,0.76065,0.74637,0.75918,0.77416,0.7600899999999999
5521.0,0.59607,0.75994,0.74601,0.75865,0.77399,0.7596474999999999
5522.0,0.62605,0.7574,0.74368,0.75632,0.77191,0.7573275
5523.0,0.62786,0.75338,0.73982,0.75264,0.76829,0.7535325
5524.0,0.6248,0.74846,0.73506,0.7482,0.76376,0.74887
5525.0,0.62407,0.74359,0.73024,0.74372,0.75906,0.7441525
5526.0,0.61832,0.73956,0.72614,0.74007,0.75495,0.7401800000000001
5527.0,0.60357,0.73699,0.72341,0.73762,0.75208,0.737525
5528.0,0.59839,0.73624,0.72232,0.73657,0.7507,0.7364575
5529.0,0.64905,0.73702,0.72271,0.73677,0.75078,0.73682
5530.0,0.66744,0.73875,0.72415,0.73785,0.75189,0.7381599999999999
5531.0,0.64367,0.74074,0.726,0.73944,0.75354,0.73993
5532.0,0.62774,0.74255,0.72788,0.74114,0.7553,0.7417175
5533.0,0.60667,0.744,0.72956,0.74295,0.75693,0.74336
5534.0,0.6106,0.7453,0.73114,0.74471,0.75851,0.744915
5535.0,0.6451,0.7468,0.7328,0.74651,0.76011,0.7465550000000001
5536.0,0.67083,0.74856,0.7347,0.7485,0.76193,0.7484225
5537.0,0.64039,0.75064,0.73681,0.75056,0.76392,0.7504825
5538.0,0.67166,0.75277,0.73897,0.75262,0.76596,0.75258
5539.0,0.69398,0.75447,0.74085,0.75442,0.76776,0.754375
5540.0,0.67325,0.75565,0.74226,0.75579,0.76916,0.755715
5541.0,0.62262,0.7562,0.74312,0.75688,0.77004,0.7565599999999999
5542.0,0.58132,0.75625,0.74363,0.7577,0.77061,0.7570475
5543.0,0.56942,0.75636,0.74411,0.75852,0.77108,0.7575175
5544.0,0.56269,0.75688,0.7449,0.75966,0.77182,0.7583150000000001
5545.0,0.56901,0.758,0.7462,0.76109,0.77297,0.759565
5546.0,0.60534,0.75969,0.74795,0.76277,0.77452,0.7612325
5547.0,0.60448,0.76151,0.74981,0.76442,0.77618,0.76298
5548.0,0.60535,0.76296,0.75134,0.76568,0.77756,0.7643850000000001
5549.0,0.6151,0.76358,0.75209,0.7662,0.77823,0.7650250000000001
5550.0,0.62331,0.76308,0.75182,0.76579,0.77796,0.7646625
5551.0,0.62469,0.76156,0.75052,0.76449,0.77671,0.76332
5552.0,0.64882,0.75939,0.74847,0.76252,0.77473,0.7612774999999999
5553.0,0.65344,0.75696,0.74605,0.76018,0.77233,0.75888
5554.0,0.64083,0.7547,0.74362,0.75769,0.76989,0.756475
5555.0,0.6286,0.75282,0.7414,0.75528,0.76758,0.75427
5556.0,0.58621,0.75124,0.73941,0.75298,0.76549,0.7522800000000001
5557.0,0.56982,0.74976,0.73752,0.75067,0.76347,0.7503549999999999
5558.0,0.5906,0.74805,0.73549,0.74829,0.76135,0.7482949999999999
5559.0,0.58094,0.74592,0.73316,0.74563,0.75897,0.74592
5560.0,0.49087,0.74339,0.73045,0.74272,0.75623,0.7431975000000001
5561.0,0.64775,0.74044,0.72743,0.73964,0.7532,0.7401775
5562.0,0.64466,0.73731,0.72429,0.73649,0.75004,0.7370325
5563.0,0.52517,0.73437,0.72125,0.73351,0.74695,0.73402
5564.0,0.50902,0.73179,0.71854,0.73086,0.74418,0.7313425
5565.0,0.55881,0.7297,0.71634,0.72873,0.74189,0.7291650000000001
5566.0,0.56258,0.72826,0.71474,0.72716,0.7402,0.72759
5567.0,0.57477,0.7275,0.71381,0.72627,0.73915,0.7266825
5568.0,0.60222,0.72717,0.71347,0.72609,0.73872,0.7263625
5569.0,0.58793,0.72742,0.71375,0.72637,0.73891,0.7266124999999999
5570.0,0.57101,0.72825,0.71454,0.72728,0.73959,0.7274149999999999
5571.0,0.59701,0.72941,0.71585,0.7287,0.74083,0.7286975
5572.0,0.63768,0.73106,0.71758,0.73046,0.74243,0.7303825
5573.0,0.64112,0.73308,0.71966,0.73256,0.74442,0.7324299999999999
5574.0,0.58853,0.7352,0.72191,0.73473,0.74652,0.73459
5575.0,0.56873,0.73733,0.72408,0.73666,0.74858,0.7366625
5576.0,0.58961,0.73916,0.7259,0.73817,0.75028,0.7383775
5577.0,0.62875,0.7402,0.72703,0.73896,0.75133,0.7393799999999999
5578.0,0.64954,0.74036,0.72717,0.73855,0.75142,0.739375
5579.0,0.61161,0.73943,0.72601,0.73684,0.75024,0.73813
5580.0,0.5685,0.73695,0.72333,0.73356,0.7476,0.73536
5581.0,0.57216,0.73292,0.71896,0.72858,0.74332,0.730945
5582.0,0.62781,0.72727,0.71296,0.72224,0.73747,0.724985
5583.0,0.66967,0.72015,0.7056,0.71473,0.73031,0.7176974999999999
5584.0,0.65248,0.71233,0.69751,0.70673,0.72241,0.709745
5585.0,0.62726,0.70454,0.68952,0.69914,0.71457,0.7019425
5586.0,0.59797,0.69781,0.68261,0.69269,0.70769,0.6951999999999999
5587.0,0.54172,0.69307,0.67761,0.6882,0.70256,0.6903600000000001
5588.0,0.5374,0.69076,0.67506,0.68602,0.69975,0.6878974999999999
5589.0,0.61325,0.69103,0.67506,0.68613,0.69939,0.6879025000000001
5590.0,0.6624,0.69345,0.67729,0.68831,0.70122,0.6900675000000001
5591.0,0.61109,0.69735,0.68111,0.69187,0.70467,0.6937500000000001
5592.0,0.55085,0.702,0.6857,0.69611,0.70898,0.6981974999999999
5593.0,0.63854,0.70642,0.69026,0.70039,0.71332,0.7025975
5594.0,0.69766,0.70991,0.69401,0.70383,0.71698,0.7061825
5595.0,0.65627,0.71214,0.69645,0.70609,0.71944,0.70853
5596.0,0.60548,0.71269,0.69735,0.70713,0.72047,0.70941
5597.0,0.64999,0.71181,0.69696,0.70705,0.72028,0.709025
5598.0,0.67699,0.71026,0.69587,0.70673,0.71939,0.7080625
5599.0,0.6736,0.7089,0.69501,0.70675,0.71868,0.707335
5600.0,0.63835,0.70901,0.69534,0.7078,0.71896,0.7077775
5601.0,0.51789,0.7112,0.69756,0.71065,0.72102,0.7101075000000001
5602.0,0.52341,0.71561,0.70196,0.71526,0.7251,0.7144825
5603.0,0.60511,0.722,0.70823,0.72141,0.73095,0.7206475
5604.0,0.64868,0.72942,0.71559,0.72836,0.73792,0.7278224999999999
5605.0,0.59007,0.73679,0.72303,0.73516,0.74504,0.735005
5606.0,0.58644,0.74302,0.72948,0.74098,0.75133,0.7412025
5607.0,0.58617,0.74732,0.73411,0.74498,0.75593,0.7455849999999999
5608.0,0.61681,0.74923,0.73634,0.74669,0.75821,0.7476175
5609.0,0.689,0.74854,0.73591,0.74581,0.75795,0.7470525
5610.0,0.6673,0.7453,0.73289,0.74259,0.75515,0.7439825
5611.0,0.61943,0.73979,0.72764,0.73741,0.75018,0.7387549999999999
5612.0,0.61386,0.73299,0.72092,0.73082,0.74375,0.73212
5613.0,0.62227,0.72585,0.71366,0.72403,0.73669,0.7250574999999999
5614.0,0.55792,0.71937,0.70702,0.71772,0.73018,0.7185725000000001
5615.0,0.59527,0.71473,0.70187,0.71281,0.72489,0.7135750000000001
5616.0,0.6123,0.71229,0.69872,0.70965,0.72152,0.710545
5617.0,0.5799,0.71193,0.69749,0.70785,0.71991,0.709295
5618.0,0.55502,0.71294,0.69762,0.70729,0.71972,0.7093925
5619.0,0.57477,0.71414,0.69834,0.70746,0.72024,0.7100449999999999
5620.0,0.6297,0.71485,0.69893,0.70774,0.72073,0.7105625000000001
5621.0,0.67505,0.71488,0.69907,0.70783,0.72091,0.7106724999999999
5622.0,0.66913,0.71443,0.69885,0.70791,0.72078,0.7104925
5623.0,0.60364,0.71399,0.69877,0.70831,0.72081,0.7104699999999999
5624.0,0.55992,0.71439,0.69941,0.70946,0.72143,0.7111725
5625.0,0.56428,0.71611,0.70124,0.71169,0.72313,0.7130425
5626.0,0.59607,0.71921,0.70432,0.71477,0.72596,0.7160650000000001
5627.0,0.60943,0.72329,0.7083,0.71847,0.72964,0.7199249999999999
5628.0,0.5889,0.72746,0.71248,0.72228,0.7336,0.723955
5629.0,0.59684,0.73089,0.71608,0.72543,0.73704,0.72736
5630.0,0.61744,0.73296,0.71839,0.72735,0.73931,0.7295025
5631.0,0.63269,0.73329,0.71904,0.72776,0.74003,0.73003
5632.0,0.6938,0.73192,0.71799,0.72667,0.73913,0.7289275
5633.0,0.66755,0.72924,0.71555,0.72431,0.73686,0.7264900000000001
5634.0,0.60013,0.72583,0.71224,0.72116,0.73368,0.7232275
5635.0,0.5742,0.72225,0.70862,0.71769,0.73014,0.7196750000000001
5636.0,0.6167,0.71899,0.70522,0.71442,0.72674,0.7163425
5637.0,0.55948,0.71635,0.70239,0.71171,0.72386,0.7135775
5638.0,0.53037,0.71453,0.70035,0.70969,0.72171,0.71157
5639.0,0.58727,0.71356,0.69916,0.70855,0.72039,0.710415
5640.0,0.67914,0.71333,0.69881,0.70818,0.7199,0.710055
5641.0,0.69255,0.71384,0.69922,0.7086,0.72014,0.71045
5642.0,0.64,0.7149,0.70027,0.7097,0.72101,0.7114699999999999
5643.0,0.57963,0.71638,0.7018,0.71113,0.72237,0.71292
5644.0,0.56066,0.71813,0.7036,0.71288,0.724,0.7146525000000001
5645.0,0.58303,0.71983,0.70549,0.71474,0.72576,0.7164550000000001
5646.0,0.60079,0.72141,0.70726,0.71642,0.7274,0.7181225
5647.0,0.57641,0.72274,0.70875,0.71779,0.7288,0.71952
5648.0,0.55985,0.72367,0.70981,0.71863,0.72978,0.7204725
5649.0,0.65856,0.7241,0.71028,0.71879,0.73019,0.72084
5650.0,0.73615,0.72381,0.70996,0.71819,0.72984,0.72045
5651.0,0.69142,0.72256,0.70864,0.71651,0.72855,0.7190650000000001
5652.0,0.60552,0.72019,0.70617,0.71364,0.72616,0.71654
5653.0,0.60941,0.71659,0.70255,0.7099,0.72269,0.7129325
5654.0,0.5797,0.71197,0.69801,0.70552,0.71834,0.70846
5655.0,0.55255,0.70691,0.69299,0.70079,0.7135,0.7035475
5656.0,0.53648,0.70212,0.68816,0.69635,0.7088,0.6988575
5657.0,0.53074,0.69822,0.68417,0.69272,0.70484,0.6949875
5658.0,0.55421,0.69583,0.6816,0.69048,0.70218,0.6925224999999999
5659.0,0.60355,0.69525,0.68071,0.68994,0.70108,0.691745
5660.0,0.62886,0.69632,0.6815,0.69065,0.70162,0.6925225
5661.0,0.59762,0.69874,0.68364,0.69252,0.70345,0.6945875
5662.0,0.53472,0.70181,0.68665,0.69545,0.70621,0.69753
5663.0,0.57712,0.70498,0.68998,0.69873,0.70935,0.70076
5664.0,0.62789,0.70795,0.69323,0.70194,0.71247,0.7038975000000001
5665.0,0.6293,0.71051,0.69617,0.70501,0.71537,0.706765
5666.0,0.5977,0.71269,0.6988,0.70796,0.71802,0.7093675
5667.0,0.58528,0.71474,0.70132,0.71091,0.72052,0.7118725
5668.0,0.58043,0.71699,0.70397,0.71395,0.72312,0.7145075000000001
5669.0,0.55443,0.71964,0.70694,0.71713,0.72597,0.71742
5670.0,0.51088,0.7227,0.71023,0.72049,0.72911,0.7206325
5671.0,0.53554,0.72594,0.71366,0.72392,0.73235,0.7239675
5672.0,0.57371,0.72895,0.7169,0.72698,0.73543,0.7270650000000001
5673.0,0.59481,0.73139,0.71954,0.72933,0.73796,0.729555
5674.0,0.59361,0.73287,0.72124,0.73076,0.73961,0.73112
5675.0,0.58564,0.73322,0.72177,0.73105,0.74016,0.73155
5676.0,0.58626,0.7324,0.72106,0.73012,0.7395,0.73077
5677.0,0.6322,0.73047,0.71917,0.728,0.73772,0.72884
5678.0,0.66521,0.72766,0.71629,0.72499,0.73496,0.725975
5679.0,0.57415,0.72423,0.71273,0.72144,0.73152,0.72248
5680.0,0.55039,0.72052,0.70884,0.71757,0.72774,0.7186675
5681.0,0.57874,0.7169,0.70501,0.71371,0.72397,0.7148975
5682.0,0.59822,0.7137,0.70157,0.71036,0.72053,0.7115400000000001
5683.0,0.57767,0.71113,0.69881,0.70778,0.71774,0.7088650000000001
5684.0,0.61671,0.70943,0.69693,0.70606,0.71579,0.7070525000000001
5685.0,0.60364,0.70872,0.69608,0.70538,0.71484,0.7062550000000001
5686.0,0.54098,0.70907,0.69638,0.70584,0.71499,0.7065700000000001
5687.0,0.5017,0.71051,0.6978,0.70739,0.71619,0.7079725
5688.0,0.54897,0.7129,0.70021,0.70976,0.71835,0.710305
5689.0,0.58821,0.71596,0.70328,0.71261,0.72112,0.7132425
5690.0,0.5608,0.71918,0.70653,0.71553,0.72413,0.7163425
5691.0,0.50526,0.72197,0.70939,0.718,0.72677,0.7190325
5692.0,0.55908,0.72375,0.71134,0.71953,0.72859,0.7208025
5693.0,0.55039,0.7242,0.71196,0.71981,0.72916,0.7212825
5694.0,0.56305,0.72314,0.71109,0.71868,0.72832,0.7203075
5695.0,0.61575,0.72068,0.70877,0.71623,0.7261,0.717945
5696.0,0.59472,0.71715,0.70526,0.71271,0.72273,0.7144624999999999
5697.0,0.53164,0.71293,0.70099,0.70838,0.7186,0.710225
5698.0,0.50728,0.70858,0.69639,0.70381,0.71407,0.7057125000000001
5699.0,0.55281,0.70441,0.69189,0.69926,0.70961,0.7012925
5700.0,0.62171,0.70072,0.68771,0.69476,0.70541,0.69715
5701.0,0.55559,0.69753,0.68392,0.69061,0.70153,0.6933975
5702.0,0.51403,0.69452,0.68038,0.68669,0.69791,0.689875
5703.0,0.53967,0.69146,0.67687,0.68279,0.69436,0.68637
5704.0,0.5852,0.6881,0.67321,0.67902,0.69073,0.682765
5705.0,0.62126,0.68442,0.66949,0.67533,0.68709,0.6790824999999999
5706.0,0.62729,0.68085,0.66599,0.67224,0.68365,0.6756825
5707.0,0.57924,0.67795,0.66327,0.67019,0.68098,0.6730975
5708.0,0.49735,0.6765,0.66195,0.66939,0.6796,0.6718599999999999
5709.0,0.49284,0.67706,0.66253,0.67055,0.68,0.672535
5710.0,0.49631,0.6798,0.66524,0.67369,0.68245,0.675295
5711.0,0.53788,0.68454,0.66996,0.67842,0.68682,0.679935
5712.0,0.62041,0.6908,0.67622,0.68472,0.6927,0.68611
5713.0,0.64079,0.69777,0.68338,0.69188,0.69958,0.6931525000000001
5714.0,0.55411,0.70479,0.69076,0.69904,0.70675,0.700335
5715.0,0.50344,0.71133,0.69779,0.70614,0.71363,0.7072225000000001
5716.0,0.52164,0.717,0.70412,0.71262,0.71993,0.7134175
5717.0,0.49036,0.7218,0.70955,0.71809,0.72534,0.7186950000000001
5718.0,0.57676,0.72573,0.71406,0.72275,0.72984,0.723095
5719.0,0.62972,0.7288,0.71762,0.72639,0.7334,0.7265525
5720.0,0.5834,0.73099,0.72019,0.72891,0.73597,0.729015
5721.0,0.51962,0.7322,0.72173,0.73045,0.73752,0.730475
5722.0,0.53242,0.73238,0.7222,0.73093,0.73804,0.7308874999999999
5723.0,0.52163,0.73158,0.72165,0.73038,0.73757,0.7302949999999999
5724.0,0.49017,0.72998,0.72025,0.72913,0.73626,0.728905
5725.0,0.51771,0.72789,0.7183,0.72734,0.73441,0.726985
5726.0,0.57632,0.72572,0.71616,0.72531,0.73233,0.7248800000000001
5727.0,0.60436,0.72387,0.71419,0.72349,0.73036,0.7229775
5728.0,0.58769,0.72253,0.71267,0.72206,0.72883,0.7215225
5729.0,0.55013,0.72188,0.71175,0.72111,0.72786,0.72065
5730.0,0.53842,0.72186,0.71148,0.72069,0.7275,0.7203824999999999
5731.0,0.56728,0.72238,0.71179,0.72083,0.72766,0.7206649999999999
5732.0,0.58856,0.72326,0.71249,0.72142,0.72819,0.72134
5733.0,0.56971,0.7242,0.71336,0.72198,0.72897,0.7221274999999999
5734.0,0.58429,0.72505,0.71412,0.7225,0.72962,0.7228225
5735.0,0.57593,0.72549,0.71463,0.72295,0.73009,0.72329
5736.0,0.54887,0.7255,0.71476,0.72301,0.73018,0.7233624999999999
5737.0,0.53644,0.72516,0.71457,0.72282,0.72996,0.7231275
5738.0,0.56797,0.72462,0.71415,0.72245,0.72953,0.7226875
5739.0,0.59187,0.72408,0.71366,0.72196,0.72901,0.7221775
5740.0,0.57985,0.72366,0.71321,0.72152,0.72852,0.7217275
5741.0,0.53611,0.72335,0.71285,0.72107,0.72809,0.72134
5742.0,0.50611,0.72314,0.71253,0.72055,0.72769,0.7209775
5743.0,0.53787,0.72287,0.71214,0.71997,0.72723,0.7205525
5744.0,0.59028,0.7224,0.71154,0.71915,0.72658,0.7199175
5745.0,0.6105,0.72157,0.7106,0.71796,0.72564,0.7189425
5746.0,0.57353,0.72033,0.70925,0.71644,0.72428,0.7175750000000001
5747.0,0.56587,0.71863,0.70749,0.71452,0.72252,0.7157900000000001
5748.0,0.58262,0.71659,0.7054,0.71239,0.72043,0.7137025
5749.0,0.59678,0.71437,0.70314,0.71024,0.7182,0.7114874999999999
5750.0,0.58428,0.71219,0.70095,0.70812,0.71607,0.7093324999999999
5751.0,0.55489,0.71036,0.6991,0.70642,0.71423,0.7075275000000001
5752.0,0.54733,0.70917,0.69789,0.70541,0.71294,0.7063525
5753.0,0.582,0.70884,0.69747,0.70493,0.71235,0.7058975000000001
5754.0,0.64272,0.70938,0.69778,0.70501,0.71241,0.706145
5755.0,0.6429,0.71041,0.6985,0.70543,0.71294,0.7068200000000001
5756.0,0.59579,0.71136,0.69921,0.70571,0.71351,0.7074474999999999
5757.0,0.53942,0.71175,0.69949,0.70581,0.71376,0.7077024999999999
5758.0,0.51405,0.71135,0.69921,0.70565,0.71355,0.7074400000000001
5759.0,0.51879,0.71045,0.69856,0.70527,0.71301,0.7068225
5760.0,0.54016,0.70965,0.69802,0.70522,0.71255,0.7063600000000001
5761.0,0.56089,0.70959,0.69815,0.70583,0.71267,0.7065600000000001
5762.0,0.5609,0.71073,0.69933,0.70722,0.71373,0.7077525
5763.0,0.52898,0.71308,0.7016,0.70958,0.71579,0.7100125
5764.0,0.54548,0.71619,0.70465,0.71248,0.71863,0.7129875000000001
5765.0,0.58901,0.71944,0.70788,0.71533,0.72167,0.7160799999999999
5766.0,0.58222,0.7221,0.71068,0.71787,0.72434,0.7187474999999999
5767.0,0.57148,0.72371,0.71257,0.71963,0.72618,0.7205225
5768.0,0.57438,0.72412,0.71333,0.72024,0.72698,0.7211675
5769.0,0.58775,0.72351,0.71301,0.71993,0.72673,0.720795
5770.0,0.59708,0.72213,0.71184,0.71884,0.72565,0.719615
5771.0,0.5875,0.72034,0.71011,0.71702,0.72397,0.71786
5772.0,0.53445,0.71838,0.70805,0.71481,0.72189,0.7157825
5773.0,0.50504,0.71628,0.70572,0.71217,0.71951,0.71342
5774.0,0.56894,0.71391,0.70299,0.70889,0.71671,0.7106250000000001
5775.0,0.59284,0.71095,0.69963,0.705,0.71329,0.7072175
5776.0,0.58588,0.70709,0.69538,0.70026,0.70908,0.7029525000000001
5777.0,0.5805,0.70218,0.69013,0.69459,0.70396,0.697715
5778.0,0.58641,0.69638,0.68403,0.6884,0.69803,0.69171
5779.0,0.53245,0.69015,0.67755,0.68205,0.69174,0.6853725000000002
5780.0,0.56613,0.68424,0.67135,0.67608,0.68566,0.6793325
5781.0,0.63901,0.67949,0.66621,0.67125,0.68052,0.6743675
5782.0,0.62808,0.67649,0.66277,0.66813,0.67702,0.6711024999999999
5783.0,0.57459,0.67565,0.66141,0.66694,0.67545,0.6698625
5784.0,0.54765,0.67685,0.6622,0.66763,0.67595,0.6706574999999999
5785.0,0.57231,0.67973,0.6648,0.67021,0.67817,0.6732275
5786.0,0.62415,0.6837,0.66875,0.67417,0.68175,0.6770925
5787.0,0.60599,0.68813,0.67343,0.67861,0.6862,0.6815924999999999
5788.0,0.54173,0.6926,0.67828,0.68349,0.69082,0.6862975
5789.0,0.49686,0.69664,0.68293,0.68837,0.69538,0.69083
5790.0,0.5272,0.70022,0.68712,0.69261,0.69949,0.69486
5791.0,0.59675,0.70331,0.69078,0.6965,0.70306,0.6984124999999999
5792.0,0.60802,0.7059,0.69387,0.69985,0.70616,0.701445
5793.0,0.54662,0.70804,0.69642,0.70247,0.70872,0.7039125
5794.0,0.49332,0.70973,0.69849,0.70477,0.71083,0.705955
5795.0,0.64412,0.71103,0.70019,0.70675,0.71258,0.7076375
5796.0,0.61706,0.71213,0.70165,0.70829,0.71402,0.7090225
5797.0,0.50112,0.71316,0.70298,0.70966,0.71526,0.7102649999999999
5798.0,0.54828,0.71418,0.70419,0.71091,0.71635,0.7114075
5799.0,0.63047,0.71507,0.7052,0.71178,0.71727,0.71233
5800.0,0.66614,0.71566,0.70583,0.71212,0.71784,0.7128625
5801.0,0.64551,0.71569,0.70593,0.71212,0.7179,0.7129099999999999
5802.0,0.60808,0.71514,0.70545,0.7117,0.71743,0.7124300000000001
5803.0,0.62887,0.71413,0.70455,0.71073,0.71657,0.711495
5804.0,0.61875,0.71306,0.70345,0.70973,0.71546,0.7104250000000001
5805.0,0.60602,0.71216,0.70249,0.7089,0.71449,0.70951
5806.0,0.65017,0.7117,0.70184,0.70819,0.71382,0.7088875
5807.0,0.65797,0.71169,0.7016,0.70783,0.71349,0.7086524999999999
5808.0,0.62286,0.71191,0.70162,0.70772,0.71344,0.7086725
5809.0,0.58553,0.71214,0.70172,0.70765,0.71345,0.70874
5810.0,0.60651,0.71213,0.7017,0.70756,0.71337,0.7086899999999999
5811.0,0.71215,0.71181,0.70146,0.70732,0.71311,0.708425
5812.0,0.6706,0.71125,0.70104,0.70705,0.7127,0.70801
5813.0,0.5551,0.71072,0.70065,0.70697,0.71235,0.7076724999999999
5814.0,0.56879,0.71055,0.7006,0.70717,0.71229,0.7076525
5815.0,0.5726,0.71103,0.7011,0.70786,0.7127,0.7081725
5816.0,0.5533,0.71226,0.70231,0.70919,0.71375,0.7093775
5817.0,0.53974,0.71414,0.70412,0.71099,0.71538,0.7111575
5818.0,0.56348,0.71636,0.70631,0.71302,0.71742,0.7132775
5819.0,0.58374,0.71855,0.70851,0.71507,0.7195,0.7154075
5820.0,0.58406,0.72036,0.71047,0.71697,0.72136,0.71729
5821.0,0.57268,0.72163,0.71199,0.71845,0.72282,0.7187225
5822.0,0.57343,0.72242,0.71303,0.71946,0.72381,0.71968
5823.0,0.60094,0.72282,0.71364,0.72013,0.72439,0.720245
5824.0,0.62586,0.72299,0.71393,0.72047,0.72467,0.720515
5825.0,0.62092,0.72299,0.71403,0.72053,0.72474,0.7205725000000001
5826.0,0.57355,0.72289,0.71393,0.72038,0.72459,0.7204475
5827.0,0.52766,0.7226,0.71366,0.71998,0.72425,0.7201225
5828.0,0.56652,0.72208,0.71314,0.71935,0.72369,0.719565
5829.0,0.63399,0.72131,0.71237,0.7185,0.72287,0.7187625
5830.0,0.57945,0.72028,0.71132,0.71733,0.72182,0.7176875
5831.0,0.57441,0.71908,0.71006,0.71603,0.72057,0.716435
5832.0,0.61429,0.7178,0.70874,0.71478,0.71926,0.7151450000000001
5833.0,0.64314,0.71663,0.70749,0.71357,0.71801,0.713925
5834.0,0.59999,0.71573,0.70651,0.71261,0.717,0.7129625
5835.0,0.56087,0.71525,0.70595,0.71216,0.71639,0.7124375000000001
5836.0,0.54476,0.71523,0.70587,0.71215,0.71626,0.7123775
5837.0,0.55576,0.71569,0.70627,0.71241,0.71656,0.7127324999999999
5838.0,0.59021,0.71645,0.70699,0.713,0.71712,0.71339
5839.0,0.5894,0.71728,0.70779,0.71367,0.71778,0.71413
5840.0,0.56466,0.71788,0.70838,0.71394,0.71828,0.71462
5841.0,0.54536,0.71795,0.70845,0.71371,0.71829,0.7146
5842.0,0.55682,0.71725,0.70779,0.71289,0.71762,0.7138875
5843.0,0.55673,0.71573,0.7063,0.71122,0.71619,0.71236
5844.0,0.55177,0.7135,0.70406,0.70882,0.71401,0.7100975
5845.0,0.56157,0.71075,0.70122,0.7059,0.71126,0.7072825
5846.0,0.59484,0.70771,0.69797,0.70251,0.70808,0.7040674999999998
5847.0,0.57961,0.70453,0.69449,0.69884,0.70462,0.70062
5848.0,0.54159,0.70128,0.69086,0.69504,0.70102,0.69705
5849.0,0.53419,0.69793,0.68713,0.69105,0.69734,0.6933625000000001
5850.0,0.57993,0.69443,0.68328,0.68698,0.69356,0.6895625000000001
5851.0,0.55592,0.69076,0.67934,0.68295,0.68969,0.685685
5852.0,0.50251,0.68702,0.67538,0.67897,0.68576,0.6817825000000001
5853.0,0.51407,0.68344,0.6716,0.67523,0.682,0.6780674999999999
5854.0,0.59953,0.68025,0.66828,0.67208,0.67876,0.6748425
5855.0,0.59302,0.67782,0.66565,0.6697,0.67618,0.6723374999999999
5856.0,0.50794,0.67637,0.66403,0.66814,0.67451,0.6707625
5857.0,0.46447,0.67604,0.66349,0.6677,0.67378,0.6702524999999999
5858.0,0.54884,0.67684,0.66407,0.66834,0.67411,0.6708400000000001
5859.0,0.56879,0.67848,0.66557,0.66965,0.67545,0.6722875
5860.0,0.51401,0.68074,0.66766,0.67162,0.67735,0.6743425000000001
5861.0,0.50694,0.68307,0.67006,0.67398,0.67957,0.67667
5862.0,0.56108,0.68528,0.6724,0.67625,0.68175,0.67892
5863.0,0.59592,0.68718,0.67464,0.67849,0.68385,0.68104
5864.0,0.58048,0.68883,0.67662,0.6807,0.68579,0.682985
5865.0,0.54238,0.69035,0.67847,0.68259,0.68757,0.6847449999999999
5866.0,0.52899,0.69182,0.68019,0.6843,0.68917,0.6863699999999999
5867.0,0.52078,0.69324,0.68178,0.68593,0.69058,0.6878825
5868.0,0.51824,0.69443,0.68315,0.68712,0.69183,0.6891325
5869.0,0.54303,0.69523,0.68409,0.68779,0.69264,0.6899375
5870.0,0.4686,0.69536,0.68448,0.688,0.6929,0.6901849999999999
5871.0,0.58727,0.69469,0.68414,0.68752,0.69245,0.6897
5872.0,1.11318,0.69329,0.68309,0.68629,0.69131,0.688495
5873.0,1.95754,0.69131,0.68143,0.68453,0.68963,0.686725
5874.0,2.76848,0.68904,0.67925,0.68238,0.68747,0.6845350000000001
5875.0,3.21397,0.68672,0.67681,0.67982,0.68508,0.6821075
5876.0,3.00159,0.68452,0.67422,0.67703,0.68259,0.6795900000000001
5877.0,1.96568,0.68252,0.67162,0.6742,0.68011,0.6771125
5878.0,1.11508,0.68064,0.66897,0.6711,0.6776,0.6745775
5879.0,0.70583,0.67873,0.6661,0.66749,0.67482,0.671785
5880.0,0.59772,0.67637,0.66275,0.66316,0.67155,0.6684574999999999
5881.0,0.57446,0.67306,0.65836,0.65769,0.6673,0.6641025
5882.0,0.54515,0.66814,0.65234,0.65031,0.66153,0.65808
5883.0,0.5335,0.66094,0.64406,0.64076,0.65363,0.6498475
5884.0,0.58897,0.651,0.63313,0.62915,0.64317,0.6391125
5885.0,0.59523,0.63837,0.61971,0.61536,0.63045,0.6259725
5886.0,0.59869,0.62382,0.60459,0.6002,0.6162,0.6112025
5887.0,0.59858,0.60873,0.58896,0.58536,0.60138,0.5961075
5888.0,0.5482,0.59478,0.57436,0.57143,0.58738,0.5819875
5889.0,0.5122,0.58356,0.56223,0.55964,0.57545,0.57022
5890.0,0.53298,0.57602,0.5534,0.55178,0.56651,0.5619275
5891.0,0.58315,0.57237,0.54849,0.54729,0.56152,0.5574175
5892.0,0.56897,0.57224,0.54742,0.54608,0.56029,0.5565074999999999
5893.0,0.58701,0.57505,0.54984,0.54913,0.56223,0.5590625
5894.0,0.58455,0.58014,0.55527,0.55507,0.56718,0.564415
5895.0,0.53087,0.58752,0.56325,0.56312,0.57442,0.5720775
5896.0,0.51074,0.59691,0.57354,0.57408,0.58388,0.5821025
5897.0,0.52092,0.60805,0.58551,0.58664,0.59532,0.59388
5898.0,0.53611,0.6203,0.59855,0.59944,0.60777,0.606515
5899.0,0.53882,0.63259,0.61183,0.61262,0.62031,0.6193375
5900.0,0.55233,0.64387,0.6243,0.62518,0.63216,0.6313774999999999
5901.0,0.56594,0.65347,0.63519,0.63589,0.64265,0.6418
5902.0,0.57733,0.66106,0.6441,0.64485,0.65136,0.6503424999999999
5903.0,0.58162,0.6667,0.65096,0.65213,0.6582,0.6569975
5904.0,0.53885,0.67069,0.65598,0.65748,0.66329,0.66186
5905.0,0.49825,0.67345,0.65953,0.66126,0.66686,0.6652750000000001
5906.0,0.49851,0.67527,0.66194,0.66389,0.66928,0.667595
5907.0,0.54419,0.67634,0.66341,0.66549,0.67078,0.6690050000000001
5908.0,0.52675,0.67671,0.66404,0.66616,0.67143,0.669585
5909.0,0.53604,0.67635,0.66391,0.66601,0.6713,0.6693925
5910.0,0.59287,0.67528,0.66308,0.66526,0.6705,0.66853
5911.0,0.57981,0.67367,0.66168,0.66413,0.66918,0.667165
5912.0,0.54897,0.67182,0.66006,0.66269,0.66767,0.6655599999999999
5913.0,0.54029,0.67014,0.65851,0.6614,0.66616,0.6640525
5914.0,0.56856,0.66903,0.65743,0.66063,0.66502,0.6630275
5915.0,0.60435,0.66874,0.65706,0.66033,0.66459,0.66268
5916.0,0.57707,0.66934,0.65744,0.66074,0.66485,0.6630925
5917.0,0.50976,0.67065,0.65853,0.66178,0.6658,0.6641900000000001
5918.0,0.46978,0.67234,0.66007,0.66307,0.66721,0.6656725
5919.0,0.50176,0.67411,0.66178,0.66463,0.66875,0.6673175
5920.0,0.54336,0.67569,0.66342,0.66612,0.6703,0.6688825
5921.0,0.56539,0.67695,0.66476,0.66723,0.67158,0.67013
5922.0,0.57228,0.67779,0.66569,0.66808,0.67245,0.6710025000000001
5923.0,0.57623,0.67819,0.66618,0.66848,0.67294,0.6714475000000001
5924.0,0.54583,0.67814,0.66617,0.66839,0.67296,0.6714150000000001
5925.0,0.5044,0.67765,0.66574,0.66796,0.67253,0.67097
5926.0,0.54051,0.67681,0.66501,0.66718,0.67184,0.67021
5927.0,0.54257,0.67577,0.66405,0.66629,0.67088,0.6692475
5928.0,0.52105,0.67474,0.6631,0.66544,0.66991,0.6682975
5929.0,0.51412,0.67387,0.66226,0.6646,0.66904,0.6674424999999999
5930.0,0.53703,0.67334,0.66164,0.66403,0.66833,0.6668350000000001
5931.0,0.57134,0.67311,0.66139,0.66382,0.66803,0.6665875
5932.0,0.59262,0.67322,0.66139,0.66387,0.668,0.66662
5933.0,0.57753,0.67355,0.66172,0.66405,0.66818,0.666875
5934.0,0.5236,0.67401,0.66221,0.66441,0.66851,0.667285
5935.0,0.50342,0.67448,0.6627,0.66497,0.66885,0.66775
5936.0,0.5283,0.67485,0.66312,0.66536,0.66925,0.668145
5937.0,0.55323,0.675,0.66338,0.66552,0.66949,0.6683475
5938.0,0.54861,0.67492,0.66347,0.66576,0.66949,0.6684100000000001
5939.0,0.52583,0.67462,0.66342,0.66583,0.66941,0.66832
5940.0,0.5158,0.67426,0.66327,0.66564,0.66919,0.66809
5941.0,0.55719,0.67395,0.66313,0.66554,0.66893,0.6678875000000001
5942.0,0.53659,0.67376,0.66301,0.66546,0.66874,0.6677425
5943.0,0.505,0.67361,0.66283,0.66521,0.66851,0.66754
5944.0,0.52735,0.67337,0.66255,0.66477,0.66817,0.667215
5945.0,0.55043,0.67284,0.66205,0.66412,0.66764,0.6666625
5946.0,0.54772,0.67198,0.66122,0.66329,0.6668,0.6658225
5947.0,0.52557,0.67081,0.66011,0.66218,0.66573,0.6647075
5948.0,0.51444,0.6695,0.6588,0.66078,0.66444,0.66338
5949.0,0.56047,0.66822,0.65745,0.6595,0.6631,0.6620675
5950.0,0.55343,0.66713,0.65621,0.65846,0.66195,0.6609375
5951.0,0.49029,0.66636,0.65525,0.65749,0.66104,0.6600349999999999
5952.0,0.49372,0.6659,0.65466,0.65677,0.66038,0.6594274999999999
5953.0,0.50164,0.6658,0.65445,0.65666,0.66004,0.6592374999999999
5954.0,0.51199,0.66607,0.65463,0.65703,0.66019,0.6594800000000001
5955.0,0.53925,0.66678,0.65531,0.65768,0.66084,0.6601525
5956.0,0.59062,0.66794,0.65651,0.65886,0.66189,0.6613
5957.0,0.59358,0.66954,0.65817,0.66058,0.66333,0.6629050000000001
5958.0,0.56058,0.67144,0.66013,0.66247,0.66511,0.6647875
5959.0,0.53898,0.67347,0.66222,0.66445,0.66707,0.6668025
5960.0,0.53109,0.67534,0.66427,0.66649,0.66898,0.66877
5961.0,0.53561,0.67689,0.66605,0.66824,0.67065,0.6704574999999999
5962.0,0.5422,0.678,0.66749,0.66965,0.67201,0.6717875
5963.0,0.53275,0.67873,0.66854,0.67093,0.67302,0.6728050000000001
5964.0,0.50821,0.67927,0.66938,0.6719,0.67385,0.6736
5965.0,0.50231,0.67974,0.67008,0.67262,0.67453,0.6742425
5966.0,0.52316,0.68032,0.67075,0.67341,0.67511,0.6748975
5967.0,0.52425,0.68093,0.67142,0.67401,0.67573,0.6755225
5968.0,0.53493,0.68148,0.67189,0.67422,0.67614,0.6759325
5969.0,0.54869,0.68167,0.67207,0.67413,0.67621,0.6760200000000001
5970.0,0.54842,0.68127,0.67164,0.67351,0.67576,0.675545
5971.0,0.54661,0.6801,0.67048,0.67212,0.67465,0.6743375
5972.0,0.55279,0.67818,0.66859,0.67013,0.67287,0.6724425
5973.0,0.55703,0.67569,0.66611,0.66777,0.67053,0.670025
5974.0,0.54219,0.67295,0.66336,0.66508,0.66791,0.6673250000000001
5975.0,0.56824,0.67033,0.66063,0.66235,0.66525,0.66464
5976.0,0.57164,0.66811,0.65819,0.65992,0.66278,0.66225
5977.0,0.52441,0.6664,0.65616,0.65775,0.66074,0.6602625
5978.0,0.50786,0.66512,0.65448,0.65589,0.65903,0.6586299999999999
5979.0,0.54593,0.66404,0.65307,0.65431,0.65756,0.657245
5980.0,0.60581,0.663,0.65181,0.65286,0.65631,0.655995
5981.0,0.62121,0.66188,0.65059,0.6517,0.65509,0.6548149999999999
5982.0,0.51134,0.66087,0.6496,0.65084,0.65411,0.6538550000000001
5983.0,0.4901,0.66015,0.64896,0.65017,0.65347,0.6531875
5984.0,0.57312,0.66004,0.64881,0.6502,0.65321,0.653065
5985.0,0.58138,0.6606,0.64934,0.65098,0.65369,0.6536525000000001
5986.0,0.53991,0.66185,0.65047,0.65208,0.65479,0.6547975
5987.0,0.50742,0.66356,0.65216,0.65355,0.65627,0.656385
5988.0,0.52578,0.66548,0.65412,0.65537,0.65801,0.658245
5989.0,0.58987,0.66732,0.65599,0.65715,0.65973,0.6600475
5990.0,0.59493,0.66887,0.65763,0.65848,0.66128,0.661565
5991.0,0.53429,0.66997,0.65881,0.65939,0.66238,0.6626375
5992.0,0.46656,0.67049,0.65939,0.65992,0.6629,0.6631750000000001
5993.0,0.49181,0.67041,0.65935,0.65979,0.66291,0.663115
5994.0,0.51494,0.66973,0.65869,0.65904,0.66234,0.66245
5995.0,0.4933,0.66859,0.65763,0.65796,0.66127,0.6613625000000001
5996.0,0.46958,0.66715,0.65628,0.6566,0.65993,0.6599900000000001
5997.0,0.50851,0.66562,0.65474,0.65508,0.65839,0.6584574999999999
5998.0,0.57298,0.66415,0.65322,0.65351,0.65687,0.6569375
5999.0,0.59474,0.6628,0.65173,0.65201,0.6554,0.655485
6000.0,0.50919,0.66151,0.65029,0.65061,0.65394,0.6540875
6001.0,0.5002,0.66024,0.64896,0.6491,0.6526,0.652725
6002.0,0.54843,0.65889,0.64756,0.64755,0.65117,0.6512924999999999
6003.0,0.51883,0.65749,0.6461,0.64619,0.64967,0.6498625
6004.0,0.47203,0.65611,0.64465,0.64482,0.64834,0.64848
6005.0,0.48085,0.65492,0.64332,0.64357,0.6471,0.6472275
6006.0,0.53643,0.65406,0.64242,0.6427,0.64613,0.6463274999999999
6007.0,0.51772,0.65363,0.64191,0.64202,0.64554,0.645775
6008.0,0.48185,0.65361,0.64167,0.6416,0.64517,0.6455124999999999
6009.0,0.48778,0.65381,0.64164,0.64151,0.64508,0.64551
6010.0,0.54622,0.65405,0.64166,0.64143,0.64512,0.645565
6011.0,0.50748,0.6541,0.64164,0.6411,0.64503,0.6454675
6012.0,0.45046,0.65385,0.64146,0.64058,0.6447,0.6451475
6013.0,0.45646,0.65326,0.64091,0.64003,0.64409,0.6445725
6014.0,0.567,0.65244,0.64006,0.63937,0.64331,0.643795
6015.0,0.57765,0.65148,0.63915,0.63844,0.6425,0.6428925
6016.0,0.54362,0.65053,0.63828,0.63757,0.6416,0.641995
6017.0,0.53847,0.64971,0.63757,0.63718,0.6408,0.641315
6018.0,0.53155,0.64919,0.63715,0.63702,0.64041,0.6409425000000001
6019.0,0.51779,0.64909,0.63716,0.63711,0.64041,0.6409425
6020.0,0.50531,0.64957,0.63778,0.63794,0.64088,0.6415425
6021.0,0.50797,0.65065,0.63899,0.63948,0.64196,0.64277
6022.0,0.52681,0.65237,0.64079,0.64139,0.64365,0.64455
6023.0,0.53268,0.65459,0.64316,0.64371,0.64585,0.6468275
6024.0,0.52703,0.65718,0.64589,0.6466,0.64837,0.6495099999999999
6025.0,0.55637,0.65996,0.64888,0.64966,0.65117,0.6524175
6026.0,0.54792,0.66275,0.65191,0.65254,0.65407,0.6553175
6027.0,0.51933,0.66542,0.65482,0.65545,0.65679,0.65812
6028.0,0.5174,0.66786,0.65752,0.65828,0.65936,0.660755
6029.0,0.54018,0.67001,0.6599,0.66063,0.6617,0.66306
6030.0,0.55251,0.67181,0.66194,0.66257,0.66364,0.66499
6031.0,0.52965,0.67324,0.6636,0.66426,0.6652,0.666575
6032.0,0.46954,0.67427,0.6648,0.66552,0.66639,0.667745
6033.0,0.48044,0.67489,0.66559,0.66629,0.66717,0.668485
6034.0,0.52022,0.6751,0.66599,0.6667,0.66754,0.6688324999999999
6035.0,0.52969,0.67496,0.66605,0.66681,0.66758,0.6688500000000001
6036.0,0.52733,0.67453,0.66579,0.66667,0.66732,0.6685775
6037.0,0.54108,0.67397,0.66536,0.66641,0.66691,0.6681625
6038.0,0.57475,0.67342,0.66496,0.66611,0.66653,0.6677549999999999
6039.0,0.60585,0.67306,0.66468,0.66599,0.66622,0.6674875
6040.0,0.56637,0.67302,0.6647,0.66613,0.66616,0.6675025
6041.0,0.54105,0.67334,0.66504,0.66644,0.66645,0.6678175
6042.0,0.5742,0.67399,0.66565,0.66704,0.66696,0.66841
6043.0,0.56741,0.67483,0.66649,0.66784,0.66767,0.6692075
6044.0,0.54966,0.67571,0.66737,0.66852,0.66847,0.6700175
6045.0,0.54233,0.67643,0.66811,0.66904,0.6691,0.6706699999999999
6046.0,0.55327,0.67685,0.66855,0.66935,0.66946,0.6710524999999999
6047.0,0.55625,0.67684,0.66856,0.66917,0.66946,0.6710075
6048.0,0.51524,0.67633,0.66805,0.66841,0.66896,0.6704375
6049.0,0.46198,0.67532,0.66702,0.66727,0.66794,0.6693875
6050.0,0.53019,0.67383,0.66549,0.66574,0.66649,0.6678875000000001
6051.0,0.57219,0.67199,0.66359,0.6638,0.66469,0.6660174999999999
6052.0,0.55778,0.66997,0.66154,0.66169,0.66269,0.6639725
6053.0,0.52258,0.66798,0.65947,0.65972,0.66066,0.6619575
6054.0,0.51887,0.66629,0.65762,0.65795,0.65883,0.6601725
6055.0,0.54976,0.66498,0.65614,0.65636,0.65734,0.6587050000000001
6056.0,0.58169,0.66412,0.65502,0.65511,0.65614,0.6575975000000001
6057.0,0.54583,0.66352,0.65419,0.65413,0.65521,0.6567624999999999
6058.0,0.52326,0.66301,0.65346,0.65325,0.65444,0.6560400000000001
6059.0,0.51597,0.66233,0.65269,0.65243,0.65362,0.6552675
6060.0,0.50357,0.66138,0.65179,0.65161,0.65273,0.6543775000000001
6061.0,0.51209,0.6603,0.65089,0.65084,0.65188,0.6534774999999999
6062.0,0.53259,0.65928,0.65005,0.65051,0.6511,0.6527350000000001
6063.0,0.54859,0.65884,0.64983,0.65074,0.65086,0.6525675
6064.0,0.53843,0.65923,0.65047,0.65147,0.65143,0.6531499999999999
6065.0,0.50697,0.6607,0.65195,0.6531,0.65268,0.6546075
6066.0,0.49336,0.66309,0.65434,0.65564,0.6548,0.6569674999999999
6067.0,0.51926,0.66608,0.65725,0.6584,0.65756,0.6598225
6068.0,0.50371,0.66919,0.66037,0.6611,0.6604,0.6627649999999999
6069.0,0.50677,0.6719,0.66326,0.6636,0.663,0.66544
6070.0,0.54214,0.67384,0.66537,0.66541,0.66499,0.6674025
6071.0,0.5603,0.67475,0.66647,0.6662,0.66605,0.6683675
6072.0,0.52785,0.67455,0.66644,0.66597,0.66607,0.6682575000000001
6073.0,0.51314,0.67325,0.66528,0.6647,0.665,0.6670575
6074.0,0.5617,0.67101,0.66312,0.66241,0.66298,0.66488
6075.0,0.53974,0.66804,0.66013,0.65948,0.66017,0.661955
6076.0,0.51712,0.66465,0.65665,0.65614,0.65683,0.6585675
6077.0,0.52122,0.66115,0.65306,0.65247,0.65339,0.6550175
6078.0,0.52255,0.65783,0.64954,0.64896,0.64996,0.6515725
6079.0,0.52002,0.65496,0.64636,0.64606,0.64679,0.6485425
6080.0,0.52197,0.65269,0.64382,0.64353,0.6443,0.646085
6081.0,0.53442,0.65107,0.64194,0.64135,0.64237,0.6441825
6082.0,0.54588,0.65003,0.64062,0.63997,0.64087,0.6428725
6083.0,0.50552,0.64947,0.63983,0.63919,0.63998,0.6421175
6084.0,0.45813,0.64917,0.63934,0.63847,0.63945,0.6416075
6085.0,0.53048,0.64899,0.63907,0.6379,0.63903,0.6412475
6086.0,0.57558,0.64875,0.63886,0.63764,0.63871,0.64099
6087.0,0.57354,0.64846,0.63851,0.63749,0.63837,0.6407075000000001
6088.0,0.55399,0.64815,0.63826,0.63723,0.63812,0.64044
6089.0,0.56557,0.64798,0.63819,0.63706,0.63802,0.6403125000000001
6090.0,0.53702,0.6481,0.63829,0.63733,0.63803,0.6404375
6091.0,0.48071,0.64864,0.63876,0.63787,0.63841,0.6409199999999999
6092.0,0.49594,0.64952,0.63955,0.63838,0.63915,0.6416499999999999
6093.0,0.50765,0.65061,0.64046,0.639,0.63988,0.6424875
6094.0,0.50875,0.65157,0.64126,0.63958,0.64055,0.64324
6095.0,0.51241,0.65207,0.64166,0.63966,0.64097,0.6435900000000001
6096.0,0.51658,0.65179,0.64139,0.6391,0.64065,0.6432325
6097.0,0.51242,0.65057,0.64034,0.63788,0.63961,0.6421
6098.0,0.49835,0.64848,0.63849,0.63606,0.63797,0.64025
6099.0,0.48322,0.64576,0.63588,0.63406,0.6356,0.637825
6100.0,0.49195,0.64301,0.63329,0.6321,0.6332,0.6354
6101.0,0.51261,0.6407,0.63129,0.6302,0.63136,0.6333875
6102.0,0.52615,0.63945,0.63006,0.62916,0.63,0.6321675
6103.0,0.54194,0.63947,0.62995,0.62943,0.62967,0.63213
6104.0,0.53915,0.64071,0.63088,0.63055,0.63058,0.6331800000000001
6105.0,0.50855,0.6428,0.6327,0.63222,0.63215,0.6349675
6106.0,0.46468,0.64533,0.63529,0.63441,0.63434,0.6373424999999999
6107.0,0.48986,0.64787,0.638,0.63682,0.63681,0.6398750000000001
6108.0,0.52412,0.65013,0.64035,0.63915,0.63898,0.6421525
6109.0,0.49308,0.65197,0.6424,0.64113,0.64093,0.6441075
6110.0,0.56114,0.65326,0.64394,0.64241,0.64247,0.64552
6111.0,0.59452,0.65405,0.64488,0.6431,0.64328,0.6463274999999999
6112.0,0.55147,0.65423,0.6452,0.64324,0.64354,0.6465525000000001
6113.0,0.58731,0.65375,0.64462,0.6426,0.64305,0.646005
6114.0,0.72336,0.65248,0.64329,0.64101,0.64177,0.6446375
6115.0,0.70384,0.65039,0.64126,0.63864,0.63983,0.64253
6116.0,0.29122,0.64753,0.63836,0.63583,0.63704,0.6396900000000001
6117.0,0.30173,0.64413,0.63494,0.63264,0.63379,0.6363749999999999
6118.0,0.48064,0.64052,0.63134,0.62924,0.63049,0.6328975
6119.0,0.5549,0.63713,0.62787,0.62622,0.62715,0.6295925
6120.0,0.55416,0.6345,0.62522,0.62387,0.6245,0.6270225
6121.0,0.52433,0.63288,0.62356,0.6222,0.62288,0.6253799999999999
6122.0,0.49398,0.63251,0.62286,0.62165,0.622,0.6247550000000001
6123.0,0.48332,0.63321,0.6233,0.62218,0.6222,0.6252225
6124.0,0.4962,0.6347,0.62454,0.62315,0.62335,0.626435
6125.0,0.50478,0.63658,0.62624,0.62446,0.62475,0.6280075
6126.0,0.49687,0.63854,0.62815,0.62601,0.62636,0.629765
6127.0,0.51575,0.64019,0.62976,0.62716,0.62788,0.6312475
6128.0,0.53063,0.64125,0.63071,0.62757,0.62871,0.63206
6129.0,0.53053,0.64136,0.63074,0.62719,0.62868,0.6319925000000001
6130.0,0.5263,0.64023,0.62958,0.62579,0.62764,0.63081
6131.0,0.53021,0.63766,0.62706,0.62315,0.62528,0.6282875
6132.0,0.52387,0.63378,0.62341,0.61954,0.62188,0.6246525
6133.0,0.49754,0.62904,0.61896,0.61559,0.6178,0.6203474999999999
6134.0,0.50733,0.62415,0.61425,0.61191,0.6134,0.6159275
6135.0,0.50997,0.62015,0.61049,0.60878,0.60983,0.6123125
6136.0,0.4895,0.61767,0.60817,0.60669,0.6076,0.6100325
6137.0,0.47517,0.61743,0.60766,0.6066,0.60683,0.60963
6138.0,0.47954,0.61922,0.6091,0.60847,0.60796,0.6111875
6139.0,0.49513,0.62266,0.61209,0.6114,0.61072,0.6142175000000001
6140.0,0.50178,0.62699,0.61633,0.61489,0.61447,0.61817
6141.0,0.46745,0.63153,0.62099,0.6189,0.61865,0.6225175000000001
6142.0,0.4221,0.63571,0.62523,0.62296,0.62262,0.62663
6143.0,0.41067,0.63904,0.62871,0.62617,0.626,0.62998
6144.0,0.48981,0.64126,0.63116,0.62825,0.62845,0.63228
6145.0,0.53704,0.64234,0.6325,0.62945,0.62977,0.633515
6146.0,0.52167,0.64244,0.63282,0.62982,0.63018,0.633815
6147.0,0.48368,0.64179,0.63228,0.62934,0.62983,0.63331
6148.0,0.49331,0.64074,0.63121,0.62827,0.62886,0.63227
6149.0,0.52428,0.6395,0.62988,0.62684,0.62759,0.6309525
6150.0,0.53363,0.63825,0.62842,0.62515,0.6262,0.629505
6151.0,0.50202,0.63694,0.62675,0.62328,0.62453,0.627875
6152.0,0.52364,0.63544,0.62481,0.62102,0.62258,0.6259625000000001
6153.0,0.5906,0.63348,0.6225,0.61801,0.62033,0.62358
6154.0,0.58054,0.63073,0.61938,0.61432,0.61726,0.6204225
6155.0,0.53189,0.62704,0.61528,0.61,0.61324,0.61639
6156.0,0.49851,0.62218,0.61018,0.60464,0.60845,0.6113624999999999
6157.0,0.51832,0.61628,0.60406,0.59843,0.60272,0.6053725000000001
6158.0,0.51313,0.60965,0.59737,0.59215,0.59633,0.598875
6159.0,0.49499,0.60294,0.59064,0.5862,0.59,0.592445
6160.0,0.48178,0.59688,0.58455,0.58064,0.58423,0.5865750000000001
6161.0,0.47944,0.59226,0.57987,0.57618,0.5796,0.5819775
6162.0,0.49892,0.58952,0.57689,0.57363,0.57651,0.5791375
6163.0,0.52842,0.58872,0.57558,0.5728,0.575,0.578025
6164.0,0.53853,0.58945,0.57595,0.57293,0.57509,0.578355
6165.0,0.51398,0.59113,0.5775,0.57401,0.57635,0.5797475000000001
6166.0,0.48619,0.59326,0.57962,0.57629,0.57811,0.58182
6167.0,0.48751,0.5955,0.58205,0.57901,0.58035,0.5842275
6168.0,0.51394,0.59776,0.58471,0.58143,0.58297,0.5867175
6169.0,0.51195,0.60018,0.58751,0.58412,0.58556,0.5893425
6170.0,0.48621,0.6029,0.59044,0.58752,0.58823,0.5922725
6171.0,0.51185,0.60593,0.59355,0.59089,0.59131,0.59542
6172.0,0.52395,0.60908,0.59683,0.59384,0.59449,0.59856
6173.0,0.487,0.61224,0.60015,0.59703,0.59747,0.6017224999999999
6174.0,0.40909,0.61523,0.60333,0.60038,0.60047,0.6048525
6175.0,0.46592,0.61794,0.60624,0.60318,0.60339,0.6076875
6176.0,0.45801,0.62034,0.60886,0.60555,0.60586,0.6101525
6177.0,0.30975,0.62243,0.61112,0.60784,0.60792,0.6123275
6178.0,0.37287,0.62418,0.61298,0.60964,0.60978,0.6141449999999999
6179.0,0.47543,0.62549,0.61435,0.61063,0.61113,0.6154
6180.0,0.5184,0.62624,0.61508,0.61112,0.61173,0.6160425
6181.0,0.49306,0.62629,0.61512,0.61096,0.61176,0.6160325
6182.0,0.47829,0.62545,0.61424,0.60976,0.61101,0.6151150000000001
6183.0,0.48807,0.62367,0.61241,0.60771,0.60925,0.6132599999999999
6184.0,0.51164,0.621,0.60979,0.60514,0.60675,0.61067
6185.0,0.53621,0.6176,0.60635,0.60196,0.6036,0.6073775
6186.0,0.55638,0.61384,0.60262,0.59829,0.6001,0.6037125
6187.0,0.56071,0.61019,0.59906,0.59496,0.59671,0.6002299999999999
6188.0,0.52328,0.6071,0.59583,0.59254,0.59364,0.5972774999999999
6189.0,0.48439,0.6051,0.59366,0.59081,0.59153,0.595275
6190.0,0.47193,0.60434,0.59283,0.58976,0.59071,0.59441
6191.0,0.49794,0.60505,0.59318,0.59011,0.5908,0.5947850000000001
6192.0,0.48918,0.60696,0.59477,0.59184,0.59206,0.5964075
6193.0,0.4674,0.60952,0.59705,0.59392,0.59424,0.5986825
6194.0,0.47175,0.61223,0.59959,0.59591,0.59652,0.6010624999999999
6195.0,0.48699,0.61456,0.60215,0.59809,0.59876,0.60339
6196.0,0.49719,0.6163,0.60414,0.60034,0.60075,0.6053825
6197.0,0.49557,0.61743,0.60561,0.60208,0.60223,0.6068375
6198.0,0.48813,0.6182,0.60686,0.60326,0.60345,0.6079425
6199.0,0.48922,0.61889,0.60789,0.60438,0.60448,0.6089100000000001
6200.0,0.50511,0.61989,0.60899,0.60576,0.60547,0.6100275000000001
6201.0,0.53213,0.62113,0.61025,0.60707,0.60667,0.61128
6202.0,0.52402,0.62258,0.61155,0.60809,0.60787,0.6125225
6203.0,0.50441,0.62392,0.61281,0.60888,0.60892,0.6136325
6204.0,0.50449,0.62488,0.61363,0.60934,0.60964,0.6143725
6205.0,0.50619,0.62515,0.61375,0.60908,0.60974,0.61443
6206.0,0.50075,0.62447,0.613,0.60787,0.609,0.613585
6207.0,0.488,0.62272,0.61114,0.6057,0.60723,0.6116975
6208.0,0.47951,0.61987,0.60822,0.60257,0.60448,0.608785
6209.0,0.49374,0.61604,0.60435,0.59859,0.60087,0.6049625000000001
6210.0,0.51344,0.61149,0.5997,0.59407,0.59647,0.6004325
6211.0,0.50035,0.60665,0.5948,0.58935,0.59178,0.595645
6212.0,0.48334,0.60194,0.58998,0.58476,0.58721,0.5909725
6213.0,0.46855,0.59783,0.58558,0.58064,0.58294,0.5867475
6214.0,0.45798,0.59466,0.58212,0.57725,0.57949,0.58338
6215.0,0.46404,0.59256,0.57966,0.5748,0.57706,0.58102
6216.0,0.48294,0.59149,0.57817,0.57342,0.57543,0.5796275
6217.0,0.49747,0.59131,0.57772,0.57294,0.57478,0.5791875
6218.0,0.46982,0.59171,0.57795,0.57297,0.57494,0.5793925
6219.0,0.45248,0.59259,0.57872,0.57349,0.5755,0.580075
6220.0,0.47161,0.5937,0.57986,0.57448,0.57641,0.5811125
6221.0,0.52749,0.59486,0.58096,0.57552,0.57741,0.5821875000000001
6222.0,0.54371,0.59582,0.58193,0.57617,0.57825,0.5830425
6223.0,0.51542,0.5963,0.58249,0.57641,0.57871,0.5834775
6224.0,0.46903,0.59612,0.58232,0.5762,0.57854,0.583295
6225.0,0.46134,0.59518,0.58154,0.57538,0.57785,0.5824875
6226.0,0.49813,0.59353,0.58013,0.57408,0.5766,0.581085
6227.0,0.5461,0.59149,0.57827,0.57269,0.57485,0.579325
6228.0,0.50773,0.58948,0.57655,0.57135,0.57327,0.5776625
6229.0,0.49328,0.58803,0.57528,0.57034,0.57215,0.57645
6230.0,0.52195,0.58757,0.57478,0.57012,0.57153,0.576
6231.0,0.52801,0.58829,0.57534,0.57071,0.57188,0.576555
6232.0,0.50647,0.58992,0.5767,0.57174,0.5731,0.5778650000000001
6233.0,0.4767,0.59202,0.57843,0.573,0.57452,0.5794925
6234.0,0.46579,0.59392,0.58012,0.57415,0.57593,0.58103
6235.0,0.47829,0.59503,0.58119,0.57473,0.577,0.5819874999999999
6236.0,0.49829,0.59505,0.58125,0.57455,0.57707,0.5819799999999999
6237.0,0.50826,0.59392,0.58026,0.57356,0.57616,0.580975
6238.0,0.4929,0.59192,0.57848,0.57179,0.57467,0.579215
6239.0,0.48729,0.58946,0.57614,0.56968,0.57257,0.5769625
6240.0,0.50141,0.58707,0.57371,0.56776,0.57023,0.5746925
6241.0,0.51328,0.58518,0.5718,0.56608,0.56847,0.5728825
6242.0,0.50423,0.58405,0.57054,0.56485,0.56731,0.5716875
6243.0,0.49335,0.58387,0.57007,0.56449,0.56663,0.571265
6244.0,0.51182,0.58453,0.57055,0.56484,0.56692,0.5717099999999999
6245.0,0.49741,0.58568,0.57147,0.56538,0.56778,0.5725775
6246.0,0.48517,0.58695,0.57245,0.56593,0.56845,0.573445
6247.0,0.51331,0.58779,0.57325,0.56625,0.56903,0.57408
6248.0,0.53715,0.58775,0.57322,0.5659,0.56908,0.5739875
6249.0,0.54079,0.58661,0.57216,0.56472,0.56801,0.572875
6250.0,0.52182,0.58438,0.57021,0.56279,0.56612,0.570875
6251.0,0.49287,0.5813,0.5674,0.56018,0.56361,0.5681225000000001
6252.0,0.46695,0.57788,0.56413,0.55726,0.56053,0.56495
6253.0,0.46317,0.5746,0.561,0.55459,0.55751,0.561925
6254.0,0.50241,0.57198,0.55841,0.55257,0.55506,0.559505
6255.0,0.5053,0.57039,0.55673,0.55136,0.55336,0.55796
6256.0,0.47587,0.57011,0.55638,0.55117,0.55287,0.5576325
6257.0,0.45143,0.57124,0.55745,0.55231,0.55373,0.5586825
6258.0,0.45322,0.57366,0.55971,0.55478,0.55566,0.5609525
6259.0,0.4701,0.57712,0.56305,0.55801,0.5586,0.564195
6260.0,0.48022,0.58107,0.56706,0.56149,0.56233,0.5679875000000001
6261.0,0.44742,0.58505,0.5711,0.56526,0.56602,0.5718575
6262.0,0.46356,0.58866,0.57491,0.56909,0.5695,0.57554
6263.0,0.53449,0.59154,0.5782,0.57224,0.57277,0.5786875
6264.0,0.53812,0.59367,0.5807,0.57455,0.57526,0.581045
6265.0,0.52143,0.59517,0.58259,0.57653,0.57699,0.58282
6266.0,0.50699,0.59624,0.58399,0.57826,0.57846,0.5842375
6267.0,0.49779,0.59705,0.58501,0.57946,0.57958,0.585275
6268.0,0.47609,0.59778,0.58587,0.58027,0.58035,0.5860675000000001
6269.0,0.44618,0.59853,0.58674,0.5811,0.58112,0.5868725
6270.0,0.42485,0.5993,0.58754,0.58195,0.58192,0.5876775000000001
6271.0,0.44829,0.60003,0.58824,0.58262,0.58253,0.588355
6272.0,0.48506,0.60061,0.58885,0.58303,0.58303,0.58888
6273.0,0.50418,0.60087,0.58915,0.58319,0.58333,0.5891350000000001
6274.0,0.49876,0.60077,0.58907,0.58312,0.58325,0.5890525
6275.0,0.49026,0.60027,0.58872,0.58278,0.58293,0.5886750000000001
6276.0,0.49219,0.59948,0.58807,0.58226,0.58239,0.58805
6277.0,0.50681,0.59855,0.58726,0.58175,0.58166,0.587305
6278.0,0.49174,0.59775,0.58664,0.58138,0.58108,0.5867125
6279.0,0.47687,0.59731,0.58631,0.58126,0.58084,0.58643
6280.0,0.53034,0.59748,0.58648,0.5816,0.58096,0.58663
6281.0,0.53128,0.59835,0.58733,0.58253,0.58167,0.58747
6282.0,0.49213,0.5998,0.58868,0.58391,0.58292,0.5888275000000001
6283.0,0.46697,0.60172,0.59047,0.58551,0.58449,0.5905475
6284.0,0.46843,0.6037,0.59244,0.58712,0.58624,0.592375
6285.0,0.48071,0.60552,0.59424,0.58861,0.58788,0.5940624999999999
6286.0,0.48813,0.60687,0.59565,0.58974,0.58914,0.59535
6287.0,0.48589,0.60753,0.59641,0.59029,0.58983,0.596015
6288.0,0.49798,0.60742,0.59642,0.5901,0.58982,0.59594
6289.0,0.52115,0.60652,0.59569,0.58921,0.58912,0.595135
6290.0,0.51096,0.60496,0.59421,0.58771,0.58772,0.59365
6291.0,0.50432,0.60295,0.59221,0.58567,0.58581,0.59166
6292.0,0.50659,0.60061,0.58984,0.58326,0.58358,0.5893225
6293.0,0.49741,0.59818,0.58721,0.58077,0.58107,0.5868074999999999
6294.0,0.46641,0.59578,0.58459,0.57829,0.57853,0.5842974999999999
6295.0,0.45801,0.59354,0.5821,0.57579,0.57619,0.581905
6296.0,0.54047,0.59163,0.57985,0.57351,0.57404,0.5797574999999999
6297.0,0.74275,0.59021,0.57805,0.57188,0.57225,0.5780975
6298.0,1.04035,0.58941,0.57678,0.57095,0.57101,0.5770374999999999
6299.0,1.34741,0.58924,0.57615,0.57045,0.57039,0.5765575000000001
6300.0,1.39753,0.58983,0.57626,0.57039,0.57042,0.576725
6301.0,1.2153,0.59107,0.57709,0.57116,0.57108,0.5775999999999999
6302.0,0.89888,0.593,0.57856,0.57277,0.57234,0.5791675
6303.0,0.64753,0.59533,0.58054,0.57465,0.57413,0.5811625
6304.0,0.52645,0.5978,0.58276,0.57637,0.57613,0.5832649999999999
6305.0,0.51054,0.60008,0.58485,0.57797,0.57795,0.5852125
6306.0,0.49103,0.60182,0.58654,0.57941,0.57946,0.5868074999999999
6307.0,0.49604,0.60277,0.58755,0.58025,0.58043,0.58775
6308.0,0.54923,0.60275,0.58761,0.58007,0.5805,0.5877325
6309.0,0.66748,0.60177,0.58677,0.57894,0.57972,0.5868
6310.0,0.80994,0.59996,0.58515,0.57724,0.57827,0.585155
6311.0,0.92038,0.59758,0.5828,0.57519,0.5761,0.5829175
6312.0,0.93638,0.59491,0.58011,0.57276,0.57356,0.580335
6313.0,0.81454,0.59227,0.5775,0.57008,0.57116,0.5777525
6314.0,0.64165,0.58991,0.57504,0.56779,0.56886,0.5754
6315.0,0.50937,0.58821,0.57314,0.56639,0.56691,0.5736625
6316.0,0.47657,0.58735,0.5722,0.56565,0.566,0.5728
6317.0,0.48958,0.58736,0.57207,0.56544,0.56595,0.572705
6318.0,0.50466,0.58843,0.57287,0.56629,0.56647,0.573515
6319.0,0.49779,0.59032,0.57471,0.56826,0.56801,0.575325
6320.0,0.48218,0.59285,0.57716,0.5707,0.57038,0.5777725
6321.0,0.47166,0.59571,0.57998,0.5732,0.57294,0.5804575
6322.0,0.47992,0.5986,0.58302,0.57599,0.57565,0.583315
6323.0,0.46932,0.6013,0.58591,0.57894,0.57838,0.5861325
6324.0,0.44801,0.60356,0.5884,0.58143,0.58078,0.5885425
6325.0,0.44726,0.60532,0.59044,0.58319,0.58268,0.5904075
6326.0,0.44929,0.60648,0.59188,0.58442,0.58405,0.5917075
6327.0,0.4533,0.60707,0.59263,0.58526,0.58478,0.5924349999999999
6328.0,0.46406,0.60709,0.59278,0.58541,0.58493,0.5925525
6329.0,0.48535,0.60645,0.59225,0.58465,0.5845,0.5919625
6330.0,0.49955,0.60527,0.59108,0.58324,0.58343,0.590755
6331.0,0.49609,0.60357,0.5894,0.58165,0.58184,0.589115
6332.0,0.49668,0.60147,0.58727,0.57988,0.5799,0.5871299999999999
6333.0,0.49308,0.59924,0.58504,0.57773,0.57785,0.584965
6334.0,0.48382,0.59707,0.58294,0.57548,0.5759,0.5828475
6335.0,0.48608,0.59539,0.58111,0.57383,0.5741,0.5811075
6336.0,0.50061,0.59436,0.57989,0.5729,0.57281,0.57999
6337.0,0.52069,0.59398,0.57929,0.57221,0.57221,0.5794225000000001
6338.0,0.52955,0.59407,0.5791,0.57166,0.57196,0.5791975
6339.0,0.51026,0.59448,0.5793,0.57165,0.57195,0.579345
6340.0,0.48825,0.59492,0.57969,0.57217,0.57225,0.5797574999999999
6341.0,0.51237,0.59529,0.58013,0.5727,0.57272,0.58021
6342.0,0.48881,0.59567,0.58068,0.57313,0.57323,0.5806775000000001
6343.0,0.45238,0.59612,0.58134,0.57384,0.57381,0.5812775
6344.0,0.48124,0.59689,0.5822,0.57495,0.57456,0.58215
6345.0,0.52845,0.59792,0.58333,0.57609,0.57561,0.5832375
6346.0,0.54366,0.59913,0.58453,0.57707,0.57671,0.58436
6347.0,0.50026,0.60033,0.58565,0.57794,0.57762,0.585385
6348.0,0.48306,0.60118,0.58652,0.57854,0.57835,0.5861475
6349.0,0.50494,0.60143,0.5868,0.5785,0.57863,0.58634
6350.0,0.54836,0.6009,0.58628,0.57774,0.57811,0.5857575
6351.0,0.54207,0.59949,0.58489,0.57627,0.57674,0.5843475
6352.0,0.51156,0.59721,0.58266,0.57392,0.57467,0.5821149999999999
6353.0,0.48148,0.5942,0.57969,0.57072,0.57193,0.5791350000000001
6354.0,0.46746,0.5907,0.57609,0.56716,0.56852,0.5756175
6355.0,0.46241,0.58698,0.57219,0.56355,0.56476,0.57187
6356.0,0.4582,0.58327,0.56832,0.5598,0.56113,0.56813
6357.0,0.44612,0.57982,0.56466,0.55611,0.55771,0.564575
6358.0,0.45586,0.57694,0.56151,0.55317,0.55461,0.5615574999999999
6359.0,0.48917,0.57491,0.55928,0.55135,0.55237,0.5594775000000001
6360.0,0.53101,0.57393,0.55815,0.55048,0.55129,0.5584625
6361.0,0.60126,0.57412,0.55817,0.55056,0.55123,0.55852
6362.0,0.69079,0.57556,0.55947,0.55196,0.55223,0.559805
6363.0,0.771,0.57807,0.56197,0.5546,0.55444,0.56227
6364.0,0.78619,0.58143,0.56537,0.55798,0.5576,0.565595
6365.0,0.70726,0.5853,0.56938,0.56179,0.56129,0.56944
6366.0,0.54831,0.58935,0.57367,0.566,0.56524,0.5735649999999999
6367.0,0.50803,0.59328,0.57791,0.57032,0.56923,0.5776850000000001
6368.0,0.51548,0.59681,0.58187,0.57421,0.57302,0.5814775
6369.0,0.49398,0.59981,0.58532,0.5775,0.57632,0.5847375
6370.0,0.50358,0.60223,0.58814,0.58032,0.579,0.5874225
6371.0,0.52919,0.60403,0.59032,0.58265,0.58106,0.589515
6372.0,0.54524,0.60515,0.5918,0.58416,0.58252,0.5909075
6373.0,0.51563,0.60561,0.59257,0.58485,0.5833,0.5915825
6374.0,0.48206,0.60547,0.59269,0.58501,0.58341,0.591645
6375.0,0.47985,0.60481,0.5923,0.58484,0.58304,0.5912474999999999
6376.0,0.53703,0.60383,0.59155,0.5843,0.58238,0.590515
6377.0,0.5566,0.60268,0.59055,0.58345,0.58146,0.589535
6378.0,0.52059,0.6016,0.58955,0.58257,0.58046,0.588545
6379.0,0.48733,0.60077,0.58879,0.5819,0.57968,0.587785
6380.0,0.47616,0.60026,0.58826,0.58151,0.57915,0.587295
6381.0,0.48596,0.60014,0.58801,0.58134,0.57881,0.587075
6382.0,0.50286,0.60029,0.58811,0.58128,0.57877,0.5871125
6383.0,0.519,0.60055,0.58835,0.58127,0.57894,0.5872775
6384.0,0.51998,0.6008,0.58853,0.58132,0.579,0.5874124999999999
6385.0,0.49224,0.60081,0.58858,0.5813,0.5789,0.5873975
6386.0,0.47706,0.60043,0.58828,0.58088,0.57856,0.5870375
6387.0,0.48599,0.5995,0.58749,0.57988,0.57781,0.58617
6388.0,0.51521,0.59809,0.58626,0.57858,0.5766,0.5848825
6389.0,0.52216,0.59631,0.5846,0.57717,0.57501,0.5832725
6390.0,0.49545,0.59436,0.58272,0.57557,0.57326,0.5814775
6391.0,0.44766,0.59248,0.58093,0.57378,0.57158,0.5796924999999999
6392.0,0.46258,0.59087,0.57927,0.5721,0.56995,0.5780475
6393.0,0.48374,0.58969,0.57791,0.57085,0.5685,0.5767375000000001
6394.0,0.47057,0.58897,0.57711,0.56999,0.56764,0.5759275
6395.0,0.47694,0.58863,0.57662,0.56946,0.5672,0.5754775
6396.0,0.48791,0.58853,0.57628,0.56926,0.56678,0.5752125
6397.0,0.48824,0.58862,0.57639,0.56932,0.56675,0.5752700000000001
6398.0,0.47195,0.58889,0.57684,0.56951,0.56724,0.57562
6399.0,0.45133,0.58945,0.57737,0.57001,0.56774,0.5761425
6400.0,0.43936,0.59044,0.57822,0.57098,0.5683,0.5769850000000001
6401.0,0.4525,0.59163,0.57938,0.57198,0.56932,0.5780775
6402.0,0.45842,0.59279,0.5804,0.57255,0.57041,0.5790375
6403.0,0.44686,0.59369,0.58112,0.57291,0.57101,0.5796825
6404.0,0.43076,0.59403,0.58148,0.57322,0.57122,0.5799875
6405.0,0.44977,0.5938,0.5814,0.57313,0.57124,0.5798925
6406.0,0.49857,0.59309,0.58087,0.57247,0.57088,0.5793275
6407.0,0.53449,0.59207,0.57994,0.57169,0.56998,0.57842
6408.0,0.52227,0.5911,0.57901,0.57109,0.56901,0.5775525
6409.0,0.48407,0.5903,0.57834,0.57047,0.56842,0.5768825
6410.0,0.47374,0.58978,0.57775,0.56979,0.56792,0.57631
6411.0,0.47055,0.5896,0.57738,0.56939,0.56739,0.57594
6412.0,0.46761,0.58967,0.57742,0.56939,0.56725,0.5759325
6413.0,0.46648,0.58981,0.57748,0.56939,0.56734,0.5760049999999999
6414.0,0.49443,0.58986,0.57739,0.56917,0.56724,0.575915
6415.0,0.53386,0.58974,0.57731,0.56896,0.56705,0.5757650000000001
6416.0,0.55208,0.58941,0.57713,0.56893,0.56693,0.5756
6417.0,0.52235,0.58906,0.57682,0.56901,0.56671,0.5754
6418.0,0.48019,0.58885,0.57674,0.56912,0.56662,0.5753324999999999
6419.0,0.46517,0.58901,0.57709,0.56942,0.56694,0.575615
6420.0,0.46798,0.58975,0.57781,0.57021,0.56758,0.5763375
6421.0,0.46851,0.59106,0.57899,0.57154,0.56855,0.577535
6422.0,0.4564,0.59276,0.58059,0.57301,0.56992,0.57907
6423.0,0.45826,0.59445,0.58217,0.57415,0.57138,0.5805375
6424.0,0.46937,0.59572,0.58338,0.5749,0.57248,0.58162
6425.0,0.48009,0.59637,0.58414,0.57542,0.57311,0.58226
6426.0,0.47586,0.59625,0.58423,0.57563,0.57324,0.5823375
6427.0,0.47175,0.59547,0.58358,0.57525,0.57275,0.5817625000000001
6428.0,0.48052,0.59427,0.58256,0.57426,0.57187,0.5807399999999999
6429.0,0.50912,0.59295,0.58143,0.57309,0.57088,0.5795874999999999
6430.0,0.51066,0.59187,0.58033,0.57222,0.56986,0.57857
6431.0,0.47511,0.59128,0.57956,0.57174,0.56905,0.5779075
6432.0,0.45211,0.59109,0.57923,0.57139,0.56871,0.5776049999999999
6433.0,0.45259,0.5912,0.57922,0.57112,0.56871,0.5775625
6434.0,0.47252,0.59148,0.5794,0.57127,0.56881,0.5777399999999999
6435.0,0.49084,0.5918,0.57976,0.57189,0.56906,0.5781275
6436.0,0.49388,0.59225,0.58037,0.57264,0.56966,0.5787300000000001
6437.0,0.49247,0.59288,0.5812,0.57335,0.57049,0.57948
6438.0,0.52044,0.5938,0.5822,0.5743,0.57136,0.580415
6439.0,0.49429,0.59517,0.58354,0.57567,0.57243,0.5817025
6440.0,0.43756,0.59674,0.58509,0.57706,0.57382,0.5831775
6441.0,0.46317,0.5982,0.58639,0.57794,0.57502,0.5843875
6442.0,0.5147,0.59912,0.58712,0.57813,0.57558,0.5849875
6443.0,0.54078,0.59904,0.5871,0.5776,0.57546,0.5848
6444.0,0.49247,0.59781,0.58608,0.57636,0.57455,0.5837
6445.0,0.49063,0.59547,0.58391,0.57448,0.57259,0.5816125
6446.0,0.51719,0.59228,0.58093,0.57203,0.56984,0.57877
6447.0,0.48644,0.58883,0.57776,0.56916,0.56695,0.5756749999999999
6448.0,0.45451,0.58563,0.57476,0.56635,0.56424,0.572745
6449.0,0.44341,0.58327,0.57232,0.5643,0.56191,0.57045
6450.0,0.46047,0.58221,0.57106,0.56343,0.56049,0.5692975
6451.0,0.48084,0.58239,0.571,0.56353,0.56031,0.5693075
6452.0,0.4908,0.58359,0.5718,0.56419,0.56102,0.57015
6453.0,0.48432,0.58544,0.57339,0.56529,0.56233,0.5716125000000001
6454.0,0.49641,0.58742,0.57536,0.5668,0.56401,0.5733975
6455.0,0.5096,0.58921,0.57709,0.56841,0.56561,0.57508
6456.0,0.49914,0.59048,0.57849,0.56965,0.5669,0.5763799999999999
6457.0,0.50434,0.59105,0.57942,0.57039,0.56776,0.577155
6458.0,0.51515,0.59085,0.57948,0.57071,0.56788,0.57723
6459.0,0.51233,0.59008,0.57902,0.57061,0.56748,0.5767975000000001
6460.0,0.49658,0.58905,0.57847,0.57013,0.56699,0.57616
6461.0,0.47624,0.588,0.57773,0.56955,0.56641,0.5754225
6462.0,0.45905,0.5874,0.57713,0.56935,0.56572,0.5749
6463.0,0.44274,0.58741,0.57717,0.56958,0.56553,0.5749225
6464.0,0.44101,0.58795,0.57763,0.56995,0.56595,0.5753699999999999
6465.0,0.46088,0.58883,0.57824,0.57032,0.56649,0.57597
6466.0,0.47287,0.58974,0.57909,0.57089,0.56707,0.5766975000000001
6467.0,0.47869,0.59043,0.57989,0.57162,0.5677,0.57741
6468.0,0.48326,0.59079,0.58033,0.57215,0.56817,0.57786
6469.0,0.48689,0.5908,0.58058,0.57233,0.56838,0.5780225
6470.0,0.48822,0.5905,0.58061,0.57233,0.56835,0.5779475000000001
6471.0,0.48753,0.59009,0.58035,0.57234,0.56808,0.5777150000000001
6472.0,0.49074,0.58971,0.58009,0.57224,0.56778,0.5774549999999999
6473.0,0.49664,0.58933,0.57985,0.57186,0.56754,0.577145
6474.0,0.5025,0.58892,0.57937,0.57126,0.56707,0.5766549999999999
6475.0,0.50279,0.5884,0.57871,0.57055,0.56636,0.576005
6476.0,0.49882,0.58769,0.578,0.5697,0.56562,0.5752525
6477.0,0.49371,0.58669,0.57693,0.5686,0.56469,0.5742275
6478.0,0.49449,0.58543,0.5755,0.56733,0.56339,0.5729125
6479.0,0.49926,0.58406,0.57412,0.56597,0.56203,0.571545
6480.0,0.50119,0.58274,0.57282,0.5646,0.56088,0.57026
6481.0,0.48177,0.5817,0.57162,0.5634,0.55979,0.5691275
6482.0,0.46449,0.58106,0.57073,0.56249,0.5588,0.56827
6483.0,0.46431,0.58077,0.57019,0.5617,0.55815,0.5677025
6484.0,0.48138,0.5806,0.56968,0.56069,0.55764,0.5671525000000001
6485.0,0.5041,0.58015,0.56886,0.55924,0.55677,0.566255
6486.0,0.52219,0.57898,0.56737,0.55721,0.55522,0.564695
6487.0,0.52342,0.57672,0.56489,0.55427,0.55285,0.5621825
6488.0,0.51011,0.57308,0.56118,0.55013,0.54946,0.5584625
6489.0,0.49159,0.56805,0.55616,0.545,0.54484,0.5535125000000001
6490.0,0.49085,0.56185,0.55002,0.53932,0.53914,0.5475825
6491.0,0.48517,0.55512,0.54343,0.53341,0.53301,0.5412425
6492.0,0.46946,0.54855,0.53701,0.52759,0.52713,0.53507
6493.0,0.46562,0.54287,0.53136,0.52253,0.52189,0.5296625
6494.0,0.46126,0.53892,0.52725,0.51912,0.51784,0.5257825
6495.0,0.4503,0.53711,0.52521,0.51778,0.51564,0.5239349999999999
6496.0,0.4354,0.53765,0.5254,0.51833,0.5156,0.524245
6497.0,0.43044,0.54038,0.5277,0.52048,0.51751,0.5265175
6498.0,0.44493,0.5447,0.53174,0.52413,0.52098,0.5303875
6499.0,0.48508,0.55017,0.53702,0.52906,0.52561,0.535465
6500.0,0.491,0.55609,0.54294,0.53467,0.53097,0.5411675
6501.0,0.4631,0.56187,0.54888,0.54026,0.5365,0.5468774999999999
6502.0,0.47872,0.56711,0.5544,0.54538,0.54167,0.55214
6503.0,0.50432,0.57147,0.55921,0.54992,0.54621,0.5567025
6504.0,0.52017,0.57488,0.56309,0.55381,0.54994,0.56043
6505.0,0.52037,0.57742,0.56604,0.55685,0.55285,0.56329
6506.0,0.51552,0.57912,0.56818,0.55898,0.55501,0.5653225
6507.0,0.50877,0.58016,0.56955,0.56034,0.55641,0.566615
6508.0,0.49586,0.58065,0.57025,0.56116,0.55714,0.5673
6509.0,0.48628,0.58071,0.57051,0.56151,0.55742,0.5675375
6510.0,0.48206,0.58039,0.57035,0.56137,0.55733,0.56736
6511.0,0.47751,0.57966,0.56971,0.56081,0.55679,0.5667425
6512.0,0.4814,0.57861,0.56878,0.55999,0.55592,0.565825
6513.0,0.48997,0.57736,0.56776,0.55908,0.55494,0.564785
6514.0,0.48285,0.57601,0.56658,0.55817,0.55388,0.56366
6515.0,0.45842,0.57484,0.56549,0.55737,0.55283,0.5626325000000001
6516.0,0.43687,0.57404,0.56481,0.55678,0.55211,0.5619350000000001
6517.0,0.46783,0.5737,0.56454,0.55653,0.55181,0.5616450000000001
6518.0,0.45824,0.5739,0.56462,0.5567,0.5518,0.561755
6519.0,0.4114,0.57453,0.56511,0.55719,0.5521,0.5622324999999999
6520.0,0.44334,0.57539,0.56594,0.55778,0.55279,0.562975
6521.0,0.48834,0.57628,0.56678,0.55833,0.55357,0.56374
6522.0,0.51178,0.57693,0.5674,0.55884,0.5541,0.5643175
6523.0,0.50685,0.57728,0.56782,0.55928,0.55441,0.5646975
6524.0,0.49644,0.57735,0.56802,0.55944,0.55462,0.5648575
6525.0,0.48784,0.57712,0.5679,0.55922,0.55459,0.5647075
6526.0,0.47341,0.57672,0.56753,0.55884,0.55427,0.5643400000000001
6527.0,0.46882,0.57628,0.56714,0.55854,0.55384,0.56395
6528.0,0.48392,0.57589,0.56678,0.55839,0.55351,0.5636425
6529.0,0.52386,0.57566,0.56648,0.55825,0.55327,0.563415
6530.0,0.53761,0.57561,0.56639,0.55811,0.55319,0.563325
6531.0,0.51289,0.57578,0.56659,0.55816,0.55333,0.563465
6532.0,0.48272,0.5762,0.56699,0.55856,0.55367,0.563855
6533.0,0.48118,0.57685,0.56756,0.55927,0.55415,0.5644575
6534.0,0.50498,0.57764,0.56829,0.55996,0.55479,0.56517
6535.0,0.50197,0.57844,0.56906,0.56041,0.55551,0.565855
6536.0,0.49832,0.57905,0.56962,0.56061,0.55604,0.56633
6537.0,0.49769,0.5793,0.56981,0.56062,0.55616,0.5664724999999999
6538.0,0.46958,0.57905,0.56953,0.56029,0.55586,0.5661825
6539.0,0.46297,0.57818,0.56869,0.55934,0.55513,0.565335
6540.0,0.49031,0.57667,0.56724,0.55773,0.55387,0.5638774999999999
6541.0,0.51022,0.57457,0.56521,0.55572,0.55199,0.5618725
6542.0,0.50214,0.57207,0.56277,0.55355,0.54968,0.5595175
6543.0,0.49167,0.5695,0.56025,0.55122,0.5473,0.5570675
6544.0,0.58941,0.56702,0.55778,0.54873,0.54502,0.5546375
6545.0,0.74243,0.56475,0.5554,0.54629,0.54273,0.5522925000000001
6546.0,0.9036,0.56279,0.55325,0.54413,0.54051,0.55017
6547.0,1.02616,0.56103,0.55133,0.54213,0.53851,0.54825
6548.0,1.01876,0.55931,0.54944,0.53998,0.53666,0.5463475
6549.0,0.86188,0.55738,0.54737,0.5375,0.53461,0.5442150000000001
6550.0,0.6666,0.55495,0.54491,0.5347,0.5321,0.5416650000000001
6551.0,0.53952,0.55193,0.54193,0.5315,0.52908,0.53861
6552.0,0.51429,0.54815,0.53831,0.52768,0.52556,0.534925
6553.0,0.49676,0.54343,0.53388,0.52302,0.52126,0.5303975
6554.0,0.5589,0.53762,0.52842,0.51747,0.51586,0.5248425
6555.0,0.66797,0.53055,0.52191,0.51104,0.50948,0.518245
6556.0,0.49122,0.52228,0.51463,0.50391,0.50249,0.5108275
6557.0,0.90785,0.51297,0.50654,0.4966,0.49478,0.5027225
6558.0,3.86612,0.503,0.49777,0.48961,0.48637,0.4941875
6559.0,15.00426,0.49359,0.48963,0.48324,0.47851,0.4862425
6560.0,34.79015,0.48617,0.48341,0.47782,0.47262,0.480005
6561.0,59.89776,0.4815,0.47921,0.47426,0.46872,0.47592249999999997
6562.0,75.54377,0.48051,0.47758,0.47362,0.46685,0.47464
6563.0,70.85246,0.48367,0.47963,0.47605,0.46814,0.47687250000000003
6564.0,43.96092,0.49018,0.48476,0.48058,0.47279,0.4820775
6565.0,21.80346,0.49893,0.49144,0.4862,0.47924,0.4889525
6566.0,8.18076,0.50862,0.49922,0.49246,0.48641,0.49667749999999994
6567.0,2.46566,0.51786,0.50746,0.49905,0.49397,0.5045850000000001
6568.0,0.76948,0.52584,0.51471,0.50548,0.50114,0.5117925
6569.0,0.71125,0.53217,0.52052,0.51115,0.50706,0.517725
6570.0,0.60044,0.53681,0.52521,0.51572,0.51175,0.5223725
6571.0,0.58581,0.5402,0.52884,0.51926,0.51553,0.5259575000000001
6572.0,0.59709,0.54293,0.53164,0.52212,0.51855,0.52881
6573.0,0.5457,0.54533,0.53412,0.52466,0.52105,0.53129
6574.0,0.51379,0.54772,0.53653,0.52714,0.52339,0.533695
6575.0,0.5165,0.55023,0.53892,0.52961,0.52571,0.5361175
6576.0,0.54675,0.55268,0.54127,0.53194,0.52797,0.538465
6577.0,0.55205,0.55497,0.5435,0.53401,0.53009,0.5406424999999999
6578.0,0.55192,0.557,0.54553,0.53581,0.53203,0.5425925
6579.0,0.61228,0.55865,0.54729,0.53736,0.53373,0.5442575000000001
6580.0,0.95943,0.55994,0.54871,0.53877,0.53512,0.545635
6581.0,1.50691,0.56097,0.54983,0.54001,0.53619,0.54675
6582.0,2.02007,0.56174,0.5507,0.54094,0.53705,0.5476075
6583.0,2.16297,0.56233,0.55137,0.54148,0.53772,0.548225
6584.0,1.90955,0.56272,0.55174,0.54161,0.53808,0.5485375
6585.0,1.38161,0.56269,0.55168,0.54135,0.53799,0.5484275000000001
6586.0,0.87497,0.56224,0.55122,0.54073,0.53754,0.5479324999999999
6587.0,0.54303,0.56125,0.55031,0.53972,0.5367,0.5469949999999999
6588.0,0.49489,0.55962,0.54873,0.53834,0.5353,0.5454975000000001
6589.0,0.50818,0.55755,0.54665,0.53662,0.53339,0.5435525000000001
6590.0,0.51256,0.55537,0.54459,0.53464,0.53148,0.54152
6591.0,0.51141,0.55338,0.5427,0.53273,0.5298,0.5396525000000001
6592.0,0.49643,0.55187,0.54105,0.53137,0.52831,0.5381499999999999
6593.0,0.47268,0.55114,0.5401,0.53086,0.52725,0.5373375
6594.0,0.45872,0.55131,0.54012,0.53107,0.52709,0.5373975
6595.0,0.45375,0.55228,0.54086,0.53166,0.5278,0.53815
6596.0,0.4563,0.55387,0.5421,0.53253,0.52894,0.53936
6597.0,0.46462,0.55571,0.54375,0.53375,0.53027,0.54087
6598.0,0.49194,0.5575,0.54552,0.53522,0.53174,0.542495
6599.0,0.53024,0.559,0.54701,0.53658,0.53313,0.5439299999999999
6600.0,0.53768,0.55993,0.54798,0.53742,0.53408,0.5448525
6601.0,0.51949,0.56017,0.5483,0.53757,0.53442,0.545115
6602.0,0.49387,0.55977,0.54806,0.53718,0.53423,0.54481
6603.0,0.50763,0.55883,0.54732,0.5365,0.5336,0.5440625
6604.0,0.53484,0.55754,0.54618,0.53572,0.5326,0.54301
6605.0,0.5489,0.55622,0.54493,0.5349,0.53145,0.541875
6606.0,0.51687,0.55518,0.54399,0.53413,0.53059,0.5409725
6607.0,0.48151,0.55467,0.54353,0.53367,0.53018,0.5405125
6608.0,0.47278,0.55477,0.54351,0.53384,0.53012,0.54056
6609.0,0.47943,0.55549,0.54411,0.5347,0.5305,0.5412
6610.0,0.49074,0.55678,0.5454,0.53599,0.53158,0.5424375
6611.0,0.49883,0.55848,0.54709,0.53742,0.53318,0.5440425
6612.0,0.5025,0.56027,0.54881,0.53893,0.53481,0.5457050000000001
6613.0,0.50312,0.56198,0.55052,0.54058,0.53629,0.5473425000000001
6614.0,0.50217,0.56352,0.55222,0.54218,0.53776,0.5489200000000001
6615.0,0.49919,0.56471,0.55357,0.54341,0.53911,0.5502
6616.0,0.49113,0.56548,0.55434,0.54407,0.53996,0.5509625
6617.0,0.47737,0.56578,0.55466,0.54423,0.54024,0.5512275
6618.0,0.47967,0.56559,0.55461,0.54402,0.54014,0.55109
6619.0,0.48161,0.56495,0.55402,0.54348,0.53964,0.5505225
6620.0,0.45804,0.56385,0.55288,0.54249,0.53866,0.54947
6621.0,0.4483,0.56244,0.55147,0.54106,0.53734,0.5480775
6622.0,0.46086,0.56091,0.54993,0.53935,0.5359,0.5465225
6623.0,0.4913,0.55929,0.54821,0.5376,0.53432,0.544855
6624.0,0.51623,0.55774,0.54646,0.53596,0.53262,0.543195
6625.0,0.52683,0.55634,0.54486,0.53437,0.53102,0.5416475000000001
6626.0,0.52001,0.55499,0.54336,0.53272,0.5296,0.5401674999999999
6627.0,0.50352,0.5537,0.54185,0.53107,0.5282,0.538705
6628.0,0.48927,0.55242,0.5404,0.52955,0.52676,0.5372825
6629.0,0.49741,0.5511,0.53904,0.52828,0.52537,0.5359475
6630.0,0.50374,0.5499,0.53783,0.5272,0.52421,0.5347850000000001
6631.0,0.49738,0.54895,0.53686,0.52626,0.52332,0.5338475
6632.0,0.47805,0.54831,0.5362,0.52558,0.52268,0.5331925
6633.0,0.45759,0.54814,0.53595,0.52538,0.52233,0.53295
6634.0,0.44302,0.54844,0.53617,0.52568,0.52237,0.533165
6635.0,0.43758,0.54904,0.53668,0.5262,0.52277,0.5336725
6636.0,0.4497,0.54977,0.53733,0.52669,0.52338,0.5342925
6637.0,0.47556,0.55052,0.53808,0.52713,0.52403,0.53494
6638.0,0.47907,0.55103,0.53866,0.5276,0.5245,0.5354475000000001
6639.0,0.47228,0.55118,0.53891,0.5281,0.52471,0.535725
6640.0,0.46928,0.55115,0.53907,0.52841,0.52485,0.5358700000000001
6641.0,0.4805,0.55096,0.53915,0.52843,0.525,0.5358850000000001
6642.0,0.49908,0.55069,0.53898,0.52835,0.52495,0.5357425
6643.0,0.51316,0.55055,0.53878,0.52841,0.52471,0.5356125
6644.0,0.49693,0.55059,0.53893,0.52863,0.5247,0.5357125
6645.0,0.47374,0.55083,0.53923,0.52887,0.52502,0.5359875000000001
6646.0,0.47476,0.55122,0.53944,0.52908,0.52534,0.53627
6647.0,0.485,0.55166,0.53972,0.52931,0.52552,0.5365525
6648.0,0.49247,0.55211,0.54016,0.52961,0.52579,0.5369174999999999
6649.0,0.48596,0.55247,0.54051,0.52985,0.52615,0.537245
6650.0,0.48224,0.55267,0.54062,0.52992,0.52637,0.5373950000000001
6651.0,0.48946,0.55274,0.5406,0.52982,0.52634,0.5373749999999999
6652.0,0.51169,0.55263,0.54047,0.52958,0.52616,0.53721
6653.0,0.51231,0.55233,0.54014,0.52916,0.52586,0.5368725000000001
6654.0,0.49738,0.55187,0.53957,0.52849,0.52537,0.536325
6655.0,0.50774,0.55113,0.53874,0.52752,0.5246,0.5354975
6656.0,0.50711,0.55011,0.53765,0.52632,0.52357,0.5344125
6657.0,0.48868,0.54885,0.53634,0.52494,0.52232,0.5331125
6658.0,0.47875,0.5473,0.53477,0.52342,0.52085,0.531585
6659.0,0.48358,0.54554,0.53299,0.52181,0.51921,0.5298875000000001
6660.0,0.50196,0.54382,0.53127,0.52019,0.51759,0.5282175
6661.0,0.5207,0.54227,0.52979,0.51873,0.51618,0.5267425
6662.0,0.52862,0.54106,0.52856,0.5177,0.51501,0.5255825000000001
6663.0,0.51859,0.54042,0.52778,0.51723,0.51419,0.5249050000000001
6664.0,0.48873,0.54038,0.52772,0.51723,0.51398,0.5248275
6665.0,0.47546,0.54093,0.52824,0.51763,0.51441,0.5253025
6666.0,0.50507,0.54199,0.52911,0.51838,0.5152,0.52617
6667.0,0.54657,0.54332,0.53033,0.51943,0.51617,0.5273125000000001
6668.0,0.56607,0.54468,0.53173,0.52061,0.51728,0.528575
6669.0,0.53358,0.54584,0.53291,0.52161,0.51834,0.5296749999999999
6670.0,0.46891,0.54648,0.53363,0.52211,0.51906,0.53032
6671.0,0.44027,0.54647,0.53385,0.52209,0.51925,0.530415
6672.0,0.52622,0.54582,0.53345,0.5217,0.51881,0.529945
6673.0,0.55879,0.54446,0.53234,0.52095,0.51778,0.5288825
6674.0,0.59203,0.54264,0.53084,0.51982,0.51642,0.52743
6675.0,0.80804,0.54078,0.52932,0.51838,0.51505,0.5258825
6676.0,1.06223,0.53906,0.52778,0.51696,0.51369,0.5243725
6677.0,1.25136,0.53782,0.52646,0.51609,0.51243,0.5232000000000001
6678.0,1.25481,0.53738,0.52591,0.51588,0.51169,0.522715
6679.0,1.07952,0.53764,0.52617,0.51613,0.51183,0.5229425000000001
6680.0,0.78884,0.53853,0.5268,0.51668,0.51253,0.523635
6681.0,0.56465,0.53989,0.52778,0.51752,0.51341,0.5246500000000001
6682.0,0.46881,0.54143,0.52919,0.51863,0.5145,0.5259375
6683.0,0.49512,0.54291,0.5307,0.51993,0.51583,0.5273425
6684.0,0.49822,0.5442,0.53193,0.52113,0.5171,0.52859
6685.0,0.49319,0.54517,0.5329,0.52201,0.51807,0.5295375
6686.0,0.50185,0.5458,0.5336,0.52255,0.5187,0.5301625
6687.0,0.5102,0.5461,0.53394,0.52281,0.51902,0.5304675
6688.0,0.50303,0.54606,0.5339,0.52274,0.51904,0.530435
6689.0,0.47252,0.5457,0.53357,0.52233,0.51877,0.5300925
6690.0,0.46612,0.54506,0.53292,0.52163,0.51819,0.52945
6691.0,0.46904,0.54414,0.53195,0.52072,0.5173,0.5285275
6692.0,0.45012,0.54301,0.53081,0.51967,0.51623,0.5274300000000001
6693.0,0.45904,0.54187,0.52967,0.51855,0.51516,0.5263125
6694.0,0.4889,0.54075,0.52854,0.51742,0.51414,0.5252125000000001
6695.0,0.50002,0.53983,0.5275,0.51644,0.51317,0.524235
6696.0,0.49852,0.53923,0.52677,0.51574,0.5124,0.523535
6697.0,0.4931,0.5389,0.52639,0.51532,0.51195,0.52314
6698.0,0.49844,0.53883,0.52622,0.51516,0.51175,0.5229900000000001
6699.0,0.48904,0.53893,0.52618,0.51511,0.51167,0.5229725
6700.0,0.46427,0.53905,0.52628,0.51507,0.51167,0.5230175
6701.0,0.46583,0.53916,0.52642,0.51501,0.51175,0.523085
6702.0,0.48035,0.53918,0.52646,0.51493,0.51178,0.5230875
6703.0,0.49087,0.53908,0.52637,0.51482,0.51167,0.522985
6704.0,0.47054,0.53893,0.5262,0.51466,0.51145,0.52281
6705.0,0.43945,0.53865,0.52591,0.5143,0.51114,0.5225
6706.0,0.42313,0.53819,0.5254,0.51366,0.51067,0.52198
6707.0,0.44846,0.53753,0.52465,0.51274,0.50995,0.5212175
6708.0,0.49174,0.53657,0.52363,0.51153,0.50892,0.5201625000000001
6709.0,0.5145,0.53523,0.52228,0.51011,0.50761,0.5188075
6710.0,0.49839,0.53359,0.52063,0.50853,0.50608,0.5172074999999999
6711.0,0.5124,0.53169,0.51878,0.50681,0.50435,0.5154075
6712.0,0.70774,0.52964,0.51679,0.50505,0.5025,0.513495
6713.0,1.42751,0.52768,0.51483,0.50341,0.50069,0.5116525000000001
6714.0,2.58364,0.52605,0.51327,0.50203,0.49921,0.51014
6715.0,3.66353,0.52492,0.51223,0.5011,0.49822,0.5091175
6716.0,4.05139,0.52443,0.51167,0.50081,0.49767,0.5086449999999999
6717.0,3.52782,0.52463,0.51171,0.50115,0.4976,0.5087725
6718.0,2.29878,0.52545,0.5125,0.50195,0.49819,0.5095225
6719.0,1.1962,0.52671,0.51378,0.50301,0.49935,0.5107125
6720.0,0.68604,0.52818,0.51515,0.50424,0.50067,0.51206
6721.0,0.47832,0.52967,0.51656,0.50563,0.50191,0.5134425
6722.0,0.43315,0.53104,0.51805,0.50706,0.50317,0.51483
6723.0,0.44472,0.53218,0.51942,0.50833,0.50448,0.5161025
6724.0,0.44246,0.53309,0.52044,0.50933,0.50556,0.5171049999999999
6725.0,0.45263,0.53381,0.52119,0.51013,0.50631,0.51786
6726.0,0.5461,0.53439,0.5219,0.51081,0.50689,0.5184975000000001
6727.0,0.91736,0.53485,0.5225,0.51138,0.50743,0.51904
6728.0,1.61577,0.5352,0.52288,0.51179,0.50784,0.5194274999999999
6729.0,2.59436,0.53543,0.52306,0.51197,0.50803,0.5196225
6730.0,3.07031,0.53549,0.52314,0.51189,0.50804,0.51964
6731.0,2.83232,0.53533,0.52304,0.5116,0.50792,0.5194725
6732.0,2.09626,0.53495,0.52266,0.51118,0.50758,0.5190925
6733.0,1.30297,0.53434,0.52202,0.51061,0.50696,0.5184825000000001
6734.0,0.73114,0.53351,0.52119,0.50985,0.50615,0.517675
6735.0,0.58395,0.53253,0.52026,0.50888,0.50527,0.5167349999999999
6736.0,0.57038,0.53146,0.51922,0.50775,0.50433,0.51569
6737.0,0.48647,0.53035,0.51807,0.50662,0.50325,0.5145725
6738.0,0.4694,0.52927,0.51692,0.50561,0.50211,0.5134775
6739.0,0.47449,0.5283,0.51594,0.50471,0.50111,0.5125149999999999
6740.0,0.43901,0.52747,0.51511,0.50381,0.50032,0.5116775
6741.0,0.43282,0.52672,0.51428,0.50292,0.49959,0.5108775
6742.0,0.45633,0.52608,0.51348,0.50215,0.49882,0.5101325
6743.0,0.48277,0.52555,0.51288,0.50153,0.49813,0.5095225
6744.0,0.47569,0.52503,0.51239,0.50099,0.49761,0.509005
6745.0,0.44869,0.52453,0.51184,0.50051,0.49716,0.50851
6746.0,0.45827,0.5241,0.51134,0.5001,0.49672,0.508065
6747.0,0.46507,0.52379,0.51105,0.49982,0.49637,0.5077575
6748.0,0.45566,0.52359,0.51091,0.49978,0.49621,0.5076225
6749.0,0.44917,0.52365,0.51097,0.50004,0.49629,0.5077375
6750.0,0.45293,0.52409,0.51141,0.50057,0.49665,0.50818
6751.0,0.46727,0.52484,0.51221,0.50136,0.49736,0.5089425000000001
6752.0,0.47474,0.52595,0.51329,0.50248,0.49836,0.51002
6753.0,0.46682,0.52743,0.51469,0.50385,0.4996,0.5113925
6754.0,0.44106,0.52908,0.51636,0.50538,0.50109,0.5129775000000001
6755.0,0.42598,0.53078,0.51809,0.50696,0.50269,0.5146299999999999
6756.0,0.42475,0.53242,0.51971,0.50847,0.50419,0.5161975
6757.0,0.43228,0.53377,0.52111,0.50971,0.50546,0.5175125
6758.0,0.4354,0.53471,0.52217,0.51059,0.50645,0.51848
6759.0,0.43446,0.53521,0.52278,0.51104,0.50705,0.51902
6760.0,0.43894,0.53516,0.52288,0.51104,0.50719,0.5190675
6761.0,0.44258,0.53462,0.52245,0.51066,0.50681,0.518635
6762.0,0.44095,0.53365,0.52157,0.50995,0.50599,0.51779
6763.0,0.42944,0.53236,0.52042,0.50892,0.50493,0.5166575
6764.0,0.4236,0.53093,0.51915,0.50771,0.50379,0.5153949999999999
6765.0,0.43092,0.52954,0.51782,0.5065,0.50258,0.51411
6766.0,0.43586,0.52832,0.51659,0.50555,0.50141,0.5129675
6767.0,0.44279,0.52751,0.51575,0.50501,0.50053,0.5122
6768.0,0.45607,0.52721,0.51549,0.50482,0.50019,0.5119275
6769.0,0.4571,0.5274,0.51567,0.50497,0.50037,0.5121024999999999
6770.0,0.44435,0.52812,0.51623,0.50553,0.50087,0.5126875000000001
6771.0,0.42291,0.52929,0.51724,0.50648,0.50166,0.5136675
6772.0,0.40967,0.53068,0.51861,0.50768,0.50277,0.514935
6773.0,0.41282,0.5321,0.52002,0.50888,0.50405,0.5162625
6774.0,0.4379,0.53339,0.52124,0.50985,0.50521,0.5174225
6775.0,0.45291,0.53431,0.52213,0.51042,0.50601,0.5182174999999999
6776.0,0.44814,0.53466,0.52253,0.51057,0.50636,0.51853
6777.0,0.44537,0.53441,0.52234,0.51029,0.50618,0.518305
6778.0,0.44836,0.53353,0.52152,0.50951,0.50547,0.5175075
6779.0,0.45662,0.53207,0.52015,0.50824,0.50428,0.516185
6780.0,0.4598,0.53027,0.5184,0.50661,0.50273,0.5145025
6781.0,0.4553,0.52834,0.51649,0.50481,0.501,0.51266
6782.0,0.44417,0.5265,0.51464,0.50311,0.4993,0.5108874999999999
6783.0,0.4477,0.52503,0.51308,0.50175,0.49784,0.509425
6784.0,0.45752,0.52408,0.51197,0.50081,0.49674,0.5084
6785.0,0.45001,0.5236,0.51134,0.50026,0.49609,0.5078225000000001
6786.0,0.45282,0.5236,0.51118,0.50006,0.49588,0.50768
6787.0,0.46151,0.52395,0.51139,0.5001,0.49599,0.5078575000000001
6788.0,0.43399,0.52438,0.51174,0.50029,0.49626,0.5081675
6789.0,0.40012,0.52478,0.5121,0.50061,0.49656,0.5085125
6790.0,0.38548,0.52513,0.51246,0.50093,0.49686,0.508845
6791.0,0.41903,0.52529,0.51274,0.50115,0.49712,0.5090749999999999
6792.0,0.45002,0.52533,0.51285,0.5013,0.4973,0.5091950000000001
6793.0,0.43474,0.52538,0.5129,0.50146,0.49736,0.5092749999999999
6794.0,0.42013,0.52547,0.51302,0.50163,0.49743,0.5093875
6795.0,0.41843,0.52563,0.51323,0.50185,0.49761,0.50958
6796.0,0.43305,0.52593,0.51351,0.50212,0.49788,0.50986
6797.0,0.45064,0.52631,0.51386,0.50241,0.49818,0.5101899999999999
6798.0,0.46323,0.52668,0.51422,0.50272,0.49847,0.5105225000000001
6799.0,0.46211,0.52699,0.51455,0.50302,0.49873,0.5108225
6800.0,0.45208,0.52721,0.51484,0.50326,0.49895,0.511065
6801.0,0.44119,0.52727,0.51499,0.50334,0.49908,0.51117
6802.0,0.44967,0.52712,0.51493,0.50329,0.49904,0.5110950000000001
6803.0,0.45629,0.52687,0.51474,0.50316,0.49885,0.5109049999999999
6804.0,0.44737,0.52655,0.5145,0.50294,0.49857,0.51064
6805.0,0.4495,0.52613,0.51416,0.50264,0.49825,0.5102949999999999
6806.0,0.45413,0.52573,0.51375,0.50231,0.4979,0.5099225000000001
6807.0,0.44533,0.52541,0.51341,0.50197,0.49757,0.50959
6808.0,0.43398,0.52511,0.51314,0.50164,0.49727,0.50929
6809.0,0.42789,0.52485,0.51283,0.50141,0.49698,0.5090174999999999
6810.0,0.43622,0.5247,0.51258,0.50129,0.49671,0.50882
6811.0,0.43554,0.52461,0.51252,0.50119,0.49662,0.5087349999999999
6812.0,0.42631,0.52459,0.51258,0.50113,0.49668,0.508745
6813.0,0.44435,0.52466,0.51264,0.5012,0.49676,0.508815
6814.0,0.4568,0.52484,0.51275,0.50147,0.49682,0.50897
6815.0,0.4447,0.52512,0.51305,0.50189,0.49699,0.5092625
6816.0,0.44264,0.52547,0.51352,0.50233,0.49739,0.5096775
6817.0,0.44987,0.52589,0.51403,0.50275,0.49791,0.510145
6818.0,0.45791,0.52638,0.51449,0.50314,0.49836,0.5105925
6819.0,0.45343,0.52685,0.51494,0.50358,0.49871,0.51102
6820.0,0.44752,0.52729,0.51544,0.50406,0.49908,0.5114675000000001
6821.0,0.46712,0.52764,0.5159,0.50447,0.49948,0.5118725000000001
6822.0,0.47668,0.52783,0.51614,0.50471,0.49975,0.5121075
6823.0,0.46852,0.52782,0.51612,0.50474,0.49975,0.5121075
6824.0,0.46636,0.52763,0.51597,0.5046,0.49959,0.5119475
6825.0,0.46077,0.5273,0.5158,0.50434,0.4994,0.51171
6826.0,0.44701,0.5269,0.51552,0.504,0.49916,0.5113949999999999
6827.0,0.44004,0.52649,0.51509,0.50369,0.49879,0.511015
6828.0,0.44504,0.52619,0.51469,0.50345,0.49837,0.510675
6829.0,0.46139,0.52599,0.51449,0.50316,0.49808,0.51043
6830.0,0.44849,0.52582,0.51432,0.50274,0.49788,0.51019
6831.0,0.42543,0.52558,0.51395,0.50215,0.49755,0.5098075
6832.0,0.44756,0.5252,0.51335,0.50141,0.49696,0.50923
6833.0,0.45622,0.52451,0.51258,0.50047,0.49613,0.5084225
6834.0,0.43776,0.52341,0.51151,0.49925,0.4951,0.5073175
6835.0,0.43013,0.52193,0.51002,0.49777,0.49378,0.5058750000000001
6836.0,0.4352,0.52016,0.50819,0.49611,0.49215,0.5041525
6837.0,0.44854,0.51825,0.5063,0.49438,0.49039,0.50233
6838.0,0.44953,0.51643,0.50456,0.49278,0.48878,0.5006375
6839.0,0.43813,0.51499,0.50314,0.49152,0.48747,0.49928
6840.0,0.41997,0.51411,0.50218,0.49077,0.48657,0.49840749999999995
6841.0,0.41435,0.5139,0.50183,0.4906,0.48616,0.49812249999999997
6842.0,0.42736,0.51436,0.50215,0.49098,0.48633,0.498455
6843.0,0.45943,0.51535,0.50304,0.49177,0.48704,0.4993
6844.0,0.47151,0.51665,0.50425,0.49276,0.48808,0.5004350000000001
6845.0,0.44977,0.518,0.50551,0.49379,0.4892,0.501625
6846.0,0.40788,0.51916,0.50665,0.4947,0.49019,0.502675
6847.0,0.37718,0.51994,0.50753,0.49535,0.49096,0.503445
6848.0,0.38219,0.52024,0.50798,0.49566,0.49137,0.5038125
6849.0,0.43089,0.52001,0.50784,0.49555,0.49128,0.50367
6850.0,0.46801,0.51928,0.50717,0.49502,0.49069,0.50304
6851.0,0.42472,0.5182,0.50618,0.49409,0.48978,0.5020625
6852.0,0.41787,0.5169,0.50498,0.49281,0.48869,0.500845
6853.0,0.45243,0.51546,0.50356,0.49139,0.48744,0.49946250000000003
6854.0,0.45665,0.51411,0.50211,0.49011,0.48612,0.49811249999999996
6855.0,0.44182,0.51304,0.50088,0.48907,0.48488,0.4969675
6856.0,0.42385,0.51219,0.49995,0.48823,0.48392,0.4960725
6857.0,0.43729,0.51165,0.4993,0.48764,0.48332,0.4954775
6858.0,0.44663,0.51156,0.49903,0.48723,0.48305,0.49521750000000003
6859.0,0.42156,0.51172,0.49906,0.48699,0.48304,0.4952025
6860.0,0.40049,0.51202,0.49926,0.48704,0.48315,0.49536749999999996
6861.0,0.39812,0.51251,0.49956,0.48739,0.48333,0.4956975
6862.0,0.42376,0.51299,0.49995,0.48779,0.48357,0.496075
6863.0,0.44591,0.51326,0.50028,0.48802,0.48388,0.49636
6864.0,0.4514,0.51335,0.50045,0.48803,0.48412,0.49648749999999997
6865.0,0.43544,0.5133,0.50044,0.48787,0.48413,0.49643499999999996
6866.0,0.41642,0.51302,0.50021,0.48765,0.48388,0.49619
6867.0,0.41108,0.51261,0.49988,0.48754,0.48353,0.49589000000000005
6868.0,0.44491,0.51231,0.49966,0.48755,0.48328,0.4957
6869.0,0.47195,0.51213,0.49962,0.48753,0.48324,0.49563
6870.0,0.44322,0.51205,0.49959,0.48749,0.48328,0.49560249999999995
6871.0,0.43784,0.51223,0.49963,0.48759,0.48333,0.495695
6872.0,0.45636,0.51268,0.49995,0.48786,0.48351,0.496
6873.0,0.45803,0.51321,0.50053,0.48823,0.48393,0.496475
6874.0,0.4491,0.51375,0.50109,0.48867,0.48448,0.4969975
6875.0,0.43828,0.51433,0.50154,0.48916,0.48493,0.49749000000000004
6876.0,0.4447,0.5148,0.50192,0.48955,0.48524,0.4978775
6877.0,0.44656,0.51499,0.50222,0.48978,0.48546,0.4981125
6878.0,0.42984,0.51497,0.50236,0.48991,0.48562,0.498215
6879.0,0.43032,0.51486,0.50239,0.49,0.4857,0.4982375
6880.0,0.43366,0.51467,0.50238,0.49009,0.48568,0.498205
6881.0,0.41032,0.51447,0.50237,0.49033,0.48565,0.498205
6882.0,0.40257,0.51454,0.50259,0.49084,0.4858,0.49844249999999996
6883.0,0.42002,0.51494,0.50316,0.49152,0.48624,0.498965
6884.0,0.44857,0.51554,0.50396,0.4923,0.48695,0.49968749999999995
6885.0,0.46373,0.51639,0.50487,0.49327,0.4878,0.5005825
6886.0,0.4551,0.51751,0.50596,0.49435,0.48872,0.501635
6887.0,0.44356,0.51859,0.50715,0.49542,0.48972,0.50272
6888.0,0.43122,0.51951,0.50825,0.49642,0.49072,0.503725
6889.0,0.41804,0.52034,0.50913,0.49731,0.49157,0.5045875
6890.0,0.41305,0.52094,0.50977,0.49793,0.49218,0.505205
6891.0,0.41515,0.52118,0.51015,0.4983,0.49257,0.50555
6892.0,0.41699,0.52124,0.51033,0.49853,0.49277,0.5057174999999999
6893.0,0.42137,0.52123,0.51039,0.49864,0.49285,0.5057775
6894.0,0.42889,0.52108,0.51031,0.49864,0.49281,0.50571
6895.0,0.43613,0.5209,0.51014,0.49866,0.49269,0.5055975
6896.0,0.42568,0.52087,0.51009,0.49873,0.49265,0.505585
6897.0,0.38878,0.52096,0.51023,0.4988,0.49277,0.5056900000000001
6898.0,0.37652,0.52111,0.51041,0.49892,0.49294,0.505845
6899.0,0.38638,0.52139,0.51056,0.49918,0.49312,0.5060625000000001
6900.0,0.39572,0.52181,0.51086,0.49954,0.49336,0.5063925
6901.0,0.41058,0.52228,0.51137,0.49989,0.49375,0.5068225
6902.0,0.43069,0.52271,0.51185,0.50018,0.49422,0.5072399999999999
6903.0,0.4472,0.52312,0.51215,0.50042,0.49455,0.50756
6904.0,0.45288,0.52346,0.51234,0.50057,0.4947,0.5077675
6905.0,0.44522,0.52358,0.51249,0.50057,0.49474,0.507845
6906.0,0.43824,0.52343,0.51245,0.50037,0.49466,0.5077275
6907.0,0.4251,0.52302,0.51206,0.49996,0.49433,0.5073425
6908.0,0.39691,0.52231,0.51135,0.49932,0.49369,0.5066675
6909.0,0.41558,0.52128,0.51045,0.49847,0.49281,0.5057525
6910.0,0.46894,0.52009,0.50945,0.4975,0.49185,0.5047225
6911.0,0.47039,0.51887,0.50836,0.49651,0.49083,0.5036425
6912.0,0.44165,0.5177,0.50726,0.49561,0.48981,0.502595
6913.0,0.40836,0.51677,0.50634,0.49489,0.48892,0.50173
6914.0,0.41896,0.51622,0.50577,0.49437,0.48827,0.5011575
6915.0,0.43653,0.51597,0.50551,0.49403,0.48795,0.500865
6916.0,0.41319,0.51599,0.50543,0.49386,0.48785,0.5007825
6917.0,0.40942,0.51624,0.50549,0.49383,0.48784,0.50085
6918.0,0.42322,0.5165,0.50561,0.49383,0.48785,0.5009475
6919.0,0.41071,0.51659,0.50565,0.49375,0.48782,0.5009525
6920.0,0.40441,0.5165,0.50552,0.49354,0.4877,0.500815
6921.0,0.41927,0.51621,0.50522,0.49314,0.48747,0.50051
6922.0,0.44018,0.51575,0.50477,0.49258,0.48708,0.5000450000000001
6923.0,0.45106,0.51523,0.50419,0.49202,0.48659,0.4995075
6924.0,0.44019,0.51477,0.50363,0.49159,0.48606,0.49901249999999997
6925.0,0.44054,0.5145,0.50326,0.49132,0.48568,0.49868999999999997
6926.0,0.44744,0.51442,0.50311,0.49116,0.48549,0.49854499999999996
6927.0,0.43455,0.51448,0.50308,0.4911,0.48547,0.4985325
6928.0,0.42539,0.51464,0.50311,0.49113,0.48553,0.4986025
6929.0,0.43132,0.51489,0.50331,0.49124,0.48567,0.49877750000000004
6930.0,0.45058,0.51515,0.50363,0.49143,0.4859,0.4990275
6931.0,0.46912,0.51536,0.50393,0.4917,0.48616,0.4992875
6932.0,0.4731,0.51558,0.50417,0.49208,0.48641,0.49956000000000006
6933.0,0.45741,0.51586,0.50446,0.49248,0.48665,0.4998625
6934.0,0.43644,0.51615,0.50486,0.49279,0.48695,0.5001875
6935.0,0.43958,0.51638,0.50519,0.49298,0.48726,0.5004525
6936.0,0.44838,0.51655,0.50534,0.49307,0.48743,0.5005974999999999
6937.0,0.45204,0.51659,0.50534,0.49307,0.4874,0.5006
6938.0,0.44239,0.51639,0.5052,0.4929,0.48718,0.5004175
6939.0,0.42733,0.51594,0.50486,0.49254,0.48681,0.5000375
6940.0,0.41526,0.51526,0.50427,0.49198,0.48631,0.499455
6941.0,0.41139,0.51447,0.50354,0.49125,0.48567,0.49873249999999997
6942.0,0.41476,0.51366,0.50276,0.49044,0.48494,0.49795
6943.0,0.42112,0.51284,0.50198,0.4897,0.48418,0.497175
6944.0,0.42166,0.51221,0.50129,0.48915,0.48349,0.496535
6945.0,0.41556,0.51183,0.50081,0.48877,0.48294,0.49608749999999996
6946.0,0.41357,0.51154,0.50055,0.48848,0.48261,0.49579500000000004
6947.0,0.40224,0.51137,0.50037,0.48826,0.48244,0.49561
6948.0,0.37543,0.51135,0.50026,0.48808,0.48231,0.49550000000000005
6949.0,0.38349,0.51132,0.50021,0.48797,0.48222,0.49543000000000004
6950.0,0.4227,0.51129,0.50023,0.488,0.4822,0.49543
6951.0,0.46512,0.51142,0.50039,0.48821,0.48231,0.49558250000000004
6952.0,0.47455,0.51169,0.50068,0.48858,0.48257,0.49588
6953.0,0.44775,0.51207,0.50109,0.48911,0.48298,0.4963125
6954.0,0.42857,0.5127,0.50169,0.48979,0.48352,0.496925
6955.0,0.41489,0.51352,0.50248,0.49056,0.48422,0.497695
6956.0,0.40466,0.51438,0.50339,0.49137,0.48504,0.498545
6957.0,0.4241,0.51527,0.50433,0.49224,0.48591,0.49943750000000003
6958.0,0.45335,0.51615,0.50525,0.49313,0.48676,0.5003225
6959.0,0.44576,0.51693,0.50611,0.49398,0.48753,0.5011375
6960.0,0.42027,0.51754,0.50685,0.49474,0.48819,0.50183
6961.0,0.39374,0.51803,0.50746,0.49539,0.48879,0.5024175
6962.0,0.3964,0.51845,0.50799,0.49589,0.4893,0.5029075
6963.0,0.39972,0.51876,0.50842,0.49623,0.48969,0.503275
6964.0,0.37914,0.51892,0.50864,0.49643,0.48991,0.503475
6965.0,0.36936,0.51899,0.50867,0.49653,0.48992,0.5035275
6966.0,0.37807,0.51894,0.50862,0.49644,0.48981,0.5034525
6967.0,0.40419,0.51866,0.50846,0.49605,0.48959,0.50319
6968.0,0.42363,0.51813,0.50797,0.4953,0.48914,0.502635
6969.0,0.42707,0.51723,0.50699,0.49422,0.48827,0.5016775
6970.0,0.42189,0.51589,0.50559,0.49287,0.48695,0.5003249999999999
6971.0,0.41962,0.51419,0.50393,0.49122,0.48529,0.49865750000000003
6972.0,0.42957,0.51209,0.50196,0.48927,0.48339,0.4966775
6973.0,0.43989,0.50964,0.49964,0.48717,0.48133,0.49444499999999997
6974.0,0.44161,0.50721,0.49726,0.4851,0.47923,0.4922
6975.0,0.42279,0.50518,0.49522,0.48323,0.47732,0.4902375
6976.0,0.41717,0.50361,0.49369,0.48184,0.47585,0.4887475
6977.0,0.43404,0.50275,0.49276,0.48121,0.47496,0.48792
6978.0,0.43791,0.50296,0.49266,0.48143,0.47478,0.4879575
6979.0,0.43169,0.5041,0.49353,0.48235,0.47541,0.4888475
6980.0,0.42455,0.50583,0.49518,0.48376,0.47681,0.49039499999999997
6981.0,0.43104,0.50799,0.49721,0.48551,0.47867,0.492345
6982.0,0.44119,0.51034,0.49932,0.48739,0.48061,0.494415
6983.0,0.42295,0.5124,0.50136,0.4892,0.48243,0.49634750000000005
6984.0,0.42261,0.51399,0.50315,0.49081,0.48404,0.4979975
6985.0,0.45319,0.51514,0.50456,0.49214,0.48538,0.499305
6986.0,0.44271,0.51585,0.50552,0.49312,0.48638,0.5002175
6987.0,0.41786,0.51616,0.50607,0.49375,0.48697,0.5007375
6988.0,0.42361,0.51624,0.50625,0.4941,0.4872,0.5009475
6989.0,0.43382,0.5162,0.50625,0.49426,0.4872,0.5009775
6990.0,0.42985,0.5161,0.50621,0.49422,0.48714,0.5009175
6991.0,0.38407,0.51592,0.50612,0.49398,0.48705,0.5007675
6992.0,0.35579,0.51563,0.50582,0.49357,0.4868,0.5004550000000001
6993.0,0.3773,0.5152,0.50525,0.49302,0.4863,0.49994249999999996
6994.0,0.39841,0.51458,0.50451,0.49233,0.48558,0.49924999999999997
6995.0,0.42077,0.51375,0.50373,0.49149,0.48479,0.49844
6996.0,0.45752,0.5128,0.5029,0.49049,0.48401,0.49755000000000005
6997.0,0.4701,0.51179,0.50188,0.48939,0.48312,0.49654499999999996
6998.0,0.45279,0.51069,0.50067,0.48834,0.48208,0.49544499999999997
6999.0,0.43393,0.50968,0.49951,0.48741,0.48097,0.4943925
7000.0,0.4337,0.50888,0.49865,0.4866,0.48002,0.49353749999999996
7001.0,0.45862,0.50821,0.49805,0.48587,0.47938,0.4928775
7002.0,0.44764,0.50766,0.49754,0.48527,0.47895,0.49235499999999993
7003.0,0.41754,0.50736,0.49709,0.48485,0.47858,0.49197
7004.0,0.42156,0.50729,0.49682,0.48458,0.47824,0.4917325
7005.0,0.42347,0.50726,0.49675,0.48442,0.478,0.49160750000000003
7006.0,0.41264,0.50723,0.49678,0.48432,0.47792,0.4915625
7007.0,0.4149,0.50722,0.49677,0.48421,0.47791,0.4915275
7008.0,0.4219,0.50711,0.49665,0.48397,0.47779,0.49138
7009.0,0.42141,0.50674,0.49627,0.48356,0.47741,0.49099499999999996
7010.0,0.40532,0.50609,0.4956,0.48304,0.47677,0.490375
7011.0,0.39223,0.50525,0.49483,0.48244,0.47601,0.4896325
7012.0,0.42921,0.50437,0.49416,0.48173,0.47537,0.4889075
7013.0,0.45409,0.50353,0.49354,0.48099,0.47483,0.4882225
7014.0,0.43757,0.50283,0.49287,0.48042,0.47432,0.48761000000000004
7015.0,0.41917,0.50249,0.49232,0.48021,0.47385,0.48721749999999997
7016.0,0.40858,0.50265,0.49224,0.48033,0.4736,0.487205
7017.0,0.41094,0.50307,0.49265,0.48061,0.47375,0.48751999999999995
7018.0,0.42168,0.50353,0.4932,0.48096,0.47423,0.48798
7019.0,0.43563,0.5041,0.49365,0.48131,0.47477,0.4884575
7020.0,0.44183,0.5047,0.49407,0.4816,0.47521,0.48889499999999997
7021.0,0.43213,0.50505,0.49446,0.48182,0.47551,0.48921000000000003
7022.0,0.40529,0.5052,0.49478,0.48211,0.47572,0.48945249999999996
7023.0,0.39267,0.50539,0.49503,0.48253,0.47593,0.48972000000000004
7024.0,0.39133,0.5057,0.49538,0.48306,0.47624,0.490095
7025.0,0.3857,0.50606,0.49591,0.48361,0.47669,0.49056750000000005
7026.0,0.39737,0.50655,0.49649,0.48417,0.47722,0.4911075
7027.0,0.42968,0.50721,0.49707,0.48476,0.47775,0.4916975
7028.0,0.45624,0.50791,0.4977,0.48537,0.47829,0.49231749999999996
7029.0,0.45806,0.50849,0.49841,0.48595,0.47885,0.49292499999999995
7030.0,0.42173,0.50893,0.49907,0.48649,0.47941,0.493475
7031.0,0.38679,0.50928,0.49951,0.487,0.47984,0.4939075
7032.0,0.37108,0.50945,0.49972,0.48747,0.48007,0.4941775
7033.0,0.39127,0.50948,0.49992,0.48795,0.48027,0.494405
7034.0,0.40244,0.50968,0.50032,0.48844,0.48065,0.4947725
7035.0,0.3833,0.51012,0.50095,0.48898,0.48123,0.49532000000000004
7036.0,0.37358,0.51071,0.5017,0.48974,0.48199,0.496035
7037.0,0.38413,0.51169,0.50254,0.49087,0.48285,0.49698749999999997
7038.0,0.42052,0.5132,0.50378,0.49232,0.48389,0.4982975
7039.0,0.45962,0.51494,0.50548,0.4939,0.48529,0.4999025
7040.0,0.48436,0.51666,0.50737,0.49546,0.487,0.5016225
7041.0,0.46644,0.51846,0.50911,0.49686,0.48872,0.5032875
7042.0,0.43918,0.52013,0.51053,0.49801,0.49017,0.50471
7043.0,0.431,0.52131,0.51161,0.49884,0.49119,0.5057375
7044.0,0.41009,0.52199,0.51231,0.49929,0.49176,0.5063375
7045.0,0.38596,0.52216,0.5125,0.49928,0.49188,0.506455
7046.0,0.39538,0.52165,0.51204,0.49868,0.49147,0.50596
7047.0,0.4233,0.52039,0.51082,0.49739,0.49044,0.5047600000000001
7048.0,0.45448,0.5185,0.50888,0.49542,0.48875,0.5028874999999999
7049.0,0.45688,0.5161,0.50637,0.49283,0.4865,0.50045
7050.0,0.43876,0.51321,0.50345,0.48979,0.48383,0.49756999999999996
7051.0,0.41789,0.51007,0.50022,0.48654,0.48087,0.494425
7052.0,0.39954,0.50697,0.49681,0.48332,0.47776,0.49121499999999996
7053.0,0.3885,0.50409,0.4935,0.48027,0.47467,0.48813249999999997
7054.0,0.39438,0.5015,0.49051,0.47744,0.47185,0.485325
7055.0,0.4083,0.49929,0.48795,0.47484,0.46942,0.482875
7056.0,0.42231,0.49752,0.48578,0.47248,0.46738,0.48079000000000005
7057.0,0.43718,0.49604,0.48389,0.4704,0.46563,0.47898999999999997
7058.0,0.4523,0.49476,0.48226,0.46867,0.46409,0.477445
7059.0,0.46574,0.49372,0.48092,0.46727,0.46273,0.47616
7060.0,0.46674,0.49283,0.47986,0.46616,0.46157,0.475105
7061.0,0.48445,0.49196,0.47896,0.46526,0.46063,0.47420249999999997
7062.0,0.69364,0.49116,0.47813,0.46452,0.45986,0.4734175
7063.0,0.96856,0.49051,0.47745,0.4639,0.45923,0.4727725
7064.0,1.10592,0.49002,0.47701,0.46341,0.4588,0.47231
7065.0,1.0947,0.48972,0.47678,0.46314,0.45855,0.4720475
7066.0,0.95619,0.48971,0.47676,0.46321,0.4585,0.47204499999999994
7067.0,0.77078,0.49007,0.47705,0.46373,0.45873,0.472395
7068.0,0.60236,0.49087,0.4778,0.4646,0.45932,0.47314749999999994
7069.0,0.49988,0.49202,0.47899,0.4657,0.46031,0.47425500000000004
7070.0,0.46004,0.49336,0.48039,0.46693,0.4616,0.47557
7071.0,0.45557,0.49482,0.4818,0.46823,0.46296,0.4769525
7072.0,0.42953,0.49633,0.48316,0.46945,0.46423,0.47829249999999995
7073.0,0.40585,0.4976,0.48443,0.4705,0.46534,0.47946749999999994
7074.0,0.39905,0.49846,0.48546,0.47128,0.46624,0.48036
7075.0,0.40897,0.49892,0.48607,0.4717,0.46679,0.48087
7076.0,0.42379,0.4989,0.48611,0.47165,0.46686,0.48088
7077.0,0.42609,0.49825,0.48552,0.47105,0.46634,0.48029
7078.0,0.41294,0.49693,0.48429,0.46986,0.46521,0.4790725
7079.0,0.39543,0.49501,0.4825,0.46806,0.46355,0.47728000000000004
7080.0,0.41678,0.49256,0.48024,0.4657,0.46144,0.474985
7081.0,0.43752,0.48963,0.47748,0.4629,0.4589,0.4722275
7082.0,0.42009,0.48636,0.47427,0.4599,0.45598,0.46912750000000003
7083.0,0.40545,0.48306,0.47087,0.45692,0.45284,0.4659225
7084.0,0.39751,0.47996,0.46765,0.45404,0.44975,0.46285
7085.0,0.3799,0.47709,0.46483,0.45135,0.44697,0.46006
7086.0,0.36534,0.47457,0.46234,0.44895,0.44461,0.45761749999999995
7087.0,0.36422,0.47258,0.46016,0.44695,0.44259,0.45557000000000003
7088.0,0.38737,0.47109,0.45843,0.44539,0.44092,0.4539575
7089.0,0.41612,0.47004,0.45722,0.4443,0.43966,0.45280499999999996
7090.0,0.4166,0.46942,0.45655,0.44363,0.43885,0.4521125
7091.0,0.42301,0.46918,0.45632,0.44337,0.43851,0.451845
7092.0,0.44097,0.46929,0.4564,0.44348,0.43857,0.451935
7093.0,0.42774,0.46975,0.45681,0.44387,0.43891,0.45233500000000004
7094.0,0.41322,0.47052,0.45748,0.44448,0.43948,0.45299
7095.0,0.43512,0.47146,0.45832,0.44525,0.44021,0.45381
7096.0,0.44608,0.47253,0.45928,0.44613,0.44107,0.45475250000000006
7097.0,0.42564,0.47373,0.46029,0.44702,0.44202,0.45576500000000003
7098.0,0.35794,0.47489,0.46135,0.44781,0.44303,0.45677
7099.0,0.35171,0.47592,0.46229,0.44846,0.44396,0.45765750000000005
7100.0,0.46706,0.47678,0.46295,0.44897,0.44468,0.458345
7101.0,0.46344,0.47746,0.46337,0.44935,0.44516,0.458835
7102.0,0.36838,0.47791,0.46365,0.44956,0.44546,0.45914499999999997
7103.0,0.3579,0.47816,0.46385,0.44956,0.44563,0.4593
7104.0,0.37294,0.47816,0.46383,0.44935,0.44566,0.45925
7105.0,0.37699,0.4779,0.46351,0.44903,0.4455,0.458985
7106.0,0.37552,0.47758,0.46303,0.44866,0.44517,0.45861
7107.0,0.38164,0.47728,0.46263,0.44824,0.44479,0.458235
7108.0,0.41211,0.47694,0.46235,0.44782,0.44448,0.45789749999999996
7109.0,0.40922,0.47661,0.46209,0.44753,0.44427,0.45762499999999995
7110.0,0.37561,0.47655,0.46188,0.44742,0.44414,0.4574975
7111.0,0.42012,0.47679,0.46187,0.44747,0.44412,0.45756250000000004
7112.0,0.47611,0.47713,0.46213,0.4476,0.44428,0.457785
7113.0,0.45937,0.47751,0.46252,0.44777,0.44458,0.458095
7114.0,0.42514,0.47798,0.46285,0.44794,0.4449,0.45841750000000003
7115.0,0.39664,0.47842,0.46308,0.44803,0.44513,0.458665
7116.0,0.3917,0.4786,0.46318,0.448,0.44522,0.45875
7117.0,0.40013,0.47851,0.46313,0.44779,0.44513,0.45864
7118.0,0.41197,0.47823,0.46286,0.44737,0.44485,0.4583275
7119.0,0.42083,0.4777,0.46229,0.44674,0.44432,0.4577625
7120.0,0.41819,0.47683,0.46144,0.44595,0.44357,0.4569475
7121.0,0.38921,0.47581,0.46039,0.44501,0.44262,0.4559575
7122.0,0.39497,0.47473,0.45928,0.44388,0.44154,0.4548575
7123.0,0.45348,0.47349,0.45807,0.44262,0.44037,0.45363749999999997
7124.0,0.4489,0.47208,0.45668,0.44136,0.43912,0.45231
7125.0,0.39054,0.47075,0.45525,0.4402,0.43785,0.4510125
7126.0,0.32943,0.46966,0.45404,0.43915,0.4367,0.4498875
7127.0,0.32887,0.46873,0.45317,0.43827,0.43581,0.448995
7128.0,0.39138,0.46804,0.45258,0.43769,0.43524,0.4483875
7129.0,0.39959,0.46781,0.45222,0.43754,0.43495,0.44813
7130.0,0.39302,0.46815,0.45228,0.43781,0.43499,0.4483075
7131.0,0.45183,0.46893,0.45291,0.43841,0.43543,0.44892
7132.0,0.75819,0.46998,0.45395,0.43926,0.43626,0.44986249999999994
7133.0,1.29941,0.47123,0.45516,0.44028,0.43734,0.45100250000000003
7134.0,1.81007,0.47261,0.45641,0.44139,0.43853,0.45223499999999994
7135.0,2.07554,0.47399,0.45764,0.44246,0.43968,0.4534425
7136.0,1.91574,0.47516,0.45882,0.44335,0.44068,0.45450250000000003
7137.0,1.40045,0.476,0.45975,0.44408,0.44153,0.45533999999999997
7138.0,0.75306,0.47661,0.46036,0.44464,0.44214,0.4559375
7139.0,0.52161,0.47707,0.46074,0.44496,0.4425,0.45631750000000004
7140.0,0.48207,0.47723,0.46093,0.445,0.44265,0.4564525
7141.0,0.44688,0.47707,0.46083,0.44482,0.44258,0.456325
7142.0,0.4276,0.47674,0.46045,0.44447,0.4423,0.45599
7143.0,0.41624,0.47636,0.45998,0.44403,0.44191,0.45557
7144.0,0.3908,0.47597,0.45954,0.44353,0.44151,0.45513750000000003
7145.0,0.37459,0.47559,0.45921,0.44309,0.44117,0.45476500000000003
7146.0,0.38202,0.47538,0.45901,0.44289,0.44099,0.4545675
7147.0,0.41507,0.4756,0.459,0.443,0.44101,0.4546525
7148.0,0.4331,0.47631,0.45941,0.44341,0.44127,0.4551
7149.0,0.37092,0.47728,0.46026,0.4441,0.44192,0.45589
7150.0,0.37809,0.47852,0.46143,0.445,0.44293,0.45697000000000004
7151.0,0.4813,0.48011,0.46279,0.44598,0.44409,0.4582425
7152.0,0.47124,0.48174,0.46414,0.44692,0.44528,0.45952000000000004
7153.0,0.40006,0.48302,0.46529,0.44781,0.44632,0.46061
7154.0,0.37614,0.48398,0.46616,0.44854,0.44709,0.4614425
7155.0,0.38939,0.48463,0.46677,0.44895,0.44758,0.46198249999999996
7156.0,0.42038,0.4847,0.46702,0.44898,0.44774,0.46211
7157.0,0.41075,0.48398,0.46664,0.44868,0.44745,0.46168750000000003
7158.0,0.39874,0.48267,0.46562,0.44812,0.44667,0.46077
7159.0,0.42807,0.48101,0.46425,0.44736,0.44554,0.45954
7160.0,0.42962,0.47906,0.46283,0.44642,0.44425,0.45814
7161.0,0.39993,0.47681,0.46146,0.44543,0.44297,0.4566675
7162.0,0.39685,0.4746,0.46,0.44463,0.44176,0.4552475
7163.0,0.40911,0.47285,0.45863,0.44422,0.44066,0.45409
7164.0,0.42222,0.47176,0.45775,0.44424,0.43986,0.4534025
7165.0,0.42955,0.47121,0.45762,0.44459,0.43959,0.4532525
7166.0,0.43097,0.47118,0.45811,0.44519,0.43989,0.45359249999999995
7167.0,0.43066,0.47165,0.45886,0.446,0.44057,0.45426999999999995
7168.0,0.42665,0.47249,0.45964,0.44694,0.44135,0.455105
7169.0,0.41986,0.47341,0.46042,0.44789,0.44208,0.45595
7170.0,0.43128,0.47416,0.46123,0.44866,0.44271,0.45669
7171.0,0.44245,0.4746,0.46194,0.44913,0.44324,0.4572275
7172.0,0.4027,0.47471,0.46228,0.44925,0.44352,0.45743999999999996
7173.0,0.36309,0.4744,0.46207,0.44905,0.4434,0.45722999999999997
7174.0,0.3551,0.47368,0.46137,0.44859,0.44284,0.45662
7175.0,0.36761,0.47269,0.46042,0.44791,0.442,0.45575499999999997
7176.0,0.38582,0.47163,0.4595,0.44697,0.44107,0.4547925
7177.0,0.38618,0.47048,0.45859,0.44586,0.44014,0.4537675
7178.0,0.40184,0.46924,0.45753,0.44473,0.43918,0.45267
7179.0,0.44014,0.46812,0.45631,0.44374,0.43812,0.45157250000000004
7180.0,0.44056,0.46727,0.45514,0.44288,0.43701,0.45057499999999995
7181.0,0.41497,0.46654,0.45426,0.44204,0.43601,0.4497125
7182.0,0.39855,0.46574,0.45364,0.44117,0.43525,0.44894999999999996
7183.0,0.39394,0.4649,0.45298,0.44028,0.43464,0.44820000000000004
7184.0,0.39941,0.46417,0.45217,0.43939,0.43399,0.44743
7185.0,0.40182,0.46345,0.45128,0.43859,0.43323,0.4466375
7186.0,0.39816,0.4627,0.45041,0.43793,0.43242,0.445865
7187.0,0.38759,0.46207,0.44978,0.43744,0.43173,0.445255
7188.0,0.39315,0.46174,0.44947,0.43714,0.43133,0.44492
7189.0,0.41136,0.46173,0.44942,0.43701,0.43123,0.4448475
7190.0,0.3877,0.46191,0.44956,0.4371,0.43137,0.444985
7191.0,0.36016,0.46226,0.44981,0.43742,0.43168,0.4452925
7192.0,0.38247,0.4629,0.45025,0.43793,0.4321,0.44579499999999994
7193.0,0.41487,0.46377,0.45095,0.43853,0.43264,0.44647250000000005
7194.0,0.43882,0.46455,0.45179,0.43918,0.43331,0.4472075
7195.0,0.43976,0.46519,0.45256,0.43987,0.43404,0.447915
7196.0,0.42654,0.46586,0.45318,0.44056,0.43471,0.4485775
7197.0,0.41191,0.46658,0.45378,0.44115,0.43531,0.44920499999999997
7198.0,0.41412,0.46709,0.45434,0.44157,0.43581,0.4497025
7199.0,0.4277,0.4673,0.45468,0.44182,0.43612,0.44998
7200.0,0.41368,0.4673,0.45467,0.44192,0.43617,0.450015
7201.0,0.39275,0.46713,0.4544,0.44184,0.43601,0.449845
7202.0,0.3882,0.46677,0.45407,0.44155,0.43572,0.44952749999999997
7203.0,0.3896,0.46621,0.45374,0.44106,0.43539,0.4491
7204.0,0.39161,0.4655,0.45328,0.44049,0.43501,0.44857
7205.0,0.38741,0.46481,0.45266,0.44005,0.43454,0.448015
7206.0,0.38169,0.4644,0.45205,0.43985,0.43405,0.4475875
7207.0,0.38062,0.46434,0.4518,0.43988,0.43373,0.4474375
7208.0,0.40057,0.46455,0.45206,0.44012,0.43379,0.44763
7209.0,0.42301,0.46504,0.45266,0.44052,0.43425,0.4481175
7210.0,0.38198,0.46579,0.45344,0.44108,0.43498,0.4488225
7211.0,0.3334,0.46675,0.45426,0.44179,0.43582,0.449655
7212.0,0.32699,0.46778,0.45508,0.44261,0.43662,0.4505225
7213.0,0.35283,0.46875,0.45599,0.44349,0.43738,0.45140250000000004
7214.0,0.39578,0.46963,0.45693,0.44437,0.43816,0.45227249999999997
7215.0,0.42203,0.47046,0.45783,0.4452,0.43897,0.45311500000000005
7216.0,0.41959,0.47123,0.45866,0.44594,0.43975,0.45389500000000005
7217.0,0.38492,0.47186,0.45938,0.44662,0.44051,0.4545925
7218.0,0.35924,0.47239,0.45997,0.44724,0.44118,0.455195
7219.0,0.35725,0.47297,0.46054,0.44786,0.44175,0.45577999999999996
7220.0,0.39046,0.47359,0.46113,0.4485,0.4423,0.45638
7221.0,0.41291,0.47417,0.46179,0.44922,0.44288,0.45701499999999995
7222.0,0.39546,0.47482,0.4625,0.45005,0.44354,0.4577275
7223.0,0.38812,0.47561,0.46334,0.45095,0.44431,0.4585525
7224.0,0.39705,0.47651,0.46432,0.45189,0.4452,0.45948000000000006
7225.0,0.40876,0.47743,0.46537,0.45286,0.44616,0.46045500000000006
7226.0,0.40616,0.47834,0.4664,0.45385,0.44711,0.461425
7227.0,0.38359,0.47924,0.46736,0.45486,0.44799,0.4623625
7228.0,0.39311,0.48014,0.46825,0.45583,0.44878,0.46325
7229.0,0.42531,0.48094,0.46912,0.45668,0.44948,0.464055
7230.0,0.43031,0.4815,0.46991,0.45738,0.45013,0.46473
7231.0,0.42125,0.48184,0.47047,0.45787,0.45063,0.46520249999999996
7232.0,0.41029,0.48202,0.47074,0.45813,0.45091,0.46545
7233.0,0.40891,0.48192,0.47075,0.45817,0.45093,0.46544250000000004
7234.0,0.41541,0.48152,0.47055,0.45803,0.45075,0.4652125
7235.0,0.41989,0.481,0.47018,0.45775,0.45037,0.46482499999999993
7236.0,0.41617,0.48043,0.46973,0.45736,0.44986,0.46434499999999995
7237.0,0.40298,0.47977,0.46918,0.45693,0.44931,0.4637975
7238.0,0.40184,0.47905,0.46859,0.4565,0.44876,0.463225
7239.0,0.4033,0.47846,0.46805,0.45608,0.44825,0.46271
7240.0,0.37482,0.47805,0.46767,0.45565,0.44783,0.4623
7241.0,0.34437,0.4777,0.46738,0.45524,0.4475,0.461955
7242.0,0.33306,0.47736,0.46711,0.45493,0.44721,0.4616525
7243.0,0.34762,0.47712,0.46679,0.45474,0.44691,0.46138999999999997
7244.0,0.37916,0.47703,0.46651,0.45463,0.44662,0.4611975
7245.0,0.40344,0.477,0.46644,0.45455,0.44645,0.46111
7246.0,0.41054,0.47695,0.46653,0.45446,0.44643,0.4610925
7247.0,0.39962,0.4769,0.46661,0.45436,0.44647,0.461085
7248.0,0.41458,0.47687,0.46657,0.45431,0.44651,0.461065
7249.0,0.43072,0.47685,0.46648,0.45434,0.4465,0.4610425
7250.0,0.36706,0.47694,0.46648,0.45443,0.44649,0.461085
7251.0,0.3313,0.47717,0.46665,0.45456,0.44653,0.4612275
7252.0,0.38986,0.47741,0.46695,0.45473,0.44669,0.461445
7253.0,0.43288,0.47765,0.4672,0.45492,0.44692,0.4616725
7254.0,0.43989,0.47792,0.46733,0.45509,0.4471,0.46186
7255.0,0.42189,0.47811,0.46744,0.4552,0.44724,0.4619975
7256.0,0.41449,0.47817,0.46758,0.45523,0.44737,0.46208750000000004
7257.0,0.43642,0.47813,0.46765,0.45519,0.44744,0.4621025
7258.0,0.42363,0.47803,0.46764,0.45518,0.44745,0.462075
7259.0,0.38547,0.47789,0.4676,0.45532,0.44747,0.46207
7260.0,0.38425,0.47797,0.46763,0.45564,0.44755,0.46219750000000004
7261.0,0.40498,0.47846,0.46798,0.4561,0.4478,0.46258499999999997
7262.0,0.43053,0.47917,0.46872,0.45669,0.44833,0.4632275
7263.0,0.43175,0.47997,0.46958,0.45739,0.44913,0.4640175
7264.0,0.40983,0.4809,0.47044,0.45815,0.44997,0.46486500000000003
7265.0,0.38744,0.48193,0.47126,0.45888,0.45076,0.4657075
7266.0,0.38354,0.48281,0.472,0.45951,0.45147,0.4664475
7267.0,0.40903,0.4834,0.47263,0.45999,0.45204,0.467015
7268.0,0.4254,0.48373,0.47309,0.4603,0.45243,0.46738749999999996
7269.0,0.42728,0.48386,0.47329,0.46046,0.45264,0.46756249999999994
7270.0,0.42862,0.48383,0.47325,0.46046,0.45266,0.46754999999999997
7271.0,0.42085,0.48367,0.47305,0.46031,0.4525,0.46738250000000003
7272.0,0.39815,0.48336,0.47277,0.46002,0.45222,0.4670925
7273.0,0.39037,0.48292,0.47237,0.45954,0.45181,0.46666
7274.0,0.40081,0.48238,0.47181,0.45885,0.45125,0.4660725
7275.0,0.41328,0.48164,0.47103,0.45799,0.4505,0.46529
7276.0,0.41579,0.4806,0.47,0.45695,0.44956,0.4642775
7277.0,0.40073,0.47934,0.46877,0.45575,0.44841,0.46306749999999997
7278.0,0.40852,0.47798,0.46742,0.45438,0.44712,0.461725
7279.0,0.44342,0.47649,0.46602,0.45294,0.44576,0.46030249999999995
7280.0,0.47718,0.47491,0.46454,0.45151,0.44437,0.4588325
7281.0,0.49372,0.47339,0.463,0.45016,0.44294,0.45737250000000007
7282.0,0.47915,0.47201,0.46156,0.44895,0.44157,0.4560225
7283.0,0.45078,0.47081,0.46034,0.44787,0.44036,0.45484500000000005
7284.0,0.41913,0.46981,0.45936,0.4469,0.43935,0.453855
7285.0,0.4014,0.46895,0.45858,0.44609,0.43854,0.45303999999999994
7286.0,0.3981,0.46814,0.45794,0.44554,0.43796,0.452395
7287.0,0.40653,0.46755,0.45743,0.44525,0.43756,0.4519475
7288.0,0.4029,0.46741,0.45725,0.44529,0.43736,0.4518275
7289.0,0.38548,0.46761,0.45754,0.44574,0.4375,0.45209750000000004
7290.0,0.38551,0.46814,0.45825,0.44668,0.43806,0.4527825
7291.0,0.39993,0.46914,0.4594,0.44809,0.43902,0.4539125
7292.0,0.41875,0.4707,0.46104,0.44995,0.44041,0.455525
7293.0,0.42106,0.47264,0.46319,0.45216,0.44224,0.45755749999999995
7294.0,0.40145,0.47474,0.46575,0.45464,0.44437,0.459875
7295.0,0.37725,0.47689,0.46849,0.45731,0.44666,0.4623375
7296.0,0.36304,0.47892,0.47124,0.46012,0.44896,0.46481
7297.0,0.37784,0.48082,0.47389,0.46305,0.45116,0.46723
7298.0,0.40749,0.48255,0.47644,0.46582,0.45318,0.4694975
7299.0,0.43651,0.48411,0.47894,0.46845,0.45505,0.4716375
7300.0,0.41765,0.48526,0.48137,0.47088,0.4568,0.4735775
7301.0,0.37553,0.48626,0.48335,0.47303,0.4584,0.47526
7302.0,0.36854,0.48715,0.48505,0.47489,0.45969,0.476695
7303.0,0.3844,0.48788,0.48644,0.47646,0.46079,0.4778925
7304.0,0.41226,0.48831,0.48757,0.47778,0.46168,0.478835
7305.0,0.43103,0.48866,0.48849,0.47888,0.46239,0.479605
7306.0,0.43491,0.48906,0.4893,0.4798,0.46295,0.48027749999999997
7307.0,0.41998,0.48949,0.48995,0.48058,0.46347,0.48087250000000004
7308.0,0.40082,0.4899,0.49056,0.48131,0.464,0.4814425
7309.0,0.38779,0.49038,0.49115,0.48199,0.46453,0.48201249999999995
7310.0,0.38543,0.491,0.49176,0.48262,0.46509,0.4826175
7311.0,0.39507,0.49174,0.49241,0.4832,0.46571,0.48326500000000006
7312.0,0.41743,0.49247,0.49309,0.48374,0.46635,0.4839125
7313.0,0.42574,0.49315,0.49372,0.48426,0.46698,0.4845275
7314.0,0.40477,0.49381,0.49427,0.48475,0.46753,0.48509
7315.0,0.41836,0.49447,0.49474,0.48521,0.46801,0.4856075
7316.0,0.4952,0.49508,0.49515,0.4856,0.46841,0.48606
7317.0,0.67036,0.49555,0.49551,0.48591,0.46877,0.48643500000000006
7318.0,0.85226,0.49585,0.4958,0.48611,0.46907,0.48670749999999996
7319.0,0.94479,0.496,0.49595,0.48619,0.4693,0.48686
7320.0,0.8848,0.49601,0.49598,0.48617,0.46939,0.4868875
7321.0,0.69663,0.49588,0.49586,0.48612,0.46937,0.48680750000000006
7322.0,0.54165,0.49565,0.49567,0.4861,0.46925,0.4866675
7323.0,0.44569,0.49545,0.4955,0.48616,0.46913,0.48656
7324.0,0.42113,0.49539,0.4955,0.48634,0.46912,0.4865875
7325.0,0.44371,0.49555,0.49571,0.48668,0.4693,0.48681
7326.0,0.50055,0.49595,0.49619,0.48722,0.46974,0.487275
7327.0,0.57648,0.4966,0.49692,0.48798,0.47042,0.48798
7328.0,0.67845,0.49754,0.49787,0.48899,0.47133,0.4889325
7329.0,0.8151,0.49878,0.49905,0.49021,0.47242,0.490115
7330.0,0.83891,0.50023,0.50045,0.49162,0.47369,0.4914975
7331.0,0.70786,0.50181,0.50204,0.49315,0.47511,0.49302749999999995
7332.0,0.58473,0.50348,0.50372,0.49472,0.47663,0.49463750000000006
7333.0,0.49316,0.50516,0.50541,0.49625,0.47817,0.4962475
7334.0,0.42967,0.50674,0.50697,0.49764,0.4796,0.49773750000000005
7335.0,0.39538,0.50802,0.50828,0.49882,0.48084,0.49899
7336.0,0.39017,0.50891,0.50925,0.49971,0.48177,0.49990999999999997
7337.0,0.40766,0.50941,0.50984,0.50023,0.48236,0.50046
7338.0,0.42892,0.50953,0.51007,0.50037,0.48258,0.5006375000000001
7339.0,0.41253,0.50918,0.50992,0.50013,0.48245,0.50042
7340.0,0.40531,0.50842,0.5094,0.4996,0.48199,0.4998525
7341.0,0.43826,0.50741,0.50854,0.49886,0.48123,0.49901000000000006
7342.0,0.45004,0.50633,0.50745,0.49798,0.48025,0.49800249999999996
7343.0,0.43414,0.50526,0.50634,0.49699,0.47919,0.496945
7344.0,0.41904,0.50419,0.50529,0.49592,0.47814,0.49588499999999996
7345.0,0.40836,0.50312,0.50428,0.4948,0.47712,0.49483000000000005
7346.0,0.40313,0.50208,0.50322,0.49364,0.4761,0.49376000000000003
7347.0,0.39296,0.50105,0.50207,0.49246,0.47503,0.4926525
7348.0,0.37694,0.49995,0.50083,0.49125,0.4739,0.4914825
7349.0,0.36489,0.49879,0.49958,0.48999,0.47273,0.4902725
7350.0,0.37068,0.49762,0.49837,0.48872,0.47157,0.48907
7351.0,0.40887,0.49648,0.4972,0.48749,0.47045,0.487905
7352.0,0.41393,0.4954,0.49606,0.4864,0.46941,0.4868175
7353.0,0.37242,0.49446,0.49498,0.48551,0.46847,0.485855
7354.0,0.36183,0.4938,0.4941,0.48485,0.46769,0.48511
7355.0,0.38501,0.49349,0.49357,0.48441,0.46717,0.48466
7356.0,0.42696,0.49343,0.49342,0.48423,0.46696,0.48451
7357.0,0.44903,0.49353,0.4936,0.48431,0.46708,0.48463
7358.0,0.43445,0.49383,0.49396,0.48469,0.46743,0.4849775
7359.0,0.4194,0.49437,0.4945,0.48535,0.46796,0.48554499999999995
7360.0,0.40482,0.49516,0.49525,0.48629,0.46866,0.48634000000000005
7361.0,0.37643,0.49616,0.49631,0.48749,0.46959,0.4873875
7362.0,0.35909,0.49737,0.49768,0.48892,0.47079,0.48869
7363.0,0.37022,0.49883,0.49932,0.49056,0.47224,0.4902375
7364.0,0.38852,0.5005,0.50112,0.49235,0.47389,0.491965
7365.0,0.40387,0.50231,0.503,0.49425,0.47567,0.49380750000000007
7366.0,0.4023,0.50418,0.50493,0.49619,0.47748,0.495695
7367.0,0.38504,0.50603,0.50685,0.49809,0.47926,0.4975575
7368.0,0.35554,0.50778,0.5087,0.49986,0.48097,0.49932750000000004
7369.0,0.33212,0.50932,0.5104,0.50144,0.48254,0.5009250000000001
7370.0,0.32728,0.51058,0.51186,0.5028,0.48391,0.5022875
7371.0,0.36608,0.5116,0.51301,0.50391,0.48502,0.503385
7372.0,0.41485,0.51235,0.51385,0.50473,0.48583,0.50419
7373.0,0.42005,0.51282,0.51439,0.50526,0.48634,0.5047025
7374.0,0.4136,0.513,0.51465,0.50546,0.48657,0.50492
7375.0,0.41139,0.51289,0.51461,0.50531,0.48651,0.50483
7376.0,0.41294,0.51246,0.51425,0.50481,0.48614,0.5044150000000001
7377.0,0.41157,0.51165,0.51351,0.50396,0.48546,0.503645
7378.0,0.39375,0.51046,0.51238,0.5028,0.48444,0.5025200000000001
7379.0,0.37435,0.50896,0.5109,0.50137,0.4831,0.5010825
7380.0,0.36607,0.50722,0.50918,0.49973,0.4815,0.4994075
7381.0,0.38992,0.50531,0.50732,0.49798,0.47977,0.49759500000000007
7382.0,0.43412,0.50333,0.50544,0.49623,0.47803,0.4957575
7383.0,0.45029,0.50149,0.50364,0.49461,0.47637,0.49402749999999995
7384.0,0.43487,0.49996,0.50206,0.49323,0.47492,0.4925425
7385.0,0.38987,0.49885,0.50081,0.4922,0.47378,0.49141
7386.0,0.35493,0.4982,0.50002,0.49156,0.47304,0.49070500000000006
7387.0,0.34677,0.49808,0.49972,0.49132,0.47274,0.490465
7388.0,0.37821,0.4985,0.49991,0.49147,0.47286,0.49068500000000004
7389.0,0.41088,0.49932,0.5005,0.49197,0.47337,0.49129
7390.0,0.38891,0.50039,0.50137,0.49273,0.47417,0.49216499999999996
7391.0,0.37294,0.50161,0.50239,0.49365,0.47514,0.49319749999999996
7392.0,0.38763,0.50287,0.50348,0.49464,0.47618,0.4942925
7393.0,0.4025,0.50405,0.50458,0.49559,0.47721,0.4953575
7394.0,0.40568,0.50507,0.50559,0.49645,0.47817,0.49632000000000004
7395.0,0.38321,0.50587,0.50645,0.4972,0.47901,0.4971324999999999
7396.0,0.35817,0.50645,0.50711,0.49786,0.47968,0.49777499999999997
7397.0,0.34813,0.50688,0.50757,0.49842,0.48019,0.49826499999999996
7398.0,0.36294,0.50722,0.5079,0.49886,0.48054,0.49863
7399.0,0.38306,0.5075,0.50818,0.49918,0.48079,0.4989125
7400.0,0.34177,0.50767,0.50842,0.49937,0.48096,0.499105
7401.0,0.3328,0.50763,0.50855,0.4994,0.48105,0.4991575
7402.0,0.45026,0.5074,0.50848,0.49926,0.481,0.499035
7403.0,0.49614,0.50699,0.50818,0.49893,0.48072,0.498705
7404.0,0.42852,0.50637,0.50764,0.49838,0.48019,0.49814499999999995
7405.0,0.38953,0.50547,0.50687,0.49766,0.47944,0.49736
7406.0,0.39177,0.5043,0.50589,0.49677,0.47849,0.4963625
7407.0,0.42642,0.50301,0.50476,0.49574,0.4774,0.4952275
7408.0,0.43518,0.50175,0.50357,0.49462,0.47624,0.494045
7409.0,0.39444,0.50056,0.50241,0.49347,0.4751,0.492885
7410.0,0.36308,0.49941,0.50131,0.49238,0.47405,0.49178750000000004
7411.0,0.35579,0.49836,0.50029,0.4914,0.47309,0.490785
7412.0,0.38014,0.49757,0.49937,0.49058,0.47222,0.489935
7413.0,0.39197,0.49708,0.49864,0.48996,0.47151,0.48929750000000005
7414.0,0.35951,0.49679,0.49817,0.48955,0.47103,0.488885
7415.0,0.35167,0.49669,0.49798,0.48935,0.47082,0.48871
7416.0,0.38032,0.49682,0.49807,0.48936,0.47087,0.48878
7417.0,0.41275,0.49722,0.49839,0.4896,0.47116,0.4890925
7418.0,0.42255,0.4978,0.4989,0.49011,0.47167,0.48962
7419.0,0.38111,0.49855,0.49958,0.49087,0.47236,0.49034
7420.0,0.36388,0.49952,0.50044,0.49186,0.47321,0.4912575
7421.0,0.38938,0.50078,0.50155,0.49303,0.47421,0.49239250000000007
7422.0,0.36336,0.50223,0.50288,0.49431,0.47539,0.4937025
7423.0,0.3194,0.50373,0.50438,0.49563,0.47673,0.4951175
7424.0,0.35807,0.50519,0.5059,0.49692,0.47814,0.4965375
7425.0,0.41517,0.50657,0.50732,0.49812,0.47947,0.49787000000000003
7426.0,0.44309,0.50779,0.50852,0.49919,0.48062,0.49903
7427.0,0.44522,0.50875,0.50947,0.50008,0.48154,0.49996
7428.0,0.43186,0.50942,0.51018,0.50077,0.48221,0.500645
7429.0,0.43319,0.50987,0.51067,0.50125,0.48264,0.5011075
7430.0,0.42278,0.51016,0.51097,0.5015,0.48289,0.5013799999999999
7431.0,0.37007,0.51026,0.51111,0.50155,0.48298,0.501475
7432.0,0.34157,0.51014,0.51106,0.5014,0.48295,0.5013874999999999
7433.0,0.35951,0.50984,0.51078,0.50105,0.48274,0.5011025
7434.0,0.39743,0.50939,0.5103,0.50052,0.48234,0.5006375000000001
7435.0,0.43259,0.50877,0.50962,0.49985,0.48175,0.4999975
7436.0,0.42949,0.50793,0.50877,0.49907,0.48101,0.49919499999999994
7437.0,0.40943,0.50691,0.50781,0.49822,0.48016,0.49827499999999997
7438.0,0.39004,0.50589,0.50683,0.49737,0.47928,0.49734249999999997
7439.0,0.40028,0.50501,0.50592,0.49658,0.47844,0.4964875
7440.0,0.43119,0.50429,0.50517,0.49592,0.47775,0.4957825
7441.0,0.43473,0.50376,0.50462,0.49548,0.47729,0.49528749999999994
7442.0,0.42334,0.50351,0.50433,0.49529,0.47708,0.49505249999999995
7443.0,0.41383,0.50367,0.50432,0.49538,0.47712,0.49512249999999997
7444.0,0.39714,0.50424,0.50464,0.49575,0.47744,0.49551750000000006
7445.0,0.37517,0.50512,0.5053,0.49636,0.47804,0.496205
7446.0,0.37527,0.5062,0.50621,0.49717,0.47888,0.49711500000000003
7447.0,0.39321,0.5074,0.50729,0.49808,0.47986,0.4981575
7448.0,0.41411,0.50863,0.5084,0.49902,0.48088,0.4992325
7449.0,0.42354,0.50975,0.50945,0.49987,0.48183,0.500225
7450.0,0.41632,0.51063,0.51031,0.50054,0.48259,0.5010175
7451.0,0.42759,0.51118,0.5109,0.50098,0.48309,0.5015375
7452.0,0.44424,0.51128,0.51114,0.50114,0.48328,0.50171
7453.0,0.40131,0.51094,0.51101,0.50098,0.48312,0.5015125
7454.0,0.35695,0.51022,0.51051,0.50051,0.48264,0.50097
7455.0,0.37782,0.50923,0.50975,0.49981,0.4819,0.5001725
7456.0,0.39956,0.50807,0.50881,0.49897,0.481,0.49921249999999995
7457.0,0.39869,0.50681,0.50778,0.4981,0.48003,0.49818
7458.0,0.38713,0.50562,0.50676,0.49732,0.4791,0.4972
7459.0,0.37996,0.5047,0.50587,0.49671,0.47828,0.49639
7460.0,0.40237,0.5042,0.50526,0.49631,0.47769,0.495865
7461.0,0.41071,0.50412,0.50503,0.49616,0.47741,0.49568
7462.0,0.38092,0.50434,0.50517,0.49622,0.47745,0.49579500000000004
7463.0,0.37,0.50477,0.50557,0.49644,0.47775,0.4961325
7464.0,0.38473,0.50533,0.50607,0.49677,0.47817,0.496585
7465.0,0.40009,0.5059,0.50655,0.49711,0.47861,0.49704249999999994
7466.0,0.40658,0.50634,0.50692,0.4974,0.47896,0.49740500000000004
7467.0,0.39554,0.50656,0.50716,0.4976,0.47917,0.4976225000000001
7468.0,0.38023,0.5066,0.50727,0.49768,0.47925,0.49770000000000003
7469.0,0.3686,0.50651,0.50727,0.49767,0.47921,0.497665
7470.0,0.37297,0.50638,0.5072,0.49761,0.47912,0.4975775
7471.0,0.38582,0.50625,0.50709,0.49754,0.47901,0.49747249999999993
7472.0,0.387,0.50618,0.50698,0.49749,0.47894,0.4973975
7473.0,0.3831,0.50622,0.50694,0.49748,0.47893,0.4973925
7474.0,0.37925,0.50636,0.50701,0.49753,0.479,0.497475
7475.0,0.37056,0.50658,0.50717,0.49763,0.47914,0.49763
7476.0,0.36013,0.50686,0.5074,0.49777,0.47935,0.497845
7477.0,0.36465,0.50714,0.50764,0.49794,0.47958,0.49807500000000005
7478.0,0.37924,0.5074,0.50786,0.49811,0.4798,0.4982925
7479.0,0.39453,0.50765,0.50803,0.49825,0.47998,0.4984775000000001
7480.0,0.40022,0.50786,0.50813,0.49832,0.48009,0.49860000000000004
7481.0,0.39444,0.50803,0.50817,0.49828,0.48013,0.4986525
7482.0,0.40045,0.50807,0.50813,0.4981,0.48007,0.4985925
7483.0,0.42265,0.50793,0.50793,0.49774,0.47988,0.49837
7484.0,0.46086,0.50756,0.50751,0.49721,0.47951,0.4979475
7485.0,0.47227,0.5069,0.50683,0.49649,0.47891,0.49728249999999996
7486.0,0.42158,0.50592,0.5059,0.4956,0.4781,0.49638000000000004
7487.0,0.38301,0.5047,0.50479,0.49459,0.47709,0.4952925
7488.0,0.37753,0.50337,0.50358,0.49354,0.47597,0.494115
7489.0,0.38163,0.50204,0.5024,0.49256,0.47484,0.49295999999999995
7490.0,0.37734,0.50081,0.50135,0.49176,0.47385,0.49194249999999995
7491.0,0.33907,0.49984,0.50054,0.49122,0.47309,0.4911725
7492.0,0.33831,0.49935,0.50009,0.49101,0.47264,0.4907725
7493.0,0.408,0.49945,0.50009,0.49116,0.47257,0.4908175
7494.0,0.42799,0.50005,0.50058,0.49166,0.47292,0.49130250000000003
7495.0,0.39411,0.50099,0.50147,0.49245,0.47365,0.49214
7496.0,0.38754,0.50214,0.5026,0.49344,0.47464,0.493205
7497.0,0.39293,0.50341,0.50383,0.49449,0.47573,0.49436499999999994
7498.0,0.38421,0.50467,0.50502,0.4955,0.47678,0.4954925
7499.0,0.37199,0.50571,0.50605,0.49637,0.47769,0.496455
7500.0,0.36403,0.50638,0.5068,0.49701,0.47837,0.49714
7501.0,0.37848,0.50663,0.50722,0.4974,0.47877,0.49750500000000003
7502.0,0.40221,0.50651,0.50731,0.49752,0.47887,0.49755249999999995
7503.0,0.39764,0.50614,0.50711,0.49741,0.47872,0.49734500000000004
7504.0,0.37251,0.50565,0.50672,0.49715,0.47839,0.49697749999999996
7505.0,0.33845,0.5051,0.50626,0.49685,0.478,0.4965525
7506.0,0.35006,0.50455,0.50583,0.4966,0.47765,0.49615750000000003
7507.0,0.40529,0.50413,0.50551,0.49647,0.47741,0.49588
7508.0,0.4154,0.50403,0.50539,0.49653,0.47734,0.49582249999999994
7509.0,0.38781,0.50435,0.50556,0.49682,0.4775,0.49605750000000004
7510.0,0.35375,0.50502,0.50607,0.49734,0.47793,0.49659000000000003
7511.0,0.3568,0.50589,0.50687,0.49804,0.47862,0.49735500000000005
7512.0,0.41472,0.5069,0.50782,0.49887,0.47949,0.49827
7513.0,0.43919,0.50799,0.50883,0.49972,0.48041,0.4992375
7514.0,0.41883,0.50904,0.50979,0.5005,0.48128,0.5001525
7515.0,0.38794,0.5099,0.5106,0.50114,0.48201,0.5009125
7516.0,0.36562,0.51043,0.51117,0.50158,0.48255,0.5014325
7517.0,0.37235,0.51063,0.51147,0.50179,0.48283,0.50168
7518.0,0.38755,0.5105,0.51147,0.50178,0.48285,0.50165
7519.0,0.39913,0.51014,0.51121,0.50157,0.48263,0.5013875
7520.0,0.39212,0.50963,0.51075,0.50123,0.48224,0.5009625
7521.0,0.36848,0.50908,0.51021,0.50082,0.48176,0.5004675000000001
7522.0,0.34007,0.50856,0.50971,0.5004,0.48129,0.49999
7523.0,0.33283,0.50814,0.5093,0.50005,0.4809,0.4995975
7524.0,0.36829,0.50789,0.50903,0.49981,0.48064,0.49934249999999997
7525.0,0.3952,0.5078,0.50892,0.49973,0.48052,0.49924250000000003
7526.0,0.3974,0.50786,0.50896,0.49982,0.48056,0.49929999999999997
7527.0,0.38971,0.50805,0.50914,0.50007,0.48074,0.4995
7528.0,0.37414,0.5084,0.50947,0.50048,0.48103,0.499845
7529.0,0.35065,0.50891,0.50996,0.50102,0.48145,0.500335
7530.0,0.32828,0.50955,0.5106,0.50165,0.48197,0.5009425000000001
7531.0,0.31425,0.51022,0.51135,0.50232,0.4826,0.5016225000000001
7532.0,0.31541,0.51089,0.51212,0.50299,0.48326,0.5023150000000001
7533.0,0.3297,0.51151,0.51284,0.50362,0.48389,0.502965
7534.0,0.34083,0.51205,0.51343,0.50416,0.48442,0.503515
7535.0,0.3529,0.51244,0.51387,0.50457,0.48482,0.503925
7536.0,0.3748,0.51264,0.51414,0.50484,0.48505,0.5041675
7537.0,0.39336,0.51262,0.51424,0.50494,0.48511,0.5042275
7538.0,0.40104,0.51245,0.5142,0.50489,0.48503,0.5041425
7539.0,0.4009,0.51215,0.51403,0.50471,0.48481,0.5039250000000001
7540.0,0.39683,0.51176,0.51375,0.50442,0.48449,0.5036050000000001
7541.0,0.39898,0.51126,0.51335,0.50403,0.48409,0.5031825
7542.0,0.40559,0.51066,0.51286,0.50357,0.48362,0.5026775
7543.0,0.4126,0.51003,0.51229,0.50304,0.48307,0.5021075
7544.0,0.39288,0.50946,0.5117,0.50248,0.48247,0.5015275
7545.0,0.34263,0.5089,0.51111,0.50189,0.48186,0.50094
7546.0,0.32888,0.50832,0.51053,0.50128,0.48124,0.5003425
7547.0,0.35403,0.50762,0.50993,0.50064,0.48062,0.4997025
7548.0,0.38952,0.50685,0.50926,0.49998,0.47997,0.49901500000000004
7549.0,0.41494,0.50613,0.50855,0.49931,0.47926,0.49831249999999994
7550.0,0.41116,0.5054,0.50785,0.49863,0.47852,0.49760000000000004
7551.0,0.39894,0.50464,0.50715,0.49796,0.47779,0.49688499999999997
7552.0,0.3898,0.50381,0.50645,0.49731,0.47708,0.49616249999999995
7553.0,0.40077,0.50297,0.50578,0.4967,0.47639,0.49546
7554.0,0.41418,0.50223,0.50513,0.49613,0.47573,0.49480499999999994
7555.0,0.3833,0.5016,0.50455,0.49562,0.47514,0.49422750000000004
7556.0,0.36202,0.5011,0.50407,0.49518,0.47462,0.49374250000000003
7557.0,0.3947,0.5007,0.50369,0.49481,0.47419,0.49334749999999994
7558.0,0.39369,0.50038,0.5034,0.49449,0.47386,0.49303249999999993
7559.0,0.34764,0.50013,0.50316,0.49421,0.47358,0.49277000000000004
7560.0,0.35502,0.49991,0.50292,0.49392,0.47332,0.4925175
7561.0,0.40575,0.4997,0.50266,0.49363,0.47305,0.49226
7562.0,0.45278,0.49945,0.50237,0.4933,0.47276,0.49197
7563.0,0.44903,0.49912,0.50204,0.49294,0.47243,0.49163250000000003
7564.0,0.36863,0.4987,0.50165,0.49255,0.47207,0.4912425
7565.0,0.33806,0.49824,0.50123,0.49215,0.47167,0.4908225
7566.0,0.37629,0.49776,0.50077,0.49176,0.47126,0.4903875
7567.0,0.39284,0.49733,0.50034,0.49142,0.47087,0.48999000000000004
7568.0,0.38024,0.497,0.49999,0.49116,0.47054,0.4896725
7569.0,0.34423,0.49681,0.49978,0.49101,0.47033,0.48948250000000004
7570.0,0.32664,0.49681,0.49974,0.49097,0.47024,0.48944
7571.0,0.35317,0.49698,0.49986,0.49104,0.4703,0.48954499999999995
7572.0,0.39013,0.49726,0.5001,0.49119,0.47047,0.489755
7573.0,0.4185,0.49759,0.5004,0.49139,0.47071,0.49002249999999997
7574.0,0.40125,0.49792,0.50069,0.49158,0.47094,0.49028250000000007
7575.0,0.36956,0.4982,0.50091,0.49171,0.47112,0.49048499999999995
7576.0,0.37953,0.49836,0.50102,0.49173,0.47119,0.490575
7577.0,0.39157,0.4983,0.50098,0.49158,0.47111,0.4904925
7578.0,0.38297,0.49798,0.50073,0.49124,0.47085,0.49019999999999997
7579.0,0.37979,0.49742,0.50024,0.49066,0.47038,0.48967499999999997
7580.0,0.38596,0.49661,0.49949,0.48985,0.46968,0.48890749999999994
7581.0,0.39127,0.49559,0.49849,0.48882,0.46877,0.4879175
7582.0,0.39364,0.49436,0.49724,0.48758,0.46767,0.4867125
7583.0,0.39137,0.493,0.49582,0.4862,0.46642,0.48536
7584.0,0.38963,0.49163,0.4943,0.48473,0.46508,0.483935
7585.0,0.39209,0.49034,0.49277,0.48324,0.46374,0.48252249999999997
7586.0,0.40449,0.4892,0.49132,0.48179,0.46246,0.4811925
7587.0,0.42092,0.48825,0.49,0.48046,0.46131,0.480005
7588.0,0.41631,0.48749,0.48886,0.47929,0.46034,0.478995
7589.0,0.41375,0.48695,0.48793,0.47831,0.45957,0.47819
7590.0,0.44813,0.48665,0.48724,0.47755,0.45898,0.477605
7591.0,0.46004,0.48656,0.48679,0.47699,0.45857,0.47722749999999997
7592.0,0.42088,0.48663,0.48653,0.4766,0.45833,0.4770225
7593.0,0.37412,0.48671,0.48641,0.47634,0.45822,0.47692
7594.0,0.34282,0.48672,0.48633,0.47616,0.45815,0.47684
7595.0,0.36958,0.48668,0.48625,0.47601,0.45808,0.47675500000000004
7596.0,0.39975,0.48659,0.48613,0.47585,0.45795,0.47663000000000005
7597.0,0.35459,0.48648,0.48597,0.47564,0.45775,0.47646
7598.0,0.32687,0.48624,0.48576,0.47536,0.45747,0.4762075
7599.0,0.35907,0.48577,0.48544,0.47498,0.45714,0.4758325
7600.0,0.37594,0.48512,0.48495,0.47452,0.4567,0.4753225
7601.0,0.36742,0.48437,0.48432,0.474,0.45614,0.4747075
7602.0,0.35755,0.48367,0.48364,0.47344,0.45551,0.474065
7603.0,0.35773,0.48303,0.48301,0.4729,0.45488,0.473455
7604.0,0.38088,0.48244,0.48245,0.47242,0.45432,0.47290750000000004
7605.0,0.41492,0.48195,0.48201,0.47202,0.45387,0.47246249999999995
7606.0,0.44838,0.4816,0.48169,0.47173,0.45354,0.47214
7607.0,0.43935,0.48143,0.48149,0.47155,0.45333,0.47195000000000004
7608.0,0.40083,0.48141,0.48139,0.47147,0.45321,0.47187
7609.0,0.40825,0.48145,0.48139,0.47148,0.45317,0.47187250000000003
7610.0,0.4166,0.48153,0.48147,0.47153,0.45318,0.47192750000000006
7611.0,0.35569,0.48159,0.4816,0.47158,0.45319,0.47198999999999997
7612.0,0.31034,0.4815,0.48169,0.4716,0.45318,0.47199250000000004
7613.0,0.32558,0.4812,0.48163,0.47156,0.45311,0.47187500000000004
7614.0,0.37437,0.4807,0.48142,0.47149,0.45292,0.4716325
7615.0,0.43236,0.48009,0.48109,0.47138,0.45263,0.47129750000000004
7616.0,0.43825,0.47959,0.48075,0.47127,0.45229,0.47097500000000003
7617.0,0.41754,0.47925,0.48053,0.4712,0.45199,0.47074250000000006
7618.0,0.41488,0.47906,0.48047,0.47119,0.45185,0.47064249999999996
7619.0,0.40927,0.47904,0.48054,0.47126,0.45187,0.4706775
7620.0,0.39033,0.47917,0.48072,0.4714,0.45202,0.47082749999999995
7621.0,0.37928,0.47953,0.48096,0.47158,0.45227,0.471085
7622.0,0.37795,0.48012,0.48126,0.47177,0.45255,0.471425
7623.0,0.37349,0.48074,0.48158,0.4719,0.45284,0.471765
7624.0,0.37133,0.48125,0.48182,0.47194,0.4531,0.47202750000000004
7625.0,0.38178,0.48153,0.48191,0.47186,0.45325,0.4721375
7626.0,0.40443,0.48156,0.4818,0.47163,0.45324,0.4720575
7627.0,0.43406,0.48142,0.48147,0.47127,0.45306,0.47180500000000003
7628.0,0.4181,0.48114,0.48097,0.47079,0.45272,0.471405
7629.0,0.36399,0.48076,0.4804,0.47024,0.45225,0.4709125
7630.0,0.35736,0.48031,0.47981,0.46966,0.45176,0.470385
7631.0,0.38219,0.47985,0.47922,0.46906,0.45128,0.4698525
7632.0,0.39633,0.47946,0.47869,0.4685,0.45081,0.469365
7633.0,0.40431,0.47909,0.47824,0.46798,0.45039,0.46892500000000004
7634.0,0.4101,0.47872,0.47781,0.46751,0.45002,0.468515
7635.0,0.41789,0.47841,0.4774,0.46709,0.44966,0.46814
7636.0,0.42733,0.47818,0.47703,0.46671,0.44932,0.46781
7637.0,0.43135,0.47799,0.47673,0.46638,0.449,0.467525
7638.0,0.42309,0.47778,0.4765,0.46609,0.44872,0.46727250000000004
7639.0,0.39122,0.47744,0.47629,0.46583,0.44848,0.46701
7640.0,0.36345,0.47717,0.47603,0.4656,0.44827,0.4667675
7641.0,0.36069,0.4771,0.47585,0.46539,0.44802,0.46658999999999995
7642.0,0.36998,0.47705,0.47576,0.46518,0.44782,0.46645249999999994
7643.0,0.38404,0.47692,0.47565,0.46497,0.44768,0.466305
7644.0,0.38818,0.47668,0.47545,0.4647,0.44751,0.466085
7645.0,0.38192,0.4764,0.47517,0.46437,0.44725,0.4657975
7646.0,0.36856,0.47624,0.47483,0.46392,0.44689,0.46547
7647.0,0.35717,0.47597,0.47439,0.46333,0.44643,0.46502999999999994
7648.0,0.35605,0.47534,0.47376,0.46256,0.44585,0.46437750000000005
7649.0,0.36925,0.47444,0.47288,0.46157,0.44508,0.4634925
7650.0,0.39189,0.47336,0.47173,0.46034,0.44406,0.46237249999999996
7651.0,0.38606,0.47221,0.47034,0.45885,0.44279,0.4610475
7652.0,0.3697,0.47085,0.46876,0.45707,0.44127,0.4594875
7653.0,0.40318,0.46898,0.46685,0.45498,0.43954,0.4575875
7654.0,0.43896,0.46674,0.46452,0.45259,0.43752,0.4553425
7655.0,0.42369,0.46431,0.46187,0.44991,0.43515,0.45281
7656.0,0.38185,0.46171,0.45896,0.44695,0.4325,0.45003000000000004
7657.0,0.33172,0.45894,0.45584,0.44376,0.42965,0.44704750000000004
7658.0,0.3245,0.45576,0.45251,0.44042,0.42665,0.443835
7659.0,0.35187,0.45226,0.44898,0.43702,0.42355,0.4404525
7660.0,0.35904,0.44893,0.44541,0.43369,0.4204,0.4371075
7661.0,0.35785,0.44587,0.44204,0.4306,0.41736,0.43396749999999995
7662.0,0.36823,0.44316,0.43903,0.42791,0.41465,0.4311875
7663.0,0.37565,0.44086,0.43653,0.42579,0.41244,0.4289049999999999
7664.0,0.37232,0.43913,0.43469,0.42438,0.41087,0.4272675
7665.0,0.35991,0.43849,0.43371,0.42377,0.41001,0.426495
7666.0,0.34418,0.43907,0.43385,0.424,0.40995,0.4267175
7667.0,0.34461,0.44068,0.43504,0.42502,0.41081,0.4278875
7668.0,0.36349,0.44299,0.43709,0.42673,0.41249,0.429825
7669.0,0.40134,0.44561,0.43969,0.42895,0.41476,0.4322525
7670.0,0.41913,0.44844,0.44254,0.4315,0.41735,0.4349575
7671.0,0.39443,0.45145,0.44545,0.43417,0.41999,0.43776499999999996
7672.0,0.37572,0.45433,0.44826,0.43678,0.4225,0.4404675
7673.0,0.37406,0.45689,0.45085,0.43919,0.42479,0.44293
7674.0,0.37321,0.45886,0.45309,0.4413,0.4268,0.44501250000000003
7675.0,0.37582,0.46023,0.45491,0.44306,0.42847,0.4466675
7676.0,0.39122,0.46117,0.45631,0.44446,0.42975,0.44792250000000006
7677.0,0.40909,0.46181,0.45731,0.44552,0.43068,0.44883
7678.0,0.41914,0.46224,0.45798,0.44628,0.4313,0.44945
7679.0,0.39902,0.46248,0.4584,0.4468,0.43168,0.44984
7680.0,0.34086,0.46255,0.45864,0.44711,0.43189,0.45004750000000004
7681.0,0.24853,0.46251,0.45875,0.44726,0.43198,0.450125
7682.0,0.17327,0.46238,0.45876,0.44728,0.43197,0.4500975
7683.0,0.24565,0.46221,0.45867,0.44719,0.43186,0.44998249999999995
7684.0,0.3677,0.462,0.45849,0.44699,0.43168,0.44979
7685.0,0.42023,0.46178,0.45823,0.44668,0.43141,0.449525
7686.0,0.41917,0.46147,0.4579,0.44626,0.43106,0.4491725
7687.0,0.37821,0.46105,0.45744,0.44569,0.43062,0.4487
7688.0,0.34485,0.46048,0.45682,0.44497,0.43005,0.44808000000000003
7689.0,0.33366,0.45975,0.456,0.44406,0.42932,0.44728249999999997
7690.0,0.35837,0.45887,0.45499,0.44295,0.4284,0.44630250000000005
7691.0,0.39409,0.4578,0.45376,0.44163,0.42729,0.44511999999999996
7692.0,0.40099,0.45653,0.45232,0.4401,0.426,0.44373749999999995
7693.0,0.38286,0.45505,0.45069,0.43841,0.42453,0.44217
7694.0,0.34786,0.45336,0.44888,0.4366,0.42293,0.44044249999999996
7695.0,0.36295,0.45153,0.44695,0.43477,0.42125,0.43862500000000004
7696.0,0.42561,0.44967,0.44498,0.43303,0.41957,0.4368125
7697.0,0.43392,0.44793,0.44315,0.4315,0.41799,0.4351425
7698.0,0.39141,0.44656,0.44162,0.4303,0.41664,0.43378000000000005
7699.0,0.33135,0.4457,0.44059,0.42952,0.41567,0.43287
7700.0,0.30215,0.44544,0.44016,0.4292,0.41517,0.4324925
7701.0,0.34287,0.44572,0.44036,0.42935,0.41518,0.4326525
7702.0,0.37877,0.4464,0.44107,0.4299,0.41566,0.43325749999999996
7703.0,0.38329,0.44735,0.44211,0.43075,0.41648,0.4341725
7704.0,0.37983,0.44844,0.4433,0.43179,0.41746,0.43524749999999995
7705.0,0.37621,0.44954,0.44449,0.43287,0.41845,0.4363375
7706.0,0.38265,0.45045,0.44557,0.43388,0.41933,0.4373075
7707.0,0.39588,0.45104,0.44643,0.43475,0.42004,0.438065
7708.0,0.41069,0.45124,0.44703,0.43543,0.42053,0.4385575
7709.0,0.42008,0.45118,0.44738,0.43593,0.42081,0.438825
7710.0,0.42006,0.45097,0.44755,0.43629,0.42093,0.438935
7711.0,0.40979,0.45075,0.44763,0.43656,0.42095,0.4389725
7712.0,0.3916,0.45059,0.44771,0.43679,0.42096,0.4390125
7713.0,0.37556,0.45051,0.44783,0.43704,0.42103,0.4391025
7714.0,0.3631,0.4506,0.44803,0.43733,0.42118,0.43928500000000004
7715.0,0.35486,0.45085,0.44834,0.43767,0.4214,0.439565
7716.0,0.34928,0.45122,0.44874,0.43803,0.4217,0.4399225
7717.0,0.3459,0.45166,0.44918,0.4384,0.42203,0.44031750000000003
7718.0,0.35946,0.45202,0.4496,0.43873,0.42235,0.440675
7719.0,0.39047,0.45225,0.44991,0.43901,0.4226,0.4409425
7720.0,0.40959,0.45234,0.45011,0.4392,0.42276,0.4411025
7721.0,0.40776,0.45228,0.45017,0.43932,0.42279,0.44114
7722.0,0.3739,0.45213,0.45015,0.43937,0.42273,0.441095
7723.0,0.35147,0.45188,0.45008,0.43939,0.42261,0.44099
7724.0,0.39262,0.45163,0.44999,0.43942,0.42249,0.4408825
7725.0,0.40755,0.45147,0.44998,0.43948,0.42239,0.44083
7726.0,0.36305,0.45142,0.45007,0.43962,0.42238,0.4408725
7727.0,0.40861,0.45149,0.45027,0.43984,0.42249,0.44102250000000004
7728.0,0.53612,0.45172,0.45058,0.44015,0.42271,0.44128999999999996
7729.0,0.56409,0.45205,0.45097,0.44052,0.42301,0.4416375
7730.0,0.49894,0.45253,0.45143,0.44093,0.42337,0.442065
7731.0,0.3873,0.45304,0.45191,0.44132,0.42375,0.442505
7732.0,0.31646,0.4535,0.45235,0.44165,0.42411,0.44290250000000003
7733.0,0.35157,0.45384,0.45269,0.44185,0.42438,0.44319000000000003
7734.0,0.38676,0.45398,0.45285,0.44186,0.42448,0.4432925
7735.0,0.38696,0.45386,0.45277,0.44164,0.42437,0.44316
7736.0,0.38514,0.45342,0.45238,0.44114,0.42399,0.4427325
7737.0,0.38682,0.45258,0.45166,0.44033,0.4233,0.4419675
7738.0,0.39138,0.45137,0.45056,0.4392,0.42229,0.440855
7739.0,0.39894,0.44984,0.44914,0.43779,0.42098,0.43943750000000004
7740.0,0.40941,0.44808,0.44743,0.43614,0.41941,0.437765
7741.0,0.40718,0.44617,0.44553,0.43433,0.41766,0.43592249999999994
7742.0,0.38344,0.44418,0.44354,0.43244,0.41584,0.434
7743.0,0.3419,0.44223,0.44154,0.4306,0.41405,0.43210499999999996
7744.0,0.29784,0.4405,0.43968,0.42892,0.4124,0.43037499999999995
7745.0,0.31413,0.43917,0.43809,0.42751,0.41099,0.42894
7746.0,0.37615,0.43834,0.4369,0.42644,0.40993,0.42790249999999996
7747.0,0.43786,0.43804,0.4362,0.42578,0.40929,0.42732749999999997
7748.0,0.53502,0.43821,0.43601,0.42554,0.4091,0.427215
7749.0,0.69794,0.43879,0.43628,0.42571,0.40934,0.42753
7750.0,0.79951,0.43969,0.43692,0.42622,0.40993,0.42818999999999996
7751.0,0.78626,0.44084,0.43785,0.42699,0.41078,0.42911499999999997
7752.0,0.67546,0.4421,0.43895,0.42795,0.41177,0.4301925
7753.0,0.50585,0.44331,0.44011,0.42898,0.41283,0.4313075
7754.0,0.39441,0.44439,0.44122,0.43003,0.41385,0.43237250000000005
7755.0,0.38126,0.4453,0.44224,0.43101,0.41479,0.433335
7756.0,0.51393,0.44605,0.44312,0.43189,0.4156,0.434165
7757.0,0.56749,0.44667,0.44386,0.43264,0.41627,0.43486
7758.0,0.39941,0.44716,0.44447,0.43326,0.41682,0.43542749999999997
7759.0,0.29494,0.44751,0.44494,0.43374,0.41726,0.4358625
7760.0,0.32723,0.44775,0.44529,0.43411,0.4176,0.4361875
7761.0,0.36,0.4479,0.44552,0.43438,0.41784,0.43641
7762.0,0.36997,0.44798,0.44566,0.43456,0.41798,0.436545
7763.0,0.35168,0.44799,0.44572,0.43466,0.41805,0.436605
7764.0,0.33945,0.44791,0.44571,0.4347,0.41804,0.43659
7765.0,0.37557,0.44774,0.44565,0.43469,0.41798,0.436515
7766.0,0.41163,0.4475,0.44554,0.43465,0.41786,0.43638750000000004
7767.0,0.41977,0.4472,0.4454,0.43456,0.4177,0.436215
7768.0,0.39578,0.44685,0.44522,0.43445,0.41751,0.4360075
7769.0,0.34877,0.44649,0.44502,0.4343,0.41728,0.4357725
7770.0,0.32451,0.44612,0.4448,0.43413,0.41703,0.43552
7771.0,0.32406,0.44576,0.44457,0.43391,0.41675,0.4352475
7772.0,0.33798,0.44541,0.44431,0.43366,0.41645,0.4349575
7773.0,0.3614,0.44507,0.44403,0.43336,0.41613,0.43464749999999996
7774.0,0.38946,0.44469,0.44371,0.43302,0.41579,0.43430250000000004
7775.0,0.4132,0.44428,0.44333,0.43263,0.41542,0.43391500000000005
7776.0,0.4254,0.44386,0.44291,0.43222,0.41502,0.4335025
7777.0,0.40053,0.4435,0.44246,0.43178,0.41461,0.4330875
7778.0,0.3538,0.44321,0.44203,0.43134,0.41419,0.43269250000000004
7779.0,0.36281,0.44294,0.44164,0.4309,0.41381,0.4323225
7780.0,0.39879,0.4427,0.44127,0.43048,0.41347,0.43198
7781.0,0.39654,0.44247,0.44093,0.43009,0.41317,0.43166499999999997
7782.0,0.38188,0.44226,0.44061,0.42975,0.4129,0.43138000000000004
7783.0,0.37785,0.44208,0.44033,0.42946,0.41268,0.43113749999999995
7784.0,0.39221,0.44197,0.4401,0.42925,0.41251,0.43095749999999994
7785.0,0.42439,0.44192,0.43993,0.42911,0.41239,0.43083750000000004
7786.0,0.44847,0.44198,0.43986,0.42906,0.41235,0.4308125
7787.0,0.45125,0.44213,0.4399,0.4291,0.41239,0.43088000000000004
7788.0,0.40626,0.44234,0.44006,0.4292,0.41251,0.4310275
7789.0,0.34615,0.44259,0.4403,0.42937,0.41271,0.4312425
7790.0,0.32555,0.44285,0.44057,0.42957,0.41295,0.431485
7791.0,0.3237,0.44308,0.44083,0.42979,0.41319,0.43172249999999995
7792.0,0.32542,0.44328,0.44107,0.43001,0.41341,0.4319425
7793.0,0.33836,0.44342,0.44126,0.43023,0.41359,0.432125
7794.0,0.36294,0.44352,0.44141,0.43045,0.41374,0.43228
7795.0,0.38488,0.4436,0.44157,0.43067,0.41388,0.43243000000000004
7796.0,0.39701,0.44372,0.44176,0.43093,0.41404,0.4326125
7797.0,0.38551,0.44391,0.44201,0.43123,0.41425,0.43285
7798.0,0.36,0.4442,0.44235,0.43159,0.41452,0.43316499999999997
7799.0,0.3357,0.44454,0.44278,0.432,0.41486,0.433545
7800.0,0.33101,0.44493,0.44325,0.43247,0.41526,0.4339775
7801.0,0.35512,0.44534,0.44376,0.43296,0.4157,0.43444
7802.0,0.36535,0.44574,0.44427,0.43348,0.41614,0.4349075
7803.0,0.35462,0.44615,0.44477,0.43401,0.41659,0.43538
7804.0,0.36205,0.44655,0.44526,0.43455,0.41702,0.435845
7805.0,0.38587,0.44693,0.44575,0.43511,0.41747,0.43631499999999995
7806.0,0.40484,0.44737,0.44626,0.4357,0.41794,0.43681749999999997
7807.0,0.40442,0.44789,0.44683,0.43633,0.41847,0.43738
7808.0,0.36742,0.44853,0.44749,0.43701,0.41907,0.438025
7809.0,0.34559,0.44931,0.44825,0.43776,0.41975,0.4387675
7810.0,0.36614,0.45016,0.44908,0.43854,0.42051,0.4395725
7811.0,0.35792,0.45105,0.44996,0.43935,0.42131,0.4404175
7812.0,0.31534,0.45193,0.45084,0.44015,0.42211,0.4412575
7813.0,0.32792,0.45276,0.45166,0.44088,0.42286,0.44204
7814.0,0.38405,0.45347,0.45239,0.44152,0.42351,0.4427225
7815.0,0.41869,0.45402,0.45296,0.44202,0.42404,0.44326
7816.0,0.42543,0.45435,0.45335,0.44235,0.42439,0.44361
7817.0,0.40072,0.45449,0.45353,0.44248,0.42456,0.443765
7818.0,0.3738,0.45441,0.45351,0.44242,0.42453,0.44371750000000004
7819.0,0.36265,0.45415,0.45328,0.44214,0.4243,0.4434675
7820.0,0.36732,0.45367,0.45284,0.44164,0.42387,0.443005
7821.0,0.38553,0.45297,0.45218,0.44093,0.42325,0.4423325
7822.0,0.40484,0.45205,0.4513,0.44001,0.42242,0.44144500000000003
7823.0,0.4093,0.45092,0.45019,0.43889,0.42139,0.44034749999999995
7824.0,0.3618,0.44958,0.44889,0.4376,0.42019,0.439065
7825.0,0.30375,0.44807,0.44741,0.43617,0.41883,0.43762
7826.0,0.29195,0.44643,0.44581,0.43466,0.41737,0.4360675
7827.0,0.31425,0.44476,0.44415,0.43314,0.41587,0.43448
7828.0,0.35951,0.44319,0.44253,0.4317,0.41441,0.43295749999999994
7829.0,0.3818,0.44183,0.44106,0.43041,0.41309,0.43159749999999997
7830.0,0.37167,0.44076,0.43987,0.42936,0.412,0.4304975
7831.0,0.35735,0.44006,0.43901,0.42862,0.41123,0.42973
7832.0,0.34372,0.43979,0.43854,0.42822,0.41081,0.42934000000000005
7833.0,0.3323,0.43999,0.43851,0.4282,0.41077,0.42936750000000007
7834.0,0.33547,0.44063,0.4389,0.42852,0.41109,0.42978500000000003
7835.0,0.36987,0.44159,0.43965,0.42915,0.41174,0.4305325
7836.0,0.40043,0.44275,0.44067,0.43002,0.41264,0.43152
7837.0,0.40458,0.444,0.44182,0.43103,0.4137,0.4326375
7838.0,0.39175,0.44525,0.44304,0.43212,0.4148,0.43380250000000004
7839.0,0.3696,0.44644,0.44423,0.43318,0.41587,0.43493000000000004
7840.0,0.36498,0.44748,0.44531,0.43416,0.41684,0.43594750000000004
7841.0,0.37515,0.44832,0.44623,0.43499,0.41767,0.4368025
7842.0,0.37913,0.44891,0.44694,0.43565,0.41831,0.4374525
7843.0,0.37863,0.44925,0.44745,0.43613,0.41876,0.4378975
7844.0,0.37815,0.44936,0.44774,0.43644,0.41903,0.4381425
7845.0,0.36623,0.44928,0.44784,0.43661,0.41914,0.43821750000000004
7846.0,0.33613,0.44911,0.44782,0.43669,0.41913,0.4381875
7847.0,0.31591,0.44893,0.44774,0.43671,0.41905,0.4381075
7848.0,0.31479,0.44877,0.44767,0.43675,0.41897,0.43804000000000004
7849.0,0.32489,0.4487,0.44766,0.43682,0.41895,0.4380325
7850.0,0.33995,0.44874,0.44775,0.43698,0.41902,0.43812249999999997
7851.0,0.34423,0.44891,0.44797,0.43724,0.4192,0.43833
7852.0,0.34709,0.44924,0.44831,0.4376,0.41949,0.43866
7853.0,0.36631,0.44969,0.44876,0.43803,0.41988,0.43909
7854.0,0.37451,0.45023,0.44928,0.43853,0.42034,0.43959499999999996
7855.0,0.35052,0.45079,0.44983,0.43904,0.42083,0.44012249999999997
7856.0,0.33121,0.4513,0.45036,0.43953,0.42131,0.440625
7857.0,0.33038,0.45171,0.45082,0.43995,0.42173,0.4410525
7858.0,0.33418,0.45198,0.45117,0.44029,0.42206,0.44137499999999996
7859.0,0.33772,0.45213,0.45139,0.44051,0.42226,0.44157250000000003
7860.0,0.33386,0.45214,0.45147,0.44059,0.42233,0.4416325
7861.0,0.32578,0.45203,0.45142,0.44054,0.42227,0.441565
7862.0,0.32107,0.45178,0.45124,0.44035,0.42208,0.4413625
7863.0,0.33123,0.45138,0.45093,0.44004,0.42177,0.44103
7864.0,0.36628,0.45087,0.4505,0.4396,0.42136,0.4405825
7865.0,0.38688,0.45026,0.44996,0.43908,0.42084,0.44003500000000006
7866.0,0.376,0.44961,0.44933,0.43848,0.42026,0.43942000000000003
7867.0,0.3589,0.44893,0.44867,0.43785,0.41962,0.4387675
7868.0,0.34585,0.44825,0.44799,0.43721,0.41897,0.438105
7869.0,0.35397,0.44759,0.44734,0.43659,0.41834,0.437465
7870.0,0.37883,0.44698,0.44674,0.43602,0.41776,0.436875
7871.0,0.40497,0.44647,0.44622,0.43554,0.41726,0.4363725
7872.0,0.42058,0.44608,0.44582,0.43515,0.41684,0.4359725
7873.0,0.41225,0.4458,0.44552,0.43486,0.41653,0.4356775
7874.0,0.39705,0.44561,0.44534,0.43468,0.41632,0.4354875
7875.0,0.38616,0.4455,0.44525,0.43461,0.41621,0.43539249999999996
7876.0,0.39105,0.44547,0.44526,0.43463,0.41619,0.43538750000000004
7877.0,0.40689,0.44551,0.44534,0.43473,0.41624,0.435455
7878.0,0.38422,0.44564,0.44548,0.4349,0.41635,0.4355925
7879.0,0.33619,0.44584,0.44569,0.43513,0.41652,0.435795
7880.0,0.32514,0.4461,0.44596,0.43538,0.41673,0.43604250000000006
7881.0,0.34273,0.44637,0.44625,0.43565,0.41697,0.43631
7882.0,0.36937,0.44663,0.44653,0.43589,0.41721,0.43656500000000004
7883.0,0.37554,0.44684,0.44677,0.43607,0.4174,0.43677
7884.0,0.34108,0.44693,0.44692,0.43616,0.4175,0.43687750000000003
7885.0,0.32484,0.44688,0.44695,0.43613,0.41749,0.43686250000000004
7886.0,0.34496,0.44664,0.44681,0.43595,0.41732,0.43667999999999996
7887.0,0.35472,0.44618,0.44648,0.43562,0.41698,0.436315
7888.0,0.35156,0.44549,0.44597,0.43512,0.41646,0.43576
7889.0,0.36417,0.44461,0.44527,0.4345,0.4158,0.435045
7890.0,0.38314,0.44361,0.44445,0.43377,0.41502,0.4342125
7891.0,0.38343,0.44262,0.44356,0.433,0.41418,0.43334
7892.0,0.36925,0.44171,0.44269,0.43224,0.41335,0.4324975
7893.0,0.3463,0.44096,0.44191,0.43153,0.4126,0.43175
7894.0,0.33256,0.4404,0.44128,0.43091,0.41198,0.43114250000000004
7895.0,0.3369,0.44002,0.44079,0.4304,0.41151,0.43068
7896.0,0.34917,0.43982,0.44046,0.43,0.41118,0.430365
7897.0,0.36441,0.43977,0.44025,0.42968,0.41098,0.43017000000000005
7898.0,0.37187,0.43983,0.44011,0.42942,0.41084,0.43004999999999993
7899.0,0.37225,0.43991,0.43999,0.42915,0.41072,0.4299425
7900.0,0.37187,0.4399,0.43981,0.42882,0.41056,0.4297725
7901.0,0.37523,0.43974,0.43951,0.42838,0.4103,0.4294825
7902.0,0.38842,0.43937,0.43905,0.4278,0.40988,0.429025
7903.0,0.39764,0.43875,0.43839,0.42706,0.4093,0.428375
7904.0,0.39227,0.43789,0.43752,0.42615,0.40852,0.42752
7905.0,0.36676,0.43685,0.43645,0.42509,0.40757,0.42649
7906.0,0.32485,0.43566,0.43523,0.42392,0.40647,0.42532000000000003
7907.0,0.31329,0.43438,0.43394,0.42269,0.40529,0.424075
7908.0,0.3307,0.43307,0.43262,0.42147,0.40409,0.42281250000000004
7909.0,0.33315,0.43181,0.43135,0.42031,0.40293,0.42160000000000003
7910.0,0.32984,0.4307,0.4302,0.41928,0.40187,0.4205125
7911.0,0.34931,0.42978,0.42926,0.41843,0.40095,0.419605
7912.0,0.36963,0.42906,0.42854,0.41779,0.40024,0.41890749999999993
7913.0,0.36559,0.42857,0.42806,0.41737,0.39977,0.4184425
7914.0,0.34496,0.4283,0.42781,0.4172,0.39951,0.418205
7915.0,0.31415,0.42827,0.4278,0.41724,0.39946,0.41819249999999997
7916.0,0.29894,0.4285,0.42803,0.41748,0.39959,0.4184
7917.0,0.3054,0.42891,0.42844,0.41788,0.3999,0.4187825
7918.0,0.32199,0.42942,0.42897,0.41838,0.40034,0.41927749999999997
7919.0,0.34296,0.42994,0.42956,0.41895,0.40084,0.4198225
7920.0,0.35651,0.43043,0.43015,0.41953,0.40136,0.42036749999999995
7921.0,0.35763,0.43085,0.4307,0.42008,0.40183,0.42086500000000004
7922.0,0.33932,0.43117,0.43118,0.42057,0.40223,0.4212874999999999
7923.0,0.32183,0.43138,0.43155,0.42097,0.40254,0.42161000000000004
7924.0,0.32256,0.43143,0.4318,0.42127,0.40272,0.421805
7925.0,0.33314,0.43132,0.43191,0.42145,0.40279,0.42186749999999995
7926.0,0.3482,0.43106,0.43191,0.42152,0.40274,0.4218075
7927.0,0.35278,0.4307,0.43178,0.42148,0.40259,0.4216375
7928.0,0.34867,0.43026,0.43157,0.42134,0.40235,0.42138
7929.0,0.36232,0.42979,0.43127,0.4211,0.40202,0.421045
7930.0,0.38137,0.42931,0.43091,0.42078,0.40163,0.42065749999999996
7931.0,0.36547,0.42881,0.4305,0.42037,0.40119,0.42021749999999997
7932.0,0.33747,0.42824,0.43002,0.41989,0.4007,0.41971250000000004
7933.0,0.3322,0.42761,0.42945,0.41932,0.40017,0.41913750000000005
7934.0,0.33983,0.42696,0.4288,0.41869,0.39958,0.41850750000000003
7935.0,0.35263,0.4263,0.42811,0.418,0.39893,0.417835
7936.0,0.36127,0.42566,0.42739,0.41728,0.39825,0.417145
7937.0,0.36271,0.42503,0.42666,0.41655,0.39758,0.416455
7938.0,0.36228,0.42441,0.42594,0.41585,0.39694,0.415785
7939.0,0.36509,0.42382,0.42526,0.41524,0.39637,0.41517250000000006
7940.0,0.38732,0.42333,0.42468,0.41475,0.3959,0.41466499999999995
7941.0,0.40534,0.42304,0.42428,0.41444,0.39558,0.414335
7942.0,0.36208,0.42304,0.42411,0.41436,0.39545,0.41424000000000005
7943.0,0.29814,0.42335,0.42423,0.41452,0.39557,0.4144175
7944.0,0.26613,0.42393,0.42465,0.41495,0.39595,0.41487
7945.0,0.25986,0.42475,0.42535,0.41564,0.3966,0.41558500000000004
7946.0,0.27432,0.42577,0.42631,0.41655,0.39746,0.41652249999999996
7947.0,0.29408,0.42695,0.42746,0.41764,0.39848,0.4176325
7948.0,0.31245,0.4282,0.42875,0.41884,0.3996,0.41884750000000004
7949.0,0.32161,0.42941,0.43008,0.42007,0.40074,0.420075
7950.0,0.32151,0.43049,0.43134,0.42128,0.40184,0.4212375
7951.0,0.31773,0.43137,0.43248,0.42239,0.40282,0.422265
7952.0,0.31325,0.43203,0.43344,0.42337,0.40364,0.42312
7953.0,0.3132,0.43249,0.43421,0.42418,0.40428,0.42379
7954.0,0.31699,0.43279,0.4348,0.42484,0.40476,0.4242975
7955.0,0.32378,0.43297,0.43522,0.42535,0.40511,0.42466250000000005
7956.0,0.33512,0.43307,0.43552,0.42574,0.40536,0.4249225
7957.0,0.35115,0.43313,0.43573,0.42605,0.40555,0.425115
7958.0,0.35902,0.43321,0.43591,0.42632,0.40572,0.42529
7959.0,0.35432,0.43337,0.4361,0.42659,0.40592,0.425495
7960.0,0.33683,0.43362,0.43634,0.42689,0.40616,0.42575250000000003
7961.0,0.31739,0.434,0.43665,0.42725,0.40648,0.42609499999999995
7962.0,0.33512,0.43448,0.43707,0.42768,0.40688,0.42652750000000006
7963.0,0.37291,0.43505,0.43758,0.42816,0.40735,0.42703500000000005
7964.0,0.3888,0.43565,0.43815,0.4287,0.40788,0.427595
7965.0,0.37959,0.43626,0.43875,0.42926,0.40844,0.4281775
7966.0,0.34362,0.43684,0.43936,0.42982,0.409,0.428755
7967.0,0.31829,0.43738,0.43993,0.43035,0.40952,0.429295
7968.0,0.32503,0.43786,0.44044,0.43081,0.40998,0.4297725
7969.0,0.34578,0.43825,0.44087,0.43118,0.41035,0.43016249999999995
7970.0,0.3702,0.43852,0.44118,0.43145,0.41062,0.4304425
7971.0,0.36985,0.43866,0.44136,0.43159,0.41077,0.430595
7972.0,0.35118,0.43864,0.44141,0.43162,0.41081,0.43062
7973.0,0.35759,0.43849,0.44131,0.43154,0.41074,0.43052
7974.0,0.37587,0.43823,0.44111,0.43136,0.41057,0.4303175
7975.0,0.36995,0.43793,0.44082,0.43112,0.41033,0.43004999999999993
7976.0,0.35049,0.43763,0.44049,0.43084,0.41004,0.42974999999999997
7977.0,0.33128,0.43737,0.44018,0.43054,0.40974,0.4294575
7978.0,0.31878,0.43713,0.43989,0.43024,0.40946,0.42918
7979.0,0.31686,0.43693,0.43964,0.42996,0.40921,0.428935
7980.0,0.3223,0.43673,0.43941,0.4297,0.40899,0.4287075
7981.0,0.33288,0.43653,0.4392,0.42947,0.40879,0.4284975
7982.0,0.34079,0.43633,0.43899,0.42925,0.4086,0.4282925
7983.0,0.34417,0.43616,0.43879,0.42903,0.40841,0.4280975
7984.0,0.34192,0.43602,0.4386,0.42881,0.4082,0.4279075
7985.0,0.33562,0.43588,0.4384,0.42855,0.40798,0.4277025
7986.0,0.32914,0.43569,0.43818,0.42825,0.40772,0.42746
7987.0,0.33575,0.4354,0.4379,0.4279,0.40742,0.42715499999999995
7988.0,0.37201,0.43497,0.43752,0.42747,0.40705,0.4267525
7989.0,0.39494,0.43441,0.43702,0.42697,0.4066,0.42625
7990.0,0.37573,0.43375,0.43641,0.42639,0.40605,0.42565000000000003
7991.0,0.33981,0.43301,0.43571,0.42577,0.40541,0.424975
7992.0,0.30194,0.43225,0.43497,0.42513,0.40474,0.42427250000000005
7993.0,0.30155,0.43148,0.43423,0.42452,0.40406,0.4235725
7994.0,0.33498,0.43074,0.43355,0.42399,0.40346,0.42293499999999995
7995.0,0.34532,0.43014,0.43298,0.42359,0.40296,0.4224175
7996.0,0.34115,0.42975,0.43261,0.42336,0.40263,0.4220875
7997.0,0.36227,0.42965,0.43249,0.42334,0.4025,0.421995
7998.0,0.38867,0.42983,0.43263,0.42354,0.40261,0.42215250000000004
7999.0,0.38761,0.43027,0.43302,0.42396,0.40294,0.4225475
8000.0,0.37706,0.43095,0.43365,0.42457,0.40349,0.423165
8001.0,0.37196,0.43179,0.43446,0.42534,0.4042,0.42394750000000003
8002.0,0.37316,0.43272,0.4354,0.42623,0.40503,0.42484500000000003
8003.0,0.37979,0.43371,0.43641,0.4272,0.40594,0.425815
8004.0,0.37841,0.43472,0.43744,0.4282,0.40688,0.42681
8005.0,0.36596,0.4357,0.43846,0.4292,0.40782,0.42779500000000004
8006.0,0.34567,0.43663,0.43944,0.43017,0.40873,0.4287425
8007.0,0.32887,0.43751,0.44039,0.4311,0.4096,0.42965
8008.0,0.34909,0.43836,0.44128,0.43197,0.41043,0.43051
8009.0,0.3847,0.43917,0.44211,0.43278,0.41121,0.4313175
8010.0,0.3922,0.43994,0.44289,0.43349,0.41192,0.43206
8011.0,0.3835,0.44062,0.44358,0.4341,0.41256,0.432715
8012.0,0.37187,0.44119,0.44416,0.43459,0.41309,0.4332575
8013.0,0.36478,0.44161,0.44458,0.43491,0.41348,0.433645
8014.0,0.36629,0.44185,0.44483,0.43504,0.4137,0.433855
8015.0,0.37235,0.44186,0.44485,0.43495,0.41371,0.4338425
8016.0,0.38127,0.4416,0.44462,0.43462,0.41348,0.43358
8017.0,0.3907,0.44106,0.44411,0.43406,0.41302,0.4330625
8018.0,0.39406,0.44026,0.44334,0.43329,0.41232,0.4323025
8019.0,0.36718,0.43921,0.44235,0.43234,0.41141,0.43132750000000003
8020.0,0.33294,0.43798,0.44118,0.4313,0.41037,0.43020749999999996
8021.0,0.34994,0.43669,0.43994,0.43025,0.40928,0.42904
8022.0,0.38387,0.43548,0.43876,0.4293,0.40824,0.42794499999999996
8023.0,0.38504,0.43451,0.43777,0.42855,0.40737,0.42705
8024.0,0.36738,0.43394,0.43712,0.42811,0.40677,0.426485
8025.0,0.34284,0.43385,0.4369,0.42802,0.40653,0.426325
8026.0,0.34276,0.43423,0.43717,0.42834,0.40672,0.42661499999999997
8027.0,0.37502,0.43506,0.43788,0.42905,0.40732,0.42732749999999997
8028.0,0.37683,0.43624,0.439,0.4301,0.4083,0.42840999999999996
8029.0,0.34266,0.43768,0.44042,0.43141,0.40954,0.4297625
8030.0,0.33187,0.43926,0.44201,0.43286,0.41095,0.43127
8031.0,0.34908,0.44085,0.44363,0.43433,0.4124,0.4328025
8032.0,0.38126,0.44231,0.44515,0.4357,0.41375,0.4342275
8033.0,0.41065,0.44351,0.44645,0.43686,0.41492,0.435435
8034.0,0.40597,0.44434,0.44743,0.43773,0.41581,0.4363275
8035.0,0.37871,0.44476,0.44802,0.43824,0.41635,0.43684249999999997
8036.0,0.34239,0.44476,0.44819,0.43838,0.41653,0.436965
8037.0,0.32136,0.44436,0.44795,0.43815,0.41633,0.43669749999999996
8038.0,0.32916,0.4436,0.44733,0.43759,0.4158,0.43607999999999997
8039.0,0.33963,0.44254,0.44641,0.43677,0.41499,0.4351775
8040.0,0.34628,0.4413,0.44526,0.43577,0.41398,0.4340775
8041.0,0.37481,0.43997,0.44401,0.4347,0.41287,0.43288750000000004
8042.0,0.41739,0.4387,0.44277,0.43366,0.41177,0.43172499999999997
8043.0,0.41405,0.43763,0.44168,0.43275,0.41079,0.4307125
8044.0,0.3781,0.43687,0.44084,0.43206,0.41002,0.4299475
8045.0,0.36383,0.43649,0.44034,0.43165,0.40954,0.42950499999999997
8046.0,0.36995,0.4365,0.44022,0.43155,0.40939,0.42941499999999994
8047.0,0.38968,0.4369,0.44047,0.43177,0.40958,0.42968
8048.0,0.4001,0.43764,0.44106,0.43229,0.41008,0.4302675
8049.0,0.38077,0.43863,0.44193,0.43303,0.41084,0.4311075
8050.0,0.35672,0.43979,0.44299,0.43395,0.41177,0.432125
8051.0,0.34306,0.44105,0.44414,0.43494,0.4128,0.43323249999999996
8052.0,0.36193,0.44227,0.4453,0.43595,0.41383,0.4343375
8053.0,0.40796,0.44336,0.44638,0.43687,0.41479,0.43535
8054.0,0.39192,0.44424,0.4473,0.43766,0.41562,0.43620499999999995
8055.0,0.3188,0.44488,0.448,0.43826,0.41627,0.4368525
8056.0,0.27854,0.44523,0.44845,0.43863,0.41668,0.4372475
8057.0,0.27817,0.44531,0.44864,0.43875,0.41685,0.4373875
8058.0,0.31179,0.44513,0.44855,0.43861,0.41676,0.4372625
8059.0,0.35253,0.4447,0.4482,0.43821,0.41643,0.436885
8060.0,0.36108,0.44404,0.44759,0.43757,0.41585,0.4362625
8061.0,0.35892,0.44313,0.44675,0.43671,0.41506,0.4354125
8062.0,0.36445,0.44202,0.4457,0.43567,0.41409,0.43437000000000003
8063.0,0.36784,0.44074,0.44448,0.4345,0.41297,0.4331725
8064.0,0.36382,0.43937,0.44314,0.43325,0.41174,0.431875
8065.0,0.34944,0.43797,0.44177,0.43198,0.41048,0.43055
8066.0,0.3262,0.43664,0.44043,0.43075,0.40923,0.4292625
8067.0,0.3108,0.43543,0.43921,0.42963,0.40807,0.428085
8068.0,0.30606,0.43439,0.43815,0.42867,0.40706,0.4270675
8069.0,0.31084,0.43355,0.43731,0.42789,0.40623,0.426245
8070.0,0.32127,0.43295,0.4367,0.42733,0.40562,0.42565
8071.0,0.32835,0.43259,0.43633,0.42696,0.40521,0.4252725
8072.0,0.33201,0.43244,0.43617,0.42679,0.40499,0.42509749999999996
8073.0,0.33279,0.43247,0.43619,0.42676,0.40493,0.4250875
8074.0,0.32418,0.43258,0.43631,0.42684,0.40497,0.42517499999999997
8075.0,0.30092,0.4327,0.43649,0.42697,0.40508,0.42530999999999997
8076.0,0.27578,0.43278,0.43665,0.42712,0.40519,0.42543499999999995
8077.0,0.25681,0.4328,0.43678,0.42724,0.40527,0.4255225
8078.0,0.26385,0.43275,0.43685,0.42731,0.40529,0.42555
8079.0,0.30007,0.43262,0.43684,0.4273,0.40524,0.4255
8080.0,0.34272,0.43241,0.43675,0.42721,0.40512,0.4253725
8081.0,0.38056,0.43214,0.43657,0.42701,0.40491,0.4251575000000001
8082.0,0.38556,0.4318,0.43629,0.4267,0.40461,0.42485000000000006
8083.0,0.36268,0.43136,0.43592,0.42628,0.40421,0.4244425
8084.0,0.33226,0.4308,0.43542,0.42575,0.40372,0.42392250000000004
8085.0,0.31996,0.43011,0.4348,0.42511,0.40312,0.423285
8086.0,0.36463,0.4293,0.43405,0.42438,0.40242,0.4225375
8087.0,0.41064,0.42841,0.4332,0.4236,0.40165,0.421715
8088.0,0.40589,0.42748,0.43231,0.42281,0.40084,0.42086
8089.0,0.38237,0.42662,0.43145,0.42206,0.40005,0.420045
8090.0,0.35913,0.42593,0.43071,0.42142,0.39936,0.419355
8091.0,0.35069,0.42544,0.43014,0.42094,0.39883,0.41883750000000003
8092.0,0.36025,0.42517,0.42979,0.42068,0.39852,0.41853999999999997
8093.0,0.37177,0.42517,0.4297,0.42065,0.39846,0.418495
8094.0,0.37732,0.42548,0.4299,0.42088,0.39866,0.41873
8095.0,0.35632,0.42612,0.43038,0.42135,0.39911,0.41924
8096.0,0.33231,0.42702,0.43111,0.42203,0.39978,0.419985
8097.0,0.38082,0.42811,0.43204,0.42287,0.40064,0.42091500000000004
8098.0,0.43515,0.42928,0.43307,0.42382,0.4016,0.42194249999999994
8099.0,0.36549,0.43046,0.43414,0.4248,0.40262,0.423005
8100.0,0.26737,0.43154,0.43518,0.42577,0.40361,0.424025
8101.0,0.25017,0.43249,0.43614,0.42667,0.40452,0.424955
8102.0,0.30299,0.4333,0.43696,0.42746,0.40532,0.42576
8103.0,0.41441,0.43393,0.43762,0.4281,0.40597,0.426405
8104.0,0.48917,0.43438,0.4381,0.42857,0.40646,0.4268775
8105.0,0.48854,0.43465,0.43839,0.42887,0.40678,0.42717249999999996
8106.0,0.42643,0.43474,0.4385,0.429,0.40693,0.4272925
8107.0,0.32782,0.43466,0.43844,0.42897,0.40694,0.42725250000000004
8108.0,0.31574,0.43445,0.43823,0.42881,0.40682,0.4270775
8109.0,0.37327,0.43416,0.4379,0.42855,0.40661,0.426805
8110.0,0.37075,0.43382,0.43748,0.42825,0.40633,0.42647
8111.0,0.3271,0.43346,0.43705,0.42794,0.40603,0.42611999999999994
8112.0,0.31022,0.43316,0.43665,0.42768,0.40576,0.42581250000000004
8113.0,0.31675,0.43297,0.43635,0.42751,0.40556,0.4255975
8114.0,0.33827,0.43293,0.43622,0.42749,0.40549,0.4255325
8115.0,0.34744,0.43305,0.43628,0.42764,0.40557,0.425635
8116.0,0.32201,0.43332,0.43653,0.42796,0.40581,0.42590500000000003
8117.0,0.31351,0.43376,0.43698,0.42843,0.4062,0.42634249999999996
8118.0,0.34562,0.4343,0.43757,0.42903,0.40671,0.42690249999999996
8119.0,0.35704,0.43487,0.43825,0.42969,0.40728,0.4275225
8120.0,0.33448,0.43539,0.43893,0.43037,0.40786,0.42813749999999995
8121.0,0.33909,0.43582,0.43955,0.43098,0.40838,0.42868249999999997
8122.0,0.37316,0.43609,0.44003,0.43149,0.40878,0.42909749999999997
8123.0,0.38529,0.43618,0.44034,0.43184,0.40903,0.4293475
8124.0,0.37541,0.43606,0.44045,0.43202,0.4091,0.4294075
8125.0,0.36281,0.43571,0.44033,0.43201,0.40899,0.42926
8126.0,0.35971,0.43518,0.44002,0.43185,0.40872,0.4289425
8127.0,0.38703,0.43452,0.43956,0.43156,0.40832,0.42849
8128.0,0.39981,0.43381,0.43901,0.43117,0.40783,0.427955
8129.0,0.34346,0.43312,0.43843,0.43074,0.40731,0.42740000000000006
8130.0,0.29849,0.4325,0.43787,0.4303,0.40681,0.42686999999999997
8131.0,0.32324,0.432,0.43737,0.42989,0.40636,0.426405
8132.0,0.37802,0.43161,0.43696,0.42953,0.40597,0.4260175
8133.0,0.43928,0.43131,0.43662,0.4292,0.40565,0.42569500000000005
8134.0,0.44532,0.43106,0.43634,0.42892,0.40538,0.425425
8135.0,0.38557,0.43081,0.43608,0.42865,0.40514,0.42517
8136.0,0.31836,0.43054,0.43581,0.42839,0.4049,0.42491
8137.0,0.26817,0.43023,0.43551,0.42809,0.40463,0.424615
8138.0,0.29154,0.42988,0.43515,0.42776,0.40431,0.42427499999999996
8139.0,0.35773,0.42946,0.43473,0.42738,0.40393,0.423875
8140.0,0.36448,0.42896,0.43425,0.42695,0.4035,0.423415
8141.0,0.33238,0.42839,0.43372,0.4265,0.40304,0.42291249999999997
8142.0,0.30898,0.4278,0.43316,0.42604,0.40255,0.42238749999999997
8143.0,0.29528,0.4272,0.4326,0.42558,0.40207,0.4218625
8144.0,0.29135,0.42664,0.43208,0.42516,0.40162,0.42137499999999994
8145.0,0.29365,0.42615,0.43161,0.42478,0.40121,0.4209375
8146.0,0.29999,0.42576,0.43122,0.42445,0.40086,0.4205725
8147.0,0.31898,0.42546,0.4309,0.42416,0.40058,0.420275
8148.0,0.35384,0.42522,0.43063,0.42391,0.40035,0.4200275
8149.0,0.39529,0.42501,0.43039,0.42366,0.40016,0.419805
8150.0,0.43199,0.42483,0.43015,0.42337,0.39995,0.41957500000000003
8151.0,0.4043,0.42464,0.42988,0.42302,0.39971,0.4193125
8152.0,0.3219,0.42437,0.42951,0.42256,0.39937,0.4189525
8153.0,0.27574,0.42393,0.42898,0.42196,0.39891,0.41844499999999996
8154.0,0.26961,0.42323,0.42824,0.42121,0.39828,0.41773999999999994
8155.0,0.28486,0.42224,0.42727,0.42032,0.39747,0.416825
8156.0,0.30971,0.421,0.42612,0.41932,0.3965,0.415735
8157.0,0.32448,0.41965,0.42487,0.41827,0.39543,0.414555
8158.0,0.33114,0.41833,0.42362,0.41726,0.39435,0.41339
8159.0,0.33256,0.41722,0.42249,0.41637,0.39337,0.41236249999999997
8160.0,0.33689,0.41641,0.42161,0.41568,0.39259,0.4115725
8161.0,0.34985,0.41599,0.42105,0.41527,0.3921,0.41110250000000004
8162.0,0.3587,0.41597,0.42089,0.41518,0.39195,0.4109975
8163.0,0.35953,0.41636,0.42112,0.41542,0.39216,0.411265
8164.0,0.38558,0.41712,0.42172,0.41596,0.3927,0.411875
8165.0,0.43698,0.41818,0.42261,0.41673,0.3935,0.412755
8166.0,0.43074,0.41945,0.42369,0.41763,0.39448,0.41381249999999997
8167.0,0.36299,0.42077,0.42484,0.41856,0.39551,0.41492
8168.0,0.29937,0.42197,0.4259,0.41941,0.39647,0.41593749999999996
8169.0,0.25691,0.42286,0.42674,0.42008,0.39727,0.41673750000000004
8170.0,0.26205,0.42335,0.42725,0.42047,0.39779,0.417215
8171.0,0.30316,0.42338,0.42738,0.42052,0.39797,0.4173125
8172.0,0.3519,0.42298,0.42707,0.4202,0.39779,0.41701
8173.0,0.37511,0.4222,0.42635,0.41949,0.39725,0.41632250000000004
8174.0,0.3283,0.42115,0.42525,0.41843,0.39639,0.41530500000000004
8175.0,0.2905,0.41992,0.42383,0.41707,0.39526,0.41402
8176.0,0.33031,0.41857,0.42219,0.41551,0.39395,0.412555
8177.0,0.38157,0.41717,0.4204,0.41383,0.39255,0.41098749999999995
8178.0,0.40732,0.41582,0.4186,0.41214,0.39115,0.40942750000000006
8179.0,0.42908,0.41463,0.41689,0.41053,0.38983,0.40797000000000005
8180.0,0.45298,0.41366,0.41538,0.40909,0.38868,0.40670249999999997
8181.0,0.45736,0.41296,0.41413,0.40786,0.38774,0.4056725
8182.0,0.43533,0.41251,0.41317,0.40688,0.38704,0.4049
8183.0,0.37909,0.41233,0.41252,0.40614,0.38657,0.40439
8184.0,0.31031,0.41238,0.41214,0.40561,0.3863,0.40410749999999995
8185.0,0.31797,0.41254,0.41193,0.40523,0.38617,0.40396750000000003
8186.0,0.37661,0.41266,0.4118,0.40492,0.38608,0.403865
8187.0,0.39703,0.41262,0.41162,0.40461,0.38595,0.4037
8188.0,0.39227,0.41233,0.41128,0.40423,0.3857,0.403385
8189.0,0.3933,0.41176,0.41076,0.40376,0.3853,0.402895
8190.0,0.39393,0.41095,0.41005,0.40322,0.38475,0.40224249999999995
8191.0,0.38631,0.41004,0.40924,0.40264,0.3841,0.401505
8192.0,0.37225,0.40913,0.40841,0.40212,0.38345,0.4007775
8193.0,0.35335,0.4084,0.40772,0.40176,0.3829,0.400195
8194.0,0.33866,0.40803,0.40732,0.40167,0.3826,0.399905
8195.0,0.3327,0.40813,0.40736,0.40193,0.38265,0.4000175
8196.0,0.33523,0.4088,0.40792,0.40262,0.38313,0.40061749999999996
8197.0,0.34389,0.41004,0.40904,0.40373,0.38407,0.40171999999999997
8198.0,0.339,0.41176,0.41066,0.40526,0.38544,0.40328
8199.0,0.32098,0.41386,0.41269,0.40712,0.38717,0.40521
8200.0,0.31626,0.41616,0.41499,0.40922,0.38913,0.407375
8201.0,0.32365,0.41851,0.41741,0.41143,0.39121,0.40964
8202.0,0.3248,0.42072,0.4198,0.41365,0.39327,0.41186
8203.0,0.32137,0.42266,0.42202,0.41577,0.3952,0.4139125
8204.0,0.32137,0.42427,0.42397,0.41767,0.3969,0.4157025
8205.0,0.32631,0.42552,0.42558,0.41931,0.39833,0.41718500000000003
8206.0,0.33804,0.42638,0.42683,0.42064,0.39945,0.418325
8207.0,0.32617,0.4269,0.42774,0.42167,0.40028,0.4191475
8208.0,0.25749,0.42714,0.42834,0.42241,0.40084,0.41968249999999996
8209.0,0.22502,0.42718,0.42867,0.42288,0.40116,0.41997249999999997
8210.0,0.2934,0.42706,0.42878,0.4231,0.40127,0.4200525
8211.0,0.35639,0.4268,0.42869,0.4231,0.40119,0.419945
8212.0,0.36592,0.42638,0.42841,0.42289,0.40093,0.4196525
8213.0,0.39211,0.42578,0.42795,0.4225,0.4005,0.4191825
8214.0,0.45128,0.42496,0.42729,0.42191,0.39989,0.4185125
8215.0,0.47714,0.42388,0.42644,0.42112,0.39907,0.4176275
8216.0,0.44788,0.42255,0.42537,0.42012,0.39804,0.41652
8217.0,0.32824,0.42094,0.42406,0.41891,0.39676,0.4151675
8218.0,0.17404,0.41907,0.42251,0.41748,0.39525,0.41357750000000004
8219.0,0.21247,0.4169,0.42071,0.41585,0.3935,0.41174
8220.0,0.36824,0.41445,0.41868,0.41405,0.39156,0.40968499999999997
8221.0,0.3939,0.41178,0.41649,0.41215,0.38946,0.40747
8222.0,0.3441,0.40903,0.4142,0.4102,0.38731,0.405185
8223.0,0.33782,0.40637,0.41194,0.40831,0.38519,0.4029525
8224.0,0.36079,0.404,0.40986,0.40658,0.38324,0.40092
8225.0,0.39291,0.40212,0.40809,0.40514,0.38161,0.39924
8226.0,0.40998,0.40091,0.40679,0.40411,0.38042,0.3980575
8227.0,0.39282,0.40049,0.40608,0.40359,0.3798,0.39749
8228.0,0.35041,0.40094,0.40607,0.40365,0.37982,0.39762000000000003
8229.0,0.29096,0.40225,0.40678,0.40431,0.38052,0.39846499999999996
8230.0,0.27655,0.40432,0.4082,0.40555,0.38188,0.3999875
8231.0,0.32321,0.40702,0.41023,0.40732,0.38382,0.4020975
8232.0,0.34763,0.41016,0.41274,0.40952,0.38621,0.40465749999999995
8233.0,0.33468,0.41354,0.41558,0.41202,0.38891,0.40751250000000006
8234.0,0.33128,0.41695,0.41856,0.41469,0.39175,0.4104875
8235.0,0.34113,0.4202,0.42151,0.41742,0.3946,0.4134325
8236.0,0.34305,0.42314,0.42432,0.42007,0.39731,0.41621
8237.0,0.33774,0.42571,0.42689,0.42256,0.39981,0.4187425
8238.0,0.33502,0.42792,0.42917,0.42481,0.40203,0.42098250000000004
8239.0,0.342,0.42978,0.43114,0.42678,0.40396,0.42291500000000004
8240.0,0.37252,0.43133,0.4328,0.42848,0.4056,0.4245525
8241.0,0.41155,0.43259,0.43418,0.42988,0.40696,0.4259025
8242.0,0.43584,0.43359,0.43529,0.43099,0.40805,0.42697999999999997
8243.0,0.42961,0.43435,0.43615,0.43182,0.40888,0.42779999999999996
8244.0,0.37727,0.43487,0.43674,0.43237,0.40945,0.42835749999999995
8245.0,0.32889,0.43512,0.43705,0.43264,0.40976,0.42864250000000004
8246.0,0.31909,0.43504,0.43707,0.43264,0.4098,0.42863749999999995
8247.0,0.34029,0.43464,0.43678,0.43238,0.40957,0.4283425
8248.0,0.38608,0.43394,0.43622,0.43188,0.40908,0.42778000000000005
8249.0,0.41339,0.433,0.43541,0.43121,0.40838,0.427
8250.0,0.40724,0.43189,0.43443,0.43042,0.40753,0.4260675
8251.0,0.3673,0.43074,0.43339,0.4296,0.40663,0.42509
8252.0,0.31174,0.42968,0.43239,0.42884,0.40577,0.42417
8253.0,0.35034,0.42888,0.43155,0.42822,0.40506,0.4234275
8254.0,0.45121,0.42841,0.43096,0.42781,0.40458,0.42294
8255.0,0.40778,0.42833,0.43071,0.42768,0.40439,0.42277750000000003
8256.0,0.27336,0.42863,0.4308,0.42783,0.40452,0.422945
8257.0,0.26811,0.42927,0.43123,0.42823,0.40494,0.42341750000000006
8258.0,0.34906,0.43017,0.43194,0.42884,0.4056,0.4241375
8259.0,0.3978,0.43123,0.43283,0.42959,0.40642,0.4250175
8260.0,0.40819,0.43231,0.43379,0.43038,0.4073,0.425945
8261.0,0.37662,0.43327,0.43468,0.43111,0.40811,0.42679249999999996
8262.0,0.34302,0.43397,0.4354,0.43167,0.40874,0.42744499999999996
8263.0,0.34796,0.43433,0.43583,0.43198,0.40911,0.42781250000000004
8264.0,0.34748,0.43424,0.43589,0.43198,0.40914,0.42781250000000004
8265.0,0.31217,0.43364,0.43553,0.43162,0.40879,0.427395
8266.0,0.30172,0.43252,0.43472,0.43088,0.40803,0.4265375
8267.0,0.34238,0.43092,0.4335,0.4298,0.4069,0.42528
8268.0,0.36896,0.42896,0.43192,0.42842,0.40544,0.42368500000000003
8269.0,0.36131,0.42676,0.43008,0.42682,0.40375,0.4218525
8270.0,0.35403,0.42449,0.42808,0.4251,0.40191,0.419895
8271.0,0.35529,0.42229,0.42605,0.42336,0.40005,0.4179375
8272.0,0.35985,0.42031,0.42411,0.42169,0.39829,0.41609999999999997
8273.0,0.36325,0.41863,0.42238,0.42016,0.3967,0.4144675
8274.0,0.3496,0.41731,0.42093,0.41884,0.39537,0.41311250000000005
8275.0,0.32761,0.41636,0.41978,0.41774,0.39432,0.41205
8276.0,0.33173,0.41576,0.41895,0.41688,0.39355,0.411285
8277.0,0.35065,0.41544,0.41839,0.41622,0.39302,0.41076749999999995
8278.0,0.35178,0.41533,0.41802,0.41571,0.39267,0.41043250000000003
8279.0,0.34365,0.41531,0.41775,0.41531,0.39243,0.4102
8280.0,0.34305,0.41527,0.41751,0.41497,0.39223,0.409995
8281.0,0.34287,0.41513,0.41725,0.41462,0.39201,0.40975249999999996
8282.0,0.33426,0.41486,0.4169,0.41422,0.39172,0.40942500000000004
8283.0,0.33045,0.41446,0.41646,0.41377,0.39135,0.40901
8284.0,0.34263,0.41397,0.41593,0.41326,0.39091,0.4085175
8285.0,0.37176,0.41342,0.41533,0.41271,0.39041,0.4079675
8286.0,0.41588,0.41286,0.41471,0.41215,0.38989,0.40740250000000006
8287.0,0.41032,0.41232,0.41412,0.41162,0.38939,0.4068625
8288.0,0.33602,0.41187,0.4136,0.41116,0.38894,0.40639250000000005
8289.0,0.32317,0.41154,0.41319,0.41078,0.38858,0.40602249999999995
8290.0,0.39689,0.41135,0.41289,0.41049,0.38832,0.40576249999999997
8291.0,0.41152,0.41129,0.4127,0.41027,0.38816,0.405605
8292.0,0.35116,0.41131,0.41261,0.41012,0.38808,0.40553
8293.0,0.32206,0.4114,0.41258,0.40999,0.38805,0.405505
8294.0,0.33529,0.41149,0.41256,0.40987,0.38803,0.4054875
8295.0,0.36391,0.41154,0.4125,0.40973,0.38797,0.405435
8296.0,0.38719,0.41146,0.41235,0.4095,0.38784,0.40528749999999997
8297.0,0.3509,0.41122,0.41207,0.40917,0.3876,0.40501499999999996
8298.0,0.29518,0.4108,0.41164,0.40872,0.38725,0.4046025
8299.0,0.31905,0.41023,0.41108,0.40818,0.38677,0.404065
8300.0,0.3747,0.40958,0.41041,0.40757,0.38621,0.4034425
8301.0,0.3766,0.4089,0.40969,0.40696,0.38561,0.40279
8302.0,0.34929,0.40829,0.40899,0.40638,0.38502,0.40216999999999997
8303.0,0.32389,0.40779,0.40838,0.40591,0.38452,0.40165
8304.0,0.30682,0.40747,0.40794,0.40558,0.38416,0.4012875
8305.0,0.30342,0.40737,0.40772,0.40544,0.38399,0.40113000000000004
8306.0,0.30512,0.40753,0.40774,0.40549,0.38402,0.40119499999999997
8307.0,0.30651,0.40791,0.40799,0.40574,0.38426,0.401475
8308.0,0.30412,0.40845,0.40844,0.40615,0.38467,0.40192750000000005
8309.0,0.29803,0.40908,0.40902,0.40668,0.3852,0.402495
8310.0,0.31402,0.40972,0.40966,0.40727,0.38578,0.4031075
8311.0,0.35439,0.41029,0.41027,0.40784,0.38635,0.4036875
8312.0,0.35555,0.41071,0.41077,0.40834,0.38683,0.4041625
8313.0,0.31169,0.41091,0.41111,0.4087,0.38717,0.4044725
8314.0,0.29056,0.41089,0.41125,0.40888,0.38734,0.40459
8315.0,0.29985,0.41065,0.41117,0.40887,0.38732,0.4045025
8316.0,0.3171,0.41026,0.41088,0.40867,0.38712,0.4042325
8317.0,0.33591,0.40977,0.41043,0.40832,0.38678,0.403825
8318.0,0.34413,0.40921,0.40985,0.40783,0.38631,0.4033
8319.0,0.34466,0.4086,0.40919,0.40725,0.38577,0.40270249999999996
8320.0,0.34778,0.40796,0.40848,0.40659,0.38518,0.40205250000000003
8321.0,0.36326,0.40733,0.40777,0.40592,0.38458,0.4014
8322.0,0.40915,0.40675,0.40707,0.40524,0.38398,0.40076
8323.0,0.44261,0.40623,0.4064,0.40459,0.38341,0.4001575
8324.0,0.40055,0.40571,0.40577,0.40398,0.38287,0.3995825
8325.0,0.34399,0.4052,0.40518,0.40343,0.38237,0.399045
8326.0,0.33847,0.40471,0.40465,0.40294,0.3819,0.39855000000000007
8327.0,0.34773,0.40427,0.40418,0.40255,0.3815,0.398125
8328.0,0.34368,0.4039,0.4038,0.40225,0.38116,0.3977775
8329.0,0.32747,0.40362,0.40351,0.40205,0.3809,0.39752
8330.0,0.30082,0.40345,0.40334,0.40196,0.38075,0.3973749999999999
8331.0,0.29009,0.40341,0.40331,0.40198,0.38072,0.39735499999999996
8332.0,0.30569,0.40351,0.40342,0.40215,0.38083,0.3974775
8333.0,0.33187,0.40379,0.40368,0.40246,0.38107,0.39775
8334.0,0.3596,0.40426,0.40408,0.40288,0.38144,0.398165
8335.0,0.35241,0.40488,0.40461,0.4034,0.38193,0.398705
8336.0,0.30955,0.40559,0.40522,0.40397,0.38252,0.399325
8337.0,0.28578,0.40636,0.4059,0.4046,0.38317,0.4000075
8338.0,0.28546,0.40715,0.4066,0.40526,0.38384,0.40071249999999997
8339.0,0.28113,0.4079,0.40729,0.40592,0.38451,0.401405
8340.0,0.27235,0.40857,0.40793,0.40654,0.38514,0.40204500000000004
8341.0,0.27058,0.40916,0.4085,0.4071,0.38571,0.4026175
8342.0,0.2813,0.40965,0.40899,0.40761,0.38622,0.4031175
8343.0,0.3166,0.41007,0.40942,0.40807,0.38666,0.403555
8344.0,0.35483,0.41046,0.4098,0.4085,0.38706,0.40395499999999995
8345.0,0.34903,0.41084,0.41016,0.40892,0.38743,0.40433749999999996
8346.0,0.32301,0.41123,0.41051,0.40932,0.3878,0.40471499999999994
8347.0,0.31722,0.41162,0.41087,0.40972,0.38817,0.405095
8348.0,0.314,0.41204,0.41126,0.41011,0.38856,0.40549250000000003
8349.0,0.29142,0.41248,0.41166,0.41051,0.38896,0.4059025
8350.0,0.27817,0.41291,0.41205,0.41088,0.38935,0.4062975
8351.0,0.29964,0.4133,0.41242,0.41122,0.38972,0.406665
8352.0,0.33213,0.41362,0.41273,0.4115,0.39003,0.40696999999999994
8353.0,0.35907,0.41385,0.41295,0.4117,0.39027,0.40719249999999996
8354.0,0.35582,0.41395,0.41306,0.41183,0.39042,0.407315
8355.0,0.31329,0.41392,0.41305,0.41186,0.39045,0.40732
8356.0,0.30372,0.41377,0.41292,0.41179,0.39038,0.407215
8357.0,0.35181,0.41347,0.41269,0.41163,0.39022,0.4070025
8358.0,0.408,0.41311,0.41237,0.4114,0.38998,0.406715
8359.0,0.45233,0.41273,0.41202,0.41115,0.38971,0.4064025
8360.0,0.44216,0.41238,0.41166,0.41091,0.38944,0.4060975
8361.0,0.37708,0.41211,0.41134,0.4107,0.38919,0.405835
8362.0,0.31752,0.41191,0.41109,0.41053,0.38899,0.40563
8363.0,0.27614,0.41178,0.41092,0.41041,0.38885,0.40548999999999996
8364.0,0.26261,0.4117,0.41081,0.41031,0.38876,0.405395
8365.0,0.27185,0.41164,0.41075,0.41022,0.38869,0.405325
8366.0,0.28088,0.41156,0.41068,0.4101,0.38862,0.40524
8367.0,0.28933,0.41139,0.41055,0.40991,0.38848,0.4050825
8368.0,0.302,0.4111,0.4103,0.40961,0.38825,0.404815
8369.0,0.31428,0.41064,0.40991,0.40919,0.38789,0.40440750000000003
8370.0,0.31547,0.40999,0.40934,0.40862,0.38737,0.40382999999999997
8371.0,0.3213,0.40917,0.40858,0.40786,0.38668,0.40307250000000006
8372.0,0.35918,0.40824,0.40763,0.40693,0.38583,0.40215749999999995
8373.0,0.39993,0.4072,0.40653,0.40581,0.38483,0.4010925
8374.0,0.40459,0.40605,0.40529,0.40456,0.38371,0.3999025
8375.0,0.37937,0.4048,0.40394,0.40318,0.3825,0.39860500000000004
8376.0,0.33079,0.40347,0.40251,0.40173,0.38121,0.39722999999999997
8377.0,0.28606,0.40212,0.40103,0.40025,0.37989,0.3958225
8378.0,0.26563,0.40077,0.39953,0.39877,0.37854,0.3944025
8379.0,0.25756,0.39941,0.39805,0.39736,0.37722,0.39300999999999997
8380.0,0.25502,0.39808,0.39663,0.39606,0.37596,0.39168250000000004
8381.0,0.26533,0.39683,0.39535,0.39493,0.37482,0.3904825
8382.0,0.29128,0.39577,0.39426,0.39404,0.37386,0.3894825
8383.0,0.32233,0.39501,0.39344,0.39345,0.37314,0.38876
8384.0,0.35275,0.39461,0.39296,0.39318,0.37273,0.38837
8385.0,0.36028,0.39462,0.39286,0.39323,0.37264,0.3883375
8386.0,0.34049,0.39505,0.39318,0.39361,0.37293,0.3886925
8387.0,0.30971,0.39587,0.39388,0.39434,0.37357,0.38941499999999996
8388.0,0.2769,0.39702,0.39493,0.39539,0.37452,0.39046499999999995
8389.0,0.27481,0.3984,0.39624,0.39667,0.37571,0.391755
8390.0,0.30919,0.39991,0.39772,0.39807,0.37705,0.3931875
8391.0,0.38064,0.40145,0.39925,0.39952,0.37847,0.3946725
8392.0,0.46518,0.40292,0.40076,0.40096,0.37987,0.39612749999999997
8393.0,0.47359,0.40423,0.40216,0.40237,0.3812,0.39748999999999995
8394.0,0.41782,0.40536,0.40342,0.40369,0.3824,0.39871750000000006
8395.0,0.35766,0.40631,0.40451,0.40487,0.38345,0.399785
8396.0,0.31317,0.40711,0.40544,0.4059,0.38435,0.4007
8397.0,0.32222,0.40779,0.40625,0.40679,0.38513,0.40148999999999996
8398.0,0.36215,0.40838,0.40695,0.40755,0.3858,0.40216999999999997
8399.0,0.38787,0.4089,0.40756,0.40819,0.38638,0.4027575
8400.0,0.38116,0.40935,0.40808,0.40872,0.38689,0.40326
8401.0,0.31661,0.40973,0.40853,0.40915,0.38732,0.40368249999999994
8402.0,0.27101,0.41001,0.40887,0.40949,0.38765,0.404005
8403.0,0.3335,0.41018,0.40908,0.40972,0.38787,0.4042125
8404.0,0.38794,0.4102,0.40916,0.40981,0.38797,0.404285
8405.0,0.33077,0.41006,0.40908,0.40976,0.38793,0.40420749999999994
8406.0,0.27641,0.40978,0.40886,0.40957,0.38777,0.403995
8407.0,0.30414,0.40939,0.4085,0.40928,0.38748,0.40366250000000004
8408.0,0.33944,0.40893,0.40805,0.4089,0.38711,0.40324750000000004
8409.0,0.34122,0.40843,0.40754,0.40846,0.38667,0.40277500000000005
8410.0,0.33258,0.40795,0.40701,0.40798,0.38621,0.40228749999999996
8411.0,0.32606,0.40749,0.40649,0.40749,0.38575,0.401805
8412.0,0.35839,0.40709,0.40601,0.40699,0.38531,0.40135
8413.0,0.43265,0.40674,0.40556,0.4065,0.3849,0.400925
8414.0,0.42477,0.40642,0.40513,0.406,0.3845,0.40051250000000005
8415.0,0.31875,0.40609,0.40471,0.40548,0.3841,0.400095
8416.0,0.29405,0.40573,0.40426,0.40494,0.3837,0.3996575
8417.0,0.37033,0.40531,0.40377,0.40441,0.38326,0.3991875
8418.0,0.39746,0.4048,0.40323,0.40389,0.38278,0.398675
8419.0,0.35835,0.40425,0.40264,0.40334,0.38226,0.3981225
8420.0,0.3098,0.40368,0.40202,0.40277,0.38171,0.397545
8421.0,0.26659,0.40313,0.4014,0.4022,0.38115,0.39696999999999993
8422.0,0.25619,0.40261,0.4008,0.40162,0.3806,0.39640749999999997
8423.0,0.27472,0.40213,0.40023,0.40103,0.38007,0.395865
8424.0,0.29889,0.40166,0.39968,0.40041,0.37954,0.39532249999999997
8425.0,0.31339,0.40115,0.39911,0.39973,0.37898,0.3947425
8426.0,0.28152,0.40051,0.39849,0.399,0.37835,0.3940875
8427.0,0.24129,0.39968,0.39773,0.39816,0.3776,0.3932925
8428.0,0.2821,0.39862,0.3968,0.39718,0.37671,0.39232750000000005
8429.0,0.35602,0.39733,0.39566,0.39608,0.37564,0.3911775
8430.0,0.36982,0.39584,0.39433,0.39486,0.37441,0.38986
8431.0,0.33988,0.3942,0.39285,0.39359,0.37306,0.38842499999999996
8432.0,0.29337,0.39254,0.39131,0.39233,0.37165,0.3869575
8433.0,0.25419,0.39097,0.38982,0.39112,0.37028,0.3855475
8434.0,0.25059,0.38964,0.38849,0.39002,0.36905,0.3843
8435.0,0.27877,0.38862,0.38743,0.38911,0.36803,0.3832975
8436.0,0.33483,0.38797,0.38669,0.38845,0.36729,0.38259999999999994
8437.0,0.37016,0.38768,0.3863,0.38805,0.36687,0.38222500000000004
8438.0,0.34803,0.3877,0.38623,0.38791,0.36676,0.38215
8439.0,0.30442,0.38798,0.38644,0.38805,0.3669,0.3823425
8440.0,0.2627,0.38844,0.38685,0.38842,0.36723,0.382735
8441.0,0.26068,0.38899,0.38737,0.38893,0.36768,0.3832425
8442.0,0.31649,0.38957,0.38795,0.38947,0.36818,0.3837925
8443.0,0.40246,0.39013,0.38851,0.39002,0.36868,0.384335
8444.0,0.50351,0.39065,0.38903,0.39052,0.36915,0.38483749999999994
8445.0,0.56476,0.3911,0.38949,0.39097,0.36957,0.38528249999999997
8446.0,0.56651,0.39149,0.38988,0.39134,0.36994,0.38566249999999996
8447.0,0.50188,0.39181,0.39019,0.39164,0.37024,0.38597000000000004
8448.0,0.38113,0.39207,0.39044,0.39187,0.37048,0.386215
8449.0,0.31333,0.39227,0.39064,0.39206,0.37068,0.38641250000000005
8450.0,0.31523,0.39241,0.39077,0.39222,0.37083,0.3865575
8451.0,0.32327,0.3925,0.39087,0.39235,0.37094,0.38666500000000004
8452.0,0.32648,0.39256,0.39091,0.39243,0.37099,0.38672249999999997
8453.0,0.33225,0.39257,0.39091,0.39245,0.371,0.3867325
8454.0,0.33967,0.39254,0.39087,0.39239,0.37097,0.3866925
8455.0,0.33931,0.39244,0.39075,0.39226,0.37087,0.38658000000000003
8456.0,0.33033,0.39225,0.39056,0.39203,0.37069,0.3863825
8457.0,0.31414,0.39194,0.39025,0.39167,0.37041,0.3860675
8458.0,0.2926,0.39148,0.38982,0.39119,0.37003,0.38563000000000003
8459.0,0.27114,0.39085,0.38924,0.3906,0.36952,0.3850525
8460.0,0.2501,0.39004,0.38851,0.38993,0.36889,0.38434250000000003
8461.0,0.22943,0.38911,0.38767,0.3892,0.36815,0.3835325
8462.0,0.22472,0.3881,0.38675,0.38846,0.36735,0.38266500000000003
8463.0,0.27036,0.38712,0.38584,0.38775,0.36655,0.381815
8464.0,0.34525,0.38624,0.385,0.38715,0.36582,0.3810525
8465.0,0.4081,0.38558,0.38434,0.38672,0.36524,0.38047
8466.0,0.44818,0.38521,0.38393,0.38648,0.36487,0.3801225
8467.0,0.4503,0.38519,0.38383,0.38649,0.36478,0.38007250000000004
8468.0,0.42367,0.38552,0.38405,0.38676,0.36497,0.380325
8469.0,0.38039,0.38617,0.38457,0.38729,0.36544,0.3808675
8470.0,0.33826,0.38706,0.38536,0.38802,0.36615,0.3816475
8471.0,0.31623,0.38811,0.38632,0.3889,0.36703,0.38259
8472.0,0.31691,0.38922,0.38737,0.38988,0.36801,0.38361999999999996
8473.0,0.34235,0.39028,0.38843,0.3909,0.369,0.3846525
8474.0,0.35138,0.39124,0.38942,0.39188,0.36994,0.38561999999999996
8475.0,0.31462,0.39204,0.39029,0.39276,0.37078,0.38646749999999996
8476.0,0.28297,0.39269,0.39102,0.39351,0.37149,0.38717749999999995
8477.0,0.2872,0.39319,0.39159,0.39412,0.37206,0.38774000000000003
8478.0,0.30844,0.39356,0.39203,0.39459,0.37249,0.3881675
8479.0,0.33637,0.39383,0.39234,0.39491,0.37282,0.388475
8480.0,0.35715,0.39402,0.39254,0.39508,0.37303,0.38866749999999994
8481.0,0.36479,0.39414,0.39263,0.3951,0.37312,0.3887475
8482.0,0.36123,0.39415,0.39259,0.39493,0.37307,0.388685
8483.0,0.34786,0.394,0.39236,0.39451,0.37284,0.38842750000000004
8484.0,0.33404,0.3936,0.39186,0.39378,0.37236,0.3879
8485.0,0.32304,0.39283,0.391,0.39266,0.37155,0.38701
8486.0,0.31794,0.39157,0.38969,0.39106,0.37031,0.3856575
8487.0,0.31798,0.3897,0.38783,0.38892,0.36857,0.383755
8488.0,0.30929,0.38712,0.38537,0.38623,0.36629,0.3812525
8489.0,0.28991,0.3838,0.38229,0.38306,0.36346,0.3781525
8490.0,0.26857,0.37985,0.37867,0.37956,0.36014,0.37455499999999997
8491.0,0.24924,0.37547,0.37462,0.37585,0.35646,0.3706
8492.0,0.24521,0.37091,0.37039,0.37212,0.3526,0.366505
8493.0,0.25741,0.36648,0.36623,0.36861,0.34881,0.3625325
8494.0,0.27983,0.36255,0.36247,0.36553,0.34537,0.35897999999999997
8495.0,0.30252,0.35944,0.35941,0.36309,0.34254,0.35612
8496.0,0.28711,0.35746,0.3573,0.3615,0.34054,0.3542
8497.0,0.25372,0.35678,0.35632,0.36084,0.33954,0.35337
8498.0,0.28943,0.35741,0.35653,0.36114,0.3396,0.35367000000000004
8499.0,0.3851,0.35926,0.35787,0.36233,0.34071,0.35504250000000004
8500.0,0.48855,0.36208,0.36015,0.36428,0.34274,0.35731250000000003
