galaxy,bibcode,citation,band,modulus,random_error,probe_quality,publication_year,review_year,comments,review_author,ads_date,ads_jd
IC0010,2000ApJ...529..745F,Ferrarese et al.2000,W(VI),24.1,0.19,1,2000,2024,There are no specific comments on the publication.,Valencia et al.2024,2000-02-00,2451575.5
M33,2000ApJ...529..745F,Ferrarese et al.2000,VI,24.64,0.09,1,2000,2024,They calculate gamma.,Valencia et al.2024,2000-02-00,2451575.5
M33,2001ApJ...548..564W,Willick & Batra 2001,W(VI),24.47,0.13,1,2001,2024,They do not apply correction for metallicity.,Valencia et al.2024,2001-02-00,2451941.5
M33,2001ApJ...553...47F,Freedman et al.2001,W(VI),24.56,0.1,1,2001,2024,There are no specific comments on the publication.,Valencia et al.2024,2001-05-00,2452030.5
M33,2001ApJ...553...47F,Freedman et al.2001,W(VI),24.62,0.1,1,2001,2024,Correction for metallicity and same uncertainty as without correction. The systematic errors are only when analyzing H0.,Valencia et al.2024,2001-05-00,2452030.5
M33,2002A&A...383..398P,Paturel et al. 2002,W(VI),24.83,0.12,3,2002,2026,"Ground-based VI sample; not flagged as secure. A +/-0.5 mag Vlim change shifts mu by -0.38/-0.23 mag. Table 6 lists 22 sosie matches, not a verified count of unique Cepheids.",Quintero-Salazar et al.2026,2002-02-00,2452306.5
M33,2002ApJ...565..959L,Lee et al.2002,W(VI),24.52,0.14,1,2002,2024,They use data from Paturel et al. 2002 but with HIPPARCOS calibration.,Valencia et al.2024,2002-02-00,2452306.5
M33,2002A&A...389...19P,"Paturel, G. et al.2002",W(VI),24.7,0.13,1,2002,2024,They do not apply correction for metallicity.,Valencia et al.2024,2002-07-00,2452456.5
M33,2004ApJ...608...42S,Sakai et al.2004,BVRI,24.47,0.11,1,2004,2024,They apply the metallicity correction from Freedman et al. 2001.,Valencia et al.2024,2004-06-00,2453157.5
M33,2006ApJS..165..108S,Saha et al.2006,W(VI),24.64,0.06,1,2006,2024,They calculate gamma from TRGB.,Valencia et al.2024,2006-07-00,2453917.5
M33,2009MNRAS.396.1287S,Sowcroft et al.2009,W(BVI_C),24.37,0.02,3,2009,2024,They delve into the HST CTE correction.,Valencia et al.2024,2009-07-00,2455013.5
M33,2009MNRAS.396.1287S,Sowcroft et al.2009,W(BVI_C),24.54,0.03,3,2009,2024,Internal region of the galaxy.,Valencia et al.2024,2009-07-00,2455013.5
M33,2010ApJ...715..277B,Bono et al. 2010,W(BV),24.39,0.3,3,2010,2026,"LMC-relative modulus for the metal-rich inner field. WBV metallicity sensitivity is discussed, but no correction was applied to this value.",Quintero-Salazar et al.2026,2010-05-00,2455317.5
M33,2010ApJ...715..277B,Bono et al. 2010,W(VI),24.41,0.27,3,2010,2026,"Absolute homogeneous modulus for the inner field from Table 15. The large inner-outer difference may reflect metallicity, blending, or field-dependent systematics.",Quintero-Salazar et al.2026,2010-05-00,2455317.5
M33,2010ApJ...715..277B,Bono et al. 2010,W(VI),24.65,0.19,3,2010,2026,"LMC-relative modulus for the outer field. Adding the adopted LMC zero point gives 24.65 mag, also listed in Table 15.",Quintero-Salazar et al.2026,2010-05-00,2455317.5
M33,2010ApJ...715..277B,Bono et al. 2010,W(BV),24.67,0.31,3,2010,2026,LMC-relative modulus for the outer field. WBV is strongly metallicity-sensitive in this paper; no correction was applied to the listed value.,Quintero-Salazar et al.2026,2010-05-00,2455317.5
M33,2011ApJS..193...26P,Pellerin & Macri 2011,W(VI),24.76,0.02,3,2011,2024,Photometry of all galaxies and all Cepheids.,Valencia et al.2024,2011-04-00,2455652.5
M33,2011ApJS..193...26P,Pellerin & Macri 2011,W(VI),24.77,0.04,3,2011,2024,External region of the galaxy.,Valencia et al.2024,2011-04-00,2455652.5
M33,2013ApJ...773...69G,Gieren et al.2013,JK,24.62,0.03,2,2013,2024,There are no specific comments on the publication.,Valencia et al.2024,2013-08-00,2456505.5
M33,2023ApJ...951..118B,Breuval et al.2023,gri,24.622,0.0094,1,2023,2024,"They apply a filter to Cepheids and add the effect of blending to e_S. Publication with more recent and accurate data for all systematic effects, e_R considers photometric error and RPL of M33, e_S considers correction for galaxy geometry, RPL of LMC, correction for metallicity, correction for CRNL (count-rate nonlinearity) for bright stars near the WFC3-IR instrument.Numero de cefeidas similar a 150.",Valencia et al.2024,2023-07-00,2460126.5
M81,2000ApJ...529..745F,Ferrarese et al.2000,W(VI),27.8,0.08,1,2000,2024,They calculate gamma.,Valencia et al.2024,2000-02-00,2451575.5
M81,2001ApJ...548..564W,Willick & Batra 2001,W(VI),27.66,0.09,1,2001,2024,They do not apply metallicity correction.,Valencia et al.2024,2001-02-00,2451941.5
M81,2001ApJ...553...47F,Freedman et al.2001,W(VI),27.75,0.08,1,2001,2024,No specific comments on the publication.,Valencia et al.2024,2001-05-00,2452030.5
M81,2001ApJ...553...47F,Freedman et al.2001,W(VI),27.8,0.08,1,2001,2024,They apply metallicity correction.,Valencia et al.2024,2001-05-00,2452030.5
M81,2002A&A...383..398P,Paturel et al. 2002,W(VI),27.75,0.1,1,2002,2026,"Preferred near-solar-metallicity solution. Table 6 gives 92 sosie matches, not a verified unique-Cepheid count. The quoted uncertainty is internal; total errors may approach 0.3 mag.",Quintero-Salazar et al.2026,2002-02-00,2452306.5
M81,2002A&A...389...19P,"Paturel, G. et al.2002",W(VI),27.66,0.08,1,2002,2024,They use data from Paurel et al. 2002 but with HIPPARCOS calibration.,Valencia et al.2024,2002-07-00,2452456.5
M81,2003A&A...411..361K,"Kanbur, S. M. et al.2003",W(VI),27.791,0.093,1,2003,2026,Representative mean-light result using the authors' OGLE LMC PL fit. No CTE or metallicity correction was applied; the error is random only.,Quintero-Salazar et al.2026,2003-12-00,2452974.5
M81,2003A&A...411..361K,"Kanbur, S. M. et al.2003",W(VI),27.793,0.094,1,2003,2026,Maximum-light OGLE LMC PL solution used as a consistency check. No CTE or metallicity correction was required.,Quintero-Salazar et al.2026,2003-12-00,2452974.5
M81,2003A&A...411..361K,"Kanbur, S. M. et al.2003",W(VI),27.83,0.095,1,2003,2026,FSG03 Galactic solution with a -0.024 mag metallicity correction relative to Galactic abundance.,Quintero-Salazar et al.2026,2003-12-00,2452974.5
M81,2003A&A...411..361K,"Kanbur, S. M. et al.2003",W(VI),27.841,0.093,1,2003,2026,LMC mean-light solution with a +0.050 mag metallicity correction. The additive correction leaves the random error unchanged.,Quintero-Salazar et al.2026,2003-12-00,2452974.5
M81,2003A&A...411..361K,"Kanbur, S. M. et al.2003",W(VI),27.854,0.095,1,2003,2026,Representative mean-light result using the FSG03 Galactic PL relations. No CTE or metallicity correction was applied.,Quintero-Salazar et al.2026,2003-12-00,2452974.5
M81,2004ApJ...608...42S,Sakai et al.2004,BVRI,27.75,0.08,1,2004,2024,Calculate gamma from TRGB.,Valencia et al.2024,2004-06-00,2453157.5
M81,2006ApJS..165..108S,Saha et al.2006,VI,27.8,0.09,1,2006,2024,They delve into the HST CTE correction.,Valencia et al.2024,2006-07-00,2453917.5
M81,2009AJ....137.4707M,McCommas et al.2009,W(VI),27.78,0.05,1,2009,2024,"Final value of the publication, they remove an outlier.",Valencia et al.2024,2009-06-00,2454983.5
M81,2011ApJ...743..176G,Gerke et al.2011,W(VI),27.74,0.05,1,2011,2024,OGLE-II + N4258 LMC RPL with fixed metallicity gradient value.,Valencia et al.2024,2011-12-00,2455896.5
M81,2011ApJ...743..176G,Gerke et al.2011,W(VI),27.8,0.14,1,2011,2024,OGLE-II LMC RPL with fixed metallicity gradient value.,Valencia et al.2024,2011-12-00,2455896.5
M81,2011ApJ...743..176G,Gerke et al.2011,W(VI),27.8,0.16,1,2011,2024,"OGLE-II+N4258 LMC RPL with [O/H] function, sigma_rand = +0.11,-0.16.",Valencia et al.2024,2011-12-00,2455896.5
M81,2011ApJ...743..176G,Gerke et al.2011,W(VI),27.81,0.15,1,2011,2024,"OGLE-II LMC RPL, using [O/H] function",Valencia et al.2024,2011-12-00,2455896.5
M101,2000ApJ...529..745F,Ferrarese et al.2000,W(VI),29.34,0.1,1,2000,2024,They calculate gamma.,Valencia et al.2024,2000-02-00,2451575.5
M101,2001ApJ...548..564W,Willick & Batra 2001,W(VI),29.2,0.08,1,2001,2024,No metallicity correction applied.,Valencia et al.2024,2001-02-00,2451941.5
M101,2001ApJ...553...47F,Freedman et al.2001,W(VI),29.13,0.11,1,2001,2024,There are no specific comments on the publication.,Valencia et al.2024,2001-05-00,2452030.5
M101,2001ApJ...553...47F,Freedman et al.2001,W(VI),29.13,0.11,1,2001,2024,"Metallicity correction applied, systematic errors only analyzed in H0.",Valencia et al.2024,2001-05-00,2452030.5
M101,2002A&A...383..398P,Paturel et al. 2002,W(VI),29.3,0.07,1,2002,2026,"Preferred near-solar-metallicity solution, with modest Vlim sensitivity (+0.10/-0.01 mag). Table 6 lists 102 sosie matches rather than a verified number of distinct Cepheids.",Quintero-Salazar et al.2026,2002-02-00,2452306.5
M101,2002A&A...389...19P,"Paturel, G. et al.2002",W(VI),29.23,0.07,1,2002,2024,Use data from Paturel et al. 2002 but with HIPPARCOS calibration.,Valencia et al.2024,2002-07-00,2452456.5
M101,2004ApJ...608...42S,Sakai et al.2004,BVRI,29.14,0.09,1,2004,2024,"They calculate gamma from TRGB, outer and inner regions of the galaxy, respectively.",Valencia et al.2024,2004-06-00,2453157.5
M101,2004ApJ...608...42S,Sakai et al.2004,BVRI,29.24,0.08,1,2004,2024,"They calculate gamma from TRGB, outer and inner regions of the galaxy, respectively.",Valencia et al.2024,2004-06-00,2453157.5
M101,2006ApJS..165..108S,Saha et al. 2006,W(VI),29.18,0.08,1,2006,2026,"M101 outer, metal-poor field. The uncorrected GC/LMC solutions are 29.48/29.27 mag; metallicity correction lowers the final modulus.",Valencia et al.2024,2006-07-00,2453917.5
M101,2006ApJS..165..108S,Saha et al.2006,W(VI),29.16,0.04,1,2006,2024,"They delve into the HST CTE correction, inner region of the galaxy.",Valencia et al.2024,2006-07-00,2453917.5
M101,2011ApJ...733..124S,Shappee & Stanek 2011,W(VI),29.04,0.05,1,2011,2024,External region of the galaxy.,Valencia et al.2024,2011-06-00,2455713.5
M101,2013ApJ...777...79M,Mager et al.2013,W(VI),28.96,0.11,1,2015,2024,They use the [O/H] function with respect to its galactic radius.,Valencia et al.2024,2013-11-00,2456597.5
M101,2015MNRAS.449.1171N,Nataf et al. 2015,W(VI),29.1,0.011,1,2015,2026,Alternative relative solution using CCM89 and a fixed literature metallicity coefficient gamma=-0.23 mag dex^-1. The LMC absolute modulus is not added; the author regards the fixed-gamma analysis mainly as a comparison.,Quintero-Salazar et al.2026,2015-05-00,2457143.5
M101,2015MNRAS.449.1171N,Nataf et al. 2015,W(VI),29.14,0.031,1,2015,2026,Relative modulus to the LMC; its zero point is not added. CCM89 uses RI=1.4695 and gives gamma=-0.433+/-0.145 mag dex^-1. Three of 231 clean Cepheids were rejected by recursive 3-sigma clipping.,Quintero-Salazar et al.2026,2015-05-00,2457143.5
M101,2015MNRAS.449.1171N,Nataf et al. 2015,W(VI),29.14,0.011,1,2015,2026,Alternative LMC-relative solution with the F99 extinction curve and gamma=-0.23 mag dex^-1 fixed from the literature. The quoted uncertainty is random and no absolute LMC zero point is included.,Quintero-Salazar et al.2026,2015-05-00,2457143.5
M101,2015MNRAS.449.1171N,Nataf et al. 2015,W(VI),29.17,0.031,1,2015,2026,Relative modulus to the LMC with no absolute LMC zero point added. The F99 extinction curve uses RI=1.2899 and yields gamma=-0.406+/-0.144 mag dex^-1.,Quintero-Salazar et al.2026,2015-05-00,2457143.5
M101,2015MNRAS.449.1171N,Nataf et al. 2015,W(VI),29.17,0.011,1,2015,2026,Alternative FM07 result with gamma=-0.23 mag dex^-1 fixed. It is relative to the LMC without adding its absolute modulus. FM07 provides the smallest sensitivity to the adopted reddening cut.,Quintero-Salazar et al.2026,2015-05-00,2457143.5
M101,2015MNRAS.449.1171N,Nataf et al. 2015,W(VI),29.2,0.031,1,2015,2026,"Preferred relative modulus; no LMC zero point is added. FM07 uses RI=1.1450, gives gamma=-0.384+/-0.144 mag dex^-1, and is least sensitive to the reddening cut. Only random error is quoted.",Quintero-Salazar et al.2026,2015-05-00,2457143.5
M101,2016ApJ...826...56R,Riess et al.2016,VIHK,29.135,0.045,1,2016,2024,"The values do not appear in the article, they are online.",Valencia et al.2024,2016-07-00,2457570.5
M101,2022ApJ...934L...7R,Riess et al. 2022,W H(VI),29.178,0.036,1,2022,2026,Preferred SN-independent mu_host; no SN data from any host enter this distance. The systematic component is correlated across hosts. Error computed/retrieved from Table6.,Quintero-Salazar et al.2026,2022-07-00,2459761.5
M101,2022ApJ...934L...7R,Riess et al. 2022,W H(VI),29.194,0.034,1,2022,2026,Approximate mu_Ceph obtained after excluding only SN 2011fe. M101 Cepheids with P>35 days are excluded because of completeness bias. Error computed/retrieved from Table6.,Quintero-Salazar et al.2026,2022-07-00,2459761.5
MRK116,2007ApJ...667L.151A,Aloisi et al.2007,W(VI),31.38,0.17,1,2007,2024,"1 usual Cepheid, 2 with extrapolation for long periods.",Valencia et al.2024,2007-10-00,2454374.5
MRK116,2010ApJ...711..808F,Fiorentino et al. 2010,W(VI),31.2,0.3,1,2010,2026,Wesenheit solution for V6 using models overluminous by 0.25 dex at fixed mass. The two >100-day Cepheids were excluded because pulsation models do not reliably predict such periods at I Zw 18 metallicity.,Quintero-Salazar et al.2026,2010-03-00,2455256.5
MRK116,2010ApJ...711..808F,Fiorentino et al. 2010,W(VI),31.4,0.3,1,2010,2026,"Canonical theoretical Wesenheit solution based only on the 8.71-day Cepheid V6. Models use Z=0.0004 and Y=0.24, so metallicity is built into the calibration rather than applied as an empirical correction.",Quintero-Salazar et al.2026,2010-03-00,2455256.5
MRK116,2010ApJ...711..808F,Fiorentino et al. 2010,VI,31.4,0.2,1,2010,2026,"Independent nonlinear fit to the V and I light-curve morphology of V6. The quoted error includes internal fit dispersion and observational errors. This is a Cepheid pulsation-model distance, not a conventional multi-Cepheid PL regression.",Quintero-Salazar et al.2026,2010-03-00,2455256.5
MRK116,2010ApJ...713..615M,Marconi et al. 2010,W(VI),31.2,0.4,1,2010,2026,"Noncanonical Wesenheit solution for V6, adopting a luminosity 0.25 dex above the canonical mass-luminosity relation. The 125 and 130.3-day Cepheids are not used because models do not reliably reproduce their periods.",Quintero-Salazar et al.2026,2010-04-00,2455287.5
MRK116,2010ApJ...713..615M,Marconi et al. 2010,W(VI),31.4,0.4,1,2010,2026,Canonical theoretical Wesenheit distance based only on V6 (P=8.71 d). The calibration is computed directly at Z=0.0004 and Y=0.24; metallicity is therefore built into the models rather than applied as an empirical correction.,Quintero-Salazar et al.2026,2010-04-00,2455287.5
MRK116,2010ApJ...713..615M,Marconi et al. 2010,VI,31.4,0.2,1,2010,2026,Nonlinear pulsation-model fit to the V and I light curves of V6. The error includes observational uncertainty and intrinsic dispersion among acceptable models. This is not a conventional multi-Cepheid PL regression.,Quintero-Salazar et al.2026,2010-04-00,2455287.5
NGC0925,2000ApJ...529..745F,Ferrarese et al.2000,W(VI),29.84,0.08,1,2000,2024,They calculate gamma.,Valencia et al.2024,2000-02-00,2451575.5
NGC0925,2001ApJ...548..564W,Willick & Batra 2001,W(VI),29.78,0.05,1,2001,2024,No metallicity correction applied.,Valencia et al.2024,2001-02-00,2451941.5
NGC0925,2001ApJ...553...47F,Freedman et al.2001,W(VI),29.8,0.04,1,2001,2024,There are no specific comments on the publication.,Valencia et al.2024,2001-05-00,2452030.5
NGC0925,2001ApJ...553...47F,Freedman et al.2001,W(VI),29.81,0.04,1,2001,2024,There are no specific comments on the publication.,Valencia et al.2024,2001-05-00,2452030.5
NGC0925,2002A&A...383..398P,Paturel et al. 2002,W(VI),29.83,0.06,1,2002,2026,"Preferred near-solar-metallicity solution, with low Vlim sensitivity (+0.02/-0.08 mag). The reported 238 sosie matches do not establish the number of unique Cepheids.",Quintero-Salazar et al.2026,2002-02-00,2452306.5
NGC0925,2002A&A...389...19P,"Paturel, G. et al.2002",W(VI),29.77,0.07,1,2002,2024,Use data from Paturel et al. 2002 but with HIPPARCOS calibration.,Valencia et al.2024,2002-07-00,2452456.5
NGC0925,2003A&A...411..361K,"Kanbur, S. M. et al.2003",W(VI),29.699,0.059,1,2003,2026,Maximum-light LMC PL solution. CTE corrected and used as a consistency check; no metallicity correction.,Quintero-Salazar et al.2026,2003-12-00,2452974.5
NGC0925,2003A&A...411..361K,"Kanbur, S. M. et al.2003",W(VI),29.704,0.06,1,2003,2026,FSG03 Galactic solution with a -0.064 mag metallicity correction. Its uncertainty is not included in e_R.,Quintero-Salazar et al.2026,2003-12-00,2452974.5
NGC0925,2003A&A...411..361K,"Kanbur, S. M. et al.2003",W(VI),29.718,0.06,1,2003,2026,Representative mean-light result using the authors' OGLE LMC PL fit. CTE corrected but not metallicity corrected.,Quintero-Salazar et al.2026,2003-12-00,2452974.5
NGC0925,2003A&A...411..361K,"Kanbur, S. M. et al.2003",W(VI),29.728,0.06,1,2003,2026,LMC mean-light solution with a +0.010 mag metallicity correction; the random error is inherited from the uncorrected fit.,Quintero-Salazar et al.2026,2003-12-00,2452974.5
NGC0925,2003A&A...411..361K,"Kanbur, S. M. et al.2003",W(VI),29.768,0.06,1,2003,2026,Representative FSG03 Galactic mean-light solution. CTE corrected but not metallicity corrected; random error only.,Quintero-Salazar et al.2026,2003-12-00,2452974.5
NGC0925,2006ApJS..165..108S,Saha et al.2006,W(VI),29.84,0.04,1,2006,2024,They delve into the HST CTE correction.,Valencia et al.2024,2006-07-00,2453917.5
NGC2366,1995AJ....110.1640T,Tolstoy et al.1995,gri,27.68,0.2,3,1995,2024,Article added before 2000 given absence of any other data for Cepheids.,Valencia et al.2024,1995-10-00,2449991.5
NGC2403,2001ApJ...553...47F,Freedman et al.2001,W(VI),27.48,0.1,1,2001,2024,There are no specific comments on the publication.,Valencia et al.2024,2001-05-00,2452030.5
NGC2403,2001ApJ...553...47F,Freedman et al.2001,W(VI),27.54,0.1,1,2001,2024,Metallicity correction applied but error is the same as without correction.,Valencia et al.2024,2001-05-00,2452030.5
NGC2403,2006ApJS..165..108S,Saha et al.2006,W(VI),27.43,0.15,1,2006,2024,They delve into the HST CTE correction.,Valencia et al.2024,2006-07-00,2453917.5
NGC2541,2000ApJ...529..745F,Ferrarese et al.2000,W(VI),30.47,0.08,1,2000,2026,They calculate gamma.,Quintero-Salazar et al.2026,2000-02-00,2451575.5
NGC2541,2001ApJ...548..564W,Willick & Batra 2001,W(VI),30.32,0.08,1,2000,2024,No metallicity correction applied.,Valencia et al.2024,2001-02-00,2451941.5
NGC2541,2001ApJ...553...47F,Freedman et al.2001,W(VI),30.25,0.05,1,2001,2024,There are no specific comments on the publication.,Valencia et al.2024,2001-05-00,2452030.5
NGC2541,2001ApJ...553...47F,Freedman et al.2001,W(VI),30.25,0.05,1,2001,2024,There are no specific comments on the publication.,Valencia et al.2024,2001-05-00,2452030.5
NGC2541,2002A&A...383..398P,Paturel et al. 2002,W(VI),30.47,0.07,1,2002,2026,"Preferred near-solar-metallicity solution. Vlim variations change mu by only +0.03/-0.07 mag. Table 6 reports 88 sosie matches, not an unambiguous unique-Cepheid count.",Quintero-Salazar et al.2026,2002-02-00,2452306.5
NGC2541,2002A&A...389...19P,"Paturel, G. et al.2002",W(VI),30.33,0.06,1,2002,2024,"Data from Paturel et al. 2002 used, but calibrated with HIPPARCOS.",Valencia et al.2024,2002-07-00,2452456.5
NGC2541,2003A&A...411..361K,"Kanbur, S. M. et al.2003",W(VI),30.343,0.071,1,2003,2026,Maximum-light LMC PL solution. CTE corrected; it agrees closely with the mean-light LMC result.,Quintero-Salazar et al.2026,2003-12-00,2452974.5
NGC2541,2003A&A...411..361K,"Kanbur, S. M. et al.2003",W(VI),30.348,0.071,1,2003,2026,Representative mean-light OGLE LMC solution. CTE corrected; the field metallicity equals the adopted LMC reference.,Quintero-Salazar et al.2026,2003-12-00,2452974.5
NGC2541,2003A&A...411..361K,"Kanbur, S. M. et al.2003",W(VI),30.348,0.071,1,2003,2026,Metallicity-corrected LMC solution. The correction is exactly 0.000 mag because the adopted abundance equals the LMC reference.,Quintero-Salazar et al.2026,2003-12-00,2452974.5
NGC2541,2003A&A...411..361K,"Kanbur, S. M. et al.2003",W(VI),30.356,0.072,1,2003,2026,FSG03 Galactic solution with a -0.074 mag metallicity correction relative to Galactic abundance.,Quintero-Salazar et al.2026,2003-12-00,2452974.5
NGC2541,2003A&A...411..361K,"Kanbur, S. M. et al.2003",W(VI),30.43,0.072,1,2003,2026,Representative FSG03 Galactic mean-light solution. CTE corrected but not metallicity corrected.,Quintero-Salazar et al.2026,2003-12-00,2452974.5
NGC2541,2006ApJS..165..108S,Saha et al.2006,W(VI),30.5,0.06,1,2006,2024,They delve into the HST CTE correction.,Valencia et al.2024,2006-07-00,2453917.5
NGC3198,2000ApJ...529..745F,Ferrarese et al.2000,W(VI),30.8,0.06,1,2000,2024,They calculate gamma.,Valencia et al.2024,2000-02-00,2451575.5
NGC3198,2001ApJ...548..564W,Willick & Batra 2001,W(VI),30.71,0.06,1,2001,2024,They do not apply metallicity correction.,Valencia et al.2024,2001-02-00,2451941.5
NGC3198,2001ApJ...553...47F,Freedman et al.2001,W(VI),30.68,0.08,1,2001,2024,There are no specific comments on the publication.,Valencia et al.2024,2001-05-00,2452030.5
NGC3198,2001ApJ...553...47F,Freedman et al.2001,W(VI),30.7,0.08,1,2001,2024,There are no specific comments on the publication.,Valencia et al.2024,2001-05-00,2452030.5
NGC3198,2002A&A...383..398P,Paturel et al. 2002,W(VI),31.23,0.07,1,2002,2026,"Not a preferred near-solar solution. Lowering Vlim by 0.5 mag shifts mu by +0.70 mag, revealing severe incompleteness sensitivity. The 187 listed sosie matches are not a unique-star count.",Quintero-Salazar et al.2026,2002-02-00,2452306.5
NGC3198,2002A&A...389...19P,"Paturel, G. et al.2002",W(VI),30.86,0.1,1,2002,2024,They use data from Paturel et al. 2002 but with HIPPARCOS calibration.,Valencia et al.2024,2002-07-00,2452456.5
NGC3198,2003A&A...411..361K,"Kanbur, S. M. et al.2003",W(VI),30.712,0.062,1,2003,2026,Maximum-light LMC PL solution used as a consistency check. CTE corrected; no metallicity correction.,Quintero-Salazar et al.2026,2003-12-00,2452974.5
NGC3198,2003A&A...411..361K,"Kanbur, S. M. et al.2003",W(VI),30.721,0.06,1,2003,2026,Representative mean-light result using the authors' OGLE LMC PL fit. CTE corrected but not metallicity corrected.,Quintero-Salazar et al.2026,2003-12-00,2452974.5
NGC3198,2003A&A...411..361K,"Kanbur, S. M. et al.2003",W(VI),30.741,0.06,1,2003,2026,LMC mean-light solution with a +0.020 mag metallicity correction; e_R remains the random PL-fit error.,Quintero-Salazar et al.2026,2003-12-00,2452974.5
NGC3198,2003A&A...411..361K,"Kanbur, S. M. et al.2003",W(VI),30.751,0.06,1,2003,2026,FSG03 Galactic solution with a -0.054 mag metallicity correction. Metallicity uncertainty is systematic.,Quintero-Salazar et al.2026,2003-12-00,2452974.5
NGC3198,2003A&A...411..361K,"Kanbur, S. M. et al.2003",W(VI),30.805,0.06,1,2003,2026,Representative FSG03 Galactic mean-light solution. CTE corrected but not metallicity corrected.,Quintero-Salazar et al.2026,2003-12-00,2452974.5
NGC3198,2006ApJS..165..108S,Saha et al.2006,W(VI),30.8,0.08,1,2006,2024,They delve into the HST CTE correction.,Valencia et al.2024,2006-07-00,2453917.5
NGC3319,2000ApJ...529..745F,Ferrarese et al.2000b,W(VI),30.78,0.1,1,2000,2024,They calculate gamma.,Valencia et al.2024,2000-02-00,2451575.5
NGC3319,2001ApJ...548..564W,Willick & Batra 2001,W(VI),30.7,0.08,1,2001,2024,They do not apply error for metallicity.,Valencia et al.2024,2001-02-00,2451941.5
NGC3319,2001ApJ...553...47F,Freedman et al.2001,W(VI),30.62,0.09,1,2001,2024,There are no specific comments on the publication.,Valencia et al.2024,2001-05-00,2452030.5
NGC3319,2001ApJ...553...47F,Freedman et al.2001,W(VI),30.64,0.09,1,2001,2024,There are no specific comments on the publication.,Valencia et al.2024,2001-05-00,2452030.5
NGC3319,2002A&A...383..398P,Paturel et al. 2002,W(VI),30.91,0.06,1,2002,2026,"Not a preferred near-solar solution. Lowering Vlim by 0.5 mag shifts mu by +0.89 mag, the strongest sensitivity in this subset. The 88 sosie matches are not a verified unique-Cepheid count.",Quintero-Salazar et al.2026,2002-02-00,2452306.5
NGC3319,2002A&A...389...19P,"Paturel, G. et al.2002",W(VI),30.7,0.08,1,2002,2024,Using data from Paturel et al. 2002 but with HIPPARCOS calibration.,Valencia et al.2024,2002-07-00,2452456.5
NGC3319,2003A&A...411..361K,"Kanbur, S. M. et al.2003",W(VI),30.462,0.094,1,2003,2026,FSG03 Galactic solution with a -0.098 mag metallicity correction relative to the Galactic reference.,Quintero-Salazar et al.2026,2003-12-00,2452974.5
NGC3319,2003A&A...411..361K,"Kanbur, S. M. et al.2003",W(VI),30.477,0.092,1,2003,2026,LMC mean-light solution with a -0.024 mag metallicity correction. The additive correction leaves e_R unchanged.,Quintero-Salazar et al.2026,2003-12-00,2452974.5
NGC3319,2003A&A...411..361K,"Kanbur, S. M. et al.2003",W(VI),30.479,0.092,1,2003,2026,Maximum-light LMC PL consistency solution. CTE corrected and not metallicity corrected.,Quintero-Salazar et al.2026,2003-12-00,2452974.5
NGC3319,2003A&A...411..361K,"Kanbur, S. M. et al.2003",W(VI),30.501,0.092,1,2003,2026,Representative mean-light OGLE LMC solution. CTE corrected but not metallicity corrected; random error only.,Quintero-Salazar et al.2026,2003-12-00,2452974.5
NGC3319,2003A&A...411..361K,"Kanbur, S. M. et al.2003",W(VI),30.56,0.094,1,2003,2026,Representative FSG03 Galactic mean-light solution. CTE corrected without metallicity adjustment.,Quintero-Salazar et al.2026,2003-12-00,2452974.5
NGC3319,2006ApJS..165..108S,Saha et al.2006,W(VI),30.74,0.08,1,2006,2024,They delve into the HST CTE correction.,Valencia et al.2024,2006-07-00,2453917.5
NGC4258,2001ApJ...548..564W,Willick & Batra 2001,W(VI),29.49,0.12,1,2001,2024,No metallicity correction applied.,Valencia et al.2024,2001-02-00,2451941.5
NGC4258,2001ApJ...553...47F,Freedman et al.2001,W(VI),29.44,0.07,1,2001,2024,There are no specific comments on the publication.,Valencia et al.2024,2001-05-00,2452030.5
NGC4258,2001ApJ...553...47F,Freedman et al.2001,W(VI),29.51,0.07,1,2001,2024,Metallicity correction applied with same uncertainty as without correction. The systematic analysis only appears when estimating H0.,Valencia et al.2024,2001-05-00,2452030.5
NGC4258,2001ApJ...553..562N,Newman et al.2001,W(VI),29.38,0.07,1,2001,2024,DoPPHOT(chip3).,Valencia et al.2024,2001-06-00,2452061.5
NGC4258,2001ApJ...553..562N,Newman et al.2001,W(VI),29.4,0.06,1,2001,2024,DoPPHOT(all).,Valencia et al.2024,2001-06-00,2452061.5
NGC4258,2001ApJ...553..562N,Newman et al.2001,W(VI),29.4,0.1,1,2001,2024,ALLFRAME (chip2).,Valencia et al.2024,2001-06-00,2452061.5
NGC4258,2001ApJ...553..562N,Newman et al.2001,W(VI),29.4,0.1,1,2001,2024,ALLFRAME corrected (chip2).,Valencia et al.2024,2001-06-00,2452061.5
NGC4258,2001ApJ...553..562N,Newman et al.2001,W(VI),29.43,0.1,1,2001,2024,DoPPHOT(chip2).,Valencia et al.2024,2001-06-00,2452061.5
NGC4258,2001ApJ...553..562N,Newman et al.2001,W(VI),29.44,0.06,1,2001,2024,ALLFRAME corrected (all).,Valencia et al.2024,2001-06-00,2452061.5
NGC4258,2001ApJ...553..562N,Newman et al.2001,W(VI),29.48,0.09,1,2001,2024,ALLFRAME corrected (chip3).,Valencia et al.2024,2001-06-00,2452061.5
NGC4258,2001ApJ...553..562N,Newman et al.2001,W(VI),29.53,0.07,1,2001,2024,ALLFRAME (all).,Valencia et al.2024,2001-06-00,2452061.5
NGC4258,2001ApJ...553..562N,Newman et al.2001,W(VI),29.65,0.09,1,2001,2024,ALLFRAME (chip3).,Valencia et al.2024,2001-06-00,2452061.5
NGC4258,2002A&A...383..398P,Paturel et al. 2002,W(VI),29.53,0.1,1,2002,2026,"Preferred near-solar-metallicity solution calibrated from Galactic Cepheids, not from the NGC4258 maser distance. Table 6 lists 65 sosie matches, not a distinct-Cepheid count.",Quintero-Salazar et al.2026,2002-02-00,2452306.5
NGC4258,2002ApJ...566..833C,Caputo et al. 2002,W(VI),29.32,0.14,1,2002,2026,"Theoretical pulsation-model correction interpolated between Z=0.008 and 0.02. For mu_LMC=18.50+/-0.10, equation (5) gives D=7.3+/-0.6 Mpc, close to the maser distance.",Quintero-Salazar et al.2026,2002-02-00,2452306.5
NGC4258,2002ApJ...566..833C,Caputo et al. 2002,W(VI),29.42,0.09,1,2002,2026,Empirical LMC No corrected & Wesenheit-PL.Using this empirical WPL relation for the HST magnitudes of NGC 4258 Cepheids listed in N2001 and adopting zero-point LMC =18.50 mag,Quintero-Salazar et al.2026,2002-02-00,2452306.5
NGC4258,2002ApJ...566..833C,Caputo et al. 2002,W(VI),29.47,0.09,1,2002,2026,Theoretical LMC No corrected & Wesenheit-PL.Adopting zero-point LMC =18.50 mag,Quintero-Salazar et al.2026,2002-02-00,2452306.5
NGC4258,2002ApJ...566..833C,Caputo et al. 2002,W(VI),29.49,0.14,1,2002,2026,"Empirical metallicity correction. For mu_LMC=18.50+/-0.10, equation (4) gives D=7.9+/-0.6 Mpc. e_R is the relative-modulus error; e_T includes the LMC zero-point uncertainty.",Quintero-Salazar et al.2026,2002-02-00,2452306.5
NGC4258,2002ApJ...566..833C,Caputo et al. 2002,W(VI),29.51,0.14,1,2002,2026,Empirical GC No corrected & Wesenheit-PL. I Guess...,Quintero-Salazar et al.2026,2002-02-00,2452306.5
NGC4258,2002ApJ...566..833C,Caputo et al. 2002,W(VI),29.64,0.09,1,2002,2026,Theoretical LMC No corrected & Wesenheit-PL.,Quintero-Salazar et al.2026,2002-02-00,2452306.5
NGC4258,2002A&A...389...19P,"Paturel, G. et al.2002",W(VI),29.45,0.07,1,2002,2024,Use data from Paturel et al. 2002 but with HIPPARCOS calibration.,Valencia et al.2024,2002-07-00,2452456.5
NGC4258,2003ApJ...586..959N,Ngeow et al. 2003,W(VI),29.31,0.06,1,2003,2026,Final value after a -0.07 mag WFPC2 long-versus-short CTE calibration correction. The 0.06 mag random error is retained; systematic and total uncertainties are not quantified.,Quintero-Salazar et al.2026,2003-04-00,2452730.5
NGC4258,2003ApJ...586..959N,Ngeow et al. 2003,W(VI),29.38,0.06,1,2003,2026,Direct Fourier-reconstruction result using 15 published HST Cepheids and H0KP PL/extinction prescriptions. Random error only; no metallicity or total-error solution is provided.,Quintero-Salazar et al.2026,2003-04-00,2452730.5
NGC4258,2003A&A...411..361K,"Kanbur, S. M. et al.2003",W(VI),29.352,0.057,1,2003,2026,Maximum-light LMC PL solution used as a consistency check. No CTE or metallicity correction was required.,Quintero-Salazar et al.2026,2003-12-00,2452974.5
NGC4258,2003A&A...411..361K,"Kanbur, S. M. et al.2003",W(VI),29.37,0.056,1,2003,2026,Representative mean-light OGLE LMC solution. No CTE correction was needed because the photometry used the Stetson calibration.,Quintero-Salazar et al.2026,2003-12-00,2452974.5
NGC4258,2003A&A...411..361K,"Kanbur, S. M. et al.2003",W(VI),29.397,0.058,1,2003,2026,FSG03 Galactic solution with a negligible -0.004 mag metallicity correction.,Quintero-Salazar et al.2026,2003-12-00,2452974.5
NGC4258,2003A&A...411..361K,"Kanbur, S. M. et al.2003",W(VI),29.401,0.058,1,2003,2026,Representative FSG03 Galactic mean-light solution. No CTE or metallicity correction was applied.,Quintero-Salazar et al.2026,2003-12-00,2452974.5
NGC4258,2003A&A...411..361K,"Kanbur, S. M. et al.2003",W(VI),29.44,0.056,1,2003,2026,LMC mean-light result with a +0.070 mag metallicity correction. This is the value highlighted in the abstract.,Quintero-Salazar et al.2026,2003-12-00,2452974.5
NGC4258,2004MNRAS.349.1130N,Ngow & Kanbur 2004,W(VI),29.49,0.06,1,2004,2024,There are no specific comments on the publication.,Valencia et al.2024,2004-04-00,2453096.5
NGC4258,2006ApJS..165..108S,Saha et al.2006,W(VI),29.63,0.05,1,2006,2024,"Data from Macri et al. 2006, apply metallicity correction but it is not clear how they do it.",Valencia et al.2024,2006-07-00,2453917.5
NGC4258,2006ApJ...652.1133M,Macri et al.2006,W(VI),29.1,0.04,1,2006,2024,Internal field but using the methodology of Freedman et al. 2001.,Valencia et al.2024,2006-12-00,2454070.5
NGC4258,2006ApJ...652.1133M,Macri et al.2006,W(VI),29.12,0.04,1,2006,2024,Internal field.,Valencia et al.2024,2006-12-00,2454070.5
NGC4258,2006ApJ...652.1133M,Macri et al.2006,W(VI),29.27,0.04,1,2006,2024,External field but using the methodology of Freedman et al. 2001.,Valencia et al.2024,2006-12-00,2454070.5
NGC4258,2006ApJ...652.1133M,Macri et al.2006,W(VI),29.28,0.05,1,2006,2024,"mu_0 relative to NGC4258, external field, sigma_ran is relative to NGC4258 and they calculate gamma.",Valencia et al.2024,2006-12-00,2454070.5
NGC4258,2007AJ....133.1810B,Benedict et al.2007,W(VI),29.28,0.08,1,2007,2024,There are no specific comments on the publication.,Valencia et al.2024,2007-04-00,2454191.5
NGC4258,2007MNRAS.379..723V,van Leeuwen et al.2007,W(VI),29.22,0.03,1,2007,2024,There are no specific comments on the publication.,Valencia et al.2024,2007-08-00,2454313.5
NGC4258,2007ApJ...671.1640A,Aloisi et al.2007,W(VI),29.28,0.1,1,2007,2024,[O/H]=8.93 use data from Macri et al. 2006 and apply metallicity correction based on theoretical models.,Valencia et al.2024,2007-12-00,2454435.5
NGC4258,2008ApJ...684..102B,Bono et al.2008,W(VI),29.12,0.23,1,2008,2024,"[O/H]=8.53, use data from Macri et al. 2006 and apply metallicity correction based on theoretical models.",Valencia et al.2024,2008-09-00,2454710.5
NGC4258,2008ApJ...684..102B,Bono et al.2008,W(VI),29.35,0.12,1,2008,2024,"Use angular diameter of galactic Cepheids, data from Macri et al. 2026.",Valencia et al.2024,2008-09-00,2454710.5
NGC4258,2008MNRAS.390.1762D,Di Benedetto 2008,W(VI),29.28,0.03,1,2008,2024,Detailed article from 2008MNRAS.390.1762D but the errors are different from the previous one.,Valencia et al.2024,2008-11-00,2454771.5
NGC4258,2010ApJ...715..277B,Bono et al. 2010,W(BV),29.15,0.21,1,2010,2026,LMC-relative modulus for the metal-rich inner HST field. No metallicity correction was applied to the listed value.,Quintero-Salazar et al.2026,2010-05-00,2455317.5
NGC4258,2010ApJ...715..277B,Bono et al. 2010,W(VI),29.18,0.21,1,2010,2026,"Absolute homogeneous inner-field modulus from Table 15. The field discrepancy is discussed as sensitive to metallicity gradient, reddening law, and sample statistics.",Quintero-Salazar et al.2026,2010-05-00,2455317.5
NGC4258,2010ApJ...715..277B,Bono et al. 2010,W(VI),29.4,0.13,1,2010,2026,Absolute homogeneous outer-field modulus from Table 15. It is based on archival HST Cepheids and an LMC PW calibration with 2-sigma clipping.,Quintero-Salazar et al.2026,2010-05-00,2455317.5
NGC4258,2010ApJ...715..277B,Bono et al. 2010,W(VI),29.49,0.21,1,2010,2026,LMC-relative modulus for the outer HST field. WBV metallicity sensitivity is significant; the tabulated value is not metallicity-corrected.,Quintero-Salazar et al.2026,2010-05-00,2455317.5
NGC4258,2013MNRAS.430..546D,Di Benedetto 2013,W(VI),29.28,0.05,1,2013,2024,"Use parallax, data from Riess et al. 2011, H0 review article.",Valencia et al.2024,2013-03-00,2456352.5
NGC4258,2013MNRAS.434.2866F,Fiorentino et al.2013,F160W,29.345,0.004,1,2013,2026,"Pure theoretical F160W PL fit for Z=0.02, Y=0.28 and P>10 d. The fit uses 117 good Cepheids; sigma=0.34 mag. The quoted SEM uses Ntot=167. The maser distance is only an external comparison.",Quintero-Salazar et al.2026,2013-10-00,2456566.5
NGC4258,2014MNRAS.440.1138E,Efstathiou 2014,W(VI),29.24,0.08,3,2014,2024,,Valencia et al.2024,2014-05-00,2456778.5
NGC4258,2015AJ....149..183H,Hatt et al.2015,gri,29.18,0.23,2,2015,2024,There are no specific comments on the publication.,Valencia et al.2024,2015-06-00,2457174.5
NGC4258,2015MNRAS.450.3597F,Fausnaugh et al.2015,BVIH,29.4,0.08,2,2015,2024,"Flow calibration from HST/WFC3 of the SH0ES project, they use metallicity gradient for metallicity correction.",Valencia et al.2024,2015-07-00,2457204.5
NGC4395,2004AJ....127.2322T,Tammann et al.2004,W(ri),28.02,0.18,3,2004,2024,They use synthetic transformations to apply LMC RPL to the gri bands.,Valencia et al.2024,2004-04-00,2453096.5
NGC6822,2000ApJ...529..745F,Ferrarese et al.2000,BVRI,23.49,0.09,1,2000,2024,They calculate gamma.,Valencia et al.2024,2000-02-00,2451575.5
NGC6822,2001ApJ...548..564W,Willick & Batra 2001,W(VI),23.27,0.18,1,2001,2024,They do not apply a metallicity correction.,Valencia et al.2024,2001-02-00,2451941.5
NGC6822,2002A&A...383..398P,Paturel et al. 2002,W(VI),23.38,0.52,2,2002,2026,Ground-based solution based on only four sosie matches and not flagged as secure. Its 0.52 mag internal error is exceptionally large. The number of distinct Cepheids used is not stated unambiguously.,Quintero-Salazar et al.2026,2002-02-00,2452306.5
NGC6822,2002A&A...389...19P,"Paturel, G. et al.2002",W(VI),23.22,0.52,1,2002,2024,They use data from Paturel et al. 2002 but with HIPPARCOS calibration.,Valencia et al.2024,2002-07-00,2452456.5
NGC6822,2004ApJ...608...42S,Sakai et al.2004,W(VI),23.3,0.07,1,2004,2024,There are no specific comments on the publication.,Valencia et al.2024,2004-06-00,2453157.5
NGC6822,2004ApJ...608...42S,Sakai et al.2004,BVRI,23.39,0.08,1,2004,2024,There are no specific comments on the publication.,Valencia et al.2024,2004-06-00,2453157.5
NGC6822,2004AJ....128.2815P,Pietrzynski et al.2004,W(VI),23.34,0.04,2,2004,2024,sigma_sys does not consider the LMC error and they mention that they do not apply a metallicity correction because it is negligible.,Valencia et al.2024,2004-12-00,2453340.5
NGC6822,2006ApJS..165..108S,Saha et al.2006,W(VI),23.31,0.03,1,2006,2024,They delve into the HST CTE correction.,Valencia et al.2024,2006-07-00,2453917.5
NGC6822,2006ApJ...647.1056G,Gieren et al.2006,JK,23.31,0.02,2,2006,2024,mu_LMC = 18.5 but they do not mention its error.,Valencia et al.2024,2006-08-00,2453948.5
NGC6822,2009ApJ...693..936M,Madore et al.2009b,"BVRIJHK3.6,4.5,5.8,8.0",23.49,0.03,1,2009,2024,Adjustment of mu based on the extinction law curve.,Valencia et al.2024,2009-03-00,2454891.5
NGC6822,2010ApJ...715..277B,Bono et al. 2010,W(JK),23.34,0.18,2,2010,2026,"LMC-relative near-infrared Wesenheit result. It implies 23.34 mag after adding 18.50, but that absolute value is not separately tabulated.",Quintero-Salazar et al.2026,2010-05-00,2455317.5
NGC6822,2010ApJ...715..277B,Bono et al. 2010,W(VI),23.38,0.22,2,2010,2026,"Absolute homogeneous W(VI) modulus from Table 15. The paper finds negligible average metallicity dependence for W(VI), but reports no separate systematic error.",Quintero-Salazar et al.2026,2010-05-00,2455317.5
NGC6822,2012MNRAS.421.2998F,Feast et al.2012,VIJHK,23.43,0.02,3,2012,2024,They mention that it is an internal value.,Valencia et al.2024,2012-04-00,2456018.5
NGC6822,2014ApJ...794..107R,Rich et al.2014,"BVRIJHK3.6,4.5micras",23.38,0.02,1,2014,2024,"They adjust the extinction law for each Cepheid with multiband and obtain the median of the distribution, adopting mu_LMC =18.44+/-0.03.",Valencia et al.2024,2014-10-00,2456931.5
NGC6822,2014A&A...572A..64M,Majewski et al.2014,W(VI),23.23,0.04,1,2014,2024,"They mention possible photometric contamination in Spitzzer 2009ApJ...639..936M, internal region, and study the effect of metallicity.",Valencia et al.2024,2014-12-00,2456992.5
NGC6822,2014A&A...572A..64M,Majewski et al.2014,3.6micras,23.27,0.07,1,2014,2024,Internal region.,Valencia et al.2024,2014-12-00,2456992.5
NGC6822,2014A&A...572A..64M,Majewski et al.2014,W(VI),23.3,0.03,1,2014,2024,External region.,Valencia et al.2024,2014-12-00,2456992.5
NGC6822,2014A&A...572A..64M,Majewski et al.2014,3.6micras,23.32,0.05,1,2014,2024,External region.,Valencia et al.2024,2014-12-00,2456992.5
NGC6822,2016AJ....151...88B,Bhardwaj et al.2016,JHK,23.39,0.08,2,2016,2024,They calculate gamma.,Valencia et al.2024,2016-04-00,2457479.5
NGC6822,2016AJ....151...88B,Bhardwaj et al.2016,JHK,23.41,0.06,2,2016,2024,They calculate gamma.,Valencia et al.2024,2016-04-00,2457479.5
NGC6822,2016AJ....151...88B,Bhardwaj et al.2016,JHK,23.43,0.06,2,2016,2024,They calculate gamma.,Valencia et al.2024,2016-04-00,2457479.5
M96,2000ApJ...529..723G,Gibson et al. 2000,W(VI),30.2,0.1,1,2000,2026,Final ALLFRAME+TRIAL solution from 7 of 11 Cepheids with P>20 d; shorter-period stars were excluded for incompleteness. Hill et al. calibration and R_V=3.3 were adopted. No metallicity correction enters this modulus.,Quintero-Salazar et al.2026,2000-02-00,2451575.5
M96,2000ApJ...529..723G,Gibson et al. 2000,W(VI),30.36,0.09,1,2000,2026,Alternative solution obtained by applying the standard Key Project PL fit to the original Tanvir et al. photometry. It uses seven long-period Cepheids and is not the paper's preferred ALLFRAME distance.,Quintero-Salazar et al.2026,2000-02-00,2451575.5
M96,2000ApJ...529..745F,Ferrarese et al.2000,W(VI),30.2,0.1,1,2000,2026,They calculate gamma.,Quintero-Salazar et al.2026,2000-02-00,2451575.5
M96,2001ApJ...547L.103G,Gibson & Stetson 2001,W(VI),29.956,0.098,1,2001,2026,"Uncorrected re-fit of seven previously selected Cepheids using the Stetson WFPC2 zero point, Udalski OGLE-LMC PL relations and mu_LMC=18.45. The error is the internal R_PL term; no galaxy-specific systematic error is tabulated.",Quintero-Salazar et al.2026,2001-02-00,2451941.5
M96,2001ApJ...547L.103G,Gibson & Stetson 2001,W(VI),30.096,0.098,1,2001,2026,"Metallicity-corrected counterpart of the same seven-star fit, using gamma_VI=-0.2 mag dex^-1 and the adopted field abundance. The correction raises the modulus by 0.140 mag; e_R remains the internal R_PL term.",Quintero-Salazar et al.2026,2001-02-00,2451941.5
M96,2001ApJ...548..564W,Willick & Batra 2001,VI,29.94,0.13,1,2001,2026,"HST V,I data originally from Tanvir et al. and reanalyzed by the Key Project. The quoted error is random only. A common LMC zero-point uncertainty of about 0.2 mag is discussed but not included.",Quintero-Salazar et al.2026,2001-02-00,2451941.5
M96,2001ApJ...553...47F,Freedman et al.2001,W(VI),29.97,0.06,1,2001,2026,Final period-cut Wesenheit fit before abundance correction. e_R is the random PL-fit error only; N_cef is the post-cut sample.,Quintero-Salazar et al.2026,2001-05-00,2452030.5
M96,2001ApJ...553...47F,Freedman et al.2001,W(VI),30.11,0.06,1,2001,2026,"Table 4 mu_Z, using gamma=-0.2 mag dex^-1 relative to the LMC. Metallicity uncertainty is systematic and excluded from e_R.",Quintero-Salazar et al.2026,2001-05-00,2452030.5
M96,2002A&A...383..398P,Paturel et al. 2002,W(VI),30.17,0.1,1,2002,2026,Preferred near-solar-metallicity solution with modest Vlim sensitivity (+0.09/-0.05 mag). Table 6 reports 74 sosie matches rather than a verified number of unique Cepheids.,Quintero-Salazar et al.2026,2002-02-00,2452306.5
M96,2002A&A...389...19P,"Paturel, G. et al.2002",W(VI),30.05,0.06,1,2002,2026,"Present-paper HIPPARCOS-calibrated PL solution. The quoted uncertainty is internal. Incompleteness, extinction, zero-point and PL-slope effects are discussed separately.",Quintero-Salazar et al.2026,2002-07-00,2452456.5
M96,2006ApJS..165..108S,Saha et al.2006,W(VI),30.34,0.11,1,2006,2026,Final period-dependent metallicity-corrected modulus. The uncorrected GC/LMC routes give 30.25/30.02 mag. Strong residual period dependence suggests that the formal error may understate the true uncertainty.,Quintero-Salazar et al.2026,2006-07-00,2453917.5
NGC3370,2005ApJ...627..579R,Riess et al. 2005,W(VI),32.22,0.05,1,2005,2026,Preferred OGLE+10 Wesenheit solution before the +0.07 mag metallicity correction. It uses 64 visually selected high-quality ACS Cepheids; the 0.05 mag error also spans analysis choices.,Quintero-Salazar et al.2026,2005-07-00,2453552.5
NGC3370,2005ApJ...627..579R,Riess et al. 2005,W(VI),32.29,0.06,1,2005,2026,Adopted distance after a +0.07+/-0.03 mag metallicity correction. Table 13 gives a statistical error from the dereddened PL fit and O/H measurement; no per-galaxy systematic or total error is tabulated.,Quintero-Salazar et al.2026,2005-07-00,2453552.5
NGC3370,2006ApJ...642L..29N,Ngeow & Kanbur 2006,W(VI),32.149,0.033,1,2006,2026,"STR04 nonlinear, long-period LMC PL solution. The quoted uncertainty is random only, and no individual systematic or total modulus error is reported.",Quintero-Salazar et al.2026,2006-05-00,2453856.5
NGC3370,2006ApJ...642L..29N,Ngeow & Kanbur 2006,W(VI),32.171,0.034,1,2006,2026,STR04 linear LMC PL solution with metallicity correction. Random error only is attached to the modulus; systematic sources are discussed in the H0 error budget.,Quintero-Salazar et al.2026,2006-05-00,2453856.5
NGC3370,2006ApJ...642L..29N,Ngeow & Kanbur 2006,W(VI),32.18,0.034,1,2006,2026,"KN04 nonlinear, long-period LMC PL solution. Metallicity is corrected and the tabulated uncertainty is random only; no module-specific e_S or e_T is given.",Quintero-Salazar et al.2026,2006-05-00,2453856.5
NGC3370,2006ApJ...642L..29N,Ngeow & Kanbur 2006,W(VI),32.189,0.033,1,2006,2026,"KN04 linear LMC PL solution with metallicity correction. A roughly 0.03 mag form-of-PL systematic is discussed, but Table 1 assigns only a random error to the modulus.",Quintero-Salazar et al.2026,2006-05-00,2453856.5
NGC3370,2006ApJ...642L..29N,Ngeow & Kanbur 2006,W(VI),32.193,0.033,1,2006,2026,"TR02 linear LMC PL solution. The tabulated error is random only. Linear fits carry an additional approximately 0.03 mag form-of-PL systematic, but no module-specific e_S or e_T is quoted.",Quintero-Salazar et al.2026,2006-05-00,2453856.5
NGC3370,2006ApJ...642L..29N,Ngeow & Kanbur 2006,W(VI),32.195,0.034,1,2006,2026,"KN06 linear LMC PL solution, used in the authors' preferred linear calibration of H0. Metallicity is corrected; the modulus uncertainty is random only.",Quintero-Salazar et al.2026,2006-05-00,2453856.5
NGC3370,2006ApJ...642L..29N,Ngeow & Kanbur 2006,W(VI),32.213,0.034,1,2006,2026,"KN06 nonlinear, long-period LMC PL solution, preferred for the final nonlinear H0 result. The quoted modulus error is random only.",Quintero-Salazar et al.2026,2006-05-00,2453856.5
NGC3370,2006ApJ...642L..29N,Ngeow & Kanbur 2006,W(VI),32.222,0.034,1,2006,2026,"TR02 nonlinear, long-period LMC PL solution. The metallicity-corrected modulus has random error only; the additional 0.03 mag linearity systematic does not apply.",Quintero-Salazar et al.2026,2006-05-00,2453856.5
NGC3370,2006ApJ...642L..29N,Ngeow & Kanbur 2006,W(VI),32.324,0.035,1,2006,2026,"Galactic Ngeow & Kanbur (2004) PL calibration with metallicity correction. A 0.10 mag Galactic zero-point uncertainty is discussed, but no module-specific e_S or e_T is tabulated.",Quintero-Salazar et al.2026,2006-05-00,2453856.5
NGC3370,2006ApJ...642L..29N,Ngeow & Kanbur 2006,W(VI),32.363,0.035,1,2006,2026,Galactic Sandage et al. (2004) PL calibration with metallicity correction. The modulus error is random only; Galactic zero-point systematics are discussed separately for H0.,Quintero-Salazar et al.2026,2006-05-00,2453856.5
NGC3370,2006ApJS..165..108S,Saha et al.2006,W(VI),32.37,0.03,1,2006,2026,Final metallicity-corrected modulus from 64 HST Cepheids. The uncorrected GC/LMC solutions are 32.42/32.14 mag; their period-dependent corrections converge near the adopted value.,Quintero-Salazar et al.2026,2006-07-00,2453917.5
NGC3370,2009ApJ...699..539R,Riess et al. 2009,W(F160W VI),32.12,0.0771,1,2009,2026,"Relative modulus delta_mu0=mu0(host)-mu0(NGC4258); adding mu4258~29.29 gives mu0~2.831 mag. Twenty-six Cepheids enter the clipped fit. ACS optical colors and NIC2 F160W are used, with metallicity fitted simultaneously.",Quintero-Salazar et al.2026,2009-07-00,2455013.5
NGC3370,2011ApJ...730..119R,Riess et al. 2011,W(H VI),32.13,0.07,1,2011,2026,"The global fit gives 32.13 mag. Figure 7 lists 86 measured Cepheids, but the final number retained after completeness and outlier cuts is not tabulated. The 0.07 mag fit error is quoted without a separate host-specific systematic term.",Quintero-Salazar et al.2026,2011-04-00,2455652.5
NGC3370,2013MNRAS.434.2866F,Fiorentino et al.2013,F160W,32.04,0.03,1,2013,2026,"Pure theoretical F160W PL fit for Z=0.02, Y=0.28 and P>10 d. The 69 good Cepheids define the fit; sigma=0.32 mag. Crowding may explain their anomalously bright and blue distribution.",Quintero-Salazar et al.2026,2013-10-00,2456566.5
NGC3370,2016ApJ...826...56R,Riess et al.2016,VIHK,32.072,0.049,1,2016,2026,NGC 3370 result from Table 5. Approximate SN-independent Cepheid distance; the quoted uncertainty is statistical and ignores inter-host covariance.,Quintero-Salazar et al.2026,2016-07-00,2457570.5
NGC3370,2022ApJ...934L...7R,Riess et al. 2022,W H(VI),32.12,0.047,1,2022,2026,Preferred SN-independent mu_host derived from the first two distance-ladder rungs. The 0.019 mag systematic is shared across hosts. Error computed/retrieved from Table6.,Quintero-Salazar et al.2026,2022-07-00,2459761.5
NGC3370,2022ApJ...934L...7R,Riess et al. 2022,W H(VI),32.123,0.048,1,2022,2026,Approximate mu_Ceph obtained after removing SN 1994ae from the fit for NGC 3370; other calibrator SNe remain in the global solution. Error computed/retrieved from Table6.,Quintero-Salazar et al.2026,2022-07-00,2459761.5
M66,2000ApJ...529..723G,Gibson et al. 2000,W(VI),30.06,0.17,1,2000,2026,"Final ALLFRAME+TRIAL fit to 17 of 36 Cepheids with P>25 d. Dust, bright background and anomalous aperture corrections motivated a 0.15 mag photometric random term, producing the relatively large e_R.",Quintero-Salazar et al.2026,2000-02-00,2451575.5
M66,2000ApJ...529..723G,Gibson et al. 2000,W(VI),30.15,0.08,1,2000,2026,"Alternative Key Project fit to Saha et al. photometry. Four outliers were removed from their 25-star final set, leaving 21 Cepheids; the unweighted mean of the individual dereddened moduli was adopted.",Quintero-Salazar et al.2026,2000-02-00,2451575.5
M66,2000ApJ...529..745F,Ferrarese et al.2000,W(VI),30.06,0.17,1,2000,2026,There are no specific comments on the publication. Cepheid moduli are compiled and homogenized from earlier HST Key Project and independent studies. Previous author included it.,Quintero-Salazar et al.2026,2000-02-00,2451575.5
M66,2001ApJ...547L.103G,Gibson & Stetson 2001,W(VI),29.794,0.169,1,2001,2026,"Uncorrected re-fit of 17 previously selected Cepheids using the Stetson WFPC2 zero point, Udalski OGLE-LMC PL relations and mu_LMC=18.45. The quoted error is internal; the paper does not assign a galaxy-specific systematic term.",Quintero-Salazar et al.2026,2001-02-00,2451941.5
M66,2001ApJ...547L.103G,Gibson & Stetson 2001,W(VI),29.944,0.169,1,2001,2026,"Metallicity-corrected result for the same 17 Cepheids, adopting gamma_VI=-0.2 mag dex^-1 and the published field abundance. The correction raises the modulus by 0.150 mag without changing the quoted internal error.",Quintero-Salazar et al.2026,2001-02-00,2451941.5
M66,2001ApJ...548..564W,Willick & Batra 2001,VI,29.7,0.07,1,2001,2026,Published Sandage/Saha HST photometry reanalyzed by the Key Project is refitted with the OGLE-LMC PL calibration. The random error includes PL scatter and reddening uncertainty; no metallicity correction is applied.,Quintero-Salazar et al.2026,2001-02-00,2451941.5
M66,2001ApJ...553...47F,Freedman et al.2001,W(VI),29.86,0.08,1,2001,2026,Final period-cut Wesenheit fit before abundance correction. e_R is the random PL-fit error only; N_cef is the post-cut sample.,Quintero-Salazar et al.2026,2001-05-00,2452030.5
M66,2001ApJ...553...47F,Freedman et al.2001,W(VI),30.01,0.08,1,2001,2026,"Table 4 mu_Z, using gamma=-0.2 mag dex^-1 relative to the LMC. Metallicity uncertainty is systematic and excluded from e_R.",Quintero-Salazar et al.2026,2001-05-00,2452030.5
M66,2002AJ....123..207D,Dolphin & Kennicutt 2002,W(VI),29.97,0.09,1,2002,2026,Udalski et al. (1999) PL calibration shifted to mu_LMC=18.50. This solution is 0.12 mag shorter than the MF91 result and differs from the value adopted by Freedman et al. (2001).,Quintero-Salazar et al.2026,2002-01-00,2452275.5
M66,2002AJ....123..207D,Dolphin & Kennicutt 2002,W(VI),30.03,0.11,1,2002,2026,"Preferred modulus, obtained as a conservative average of the MF91 and Udalski solutions. The uncertainty was enlarged accordingly; no separate systematic error or metallicity correction is provided.",Quintero-Salazar et al.2026,2002-01-00,2452275.5
M66,2002AJ....123..207D,Dolphin & Kennicutt 2002,W(VI),30.09,0.1,1,2002,2026,"Madore & Freedman (1991) PL calibration. The error is mainly associated with observational scatter. Photometry is fainter than earlier reductions, likely because of the local-sky treatment.",Quintero-Salazar et al.2026,2002-01-00,2452275.5
M66,2002A&A...383..398P,Paturel et al. 2002,W(VI),29.8,0.06,1,2002,2026,Preferred near-solar-metallicity solution with low Vlim sensitivity (+0.06/-0.03 mag). The 369 entries in Table 6 are sosie associations and cannot be treated as distinct Cepheids.,Quintero-Salazar et al.2026,2002-02-00,2452306.5
M66,2002A&A...389...19P,"Paturel, G. et al.2002",W(VI),29.77,0.07,1,2002,2026,Present-paper HIPPARCOS-calibrated PL solution. The quoted uncertainty is internal; the incompleteness correction is small for this galaxy.,Quintero-Salazar et al.2026,2002-07-00,2452456.5
M66,2003A&A...411..361K,"Kanbur, S. M. et al.2003",W(VI),30.116,0.087,1,2003,2026,Maximum-light LMC PL solution used as a consistency check. CTE corrected; no metallicity correction.,Quintero-Salazar et al.2026,2003-12-00,2452974.5
M66,2003A&A...411..361K,"Kanbur, S. M. et al.2003",W(VI),30.127,0.084,1,2003,2026,Representative mean-light result using the authors' OGLE LMC PL fit. CTE corrected but not metallicity corrected; the error is random only.,Quintero-Salazar et al.2026,2003-12-00,2452974.5
M66,2003A&A...411..361K,"Kanbur, S. M. et al.2003",W(VI),30.206,0.083,1,2003,2026,Representative FSG03 Galactic mean-light solution. CTE corrected but not metallicity corrected.,Quintero-Salazar et al.2026,2003-12-00,2452974.5
M66,2003A&A...411..361K,"Kanbur, S. M. et al.2003",W(VI),30.277,0.084,1,2003,2026,LMC mean-light solution with a +0.150 mag metallicity correction; the additive correction leaves e_R unchanged.,Quintero-Salazar et al.2026,2003-12-00,2452974.5
M66,2003A&A...411..361K,"Kanbur, S. M. et al.2003",W(VI),30.282,0.083,1,2003,2026,FSG03 Galactic result with a +0.076 mag metallicity correction relative to Galactic abundance.,Quintero-Salazar et al.2026,2003-12-00,2452974.5
M66,2006ApJS..165..108S,Saha et al.2006,W(VI),30.5,0.09,1,2006,2026,Revised SN Ia-host distance using corrected WFPC2 photometry. Period-dependent metallicity corrections bring the uncorrected GC/LMC moduli of 30.41/30.19 mag to the same final value.,Quintero-Salazar et al.2026,2006-07-00,2453917.5
NGC4414,2000ApJ...529..723G,Gibson et al. 2000,W(VI),31.41,0.1,1,2000,2026,"Values based on Turner et al. (1998).They apply metallicity correction but just for Ho, not modulus",Quintero-Salazar et al.2026,2000-02-00,2451575.5
NGC4414,2000ApJ...529..745F,Ferrarese et al.2000,W(VI),31.41,0.1,1,2000,2026,There are no specific comments on the publication. Cepheid moduli are compiled and homogenized from earlier HST Key Project and independent studies. Previous author included it.,Quintero-Salazar et al.2026,2000-02-00,2451575.5
NGC4414,2001ApJ...547L.103G,Gibson & Stetson 2001,W(VI),31.154,0.105,1,2001,2026,Uncorrected re-fit of nine previously selected Cepheids on the Stetson and Udalski OGLE-LMC calibration. The value is referenced to mu_LMC=18.45; only the internal random R_PL uncertainty is listed.,Quintero-Salazar et al.2026,2001-02-00,2451941.5
NGC4414,2001ApJ...547L.103G,Gibson & Stetson 2001,W(VI),31.294,0.105,1,2001,2026,"Metallicity-corrected result for the same nine Cepheids, using gamma_VI=-0.2 mag dex^-1 and the adopted field abundance. The +0.140 mag correction does not alter the reported internal random uncertainty.",Quintero-Salazar et al.2026,2001-02-00,2451941.5
NGC4414,2001ApJ...548..564W,Willick & Batra 2001,VI,31.17,0.13,1,2001,2026,The relatively large random uncertainty reflects the small 11-Cepheid sample and reddening-error propagation. The shared LMC zero-point systematic is not included in the tabulated modulus error.,Quintero-Salazar et al.2026,2001-02-00,2451941.5
NGC4414,2001ApJ...553...47F,Freedman et al.2001,W(VI),31.1,0.05,1,2001,2026,Final period-cut Wesenheit fit before abundance correction. e_R is the random PL-fit error only; N_cef is the post-cut sample.,Quintero-Salazar et al.2026,2001-05-00,2452030.5
NGC4414,2001ApJ...553...47F,Freedman et al.2001,W(VI),31.24,0.05,1,2001,2026,"Table 4 mu_Z, using gamma=-0.2 mag dex^-1 relative to the LMC. Metallicity uncertainty is systematic and excluded from e_R.",Quintero-Salazar et al.2026,2001-05-00,2452030.5
NGC4414,2002A&A...383..398P,Paturel et al. 2002,W(VI),31.62,0.09,1,2002,2026,Not flagged as a secure near-solar solution. Lowering Vlim by 0.5 mag increases mu by 0.78 mag; only 18 sosie matches are listed. The unique-Cepheid sample size is unclear.,Quintero-Salazar et al.2026,2002-02-00,2452306.5
NGC4414,2002A&A...389...19P,"Paturel, G. et al.2002",W(VI),31.27,0.05,1,2002,2026,HIPPARCOS-calibrated result with internal error. It changes by +0.13/-0.06 mag when the adopted limiting magnitude is shifted by -/+0.5 mag.,Quintero-Salazar et al.2026,2002-07-00,2452456.5
NGC4414,2003A&A...411..361K,"Kanbur, S. M. et al.2003",W(VI),31.099,0.044,1,2003,2026,Representative mean-light OGLE LMC solution. CTE corrected but not metallicity corrected; random error only.,Quintero-Salazar et al.2026,2003-12-00,2452974.5
NGC4414,2003A&A...411..361K,"Kanbur, S. M. et al.2003",W(VI),31.099,0.042,1,2003,2026,"Maximum-light LMC PL solution. It agrees exactly, to the quoted precision, with the mean-light LMC result.",Quintero-Salazar et al.2026,2003-12-00,2452974.5
NGC4414,2003A&A...411..361K,"Kanbur, S. M. et al.2003",W(VI),31.204,0.052,1,2003,2026,Representative FSG03 Galactic mean-light solution. CTE corrected but not metallicity corrected.,Quintero-Salazar et al.2026,2003-12-00,2452974.5
NGC4414,2003A&A...411..361K,"Kanbur, S. M. et al.2003",W(VI),31.239,0.044,1,2003,2026,LMC mean-light solution with a +0.140 mag metallicity correction. The small Cepheid sample should be considered.,Quintero-Salazar et al.2026,2003-12-00,2452974.5
NGC4414,2003A&A...411..361K,"Kanbur, S. M. et al.2003",W(VI),31.27,0.052,1,2003,2026,FSG03 Galactic solution with a +0.066 mag metallicity correction; its systematic uncertainty is excluded.,Quintero-Salazar et al.2026,2003-12-00,2452974.5
NGC4414,2006ApJS..165..108S,Saha et al.2006,W(VI),31.65,0.17,1,2006,2026,Final metallicity-corrected modulus from only 10 retained Cepheids. The uncorrected GC/LMC values are 31.55/31.29 mag; the comparatively large random error reflects the small and scattered sample.,Quintero-Salazar et al.2026,2006-07-00,2453917.5
NGC4496A,1996ApJS..107..693S,Saha et al. 1996,W(VI),31.03,0.14,1,1996,2026,"HST/WFPC2 used 17 F555W and 4 F814W epochs. Although 95 bona fide Cepheids were catalogued, the adopted modulus uses 45 with logP>1.25, 0.60<(V-I)<1.10 and Q>=4. A +0.05 mag long/short-exposure correction was applied. No metallicity correction; aperture and zero-point systematics were discussed but not separately quantified.",Quintero-Salazar et al.2026,1996-12-00,2450418.5
NGC4496A,2000ApJ...529..723G,Gibson et al. 2000,W(VI),30.99,0.07,1,2000,2026,"Alternative Key Project fit to the original Saha et al. photometry, using the article's stated 44-Cepheid P>18 d sample. This shorter cutoff is more susceptible to incompleteness than the preferred P>25 d fit.",Quintero-Salazar et al.2026,2000-02-00,2451575.5
NGC4496A,2000ApJ...529..723G,Gibson et al. 2000,W(VI),31.02,0.07,1,2000,2026,"Final ALLFRAME+TRIAL solution from 51 of 94 Cepheids with P>25 d, selected to reduce incompleteness bias. It agrees with the earlier Saha et al. distance; no metallicity correction enters the tabulated modulus.",Quintero-Salazar et al.2026,2000-02-00,2451575.5
NGC4496A,2000ApJ...529..745F,Ferrarese et al.2000,W(VI),31.02,0.07,1,2000,2026,There are no specific comments on the publication. Cepheid moduli are compiled and homogenized from earlier HST Key Project and independent studies. Previous author included it.,Quintero-Salazar et al.2026,2000-02-00,2451575.5
NGC4496A,2000ApJ...530L...5G,Gibson et al. 2000,W(VI),30.949,0.043,1,2000,2026,"WFC-only true modulus from 45 Cepheids. The PC-WFC difference is +0.031+/-0.113 mag, consistent with zero and smaller than the +0.11 mag severe-blending prediction. No metallicity correction was applied.",Quintero-Salazar et al.2026,2000-02-00,2451575.5
NGC4496A,2000ApJ...530L...5G,Gibson et al. 2000,W(VI),30.98,0.104,1,2000,2026,"PC-only true modulus from six Cepheids, calculated as part of the blending test. It is not the paper's adopted global distance to NGC 4496A. The quoted uncertainty is internal and no systematic term is tabulated.",Quintero-Salazar et al.2026,2000-02-00,2451575.5
NGC4496A,2001ApJ...547L.103G,Gibson & Stetson 2001,W(VI),30.75,0.067,1,2001,2026,Uncorrected re-fit of 51 previously selected Cepheids using the Stetson WFPC2 zero point and Udalski OGLE-LMC PL relations. The listed uncertainty is the internal R_PL term; systematic components are discussed but not assigned individually.,Quintero-Salazar et al.2026,2001-02-00,2451941.5
NGC4496A,2001ApJ...547L.103G,Gibson & Stetson 2001,W(VI),30.804,0.067,1,2001,2026,"Metallicity-corrected result for the same 51 Cepheids, adopting gamma_VI=-0.2 mag dex^-1. The correction is only +0.054 mag because of the adopted field abundance; the internal R_PL uncertainty remains unchanged.",Quintero-Salazar et al.2026,2001-02-00,2451941.5
NGC4496A,2001ApJ...548..564W,Willick & Batra 2001,VI,30.8,0.05,1,2001,2026,The largest sample among these hosts gives a small random error. Sandage/Saha HST data reanalyzed by the Key Project are fitted with OGLE-LMC slopes. LMC zero-point systematics are excluded.,Quintero-Salazar et al.2026,2001-02-00,2451941.5
NGC4496A,2001ApJ...553...47F,Freedman et al.2001,W(VI),30.81,0.03,1,2001,2026,Final period-cut Wesenheit fit before abundance correction. e_R is the random PL-fit error only; N_cef is the post-cut sample.,Quintero-Salazar et al.2026,2001-05-00,2452030.5
NGC4496A,2001ApJ...553...47F,Freedman et al.2001,W(VI),30.86,0.03,1,2001,2026,"Table 4 mu_Z, using gamma=-0.2 mag dex^-1 relative to the LMC. Metallicity uncertainty is systematic and excluded from e_R.",Quintero-Salazar et al.2026,2001-05-00,2452030.5
NGC4496A,2002A&A...383..398P,Paturel et al. 2002,W(VI),31.03,0.04,1,2002,2026,"Not flagged as a preferred near-solar solution. Despite the small internal error, lowering Vlim by 0.5 mag shifts mu by +0.42 mag. The 280 sosie matches are not distinct Cepheids.",Quintero-Salazar et al.2026,2002-02-00,2452306.5
NGC4496A,2002A&A...389...19P,"Paturel, G. et al.2002",W(VI),30.81,0.03,1,2002,2026,HIPPARCOS-calibrated PL result with a small internal error and weak sensitivity to the limiting-magnitude test.,Quintero-Salazar et al.2026,2002-07-00,2452456.5
NGC4496A,2003A&A...411..361K,"Kanbur, S. M. et al.2003",W(VI),30.833,0.043,1,2003,2026,Representative mean-light OGLE LMC solution. Includes the +0.05 mag STS CTE correction but no metallicity correction.,Quintero-Salazar et al.2026,2003-12-00,2452974.5
NGC4496A,2003A&A...411..361K,"Kanbur, S. M. et al.2003",W(VI),30.84,0.044,1,2003,2026,Maximum-light LMC PL solution. CTE corrected and consistent with the corresponding mean-light result.,Quintero-Salazar et al.2026,2003-12-00,2452974.5
NGC4496A,2003A&A...411..361K,"Kanbur, S. M. et al.2003",W(VI),30.887,0.043,1,2003,2026,LMC solution with a +0.054 mag metallicity correction. The same random error is retained.,Quintero-Salazar et al.2026,2003-12-00,2452974.5
NGC4496A,2003A&A...411..361K,"Kanbur, S. M. et al.2003",W(VI),30.906,0.043,1,2003,2026,FSG03 Galactic solution with a -0.020 mag metallicity correction. Metallicity systematics are excluded from e_R.,Quintero-Salazar et al.2026,2003-12-00,2452974.5
NGC4496A,2003A&A...411..361K,"Kanbur, S. M. et al.2003",W(VI),30.926,0.043,1,2003,2026,Representative FSG03 Galactic mean-light solution. Includes the STS CTE correction; no metallicity adjustment.,Quintero-Salazar et al.2026,2003-12-00,2452974.5
NGC4496A,2006ApJS..165..108S,Saha et al.2006,W(VI),31.18,0.05,1,2006,2026,Revised SN Ia-host modulus. The uncorrected GC/LMC values are 31.24/30.99 mag. Formal negative absorption is retained statistically; forcing it to zero would lower the final modulus by 0.07 mag.,Quintero-Salazar et al.2026,2006-07-00,2453917.5
NGC4535,2000ApJ...529..745F,Ferrarese et al.2000,W(VI),31.1,0.07,1,2000,2026,There are no specific comments on the publication. Cepheid moduli are compiled and homogenized from earlier HST Key Project and independent studies. Previous author included it.,Quintero-Salazar et al.2026,2000-02-00,2451575.5
NGC4535,2001ApJ...548..564W,Willick & Batra 2001,VI,30.88,0.06,1,2001,2026,"Key Project HST V,I photometry is refitted with fixed OGLE-LMC PL relations. The reported uncertainty is random and includes PL scatter plus reddening coupling; no metallicity term is used.",Quintero-Salazar et al.2026,2001-02-00,2451941.5
NGC4535,2001ApJ...553...47F,Freedman et al.2001,W(VI),30.85,0.05,1,2001,2026,Final period-cut Wesenheit fit before abundance correction. e_R is the random PL-fit error only; N_cef is the post-cut sample.,Quintero-Salazar et al.2026,2001-05-00,2452030.5
NGC4535,2001ApJ...553...47F,Freedman et al.2001,W(VI),30.99,0.05,1,2001,2026,"Table 4 mu_Z, using gamma=-0.2 mag dex^-1 relative to the LMC. Metallicity uncertainty is systematic and excluded from e_R.",Quintero-Salazar et al.2026,2001-05-00,2452030.5
NGC4535,2002A&A...383..398P,Paturel et al. 2002,W(VI),31.08,0.07,1,2002,2026,"Preferred near-solar-metallicity solution. Vlim variations shift mu by +0.15/-0.08 mag. Table 6 lists 64 sosie matches, but the number of distinct Cepheids is not unambiguous.",Quintero-Salazar et al.2026,2002-02-00,2452306.5
NGC4535,2002A&A...389...19P,"Paturel, G. et al.2002",W(VI),30.87,0.07,1,2002,2026,Present-paper HIPPARCOS PL solution. No numerical metallicity correction is applied; the galaxy lies within the authors' accepted Sa-Scd range.,Quintero-Salazar et al.2026,2002-07-00,2452456.5
NGC4535,2003A&A...411..361K,"Kanbur, S. M. et al.2003",W(VI),30.856,0.053,1,2003,2026,Maximum-light LMC PL solution. It is 0.018 mag shorter than the representative mean-light value.,Quintero-Salazar et al.2026,2003-12-00,2452974.5
NGC4535,2003A&A...411..361K,"Kanbur, S. M. et al.2003",W(VI),30.874,0.053,1,2003,2026,Representative mean-light OGLE LMC solution. CTE corrected but not metallicity corrected.,Quintero-Salazar et al.2026,2003-12-00,2452974.5
NGC4535,2003A&A...411..361K,"Kanbur, S. M. et al.2003",W(VI),30.969,0.054,1,2003,2026,Representative FSG03 Galactic mean-light solution. CTE corrected without metallicity adjustment.,Quintero-Salazar et al.2026,2003-12-00,2452974.5
NGC4535,2003A&A...411..361K,"Kanbur, S. M. et al.2003",W(VI),31.014,0.053,1,2003,2026,LMC mean-light solution with a +0.140 mag metallicity correction; the random error remains unchanged.,Quintero-Salazar et al.2026,2003-12-00,2452974.5
NGC4535,2003A&A...411..361K,"Kanbur, S. M. et al.2003",W(VI),31.035,0.054,1,2003,2026,FSG03 Galactic result with a +0.066 mag metallicity correction. Corrected LMC and GC solutions agree closely.,Quintero-Salazar et al.2026,2003-12-00,2452974.5
NGC4535,2006ApJS..165..108S,Saha et al.2006,W(VI),31.25,0.04,1,2006,2026,Final period-dependent metallicity-corrected result. Corrections of +0.10 and +0.34 mag reconcile the uncorrected GC and LMC moduli of 31.15 and 30.90 mag.,Quintero-Salazar et al.2026,2006-07-00,2453917.5
NGC4536,2000ApJ...529..723G,Gibson et al. 2000,W(VI),30.76,0.12,1,2000,2026,"Alternative fit to Saha et al. photometry using 17 high-quality Cepheids on chips 1, 3 and 4. Chip 2 was excluded because its modulus was 0.66 mag larger; including it would give mu0=31.03+/-0.11.",Quintero-Salazar et al.2026,2000-02-00,2451575.5
NGC4536,2000ApJ...529..723G,Gibson et al. 2000,W(VI),30.95,0.07,1,2000,2026,Final ALLFRAME+TRIAL solution. The PL fit uses 27 of 39 candidates with P>20 d to limit incompleteness. All four WFPC2 chips are included because this reduction shows no significant chip-dependent offset.,Quintero-Salazar et al.2026,2000-02-00,2451575.5
NGC4536,2000ApJ...529..745F,Ferrarese et al.2000,W(VI),30.95,0.07,1,2000,2026,There are no specific comments on the publication. Cepheid moduli are compiled and homogenized from earlier HST Key Project and independent studies. Previous author included it.,Quintero-Salazar et al.2026,2000-02-00,2451575.5
NGC4536,2000ApJ...530L...5G,Gibson et al. 2000,W(VI),30.851,0.097,1,2000,2026,"PC-only true modulus from six Cepheids, derived for the differential blending test. It is a chip-specific PL result rather than an adopted global galaxy distance. The quoted uncertainty is internal; no separate systematic term is provided.",Quintero-Salazar et al.2026,2000-02-00,2451575.5
NGC4536,2000ApJ...530L...5G,Gibson et al. 2000,W(VI),30.886,0.046,1,2000,2026,"WFC-only true modulus from 21 Cepheids. Its offset from the PC result is -0.035+/-0.167 mag, inconsistent with the +0.11 mag shift predicted by severe blending. No metallicity correction was applied.",Quintero-Salazar et al.2026,2000-02-00,2451575.5
NGC4536,2001ApJ...547L.103G,Gibson & Stetson 2001,W(VI),30.693,0.069,1,2001,2026,"Uncorrected re-fit of 27 previously selected Cepheids using the Stetson WFPC2 zero point, Udalski OGLE-LMC PL relations and mu_LMC=18.45. Only the internal random R_PL uncertainty is tabulated.",Quintero-Salazar et al.2026,2001-02-00,2451941.5
NGC4536,2001ApJ...547L.103G,Gibson & Stetson 2001,W(VI),30.763,0.069,1,2001,2026,"Metallicity-corrected result for the same 27 Cepheids, using gamma_VI=-0.2 mag dex^-1 and the adopted field abundance. The correction raises the modulus by 0.070 mag; the reported internal error is unchanged.",Quintero-Salazar et al.2026,2001-02-00,2451941.5
NGC4536,2001ApJ...548..564W,Willick & Batra 2001,VI,30.77,0.07,1,2001,2026,Sandage/Saha HST observations reanalyzed by the Key Project are used. The fit solves simultaneously for distance and reddening. The quoted error is random; the dominant common LMC systematic is omitted.,Quintero-Salazar et al.2026,2001-02-00,2451941.5
NGC4536,2001ApJ...553...47F,Freedman et al.2001,W(VI),30.8,0.04,1,2001,2026,Final period-cut Wesenheit fit before abundance correction. e_R is the random PL-fit error only; N_cef is the post-cut sample.,Quintero-Salazar et al.2026,2001-05-00,2452030.5
NGC4536,2001ApJ...553...47F,Freedman et al.2001,W(VI),30.87,0.04,1,2001,2026,"Table 4 mu_Z, using gamma=-0.2 mag dex^-1 relative to the LMC. Metallicity uncertainty is systematic and excluded from e_R.",Quintero-Salazar et al.2026,2001-05-00,2452030.5
NGC4536,2002A&A...383..398P,Paturel et al. 2002,W(VI),31.04,0.06,1,2002,2026,"Preferred near-solar-metallicity solution. Vlim variations shift mu by +0.18/-0.12 mag. The 153 Table 6 entries represent sosie matches, not a verified distinct-Cepheid count.",Quintero-Salazar et al.2026,2002-02-00,2452306.5
NGC4536,2002A&A...389...19P,"Paturel, G. et al.2002",W(VI),30.79,0.07,1,2002,2026,"Bias-corrected HIPPARCOS PL solution. Incompleteness is important in the raw sample, although the limiting-magnitude stability test around the final fit is small.",Quintero-Salazar et al.2026,2002-07-00,2452456.5
NGC4536,2003A&A...411..361K,"Kanbur, S. M. et al.2003",W(VI),30.826,0.102,1,2003,2026,Representative LMC mean-light solution. Includes the +0.05 mag STS CTE correction; random error only.,Quintero-Salazar et al.2026,2003-12-00,2452974.5
NGC4536,2003A&A...411..361K,"Kanbur, S. M. et al.2003",W(VI),30.843,0.102,1,2003,2026,Maximum-light LMC PL solution used as a consistency test. CTE corrected without metallicity correction.,Quintero-Salazar et al.2026,2003-12-00,2452974.5
NGC4536,2003A&A...411..361K,"Kanbur, S. M. et al.2003",W(VI),30.896,0.102,1,2003,2026,LMC solution with a +0.070 mag metallicity correction. No additional random uncertainty is assigned.,Quintero-Salazar et al.2026,2003-12-00,2452974.5
NGC4536,2003A&A...411..361K,"Kanbur, S. M. et al.2003",W(VI),30.925,0.102,1,2003,2026,FSG03 Galactic solution with a negligible -0.004 mag metallicity correction.,Quintero-Salazar et al.2026,2003-12-00,2452974.5
NGC4536,2003A&A...411..361K,"Kanbur, S. M. et al.2003",W(VI),30.929,0.102,1,2003,2026,Representative FSG03 Galactic mean-light solution. CTE corrected but not metallicity corrected.,Quintero-Salazar et al.2026,2003-12-00,2452974.5
NGC4536,2005ApJ...627..579R,Riess et al. 2005,W(VI),30.78,0.07,1,2005,2026,Re-fit of published Gibson et al. (2000) WFPC2 photometry using the OGLE+10 PL relations. The number of retained Cepheids is not stated clearly; the +0.08 mag metallicity correction is not applied.,Quintero-Salazar et al.2026,2005-07-00,2453552.5
NGC4536,2005ApJ...627..579R,Riess et al. 2005,W(VI),30.86,0.09,1,2005,2026,Adopted distance after a +0.08+/-0.05 mag metallicity correction. The error is statistical from the PL fit and O/H measurement; no per-galaxy systematic or total uncertainty is listed.,Quintero-Salazar et al.2026,2005-07-00,2453552.5
NGC4536,2006ApJ...642L..29N,Ngeow & Kanbur 2006,W(VI),30.77,0.044,1,2006,2026,"STR04 nonlinear, long-period LMC PL solution with metallicity and CTE corrections. Only the random modulus error is reported.",Quintero-Salazar et al.2026,2006-05-00,2453856.5
NGC4536,2006ApJ...642L..29N,Ngeow & Kanbur 2006,W(VI),30.784,0.043,1,2006,2026,STR04 linear LMC PL solution. The corrected modulus includes the -0.07 mag CTE term. An additional linearity systematic is discussed but not assigned as an individual e_S.,Quintero-Salazar et al.2026,2006-05-00,2453856.5
NGC4536,2006ApJ...642L..29N,Ngeow & Kanbur 2006,W(VI),30.794,0.043,1,2006,2026,"KN04 nonlinear LMC PL solution with period, metallicity, and -0.07 mag CTE corrections. No individual systematic or total modulus error is quoted.",Quintero-Salazar et al.2026,2006-05-00,2453856.5
NGC4536,2006ApJ...642L..29N,Ngeow & Kanbur 2006,W(VI),30.803,0.043,1,2006,2026,KN04 linear LMC PL solution after the period cut and metallicity and CTE corrections. The table provides random error only.,Quintero-Salazar et al.2026,2006-05-00,2453856.5
NGC4536,2006ApJ...642L..29N,Ngeow & Kanbur 2006,W(VI),30.808,0.043,1,2006,2026,"KN06 linear LMC PL solution, used for the preferred linear H0 calibration. It includes the period cut and metallicity and CTE corrections.",Quintero-Salazar et al.2026,2006-05-00,2453856.5
NGC4536,2006ApJ...642L..29N,Ngeow & Kanbur 2006,W(VI),30.81,0.043,1,2006,2026,"TR02 linear LMC PL solution. It includes a period cut, metallicity correction, and -0.07 mag CTE correction. Random error only is attached to the modulus.",Quintero-Salazar et al.2026,2006-05-00,2453856.5
NGC4536,2006ApJ...642L..29N,Ngeow & Kanbur 2006,W(VI),30.819,0.042,1,2006,2026,"KN06 nonlinear LMC PL solution, preferred for the nonlinear H0 result. The modulus includes period, metallicity, and CTE corrections; its error is random only.",Quintero-Salazar et al.2026,2006-05-00,2453856.5
NGC4536,2006ApJ...642L..29N,Ngeow & Kanbur 2006,W(VI),30.834,0.043,1,2006,2026,"TR02 nonlinear LMC PL solution, including period, metallicity, and CTE corrections. The tabulated uncertainty is random only.",Quintero-Salazar et al.2026,2006-05-00,2453856.5
NGC4536,2006ApJ...642L..29N,Ngeow & Kanbur 2006,W(VI),30.902,0.039,1,2006,2026,"Galactic Ngeow & Kanbur (2004) PL calibration with period, metallicity, and CTE corrections. The quoted uncertainty is random only.",Quintero-Salazar et al.2026,2006-05-00,2453856.5
NGC4536,2006ApJ...642L..29N,Ngeow & Kanbur 2006,W(VI),30.943,0.039,1,2006,2026,"Galactic Sandage et al. (2004) PL calibration with period, metallicity, and CTE corrections. The Galactic zero-point systematic is discussed, but no individual e_S or e_T is given.",Quintero-Salazar et al.2026,2006-05-00,2453856.5
NGC4536,2006ApJS..165..108S,Saha et al.2006,W(VI),31.24,0.09,1,2006,2026,Revised SN Ia-host distance. The uncorrected GC/LMC values are 31.26/30.98 mag. The two metallicity-corrected routes agree within 0.01 mag; formal negative absorption is retained.,Quintero-Salazar et al.2026,2006-07-00,2453917.5
NGC4536,2009ApJ...699..539R,Riess et al. 2009,W(F160W VI),30.43,0.0845,1,2009,2026,Relative modulus delta_mu0=mu0(host)-mu0(NGC4258); adding mu4258~29.29 gives mu0~1.145 mag. Fifteen Cepheids enter the clipped fit. WFPC2 V-I was transformed to the ACS scale; its net systematic effect on W is ~0.01 mag.,Quintero-Salazar et al.2026,2009-07-00,2455013.5
NGC4536,2011ApJ...730..119R,Riess et al. 2011,W(H VI),30.91,0.07,1,2011,2026,"Figure 7 lists 49 measured Cepheids, but the final retained count is not given. Modeling rather than rejecting outliers shifts its intercept by 0.08+/-0.05 mag, the largest such effect among the hosts.",Quintero-Salazar et al.2026,2011-04-00,2455652.5
NGC4536,2013MNRAS.434.2866F,Fiorentino et al.2013,F160W,30.92,0.05,1,2013,2026,"Pure theoretical F160W PL fit for Z=0.02, Y=0.28 and P>10 d. The 49 good Cepheids define the fit; sigma=0.32 mag. Galactic foreground extinction is corrected, with no metallicity term.",Quintero-Salazar et al.2026,2013-10-00,2456566.5
NGC4536,2016ApJ...826...56R,Riess et al.2016,VIHK,30.906,0.053,1,2016,2026,NGC 4536 result from Table 5. Based on the final globally clipped Cepheid sample; no separate galaxy-level systematic or total error is tabulated.,Quintero-Salazar et al.2026,2016-07-00,2457570.5
NGC4536,2022ApJ...934L...7R,Riess et al. 2022,W H(VI),30.835,0.046,1,2022,2026,Preferred SN-independent mu_host; no SN measurements are used. Inter-host covariance from common anchors and PL parameters must be retained. Error computed/retrieved from Table6.,Quintero-Salazar et al.2026,2022-07-00,2459761.5
NGC4536,2022ApJ...934L...7R,Riess et al. 2022,W H(VI),30.838,0.047,1,2022,2026,Approximate mu_Ceph obtained after excluding only SN 1981B from NGC 4536; other SN calibrators remain in the global solution. Error computed/retrieved from Table6.,Quintero-Salazar et al.2026,2022-07-00,2459761.5
NGC4725,2000ApJ...529..745F,Ferrarese et al.2000,W(VI),30.57,0.08,1,2000,2026,There are no specific comments on the publication. Cepheid moduli are compiled and homogenized from earlier HST Key Project and independent studies. Previous author included it.,Quintero-Salazar et al.2026,2000-02-00,2451575.5
NGC4725,2001ApJ...548..564W,Willick & Batra 2001,VI,30.37,0.1,1,2001,2026,The random error is enlarged by the modest Cepheid sample and propagation of the reddening estimate. The modulus assumes mu_LMC=18.50 mag and excludes the common zero-point systematic.,Quintero-Salazar et al.2026,2001-02-00,2451941.5
NGC4725,2001ApJ...553...47F,Freedman et al.2001,W(VI),30.38,0.06,1,2001,2026,Final period-cut Wesenheit fit before abundance correction. e_R is the random PL-fit error only; N_cef is the post-cut sample.,Quintero-Salazar et al.2026,2001-05-00,2452030.5
NGC4725,2001ApJ...553...47F,Freedman et al.2001,W(VI),30.46,0.06,1,2001,2026,"Table 4 mu_Z, using gamma=-0.2 mag dex^-1 relative to the LMC. Metallicity uncertainty is systematic and excluded from e_R.",Quintero-Salazar et al.2026,2001-05-00,2452030.5
NGC4725,2002A&A...383..398P,Paturel et al. 2002,W(VI),30.53,0.11,1,2002,2026,"Preferred near-solar-metallicity solution and nearly insensitive to Vlim (-0.01/-0.04 mag). Table 6 gives 53 sosie matches, not a verified number of unique Cepheids.",Quintero-Salazar et al.2026,2002-02-00,2452306.5
NGC4725,2002A&A...389...19P,"Paturel, G. et al.2002",W(VI),30.44,0.06,1,2002,2026,Present-paper HIPPARCOS-calibrated PL solution. The internal uncertainty excludes the separately evaluated calibration and PL-slope terms.,Quintero-Salazar et al.2026,2002-07-00,2452456.5
NGC4725,2003A&A...411..361K,"Kanbur, S. M. et al.2003",W(VI),30.388,0.066,1,2003,2026,Maximum-light LMC PL solution. It is nearly identical to the corresponding mean-light result.,Quintero-Salazar et al.2026,2003-12-00,2452974.5
NGC4725,2003A&A...411..361K,"Kanbur, S. M. et al.2003",W(VI),30.393,0.067,1,2003,2026,Representative mean-light OGLE LMC solution. CTE corrected but not metallicity corrected.,Quintero-Salazar et al.2026,2003-12-00,2452974.5
NGC4725,2003A&A...411..361K,"Kanbur, S. M. et al.2003",W(VI),30.477,0.067,1,2003,2026,LMC solution with a +0.084 mag metallicity correction. The random error is inherited from the uncorrected fit.,Quintero-Salazar et al.2026,2003-12-00,2452974.5
NGC4725,2003A&A...411..361K,"Kanbur, S. M. et al.2003",W(VI),30.49,0.066,1,2003,2026,Representative FSG03 Galactic mean-light solution. CTE corrected and uncorrected for metallicity.,Quintero-Salazar et al.2026,2003-12-00,2452974.5
NGC4725,2003A&A...411..361K,"Kanbur, S. M. et al.2003",W(VI),30.5,0.066,1,2003,2026,"FSG03 Galactic solution with a +0.010 mag metallicity correction, negligible relative to e_R.",Quintero-Salazar et al.2026,2003-12-00,2452974.5
NGC4725,2006ApJS..165..108S,Saha et al.2006,W(VI),30.65,0.06,1,2006,2026,Final metallicity-corrected modulus. Period-dependent corrections of +0.02 and +0.24 mag reconcile the uncorrected GC/LMC distances of 30.63/30.41 mag.,Quintero-Salazar et al.2026,2006-07-00,2453917.5
NGC5584,2011ApJ...730..119R,Riess et al. 2011,W(H VI),31.72,0.07,1,2011,2026,"NGC5584 is a newly added SN Ia host. Figure 7 lists 94 measured Cepheids, but the post-rejection count is not reported. Its metallicity gradient is included in the simultaneous Wesenheit fit.",Quintero-Salazar et al.2026,2011-04-00,2455652.5
NGC5584,2013MNRAS.434.2866F,Fiorentino et al.2013,F160W,31.71,0.04,1,2013,2026,"Pure theoretical F160W PL fit for Z=0.02, Y=0.28 and P>10 d. The 78 good Cepheids define the fit; sigma=0.32 mag. The quoted error is only the standard error of the mean.",Quintero-Salazar et al.2026,2013-10-00,2456566.5
NGC5584,2016ApJ...826...56R,Riess et al.2016,VIHK,31.786,0.046,1,2016,2026,NGC 5584 result from Table 5. Approximate SN-independent distance using the metallicity-dependent NIR Wesenheit global solution.,Quintero-Salazar et al.2026,2016-07-00,2457570.5
NGC5584,2021ApJ...911...12J,Javanmardi et al. 2021,W H(VI),31.639,0.038,1,2021,2026,LMC-calibrated alternative without metallicity correction. It is 0.147+/-0.060 mag below the cited SH0ES value and is considered less suitable because of the LMC-NGC 5584 metallicity mismatch.,Quintero-Salazar et al.2026,2021-04-00,2459305.5
NGC5584,2021ApJ...911...12J,Javanmardi et al. 2021,W H(VI),31.81,0.047,1,2021,2026,Preferred solution using the Galactic Wesenheit PL calibration. No explicit metallicity correction is applied because the MW and NGC 5584 have similar metallicities.,Quintero-Salazar et al.2026,2021-04-00,2459305.5
NGC5584,2022ApJ...934L...7R,Riess et al. 2022,W H(VI),31.772,0.048,1,2022,2026,Preferred SN-independent mu_host. The common systematic term is correlated and should not be added independently for different hosts. Error computed/retrieved from Table6.,Quintero-Salazar et al.2026,2022-07-00,2459761.5
NGC5584,2022ApJ...934L...7R,Riess et al. 2022,W H(VI),31.775,0.049,1,2022,2026,Approximate mu_Ceph obtained after excluding only SN 2007af. The final sample contains 165 globally fitted Cepheids. Error computed/retrieved from Table6.,Quintero-Salazar et al.2026,2022-07-00,2459761.5
NGC7331,2000ApJ...529..745F,Ferrarese et al.2000,W(VI),30.89,0.1,1,2000,2026,There are no specific comments on the publication. Cepheid moduli are compiled and homogenized from earlier HST Key Project and independent studies. Previous author included it.,Quintero-Salazar et al.2026,2000-02-00,2451575.5
NGC7331,2001ApJ...548..564W,Willick & Batra 2001,VI,30.79,0.12,1,2001,2026,"Only 13 HST Cepheids with V,I data enter the fit, producing a comparatively large random uncertainty. No metallicity correction or host-specific systematic error is included.",Quintero-Salazar et al.2026,2001-02-00,2451941.5
NGC7331,2001ApJ...553...47F,Freedman et al.2001,W(VI),30.81,0.09,1,2001,2026,Final Wesenheit fit; no period cut was required because all 13 Cepheids were retained. e_R contains random uncertainty only.,Quintero-Salazar et al.2026,2001-05-00,2452030.5
NGC7331,2001ApJ...553...47F,Freedman et al.2001,W(VI),30.84,0.09,1,2001,2026,Table 4 mu_Z; all 13 Cepheids were retained. The metallicity correction uses gamma=-0.2 mag dex^-1 and its uncertainty is not included in e_R.,Quintero-Salazar et al.2026,2001-05-00,2452030.5
NGC7331,2002A&A...383..398P,Paturel et al. 2002,W(VI),30.93,0.12,1,2002,2026,"Not flagged as a preferred near-solar solution. Lowering Vlim by 0.5 mag changes mu by +0.39 mag. Table 6 reports 48 sosie matches, not an unambiguous count of distinct Cepheids.",Quintero-Salazar et al.2026,2002-02-00,2452306.5
NGC7331,2002A&A...389...19P,"Paturel, G. et al.2002",W(VI),30.8,0.11,1,2002,2026,"HIPPARCOS-calibrated result. Its limiting-magnitude test gives an asymmetric change of +0.12/0.00 mag, contributing to the larger final uncertainty.",Quintero-Salazar et al.2026,2002-07-00,2452456.5
NGC7331,2003A&A...411..361K,"Kanbur, S. M. et al.2003",W(VI),30.787,0.082,1,2003,2026,Maximum-light LMC PL solution used as a consistency check; it agrees with the mean-light result within 0.004 mag.,Quintero-Salazar et al.2026,2003-12-00,2452974.5
NGC7331,2003A&A...411..361K,"Kanbur, S. M. et al.2003",W(VI),30.791,0.079,1,2003,2026,Representative LMC mean-light solution. CTE corrected but not metallicity corrected; random error only.,Quintero-Salazar et al.2026,2003-12-00,2452974.5
NGC7331,2003A&A...411..361K,"Kanbur, S. M. et al.2003",W(VI),30.818,0.083,1,2003,2026,"FSG03 Galactic result with a -0.040 mag metallicity correction, reversing the small uncorrected LMC-GC offset.",Quintero-Salazar et al.2026,2003-12-00,2452974.5
NGC7331,2003A&A...411..361K,"Kanbur, S. M. et al.2003",W(VI),30.825,0.079,1,2003,2026,LMC solution with a +0.034 mag metallicity correction. The systematic uncertainty of gamma is excluded.,Quintero-Salazar et al.2026,2003-12-00,2452974.5
NGC7331,2003A&A...411..361K,"Kanbur, S. M. et al.2003",W(VI),30.858,0.083,1,2003,2026,Representative FSG03 Galactic mean-light solution. CTE corrected without metallicity adjustment.,Quintero-Salazar et al.2026,2003-12-00,2452974.5
NGC7331,2006ApJS..165..108S,Saha et al.2006,W(VI),30.89,0.1,1,2006,2026,Final modulus from 13 Cepheids. The uncorrected GC/LMC values are 30.98/30.80 mag; metallicity corrections of -0.09/+0.10 mag yield 30.89/30.90 mag before adoption.,Quintero-Salazar et al.2026,2006-07-00,2453917.5
IC0010,2000ApJ...529..745F,Ferrarese et al.2000,I (BVI),24.17,0.39,1,2000,2024,There are no specific comments on the publication.,Valencia et al.2024,2000-02-00,2451575.5
IC0010,2001ApJ...559..225H,Hunter 2001,F814W(F555W F814W),24.95,0.2,1,2001,2026,HST/WFPC2 TRGB measurement adopting E(B-V)=0.77. The luminosity function shows only a weak break at I_0~20.8; the 0.20 mag error is the bin width. Extinction is the main systematic uncertainty.,Quintero-Salazar et al.2026,2001-09-00,2452153.5
IC0010,2007ApJ...662..272V,Vacca et al.2007,F814W(HK),24.48,0.08,2,2007,2024,E(B-V)=0.95+/-0.15.,Valencia et al.2024,2007-06-00,2454252.5
IC0010,2008ApJ...688L..69S,Sanna et al.2008,F814W(F555W F606W),24.51,0.8,1,2008,2024,There are no specific comments on the publication.,Valencia et al.2024,2008-12-00,2454801.5
IC0010,2009ApJ...703..816K,Kim et al.2009,J(JHK),24.15,0.06,2,2009,2024,Region 2.,Valencia et al.2024,2009-09-00,2455075.5
IC0010,2009ApJ...703..816K,Kim et al.2009,J(JHK),24.17,0.06,2,2009,2024,Region 1.,Valencia et al.2024,2009-09-00,2455075.5
IC0010,2009ApJ...703..816K,Kim et al.2009,J(JHK),24.22,0.06,2,2009,2024,Region 3.,Valencia et al.2024,2009-09-00,2455075.5
IC0010,2009ApJ...703..816K,Kim et al.2009,K(JHK),24.25,0.03,2,2009,2024,Region 3.,Valencia et al.2024,2009-09-00,2455075.5
IC0010,2009ApJ...703..816K,Kim et al.2009,H(JHK),24.28,0.04,2,2009,2024,Region 2.,Valencia et al.2024,2009-09-00,2455075.5
IC0010,2009ApJ...703..816K,Kim et al.2009,K(JHK),24.29,0.03,2,2009,2024,Region 1.,Valencia et al.2024,2009-09-00,2455075.5
IC0010,2009ApJ...703..816K,Kim et al.2009,K(JHK),24.3,0.03,2,2009,2024,Region 2.,Valencia et al.2024,2009-09-00,2455075.5
IC0010,2009ApJ...703..816K,Kim et al.2009,H(JHK),24.35,0.05,2,2009,2024,Region 3.,Valencia et al.2024,2009-09-00,2455075.5
IC0010,2009ApJ...703..816K,Kim et al.2009,H(JHK),24.38,0.04,2,2009,2024,Region 1.,Valencia et al.2024,2009-09-00,2455075.5
IC0010,2009AstL...35..748T,Tikhonov & Galazutdinova 2009,F814W(F555W F606W F814W),24.47,0.11,1,2009,2026,"Median of six HST TRGB determinations, adopted over a simple mean. The modulus error is propagated from the reported D=780+/-40 kpc.",Quintero-Salazar et al.2026,2009-11-00,2455136.5
IC0010,2017ApJ...834...78M,McQuinn et al.2017,F814W(F555W F814W),24.43,0.03,1,2017,2024,"No specific publication on distance, they use TRGB for CM diagram analysis.",Valencia et al.2024,2017-01-00,2457754.5
IC2574,2003A&A...398..479K,Karachentsev et al. 2003,F814W(F606W F814W),28.02,0.22,1,2003,2026,Compiled from Karachentsev et al. (2002). I_TRGB=24.04+/-0.22 and A_I=0.07 mag. No separate mu_0 error is reported; 0.22 mag represents the quoted TRGB detection uncertainty.,Quintero-Salazar et al.2026,2003-02-00,2452671.5
IC2574,2009ApJS..183...67D,Dalcanton et al.2009,F814W(F606W F814W),27.89,0.03,1,2009,2024,There are no specific comments on the publication.,Valencia et al.2024,2009-07-00,2455013.5
IC2574,2009ApJS..183...67D,Dalcanton et al.2009,F814W(F606W F814W),27.89,0.03,1,2009,2024,There are no specific comments on the publication.,Valencia et al.2024,2009-07-00,2455013.5
IC2574,2009ApJS..183...67D,Dalcanton et al.2009,F814W(F606W F814W),27.93,0.03,1,2009,2024,There are no specific comments on the publication.,Valencia et al.2024,2009-07-00,2455013.5
IC2574,2009AJ....138..332J,Jacobs et al.2009,F814W(F606W F814W),27.96,0.03,1,2009,2024,"mu_0 does not appear in the publication table because it is truncated, but it is online.",Valencia et al.2024,2009-08-00,2455044.5
IC2574,2013AJ....146...86T,Tully et al.2013,F814W(F606W F814W),27.95,0.08,1,2013,2024,"Survey of 8,000 galaxies.",Valencia et al.2024,2013-10-00,2456566.5
M33,2000ApJ...529..745F,Ferrarese et al.2000,I(BVI),24.93,0.18,1,2000,2024,There are no specific comments on the publication.,Valencia et al.2024,2000-02-00,2451575.5
M33,2002AJ....123..244K,Kim et al.2002,I(BVI),24.81,0.04,1,2002,2024,They use bolometric correction equations and M-TRGB_bol to calculate mu_0.,Valencia et al.2024,2002-01-00,2452275.5
M33,2004MNRAS.350..243M,McConnachie et al.2004,I(VI),24.5,0.06,2,2004,2024,They mention that it is the same calibrator as 2004AJ....128..224T but it is a different value.,Valencia et al.2024,2004-05-00,2453126.5
M33,2004ApJ...608...42S,Sakai et al.2004,I(VIR),24.81,0.04,1,2004,2024,There are no specific comments on the publication.,Valencia et al.2024,2004-06-00,2453157.5
M33,2004AJ....128..224T,Tiede et al.2004,I(VI),24.69,0.07,3,2004,2024,Description of reddening correction.,Valencia et al.2024,2004-07-00,2453187.5
M33,2004AJ....128..237B,Brooks et al.2004,I(BVI),24.72,0.14,2,2004,2024,There are no specific comments on the publication.,Valencia et al.2024,2004-07-00,2453187.5
M33,2004A&A...423..925G,"Galleti, S. et al.2004",I(BVI),24.64,0.15,2,2004,2024,Seeing between 0.8'' and 1.1''. ,Valencia et al.2024,2004-09-00,2453249.5
M33,2005MNRAS.356..979M,Rizzi et al.2005,I(VI),24.54,0.06,2,2005,2024,They mention that it is the same calibrator as 2004AJ....128..224T but it is a different value.,Valencia et al.2024,2005-01-00,2453371.5
M33,2007ApJ...661..815R,Rizzi et al.2007,I(BVI),24.71,0.03,1,2007,2024,"External region of the galaxy, red edge.",Valencia et al.2024,2007-06-00,2454252.5
M33,2007ApJ...661..815R,Rizzi et al.2007,I(BVI),24.71,0.04,1,2007,2024,"Internal region of the galaxy, blue edge.",Valencia et al.2024,2007-06-00,2454252.5
M33,2008AJ....135.1482S,Stonkute et al.2008,I(BVI),24.75,0.15,2,2008,2024,Study focused on analysis and comparison of ages in clusters.,Valencia et al.2024,2008-04-00,2454557.5
M33,2009AJ....138..332J,Jacobs et al.2009,I(BVI),24.82,0.1,1,2009,2024,"They mention that they use the calibrator from 2007ApJ...661..815R, but there are two in that article and it is not clear which one they are referring to.",Valencia et al.2024,2009-08-00,2455044.5
M33,2009ApJ...704.1120U,U et al. 2009,F814W(F606W F814W),24.84,0.1,1,2009,2026,Final average adopted from the halo and outer-disk TRGB measurements. The Rizzi et al. calibration includes a color/metallicity term; foreground reddening E(B-V)=0.04 was assumed.,Quintero-Salazar et al.2026,2009-10-00,2455105.5
M33,2010ApJ...724..799Y,Yang et al.2010,F814W(F606W F814W),24.77,0.13,1,2010,2024,They focus on RR Lyrae but also calculate TRGB.,Valencia et al.2024,2010-11-00,2455501.5
M33,2011A&A...533A..91G,"Grossi, M. et al.2011",I(VI),24.75,0.11,2,2011,2024,There are no specific comments on the publication.,Valencia et al.2024,2011-09-00,2455805.5
M33,2012ApJ...758...11C,Conn et al.2012,I(gi),24.57,0.05,2,2012,2024,Obtaining the TRGB from MCMC.,Valencia et al.2024,2012-10-00,2456201.5
M33,2025A&A...697L...6V,Vansevicius 2025,I(V I),24.626,0.008,2,2025,2026,"Subaru/Suprime-Cam V,I photometry; based on five outer-disc annuli. e_R is statistical only. TRGB zero-point, extinction, metallicity and contamination systematics were not fully quantified. No F160W data were used.",Quintero-Salazar et al.2026,2025-05-00,2460796.5
M81,2004ApJ...608...42S,Sakai et al.2004,I(VIR),28.03,0.12,1,2004,2024,There are no specific comments on the publication.,Valencia et al.2024,2004-06-00,2453157.5
M81,2005A&A...431..127T,"Tikhonov, N. A. et al.2005",I(VI),27.93,0.04,1,2005,2024,There are no specific comments on the publication.,Valencia et al.2024,2005-02-00,2453402.5
M81,2007ApJ...661..815R,Rizzi et al.2007,I(BVI),27.69,0.04,1,2007,2024,M-TRGB_I is presented for each galaxy appearing in the publication.,Valencia et al.2024,2007-06-00,2454252.5
M81,2009ApJS..183...67D,Dalcanton et al.2009,F814W(F606W F814W),27.72,0.06,1,2009,2024,"NED value, Halo-I with 227 stars.",Valencia et al.2024,2009-07-00,2455013.5
M81,2009ApJS..183...67D,Dalcanton et al.2009,F814W(F606W F814W),27.77,0.04,1,2009,2024,"NED value, field 29 with 330 stars.",Valencia et al.2024,2009-07-00,2455013.5
M81,2009ApJS..183...67D,Dalcanton et al.2009,F814W(F606W F814W),27.77,0.02,1,2009,2024,"NED value, deep field with 198 stars.",Valencia et al.2024,2009-07-00,2455013.5
M81,2009ApJS..183...67D,Dalcanton et al.2009,F814W(F435W F814W),27.78,0.04,1,2009,2024,"NED value, field 29 with 551 stars.",Valencia et al.2024,2009-07-00,2455013.5
M81,2009AJ....138..332J,Jacobs et al.2009,F814W(F606W F814W),27.68,0.09,1,2009,2024,"mu_0 value does not appear in the publication, only online.",Valencia et al.2024,2009-08-00,2455044.5
M81,2010ApJ...718.1118D,Dalcanton et al.2010,F814W(F606W F814W),27.86,0.06,1,2010,2024,There are no specific comments on the publication.,Valencia et al.2024,2010-08-00,2455409.5
M81,2012ApJ...751L..19J,Jang et al. 2012,F814W(F606W F814W),27.8,0.03,1,2012,2026,"TRGB distance of remote cluster GC-1, found to be consistent with M81. It is not a measurement of the main galaxy body; the quoted error does not include a separate calibration systematic.",Quintero-Salazar et al.2026,2012-05-00,2456048.5
M81,2012ApJ...751L..19J,Jang et al. 2012,F814W(F606W F814W),27.81,0.03,1,2012,2026,Independent ACS/WFC Field-1 and WFC3/UVIS Field-2 measurements both yield 27.81+/-0.03. TRGB errors were estimated with one million bootstrap realizations.,Quintero-Salazar et al.2026,2012-05-00,2456048.5
M81,2024ApJ...966..175N,Newman et al. 2024,F814W(F606W F814W),27.79,0.06,1,2024,2026,Direct F814W measurement for M81-1. e_R is the reported ML statistical error; the adopted Freedman (2021) zero point introduces shared calibration uncertainty. The error range is used considering they report asymmetric errors.,Quintero-Salazar et al.2026,2024-05-00,2460431.5
M81,2024ApJ...966..175N,Newman et al. 2024,F814W(F606W F814W),27.8,0.1,1,2024,2026,"Direct F814W measurement for M81-2. The result agrees with M81-1 within errors; spatial selection reduces young-star, AGB and RHeB contamination. The error range is used considering they report asymmetric errors.",Quintero-Salazar et al.2026,2024-05-00,2460431.5
M81,2024ApJ...966..175N,Newman et al. 2024,F110W(F110W F160W),27.81,0.28,1,2024,2026,M81-2 NIR remeasurement. Its uncertainty is considerably larger than for M81-1. The value is tied to the common F814W anchor and is not geometrically independent. The error range is used considering they report asymmetric errors.,Quintero-Salazar et al.2026,2024-05-00,2460431.5
M81,2024ApJ...966..175N,Newman et al. 2024,F160W(F110W F160W),27.82,0.1,1,2024,2026,M81-2 F160W result. It agrees with both F814W fields within errors and provides an internal test rather than an independent distance anchor. The error range is used considering they report asymmetric errors.,Quintero-Salazar et al.2026,2024-05-00,2460431.5
M81,2024ApJ...966..175N,Newman et al. 2024,F110W(F110W F160W),27.85,0.11,1,2024,2026,"M81-1 NIR remeasurement using the new color calibration. It is tied to F814W and is an internal validation, with shared calibration covariance across fields. The error range is used considering they report asymmetric errors.",Quintero-Salazar et al.2026,2024-05-00,2460431.5
M81,2024ApJ...966..175N,Newman et al. 2024,F160W(F110W F160W),27.85,0.14,1,2024,2026,"M81-1 F160W result. Agreement with the optical modulus supports the NIR calibration, but this measurement inherits the common F814W distance scale. The error range is used considering they report asymmetric errors.",Quintero-Salazar et al.2026,2024-05-00,2460431.5
M101,2004ApJ...608...42S,Sakai et al.2004,I(VIR),29.42,0.11,1,2004,2024,There are no specific comments on the publication.,Valencia et al.2024,2004-06-00,2453157.5
M101,2007ApJ...661..815R,Rizzi et al.2007,I(BVI),29.34,0.09,1,2007,2024,M-TRGB_I is presented for each galaxy appearing in the publication.,Valencia et al.2024,2007-06-00,2454252.5
M101,2011ApJ...733..124S,Shappee & Stanek 2011,I(VI),29.05,0.06,1,2011,2024,sigma_sys =0.12.,Valencia et al.2024,2011-06-00,2455713.5
M101,2012ApJ...760L..14L,Lee & Jang 2012,I(VI),29.2,0.03,1,2011,2024,"Field 2, method 2.",Valencia et al.2024,2012-11-00,2456232.5
M101,2012ApJ...760L..14L,Lee & Jang 2012,I(VI),29.2,0.04,1,2011,2024,"Field 3, method 2.",Valencia et al.2024,2012-11-00,2456232.5
M101,2012ApJ...760L..14L,Lee & Jang 2012,I(VI),29.22,0.02,1,2011,2024,"Field 5, method 2.",Valencia et al.2024,2012-11-00,2456232.5
M101,2012ApJ...760L..14L,Lee & Jang 2012,I(VI),29.24,0.02,1,2011,2024,"Field 1, method 2.",Valencia et al.2024,2012-11-00,2456232.5
M101,2012ApJ...760L..14L,Lee & Jang 2012,I(VI),29.26,0.03,1,2011,2024,"Field 4, method 1.",Valencia et al.2024,2012-11-00,2456232.5
M101,2012ApJ...760L..14L,Lee & Jang 2012,I(VI),29.27,0.04,1,2011,2024,"Field S2, method 1.",Valencia et al.2024,2012-11-00,2456232.5
M101,2012ApJ...760L..14L,Lee & Jang 2012,I(VI),29.28,0.04,1,2011,2024,"Field 2, method 1.",Valencia et al.2024,2012-11-00,2456232.5
M101,2012ApJ...760L..14L,Lee & Jang 2012,I(VI),29.28,0.03,1,2011,2024,"Field 6, method 1.",Valencia et al.2024,2012-11-00,2456232.5
M101,2012ApJ...760L..14L,Lee & Jang 2012,I(VI),29.29,0.04,1,2011,2024,"Field S1, method 1.",Valencia et al.2024,2012-11-00,2456232.5
M101,2012ApJ...760L..14L,Lee & Jang 2012,I(VI),29.29,0.03,1,2011,2024,"Field S04, method 1.",Valencia et al.2024,2012-11-00,2456232.5
M101,2012ApJ...760L..14L,Lee & Jang 2012,I(VI),29.29,0.03,1,2011,2024,"Field 4, method 2.",Valencia et al.2024,2012-11-00,2456232.5
M101,2012ApJ...760L..14L,Lee & Jang 2012,I(VI),29.29,0.03,1,2011,2024,"Field S04, method 2.",Valencia et al.2024,2012-11-00,2456232.5
M101,2012ApJ...760L..14L,Lee & Jang 2012,I(VI),29.3,0.03,1,2011,2024,"Field 3, method 1.",Valencia et al.2024,2012-11-00,2456232.5
M101,2012ApJ...760L..14L,Lee & Jang 2012,I(VI),29.31,0.04,1,2011,2024,"Field 6, method 2.",Valencia et al.2024,2012-11-00,2456232.5
M101,2012ApJ...760L..14L,Lee & Jang 2012,I(VI),29.32,0.03,1,2011,2024,"Field 1, method 1.",Valencia et al.2024,2012-11-00,2456232.5
M101,2012ApJ...760L..14L,Lee & Jang 2012,I(VI),29.33,0.02,1,2011,2024,"Field 5, method 1.",Valencia et al.2024,2012-11-00,2456232.5
M101,2012ApJ...760L..14L,Lee & Jang 2012,I(VI),29.34,0.03,1,2011,2024,"Field S1, method 2.",Valencia et al.2024,2012-11-00,2456232.5
M101,2012ApJ...760L..14L,Lee & Jang 2012,I(VI),29.38,0.03,1,2011,2024,"Field S2, method 2.",Valencia et al.2024,2012-11-00,2456232.5
M101,2015AstL...41..239T,Tikhonov et al.2015,F814W(F606W F814W),29.12,0.14,1,2015,2024,Field 1.,Valencia et al.2024,2015-06-00,2457174.5
M101,2015AstL...41..239T,Tikhonov et al.2015,F814W(F606W F814W),29.17,0.13,1,2015,2024,Field 2.,Valencia et al.2024,2015-06-00,2457174.5
M101,2015AstL...41..239T,Tikhonov et al.2015,F814W(F606W F814W),29.19,0.14,1,2015,2024,Field 3.,Valencia et al.2024,2015-06-00,2457174.5
M101,2017ApJ...836...74J,Jang & Lee 2017,F814W(F555W F814W),29.16,0.022,1,2017,2024,Calibrator with LMC+N4258.,Valencia et al.2024,2017-02-00,2457785.5
M101,2018ApJS..235...23S,Sabbi et al.2018,I(VI),28.94,0.34,1,2018,2024,They mention that their calculations are conservative.,Valencia et al.2024,2018-03-00,2458178.5
MRK116,2007AstL...33..137T,Tikhonov 2007,F814W(F555W F814W),30.72,0.19,1,2007,2026,Final modulus converted from D=13.9+/-1.2 Mpc after star-by-star internal-extinction corrections. Both components yield I_TRGB=26.8+/-0.2. Small RGB counts and the approximate extinction treatment are the main caveats.,Quintero-Salazar et al.2026,2007-03-00,2454160.5
MRK116,2007ApJ...667L.151A,Aloisi et al.2007,I(VI),31.3,0.17,1,2007,2024,There are no specific comments on the publication.,Valencia et al.2024,2007-10-00,2454374.5
NGC2366,2002A&A...383..125K,"Karachentsev, I. D. et al.2002",I(VI),27.52,0.28,1,2002,2024,There are no specific comments on the publication.,Valencia et al.2024,2002-01-00,2452275.5
NGC2366,2005ApJ...627..739T,Thuan & Izotov 2005,I(VI),27.67,0.1,1,2005,2024,There are no specific comments on the publication.,Valencia et al.2024,2005-07-00,2453552.5
NGC2366,2008ARep...52...19T,Tikhonov & Galazutdinova 2008,I(VI),27.48,0.17,1,2008,2024,There are no specific comments on the publication.,Valencia et al.2024,2008-01-00,2454466.5
NGC2366,2009ApJS..183...67D,Dalcanton et al.2009,F814W(F606W F814W),27.54,0.03,1,2009,2024,There are no specific comments on the publication.,Valencia et al.2024,2009-07-00,2455013.5
NGC2366,2009AJ....138..332J,Jacobs et al.2009,F814W(F606W F814W),27.57,0.03,1,2009,2024,"Valor de mu_0, sigma_ran no aparecen en la publiacion por tabla truncada.",Valencia et al.2024,2009-08-00,2455044.5
NGC2366,2018AstBu..73...22T,Tikhonov 2018,F814W(F606W F814W),27.6,0.15,1,2018,2026,No object-specific uncertainty is tabulated; e_R is the paper's global external accuracy. Peripheral RGB stars were preferred to reduce AGB contamination and metallicity spread.,Quintero-Salazar et al.2026,2018-01-00,2458119.5
NGC2403,2003AJ....125.3046D,Davidge 2003,I(VI),27.51,0.24,2,2003,2024,Data from Freedman and Madore 1988.,Valencia et al.2024,2003-06-00,2452791.5
NGC2403,2009ApJS..183...67D,Dalcanton et al.2009,F814W(F606W F814W),27.54,0.048,1,2009,2024,There are no specific comments on the publication.,Valencia et al.2024,2009-07-00,2455013.5
NGC2403,2009AJ....138..332J,Jacobs et al.2009,F814W(F606W F814W),27.5,0.05,1,2009,2024,The values for mu_0 and sigma_ran do not appear in the publication because the table has been truncated.,Valencia et al.2024,2009-08-00,2455044.5
NGC2403,2011ApJS..195...18R,Radburn-Smith et al.2011,F814W(F606W F814W),27.45,0.04,1,2011,2024,Field 5 with 117 stars in TRGB.,Valencia et al.2024,2011-08-00,2455774.5
NGC2403,2016ApJ...828L...5C,Carlin et al.2016,i(gi),27.39,0.16,2,2016,2024,There are no specific comments on the publication.,Valencia et al.2024,2016-09-00,2457632.5
NGC2403,2024ApJ...966..175N,Newman et al. 2024,F814W(F606W F814W),27.43,0.03,1,2024,2026,Direct F814W measurement for NGC2403-2. It has smaller statistical uncertainty and agrees with field NGC2403-1 within errors. The error range is used considering they report asymmetric errors.,Quintero-Salazar et al.2026,2024-05-00,2460431.5
NGC2403,2024ApJ...966..175N,Newman et al. 2024,F110W(F110W F160W),27.43,0.14,1,2024,2026,NGC2403-2 NIR result with asymmetric uncertainty. It matches the corresponding F814W modulus but shares its calibration scale and covariance. The error range is used considering they report asymmetric errors.,Quintero-Salazar et al.2026,2024-05-00,2460431.5
NGC2403,2024ApJ...966..175N,Newman et al. 2024,F160W(F110W F160W),27.43,0.1,1,2024,2026,"NGC2403-2 F160W result. It reproduces the F814W modulus, but it is tied to the same optical anchor and should not be treated as independent. The error range is used considering they report asymmetric errors.",Quintero-Salazar et al.2026,2024-05-00,2460431.5
NGC2403,2024ApJ...966..175N,Newman et al. 2024,F814W(F606W F814W),27.45,0.11,1,2024,2026,Direct F814W measurement for NGC2403-1. The ML fit incorporates photometric errors and completeness from artificial-star tests. The error range is used considering they report asymmetric errors.,Quintero-Salazar et al.2026,2024-05-00,2460431.5
NGC2403,2024ApJ...966..175N,Newman et al. 2024,F160W(F110W F160W),27.5,0.14,1,2024,2026,NGC2403-1 F160W result. It agrees with the optical measurement within errors and validates the color-corrected NIR relation internally. The error range is used considering they report asymmetric errors.,Quintero-Salazar et al.2026,2024-05-00,2460431.5
NGC2403,2024ApJ...966..175N,Newman et al. 2024,F110W(F110W F160W),27.51,0.11,1,2024,2026,NGC2403-1 NIR result. The slightly larger modulus remains consistent with F814W within errors; it is an internal F814W-anchored calibration test. The error range is used considering they report asymmetric errors.,Quintero-Salazar et al.2026,2024-05-00,2460431.5
NGC4214,2002AJ....123.1307M,Maiz-Apellaniz et al.2002,F814W(F555W F814W),27.31,0.18,1,2002,2024,WF chip.,Valencia et al.2024,2002-03-00,2452334.5
NGC4214,2002AJ....123.1307M,Maiz-Apellaniz et al.2002,F814W(F555W F814W),27.34,0.13,1,2002,2024,PC chip.,Valencia et al.2024,2002-03-00,2452334.5
NGC4214,2002AJ....123.1307M,Maiz-Apellaniz et al.2002,F814W(F702W F814W),27.34,0.13,1,2002,2024,PC chip.,Valencia et al.2024,2002-03-00,2452334.5
NGC4214,2002AJ....123.1307M,Maiz-Apellaniz et al.2002,F814W(F702W F814W),27.34,0.16,1,2002,2024,WF chip.,Valencia et al.2024,2002-03-00,2452334.5
NGC4214,2002AJ....124..811D,Drozdovsky et al.2002,F814W(F555W F702W F814W),27.13,0.15,1,2002,2024,Value presented by NED.,Valencia et al.2024,2002-08-00,2452487.5
NGC4214,2002AJ....124..811D,Drozdovsky et al.2002,I(VI),27.13,0.23,1,2002,2024,Additional value of the publication.,Valencia et al.2024,2002-08-00,2452487.5
NGC4214,2006AJ....132..729T,Tully et al.2006,I(VI),27.33,0.03,1,2006,2024,"Only random error, does not contain M-TRGB_I error.",Valencia et al.2024,2006-08-00,2453948.5
NGC4214,2009ApJS..183...67D,Dalcanton et al.2009,F814W(F606W F814W),27.41,0.03,1,2009,2024,There are no specific comments on the publication.,Valencia et al.2024,2009-07-00,2455013.5
NGC4214,2009AJ....138..332J,Jacobs et al.2009,F814W(F606W F814W),27.35,0.04,1,2009,2024,"Value of mu_0, sigma_ran do not appear in the publication due to truncated table.",Valencia et al.2024,2009-08-00,2455044.5
NGC4214,2012A&A...540A..49M,"McCall, M. L. et al.2012",I(VI),27.39,0.1,2,2012,2024,"It is unclear whether these observations are from Spain, Mexico, Chile, or Hawaii.",Valencia et al.2024,2012-04-00,2456018.5
NGC4214,2013AstBu..68..125M,Makarov et al. 2013,F814W(F555W F814W),27.26,0.09,1,2013,2026,"WFPC2 archival photometry. Unlike the other targets, F555W rather than F606W provides the color. TRGBTOOL maximum-likelihood fitting gives F814W_TRGB=23.31+/-0.06. Real error is +0.05/-0.04.",Quintero-Salazar et al.2026,2013-04-00,2456383.5
NGC4214,2013AJ....146...86T,Tully et al.2013,F814W(F606W F814W),27.34,0.08,1,2013,2024,"Survey of 8,000 galaxies.",Valencia et al.2024,2013-10-00,2456566.5
NGC4214,2014AJ....148....7W,Wu et al. 2014,F160W(F110W F160W),27.33,0.11,1,2014,2026,Independent WFC3/IR solution from the same stellar field. F160W is brighter but has a stronger color dependence and a larger distance uncertainty.,Quintero-Salazar et al.2026,2014-07-00,2456839.5
NGC4214,2014AJ....148....7W,Wu et al. 2014,F110W(F110W F160W),27.34,0.07,1,2014,2026,Direct WFC3/IR measurement using the color-dependent IR TRGB calibration. The result agrees with the adopted optical F814W distance within 1 sigma.,Quintero-Salazar et al.2026,2014-07-00,2456839.5
NGC4236,2002A&A...383..125K,"Karachentsev, I. D. et al.2002",I(VI),28.24,0.22,1,2002,2024,There are no specific comments on the publication.,Valencia et al.2024,2002-01-00,2452275.5
NGC4236,2009AJ....138..332J,Jacobs et al.2009,F814W(F606W F814W),28.46,0.45,1,2009,2024,Values for mu_0 and sigma_ran do not appear in the publication due to truncated table.,Valencia et al.2024,2009-08-00,2455044.5
NGC4236,2013AJ....146...86T,Tully et al.2013,F814W(F606W F814W),28.22,0.1,1,2013,2024,There are no specific comments on the publication.,Valencia et al.2024,2013-10-00,2456566.5
NGC4258,2005ApJ...633..810M,Mouhcine et al.2005,F814W(F606W F814W),29.32,0.09,1,2005,2024,sigma_sys=0.15.,Valencia et al.2024,2005-11-00,2453675.5
NGC4258,2007ApJ...661..815R,Rizzi et al.2007,I(BVI),29.42,0.06,1,2007,2024,There are no specific comments on the publication.,Valencia et al.2024,2007-06-00,2454252.5
NGC4258,2008ApJ...689..721M,Mager et al.2008,I(VI),29.28,0.04,1,2008,2024,sigma_sys=0.12.,Valencia et al.2024,2008-12-00,2454801.5
NGC4258,2009ApJ...690..389M,Madore et al.2009a,I(VI),29.44,0.11,1,2009,2024,"They present the T magnitude from Madore et al. 2009, using data from 2008ApJ...689..721M. The value of mu_0 does not appear in the article, but all the calculations are shown.",Valencia et al.2024,2009-01-00,2454832.5
NGC4258,2017ApJ...835...28J,Jang & Lee 2017,I(VI),29.37,0.02,1,2017,2024,There are no specific comments on the publication.,Valencia et al.2024,2017-01-00,2457754.5
NGC4258,2018ApJS..235...23S,Sabbi et al.2018,I(VI),29.17,0.34,1,2018,2024,They mention that the calculations are conservative.,Valencia et al.2024,2018-03-00,2458178.5
NGC4258,2024ApJ...966...89A,Anand et al. 2024,F090W(F090W F150W),29.417,0.038,1,2024,2026,"They report absolute and apparent magnitudes so I estimate mu_0 and its error using error propagation on stat errors. M=-4.362+/-0.033,m=25.055+/-0.02",Quintero-Salazar et al.2026,2024-05-00,2460431.5
NGC4395,2003A&A...398..467K,Karachentsev et al. 2003,F814W(F606W F814W),28.32,0.29,1,2003,2026,"The WFPC2 field contains about 21,800 stars, mostly RGB stars. I_TRGB=24.30+/-0.28 and A_I=0.03 mag. The result agrees with the previous brightest-stars distance of 4.2+/-0.8 Mpc.",Quintero-Salazar et al.2026,2003-02-00,2452671.5
NGC4395,2009AJ....138..332J,Jacobs et al.2009,F814W(F606W F814W),28.42,0.02,1,2009,2024,Values for mu_0 and sigma_ran do not appear in the publication due to truncated table.,Valencia et al.2024,2009-08-00,2455044.5
NGC4395,2013AJ....146...86T,Tully et al.2013,F814W(F606W F814W),28.39,0.1,1,2013,2024,There are no specific comments on the publication.,Valencia et al.2024,2013-10-00,2456566.5
NGC4395,2018AstBu..73...22T,Tikhonov 2018,F814W(F606W F814W),28.56,0.15,1,2018,2026,"No object-specific uncertainty is tabulated; e_R is the adopted global external accuracy. The derived distance is 5.17 Mpc, compared with a NED TRGB median of 4.76 Mpc.",Quintero-Salazar et al.2026,2018-01-00,2458119.5
NGC4395,2018ApJS..235...23S,Sabbi et al.2018,I(VI),28.32,0.32,1,2018,2024,They mention that their calculations are conservative.,Valencia et al.2024,2018-03-00,2458178.5
NGC6822,2000ApJ...529..745F,Ferrarese et al.2000,I(BVI),23.39,0.16,1,2000,2024,There are no specific comments on the publication.,Valencia et al.2024,2000-02-00,2451575.5
NGC6822,2003AJ....125.3097W,Wyder 2003,F814W(F555W F814W),23.36,0.1,1,2003,2026,"Intermediate minor-axis field. I_TRGB=19.90+/-0.10, (V-I)_TRGB=1.88, and A_V=0.94. This is the smallest reported modulus, but it is consistent with the other fields.",Quintero-Salazar et al.2026,2003-06-00,2452791.5
NGC6822,2003AJ....125.3097W,Wyder 2003,F814W(F555W F814W),23.38,0.1,1,2003,2026,"Central bar field with a strong young population. I_TRGB=20.00+/-0.10, (V-I)_TRGB=1.90, and A_V=1.06. The TRGB error is estimated from the Sobel-peak width.",Quintero-Salazar et al.2026,2003-06-00,2452791.5
NGC6822,2003AJ....125.3097W,Wyder 2003,F814W(F555W F814W),23.47,0.15,1,2003,2026,"Field with the lowest fitted extinction, A_V=0.84, close to the Galactic foreground. I_TRGB=19.95+/-0.15 and (V-I)_TRGB=1.87. The result agrees with the other fields.",Quintero-Salazar et al.2026,2003-06-00,2452791.5
NGC6822,2003AJ....125.3097W,Wyder 2003,F814W(F555W F814W),23.56,0.3,1,2003,2026,"Outermost C1 field. I_TRGB=20.30+/-0.30, (V-I)_TRGB=1.94, and A_V=1.20. Its larger uncertainty reflects the broad Sobel-response peak; extinction was obtained from CMD fitting.",Quintero-Salazar et al.2026,2003-06-00,2452791.5
NGC6822,2005A&A...429..837C,"Cioni, M.-R. & Habing, H. J. 2005",I(JK),23.34,0.12,2,2005,2024,There are no specific comments on the publication.,Valencia et al.2024,2005-01-00,2453371.5
NGC6822,2011AJ....141..194G,Gorski et al.2011,K(JK),23.26,0.07,2,2011,2024,Data from Gieren et al. 2006.,Valencia et al.2024,2011-06-00,2455713.5
NGC6822,2011AJ....141..194G,Gorski et al.2011,J(JK),23.31,0.05,2,2011,2024,Data from Gieren et al. 2006.,Valencia et al.2024,2011-06-00,2455713.5
NGC6822,2012A&A...540A..49M,"McCall, M. L. et al.2012",I(VI),23.32,0.1,2,2012,2024,"It is not known whether the observations were made in Spain, Mexico, Chile, or Hawaii.",Valencia et al.2024,2012-04-00,2456018.5
NGC6822,2012A&A...548A.129F,Fusco et al. 2012,F814W(F475W F814W),23.51,0.05,1,2012,2026,"Uses m_TRGB,0=19.41+/-0.03 and a BaSTI calibration M_F814W=-4.10+/-0.04. This approach assumes a metallicity range for the old RGB population.",Quintero-Salazar et al.2026,2012-12-00,2456262.5
NGC6822,2012A&A...548A.129F,Fusco et al. 2012,F814W(F475W F814W),23.53,0.05,1,2012,2026,"Adopted from the agreement of the 23.51 and 23.54 solutions. The main text quotes 23.53, whereas the abstract and conclusions report 23.54+/-0.05.",Quintero-Salazar et al.2026,2012-12-00,2456262.5
NGC6822,2012A&A...548A.129F,Fusco et al. 2012,F814W(F475W F814W),23.54,0.05,1,2012,2026,"Uses the dereddened TRGB color, 2.36+/-0.04, in a BaSTI magnitude-color relation. This minimizes sensitivity to uncertain age and metallicity.",Quintero-Salazar et al.2026,2012-12-00,2456262.5
NGC1073,2021AstBu..76..255T,Tikhonov & Galazutdinova 2021,I(V[F606W]),30.26,0.13,1,2021,2026,Direct HST/ACS TRGB result. No F814W image was available: V_TRGB=27.84+/-0.05 from F606W was converted using an adopted (V-I)_TRGB=1.60+/-0.05. e_R was propagated from D=11.28+/-0.70 Mpc.,Quintero-Salazar et al.2026,2021-07-00,2459396.5
NGC2500,2018ApJS..235...23S,Sabbi et al.2018,F814W(F555W F814W),30.18,0.46,1,2018,2026,"The TRGB lies less than 1 mag above the detection limit, so the distance may be underestimated. Its unusually tight RGB morphology also conflicts with literature metallicity values.",Quintero-Salazar et al.2026,2018-03-00,2458178.5
M96,2009ApJ...694.1331M,Mould & Sakai 2009,F814W(F606W F814W),29.65,0.28,1,2009,2026,Direct archival HST/WFPC2 measurement. Population I regions were excised and the edge response was weighted by sqrt(LF). I_TRGB=25.66+/-0.28 and A_I=0.05. No separate mu_0 error is tabulated; e_R follows the tip uncertainty.,Quintero-Salazar et al.2026,2009-04-00,2454922.5
M96,2013ApJ...773...13L,Lee & Jang 2013,F814W(F555W F814W),30.15,0.03,1,2013,2026,"Measurement error is 0.03 mag, with an additional 0.12 mag systematic. Internal RGB extinction is assumed negligible. The result is 0.50 mag larger than the earlier TRGB estimate.",Quintero-Salazar et al.2026,2013-08-00,2456505.5
M96,2017ApJ...836...74J,Jang & Lee 2017,F814W(F555W F814W),30.189,0.064,1,2017,2026,Combined NGC 4258+LMC blue-I solution from reprocessed HST/ACS outer-field photometry (R_GC>=3.5 arcmin). Error is random only; the common calibration systematic is 0.057 mag.,Quintero-Salazar et al.2026,2017-02-00,2457785.5
M96,2017ApJ...836...74J,Jang & Lee 2017,QT(F555W F814W),30.223,0.054,1,2017,2026,Preferred color-corrected QT solution on the combined NGC 4258+LMC scale. Artificial-star corrections were applied. Error is random only; systematic=0.057 mag.,Quintero-Salazar et al.2026,2017-02-00,2457785.5
M96,2018ApJS..235...23S,Sabbi et al.2018,F814W(F555W F814W),29.96,0.56,1,2018,2026,"The TRGB lies less than 1 mag above the detection limit, so the distance may be underestimated. M_I=-4.0+/-0.2 averages over unknown metallicity; only foreground extinction is used.",Quintero-Salazar et al.2026,2018-03-00,2458178.5
NGC3370,2017ApJ...836...74J,Jang & Lee 2017,F814W(F555W F814W),32.243,0.035,1,2017,2026,Combined-anchor blue-I result from deep archival ACS halo photometry (SMA>=2.0 arcmin). Sobel edge detection and bootstrap were used. Error is random; systematic=0.057 mag.,Quintero-Salazar et al.2026,2017-02-00,2457785.5
NGC3370,2017ApJ...836...74J,Jang & Lee 2017,QT(F555W F814W),32.253,0.041,1,2017,2026,Preferred combined-anchor QT result. QT corrects F814W for RGB color and uses a wider color interval. The artificial-star offset is 0.030 mag. Systematic=0.057 mag.,Quintero-Salazar et al.2026,2017-02-00,2457785.5
NGC3370,2024ApJ...976..177L,Li et al. 2024,F090W(F090W F150W),32.19,0.08,1,2024,2026,Baseline s=0.05 mag smoothing. The same tip is found at s=0.10. Add sigma_var=0.02 mag for measurement choices. The 0.032 mag NGC 4258 maser uncertainty is excluded.,Quintero-Salazar et al.2026,2024-12-00,2460645.5
NGC3370,2024ApJ...976..177L,Li et al. 2024,F090W(F090W F150W),32.19,0.06,1,2024,2026,Alternative s=0.10 mag smoothing gives the same mu_0 as the baseline but a smaller formal error. Add sigma_var=0.02 mag; the 0.032 mag maser uncertainty is excluded.,Quintero-Salazar et al.2026,2024-12-00,2460645.5
M66,2009ApJ...697..996M,Mould & Sakai 2009,F814W(F555W F814W),29.82,0.1,1,2009,2026,Direct archival HST/ACS-WFC measurement. I_TRGB=25.83+/-0.10 is reported as color-independent. Applying A_I=0.06 mag gives mu_0=29.82. The result is used to calibrate SN Ia luminosity.,Quintero-Salazar et al.2026,2009-06-00,2454983.5
M66,2013ApJ...773...13L,Lee & Jang 2013,F814W(F555W F814W),30.12,0.03,1,2013,2026,"Measurement error is 0.03 mag, with an additional 0.12 mag systematic. Internal RGB extinction is assumed negligible. The result exceeds previous TRGB estimates by 0.30-0.52 mag.",Quintero-Salazar et al.2026,2013-08-00,2456505.5
M66,2017ApJ...836...74J,Jang & Lee 2017,F814W(F555W F814W),30.175,0.087,1,2017,2026,Combined NGC 4258+LMC blue-I solution from reprocessed HST/ACS outer-field photometry (R_GC>=4.3 arcmin). Error is random only; the common systematic is 0.057 mag.,Quintero-Salazar et al.2026,2017-02-00,2457785.5
M66,2017ApJ...836...74J,Jang & Lee 2017,QT(F555W F814W),30.18,0.038,1,2017,2026,Preferred color-corrected QT solution on the combined NGC 4258+LMC scale. QT gives a narrower TRGB edge response. Error is random only; systematic=0.057 mag.,Quintero-Salazar et al.2026,2017-02-00,2457785.5
M66,2018ApJS..235...23S,Sabbi et al.2018,F814W(F555W F814W),30.14,0.54,1,2018,2026,"Flagged as uncertain because crowding, distance and metallicity blur the TRGB. M_I=-4.0+/-0.2 is adopted and only foreground extinction is corrected. Use with caution.",Quintero-Salazar et al.2026,2018-03-00,2458178.5
UGC08091,2006AJ....132..729T,Tully et al.2006,F814W(F555W F814W),26.64,0.05,1,2006,2026,"Archival HST/WFPC2 program 5915, analyzed with HSTPHOT and modified maximum likelihood. I_TRGB=22.64+/-0.05 and A_I=0.05. e_R reflects the TRGB fit; the adopted M_F814W=-4.05 zero point was treated as fixed.",Quintero-Salazar et al.2026,2006-08-00,2453948.5
UGC08091,2009ApJS..183...67D,Dalcanton et al.2009,F814W(F475W F814W),26.588,0.023,1,2009,2026,New ANGST ACS imaging. M_TRGB=-4.03. e_R is propagated from D=2.08+/-0.022 Mpc. The quoted uncertainty is statistical and excludes dust and absolute-TRGB systematics.,Quintero-Salazar et al.2026,2009-07-00,2455013.5
UGC08091,2009AJ....138..332J,Jacobs et al.2009,F814W(F606W F814W),26.69,0.12,1,2009,2026,HST/WFPC2 measurement listed under the alias DDO155 (GO-5915). Its broad asymmetric e_R is the 68percent likelihood interval. Only foreground extinction is corrected.,Quintero-Salazar et al.2026,2009-08-00,2455044.5
UGC08091,2012A&A...540A..49M,"McCall, M. L. et al.2012",I(VI),26.43,0.1,2,2012,2026,This galaxy is absent from the article's 66-galaxy sample but does it appear on NED tables.,Quintero-Salazar et al.2026,2012-04-00,2456018.5
UGC08091,2018AstBu..73...22T,Tikhonov 2018,F814W(F606W F814W),26.65,0.15,1,2018,2026,"No object-specific uncertainty is listed; e_R is the global external accuracy. The derived distance, 2.14 Mpc, closely matches the NED TRGB median of 2.15 Mpc.",Quintero-Salazar et al.2026,2018-01-00,2458119.5
NGC5204,2003A&A...398..467K,Karachentsev et al. 2003,F814W(F606W F814W),28.34,0.27,1,2003,2026,The CMD shows a mixed stellar population and a prominent RGB. I_TRGB=24.31+/-0.26 and A_I=0.02 mag. The TRGB distance agrees with the earlier brightest-stars estimate of 4.9+/-1.0 Mpc.,Quintero-Salazar et al.2026,2003-02-00,2452671.5
NGC5204,2013AstBu..68..125M,Makarov et al. 2013,F814W(F606W F814W),28.3,0.19,1,2013,2026,"Severe crowding, young-star contamination, and a TRGB only about 1 mag above the limit required an outer-region selection and edge detection instead of maximum likelihood.",Quintero-Salazar et al.2026,2013-04-00,2456383.5
NGC5204,2015MNRAS.450.3886M,McQuinn et al. 2015,F814W(F606W F814W),28.4,0.05,1,2015,2026,"They do not perform a new TRGB measurement of NGC 5204. The aim of the article is to reconstruct its recent star-formation history. However, in the NED database, it appears as a TRGB measurement with a value different from that of the possible reference source(s).",Quintero-Salazar et al.2026,2015-07-00,2457204.5
UGC09128,2000AJ....119..177A,Aparicio et al. 2000,I(VI),27.0,0.2,2,2000,2026,"TRGB measured using a Sobel filter: I_TRGB = 22.95 +/- 0.17. Extinction is negligible, and tests with artificial stars show no significant crowding bias. Calibration by Lee et al. (1993); d = 2.5 +/- 0.2 Mpc.",Quintero-Salazar et al.2026,2000-01-00,2451544.5
UGC09128,2006AJ....132..729T,Tully et al.2006,F814W(F606W F814W),26.75,0.05,1,2006,2026,"New HST/ACS program 10210 data, reduced with DOLPHOT and fitted by modified maximum likelihood. I_TRGB=22.75+/-0.05 and A_I=0.05. e_R excludes any unreported systematic uncertainty in the fixed TRGB zero point.",Quintero-Salazar et al.2026,2006-08-00,2453948.5
UGC09128,2009ApJS..183...67D,Dalcanton et al.2009,F814W(F606W F814W),26.717,0.067,1,2009,2026,Archival HST/ACS imaging was uniformly reprocessed by ANGST. M_TRGB=-4.03. e_R is propagated from D=2.21+/-0.068 Mpc; dust and absolute-calibration systematics are not included.,Quintero-Salazar et al.2026,2009-07-00,2455013.5
UGC09128,2009AJ....138..332J,Jacobs et al.2009,F814W(F606W F814W),26.8,0.04,1,2009,2026,"Uniform HST/ACS reanalysis (GO-10210), listed as UGC9128. e_R is the 68 percent interval propagated from the TRGB fit and color; no separate systematic error is tabulated.",Quintero-Salazar et al.2026,2009-08-00,2455044.5
UGC09128,2012A&A...540A..49M,"McCall, M. L. et al.2012",I(VI),26.68,0.1,2,2012,2026,The TRGB photometry was adopted from Dalcanton et al. (2009). McCall et al. recalculated mu_0=26.68 but did not measure the TRGB.,Quintero-Salazar et al.2026,2012-04-00,2456018.5
UGC09128,2013AstBu..68..125M,Makarov et al. 2013,F814W(F606W F814W),26.79,0.07,1,2013,2026,ACS/WFC archival photometry analyzed uniformly with TRGBTOOL and a color-dependent calibration. The measured F814W_TRGB is 22.71+/-0.04.,Quintero-Salazar et al.2026,2013-04-00,2456383.5
UGC09128,2013AJ....146...86T,Tully et al.2013,F814W(F606W F814W),26.78,0.08,1,2013,2026,"Survey of 8,000 galaxies.",Quintero-Salazar et al.2026,2013-10-00,2456566.5
UGC09128,2018AstBu..73...22T,Tikhonov 2018,F814W(F606W F814W),26.73,0.15,1,2018,2026,"No object-specific uncertainty is listed; e_R is the global external accuracy. The derived distance is 2.22 Mpc, close to the NED TRGB median of 2.27 Mpc.",Quintero-Salazar et al.2026,2018-01-00,2458119.5
UGC09128,2024ApJ...966..175N,Newman et al. 2024,F814W(F606W F814W),26.75,0.04,1,2024,2026,Direct HST F814W TRGB measurement. The ML uncertainty is small; the common Freedman (2021) zero point introduces shared calibration uncertainty. The error range is used considering they report asymmetric errors.,Quintero-Salazar et al.2026,2024-05-00,2460431.5
UGC09128,2024ApJ...966..175N,Newman et al. 2024,F110W(F110W F160W),26.76,0.16,1,2024,2026,NIR remeasurement using the new color correction. It agrees with F814W but is an internal validation tied to the optical distance scale. The error range is used considering they report asymmetric errors.,Quintero-Salazar et al.2026,2024-05-00,2460431.5
UGC09128,2024ApJ...966..175N,Newman et al. 2024,F160W(F110W F160W),26.76,0.16,1,2024,2026,F160W result consistent with both F110W and F814W. It shares the F814W-based calibration and is not an independent geometric distance. The error range is used considering they report asymmetric errors.,Quintero-Salazar et al.2026,2024-05-00,2460431.5
NGC5584,2015ApJ...807..133J,Jang & Lee 2015,F814W(F555W F814W),31.76,0.04,1,2015,2026,"First TRGB distance for NGC 5584. The listed error is random; an additional 0.12 mag systematic applies. Blue RGB selection minimizes crowding and host extinction, which is assumed negligible.",Quintero-Salazar et al.2026,2015-07-00,2457204.5
NGC5584,2017ApJ...836...74J,Jang & Lee 2017,QT(F555W F814W),31.751,0.049,1,2017,2026,Preferred combined-anchor QT solution from the lowest-sky region. A 0.006 mag artificial-star offset was applied. Error is random only; systematic=0.057 mag.,Quintero-Salazar et al.2026,2017-02-00,2457785.5
NGC5584,2017ApJ...836...74J,Jang & Lee 2017,F814W(F555W F814W),31.784,0.06,1,2017,2026,Combined-anchor blue-I solution from uniformly reprocessed HST/ACS photometry in the lowest-sky region. Error is random only; the common systematic is 0.057 mag.,Quintero-Salazar et al.2026,2017-02-00,2457785.5
NGC5584,2024ApJ...966...89A,Anand et al. 2024,F090W(F090W F150W),31.8,0.08,1,2024,2026,"Preliminary JWST result using a method-matched unweighted Sobel calibration from NGC4258. A secondary edge lies about 0.1 mag fainter, but artificial-star bias is below 0.01 mag.",Quintero-Salazar et al.2026,2024-05-00,2460431.5
NGC5584,2024ApJ...976..177L,Li et al. 2024,F090W(F090W F150W),31.8,0.11,1,2024,2026,Baseline s=0.05 mag smoothing selects the brighter of two nearly equal Sobel peaks. Add sigma_var=0.07 mag for peak choices; the 0.032 mag maser uncertainty is excluded.,Quintero-Salazar et al.2026,2024-12-00,2460645.5
NGC5584,2024ApJ...976..177L,Li et al. 2024,F090W(F090W F150W),31.95,0.08,1,2024,2026,Alternative s=0.10 mag smoothing selects the fainter Sobel peak and raises mu_0 by 0.15 mag. Add sigma_var=0.07 mag; the 0.032 mag maser uncertainty is excluded.,Quintero-Salazar et al.2026,2024-12-00,2460645.5
