###################################################################
## OUTPUT of StarlightChains_v05.for    [Cid@UFSC - 10/May/2008] ##
###################################################################

## Some input info
spSpec-51877-0410-217.tex                [arq_obs]
Base_MILESM.Sbmm                         [arq_base]
Mask_CRAP.txt                            [arq_masks]
StCv05.CL01.config                       [arq_config]
  150                                    [N_base]
    0                                    [N_YAV_components = # of components with extra extinction!]
    0                                    [i_FitPowerLaw (1/0 = Yes/No)]
-9.99                                    [alpha_PowerLaw]
GD2                                      [red_law_option]
 1.109520                                [q_norm = A(l_norm)/A(V)]

## (Re)Sampling Parameters
 3200.00                                 [l_ini (A)]
 7000.00                                 [l_fin (A)]
    1.00                                 [dl    (A)]     (OBS: dl_cushion =    50.00 A)

## Normalization info
 5100.00                                 [l_norm (A) - for base]
 5075.00                                 [llow_norm (A) - window for f_obs]
 5125.00                                 [lupp_norm (A) - window for f_obs]
1.941840E+01                             [fobs_norm (in input units)]

## S/N
 4730.00                                 [llow_SN (A) - window for S/N]
 4780.00                                 [lupp_SN (A) - window for S/N]
  22.150                                 [S/N in S/N window]
  19.215                                 [S/N in norm. window]
  21.992                                 [S/N_err in S/N window]
  19.078                                 [S/N_err in norm. window]
  1.0000                                 [fscale_chi2]

## etc...
    -2007200                             [idum_orig]
  2418                                   [NOl_eff]
  2217                                   [Nl_eff]
   201    NSIGMA                         [Ntot_cliped & clip_method]
  1511790                                [Nglobal_steps]
   7                                     [N_chains]
  27                                     [NEX0s_base = N_base in EX0s-fits]
 0   0   1        0   2.0   1.908E+01    [Clip-Bug, RC-Crash & Burn-In warning-flags, n_censored_weights, wei_nsig_threshold & wei_limit]
   157    156.644    156.599      0.045  [idt_all, wdt_TotTime, wdt_UsrTime & wdt_SysTime (sec)]

## Synthesis Results - Best model ##

 7.87399E-01                             [chi2/Nl_eff]
     3.82591                             [adev (%)]

    96.71463                             [sum-of-x (%)]
 2.80966E+01                             [Flux_tot (units of input spectrum!)]
 2.24382E+05                             [Mini_tot (???)]
 1.18539E+05                             [Mcor_tot (???)]

 -21.92                                  [v0_min  (km/s)]
  33.87                                  [vd_min  (km/s)]
 0.3942                                  [AV_min  (mag)]
 0.0000                                  [YAV_min (mag)]

# j     x_j(%)      Mini_j(%)     Mcor_j(%)     age_j(yr)     Z_j      (L/M)_j    YAV?  Mstars   component_j        a/Fe...       SSP_chi2r SSP_adev(%)   SSP_AV   SSP_x(%)
  1     73.0075     2.8561E+00    5.4064E+00    1.000000E+06  0.00010  3.309E-03    0   1.0000   age020_m22            0.0000     1.1029E+00     4.8263   1.0948   102.2641
  2      0.0003     1.1857E-06    2.2444E-06    3.160000E+06  0.00010  2.975E-02    0   1.0000   age045_m22            0.0000     1.2330E+00     4.6477  -0.3701   100.6799
  3      0.0121     1.2637E-04    2.2921E-04    5.010000E+06  0.00010  1.235E-02    0   0.9582   age055_m22            0.0000     9.8013E-01     4.2568  -0.2496    99.9339
  4      0.0000     0.0000E+00    0.0000E+00    6.610000E+06  0.00010  3.998E-03    0   0.9297   age061_m22            0.0000     1.2437E+00     4.9411   1.0081   102.3227
  5      0.0000     0.0000E+00    0.0000E+00    8.710000E+06  0.00010  3.135E-03    0   0.9030   age067_m22            0.0000     1.2940E+00     4.9905   1.0021   102.3567
  6      0.0000     0.0000E+00    0.0000E+00    1.000000E+07  0.00010  2.605E-03    0   0.8902   age070_m22            0.0000     1.3177E+00     5.0094   0.9999   102.3628
  7      0.0000     0.0000E+00    0.0000E+00    1.445000E+07  0.00010  2.077E-03    0   0.8589   age078_m22            0.0000     1.4470E+00     5.0889   0.9358   102.3233
  8      0.0000     0.0000E+00    0.0000E+00    2.512000E+07  0.00010  1.888E-03    0   0.8174   age090_m22            0.0000     1.7838E+00     5.2582   0.7989   102.2676
  9      0.0000     0.0000E+00    0.0000E+00    4.000000E+07  0.00010  1.779E-03    0   0.7830   age104_m22            0.0000     2.3581E+00     5.5340   0.6554   102.4236
 10      0.0000     0.0000E+00    0.0000E+00    5.500000E+07  0.00010  1.536E-03    0   0.7597   age110_m22            0.0000     2.5766E+00     5.6541   0.5886   102.6262
 11      0.0000     0.0000E+00    0.0000E+00    1.015200E+08  0.00010  1.285E-03    0   0.7138   age116_m22            0.0000     2.4805E+00     5.3304   0.3848   101.7782
 12      0.0000     0.0000E+00    0.0000E+00    1.609000E+08  0.00010  7.662E-04    0   0.6775   age120_m22            0.0000     1.7641E+00     4.5713   0.0347    99.8433
 13      0.0000     0.0000E+00    0.0000E+00    2.861200E+08  0.00010  5.938E-04    0   0.6412   age125_m22            0.0000     2.5580E+00     5.1891   0.1877   101.0503
 14      0.0000     0.0000E+00    0.0000E+00    5.088000E+08  0.00010  4.180E-04    0   0.6083   age130_m22            0.0000     2.9654E+00     5.4234   0.0991   101.2823
 15      0.0000     0.0000E+00    0.0000E+00    9.047900E+08  0.00010  2.777E-04    0   0.5785   age135_m22            0.0000     3.1223E+00     5.5722  -0.0166   101.4907
 16      0.0000     0.0000E+00    0.0000E+00    1.278050E+09  0.00010  2.241E-04    0   0.5588   age138_m22            0.0000     2.5533E+00     5.4277  -0.4557   101.1304
 17      0.0000     0.0000E+00    0.0000E+00    1.434000E+09  0.00010  2.115E-04    0   0.5532   age139_m22            0.0000     2.4353E+00     5.4162  -0.5607   101.2022
 18      0.0000     0.0000E+00    0.0000E+00    2.500000E+09  0.00010  1.286E-04    0   0.5296   age150_m22            0.0000     2.6530E+00     5.7722  -0.6968   101.3655
 19      0.0000     0.0000E+00    0.0000E+00    4.250000E+09  0.00010  8.750E-05    0   0.5110   age158_m22            0.0000     2.3470E+00     5.7172  -0.8546   101.4776
 20      0.0034     7.0215E-03    6.6256E-03    6.250000E+09  0.00010  6.273E-05    0   0.4985   age166_m22            0.0000     1.9310E+00     5.4223  -0.9004   101.2225
 21      0.0000     0.0000E+00    0.0000E+00    7.500000E+09  0.00010  5.408E-05    0   0.4931   age171_m22            0.0000     1.7991E+00     5.2632  -0.8890   101.0043
 22      0.0000     0.0000E+00    0.0000E+00    1.000000E+10  0.00010  4.206E-05    0   0.4854   age181_m22            0.0000     1.9520E+00     5.5455  -1.0000   101.5777
 23      0.0000     0.0000E+00    0.0000E+00    1.300000E+10  0.00010  3.360E-05    0   0.4791   age193_m22            0.0000     2.3767E+00     5.5072  -1.0000   102.9209
 24      0.0266     1.1600E-01    1.0465E-01    1.500000E+10  0.00010  2.963E-05    0   0.4766   age201_m22            0.0000     2.5112E+00     5.5938  -1.0000   103.1737
 25      0.4873     2.5046E+00    2.2448E+00    1.800000E+10  0.00010  2.519E-05    0   0.4735   age213_m22            0.0000     2.9774E+00     6.1216  -1.0000   103.7124
 26      0.0123     4.6762E-04    8.8516E-04    1.000000E+06  0.00040  3.404E-03    0   1.0000   age020_m32            0.0000     1.1451E+00     4.8796   1.0939   102.3224
 27      0.0000     0.0000E+00    0.0000E+00    3.160000E+06  0.00040  1.821E-02    0   1.0000   age045_m32            0.0000     1.3945E+00     4.8252   0.6825   101.7536
 28      0.0000     0.0000E+00    0.0000E+00    5.010000E+06  0.00040  8.745E-03    0   0.9532   age055_m32            0.0000     1.1936E+00     4.5808   0.7404   101.3592
 29      0.0000     0.0000E+00    0.0000E+00    6.610000E+06  0.00040  5.100E-03    0   0.9243   age061_m32            0.0000     1.3019E+00     4.9634   0.9595   102.2641
 30      0.0000     0.0000E+00    0.0000E+00    8.710000E+06  0.00040  4.029E-03    0   0.9001   age067_m32            0.0000     1.3511E+00     4.9978   0.9505   102.2704
 31      0.0000     0.0000E+00    0.0000E+00    1.000000E+07  0.00040  3.475E-03    0   0.8877   age070_m32            0.0000     1.3794E+00     5.0083   0.9353   102.2199
 32      0.0000     0.0000E+00    0.0000E+00    1.445000E+07  0.00040  3.392E-03    0   0.8579   age078_m32            0.0000     1.4834E+00     4.7540   0.6640   101.3242
 33      0.0000     0.0000E+00    0.0000E+00    2.512000E+07  0.00040  2.366E-03    0   0.8166   age090_m32            0.0000     1.5648E+00     4.6940   0.5258   100.9982
 34      0.0000     0.0000E+00    0.0000E+00    4.000000E+07  0.00040  1.930E-03    0   0.7827   age104_m32            0.0000     1.8030E+00     4.8426   0.4435   101.0444
 35      0.0000     0.0000E+00    0.0000E+00    5.500000E+07  0.00040  1.572E-03    0   0.7593   age110_m32            0.0000     1.9662E+00     4.9527   0.4171   101.0480
 36      0.0000     0.0000E+00    0.0000E+00    1.015200E+08  0.00040  1.180E-03    0   0.7143   age116_m32            0.0000     2.2360E+00     5.1009   0.3346   101.1801
 37      0.0000     0.0000E+00    0.0000E+00    1.609000E+08  0.00040  9.498E-04    0   0.6856   age120_m32            0.0000     2.3679E+00     4.9714   0.1632   100.6170
 38      0.0000     0.0000E+00    0.0000E+00    2.861200E+08  0.00040  6.798E-04    0   0.6509   age125_m32            0.0000     2.6018E+00     5.1072   0.0684   100.8314
 39      0.0000     0.0000E+00    0.0000E+00    5.088000E+08  0.00040  4.530E-04    0   0.6182   age130_m32            0.0000     2.9247E+00     5.4096  -0.0217   101.2293
 40      0.0000     0.0000E+00    0.0000E+00    9.047900E+08  0.00040  2.875E-04    0   0.5890   age135_m32            0.0000     2.6552E+00     5.5574  -0.3602   101.3947
 41      0.0000     0.0000E+00    0.0000E+00    1.278050E+09  0.00040  2.253E-04    0   0.5687   age138_m32            0.0000     2.7499E+00     5.7530  -0.6655   101.1709
 42      0.0000     0.0000E+00    0.0000E+00    1.434000E+09  0.00040  2.042E-04    0   0.5632   age139_m32            0.0000     2.7791E+00     5.8156  -0.7304   101.2558
 43      0.0007     6.7524E-04    6.8842E-04    2.500000E+09  0.00040  1.327E-04    0   0.5386   age150_m32            0.0000     2.3883E+00     5.5920  -0.8726   101.1048
 44      0.0000     0.0000E+00    0.0000E+00    4.250000E+09  0.00040  8.625E-05    0   0.5199   age158_m32            0.0000     2.0544E+00     5.4689  -0.9339   100.8438
 45      0.0000     0.0000E+00    0.0000E+00    6.250000E+09  0.00040  6.370E-05    0   0.5076   age166_m32            0.0000     2.4314E+00     5.5355  -1.0000   102.9024
 46      0.0000     0.0000E+00    0.0000E+00    7.500000E+09  0.00040  5.430E-05    0   0.5027   age171_m32            0.0000     3.0218E+00     6.1380  -1.0000   103.7925
 47      0.0000     0.0000E+00    0.0000E+00    1.000000E+10  0.00040  4.211E-05    0   0.4948   age181_m32            0.0000     3.8457E+00     7.1093  -1.0000   104.1857
 48      0.0000     0.0000E+00    0.0000E+00    1.300000E+10  0.00040  3.431E-05    0   0.4870   age193_m32            0.0000     3.8158E+00     7.0541  -1.0000   104.1063
 49      0.0000     0.0000E+00    0.0000E+00    1.500000E+10  0.00040  3.025E-05    0   0.4854   age201_m32            0.0000     3.6243E+00     6.8002  -1.0000   103.9266
 50      0.0000     0.0000E+00    0.0000E+00    1.800000E+10  0.00040  2.570E-05    0   0.4819   age213_m32            0.0000     3.6921E+00     6.9333  -1.0000   103.8405
 51      0.0000     0.0000E+00    0.0000E+00    1.000000E+06  0.00400  4.678E-03    0   1.0000   age020_m42            0.0000     1.2069E+00     4.9466   1.0840   102.3855
 52      0.0000     0.0000E+00    0.0000E+00    3.160000E+06  0.00400  2.025E-02    0   0.9999   age045_m42            0.0000     1.6823E+00     5.1403   0.4970   101.6371
 53      0.0000     0.0000E+00    0.0000E+00    5.010000E+06  0.00400  1.180E-02    0   0.9488   age055_m42            0.0000     1.3972E+00     4.9205   0.7596   101.3949
 54      0.0000     0.0000E+00    0.0000E+00    6.610000E+06  0.00400  1.344E-02    0   0.9220   age061_m42            0.0000     1.7082E+00     4.9601   0.4421   100.9727
 55      0.0000     0.0000E+00    0.0000E+00    8.710000E+06  0.00400  9.382E-03    0   0.8983   age067_m42            0.0000     1.4586E+00     4.4191   0.2650    99.1119
 56      0.0000     0.0000E+00    0.0000E+00    1.000000E+07  0.00400  7.025E-03    0   0.8862   age070_m42            0.0000     1.3360E+00     4.1831   0.2263    97.8828
 57      0.0000     0.0000E+00    0.0000E+00    1.445000E+07  0.00400  3.902E-03    0   0.8571   age078_m42            0.0000     1.2300E+00     4.1763   0.4948    98.8617
 58      0.0000     0.0000E+00    0.0000E+00    2.512000E+07  0.00400  2.877E-03    0   0.8174   age090_m42            0.0000     1.3507E+00     4.1475   0.1220    97.3209
 59      0.0000     0.0000E+00    0.0000E+00    4.000000E+07  0.00400  2.145E-03    0   0.7851   age104_m42            0.0000     1.4830E+00     4.2720  -0.0726    97.6985
 60      0.0000     0.0000E+00    0.0000E+00    5.500000E+07  0.00400  1.756E-03    0   0.7629   age110_m42            0.0000     1.8400E+00     4.5542   0.0540    98.7490
 61      0.0000     0.0000E+00    0.0000E+00    1.015200E+08  0.00400  1.258E-03    0   0.7207   age116_m42            0.0000     2.1670E+00     4.8009   0.0697    98.9889
 62      0.0000     0.0000E+00    0.0000E+00    1.609000E+08  0.00400  9.943E-04    0   0.6930   age120_m42            0.0000     2.2875E+00     4.8476  -0.0023    99.4225
 63      0.0000     0.0000E+00    0.0000E+00    2.861200E+08  0.00400  6.945E-04    0   0.6613   age125_m42            0.0000     2.4186E+00     4.8951  -0.3154    98.7809
 64      0.0000     0.0000E+00    0.0000E+00    5.088000E+08  0.00400  4.222E-04    0   0.6313   age130_m42            0.0000     2.9918E+00     5.4033  -0.3422    99.4009
 65      0.0004     1.8695E-04    2.1317E-04    9.047900E+08  0.00400  2.723E-04    0   0.6024   age135_m42            0.0000     3.5070E+00     5.8220  -0.6685    99.0882
 66      0.6152     3.0212E-01    3.3381E-01    1.278050E+09  0.00400  2.636E-04    0   0.5837   age138_m42            0.0000     6.8741E+00     8.4069  -1.0000   100.6419
 67      0.0000     0.0000E+00    0.0000E+00    1.434000E+09  0.00400  1.749E-04    0   0.5716   age139_m42            0.0000     4.0170E+00     5.8926  -1.0000    99.2767
 68      0.0000     0.0000E+00    0.0000E+00    2.500000E+09  0.00400  1.033E-04    0   0.5463   age150_m42            0.0000     7.0471E+00     9.3306  -1.0000   102.1843
 69      2.2329     4.7024E+00    4.6900E+00    4.250000E+09  0.00400  6.148E-05    0   0.5269   age158_m42            0.0000     1.2227E+01    13.7094  -1.0000   102.1036
 70      0.0000     0.0000E+00    0.0000E+00    6.250000E+09  0.00400  4.563E-05    0   0.5151   age166_m42            0.0000     1.5632E+01    15.7762  -1.0000   101.9442
 71      0.0000     0.0000E+00    0.0000E+00    7.500000E+09  0.00400  3.962E-05    0   0.5110   age171_m42            0.0000     1.7752E+01    16.8386  -1.0000   101.7129
 72      0.0000     0.0000E+00    0.0000E+00    1.000000E+10  0.00400  3.059E-05    0   0.5028   age181_m42            0.0000     2.0468E+01    18.0996  -1.0000   101.4498
 73      0.0000     0.0000E+00    0.0000E+00    1.300000E+10  0.00400  2.409E-05    0   0.4927   age193_m42            0.0000     2.3341E+01    19.3574  -1.0000   101.0314
 74      3.5546     2.1408E+01    1.9933E+01    1.500000E+10  0.00400  2.150E-05    0   0.4919   age201_m42            0.0000     2.3726E+01    19.5848  -1.0000   100.9975
 75      0.0000     0.0000E+00    0.0000E+00    1.800000E+10  0.00400  1.835E-05    0   0.4874   age213_m42            0.0000     2.3539E+01    19.6482  -1.0000   100.9824
 76      0.0011     2.6882E-05    5.0885E-05    1.000000E+06  0.00800  5.288E-03    0   1.0000   age020_m52            0.0000     1.2063E+00     4.9424   1.0812   102.3531
 77      0.0000     0.0000E+00    0.0000E+00    3.160000E+06  0.00800  1.335E-02    0   0.9966   age045_m52            0.0000     1.2332E+00     4.9783   1.0171   102.3553
 78      0.0000     0.0000E+00    0.0000E+00    5.010000E+06  0.00800  1.216E-02    0   0.9443   age055_m52            0.0000     1.3231E+00     4.8448   0.8266   101.3367
 79      0.0000     0.0000E+00    0.0000E+00    6.610000E+06  0.00800  1.316E-02    0   0.9177   age061_m52            0.0000     1.2544E+00     4.5336  -0.2234    97.7431
 80      0.0000     0.0000E+00    0.0000E+00    8.710000E+06  0.00800  8.810E-03    0   0.8948   age067_m52            0.0000     1.2097E+00     4.0946   0.1275    97.0129
 81      0.0000     0.0000E+00    0.0000E+00    1.000000E+07  0.00800  6.049E-03    0   0.8827   age070_m52            0.0000     1.1933E+00     4.0245   0.3824    97.1036
 82      0.0000     0.0000E+00    0.0000E+00    1.445000E+07  0.00800  4.275E-03    0   0.8552   age078_m52            0.0000     1.2552E+00     4.1576   0.4686    98.1744
 83      0.0000     0.0000E+00    0.0000E+00    2.512000E+07  0.00800  2.934E-03    0   0.8162   age090_m52            0.0000     1.3974E+00     4.1465   0.1809    96.1933
 84      0.0000     0.0000E+00    0.0000E+00    4.000000E+07  0.00800  2.104E-03    0   0.7841   age104_m52            0.0000     1.5917E+00     4.2557   0.1063    96.8026
 85      0.0000     0.0000E+00    0.0000E+00    5.500000E+07  0.00800  1.679E-03    0   0.7627   age110_m52            0.0000     1.7291E+00     4.3335   0.1276    97.4289
 86      0.0000     0.0000E+00    0.0000E+00    1.015200E+08  0.00800  1.200E-03    0   0.7226   age116_m52            0.0000     1.9245E+00     4.5298   0.0481    97.8166
 87      0.0000     0.0000E+00    0.0000E+00    1.609000E+08  0.00800  9.146E-04    0   0.6963   age120_m52            0.0000     2.1367E+00     4.7156  -0.1121    97.7742
 88      0.0000     0.0000E+00    0.0000E+00    2.861200E+08  0.00800  6.159E-04    0   0.6665   age125_m52            0.0000     3.0227E+00     5.3289  -0.3241    97.8296
 89      0.0000     0.0000E+00    0.0000E+00    5.088000E+08  0.00800  3.792E-04    0   0.6377   age130_m52            0.0000     3.8050E+00     5.9794  -0.4836    97.4540
 90      0.0000     0.0000E+00    0.0000E+00    9.047900E+08  0.00800  2.387E-04    0   0.6086   age135_m52            0.0000     4.5944E+00     7.3467  -0.9853    98.3401
 91      0.0000     0.0000E+00    0.0000E+00    1.278050E+09  0.00800  2.192E-04    0   0.5907   age138_m52            0.0000     1.2117E+01    12.7385  -1.0000    99.8057
 92      0.0000     0.0000E+00    0.0000E+00    1.434000E+09  0.00800  1.542E-04    0   0.5787   age139_m52            0.0000     8.1446E+00     9.6469  -1.0000    99.7672
 93      0.0000     0.0000E+00    0.0000E+00    2.500000E+09  0.00800  8.374E-05    0   0.5519   age150_m52            0.0000     1.7288E+01    16.1728  -1.0000   100.0197
 94      1.0075     2.7504E+00    2.7697E+00    4.250000E+09  0.00800  4.743E-05    0   0.5320   age158_m52            0.0000     1.8706E+01    16.9525  -1.0000    99.9572
 95      0.0000     0.0000E+00    0.0000E+00    6.250000E+09  0.00800  3.717E-05    0   0.5197   age166_m52            0.0000     2.5823E+01    19.8558  -1.0000    98.9522
 96      0.0000     0.0000E+00    0.0000E+00    7.500000E+09  0.00800  3.097E-05    0   0.5139   age171_m52            0.0000     2.7346E+01    20.4567  -1.0000    98.7096
 97      0.0000     0.0000E+00    0.0000E+00    1.000000E+10  0.00800  2.429E-05    0   0.5054   age181_m52            0.0000     3.4068E+01    22.9255  -1.0000    97.1953
 98      3.2293     2.2178E+01    2.0939E+01    1.300000E+10  0.00800  1.885E-05    0   0.4988   age193_m52            0.0000     4.3995E+01    25.8561  -1.0000    94.8294
 99      0.0000     0.0000E+00    0.0000E+00    1.500000E+10  0.00800  1.640E-05    0   0.4936   age201_m52            0.0000     4.7096E+01    26.4832  -1.0000    94.2281
100      0.0000     0.0000E+00    0.0000E+00    1.800000E+10  0.00800  1.430E-05    0   0.4888   age213_m52            0.0000     4.9053E+01    26.7166  -1.0000    93.9074
101      0.0015     3.0131E-05    5.7035E-05    1.000000E+06  0.02000  6.587E-03    0   1.0000   age020_m62            0.0000     1.2020E+00     4.9492   1.0770   102.3746
102      0.0000     0.0000E+00    0.0000E+00    3.160000E+06  0.02000  1.625E-02    0   0.9858   age045_m62            0.0000     1.2369E+00     4.9899   1.0250   102.4708
103      0.0000     0.0000E+00    0.0000E+00    5.010000E+06  0.02000  1.528E-02    0   0.9342   age055_m62            0.0000     1.5710E+00     5.0141   0.7303   100.9577
104      0.0000     0.0000E+00    0.0000E+00    6.610000E+06  0.02000  1.199E-02    0   0.9090   age061_m62            0.0000     1.1989E+00     4.1719   0.4700    98.0374
105      0.0000     0.0000E+00    0.0000E+00    8.710000E+06  0.02000  6.182E-03    0   0.8861   age067_m62            0.0000     1.2889E+00     4.8912  -0.0520    90.6681
106      0.0000     0.0000E+00    0.0000E+00    1.000000E+07  0.02000  5.635E-03    0   0.8751   age070_m62            0.0000     1.1056E+00     4.3715   0.0003    92.9872
107      0.0000     0.0000E+00    0.0000E+00    1.445000E+07  0.02000  4.096E-03    0   0.8472   age078_m62            0.0000     1.1182E+00     4.0550   0.0924    95.2987
108      0.0000     0.0000E+00    0.0000E+00    2.512000E+07  0.02000  2.418E-03    0   0.8099   age090_m62            0.0000     1.2279E+00     4.1776   0.0934    94.6339
109      0.0000     0.0000E+00    0.0000E+00    4.000000E+07  0.02000  1.849E-03    0   0.7799   age104_m62            0.0000     1.3889E+00     4.1221   0.0815    95.5016
110      0.0000     0.0000E+00    0.0000E+00    5.500000E+07  0.02000  1.484E-03    0   0.7595   age110_m62            0.0000     1.5474E+00     4.2430   0.0872    96.1800
111      0.0000     0.0000E+00    0.0000E+00    1.015200E+08  0.02000  1.011E-03    0   0.7221   age116_m62            0.0000     1.9552E+00     4.4921   0.0292    96.2378
112      0.0000     0.0000E+00    0.0000E+00    1.609000E+08  0.02000  7.665E-04    0   0.6978   age120_m62            0.0000     2.4548E+00     4.7785  -0.0368    96.7049
113      0.0000     0.0000E+00    0.0000E+00    2.861200E+08  0.02000  5.328E-04    0   0.6700   age125_m62            0.0000     3.2909E+00     5.2845  -0.2483    96.5656
114      0.0000     0.0000E+00    0.0000E+00    5.088000E+08  0.02000  3.313E-04    0   0.6430   age130_m62            0.0000     4.5035E+00     6.6384  -0.5867    97.5306
115      0.0000     0.0000E+00    0.0000E+00    9.047900E+08  0.02000  1.921E-04    0   0.6152   age135_m62            0.0000     4.9572E+00     7.0131  -1.0000    97.9196
116      0.0000     0.0000E+00    0.0000E+00    1.278050E+09  0.02000  1.362E-04    0   0.5927   age138_m62            0.0000     9.3186E+00    10.2933  -1.0000    99.4753
117      0.0000     0.0000E+00    0.0000E+00    1.434000E+09  0.02000  1.164E-04    0   0.5865   age139_m62            0.0000     1.0172E+01    10.9480  -1.0000    98.8491
118      2.3965     4.8224E+00    5.1210E+00    2.500000E+09  0.02000  6.434E-05    0   0.5610   age150_m62            0.0000     2.0297E+01    17.1350  -1.0000    99.3284
119      1.5377     5.0722E+00    5.1913E+00    4.250000E+09  0.02000  3.925E-05    0   0.5407   age158_m62            0.0000     3.1599E+01    21.1926  -1.0000    97.2294
120      0.0000     0.0000E+00    0.0000E+00    6.250000E+09  0.02000  2.780E-05    0   0.5277   age166_m62            0.0000     3.7423E+01    22.9701  -1.0000    95.7993
121      0.9525     5.1481E+00    5.0897E+00    7.500000E+09  0.02000  2.396E-05    0   0.5223   age171_m62            0.0000     4.0736E+01    23.8650  -1.0000    95.1146
122      0.0000     0.0000E+00    0.0000E+00    1.000000E+10  0.02000  1.841E-05    0   0.5121   age181_m62            0.0000     4.6224E+01    25.1387  -1.0000    93.8983
123      0.0000     0.0000E+00    0.0000E+00    1.300000E+10  0.02000  1.415E-05    0   0.5047   age193_m62            0.0000     4.9404E+01    25.8282  -1.0000    93.5392
124      0.0000     0.0000E+00    0.0000E+00    1.500000E+10  0.02000  1.246E-05    0   0.4999   age201_m62            0.0000     5.2250E+01    26.4248  -1.0000    92.9381
125      0.0000     0.0000E+00    0.0000E+00    1.800000E+10  0.02000  1.049E-05    0   0.4946   age213_m62            0.0000     5.5495E+01    27.0776  -1.0000    92.0851
126      0.0000     0.0000E+00    0.0000E+00    1.000000E+06  0.05000  1.108E-02    0   0.9998   age020_m72            0.0000     1.1823E+00     4.9498   1.0684   102.3913
127      0.0000     0.0000E+00    0.0000E+00    3.160000E+06  0.05000  2.135E-02    0   0.9577   age045_m72            0.0000     1.3896E+00     5.0962   0.9330   101.8263
128      0.0000     0.0000E+00    0.0000E+00    5.010000E+06  0.05000  1.460E-02    0   0.9147   age055_m72            0.0000     1.1153E+00     4.1564   0.5677    98.5462
129      0.0000     0.0000E+00    0.0000E+00    6.610000E+06  0.05000  7.658E-03    0   0.8877   age061_m72            0.0000     1.8957E+00     6.7411   0.0140    91.6996
130      0.0000     0.0000E+00    0.0000E+00    8.710000E+06  0.05000  5.089E-03    0   0.8638   age067_m72            0.0000     1.3121E+00     5.1662   0.4365    96.5069
131      0.0000     0.0000E+00    0.0000E+00    1.000000E+07  0.05000  4.159E-03    0   0.8524   age070_m72            0.0000     1.2806E+00     4.7233   0.7322   100.5877
132      0.0000     0.0000E+00    0.0000E+00    1.445000E+07  0.05000  3.024E-03    0   0.8262   age078_m72            0.0000     1.3766E+00     4.5959   0.7221   100.5833
133      0.0000     0.0000E+00    0.0000E+00    2.512000E+07  0.05000  2.058E-03    0   0.7902   age090_m72            0.0000     1.4334E+00     4.4285   0.4892    97.9726
134      0.0000     0.0000E+00    0.0000E+00    4.000000E+07  0.05000  1.560E-03    0   0.7618   age104_m72            0.0000     1.5755E+00     4.5285   0.3054    96.4624
135      0.0000     0.0000E+00    0.0000E+00    5.500000E+07  0.05000  1.287E-03    0   0.7432   age110_m72            0.0000     1.6814E+00     4.2490   0.2376    95.8994
136      0.0000     0.0000E+00    0.0000E+00    1.015200E+08  0.05000  9.043E-04    0   0.7092   age116_m72            0.0000     2.1932E+00     4.4551   0.0892    95.8012
137      0.0000     0.0000E+00    0.0000E+00    1.609000E+08  0.05000  6.804E-04    0   0.6876   age120_m72            0.0000     2.8380E+00     4.8957  -0.0185    96.4976
138      0.0000     0.0000E+00    0.0000E+00    2.861200E+08  0.05000  4.498E-04    0   0.6618   age125_m72            0.0000     3.8759E+00     5.8232  -0.3789    96.1229
139      0.0000     0.0000E+00    0.0000E+00    5.088000E+08  0.05000  2.663E-04    0   0.6356   age130_m72            0.0000     4.6393E+00     7.3955  -0.8419    95.0789
140      4.3548     3.7663E+00    4.3403E+00    9.047900E+08  0.05000  1.497E-04    0   0.6088   age135_m72            0.0000     1.0498E+01    10.3446  -1.0000    98.3054
141      0.0000     0.0000E+00    0.0000E+00    1.278050E+09  0.05000  1.103E-04    0   0.5924   age138_m72            0.0000     1.9923E+01    16.5025  -1.0000    96.9046
142      0.0000     0.0000E+00    0.0000E+00    1.434000E+09  0.05000  9.172E-05    0   0.5847   age139_m72            0.0000     2.1130E+01    17.2284  -1.0000    96.9516
143      0.0000     0.0000E+00    0.0000E+00    2.500000E+09  0.05000  4.988E-05    0   0.5583   age150_m72            0.0000     3.2658E+01    21.2316  -1.0000    95.9622
144      0.8583     3.9450E+00    4.0130E+00    4.250000E+09  0.05000  2.817E-05    0   0.5374   age158_m72            0.0000     4.2620E+01    24.4120  -1.0000    94.2084
145      1.9948     1.2902E+01    1.2802E+01    6.250000E+09  0.05000  2.002E-05    0   0.5242   age166_m72            0.0000     5.0901E+01    26.2496  -1.0000    92.0227
146      0.0000     0.0000E+00    0.0000E+00    7.500000E+09  0.05000  1.682E-05    0   0.5183   age171_m72            0.0000     5.1937E+01    26.5801  -1.0000    91.6065
147      0.0000     0.0000E+00    0.0000E+00    1.000000E+10  0.05000  1.281E-05    0   0.5081   age181_m72            0.0000     5.6188E+01    27.3906  -1.0000    90.8226
148      0.0000     0.0000E+00    0.0000E+00    1.300000E+10  0.05000  9.935E-06    0   0.5018   age193_m72            0.0000     6.3031E+01    28.6952  -1.0000    89.1872
149      0.0315     4.7733E-01    4.4923E-01    1.500000E+10  0.05000  8.553E-06    0   0.4972   age201_m72            0.0000     6.6153E+01    29.2461  -1.0000    88.2446
150      0.3960     7.0406E+00    6.5623E+00    1.800000E+10  0.05000  7.281E-06    0   0.4924   age213_m72            0.0000     6.9690E+01    29.9334  -1.0000    86.7482


## Synthesis Results - Average & Chains ##

# j      x_j: min, <> & last-chain-values for 1 ...  7 chains
  1     73.0075     60.2917     65.3891     67.5550     68.4030     69.3702     65.0999     65.3253     66.3857
  2      0.0003      0.2350      0.0000      0.0000      0.7652      0.1595      0.5322      0.5764      0.7903
  3      0.0121      0.4645      0.0000      2.2351      0.0000      0.0000      2.2026      0.0000      0.0000
  4      0.0000      0.2554      0.3731      0.9209      0.9952      0.1365      0.0000      0.0000      0.0000
  5      0.0000      0.4922      0.0000      0.0000      0.0000      0.0000      0.0000      2.9797      0.0000
  6      0.0000      0.4206      0.0000      0.0000      0.0000      0.0000      0.0000      0.0000      0.4219
  7      0.0000      0.1827      0.2173      0.0000      0.0820      0.0000      0.0000      0.0000      0.0000
  8      0.0000      0.0897      0.0000      0.0000      0.1237      0.0000      0.0000      0.0000      0.0201
  9      0.0000      0.0529      0.0000      0.0000      0.0000      0.0000      0.0000      0.0000      0.1409
 10      0.0000      0.0575      0.0000      0.0000      0.0000      0.0000      0.0000      0.0000      0.0000
 11      0.0000      0.0567      0.0000      0.0000      0.0000      0.0000      0.0000      0.0000      0.0000
 12      0.0000      0.0838      0.0000      0.0000      0.0000      0.0000      0.0121      0.0000      0.0000
 13      0.0000      0.0501      0.0000      0.0000      0.0000      0.0000      0.0000      0.0000      0.0000
 14      0.0000      0.0540      0.7829      0.0000      0.0000      0.0000      0.0000      0.0000      0.0000
 15      0.0000      0.0673      0.0000      0.0000      0.0000      0.0000      0.0000      0.0000      0.0000
 16      0.0000      0.0998      0.0000      0.0000      0.0000      0.0000      0.0000      0.0000      0.0471
 17      0.0000      0.1605      0.0000      0.0000      1.3341      0.0000      0.0000      0.0003      0.0000
 18      0.0000      0.1506      0.0000      0.0000      0.0000      0.0820      0.0000      0.0000      0.0000
 19      0.0000      0.0953      0.0000      0.0000      0.0000      0.4014      0.0000      0.0000      0.0000
 20      0.0034      0.2709      3.3466      0.0000      0.0000      0.3113      0.9515      0.0000      0.9875
 21      0.0000      0.1474      0.0000      0.0000      0.0000      0.0415      0.0000      0.0000      0.0000
 22      0.0000      0.1407      0.0000      1.3269      0.0000      0.0000      0.0000      0.0000      0.0000
 23      0.0000      0.1472      0.0000      0.0000      0.0000      0.0000      0.0000      0.5191      0.0000
 24      0.0266      0.1800      0.0000      0.4547      0.0000      0.3584      0.2737      0.0000      0.0000
 25      0.4873      0.5233      0.9459      0.0000      0.0000      0.5346      3.3358      0.6179      0.1324
 26      0.0123      1.6550      1.3496      1.3353      2.6300      0.0000      2.6736      1.4397      3.2592
 27      0.0000      0.1406      0.0000      0.0000      0.1287      0.0000      0.0000      0.0000      0.0000
 28      0.0000      0.2534      0.0000      0.0000      0.0000      0.0000      0.0000      0.0000      0.8981
 29      0.0000      0.3147      0.1960      0.0000      0.0000      0.0000      0.0000      0.0000      0.0000
 30      0.0000      0.2459      0.0000      0.0000      0.0000      0.0000      0.0000      0.0000      0.1494
 31      0.0000      0.1963      0.7026      0.0000      0.1723      0.0000      0.0000      0.0000      0.0000
 32      0.0000      0.1041      0.0000      0.0000      0.0721      0.0000      0.0000      0.0000      0.0000
 33      0.0000      0.1362      0.0000      0.0000      0.0000      0.0000      0.0000      0.0000      0.2608
 34      0.0000      0.0937      0.0000      0.0000      0.0000      0.4455      0.0000      0.0508      0.0000
 35      0.0000      0.0676      0.0000      0.0000      0.0000      0.0000      0.0000      0.2020      0.0000
 36      0.0000      0.0650      0.0000      0.0000      0.0000      0.0000      0.0000      0.0000      0.0000
 37      0.0000      0.0640      0.0000      0.0000      0.0000      0.0000      0.0000      0.0000      0.0000
 38      0.0000      0.0539      0.0000      0.0000      0.0000      0.0000      0.0000      0.0682      0.0158
 39      0.0000      0.0599      0.0000      0.3229      0.8832      0.3203      0.0000      0.2721      0.0000
 40      0.0000      0.1009      0.0000      0.1076      0.0000      0.0185      0.0000      0.0000      0.0000
 41      0.0000      0.0707      0.0000      0.0000      0.0000      0.3203      0.0000      0.0000      0.0000
 42      0.0000      0.1319      0.0000      0.0000      0.0510      0.0000      0.0000      0.0000      0.0000
 43      0.0007      0.2628      0.9340      0.0000      0.0000      0.4182      1.4885      0.0000      0.0000
 44      0.0000      0.1307      0.0000      0.0000      0.0000      0.0000      0.0000      0.0333      0.0000
 45      0.0000      0.1413      0.0000      0.0000      0.0000      0.0000      0.0000      0.0000      0.5625
 46      0.0000      0.2463      0.0000      0.0000      0.0000      0.0000      0.0000      0.0000      1.1290
 47      0.0000      0.1713      0.0000      0.0000      0.0000      0.0000      0.0000      0.0000      0.6724
 48      0.0000      0.2154      0.0000      0.0000      0.0000      0.6193      0.2439      0.0000      0.0000
 49      0.0000      0.3253      0.0000      0.0000      0.9618      0.0000      0.0000      0.0369      0.0017
 50      0.0000      0.1422      0.0000      0.0000      0.0000      0.0000      0.0000      0.0000      0.0000
 51      0.0000      0.8873      0.0000      0.0000      0.0000      0.0000      0.0000      0.0000      0.0000
 52      0.0000      0.1449      0.1264      0.0000      0.0000      0.0000      0.0000      0.0000      1.0452
 53      0.0000      0.1777      0.0000      1.2919      0.0000      0.0000      0.0000      0.0000      0.0000
 54      0.0000      0.0901      0.0000      0.0000      0.0000      0.0000      0.0000      0.0000      0.0000
 55      0.0000      0.1286      0.0000      0.0952      0.0308      0.8328      0.0000      0.1883      0.0000
 56      0.0000      0.1468      0.0000      0.0000      0.4267      0.0000      0.0000      0.0000      0.0000
 57      0.0000      0.2000      0.3502      0.8357      0.0000      0.0000      0.0000      0.0000      0.0000
 58      0.0000      0.1402      0.0000      0.0000      0.0000      0.0000      0.0000      0.0000      0.0000
 59      0.0000      0.1944      0.0000      0.0000      0.0916      0.7800      0.2030      0.0000      0.0000
 60      0.0000      0.1327      0.0000      0.0000      0.0000      0.0000      0.0000      0.0000      0.0000
 61      0.0000      0.0721      0.0000      0.0000      0.0000      0.2838      0.0000      0.2408      0.0000
 62      0.0000      0.0497      0.0000      0.0000      0.0000      0.0000      0.0000      0.0000      0.0000
 63      0.0000      0.0792      0.0000      0.0000      0.0000      0.0000      0.0000      0.0000      0.0000
 64      0.0000      0.0810      0.0000      0.0000      1.0040      0.0000      0.5093      0.0000      0.0000
 65      0.0004      0.1520      0.0000      0.0142      0.3665      0.0000      0.6055      0.0000      0.0000
 66      0.6152      0.2922      0.3356      0.7906      0.7211      0.3253      0.2931      0.6896      0.0000
 67      0.0000      0.0961      0.0000      0.0000      0.0000      0.4438      0.0000      0.0000      0.0000
 68      0.0000      0.4696      0.4264      0.2522      0.0000      1.1115      0.2724      1.8025      0.8739
 69      2.2329      0.1542      0.4966      0.0000      0.3888      0.0000      0.7791      0.0000      0.5022
 70      0.0000      0.5233      0.2628      0.8580      0.3028      1.6156      0.0000      0.0000      0.0000
 71      0.0000      0.3284      0.0000      0.2047      0.0000      0.0000      0.0000      1.7255      0.1891
 72      0.0000      0.1628      0.0208      1.9180      0.0000      0.7424      0.0000      0.4781      0.0000
 73      0.0000      0.1665      0.6223      0.0000      0.0000      1.0903      0.0759      0.1749      0.0000
 74      3.5546      0.9231      1.7915      0.3981      0.9124      0.0000      0.6521      0.0000      0.9246
 75      0.0000      0.4200      0.0000      0.4841      0.1370      1.6933      0.0000      0.0000      0.9763
 76      0.0011      0.5098      0.7057      0.0000      0.0000      0.3646      0.8512      1.8318      0.6692
 77      0.0000      0.6266      0.0000      0.0000      0.0000      0.0000      1.8719      0.0669      0.0217
 78      0.0000      0.1597      0.0000      0.0000      0.0000      0.0000      0.0000      0.0000      0.0000
 79      0.0000      0.3988      0.0000      0.4526      0.0000      0.0000      0.0000      0.0000      0.0000
 80      0.0000      0.1752      0.0000      0.0000      0.0000      0.0000      0.0000      0.0000      0.0000
 81      0.0000      0.1066      0.0000      0.0000      0.0000      0.0000      0.0000      0.0000      0.0000
 82      0.0000      0.1557      0.0000      0.0000      0.0000      1.6059      0.0000      0.4014      0.0354
 83      0.0000      0.1373      0.0000      0.0000      0.0000      0.0000      0.0000      0.0922      0.0000
 84      0.0000      0.0882      0.0000      0.0000      0.0000      0.0000      0.0000      0.2628      0.0000
 85      0.0000      0.1301      0.0000      0.0000      0.0000      0.0000      0.0000      0.0000      0.0000
 86      0.0000      0.0713      0.0000      0.0000      0.0000      0.0000      0.0000      0.0000      0.0000
 87      0.0000      0.0630      1.1139      0.0000      0.0000      0.0000      0.1972      0.0000      0.0000
 88      0.0000      0.0518      0.0981      0.0000      0.0000      0.0000      0.0000      0.0000      0.0000
 89      0.0000      0.0963      0.2035      0.0000      0.0000      0.4789      0.0000      0.0934      0.8980
 90      0.0000      0.1051      0.0000      0.0000      0.0000      0.5607      0.0000      0.0000      0.0000
 91      0.0000      0.1436      0.5699      0.3501      0.0000      0.0000      0.0000      0.0000      0.0000
 92      0.0000      0.1216      0.0000      0.0000      0.0000      0.0000      0.0000      0.0000      0.1475
 93      0.0000      0.0839      0.0000      0.0000      0.0000      0.0000      0.0000      0.0000      0.0000
 94      1.0075      0.3482      0.0000      0.0000      0.0779      0.0000      0.8907      0.7068      0.0000
 95      0.0000      0.5233      2.2831      1.0604      2.5386      0.0000      0.0000      0.7571      0.6298
 96      0.0000      0.1189      0.0000      0.0000      0.0000      0.2042      0.0000      1.2475      0.0000
 97      0.0000      0.2100      0.0051      0.0000      0.0000      0.4905      0.0000      1.4430      0.0000
 98      3.2293      1.3907      1.6373      1.6694      0.9628      1.3425      1.1237      1.7312      2.5657
 99      0.0000      0.4174      0.2048      0.0000      1.0137      0.4681      0.2115      0.0000      1.4492
100      0.0000      0.1968      0.0760      1.2730      0.0000      0.0000      0.0000      0.9268      0.0000
101      0.0015      0.4430      1.4112      0.4169      0.0000      0.0000      0.2982      0.0000      0.5210
102      0.0000      0.5942      0.0000      0.0000      0.0000      0.9553      0.0000      1.3174      0.0000
103      0.0000      0.1344      0.0000      0.0000      0.1594      0.0000      0.0000      0.0000      0.0000
104      0.0000      0.1673      0.0000      0.0000      0.0000      0.0000      0.0000      0.0000      0.0000
105      0.0000      0.1560      0.0000      0.0000      0.0000      0.0000      0.0000      0.0000      0.0000
106      0.0000      0.3288      0.0000      0.0000      0.3405      0.0991      0.7484      0.0000      0.0000
107      0.0000      0.2213      0.0000      0.0000      0.0160      0.0000      0.0000      0.1398      0.0160
108      0.0000      0.1191      0.1095      0.2511      0.0000      0.0000      0.0000      0.0000      0.0000
109      0.0000      0.0987      0.0000      0.0000      0.1352      0.0000      0.0000      0.0000      0.0000
110      0.0000      0.1047      0.0000      0.1522      0.0000      0.0000      0.0000      0.0000      0.0000
111      0.0000      0.0706      0.0000      0.0000      0.0000      0.0000      0.0000      0.0000      0.0000
112      0.0000      0.0691      0.0000      0.0000      0.0000      0.0000      0.0000      0.0000      0.0527
113      0.0000      0.0576      0.0000      0.0000      0.1083      0.0000      0.0427      0.0000      0.0000
114      0.0000      0.0989      0.0000      1.7531      0.6911      0.0000      0.0000      0.0000      0.1315
115      0.0000      0.1401      0.0000      0.3122      0.0000      0.0000      0.0000      0.0000      0.0000
116      0.0000      0.1681      0.8419      0.1769      0.3463      0.0678      0.0000      0.6345      0.0000
117      0.0000      0.1639      0.0000      0.7524      0.3771      0.0000      0.0000      0.0000      0.0000
118      2.3965      0.3355      0.3581      0.5769      0.5528      0.0000      0.3558      0.0000      0.6818
119      1.5377      0.2851      0.0000      0.3869      0.0000      0.0000      2.7931      0.0000      0.5166
120      0.0000      0.1054      0.0000      0.0000      0.0730      0.0000      0.0000      0.0000      0.0000
121      0.9525      0.3308      0.1685      0.4959      0.9287      1.2790      0.7437      0.0907      0.0000
122      0.0000      0.1287      0.0000      0.0000      0.4377      0.0000      0.2261      0.0000      0.0000
123      0.0000      0.0896      0.0000      0.0000      0.0000      0.0000      0.0000      0.0000      0.0000
124      0.0000      0.0780      0.0000      0.0000      0.0000      0.0000      0.0000      0.0000      0.0000
125      0.0000      0.0662      0.0000      0.0000      0.0000      0.0000      0.0000      0.0000      0.1106
126      0.0000      1.2515      1.0947      0.0000      0.0000      0.0000      0.0000      0.0630      1.0183
127      0.0000      0.2374      0.0000      0.0000      0.0000      0.0000      0.0000      0.3415      0.2430
128      0.0000      0.2300      0.0000      0.0000      0.0000      0.0000      0.0000      0.0000      0.3767
129      0.0000      0.2570      0.1110      0.0000      0.0000      0.3444      0.0345      0.0000      0.0000
130      0.0000      0.2775      0.0000      0.0000      0.0000      0.0000      0.0000      0.0000      1.0967
131      0.0000      0.1725      0.0000      0.0000      0.0000      0.0000      0.0000      0.0000      0.0000
132      0.0000      0.1087      0.0000      0.0364      0.0000      0.0222      0.0000      0.0000      0.0000
133      0.0000      0.0995      0.0000      0.0000      0.0000      0.0000      0.0000      0.0000      0.0000
134      0.0000      0.1002      0.0000      0.0000      0.0000      0.0000      0.0000      0.0000      0.0000
135      0.0000      0.0683      0.0000      0.1238      0.0000      0.0000      0.0000      0.0000      0.0000
136      0.0000      0.0649      0.0000      0.0000      0.0000      0.0245      0.0000      0.0000      0.0000
137      0.0000      0.0302      0.0000      0.0000      0.0000      0.0000      0.0000      0.0000      0.0000
138      0.0000      0.0805      0.0000      0.5704      0.0000      0.0000      0.0000      0.0000      0.0000
139      0.0000      0.1464      0.0000      0.0000      0.0000      0.0453      0.0000      0.0000      0.0000
140      4.3548      0.3011      0.0000      0.0000      0.0000      0.1745      1.3004      0.6783      0.0000
141      0.0000      0.1943      0.0000      0.0000      0.0000      0.3859      0.0000      0.1283      0.0000
142      0.0000      0.1150      0.1211      0.0000      0.7930      0.0000      0.0000      0.0000      0.0000
143      0.0000      0.1582      0.0000      0.0000      0.0000      0.0000      0.0000      0.4204      0.0000
144      0.8583      0.1556      0.5262      0.3792      0.0000      0.0000      0.2764      0.0627      0.0000
145      1.9948      1.5602      2.9293      1.4364      1.2060      1.6861      1.0580      1.6251      1.9151
146      0.0000      0.1036      0.0000      0.2200      0.0000      0.0000      0.0000      0.0000      0.0000
147      0.0000      0.1590      0.0000      0.0000      0.5375      0.0000      0.1021      0.0000      0.1693
148      0.0000      0.1963      0.0000      0.0000      0.1736      0.0000      0.0675      0.0000      0.0000
149      0.0315      1.0696      1.1361      0.9710      0.8516      1.3718      1.0206      1.6129      1.1600
150      0.3960      2.5762      2.4942      1.8926      3.5876      2.5817      2.7750      2.7299      2.3536

# j      m_j: min, <> & last-chain-values for 1 ...  7 chains
  1  5.4064E+00  3.4470E+00  3.5642E+00  4.2129E+00  3.6121E+00  3.7691E+00  3.6713E+00  3.4697E+00  3.7268E+00
  2  2.2444E-06  1.4946E-03  0.0000E+00  0.0000E+00  4.4953E-03  9.6393E-04  3.3391E-03  3.4062E-03  4.9358E-03
  3  2.2921E-04  6.8206E-03  0.0000E+00  3.5799E-02  0.0000E+00  0.0000E+00  3.1902E-02  0.0000E+00  0.0000E+00
  4  0.0000E+00  1.1239E-02  1.5652E-02  4.4201E-02  4.0448E-02  5.7085E-03  0.0000E+00  0.0000E+00  0.0000E+00
  5  0.0000E+00  2.6825E-02  0.0000E+00  0.0000E+00  0.0000E+00  0.0000E+00  0.0000E+00  1.5088E-01  0.0000E+00
  6  0.0000E+00  2.7189E-02  0.0000E+00  0.0000E+00  0.0000E+00  0.0000E+00  0.0000E+00  0.0000E+00  2.6781E-02
  7  0.0000E+00  1.4294E-02  1.6206E-02  0.0000E+00  5.9240E-03  0.0000E+00  0.0000E+00  0.0000E+00  0.0000E+00
  8  0.0000E+00  7.3493E-03  0.0000E+00  0.0000E+00  9.3599E-03  0.0000E+00  0.0000E+00  0.0000E+00  1.6206E-03
  9  0.0000E+00  4.4073E-03  0.0000E+00  0.0000E+00  0.0000E+00  0.0000E+00  0.0000E+00  0.0000E+00  1.1522E-02
 10  0.0000E+00  5.3794E-03  0.0000E+00  0.0000E+00  0.0000E+00  0.0000E+00  0.0000E+00  0.0000E+00  0.0000E+00
 11  0.0000E+00  5.9628E-03  0.0000E+00  0.0000E+00  0.0000E+00  0.0000E+00  0.0000E+00  0.0000E+00  0.0000E+00
 12  0.0000E+00  1.4019E-02  0.0000E+00  0.0000E+00  0.0000E+00  0.0000E+00  1.9889E-03  0.0000E+00  0.0000E+00
 13  0.0000E+00  1.0238E-02  0.0000E+00  0.0000E+00  0.0000E+00  0.0000E+00  0.0000E+00  0.0000E+00  0.0000E+00
 14  0.0000E+00  1.4876E-02  2.0550E-01  0.0000E+00  0.0000E+00  0.0000E+00  0.0000E+00  0.0000E+00  0.0000E+00
 15  0.0000E+00  2.6529E-02  0.0000E+00  0.0000E+00  0.0000E+00  0.0000E+00  0.0000E+00  0.0000E+00  0.0000E+00
 16  0.0000E+00  4.7073E-02  0.0000E+00  0.0000E+00  0.0000E+00  0.0000E+00  0.0000E+00  0.0000E+00  2.1821E-02
 17  0.0000E+00  7.9421E-02  0.0000E+00  0.0000E+00  6.0982E-01  0.0000E+00  0.0000E+00  1.5536E-04  0.0000E+00
 18  0.0000E+00  1.1733E-01  0.0000E+00  0.0000E+00  0.0000E+00  6.0728E-02  0.0000E+00  0.0000E+00  0.0000E+00
 19  0.0000E+00  1.0527E-01  0.0000E+00  0.0000E+00  0.0000E+00  4.2148E-01  0.0000E+00  0.0000E+00  0.0000E+00
 20  6.6256E-03  4.0737E-01  4.7978E+00  0.0000E+00  0.0000E+00  4.4484E-01  1.4114E+00  0.0000E+00  1.4580E+00
 21  0.0000E+00  2.5425E-01  0.0000E+00  0.0000E+00  0.0000E+00  6.8083E-02  0.0000E+00  0.0000E+00  0.0000E+00
 22  0.0000E+00  3.0729E-01  0.0000E+00  3.1604E+00  0.0000E+00  0.0000E+00  0.0000E+00  0.0000E+00  0.0000E+00
 23  0.0000E+00  3.9718E-01  0.0000E+00  0.0000E+00  0.0000E+00  0.0000E+00  0.0000E+00  1.3009E+00  0.0000E+00
 24  1.0465E-01  5.4768E-01  0.0000E+00  1.5093E+00  0.0000E+00  1.0365E+00  8.2156E-01  0.0000E+00  0.0000E+00
 25  2.2448E+00  1.8610E+00  3.2072E+00  0.0000E+00  0.0000E+00  1.8068E+00  1.1702E+01  2.0416E+00  4.6249E-01
 26  8.8516E-04  9.1999E-02  7.1524E-02  8.0965E-02  1.3503E-01  0.0000E+00  1.4660E-01  7.4350E-02  1.7790E-01
 27  0.0000E+00  1.4606E-03  0.0000E+00  0.0000E+00  1.2354E-03  0.0000E+00  0.0000E+00  0.0000E+00  0.0000E+00
 28  0.0000E+00  5.2260E-03  0.0000E+00  0.0000E+00  0.0000E+00  0.0000E+00  0.0000E+00  0.0000E+00  1.8188E-02
 29  0.0000E+00  1.0793E-02  6.4068E-03  0.0000E+00  0.0000E+00  0.0000E+00  0.0000E+00  0.0000E+00  0.0000E+00
 30  0.0000E+00  1.0395E-02  0.0000E+00  0.0000E+00  0.0000E+00  0.0000E+00  0.0000E+00  0.0000E+00  6.2006E-03
 31  0.0000E+00  9.4908E-03  3.2379E-02  0.0000E+00  7.6911E-03  0.0000E+00  0.0000E+00  0.0000E+00  0.0000E+00
 32  0.0000E+00  4.9831E-03  0.0000E+00  0.0000E+00  3.1849E-03  0.0000E+00  0.0000E+00  0.0000E+00  0.0000E+00
 33  0.0000E+00  8.8911E-03  0.0000E+00  0.0000E+00  0.0000E+00  0.0000E+00  0.0000E+00  0.0000E+00  1.6721E-02
 34  0.0000E+00  7.1914E-03  0.0000E+00  0.0000E+00  0.0000E+00  3.2483E-02  0.0000E+00  3.6222E-03  0.0000E+00
 35  0.0000E+00  6.1748E-03  0.0000E+00  0.0000E+00  0.0000E+00  0.0000E+00  0.0000E+00  1.7148E-02  0.0000E+00
 36  0.0000E+00  7.4460E-03  0.0000E+00  0.0000E+00  0.0000E+00  0.0000E+00  0.0000E+00  0.0000E+00  0.0000E+00
 37  0.0000E+00  8.7384E-03  0.0000E+00  0.0000E+00  0.0000E+00  0.0000E+00  0.0000E+00  0.0000E+00  0.0000E+00
 38  0.0000E+00  9.7668E-03  0.0000E+00  0.0000E+00  0.0000E+00  0.0000E+00  0.0000E+00  1.1476E-02  2.8130E-03
 39  0.0000E+00  1.5460E-02  0.0000E+00  9.0944E-02  2.1065E-01  7.8615E-02  0.0000E+00  6.5285E-02  0.0000E+00
 40  0.0000E+00  3.9104E-02  0.0000E+00  4.5500E-02  0.0000E+00  6.8194E-03  0.0000E+00  0.0000E+00  0.0000E+00
 41  0.0000E+00  3.3768E-02  0.0000E+00  0.0000E+00  0.0000E+00  1.4536E-01  0.0000E+00  0.0000E+00  0.0000E+00
 42  0.0000E+00  6.8844E-02  0.0000E+00  0.0000E+00  2.4588E-02  0.0000E+00  0.0000E+00  0.0000E+00  0.0000E+00
 43  6.8842E-04  2.0180E-01  6.8375E-01  0.0000E+00  0.0000E+00  3.0515E-01  1.1274E+00  0.0000E+00  0.0000E+00
 44  0.0000E+00  1.4908E-01  0.0000E+00  0.0000E+00  0.0000E+00  0.0000E+00  0.0000E+00  3.5277E-02  0.0000E+00
 45  0.0000E+00  2.1310E-01  0.0000E+00  0.0000E+00  0.0000E+00  0.0000E+00  0.0000E+00  0.0000E+00  8.3265E-01
 46  0.0000E+00  4.3143E-01  0.0000E+00  0.0000E+00  0.0000E+00  0.0000E+00  0.0000E+00  0.0000E+00  1.9420E+00
 47  0.0000E+00  3.8090E-01  0.0000E+00  0.0000E+00  0.0000E+00  0.0000E+00  0.0000E+00  0.0000E+00  1.4680E+00
 48  0.0000E+00  5.7850E-01  0.0000E+00  0.0000E+00  0.0000E+00  1.5806E+00  6.4605E-01  0.0000E+00  0.0000E+00
 49  0.0000E+00  9.8751E-01  0.0000E+00  0.0000E+00  2.6972E+00  0.0000E+00  0.0000E+00  1.0416E-01  5.0252E-03
 50  0.0000E+00  5.0451E-01  0.0000E+00  0.0000E+00  0.0000E+00  0.0000E+00  0.0000E+00  0.0000E+00  0.0000E+00
 51  0.0000E+00  3.5889E-02  0.0000E+00  0.0000E+00  0.0000E+00  0.0000E+00  0.0000E+00  0.0000E+00  0.0000E+00
 52  0.0000E+00  1.3540E-03  1.1258E-03  0.0000E+00  0.0000E+00  0.0000E+00  0.0000E+00  0.0000E+00  9.5897E-03
 53  0.0000E+00  2.7045E-03  0.0000E+00  2.1444E-02  0.0000E+00  0.0000E+00  0.0000E+00  0.0000E+00  0.0000E+00
 54  0.0000E+00  1.1693E-03  0.0000E+00  0.0000E+00  0.0000E+00  0.0000E+00  0.0000E+00  0.0000E+00  0.0000E+00
 55  0.0000E+00  2.3289E-03  0.0000E+00  1.8822E-03  5.1499E-04  1.4339E-02  0.0000E+00  3.1687E-03  0.0000E+00
 56  0.0000E+00  3.5036E-03  0.0000E+00  0.0000E+00  9.4065E-03  0.0000E+00  0.0000E+00  0.0000E+00  0.0000E+00
 57  0.0000E+00  8.3138E-03  1.3875E-02  3.7886E-02  0.0000E+00  0.0000E+00  0.0000E+00  0.0000E+00  0.0000E+00
 58  0.0000E+00  7.5379E-03  0.0000E+00  0.0000E+00  0.0000E+00  0.0000E+00  0.0000E+00  0.0000E+00  0.0000E+00
 59  0.0000E+00  1.3466E-02  0.0000E+00  0.0000E+00  5.8596E-03  5.1346E-02  1.3869E-02  0.0000E+00  0.0000E+00
 60  0.0000E+00  1.0904E-02  0.0000E+00  0.0000E+00  0.0000E+00  0.0000E+00  0.0000E+00  0.0000E+00  0.0000E+00
 61  0.0000E+00  7.8104E-03  0.0000E+00  0.0000E+00  0.0000E+00  2.9236E-02  0.0000E+00  2.4245E-02  0.0000E+00
 62  0.0000E+00  6.5513E-03  0.0000E+00  0.0000E+00  0.0000E+00  0.0000E+00  0.0000E+00  0.0000E+00  0.0000E+00
 63  0.0000E+00  1.4268E-02  0.0000E+00  0.0000E+00  0.0000E+00  0.0000E+00  0.0000E+00  0.0000E+00  0.0000E+00
 64  0.0000E+00  2.2927E-02  0.0000E+00  0.0000E+00  2.6238E-01  0.0000E+00  1.4214E-01  0.0000E+00  0.0000E+00
 65  2.1317E-04  6.3647E-02  0.0000E+00  6.4875E-03  1.4169E-01  0.0000E+00  2.5003E-01  0.0000E+00  0.0000E+00
 66  3.3381E-01  1.2240E-01  1.3406E-01  3.6127E-01  2.7903E-01  1.2952E-01  1.2113E-01  2.6839E-01  0.0000E+00
 67  0.0000E+00  5.9404E-02  0.0000E+00  0.0000E+00  0.0000E+00  2.6083E-01  0.0000E+00  0.0000E+00  0.0000E+00
 68  0.0000E+00  4.7016E-01  4.0702E-01  2.7540E-01  0.0000E+00  1.0575E+00  2.6904E-01  1.6764E+00  8.5906E-01
 69  4.6900E+00  2.5009E-01  7.6773E-01  0.0000E+00  5.8230E-01  0.0000E+00  1.2463E+00  0.0000E+00  7.9962E-01
 70  0.0000E+00  1.1178E+00  5.3509E-01  1.9989E+00  5.9745E-01  3.2796E+00  0.0000E+00  0.0000E+00  0.0000E+00
 71  0.0000E+00  8.0126E-01  0.0000E+00  5.4484E-01  0.0000E+00  0.0000E+00  0.0000E+00  3.9118E+00  4.5320E-01
 72  0.0000E+00  5.0629E-01  6.1607E-02  6.5063E+00  0.0000E+00  2.1944E+00  0.0000E+00  1.3812E+00  0.0000E+00
 73  0.0000E+00  6.4414E-01  2.2958E+00  0.0000E+00  0.0000E+00  4.0097E+00  2.8971E-01  6.2887E-01  0.0000E+00
 74  1.9933E+01  3.9964E+00  7.3948E+00  1.8800E+00  3.6486E+00  0.0000E+00  2.7851E+00  0.0000E+00  3.9305E+00
 75  0.0000E+00  2.1112E+00  0.0000E+00  2.6543E+00  6.3589E-01  8.0886E+00  0.0000E+00  0.0000E+00  4.8185E+00
 76  5.0885E-05  1.8244E-02  2.4075E-02  0.0000E+00  0.0000E+00  1.2401E-02  3.0044E-02  6.0898E-02  2.3513E-02
 77  0.0000E+00  8.8534E-03  0.0000E+00  0.0000E+00  0.0000E+00  0.0000E+00  2.6091E-02  8.7880E-04  3.0044E-04
 78  0.0000E+00  2.3460E-03  0.0000E+00  0.0000E+00  0.0000E+00  0.0000E+00  0.0000E+00  0.0000E+00  0.0000E+00
 79  0.0000E+00  5.2629E-03  0.0000E+00  6.5159E-03  0.0000E+00  0.0000E+00  0.0000E+00  0.0000E+00  0.0000E+00
 80  0.0000E+00  3.3674E-03  0.0000E+00  0.0000E+00  0.0000E+00  0.0000E+00  0.0000E+00  0.0000E+00  0.0000E+00
 81  0.0000E+00  2.9441E-03  0.0000E+00  0.0000E+00  0.0000E+00  0.0000E+00  0.0000E+00  0.0000E+00  0.0000E+00
 82  0.0000E+00  5.8918E-03  0.0000E+00  0.0000E+00  0.0000E+00  5.7765E-02  0.0000E+00  1.4114E-02  1.3165E-03
 83  0.0000E+00  7.2285E-03  0.0000E+00  0.0000E+00  0.0000E+00  0.0000E+00  0.0000E+00  4.5063E-03  0.0000E+00
 84  0.0000E+00  6.2175E-03  0.0000E+00  0.0000E+00  0.0000E+00  0.0000E+00  0.0000E+00  1.7219E-02  0.0000E+00
 85  0.0000E+00  1.1182E-02  0.0000E+00  0.0000E+00  0.0000E+00  0.0000E+00  0.0000E+00  0.0000E+00  0.0000E+00
 86  0.0000E+00  8.1256E-03  0.0000E+00  0.0000E+00  0.0000E+00  0.0000E+00  0.0000E+00  0.0000E+00  0.0000E+00
 87  0.0000E+00  9.0731E-03  1.5296E-01  0.0000E+00  0.0000E+00  0.0000E+00  2.8024E-02  0.0000E+00  0.0000E+00
 88  0.0000E+00  1.0615E-02  1.9148E-02  0.0000E+00  0.0000E+00  0.0000E+00  0.0000E+00  0.0000E+00  0.0000E+00
 89  0.0000E+00  3.0652E-02  6.1726E-02  0.0000E+00  0.0000E+00  1.4482E-01  0.0000E+00  2.7608E-02  2.8057E-01
 90  0.0000E+00  5.0703E-02  0.0000E+00  0.0000E+00  0.0000E+00  2.5705E-01  0.0000E+00  0.0000E+00  0.0000E+00
 91  0.0000E+00  7.3213E-02  2.7706E-01  1.9471E-01  0.0000E+00  0.0000E+00  0.0000E+00  0.0000E+00  0.0000E+00
 92  0.0000E+00  8.6289E-02  0.0000E+00  0.0000E+00  0.0000E+00  0.0000E+00  0.0000E+00  0.0000E+00  1.0278E-01
 93  0.0000E+00  1.0464E-01  0.0000E+00  0.0000E+00  0.0000E+00  0.0000E+00  0.0000E+00  0.0000E+00  0.0000E+00
 94  2.7697E+00  7.3911E-01  0.0000E+00  0.0000E+00  1.5265E-01  0.0000E+00  1.8648E+00  1.3937E+00  0.0000E+00
 95  0.0000E+00  1.3842E+00  5.7580E+00  3.0598E+00  6.2026E+00  0.0000E+00  0.0000E+00  1.8606E+00  1.6360E+00
 96  0.0000E+00  3.7324E-01  0.0000E+00  0.0000E+00  0.0000E+00  6.0929E-01  0.0000E+00  3.6384E+00  0.0000E+00
 97  0.0000E+00  8.2662E-01  1.9096E-02  0.0000E+00  0.0000E+00  1.8351E+00  0.0000E+00  5.2772E+00  0.0000E+00
 98  2.0939E+01  6.9619E+00  7.8146E+00  9.1158E+00  4.4519E+00  6.3869E+00  5.5489E+00  8.0513E+00  1.2612E+01
 99  0.0000E+00  2.3761E+00  1.1118E+00  0.0000E+00  5.3304E+00  2.5325E+00  1.1876E+00  0.0000E+00  8.1011E+00
100  0.0000E+00  1.2723E+00  4.6871E-01  8.9790E+00  0.0000E+00  0.0000E+00  0.0000E+00  5.5680E+00  0.0000E+00
101  5.7035E-05  1.2723E-02  3.8646E-02  1.3063E-02  0.0000E+00  0.0000E+00  8.4499E-03  0.0000E+00  1.4693E-02
102  0.0000E+00  6.8220E-03  0.0000E+00  0.0000E+00  0.0000E+00  1.0425E-02  0.0000E+00  1.4053E-02  0.0000E+00
103  0.0000E+00  1.5547E-03  0.0000E+00  0.0000E+00  1.7024E-03  0.0000E+00  0.0000E+00  0.0000E+00  0.0000E+00
104  0.0000E+00  2.3982E-03  0.0000E+00  0.0000E+00  0.0000E+00  0.0000E+00  0.0000E+00  0.0000E+00  0.0000E+00
105  0.0000E+00  4.2323E-03  0.0000E+00  0.0000E+00  0.0000E+00  0.0000E+00  0.0000E+00  0.0000E+00  0.0000E+00
106  0.0000E+00  9.6591E-03  0.0000E+00  0.0000E+00  9.2390E-03  2.7665E-03  2.1691E-02  0.0000E+00  0.0000E+00
107  0.0000E+00  8.6604E-03  0.0000E+00  0.0000E+00  5.7853E-04  0.0000E+00  0.0000E+00  5.0836E-03  6.1315E-04
108  0.0000E+00  7.5475E-03  6.6166E-03  1.7356E-02  0.0000E+00  0.0000E+00  0.0000E+00  0.0000E+00  0.0000E+00
109  0.0000E+00  7.8773E-03  0.0000E+00  0.0000E+00  9.9679E-03  0.0000E+00  0.0000E+00  0.0000E+00  0.0000E+00
110  0.0000E+00  1.0141E-02  0.0000E+00  1.6078E-02  0.0000E+00  0.0000E+00  0.0000E+00  0.0000E+00  0.0000E+00
111  0.0000E+00  9.5460E-03  0.0000E+00  0.0000E+00  0.0000E+00  0.0000E+00  0.0000E+00  0.0000E+00  0.0000E+00
112  0.0000E+00  1.1902E-02  0.0000E+00  0.0000E+00  0.0000E+00  0.0000E+00  0.0000E+00  0.0000E+00  8.9145E-03
113  0.0000E+00  1.3696E-02  0.0000E+00  0.0000E+00  2.3804E-02  0.0000E+00  1.0028E-02  0.0000E+00  0.0000E+00
114  0.0000E+00  3.6306E-02  0.0000E+00  7.0225E-01  2.3439E-01  0.0000E+00  0.0000E+00  0.0000E+00  4.7412E-02
115  0.0000E+00  8.4893E-02  0.0000E+00  2.0639E-01  0.0000E+00  0.0000E+00  0.0000E+00  0.0000E+00  0.0000E+00
116  0.0000E+00  1.3841E-01  6.6101E-01  1.5888E-01  2.6340E-01  5.3045E-02  0.0000E+00  4.8541E-01  0.0000E+00
117  0.0000E+00  1.5624E-01  0.0000E+00  7.8231E-01  3.3196E-01  0.0000E+00  0.0000E+00  0.0000E+00  0.0000E+00
118  5.1210E+00  5.5357E-01  5.6333E-01  1.0382E+00  8.4237E-01  0.0000E+00  5.7901E-01  0.0000E+00  1.1046E+00
119  5.1913E+00  7.4307E-01  0.0000E+00  1.0999E+00  0.0000E+00  0.0000E+00  7.1813E+00  0.0000E+00  1.3221E+00
120  0.0000E+00  3.7839E-01  0.0000E+00  0.0000E+00  2.4217E-01  0.0000E+00  0.0000E+00  0.0000E+00  0.0000E+00
121  5.0897E+00  1.3647E+00  6.6277E-01  2.2315E+00  3.5387E+00  5.0143E+00  3.0266E+00  3.4778E-01  0.0000E+00
122  0.0000E+00  6.7772E-01  0.0000E+00  0.0000E+00  2.1280E+00  0.0000E+00  1.1739E+00  0.0000E+00  0.0000E+00
123  0.0000E+00  6.0505E-01  0.0000E+00  0.0000E+00  0.0000E+00  0.0000E+00  0.0000E+00  0.0000E+00  0.0000E+00
124  0.0000E+00  5.9234E-01  0.0000E+00  0.0000E+00  0.0000E+00  0.0000E+00  0.0000E+00  0.0000E+00  0.0000E+00
125  0.0000E+00  5.9066E-01  0.0000E+00  0.0000E+00  0.0000E+00  0.0000E+00  0.0000E+00  0.0000E+00  9.6840E-01
126  0.0000E+00  2.1377E-02  1.7827E-02  0.0000E+00  0.0000E+00  0.0000E+00  0.0000E+00  9.9928E-04  1.7080E-02
127  0.0000E+00  2.0150E-03  0.0000E+00  0.0000E+00  0.0000E+00  0.0000E+00  0.0000E+00  2.6927E-03  2.0252E-03
128  0.0000E+00  2.7262E-03  0.0000E+00  0.0000E+00  0.0000E+00  0.0000E+00  0.0000E+00  0.0000E+00  4.3840E-03
129  0.0000E+00  5.6358E-03  2.3215E-03  0.0000E+00  0.0000E+00  7.1787E-03  7.4649E-04  0.0000E+00  0.0000E+00
130  0.0000E+00  8.9140E-03  0.0000E+00  0.0000E+00  0.0000E+00  0.0000E+00  0.0000E+00  0.0000E+00  3.4587E-02
131  0.0000E+00  6.6882E-03  0.0000E+00  0.0000E+00  0.0000E+00  0.0000E+00  0.0000E+00  0.0000E+00  0.0000E+00
132  0.0000E+00  5.6162E-03  0.0000E+00  2.0531E-03  0.0000E+00  1.0884E-03  0.0000E+00  0.0000E+00  0.0000E+00
133  0.0000E+00  7.2272E-03  0.0000E+00  0.0000E+00  0.0000E+00  0.0000E+00  0.0000E+00  0.0000E+00  0.0000E+00
134  0.0000E+00  9.2598E-03  0.0000E+00  0.0000E+00  0.0000E+00  0.0000E+00  0.0000E+00  0.0000E+00  0.0000E+00
135  0.0000E+00  7.4581E-03  0.0000E+00  1.4750E-02  0.0000E+00  0.0000E+00  0.0000E+00  0.0000E+00  0.0000E+00
136  0.0000E+00  9.6373E-03  0.0000E+00  0.0000E+00  0.0000E+00  3.4557E-03  0.0000E+00  0.0000E+00  0.0000E+00
137  0.0000E+00  5.7820E-03  0.0000E+00  0.0000E+00  0.0000E+00  0.0000E+00  0.0000E+00  0.0000E+00  0.0000E+00
138  0.0000E+00  2.2422E-02  0.0000E+00  1.7321E-01  0.0000E+00  0.0000E+00  0.0000E+00  0.0000E+00  0.0000E+00
139  0.0000E+00  6.6091E-02  0.0000E+00  0.0000E+00  0.0000E+00  1.9456E-02  0.0000E+00  0.0000E+00  0.0000E+00
140  4.3403E+00  2.3170E-01  0.0000E+00  0.0000E+00  0.0000E+00  1.2758E-01  9.8701E-01  4.8490E-01  0.0000E+00
141  0.0000E+00  1.9747E-01  0.0000E+00  0.0000E+00  0.0000E+00  3.7280E-01  0.0000E+00  1.2112E-01  0.0000E+00
142  0.0000E+00  1.3870E-01  1.3931E-01  0.0000E+00  8.8350E-01  0.0000E+00  0.0000E+00  0.0000E+00  0.0000E+00
143  0.0000E+00  3.3500E-01  0.0000E+00  0.0000E+00  0.0000E+00  0.0000E+00  0.0000E+00  8.2707E-01  0.0000E+00
144  4.0130E+00  5.6164E-01  1.8110E+00  1.4929E+00  0.0000E+00  0.0000E+00  9.8412E-01  2.1043E-01  0.0000E+00
145  1.2802E+01  7.7305E+00  1.3838E+01  7.7633E+00  5.5190E+00  7.9398E+00  5.1710E+00  7.4809E+00  9.3173E+00
146  0.0000E+00  6.0390E-01  0.0000E+00  1.3989E+00  0.0000E+00  0.0000E+00  0.0000E+00  0.0000E+00  0.0000E+00
147  0.0000E+00  1.1936E+00  0.0000E+00  0.0000E+00  3.7258E+00  0.0000E+00  7.5601E-01  0.0000E+00  1.2475E+00
148  0.0000E+00  1.8760E+00  0.0000E+00  0.0000E+00  1.5321E+00  0.0000E+00  6.3650E-01  0.0000E+00  0.0000E+00
149  4.4923E-01  1.1765E+01  1.1914E+01  1.1650E+01  8.6515E+00  1.4340E+01  1.1073E+01  1.6482E+01  1.2528E+01
150  6.5623E+00  3.2964E+01  3.0427E+01  2.6415E+01  4.2399E+01  3.1394E+01  3.5025E+01  3.2451E+01  2.9571E+01

# AV, chi2 & Mass for <> & i_chain = 1 ...  7 solutions
AV       0.3942      0.4206      0.3975      0.4291      0.4241      0.4210      0.4068      0.4141      0.4637
chi2 7.8740E-01  8.0617E-01  7.9813E-01  7.9774E-01  7.9749E-01  7.9748E-01  7.9726E-01  7.9734E-01  7.9914E-01
Mass 1.1854E+05  1.5775E+05  1.6159E+05  1.4587E+05  1.7140E+05  1.6605E+05  1.5766E+05  1.6867E+05  1.6787E+05
 -22.44                                  [v0_min (km/s) before EX0s...]
  17.16                                  [vd_min (km/s) before EX0s...]


## Synthetic spectrum (Best Model) ##l_obs f_obs f_syn wei Best_f_SSP
 3801        3    [Nl_obs & index_Best_SSP]
 3200.00    0.00000   3.10370   -2.000   2.71688
 3201.00    0.00000   3.07747   -2.000   2.69433
 3202.00    0.00000   3.07575   -2.000   2.69235
 3203.00    0.00000   3.07612   -2.000   2.69214
 3204.00    0.00000   3.07650   -2.000   2.69193
 3205.00    0.00000   3.07688   -2.000   2.69172
 3206.00    0.00000   3.07726   -2.000   2.69151
 3207.00    0.00000   3.07764   -2.000   2.69130
 3208.00    0.00000   3.07802   -2.000   2.69109
 3209.00    0.00000   3.07839   -2.000   2.69088
 3210.00    0.00000   3.07877   -2.000   2.69068
 3211.00    0.00000   3.07915   -2.000   2.69047
 3212.00    0.00000   3.07953   -2.000   2.69026
 3213.00    0.00000   3.07990   -2.000   2.69005
 3214.00    0.00000   3.08028   -2.000   2.68984
 3215.00    0.00000   3.08066   -2.000   2.68963
 3216.00    0.00000   3.08103   -2.000   2.68942
 3217.00    0.00000   3.08141   -2.000   2.68922
 3218.00    0.00000   3.08171   -2.000   2.68895
 3219.00    0.00000   3.07296   -2.000   2.68172
 3220.00    0.00000   3.04370   -2.000   2.65872
 3221.00    0.00000   3.02171   -2.000   2.64133
 3222.00    0.00000   3.02029   -2.000   2.63975
 3223.00    0.00000   3.02066   -2.000   2.63955
 3224.00    0.00000   3.02103   -2.000   2.63934
 3225.00    0.00000   3.02140   -2.000   2.63914
 3226.00    0.00000   3.02176   -2.000   2.63894
 3227.00    0.00000   3.02213   -2.000   2.63873
 3228.00    0.00000   3.02250   -2.000   2.63853
 3229.00    0.00000   3.02286   -2.000   2.63833
 3230.00    0.00000   3.02323   -2.000   2.63813
 3231.00    0.00000   3.02359   -2.000   2.63792
 3232.00    0.00000   3.02396   -2.000   2.63772
 3233.00    0.00000   3.02433   -2.000   2.63752
 3234.00    0.00000   3.02469   -2.000   2.63732
 3235.00    0.00000   3.02506   -2.000   2.63712
 3236.00    0.00000   3.02542   -2.000   2.63691
 3237.00    0.00000   3.02579   -2.000   2.63671
 3238.00    0.00000   3.02609   -2.000   2.63645
 3239.00    0.00000   3.01877   -2.000   2.62948
 3240.00    0.00000   2.99435   -2.000   2.60743
 3241.00    0.00000   2.97605   -2.000   2.59078
 3242.00    0.00000   2.97490   -2.000   2.58925
 3243.00    0.00000   2.97526   -2.000   2.58905
 3244.00    0.00000   2.97562   -2.000   2.58886
 3245.00    0.00000   2.97597   -2.000   2.58866
 3246.00    0.00000   2.97633   -2.000   2.58846
 3247.00    0.00000   2.97669   -2.000   2.58827
 3248.00    0.00000   2.97704   -2.000   2.58807
 3249.00    0.00000   2.97740   -2.000   2.58787
 3250.00    0.00000   2.97776   -2.000   2.58768
 3251.00    0.00000   2.97811   -2.000   2.58748
 3252.00    0.00000   2.97847   -2.000   2.58729
 3253.00    0.00000   2.97883   -2.000   2.58709
 3254.00    0.00000   2.97918   -2.000   2.58689
 3255.00    0.00000   2.97954   -2.000   2.58670
 3256.00    0.00000   2.97989   -2.000   2.58650
 3257.00    0.00000   2.98025   -2.000   2.58631
 3258.00    0.00000   2.98053   -2.000   2.58605
 3259.00    0.00000   2.97269   -2.000   2.57877
 3260.00    0.00000   2.94678   -2.000   2.55588
 3261.00    0.00000   2.92738   -2.000   2.53863
 3262.00    0.00000   2.92612   -2.000   2.53706
 3263.00    0.00000   2.92647   -2.000   2.53686
 3264.00    0.00000   2.92681   -2.000   2.53667
 3265.00    0.00000   2.92716   -2.000   2.53648
 3266.00    0.00000   2.92751   -2.000   2.53629
 3267.00    0.00000   2.92785   -2.000   2.53610
 3268.00    0.00000   2.92820   -2.000   2.53591
 3269.00    0.00000   2.92855   -2.000   2.53572
 3270.00    0.00000   2.92889   -2.000   2.53553
 3271.00    0.00000   2.92924   -2.000   2.53534
 3272.00    0.00000   2.92959   -2.000   2.53515
 3273.00    0.00000   2.92993   -2.000   2.53496
 3274.00    0.00000   2.93028   -2.000   2.53477
 3275.00    0.00000   2.93062   -2.000   2.53458
 3276.00    0.00000   2.93097   -2.000   2.53439
 3277.00    0.00000   2.93131   -2.000   2.53421
 3278.00    0.00000   2.93157   -2.000   2.53395
 3279.00    0.00000   2.92202   -2.000   2.52623
 3280.00    0.00000   2.89083   -2.000   2.50206
 3281.00    0.00000   2.86751   -2.000   2.48388
 3282.00    0.00000   2.86591   -2.000   2.48222
 3283.00    0.00000   2.86624   -2.000   2.48204
 3284.00    0.00000   2.86658   -2.000   2.48185
 3285.00    0.00000   2.86691   -2.000   2.48167
 3286.00    0.00000   2.86725   -2.000   2.48148
 3287.00    0.00000   2.86758   -2.000   2.48130
 3288.00    0.00000   2.86792   -2.000   2.48112
 3289.00    0.00000   2.86825   -2.000   2.48093
 3290.00    0.00000   2.86859   -2.000   2.48075
 3291.00    0.00000   2.86892   -2.000   2.48056
 3292.00    0.00000   2.86926   -2.000   2.48038
 3293.00    0.00000   2.86959   -2.000   2.48020
 3294.00    0.00000   2.86993   -2.000   2.48002
 3295.00    0.00000   2.87026   -2.000   2.47983
 3296.00    0.00000   2.87060   -2.000   2.47965
 3297.00    0.00000   2.87093   -2.000   2.47947
 3298.00    0.00000   2.87117   -2.000   2.47922
 3299.00    0.00000   2.86184   -2.000   2.47232
 3300.00    0.00000   2.83157   -2.000   2.45086
 3301.00    0.00000   2.80898   -2.000   2.43475
 3302.00    0.00000   2.80741   -2.000   2.43325
 3303.00    0.00000   2.80774   -2.000   2.43307
 3304.00    0.00000   2.80806   -2.000   2.43289
 3305.00    0.00000   2.80839   -2.000   2.43272
 3306.00    0.00000   2.80871   -2.000   2.43254
 3307.00    0.00000   2.80904   -2.000   2.43236
 3308.00    0.00000   2.80936   -2.000   2.43218
 3309.00    0.00000   2.80969   -2.000   2.43200
 3310.00    0.00000   2.81001   -2.000   2.43183
 3311.00    0.00000   2.81033   -2.000   2.43165
 3312.00    0.00000   2.81066   -2.000   2.43147
 3313.00    0.00000   2.81098   -2.000   2.43129
 3314.00    0.00000   2.81113   -2.000   2.43103
 3315.00    0.00000   2.79362   -2.000   2.42271
 3316.00    0.00000   2.73775   -2.000   2.39687
 3317.00    0.00000   2.69604   -2.000   2.37750
 3318.00    0.00000   2.69285   -2.000   2.37573
 3319.00    0.00000   2.69316   -2.000   2.37556
 3320.00    0.00000   2.69347   -2.000   2.37538
 3321.00    0.00000   2.69380   -2.000   2.37526
 3322.00    0.00000   2.69648   -2.000   2.37954
 3323.00    0.00000   2.69970   -2.000   2.38882
 3324.00    0.00000   2.69421   -2.000   2.39306
 3325.00    0.00000   2.68755   -2.000   2.39709
 3326.00    0.00000   2.67623   -2.000   2.37876
 3327.00    0.00000   2.66533   -2.000   2.35415
 3328.00    0.00000   2.65807   -2.000   2.34201
 3329.00    0.00000   2.65743   -2.000   2.34397
 3330.00    0.00000   2.65934   -2.000   2.35099
 3331.00    0.00000   2.65789   -2.000   2.35034
 3332.00    0.00000   2.65013   -2.000   2.33896
 3333.00    0.00000   2.63772   -2.000   2.31854
 3334.00    0.00000   2.62810   -2.000   2.29933
 3335.00    0.00000   2.61883   -2.000   2.28154
 3336.00    0.00000   2.60892   -2.000   2.26833
 3337.00    0.00000   2.60326   -2.000   2.27075
 3338.00    0.00000   2.60045   -2.000   2.28369
 3339.00    0.00000   2.59438   -2.000   2.29066
 3340.00    0.00000   2.59031   -2.000   2.27816
 3341.00    0.00000   2.59482   -2.000   2.27088
 3342.00    0.00000   2.60865   -2.000   2.28253
 3343.00    0.00000   2.63539   -2.000   2.32527
 3344.00    0.00000   2.65305   -2.000   2.36037
 3345.00    0.00000   2.66644   -2.000   2.37467
 3346.00    0.00000   2.67391   -2.000   2.37785
 3347.00    0.00000   2.66647   -2.000   2.36678
 3348.00    0.00000   2.63720   -2.000   2.33401
 3349.00    0.00000   2.59251   -2.000   2.27913
 3350.00    0.00000   2.55204   -2.000   2.22179
 3351.00    0.00000   2.55525   -2.000   2.21759
 3352.00    0.00000   2.56789   -2.000   2.23437
 3353.00    0.00000   2.57171   -2.000   2.23987
 3354.00    0.00000   2.56882   -2.000   2.23099
 3355.00    0.00000   2.56630   -2.000   2.21651
 3356.00    0.00000   2.57017   -2.000   2.20160
 3357.00    0.00000   2.57376   -2.000   2.18328
 3358.00    0.00000   2.57066   -2.000   2.15788
 3359.00    0.00000   2.56488   -2.000   2.13488
 3360.00    0.00000   2.56182   -2.000   2.13474
 3361.00    0.00000   2.56104   -2.000   2.15587
 3362.00    0.00000   2.56125   -2.000   2.18796
 3363.00    0.00000   2.55732   -2.000   2.21353
 3364.00    0.00000   2.55009   -2.000   2.21703
 3365.00    0.00000   2.53599   -2.000   2.19680
 3366.00    0.00000   2.52379   -2.000   2.16869
 3367.00    0.00000   2.51414   -2.000   2.14493
 3368.00    0.00000   2.50987   -2.000   2.12591
 3369.00    0.00000   2.51334   -2.000   2.11836
 3370.00    0.00000   2.51950   -2.000   2.11595
 3371.00    0.00000   2.51544   -2.000   2.10693
 3372.00    0.00000   2.50650   -2.000   2.10875
 3373.00    0.00000   2.50931   -2.000   2.13769
 3374.00    0.00000   2.51989   -2.000   2.17305
 3375.00    0.00000   2.53392   -2.000   2.20311
 3376.00    0.00000   2.53401   -2.000   2.20791
 3377.00    0.00000   2.51962   -2.000   2.19349
 3378.00    0.00000   2.50963   -2.000   2.18312
 3379.00    0.00000   2.50824   -2.000   2.18526
 3380.00    0.00000   2.51867   -2.000   2.19932
 3381.00    0.00000   2.52906   -2.000   2.21561
 3382.00    0.00000   2.53456   -2.000   2.22032
 3383.00    0.00000   2.53467   -2.000   2.21630
 3384.00    0.00000   2.53381   -2.000   2.21233
 3385.00    0.00000   2.54326   -2.000   2.22181
 3386.00    0.00000   2.55397   -2.000   2.23513
 3387.00    0.00000   2.55924   -2.000   2.24608
 3388.00    0.00000   2.55263   -2.000   2.24464
 3389.00    0.00000   2.53820   -2.000   2.22864
 3390.00    0.00000   2.52998   -2.000   2.21990
 3391.00    0.00000   2.52619   -2.000   2.22162
 3392.00    0.00000   2.53017   -2.000   2.23516
 3393.00    0.00000   2.53956   -2.000   2.25618
 3394.00    0.00000   2.55462   -2.000   2.28236
 3395.00    0.00000   2.55431   -2.000   2.28971
 3396.00    0.00000   2.54050   -2.000   2.28149
 3397.00    0.00000   2.52271   -2.000   2.26985
 3398.00    0.00000   2.50307   -2.000   2.24475
 3399.00    0.00000   2.47893   -2.000   2.20168
 3400.00    0.00000   2.47199   -2.000   2.16993
 3401.00    0.00000   2.47214   -2.000   2.15371
 3402.00    0.00000   2.46519   -2.000   2.13442
 3403.00    0.00000   2.45986   -2.000   2.12716
 3404.00    0.00000   2.46168   -2.000   2.13438
 3405.00    0.00000   2.45972   -2.000   2.14121
 3406.00    0.00000   2.45522   -2.000   2.13489
 3407.00    0.00000   2.45533   -2.000   2.12758
 3408.00    0.00000   2.45970   -2.000   2.12913
 3409.00    0.00000   2.46397   -2.000   2.13876
 3410.00    0.00000   2.45966   -2.000   2.14718
 3411.00    0.00000   2.44511   -2.000   2.13596
 3412.00    0.00000   2.44353   -2.000   2.13385
 3413.00    0.00000   2.45057   -2.000   2.14613
 3414.00    0.00000   2.46039   -2.000   2.16280
 3415.00    0.00000   2.46795   -2.000   2.17639
 3416.00    0.00000   2.47025   -2.000   2.18342
 3417.00    0.00000   2.47162   -2.000   2.19211
 3418.00    0.00000   2.47308   -2.000   2.20070
 3419.00    0.00000   2.47468   -2.000   2.21012
 3420.00    0.00000   2.47493   -2.000   2.21423
 3421.00    0.00000   2.47387   -2.000   2.21751
 3422.00    0.00000   2.47123   -2.000   2.21647
 3423.00    0.00000   2.46930   -2.000   2.20996
 3424.00    0.00000   2.46508   -2.000   2.19706
 3425.00    0.00000   2.46203   -2.000   2.19264
 3426.00    0.00000   2.46394   -2.000   2.19678
 3427.00    0.00000   2.46793   -2.000   2.20871
 3428.00    0.00000   2.47453   -2.000   2.22404
 3429.00    0.00000   2.47229   -2.000   2.22551
 3430.00    0.00000   2.46284   -2.000   2.21094
 3431.00    0.00000   2.45710   -2.000   2.19609
 3432.00    0.00000   2.45297   -2.000   2.18705
 3433.00    0.00000   2.45299   -2.000   2.18934
 3434.00    0.00000   2.45694   -2.000   2.20225
 3435.00    0.00000   2.46152   -2.000   2.21715
 3436.00    0.00000   2.46062   -2.000   2.22192
 3437.00    0.00000   2.45314   -2.000   2.20955
 3438.00    0.00000   2.43984   -2.000   2.18259
 3439.00    0.00000   2.42110   -2.000   2.14710
 3440.00    0.00000   2.39890   -2.000   2.11583
 3441.00    0.00000   2.38900   -2.000   2.10430
 3442.00    0.00000   2.39144   -2.000   2.11469
 3443.00    0.00000   2.40407   -2.000   2.13706
 3444.00    0.00000   2.40834   -2.000   2.14939
 3445.00    0.00000   2.40118   -2.000   2.14270
 3446.00    0.00000   2.40027   -2.000   2.13908
 3447.00    0.00000   2.40532   -2.000   2.14528
 3448.00    0.00000   2.41810   -2.000   2.16478
 3449.00    0.00000   2.41691   -2.000   2.16614
 3450.00    0.00000   2.38995   -2.000   2.12532
 3451.00    0.00000   2.37095   -2.000   2.08432
 3452.00    0.00000   2.36176   -2.000   2.07074
 3453.00    0.00000   2.36377   -2.000   2.07646
 3454.00    0.00000   2.36894   -2.000   2.09053
 3455.00    0.00000   2.36890   -2.000   2.10045
 3456.00    0.00000   2.36469   -2.000   2.10420
 3457.00    0.00000   2.35818   -2.000   2.09894
 3458.00    0.00000   2.35192   -2.000   2.08724
 3459.00    0.00000   2.34657   -2.000   2.07530
 3460.00    0.00000   2.34348   -2.000   2.06774
 3461.00    0.00000   2.34653   -2.000   2.07411
 3462.00    0.00000   2.36864   -2.000   2.10965
 3463.00    0.00000   2.39195   -2.000   2.14914
 3464.00    0.00000   2.38049   -2.000   2.13451
 3465.00    0.00000   2.37798   -2.000   2.12970
 3466.00    0.00000   2.37979   -2.000   2.12699
 3467.00    0.00000   2.37711   -2.000   2.12221
 3468.00    0.00000   2.37456   -2.000   2.12535
 3469.00    0.00000   2.37710   -2.000   2.13411
 3470.00    0.00000   2.37184   -2.000   2.12764
 3471.00    0.00000   2.35438   -2.000   2.10710
 3472.00    0.00000   2.35129   -2.000   2.11262
 3473.00    0.00000   2.35678   -2.000   2.12619
 3474.00    0.00000   2.35044   -2.000   2.11540
 3475.00    0.00000   2.33813   -2.000   2.09270
 3476.00    0.00000   2.31923   -2.000   2.05591
 3477.00    0.00000   2.29431   -2.000   2.01367
 3478.00    0.00000   2.27791   -2.000   1.99399
 3479.00    0.00000   2.28057   -2.000   2.00996
 3480.00    0.00000   2.29754   -2.000   2.04557
 3481.00    0.00000   2.30722   -2.000   2.07044
 3482.00    0.00000   2.29461   -2.000   2.06343
 3483.00    0.00000   2.28049   -2.000   2.04804
 3484.00    0.00000   2.29063   -2.000   2.05404
 3485.00    0.00000   2.31516   -2.000   2.08049
 3486.00    0.00000   2.32986   -2.000   2.10245
 3487.00    0.00000   2.34176   -2.000   2.12397
 3488.00    0.00000   2.35202   -2.000   2.14154
 3489.00    0.00000   2.34652   -2.000   2.13518
 3490.00    0.00000   2.33456   -2.000   2.11252
 3491.00    0.00000   2.33539   -2.000   2.10338
 3492.00    0.00000   2.34435   -2.000   2.11259
 3493.00    0.00000   2.34488   -2.000   2.11848
 3494.00    0.00000   2.34092   -2.000   2.11855
 3495.00    0.00000   2.33074   -2.000   2.09937
 3496.00    0.00000   2.31922   -2.000   2.06923
 3497.00    0.00000   2.32226   -2.000   2.06176
 3498.00    0.00000   2.33158   -2.000   2.07750
 3499.00    0.00000   2.33289   -2.000   2.09538
 3500.00    0.00000   2.31836   -2.000   2.08009
 3501.00    0.00000   2.30163   -2.000   2.04837
 3502.00    0.00000   2.30240   -2.000   2.04554
 3503.00    0.00000   2.30371   -2.000   2.05225
 3504.00    0.00000   2.28937   -2.000   2.04616
 3505.00    0.00000   2.27263   -2.000   2.02859
 3506.00    0.00000   2.26897   -2.000   2.01684
 3507.00    0.00000   2.27517   -2.000   2.01915
 3508.00    0.00000   2.27926   -2.000   2.02769
 3509.00    0.00000   2.27659   -2.000   2.02997
 3510.00    0.00000   2.27392   -2.000   2.02435
 3511.00    0.00000   2.27186   -2.000   2.01601
 3512.00    0.00000   2.26567   -2.000   2.00590
 3513.00    0.00000   2.26033   -2.000   2.00077
 3514.00    0.00000   2.26281   -2.000   2.00418
 3515.00    0.00000   2.26866   -2.000   2.01199
 3516.00    0.00000   2.27381   -2.000   2.02985
 3517.00    0.00000   2.27003   -2.000   2.03903
 3518.00    0.00000   2.26808   -2.000   2.04348
 3519.00    0.00000   2.26737   -2.000   2.04023
 3520.00    0.00000   2.26299   -2.000   2.02936
 3521.00    0.00000   2.25584   -2.000   2.01812
 3522.00    0.00000   2.24808   -2.000   2.01123
 3523.00    0.00000   2.24593   -2.000   2.01469
 3524.00    0.00000   2.24614   -2.000   2.01451
 3525.00    0.00000   2.23639   -2.000   1.99334
 3526.00    0.00000   2.23724   -2.000   1.98466
 3527.00    0.00000   2.24569   -2.000   1.98393
 3528.00    0.00000   2.25580   -2.000   2.00109
 3529.00    0.00000   2.26347   -2.000   2.02661
 3530.00    0.00000   2.26875   -2.000   2.04012
 3531.00    0.00000   2.27372   -2.000   2.04925
 3532.00    0.00000   2.27323   -2.000   2.05440
 3533.00    0.00000   2.26149   -2.000   2.04346
 3534.00    0.00000   2.24946   -2.000   2.03014
 3535.00    0.00000   2.24706   -2.000   2.03096
 3536.00    0.00000   2.24477   -2.000   2.02995
 3537.00    0.00000   2.23747   -2.000   2.01907
 3538.00    0.00000   2.23627   -2.000   2.02000
 3539.00    0.00000   2.23915   -2.000   2.03344
 3540.00    0.00000   2.24636   -2.000   2.05369
 3541.00    0.00000   2.24968   -2.000   2.05804
 3542.00    0.00000   2.24593   -2.000   2.04761
 3543.00    0.00000   2.24249   -2.000   2.04080
 3544.00    0.00000   2.24345   -2.000   2.04733
 3545.00    0.00000   2.24325   -2.000   2.05252
 3546.00    0.00000   2.24069   -2.000   2.05056
 3547.00    0.00000   2.24548   -2.000   2.05694
 3548.00    0.00000   2.25073   -2.000   2.06390
 3549.00    0.00000   2.24759   -2.000   2.05586
 3550.00    0.00000   2.23903   -2.000   2.03967
 3551.00    0.00000   2.23459   -2.000   2.03372
 3552.00    0.00000   2.23765   -2.000   2.03899
 3553.00    0.00000   2.24063   -2.000   2.04316
 3554.00    0.00000   2.23687   -2.000   2.03686
 3555.00    0.00000   2.22871   -2.000   2.02564
 3556.00    0.00000   2.22187   -2.000   2.02532
 3557.00    0.00000   2.22228   -2.000   2.03855
 3558.00    0.00000   2.22302   -2.000   2.04605
 3559.00    0.00000   2.22089   -2.000   2.04522
 3560.00    0.00000   2.22142   -2.000   2.04564
 3561.00    0.00000   2.22808   -2.000   2.05047
 3562.00    0.00000   2.23101   -2.000   2.04934
 3563.00    0.00000   2.22118   -2.000   2.04446
 3564.00    0.00000   2.21006   -2.000   2.04489
 3565.00    0.00000   2.21096   -2.000   2.04144
 3566.00    0.00000   2.21142   -2.000   2.02210
 3567.00    0.00000   2.20338   -2.000   2.00165
 3568.00    0.00000   2.19831   -2.000   2.00412
 3569.00    0.00000   2.18405   -2.000   1.99851
 3570.00    0.00000   2.16044   -2.000   1.96597
 3571.00    0.00000   2.14293   -2.000   1.92684
 3572.00    0.00000   2.14672   -2.000   1.91203
 3573.00    0.00000   2.14976   -2.000   1.90933
 3574.00    0.00000   2.14742   -2.000   1.90873
 3575.00    0.00000   2.14977   -2.000   1.91670
 3576.00    0.00000   2.15365   -2.000   1.92538
 3577.00    0.00000   2.15147   -2.000   1.92920
 3578.00    0.00000   2.14304   -2.000   1.93275
 3579.00    0.00000   2.13376   -2.000   1.93727
 3580.00    0.00000   2.13123   -2.000   1.94342
 3581.00    0.00000   2.13173   -2.000   1.93580
 3582.00    0.00000   2.13047   -2.000   1.92064
 3583.00    0.00000   2.12909   -2.000   1.92604
 3584.00    0.00000   2.12768   -2.000   1.93090
 3585.00    0.00000   2.12714   -2.000   1.90721
 3586.00    0.00000   2.12706   -2.000   1.87264
 3587.00    0.00000   2.12581   -2.000   1.85393
 3588.00    0.00000   2.12383   -2.000   1.85275
 3589.00    0.00000   2.12707   -2.000   1.86466
 3590.00    0.00000   2.13702   -2.000   1.88585
 3591.00    0.00000   2.14027   -2.000   1.90645
 3592.00    0.00000   2.13604   -2.000   1.92354
 3593.00    0.00000   2.13486   -2.000   1.93420
 3594.00    0.00000   2.13538   -2.000   1.93358
 3595.00    0.00000   2.13490   -2.000   1.92829
 3596.00    0.00000   2.13482   -2.000   1.92395
 3597.00    0.00000   2.13868   -2.000   1.92751
 3598.00    0.00000   2.14373   -2.000   1.93859
 3599.00    0.00000   2.15171   -2.000   1.95689
 3600.00    0.00000   2.15680   -2.000   1.97228
 3601.00    0.00000   2.15185   -2.000   1.96944
 3602.00    0.00000   2.14297   -2.000   1.95270
 3603.00    0.00000   2.12988   -2.000   1.92789
 3604.00    0.00000   2.12134   -2.000   1.91854
 3605.00    0.00000   2.12019   -2.000   1.92394
 3606.00    0.00000   2.11982   -2.000   1.92707
 3607.00    0.00000   2.11871   -2.000   1.93323
 3608.00    0.00000   2.12019   -2.000   1.94290
 3609.00    0.00000   2.12110   -2.000   1.94078
 3610.00    0.00000   2.11725   -2.000   1.92102
 3611.00    0.00000   2.11007   -2.000   1.90090
 3612.00    0.00000   2.11112   -2.000   1.90034
 3613.00    0.00000   2.10974   -2.000   1.89543
 3614.00    0.00000   2.10609   -2.000   1.88645
 3615.00    0.00000   2.10675   -2.000   1.89775
 3616.00    0.00000   2.10765   -2.000   1.92781
 3617.00    0.00000   2.10470   -2.000   1.94684
 3618.00    0.00000   2.10292   -2.000   1.94265
 3619.00    0.00000   2.09949   -2.000   1.92029
 3620.00    0.00000   2.09527   -2.000   1.90322
 3621.00    0.00000   2.10315   -2.000   1.91664
 3622.00    0.00000   2.11505   -2.000   1.94025
 3623.00    0.00000   2.11643   -2.000   1.94448
 3624.00    0.00000   2.11428   -2.000   1.93919
 3625.00    0.00000   2.11987   -2.000   1.93969
 3626.00    0.00000   2.12841   -2.000   1.95231
 3627.00    0.00000   2.12792   -2.000   1.96638
 3628.00    0.00000   2.11591   -2.000   1.96522
 3629.00    0.00000   2.10357   -2.000   1.95775
 3630.00    0.00000   2.09900   -2.000   1.95060
 3631.00    0.00000   2.09739   -2.000   1.92948
 3632.00    0.00000   2.09537   -2.000   1.90057
 3633.00    0.00000   2.09980   -2.000   1.89410
 3634.00    0.00000   2.10715   -2.000   1.91361
 3635.00    0.00000   2.09748   -2.000   1.91549
 3636.00    0.00000   2.07807   -2.000   1.89081
 3637.00    0.00000   2.07190   -2.000   1.87850
 3638.00    0.00000   2.07427   -2.000   1.88708
 3639.00    0.00000   2.07710   -2.000   1.89973
 3640.00    0.00000   2.08095   -2.000   1.91349
 3641.00    0.00000   2.08555   -2.000   1.92029
 3642.00    0.00000   2.08134   -2.000   1.90861
 3643.00    0.00000   2.06537   -2.000   1.88119
 3644.00    0.00000   2.04993   -2.000   1.85782
 3645.00    0.00000   2.04459   -2.000   1.85361
 3646.00    0.00000   2.04496   -2.000   1.86114
 3647.00    0.00000   2.04559   -2.000   1.87198
 3648.00    0.00000   2.03018   -2.000   1.85885
 3649.00    0.00000   1.95747   -2.000   1.77400
 3650.00    0.00000   1.87585   -2.000   1.68409
 3651.00    0.00000   1.86934   -2.000   1.68135
 3652.00    0.00000   1.87292   -2.000   1.68913
 3653.00    0.00000   1.87702   -2.000   1.69818
 3654.00    0.00000   1.87837   -2.000   1.70615
 3655.00    0.00000   1.87823   -2.000   1.71174
 3656.00    0.00000   1.87866   -2.000   1.71540
 3657.00    0.00000   1.87980   -2.000   1.71607
 3658.00    0.00000   1.88024   -2.000   1.71521
 3659.00    0.00000   1.87863   -2.000   1.71544
 3660.00    0.00000   1.87575   -2.000   1.71548
 3661.00    0.00000   1.87241   -2.000   1.71184
 3662.00    0.00000   1.86755   -2.000   1.70363
 3663.00    0.00000   1.86285   -2.000   1.69725
 3664.00    0.00000   1.86157   -2.000   1.69768
 3665.00    0.00000   1.86213   -2.000   1.70341
 3666.00    0.00000   1.86083   -2.000   1.70618
 3667.00    0.00000   1.85704   -2.000   1.69599
 3668.00    0.00000   1.85152   -2.000   1.67589
 3669.00    0.00000   1.84661   -2.000   1.66560
 3670.00    0.00000   1.84704   -2.000   1.67885
 3671.00    0.00000   1.85205   -2.000   1.69823
 3672.00    0.00000   1.85461   -2.000   1.70196
 3673.00    0.00000   1.85249   -2.000   1.69632
 3674.00    0.00000   1.84980   -2.000   1.69297
 3675.00    0.00000   1.84742   -2.000   1.68981
 3676.00    0.00000   1.84196   -2.000   1.67720
 3677.00    0.00000   1.83460   -2.000   1.65915
 3678.00    0.00000   1.82894   -2.000   1.64522
 3679.00    0.00000   1.82510   -2.000   1.63772
 3680.00    0.00000   1.82408   -2.000   1.64082
 3681.00    0.00000   1.82630   -2.000   1.64740
 3682.00    0.00000   1.82836   -2.000   1.64815
 3683.00    0.00000   1.82836   -2.000   1.64750
 3684.00    0.00000   1.82476   -2.000   1.64191
 3685.00    0.00000   1.81723   -2.000   1.62710
 3686.00    0.00000   1.80963   -2.000   1.61351
 3687.00    0.00000   1.80679   -2.000   1.61719
 3688.00    0.00000   1.81093   -2.000   1.64208
 3689.00    0.00000   1.81889   -2.000   1.67026
 3690.00    0.00000   1.82528   -2.000   1.68456
 3691.00    0.00000   1.82786   -2.000   1.68724
 3692.00    0.00000   1.82622   -2.000   1.68416
 3693.00    0.00000   1.82179   -2.000   1.68074
 3694.00    0.00000   1.81764   -2.000   1.68259
 3695.00    0.00000   1.81449   -2.000   1.68365
 3696.00    0.00000   1.81149   -2.000   1.67627
 3697.00    0.00000   1.81091   -2.000   1.67233
 3698.00    0.00000   1.81564   -2.000   1.68644
 3699.00    0.00000   1.82303   -2.000   1.70780
 3700.00    0.00000   1.82546   -2.000   1.71332
 3701.00    0.00000   1.81845   -2.000   1.69198
 3702.00    0.00000   1.80158   -2.000   1.64382
 3703.00    0.00000   1.77691   -2.000   1.57727
 3704.00    0.00000   1.75460   -2.000   1.52239
 3705.00    0.00000   1.75102   -2.000   1.51904
 3706.00    0.00000   1.76785   -2.000   1.56775
 3707.00    0.00000   1.78444   -2.000   1.61488
 3708.00    0.00000   1.78780   -2.000   1.62624
 3709.00    0.00000   1.78531   -2.000   1.62041
 3710.00    0.00000   1.78385   -2.000   1.61241
 3711.00    0.00000   1.78427   -2.000   1.60988
 3712.00    0.00000   1.78917   -2.000   1.62869
 3713.00    0.00000   1.80102   -2.000   1.67034
 3714.00    0.00000   1.81285   -2.000   1.71025
 3715.00    0.00000   1.81724   -2.000   1.72820
 3716.00    0.00000   1.81620   -2.000   1.72768
 3717.00    0.00000   1.80987   -2.000   1.70193
 3718.00    0.00000   1.79321   -2.000   1.63133
 3719.00    0.00000   1.76823   -2.000   1.53600
 3720.00    0.00000   1.74448   -2.000   1.46399
 3721.00    0.00000   1.73198   -2.000   1.44330
 3722.00    0.00000   1.73685   -2.000   1.48192
 3723.00    0.00000   1.75656   -2.000   1.56538
 3724.00    0.00000   1.78044   -2.000   1.64821
 3725.00    0.00000   1.79734   -2.000   1.69141
 3726.00    0.00000   1.80106   -2.000   1.69419
 3727.00    0.00000   1.79826   -2.000   1.69739
 3728.00    0.00000   1.79935   -2.000   1.71852
 3729.00    0.00000   1.79897   -2.000   1.72487
 3730.00    0.00000   1.78709   -2.000   1.69526
 3731.00    0.00000   1.76432   -2.000   1.63003
 3732.00    0.00000   1.73491   -2.000   1.52560
 3733.00    0.00000   1.70590   -2.000   1.40920
 3734.00    0.00000   1.69053   -2.000   1.34572
 3735.00    0.00000   1.69584   -2.000   1.36813
 3736.00    0.00000   1.71471   -2.000   1.44125
 3737.00    0.00000   1.74001   -2.000   1.53554
 3738.00    0.00000   1.76807   -2.000   1.63306
 3739.00    0.00000   1.79288   -2.000   1.70748
 3740.00    0.00000   1.80843   -2.000   1.74523
 3741.00    0.00000   1.81211   -2.000   1.75072
 3742.00    0.00000   1.80532   -2.000   1.73033
 3743.00    0.00000   1.79257   -2.000   1.68947
 3744.00    0.00000   1.77707   -2.000   1.63572
 3745.00    0.00000   1.75823   -2.000   1.58529
 3746.00    0.00000   1.73628   -2.000   1.54270
 3747.00    0.00000   1.70996   -2.000   1.47752
 3748.00    0.00000   1.67814   -2.000   1.38563
 3749.00    0.00000   1.65346   -2.000   1.32915
 3750.00    0.00000   1.65363   -2.000   1.36109
 3751.00    0.00000   1.67982   -2.000   1.45938
 3752.00    0.00000   1.71587   -2.000   1.56206
 3753.00    0.00000   1.74722   -2.000   1.63865
 3754.00    0.00000   1.77190   -2.000   1.69385
 3755.00    0.00000   1.78960   -2.000   1.72288
 3756.00    0.00000   1.79540   -2.000   1.71113
 3757.00    0.00000   1.78995   -2.000   1.67517
 3758.00    1.39063   1.78329   -1.000   1.65888
 3759.00    1.56645   1.78322   -1.000   1.67798
 3760.00    1.74051   1.79090   19.078   1.71370
 3761.00    1.59050   1.80101   -1.000   1.74164
 3762.00    1.48478   1.80315   -1.000   1.74265
 3763.00    1.48887   1.79542   -1.000   1.72754
 3764.00    1.67875   1.78341   -1.000   1.71649
 3765.00    1.47783   1.76625   -1.000   1.69410
 3766.00    1.47381   1.73992   -1.000   1.64613
 3767.00    1.55231   1.70848   -1.000   1.58800
 3768.00    1.39032   1.67633   -1.000   1.51954
 3769.00    2.02848   1.64270   -1.000   1.43121
 3770.00    1.92740   1.61954   -1.000   1.37207
 3771.00    1.89551   1.62781   -1.000   1.40510
 3772.00    1.27570   1.66223   -1.000   1.50011
 3773.00    1.67113   1.69954   19.078   1.58867
 3774.00    1.40631   1.72919   -1.000   1.64773
 3775.00    1.49348   1.75401   -1.000   1.69136
 3776.00    1.62030   1.77639   -1.000   1.73200
 3777.00    1.68900   1.79513   19.078   1.76665
 3778.00    1.45421   1.81061   -1.000   1.79245
 3779.00    1.48709   1.82522   -1.000   1.81306
 3780.00    1.67326   1.83653   -1.000   1.82778
 3781.00    1.85640   1.84168   19.078   1.83420
 3782.00    1.93810   1.84362   19.078   1.83361
 3783.00    1.76848   1.84479   19.078   1.83117
 3784.00    1.41880   1.84194   -1.000   1.82149
 3785.00    1.68901   1.83118   -1.000   1.79634
 3786.00    1.57807   1.81654   -1.000   1.77072
 3787.00    1.58216   1.80475   -1.000   1.76124
 3788.00    1.87024   1.79493   19.078   1.76053
 3789.00    1.72916   1.78374   19.078   1.75720
 3790.00    1.49403   1.77167   -1.000   1.74986
 3791.00    1.35495   1.75775   -1.000   1.73458
 3792.00    1.46928   1.73715   -1.000   1.69941
 3793.00    1.55287   1.70681   -1.000   1.64257
 3794.00    1.17100   1.66888   -1.000   1.57404
 3795.00    1.30487   1.62574   -1.000   1.49438
 3796.00    1.74357   1.57754   19.078   1.38902
 3797.00    1.98507   1.53600   -1.000   1.28800
 3798.00    2.19344   1.52877   -1.000   1.28056
 3799.00    1.62733   1.56337   19.078   1.38227
 3800.00    1.07774   1.61707   -1.000   1.51597
 3801.00    1.14751   1.66742   -1.000   1.62264
 3802.00    1.54324   1.70837   -1.000   1.69640
 3803.00    1.21316   1.74053   -1.000   1.74355
 3804.00    1.39229   1.76175   -1.000   1.76125
 3805.00    1.51489   1.77194   -1.000   1.75654
 3806.00    1.49758   1.77747   -1.000   1.75424
 3807.00    1.39728   1.78664   -1.000   1.77603
 3808.00    1.42562   1.80091   -1.000   1.81332
 3809.00    1.56582   1.81453   -1.000   1.84134
 3810.00    1.50755   1.82241   -1.000   1.84541
 3811.00    1.52965   1.82240   -1.000   1.82548
 3812.00    1.78589   1.81478   19.078   1.79166
 3813.00    1.79697   1.80352   19.078   1.75919
 3814.00    1.62781   1.79387   -1.000   1.73264
 3815.00    1.80882   1.78764   19.078   1.72053
 3816.00    1.68091   1.78368   19.078   1.73628
 3817.00    1.54732   1.77247   -1.000   1.74394
 3818.00    1.60145   1.74180   -1.000   1.68476
 3819.00    1.70818   1.70649   19.078   1.58986
 3820.00    1.65938   1.70191   19.078   1.56968
 3821.00    1.64384   1.73136   19.078   1.64620
 3822.00    1.65927   1.76129   19.078   1.71774
 3823.00    1.58308   1.76820   -1.000   1.71226
 3824.00    1.56926   1.75644   -1.000   1.66068
 3825.00    1.56452   1.74187   -1.000   1.62711
 3826.00    1.49265   1.73063   -1.000   1.62015
 3827.00    1.41496   1.71889   -1.000   1.61147
 3828.00    1.34286   1.70373   -1.000   1.59612
 3829.00    1.34278   1.68460   -1.000   1.58218
 3830.00    1.13499   1.65855   -1.000   1.54897
 3831.00    1.07173   1.62036   -1.000   1.47317
 3832.00    1.64630   1.56914   19.078   1.37399
 3833.00    1.73607   1.51084   19.078   1.27708
 3834.00    2.33229   1.46048   -1.000   1.19955
 3835.00    2.69902   1.44020   -1.000   1.17542
 3836.00    2.11825   1.46040   -1.000   1.21193
 3837.00    1.34672   1.50559   -1.000   1.27660
 3838.00    1.16222   1.55396   -1.000   1.35199
 3839.00    1.08788   1.59723   -1.000   1.43504
 3840.00    1.36415   1.63558   -1.000   1.52061
 3841.00    1.21584   1.67164   -1.000   1.60979
 3842.00    1.41081   1.70445   -1.000   1.68448
 3843.00    1.84496   1.72826   19.078   1.72570
 3844.00    1.72039   1.74303   19.078   1.74671
 3845.00    1.46500   1.75293   -1.000   1.76100
 3846.00    1.47006   1.76181   -1.000   1.77693
 3847.00    1.55714   1.77023   -1.000   1.79154
 3848.00    1.52336   1.77382   -1.000   1.78819
 3849.00    1.81108   1.77200   19.078   1.76944
 3850.00    2.04266   1.77246   -1.000   1.76736
 3851.00    1.83021   1.77925   19.078   1.78936
 3852.00    1.85669   1.78491   19.078   1.80607
 3853.00    1.79847   1.78430   19.078   1.80473
 3854.00    1.82907   1.77965   19.078   1.78555
 3855.00    1.98434   1.77346   -1.000   1.75364
 3856.00    1.99833   1.76903   -1.000   1.73029
 3857.00    1.74311   1.76672   19.078   1.71341
 3858.00    1.58469   1.76160   -1.000   1.67925
 3859.00    1.67820   1.75579   19.078   1.65223
 3860.00    1.74575   1.75852   19.078   1.68147
 3861.00    1.71039   1.76973   19.078   1.74522
 3862.00    1.83027   1.77973   19.078   1.78621
 3863.00    1.91100   1.78307   19.078   1.79285
 3864.00    1.63395   1.78023   -1.000   1.78140
 3865.00    1.72840   1.77295   19.078   1.77056
 3866.00    3.11424   1.76245   -1.000   1.76489
 3867.00    6.30335   1.75441   -1.000   1.76398
 3868.00    9.41556   1.75570   -1.000   1.77428
 3869.00    8.35366   1.75848   -1.000   1.77865
 3870.00    4.66728   1.74907   -1.000   1.74487
 3871.00    2.22953   1.73262   -1.000   1.68327
 3872.00    1.73299   1.72511   19.078   1.65106
 3873.00    1.79957   1.73226   19.078   1.67501
 3874.00    1.69888   1.74342   19.078   1.71529
 3875.00    1.64185   1.74647   19.078   1.72699
 3876.00    1.51326   1.73788   -1.000   1.70020
 3877.00    1.49300   1.72079   -1.000   1.65735
 3878.00    1.56887   1.70510   -1.000   1.64485
 3879.00    1.55801   1.69835   -1.000   1.67629
 3880.00    1.69942   1.69103   19.078   1.70083
 3881.00    1.61657   1.67367   19.078   1.69110
 3882.00    1.28065   1.65159   -1.000   1.66336
 3883.00    1.34916   1.62964   -1.000   1.62403
 3884.00    1.39715   1.59997   -1.000   1.55747
 3885.00    1.39792   1.55410   -1.000   1.46038
 3886.00    1.53262   1.49478   19.078   1.35180
 3887.00    3.63612   1.42969   -1.000   1.24144
 3888.00    5.30014   1.37718   -1.000   1.15526
 3889.00    4.99994   1.36886   -1.000   1.16065
 3890.00    2.91561   1.41320   -1.000   1.26483
 3891.00    1.62976   1.48115   19.078   1.39071
 3892.00    1.56627   1.54146   19.078   1.47821
 3893.00    1.64076   1.58474   19.078   1.52713
 3894.00    1.58581   1.61467   19.078   1.55980
 3895.00    1.61322   1.63867   19.078   1.59540
 3896.00    1.61320   1.66192   19.078   1.63198
 3897.00    1.30525   1.68039   -1.000   1.64784
 3898.00    1.33970   1.69012   -1.000   1.64564
 3899.00    1.70222   1.69702   19.078   1.64854
 3900.00    1.77388   1.70712   19.078   1.66310
 3901.00    1.69163   1.71753   19.078   1.67408
 3902.00    1.84331   1.72196   19.078   1.67433
 3903.00    1.67423   1.72210   19.078   1.66666
 3904.00    1.44365   1.72117   -1.000   1.64636
 3905.00    1.51477   1.71876   -1.000   1.63364
 3906.00    1.70445   1.72049   19.078   1.66091
 3907.00    1.60186   1.73006   -1.000   1.70594
 3908.00    1.65168   1.74075   19.078   1.73288
 3909.00    1.68473   1.74676   19.078   1.73866
 3910.00    1.58177   1.74900   -1.000   1.74164
 3911.00    1.86429   1.75006   19.078   1.74799
 3912.00    1.64962   1.74918   19.078   1.74515
 3913.00    1.57174   1.74565   -1.000   1.73319
 3914.00    1.78770   1.74222   19.078   1.72499
 3915.00    1.75818   1.73929   19.078   1.71890
 3916.00    1.70217   1.73486   19.078   1.70975
 3917.00    1.69067   1.72922   19.078   1.69674
 3918.00    1.65502   1.72135   19.078   1.67659
 3919.00    1.71082   1.71071   19.078   1.65106
 3920.00    1.62542   1.70049   19.078   1.63230
 3921.00    1.67164   1.69445   19.078   1.62631
 3922.00    1.94953   1.69237   -1.000   1.62617
 3923.00    1.66313   1.69146   19.078   1.62758
 3924.00    1.63905   1.68779   19.078   1.62244
 3925.00    1.78046   1.67724   19.078   1.59691
 3926.00    1.68146   1.66499   19.078   1.55251
 3927.00    1.58118   1.66029   19.078   1.50717
 3928.00    1.50167   1.66034   -1.000   1.46810
 3929.00    1.47054   1.65707   -1.000   1.42201
 3930.00    1.50443   1.64905   -1.000   1.36151
 3931.00    1.49647   1.63787   -1.000   1.29476
 3932.00    1.37951   1.62501   -1.000   1.23573
 3933.00    1.35239   1.61530   -1.000   1.20529
 3934.00    1.37975   1.61488   -1.000   1.21872
 3935.00    1.43221   1.62374   -1.000   1.27257
 3936.00    1.54970   1.63749   -1.000   1.35061
 3937.00    1.48469   1.65218   -1.000   1.43347
 3938.00    1.66291   1.66568   19.078   1.50688
 3939.00    1.55848   1.67688   -1.000   1.56311
 3940.00    1.56607   1.68366   -1.000   1.59874
 3941.00    1.58970   1.68530   19.078   1.61629
 3942.00    1.48855   1.68355   -1.000   1.61874
 3943.00    1.38279   1.68048   -1.000   1.61563
 3944.00    1.51952   1.68123   -1.000   1.62856
 3945.00    1.57364   1.68894   -1.000   1.65473
 3946.00    1.70097   1.69614   19.078   1.66825
 3947.00    1.80766   1.69524   19.078   1.66511
 3948.00    1.60822   1.69123   19.078   1.66310
 3949.00    1.50498   1.69215   -1.000   1.66992
 3950.00    1.54301   1.69538   -1.000   1.67529
 3951.00    1.70497   1.69300   19.078   1.66884
 3952.00    1.42136   1.68664   -1.000   1.65853
 3953.00    1.60965   1.68427   19.078   1.65922
 3954.00    1.66473   1.68423   19.078   1.66121
 3955.00    1.46327   1.67775   -1.000   1.64807
 3956.00    1.42832   1.66610   -1.000   1.63268
 3957.00    1.58063   1.65811   19.078   1.63357
 3958.00    1.68669   1.65425   19.078   1.63974
 3959.00    1.43171   1.64457   -1.000   1.62280
 3960.00    1.20100   1.62151   -1.000   1.57265
 3961.00    1.51531   1.59135   19.078   1.51541
 3962.00    1.16186   1.56393   -1.000   1.47242
 3963.00    1.46934   1.53661   19.078   1.42453
 3964.00    1.54045   1.50262   19.078   1.34744
 3965.00    1.93935   1.46336   -1.000   1.24455
 3966.00    3.01490   1.41807   -1.000   1.12636
 3967.00    3.64696   1.36040   -1.000   1.00139
 3968.00    3.78899   1.29372   -1.000   0.89497
 3969.00    4.45090   1.24279   -1.000   0.85224
 3970.00    4.57066   1.23908   -1.000   0.90460
 3971.00    2.73835   1.28637   -1.000   1.03430
 3972.00    1.48024   1.35640   19.078   1.18389
 3973.00    1.02833   1.42174   -1.000   1.31052
 3974.00    1.19875   1.47530   -1.000   1.40761
 3975.00    1.27898   1.51812   -1.000   1.47842
 3976.00    1.47325   1.55147   19.078   1.52755
 3977.00    1.40780   1.57894   -1.000   1.56652
 3978.00    1.34116   1.60301   -1.000   1.60100
 3979.00    1.46727   1.62254   -1.000   1.62715
 3980.00    1.58168   1.63493   19.078   1.63943
 3981.00    1.53594   1.63958   19.078   1.63910
 3982.00    1.40961   1.64139   -1.000   1.63632
 3983.00    1.48853   1.64605   -1.000   1.64185
 3984.00    1.57726   1.65373   19.078   1.65361
 3985.00    1.68001   1.66072   19.078   1.65932
 3986.00    1.72938   1.66534   19.078   1.66108
 3987.00    1.61953   1.67006   19.078   1.66917
 3988.00    1.65006   1.67432   19.078   1.67703
 3989.00    1.49263   1.67463   -1.000   1.67826
 3990.00    1.49402   1.67448   -1.000   1.68290
 3991.00    1.75327   1.67804   19.078   1.69386
 3992.00    1.77386   1.68259   19.078   1.69761
 3993.00    1.50285   1.68336   -1.000   1.68714
 3994.00    1.67563   1.67928   19.078   1.67254
 3995.00    1.71663   1.67333   19.078   1.66285
 3996.00    1.55072   1.66781   -1.000   1.65439
 3997.00    1.52101   1.66453   -1.000   1.64713
 3998.00    1.68631   1.66766   19.078   1.65064
 3999.00    1.60899   1.67636   19.078   1.66184
 4000.00    1.76280   1.68281   19.078   1.66972
 4001.00    1.81605   1.68421   19.078   1.67565
 4002.00    1.56125   1.68394   19.078   1.68114
 4003.00    1.49685   1.67943   -1.000   1.67184
 4004.00    1.74739   1.66549   19.078   1.64425
 4005.00    1.55859   1.65050   19.078   1.62486
 4006.00    1.49713   1.64706   -1.000   1.62752
 4007.00    1.94993   1.65146   -1.000   1.63498
 4008.00    1.68088   1.65346   19.078   1.63346
 4009.00    1.66467   1.65320   19.078   1.63272
 4010.00    1.72590   1.65651   19.078   1.64624
 4011.00    1.68389   1.66234   19.078   1.66365
 4012.00    1.99205   1.66634   -1.000   1.67317
 4013.00    2.01149   1.66858   -1.000   1.67784
 4014.00    1.74375   1.67056   19.078   1.68167
 4015.00    1.76632   1.67170   19.078   1.68134
 4016.00    1.78946   1.66916   19.078   1.67632
 4017.00    1.49291   1.66451   -1.000   1.67356
 4018.00    1.89240   1.66344   -1.000   1.67538
 4019.00    1.69915   1.66411   19.078   1.67614
 4020.00    1.59389   1.65939   19.078   1.67195
 4021.00    1.62485   1.64800   19.078   1.66607
 4022.00    1.45626   1.63043   -1.000   1.65470
 4023.00    1.74230   1.60231   19.078   1.62407
 4024.00    1.91672   1.56263   -1.000   1.57136
 4025.00    2.03004   1.52684   -1.000   1.52025
 4026.00    2.03850   1.52226   -1.000   1.51256
 4027.00    2.16371   1.55551   -1.000   1.55750
 4028.00    1.90736   1.59721   -1.000   1.60565
 4029.00    1.64020   1.61788   19.078   1.61876
 4030.00    1.61693   1.61834   19.078   1.61394
 4031.00    1.62554   1.61565   19.078   1.61364
 4032.00    1.58927   1.61772   19.078   1.61588
 4033.00    1.74604   1.62223   19.078   1.62183
 4034.00    1.73504   1.62946   19.078   1.63590
 4035.00    1.63626   1.64052   19.078   1.65714
 4036.00    1.74235   1.65377   19.078   1.67816
 4037.00    1.68390   1.66419   19.078   1.69160
 4038.00    1.52951   1.66704   -1.000   1.69241
 4039.00    1.53411   1.66199   19.078   1.67973
 4040.00    1.74726   1.65443   19.078   1.66607
 4041.00    1.74079   1.65161   19.078   1.66373
 4042.00    1.56501   1.65142   19.078   1.66056
 4043.00    1.61072   1.64286   19.078   1.63485
 4044.00    1.65839   1.62365   19.078   1.58787
 4045.00    1.72784   1.60769   19.078   1.55750
 4046.00    1.63700   1.61035   19.078   1.57775
 4047.00    1.66484   1.62773   19.078   1.62559
 4048.00    1.68988   1.64210   19.078   1.65644
 4049.00    1.77507   1.64753   19.078   1.66569
 4050.00    1.68098   1.64899   19.078   1.66728
 4051.00    1.67466   1.64692   19.078   1.66436
 4052.00    1.65657   1.64090   19.078   1.65816
 4053.00    1.53447   1.63365   19.078   1.65162
 4054.00    1.70211   1.62777   19.078   1.64674
 4055.00    1.62562   1.62498   19.078   1.64452
 4056.00    1.55660   1.62352   19.078   1.64215
 4057.00    1.56128   1.62023   19.078   1.63804
 4058.00    1.62219   1.61910   19.078   1.63938
 4059.00    1.57515   1.62443   19.078   1.64808
 4060.00    1.59532   1.62954   19.078   1.64948
 4061.00    1.59417   1.62491   19.078   1.62761
 4062.00    1.54753   1.60967   19.078   1.59025
 4063.00    1.74052   1.59597   19.078   1.57169
 4064.00    1.59015   1.59660   19.078   1.58728
 4065.00    1.57993   1.60586   19.078   1.60817
 4066.00    1.70464   1.60851   19.078   1.61168
 4067.00    1.85875   1.60553   -1.000   1.61336
 4068.00    1.86839   1.60636   -1.000   1.62108
 4069.00    1.79881   1.60691   -1.000   1.61465
 4070.00    1.73717   1.59971   19.078   1.58792
 4071.00    1.54001   1.59066   19.078   1.56954
 4072.00    1.28798   1.59227   -1.000   1.58268
 4073.00    1.60333   1.60265   19.078   1.60733
 4074.00    1.59828   1.60553   19.078   1.61449
 4075.00    1.70685   1.59370   19.078   1.60184
 4076.00    1.69573   1.57668   19.078   1.58167
 4077.00    1.47071   1.56804   19.078   1.57121
 4078.00    1.39161   1.57269   -1.000   1.58236
 4079.00    1.44715   1.58571   -1.000   1.60549
 4080.00    1.52688   1.59885   19.078   1.62353
 4081.00    1.57570   1.60448   19.078   1.62859
 4082.00    1.62233   1.59961   19.078   1.61914
 4083.00    1.47874   1.58888   19.078   1.60088
 4084.00    1.49444   1.57969   19.078   1.58807
 4085.00    1.68527   1.57618   19.078   1.59221
 4086.00    1.53995   1.57851   19.078   1.60553
 4087.00    1.42664   1.58161    0.000   1.61057
 4088.00    1.65960   1.57984    0.000   1.60265
 4089.00    1.45452   1.57372    0.000   1.59501
 4090.00    1.46581   1.56570    0.000   1.59267
 4091.00    1.45828   1.55516    0.000   1.58662
 4092.00    1.40416   1.54305    0.000   1.57615
 4093.00    1.47767   1.53081    0.000   1.56367
 4094.00    1.64125   1.51230    0.000   1.54329
 4095.00    1.41537   1.48332    0.000   1.51272
 4096.00    1.25536   1.45058    0.000   1.47630
 4097.00    1.26592   1.41666    0.000   1.43147
 4098.00    1.25302   1.37545    0.000   1.36920
 4099.00    1.80681   1.31852    0.000   1.27148
 4100.00    3.81397   1.24832    0.000   1.14245
 4101.00    6.15652   1.19458    0.000   1.04773
 4102.00    5.59563   1.19833    0.000   1.06828
 4103.00    3.19340   1.25902    0.000   1.18806
 4104.00    1.52821   1.33281    0.000   1.31415
 4105.00    1.29742   1.39134    0.000   1.39865
 4106.00    1.24298   1.43339    0.000   1.45026
 4107.00    1.37639   1.46162    0.000   1.48398
 4108.00    1.31273   1.47988    0.000   1.50635
 4109.00    1.22633   1.49207    0.000   1.52207
 4110.00    1.43571   1.50212    0.000   1.53827
 4111.00    1.43438   1.51308    0.000   1.55414
 4112.00    1.42165   1.52569    0.000   1.56575
 4113.00    1.37477   1.53778    0.000   1.57319
 4114.00    1.43729   1.54618    0.000   1.57694
 4115.00    1.63749   1.55092    0.000   1.57941
 4116.00    1.40943   1.55360    0.000   1.58063
 4117.00    1.50556   1.55193    0.000   1.57372
 4118.00    1.40153   1.54392   -1.000   1.55890
 4119.00    1.29801   1.53382   -1.000   1.54307
 4120.00    1.37898   1.52774   -1.000   1.53004
 4121.00    1.46697   1.53081   19.078   1.53347
 4122.00    1.41663   1.54159   19.078   1.55884
 4123.00    1.42840   1.55232   19.078   1.58427
 4124.00    1.44688   1.56001   19.078   1.59381
 4125.00    1.59815   1.56310   19.078   1.58982
 4126.00    1.58373   1.55972   19.078   1.58219
 4127.00    1.44964   1.55306   19.078   1.57881
 4128.00    1.45802   1.54862   19.078   1.58107
 4129.00    1.60898   1.54762   19.078   1.58197
 4130.00    1.58024   1.54525   19.078   1.56853
 4131.00    1.46551   1.53865   19.078   1.54589
 4132.00    1.48464   1.53261   19.078   1.53473
 4133.00    1.42652   1.53302   19.078   1.54090
 4134.00    1.43345   1.54012   19.078   1.55572
 4135.00    1.71257   1.55027   19.078   1.56889
 4136.00    1.59373   1.55734   19.078   1.57631
 4137.00    1.52410   1.55930   19.078   1.58003
 4138.00    1.68370   1.56072   19.078   1.58337
 4139.00    1.63595   1.56148   19.078   1.58530
 4140.00    1.70997   1.55584   19.078   1.57644
 4141.00    1.44621   1.53760   19.078   1.54588
 4142.00    1.48150   1.50649   19.078   1.49713
 4143.00    1.44830   1.48078   19.078   1.46211
 4144.00    1.38928   1.48354   19.078   1.47659
 4145.00    1.45572   1.50928   19.078   1.52414
 4146.00    1.48141   1.53242   19.078   1.55736
 4147.00    1.56973   1.54186   19.078   1.56296
 4148.00    1.60530   1.54146   19.078   1.55922
 4149.00    1.66570   1.53709   19.078   1.55971
 4150.00    1.55589   1.53487   19.078   1.56383
 4151.00    1.72456   1.53518   -1.000   1.56411
 4152.00    1.65791   1.53402   19.078   1.55463
 4153.00    1.62467   1.53034   19.078   1.54036
 4154.00    1.60420   1.52672   19.078   1.53499
 4155.00    1.42195   1.52536   19.078   1.54024
 4156.00    1.54137   1.52595   19.078   1.54444
 4157.00    1.64233   1.52943   19.078   1.54762
 4158.00    1.52850   1.53539   19.078   1.55594
 4159.00    1.52965   1.53943   19.078   1.56575
 4160.00    1.52972   1.53984   19.078   1.57133
 4161.00    1.56494   1.53982   19.078   1.57171
 4162.00    1.67591   1.54184   19.078   1.56951
 4163.00    1.49183   1.54244   19.078   1.56788
 4164.00    1.60653   1.53971   19.078   1.56723
 4165.00    1.56660   1.53575   19.078   1.56250
 4166.00    1.63236   1.52981   19.078   1.55046
 4167.00    1.59048   1.52293   19.078   1.54064
 4168.00    1.41114   1.52086   19.078   1.54030
 4169.00    1.44117   1.52320   19.078   1.54192
 4170.00    1.42785   1.52179   19.078   1.53556
 4171.00    1.46203   1.51164   19.078   1.51949
 4172.00    1.55370   1.49884   19.078   1.50600
 4173.00    1.48005   1.49413   19.078   1.50537
 4174.00    1.55680   1.49918   19.078   1.51245
 4175.00    1.44208   1.50584   19.078   1.51944
 4176.00    1.35106   1.50714   -1.000   1.52354
 4177.00    1.42071   1.50442   19.078   1.52680
 4178.00    1.45725   1.50431   19.078   1.53346
 4179.00    1.48431   1.50890   19.078   1.53836
 4180.00    1.44591   1.51204   19.078   1.53339
 4181.00    1.49468   1.50936   19.078   1.52367
 4182.00    1.53107   1.50557   19.078   1.52044
 4183.00    1.50148   1.50647   19.078   1.52485
 4184.00    1.52960   1.51087   19.078   1.52626
 4185.00    1.62509   1.51196   19.078   1.51443
 4186.00    1.43911   1.50486   19.078   1.49467
 4187.00    1.37836   1.49637   19.078   1.48669
 4188.00    1.49356   1.49656   19.078   1.49758
 4189.00    1.46083   1.50183   19.078   1.51252
 4190.00    1.42164   1.50303   19.078   1.51728
 4191.00    1.45702   1.50178   19.078   1.51799
 4192.00    1.34618   1.50493   -1.000   1.52381
 4193.00    1.43360   1.50793   19.078   1.52676
 4194.00    1.41933   1.50012   19.078   1.51835
 4195.00    1.50508   1.48334   19.078   1.50671
 4196.00    1.62069   1.46546   19.078   1.49165
 4197.00    1.49861   1.44720   19.078   1.46439
 4198.00    1.42953   1.42895   19.078   1.43658
 4199.00    1.43446   1.41893   19.078   1.42727
 4200.00    1.42201   1.42135   19.078   1.43317
 4201.00    1.51168   1.43080   19.078   1.44503
 4202.00    1.48949   1.44402   19.078   1.46315
 4203.00    1.52004   1.45898   19.078   1.48205
 4204.00    1.55452   1.47052   19.078   1.49416
 4205.00    1.52392   1.47884   19.078   1.49934
 4206.00    1.51097   1.48688   19.078   1.50172
 4207.00    1.51169   1.49364   19.078   1.50439
 4208.00    1.44309   1.49619   19.078   1.50576
 4209.00    1.47946   1.49406   19.078   1.50287
 4210.00    1.52427   1.49202   19.078   1.50084
 4211.00    1.52395   1.49400   19.078   1.50434
 4212.00    1.47427   1.49618   19.078   1.50825
 4213.00    1.41203   1.49269   19.078   1.50633
 4214.00    1.41533   1.48262   19.078   1.49416
 4215.00    1.54177   1.47291   19.078   1.47827
 4216.00    1.65423   1.47428   19.078   1.47303
 4217.00    1.52560   1.48573   19.078   1.47960
 4218.00    1.46046   1.49557   19.078   1.48941
 4219.00    1.49849   1.49947   19.078   1.49908
 4220.00    1.46117   1.50043   19.078   1.50370
 4221.00    1.48311   1.49733   19.078   1.49839
 4222.00    1.51321   1.48767   19.078   1.48595
 4223.00    1.44275   1.47363   19.078   1.46549
 4224.00    1.34549   1.45628   19.078   1.42941
 4225.00    1.35823   1.43561   19.078   1.37806
 4226.00    1.34910   1.42014   19.078   1.34624
 4227.00    1.33157   1.42452   19.078   1.37322
 4228.00    1.46483   1.44848   19.078   1.43525
 4229.00    1.46425   1.47255   19.078   1.47671
 4230.00    1.38781   1.48398   19.078   1.48778
 4231.00    1.53928   1.48397   19.078   1.48588
 4232.00    1.41020   1.47551   19.078   1.47769
 4233.00    1.36536   1.46673   19.078   1.46963
 4234.00    1.50085   1.46315   19.078   1.46218
 4235.00    1.40676   1.46010   19.078   1.45040
 4236.00    1.26535   1.45690   -1.000   1.44345
 4237.00    1.44058   1.45788   19.078   1.44930
 4238.00    1.50778   1.46016   19.078   1.45986
 4239.00    1.59735   1.46177   19.078   1.46851
 4240.00    1.51694   1.46611   19.078   1.47411
 4241.00    1.39258   1.47114   19.078   1.47209
 4242.00    1.44096   1.47320   19.078   1.46709
 4243.00    1.49746   1.47581   19.078   1.47092
 4244.00    1.50433   1.47993   19.078   1.47951
 4245.00    1.37268   1.47798   19.078   1.47560
 4246.00    1.34071   1.46751   19.078   1.45551
 4247.00    1.35291   1.45647   19.078   1.43347
 4248.00    1.31831   1.45057   -1.000   1.41919
 4249.00    1.33076   1.44616   19.078   1.41265
 4250.00    1.41130   1.44315   19.078   1.42130
 4251.00    1.40841   1.44688   19.078   1.44309
 4252.00    1.54394   1.45240   19.078   1.45329
 4253.00    1.54598   1.44981   19.078   1.44069
 4254.00    1.51268   1.44328   19.078   1.42904
 4255.00    1.63935   1.44511   -1.000   1.44109
 4256.00    1.33866   1.45519   19.078   1.46425
 4257.00    1.33162   1.45944   19.078   1.46948
 4258.00    1.50396   1.45053   19.078   1.45059
 4259.00    1.47578   1.43646   19.078   1.42480
 4260.00    1.29408   1.42831   -1.000   1.41403
 4261.00    1.34847   1.43304   19.078   1.42703
 4262.00    1.52654   1.44748   19.078   1.45024
 4263.00    1.42828   1.46029   19.078   1.46729
 4264.00    1.42929   1.46583   19.078   1.47414
 4265.00    1.47009   1.46522   19.078   1.46704
 4266.00    1.53746   1.45821   19.078   1.44473
 4267.00    1.59314   1.44806   19.078   1.42670
 4268.00    1.50147   1.44109   19.078   1.42421
 4269.00    1.39664   1.43408   19.078   1.41484
 4270.00    1.38770   1.42059   19.078   1.38614
 4271.00    1.47003   1.40651   19.078   1.36495
 4272.00    1.45510   1.40344   19.078   1.36999
 4273.00    1.44768   1.40840   19.078   1.38063
 4274.00    1.44139   1.41163   19.078   1.38561
 4275.00    1.36063   1.41737   19.078   1.40268
 4276.00    1.44225   1.43029   19.078   1.42995
 4277.00    1.54222   1.44251   19.078   1.44474
 4278.00    1.46049   1.44588   19.078   1.43820
 4279.00    1.36273   1.43942   19.078   1.42124
 4280.00    1.37456   1.43054   19.078   1.41014
 4281.00    1.38094   1.42680   19.078   1.40869
 4282.00    1.40634   1.42726   19.078   1.41113
 4283.00    1.47332   1.42817   19.078   1.41224
 4284.00    1.43748   1.42617   19.078   1.40565
 4285.00    1.45768   1.42077   19.078   1.39464
 4286.00    1.49499   1.41693   19.078   1.39187
 4287.00    1.48415   1.41378   19.078   1.39036
 4288.00    1.37052   1.40466   19.078   1.37489
 4289.00    1.26474   1.39162   -1.000   1.35540
 4290.00    1.45717   1.38706    0.000   1.35285
 4291.00    1.23744   1.39706    0.000   1.36891
 4292.00    1.30550   1.41137    0.000   1.38642
 4293.00    1.25093   1.41575    0.000   1.38969
 4294.00    1.27229   1.41100    0.000   1.38292
 4295.00    1.59161   1.40676    0.000   1.37525
 4296.00    1.36265   1.40315    0.000   1.36051
 4297.00    1.39406   1.39466    0.000   1.33353
 4298.00    1.35014   1.37991    0.000   1.30225
 4299.00    1.39249   1.36445    0.000   1.28061
 4300.00    1.42445   1.35826    0.000   1.27620
 4301.00    1.31503   1.36090    0.000   1.27893
 4302.00    1.34825   1.36329    0.000   1.27872
 4303.00    1.36900   1.36530    0.000   1.28216
 4304.00    1.36927   1.36839    0.000   1.29067
 4305.00    1.39987   1.36809    0.000   1.29051
 4306.00    1.44877   1.36224    0.000   1.27180
 4307.00    1.40690   1.35271    0.000   1.24564
 4308.00    1.21967   1.34596    0.000   1.23584
 4309.00    1.24577   1.34882    0.000   1.24699
 4310.00    1.32148   1.35907    0.000   1.26286
 4311.00    1.24618   1.36896    0.000   1.27870
 4312.00    1.25314   1.37483    0.000   1.30093
 4313.00    1.33658   1.37831    0.000   1.32964
 4314.00    1.20466   1.38480    0.000   1.36260
 4315.00    1.35845   1.39952    0.000   1.39806
 4316.00    1.43628   1.41710    0.000   1.42466
 4317.00    1.38420   1.42573    0.000   1.43225
 4318.00    1.31240   1.42360    0.000   1.42869
 4319.00    1.27237   1.41647    0.000   1.42431
 4320.00    1.24876   1.40802    0.000   1.41782
 4321.00    1.29382   1.39997    0.000   1.40122
 4322.00    1.26935   1.38971    0.000   1.36946
 4323.00    1.34546   1.37168    0.000   1.33110
 4324.00    1.34551   1.34874    0.000   1.30325
 4325.00    1.23818   1.33317    0.000   1.30036
 4326.00    1.25601   1.33678    0.000   1.32701
 4327.00    1.25128   1.35678    0.000   1.36581
 4328.00    1.30211   1.37372    0.000   1.38931
 4329.00    1.32227   1.37330    0.000   1.39149
 4330.00    1.31635   1.36165    0.000   1.38540
 4331.00    1.29509   1.35065    0.000   1.37850
 4332.00    1.23792   1.34206    0.000   1.36845
 4333.00    1.21660   1.33142    0.000   1.35322
 4334.00    1.29993   1.31690    0.000   1.33233
 4335.00    1.19809   1.29366    0.000   1.29871
 4336.00    1.05613   1.25147    0.000   1.24308
 4337.00    1.39612   1.19053    0.000   1.16339
 4338.00    3.37614   1.12435    0.000   1.06229
 4339.00    8.16905   1.06534    0.000   0.95989
 4340.00   10.89014   1.03673    0.000   0.91675
 4341.00    8.37866   1.06287    0.000   0.97275
 4342.00    4.01096   1.12645    0.000   1.08133
 4343.00    1.63046   1.18786    0.000   1.17557
 4344.00    1.39880   1.23368    0.000   1.23964
 4345.00    1.07002   1.26956    0.000   1.28392
 4346.00    1.11411   1.29586    0.000   1.31276
 4347.00    1.16121   1.31502    0.000   1.33221
 4348.00    1.22700   1.33269    0.000   1.34746
 4349.00    1.28889   1.34297    0.000   1.35016
 4350.00    1.18891   1.33706    0.000   1.33361
 4351.00    1.24094   1.32351    0.000   1.31289
 4352.00    1.25780   1.32211    0.000   1.31429
 4353.00    1.25589   1.33640    0.000   1.33831
 4354.00    1.26539   1.35228    0.000   1.35979
 4355.00    1.30434   1.36321    0.000   1.36814
 4356.00    1.35367   1.37182    0.000   1.37332
 4357.00    1.32338   1.37485    0.000   1.37655
 4358.00    1.33764   1.37014    0.000   1.37315
 4359.00    1.37984   1.36658    0.000   1.37200
 4360.00    1.40179   1.37214    0.000   1.37898
 4361.00    1.62680   1.38167    0.000   1.38571
 4362.00    2.18696   1.38688    0.000   1.38633
 4363.00    2.19072   1.38943    0.000   1.38664
 4364.00    1.92952   1.39386    0.000   1.38938
 4365.00    1.51654   1.39476    0.000   1.38681
 4366.00    1.29783   1.38589    0.000   1.37665
 4367.00    1.36092   1.37404    0.000   1.36982
 4368.00    1.37373   1.36897    0.000   1.36979
 4369.00    1.27090   1.37031    0.000   1.36927
 4370.00    1.26684   1.37263    0.000   1.36717
 4371.00    1.26900   1.37423    0.000   1.36827
 4372.00    1.28764   1.37203    0.000   1.36864
 4373.00    1.32300   1.36141    0.000   1.36008
 4374.00    1.31883   1.34821    0.000   1.34718
 4375.00    1.42054   1.34576    0.000   1.34509
 4376.00    1.24545   1.35693    0.000   1.35641
 4377.00    1.37018   1.37132    0.000   1.36975
 4378.00    1.45821   1.37763    0.000   1.37601
 4379.00    1.29315   1.37523    0.000   1.37607
 4380.00    1.39054   1.36946    0.000   1.36912
 4381.00    1.33034   1.35785    0.000   1.34334
 4382.00    1.26138   1.33288    0.000   1.29754
 4383.00    1.30287   1.30493    0.000   1.26700
 4384.00    1.28164   1.29580    0.000   1.28098
 4385.00    1.15402   1.30523    0.000   1.31200
 4386.00    1.16681   1.31243    0.000   1.31948
 4387.00    1.27520   1.30774    0.000   1.30403
 4388.00    1.40704   1.30530    0.000   1.29933
 4389.00    1.36787   1.31510    0.000   1.31873
 4390.00    1.29700   1.32929    0.000   1.34378
 4391.00    1.31541   1.34191    0.000   1.36022
 4392.00    1.23860   1.35111    0.000   1.36549
 4393.00    1.20735   1.35187    0.000   1.35872
 4394.00    1.26527   1.34649    0.000   1.34892
 4395.00    1.36997   1.34663    0.000   1.34954
 4396.00    1.38969   1.35690    0.000   1.36119
 4397.00    1.33339   1.36651    0.000   1.37055
 4398.00    1.41566   1.36437    0.000   1.36731
 4399.00    1.28927   1.35230    0.000   1.35545
 4400.00    1.27762   1.34237    0.000   1.34957
 4401.00    1.23901   1.34483   19.078   1.35501
 4402.00    1.14469   1.35055   -1.000   1.35377
 4403.00    1.23313   1.34264   19.078   1.33406
 4404.00    1.34496   1.32667   19.078   1.31675
 4405.00    1.28553   1.32221   19.078   1.32383
 4406.00    1.34414   1.32951   19.078   1.34240
 4407.00    1.40312   1.33345   19.078   1.35228
 4408.00    1.35581   1.33375   19.078   1.35800
 4409.00    1.34965   1.34141   19.078   1.36816
 4410.00    1.23608   1.35429   19.078   1.37873
 4411.00    1.28115   1.36300   19.078   1.38344
 4412.00    1.44689   1.36464   19.078   1.37775
 4413.00    1.43803   1.35582   19.078   1.35865
 4414.00    1.42138   1.33739   19.078   1.33449
 4415.00    1.40938   1.32332   19.078   1.32395
 4416.00    1.22744   1.32390   19.078   1.33210
 4417.00    1.17294   1.33394   -1.000   1.34659
 4418.00    1.33892   1.34678   19.078   1.36061
 4419.00    1.31307   1.35725   19.078   1.37228
 4420.00    1.34676   1.35819   19.078   1.37594
 4421.00    1.32944   1.34940   19.078   1.37191
 4422.00    1.27455   1.34006   19.078   1.36645
 4423.00    1.30344   1.33838   19.078   1.36275
 4424.00    1.31523   1.34162   19.078   1.35818
 4425.00    1.26134   1.34248   19.078   1.35025
 4426.00    1.28472   1.34059   19.078   1.34396
 4427.00    1.28955   1.34042   19.078   1.34625
 4428.00    1.33598   1.34178   19.078   1.35325
 4429.00    1.41760   1.33902   19.078   1.35614
 4430.00    1.26109   1.33427   19.078   1.35630
 4431.00    1.33909   1.33476   19.078   1.35696
 4432.00    1.27318   1.33612   19.078   1.35263
 4433.00    1.21047   1.32941   19.078   1.33897
 4434.00    1.24936   1.31708   19.078   1.32300
 4435.00    1.26126   1.31037   19.078   1.31962
 4436.00    1.33847   1.31619   19.078   1.33115
 4437.00    1.28768   1.33014   19.078   1.34463
 4438.00    1.33206   1.34318   19.078   1.35373
 4439.00    1.37361   1.34780   19.078   1.35759
 4440.00    1.30586   1.34018   19.078   1.35143
 4441.00    1.24476   1.32519   19.078   1.33492
 4442.00    1.27166   1.31274   19.078   1.31951
 4443.00    1.27381   1.31081   19.078   1.31843
 4444.00    1.23403   1.32147   19.078   1.33078
 4445.00    1.27023   1.33598   19.078   1.34279
 4446.00    1.35036   1.34177   19.078   1.34417
 4447.00    1.27032   1.34015   19.078   1.33967
 4448.00    1.31294   1.33876   19.078   1.33830
 4449.00    1.21792   1.33615   19.078   1.34015
 4450.00    1.28351   1.33189   19.078   1.34128
 4451.00    1.37219   1.33049   19.078   1.34113
 4452.00    1.26939   1.32929   19.078   1.33530
 4453.00    1.32085   1.32068   19.078   1.31844
 4454.00    1.26862   1.30602   19.078   1.30020
 4455.00    1.19696   1.29719    0.000   1.29804
 4456.00    1.25287   1.29919    0.000   1.31014
 4457.00    1.29584   1.30332    0.000   1.31972
 4458.00    1.24985   1.30307    0.000   1.32073
 4459.00    1.24800   1.30049    0.000   1.32008
 4460.00    1.29284   1.29714    0.000   1.32083
 4461.00    1.28460   1.29381    0.000   1.32213
 4462.00    1.19726   1.29711    0.000   1.32668
 4463.00    1.12764   1.30732    0.000   1.33203
 4464.00    1.23573   1.31308    0.000   1.33113
 4465.00    1.34625   1.31125    0.000   1.32523
 4466.00    1.30142   1.30662    0.000   1.31839
 4467.00    1.28811   1.29869    0.000   1.30901
 4468.00    1.27516   1.28382    0.000   1.29502
 4469.00    1.35764   1.26079    0.000   1.27477
 4470.00    1.83370   1.23365    0.000   1.24685
 4471.00    2.18300   1.22033    0.000   1.23016
 4472.00    1.79389   1.24168    0.000   1.25301
 4473.00    1.54521   1.28249    0.000   1.29585
 4474.00    1.30338   1.30932    0.000   1.31690
 4475.00    1.28279   1.31909    0.000   1.31850
 4476.00    1.32724   1.32519    0.000   1.32012
 4477.00    1.30254   1.33056    0.000   1.32653
 4478.00    1.27494   1.32780    0.000   1.33060
 4479.00    1.19607   1.31315    0.000   1.32520
 4480.00    1.23637   1.29359    0.000   1.30966
 4481.00    1.30005   1.28304    0.000   1.29383
 4482.00    1.29813   1.28961    0.000   1.29322
 4483.00    1.28213   1.30611    0.000   1.30730
 4484.00    1.37414   1.32032    0.000   1.32170
 4485.00    1.41862   1.32762    0.000   1.32961
 4486.00    1.35061   1.32774    0.000   1.33155
 4487.00    1.24240   1.31990    0.000   1.32808
 4488.00    1.25435   1.30649    0.000   1.31908
 4489.00    1.36175   1.29596    0.000   1.31078
 4490.00    1.27385   1.29623    0.000   1.31138
 4491.00    1.28750   1.30476    0.000   1.31861
 4492.00    1.38307   1.31033    0.000   1.32270
 4493.00    1.37076   1.30602    0.000   1.31862
 4494.00    1.36026   1.29634    0.000   1.31182
 4495.00    1.38353   1.29119    0.000   1.31006
 4496.00    1.30117   1.29421   19.078   1.31379
 4497.00    1.24609   1.30264   19.078   1.31968
 4498.00    1.28483   1.31122   19.078   1.32402
 4499.00    1.16326   1.31359   -1.000   1.32115
 4500.00    1.25542   1.30829   19.078   1.31198
 4501.00    1.34082   1.30411   19.078   1.30883
 4502.00    1.36401   1.31039   19.078   1.31537
 4503.00    1.41213   1.32260   19.078   1.32283
 4504.00    1.21878   1.32929   19.078   1.32569
 4505.00    1.23773   1.32747   19.078   1.32484
 4506.00    1.32095   1.32115   19.078   1.32295
 4507.00    1.30022   1.31484   19.078   1.32096
 4508.00    1.20412   1.31242   19.078   1.31916
 4509.00    1.22357   1.31476   19.078   1.31872
 4510.00    1.35396   1.31724   19.078   1.31922
 4511.00    1.23279   1.31474   19.078   1.31802
 4512.00    1.28927   1.30777   19.078   1.31527
 4513.00    1.37889   1.30065   19.078   1.31176
 4514.00    1.24635   1.29641   19.078   1.30797
 4515.00    1.17899   1.29610   19.078   1.30625
 4516.00    1.36494   1.29677   19.078   1.30643
 4517.00    1.37448   1.29452   19.078   1.30566
 4518.00    1.33989   1.29311   19.078   1.30479
 4519.00    1.34518   1.29685   19.078   1.30564
 4520.00    1.26426   1.30151   19.078   1.30567
 4521.00    1.30650   1.30042   19.078   1.30231
 4522.00    1.36212   1.29298   19.078   1.29749
 4523.00    1.25927   1.28624   19.078   1.29541
 4524.00    1.24633   1.28267   19.078   1.29429
 4525.00    1.30452   1.27674   19.078   1.29056
 4526.00    1.28640   1.26727   19.078   1.28411
 4527.00    1.19304   1.25822   19.078   1.27599
 4528.00    1.18022   1.25266   19.078   1.26923
 4529.00    1.24560   1.25249   19.078   1.26836
 4530.00    1.23162   1.25703   19.078   1.27236
 4531.00    1.26072   1.26280   19.078   1.27373
 4532.00    1.21651   1.26436   19.078   1.26759
 4533.00    1.13574   1.25737   19.078   1.25613
 4534.00    1.22709   1.24736   19.078   1.24922
 4535.00    1.16836   1.24635   19.078   1.25542
 4536.00    1.25937   1.25765   19.078   1.27122
 4537.00    1.29089   1.26865   19.078   1.28393
 4538.00    1.25685   1.26454   19.078   1.28472
 4539.00    1.26200   1.24422   19.078   1.27514
 4540.00    1.25657   1.21925   19.078   1.26104
 4541.00    1.27450   1.20647   19.078   1.25154
 4542.00    1.31081   1.21437   19.078   1.25441
 4543.00    1.23866   1.23141   19.078   1.26491
 4544.00    1.14674   1.24262   19.078   1.27222
 4545.00    1.18767   1.24940   19.078   1.27512
 4546.00    1.20947   1.25679   19.078   1.27592
 4547.00    1.25359   1.26014   19.078   1.27104
 4548.00    1.30693   1.25603   19.078   1.26056
 4549.00    1.12430   1.25122   19.078   1.25497
 4550.00    1.09675   1.25411   -1.000   1.26100
 4551.00    1.09916   1.25983   -1.000   1.26869
 4552.00    1.11765   1.25902   19.078   1.26693
 4553.00    1.26271   1.25334   19.078   1.25940
 4554.00    1.22634   1.24932   19.078   1.25676
 4555.00    1.28121   1.25162   19.078   1.26357
 4556.00    1.21435   1.26105   19.078   1.27481
 4557.00    1.19330   1.27194   19.078   1.28374
 4558.00    1.26198   1.27784   19.078   1.28781
 4559.00    1.15825   1.27897   19.078   1.28832
 4560.00    1.38495   1.27898   19.078   1.28759
 4561.00    1.43966   1.27862   19.078   1.28517
 4562.00    1.29723   1.27360   19.078   1.27897
 4563.00    1.21791   1.26283   19.078   1.27302
 4564.00    1.25846   1.25404   19.078   1.27323
 4565.00    1.23429   1.25396   19.078   1.27773
 4566.00    1.31890   1.26185   19.078   1.28066
 4567.00    1.36029   1.27092   19.078   1.28054
 4568.00    1.23753   1.27508   19.078   1.27833
 4569.00    1.24616   1.27307   19.078   1.27267
 4570.00    1.27950   1.26437   19.078   1.26235
 4571.00    1.26658   1.25472   19.078   1.25466
 4572.00    1.27761   1.25614   19.078   1.25785
 4573.00    1.25477   1.26547   19.078   1.26614
 4574.00    1.16292   1.26968   19.078   1.27115
 4575.00    1.18620   1.26821   19.078   1.27278
 4576.00    1.34689   1.26677   19.078   1.27262
 4577.00    1.37816   1.26474   19.078   1.27099
 4578.00    1.06776   1.25848   -1.000   1.26838
 4579.00    1.29492   1.24838   19.078   1.26515
 4580.00    1.31624   1.24067   19.078   1.26153
 4581.00    1.25123   1.24009   19.078   1.25882
 4582.00    1.24379   1.24260   19.078   1.25727
 4583.00    1.21220   1.24302   19.078   1.25638
 4584.00    1.15022   1.24215   19.078   1.25717
 4585.00    1.10480   1.24239   -1.000   1.25918
 4586.00    1.19793   1.24515   19.078   1.26140
 4587.00    1.25161   1.25124   19.078   1.26348
 4588.00    1.15753   1.25744   19.078   1.26367
 4589.00    1.21636   1.25826   19.078   1.26056
 4590.00    1.30583   1.25226   19.078   1.25547
 4591.00    1.20935   1.24424   19.078   1.25053
 4592.00    1.28321   1.23987   19.078   1.24959
 4593.00    1.19249   1.23961   19.078   1.25458
 4594.00    1.22863   1.23943   19.078   1.26053
 4595.00    1.28981   1.23818   19.078   1.26314
 4596.00    1.25306   1.23830   19.078   1.26431
 4597.00    1.25790   1.24046   19.078   1.26595
 4598.00    1.38122   1.24277   19.078   1.26552
 4599.00    1.26970   1.24177   19.078   1.26051
 4600.00    1.16371   1.23764   19.078   1.25305
 4601.00    1.22007   1.23599   19.078   1.24740
 4602.00    1.31693   1.23773   19.078   1.24573
 4603.00    1.28737   1.23890   19.078   1.24820
 4604.00    1.27418   1.23807   19.078   1.25297
 4605.00    1.24825   1.23726   19.078   1.25665
 4606.00    1.21675   1.24012   19.078   1.25743
 4607.00    1.35074   1.24784   19.078   1.25748
 4608.00    1.41895   1.25631   -1.000   1.25892
 4609.00    1.34925   1.25907   19.078   1.25911
 4610.00    1.32475   1.25472   19.078   1.25645
 4611.00    1.30818   1.24809   19.078   1.25325
 4612.00    1.23067   1.24336   19.078   1.25161
 4613.00    1.23480   1.24203   19.078   1.25065
 4614.00    1.22175   1.24413   19.078   1.24882
 4615.00    1.16223   1.24573   19.078   1.24596
 4616.00    1.24883   1.24483   19.078   1.24410
 4617.00    1.30675   1.24341   19.078   1.24395
 4618.00    1.23980   1.24021   19.078   1.24418
 4619.00    1.23568   1.23723   19.078   1.24541
 4620.00    1.28758   1.23961   19.078   1.24823
 4621.00    1.25620   1.24413   19.078   1.24959
 4622.00    1.20353   1.24547   19.078   1.24849
 4623.00    1.25315   1.24469   19.078   1.24680
 4624.00    1.29654   1.24252   19.078   1.24434
 4625.00    1.23623   1.23899   19.078   1.24137
 4626.00    1.23071   1.23737   19.078   1.24011
 4627.00    1.24013   1.23739   19.078   1.24022
 4628.00    1.25496   1.23474   19.078   1.23852
 4629.00    1.31303   1.23179   19.078   1.23591
 4630.00    1.20239   1.23406   19.078   1.23610
 4631.00    1.29949   1.23764   19.078   1.23789
 4632.00    1.25930   1.23490   19.078   1.23868
 4633.00    1.21663   1.22837   19.078   1.23921
 4634.00    1.33584   1.22506   19.078   1.23931
 4635.00    1.26852   1.22467   19.078   1.23692
 4636.00    1.17317   1.22266   19.078   1.23314
 4637.00    1.23644   1.21814   19.078   1.23081
 4638.00    1.28910   1.21413   19.078   1.23150
 4639.00    1.25889   1.21299   19.078   1.23506
 4640.00    1.28118   1.21564    0.000   1.23871
 4641.00    1.30993   1.22079    0.000   1.23931
 4642.00    1.20705   1.22359    0.000   1.23802
 4643.00    1.16409   1.22138    0.000   1.23641
 4644.00    1.24247   1.21521    0.000   1.23205
 4645.00    1.27009   1.20504    0.000   1.22453
 4646.00    1.21557   1.19387    0.000   1.21780
 4647.00    1.16486   1.18891    0.000   1.21577
 4648.00    1.20412   1.19242    0.000   1.21790
 4649.00    1.25642   1.20026    0.000   1.22039
 4650.00    1.17300   1.20782    0.000   1.21993
 4651.00    1.21640   1.21334    0.000   1.21822
 4652.00    1.30815   1.21679    0.000   1.21850
 4653.00    1.21197   1.21552    0.000   1.21930
 4654.00    1.18571   1.20846    0.000   1.21928
 4655.00    1.25374   1.20177    0.000   1.22021
 4656.00    1.23942   1.20150    0.000   1.22262
 4657.00    1.50797   1.20919    0.000   1.22675
 4658.00    1.50373   1.22123    0.000   1.23145
 4659.00    1.33589   1.22972    0.000   1.23451
 4660.00    1.22371   1.22892    0.000   1.23428
 4661.00    1.13859   1.22014    0.000   1.23134
 4662.00    1.25228   1.21000    0.000   1.22909
 4663.00    1.27188   1.20394    0.000   1.22894
 4664.00    1.19379   1.20089    0.000   1.22807
 4665.00    1.14872   1.19399    0.000   1.22228
 4666.00    1.17173   1.18021    0.000   1.21212
 4667.00    1.15111   1.16849    0.000   1.20533
 4668.00    1.18528   1.16920    0.000   1.20800
 4669.00    1.29587   1.18082    0.000   1.21591
 4670.00    1.30446   1.19398    0.000   1.22172
 4671.00    1.26239   1.20128    0.000   1.22320
 4672.00    1.28856   1.20125    0.000   1.22139
 4673.00    1.28493   1.19827    0.000   1.21903
 4674.00    1.10530   1.19786    0.000   1.21860
 4675.00    1.20468   1.20143    0.000   1.21876
 4676.00    1.22898   1.20487    0.000   1.21722
 4677.00    1.25845   1.20234    0.000   1.21301
 4678.00    1.26573   1.19389    0.000   1.20837
 4679.00    1.20410   1.18491    0.000   1.20665
 4680.00    1.19980   1.17819    0.000   1.20666
 4681.00    1.21572   1.17292    0.000   1.20501
 4682.00    1.19935   1.16760    0.000   1.20160
 4683.00    1.22006   1.15491    0.000   1.19338
 4684.00    1.29886   1.12826    0.000   1.17570
 4685.00    1.33999   1.10306    0.000   1.15884
 4686.00    1.29901   1.10508    0.000   1.16150
 4687.00    1.23906   1.13231    0.000   1.18171
 4688.00    1.19083   1.15962    0.000   1.19904
 4689.00    1.15702   1.17382    0.000   1.20449
 4690.00    1.30177   1.17854    0.000   1.20422
 4691.00    1.36254   1.18025    0.000   1.20527
 4692.00    1.17946   1.18354    0.000   1.20929
 4693.00    1.12114   1.18818    0.000   1.21238
 4694.00    1.19297   1.19299    0.000   1.21325
 4695.00    1.27210   1.19710    0.000   1.21318
 4696.00    1.29605   1.19685    0.000   1.21207
 4697.00    1.23478   1.18898    0.000   1.20947
 4698.00    1.15510   1.17851    0.000   1.20633
 4699.00    1.18917   1.17399    0.000   1.20306
 4700.00    1.28422   1.17442    0.000   1.19778
 4701.00    1.11875   1.17277    0.000   1.18737
 4702.00    1.25201   1.16833    0.000   1.17697
 4703.00    1.22740   1.16737    0.000   1.17747
 4704.00    1.15901   1.17255    0.000   1.18814
 4705.00    1.23181   1.17716    0.000   1.19617
 4706.00    1.14121   1.17466    0.000   1.19534
 4707.00    1.15966   1.16805    0.000   1.19197
 4708.00    1.15851   1.16403    0.000   1.19164
 4709.00    1.11429   1.16568    0.000   1.19338
 4710.00    1.20196   1.17134    0.000   1.19455
 4711.00    1.29326   1.17188    0.000   1.18914
 4712.00    1.32725   1.16145    0.000   1.17505
 4713.00    1.35893   1.15058    0.000   1.16567
 4714.00    1.23819   1.15258    0.000   1.17333
 4715.00    1.14359   1.16574    0.000   1.18889
 4716.00    1.11271   1.17857    0.000   1.19771
 4717.00    1.13956   1.18571    0.000   1.20007
 4718.00    1.18315   1.18887    0.000   1.20037
 4719.00    1.17466   1.19091    0.000   1.20061
 4720.00    1.15045   1.19115    0.000   1.20033
 4721.00    1.11029   1.18837    0.000   1.19904
 4722.00    1.13713   1.18510    0.000   1.19811
 4723.00    1.23879   1.18572    0.000   1.19926
 4724.00    1.22127   1.18931    0.000   1.20090
 4725.00    1.16193   1.18865    0.000   1.19933
 4726.00    1.27783   1.17912    0.000   1.19488
 4727.00    1.15856   1.16514    0.000   1.19076
 4728.00    1.07550   1.15588    0.000   1.18860
 4729.00    1.09239   1.15419    0.000   1.18817
 4730.00    1.15020   1.15601    0.000   1.18823
 4731.00    1.18557   1.15931    0.000   1.18814
 4732.00    1.19736   1.16394    0.000   1.18775
 4733.00    1.14117   1.16791    0.000   1.18714
 4734.00    1.17373   1.16986    0.000   1.18611
 4735.00    1.27062   1.16835    0.000   1.18337
 4736.00    1.20049   1.16419    0.000   1.18048
 4737.00    1.14628   1.16435    0.000   1.18155
 4738.00    1.20761   1.16963    0.000   1.18565
 4739.00    1.21283   1.17172    0.000   1.18733
 4740.00    1.24921   1.16846    0.000   1.18577
 4741.00    1.21043   1.16631   19.078   1.18465
 4742.00    1.12725   1.16848   19.078   1.18543
 4743.00    1.13292   1.17095   19.078   1.18687
 4744.00    1.22669   1.17043   19.078   1.18752
 4745.00    1.16777   1.16981   19.078   1.18703
 4746.00    1.09847   1.17171   19.078   1.18609
 4747.00    1.14853   1.17308   19.078   1.18531
 4748.00    1.12446   1.17230   19.078   1.18495
 4749.00    1.11656   1.17178   19.078   1.18480
 4750.00    1.15464   1.17144   19.078   1.18424
 4751.00    1.16923   1.16846   19.078   1.18210
 4752.00    1.09086   1.16326   19.078   1.17825
 4753.00    1.16493   1.15858   19.078   1.17444
 4754.00    1.19732   1.15549   19.078   1.17218
 4755.00    1.23647   1.15405   19.078   1.17203
 4756.00    1.24971   1.15406   19.078   1.17332
 4757.00    1.17537   1.15543   19.078   1.17497
 4758.00    1.15196   1.15806   19.078   1.17608
 4759.00    1.17636   1.16064   19.078   1.17559
 4760.00    1.10130   1.15912   19.078   1.17314
 4761.00    1.15923   1.15114   19.078   1.16967
 4762.00    1.16916   1.14202   19.078   1.16707
 4763.00    1.08772   1.13701   19.078   1.16673
 4764.00    1.03057   1.13444   19.078   1.16761
 4765.00    1.13109   1.13245   19.078   1.16755
 4766.00    1.08517   1.13359   19.078   1.16697
 4767.00    1.08186   1.13923   19.078   1.16721
 4768.00    1.18376   1.14703   19.078   1.16820
 4769.00    1.25915   1.15303   19.078   1.16855
 4770.00    1.23051   1.15291   19.078   1.16741
 4771.00    1.12412   1.14787   19.078   1.16567
 4772.00    1.08091   1.14567   19.078   1.16541
 4773.00    1.18988   1.15001   19.078   1.16640
 4774.00    1.14690   1.15592   19.078   1.16707
 4775.00    1.18357   1.15776   19.078   1.16720
 4776.00    1.19217   1.15720   19.078   1.16811
 4777.00    1.08542   1.15733   19.078   1.16883
 4778.00    1.15851   1.15571   19.078   1.16648
 4779.00    1.18417   1.15170   19.078   1.16247
 4780.00    1.12419   1.14899   19.078   1.16102
 4781.00    1.16308   1.14680   19.078   1.16134
 4782.00    1.21547   1.14238   19.078   1.15982
 4783.00    1.16782   1.13867   19.078   1.15790
 4784.00    1.08294   1.13862   19.078   1.15782
 4785.00    1.12563   1.13759   19.078   1.15702
 4786.00    1.00323   1.13372   19.078   1.15427
 4787.00    1.06206   1.13250   19.078   1.15274
 4788.00    1.20141   1.13333   19.078   1.15363
 4789.00    1.23451   1.13302   19.078   1.15523
 4790.00    1.14676   1.13415   19.078   1.15772
 4791.00    1.09985   1.13755   19.078   1.15983
 4792.00    1.10693   1.14248   19.078   1.16036
 4793.00    1.10533   1.14931   19.078   1.16048
 4794.00    1.26123   1.15536   19.078   1.16182
 4795.00    1.28773   1.15615   19.078   1.16338
 4796.00    1.16601   1.15106   19.078   1.16257
 4797.00    1.05210   1.14286   19.078   1.15980
 4798.00    1.06983   1.13475   19.078   1.15739
 4799.00    1.11147   1.13044   19.078   1.15672
 4800.00    1.08681   1.13253   19.078   1.15739
 4801.00    1.08461   1.13920   19.078   1.15769
 4802.00    1.14785   1.14461   19.078   1.15583
 4803.00    1.17861   1.14376   19.078   1.15199
 4804.00    1.13447   1.13717   19.078   1.14792
 4805.00    1.11176   1.13094    0.000   1.14606
 4806.00    1.14691   1.12843    0.000   1.14748
 4807.00    1.14077   1.12708    0.000   1.14955
 4808.00    1.07120   1.12688    0.000   1.14973
 4809.00    1.05790   1.12898    0.000   1.14816
 4810.00    1.16438   1.13107    0.000   1.14713
 4811.00    1.23592   1.13140    0.000   1.14819
 4812.00    1.17423   1.13089    0.000   1.15017
 4813.00    1.11837   1.13090    0.000   1.15149
 4814.00    1.15706   1.13195    0.000   1.15240
 4815.00    1.10300   1.13381    0.000   1.15346
 4816.00    1.08381   1.13604    0.000   1.15371
 4817.00    1.18134   1.13793    0.000   1.15283
 4818.00    1.18343   1.13893    0.000   1.15077
 4819.00    1.10589   1.13881    0.000   1.14807
 4820.00    1.12490   1.13698    0.000   1.14543
 4821.00    1.20120   1.13217    0.000   1.14207
 4822.00    1.20902   1.12223    0.000   1.13653
 4823.00    1.13010   1.11158    0.000   1.13246
 4824.00    1.08611   1.11039    0.000   1.13429
 4825.00    1.13211   1.11772    0.000   1.13826
 4826.00    1.03773   1.12303    0.000   1.13921
 4827.00    1.04555   1.12176    0.000   1.13672
 4828.00    1.03910   1.11771    0.000   1.13350
 4829.00    1.02505   1.11561    0.000   1.13201
 4830.00    1.07645   1.11426    0.000   1.13228
 4831.00    1.16035   1.11030    0.000   1.13340
 4832.00    1.14611   1.10758    0.000   1.13491
 4833.00    1.08647   1.11052    0.000   1.13570
 4834.00    1.09038   1.11446    0.000   1.13515
 4835.00    1.00603   1.11476    0.000   1.13387
 4836.00    1.04307   1.11306    0.000   1.13250
 4837.00    1.21199   1.11061    0.000   1.13031
 4838.00    1.07137   1.10527    0.000   1.12615
 4839.00    1.06057   1.09836    0.000   1.12152
 4840.00    1.10163   1.09517    0.000   1.11945
 4841.00    1.09117   1.09578    0.000   1.12054
 4842.00    1.06230   1.09500    0.000   1.12168
 4843.00    1.05781   1.09320    0.000   1.12131
 4844.00    1.09890   1.09495    0.000   1.12017
 4845.00    1.11294   1.09796    0.000   1.11801
 4846.00    0.95522   1.09560    0.000   1.11416
 4847.00    0.99636   1.08639    0.000   1.10957
 4848.00    1.00983   1.07638    0.000   1.10576
 4849.00    1.01456   1.07272    0.000   1.10292
 4850.00    1.10805   1.07295    0.000   1.09977
 4851.00    1.11397   1.06941    0.000   1.09470
 4852.00    1.01985   1.06083    0.000   1.08724
 4853.00    0.95275   1.04683    0.000   1.07635
 4854.00    0.85957   1.02605    0.000   1.06105
 4855.00    0.90141   1.00458    0.000   1.04336
 4856.00    0.97009   0.98889    0.000   1.02360
 4857.00    1.01758   0.97187    0.000   0.99321
 4858.00    1.88919   0.93932    0.000   0.93622
 4859.00    7.30985   0.88721    0.000   0.84510
 4860.00   17.06252   0.83357    0.000   0.75282
 4861.00   21.55094   0.81247    0.000   0.72444
 4862.00   15.14142   0.83946    0.000   0.78268
 4863.00    5.86910   0.89164    0.000   0.87871
 4864.00    1.78864   0.93866    0.000   0.95566
 4865.00    1.11823   0.97307    0.000   1.00192
 4866.00    0.94087   0.99821    0.000   1.03075
 4867.00    1.02760   1.01614    0.000   1.05159
 4868.00    1.07183   1.02873    0.000   1.06496
 4869.00    1.00402   1.03428    0.000   1.06672
 4870.00    0.95793   1.03052    0.000   1.05783
 4871.00    0.94234   1.02582    0.000   1.05192
 4872.00    0.93745   1.03162    0.000   1.06169
 4873.00    1.04217   1.04512    0.000   1.08139
 4874.00    1.04431   1.05556    0.000   1.09649
 4875.00    1.02947   1.06076    0.000   1.10076
 4876.00    1.05762   1.06509    0.000   1.09684
 4877.00    1.10559   1.07030    0.000   1.09092
 4878.00    1.09663   1.07715    0.000   1.09104
 4879.00    1.08628   1.08379    0.000   1.09895
 4880.00    1.07193   1.08358    0.000   1.10691
 4881.00    1.03769   1.07794    0.000   1.10996
 4882.00    1.10397   1.07534    0.000   1.10930
 4883.00    1.16220   1.07553    0.000   1.10695
 4884.00    1.09575   1.07217    0.000   1.10454
 4885.00    1.00242   1.06621    0.000   1.10325
 4886.00    1.13333   1.06413    0.000   1.10383
 4887.00    1.11740   1.06692    0.000   1.10437
 4888.00    1.02893   1.06841    0.000   1.09964
 4889.00    1.06178   1.06366    0.000   1.08619
 4890.00    1.09844   1.05518    0.000   1.07018
 4891.00    1.04621   1.05401    0.000   1.06763
 4892.00    1.04378   1.06681    0.000   1.08384
 4893.00    1.07820   1.08492    0.000   1.10354
 4894.00    1.12874   1.09803    0.000   1.11315
 4895.00    1.11630   1.10409    0.000   1.11462
 4896.00    1.06989   1.10483    0.000   1.11417
 4897.00    1.07475   1.10243    0.000   1.11351
 4898.00    1.14845   1.09672    0.000   1.11212
 4899.00    1.20506   1.08885    0.000   1.11005
 4900.00    1.15256   1.08447    0.000   1.10791
 4901.00    1.04687   1.08454    0.000   1.10433
 4902.00    1.04394   1.08287    0.000   1.09801
 4903.00    1.06583   1.07962    0.000   1.09398
 4904.00    1.02339   1.08219    0.000   1.09736
 4905.00    1.04278   1.09023    0.000   1.10363
 4906.00    1.04982   1.09451    0.000   1.10613
 4907.00    1.02346   1.09037    0.000   1.10486
 4908.00    1.08574   1.08059    0.000   1.10127
 4909.00    1.11553   1.06988    0.000   1.09701
 4910.00    1.09313   1.06370    0.000   1.09484
 4911.00    1.05386   1.06579    0.000   1.09590
 4912.00    1.01336   1.07283    0.000   1.09832
 4913.00    1.03380   1.07921    0.000   1.10035
 4914.00    1.03953   1.08423    0.000   1.10198
 4915.00    1.07182   1.08729    0.000   1.10223
 4916.00    1.16533   1.08321    0.000   1.09765
 4917.00    1.15527   1.06835    0.000   1.08415
 4918.00    1.01910   1.04585    0.000   1.06290
 4919.00    1.02921   1.02367    0.000   1.04144
 4920.00    1.09538   1.00899    0.000   1.02669
 4921.00    1.15950   1.00751    0.000   1.02349
 4922.00    1.12633   1.01889    0.000   1.03302
 4923.00    1.03166   1.03330    0.000   1.04889
 4924.00    0.98704   1.04490    0.000   1.06499
 4925.00    1.00817   1.05662    0.000   1.07915
 4926.00    1.00685   1.06877    0.000   1.08976
 4927.00    1.04064   1.07712    0.000   1.09434
 4928.00    1.12276   1.08229    0.000   1.09544
 4929.00    1.06566   1.08572    0.000   1.09602
 4930.00    0.99851   1.08606    0.000   1.09545
 4931.00    1.07608   1.08196    0.000   1.09072
 4932.00    1.10720   1.07160    0.000   1.08093
 4933.00    1.02478   1.05979    0.000   1.07166
 4934.00    1.08319   1.05723    0.000   1.07076
 4935.00    1.07971   1.06228    0.000   1.07722
 4936.00    1.05538   1.06196    0.000   1.08056
 4937.00    1.03327   1.05193    0.000   1.07505
 4938.00    1.04056   1.04160    0.000   1.06665
 4939.00    1.13668   1.04296    0.000   1.06598
 4940.00    1.15290   1.05619    0.000   1.07464
 4941.00    1.06423   1.06896    0.000   1.08349
 4942.00    1.06046   1.07484    0.000   1.08737
 4943.00    1.06793   1.07715    0.000   1.08827
 4944.00    1.09934   1.07618    0.000   1.08691
 4945.00    1.14370   1.07197    0.000   1.08397
 4946.00    1.07667   1.07000    0.000   1.08240
 4947.00    1.06928   1.07289    0.000   1.08382
 4948.00    1.10526   1.07636    0.000   1.08565
 4949.00    1.10323   1.07773    0.000   1.08565
 4950.00    1.09242   1.07828    0.000   1.08457
 4951.00    1.10714   1.07752    0.000   1.08360
 4952.00    1.14269   1.07404    0.000   1.08321
 4953.00    1.13959   1.07000    0.000   1.08292
 4954.00    1.21835   1.06659    0.000   1.07929
 4955.00    0.97307   1.05843    0.000   1.06428
 4956.00    5.17928   1.04053    0.000   1.03801
 4957.00   16.60295   1.02418    0.000   1.02175
 4958.00   29.72038   1.02896    0.000   1.03512
 4959.00   31.75790   1.04935    0.000   1.06205
 4960.00   15.12684   1.06341    0.000   1.07693
 4961.00    5.49264   1.06611    0.000   1.07969
 4962.00    2.11626   1.06498    0.000   1.07876
 4963.00    1.26808   1.06307    0.000   1.07696
 4964.00    1.10049   1.05726    0.000   1.07306
 4965.00    1.06174   1.04889    0.000   1.06762
 4966.00    1.07689   1.04409    0.000   1.06497
 4967.00    1.03128   1.04381    0.000   1.06695
 4968.00    1.09781   1.04487    0.000   1.06967
 4969.00    1.10920   1.04630    0.000   1.07078
 4970.00    1.14303   1.04867    0.000   1.07115
 4971.00    1.15529   1.05258    0.000   1.07120
 4972.00    1.08094   1.05679    0.000   1.07111
 4973.00    1.02295   1.05994    0.000   1.07222
 4974.00    1.08876   1.06139    0.000   1.07457
 4975.00    1.14655   1.05998   19.078   1.07552
 4976.00    1.12574   1.05580   19.078   1.07350
 4977.00    1.09318   1.04963   19.078   1.06998
 4978.00    1.08452   1.04313   19.078   1.06610
 4979.00    1.07569   1.03841   19.078   1.06098
 4980.00    1.01614   1.03276   19.078   1.05275
 4981.00    0.98795   1.02189   19.078   1.04213
 4982.00    1.05875   1.00990   19.078   1.03436
 4983.00    1.08763   1.00578   19.078   1.03300
 4984.00    1.21684   1.01119   -1.000   1.03653
 4985.00    1.34975   1.02117   -1.000   1.04401
 4986.00    1.33503   1.03227   -1.000   1.05480
 4987.00    1.22845   1.04088    0.000   1.06325
 4988.00    1.13239   1.04275    0.000   1.06310
 4989.00    1.08359   1.03891    0.000   1.05603
 4990.00    1.06313   1.03433    0.000   1.04898
 4991.00    1.05080   1.03333    0.000   1.04696
 4992.00    1.02097   1.03496    0.000   1.04837
 4993.00    0.99357   1.03488    0.000   1.04819
 4994.00    1.05185   1.03514    0.000   1.04856
 4995.00    1.12614   1.03831    0.000   1.05309
 4996.00    1.10745   1.04019    0.000   1.05774
 4997.00    1.03782   1.03802    0.000   1.05758
 4998.00    1.05303   1.03162    0.000   1.05228
 4999.00    1.04887   1.02273    0.000   1.04549
 5000.00    1.01990   1.01615    0.000   1.04101
 5001.00    1.20206   1.01457    0.000   1.03983
 5002.00    1.25641   1.01654    0.000   1.04219
 5003.00    1.27969   1.01773    0.000   1.04434
 5004.00   14.83696   1.01303    0.000   1.03775
 5005.00   52.22885   1.00420    0.000   1.02487
 5006.00   88.92360   1.00118    0.000   1.01969
 5007.00   88.90024   1.00942    0.000   1.02784
 5008.00   42.62236   1.02129    0.000   1.04050
 5009.00   12.80493   1.02642    0.000   1.04718
 5010.00    3.46137   1.02284    0.000   1.04422
 5011.00    1.27001   1.01308    0.000   1.03469
 5012.00    1.13244   1.00048    0.000   1.02529
 5013.00    1.18083   0.98906    0.000   1.01745
 5014.00    1.32265   0.98090    0.000   1.00817
 5015.00    1.49734   0.97954    0.000   1.00353
 5016.00    1.38309   0.98555    0.000   1.00952
 5017.00    1.18859   0.99223    0.000   1.01847
 5018.00    1.05386   0.99723    0.000   1.02458
 5019.00    0.98986   1.00338    0.000   1.03133
 5020.00    0.98505   1.00831    0.000   1.03740
 5021.00    1.00935   1.00759    0.000   1.03719
 5022.00    1.01980   1.00592    0.000   1.03496
 5023.00    1.03371   1.00961    0.000   1.03643
 5024.00    1.03699   1.01513    0.000   1.03887
 5025.00    1.05718   1.01640    0.000   1.03866
 5026.00    1.07059   1.01239    0.000   1.03658
 5027.00    1.02783   1.00781    0.000   1.03551
 5028.00    0.97068   1.00931   19.078   1.03731
 5029.00    1.01081   1.01547   19.078   1.04010
 5030.00    0.92533   1.02013   19.078   1.04103
 5031.00    1.01580   1.02398   19.078   1.04035
 5032.00    1.10755   1.02895   19.078   1.03997
 5033.00    1.08138   1.03023   19.078   1.03896
 5034.00    1.01432   1.02262   19.078   1.03476
 5035.00    0.98745   1.01002   19.078   1.02965
 5036.00    0.96518   1.00315   19.078   1.02832
 5037.00    1.04253   1.00334   19.078   1.02925
 5038.00    1.05976   0.99978   19.078   1.02605
 5039.00    1.01179   0.98688   19.078   1.01582
 5040.00    0.99151   0.97238   19.078   1.00326
 5041.00    1.04519   0.97000   19.078   0.99936
 5042.00    1.07589   0.98417   19.078   1.00900
 5043.00    0.97657   1.00348   19.078   1.02348
 5044.00    1.04563   1.01723   19.078   1.03264
 5045.00    1.05054   1.02413   19.078   1.03479
 5046.00    1.05471   1.02205   19.078   1.03039
 5047.00    1.06754   1.01020   19.078   1.02111
 5048.00    1.04238   0.99715   19.078   1.01311
 5049.00    1.01840   0.99194   19.078   1.01000
 5050.00    1.08096   0.99276   19.078   1.01047
 5051.00    1.05508   0.99490   19.078   1.01435
 5052.00    1.04970   0.99953   19.078   1.02190
 5053.00    1.05843   1.00695   19.078   1.02918
 5054.00    1.06267   1.01319   19.078   1.03194
 5055.00    1.05840   1.01541   19.078   1.03120
 5056.00    1.04169   1.01546   19.078   1.03043
 5057.00    1.03020   1.01640   19.078   1.03073
 5058.00    1.08177   1.01790   19.078   1.03099
 5059.00    1.01006   1.01885   19.078   1.03037
 5060.00    0.94033   1.02066   19.078   1.02987
 5061.00    0.96915   1.02242   19.078   1.02905
 5062.00    1.06351   1.01959   19.078   1.02618
 5063.00    1.09998   1.00902   19.078   1.02040
 5064.00    1.01172   0.99545   19.078   1.01462
 5065.00    0.96859   0.98970   19.078   1.01421
 5066.00    1.00031   0.99268   19.078   1.01761
 5067.00    0.99232   0.99464   19.078   1.01776
 5068.00    0.98250   0.99449   19.078   1.01565
 5069.00    1.04068   0.99716   19.078   1.01666
 5070.00    1.07938   0.99957   19.078   1.01987
 5071.00    0.98157   0.99647   19.078   1.02132
 5072.00    1.01499   0.99250   19.078   1.02106
 5073.00    0.96506   0.99357   19.078   1.02016
 5074.00    0.92136   0.99563   19.078   1.01812
 5075.00    0.95021   0.99499   19.078   1.01634
 5076.00    1.01348   0.99482   19.078   1.01585
 5077.00    1.01738   0.99306   19.078   1.01242
 5078.00    0.92776   0.98287   19.078   1.00313
 5079.00    0.88727   0.96878   19.078   0.99422
 5080.00    0.92536   0.96381   19.078   0.99362
 5081.00    0.97946   0.96939   19.078   0.99860
 5082.00    1.00326   0.97557   19.078   1.00149
 5083.00    1.00000   0.97899   19.078   1.00282
 5084.00    1.01359   0.98415   19.078   1.00763
 5085.00    1.07834   0.99025   19.078   1.01361
 5086.00    1.12490   0.99262   19.078   1.01633
 5087.00    1.04786   0.99220   19.078   1.01677
 5088.00    0.96484   0.99268   19.078   1.01681
 5089.00    0.93516   0.99415   19.078   1.01602
 5090.00    0.95403   0.99493   19.078   1.01500
 5091.00    1.03855   0.99638   19.078   1.01555
 5092.00    1.14942   0.99998   19.078   1.01685
 5093.00    0.94606   1.00258   19.078   1.01643
 5094.00    1.04648   1.00028   19.078   1.01423
 5095.00    1.15393   0.99360   -1.000   1.01118
 5096.00    1.10696   0.98479   19.078   1.00664
 5097.00    1.03436   0.97471   19.078   1.00070
 5098.00    1.04971   0.96588   19.078   0.99598
 5099.00    1.03505   0.96452   19.078   0.99660
 5100.00    1.03279   0.97296   19.078   1.00209
 5101.00    1.07163   0.98348   19.078   1.00769
 5102.00    1.09931   0.98760   19.078   1.01053
 5103.00    1.08187   0.98548   19.078   1.01056
 5104.00    1.03980   0.98196   19.078   1.00801
 5105.00    1.03802   0.97857   19.078   1.00201
 5106.00    1.10549   0.97394   19.078   0.99320
 5107.00    1.06219   0.96920   19.078   0.98655
 5108.00    0.99951   0.96717   19.078   0.98616
 5109.00    0.95061   0.96675   19.078   0.98835
 5110.00    0.94128   0.96816   19.078   0.99041
 5111.00    0.99143   0.97376   19.078   0.99614
 5112.00    1.04083   0.97983   19.078   1.00341
 5113.00    0.96248   0.98269   19.078   1.00646
 5114.00    0.96451   0.98406   19.078   1.00609
 5115.00    0.99952   0.98569   19.078   1.00558
 5116.00    1.01076   0.98852   19.078   1.00600
 5117.00    0.99942   0.99149   19.078   1.00675
 5118.00    0.99374   0.99145   19.078   1.00618
 5119.00    0.99497   0.98734   19.078   1.00407
 5120.00    0.95403   0.98082   19.078   1.00188
 5121.00    0.96449   0.97330   19.078   0.99934
 5122.00    0.96942   0.96460   19.078   0.99451
 5123.00    0.96997   0.95627   19.078   0.98826
 5124.00    0.98722   0.95293   19.078   0.98459
 5125.00    0.99173   0.95483   19.078   0.98504
 5126.00    0.97427   0.95707   19.078   0.98680
 5127.00    1.00807   0.95683   19.078   0.98755
 5128.00    0.96623   0.95542   19.078   0.98792
 5129.00    0.96462   0.95555   19.078   0.98853
 5130.00    1.01632   0.95892   19.078   0.98860
 5131.00    1.02202   0.96351   19.078   0.98823
 5132.00    1.00227   0.96617   19.078   0.98693
 5133.00    1.01731   0.96791   19.078   0.98574
 5134.00    1.02960   0.97125   19.078   0.98673
 5135.00    1.03359   0.97300   19.078   0.98734
 5136.00    1.00836   0.96832   19.078   0.98316
 5137.00    0.95640   0.95967   19.078   0.97421
 5138.00    0.91952   0.95246   19.078   0.96409
 5139.00    0.91471   0.95100   19.078   0.96044
 5140.00    0.93529   0.95471   19.078   0.96600
 5141.00    0.96464   0.95479   19.078   0.97176
 5142.00    0.91766   0.95034   19.078   0.97314
 5143.00    0.87869   0.95056   19.078   0.97592
 5144.00    0.94061   0.95454   19.078   0.98115
 5145.00    0.94066   0.95405   19.078   0.98344
 5146.00    0.89695   0.94981   19.078   0.98204
 5147.00    0.90500   0.94813   19.078   0.98017
 5148.00    0.93722   0.95083   19.078   0.97892
 5149.00    0.93906   0.95345   19.078   0.97636
 5150.00    0.90194   0.95146    0.000   0.97183
 5151.00    0.88087   0.94682    0.000   0.96917
 5152.00    0.93714   0.94366    0.000   0.97122
 5153.00    1.01158   0.94300    0.000   0.97524
 5154.00    1.01390   0.94566    0.000   0.97824
 5155.00    0.95129   0.95243    0.000   0.98088
 5156.00    0.93549   0.96089    0.000   0.98375
 5157.00    1.02638   0.96692    0.000   0.98580
 5158.00    1.05321   0.96863    0.000   0.98632
 5159.00    1.00151   0.96795    0.000   0.98498
 5160.00    0.91401   0.96641    0.000   0.98196
 5161.00    0.86032   0.96232    0.000   0.97827
 5162.00    0.90430   0.95678    0.000   0.97624
 5163.00    0.98692   0.95192    0.000   0.97561
 5164.00    0.93406   0.94253    0.000   0.96707
 5165.00    0.89340   0.92288    0.000   0.93951
 5166.00    0.90049   0.89850    0.000   0.90144
 5167.00    0.90771   0.88310    0.000   0.88107
 5168.00    0.88354   0.88596    0.000   0.89216
 5169.00    0.88400   0.90057    0.000   0.91403
 5170.00    0.95263   0.90714    0.000   0.91374
 5171.00    0.87694   0.89492    0.000   0.88455
 5172.00    0.90670   0.88005    0.000   0.86047
 5173.00    0.96317   0.88723    0.000   0.87897
 5174.00    0.98597   0.91402    0.000   0.92704
 5175.00    0.99085   0.93644    0.000   0.96303
 5176.00    0.98554   0.94539    0.000   0.97586
 5177.00    0.91837   0.94823    0.000   0.97827
 5178.00    0.93662   0.94885    0.000   0.97839
 5179.00    0.95937   0.94609    0.000   0.97601
 5180.00    0.95752   0.93842    0.000   0.96489
 5181.00    0.94711   0.92227    0.000   0.93429
 5182.00    0.93883   0.89615    0.000   0.88452
 5183.00    0.91249   0.87542    0.000   0.85063
 5184.00    0.83649   0.88123    0.000   0.86857
 5185.00    0.91144   0.90775    0.000   0.91727
 5186.00    0.98373   0.93107    0.000   0.95248
 5187.00    0.96880   0.94043    0.000   0.96276
 5188.00    0.93201   0.94243    0.000   0.96155
 5189.00    0.90748   0.94450    0.000   0.95909
 5190.00    0.90108   0.94136    0.000   0.95370
 5191.00    0.93575   0.92821    0.000   0.94484
 5192.00    0.95373   0.91800    0.000   0.94185
 5193.00    0.91039   0.92066    0.000   0.94737
 5194.00    0.85230   0.92652    0.000   0.95299
 5195.00    0.89626   0.92894    0.000   0.95677
 5196.00    0.99085   0.93202    0.000   0.96130
 5197.00    1.02654   0.93718    0.000   0.96453
 5198.00    1.01706   0.94246    0.000   0.96622
 5199.00    0.99225   0.94654    0.000   0.96881
 5200.00    0.99018   0.94751    0.000   0.97018
 5201.00    1.03675   0.94487    0.000   0.96679
 5202.00    1.00687   0.94000    0.000   0.95964
 5203.00    0.93604   0.93176    0.000   0.95020
 5204.00    0.92299   0.91928    0.000   0.93992
 5205.00    0.95912   0.90886    0.000   0.93457
 5206.00    0.95007   0.90572   19.078   0.93535
 5207.00    0.85596   0.90517   19.078   0.93531
 5208.00    0.86808   0.90429   19.078   0.93412
 5209.00    0.91965   0.90868   19.078   0.93963
 5210.00    0.93372   0.91979   19.078   0.95210
 5211.00    0.90984   0.93268   19.078   0.96376
 5212.00    0.92819   0.94296   19.078   0.96958
 5213.00    1.01856   0.94648   19.078   0.96824
 5214.00    0.91308   0.94122   19.078   0.96071
 5215.00    0.92875   0.93196   19.078   0.95206
 5216.00    0.98142   0.92744   19.078   0.94875
 5217.00    0.98422   0.93142   19.078   0.95304
 5218.00    0.96192   0.93991   19.078   0.96080
 5219.00    0.96693   0.94686   19.078   0.96673
 5220.00    0.94189   0.95005   19.078   0.96961
 5221.00    0.89543   0.95001   19.078   0.97022
 5222.00    0.87816   0.94573   19.078   0.96894
 5223.00    0.88330   0.93611   19.078   0.96485
 5224.00    0.87707   0.92192   19.078   0.95429
 5225.00    0.85637   0.90545   19.078   0.93530
 5226.00    0.85262   0.89340   19.078   0.91744
 5227.00    0.89911   0.89667   19.078   0.91680
 5228.00    0.86033   0.91465   19.078   0.93235
 5229.00    0.84752   0.93142   19.078   0.94616
 5230.00    0.94801   0.93824   19.078   0.94941
 5231.00    0.94388   0.93632   19.078   0.94434
 5232.00    0.89040   0.92774   19.078   0.93683
 5233.00    0.92911   0.91987   19.078   0.93540
 5234.00    0.95035   0.91960   19.078   0.94175
 5235.00    0.92398   0.92656   19.078   0.95012
 5236.00    0.91705   0.93617   19.078   0.95627
 5237.00    0.93896   0.94277   19.078   0.95943
 5238.00    0.91147   0.94407   19.078   0.96009
 5239.00    0.89157   0.94293   19.078   0.95906
 5240.00    0.93656   0.94236   19.078   0.95693
 5241.00    0.94805   0.94196   19.078   0.95409
 5242.00    0.86161   0.94096   19.078   0.95216
 5243.00    0.89369   0.94192   19.078   0.95244
 5244.00    0.94470   0.94449   19.078   0.95394
 5245.00    0.90012   0.94108   19.078   0.95367
 5246.00    0.82537   0.92952   19.078   0.95081
 5247.00    0.84026   0.92043   19.078   0.94851
 5248.00    0.94878   0.91910   19.078   0.94724
 5249.00    0.94234   0.91811   19.078   0.94459
 5250.00    0.90692   0.91566   19.078   0.94221
 5251.00    0.92591   0.91748   19.078   0.94326
 5252.00    0.96161   0.92250   19.078   0.94596
 5253.00    0.97404   0.92384   19.078   0.94668
 5254.00    0.98294   0.92043   19.078   0.94633
 5255.00    0.98817   0.92067   19.078   0.94797
 5256.00    0.86946   0.92965   19.078   0.95113
 5257.00    0.87023   0.94017   19.078   0.95332
 5258.00    0.95052   0.94456   19.078   0.95339
 5259.00    0.96144   0.94139   19.078   0.95083
 5260.00    0.92050   0.93176   19.078   0.94369
 5261.00    0.89151   0.91749   19.078   0.93257
 5262.00    0.90481   0.90201   19.078   0.92231
 5263.00    0.90200   0.88889   19.078   0.91628
 5264.00    0.90327   0.87973   19.078   0.91254
 5265.00    0.93676   0.87633   19.078   0.90967
 5266.00    0.92300   0.88121   19.078   0.90971
 5267.00    0.90444   0.88753   19.078   0.90808
 5268.00    0.91737   0.88181   19.078   0.89561
 5269.00    0.95548   0.86897   19.078   0.88030
 5270.00    0.97176   0.87017   19.078   0.88382
 5271.00    0.93672   0.88792   19.078   0.90589
 5272.00    0.92253   0.90345   19.078   0.92421
 5273.00    0.92499   0.90721   19.078   0.93043
 5274.00    0.91487   0.90468   19.078   0.93216
 5275.00    0.91698   0.90423   19.078   0.93352
 5276.00    0.96410   0.91222   19.078   0.93630
 5277.00    1.01611   0.92524   19.078   0.94095
 5278.00    0.92447   0.93252   19.078   0.94413
 5279.00    0.90851   0.92983   19.078   0.94270
 5280.00    0.89842   0.92155   19.078   0.93657
 5281.00    0.87704   0.91287   19.078   0.92788
 5282.00    0.89492   0.90588   19.078   0.92110
 5283.00    0.93013   0.90314   19.078   0.92082
 5284.00    0.94011   0.90946   19.078   0.92729
 5285.00    0.97152   0.92334   19.078   0.93593
 5286.00    0.93186   0.93457   19.078   0.94166
 5287.00    0.86319   0.93714   19.078   0.94349
 5288.00    0.90586   0.93538   19.078   0.94326
 5289.00    0.93040   0.93540   19.078   0.94266
 5290.00    0.92494   0.93717   19.078   0.94213
 5291.00    0.94102   0.93656   19.078   0.94168
 5292.00    0.95160   0.93284   19.078   0.94151
 5293.00    0.91233   0.92928   19.078   0.94123
 5294.00    0.85047   0.92616   19.078   0.93983
 5295.00    0.85599   0.91886   19.078   0.93569
 5296.00    0.88529   0.90541   19.078   0.92874
 5297.00    0.89829   0.89312   19.078   0.92284
 5298.00    0.88715   0.89221   19.078   0.92271
 5299.00    0.86950   0.90144   19.078   0.92735
 5300.00    0.86577   0.90844   19.078   0.92966
 5301.00    0.85784   0.90933   19.078   0.92687
 5302.00    0.91667   0.91208   19.078   0.92528
 5303.00    0.98406   0.92010   19.078   0.92868
 5304.00    0.98967   0.92810   19.078   0.93298
 5305.00    0.96052   0.93022   19.078   0.93358
 5306.00    0.95568   0.92677   19.078   0.93082
 5307.00    0.92259   0.92346   19.078   0.92852
 5308.00    0.90106   0.92495   19.078   0.92952
 5309.00    0.89331   0.92904   19.078   0.93183
 5310.00    0.87901   0.93063   19.078   0.93230
 5311.00    0.90532   0.92879   19.078   0.93174
 5312.00    0.93595   0.92557   19.078   0.93152
 5313.00    0.91639   0.92268   19.078   0.93094
 5314.00    0.88017   0.91996   19.078   0.92870
 5315.00    0.86585   0.91556   19.078   0.92439
 5316.00    0.86236   0.91087   19.078   0.92066
 5317.00    0.87615   0.91049   19.078   0.92130
 5318.00    0.90094   0.91359   19.078   0.92475
 5319.00    0.90953   0.91521   19.078   0.92605
 5320.00    0.88771   0.91462   19.078   0.92435
 5321.00    0.86491   0.91267   19.078   0.92079
 5322.00    0.90172   0.90787   19.078   0.91509
 5323.00    0.84896   0.90037   19.078   0.90837
 5324.00    0.83256   0.89528   19.078   0.90549
 5325.00    0.86302   0.89418   19.078   0.90590
 5326.00    0.88253   0.88652   19.078   0.89759
 5327.00    0.88388   0.86746   19.078   0.87893
 5328.00    0.89121   0.85547   19.078   0.87191
 5329.00    0.87529   0.86604   19.078   0.88769
 5330.00    0.91219   0.88712   19.078   0.90831
 5331.00    0.94107   0.90028   19.078   0.91764
 5332.00    0.84991   0.90317   19.078   0.91804
 5333.00    0.86552   0.90487   19.078   0.91744
 5334.00    0.94578   0.90929   19.078   0.91867
 5335.00    0.93574   0.91162   19.078   0.91911
 5336.00    0.87147   0.90954   19.078   0.91765
 5337.00    0.87024   0.90633   19.078   0.91570
 5338.00    0.91024   0.90156   19.078   0.91107
 5339.00    0.87283   0.89239   19.078   0.90264
 5340.00    0.84011   0.88464   19.078   0.89676
 5341.00    0.85857   0.88709   19.078   0.89955
 5342.00    0.90474   0.89690   19.078   0.90792
 5343.00    0.91303   0.90399   19.078   0.91391
 5344.00    0.86642   0.90393   19.078   0.91354
 5345.00    0.89430   0.89984   19.078   0.91058
 5346.00    0.93068   0.89722   19.078   0.90946
 5347.00    0.93304   0.89576   19.078   0.90830
 5348.00    0.92676   0.89257   19.078   0.90646
 5349.00    0.90291   0.89165   19.078   0.90756
 5350.00    0.86559   0.89725   19.078   0.91205
 5351.00    0.91721   0.90497   19.078   0.91610
 5352.00    0.95452   0.90904   19.078   0.91748
 5353.00    0.90310   0.91115   19.078   0.91747
 5354.00    0.95506   0.91519   19.078   0.91801
 5355.00    0.94581   0.91933   19.078   0.91877
 5356.00    0.90315   0.92067   19.078   0.91852
 5357.00    0.92987   0.92039   19.078   0.91791
 5358.00    0.99921   0.91984   19.078   0.91751
 5359.00    0.94524   0.91811   19.078   0.91665
 5360.00    0.86455   0.91343   19.078   0.91537
 5361.00    0.86496   0.90637   19.078   0.91387
 5362.00    0.90554   0.90048   19.078   0.91136
 5363.00    0.92287   0.89710   19.078   0.90729
 5364.00    0.90224   0.89411   19.078   0.90302
 5365.00    0.89781   0.89189   19.078   0.90069
 5366.00    0.98056   0.89165   19.078   0.90031
 5367.00    0.96444   0.89117   19.078   0.89988
 5368.00    0.86785   0.88682   19.078   0.89696
 5369.00    0.83193   0.87665   19.078   0.88923
 5370.00    0.80272   0.86511   19.078   0.87908
 5371.00    0.80870   0.86314   19.078   0.87650
 5372.00    0.88152   0.87548   19.078   0.88653
 5373.00    0.92066   0.89228   19.078   0.89986
 5374.00    0.87183   0.90264   19.078   0.90677
 5375.00    0.87632   0.90541   19.078   0.90804
 5376.00    0.89689   0.90372   19.078   0.90772
 5377.00    0.90504   0.90181   19.078   0.90743
 5378.00    0.89213   0.90120   19.078   0.90639
 5379.00    0.86742   0.89939   19.078   0.90446
 5380.00    0.85701   0.89557   19.078   0.90203
 5381.00    0.88588   0.89185   19.078   0.89861
 5382.00    0.89857   0.88936   19.078   0.89490
 5383.00    0.83255   0.88916   19.078   0.89373
 5384.00    0.76012   0.89234   19.078   0.89704
 5385.00    0.83381   0.89601   19.078   0.90211
 5386.00    0.92104   0.89678   19.078   0.90474
 5387.00    0.85341   0.89472   19.078   0.90450
 5388.00    0.85446   0.89043   19.078   0.90271
 5389.00    0.93779   0.88471   19.078   0.90027
 5390.00    0.90589   0.88005   19.078   0.89786
 5391.00    0.88064   0.87769   19.078   0.89450
 5392.00    0.83870   0.87656   19.078   0.89027
 5393.00    0.79773   0.87599   19.078   0.88899
 5394.00    0.79346   0.87488   19.078   0.89046
 5395.00    0.83038   0.86994   19.078   0.88791
 5396.00    0.83528   0.86153   19.078   0.88038
 5397.00    0.82497   0.85864   19.078   0.87771
 5398.00    0.86361   0.86615   19.078   0.88418
 5399.00    0.89477   0.87483   19.078   0.89124
 5400.00    0.83961   0.87780   19.078   0.89323
 5401.00    0.78444   0.87819   19.078   0.89234
 5402.00    0.84379   0.87515   19.078   0.88828
 5403.00    0.87640   0.86435   19.078   0.87900
 5404.00    0.86500   0.84931   19.078   0.86775
 5405.00    0.85412   0.83985   19.078   0.86293
 5406.00    0.81226   0.84113   19.078   0.86902
 5407.00    0.81364   0.84653   19.078   0.87787
 5408.00    0.84231   0.84325   19.078   0.87679
 5409.00    0.84444   0.82963   19.078   0.86508
 5410.00    0.80665   0.81912   19.078   0.85458
 5411.00    0.80380   0.82235   19.078   0.85540
 5412.00    0.87037   0.83567   19.078   0.86504
 5413.00    0.89858   0.84902   19.078   0.87323
 5414.00    0.88777   0.85822   19.078   0.87549
 5415.00    0.87525   0.86656   19.078   0.87729
 5416.00    0.84934   0.87567   19.078   0.88259
 5417.00    0.80310   0.88116   19.078   0.88751
 5418.00    0.86094   0.88053   19.078   0.88879
 5419.00    0.90400   0.87702   19.078   0.88847
 5420.00    0.85882   0.87499   19.078   0.88851
 5421.00    0.87951   0.87583   19.078   0.88752
 5422.00    0.90209   0.87551   19.078   0.88351
 5423.00    0.89912   0.87073   19.078   0.87795
 5424.00    0.89230   0.86750   19.078   0.87623
 5425.00    0.91150   0.87274   19.078   0.88075
 5426.00    0.94698   0.88140   19.078   0.88573
 5427.00    0.89640   0.88162   19.078   0.88350
 5428.00    0.89262   0.86973   19.078   0.87408
 5429.00    0.91877   0.85715   19.078   0.86657
 5430.00    0.90353   0.85633   19.078   0.86901
 5431.00    0.83802   0.86196   19.078   0.87629
 5432.00    0.79829   0.86189   19.078   0.87735
 5433.00    0.87232   0.85589   19.078   0.87116
 5434.00    0.89469   0.85125   19.078   0.86710
 5435.00    0.82301   0.85285   19.078   0.87152
 5436.00    0.89211   0.86033   19.078   0.87968
 5437.00    0.91723   0.87048   19.078   0.88475
 5438.00    0.87790   0.87982   19.078   0.88627
 5439.00    0.85266   0.88560   19.078   0.88682
 5440.00    0.85355   0.88755   19.078   0.88788
 5441.00    0.80083   0.88748   19.078   0.88879
 5442.00    0.90868   0.88645   19.078   0.88766
 5443.00    0.92711   0.88237   19.078   0.88254
 5444.00    0.86717   0.87191   19.078   0.87342
 5445.00    0.84152   0.85653   19.078   0.86309
 5446.00    0.84170   0.84513   19.078   0.85705
 5447.00    0.79626   0.84672   19.078   0.86131
 5448.00    0.81853   0.85879   19.078   0.87289
 5449.00    0.89957   0.87005   19.078   0.88168
 5450.00    0.94280   0.87455   19.078   0.88403
 5451.00    0.87763   0.87384   19.078   0.88316
 5452.00    0.84557   0.86985   19.078   0.88040
 5453.00    0.86490   0.86152   19.078   0.87270
 5454.00    0.88386   0.84968   19.078   0.86060
 5455.00    0.88369   0.84255   19.078   0.85363
 5456.00    0.93073   0.84796   19.078   0.85872
 5457.00    0.88593   0.86116   19.078   0.86954
 5458.00    0.83665   0.87072   19.078   0.87661
 5459.00    0.82992   0.87198   19.078   0.87856
 5460.00    0.84848   0.86747   19.078   0.87736
 5461.00    0.85994   0.86016   19.078   0.87322
 5462.00    0.84428   0.85279   19.078   0.86815
 5463.00    0.80768   0.85079   19.078   0.86656
 5464.00    0.80243   0.85556   19.078   0.86904
 5465.00    0.84884   0.86071   19.078   0.87184
 5466.00    0.82686   0.86264   19.078   0.87300
 5467.00    0.83603   0.86377   19.078   0.87374
 5468.00    0.88287   0.86425   19.078   0.87477
 5469.00    0.91534   0.86208   19.078   0.87550
 5470.00    0.89836   0.85902   19.078   0.87570
 5471.00    0.91686   0.85717   19.078   0.87457
 5472.00    0.89003   0.85453   19.078   0.87223
 5473.00    0.89511   0.85071   19.078   0.86945
 5474.00    0.93562   0.84665   19.078   0.86478
 5475.00    0.91250   0.83954   19.078   0.85712
 5476.00    0.85532   0.83175   19.078   0.85107
 5477.00    0.85397   0.83329   19.078   0.85307
 5478.00    0.86633   0.84425   19.078   0.86107
 5479.00    0.86879   0.85128   19.078   0.86668
 5480.00    0.89681   0.84773   19.078   0.86716
 5481.00    0.85844   0.84237   19.078   0.86622
 5482.00    0.82890   0.84402   19.078   0.86627
 5483.00    0.83870   0.85126   19.078   0.86719
 5484.00    0.86854   0.85852   19.078   0.86822
 5485.00    0.88654   0.86065   19.078   0.86778
 5486.00    0.94831   0.85594   19.078   0.86568
 5487.00    0.91433   0.84969   19.078   0.86373
 5488.00    0.81935   0.84843   19.078   0.86372
 5489.00    0.77652   0.85098   19.078   0.86489
 5490.00    0.79626   0.85329   19.078   0.86543
 5491.00    0.84680   0.85464   19.078   0.86549
 5492.00    0.90337   0.85403   19.078   0.86560
 5493.00    0.97066   0.85211   19.078   0.86580
 5494.00    1.13888   0.85196   -1.000   0.86511
 5495.00    1.54479   0.85211   -1.000   0.86213
 5496.00    1.21020   0.84903   -1.000   0.85725
 5497.00    0.62279   0.84660   -1.000   0.85405
 5498.00    0.38105   0.85028   -1.000   0.85544
 5499.00    0.60653   0.85429   -1.000   0.85718
 5500.00    0.85449   0.85100   19.078   0.85481
 5501.00    0.83022   0.84434   19.078   0.85243
 5502.00    0.78214   0.84184   19.078   0.85415
 5503.00    0.86854   0.84362   19.078   0.85749
 5504.00    0.88974   0.84420   19.078   0.85764
 5505.00    0.89616   0.84028   19.078   0.85344
 5506.00    0.89084   0.83639   19.078   0.84936
 5507.00    0.85478   0.83891   19.078   0.85111
 5508.00    0.81125   0.84438   19.078   0.85657
 5509.00    0.85060   0.84575   19.078   0.85969
 5510.00    0.84858   0.84244   19.078   0.85978
 5511.00    0.81199   0.83650   19.078   0.85783
 5512.00    0.77778   0.83124   19.078   0.85524
 5513.00    0.77719   0.83027   19.078   0.85429
 5514.00    0.82020   0.83346   19.078   0.85551
 5515.00    0.88655   0.83817   19.078   0.85772
 5516.00    0.93008   0.84294   19.078   0.85944
 5517.00    0.92558   0.84804   19.078   0.86002
 5518.00    0.88104   0.85260   19.078   0.85991
 5519.00    0.82367   0.85421   19.078   0.85956
 5520.00    0.83386   0.85294   19.078   0.85943
 5521.00    0.88959   0.85118   19.078   0.85963
 5522.00    0.91240   0.85032   19.078   0.85942
 5523.00    0.84156   0.84957   19.078   0.85807
 5524.00    0.81309   0.84701   19.078   0.85520
 5525.00    0.83695   0.84148   19.078   0.85031
 5526.00    0.84336   0.83354   19.078   0.84223
 5527.00    0.78156   0.82611   19.078   0.83287
 5528.00    0.74525   0.82474   19.078   0.83007
 5529.00    0.77850   0.83158   19.078   0.83768
 5530.00    0.84354   0.84031   19.078   0.84787
 5531.00    0.86144   0.84405   19.078   0.85257
 5532.00    0.79529   0.84283   19.078   0.85215
 5533.00    0.84523   0.83943   19.078   0.84995
 5534.00    0.80984   0.83585   19.078   0.84832
 5535.00    0.74674   0.83500   19.078   0.84857
 5536.00    0.77491   0.83740   19.078   0.85003
 5537.00    0.86878   0.83986   19.078   0.85099
 5538.00    0.88838   0.84172   19.078   0.85132
 5539.00    0.84821   0.84470   19.078   0.85179
 5540.00    0.81603   0.84767   19.078   0.85193
 5541.00    0.83342   0.84732   19.078   0.85089
 5542.00    0.82797   0.84302   19.078   0.84942
 5543.00    0.82095   0.83867   19.078   0.84894
 5544.00    0.82045   0.83737   19.078   0.84902
 5545.00    0.82075   0.83769   19.078   0.84888
 5546.00    0.81687   0.83896   19.078   0.84919
 5547.00    0.84157   0.84244   19.078   0.84994
 5548.00    0.87946   0.84657   19.078   0.84993
 5549.00    0.89903   0.84874   19.078   0.84907
 5550.00    0.89232   0.84872   19.078   0.84851
 5551.00    0.89808   0.84685   19.078   0.84791
 5552.00    0.86986   0.84293   19.078   0.84670
 5553.00    0.78015   0.83831   19.078   0.84606
 5554.00    0.74124   0.83590   19.078   0.84570
 5555.00    0.86821   0.83658   19.078   0.84422
 5556.00    0.87310   0.83783   19.078   0.84233
 5557.00    0.85816   0.83783   19.078   0.84203
 5558.00    0.83533   0.83762   19.078   0.84345
 5559.00    0.79795   0.83767   19.078   0.84448
 5560.00    0.79673   0.83673   19.078   0.84440
 5561.00    0.86901   0.83389   19.078   0.84380
 5562.00    0.85035   0.83023   19.078   0.84286
 5563.00    0.81827   0.82813   19.078   0.84220
 5564.00    0.90052   0.82739   19.078   0.84131
 5565.00    0.82205   0.82611   19.078   0.83960
 5566.00    0.80742   0.82497   19.078   0.83846
 5567.00    0.87668   0.82485   19.078   0.83694
 5568.00    0.91081   0.82425   19.078   0.83278
 5569.00    0.79204   0.82379   19.078   0.82940
 5570.00    0.80399   0.82543   19.078   0.83010
 5571.00    0.80739   0.82561   19.078   0.82973
 5572.00    0.82030   0.82259   19.078   0.82630
 5573.00    0.89899   0.82252   19.078   0.82612
 5574.00    0.85387   0.82633   19.078   0.83012
 5575.00    0.75407   0.82865   19.078   0.83368
 5576.00    0.76304   0.82911   19.078   0.83540
 5577.00    0.86474   0.83004   19.078   0.83698
 5578.00    0.84719   0.83079   19.078   0.83806
 5579.00    0.74604   0.83124   19.078   0.83702
 5580.00    0.73054   0.83095   19.078   0.83412
 5581.00    0.78024   0.82899   19.078   0.83177
 5582.00    0.79502   0.82734   19.078   0.83180
 5583.00    0.78391   0.82656   19.078   0.83249
 5584.00    0.82478   0.82344   19.078   0.82987
 5585.00    0.84410   0.81565   19.078   0.82225
 5586.00    0.78262   0.80509   19.078   0.81305
 5587.00    0.68706   0.79682   19.078   0.80794
 5588.00    0.76438   0.79487   19.078   0.80916
 5589.00    0.80739   0.79900   19.078   0.81445
 5590.00    0.75574   0.80552   19.078   0.82057
 5591.00    0.70852   0.81004   19.078   0.82561
 5592.00    0.81391   0.81083   19.078   0.82715
 5593.00    0.79810   0.81006   19.078   0.82383
 5594.00    0.79044   0.81206   19.078   0.82073
 5595.00    0.85226   0.81853   19.078   0.82331
 5596.00    0.84163   0.82303   19.078   0.82683
 5597.00    0.80206   0.81910   19.078   0.82548
 5598.00    0.77992   0.81189   19.078   0.82255
 5599.00    0.78418   0.80819   19.078   0.82147
 5600.00    0.78710   0.80576   19.078   0.82052
 5601.00    0.73932   0.80226   19.078   0.81857
 5602.00    0.75404   0.80127   19.078   0.81829
 5603.00    0.80554   0.80699   19.078   0.82270
 5604.00    0.83920   0.81754   19.078   0.82850
 5605.00    0.83412   0.82682   19.078   0.83058
 5606.00    0.81765   0.83130   19.078   0.83014
 5607.00    0.81415   0.83167   19.078   0.82937
 5608.00    0.78975   0.83035   19.078   0.82909
 5609.00    0.73425   0.82928   19.078   0.82988
 5610.00    0.81561   0.82938   19.078   0.83060
 5611.00    0.87251   0.83039   19.078   0.83068
 5612.00    0.86307   0.82945   19.078   0.83008
 5613.00    0.81382   0.82168   19.078   0.82552
 5614.00    0.76659   0.80660   19.078   0.81543
 5615.00    0.74827   0.79521   19.078   0.80870
 5616.00    0.77248   0.79753   19.078   0.81247
 5617.00    0.80164   0.80661   19.078   0.82058
 5618.00    0.78352   0.81162   19.078   0.82604
 5619.00    0.78492   0.81253   19.078   0.82812
 5620.00    0.79269   0.81414   19.078   0.82801
 5621.00    0.80840   0.81678   19.078   0.82637
 5622.00    0.84315   0.81572   19.078   0.82288
 5623.00    0.88861   0.80802   19.078   0.81722
 5624.00    0.83118   0.79970   19.078   0.81394
 5625.00    0.76900   0.79929   19.078   0.81658
 5626.00    0.76913   0.80520   19.078   0.82026
 5627.00    0.79476   0.81099   19.078   0.82223
 5628.00    0.82267   0.81544   19.078   0.82411
 5629.00    0.83824   0.81938   19.078   0.82562
 5630.00    0.83562   0.82171   19.078   0.82493
 5631.00    0.81711   0.82167   19.078   0.82221
 5632.00    0.79468   0.81964   19.078   0.82006
 5633.00    0.76431   0.81649   19.078   0.81953
 5634.00    0.77205   0.81318   19.078   0.81969
 5635.00    0.83008   0.80971   19.078   0.81948
 5636.00    0.86130   0.80612   19.078   0.81814
 5637.00    0.83766   0.80408   19.078   0.81719
 5638.00    0.79330   0.80471   19.078   0.81834
 5639.00    0.77524   0.80552   19.078   0.82026
 5640.00    0.81381   0.80381   19.078   0.82008
 5641.00    0.84906   0.80189   19.078   0.81785
 5642.00    0.82465   0.80293   19.078   0.81654
 5643.00    0.79012   0.80533   19.078   0.81669
 5644.00    0.81690   0.80696   19.078   0.81712
 5645.00    0.85390   0.80829   19.078   0.81748
 5646.00    0.81238   0.80965   19.078   0.81792
 5647.00    0.80759   0.81030   19.078   0.81778
 5648.00    0.87768   0.80933   19.078   0.81664
 5649.00    0.84295   0.80774   19.078   0.81601
 5650.00    0.75082   0.80812   19.078   0.81617
 5651.00    0.71517   0.81071   19.078   0.81646
 5652.00    0.77381   0.81203   19.078   0.81564
 5653.00    0.86304   0.80929   19.078   0.81395
 5654.00    0.85357   0.80464   19.078   0.81305
 5655.00    0.76348   0.80175   19.078   0.81210
 5656.00    0.70064   0.79806   19.078   0.80964
 5657.00    0.74583   0.78922   19.078   0.80473
 5658.00    0.77659   0.78172   19.078   0.80081
 5659.00    0.78977   0.78486   19.078   0.80256
 5660.00    0.79586   0.79258   19.078   0.80668
 5661.00    0.80106   0.79408   19.078   0.80831
 5662.00    0.80467   0.79227   19.078   0.80959
 5663.00    0.81947   0.79466   19.078   0.81254
 5664.00    0.80894   0.80026   19.078   0.81411
 5665.00    0.77928   0.80312   19.078   0.81303
 5666.00    0.78307   0.80103   19.078   0.81155
 5667.00    0.78379   0.79728   19.078   0.81052
 5668.00    0.78476   0.79598   19.078   0.81021
 5669.00    0.80562   0.79751   19.078   0.81121
 5670.00    0.85002   0.80009   19.078   0.81212
 5671.00    0.84896   0.80357   19.078   0.81172
 5672.00    0.87692   0.80782   19.078   0.80981
 5673.00    0.87529   0.81036   19.078   0.80742
 5674.00    0.79430   0.80968   19.078   0.80592
 5675.00    0.76188   0.80833   19.078   0.80633
 5676.00    0.81122   0.80877   19.078   0.80866
 5677.00    0.87294   0.80885   19.078   0.81015
 5678.00    0.86161   0.80664   19.078   0.80919
 5679.00    0.73971   0.80413   19.078   0.80747
 5680.00    0.69617   0.80189   19.078   0.80666
 5681.00    0.74268   0.79772   19.078   0.80660
 5682.00    0.81390   0.79285   19.078   0.80507
 5683.00    0.82087   0.79143   19.078   0.80279
 5684.00    0.76912   0.79350   19.078   0.80290
 5685.00    0.73173   0.79447   19.078   0.80498
 5686.00    0.74203   0.79168   19.078   0.80533
 5687.00    0.77732   0.78821   19.078   0.80350
 5688.00    0.74685   0.78855   19.078   0.80241
 5689.00    0.73679   0.79281   19.078   0.80221
 5690.00    0.76095   0.79795   19.078   0.80198
 5691.00    0.79065   0.80190   19.078   0.80261
 5692.00    0.80181   0.80400   19.078   0.80365
 5693.00    0.79478   0.80372   19.078   0.80362
 5694.00    0.77222   0.80203   19.078   0.80259
 5695.00    0.74655   0.80093   19.078   0.80129
 5696.00    0.74254   0.79992   19.078   0.80023
 5697.00    0.74524   0.79691   19.078   0.80021
 5698.00    0.76876   0.79297   19.078   0.80102
 5699.00    0.80700   0.78987   19.078   0.80044
 5700.00    0.81938   0.78658   19.078   0.79813
 5701.00    0.77180   0.78372   19.078   0.79642
 5702.00    0.76085   0.78425   19.078   0.79680
 5703.00    0.78828   0.78768   19.078   0.79817
 5704.00    0.77850   0.78932   19.078   0.79886
 5705.00    0.76091   0.78616   19.078   0.79737
 5706.00    0.77734   0.78034   19.078   0.79393
 5707.00    0.81194   0.77470   19.078   0.79021
 5708.00    0.81117   0.77007   19.078   0.78717
 5709.00    0.73794   0.76814   19.078   0.78563
 5710.00    0.75312   0.76924   19.078   0.78592
 5711.00    0.82924   0.77201   19.078   0.78761
 5712.00    0.86590   0.77758   19.078   0.79138
 5713.00    0.83045   0.78528   19.078   0.79599
 5714.00    0.79905   0.79079   19.078   0.79819
 5715.00    0.79742   0.79318   19.078   0.79839
 5716.00    0.81267   0.79410   19.078   0.79756
 5717.00    0.80905   0.79420   19.078   0.79542
 5718.00    0.83626   0.79480   19.078   0.79381
 5719.00    0.83523   0.79647   19.078   0.79390
 5720.00    0.78217   0.79827   19.078   0.79421
 5721.00    0.73898   0.80000   19.078   0.79371
 5722.00    0.73286   0.80147   19.078   0.79285
 5723.00    0.76456   0.80165   19.078   0.79325
 5724.00    0.81329   0.80010   19.078   0.79528
 5725.00    0.83095   0.79668   19.078   0.79612
 5726.00    0.74441   0.79201   19.078   0.79379
 5727.00    0.73954   0.78955   19.078   0.78985
 5728.00    0.81154   0.79132   19.078   0.78808
 5729.00    0.80517   0.79334   19.078   0.78982
 5730.00    0.78739   0.79122   19.078   0.79161
 5731.00    0.79221   0.78775   19.078   0.79048
 5732.00    0.81055   0.78856   19.078   0.78935
 5733.00    0.81953   0.79278   19.078   0.79081
 5734.00    0.83706   0.79562   19.078   0.79233
 5735.00    0.83362   0.79559   19.078   0.79188
 5736.00    0.79739   0.79394   19.078   0.79053
 5737.00    0.74947   0.79226   19.078   0.78947
 5738.00    0.76377   0.79129   19.078   0.78937
 5739.00    0.80723   0.79086   19.078   0.79021
 5740.00    0.81187   0.79044   19.078   0.79026
 5741.00    0.75407   0.78948   19.078   0.78841
 5742.00    0.74100   0.78839   19.078   0.78639
 5743.00    0.77194   0.78886   19.078   0.78582
 5744.00    0.81632   0.79140   19.078   0.78575
 5745.00    0.83162   0.79328   19.078   0.78516
 5746.00    0.77596   0.79118   19.078   0.78543
 5747.00    0.72263   0.78609   19.078   0.78702
 5748.00    0.74542   0.78360   19.078   0.78810
 5749.00    0.80689   0.78631   19.078   0.78828
 5750.00    0.72892   0.78917   19.078   0.78765
 5751.00    0.78419   0.78637   19.078   0.78523
 5752.00    0.83171   0.77875   19.078   0.78238
 5753.00    0.78174   0.77244   19.078   0.78084
 5754.00    0.78038   0.77285   19.078   0.78080
 5755.00    0.83593   0.77950   19.078   0.78202
 5756.00    0.85412   0.78693   19.078   0.78285
 5757.00    0.82246   0.79080   19.078   0.78202
 5758.00    0.83912   0.79022   19.078   0.78029
 5759.00    0.82790   0.78578   19.078   0.77919
 5760.00    0.79326   0.77925   19.078   0.77884
 5761.00    0.77252   0.77314   19.078   0.77809
 5762.00    0.80857   0.77068   19.078   0.77651
 5763.00    0.85311   0.77447   19.078   0.77588
 5764.00    0.84042   0.78211   19.078   0.77757
 5765.00    0.80220   0.78788   19.078   0.78022
 5766.00    0.83615   0.78983   19.078   0.78218
 5767.00    0.80948   0.78971   19.078   0.78271
 5768.00    0.79142   0.78865   19.078   0.78237
 5769.00    0.81296   0.78709   19.078   0.78157
 5770.00    0.83433   0.78522   19.078   0.78002
 5771.00    0.81357   0.78305   19.078   0.77857
 5772.00    0.75967   0.78122   19.078   0.77781
 5773.00    0.73272   0.78003   19.078   0.77635
 5774.00    0.79678   0.77938   19.078   0.77388
 5775.00    0.82388   0.78007   19.078   0.77263
 5776.00    0.82381   0.78190   19.078   0.77349
 5777.00    0.80688   0.78254   19.078   0.77483
 5778.00    0.76834   0.77986   19.078   0.77500
 5779.00    0.71636   0.77306   19.078   0.77397
 5780.00    0.67717   0.76398   19.078   0.77319
 5781.00    0.67672   0.75771   19.078   0.77352
 5782.00    0.72423   0.75699   19.078   0.77352
 5783.00    0.75511   0.75816   19.078   0.77225
 5784.00    0.77279   0.75758   19.078   0.77042
 5785.00    0.77761   0.75808   19.078   0.76868
 5786.00    0.76591   0.76316   19.078   0.76845
 5787.00    0.76110   0.76981   19.078   0.77026
 5788.00    0.78674   0.77368   19.078   0.77204
 5789.00    0.81921   0.77364   19.078   0.77217
 5790.00    0.81226   0.77108   19.078   0.77067
 5791.00    0.78693   0.76984   19.078   0.76850
 5792.00    0.79369   0.77197   19.078   0.76746
 5793.00    0.83703   0.77566   19.078   0.76793
 5794.00    0.87813   0.77880   19.078   0.76864
 5795.00    0.85514   0.77921   19.078   0.76986
 5796.00    0.76862   0.77540   19.078   0.77201
 5797.00    0.73720   0.77082   19.078   0.77352
 5798.00    0.86034   0.77104   19.078   0.77337
 5799.00    0.76923   0.77598   19.078   0.77165
 5800.00    0.73205   0.78081   19.078   0.76919
 5801.00    0.79668   0.78291   19.078   0.76734
 5802.00    0.80567   0.78197   19.078   0.76762
 5803.00    0.75700   0.77775   19.078   0.77053
 5804.00    0.78096   0.77256   19.078   0.77353
 5805.00    0.84894   0.77014   19.078   0.77389
 5806.00    0.82116   0.77084   19.078   0.77269
 5807.00    0.73145   0.77249   19.078   0.77242
 5808.00    0.69386   0.77379   19.078   0.77304
 5809.00    0.72522   0.77487   19.078   0.77287
 5810.00    0.75811   0.77585   19.078   0.77105
 5811.00    0.75954   0.77621   19.078   0.76806
 5812.00    0.75561   0.77580   19.078   0.76664
 5813.00    0.76577   0.77437   19.078   0.76756
 5814.00    0.79042   0.77116   19.078   0.76758
 5815.00    0.79581   0.76731   19.078   0.76654
 5816.00    0.77277   0.76641   19.078   0.76728
 5817.00    0.74766   0.76997   19.078   0.76976
 5818.00    0.76855   0.77505   19.078   0.77206
 5819.00    0.80725   0.77820   19.078   0.77298
 5820.00    0.80809   0.77891   19.078   0.77235
 5821.00    0.78719   0.77798   19.078   0.77070
 5822.00    0.81922   0.77627   19.078   0.76925
 5823.00    0.80585   0.77515   19.078   0.76863
 5824.00    0.77715   0.77550   19.078   0.76861
 5825.00    0.76525   0.77638   19.078   0.76857
 5826.00    0.77236   0.77645   19.078   0.76730
 5827.00    0.78472   0.77601   19.078   0.76540
 5828.00    0.78582   0.77597   19.078   0.76536
 5829.00    0.76181   0.77622   19.078   0.76673
 5830.00    0.71821   0.77580   19.078   0.76691
 5831.00    0.79019   0.77476   19.078   0.76622
 5832.00    0.84915   0.77361   19.078   0.76607
 5833.00    0.80570   0.77184   19.078   0.76541
 5834.00    0.73717   0.76998   19.078   0.76388
 5835.00    0.70499   0.76974   19.078   0.76315
 5836.00    0.71294   0.77051   19.078   0.76360
 5837.00    0.75061   0.77007   19.078   0.76421
 5838.00    0.80386   0.76912   19.078   0.76454
 5839.00    0.76889   0.77020   19.078   0.76358
 5840.00    0.74340   0.77298    0.000   0.76169
 5841.00    0.80209   0.77496    0.000   0.76150
 5842.00    0.81016   0.77512    0.000   0.76278
 5843.00    0.75921   0.77390    0.000   0.76381
 5844.00    0.72469   0.77168    0.000   0.76363
 5845.00    0.75779   0.76863    0.000   0.76210
 5846.00    0.75870   0.76529    0.000   0.76028
 5847.00    0.76990   0.76301    0.000   0.75924
 5848.00    0.78835   0.76288    0.000   0.75859
 5849.00    0.78933   0.76388    0.000   0.75876
 5850.00    0.77931   0.76350    0.000   0.75985
 5851.00    0.76590   0.76010    0.000   0.75958
 5852.00    0.75175   0.75474    0.000   0.75817
 5853.00    0.73577   0.75135    0.000   0.75778
 5854.00    0.71483   0.75181    0.000   0.75829
 5855.00    0.71631   0.75201    0.000   0.75701
 5856.00    0.72853   0.74775    0.000   0.75249
 5857.00    0.71704   0.74245    0.000   0.74921
 5858.00    0.71880   0.74271    0.000   0.75180
 5859.00    0.73242   0.74815    0.000   0.75661
 5860.00    0.73914   0.75318    0.000   0.75788
 5861.00    0.72009   0.75483    0.000   0.75590
 5862.00    0.74137   0.75451    0.000   0.75483
 5863.00    0.74803   0.75518    0.000   0.75608
 5864.00    0.73400   0.75643    0.000   0.75742
 5865.00    0.77684   0.75545    0.000   0.75730
 5866.00    0.80431   0.75295    0.000   0.75638
 5867.00    0.79580   0.75305    0.000   0.75579
 5868.00    0.76907   0.75649    0.000   0.75572
 5869.00    0.77765   0.75987    0.000   0.75550
 5870.00    0.79851   0.76089    0.000   0.75487
 5871.00    0.75845   0.75935    0.000   0.75379
 5872.00    0.75341   0.75497    0.000   0.75110
 5873.00    1.28237   0.74482    0.000   0.74332
 5874.00    2.02183   0.72892    0.000   0.72971
 5875.00    2.55503   0.71722    0.000   0.71918
 5876.00    2.51028   0.71963    0.000   0.72120
 5877.00    1.82113   0.73317    0.000   0.73328
 5878.00    1.11493   0.74407    0.000   0.74335
 5879.00    0.74811   0.74624    0.000   0.74621
 5880.00    0.78107   0.74589    0.000   0.74662
 5881.00    0.80207   0.74688    0.000   0.74720
 5882.00    0.76757   0.74753    0.000   0.74772
 5883.00    0.71459   0.74627    0.000   0.74752
 5884.00    0.69813   0.74513    0.000   0.74634
 5885.00    0.71936   0.74519    0.000   0.74433
 5886.00    0.77052   0.74213    0.000   0.74205
 5887.00    0.81459   0.72897    0.000   0.73640
 5888.00    0.78324   0.70370    0.000   0.72215
 5889.00    0.71397   0.67787    0.000   0.70647
 5890.00    0.67454   0.67096    0.000   0.70581
 5891.00    0.69904   0.68593    0.000   0.72084
 5892.00    0.74555   0.70508    0.000   0.73539
 5893.00    0.73191   0.71215    0.000   0.73722
 5894.00    0.70408   0.70260    0.000   0.72585
 5895.00    0.72712   0.68673    0.000   0.71320
 5896.00    0.77152   0.68447    0.000   0.71386
 5897.00    0.74671   0.69983    0.000   0.72643
 5898.00    0.68867   0.71781    0.000   0.73837
 5899.00    0.68747   0.72895    0.000   0.74312
 5900.00    0.72257   0.73558    0.000   0.74342
 5901.00    0.70286   0.73997    0.000   0.74336
 5902.00    0.66749   0.74224    0.000   0.74356
 5903.00    0.73338   0.74297    0.000   0.74310
 5904.00    0.72457   0.74233    0.000   0.74196
 5905.00    0.70367   0.74110    0.000   0.74102
 5906.00    0.72043   0.74116    0.000   0.74103
 5907.00    0.74920   0.74274    0.000   0.74176
 5908.00    0.75544   0.74405    0.000   0.74244
 5909.00    0.73265   0.74443    0.000   0.74257
 5910.00    0.69645   0.74510    0.000   0.74252
 5911.00    0.68871   0.74556    0.000   0.74220
 5912.00    0.68695   0.74293    0.000   0.74131
 5913.00    0.70968   0.73715    0.000   0.74001
 5914.00    0.76441   0.73239    0.000   0.73864
 5915.00    0.75792   0.73155    0.000   0.73831
 5916.00    0.71144   0.73391    0.000   0.73947
 5917.00    0.68802   0.73740    0.000   0.74061
 5918.00    0.73795   0.74027    0.000   0.74048
 5919.00    0.70632   0.74205    0.000   0.73987
 5920.00    0.67974   0.74236    0.000   0.73938
 5921.00    0.70205   0.74100    0.000   0.73833
 5922.00    0.73064   0.73983    0.000   0.73704
 5923.00    0.75785   0.74044    0.000   0.73680
 5924.00    0.77366   0.74202    0.000   0.73758
 5925.00    0.76929   0.74324    0.000   0.73843
 5926.00    0.74256   0.74305    0.000   0.73805
 5927.00    0.73990   0.74070    0.000   0.73620
 5928.00    0.74323   0.73669    0.000   0.73402
 5929.00    0.73082   0.73315    0.000   0.73302
 5930.00    0.75896   0.73338    0.000   0.73520
 5931.00    0.76610   0.73731    0.000   0.73899
 5932.00    0.74032   0.73981    0.000   0.73954
 5933.00    0.72200   0.73786    0.000   0.73671
 5934.00    0.78842   0.73463    0.000   0.73497
 5935.00    0.81756   0.73458   19.078   0.73585
 5936.00    0.76759   0.73744   19.078   0.73647
 5937.00    0.72455   0.74010   19.078   0.73523
 5938.00    0.70235   0.74123   19.078   0.73402
 5939.00    0.71233   0.73998   19.078   0.73391
 5940.00    0.74802   0.73621   19.078   0.73390
 5941.00    0.76258   0.73292   19.078   0.73354
 5942.00    0.71390   0.73280   19.078   0.73282
 5943.00    0.66200   0.73507   19.078   0.73194
 5944.00    0.68677   0.73787   19.078   0.73102
 5945.00    0.72967   0.73982   19.078   0.72998
 5946.00    0.76027   0.73927   19.078   0.72901
 5947.00    0.77109   0.73526   19.078   0.72839
 5948.00    0.76856   0.73046   19.078   0.72845
 5949.00    0.75009   0.72949   19.078   0.72873
 5950.00    0.71515   0.73185   19.078   0.72811
 5951.00    0.68690   0.73237   19.078   0.72706
 5952.00    0.71933   0.73007   19.078   0.72697
 5953.00    0.72413   0.72931   19.078   0.72826
 5954.00    0.72549   0.73118   19.078   0.72993
 5955.00    0.76329   0.73156   19.078   0.73055
 5956.00    0.78108   0.72915   19.078   0.73030
 5957.00    0.75859   0.72767   19.078   0.73030
 5958.00    0.71373   0.72942   19.078   0.73130
 5959.00    0.69026   0.73301   19.078   0.73217
 5960.00    0.71639   0.73640   19.078   0.73178
 5961.00    0.73334   0.73834   19.078   0.73169
 5962.00    0.71999   0.73866   19.078   0.73213
 5963.00    0.72214   0.73769   19.078   0.73146
 5964.00    0.74428   0.73563   19.078   0.72950
 5965.00    0.76929   0.73329   19.078   0.72756
 5966.00    0.77462   0.73283   19.078   0.72696
 5967.00    0.74306   0.73458   19.078   0.72695
 5968.00    0.71449   0.73650   19.078   0.72659
 5969.00    0.71271   0.73777   19.078   0.72661
 5970.00    0.73975   0.73853   19.078   0.72671
 5971.00    0.74310   0.73866   19.078   0.72660
 5972.00    0.72930   0.73808   19.078   0.72776
 5973.00    0.71578   0.73651   19.078   0.72986
 5974.00    0.72166   0.73304   19.078   0.73069
 5975.00    0.74121   0.72801   19.078   0.72974
 5976.00    0.73951   0.72396   19.078   0.72827
 5977.00    0.71002   0.72281   19.078   0.72685
 5978.00    0.74121   0.72458   19.078   0.72520
 5979.00    0.76244   0.72807   19.078   0.72405
 5980.00    0.74992   0.73099   19.078   0.72369
 5981.00    0.72050   0.73089   19.078   0.72332
 5982.00    0.70372   0.72667   19.078   0.72280
 5983.00    0.71117   0.72012   19.078   0.72251
 5984.00    0.73911   0.71642   19.078   0.72251
 5985.00    0.76350   0.71833   19.078   0.72289
 5986.00    0.73383   0.72224   19.078   0.72353
 5987.00    0.69831   0.72485   19.078   0.72420
 5988.00    0.70934   0.72656   19.078   0.72474
 5989.00    0.72529   0.72748   19.078   0.72488
 5990.00    0.73420   0.72662   19.078   0.72435
 5991.00    0.74368   0.72531   19.078   0.72341
 5992.00    0.75935   0.72661   19.078   0.72307
 5993.00    0.69781   0.72997   19.078   0.72404
 5994.00    0.68767   0.73150   19.078   0.72520
 5995.00    0.75573   0.72947   19.078   0.72506
 5996.00    0.71289   0.72534   19.078   0.72361
 5997.00    0.66344   0.72182   19.078   0.72188
 5998.00    0.66177   0.72105   19.078   0.72104
 5999.00    0.71084   0.72270   19.078   0.72142
 6000.00    0.72216   0.72422   19.078   0.72161
 6001.00    0.72026   0.72324   19.078   0.71995
 6002.00    0.72653   0.72057   19.078   0.71776
 6003.00    0.74444   0.71977   19.078   0.71797
 6004.00    0.73887   0.72106   19.078   0.72011
 6005.00    0.71146   0.72060   19.078   0.72089
 6006.00    0.67806   0.71664   19.078   0.71925
 6007.00    0.66556   0.71172   19.078   0.71746
 6008.00    0.68284   0.71084   19.078   0.71734
 6009.00    0.69917   0.71584   19.078   0.71806
 6010.00    0.68395   0.72148   19.078   0.71832
 6011.00    0.73573   0.72176   19.078   0.71840
 6012.00    0.76075   0.71778   19.078   0.71831
 6013.00    0.71699   0.71507   19.078   0.71778
 6014.00    0.66940   0.71544   19.078   0.71719
 6015.00    0.65776   0.71584   19.078   0.71664
 6016.00    0.67116   0.71494   19.078   0.71633
 6017.00    0.68369   0.71468   19.078   0.71623
 6018.00    0.68414   0.71453   19.078   0.71544
 6019.00    0.69591   0.71238   19.078   0.71368
 6020.00    0.70972   0.70994   19.078   0.71189
 6021.00    0.69245   0.70994   19.078   0.71062
 6022.00    0.69741   0.71155   19.078   0.70981
 6023.00    0.72634   0.71305   19.078   0.70945
 6024.00    0.75421   0.71486   19.078   0.70951
 6025.00    0.72966   0.71697   19.078   0.71027
 6026.00    0.72802   0.71795   19.078   0.71175
 6027.00    0.74936   0.71865   19.078   0.71279
 6028.00    0.74610   0.72060   19.078   0.71223
 6029.00    0.70447   0.72233   19.078   0.71123
 6030.00    0.67966   0.72257   19.078   0.71105
 6031.00    0.70211   0.72270   19.078   0.71164
 6032.00    0.74655   0.72357   19.078   0.71274
 6033.00    0.73766   0.72424   19.078   0.71355
 6034.00    0.70798   0.72413   19.078   0.71376
 6035.00    0.71803   0.72382   19.078   0.71373
 6036.00    0.73145   0.72378   19.078   0.71381
 6037.00    0.70893   0.72360   19.078   0.71344
 6038.00    0.66551   0.72246   19.078   0.71180
 6039.00    0.67562   0.72057   19.078   0.70951
 6040.00    0.73300   0.71906   19.078   0.70798
 6041.00    0.77654   0.71850   19.078   0.70761
 6042.00    0.75746   0.71925   19.078   0.70764
 6043.00    0.72152   0.72112   19.078   0.70767
 6044.00    0.72947   0.72275   19.078   0.70784
 6045.00    0.75320   0.72342   19.078   0.70825
 6046.00    0.69978   0.72360   19.078   0.70884
 6047.00    0.64817   0.72345   19.078   0.70925
 6048.00    0.63951   0.72289   19.078   0.70904
 6049.00    0.67856   0.72267   19.078   0.70826
 6050.00    0.71102   0.72281   19.078   0.70733
 6051.00    0.71948   0.72196   19.078   0.70702
 6052.00    0.71222   0.71970   19.078   0.70756
 6053.00    0.71259   0.71714   19.078   0.70806
 6054.00    0.72629   0.71496   19.078   0.70767
 6055.00    0.75001   0.71291   19.078   0.70651
 6056.00    0.77084   0.71182   19.078   0.70616
 6057.00    0.75824   0.71285   19.078   0.70733
 6058.00    0.70077   0.71531   19.078   0.70867
 6059.00    0.66016   0.71754   19.078   0.70893
 6060.00    0.71277   0.71827   19.078   0.70813
 6061.00    0.72384   0.71702   19.078   0.70705
 6062.00    0.69215   0.71398   19.078   0.70533
 6063.00    0.65336   0.70936   19.078   0.70218
 6064.00    0.66450   0.70396   19.078   0.69827
 6065.00    0.70035   0.70192   19.078   0.69669
 6066.00    0.71442   0.70668   19.078   0.69929
 6067.00    0.67974   0.71426   19.078   0.70294
 6068.00    0.73371   0.71902   19.078   0.70417
 6069.00    0.74217   0.72032   19.078   0.70382
 6070.00    0.66982   0.72033   19.078   0.70413
 6071.00    0.68763   0.72045   19.078   0.70495
 6072.00    0.71001   0.72063   19.078   0.70541
 6073.00    0.70661   0.72047   19.078   0.70568
 6074.00    0.69428   0.71972   19.078   0.70544
 6075.00    0.76082   0.71798   19.078   0.70426
 6076.00    0.77152   0.71479   19.078   0.70334
 6077.00    0.69650   0.71045   19.078   0.70316
 6078.00    0.69357   0.70694   19.078   0.70304
 6079.00    0.67600   0.70615   19.078   0.70301
 6080.00    0.64587   0.70627   19.078   0.70312
 6081.00    0.64664   0.70473   19.078   0.70266
 6082.00    0.68665   0.70309   19.078   0.70085
 6083.00    0.72018   0.70334   19.078   0.69794
 6084.00    0.71951   0.70398   19.078   0.69618
 6085.00    0.69316   0.70419   19.078   0.69726
 6086.00    0.70533   0.70525   19.078   0.69865
 6087.00    0.73645   0.70684   19.078   0.69786
 6088.00    0.73516   0.70658   19.078   0.69645
 6089.00    0.70815   0.70361   19.078   0.69637
 6090.00    0.68786   0.70066   19.078   0.69712
 6091.00    0.69824   0.70013   19.078   0.69764
 6092.00    0.74257   0.70116   19.078   0.69794
 6093.00    0.71430   0.70314   19.078   0.69820
 6094.00    0.67217   0.70625   19.078   0.69835
 6095.00    0.71817   0.70842   19.078   0.69807
 6096.00    0.70019   0.70803   19.078   0.69726
 6097.00    0.67103   0.70702   19.078   0.69621
 6098.00    0.68212   0.70756   19.078   0.69531
 6099.00    0.72766   0.70838   19.078   0.69512
 6100.00    0.71560   0.70497   19.078   0.69452
 6101.00    0.67808   0.69451   19.078   0.69116
 6102.00    0.69770   0.68396   19.078   0.68681
 6103.00    0.70304   0.68406   19.078   0.68685
 6104.00    0.68249   0.69332   19.078   0.69223
 6105.00    0.64763   0.70140   19.078   0.69787
 6106.00    0.63297   0.70341   19.078   0.69931
 6107.00    0.65138   0.70222   19.078   0.69747
 6108.00    0.69148   0.70232   19.078   0.69598
 6109.00    0.72046   0.70407   19.078   0.69548
 6110.00    0.68288   0.70410   19.078   0.69456
 6111.00    0.66366   0.70250   19.078   0.69380
 6112.00    0.70947   0.70273   19.078   0.69415
 6113.00    0.71685   0.70491   19.078   0.69427
 6114.00    0.70894   0.70590   19.078   0.69303
 6115.00    0.70121   0.70413   19.078   0.69172
 6116.00    0.69367   0.70202   19.078   0.69194
 6117.00    0.65631   0.70189   19.078   0.69347
 6118.00    0.64314   0.70130   19.078   0.69454
 6119.00    0.68712   0.69700   19.078   0.69287
 6120.00    0.69497   0.68959   19.078   0.68673
 6121.00    0.68811   0.68262   19.078   0.67909
 6122.00    0.68436   0.68148   19.078   0.67695
 6123.00    0.68942   0.68778   19.078   0.68212
 6124.00    0.70280   0.69492   19.078   0.68898
 6125.00    0.71860   0.69712   19.078   0.69262
 6126.00    0.72175   0.69563   19.078   0.69278
 6127.00    0.67322   0.69359   19.078   0.69123
 6128.00    0.66754   0.69307   19.078   0.68991
 6129.00    0.71598   0.69516   19.078   0.68956
 6130.00    0.70633   0.69853   19.078   0.68947
 6131.00    0.69800   0.70090   19.078   0.68932
 6132.00    0.71451   0.70138   19.078   0.68898
 6133.00    0.74784   0.69914   19.078   0.68760
 6134.00    0.72575   0.69202   19.078   0.68407
 6135.00    0.68596   0.67912   19.078   0.67747
 6136.00    0.65488   0.66557   19.078   0.67016
 6137.00    0.60925   0.66259   19.078   0.66900
 6138.00    0.61432   0.67343   19.078   0.67562
 6139.00    0.66714   0.68603   19.078   0.68188
 6140.00    0.71349   0.68937   19.078   0.68197
 6141.00    0.71710   0.68643   19.078   0.68011
 6142.00    0.69216   0.68679   19.078   0.68214
 6143.00    0.67063   0.69248   19.078   0.68653
 6144.00    0.69957   0.69783   19.078   0.68867
 6145.00    0.72348   0.69916   19.078   0.68840
 6146.00    0.71448   0.69720   19.078   0.68820
 6147.00    0.68056   0.69345   19.078   0.68870
 6148.00    0.66800   0.68949   19.078   0.68903
 6149.00    0.67863   0.68712   19.078   0.68834
 6150.00    0.69047   0.68739   19.078   0.68709
 6151.00    0.65771   0.68988   19.078   0.68698
 6152.00    0.66976   0.69243   19.078   0.68797
 6153.00    0.72663   0.69217   19.078   0.68840
 6154.00    0.66269   0.68921   19.078   0.68748
 6155.00    0.64155   0.68724   19.078   0.68574
 6156.00    0.68333   0.68745   19.078   0.68402
 6157.00    0.71358   0.68765   19.078   0.68278
 6158.00    0.69553   0.68616   19.078   0.68197
 6159.00    0.66958   0.68051   19.078   0.68027
 6160.00    0.67329   0.66853   19.078   0.67485
 6161.00    0.68991   0.65475   19.078   0.66684
 6162.00    0.68359   0.64860   19.078   0.66413
 6163.00    0.65711   0.65367   19.078   0.66994
 6164.00    0.65256   0.66382   19.078   0.67677
 6165.00    0.65945   0.67158   19.078   0.67816
 6166.00    0.66524   0.67520   19.078   0.67577
 6167.00    0.65964   0.67441   19.078   0.67283
 6168.00    0.64981   0.66818   19.078   0.66984
 6169.00    0.66282   0.66150   19.078   0.66800
 6170.00    0.69037   0.66259   19.078   0.66930
 6171.00    0.65564   0.67040   19.078   0.67282
 6172.00    0.63508   0.67637   19.078   0.67626
 6173.00    0.65155   0.67779   19.078   0.67816
 6174.00    0.68475   0.67791   19.078   0.67784
 6175.00    0.70933   0.67783   19.078   0.67651
 6176.00    0.72057   0.67768   19.078   0.67659
 6177.00    0.71832   0.67880   19.078   0.67806
 6178.00    0.69797   0.68068   19.078   0.67896
 6179.00    0.70152   0.68135   19.078   0.67904
 6180.00    0.72695   0.68165   19.078   0.67939
 6181.00    0.70785   0.68321   19.078   0.67975
 6182.00    0.68704   0.68473   19.078   0.67934
 6183.00    0.68057   0.68478   19.078   0.67864
 6184.00    0.68212   0.68354   19.078   0.67823
 6185.00    0.64324   0.68071   19.078   0.67789
 6186.00    0.61022   0.67674   19.078   0.67765
 6187.00    0.61754   0.67366   19.078   0.67764
 6188.00    0.60926   0.67202   19.078   0.67702
 6189.00    0.60211   0.66908   19.078   0.67442
 6190.00    0.60537   0.66258   19.078   0.67034
 6191.00    0.61398   0.65790   19.078   0.66877
 6192.00    0.62917   0.66195   19.078   0.67173
 6193.00    0.65311   0.67098   19.078   0.67603
 6194.00    0.68117   0.67739   19.078   0.67834
 6195.00    0.66854   0.68016   19.078   0.67825
 6196.00    0.64832   0.68133   19.078   0.67697
 6197.00    0.65773   0.68035   19.078   0.67592
 6198.00    0.70998   0.67575   19.078   0.67588
 6199.00    0.72596   0.67011   19.078   0.67615
 6200.00    0.67961   0.66898   19.078   0.67572
 6201.00    0.60793   0.67321   19.078   0.67505
 6202.00    0.62228   0.67802   19.078   0.67452
 6203.00    0.67309   0.68008   19.078   0.67357
 6204.00    0.66298   0.68012   19.078   0.67277
 6205.00    0.67019   0.68014   19.078   0.67328
 6206.00    0.67539   0.68058   19.078   0.67496
 6207.00    0.66963   0.68080   19.078   0.67648
 6208.00    0.71191   0.68034   19.078   0.67676
 6209.00    0.75811   0.67887   19.078   0.67611
 6210.00    0.74514   0.67641   19.078   0.67498
 6211.00    0.60790   0.67281   19.078   0.67284
 6212.00    0.62257   0.66710   19.078   0.66964
 6213.00    0.70610   0.66022   19.078   0.66749
 6214.00    0.65929   0.65563   19.078   0.66845
 6215.00    0.65471   0.65554   19.078   0.67133
 6216.00    0.66774   0.65919   19.078   0.67321
 6217.00    0.65422   0.66287   19.078   0.67253
 6218.00    0.61848   0.66232   19.078   0.67067
 6219.00    0.63707   0.65897   19.078   0.67033
 6220.00    0.68668   0.65794   19.078   0.67118
 6221.00    0.63436   0.66056   19.078   0.67117
 6222.00    0.63001   0.66384   19.078   0.67052
 6223.00    0.66311   0.66513   19.078   0.67059
 6224.00    0.65265   0.66517   19.078   0.67093
 6225.00    0.64514   0.66575   19.078   0.67024
 6226.00    0.64995   0.66651   19.078   0.66890
 6227.00    0.65613   0.66577   19.078   0.66768
 6228.00    0.61942   0.66157   19.078   0.66528
 6229.00    0.64672   0.65355   19.078   0.66049
 6230.00    0.72610   0.64619   19.078   0.65552
 6231.00    0.67285   0.64506   19.078   0.65453
 6232.00    0.63189   0.65015   19.078   0.65775
 6233.00    0.64410   0.65801   19.078   0.66179
 6234.00    0.68040   0.66549   19.078   0.66408
 6235.00    0.69289   0.66920   19.078   0.66431
 6236.00    0.67649   0.66766   19.078   0.66399
 6237.00    0.64988   0.66300   19.078   0.66446
 6238.00    0.67546   0.65805   19.078   0.66595
 6239.00    0.68521   0.65455   19.078   0.66741
 6240.00    0.65073   0.65360   19.078   0.66746
 6241.00    0.63737   0.65373   19.078   0.66623
 6242.00    0.63617   0.65179   19.078   0.66521
 6243.00    0.63840   0.64883   19.078   0.66561
 6244.00    0.63930   0.64779   19.078   0.66636
 6245.00    0.65341   0.64825   19.078   0.66510
 6246.00    0.66720   0.65046   19.078   0.66253
 6247.00    0.65942   0.65557   19.078   0.66180
 6248.00    0.64033   0.66101   19.078   0.66336
 6249.00    0.62737   0.66315   19.078   0.66478
 6250.00    0.63187   0.66064   19.078   0.66366
 6251.00    0.64798   0.65416   19.078   0.65954
 6252.00    0.65870   0.64729   19.078   0.65436
 6253.00    0.65220   0.64412   19.078   0.65108
 6254.00    0.62314   0.64444   19.078   0.65164
 6255.00    0.61463   0.64443   19.078   0.65487
 6256.00    0.63054   0.64200   19.078   0.65786
 6257.00    0.65051   0.63896   19.078   0.65923
 6258.00    0.66482   0.63893   19.078   0.65940
 6259.00    0.66746   0.64341   19.078   0.65919
 6260.00    0.65525   0.64962   19.078   0.65961
 6261.00    0.63405   0.65500   19.078   0.66178
 6262.00    0.61581   0.65951   19.078   0.66420
 6263.00    0.60953   0.66116   19.078   0.66336
 6264.00    0.61916   0.65849   19.078   0.65962
 6265.00    0.64135   0.65573   19.078   0.65698
 6266.00    0.66749   0.65655   19.078   0.65722
 6267.00    0.68103   0.65844   19.078   0.65874
 6268.00    0.67433   0.65809   19.078   0.65930
 6269.00    0.65314   0.65647   19.078   0.65903
 6270.00    0.63279   0.65620   19.078   0.65972
 6271.00    0.63553   0.65794   19.078   0.66004
 6272.00    0.64557   0.66011   19.078   0.65808
 6273.00    0.65050   0.66092   19.078   0.65604
 6274.00    0.69288   0.66056   19.078   0.65600
 6275.00    0.71628   0.66030   19.078   0.65683
 6276.00    0.69319   0.66010   19.078   0.65731
 6277.00    0.67283   0.65907   19.078   0.65716
 6278.00    0.67175   0.65650   19.078   0.65602
 6279.00    0.67903   0.65252   19.078   0.65415
 6280.00    0.65910   0.64953    0.000   0.65248
 6281.00    0.65162   0.65015    0.000   0.65225
 6282.00    0.64980   0.65345    0.000   0.65371
 6283.00    0.62443   0.65663    0.000   0.65491
 6284.00    0.59376   0.65821    0.000   0.65455
 6285.00    0.58483   0.65893    0.000   0.65402
 6286.00    0.61750   0.66063    0.000   0.65430
 6287.00    0.66737   0.66321    0.000   0.65438
 6288.00    0.68382   0.66476    0.000   0.65358
 6289.00    0.64815   0.66361    0.000   0.65268
 6290.00    0.61437   0.66016    0.000   0.65252
 6291.00    0.60732   0.65701    0.000   0.65281
 6292.00    0.63016   0.65582    0.000   0.65245
 6293.00    0.66353   0.65622    0.000   0.65093
 6294.00    0.66940   0.65641    0.000   0.64944
 6295.00    0.65001   0.65399    0.000   0.64890
 6296.00    0.64121   0.64956    0.000   0.64834
 6297.00    0.72839   0.64690    0.000   0.64690
 6298.00    0.92512   0.64765    0.000   0.64604
 6299.00    1.18003   0.64850    0.000   0.64670
 6300.00    1.23595   0.64623    0.000   0.64619
 6301.00    1.11518   0.64302    0.000   0.64379
 6302.00    0.90455   0.64325    0.000   0.64325
 6303.00    0.73813   0.64699    0.000   0.64599
 6304.00    0.65392   0.65058    0.000   0.64961
 6305.00    0.64282   0.65269    0.000   0.65193
 6306.00    0.63844   0.65521    0.000   0.65212
 6307.00    0.65832   0.65826    0.000   0.65050
 6308.00    0.69250   0.65909    0.000   0.64861
 6309.00    0.70682   0.65662    0.000   0.64789
 6310.00    0.78844   0.65296    0.000   0.64834
 6311.00    0.89585   0.65065    0.000   0.64895
 6312.00    0.92144   0.65003    0.000   0.64873
 6313.00    0.84624   0.64869    0.000   0.64749
 6314.00    0.74679   0.64546    0.000   0.64597
 6315.00    0.69845   0.64302    0.000   0.64506
 6316.00    0.63355   0.64208    0.000   0.64404
 6317.00    0.60865   0.63997    0.000   0.64189
 6318.00    0.65012   0.63837    0.000   0.64005
 6319.00    0.66159   0.64096    0.000   0.64075
 6320.00    0.65718   0.64549    0.000   0.64336
 6321.00    0.65319   0.64808   19.078   0.64513
 6322.00    0.65736   0.64939   19.078   0.64482
 6323.00    0.64566   0.65170   19.078   0.64361
 6324.00    0.64344   0.65446   19.078   0.64292
 6325.00    0.71194   0.65571   19.078   0.64251
 6326.00    0.68511   0.65512   19.078   0.64199
 6327.00    0.60784   0.65436   19.078   0.64210
 6328.00    0.61954   0.65441   19.078   0.64304
 6329.00    0.63998   0.65404   19.078   0.64407
 6330.00    0.63787   0.65326   19.078   0.64450
 6331.00    0.61313   0.65397   19.078   0.64429
 6332.00    0.65038   0.65556   19.078   0.64347
 6333.00    0.67629   0.65416   19.078   0.64129
 6334.00    0.64431   0.64737   19.078   0.63804
 6335.00    0.65673   0.63940   19.078   0.63612
 6336.00    0.65972   0.63699   19.078   0.63721
 6337.00    0.62957   0.64027   19.078   0.64002
 6338.00    0.61643   0.64456   19.078   0.64186
 6339.00    0.63242   0.64806   19.078   0.64225
 6340.00    0.65967   0.65086   19.078   0.64272
 6341.00    0.64816   0.65122   19.078   0.64298
 6342.00    0.62410   0.64784   19.078   0.64236
 6343.00    0.62338   0.64295   19.078   0.64258
 6344.00    0.68047   0.64079   19.078   0.64402
 6345.00    0.66583   0.64216   19.078   0.64463
 6346.00    0.60448   0.64437   19.078   0.64391
 6347.00    0.58078   0.64661   19.078   0.64319
 6348.00    0.61500   0.64932   19.078   0.64326
 6349.00    0.64308   0.65150   19.078   0.64345
 6350.00    0.61529   0.65241   19.078   0.64264
 6351.00    0.63704   0.65236   19.078   0.64114
 6352.00    0.67020   0.65078   19.078   0.64035
 6353.00    0.67629   0.64689   19.078   0.64003
 6354.00    0.66580   0.64259   19.078   0.63904
 6355.00    0.65244   0.64092   19.078   0.63819
 6356.00    0.64327   0.64090   19.078   0.63804
 6357.00    0.63687   0.63876   19.078   0.63737
 6358.00    0.62393   0.63462   19.078   0.63656
 6359.00    0.61092   0.63197   19.078   0.63708
 6360.00    0.62420   0.63103   19.078   0.63786
 6361.00    0.67593   0.62964   19.078   0.63710
 6362.00    0.75857   0.62866   19.078   0.63561
 6363.00    0.84365   0.63030   -1.000   0.63489
 6364.00    0.85493   0.63403   -1.000   0.63451
 6365.00    0.79162   0.63789   -1.000   0.63408
 6366.00    0.69793   0.64129   19.078   0.63432
 6367.00    0.68601   0.64430   19.078   0.63483
 6368.00    0.68701   0.64581   19.078   0.63432
 6369.00    0.61258   0.64497   19.078   0.63277
 6370.00    0.58019   0.64380   19.078   0.63116
 6371.00    0.60241   0.64509   19.078   0.63035
 6372.00    0.65800   0.64821   19.078   0.63041
 6373.00    0.67764   0.65026   19.078   0.63134
 6374.00    0.65886   0.65032   19.078   0.63315
 6375.00    0.62514   0.64964   19.078   0.63496
 6376.00    0.64535   0.64875   19.078   0.63553
 6377.00    0.64730   0.64665   19.078   0.63460
 6378.00    0.61569   0.64359   19.078   0.63283
 6379.00    0.63270   0.64130   19.078   0.63084
 6380.00    0.64096   0.64079   19.078   0.62917
 6381.00    0.62647   0.64191   19.078   0.62845
 6382.00    0.62366   0.64343   19.078   0.62856
 6383.00    0.64168   0.64376   19.078   0.62912
 6384.00    0.66370   0.64334   19.078   0.63001
 6385.00    0.65376   0.64390   19.078   0.63088
 6386.00    0.63896   0.64538   19.078   0.63099
 6387.00    0.62621   0.64629   19.078   0.63024
 6388.00    0.61571   0.64622   19.078   0.62927
 6389.00    0.62921   0.64576   19.078   0.62798
 6390.00    0.65015   0.64424   19.078   0.62608
 6391.00    0.64980   0.63975   19.078   0.62392
 6392.00    0.62288   0.63278   19.078   0.62180
 6393.00    0.59623   0.62851   19.078   0.62112
 6394.00    0.60119   0.63129   19.078   0.62360
 6395.00    0.65136   0.63844   19.078   0.62765
 6396.00    0.67176   0.64393   19.078   0.62985
 6397.00    0.62141   0.64395   19.078   0.62816
 6398.00    0.60550   0.63731   19.078   0.62280
 6399.00    0.61488   0.62816   19.078   0.61770
 6400.00    0.62770   0.62559   19.078   0.61749
 6401.00    0.61919   0.63222   19.078   0.62101
 6402.00    0.60940   0.64072   19.078   0.62402
 6403.00    0.61864   0.64503   19.078   0.62543
 6404.00    0.66766   0.64523   19.078   0.62604
 6405.00    0.67450   0.64263   19.078   0.62593
 6406.00    0.63091   0.63788   19.078   0.62442
 6407.00    0.61765   0.63349   19.078   0.62154
 6408.00    0.61276   0.63307   19.078   0.61950
 6409.00    0.60034   0.63526   19.078   0.61971
 6410.00    0.57087   0.63496   19.078   0.62032
 6411.00    0.56035   0.63258   19.078   0.62022
 6412.00    0.58056   0.63237   19.078   0.62095
 6413.00    0.62669   0.63437   19.078   0.62295
 6414.00    0.65576   0.63619   19.078   0.62464
 6415.00    0.66538   0.63749   19.078   0.62531
 6416.00    0.67004   0.63836   19.078   0.62547
 6417.00    0.65772   0.63781   19.078   0.62527
 6418.00    0.63458   0.63484   19.078   0.62375
 6419.00    0.61734   0.62973   19.078   0.62057
 6420.00    0.63881   0.62576   19.078   0.61779
 6421.00    0.65580   0.62729   19.078   0.61789
 6422.00    0.62459   0.63395   19.078   0.62080
 6423.00    0.63090   0.64019   19.078   0.62411
 6424.00    0.64751   0.64230   19.078   0.62515
 6425.00    0.63802   0.64233   19.078   0.62371
 6426.00    0.62698   0.64308   19.078   0.62228
 6427.00    0.62382   0.64349   19.078   0.62214
 6428.00    0.62722   0.64073   19.078   0.62120
 6429.00    0.60921   0.63406   19.078   0.61810
 6430.00    0.59077   0.62694   19.078   0.61574
 6431.00    0.58743   0.62476   19.078   0.61664
 6432.00    0.59153   0.62856   19.078   0.61861
 6433.00    0.60145   0.63441   19.078   0.61917
 6434.00    0.61452   0.63869   19.078   0.61961
 6435.00    0.62336   0.64026   19.078   0.62074
 6436.00    0.63010   0.63828   19.078   0.62053
 6437.00    0.63736   0.63226   19.078   0.61734
 6438.00    0.64703   0.62571   19.078   0.61296
 6439.00    0.60925   0.62516   19.078   0.61194
 6440.00    0.54713   0.63161   19.078   0.61509
 6441.00    0.58479   0.63888   19.078   0.61824
 6442.00    0.62401   0.64246   19.078   0.61937
 6443.00    0.62881   0.64308   19.078   0.61988
 6444.00    0.62289   0.64309   19.078   0.62034
 6445.00    0.63162   0.64344   19.078   0.62041
 6446.00    0.65385   0.64268   19.078   0.62002
 6447.00    0.66606   0.63769   19.078   0.61873
 6448.00    0.65454   0.62717   19.078   0.61579
 6449.00    0.62477   0.61638   19.078   0.61272
 6450.00    0.59835   0.61406   19.078   0.61334
 6451.00    0.60534   0.62137   19.078   0.61763
 6452.00    0.63386   0.63038   19.078   0.62042
 6453.00    0.64635   0.63403   19.078   0.61946
 6454.00    0.63561   0.63144   19.078   0.61733
 6455.00    0.62088   0.62699   19.078   0.61592
 6456.00    0.63046   0.62652   19.078   0.61571
 6457.00    0.61404   0.63123   19.078   0.61680
 6458.00    0.59355   0.63697   19.078   0.61779
 6459.00    0.61432   0.63939   19.078   0.61648
 6460.00    0.63345   0.63565   19.078   0.61188
 6461.00    0.63680   0.62590   19.078   0.60599
 6462.00    0.62099   0.61725   19.078   0.60338
 6463.00    0.60184   0.61744   19.078   0.60601
 6464.00    0.59388   0.62447   19.078   0.61014
 6465.00    0.60833   0.63130   19.078   0.61201
 6466.00    0.62884   0.63499   19.078   0.61233
 6467.00    0.64252   0.63584   19.078   0.61285
 6468.00    0.63688   0.63429   19.078   0.61298
 6469.00    0.60108   0.63122   19.078   0.61135
 6470.00    0.56934   0.62800   19.078   0.60886
 6471.00    0.57814   0.62648   19.078   0.60754
 6472.00    0.62642   0.62775   19.078   0.60774
 6473.00    0.66629   0.62942   19.078   0.60834
 6474.00    0.65338   0.62890   19.078   0.60845
 6475.00    0.58956   0.62792   19.078   0.60835
 6476.00    0.57155   0.62899   19.078   0.60829
 6477.00    0.64729   0.63094   19.078   0.60779
 6478.00    0.63473   0.63158   19.078   0.60664
 6479.00    0.58182   0.63021   19.078   0.60527
 6480.00    0.55671   0.62605   19.078   0.60380
 6481.00    0.59897   0.62003   19.078   0.60270
 6482.00    0.63634   0.61639   19.078   0.60295
 6483.00    0.62446   0.61788   19.078   0.60404
 6484.00    0.63083   0.62229   19.078   0.60468
 6485.00    0.63408   0.62597   19.078   0.60447
 6486.00    0.62248   0.62787   19.078   0.60402
 6487.00    0.63735   0.62850   19.078   0.60415
 6488.00    0.65301   0.62764   19.078   0.60497
 6489.00    0.64794   0.62494   19.078   0.60558
 6490.00    0.62061   0.62105   19.078   0.60487
 6491.00    0.60721   0.61625   19.078   0.60205
 6492.00    0.61719   0.60864   19.078   0.59620
 6493.00    0.59309   0.59712   19.078   0.58856
 6494.00    0.55295   0.58618   19.078   0.58392
 6495.00    0.52423   0.58189   19.078   0.58520
 6496.00    0.55213   0.58508   19.078   0.58961
 6497.00    0.58580   0.59200   19.078   0.59350
 6498.00    0.58935   0.59849   19.078   0.59596
 6499.00    0.55777   0.60384   19.078   0.59759
 6500.00    0.55349   0.60951   19.078   0.59940
 6501.00    0.59597   0.61480   19.078   0.60136
 6502.00    0.61941   0.61845   19.078   0.60254
 6503.00    0.64041   0.62073   19.078   0.60271
 6504.00    0.66082   0.62241   19.078   0.60221
 6505.00    0.64132   0.62360   19.078   0.60134
 6506.00    0.61254   0.62359   19.078   0.60049
 6507.00    0.59861   0.62207   19.078   0.60020
 6508.00    0.61411   0.62053   19.078   0.60063
 6509.00    0.63141   0.62062   19.078   0.60069
 6510.00    0.63748   0.62189   19.078   0.59993
 6511.00    0.64411   0.62274   19.078   0.59915
 6512.00    0.63999   0.62254   19.078   0.59874
 6513.00    0.62072   0.62123   19.078   0.59859
 6514.00    0.59529   0.61837   19.078   0.59815
 6515.00    0.57867   0.61465   19.078   0.59700
 6516.00    0.57785   0.61186   19.078   0.59571
 6517.00    0.58891   0.61048   19.078   0.59519
 6518.00    0.59461   0.61061   19.078   0.59521
 6519.00    0.59181   0.61304   19.078   0.59477
 6520.00    0.60227   0.61674   19.078   0.59367
 6521.00    0.60820   0.61919   19.078   0.59248
 6522.00    0.60078   0.61965   19.078   0.59194
 6523.00    0.58846   0.61938   19.078   0.59215
 6524.00    0.58898   0.61874   19.078   0.59222
 6525.00    0.60950   0.61657   19.078   0.59195
 6526.00    0.64028   0.61338   19.078   0.59197
 6527.00    0.65325   0.61198   19.078   0.59237
 6528.00    0.64167   0.61346    0.000   0.59314
 6529.00    0.63833   0.61556    0.000   0.59362
 6530.00    0.64445   0.61566    0.000   0.59285
 6531.00    0.65189   0.61347    0.000   0.59165
 6532.00    0.63513   0.61102    0.000   0.59187
 6533.00    0.61991   0.61074    0.000   0.59344
 6534.00    0.62334   0.61288    0.000   0.59443
 6535.00    0.64450   0.61512    0.000   0.59392
 6536.00    0.64827   0.61552    0.000   0.59277
 6537.00    0.62760   0.61492    0.000   0.59195
 6538.00    0.64041   0.61527    0.000   0.59162
 6539.00    0.64068   0.61645    0.000   0.59130
 6540.00    0.60856   0.61641    0.000   0.59065
 6541.00    0.60044   0.61417    0.000   0.58993
 6542.00    0.59981   0.61091    0.000   0.58914
 6543.00    0.59813   0.60761    0.000   0.58754
 6544.00    0.62431   0.60347    0.000   0.58484
 6545.00    0.74028   0.59847    0.000   0.58183
 6546.00    0.95272   0.59552    0.000   0.57971
 6547.00    1.10564   0.59665    0.000   0.57923
 6548.00    1.14126   0.59944    0.000   0.57970
 6549.00    1.04037   0.60013    0.000   0.57949
 6550.00    0.85232   0.59775    0.000   0.57780
 6551.00    0.67910   0.59387    0.000   0.57507
 6552.00    0.59882   0.58953    0.000   0.57183
 6553.00    0.61858   0.58400    0.000   0.56797
 6554.00    0.62813   0.57731    0.000   0.56323
 6555.00    0.59019   0.57121    0.000   0.55726
 6556.00    0.80872   0.56661    0.000   0.54910
 6557.00    0.56043   0.56165    0.000   0.53792
 6558.00    0.47081   0.55341    0.000   0.52263
 6559.00    8.10686   0.53880    0.000   0.49811
 6560.00   19.08290   0.51352    0.000   0.45684
 6561.00   28.64720   0.47870    0.000   0.40497
 6562.00   41.54950   0.45158    0.000   0.37112
 6563.00   45.64721   0.45435    0.000   0.38132
 6564.00   29.96931   0.48561    0.000   0.42711
 6565.00   14.57176   0.52245    0.000   0.47687
 6566.00    4.67595   0.54873    0.000   0.51144
 6567.00    1.43819   0.56300    0.000   0.53134
 6568.00    0.64264   0.56940    0.000   0.54260
 6569.00    0.68956   0.57302    0.000   0.54970
 6570.00    0.64720   0.57683    0.000   0.55530
 6571.00    0.62706   0.57955    0.000   0.56015
 6572.00    0.63171   0.57970    0.000   0.56395
 6573.00    0.63039   0.57886    0.000   0.56683
 6574.00    0.64122   0.58006    0.000   0.56907
 6575.00    0.65916   0.58491    0.000   0.57062
 6576.00    0.66849   0.59197    0.000   0.57152
 6577.00    0.65996   0.59786    0.000   0.57240
 6578.00    0.64486   0.60030    0.000   0.57384
 6579.00    0.65857   0.59943    0.000   0.57496
 6580.00    0.84958   0.59735    0.000   0.57474
 6581.00    1.30298   0.59679    0.000   0.57387
 6582.00    2.05012   0.59854    0.000   0.57382
 6583.00    2.41458   0.60067    0.000   0.57481
 6584.00    2.20956   0.60132    0.000   0.57591
 6585.00    1.54930   0.60064    0.000   0.57661
 6586.00    0.99162   0.60069    0.000   0.57690
 6587.00    0.71546   0.60273    0.000   0.57724
 6588.00    0.64903   0.60520    0.000   0.57814
 6589.00    0.63324   0.60589    0.000   0.57866
 6590.00    0.60843   0.60323    0.000   0.57699
 6591.00    0.58907   0.59621    0.000   0.57365
 6592.00    0.57822   0.58761    0.000   0.57153
 6593.00    0.58300   0.58405    0.000   0.57212
 6594.00    0.62004   0.58842    0.000   0.57430
 6595.00    0.63324   0.59554    0.000   0.57663
 6596.00    0.60759   0.59916    0.000   0.57863
 6597.00    0.59474   0.59895    0.000   0.57962
 6598.00    0.60634   0.59850    0.000   0.57917
 6599.00    0.63079   0.60042    0.000   0.57832
 6600.00    0.60654   0.60386    0.000   0.57805
 6601.00    0.59885   0.60609    0.000   0.57801
 6602.00    0.63556   0.60566    0.000   0.57786
 6603.00    0.62153   0.60315    0.000   0.57798
 6604.00    0.60564   0.60010    0.000   0.57844
 6605.00    0.62612   0.59785    0.000   0.57844
 6606.00    0.63172   0.59620    0.000   0.57724
 6607.00    0.61211   0.59399    0.000   0.57575
 6608.00    0.57645   0.59187    0.000   0.57603
 6609.00    0.59800   0.59256   19.078   0.57848
 6610.00    0.62765   0.59683   19.078   0.58049
 6611.00    0.60688   0.60114   19.078   0.58008
 6612.00    0.60601   0.60213   19.078   0.57929
 6613.00    0.61809   0.60117   19.078   0.58031
 6614.00    0.61717   0.60165   19.078   0.58152
 6615.00    0.61770   0.60349   19.078   0.58104
 6616.00    0.62320   0.60429   19.078   0.58006
 6617.00    0.63161   0.60392   19.078   0.57989
 6618.00    0.61876   0.60391   19.078   0.57985
 6619.00    0.60073   0.60472   19.078   0.57927
 6620.00    0.61559   0.60545   19.078   0.57850
 6621.00    0.61291   0.60501   19.078   0.57808
 6622.00    0.59712   0.60259   19.078   0.57837
 6623.00    0.61197   0.59851   19.078   0.57866
 6624.00    0.61806   0.59509   19.078   0.57810
 6625.00    0.60312   0.59473   19.078   0.57733
 6626.00    0.57869   0.59674   19.078   0.57722
 6627.00    0.60864   0.59845   19.078   0.57761
 6628.00    0.67851   0.59875   19.078   0.57795
 6629.00    0.65696   0.59798   19.078   0.57780
 6630.00    0.61293   0.59647   19.078   0.57628
 6631.00    0.59037   0.59382   19.078   0.57352
 6632.00    0.59159   0.58992   19.078   0.57160
 6633.00    0.59253   0.58685   19.078   0.57167
 6634.00    0.57897   0.58743   19.078   0.57293
 6635.00    0.55984   0.59140   19.078   0.57404
 6636.00    0.56829   0.59560   19.078   0.57435
 6637.00    0.61481   0.59754   19.078   0.57439
 6638.00    0.61402   0.59711   19.078   0.57501
 6639.00    0.61128   0.59610   19.078   0.57667
 6640.00    0.65326   0.59616   19.078   0.57830
 6641.00    0.65538   0.59583   19.078   0.57783
 6642.00    0.62822   0.59284   19.078   0.57551
 6643.00    0.60701   0.58937   19.078   0.57408
 6644.00    0.60677   0.58940   19.078   0.57475
 6645.00    0.60444   0.59212   19.078   0.57656
 6646.00    0.56527   0.59399   19.078   0.57794
 6647.00    0.57002   0.59435   19.078   0.57746
 6648.00    0.61500   0.59479   19.078   0.57532
 6649.00    0.64571   0.59544   19.078   0.57325
 6650.00    0.63049   0.59523   19.078   0.57252
 6651.00    0.58316   0.59434   19.078   0.57301
 6652.00    0.56297   0.59366   19.078   0.57394
 6653.00    0.58496   0.59349   19.078   0.57440
 6654.00    0.63225   0.59363   19.078   0.57365
 6655.00    0.63907   0.59368   19.078   0.57162
 6656.00    0.62442   0.59353   19.078   0.56911
 6657.00    0.60920   0.59349   19.078   0.56739
 6658.00    0.62275   0.59334   19.078   0.56709
 6659.00    0.63138   0.59235   19.078   0.56784
 6660.00    0.61539   0.59037   19.078   0.56900
 6661.00    0.60135   0.58731   19.078   0.56949
 6662.00    0.59794   0.58346   19.078   0.56868
 6663.00    0.60453   0.58113   19.078   0.56785
 6664.00    0.58879   0.58208   19.078   0.56808
 6665.00    0.57723   0.58434   19.078   0.56816
 6666.00    0.60351   0.58546   19.078   0.56754
 6667.00    0.63896   0.58598   19.078   0.56752
 6668.00    0.65968   0.58754   19.078   0.56837
 6669.00    0.64211   0.59001   19.078   0.56884
 6670.00    0.61781   0.59187   19.078   0.56856
 6671.00    0.59922   0.59236   19.078   0.56844
 6672.00    0.59164   0.59202   19.078   0.56881
 6673.00    0.57288   0.59159   19.078   0.56896
 6674.00    0.57525   0.59068   19.078   0.56830
 6675.00    0.69530   0.58715   19.078   0.56540
 6676.00    0.85275   0.57897   -1.000   0.55867
 6677.00    0.98950   0.56957   -1.000   0.55140
 6678.00    1.04669   0.56668   -1.000   0.54996
 6679.00    1.00713   0.57183   -1.000   0.55545
 6680.00    0.87779   0.57871   -1.000   0.56229
 6681.00    0.71945   0.58278   19.078   0.56571
 6682.00    0.61281   0.58469   19.078   0.56614
 6683.00    0.60536   0.58604   19.078   0.56603
 6684.00    0.63618   0.58707   19.078   0.56612
 6685.00    0.65470   0.58747   19.078   0.56596
 6686.00    0.62560   0.58721   19.078   0.56558
 6687.00    0.61457   0.58675   19.078   0.56525
 6688.00    0.62785   0.58678   19.078   0.56503
 6689.00    0.65305   0.58739   19.078   0.56546
 6690.00    0.66926   0.58798   19.078   0.56688
 6691.00    0.67458   0.58815   19.078   0.56834
 6692.00    0.67608   0.58795   19.078   0.56920
 6693.00    0.67130   0.58723   19.078   0.56948
 6694.00    0.66503   0.58518   19.078   0.56889
 6695.00    0.67100   0.58183   19.078   0.56776
 6696.00    0.66650   0.57935    0.000   0.56653
 6697.00    0.64693   0.57945    0.000   0.56501
 6698.00    0.63452   0.58154    0.000   0.56334
 6699.00    0.63571   0.58424    0.000   0.56244
 6700.00    0.64692   0.58616    0.000   0.56266
 6701.00    0.63853   0.58613    0.000   0.56337
 6702.00    0.61305   0.58409    0.000   0.56339
 6703.00    0.58535   0.58139    0.000   0.56254
 6704.00    0.61477   0.58017    0.000   0.56221
 6705.00    0.65305   0.58108    0.000   0.56230
 6706.00    0.63286   0.58259    0.000   0.56171
 6707.00    0.59840   0.58334    0.000   0.56123
 6708.00    0.57821   0.58320    0.000   0.56164
 6709.00    0.60008   0.58239    0.000   0.56235
 6710.00    0.63066   0.58149    0.000   0.56255
 6711.00    0.64857   0.58090    0.000   0.56185
 6712.00    0.64669   0.57992    0.000   0.56075
 6713.00    1.06883   0.57796    0.000   0.56003
 6714.00    2.00518   0.57525    0.000   0.55959
 6715.00    3.10562   0.57179    0.000   0.55906
 6716.00    3.73284   0.56810    0.000   0.55839
 6717.00    3.51975   0.56672    0.000   0.55811
 6718.00    2.50608   0.56960    0.000   0.55896
 6719.00    1.39131   0.57445    0.000   0.56045
 6720.00    0.76632   0.57736    0.000   0.56121
 6721.00    0.58627   0.57793    0.000   0.56091
 6722.00    0.61920   0.57857    0.000   0.55992
 6723.00    0.59402   0.57971    0.000   0.55878
 6724.00    0.57616   0.57958    0.000   0.55905
 6725.00    0.57717   0.57800    0.000   0.56069
 6726.00    0.59767   0.57689    0.000   0.56141
 6727.00    0.77849   0.57745    0.000   0.56086
 6728.00    1.23855   0.57890    0.000   0.56024
 6729.00    2.12846   0.58014    0.000   0.55921
 6730.00    2.79206   0.58065    0.000   0.55809
 6731.00    2.86557   0.58020    0.000   0.55841
 6732.00    2.20466   0.57908    0.000   0.55971
 6733.00    1.37917   0.57827    0.000   0.56022
 6734.00    0.80281   0.57840    0.000   0.55955
 6735.00    0.55990   0.57885    0.000   0.55890
 6736.00    0.53744   0.57828    0.000   0.55927
 6737.00    0.59436   0.57618    0.000   0.56021
 6738.00    0.60234   0.57383    0.000   0.56075
 6739.00    0.57031   0.57307    0.000   0.56027
 6740.00    0.54943   0.57376    0.000   0.55894
 6741.00    0.54163   0.57389    0.000   0.55768
 6742.00    0.54604   0.57275    0.000   0.55725
 6743.00    0.55969   0.57210    0.000   0.55741
 6744.00    0.57968   0.57284    0.000   0.55787
 6745.00    0.60197   0.57356    0.000   0.55842
 6746.00    0.61793   0.57313    0.000   0.55842
 6747.00    0.61806   0.57183    0.000   0.55781
 6748.00    0.60195   0.57012    0.000   0.55748
 6749.00    0.59136   0.56870    0.000   0.55777
 6750.00    0.59187   0.56855    0.000   0.55828
 6751.00    0.60112   0.56927    0.000   0.55873
 6752.00    0.58524   0.56971    0.000   0.55840
 6753.00    0.55773   0.57033   19.078   0.55672
 6754.00    0.54595   0.57179   19.078   0.55494
 6755.00    0.55817   0.57352   19.078   0.55502
 6756.00    0.57840   0.57512   19.078   0.55691
 6757.00    0.57270   0.57669   19.078   0.55834
 6758.00    0.58955   0.57802   19.078   0.55793
 6759.00    0.62249   0.57868   19.078   0.55661
 6760.00    0.59582   0.57849   19.078   0.55557
 6761.00    0.56049   0.57766   19.078   0.55499
 6762.00    0.54760   0.57696   19.078   0.55483
 6763.00    0.54897   0.57670   19.078   0.55463
 6764.00    0.55784   0.57596   19.078   0.55350
 6765.00    0.57100   0.57362   19.078   0.55152
 6766.00    0.60167   0.57011   19.078   0.54956
 6767.00    0.60194   0.56774   19.078   0.54841
 6768.00    0.51526   0.56800   19.078   0.54849
 6769.00    0.49416   0.56917   19.078   0.54914
 6770.00    0.53592   0.56918   19.078   0.54923
 6771.00    0.54546   0.56898   19.078   0.54949
 6772.00    0.54858   0.57032   19.078   0.55148
 6773.00    0.56214   0.57297   19.078   0.55393
 6774.00    0.59982   0.57550   19.078   0.55431
 6775.00    0.61527   0.57694   19.078   0.55302
 6776.00    0.59269   0.57721   19.078   0.55171
 6777.00    0.60133   0.57708   19.078   0.55036
 6778.00    0.60131   0.57729   19.078   0.54896
 6779.00    0.55364   0.57732   19.078   0.54863
 6780.00    0.53621   0.57614   19.078   0.54963
 6781.00    0.54890   0.57324   19.078   0.55061
 6782.00    0.56432   0.56909   19.078   0.55053
 6783.00    0.56370   0.56516   19.078   0.54987
 6784.00    0.55573   0.56326   19.078   0.54978
 6785.00    0.57454   0.56379   19.078   0.55046
 6786.00    0.57693   0.56585   19.078   0.55139
 6787.00    0.55396   0.56833   19.078   0.55233
 6788.00    0.55497   0.56999   19.078   0.55309
 6789.00    0.55813   0.57041   19.078   0.55340
 6790.00    0.54707   0.57035   19.078   0.55367
 6791.00    0.54572   0.57006   19.078   0.55412
 6792.00    0.55962   0.56884   19.078   0.55392
 6793.00    0.58705   0.56705   19.078   0.55266
 6794.00    0.58896   0.56610   19.078   0.55109
 6795.00    0.57341   0.56634   19.078   0.55001
 6796.00    0.57566   0.56713   19.078   0.54969
 6797.00    0.57174   0.56801   19.078   0.55023
 6798.00    0.56026   0.56868   19.078   0.55133
 6799.00    0.56825   0.56931   19.078   0.55206
 6800.00    0.57575   0.57003   19.078   0.55119
 6801.00    0.56882   0.57043   19.078   0.54884
 6802.00    0.54840   0.56993   19.078   0.54697
 6803.00    0.54307   0.56875   19.078   0.54679
 6804.00    0.57441   0.56793   19.078   0.54752
 6805.00    0.57025   0.56764   19.078   0.54795
 6806.00    0.54746   0.56729   19.078   0.54714
 6807.00    0.56094   0.56709   19.078   0.54531
 6808.00    0.57245   0.56693   19.078   0.54380
 6809.00    0.56974   0.56632   19.078   0.54285
 6810.00    0.55851   0.56603   19.078   0.54182
 6811.00    0.55653   0.56663   19.078   0.54148
 6812.00    0.57403   0.56698   19.078   0.54258
 6813.00    0.61170   0.56598   19.078   0.54417
 6814.00    0.62159   0.56453   19.078   0.54563
 6815.00    0.57237   0.56465   19.078   0.54660
 6816.00    0.57211   0.56649   19.078   0.54651
 6817.00    0.60029   0.56792   19.078   0.54580
 6818.00    0.59030   0.56738   19.078   0.54506
 6819.00    0.56481   0.56569   19.078   0.54450
 6820.00    0.54476   0.56501   19.078   0.54489
 6821.00    0.56291   0.56633   19.078   0.54594
 6822.00    0.60273   0.56840   19.078   0.54583
 6823.00    0.63596   0.56965   19.078   0.54436
 6824.00    0.58583   0.56977   19.078   0.54327
 6825.00    0.53807   0.56893   19.078   0.54329
 6826.00    0.56766   0.56683   19.078   0.54339
 6827.00    0.59279   0.56383   19.078   0.54319
 6828.00    0.60052   0.56202   19.078   0.54313
 6829.00    0.59734   0.56294   19.078   0.54294
 6830.00    0.59844   0.56525   19.078   0.54230
 6831.00    0.60253   0.56648   19.078   0.54133
 6832.00    0.59345   0.56627   19.078   0.54025
 6833.00    0.58491   0.56620   19.078   0.53943
 6834.00    0.58423   0.56681   19.078   0.53917
 6835.00    0.58828   0.56698   19.078   0.53926
 6836.00    0.58413   0.56577   19.078   0.53954
 6837.00    0.56298   0.56329   19.078   0.54022
 6838.00    0.54806   0.55994   19.078   0.54118
 6839.00    0.54684   0.55620   19.078   0.54200
 6840.00    0.56188   0.55281   19.078   0.54212
 6841.00    0.56414   0.55093   19.078   0.54148
 6842.00    0.55185   0.55177   19.078   0.54074
 6843.00    0.54819   0.55515   19.078   0.54060
 6844.00    0.53628   0.55930   19.078   0.54134
 6845.00    0.51661   0.56219   19.078   0.54270
 6846.00    0.54174   0.56328   19.078   0.54421
 6847.00    0.57917   0.56346   19.078   0.54531
 6848.00    0.58745   0.56336   19.078   0.54522
 6849.00    0.56089   0.56305   19.078   0.54378
 6850.00    0.53925   0.56272   19.078   0.54168
 6851.00    0.59280   0.56256   19.078   0.53957
 6852.00    0.62718   0.56194   19.078   0.53804
 6853.00    0.61336   0.55959   19.078   0.53670
 6854.00    0.57947   0.55577   19.078   0.53469
 6855.00    0.54371   0.55314   19.078   0.53284
 6856.00    0.51937   0.55332   19.078   0.53263
 6857.00    0.51909   0.55488   19.078   0.53409
 6858.00    0.53523   0.55601   19.078   0.53631
 6859.00    0.55336   0.55569   19.078   0.53807
 6860.00    0.54444   0.55381   19.078   0.53811
 6861.00    0.52970   0.55257   19.078   0.53705
 6862.00    0.56920   0.55443   19.078   0.53666
 6863.00    0.58086   0.55841   19.078   0.53695
 6864.00    0.54679   0.56101   19.078   0.53739
 6865.00    0.54840   0.56024   19.078   0.53779
 6866.00    0.56817   0.55705   19.078   0.53765
 6867.00    0.58190   0.55389   19.078   0.53719
 6868.00    0.56782   0.55298   19.078   0.53721
 6869.00    0.54718   0.55431   19.078   0.53771
 6870.00    0.55736   0.55540   19.078   0.53818
 6871.00    0.57430   0.55470   19.078   0.53829
 6872.00    0.57659   0.55365   19.078   0.53803
 6873.00    0.53006   0.55379   19.078   0.53740
 6874.00    0.49374   0.55451   19.078   0.53609
 6875.00    0.50093   0.55528   19.078   0.53486
 6876.00    0.53645   0.55666   19.078   0.53493
 6877.00    0.57412   0.55841   19.078   0.53552
 6878.00    0.58667   0.55933   19.078   0.53493
 6879.00    0.56993   0.55857   19.078   0.53297
 6880.00    0.54708   0.55612   19.078   0.53098
 6881.00    0.56557   0.55288   19.078   0.53023
 6882.00    0.58438   0.55085   19.078   0.53074
 6883.00    0.58691   0.55144   19.078   0.53161
 6884.00    0.58228   0.55328   19.078   0.53238
 6885.00    0.56766   0.55412   19.078   0.53287
 6886.00    0.54236   0.55439   19.078   0.53247
 6887.00    0.52209   0.55544   19.078   0.53098
 6888.00    0.52545   0.55684   19.078   0.52922
 6889.00    0.57144   0.55778   19.078   0.52871
 6890.00    0.57411   0.55826   19.078   0.52997
 6891.00    0.53512   0.55831   19.078   0.53158
 6892.00    0.54365   0.55778   19.078   0.53242
 6893.00    0.56124   0.55698   19.078   0.53284
 6894.00    0.56204   0.55620   19.078   0.53333
 6895.00    0.55640   0.55562   19.078   0.53409
 6896.00    0.55322   0.55571   19.078   0.53455
 6897.00    0.56010   0.55645   19.078   0.53388
 6898.00    0.56016   0.55681   19.078   0.53262
 6899.00    0.55931   0.55624   19.078   0.53157
 6900.00    0.58043   0.55590   19.078   0.53051
 6901.00    0.57637   0.55694   19.078   0.52953
 6902.00    0.53705   0.55838   19.078   0.52940
 6903.00    0.52397   0.55868   19.078   0.53016
 6904.00    0.53237   0.55808   19.078   0.53118
 6905.00    0.54888   0.55794   19.078   0.53149
 6906.00    0.55597   0.55885   19.078   0.53014
 6907.00    0.55904   0.55998   19.078   0.52805
 6908.00    0.57457   0.56040   19.078   0.52685
 6909.00    0.57060   0.55990   19.078   0.52620
 6910.00    0.55071   0.55862   19.078   0.52525
 6911.00    0.57653   0.55672   19.078   0.52486
 6912.00    0.59876   0.55419   19.078   0.52549
 6913.00    0.57870   0.55145   19.078   0.52536
 6914.00    0.55802   0.54989   19.078   0.52344
 6915.00    0.55356   0.55010   19.078   0.52129
 6916.00    0.57648   0.55106   19.078   0.52073
 6917.00    0.57037   0.55226   19.078   0.52177
 6918.00    0.53513   0.55393   19.078   0.52310
 6919.00    0.53479   0.55583   19.078   0.52394
 6920.00    0.54419   0.55741   19.078   0.52453
 6921.00    0.54197   0.55790   19.078   0.52446
 6922.00    0.52544   0.55638   19.078   0.52330
 6923.00    0.50501   0.55283   19.078   0.52191
 6924.00    0.49700   0.54904   19.078   0.52141
 6925.00    0.51294   0.54753   19.078   0.52205
 6926.00    0.55070   0.54902   19.078   0.52371
 6927.00    0.59345   0.55191   19.078   0.52587
 6928.00    0.59818   0.55401   19.078   0.52683
 6929.00    0.54992   0.55463   19.078   0.52604
 6930.00    0.51264   0.55412   19.078   0.52519
 6931.00    0.50369   0.55267   19.078   0.52551
 6932.00    0.53058   0.55082   19.078   0.52628
 6933.00    0.55943   0.55009   19.078   0.52661
 6934.00    0.57608   0.55120   19.078   0.52673
 6935.00    0.57147   0.55267   19.078   0.52683
 6936.00    0.57366   0.55307   19.078   0.52628
 6937.00    0.59104   0.55286   19.078   0.52497
 6938.00    0.58088   0.55323   19.078   0.52414
 6939.00    0.55298   0.55432   19.078   0.52435
 6940.00    0.52918   0.55513   19.078   0.52449
 6941.00    0.54000   0.55459   19.078   0.52383
 6942.00    0.57488   0.55222   19.078   0.52260
 6943.00    0.58644   0.54847   19.078   0.52127
 6944.00    0.56456   0.54498   19.078   0.52085
 6945.00    0.51949   0.54428   19.078   0.52181
 6946.00    0.52320   0.54697   19.078   0.52302
 6947.00    0.55626   0.55053   19.078   0.52304
 6948.00    0.58140   0.55245   19.078   0.52191
 6949.00    0.56698   0.55213   19.078   0.52098
 6950.00    0.53124   0.55005   19.078   0.52081
 6951.00    0.53888   0.54769   19.078   0.52093
 6952.00    0.56363   0.54637   19.078   0.52113
 6953.00    0.58338   0.54608   19.078   0.52136
 6954.00    0.57071   0.54672   19.078   0.52176
 6955.00    0.54637   0.54842   19.078   0.52244
 6956.00    0.53966   0.55040   19.078   0.52284
 6957.00    0.55158   0.55147   19.078   0.52259
 6958.00    0.56428   0.55158   19.078   0.52204
 6959.00    0.53452   0.55148   19.078   0.52153
 6960.00    0.51459   0.55169   19.078   0.52137
 6961.00    0.53071   0.55225   19.078   0.52163
 6962.00    0.55649   0.55279   19.078   0.52189
 6963.00    0.57201   0.55290   19.078   0.52186
 6964.00    0.55910   0.55207   19.078   0.52165
 6965.00    0.54453   0.55083   19.078   0.52159
 6966.00    0.54354   0.55080   19.078   0.52125
 6967.00    0.57400   0.55230   19.078   0.51985
 6968.00    0.59852   0.55354   19.078   0.51747
 6969.00    0.59373   0.55298   19.078   0.51510
 6970.00    0.56021   0.55127   19.078   0.51384
 6971.00    0.52761   0.55037   19.078   0.51378
 6972.00    0.53496   0.55099   19.078   0.51407
 6973.00    0.57329   0.55124   19.078   0.51385
 6974.00    0.61021   0.54914   19.078   0.51309
 6975.00    0.56470   0.54499   19.078   0.51246
 6976.00    0.51760   0.53963   19.078   0.51195
 6977.00    0.51996   0.53370   19.078   0.51133
 6978.00    0.53262   0.53000   19.078   0.51154
 6979.00    0.54019   0.53190   19.078   0.51323
 6980.00    0.53072   0.53838   19.078   0.51572
 6981.00    0.52548   0.54503   19.078   0.51772
 6982.00    0.53250   0.54931   19.078   0.51794
 6983.00    0.55254   0.55126   19.078   0.51656
 6984.00    0.55739   0.55162   19.078   0.51515
 6985.00    0.53287   0.55123   19.078   0.51470
 6986.00    0.53036   0.55040   19.078   0.51523
 6987.00    0.54622   0.54893   19.078   0.51629
 6988.00    0.55719   0.54701   19.078   0.51682
 6989.00    0.55808   0.54588   19.078   0.51589
 6990.00    0.55041   0.54662   19.078   0.51492
 6991.00    0.54675   0.54851   19.078   0.51632
 6992.00    0.54954   0.54967   19.078   0.51910
 6993.00    0.55793   0.54931   19.078   0.51996
 6994.00    0.55488   0.54848   19.078   0.51826
 6995.00    0.54695   0.54833   19.078   0.51646
 6996.00    0.55460   0.54845   19.078   0.51642
 6997.00    0.55704   0.54733   19.078   0.51719
 6998.00    0.54828   0.54430   19.078   0.51710
 6999.00    0.54799   0.54109   19.078   0.51620
 7000.00    0.55329   0.54049   19.078   0.51560
