###################################################################
## OUTPUT of StarlightChains_v05.for    [Cid@UFSC - 10/May/2008] ##
###################################################################

## Some input info
spSpec-51910-0275-445.tex                [arq_obs]
Base_MILESM.Sbmm                         [arq_base]
Mask_CRAP.txt                            [arq_masks]
StCv05.CL01.config                       [arq_config]
  150                                    [N_base]
    0                                    [N_YAV_components = # of components with extra extinction!]
    0                                    [i_FitPowerLaw (1/0 = Yes/No)]
-9.99                                    [alpha_PowerLaw]
GD2                                      [red_law_option]
 1.109520                                [q_norm = A(l_norm)/A(V)]

## (Re)Sampling Parameters
 3200.00                                 [l_ini (A)]
 7000.00                                 [l_fin (A)]
    1.00                                 [dl    (A)]     (OBS: dl_cushion =    50.00 A)

## Normalization info
 5100.00                                 [l_norm (A) - for base]
 5075.00                                 [llow_norm (A) - window for f_obs]
 5125.00                                 [lupp_norm (A) - window for f_obs]
2.006330E+01                             [fobs_norm (in input units)]

## S/N
 4730.00                                 [llow_SN (A) - window for S/N]
 4780.00                                 [lupp_SN (A) - window for S/N]
  21.481                                 [S/N in S/N window]
  19.209                                 [S/N in norm. window]
  18.049                                 [S/N_err in S/N window]
  16.140                                 [S/N_err in norm. window]
  1.0000                                 [fscale_chi2]

## etc...
    -2007200                             [idum_orig]
  2462                                   [NOl_eff]
  1567                                   [Nl_eff]
   895    NSIGMA                         [Ntot_cliped & clip_method]
   647010                                [Nglobal_steps]
   7                                     [N_chains]
  15                                     [NEX0s_base = N_base in EX0s-fits]
 0   0   1        0   2.0         NaN    [Clip-Bug, RC-Crash & Burn-In warning-flags, n_censored_weights, wei_nsig_threshold & wei_limit]
   147    146.940    146.908      0.032  [idt_all, wdt_TotTime, wdt_UsrTime & wdt_SysTime (sec)]

## Synthesis Results - Best model ##

 1.15665E+00                             [chi2/Nl_eff]
     6.54750                             [adev (%)]

    97.42545                             [sum-of-x (%)]
 8.24911E+00                             [Flux_tot (units of input spectrum!)]
 3.95302E+05                             [Mini_tot (???)]
 1.95472E+05                             [Mcor_tot (???)]

   0.00                                  [v0_min  (km/s)]
 150.00                                  [vd_min  (km/s)]
-0.8442                                  [AV_min  (mag)]
 0.0000                                  [YAV_min (mag)]

# j     x_j(%)      Mini_j(%)     Mcor_j(%)     age_j(yr)     Z_j      (L/M)_j    YAV?  Mstars   component_j        a/Fe...       SSP_chi2r SSP_adev(%)   SSP_AV   SSP_x(%)
  1     63.5715     4.1144E-01    8.3205E-01    1.000000E+06  0.00010  3.309E-03    0   1.0000   age020_m22            0.0000     2.6102E+00     9.9004   0.4491   106.6424
  2      0.0000     0.0000E+00    0.0000E+00    3.160000E+06  0.00010  2.975E-02    0   1.0000   age045_m22            0.0000     3.6381E+00     9.3810  -1.0000   105.5944
  3      0.0000     0.0000E+00    0.0000E+00    5.010000E+06  0.00010  1.235E-02    0   0.9582   age055_m22            0.0000     2.6749E+00     9.5715  -0.9763   105.6090
  4      0.0000     0.0000E+00    0.0000E+00    6.610000E+06  0.00010  3.998E-03    0   0.9297   age061_m22            0.0000     3.3771E+00    10.7922   0.2889   107.6872
  5      0.0000     0.0000E+00    0.0000E+00    8.710000E+06  0.00010  3.135E-03    0   0.9030   age067_m22            0.0000     3.5177E+00    10.9349   0.2750   107.8407
  6      0.0000     0.0000E+00    0.0000E+00    1.000000E+07  0.00010  2.605E-03    0   0.8902   age070_m22            0.0000     3.5663E+00    10.9859   0.2695   107.8958
  7      0.0000     0.0000E+00    0.0000E+00    1.445000E+07  0.00010  2.077E-03    0   0.8589   age078_m22            0.0000     3.9812E+00    11.2879   0.1821   108.2031
  8      0.0000     0.0000E+00    0.0000E+00    2.512000E+07  0.00010  1.888E-03    0   0.8174   age090_m22            0.0000     5.0137E+00    11.7657   0.0141   108.5882
  9      0.0000     0.0000E+00    0.0000E+00    4.000000E+07  0.00010  1.779E-03    0   0.7830   age104_m22            0.0000     6.2302E+00    11.8325  -0.1138   108.6562
 10      0.0000     0.0000E+00    0.0000E+00    5.500000E+07  0.00010  1.536E-03    0   0.7597   age110_m22            0.0000     6.5121E+00    11.7672  -0.1677   108.7464
 11      0.0000     0.0000E+00    0.0000E+00    1.015200E+08  0.00010  1.285E-03    0   0.7138   age116_m22            0.0000     6.4405E+00    11.4872  -0.3921   108.2795
 12      0.0000     0.0000E+00    0.0000E+00    1.609000E+08  0.00010  7.662E-04    0   0.6775   age120_m22            0.0000     4.9701E+00    10.9559  -0.8018   107.2531
 13      0.0000     0.0000E+00    0.0000E+00    2.861200E+08  0.00010  5.938E-04    0   0.6412   age125_m22            0.0000     6.5565E+00    11.2082  -0.5907   107.7106
 14      0.0000     0.0000E+00    0.0000E+00    5.088000E+08  0.00010  4.180E-04    0   0.6083   age130_m22            0.0000     7.1873E+00    11.0352  -0.6404   107.4856
 15      0.0000     0.0000E+00    0.0000E+00    9.047900E+08  0.00010  2.777E-04    0   0.5785   age135_m22            0.0000     7.3930E+00    10.9875  -0.7360   107.4389
 16      0.0000     0.0000E+00    0.0000E+00    1.278050E+09  0.00010  2.241E-04    0   0.5588   age138_m22            0.0000     6.5012E+00     9.2226  -1.0000   105.4359
 17      0.0000     0.0000E+00    0.0000E+00    1.434000E+09  0.00010  2.115E-04    0   0.5532   age139_m22            0.0000     6.4357E+00     8.2706  -1.0000   104.4111
 18      0.0000     0.0000E+00    0.0000E+00    2.500000E+09  0.00010  1.286E-04    0   0.5296   age150_m22            0.0000     6.6461E+00     7.4247  -1.0000   103.0965
 19      0.0000     0.0000E+00    0.0000E+00    4.250000E+09  0.00010  8.750E-05    0   0.5110   age158_m22            0.0000     6.8074E+00     6.3866  -1.0000   101.2826
 20      0.0000     0.0000E+00    0.0000E+00    6.250000E+09  0.00010  6.273E-05    0   0.4985   age166_m22            0.0000     6.5853E+00     5.9934  -1.0000   100.4453
 21      0.0000     0.0000E+00    0.0000E+00    7.500000E+09  0.00010  5.408E-05    0   0.4931   age171_m22            0.0000     6.4603E+00     5.9480  -1.0000   100.3692
 22      0.0000     0.0000E+00    0.0000E+00    1.000000E+10  0.00010  4.206E-05    0   0.4854   age181_m22            0.0000     6.7969E+00     5.6447  -1.0000    99.4012
 23      0.0000     0.0000E+00    0.0000E+00    1.300000E+10  0.00010  3.360E-05    0   0.4791   age193_m22            0.0000     7.1128E+00     5.4705  -1.0000    98.4172
 24      0.0000     0.0000E+00    0.0000E+00    1.500000E+10  0.00010  2.963E-05    0   0.4766   age201_m22            0.0000     7.1848E+00     5.4058  -1.0000    98.0042
 25      0.0000     0.0000E+00    0.0000E+00    1.800000E+10  0.00010  2.519E-05    0   0.4735   age213_m22            0.0000     7.3643E+00     5.3437  -1.0000    97.1779
 26      0.0000     0.0000E+00    0.0000E+00    1.000000E+06  0.00040  3.404E-03    0   1.0000   age020_m32            0.0000     2.8022E+00    10.1413   0.4299   106.9627
 27      0.0000     0.0000E+00    0.0000E+00    3.160000E+06  0.00040  1.821E-02    0   1.0000   age045_m32            0.0000     4.2054E+00    11.1667  -0.0997   108.0772
 28      0.0000     0.0000E+00    0.0000E+00    5.010000E+06  0.00040  8.745E-03    0   0.9532   age055_m32            0.0000     3.5086E+00    10.6377  -0.0248   107.5173
 29      0.0000     0.0000E+00    0.0000E+00    6.610000E+06  0.00040  5.100E-03    0   0.9243   age061_m32            0.0000     3.6435E+00    11.0170   0.2201   107.9197
 30      0.0000     0.0000E+00    0.0000E+00    8.710000E+06  0.00040  4.029E-03    0   0.9001   age067_m32            0.0000     3.7782E+00    11.1293   0.2033   108.0355
 31      0.0000     0.0000E+00    0.0000E+00    1.000000E+07  0.00040  3.475E-03    0   0.8877   age070_m32            0.0000     3.8590E+00    11.1945   0.1817   108.0819
 32      0.0000     0.0000E+00    0.0000E+00    1.445000E+07  0.00040  3.392E-03    0   0.8579   age078_m32            0.0000     4.3470E+00    11.1905  -0.1385   108.0261
 33      0.0000     0.0000E+00    0.0000E+00    2.512000E+07  0.00040  2.366E-03    0   0.8166   age090_m32            0.0000     4.5804E+00    11.1720  -0.2909   107.9658
 34      0.0000     0.0000E+00    0.0000E+00    4.000000E+07  0.00040  1.930E-03    0   0.7827   age104_m32            0.0000     5.1705E+00    11.3467  -0.3735   108.0356
 35      0.0000     0.0000E+00    0.0000E+00    5.500000E+07  0.00040  1.572E-03    0   0.7593   age110_m32            0.0000     5.5044E+00    11.4247  -0.3953   107.9889
 36      0.0000     0.0000E+00    0.0000E+00    1.015200E+08  0.00040  1.180E-03    0   0.7143   age116_m32            0.0000     6.0338E+00    11.4190  -0.4659   108.0153
 37      0.0000     0.0000E+00    0.0000E+00    1.609000E+08  0.00040  9.498E-04    0   0.6856   age120_m32            0.0000     6.1561E+00    11.1354  -0.6404   107.6432
 38      0.0000     0.0000E+00    0.0000E+00    2.861200E+08  0.00040  6.798E-04    0   0.6509   age125_m32            0.0000     6.6267E+00    11.0485  -0.7114   107.5521
 39      0.0000     0.0000E+00    0.0000E+00    5.088000E+08  0.00040  4.530E-04    0   0.6182   age130_m32            0.0000     7.0402E+00    11.0429  -0.7643   107.4627
 40      0.0000     0.0000E+00    0.0000E+00    9.047900E+08  0.00040  2.875E-04    0   0.5890   age135_m32            0.0000     6.4562E+00    10.3289  -1.0000   106.5641
 41      0.0000     0.0000E+00    0.0000E+00    1.278050E+09  0.00040  2.253E-04    0   0.5687   age138_m32            0.0000     6.6601E+00     7.6512  -1.0000   103.2522
 42      0.0000     0.0000E+00    0.0000E+00    1.434000E+09  0.00040  2.042E-04    0   0.5632   age139_m32            0.0000     6.7849E+00     7.1614  -1.0000   102.6131
 43      0.0000     0.0000E+00    0.0000E+00    2.500000E+09  0.00040  1.327E-04    0   0.5386   age150_m32            0.0000     6.9983E+00     6.1191  -1.0000   100.7445
 44      0.0000     0.0000E+00    0.0000E+00    4.250000E+09  0.00040  8.625E-05    0   0.5199   age158_m32            0.0000     6.8111E+00     5.7779  -1.0000    99.7397
 45      0.0000     0.0000E+00    0.0000E+00    6.250000E+09  0.00040  6.370E-05    0   0.5076   age166_m32            0.0000     7.0621E+00     5.4024  -1.0000    98.0773
 46      0.0000     0.0000E+00    0.0000E+00    7.500000E+09  0.00040  5.430E-05    0   0.5027   age171_m32            0.0000     7.2758E+00     5.3463  -1.0000    97.3132
 47      0.0000     0.0000E+00    0.0000E+00    1.000000E+10  0.00040  4.211E-05    0   0.4948   age181_m32            0.0000     7.5291E+00     5.3975  -1.0000    96.3007
 48      0.0000     0.0000E+00    0.0000E+00    1.300000E+10  0.00040  3.431E-05    0   0.4870   age193_m32            0.0000     7.6925E+00     5.3755  -1.0000    96.2571
 49      0.0000     0.0000E+00    0.0000E+00    1.500000E+10  0.00040  3.025E-05    0   0.4854   age201_m32            0.0000     7.7337E+00     5.3425  -1.0000    96.3770
 50      0.0000     0.0000E+00    0.0000E+00    1.800000E+10  0.00040  2.570E-05    0   0.4819   age213_m32            0.0000     7.7942E+00     5.3604  -1.0000    96.1321
 51      0.0000     0.0000E+00    0.0000E+00    1.000000E+06  0.00400  4.678E-03    0   1.0000   age020_m42            0.0000     3.0519E+00    10.4397   0.3967   107.3314
 52      0.0000     0.0000E+00    0.0000E+00    3.160000E+06  0.00400  2.025E-02    0   0.9999   age045_m42            0.0000     4.4799E+00    11.2550  -0.2691   107.8282
 53      0.0000     0.0000E+00    0.0000E+00    5.010000E+06  0.00400  1.180E-02    0   0.9488   age055_m42            0.0000     4.0408E+00    11.1724  -0.0091   107.4886
 54      0.0000     0.0000E+00    0.0000E+00    6.610000E+06  0.00400  1.344E-02    0   0.9220   age061_m42            0.0000     4.8921E+00    11.3541  -0.3520   107.5374
 55      0.0000     0.0000E+00    0.0000E+00    8.710000E+06  0.00400  9.382E-03    0   0.8983   age067_m42            0.0000     4.3066E+00    10.7287  -0.5563   106.2209
 56      0.0000     0.0000E+00    0.0000E+00    1.000000E+07  0.00400  7.025E-03    0   0.8862   age070_m42            0.0000     3.9284E+00    10.3526  -0.6181   105.3737
 57      0.0000     0.0000E+00    0.0000E+00    1.445000E+07  0.00400  3.902E-03    0   0.8571   age078_m42            0.0000     3.6543E+00    10.3256  -0.3360   106.1694
 58      0.0000     0.0000E+00    0.0000E+00    2.512000E+07  0.00400  2.877E-03    0   0.8174   age090_m42            0.0000     3.8930E+00    10.2263  -0.7386   105.1165
 59      0.0000     0.0000E+00    0.0000E+00    4.000000E+07  0.00400  2.145E-03    0   0.7851   age104_m42            0.0000     4.2189E+00    10.4536  -0.9255   105.3581
 60      0.0000     0.0000E+00    0.0000E+00    5.500000E+07  0.00400  1.756E-03    0   0.7629   age110_m42            0.0000     5.0204E+00    10.8650  -0.7831   106.2156
 61      0.0000     0.0000E+00    0.0000E+00    1.015200E+08  0.00400  1.258E-03    0   0.7207   age116_m42            0.0000     5.8076E+00    11.0565  -0.7470   106.1501
 62      0.0000     0.0000E+00    0.0000E+00    1.609000E+08  0.00400  9.943E-04    0   0.6930   age120_m42            0.0000     6.1369E+00    10.9732  -0.8007   106.3610
 63      0.0000     0.0000E+00    0.0000E+00    2.861200E+08  0.00400  6.945E-04    0   0.6613   age125_m42            0.0000     6.4140E+00     9.9685  -1.0000   104.5847
 64      0.0000     0.0000E+00    0.0000E+00    5.088000E+08  0.00400  4.222E-04    0   0.6313   age130_m42            0.0000     7.2200E+00    10.3201  -1.0000   104.6916
 65      0.0000     0.0000E+00    0.0000E+00    9.047900E+08  0.00400  2.723E-04    0   0.6024   age135_m42            0.0000     7.5567E+00     7.3759  -1.0000   101.2543
 66      0.0000     0.0000E+00    0.0000E+00    1.278050E+09  0.00400  2.636E-04    0   0.5837   age138_m42            0.0000     9.3616E+00     5.3410  -1.0000    91.9557
 67      0.0000     0.0000E+00    0.0000E+00    1.434000E+09  0.00400  1.749E-04    0   0.5716   age139_m42            0.0000     8.5234E+00     5.3059  -1.0000    94.7778
 68      0.0000     0.0000E+00    0.0000E+00    2.500000E+09  0.00400  1.033E-04    0   0.5463   age150_m42            0.0000     8.9157E+00     5.5096  -1.0000    92.4141
 69      0.0000     0.0000E+00    0.0000E+00    4.250000E+09  0.00400  6.148E-05    0   0.5269   age158_m42            0.0000     9.8132E+00     6.4640  -1.0000    89.2797
 70      0.0000     0.0000E+00    0.0000E+00    6.250000E+09  0.00400  4.563E-05    0   0.5151   age166_m42            0.0000     1.0276E+01     7.1229  -1.0000    87.9203
 71      0.0000     0.0000E+00    0.0000E+00    7.500000E+09  0.00400  3.962E-05    0   0.5110   age171_m42            0.0000     1.0577E+01     7.4946  -1.0000    87.1510
 72      0.0000     0.0000E+00    0.0000E+00    1.000000E+10  0.00400  3.059E-05    0   0.5028   age181_m42            0.0000     1.0912E+01     7.9134  -1.0000    86.2857
 73      0.0000     0.0000E+00    0.0000E+00    1.300000E+10  0.00400  2.409E-05    0   0.4927   age193_m42            0.0000     1.1285E+01     8.3528  -1.0000    85.3275
 74      0.0000     0.0000E+00    0.0000E+00    1.500000E+10  0.00400  2.150E-05    0   0.4919   age201_m42            0.0000     1.1335E+01     8.4599  -1.0000    85.1948
 75      0.0000     0.0000E+00    0.0000E+00    1.800000E+10  0.00400  1.835E-05    0   0.4874   age213_m42            0.0000     1.1335E+01     8.5465  -1.0000    85.1583
 76      0.0000     0.0000E+00    0.0000E+00    1.000000E+06  0.00800  5.288E-03    0   1.0000   age020_m52            0.0000     3.0676E+00    10.4732   0.3913   107.3140
 77      0.0000     0.0000E+00    0.0000E+00    3.160000E+06  0.00800  1.335E-02    0   0.9966   age045_m52            0.0000     3.3546E+00    10.7792   0.3023   107.6199
 78      0.0000     0.0000E+00    0.0000E+00    5.010000E+06  0.00800  1.216E-02    0   0.9443   age055_m52            0.0000     3.8878E+00    11.0639   0.0580   107.3986
 79      0.0000     0.0000E+00    0.0000E+00    6.610000E+06  0.00800  1.316E-02    0   0.9177   age061_m52            0.0000     3.5006E+00    10.2779  -0.9813   103.7902
 80      0.0000     0.0000E+00    0.0000E+00    8.710000E+06  0.00800  8.810E-03    0   0.8948   age067_m52            0.0000     3.5488E+00    10.0030  -0.7053   104.3452
 81      0.0000     0.0000E+00    0.0000E+00    1.000000E+07  0.00800  6.049E-03    0   0.8827   age070_m52            0.0000     3.4047E+00     9.8506  -0.4703   104.8491
 82      0.0000     0.0000E+00    0.0000E+00    1.445000E+07  0.00800  4.275E-03    0   0.8552   age078_m52            0.0000     3.7307E+00    10.2610  -0.3719   105.6236
 83      0.0000     0.0000E+00    0.0000E+00    2.512000E+07  0.00800  2.934E-03    0   0.8162   age090_m52            0.0000     3.9302E+00    10.0897  -0.6926   104.2348
 84      0.0000     0.0000E+00    0.0000E+00    4.000000E+07  0.00800  2.104E-03    0   0.7841   age104_m52            0.0000     4.4595E+00    10.3370  -0.7589   104.7672
 85      0.0000     0.0000E+00    0.0000E+00    5.500000E+07  0.00800  1.679E-03    0   0.7627   age110_m52            0.0000     4.8787E+00    10.5242  -0.7278   105.2541
 86      0.0000     0.0000E+00    0.0000E+00    1.015200E+08  0.00800  1.200E-03    0   0.7226   age116_m52            0.0000     5.5228E+00    10.7664  -0.7866   105.2171
 87      0.0000     0.0000E+00    0.0000E+00    1.609000E+08  0.00800  9.146E-04    0   0.6963   age120_m52            0.0000     5.9952E+00    10.8324  -0.9182   104.6895
 88      0.0000     0.0000E+00    0.0000E+00    2.861200E+08  0.00800  6.159E-04    0   0.6665   age125_m52            0.0000     7.1865E+00    10.1753  -1.0000   103.3664
 89      0.0000     0.0000E+00    0.0000E+00    5.088000E+08  0.00800  3.792E-04    0   0.6377   age130_m52            0.0000     7.8547E+00     9.1257  -1.0000   101.3625
 90      0.0000     0.0000E+00    0.0000E+00    9.047900E+08  0.00800  2.387E-04    0   0.6086   age135_m52            0.0000     8.3593E+00     6.2545  -1.0000    96.8937
 91      0.0000     0.0000E+00    0.0000E+00    1.278050E+09  0.00800  2.192E-04    0   0.5907   age138_m52            0.0000     1.0281E+01     6.1690  -1.0000    87.9749
 92      0.0000     0.0000E+00    0.0000E+00    1.434000E+09  0.00800  1.542E-04    0   0.5787   age139_m52            0.0000     9.3799E+00     5.5272  -1.0000    90.0898
 93      0.0000     0.0000E+00    0.0000E+00    2.500000E+09  0.00800  8.374E-05    0   0.5519   age150_m52            0.0000     1.0747E+01     7.1735  -1.0000    86.0487
 94      0.0000     0.0000E+00    0.0000E+00    4.250000E+09  0.00800  4.743E-05    0   0.5320   age158_m52            0.0000     1.0756E+01     7.4284  -1.0000    85.5999
 95      0.0000     0.0000E+00    0.0000E+00    6.250000E+09  0.00800  3.717E-05    0   0.5197   age166_m52            0.0000     1.1762E+01     8.4641  -1.0000    83.3459
 96      0.0000     0.0000E+00    0.0000E+00    7.500000E+09  0.00800  3.097E-05    0   0.5139   age171_m52            0.0000     1.1972E+01     8.7254  -1.0000    82.8894
 97      0.0000     0.0000E+00    0.0000E+00    1.000000E+10  0.00800  2.429E-05    0   0.5054   age181_m52            0.0000     1.2984E+01     9.9312  -1.0000    80.6808
 98      0.0000     0.0000E+00    0.0000E+00    1.300000E+10  0.00800  1.885E-05    0   0.4988   age193_m52            0.0000     1.4405E+01    11.4493  -1.0000    77.8728
 99      0.0000     0.0000E+00    0.0000E+00    1.500000E+10  0.00800  1.640E-05    0   0.4936   age201_m52            0.0000     1.4784E+01    11.7043  -1.0000    77.2458
100      0.0000     0.0000E+00    0.0000E+00    1.800000E+10  0.00800  1.430E-05    0   0.4888   age213_m52            0.0000     1.4963E+01    11.7162  -1.0000    76.9518
101      0.0000     0.0000E+00    0.0000E+00    1.000000E+06  0.02000  6.587E-03    0   1.0000   age020_m62            0.0000     3.0920E+00    10.5162   0.3855   107.3280
102      0.0000     0.0000E+00    0.0000E+00    3.160000E+06  0.02000  1.625E-02    0   0.9858   age045_m62            0.0000     3.3551E+00    10.8189   0.3149   107.5936
103      0.0000     0.0000E+00    0.0000E+00    5.010000E+06  0.02000  1.528E-02    0   0.9342   age055_m62            0.0000     4.6170E+00    11.4152  -0.0536   107.2134
104      0.0000     0.0000E+00    0.0000E+00    6.610000E+06  0.02000  1.199E-02    0   0.9090   age061_m62            0.0000     3.6409E+00    10.2846  -0.3532   105.1395
105      0.0000     0.0000E+00    0.0000E+00    8.710000E+06  0.02000  6.182E-03    0   0.8861   age067_m62            0.0000     1.7082E+00     7.2930  -0.9133    99.0259
106      0.0000     0.0000E+00    0.0000E+00    1.000000E+07  0.02000  5.635E-03    0   0.8751   age070_m62            0.0000     2.1276E+00     8.0657  -0.8470   101.0271
107      0.0000     0.0000E+00    0.0000E+00    1.445000E+07  0.02000  4.096E-03    0   0.8472   age078_m62            0.0000     2.8801E+00     9.1255  -0.7552   103.1475
108      0.0000     0.0000E+00    0.0000E+00    2.512000E+07  0.02000  2.418E-03    0   0.8099   age090_m62            0.0000     3.1026E+00     9.2423  -0.7911   103.0438
109      0.0000     0.0000E+00    0.0000E+00    4.000000E+07  0.02000  1.849E-03    0   0.7799   age104_m62            0.0000     4.0223E+00    10.0635  -0.7953   103.5816
110      0.0000     0.0000E+00    0.0000E+00    5.500000E+07  0.02000  1.484E-03    0   0.7595   age110_m62            0.0000     4.5880E+00    10.4449  -0.7767   103.9708
111      0.0000     0.0000E+00    0.0000E+00    1.015200E+08  0.02000  1.011E-03    0   0.7221   age116_m62            0.0000     5.6755E+00    10.7175  -0.8145   103.6597
112      0.0000     0.0000E+00    0.0000E+00    1.609000E+08  0.02000  7.665E-04    0   0.6978   age120_m62            0.0000     6.6195E+00    10.6500  -0.8343   103.5915
113      0.0000     0.0000E+00    0.0000E+00    2.861200E+08  0.02000  5.328E-04    0   0.6700   age125_m62            0.0000     7.6913E+00    10.2766  -0.9639   102.4862
114      0.0000     0.0000E+00    0.0000E+00    5.088000E+08  0.02000  3.313E-04    0   0.6430   age130_m62            0.0000     8.2823E+00     8.7743  -1.0000   100.2601
115      0.0000     0.0000E+00    0.0000E+00    9.047900E+08  0.02000  1.921E-04    0   0.6152   age135_m62            0.0000     8.5366E+00     6.0156  -1.0000    93.9890
116      0.0000     0.0000E+00    0.0000E+00    1.278050E+09  0.02000  1.362E-04    0   0.5927   age138_m62            0.0000     9.4859E+00     5.6102  -1.0000    89.3316
117      0.0000     0.0000E+00    0.0000E+00    1.434000E+09  0.02000  1.164E-04    0   0.5865   age139_m62            0.0000     9.5654E+00     5.7289  -1.0000    88.3298
118      0.0000     0.0000E+00    0.0000E+00    2.500000E+09  0.02000  6.434E-05    0   0.5610   age150_m62            0.0000     1.1012E+01     7.2425  -1.0000    84.9311
119      0.0000     0.0000E+00    0.0000E+00    4.250000E+09  0.02000  3.925E-05    0   0.5407   age158_m62            0.0000     1.2535E+01     8.7918  -1.0000    81.3265
120      0.0000     0.0000E+00    0.0000E+00    6.250000E+09  0.02000  2.780E-05    0   0.5277   age166_m62            0.0000     1.3362E+01     9.7200  -1.0000    79.5602
121      0.0000     0.0000E+00    0.0000E+00    7.500000E+09  0.02000  2.396E-05    0   0.5223   age171_m62            0.0000     1.3765E+01    10.1504  -1.0000    78.7326
122      0.0000     0.0000E+00    0.0000E+00    1.000000E+10  0.02000  1.841E-05    0   0.5121   age181_m62            0.0000     1.4465E+01    10.7290  -1.0000    77.3986
123      0.0000     0.0000E+00    0.0000E+00    1.300000E+10  0.02000  1.415E-05    0   0.5047   age193_m62            0.0000     1.4858E+01    11.0453  -1.0000    76.9566
124      0.0000     0.0000E+00    0.0000E+00    1.500000E+10  0.02000  1.246E-05    0   0.4999   age201_m62            0.0000     1.5219E+01    11.3440  -1.0000    76.3521
125      0.0000     0.0000E+00    0.0000E+00    1.800000E+10  0.02000  1.049E-05    0   0.4946   age213_m62            0.0000     1.5639E+01    11.6982  -1.0000    75.5560
126      0.0000     0.0000E+00    0.0000E+00    1.000000E+06  0.05000  1.108E-02    0   0.9998   age020_m72            0.0000     3.0360E+00    10.4838   0.3799   107.2493
127      0.0000     0.0000E+00    0.0000E+00    3.160000E+06  0.05000  2.135E-02    0   0.9577   age045_m72            0.0000     4.0050E+00    11.2903   0.1823   107.5075
128      0.0000     0.0000E+00    0.0000E+00    5.010000E+06  0.05000  1.460E-02    0   0.9147   age055_m72            0.0000     3.1960E+00     9.8078  -0.2376   105.6072
129      0.0000     0.0000E+00    0.0000E+00    6.610000E+06  0.05000  7.658E-03    0   0.8877   age061_m72            0.0000     1.5100E+00     6.8734  -0.8493   100.7368
130      0.0000     0.0000E+00    0.0000E+00    8.710000E+06  0.05000  5.089E-03    0   0.8638   age067_m72            0.0000     2.3420E+00     8.3304  -0.4092   104.8935
131      0.0000     0.0000E+00    0.0000E+00    1.000000E+07  0.05000  4.159E-03    0   0.8524   age070_m72            0.0000     3.2985E+00     9.8867  -0.0723   107.8797
132      0.0000     0.0000E+00    0.0000E+00    1.445000E+07  0.05000  3.024E-03    0   0.8262   age078_m72            0.0000     3.8304E+00    10.4320  -0.0938   107.8712
133      0.0000     0.0000E+00    0.0000E+00    2.512000E+07  0.05000  2.058E-03    0   0.7902   age090_m72            0.0000     4.0151E+00    10.1737  -0.3792   106.1436
134      0.0000     0.0000E+00    0.0000E+00    4.000000E+07  0.05000  1.560E-03    0   0.7618   age104_m72            0.0000     4.3428E+00    10.1945  -0.5884   104.9855
135      0.0000     0.0000E+00    0.0000E+00    5.500000E+07  0.05000  1.287E-03    0   0.7432   age110_m72            0.0000     4.8853E+00    10.4234  -0.6514   104.1196
136      0.0000     0.0000E+00    0.0000E+00    1.015200E+08  0.05000  9.043E-04    0   0.7092   age116_m72            0.0000     6.1122E+00    10.4539  -0.7597   103.4619
137      0.0000     0.0000E+00    0.0000E+00    1.609000E+08  0.05000  6.804E-04    0   0.6876   age120_m72            0.0000     7.1989E+00    10.4038  -0.7854   103.0652
138      0.0000     0.0000E+00    0.0000E+00    2.861200E+08  0.05000  4.498E-04    0   0.6618   age125_m72            0.0000     8.0014E+00     9.8400  -1.0000   101.0689
139      0.0000     0.0000E+00    0.0000E+00    5.088000E+08  0.05000  2.663E-04    0   0.6356   age130_m72            0.0000     8.3034E+00     7.2770  -1.0000    95.2167
140      0.0000     0.0000E+00    0.0000E+00    9.047900E+08  0.05000  1.497E-04    0   0.6088   age135_m72            0.0000     9.5949E+00     5.8022  -1.0000    88.3286
141      0.0000     0.0000E+00    0.0000E+00    1.278050E+09  0.05000  1.103E-04    0   0.5924   age138_m72            0.0000     1.1052E+01     7.0382  -1.0000    83.2204
142      0.0000     0.0000E+00    0.0000E+00    1.434000E+09  0.05000  9.172E-05    0   0.5847   age139_m72            0.0000     1.1186E+01     7.3687  -1.0000    82.9385
143      0.0000     0.0000E+00    0.0000E+00    2.500000E+09  0.05000  4.988E-05    0   0.5583   age150_m72            0.0000     1.2599E+01     8.7291  -1.0000    80.2751
144      0.0000     0.0000E+00    0.0000E+00    4.250000E+09  0.05000  2.817E-05    0   0.5374   age158_m72            0.0000     1.3944E+01    10.3077  -1.0000    77.7493
145      0.0000     0.0000E+00    0.0000E+00    6.250000E+09  0.05000  2.002E-05    0   0.5242   age166_m72            0.0000     1.5031E+01    11.3160  -1.0000    75.6073
146      0.0000     0.0000E+00    0.0000E+00    7.500000E+09  0.05000  1.682E-05    0   0.5183   age171_m72            0.0000     1.5250E+01    11.6308  -1.0000    75.2408
147      0.0000     0.0000E+00    0.0000E+00    1.000000E+10  0.05000  1.281E-05    0   0.5081   age181_m72            0.0000     1.5779E+01    12.0009  -1.0000    74.4767
148      0.0000     0.0000E+00    0.0000E+00    1.300000E+10  0.05000  9.935E-06    0   0.5018   age193_m72            0.0000     1.6619E+01    12.6600  -1.0000    73.0001
149      0.0000     0.0000E+00    0.0000E+00    1.500000E+10  0.05000  8.553E-06    0   0.4972   age201_m72            0.0000     1.7004E+01    12.9533  -1.0000    72.2055
150     33.8539     9.9589E+01    9.9168E+01    1.800000E+10  0.05000  7.281E-06    0   0.4924   age213_m72            0.0000     1.7507E+01    13.4158  -1.0000    70.9738


## Synthesis Results - Average & Chains ##

# j      x_j: min, <> & last-chain-values for 1 ...  7 chains
  1     63.5715     54.5059     55.0242     55.8279     57.0923     55.8822     55.6426     55.3138     56.7170
  2      0.0000      0.0071      0.0000      0.0000      0.0000      0.0000      0.0000      0.0000      0.0000
  3      0.0000      0.0178      0.0000      0.1175      0.0000      0.0000      0.0254      0.0000      0.0000
  4      0.0000      0.0396      0.1893      0.0000      0.2064      0.0000      0.0000      0.0000      0.0000
  5      0.0000      0.0295      0.0000      0.0000      0.0000      0.0000      0.0007      0.0000      0.0000
  6      0.0000      0.0918      0.0000      0.0000      0.0000      0.0000      0.0000      0.1439      0.0000
  7      0.0000      0.0108      0.0000      0.0023      0.0000      0.0000      0.0000      0.0000      0.0000
  8      0.0000      0.0038      0.0000      0.0000      0.0000      0.0000      0.0000      0.0000      0.0000
  9      0.0000      0.0044      0.0000      0.0000      0.0000      0.0000      0.0000      0.0000      0.0000
 10      0.0000      0.0029      0.0000      0.0000      0.0000      0.0000      0.0000      0.0000      0.0000
 11      0.0000      0.0033      0.0000      0.0000      0.0000      0.0000      0.0000      0.0000      0.0000
 12      0.0000      0.0062      0.0000      0.0000      0.0000      0.0000      0.0000      0.0000      0.0000
 13      0.0000      0.0058      0.0000      0.0000      0.0000      0.0000      0.0000      0.0000      0.0000
 14      0.0000      0.0032      0.0000      0.0000      0.0000      0.0000      0.0000      0.0000      0.0000
 15      0.0000      0.0039      0.0000      0.0000      0.0000      0.0000      0.0000      0.0000      0.0000
 16      0.0000      0.0131      0.0000      0.0000      0.0000      0.0000      0.0000      0.0000      0.0296
 17      0.0000      0.0073      0.0000      0.0000      0.0000      0.0000      0.0000      0.0414      0.0000
 18      0.0000      0.0048      0.0000      0.0000      0.0000      0.0000      0.0000      0.0043      0.0169
 19      0.0000      0.0073      0.0000      0.0788      0.0000      0.0000      0.0000      0.0000      0.0630
 20      0.0000      0.0084      0.0000      0.0000      0.0000      0.0000      0.0000      0.0000      0.0000
 21      0.0000      0.0112      0.0000      0.0000      0.0744      0.0000      0.0000      0.0000      0.0153
 22      0.0000      0.0082      0.0000      0.0000      0.1889      0.0000      0.0000      0.0000      0.0277
 23      0.0000      0.0081      0.0000      0.0000      0.0000      0.0000      0.0276      0.0000      0.0000
 24      0.0000      0.0150      0.0000      0.0000      0.0000      0.0000      0.0000      0.0000      0.0000
 25      0.0000      0.0179      0.0000      0.0504      0.0000      0.0000      0.0006      0.0176      0.0014
 26      0.0000      0.1141      0.1345      0.1008      0.0455      0.2907      0.0484      0.0000      0.0000
 27      0.0000      0.0098      0.0000      0.0000      0.0000      0.0000      0.0000      0.0000      0.0000
 28      0.0000      0.0233      0.0000      0.0224      0.0000      0.0000      0.0000      0.0881      0.0000
 29      0.0000      0.0151      0.0000      0.0000      0.0000      0.0000      0.0000      0.0000      0.0000
 30      0.0000      0.0150      0.0203      0.0000      0.0000      0.0000      0.0000      0.0000      0.0527
 31      0.0000      0.0171      0.0000      0.0000      0.0000      0.0000      0.0000      0.0000      0.0000
 32      0.0000      0.0034      0.0000      0.0000      0.0000      0.0000      0.0000      0.0000      0.0000
 33      0.0000      0.0076      0.0000      0.0000      0.0000      0.0000      0.0000      0.0000      0.0000
 34      0.0000      0.0045      0.0000      0.0000      0.0000      0.0000      0.0000      0.0000      0.0000
 35      0.0000      0.0095      0.0000      0.0000      0.0000      0.0000      0.0000      0.0106      0.0000
 36      0.0000      0.0034      0.0000      0.0000      0.0000      0.0000      0.0000      0.0000      0.0000
 37      0.0000      0.0029      0.0000      0.0000      0.0000      0.0000      0.0000      0.0000      0.0000
 38      0.0000      0.0056      0.0000      0.0000      0.0000      0.0299      0.0000      0.0000      0.0000
 39      0.0000      0.0020      0.0000      0.0000      0.0000      0.0000      0.0000      0.0000      0.0000
 40      0.0000      0.0021      0.0000      0.0000      0.0000      0.0000      0.0000      0.0000      0.0000
 41      0.0000      0.0040      0.0000      0.0000      0.0000      0.0710      0.0000      0.0148      0.0000
 42      0.0000      0.0045      0.0000      0.0000      0.0000      0.0000      0.0000      0.0000      0.0000
 43      0.0000      0.0057      0.1142      0.0000      0.0000      0.0000      0.0000      0.0000      0.0000
 44      0.0000      0.0034      0.0000      0.0000      0.0000      0.0000      0.0000      0.0000      0.0000
 45      0.0000      0.0113      0.0000      0.0000      0.0000      0.0000      0.1619      0.0000      0.0000
 46      0.0000      0.0098      0.0456      0.0000      0.0000      0.0000      0.0703      0.0000      0.0000
 47      0.0000      0.0127      0.0000      0.0000      0.0000      0.0000      0.0000      0.0000      0.0000
 48      0.0000      0.0226      0.0000      0.0000      0.0000      0.0000      0.0000      0.0000      0.0000
 49      0.0000      0.0152      0.0000      0.2281      0.0074      0.0000      0.0207      0.0208      0.0285
 50      0.0000      0.0156      0.0000      0.0000      0.0000      0.0000      0.0000      0.0000      0.0000
 51      0.0000      0.1176      0.0000      0.0466      0.0537      0.0482      0.0000      0.0000      0.0000
 52      0.0000      0.0098      0.0000      0.0000      0.0000      0.0000      0.0273      0.0000      0.0000
 53      0.0000      0.0146      0.0000      0.0000      0.0000      0.0281      0.0000      0.0000      0.0000
 54      0.0000      0.0034      0.0000      0.0000      0.0000      0.0000      0.0000      0.0000      0.0000
 55      0.0000      0.0078      0.0000      0.0000      0.0000      0.0000      0.0000      0.0000      0.0000
 56      0.0000      0.0068      0.0000      0.0000      0.0000      0.0000      0.0000      0.0000      0.0000
 57      0.0000      0.0105      0.0000      0.0000      0.0000      0.0000      0.0000      0.0000      0.0000
 58      0.0000      0.0037      0.0000      0.0028      0.0000      0.0584      0.0000      0.0000      0.0000
 59      0.0000      0.0089      0.0000      0.0000      0.0000      0.0000      0.0000      0.0000      0.0000
 60      0.0000      0.0083      0.0000      0.0157      0.0029      0.0000      0.0000      0.0000      0.0000
 61      0.0000      0.0088      0.0000      0.0000      0.0000      0.0000      0.0000      0.0000      0.0000
 62      0.0000      0.0021      0.0000      0.0000      0.0000      0.0000      0.0000      0.0000      0.0000
 63      0.0000      0.0017      0.0000      0.0000      0.0000      0.0352      0.0000      0.0000      0.0000
 64      0.0000      0.0044      0.0000      0.0000      0.0000      0.0000      0.0000      0.0000      0.0000
 65      0.0000      0.0145      0.0000      0.0000      0.0000      0.0000      0.0000      0.0000      0.0000
 66      0.0000      0.0160      0.0000      0.0764      0.0000      0.0000      0.0000      0.0000      0.0000
 67      0.0000      0.0057      0.0000      0.0326      0.0000      0.0000      0.0000      0.0000      0.0000
 68      0.0000      0.0174      0.0000      0.0000      0.0000      0.0000      0.0051      0.0000      0.0000
 69      0.0000      0.0355      0.0000      0.0000      0.0000      0.0000      0.0040      0.1586      0.0000
 70      0.0000      0.0174      0.1937      0.0000      0.0286      0.0000      0.0000      0.0000      0.0000
 71      0.0000      0.0346      0.0000      0.0000      0.0000      0.0000      0.0172      0.0000      0.0027
 72      0.0000      0.0326      0.0290      0.0000      0.0000      0.0000      0.0000      0.0000      0.0000
 73      0.0000      0.0426      0.0012      0.0063      0.0000      0.0000      0.0000      0.0000      0.0000
 74      0.0000      0.0699      0.0000      0.0000      0.0000      0.0232      0.0000      0.0000      0.0000
 75      0.0000      0.0633      0.0000      0.0058      0.0000      0.0000      0.0000      0.0000      0.1587
 76      0.0000      0.0673      0.0000      0.0000      0.0732      0.0161      0.0000      0.5617      0.0000
 77      0.0000      0.0363      0.0000      0.0000      0.1469      0.0000      0.0000      0.0000      0.0000
 78      0.0000      0.0116      0.0000      0.0000      0.0173      0.0000      0.0000      0.0000      0.0000
 79      0.0000      0.0107      0.0000      0.0000      0.0000      0.0000      0.0000      0.0000      0.0000
 80      0.0000      0.0174      0.0000      0.0000      0.0000      0.0000      0.0000      0.0000      0.0000
 81      0.0000      0.0162      0.0000      0.0000      0.0000      0.0000      0.0000      0.0000      0.0000
 82      0.0000      0.0121      0.0000      0.0000      0.0000      0.0000      0.0105      0.0000      0.0000
 83      0.0000      0.0059      0.0000      0.0000      0.0000      0.0000      0.0934      0.0000      0.0000
 84      0.0000      0.0047      0.0000      0.0000      0.0000      0.0000      0.0000      0.0250      0.0000
 85      0.0000      0.0055      0.0000      0.0000      0.0000      0.0000      0.0000      0.0000      0.0000
 86      0.0000      0.0030      0.0000      0.0000      0.1317      0.0000      0.0000      0.0000      0.0661
 87      0.0000      0.0114      0.0000      0.0000      0.0000      0.0000      0.0000      0.0000      0.0000
 88      0.0000      0.0028      0.0000      0.0000      0.0000      0.0000      0.0000      0.0000      0.0000
 89      0.0000      0.0074      0.0000      0.0000      0.0000      0.0000      0.0000      0.0000      0.0000
 90      0.0000      0.0057      0.0078      0.0000      0.0000      0.0000      0.0000      0.0000      0.0000
 91      0.0000      0.0198      0.0000      0.0000      0.0000      0.0000      0.0000      0.0000      0.0000
 92      0.0000      0.0152      0.0690      0.0000      0.1861      0.0000      0.0000      0.0216      0.0000
 93      0.0000      0.0233      0.0517      0.0605      0.0000      0.0000      0.0000      0.0000      0.0000
 94      0.0000      0.0194      0.0000      0.0000      0.0000      0.0000      0.0000      0.0000      0.0000
 95      0.0000      0.0385      0.0000      0.0000      0.0000      0.0000      0.0000      0.0000      0.0000
 96      0.0000      0.0801      0.0000      0.0000      0.0000      0.0000      0.0706      0.0000      0.0000
 97      0.0000      0.1334      0.0000      0.0472      0.0000      0.0613      0.0000      0.2845      0.0478
 98      0.0000      0.4891      0.2670      0.0000      0.4803      0.1023      0.0000      0.0024      0.0000
 99      0.0000      0.6870      0.4855      1.7098      0.2810      0.0848      0.5437      0.6447      0.5767
100      0.0000      0.5474      0.9945      0.3828      0.6348      0.5154      0.6294      0.0000      0.0766
101      0.0000      0.1082      0.1751      0.0317      0.0000      0.0201      0.0000      0.0000      0.0000
102      0.0000      0.0637      0.0000      0.0000      0.0000      0.0000      0.0000      0.1623      0.0000
103      0.0000      0.0090      0.0000      0.0000      0.0000      0.0000      0.0000      0.0000      0.0000
104      0.0000      0.0054      0.0000      0.0000      0.0000      0.0000      0.0000      0.0000      0.0000
105      0.0000      0.1214      0.0106      0.0000      0.0000      0.0362      0.0000      0.0000      0.0000
106      0.0000      0.0337      0.0000      0.0000      0.0000      0.0387      0.0000      0.0000      0.0000
107      0.0000      0.0219      0.0000      0.0000      0.1254      0.0605      0.0000      0.0471      0.0000
108      0.0000      0.0120      0.0000      0.0000      0.0000      0.0000      0.0000      0.0000      0.0000
109      0.0000      0.0055      0.0000      0.0000      0.0000      0.0003      0.0000      0.0000      0.0000
110      0.0000      0.0037      0.0000      0.0000      0.0000      0.0000      0.0000      0.0000      0.0000
111      0.0000      0.0052      0.0000      0.0000      0.0000      0.0000      0.0000      0.0000      0.0000
112      0.0000      0.0065      0.0163      0.0000      0.0000      0.0000      0.0000      0.0000      0.0000
113      0.0000      0.0181      0.1122      0.0000      0.0000      0.0000      0.0000      0.0000      0.0000
114      0.0000      0.0024      0.0000      0.0000      0.0000      0.0000      0.0000      0.0000      0.0000
115      0.0000      0.0104      0.0000      0.0396      0.0000      0.0000      0.0000      0.0000      0.0000
116      0.0000      0.0123      0.0000      0.0000      0.0000      0.0533      0.0000      0.0000      0.0000
117      0.0000      0.0174      0.0000      0.0000      0.0000      0.0000      0.0179      0.0000      0.0000
118      0.0000      0.0255      0.0000      0.0000      0.0000      0.0000      0.0000      0.0000      0.0000
119      0.0000      0.0395      0.0000      0.0000      0.0000      0.0113      0.0000      0.0000      0.0000
120      0.0000      0.1072      0.0000      0.0000      0.0000      0.0000      0.0000      0.0000      0.0000
121      0.0000      0.1383      0.0000      0.0000      0.1223      0.0436      0.1747      0.1086      0.0000
122      0.0000      0.1238      0.0000      0.0465      0.0364      0.3047      0.4823      0.0504      0.2380
123      0.0000      0.1530      0.0000      0.0000      0.0000      0.0000      0.1889      0.0000      0.2351
124      0.0000      0.2386      0.2006      0.0000      0.0000      0.1514      0.0548      0.1991      0.0000
125      0.0000      0.1914      0.0000      0.0311      0.3918      0.0000      0.0000      0.0000      0.0000
126      0.0000      0.0755      0.0000      0.1854      0.1009      0.0000      0.0000      0.0000      0.0000
127      0.0000      0.0062      0.0000      0.0000      0.0000      0.0000      0.0000      0.0000      0.0000
128      0.0000      0.0125      0.0000      0.0000      0.0000      0.0000      0.0000      0.0000      0.0000
129      0.0000      0.1841      0.3390      0.0000      0.0484      0.0000      0.0000      0.0000      0.0000
130      0.0000      0.0444      0.0051      0.0000      0.0000      0.0000      0.0000      0.0000      0.0396
131      0.0000      0.0092      0.0000      0.0000      0.0000      0.0900      0.0000      0.0115      0.0000
132      0.0000      0.0088      0.0000      0.0000      0.0000      0.0000      0.0000      0.0000      0.0000
133      0.0000      0.0052      0.0000      0.0000      0.0000      0.0000      0.0000      0.0000      0.0109
134      0.0000      0.0081      0.0000      0.0000      0.0000      0.0901      0.0000      0.0000      0.0770
135      0.0000      0.0013      0.0000      0.0128      0.0000      0.0000      0.0000      0.0000      0.0000
136      0.0000      0.0026      0.0000      0.0000      0.0000      0.0254      0.0000      0.0000      0.0000
137      0.0000      0.0053      0.0710      0.0000      0.0417      0.0000      0.0000      0.0477      0.0000
138      0.0000      0.0064      0.0000      0.0000      0.0000      0.0000      0.0000      0.0000      0.0000
139      0.0000      0.0067      0.0000      0.0000      0.0000      0.0000      0.0000      0.0000      0.0000
140      0.0000      0.0145      0.0000      0.0000      0.0000      0.0000      0.0000      0.0000      0.0000
141      0.0000      0.0154      0.0000      0.0000      0.0000      0.0000      0.0000      0.0000      0.0000
142      0.0000      0.0140      0.0000      0.0000      0.0000      0.0000      0.0032      0.0000      0.0000
143      0.0000      0.0534      0.0744      0.0279      0.0000      0.0173      0.0000      0.0000      0.0000
144      0.0000      0.0939      0.0000      0.1021      0.0000      0.0000      0.0537      0.0000      0.0000
145      0.0000      0.1956      0.0053      0.3773      0.0172      0.6561      0.2243      0.1326      0.0000
146      0.0000      0.6199      1.1023      0.3991      1.2589      0.5198      0.2357      0.0000      0.0000
147      0.0000      0.4537      0.5770      0.0000      0.4224      0.6250      0.8421      1.0513      0.0000
148      0.0000      9.5972     11.5581      9.7051     10.2680      9.4598      9.5296     10.0529      9.4775
149      0.0000     10.6329     10.3196     11.5294     10.4991     11.3983     10.7414     10.7822     11.4338
150     33.8539     13.0933     12.3168     13.5359     12.5918     13.7346     14.8699     14.8245     15.4407

# j      m_j: min, <> & last-chain-values for 1 ...  7 chains
  1  8.3205E-01  7.6633E-01  7.6996E-01  7.6970E-01  8.1257E-01  7.7267E-01  7.4923E-01  7.4660E-01  7.6287E-01
  2  0.0000E+00  1.1143E-05  0.0000E+00  0.0000E+00  0.0000E+00  0.0000E+00  0.0000E+00  0.0000E+00  0.0000E+00
  3  0.0000E+00  6.4316E-05  0.0000E+00  4.1599E-04  0.0000E+00  0.0000E+00  8.7725E-05  0.0000E+00  0.0000E+00
  4  0.0000E+00  4.2850E-04  2.0385E-03  0.0000E+00  2.2613E-03  0.0000E+00  0.0000E+00  0.0000E+00  0.0000E+00
  5  0.0000E+00  3.9510E-04  0.0000E+00  0.0000E+00  0.0000E+00  0.0000E+00  8.9965E-06  0.0000E+00  0.0000E+00
  6  0.0000E+00  1.4592E-03  0.0000E+00  0.0000E+00  0.0000E+00  0.0000E+00  0.0000E+00  2.1967E-03  0.0000E+00
  7  0.0000E+00  2.0728E-04  0.0000E+00  4.2573E-05  0.0000E+00  0.0000E+00  0.0000E+00  0.0000E+00  0.0000E+00
  8  0.0000E+00  7.6374E-05  0.0000E+00  0.0000E+00  0.0000E+00  0.0000E+00  0.0000E+00  0.0000E+00  0.0000E+00
  9  0.0000E+00  8.9897E-05  0.0000E+00  0.0000E+00  0.0000E+00  0.0000E+00  0.0000E+00  0.0000E+00  0.0000E+00
 10  0.0000E+00  6.5642E-05  0.0000E+00  0.0000E+00  0.0000E+00  0.0000E+00  0.0000E+00  0.0000E+00  0.0000E+00
 11  0.0000E+00  8.4426E-05  0.0000E+00  0.0000E+00  0.0000E+00  0.0000E+00  0.0000E+00  0.0000E+00  0.0000E+00
 12  0.0000E+00  2.5593E-04  0.0000E+00  0.0000E+00  0.0000E+00  0.0000E+00  0.0000E+00  0.0000E+00  0.0000E+00
 13  0.0000E+00  2.9044E-04  0.0000E+00  0.0000E+00  0.0000E+00  0.0000E+00  0.0000E+00  0.0000E+00  0.0000E+00
 14  0.0000E+00  2.1431E-04  0.0000E+00  0.0000E+00  0.0000E+00  0.0000E+00  0.0000E+00  0.0000E+00  0.0000E+00
 15  0.0000E+00  3.7361E-04  0.0000E+00  0.0000E+00  0.0000E+00  0.0000E+00  0.0000E+00  0.0000E+00  0.0000E+00
 16  0.0000E+00  1.5238E-03  0.0000E+00  0.0000E+00  0.0000E+00  0.0000E+00  0.0000E+00  0.0000E+00  3.2891E-03
 17  0.0000E+00  8.8280E-04  0.0000E+00  0.0000E+00  0.0000E+00  0.0000E+00  0.0000E+00  4.8322E-03  0.0000E+00
 18  0.0000E+00  9.1878E-04  0.0000E+00  0.0000E+00  0.0000E+00  0.0000E+00  0.0000E+00  7.8342E-04  3.0903E-03
 19  0.0000E+00  1.9919E-03  0.0000E+00  2.1003E-02  0.0000E+00  0.0000E+00  0.0000E+00  0.0000E+00  1.6371E-02
 20  0.0000E+00  3.0935E-03  0.0000E+00  0.0000E+00  0.0000E+00  0.0000E+00  0.0000E+00  0.0000E+00  0.0000E+00
 21  0.0000E+00  4.7540E-03  0.0000E+00  0.0000E+00  3.1970E-02  0.0000E+00  0.0000E+00  0.0000E+00  6.2034E-03
 22  0.0000E+00  4.3923E-03  0.0000E+00  0.0000E+00  1.0271E-01  0.0000E+00  0.0000E+00  0.0000E+00  1.4239E-02
 23  0.0000E+00  5.3710E-03  0.0000E+00  0.0000E+00  0.0000E+00  0.0000E+00  1.7540E-02  0.0000E+00  0.0000E+00
 24  0.0000E+00  1.1191E-02  0.0000E+00  0.0000E+00  0.0000E+00  0.0000E+00  0.0000E+00  1.6463E-05  0.0000E+00
 25  0.0000E+00  1.5668E-02  0.0000E+00  4.3202E-02  0.0000E+00  0.0000E+00  5.0001E-04  1.4808E-02  1.2113E-03
 26  0.0000E+00  1.5604E-03  1.8297E-03  1.3517E-03  6.3024E-04  3.9078E-03  6.3412E-04  0.0000E+00  0.0000E+00
 27  0.0000E+00  2.4992E-05  0.0000E+00  0.0000E+00  0.0000E+00  0.0000E+00  0.0000E+00  0.0000E+00  0.0000E+00
 28  0.0000E+00  1.1802E-04  0.0000E+00  1.1129E-04  0.0000E+00  0.0000E+00  0.0000E+00  4.2918E-04  0.0000E+00
 29  0.0000E+00  1.2758E-04  0.0000E+00  0.0000E+00  0.0000E+00  0.0000E+00  0.0000E+00  0.0000E+00  0.0000E+00
 30  0.0000E+00  1.5544E-04  2.1029E-04  0.0000E+00  0.0000E+00  0.0000E+00  0.0000E+00  0.0000E+00  5.2451E-04
 31  0.0000E+00  2.0297E-04  0.0000E+00  0.0000E+00  0.0000E+00  0.0000E+00  0.0000E+00  0.0000E+00  0.0000E+00
 32  0.0000E+00  4.0357E-05  0.0000E+00  0.0000E+00  0.0000E+00  0.0000E+00  0.0000E+00  0.0000E+00  0.0000E+00
 33  0.0000E+00  1.2265E-04  0.0000E+00  0.0000E+00  0.0000E+00  0.0000E+00  0.0000E+00  0.0000E+00  0.0000E+00
 34  0.0000E+00  8.5334E-05  0.0000E+00  0.0000E+00  0.0000E+00  0.0000E+00  0.0000E+00  0.0000E+00  0.0000E+00
 35  0.0000E+00  2.1287E-04  0.0000E+00  0.0000E+00  0.0000E+00  0.0000E+00  0.0000E+00  2.2818E-04  0.0000E+00
 36  0.0000E+00  9.5929E-05  0.0000E+00  0.0000E+00  0.0000E+00  0.0000E+00  0.0000E+00  0.0000E+00  0.0000E+00
 37  0.0000E+00  9.5799E-05  0.0000E+00  0.0000E+00  0.0000E+00  0.0000E+00  0.0000E+00  0.0000E+00  0.0000E+00
 38  0.0000E+00  2.5089E-04  0.0000E+00  0.0000E+00  0.0000E+00  1.3106E-03  0.0000E+00  0.0000E+00  0.0000E+00
 39  0.0000E+00  1.2660E-04  0.0000E+00  0.0000E+00  0.0000E+00  0.0000E+00  0.0000E+00  0.0000E+00  0.0000E+00
 40  0.0000E+00  1.9564E-04  0.0000E+00  0.0000E+00  0.0000E+00  0.0000E+00  0.0000E+00  0.0000E+00  0.0000E+00
 41  0.0000E+00  4.6812E-04  0.0000E+00  0.0000E+00  0.0000E+00  8.2045E-03  0.0000E+00  1.6689E-03  0.0000E+00
 42  0.0000E+00  5.7859E-04  0.0000E+00  0.0000E+00  0.0000E+00  0.0000E+00  0.0000E+00  0.0000E+00  0.0000E+00
 43  0.0000E+00  1.0742E-03  2.1468E-02  0.0000E+00  0.0000E+00  0.0000E+00  0.0000E+00  0.0000E+00  0.0000E+00
 44  0.0000E+00  9.4150E-04  0.0000E+00  0.0000E+00  0.0000E+00  0.0000E+00  0.0000E+00  0.0000E+00  0.0000E+00
 45  0.0000E+00  4.1824E-03  0.0000E+00  0.0000E+00  0.0000E+00  0.0000E+00  5.7478E-02  0.0000E+00  0.0000E+00
 46  0.0000E+00  4.2129E-03  1.9559E-02  0.0000E+00  0.0000E+00  0.0000E+00  2.9020E-02  0.0000E+00  0.0000E+00
 47  0.0000E+00  6.9537E-03  0.0000E+00  0.0000E+00  0.0000E+00  0.0000E+00  0.0000E+00  0.0000E+00  0.0000E+00
 48  0.0000E+00  1.4900E-02  0.0000E+00  0.0000E+00  0.0000E+00  0.0000E+00  0.0000E+00  0.0000E+00  0.0000E+00
 49  0.0000E+00  1.1318E-02  0.0000E+00  1.6697E-01  5.5944E-03  0.0000E+00  1.4806E-02  1.4926E-02  2.0355E-02
 50  0.0000E+00  1.3581E-02  0.0000E+00  0.0000E+00  0.0000E+00  0.0000E+00  0.0000E+00  0.0000E+00  0.0000E+00
 51  0.0000E+00  1.1701E-03  0.0000E+00  4.5438E-04  5.4067E-04  4.7190E-04  0.0000E+00  0.0000E+00  0.0000E+00
 52  0.0000E+00  2.2461E-05  0.0000E+00  0.0000E+00  0.0000E+00  0.0000E+00  6.0107E-05  0.0000E+00  0.0000E+00
 53  0.0000E+00  5.4671E-05  0.0000E+00  0.0000E+00  0.0000E+00  1.0340E-04  0.0000E+00  0.0000E+00  0.0000E+00
 54  0.0000E+00  1.0996E-05  0.0000E+00  0.0000E+00  0.0000E+00  0.0000E+00  0.0000E+00  0.0000E+00  0.0000E+00
 55  0.0000E+00  3.4579E-05  0.0000E+00  0.0000E+00  0.0000E+00  0.0000E+00  0.0000E+00  0.0000E+00  0.0000E+00
 56  0.0000E+00  4.0155E-05  0.0000E+00  0.0000E+00  0.0000E+00  0.0000E+00  0.0000E+00  0.0000E+00  0.0000E+00
 57  0.0000E+00  1.0776E-04  0.0000E+00  0.0000E+00  0.0000E+00  0.0000E+00  0.0000E+00  0.0000E+00  0.0000E+00
 58  0.0000E+00  4.8724E-05  0.0000E+00  3.5846E-05  0.0000E+00  7.5977E-04  0.0000E+00  0.0000E+00  0.0000E+00
 59  0.0000E+00  1.5143E-04  0.0000E+00  0.0000E+00  0.0000E+00  0.0000E+00  0.0000E+00  0.0000E+00  0.0000E+00
 60  0.0000E+00  1.6836E-04  0.0000E+00  3.1064E-04  5.8694E-05  0.0000E+00  0.0000E+00  0.0000E+00  0.0000E+00
 61  0.0000E+00  2.3446E-04  0.0000E+00  0.0000E+00  0.0000E+00  0.0000E+00  0.0000E+00  0.0000E+00  0.0000E+00
 62  0.0000E+00  6.7745E-05  0.0000E+00  0.0000E+00  0.0000E+00  0.0000E+00  0.0000E+00  0.0000E+00  0.0000E+00
 63  0.0000E+00  7.7264E-05  0.0000E+00  0.0000E+00  0.0000E+00  1.5341E-03  0.0000E+00  0.0000E+00  0.0000E+00
 64  0.0000E+00  3.0311E-04  0.0000E+00  0.0000E+00  0.0000E+00  0.0000E+00  0.0000E+00  0.0000E+00  0.0000E+00
 65  0.0000E+00  1.4905E-03  0.0000E+00  0.0000E+00  0.0000E+00  0.0000E+00  0.0000E+00  0.0000E+00  0.0000E+00
 66  0.0000E+00  1.6459E-03  0.0000E+00  7.7211E-03  0.0000E+00  0.0000E+00  0.0000E+00  0.0000E+00  0.0000E+00
 67  0.0000E+00  8.6105E-04  0.0000E+00  4.8574E-03  0.0000E+00  0.0000E+00  0.0000E+00  0.0000E+00  0.0000E+00
 68  0.0000E+00  4.2945E-03  0.0000E+00  0.0000E+00  0.0000E+00  0.0000E+00  1.2066E-03  0.0000E+00  0.0000E+00
 69  0.0000E+00  1.4147E-02  0.0000E+00  0.0000E+00  0.0000E+00  0.0000E+00  1.5263E-03  6.0715E-02  0.0000E+00
 70  0.0000E+00  9.1541E-03  1.0127E-01  0.0000E+00  1.5188E-02  0.0000E+00  0.0000E+00  0.0000E+00  0.0000E+00
 71  0.0000E+00  2.0747E-02  0.0000E+00  0.0000E+00  0.0000E+00  0.0000E+00  9.9022E-03  0.0000E+00  1.5610E-03
 72  0.0000E+00  2.4899E-02  2.2089E-02  0.0000E+00  0.0000E+00  0.0000E+00  0.0000E+00  0.0000E+00  0.0000E+00
 73  0.0000E+00  4.0560E-02  1.1742E-03  5.8608E-03  0.0000E+00  0.0000E+00  0.0000E+00  0.0000E+00  0.0000E+00
 74  0.0000E+00  7.4406E-02  0.0000E+00  0.0000E+00  0.0000E+00  2.4300E-02  0.0000E+00  0.0000E+00  0.0000E+00
 75  0.0000E+00  7.8266E-02  0.0000E+00  7.0753E-03  0.0000E+00  0.0000E+00  0.0000E+00  0.0000E+00  1.8763E-01
 76  0.0000E+00  5.9268E-04  0.0000E+00  0.0000E+00  6.5221E-04  1.3915E-04  0.0000E+00  4.7453E-03  0.0000E+00
 77  0.0000E+00  1.2605E-04  0.0000E+00  0.0000E+00  5.1689E-04  0.0000E+00  0.0000E+00  0.0000E+00  0.0000E+00
 78  0.0000E+00  4.1821E-05  0.0000E+00  0.0000E+00  6.3412E-05  0.0000E+00  0.0000E+00  0.0000E+00  0.0000E+00
 79  0.0000E+00  3.4766E-05  0.0000E+00  0.0000E+00  0.0000E+00  0.0000E+00  0.0000E+00  0.0000E+00  0.0000E+00
 80  0.0000E+00  8.2432E-05  0.0000E+00  0.0000E+00  0.0000E+00  0.0000E+00  0.0000E+00  0.0000E+00  0.0000E+00
 81  0.0000E+00  1.1030E-04  0.0000E+00  0.0000E+00  0.0000E+00  0.0000E+00  0.0000E+00  0.0000E+00  0.0000E+00
 82  0.0000E+00  1.1288E-04  0.0000E+00  0.0000E+00  0.0000E+00  0.0000E+00  9.4000E-05  0.0000E+00  0.0000E+00
 83  0.0000E+00  7.5895E-05  0.0000E+00  0.0000E+00  0.0000E+00  0.0000E+00  1.1573E-03  0.0000E+00  0.0000E+00
 84  0.0000E+00  8.1338E-05  0.0000E+00  0.0000E+00  0.0000E+00  0.0000E+00  0.0000E+00  4.1583E-04  0.0000E+00
 85  0.0000E+00  1.1554E-04  0.0000E+00  0.0000E+00  0.0000E+00  0.0000E+00  0.0000E+00  0.0000E+00  0.0000E+00
 86  0.0000E+00  8.2892E-05  0.0000E+00  0.0000E+00  3.7358E-03  0.0000E+00  0.0000E+00  0.0000E+00  1.7728E-03
 87  0.0000E+00  4.0450E-04  0.0000E+00  0.0000E+00  0.0000E+00  0.0000E+00  0.0000E+00  0.0000E+00  0.0000E+00
 88  0.0000E+00  1.4268E-04  0.0000E+00  0.0000E+00  0.0000E+00  0.0000E+00  0.0000E+00  0.0000E+00  0.0000E+00
 89  0.0000E+00  5.8097E-04  0.0000E+00  0.0000E+00  0.0000E+00  0.0000E+00  0.0000E+00  0.0000E+00  0.0000E+00
 90  0.0000E+00  6.7850E-04  9.1739E-04  0.0000E+00  0.0000E+00  0.0000E+00  0.0000E+00  0.0000E+00  0.0000E+00
 91  0.0000E+00  2.4789E-03  0.0000E+00  0.0000E+00  0.0000E+00  0.0000E+00  0.0000E+00  0.0000E+00  0.0000E+00
 92  0.0000E+00  2.6568E-03  1.1992E-02  0.0000E+00  3.2891E-02  0.0000E+00  0.0000E+00  3.6169E-03  0.0000E+00
 93  0.0000E+00  7.1469E-03  1.5786E-02  1.8180E-02  0.0000E+00  0.0000E+00  0.0000E+00  0.0000E+00  0.0000E+00
 94  0.0000E+00  1.0137E-02  0.0000E+00  0.0000E+00  0.0000E+00  0.0000E+00  0.0000E+00  0.0000E+00  0.0000E+00
 95  0.0000E+00  2.5036E-02  0.0000E+00  0.0000E+00  0.0000E+00  0.0000E+00  0.0000E+00  0.0000E+00  0.0000E+00
 96  0.0000E+00  6.1875E-02  0.0000E+00  0.0000E+00  0.0000E+00  0.0000E+00  5.2172E-02  0.0000E+00  0.0000E+00
 97  0.0000E+00  1.2917E-01  0.0000E+00  4.4817E-02  0.0000E+00  5.8347E-02  0.0000E+00  2.6443E-01  4.4301E-02
 98  0.0000E+00  6.0217E-01  3.2717E-01  0.0000E+00  5.9851E-01  1.2388E-01  0.0000E+00  2.8673E-03  0.0000E+00
 99  0.0000E+00  9.6187E-01  6.7643E-01  2.3474E+00  3.9829E-01  1.1680E-01  7.2899E-01  8.6657E-01  7.7240E-01
100  0.0000E+00  8.7050E-01  1.5740E+00  5.9693E-01  1.0219E+00  8.0595E-01  9.5856E-01  0.0000E+00  1.1647E-01
101  0.0000E+00  7.6431E-04  1.2310E-03  2.1961E-04  0.0000E+00  1.3989E-04  0.0000E+00  0.0000E+00  0.0000E+00
102  0.0000E+00  1.7979E-04  0.0000E+00  0.0000E+00  0.0000E+00  0.0000E+00  0.0000E+00  4.3996E-04  0.0000E+00
103  0.0000E+00  2.5689E-05  0.0000E+00  0.0000E+00  0.0000E+00  0.0000E+00  0.0000E+00  0.0000E+00  0.0000E+00
104  0.0000E+00  1.8935E-05  0.0000E+00  0.0000E+00  0.0000E+00  0.0000E+00  0.0000E+00  0.0000E+00  0.0000E+00
105  0.0000E+00  8.0958E-04  7.0693E-05  0.0000E+00  0.0000E+00  2.3740E-04  0.0000E+00  0.0000E+00  0.0000E+00
106  0.0000E+00  2.4341E-04  0.0000E+00  0.0000E+00  0.0000E+00  2.7507E-04  0.0000E+00  0.0000E+00  0.0000E+00
107  0.0000E+00  2.1042E-04  0.0000E+00  0.0000E+00  1.2213E-03  5.7250E-04  0.0000E+00  4.3478E-04  0.0000E+00
108  0.0000E+00  1.8706E-04  0.0000E+00  0.0000E+00  0.0000E+00  0.0000E+00  0.0000E+00  0.0000E+00  0.0000E+00
109  0.0000E+00  1.0759E-04  0.0000E+00  0.0000E+00  0.0000E+00  5.9551E-06  0.0000E+00  0.0000E+00  0.0000E+00
110  0.0000E+00  8.7257E-05  0.0000E+00  0.0000E+00  0.0000E+00  0.0000E+00  0.0000E+00  0.0000E+00  0.0000E+00
111  0.0000E+00  1.7435E-04  0.0000E+00  0.0000E+00  0.0000E+00  0.0000E+00  0.0000E+00  0.0000E+00  0.0000E+00
112  0.0000E+00  2.7448E-04  6.8790E-04  0.0000E+00  0.0000E+00  0.0000E+00  0.0000E+00  0.0000E+00  0.0000E+00
113  0.0000E+00  1.0600E-03  6.5352E-03  0.0000E+00  0.0000E+00  0.0000E+00  0.0000E+00  0.0000E+00  0.0000E+00
114  0.0000E+00  2.2120E-04  0.0000E+00  0.0000E+00  0.0000E+00  0.0000E+00  0.0000E+00  0.0000E+00  0.0000E+00
115  0.0000E+00  1.5497E-03  0.0000E+00  5.7849E-03  0.0000E+00  0.0000E+00  0.0000E+00  0.0000E+00  0.0000E+00
116  0.0000E+00  2.4904E-03  0.0000E+00  0.0000E+00  0.0000E+00  1.0618E-02  0.0000E+00  0.0000E+00  0.0000E+00
117  0.0000E+00  4.0863E-03  0.0000E+00  0.0000E+00  0.0000E+00  0.0000E+00  4.0142E-03  0.0000E+00  0.0000E+00
118  0.0000E+00  1.0355E-02  0.0000E+00  0.0000E+00  0.0000E+00  0.0000E+00  0.0000E+00  0.0000E+00  0.0000E+00
119  0.0000E+00  2.5288E-02  0.0000E+00  0.0000E+00  0.0000E+00  7.1531E-03  0.0000E+00  0.0000E+00  0.0000E+00
120  0.0000E+00  9.4701E-02  0.0000E+00  0.0000E+00  0.0000E+00  0.0000E+00  0.0000E+00  0.0000E+00  0.0000E+00
121  0.0000E+00  1.4035E-01  0.0000E+00  0.0000E+00  1.2563E-01  4.3458E-02  1.6972E-01  1.0574E-01  0.0000E+00
122  0.0000E+00  1.6025E-01  0.0000E+00  5.9083E-02  4.7665E-02  3.8792E-01  5.9789E-01  6.2619E-02  2.9468E-01
123  0.0000E+00  2.5393E-01  0.0000E+00  0.0000E+00  0.0000E+00  0.0000E+00  3.0023E-01  0.0000E+00  3.7337E-01
124  0.0000E+00  4.4530E-01  3.7262E-01  0.0000E+00  0.0000E+00  2.7783E-01  9.7972E-02  3.5684E-01  0.0000E+00
125  0.0000E+00  4.1992E-01  0.0000E+00  6.6936E-02  8.6995E-01  0.0000E+00  0.0000E+00  0.0000E+00  0.0000E+00
126  0.0000E+00  3.1702E-04  0.0000E+00  7.6357E-04  4.2912E-04  0.0000E+00  0.0000E+00  0.0000E+00  0.0000E+00
127  0.0000E+00  1.2964E-05  0.0000E+00  0.0000E+00  0.0000E+00  0.0000E+00  0.0000E+00  0.0000E+00  0.0000E+00
128  0.0000E+00  3.6574E-05  0.0000E+00  0.0000E+00  0.0000E+00  0.0000E+00  0.0000E+00  0.0000E+00  0.0000E+00
129  0.0000E+00  9.9273E-04  1.8200E-03  0.0000E+00  2.6448E-04  0.0000E+00  0.0000E+00  0.0000E+00  0.0000E+00
130  0.0000E+00  3.5031E-04  3.9730E-05  0.0000E+00  0.0000E+00  0.0000E+00  0.0000E+00  0.0000E+00  2.9922E-04
131  0.0000E+00  8.8200E-05  0.0000E+00  0.0000E+00  0.0000E+00  8.4381E-04  0.0000E+00  1.0489E-04  0.0000E+00
132  0.0000E+00  1.1240E-04  0.0000E+00  0.0000E+00  0.0000E+00  0.0000E+00  0.0000E+00  0.0000E+00  0.0000E+00
133  0.0000E+00  9.3770E-05  0.0000E+00  0.0000E+00  0.0000E+00  0.0000E+00  0.0000E+00  0.0000E+00  1.8592E-04
134  0.0000E+00  1.8432E-04  0.0000E+00  0.0000E+00  0.0000E+00  2.0140E-03  0.0000E+00  0.0000E+00  1.6736E-03
135  0.0000E+00  3.4752E-05  0.0000E+00  3.3689E-04  0.0000E+00  0.0000E+00  0.0000E+00  0.0000E+00  0.0000E+00
136  0.0000E+00  9.4660E-05  0.0000E+00  0.0000E+00  0.0000E+00  9.1193E-04  0.0000E+00  0.0000E+00  0.0000E+00
137  0.0000E+00  2.4901E-04  3.3232E-03  0.0000E+00  1.9854E-03  0.0000E+00  0.0000E+00  2.1548E-03  0.0000E+00
138  0.0000E+00  4.3659E-04  0.0000E+00  0.0000E+00  0.0000E+00  0.0000E+00  0.0000E+00  0.0000E+00  0.0000E+00
139  0.0000E+00  7.3960E-04  0.0000E+00  0.0000E+00  0.0000E+00  0.0000E+00  0.0000E+00  0.0000E+00  0.0000E+00
140  0.0000E+00  2.7475E-03  0.0000E+00  0.0000E+00  0.0000E+00  0.0000E+00  0.0000E+00  0.0000E+00  0.0000E+00
141  0.0000E+00  3.8397E-03  0.0000E+00  0.0000E+00  0.0000E+00  0.0000E+00  0.0000E+00  0.0000E+00  0.0000E+00
142  0.0000E+00  4.1598E-03  0.0000E+00  0.0000E+00  0.0000E+00  0.0000E+00  8.9628E-04  0.0000E+00  0.0000E+00
143  0.0000E+00  2.7811E-02  3.8551E-02  1.4257E-02  0.0000E+00  8.8463E-03  0.0000E+00  0.0000E+00  0.0000E+00
144  0.0000E+00  8.3326E-02  0.0000E+00  8.8856E-02  0.0000E+00  0.0000E+00  4.5637E-02  0.0000E+00  0.0000E+00
145  0.0000E+00  2.3835E-01  6.3707E-03  4.5083E-01  2.1271E-02  7.8621E-01  2.6178E-01  1.5511E-01  0.0000E+00
146  0.0000E+00  8.8882E-01  1.5730E+00  5.6115E-01  1.8273E+00  7.3296E-01  3.2360E-01  0.0000E+00  0.0000E+00
147  0.0000E+00  8.3730E-01  1.0599E+00  0.0000E+00  7.8908E-01  1.1343E+00  1.4885E+00  1.8628E+00  0.0000E+00
148  0.0000E+00  2.2555E+01  2.7035E+01  2.2366E+01  2.4428E+01  2.1864E+01  2.1449E+01  2.2682E+01  2.1309E+01
149  0.0000E+00  2.8762E+01  2.7782E+01  3.0582E+01  2.8749E+01  3.0321E+01  2.7826E+01  2.8000E+01  2.9588E+01
150  9.9168E+01  4.1200E+01  3.8573E+01  4.1767E+01  4.0110E+01  4.2502E+01  4.4812E+01  4.4783E+01  4.6481E+01

# AV, chi2 & Mass for <> & i_chain = 1 ...  7 solutions
AV      -0.8442     -0.9638     -0.9642     -0.9631     -0.9317     -0.9491     -0.9844     -0.9691     -0.9521
chi2 1.1566E+00  1.3335E+00  1.3283E+00  1.2947E+00  1.2617E+00  1.3130E+00  1.2910E+00  1.2935E+00  1.2825E+00
Mass 1.9547E+05  1.6104E+05  1.6174E+05  1.6435E+05  1.6439E+05  1.6623E+05  1.6465E+05  1.6683E+05  1.7036E+05
   0.00                                  [v0_min (km/s) before EX0s...]
 150.00                                  [vd_min (km/s) before EX0s...]


## Synthetic spectrum (Best Model) ##l_obs f_obs f_syn wei Best_f_SSP
 3801      129    [Nl_obs & index_Best_SSP]
 3200.00    0.00000   5.98867   -2.000   5.16467
 3201.00    0.00000   5.95338   -2.000   5.14861
 3202.00    0.00000   5.92787   -2.000   5.13682
 3203.00    0.00000   5.91404   -2.000   5.13011
 3204.00    0.00000   5.90798   -2.000   5.12680
 3205.00    0.00000   5.90526   -2.000   5.12493
 3206.00    0.00000   5.90349   -2.000   5.12348
 3207.00    0.00000   5.90190   -2.000   5.12211
 3208.00    0.00000   5.90035   -2.000   5.12075
 3209.00    0.00000   5.89880   -2.000   5.11940
 3210.00    0.00000   5.89724   -2.000   5.11804
 3211.00    0.00000   5.89570   -2.000   5.11669
 3212.00    0.00000   5.89415   -2.000   5.11534
 3213.00    0.00000   5.89260   -2.000   5.11399
 3214.00    0.00000   5.89103   -2.000   5.11261
 3215.00    0.00000   5.88932   -2.000   5.11108
 3216.00    0.00000   5.88687   -2.000   5.10874
 3217.00    0.00000   5.88190   -2.000   5.10364
 3218.00    0.00000   5.87109   -2.000   5.09215
 3219.00    0.00000   5.85157   -2.000   5.07114
 3220.00    0.00000   5.82483   -2.000   5.04223
 3221.00    0.00000   5.79810   -2.000   5.01335
 3222.00    0.00000   5.77861   -2.000   4.99238
 3223.00    0.00000   5.76783   -2.000   4.98094
 3224.00    0.00000   5.76290   -2.000   4.97588
 3225.00    0.00000   5.76050   -2.000   4.97359
 3226.00    0.00000   5.75883   -2.000   4.97210
 3227.00    0.00000   5.75731   -2.000   4.97078
 3228.00    0.00000   5.75581   -2.000   4.96948
 3229.00    0.00000   5.75431   -2.000   4.96818
 3230.00    0.00000   5.75282   -2.000   4.96688
 3231.00    0.00000   5.75133   -2.000   4.96558
 3232.00    0.00000   5.74984   -2.000   4.96429
 3233.00    0.00000   5.74835   -2.000   4.96299
 3234.00    0.00000   5.74683   -2.000   4.96169
 3235.00    0.00000   5.74519   -2.000   4.96031
 3236.00    0.00000   5.74288   -2.000   4.95858
 3237.00    0.00000   5.73832   -2.000   4.95564
 3238.00    0.00000   5.72859   -2.000   4.94992
 3239.00    0.00000   5.71121   -2.000   4.94010
 3240.00    0.00000   5.68755   -2.000   4.92691
 3241.00    0.00000   5.66390   -2.000   4.91373
 3242.00    0.00000   5.64655   -2.000   4.90393
 3243.00    0.00000   5.63685   -2.000   4.89823
 3244.00    0.00000   5.63232   -2.000   4.89531
 3245.00    0.00000   5.63005   -2.000   4.89361
 3246.00    0.00000   5.62844   -2.000   4.89226
 3247.00    0.00000   5.62698   -2.000   4.89098
 3248.00    0.00000   5.62553   -2.000   4.88972
 3249.00    0.00000   5.62409   -2.000   4.88846
 3250.00    0.00000   5.62264   -2.000   4.88720
 3251.00    0.00000   5.62120   -2.000   4.88594
 3252.00    0.00000   5.61976   -2.000   4.88468
 3253.00    0.00000   5.61832   -2.000   4.88342
 3254.00    0.00000   5.61686   -2.000   4.88213
 3255.00    0.00000   5.61526   -2.000   4.88068
 3256.00    0.00000   5.61295   -2.000   4.87839
 3257.00    0.00000   5.60828   -2.000   4.87331
 3258.00    0.00000   5.59827   -2.000   4.86190
 3259.00    0.00000   5.58042   -2.000   4.84120
 3260.00    0.00000   5.55618   -2.000   4.81295
 3261.00    0.00000   5.53196   -2.000   4.78472
 3262.00    0.00000   5.51413   -2.000   4.76407
 3263.00    0.00000   5.50415   -2.000   4.75271
 3264.00    0.00000   5.49952   -2.000   4.74767
 3265.00    0.00000   5.49725   -2.000   4.74542
 3266.00    0.00000   5.49568   -2.000   4.74401
 3267.00    0.00000   5.49426   -2.000   4.74277
 3268.00    0.00000   5.49287   -2.000   4.74156
 3269.00    0.00000   5.49148   -2.000   4.74035
 3270.00    0.00000   5.49009   -2.000   4.73914
 3271.00    0.00000   5.48870   -2.000   4.73794
 3272.00    0.00000   5.48731   -2.000   4.73673
 3273.00    0.00000   5.48592   -2.000   4.73552
 3274.00    0.00000   5.48450   -2.000   4.73430
 3275.00    0.00000   5.48292   -2.000   4.73296
 3276.00    0.00000   5.48051   -2.000   4.73104
 3277.00    0.00000   5.47536   -2.000   4.72724
 3278.00    0.00000   5.46410   -2.000   4.71921
 3279.00    0.00000   5.44392   -2.000   4.70500
 3280.00    0.00000   5.41653   -2.000   4.68582
 3281.00    0.00000   5.38917   -2.000   4.66667
 3282.00    0.00000   5.36901   -2.000   4.65249
 3283.00    0.00000   5.35778   -2.000   4.64449
 3284.00    0.00000   5.35268   -2.000   4.64072
 3285.00    0.00000   5.35031   -2.000   4.63884
 3286.00    0.00000   5.34876   -2.000   4.63753
 3287.00    0.00000   5.34739   -2.000   4.63634
 3288.00    0.00000   5.34605   -2.000   4.63517
 3289.00    0.00000   5.34471   -2.000   4.63400
 3290.00    0.00000   5.34337   -2.000   4.63284
 3291.00    0.00000   5.34204   -2.000   4.63167
 3292.00    0.00000   5.34070   -2.000   4.63051
 3293.00    0.00000   5.33937   -2.000   4.62934
 3294.00    0.00000   5.33800   -2.000   4.62816
 3295.00    0.00000   5.33644   -2.000   4.62685
 3296.00    0.00000   5.33396   -2.000   4.62494
 3297.00    0.00000   5.32848   -2.000   4.62109
 3298.00    0.00000   5.31633   -2.000   4.61290
 3299.00    0.00000   5.29454   -2.000   4.59847
 3300.00    0.00000   5.26504   -2.000   4.57904
 3301.00    0.00000   5.23557   -2.000   4.55962
 3302.00    0.00000   5.21381   -2.000   4.54521
 3303.00    0.00000   5.20169   -2.000   4.53706
 3304.00    0.00000   5.19625   -2.000   4.53323
 3305.00    0.00000   5.19381   -2.000   4.53135
 3306.00    0.00000   5.19230   -2.000   4.53008
 3307.00    0.00000   5.19098   -2.000   4.52893
 3308.00    0.00000   5.18969   -2.000   4.52780
 3309.00    0.00000   5.18840   -2.000   4.52667
 3310.00    0.00000   5.18706   -2.000   4.52558
 3311.00    0.00000   5.18538   -2.000   4.52465
 3312.00    0.00000   5.18214   -2.000   4.52453
 3313.00    0.00000   5.17383   -2.000   4.52698
 3314.00    0.00000   5.15436   -2.000   4.53511
 3315.00    0.00000   5.11886   -2.000   4.55138
 3316.00    0.00000   5.07064   -2.000   4.57412
 3317.00    0.00000   5.02245   -2.000   4.59685
 3318.00    0.00000   4.98705   -2.000   4.61320
 3319.00    0.00000   4.96785   -2.000   4.62177
 3320.00    0.00000   4.96025   -2.000   4.62566
 3321.00    0.00000   4.95825   -2.000   4.62846
 3322.00    0.00000   4.95760   -2.000   4.63071
 3323.00    0.00000   4.95500   -2.000   4.62904
 3324.00    0.00000   4.94777   -2.000   4.61929
 3325.00    0.00000   4.93512   -2.000   4.60206
 3326.00    0.00000   4.91872   -2.000   4.58443
 3327.00    0.00000   4.90198   -2.000   4.57455
 3328.00    0.00000   4.88814   -2.000   4.57440
 3329.00    0.00000   4.87831   -2.000   4.57846
 3330.00    0.00000   4.87070   -2.000   4.57939
 3331.00    0.00000   4.86194   -2.000   4.57411
 3332.00    0.00000   4.84954   -2.000   4.56317
 3333.00    0.00000   4.83346   -2.000   4.54656
 3334.00    0.00000   4.81551   -2.000   4.52358
 3335.00    0.00000   4.79772   -2.000   4.49694
 3336.00    0.00000   4.78146   -2.000   4.47348
 3337.00    0.00000   4.76746   -2.000   4.45845
 3338.00    0.00000   4.75612   -2.000   4.45077
 3339.00    0.00000   4.74837   -2.000   4.44621
 3340.00    0.00000   4.74654   -2.000   4.44366
 3341.00    0.00000   4.75363   -2.000   4.44644
 3342.00    0.00000   4.77074   -2.000   4.45802
 3343.00    0.00000   4.79502   -2.000   4.47841
 3344.00    0.00000   4.82014   -2.000   4.50403
 3345.00    0.00000   4.83864   -2.000   4.52902
 3346.00    0.00000   4.84352   -2.000   4.54539
 3347.00    0.00000   4.82953   -2.000   4.54384
 3348.00    0.00000   4.79626   -2.000   4.51798
 3349.00    0.00000   4.75157   -2.000   4.47083
 3350.00    0.00000   4.70968   -2.000   4.41489
 3351.00    0.00000   4.68234   -2.000   4.36249
 3352.00    0.00000   4.67092   -2.000   4.31665
 3353.00    0.00000   4.66859   -2.000   4.27500
 3354.00    0.00000   4.66851   -2.000   4.23930
 3355.00    0.00000   4.66816   -2.000   4.21711
 3356.00    0.00000   4.66739   -2.000   4.21481
 3357.00    0.00000   4.66561   -2.000   4.23069
 3358.00    0.00000   4.66187   -2.000   4.25535
 3359.00    0.00000   4.65641   -2.000   4.27735
 3360.00    0.00000   4.65049   -2.000   4.28930
 3361.00    0.00000   4.64463   -2.000   4.29033
 3362.00    0.00000   4.63761   -2.000   4.28395
 3363.00    0.00000   4.62722   -2.000   4.27365
 3364.00    0.00000   4.61217   -2.000   4.25983
 3365.00    0.00000   4.59337   -2.000   4.24089
 3366.00    0.00000   4.57406   -2.000   4.21722
 3367.00    0.00000   4.55813   -2.000   4.19349
 3368.00    0.00000   4.54797   -2.000   4.17606
 3369.00    0.00000   4.54316   -2.000   4.16794
 3370.00    0.00000   4.54096   -2.000   4.16714
 3371.00    0.00000   4.53896   -2.000   4.16992
 3372.00    0.00000   4.53776   -2.000   4.17420
 3373.00    0.00000   4.53984   -2.000   4.17924
 3374.00    0.00000   4.54541   -2.000   4.18426
 3375.00    0.00000   4.55066   -2.000   4.18927
 3376.00    0.00000   4.55080   -2.000   4.19648
 3377.00    0.00000   4.54506   -2.000   4.20924
 3378.00    0.00000   4.53799   -2.000   4.23024
 3379.00    0.00000   4.53514   -2.000   4.25992
 3380.00    0.00000   4.53848   -2.000   4.29568
 3381.00    0.00000   4.54540   -2.000   4.33229
 3382.00    0.00000   4.55202   -2.000   4.36363
 3383.00    0.00000   4.55688   -2.000   4.38492
 3384.00    0.00000   4.56144   -2.000   4.39407
 3385.00    0.00000   4.56739   -2.000   4.39099
 3386.00    0.00000   4.57339   -2.000   4.37799
 3387.00    0.00000   4.57553   -2.000   4.36050
 3388.00    0.00000   4.57086   -2.000   4.34518
 3389.00    0.00000   4.56054   -2.000   4.33547
 3390.00    0.00000   4.54952   -2.000   4.33074
 3391.00    0.00000   4.54303   -2.000   4.32969
 3392.00    0.00000   4.54357   -2.000   4.33330
 3393.00    0.00000   4.54920   -2.000   4.34347
 3394.00    0.00000   4.55421   -2.000   4.35891
 3395.00    0.00000   4.55175   -2.000   4.37263
 3396.00    0.00000   4.53819   -2.000   4.37297
 3397.00    0.00000   4.51488   -2.000   4.34775
 3398.00    0.00000   4.48677   -2.000   4.29281
 3399.00    0.00000   4.45972   -2.000   4.21887
 3400.00    0.00000   4.43822   -2.000   4.14764
 3401.00    0.00000   4.42307   -2.000   4.09630
 3402.00    0.00000   4.41234   -2.000   4.06922
 3403.00    0.00000   4.40409   -2.000   4.05943
 3404.00    0.00000   4.39740   -2.000   4.05626
 3405.00    0.00000   4.39182   -2.000   4.05248
 3406.00    0.00000   4.38752   -2.000   4.04856
 3407.00    0.00000   4.38495   -2.000   4.05054
 3408.00    0.00000   4.38339   -2.000   4.06266
 3409.00    0.00000   4.38050   -2.000   4.08262
 3410.00    0.00000   4.37443   -2.000   4.10276
 3411.00    0.00000   4.36647   -2.000   4.11660
 3412.00    0.00000   4.36093   -2.000   4.12251
 3413.00    0.00000   4.36101   -2.000   4.12282
 3414.00    0.00000   4.36637   -2.000   4.12026
 3415.00    0.00000   4.37416   -2.000   4.11652
 3416.00    0.00000   4.38160   -2.000   4.11366
 3417.00    0.00000   4.38744   -2.000   4.11502
 3418.00    0.00000   4.39146   -2.000   4.12313
 3419.00    0.00000   4.39350   -2.000   4.13730
 3420.00    0.00000   4.39323   -2.000   4.15353
 3421.00    0.00000   4.39051   -2.000   4.16762
 3422.00    0.00000   4.38575   -2.000   4.17746
 3423.00    0.00000   4.37996   -2.000   4.18312
 3424.00    0.00000   4.37442   -2.000   4.18528
 3425.00    0.00000   4.37059   -2.000   4.18460
 3426.00    0.00000   4.36932   -2.000   4.18211
 3427.00    0.00000   4.36985   -2.000   4.17925
 3428.00    0.00000   4.36977   -2.000   4.17706
 3429.00    0.00000   4.36639   -2.000   4.17538
 3430.00    0.00000   4.35905   -2.000   4.17342
 3431.00    0.00000   4.34989   -2.000   4.17171
 3432.00    0.00000   4.34193   -2.000   4.17229
 3433.00    0.00000   4.33710   -2.000   4.17695
 3434.00    0.00000   4.33496   -2.000   4.18372
 3435.00    0.00000   4.33275   -2.000   4.18595
 3436.00    0.00000   4.32669   -2.000   4.17593
 3437.00    0.00000   4.31392   -2.000   4.15180
 3438.00    0.00000   4.29403   -2.000   4.12039
 3439.00    0.00000   4.26979   -2.000   4.09309
 3440.00    0.00000   4.24652   -2.000   4.07740
 3441.00    0.00000   4.22998   -2.000   4.07275
 3442.00    0.00000   4.22259   -2.000   4.07236
 3443.00    0.00000   4.22206   -2.000   4.06876
 3444.00    0.00000   4.22352   -2.000   4.05918
 3445.00    0.00000   4.22408   -2.000   4.04642
 3446.00    0.00000   4.22455   -2.000   4.03578
 3447.00    0.00000   4.22563   -2.000   4.02872
 3448.00    0.00000   4.22487   -2.000   4.02001
 3449.00    0.00000   4.21754   -2.000   4.00143
 3450.00    0.00000   4.20191   -2.000   3.97089
 3451.00    0.00000   4.18276   -2.000   3.93616
 3452.00    0.00000   4.16668   -2.000   3.90693
 3453.00    0.00000   4.15701   -2.000   3.88817
 3454.00    0.00000   4.15207   -2.000   3.87852
 3455.00    0.00000   4.14773   -2.000   3.87386
 3456.00    0.00000   4.14115   -2.000   3.87127
 3457.00    0.00000   4.13211   -2.000   3.87021
 3458.00    0.00000   4.12257   -2.000   3.87158
 3459.00    0.00000   4.11562   -2.000   3.87543
 3460.00    0.00000   4.11457   -2.000   3.88026
 3461.00    0.00000   4.12130   -2.000   3.88403
 3462.00    0.00000   4.13393   -2.000   3.88532
 3463.00    0.00000   4.14671   -2.000   3.88449
 3464.00    0.00000   4.15367   -2.000   3.88372
 3465.00    0.00000   4.15475   -2.000   3.88529
 3466.00    0.00000   4.15271   -2.000   3.88881
 3467.00    0.00000   4.14977   -2.000   3.89166
 3468.00    0.00000   4.14613   -2.000   3.89141
 3469.00    0.00000   4.14053   -2.000   3.88820
 3470.00    0.00000   4.13168   -2.000   3.88443
 3471.00    0.00000   4.12006   -2.000   3.88215
 3472.00    0.00000   4.10805   -2.000   3.88212
 3473.00    0.00000   4.09615   -2.000   3.88381
 3474.00    0.00000   4.08169   -2.000   3.88646
 3475.00    0.00000   4.06202   -2.000   3.88901
 3476.00    0.00000   4.03750   -2.000   3.89032
 3477.00    0.00000   4.01248   -2.000   3.88867
 3478.00    0.00000   3.99354   -2.000   3.88254
 3479.00    0.00000   3.98477   -2.000   3.87273
 3480.00    0.00000   3.98425   -2.000   3.86320
 3481.00    0.00000   3.98584   -2.000   3.85905
 3482.00    0.00000   3.98570   -2.000   3.86301
 3483.00    0.00000   3.98657   -2.000   3.87285
 3484.00    0.00000   3.99408   -2.000   3.88392
 3485.00    0.00000   4.00966   -2.000   3.89318
 3486.00    0.00000   4.02878   -2.000   3.90061
 3487.00    0.00000   4.04523   -2.000   3.90681
 3488.00    0.00000   4.05464   -2.000   3.91043
 3489.00    0.00000   4.05619   -2.000   3.90965
 3490.00    0.00000   4.05311   -2.000   3.90548
 3491.00    0.00000   4.05010   -2.000   3.90142
 3492.00    0.00000   4.04899   -2.000   3.90055
 3493.00    0.00000   4.04765   -2.000   3.90136
 3494.00    0.00000   4.04351   -2.000   3.89901
 3495.00    0.00000   4.03645   -2.000   3.88938
 3496.00    0.00000   4.02920   -2.000   3.87069
 3497.00    0.00000   4.02465   -2.000   3.84286
 3498.00    0.00000   4.02202   -2.000   3.80689
 3499.00    0.00000   4.01761   -2.000   3.76777
 3500.00    0.00000   4.00894   -2.000   3.73494
 3501.00    0.00000   3.99733   -2.000   3.71577
 3502.00    0.00000   3.98552   -2.000   3.70868
 3503.00    0.00000   3.97363   -2.000   3.70666
 3504.00    0.00000   3.96041   -2.000   3.70308
 3505.00    0.00000   3.94693   -2.000   3.69585
 3506.00    0.00000   3.93621   -2.000   3.68568
 3507.00    0.00000   3.92965   -2.000   3.67342
 3508.00    0.00000   3.92561   -2.000   3.65938
 3509.00    0.00000   3.92138   -2.000   3.64427
 3510.00    0.00000   3.91563   -2.000   3.63019
 3511.00    0.00000   3.90853   -2.000   3.62096
 3512.00    0.00000   3.90132   -2.000   3.62050
 3513.00    0.00000   3.89598   -2.000   3.63073
 3514.00    0.00000   3.89418   -2.000   3.64987
 3515.00    0.00000   3.89552   -2.000   3.67293
 3516.00    0.00000   3.89780   -2.000   3.69356
 3517.00    0.00000   3.89829   -2.000   3.70785
 3518.00    0.00000   3.89576   -2.000   3.71465
 3519.00    0.00000   3.88994   -2.000   3.71482
 3520.00    0.00000   3.88111   -2.000   3.71024
 3521.00    0.00000   3.87029   -2.000   3.70327
 3522.00    0.00000   3.85920   -2.000   3.69605
 3523.00    0.00000   3.84950   -2.000   3.69018
 3524.00    0.00000   3.84240   -2.000   3.68640
 3525.00    0.00000   3.83855   -2.000   3.68408
 3526.00    0.00000   3.83958   -2.000   3.68178
 3527.00    0.00000   3.84581   -2.000   3.67901
 3528.00    0.00000   3.85555   -2.000   3.67667
 3529.00    0.00000   3.86578   -2.000   3.67652
 3530.00    0.00000   3.87360   -2.000   3.67943
 3531.00    0.00000   3.87690   -2.000   3.68501
 3532.00    0.00000   3.87451   -2.000   3.69274
 3533.00    0.00000   3.86676   -2.000   3.70207
 3534.00    0.00000   3.85601   -2.000   3.71276
 3535.00    0.00000   3.84516   -2.000   3.72406
 3536.00    0.00000   3.83585   -2.000   3.73447
 3537.00    0.00000   3.82880   -2.000   3.74231
 3538.00    0.00000   3.82497   -2.000   3.74610
 3539.00    0.00000   3.82433   -2.000   3.74595
 3540.00    0.00000   3.82547   -2.000   3.74393
 3541.00    0.00000   3.82605   -2.000   3.74417
 3542.00    0.00000   3.82467   -2.000   3.75007
 3543.00    0.00000   3.82189   -2.000   3.76123
 3544.00    0.00000   3.81905   -2.000   3.77271
 3545.00    0.00000   3.81693   -2.000   3.77817
 3546.00    0.00000   3.81551   -2.000   3.77525
 3547.00    0.00000   3.81444   -2.000   3.76568
 3548.00    0.00000   3.81237   -2.000   3.75316
 3549.00    0.00000   3.80804   -2.000   3.74095
 3550.00    0.00000   3.80188   -2.000   3.73023
 3551.00    0.00000   3.79584   -2.000   3.71963
 3552.00    0.00000   3.79120   -2.000   3.70720
 3553.00    0.00000   3.78716   -2.000   3.69275
 3554.00    0.00000   3.78197   -2.000   3.67932
 3555.00    0.00000   3.77519   -2.000   3.67124
 3556.00    0.00000   3.76804   -2.000   3.66965
 3557.00    0.00000   3.76229   -2.000   3.67254
 3558.00    0.00000   3.75867   -2.000   3.67616
 3559.00    0.00000   3.75705   -2.000   3.67810
 3560.00    0.00000   3.75682   -2.000   3.67808
 3561.00    0.00000   3.75660   -2.000   3.67730
 3562.00    0.00000   3.75423   -2.000   3.67647
 3563.00    0.00000   3.74852   -2.000   3.67503
 3564.00    0.00000   3.74062   -2.000   3.67208
 3565.00    0.00000   3.73240   -2.000   3.66722
 3566.00    0.00000   3.72371   -2.000   3.66097
 3567.00    0.00000   3.71242   -2.000   3.65220
 3568.00    0.00000   3.69716   -2.000   3.63691
 3569.00    0.00000   3.67779   -2.000   3.60979
 3570.00    0.00000   3.65699   -2.000   3.56930
 3571.00    0.00000   3.63921   -2.000   3.52225
 3572.00    0.00000   3.62799   -2.000   3.48254
 3573.00    0.00000   3.62261   -2.000   3.45867
 3574.00    0.00000   3.62019   -2.000   3.45103
 3575.00    0.00000   3.61799   -2.000   3.45355
 3576.00    0.00000   3.61384   -2.000   3.45855
 3577.00    0.00000   3.60655   -2.000   3.45958
 3578.00    0.00000   3.59685   -2.000   3.45337
 3579.00    0.00000   3.58699   -2.000   3.43995
 3580.00    0.00000   3.57935   -2.000   3.42287
 3581.00    0.00000   3.57457   -2.000   3.40652
 3582.00    0.00000   3.57175   -2.000   3.39282
 3583.00    0.00000   3.56993   -2.000   3.37920
 3584.00    0.00000   3.56860   -2.000   3.36122
 3585.00    0.00000   3.56754   -2.000   3.33860
 3586.00    0.00000   3.56664   -2.000   3.31699
 3587.00    0.00000   3.56608   -2.000   3.30533
 3588.00    0.00000   3.56658   -2.000   3.30871
 3589.00    0.00000   3.56876   -2.000   3.32443
 3590.00    0.00000   3.57211   -2.000   3.34511
 3591.00    0.00000   3.57469   -2.000   3.36369
 3592.00    0.00000   3.57531   -2.000   3.37821
 3593.00    0.00000   3.57487   -2.000   3.39015
 3594.00    0.00000   3.57479   -2.000   3.40144
 3595.00    0.00000   3.57620   -2.000   3.41200
 3596.00    0.00000   3.57954   -2.000   3.41959
 3597.00    0.00000   3.58489   -2.000   3.42268
 3598.00    0.00000   3.59132   -2.000   3.42155
 3599.00    0.00000   3.59679   -2.000   3.41871
 3600.00    0.00000   3.59838   -2.000   3.41675
 3601.00    0.00000   3.59366   -2.000   3.41668
 3602.00    0.00000   3.58294   -2.000   3.41745
 3603.00    0.00000   3.56875   -2.000   3.41724
 3604.00    0.00000   3.55489   -2.000   3.41558
 3605.00    0.00000   3.54415   -2.000   3.41305
 3606.00    0.00000   3.53715   -2.000   3.41017
 3607.00    0.00000   3.53303   -2.000   3.40653
 3608.00    0.00000   3.53063   -2.000   3.40202
 3609.00    0.00000   3.52864   -2.000   3.39814
 3610.00    0.00000   3.52633   -2.000   3.39615
 3611.00    0.00000   3.52356   -2.000   3.39612
 3612.00    0.00000   3.52105   -2.000   3.39844
 3613.00    0.00000   3.51861   -2.000   3.40478
 3614.00    0.00000   3.51587   -2.000   3.41645
 3615.00    0.00000   3.51260   -2.000   3.43243
 3616.00    0.00000   3.50853   -2.000   3.44915
 3617.00    0.00000   3.50361   -2.000   3.46369
 3618.00    0.00000   3.49884   -2.000   3.47597
 3619.00    0.00000   3.49594   -2.000   3.48811
 3620.00    0.00000   3.49646   -2.000   3.50121
 3621.00    0.00000   3.50136   -2.000   3.51397
 3622.00    0.00000   3.50921   -2.000   3.52378
 3623.00    0.00000   3.51739   -2.000   3.52898
 3624.00    0.00000   3.52434   -2.000   3.53099
 3625.00    0.00000   3.52944   -2.000   3.53279
 3626.00    0.00000   3.53120   -2.000   3.53628
 3627.00    0.00000   3.52747   -2.000   3.54111
 3628.00    0.00000   3.51781   -2.000   3.54364
 3629.00    0.00000   3.50474   -2.000   3.53852
 3630.00    0.00000   3.49233   -2.000   3.52071
 3631.00    0.00000   3.48345   -2.000   3.48880
 3632.00    0.00000   3.47863   -2.000   3.44636
 3633.00    0.00000   3.47636   -2.000   3.40257
 3634.00    0.00000   3.47373   -2.000   3.36699
 3635.00    0.00000   3.46798   -2.000   3.34724
 3636.00    0.00000   3.45955   -2.000   3.34604
 3637.00    0.00000   3.45210   -2.000   3.36194
 3638.00    0.00000   3.44819   -2.000   3.38806
 3639.00    0.00000   3.44758   -2.000   3.41564
 3640.00    0.00000   3.44775   -2.000   3.43665
 3641.00    0.00000   3.44520   -2.000   3.44653
 3642.00    0.00000   3.43713   -2.000   3.44469
 3643.00    0.00000   3.42328   -2.000   3.43474
 3644.00    0.00000   3.40627   -2.000   3.42086
 3645.00    0.00000   3.38864   -2.000   3.40471
 3646.00    0.00000   3.36899   -2.000   3.38291
 3647.00    0.00000   3.34172   -2.000   3.34809
 3648.00    0.00000   3.30166   -2.000   3.29318
 3649.00    0.00000   3.24954   -2.000   3.21829
 3650.00    0.00000   3.19596   -2.000   3.13667
 3651.00    0.00000   3.15697   -2.000   3.07147
 3652.00    0.00000   3.13621   -2.000   3.03092
 3653.00    0.00000   3.13003   -2.000   3.01273
 3654.00    0.00000   3.13152   -2.000   3.00750
 3655.00    0.00000   3.13561   -2.000   3.00661
 3656.00    0.00000   3.14003   -2.000   3.00611
 3657.00    0.00000   3.14376   -2.000   3.00534
 3658.00    0.00000   3.14576   -2.000   3.00369
 3659.00    0.00000   3.14489   -2.000   2.99984
 3660.00    0.00000   3.14058   -2.000   2.99301
 3661.00    0.00000   3.13333   -2.000   2.98442
 3662.00    0.00000   3.12450   -2.000   2.97697
 3663.00    0.00000   3.11580   -2.000   2.97322
 3664.00    0.00000   3.10849   -2.000   2.97307
 3665.00    0.00000   3.10234   -2.000   2.97433
 3666.00    0.00000   3.09602   -2.000   2.97460
 3667.00    0.00000   3.08872   -2.000   2.97263
 3668.00    0.00000   3.08123   -2.000   2.96885
 3669.00    0.00000   3.07549   -2.000   2.96459
 3670.00    0.00000   3.07324   -2.000   2.96104
 3671.00    0.00000   3.07431   -2.000   2.95856
 3672.00    0.00000   3.07612   -2.000   2.95651
 3673.00    0.00000   3.07578   -2.000   2.95400
 3674.00    0.00000   3.07171   -2.000   2.95048
 3675.00    0.00000   3.06353   -2.000   2.94580
 3676.00    0.00000   3.05167   -2.000   2.94029
 3677.00    0.00000   3.03767   -2.000   2.93454
 3678.00    0.00000   3.02410   -2.000   2.92929
 3679.00    0.00000   3.01356   -2.000   2.92503
 3680.00    0.00000   3.00762   -2.000   2.92183
 3681.00    0.00000   3.00591   -2.000   2.91930
 3682.00    0.00000   3.00581   -2.000   2.91678
 3683.00    0.00000   3.00402   -2.000   2.91379
 3684.00    0.00000   2.99846   -2.000   2.91011
 3685.00    0.00000   2.98952   -2.000   2.90612
 3686.00    0.00000   2.98036   -2.000   2.90298
 3687.00    0.00000   2.97531   -2.000   2.90174
 3688.00    0.00000   2.97728   -2.000   2.90220
 3689.00    0.00000   2.98581   -2.000   2.90276
 3690.00    0.00000   2.99685   -2.000   2.90213
 3691.00    0.00000   3.00512   -2.000   2.90064
 3692.00    0.00000   3.00718   -2.000   2.89919
 3693.00    0.00000   3.00333   -2.000   2.89733
 3694.00    0.00000   2.99695   -2.000   2.89357
 3695.00    0.00000   2.99192   -2.000   2.88795
 3696.00    0.00000   2.99048   -2.000   2.88345
 3697.00    0.00000   2.99263   -2.000   2.88446
 3698.00    0.00000   2.99622   -2.000   2.89188
 3699.00    0.00000   2.99746   -2.000   2.89935
 3700.00    0.00000   2.99221   -2.000   2.89573
 3701.00    0.00000   2.97764   -2.000   2.87330
 3702.00    0.00000   2.95394   -2.000   2.83489
 3703.00    0.00000   2.92514   -2.000   2.79428
 3704.00    0.00000   2.89825   -2.000   2.77013
 3705.00    0.00000   2.88024   -2.000   2.77503
 3706.00    0.00000   2.87402   -2.000   2.80539
 3707.00    0.00000   2.87694   -2.000   2.84061
 3708.00    0.00000   2.88455   -2.000   2.85711
 3709.00    0.00000   2.89459   -2.000   2.84437
 3710.00    0.00000   2.90671   -2.000   2.81010
 3711.00    0.00000   2.92041   -2.000   2.77552
 3712.00    0.00000   2.93385   -2.000   2.76367
 3713.00    0.00000   2.94406   -2.000   2.78641
 3714.00    1.84408   2.94762   -1.000   2.83659
 3715.00    1.74733   2.94185   -1.000   2.89208
 3716.00    1.71973   2.92607   -1.000   2.92882
 3717.00    1.86227   2.90164   -1.000   2.93130
 3718.00    1.67317   2.87175   -1.000   2.89664
 3719.00    2.16126   2.84151   -1.000   2.83389
 3720.00    2.89692   2.81728   -1.000   2.76209
 3721.00    3.33231   2.80457   16.140   2.70681
 3722.00    3.86124   2.80575   -1.000   2.69103
 3723.00    6.00431   2.81865   -1.000   2.72265
 3724.00   19.23498   2.83721   -1.000   2.78965
 3725.00   39.93578   2.85440   -1.000   2.86841
 3726.00   49.87677   2.86526   -1.000   2.93669
 3727.00   52.30539   2.86823   -1.000   2.98168
 3728.00   60.36253   2.86396   -1.000   2.99809
 3729.00   51.19315   2.85234   -1.000   2.98092
 3730.00   23.30136   2.83228   -1.000   2.92572
 3731.00    6.66002   2.80428   -1.000   2.83544
 3732.00    2.81272   2.77211   -1.000   2.72618
 3733.00    3.11182   2.74235   16.140   2.62697
 3734.00    3.25915   2.72235   16.140   2.57082
 3735.00    2.64168   2.71713   -1.000   2.57916
 3736.00    2.17547   2.72726   -1.000   2.64954
 3737.00    1.86631   2.74956   -1.000   2.75963
 3738.00    1.82418   2.77820   -1.000   2.88093
 3739.00    1.98321   2.80609   -1.000   2.99017
 3740.00    1.76881   2.82656   -1.000   3.07427
 3741.00    1.60210   2.83503   -1.000   3.12802
 3742.00    1.72450   2.83014   -1.000   3.14902
 3743.00    1.62954   2.81367   -1.000   3.13574
 3744.00    1.43347   2.78901   -1.000   3.08728
 3745.00    1.70313   2.75928   -1.000   3.00399
 3746.00    1.62550   2.72693   -1.000   2.88925
 3747.00    1.58683   2.69484   -1.000   2.75324
 3748.00    2.13207   2.66739   -1.000   2.61653
 3749.00    2.86692   2.65067   -1.000   2.50990
 3750.00    3.34019   2.65007   -1.000   2.46476
 3751.00    2.58249   2.66670   -1.000   2.49641
 3752.00    1.58431   2.69611   -1.000   2.59351
 3753.00    1.64933   2.73028   -1.000   2.72505
 3754.00    1.76154   2.76102   -1.000   2.85852
 3755.00    1.78321   2.78263   -1.000   2.97287
 3756.00    1.70342   2.79328   -1.000   3.06098
 3757.00    1.46646   2.79528   -1.000   3.12476
 3758.00    1.51589   2.79365   -1.000   3.16839
 3759.00    1.68134   2.79270   -1.000   3.19482
 3760.00    1.55506   2.79355   -1.000   3.20609
 3761.00    1.57801   2.79390   -1.000   3.20318
 3762.00    1.85080   2.78972   -1.000   3.18564
 3763.00    1.57401   2.77833   -1.000   3.15238
 3764.00    1.72475   2.75944   -1.000   3.09951
 3765.00    1.50662   2.73414   -1.000   3.02100
 3766.00    1.69901   2.70412   -1.000   2.91278
 3767.00    1.75929   2.67206   -1.000   2.77735
 3768.00    1.78364   2.64192   -1.000   2.62878
 3769.00    2.86638   2.61854   16.140   2.49443
 3770.00    3.56337   2.60683   -1.000   2.40837
 3771.00    2.96590   2.61041   16.140   2.39744
 3772.00    2.12281   2.62888   -1.000   2.46429
 3773.00    1.68948   2.65761   -1.000   2.58585
 3774.00    1.69450   2.69060   -1.000   2.72816
 3775.00    1.63897   2.72317   -1.000   2.86221
 3776.00    1.63120   2.75291   -1.000   2.97251
 3777.00    1.79126   2.77905   -1.000   3.05733
 3778.00    1.80341   2.80145   -1.000   3.12272
 3779.00    1.63357   2.82000   -1.000   3.17534
 3780.00    1.67810   2.83419   -1.000   3.21776
 3781.00    1.81630   2.84324   -1.000   3.24821
 3782.00    1.72776   2.84659   -1.000   3.26449
 3783.00    1.76859   2.84364   -1.000   3.26729
 3784.00    1.82291   2.83393   -1.000   3.26043
 3785.00    1.70709   2.81781   -1.000   3.24911
 3786.00    1.70810   2.79710   -1.000   3.23598
 3787.00    1.46813   2.77461   -1.000   3.21892
 3788.00    1.78600   2.75256   -1.000   3.19325
 3789.00    1.77268   2.73139   -1.000   3.15451
 3790.00    1.63812   2.70952   -1.000   3.09981
 3791.00    1.80431   2.68388   -1.000   3.02770
 3792.00    1.81443   2.65124   -1.000   2.93610
 3793.00    1.78264   2.60991   -1.000   2.82090
 3794.00    1.60472   2.56098   -1.000   2.68032
 3795.00    1.52577   2.50882   -1.000   2.52363
 3796.00    2.72803   2.46098   16.140   2.37550
 3797.00    4.10904   2.42689   -1.000   2.27086
 3798.00    4.22976   2.41540   -1.000   2.24085
 3799.00    2.99937   2.43040   16.140   2.29437
 3800.00    1.76041   2.46791   -1.000   2.41208
 3801.00    1.54894   2.51812   -1.000   2.55864
 3802.00    1.61340   2.56993   -1.000   2.69945
 3803.00    1.69783   2.61500   -1.000   2.81269
 3804.00    1.68187   2.64947   -1.000   2.89295
 3805.00    1.87016   2.67355   -1.000   2.94780
 3806.00    1.90421   2.69025   -1.000   2.99185
 3807.00    1.73257   2.70330   -1.000   3.03886
 3808.00    1.76176   2.71501   -1.000   3.09091
 3809.00    1.68848   2.72502   -1.000   3.14036
 3810.00    1.92302   2.73127   -1.000   3.17901
 3811.00    1.72723   2.73169   -1.000   3.20269
 3812.00    1.83033   2.72566   -1.000   3.21171
 3813.00    1.92195   2.71415   -1.000   3.20766
 3814.00    1.67428   2.69874   -1.000   3.18963
 3815.00    1.69806   2.68014   -1.000   3.15300
 3816.00    1.87436   2.65789   -1.000   3.09256
 3817.00    1.80175   2.63203   -1.000   3.01016
 3818.00    2.14605   2.60524   -1.000   2.92152
 3819.00    2.30338   2.58356   -1.000   2.85442
 3820.00    2.10053   2.57351   -1.000   2.83536
 3821.00    1.92613   2.57638   -1.000   2.86897
 3822.00    1.66834   2.58636   -1.000   2.93387
 3823.00    1.82761   2.59495   -1.000   2.99973
 3824.00    1.91601   2.59626   -1.000   3.04404
 3825.00    1.74235   2.58912   -1.000   3.05889
 3826.00    1.84228   2.57535   -1.000   3.04663
 3827.00    1.64632   2.55656   -1.000   3.01139
 3828.00    1.61379   2.53263   -1.000   2.95472
 3829.00    1.86860   2.50184   -1.000   2.87508
 3830.00    1.80710   2.46215   -1.000   2.76978
 3831.00    1.67997   2.41291   -1.000   2.63807
 3832.00    1.74701   2.35689   -1.000   2.48594
 3833.00    2.31331   2.30127   -1.000   2.33081
 3834.00    4.19136   2.25655   -1.000   2.20123
 3835.00    5.12507   2.23277   -1.000   2.12897
 3836.00    4.23592   2.23492   -1.000   2.13405
 3837.00    2.57991   2.26070   16.140   2.21355
 3838.00    1.73951   2.30250   -1.000   2.34390
 3839.00    1.73849   2.35175   -1.000   2.49398
 3840.00    1.68907   2.40192   -1.000   2.63676
 3841.00    1.72029   2.44903   -1.000   2.75654
 3842.00    1.69930   2.49075   -1.000   2.84958
 3843.00    1.80753   2.52528   -1.000   2.91915
 3844.00    1.86758   2.55175   -1.000   2.97048
 3845.00    1.98474   2.57052   -1.000   3.00714
 3846.00    1.79939   2.58280   -1.000   3.03133
 3847.00    1.82164   2.59010   -1.000   3.04479
 3848.00    1.76618   2.59383   -1.000   3.04981
 3849.00    1.98482   2.59548   -1.000   3.04979
 3850.00    1.95840   2.59637   -1.000   3.04808
 3851.00    1.80423   2.59710   -1.000   3.04756
 3852.00    1.85028   2.59696   -1.000   3.04890
 3853.00    1.83965   2.59476   -1.000   3.04893
 3854.00    1.86142   2.59004   -1.000   3.04595
 3855.00    2.00527   2.58331   -1.000   3.04179
 3856.00    1.99599   2.57570   -1.000   3.04011
 3857.00    1.91375   2.56851   -1.000   3.04270
 3858.00    1.87177   2.56285   -1.000   3.04620
 3859.00    1.87343   2.55980   -1.000   3.04514
 3860.00    1.73205   2.56011   -1.000   3.03632
 3861.00    1.73839   2.56336   -1.000   3.02084
 3862.00    1.89150   2.56752   -1.000   3.00214
 3863.00    1.87756   2.56977   -1.000   2.98388
 3864.00    1.71107   2.56800   -1.000   2.96891
 3865.00    2.06217   2.56197   -1.000   2.95875
 3866.00    3.69642   2.55317   -1.000   2.95376
 3867.00   11.23021   2.54366   -1.000   2.95320
 3868.00   20.52136   2.53483   -1.000   2.95555
 3869.00   19.59013   2.52693   -1.000   2.95638
 3870.00    9.49358   2.51975   -1.000   2.95009
 3871.00    3.38757   2.51423   -1.000   2.93653
 3872.00    2.14244   2.51173   -1.000   2.91971
 3873.00    1.90261   2.51224   -1.000   2.90308
 3874.00    1.66184   2.51323   -1.000   2.88597
 3875.00    1.69101   2.51090   -1.000   2.86776
 3876.00    1.66793   2.50272   -1.000   2.85155
 3877.00    1.74143   2.48892   -1.000   2.84147
 3878.00    1.69796   2.47156   -1.000   2.83569
 3879.00    1.68715   2.45271   -1.000   2.82566
 3880.00    1.64751   2.43278   -1.000   2.80304
 3881.00    1.67928   2.41058   -1.000   2.76311
 3882.00    1.43826   2.38407   -1.000   2.70553
 3883.00    1.45229   2.35044   -1.000   2.63006
 3884.00    1.61865   2.30695   -1.000   2.53347
 3885.00    1.58429   2.25317   -1.000   2.41252
 3886.00    2.46100   2.19391   16.140   2.27236
 3887.00    6.31522   2.13974   -1.000   2.13280
 3888.00   10.68073   2.10384   -1.000   2.02603
 3889.00   10.77723   2.09673   -1.000   1.98383
 3890.00    6.28473   2.12062   -1.000   2.01988
 3891.00    2.55190   2.16795   16.140   2.12165
 3892.00    1.71258   2.22557   -1.000   2.25899
 3893.00    1.49937   2.28128   -1.000   2.40024
 3894.00    1.54882   2.32827   -1.000   2.52378
 3895.00    1.62262   2.36526   -1.000   2.62063
 3896.00    1.62619   2.39390   -1.000   2.69086
 3897.00    1.71859   2.41607   -1.000   2.73952
 3898.00    1.76954   2.43309   -1.000   2.77407
 3899.00    1.83699   2.44630   -1.000   2.80239
 3900.00    1.86343   2.45684   -1.000   2.83006
 3901.00    1.70544   2.46515   -1.000   2.85777
 3902.00    1.62392   2.47091   -1.000   2.88287
 3903.00    1.71030   2.47414   -1.000   2.90232
 3904.00    1.67291   2.47592   -1.000   2.91502
 3905.00    1.66545   2.47808   -1.000   2.92199
 3906.00    1.67941   2.48242   -1.000   2.92533
 3907.00    1.70764   2.48961   -1.000   2.92641
 3908.00    1.66546   2.49845   -1.000   2.92491
 3909.00    1.72918   2.50690   -1.000   2.91952
 3910.00    1.77628   2.51324   -1.000   2.91041
 3911.00    1.72379   2.51679   -1.000   2.90060
 3912.00    1.74975   2.51761   -1.000   2.89466
 3913.00    1.71424   2.51576   -1.000   2.89451
 3914.00    1.62351   2.51108   -1.000   2.89573
 3915.00    1.69429   2.50334   -1.000   2.88978
 3916.00    1.75480   2.49237   -1.000   2.86889
 3917.00    1.67995   2.47832   -1.000   2.83130
 3918.00    1.68095   2.46178   -1.000   2.78446
 3919.00    1.74358   2.44397   -1.000   2.74314
 3920.00    1.64084   2.42688   -1.000   2.72131
 3921.00    1.57041   2.41247   -1.000   2.72227
 3922.00    1.60620   2.40164   -1.000   2.73666
 3923.00    1.59586   2.39358   -1.000   2.74937
 3924.00    1.73344   2.38654   -1.000   2.75143
 3925.00    1.74658   2.37906   -1.000   2.74515
 3926.00    1.71314   2.37101   -1.000   2.73884
 3927.00    1.67075   2.36333   -1.000   2.74085
 3928.00    1.59924   2.35669   -1.000   2.75248
 3929.00    1.67632   2.35080   -1.000   2.76786
 3930.00    1.54137   2.34497   -1.000   2.77885
 3931.00    1.52087   2.33886   -1.000   2.77975
 3932.00    1.53773   2.33298   -1.000   2.77198
 3933.00    1.43076   2.32850   -1.000   2.76222
 3934.00    1.52695   2.32680   -1.000   2.75864
 3935.00    1.50663   2.32880   -1.000   2.76470
 3936.00    1.64875   2.33457   -1.000   2.77816
 3937.00    1.64125   2.34311   -1.000   2.79417
 3938.00    1.61817   2.35248   -1.000   2.80803
 3939.00    1.59269   2.36048   -1.000   2.81707
 3940.00    1.58822   2.36545   -1.000   2.82014
 3941.00    1.70899   2.36698   -1.000   2.81662
 3942.00    1.51404   2.36628   -1.000   2.80684
 3943.00    1.64958   2.36554   -1.000   2.79275
 3944.00    1.70417   2.36682   -1.000   2.77819
 3945.00    1.60616   2.37080   -1.000   2.76748
 3946.00    1.77281   2.37650   -1.000   2.76323
 3947.00    1.66059   2.38227   -1.000   2.76443
 3948.00    1.59760   2.38709   -1.000   2.76779
 3949.00    1.78926   2.39060   -1.000   2.76931
 3950.00    1.82085   2.39247   -1.000   2.76558
 3951.00    1.70531   2.39213   -1.000   2.75474
 3952.00    1.65532   2.38932   -1.000   2.73726
 3953.00    1.66113   2.38415   -1.000   2.71661
 3954.00    1.71130   2.37669   -1.000   2.69781
 3955.00    1.62069   2.36661   -1.000   2.68518
 3956.00    1.70451   2.35361   -1.000   2.67874
 3957.00    1.60844   2.33743   -1.000   2.67400
 3958.00    1.55336   2.31727   -1.000   2.66405
 3959.00    1.66402   2.29198   -1.000   2.64285
 3960.00    1.67684   2.26094   -1.000   2.60726
 3961.00    1.65012   2.22495   -1.000   2.55692
 3962.00    1.53565   2.18556   -1.000   2.49320
 3963.00    1.60370   2.14350   -1.000   2.41821
 3964.00    1.97044   2.09787   -1.000   2.33342
 3965.00    2.87514   2.04712   -1.000   2.23904
 3966.00    5.23809   1.99088   -1.000   2.13392
 3967.00    8.40104   1.93215   -1.000   2.01959
 3968.00    8.86123   1.87860   -1.000   1.90792
 3969.00   10.32060   1.84131   -1.000   1.82182
 3970.00   10.03248   1.83056   -1.000   1.78631
 3971.00    6.42111   1.85048   -1.000   1.81432
 3972.00    2.76360   1.89666   -1.000   1.89886
 3973.00    1.63982   1.95860   -1.000   2.01798
 3974.00    1.49783   2.02485   -1.000   2.14654
 3975.00    1.47011   2.08716   -1.000   2.26491
 3976.00    1.58003   2.14151   -1.000   2.36255
 3977.00    1.61447   2.18703   -1.000   2.43696
 3978.00    1.47887   2.22405   -1.000   2.49035
 3979.00    1.55772   2.25295   -1.000   2.52699
 3980.00    1.65270   2.27422   -1.000   2.55122
 3981.00    1.73047   2.28890   -1.000   2.56732
 3982.00    1.76720   2.29904   -1.000   2.57976
 3983.00    1.66379   2.30709   -1.000   2.59284
 3984.00    1.60651   2.31490   -1.000   2.60904
 3985.00    1.61236   2.32312   -1.000   2.62769
 3986.00    1.55940   2.33113   -1.000   2.64590
 3987.00    1.56535   2.33776   -1.000   2.66065
 3988.00    1.65142   2.34220   -1.000   2.67036
 3989.00    1.53399   2.34447   -1.000   2.67495
 3990.00    1.76674   2.34551   -1.000   2.67501
 3991.00    1.63407   2.34622   -1.000   2.67065
 3992.00    1.70070   2.34656   -1.000   2.66183
 3993.00    1.72159   2.34570   -1.000   2.64983
 3994.00    1.58302   2.34290   -1.000   2.63799
 3995.00    1.59722   2.33863   -1.000   2.63045
 3996.00    1.55028   2.33469   -1.000   2.62944
 3997.00    1.48887   2.33330   -1.000   2.63330
 3998.00    1.56990   2.33568   -1.000   2.63852
 3999.00    1.68961   2.34111   -1.000   2.64208
 4000.00    1.63664   2.34698   -1.000   2.64232
 4001.00    1.53029   2.34991   -1.000   2.63876
 4002.00    1.69331   2.34721   -1.000   2.63114
 4003.00    1.63968   2.33818   -1.000   2.61941
 4004.00    1.63147   2.32472   -1.000   2.60315
 4005.00    1.60869   2.31085   -1.000   2.58128
 4006.00    1.60944   2.30075   -1.000   2.55292
 4007.00    1.64931   2.29641   -1.000   2.52044
 4008.00    1.64697   2.29720   -1.000   2.49148
 4009.00    1.67711   2.30108   -1.000   2.47679
 4010.00    1.54447   2.30632   -1.000   2.48365
 4011.00    1.69534   2.31197   -1.000   2.50990
 4012.00    1.74350   2.31746   -1.000   2.54529
 4013.00    1.70386   2.32220   -1.000   2.57834
 4014.00    1.63677   2.32533   -1.000   2.60193
 4015.00    1.62880   2.32622   -1.000   2.61496
 4016.00    1.70898   2.32475   -1.000   2.61970
 4017.00    1.63844   2.32126   -1.000   2.61879
 4018.00    1.59550   2.31600   -1.000   2.61339
 4019.00    1.69486   2.30831   -1.000   2.60242
 4020.00    1.64565   2.29637   -1.000   2.58263
 4021.00    1.61171   2.27819   -1.000   2.54962
 4022.00    1.79956   2.25297   -1.000   2.49989
 4023.00    1.74702   2.22263   -1.000   2.43425
 4024.00    1.78042   2.19252   -1.000   2.36230
 4025.00    2.23603   2.17030   16.140   2.30236
 4026.00    2.53875   2.16202   16.140   2.27433
 4027.00    2.17427   2.16799   -1.000   2.28837
 4028.00    1.71505   2.18180   -1.000   2.33654
 4029.00    1.54145   2.19446   -1.000   2.39825
 4030.00    1.59237   2.20041   -1.000   2.45292
 4031.00    1.50113   2.20022   -1.000   2.48941
 4032.00    1.44274   2.19891   -1.000   2.50783
 4033.00    1.92379   2.20175   -1.000   2.51510
 4034.00    1.58206   2.21175   -1.000   2.51925
 4035.00    1.55399   2.22825   -1.000   2.52560
 4036.00    1.65104   2.24763   -1.000   2.53510
 4037.00    1.53688   2.26483   -1.000   2.54446
 4038.00    1.55046   2.27562   -1.000   2.54891
 4039.00    1.43003   2.27833   -1.000   2.54576
 4040.00    1.50547   2.27357   -1.000   2.53594
 4041.00    1.67477   2.26268   -1.000   2.52304
 4042.00    1.65699   2.24663   -1.000   2.51165
 4043.00    1.68377   2.22658   -1.000   2.50443
 4044.00    1.57699   2.20588   -1.000   2.50243
 4045.00    1.54269   2.19025   -1.000   2.50492
 4046.00    1.55800   2.18506   -1.000   2.51023
 4047.00    1.50454   2.19188   -1.000   2.51664
 4048.00    1.52052   2.20715   -1.000   2.52268
 4049.00    1.59235   2.22430   -1.000   2.52705
 4050.00    1.55644   2.23740   -1.000   2.52833
 4051.00    1.44604   2.24319   -1.000   2.52519
 4052.00    1.53973   2.24143   -1.000   2.51764
 4053.00    1.49995   2.23395   -1.000   2.50744
 4054.00    1.47573   2.22337   -1.000   2.49740
 4055.00    1.57235   2.21212   -1.000   2.48959
 4056.00    1.54444   2.20215   -1.000   2.48379
 4057.00    1.61329   2.19459   -1.000   2.47796
 4058.00    1.62506   2.18951   -1.000   2.47025
 4059.00    1.50895   2.18568   -1.000   2.46059
 4060.00    1.57107   2.18046   -1.000   2.45122
 4061.00    1.54252   2.17186   -1.000   2.44526
 4062.00    1.59791   2.16048   -1.000   2.44448
 4063.00    1.48324   2.14976   -1.000   2.44818
 4064.00    1.44909   2.14365   -1.000   2.45352
 4065.00    1.60643   2.14360   -1.000   2.45619
 4066.00    1.74860   2.14767   -1.000   2.45172
 4067.00    2.01090   2.15225   -1.000   2.43744
 4068.00    2.34576   2.15438   16.140   2.41423
 4069.00    2.21064   2.15270   16.140   2.38658
 4070.00    1.90314   2.14803   -1.000   2.36113
 4071.00    1.66090   2.14292   -1.000   2.34256
 4072.00    1.50396   2.13974   -1.000   2.33087
 4073.00    1.55576   2.13856   -1.000   2.32347
 4074.00    1.65570   2.13692   -1.000   2.31778
 4075.00    1.77041   2.13277   -1.000   2.31438
 4076.00    1.87382   2.12712   -1.000   2.31644
 4077.00    1.73586   2.12375   -1.000   2.32549
 4078.00    1.61285   2.12609   -1.000   2.33878
 4079.00    1.62941   2.13421   -1.000   2.35205
 4080.00    1.51125   2.14453   -1.000   2.36108
 4081.00    1.48750   2.15224   -1.000   2.36348
 4082.00    1.57448   2.15439   -1.000   2.35917
 4083.00    1.55812   2.15149   -1.000   2.34985
 4084.00    1.52633   2.14673   -1.000   2.33802
 4085.00    1.59091   2.14332   -1.000   2.32592
 4086.00    1.54798   2.14253   -1.000   2.31470
 4087.00    1.36881   2.14299    0.000   2.30437
 4088.00    1.48384   2.14185    0.000   2.29531
 4089.00    1.50100   2.13658    0.000   2.28744
 4090.00    1.37987   2.12612    0.000   2.27919
 4091.00    1.35843   2.11067    0.000   2.26652
 4092.00    1.44238   2.09060    0.000   2.24446
 4093.00    1.53266   2.06563    0.000   2.20957
 4094.00    1.50286   2.03500    0.000   2.16063
 4095.00    1.39335   1.99791    0.000   2.09787
 4096.00    1.33944   1.95474    0.000   2.02293
 4097.00    1.35938   1.90623    0.000   1.93735
 4098.00    1.57144   1.85367    0.000   1.84309
 4099.00    2.86192   1.80054    0.000   1.74573
 4100.00    7.62037   1.75404    0.000   1.65815
 4101.00   14.07646   1.72429    0.000   1.59951
 4102.00   13.60841   1.72003    0.000   1.58727
 4103.00    7.40355   1.74330    0.000   1.62721
 4104.00    2.55709   1.78737    0.000   1.70835
 4105.00    1.52850   1.84062    0.000   1.81039
 4106.00    1.46012   1.89180    0.000   1.91289
 4107.00    1.41073   1.93344    0.000   2.00142
 4108.00    1.50319   1.96342    0.000   2.07032
 4109.00    1.55975   1.98349    0.000   2.12053
 4110.00    1.54073   1.99738    0.000   2.15655
 4111.00    1.50107   2.00875    0.000   2.18348
 4112.00    1.51192   2.01979    0.000   2.20477
 4113.00    1.46145   2.03073    0.000   2.22134
 4114.00    1.47700   2.04024    0.000   2.23231
 4115.00    1.50267   2.04653    0.000   2.23628
 4116.00    1.47207   2.04843    0.000   2.23147
 4117.00    1.47792   2.04585    0.000   2.21668
 4118.00    1.53040   2.04001   -1.000   2.19320
 4119.00    1.48720   2.03346   -1.000   2.16794
 4120.00    1.53593   2.02910   -1.000   2.15227
 4121.00    1.56455   2.02881   -1.000   2.15591
 4122.00    1.50789   2.03284   -1.000   2.18059
 4123.00    1.48504   2.03947   -1.000   2.21724
 4124.00    1.42921   2.04607   -1.000   2.25240
 4125.00    1.44584   2.05006   -1.000   2.27535
 4126.00    1.52013   2.04983   -1.000   2.28215
 4127.00    1.50075   2.04534   -1.000   2.27559
 4128.00    1.43125   2.03752   -1.000   2.26184
 4129.00    1.50940   2.02761   -1.000   2.24732
 4130.00    1.29171   2.01698   -1.000   2.23615
 4131.00    1.53465   2.00734   -1.000   2.23106
 4132.00    1.65196   2.00084   -1.000   2.23335
 4133.00    1.43279   1.99936   -1.000   2.24199
 4134.00    1.42948   2.00318   -1.000   2.25389
 4135.00    1.54064   2.01068   -1.000   2.26458
 4136.00    1.46518   2.01883   -1.000   2.27008
 4137.00    1.52809   2.02428   -1.000   2.26831
 4138.00    1.48297   2.02447   -1.000   2.25845
 4139.00    1.48975   2.01762   -1.000   2.23946
 4140.00    1.55505   2.00296   -1.000   2.21031
 4141.00    1.48687   1.98199   -1.000   2.17262
 4142.00    1.43468   1.95923   -1.000   2.13326
 4143.00    1.47453   1.94138   -1.000   2.10383
 4144.00    1.52158   1.93423   -1.000   2.09548
 4145.00    1.44405   1.93870   -1.000   2.11107
 4146.00    1.54352   1.95027   -1.000   2.14221
 4147.00    1.35058   1.96234   -1.000   2.17565
 4148.00    1.35306   1.97017   -1.000   2.20081
 4149.00    1.47411   1.97241   -1.000   2.21328
 4150.00    1.50312   1.97058   -1.000   2.21527
 4151.00    1.55689   1.96703   -1.000   2.21195
 4152.00    1.47044   1.96335   -1.000   2.20784
 4153.00    1.48451   1.96034   -1.000   2.20624
 4154.00    1.49553   1.95839   -1.000   2.20911
 4155.00    1.42690   1.95806   -1.000   2.21601
 4156.00    1.41595   1.95993   -1.000   2.22510
 4157.00    1.46179   1.96425   -1.000   2.23463
 4158.00    1.41915   1.97059   -1.000   2.24223
 4159.00    1.52782   1.97759   -1.000   2.24556
 4160.00    1.58955   1.98365   -1.000   2.24346
 4161.00    1.53831   1.98745   -1.000   2.23630
 4162.00    1.45936   1.98812   -1.000   2.22583
 4163.00    1.41601   1.98516   -1.000   2.21470
 4164.00    1.37851   1.97874   -1.000   2.20478
 4165.00    1.41015   1.97016   -1.000   2.19637
 4166.00    1.46771   1.96137   -1.000   2.18873
 4167.00    1.47689   1.95403   -1.000   2.18115
 4168.00    1.48859   1.94884   -1.000   2.17401
 4169.00    1.38316   1.94487   -1.000   2.16903
 4170.00    1.50304   1.94025   -1.000   2.16725
 4171.00    1.48952   1.93382   -1.000   2.16754
 4172.00    1.38047   1.92618   -1.000   2.16829
 4173.00    1.41214   1.91932   -1.000   2.16867
 4174.00    1.50432   1.91496   -1.000   2.16871
 4175.00    1.40553   1.91330   -1.000   2.16929
 4176.00    1.49599   1.91346   -1.000   2.17126
 4177.00    1.45743   1.91437   -1.000   2.17494
 4178.00    1.42399   1.91533   -1.000   2.17984
 4179.00    1.45218   1.91612   -1.000   2.18483
 4180.00    1.44368   1.91680   -1.000   2.18860
 4181.00    1.45536   1.91776   -1.000   2.18970
 4182.00    1.48962   1.91950   -1.000   2.18713
 4183.00    1.50945   1.92173   -1.000   2.18098
 4184.00    1.51615   1.92312   -1.000   2.17228
 4185.00    1.55122   1.92220   -1.000   2.16281
 4186.00    1.50649   1.91856   -1.000   2.15438
 4187.00    1.40314   1.91366   -1.000   2.14757
 4188.00    1.43436   1.90987   -1.000   2.14271
 4189.00    1.47723   1.90834   -1.000   2.14047
 4190.00    1.47159   1.90848   -1.000   2.14209
 4191.00    1.61686   1.90861   -1.000   2.14769
 4192.00    1.57007   1.90673   -1.000   2.15481
 4193.00    1.54105   1.90079   -1.000   2.16030
 4194.00    1.55630   1.88915   -1.000   2.16200
 4195.00    1.54436   1.87206   -1.000   2.15940
 4196.00    1.49769   1.85171   -1.000   2.15361
 4197.00    1.41804   1.83148   -1.000   2.14607
 4198.00    1.51106   1.81479   -1.000   2.13812
 4199.00    1.41644   1.80431   -1.000   2.13117
 4200.00    1.44524   1.80151   -1.000   2.12663
 4201.00    1.49816   1.80634   -1.000   2.12535
 4202.00    1.49193   1.81769   -1.000   2.12692
 4203.00    1.50080   1.83365   -1.000   2.13022
 4204.00    1.40757   1.85136   -1.000   2.13396
 4205.00    1.49378   1.86809   -1.000   2.13739
 4206.00    1.39562   1.88171   -1.000   2.14016
 4207.00    1.38438   1.89085   -1.000   2.14185
 4208.00    1.50778   1.89524   -1.000   2.14197
 4209.00    1.49367   1.89548   -1.000   2.14015
 4210.00    1.44155   1.89259   -1.000   2.13645
 4211.00    1.51053   1.88761   -1.000   2.13146
 4212.00    1.40860   1.88107   -1.000   2.12581
 4213.00    1.38476   1.87380   -1.000   2.11993
 4214.00    1.40490   1.86804   -1.000   2.11423
 4215.00    1.46126   1.86673   -1.000   2.10904
 4216.00    1.44230   1.87195   -1.000   2.10469
 4217.00    1.36557   1.88277   -1.000   2.10097
 4218.00    1.39763   1.89498   -1.000   2.09687
 4219.00    1.39762   1.90332   -1.000   2.09118
 4220.00    1.51785   1.90372   -1.000   2.08330
 4221.00    1.41182   1.89410   -1.000   2.07344
 4222.00    1.40208   1.87462   -1.000   2.06260
 4223.00    1.46150   1.84786   -1.000   2.05200
 4224.00    1.46446   1.81847   -1.000   2.04212
 4225.00    1.46053   1.79257   -1.000   2.03339
 4226.00    1.37978   1.77646   -1.000   2.02692
 4227.00    1.49688   1.77436   -1.000   2.02376
 4228.00    1.54707   1.78608   -1.000   2.02456
 4229.00    1.28915   1.80629   -1.000   2.02864
 4230.00    1.41874   1.82713   -1.000   2.03388
 4231.00    1.77040   1.84227   -1.000   2.03833
 4232.00    1.39926   1.84871   -1.000   2.04095
 4233.00    1.42610   1.84756   -1.000   2.04118
 4234.00    1.32832   1.84263   -1.000   2.03928
 4235.00    1.37071   1.83742   -1.000   2.03594
 4236.00    1.50733   1.83426   -1.000   2.03198
 4237.00    1.46543   1.83447   -1.000   2.02871
 4238.00    1.31610   1.83798   -1.000   2.02696
 4239.00    1.50516   1.84404   -1.000   2.02628
 4240.00    1.34752   1.85215   -1.000   2.02631
 4241.00    1.40073   1.86161   -1.000   2.02752
 4242.00    1.49941   1.87112   -1.000   2.03063
 4243.00    1.51228   1.87895   -1.000   2.03533
 4244.00    1.52124   1.88295   -1.000   2.03963
 4245.00    1.47933   1.88076   -1.000   2.04147
 4246.00    1.42463   1.87137   -1.000   2.04015
 4247.00    1.38894   1.85612   -1.000   2.03617
 4248.00    1.40368   1.83827   -1.000   2.03008
 4249.00    1.39720   1.82137   -1.000   2.02145
 4250.00    1.35962   1.80789   -1.000   2.00946
 4251.00    1.36593   1.79893   -1.000   1.99460
 4252.00    1.36131   1.79410   -1.000   1.97919
 4253.00    1.38292   1.79234   -1.000   1.96682
 4254.00    1.45016   1.79325   -1.000   1.96164
 4255.00    1.39410   1.79669   -1.000   1.96512
 4256.00    1.40336   1.80118   -1.000   1.97393
 4257.00    1.46348   1.80374   -1.000   1.98363
 4258.00    1.46759   1.80241   -1.000   1.99156
 4259.00    1.41131   1.79875   -1.000   1.99672
 4260.00    1.26108   1.79682   -1.000   1.99947
 4261.00    1.39557   1.80050   -1.000   2.00003
 4262.00    1.40754   1.81073   -1.000   1.99663
 4263.00    1.44327   1.82423   -1.000   1.98561
 4264.00    1.45132   1.83560   -1.000   1.96475
 4265.00    1.36658   1.84045   -1.000   1.93633
 4266.00    1.42254   1.83653   -1.000   1.90714
 4267.00    1.56362   1.82383   -1.000   1.88783
 4268.00    1.38669   1.80438   -1.000   1.88593
 4269.00    1.30950   1.78115   -1.000   1.89834
 4270.00    1.40877   1.75753   -1.000   1.91547
 4271.00    1.36754   1.73728   -1.000   1.92841
 4272.00    1.21740   1.72415   -1.000   1.93178
 4273.00    1.32585   1.72041   -1.000   1.92559
 4274.00    1.37062   1.72579   -1.000   1.91432
 4275.00    1.37512   1.73863   -1.000   1.90398
 4276.00    1.40046   1.75580   -1.000   1.90004
 4277.00    1.39413   1.77244   -1.000   1.90481
 4278.00    1.36407   1.78433   -1.000   1.91582
 4279.00    1.38035   1.78940   -1.000   1.92706
 4280.00    1.34030   1.78837   -1.000   1.93263
 4281.00    1.31271   1.78419   -1.000   1.93031
 4282.00    1.33180   1.77938   -1.000   1.92219
 4283.00    1.42864   1.77492   -1.000   1.91301
 4284.00    1.47276   1.77039   -1.000   1.90698
 4285.00    1.36017   1.76446   -1.000   1.90528
 4286.00    1.47652   1.75628   -1.000   1.90634
 4287.00    1.60095   1.74597   -1.000   1.90736
 4288.00    1.50325   1.73456   -1.000   1.90649
 4289.00    1.40320   1.72447   -1.000   1.90472
 4290.00    1.43669   1.71871    0.000   1.90403
 4291.00    1.44599   1.71868    0.000   1.90518
 4292.00    1.35177   1.72313    0.000   1.90784
 4293.00    1.36078   1.72854    0.000   1.91044
 4294.00    1.36993   1.73118    0.000   1.91180
 4295.00    1.39293   1.72900    0.000   1.91277
 4296.00    1.39336   1.72120    0.000   1.91394
 4297.00    1.33711   1.70835    0.000   1.91460
 4298.00    1.34167   1.69274    0.000   1.91361
 4299.00    1.26411   1.67744    0.000   1.90962
 4300.00    1.19591   1.66546    0.000   1.90194
 4301.00    1.23060   1.65832    0.000   1.89130
 4302.00    1.33776   1.65479    0.000   1.87927
 4303.00    1.35184   1.65242    0.000   1.86829
 4304.00    1.25754   1.64894    0.000   1.86099
 4305.00    1.35369   1.64285    0.000   1.85798
 4306.00    1.38614   1.63485    0.000   1.85785
 4307.00    1.31725   1.62756    0.000   1.85937
 4308.00    1.26958   1.62419    0.000   1.86221
 4309.00    1.33784   1.62729    0.000   1.86619
 4310.00    1.36531   1.63754    0.000   1.87060
 4311.00    1.23738   1.65369    0.000   1.87373
 4312.00    1.26268   1.67399    0.000   1.87353
 4313.00    1.30241   1.69700    0.000   1.86944
 4314.00    1.26847   1.72139    0.000   1.86279
 4315.00    1.29148   1.74559    0.000   1.85549
 4316.00    1.39097   1.76693    0.000   1.84905
 4317.00    1.38082   1.78163    0.000   1.84473
 4318.00    1.33947   1.78702    0.000   1.84348
 4319.00    1.31523   1.78268    0.000   1.84536
 4320.00    1.27098   1.76941    0.000   1.84964
 4321.00    1.27151   1.74869    0.000   1.85398
 4322.00    1.38299   1.72271    0.000   1.85474
 4323.00    1.36554   1.69470    0.000   1.84988
 4324.00    1.28611   1.66991    0.000   1.84002
 4325.00    1.34320   1.65447    0.000   1.82813
 4326.00    1.36492   1.65230    0.000   1.81832
 4327.00    1.34262   1.66253    0.000   1.81252
 4328.00    1.39260   1.67926    0.000   1.80868
 4329.00    1.28876   1.69462    0.000   1.80309
 4330.00    1.28890   1.70340    0.000   1.79282
 4331.00    1.25784   1.70444    0.000   1.77618
 4332.00    1.25968   1.69841    0.000   1.75267
 4333.00    1.32688   1.68515    0.000   1.72153
 4334.00    1.26817   1.66287    0.000   1.68034
 4335.00    1.23309   1.62914    0.000   1.62591
 4336.00    1.32715   1.58303    0.000   1.55668
 4337.00    2.00980   1.52814    0.000   1.47634
 4338.00    5.77224   1.47390    0.000   1.39563
 4339.00   16.44161   1.43177    0.000   1.32949
 4340.00   25.73498   1.41090    0.000   1.29263
 4341.00   20.47913   1.41573    0.000   1.29424
 4342.00    9.29854   1.44333    0.000   1.33175
 4343.00    2.86052   1.48470    0.000   1.39239
 4344.00    1.61560   1.53039    0.000   1.46094
 4345.00    1.32056   1.57362    0.000   1.52551
 4346.00    1.36816   1.61006    0.000   1.57976
 4347.00    1.28505   1.63749    0.000   1.62227
 4348.00    1.19716   1.65535    0.000   1.65431
 4349.00    1.28618   1.66336    0.000   1.67814
 4350.00    1.31924   1.66251    0.000   1.69657
 4351.00    1.26455   1.65675    0.000   1.71291
 4352.00    1.29563   1.65214    0.000   1.73040
 4353.00    1.27862   1.65329    0.000   1.75045
 4354.00    1.33304   1.66070    0.000   1.77189
 4355.00    1.27212   1.67172    0.000   1.79220
 4356.00    1.22315   1.68291    0.000   1.80832
 4357.00    1.37959   1.69153    0.000   1.81825
 4358.00    1.46923   1.69687    0.000   1.82230
 4359.00    1.40677   1.70062    0.000   1.82257
 4360.00    1.55659   1.70525    0.000   1.82161
 4361.00    2.05496   1.71176    0.000   1.82109
 4362.00    3.10267   1.71913    0.000   1.82120
 4363.00    3.74426   1.72540    0.000   1.82056
 4364.00    2.85970   1.72874    0.000   1.81737
 4365.00    1.83889   1.72765    0.000   1.81141
 4366.00    1.38735   1.72174    0.000   1.80381
 4367.00    1.34303   1.71275    0.000   1.79657
 4368.00    1.32608   1.70347    0.000   1.79101
 4369.00    1.27831   1.69567    0.000   1.78676
 4370.00    1.29360   1.68910    0.000   1.78270
 4371.00    1.27172   1.68234    0.000   1.77812
 4372.00    1.35595   1.67424    0.000   1.77376
 4373.00    1.28048   1.66503    0.000   1.77141
 4374.00    1.19975   1.65696    0.000   1.77198
 4375.00    1.27552   1.65297    0.000   1.77508
 4376.00    1.24209   1.65408    0.000   1.77958
 4377.00    1.33855   1.65799    0.000   1.78374
 4378.00    1.31451   1.65971    0.000   1.78593
 4379.00    1.29255   1.65425    0.000   1.78515
 4380.00    1.31857   1.63922    0.000   1.78079
 4381.00    1.32769   1.61601    0.000   1.77211
 4382.00    1.30943   1.58919    0.000   1.75873
 4383.00    1.17273   1.56531    0.000   1.74121
 4384.00    1.22778   1.55049    0.000   1.72090
 4385.00    1.33036   1.54689    0.000   1.69975
 4386.00    1.40968   1.55195    0.000   1.68055
 4387.00    1.50884   1.56117    0.000   1.66728
 4388.00    1.47457   1.57156    0.000   1.66525
 4389.00    1.41086   1.58223    0.000   1.67689
 4390.00    1.33827   1.59308    0.000   1.69827
 4391.00    1.30390   1.60408    0.000   1.72229
 4392.00    1.31632   1.61491    0.000   1.74299
 4393.00    1.29451   1.62506    0.000   1.75690
 4394.00    1.20146   1.63448    0.000   1.76417
 4395.00    1.33948   1.64348    0.000   1.76780
 4396.00    1.34501   1.65162    0.000   1.77118
 4397.00    1.31197   1.65703    0.000   1.77538
 4398.00    1.31696   1.65756    0.000   1.77911
 4399.00    1.23518   1.65244    0.000   1.78067
 4400.00    1.18719   1.64240    0.000   1.77923
 4401.00    1.27720   1.62906   -1.000   1.77477
 4402.00    1.32248   1.61359   -1.000   1.76749
 4403.00    1.25212   1.59677   -1.000   1.75784
 4404.00    1.22247   1.58096   -1.000   1.74739
 4405.00    1.37639   1.57042   -1.000   1.73856
 4406.00    1.33117   1.56835   -1.000   1.73322
 4407.00    1.30133   1.57502   -1.000   1.73158
 4408.00    1.30423   1.58864   -1.000   1.73243
 4409.00    1.32249   1.60623   -1.000   1.73382
 4410.00    1.29783   1.62327   -1.000   1.73332
 4411.00    1.19674   1.63471   -1.000   1.72898
 4412.00    1.31397   1.63772   -1.000   1.72041
 4413.00    1.31940   1.63255   -1.000   1.70845
 4414.00    1.31862   1.62271   -1.000   1.69552
 4415.00    1.33842   1.61409   -1.000   1.68610
 4416.00    1.32714   1.61183   -1.000   1.68403
 4417.00    1.32487   1.61669   -1.000   1.69008
 4418.00    1.24571   1.62533   -1.000   1.70207
 4419.00    1.36856   1.63288   -1.000   1.71595
 4420.00    1.32574   1.63551   -1.000   1.72807
 4421.00    1.22213   1.63233   -1.000   1.73662
 4422.00    1.31231   1.62558   -1.000   1.74101
 4423.00    1.29485   1.61878   -1.000   1.74167
 4424.00    1.38296   1.61425   -1.000   1.73931
 4425.00    1.35040   1.61221   -1.000   1.73445
 4426.00    1.28261   1.61173   -1.000   1.72789
 4427.00    1.29579   1.61177   -1.000   1.72085
 4428.00    1.26211   1.61142   -1.000   1.71449
 4429.00    1.24247   1.60978   -1.000   1.70904
 4430.00    1.24200   1.60645   -1.000   1.70413
 4431.00    1.32185   1.60164   -1.000   1.69958
 4432.00    1.36330   1.59532   -1.000   1.69512
 4433.00    1.29509   1.58778   -1.000   1.69050
 4434.00    1.31622   1.58105   -1.000   1.68624
 4435.00    1.35440   1.57839   -1.000   1.68348
 4436.00    1.27060   1.58191   -1.000   1.68330
 4437.00    1.24840   1.59050   -1.000   1.68626
 4438.00    1.37231   1.60008   -1.000   1.69168
 4439.00    1.39097   1.60607   -1.000   1.69713
 4440.00    1.22872   1.60606   -1.000   1.69990
 4441.00    1.11584   1.60150   -1.000   1.69921
 4442.00    1.15778   1.59672   -1.000   1.69648
 4443.00    1.15453   1.59593   -1.000   1.69390
 4444.00    1.25740   1.60071   -1.000   1.69260
 4445.00    1.32995   1.60929   -1.000   1.69205
 4446.00    1.31297   1.61794   -1.000   1.69122
 4447.00    1.28053   1.62365   -1.000   1.69044
 4448.00    1.30171   1.62544   -1.000   1.69060
 4449.00    1.27523   1.62317   -1.000   1.69161
 4450.00    1.28434   1.61699   -1.000   1.69237
 4451.00    1.30938   1.60738   -1.000   1.69173
 4452.00    1.29999   1.59475   -1.000   1.68930
 4453.00    1.24765   1.57976   -1.000   1.68565
 4454.00    1.20806   1.56411   -1.000   1.68172
 4455.00    1.23287   1.55030    0.000   1.67816
 4456.00    1.24984   1.54008    0.000   1.67551
 4457.00    1.26773   1.53325    0.000   1.67363
 4458.00    1.28033   1.52868    0.000   1.67189
 4459.00    1.27601   1.52580    0.000   1.66978
 4460.00    1.26795   1.52497    0.000   1.66729
 4461.00    1.28951   1.52692    0.000   1.66454
 4462.00    1.30672   1.53216    0.000   1.66149
 4463.00    1.24329   1.53985    0.000   1.65746
 4464.00    1.16610   1.54699    0.000   1.65089
 4465.00    1.15690   1.55039    0.000   1.64005
 4466.00    1.18036   1.54853    0.000   1.62365
 4467.00    1.27625   1.54146    0.000   1.60085
 4468.00    1.27540   1.53069    0.000   1.57231
 4469.00    1.60298   1.51936    0.000   1.54149
 4470.00    2.44670   1.51174    0.000   1.51507
 4471.00    3.18940   1.51162    0.000   1.50195
 4472.00    2.98863   1.52078    0.000   1.50929
 4473.00    2.00963   1.53757    0.000   1.53608
 4474.00    1.31418   1.55722    0.000   1.57237
 4475.00    1.24972   1.57496    0.000   1.60693
 4476.00    1.32485   1.58748    0.000   1.63150
 4477.00    1.25109   1.59268    0.000   1.64209
 4478.00    1.15892   1.58989    0.000   1.63938
 4479.00    1.24306   1.58080    0.000   1.62837
 4480.00    1.28580   1.56964    0.000   1.61651
 4481.00    1.12175   1.56167    0.000   1.61125
 4482.00    1.06305   1.56065    0.000   1.61642
 4483.00    1.16614   1.56677    0.000   1.62965
 4484.00    1.25590   1.57660    0.000   1.64483
 4485.00    1.22187   1.58509    0.000   1.65620
 4486.00    1.27065   1.58822    0.000   1.66070
 4487.00    1.23661   1.58470    0.000   1.65867
 4488.00    1.22903   1.57627    0.000   1.65327
 4489.00    1.21687   1.56648    0.000   1.64842
 4490.00    1.20671   1.55843    0.000   1.64641
 4491.00    1.27297   1.55298    0.000   1.64693
 4492.00    1.22516   1.54870    0.000   1.64790
 4493.00    1.31910   1.54398    0.000   1.64752
 4494.00    1.26321   1.53911    0.000   1.64542
 4495.00    1.21066   1.53631    0.000   1.64270
 4496.00    1.29720   1.53770   -1.000   1.64094
 4497.00    1.20866   1.54358   -1.000   1.64109
 4498.00    1.24787   1.55228   -1.000   1.64312
 4499.00    1.26853   1.56154   -1.000   1.64633
 4500.00    1.20989   1.56991   -1.000   1.65008
 4501.00    1.20927   1.57755   -1.000   1.65424
 4502.00    1.29042   1.58539   -1.000   1.65857
 4503.00    1.31946   1.59325   -1.000   1.66209
 4504.00    1.25562   1.59937   -1.000   1.66329
 4505.00    1.21242   1.60207   -1.000   1.66138
 4506.00    1.21484   1.60114   -1.000   1.65684
 4507.00    1.21816   1.59779   -1.000   1.65093
 4508.00    1.24083   1.59350   -1.000   1.64475
 4509.00    1.25808   1.58893   -1.000   1.63847
 4510.00    1.23644   1.58363   -1.000   1.63164
 4511.00    1.22313   1.57686   -1.000   1.62414
 4512.00    1.24886   1.56865   -1.000   1.61685
 4513.00    1.29074   1.56019   -1.000   1.61128
 4514.00    1.20934   1.55316   -1.000   1.60860
 4515.00    1.14360   1.54873   -1.000   1.60891
 4516.00    1.29397   1.54711   -1.000   1.61150
 4517.00    1.15449   1.54778   -1.000   1.61518
 4518.00    1.17019   1.55016   -1.000   1.61889
 4519.00    1.15610   1.55337   -1.000   1.62177
 4520.00    1.15750   1.55564   -1.000   1.62269
 4521.00    1.23654   1.55470   -1.000   1.62062
 4522.00    1.24416   1.54892   -1.000   1.61517
 4523.00    1.22662   1.53808   -1.000   1.60696
 4524.00    1.30989   1.52321   -1.000   1.59702
 4525.00    1.25028   1.50585   -1.000   1.58608
 4526.00    1.13929   1.48815   -1.000   1.57466
 4527.00    1.19424   1.47276   -1.000   1.56360
 4528.00    1.24704   1.46192   -1.000   1.55452
 4529.00    1.21764   1.45662   -1.000   1.54934
 4530.00    1.22992   1.45610   -1.000   1.54893
 4531.00    1.22437   1.45833   -1.000   1.55214
 4532.00    1.14886   1.46120   -1.000   1.55662
 4533.00    1.14830   1.46346   -1.000   1.56058
 4534.00    1.22329   1.46546   -1.000   1.56407
 4535.00    1.21000   1.46839   -1.000   1.56844
 4536.00    1.12516   1.47256   -1.000   1.57452
 4537.00    1.14696   1.47598   -1.000   1.58131
 4538.00    1.14844   1.47567   -1.000   1.58672
 4539.00    1.13475   1.47059   -1.000   1.58939
 4540.00    1.16308   1.46281   -1.000   1.58945
 4541.00    1.21729   1.45615   -1.000   1.58812
 4542.00    1.17502   1.45366   -1.000   1.58660
 4543.00    1.16228   1.45575   -1.000   1.58524
 4544.00    1.14320   1.46059   -1.000   1.58367
 4545.00    1.12853   1.46613   -1.000   1.58163
 4546.00    1.16545   1.47114   -1.000   1.57896
 4547.00    1.25179   1.47483   -1.000   1.57523
 4548.00    1.25990   1.47693   -1.000   1.56983
 4549.00    1.17075   1.47768   -1.000   1.56242
 4550.00    1.15639   1.47759   -1.000   1.55330
 4551.00    1.16571   1.47692   -1.000   1.54349
 4552.00    1.10055   1.47588   -1.000   1.53515
 4553.00    1.16011   1.47553   -1.000   1.53149
 4554.00    1.17567   1.47745   -1.000   1.53447
 4555.00    1.09305   1.48276   -1.000   1.54325
 4556.00    1.18832   1.49133   -1.000   1.55538
 4557.00    1.19671   1.50148   -1.000   1.56770
 4558.00    1.13944   1.51054   -1.000   1.57743
 4559.00    1.15215   1.51618   -1.000   1.58309
 4560.00    1.26484   1.51726   -1.000   1.58456
 4561.00    1.35410   1.51394   16.140   1.58263
 4562.00    1.44415   1.50736   16.140   1.57847
 4563.00    1.37124   1.49942   16.140   1.57328
 4564.00    1.26546   1.49285   -1.000   1.56832
 4565.00    1.25351   1.49000   -1.000   1.56438
 4566.00    1.25403   1.49141   -1.000   1.56169
 4567.00    1.24205   1.49532   -1.000   1.56010
 4568.00    1.29659   1.49876   -1.000   1.55945
 4569.00    1.23915   1.49960   -1.000   1.55937
 4570.00    1.14789   1.49781   -1.000   1.55911
 4571.00    1.21323   1.49506   -1.000   1.55828
 4572.00    1.35131   1.49353   16.140   1.55723
 4573.00    1.22448   1.49384   -1.000   1.55621
 4574.00    1.14771   1.49445   -1.000   1.55525
 4575.00    1.28269   1.49341   -1.000   1.55457
 4576.00    1.27699   1.48951   -1.000   1.55410
 4577.00    1.21836   1.48249   -1.000   1.55311
 4578.00    1.20963   1.47323   -1.000   1.55112
 4579.00    1.23447   1.46365   -1.000   1.54850
 4580.00    1.27728   1.45596   -1.000   1.54614
 4581.00    1.17709   1.45162   -1.000   1.54457
 4582.00    1.16539   1.45043   -1.000   1.54335
 4583.00    1.16073   1.45103   -1.000   1.54170
 4584.00    1.10840   1.45243   -1.000   1.53928
 4585.00    1.16215   1.45464   -1.000   1.53632
 4586.00    1.23792   1.45816   -1.000   1.53315
 4587.00    1.29405   1.46294   -1.000   1.52968
 4588.00    1.23244   1.46751   -1.000   1.52536
 4589.00    1.17608   1.46961   -1.000   1.51970
 4590.00    1.22336   1.46764   -1.000   1.51295
 4591.00    1.19478   1.46177   -1.000   1.50639
 4592.00    1.18301   1.45369   -1.000   1.50122
 4593.00    1.20904   1.44550   -1.000   1.49752
 4594.00    1.19737   1.43871   -1.000   1.49494
 4595.00    1.19537   1.43411   -1.000   1.49351
 4596.00    1.17541   1.43183   -1.000   1.49350
 4597.00    1.13320   1.43137   -1.000   1.49466
 4598.00    1.15123   1.43185   -1.000   1.49575
 4599.00    1.24172   1.43240   -1.000   1.49534
 4600.00    1.16285   1.43239   -1.000   1.49321
 4601.00    1.18475   1.43191   -1.000   1.49051
 4602.00    1.23816   1.43146   -1.000   1.48899
 4603.00    1.21775   1.43163   -1.000   1.48935
 4604.00    1.21433   1.43340   -1.000   1.49088
 4605.00    1.15501   1.43781   -1.000   1.49259
 4606.00    1.20481   1.44539   -1.000   1.49419
 4607.00    1.22019   1.45527   -1.000   1.49620
 4608.00    1.18523   1.46508   -1.000   1.49907
 4609.00    1.18838   1.47192   -1.000   1.50246
 4610.00    1.15978   1.47419   -1.000   1.50574
 4611.00    1.09841   1.47248   -1.000   1.50844
 4612.00    1.15012   1.46900   -1.000   1.51029
 4613.00    1.24859   1.46610   -1.000   1.51152
 4614.00    1.21661   1.46514   -1.000   1.51242
 4615.00    1.19691   1.46592   -1.000   1.51245
 4616.00    1.22238   1.46720   -1.000   1.51052
 4617.00    1.17849   1.46791   -1.000   1.50621
 4618.00    1.23734   1.46757   -1.000   1.50043
 4619.00    1.32158   1.46638   16.140   1.49540
 4620.00    1.26299   1.46498   -1.000   1.49327
 4621.00    1.18742   1.46361   -1.000   1.49445
 4622.00    1.24050   1.46191   -1.000   1.49753
 4623.00    1.32578   1.45962   16.140   1.50036
 4624.00    1.25304   1.45680   -1.000   1.50089
 4625.00    1.29765   1.45366   16.140   1.49807
 4626.00    1.35981   1.45072   16.140   1.49213
 4627.00    1.27963   1.44844   16.140   1.48423
 4628.00    1.15943   1.44679   -1.000   1.47583
 4629.00    1.11584   1.44539   -1.000   1.46838
 4630.00    1.15744   1.44376   -1.000   1.46306
 4631.00    1.21439   1.44123   -1.000   1.46027
 4632.00    1.22221   1.43705   -1.000   1.45913
 4633.00    1.22886   1.43112   -1.000   1.45797
 4634.00    1.23922   1.42402   -1.000   1.45541
 4635.00    1.21895   1.41637   -1.000   1.45052
 4636.00    1.14885   1.40856   -1.000   1.44273
 4637.00    1.11789   1.40107   -1.000   1.43220
 4638.00    1.13100   1.39471   -1.000   1.42023
 4639.00    1.19675   1.39029   -1.000   1.40916
 4640.00    1.25203   1.38794    0.000   1.40122
 4641.00    1.24381   1.38676    0.000   1.39752
 4642.00    1.22014   1.38484    0.000   1.39771
 4643.00    1.16318   1.38027    0.000   1.39980
 4644.00    1.17876   1.37260    0.000   1.40062
 4645.00    1.24296   1.36320    0.000   1.39739
 4646.00    1.17111   1.35470    0.000   1.38942
 4647.00    1.12959   1.35004    0.000   1.37871
 4648.00    1.16975   1.35087    0.000   1.36898
 4649.00    1.14518   1.35673    0.000   1.36399
 4650.00    1.16525   1.36541    0.000   1.36595
 4651.00    1.18543   1.37403    0.000   1.37471
 4652.00    1.23635   1.38023    0.000   1.38779
 4653.00    1.20620   1.38312    0.000   1.40168
 4654.00    1.10807   1.38366    0.000   1.41386
 4655.00    1.21590   1.38424    0.000   1.42386
 4656.00    1.34121   1.38721    0.000   1.43226
 4657.00    1.57431   1.39330    0.000   1.43943
 4658.00    1.73977   1.40102    0.000   1.44492
 4659.00    1.62075   1.40723    0.000   1.44762
 4660.00    1.37734   1.40880    0.000   1.44685
 4661.00    1.25226   1.40420    0.000   1.44307
 4662.00    1.24580   1.39389    0.000   1.43786
 4663.00    1.18145   1.37973    0.000   1.43245
 4664.00    1.19250   1.36383    0.000   1.42693
 4665.00    1.21283   1.34819    0.000   1.42084
 4666.00    1.20761   1.33487    0.000   1.41416
 4667.00    1.18784   1.32633    0.000   1.40780
 4668.00    1.18346   1.32449    0.000   1.40310
 4669.00    1.19513   1.32925    0.000   1.40077
 4670.00    1.19052   1.33820    0.000   1.40018
 4671.00    1.16721   1.34783    0.000   1.39978
 4672.00    1.16721   1.35547    0.000   1.39820
 4673.00    1.19872   1.36017    0.000   1.39523
 4674.00    1.18172   1.36238    0.000   1.39187
 4675.00    1.15162   1.36272    0.000   1.38951
 4676.00    1.19771   1.36120    0.000   1.38905
 4677.00    1.17289   1.35724    0.000   1.39043
 4678.00    1.15905   1.35054    0.000   1.39270
 4679.00    1.17613   1.34172    0.000   1.39467
 4680.00    1.19835   1.33186    0.000   1.39562
 4681.00    1.19397   1.32183    0.000   1.39552
 4682.00    1.13870   1.31208    0.000   1.39484
 4683.00    1.21584   1.30279    0.000   1.39408
 4684.00    1.42810   1.29452    0.000   1.39352
 4685.00    1.57553   1.28871    0.000   1.39337
 4686.00    1.50814   1.28720    0.000   1.39383
 4687.00    1.33303   1.29069    0.000   1.39489
 4688.00    1.23149   1.29805    0.000   1.39623
 4689.00    1.19751   1.30716    0.000   1.39741
 4690.00    1.16491   1.31605    0.000   1.39822
 4691.00    1.19716   1.32369    0.000   1.39886
 4692.00    1.21445   1.33010    0.000   1.39968
 4693.00    1.19842   1.33549    0.000   1.40048
 4694.00    1.25413   1.33954    0.000   1.40048
 4695.00    1.26324   1.34136    0.000   1.39862
 4696.00    1.31217   1.33997    0.000   1.39421
 4697.00    1.24876   1.33512    0.000   1.38747
 4698.00    1.17239   1.32784    0.000   1.37972
 4699.00    1.23915   1.32012    0.000   1.37299
 4700.00    1.29193   1.31369    0.000   1.36869
 4701.00    1.26388   1.30938    0.000   1.36676
 4702.00    1.24590   1.30729    0.000   1.36615
 4703.00    1.21253   1.30701    0.000   1.36589
 4704.00    1.16540   1.30776    0.000   1.36546
 4705.00    1.12840   1.30850    0.000   1.36490
 4706.00    1.14895   1.30850    0.000   1.36441
 4707.00    1.22072   1.30782    0.000   1.36383
 4708.00    1.11894   1.30713    0.000   1.36244
 4709.00    1.16949   1.30684    0.000   1.35940
 4710.00    1.32356   1.30677    0.000   1.35421
 4711.00    1.46097   1.30637    0.000   1.34715
 4712.00    1.51422   1.30544    0.000   1.33960
 4713.00    1.43062   1.30503    0.000   1.33420
 4714.00    1.31340   1.30705    0.000   1.33354
 4715.00    1.22472   1.31288    0.000   1.33830
 4716.00    1.14221   1.32229    0.000   1.34711
 4717.00    1.21956   1.33344    0.000   1.35805
 4718.00    1.27830   1.34396    0.000   1.36894
 4719.00    1.21166   1.35200    0.000   1.37797
 4720.00    1.18548   1.35665    0.000   1.38418
 4721.00    1.13763   1.35802    0.000   1.38747
 4722.00    1.14344   1.35678    0.000   1.38834
 4723.00    1.18020   1.35350    0.000   1.38738
 4724.00    1.19142   1.34800    0.000   1.38487
 4725.00    1.16606   1.33952    0.000   1.38061
 4726.00    1.15295   1.32783    0.000   1.37458
 4727.00    1.14247   1.31429    0.000   1.36750
 4728.00    1.10363   1.30169    0.000   1.36085
 4729.00    1.08384   1.29287    0.000   1.35614
 4730.00    1.06011   1.28925    0.000   1.35411
 4731.00    1.05607   1.29041    0.000   1.35460
 4732.00    1.11228   1.29458    0.000   1.35681
 4733.00    1.20963   1.29964    0.000   1.35967
 4734.00    1.13535   1.30409    0.000   1.36226
 4735.00    1.15352   1.30749    0.000   1.36396
 4736.00    1.15575   1.31015    0.000   1.36444
 4737.00    1.15206   1.31268    0.000   1.36368
 4738.00    1.25561   1.31534    0.000   1.36190
 4739.00    1.30745   1.31769    0.000   1.35940
 4740.00    1.25160   1.31921    0.000   1.35668
 4741.00    1.24967   1.32003   16.140   1.35452
 4742.00    1.06602   1.32066   -1.000   1.35367
 4743.00    1.06477   1.32157   -1.000   1.35443
 4744.00    1.13154   1.32294   16.140   1.35642
 4745.00    1.10178   1.32473   -1.000   1.35890
 4746.00    1.13921   1.32669   16.140   1.36116
 4747.00    1.14299   1.32819   16.140   1.36263
 4748.00    1.11717   1.32849   -1.000   1.36299
 4749.00    1.07139   1.32708   -1.000   1.36226
 4750.00    1.04958   1.32376   -1.000   1.36066
 4751.00    1.10693   1.31870   -1.000   1.35862
 4752.00    1.17862   1.31259   16.140   1.35658
 4753.00    1.16824   1.30651   16.140   1.35478
 4754.00    1.18010   1.30149   16.140   1.35302
 4755.00    1.24462   1.29816   16.140   1.35076
 4756.00    1.15317   1.29652   16.140   1.34740
 4757.00    1.05145   1.29596   -1.000   1.34255
 4758.00    1.10292   1.29543   16.140   1.33622
 4759.00    1.14301   1.29377   16.140   1.32869
 4760.00    1.16773   1.29003   16.140   1.32031
 4761.00    1.11873   1.28387   16.140   1.31145
 4762.00    1.05778   1.27587   -1.000   1.30270
 4763.00    1.09255   1.26739   16.140   1.29474
 4764.00    1.11928   1.26005   16.140   1.28825
 4765.00    1.08105   1.25539   16.140   1.28369
 4766.00    1.08715   1.25448   16.140   1.28125
 4767.00    1.14332   1.25746   16.140   1.28068
 4768.00    1.11684   1.26319   16.140   1.28132
 4769.00    1.12333   1.26981   16.140   1.28241
 4770.00    1.14602   1.27570   16.140   1.28340
 4771.00    1.09550   1.28025   16.140   1.28419
 4772.00    1.00133   1.28398   -1.000   1.28506
 4773.00    1.05627   1.28772   -1.000   1.28622
 4774.00    1.18785   1.29168   16.140   1.28755
 4775.00    1.14835   1.29532   16.140   1.28847
 4776.00    1.09639   1.29779   16.140   1.28826
 4777.00    1.11118   1.29844   16.140   1.28650
 4778.00    1.15230   1.29684   16.140   1.28325
 4779.00    1.12264   1.29290   16.140   1.27911
 4780.00    1.04214   1.28698   -1.000   1.27497
 4781.00    1.05200   1.27983   -1.000   1.27155
 4782.00    1.10873   1.27239   16.140   1.26921
 4783.00    1.14214   1.26571   16.140   1.26790
 4784.00    1.13670   1.26056   16.140   1.26735
 4785.00    1.09382   1.25715   16.140   1.26714
 4786.00    1.07710   1.25522   16.140   1.26694
 4787.00    1.11439   1.25462   16.140   1.26678
 4788.00    0.98320   1.25540   -1.000   1.26701
 4789.00    1.01157   1.25769   -1.000   1.26808
 4790.00    1.09516   1.26189   16.140   1.27031
 4791.00    1.05799   1.26815   -1.000   1.27370
 4792.00    1.07308   1.27589   16.140   1.27791
 4793.00    1.13577   1.28366   16.140   1.28229
 4794.00    1.14049   1.28951   16.140   1.28591
 4795.00    1.11343   1.29168   16.140   1.28790
 4796.00    1.11046   1.28961   16.140   1.28785
 4797.00    1.07768   1.28439   16.140   1.28596
 4798.00    1.01357   1.27828   -1.000   1.28294
 4799.00    1.04488   1.27362   -1.000   1.27952
 4800.00    1.17957   1.27179   16.140   1.27616
 4801.00    1.03104   1.27245   -1.000   1.27282
 4802.00    0.98183   1.27381   -1.000   1.26912
 4803.00    1.05861   1.27373   -1.000   1.26479
 4804.00    1.06181   1.27099   16.140   1.25991
 4805.00    1.09214   1.26591    0.000   1.25489
 4806.00    1.13312   1.26001    0.000   1.25029
 4807.00    1.05998   1.25503    0.000   1.24660
 4808.00    1.09348   1.25216    0.000   1.24392
 4809.00    1.16415   1.25166    0.000   1.24199
 4810.00    1.14998   1.25287    0.000   1.24037
 4811.00    1.06559   1.25481    0.000   1.23875
 4812.00    1.10499   1.25679    0.000   1.23719
 4813.00    1.07437   1.25878    0.000   1.23612
 4814.00    1.11709   1.26112    0.000   1.23601
 4815.00    1.15740   1.26412    0.000   1.23695
 4816.00    1.09618   1.26765    0.000   1.23856
 4817.00    1.05740   1.27100    0.000   1.24018
 4818.00    1.07494   1.27303    0.000   1.24122
 4819.00    1.03168   1.27259    0.000   1.24150
 4820.00    1.06611   1.26903    0.000   1.24127
 4821.00    1.03457   1.26265    0.000   1.24081
 4822.00    1.04242   1.25477    0.000   1.24015
 4823.00    1.04365   1.24733    0.000   1.23925
 4824.00    0.99442   1.24199    0.000   1.23803
 4825.00    1.07116   1.23926    0.000   1.23631
 4826.00    1.12072   1.23821    0.000   1.23383
 4827.00    1.04679   1.23743    0.000   1.23066
 4828.00    1.12760   1.23590    0.000   1.22734
 4829.00    1.10376   1.23342    0.000   1.22470
 4830.00    1.03604   1.23051    0.000   1.22338
 4831.00    1.03563   1.22799    0.000   1.22349
 4832.00    0.99576   1.22672    0.000   1.22481
 4833.00    1.06948   1.22709    0.000   1.22698
 4834.00    1.12170   1.22851    0.000   1.22934
 4835.00    1.11136   1.22968    0.000   1.23113
 4836.00    1.08593   1.22936    0.000   1.23183
 4837.00    1.04201   1.22694    0.000   1.23123
 4838.00    0.99733   1.22267    0.000   1.22936
 4839.00    1.03316   1.21752    0.000   1.22642
 4840.00    1.15146   1.21277    0.000   1.22274
 4841.00    1.03090   1.20944    0.000   1.21866
 4842.00    1.02079   1.20790    0.000   1.21451
 4843.00    1.08667   1.20791    0.000   1.21059
 4844.00    1.02979   1.20877    0.000   1.20694
 4845.00    1.01604   1.20932    0.000   1.20317
 4846.00    1.07228   1.20842    0.000   1.19852
 4847.00    1.04455   1.20556    0.000   1.19243
 4848.00    1.07225   1.20103    0.000   1.18476
 4849.00    1.08589   1.19551    0.000   1.17570
 4850.00    1.09956   1.18918    0.000   1.16535
 4851.00    1.12338   1.18138    0.000   1.15342
 4852.00    1.08297   1.17107    0.000   1.13929
 4853.00    1.08823   1.15756    0.000   1.12212
 4854.00    1.05551   1.14080    0.000   1.10102
 4855.00    1.02323   1.12122    0.000   1.07521
 4856.00    1.11507   1.09924    0.000   1.04416
 4857.00    1.57650   1.07496    0.000   1.00799
 4858.00    3.81989   1.04897    0.000   0.96843
 4859.00   13.08263   1.02357    0.000   0.92978
 4860.00   39.33725   1.00306    0.000   0.89868
 4861.00   53.17685   0.99229    0.000   0.88222
 4862.00   41.62141   0.99425    0.000   0.88472
 4863.00   18.72320   1.00836    0.000   0.90549
 4864.00    4.57034   1.03065    0.000   0.93924
 4865.00    2.00812   1.05576    0.000   0.97873
 4866.00    1.44341   1.07880    0.000   1.01752
 4867.00    1.11261   1.09650    0.000   1.05133
 4868.00    1.01934   1.10769    0.000   1.07842
 4869.00    1.06349   1.11312    0.000   1.09900
 4870.00    1.08940   1.11497    0.000   1.11435
 4871.00    1.03656   1.11615    0.000   1.12628
 4872.00    1.01337   1.11930    0.000   1.13646
 4873.00    1.02761   1.12569    0.000   1.14591
 4874.00    1.04175   1.13493    0.000   1.15489
 4875.00    1.04314   1.14572    0.000   1.16323
 4876.00    1.01851   1.15658    0.000   1.17056
 4877.00    0.99663   1.16623    0.000   1.17644
 4878.00    0.99875   1.17361    0.000   1.18049
 4879.00    1.01211   1.17800    0.000   1.18260
 4880.00    1.11717   1.17908    0.000   1.18305
 4881.00    1.16540   1.17709    0.000   1.18246
 4882.00    1.12978   1.17280    0.000   1.18153
 4883.00    1.07491   1.16700    0.000   1.18065
 4884.00    1.03928   1.16034    0.000   1.17988
 4885.00    1.03893   1.15347    0.000   1.17918
 4886.00    1.07451   1.14709    0.000   1.17844
 4887.00    1.10589   1.14173    0.000   1.17760
 4888.00    1.10288   1.13775    0.000   1.17663
 4889.00    1.06063   1.13575    0.000   1.17587
 4890.00    1.04109   1.13694    0.000   1.17615
 4891.00    1.07995   1.14275    0.000   1.17849
 4892.00    1.09542   1.15379    0.000   1.18346
 4893.00    1.03673   1.16881    0.000   1.19059
 4894.00    1.01201   1.18487    0.000   1.19850
 4895.00    1.05853   1.19855    0.000   1.20546
 4896.00    1.04442   1.20732    0.000   1.20998
 4897.00    1.02264   1.21034    0.000   1.21135
 4898.00    1.06260   1.20839    0.000   1.20978
 4899.00    1.04332   1.20325    0.000   1.20627
 4900.00    1.02297   1.19700    0.000   1.20216
 4901.00    1.01968   1.19144    0.000   1.19868
 4902.00    1.01534   1.18767    0.000   1.19646
 4903.00    1.09369   1.18607    0.000   1.19556
 4904.00    1.10460   1.18618    0.000   1.19563
 4905.00    1.00872   1.18668    0.000   1.19611
 4906.00    1.09537   1.18585    0.000   1.19648
 4907.00    1.02679   1.18248    0.000   1.19650
 4908.00    0.97922   1.17676    0.000   1.19631
 4909.00    1.01302   1.17030    0.000   1.19626
 4910.00    1.02799   1.16528    0.000   1.19664
 4911.00    1.02071   1.16328    0.000   1.19753
 4912.00    1.01938   1.16434    0.000   1.19860
 4913.00    1.01971   1.16681    0.000   1.19919
 4914.00    1.08494   1.16790    0.000   1.19830
 4915.00    1.05569   1.16470    0.000   1.19466
 4916.00    1.03092   1.15532    0.000   1.18698
 4917.00    1.04363   1.13993    0.000   1.17447
 4918.00    1.03554   1.12116    0.000   1.15754
 4919.00    1.01533   1.10337    0.000   1.13824
 4920.00    1.14362   1.09105    0.000   1.12014
 4921.00    1.47502   1.08696    0.000   1.10739
 4922.00    1.48339   1.09127    0.000   1.10330
 4923.00    1.30577   1.10199    0.000   1.10890
 4924.00    1.13791   1.11634    0.000   1.12271
 4925.00    1.06322   1.13199    0.000   1.14161
 4926.00    1.05254   1.14728    0.000   1.16200
 4927.00    1.03830   1.16096    0.000   1.18060
 4928.00    1.01998   1.17184    0.000   1.19507
 4929.00    1.05677   1.17882    0.000   1.20416
 4930.00    1.07247   1.18111    0.000   1.20775
 4931.00    1.08224   1.17875    0.000   1.20674
 4932.00    1.09537   1.17262    0.000   1.20267
 4933.00    1.01434   1.16418    0.000   1.19727
 4934.00    0.99756   1.15482    0.000   1.19182
 4935.00    1.05272   1.14550    0.000   1.18677
 4936.00    1.06277   1.13685    0.000   1.18193
 4937.00    1.04561   1.12986    0.000   1.17702
 4938.00    1.01977   1.12608    0.000   1.17227
 4939.00    0.99764   1.12697    0.000   1.16842
 4940.00    0.99383   1.13281    0.000   1.16636
 4941.00    1.00055   1.14218    0.000   1.16673
 4942.00    1.03616   1.15257    0.000   1.16972
 4943.00    1.08420   1.16161    0.000   1.17502
 4944.00    1.10197   1.16807    0.000   1.18182
 4945.00    1.07087   1.17203    0.000   1.18910
 4946.00    1.02851   1.17446    0.000   1.19585
 4947.00    1.04261   1.17637    0.000   1.20138
 4948.00    1.04056   1.17810    0.000   1.20514
 4949.00    1.01414   1.17928    0.000   1.20657
 4950.00    1.02408   1.17896    0.000   1.20479
 4951.00    1.04507   1.17608    0.000   1.19879
 4952.00    1.04200   1.16972    0.000   1.18785
 4953.00    1.12422   1.15954    0.000   1.17220
 4954.00    1.39206   1.14609    0.000   1.15335
 4955.00    1.95343   1.13107    0.000   1.13386
 4956.00    7.58952   1.11729    0.000   1.11667
 4957.00   36.83874   1.10791    0.000   1.10404
 4958.00   72.91383   1.10513    0.000   1.09687
 4959.00   81.96764   1.10882    0.000   1.09446
 4960.00   53.60023   1.11642    0.000   1.09499
 4961.00   16.31639   1.12418    0.000   1.09641
 4962.00    4.95640   1.12896    0.000   1.09723
 4963.00    1.98576   1.12930    0.000   1.09688
 4964.00    1.34850   1.12574    0.000   1.09565
 4965.00    1.16312   1.12012    0.000   1.09434
 4966.00    1.07832   1.11476    0.000   1.09383
 4967.00    1.06679   1.11154    0.000   1.09471
 4968.00    1.07829   1.11134    0.000   1.09710
 4969.00    1.04599   1.11406    0.000   1.10071
 4970.00    0.97564   1.11885    0.000   1.10494
 4971.00    1.00066   1.12447    0.000   1.10915
 4972.00    1.06614   1.12959    0.000   1.11280
 4973.00    1.06015   1.13297    0.000   1.11544
 4974.00    1.01582   1.13364    0.000   1.11672
 4975.00    1.01695   1.13108   16.140   1.11635
 4976.00    1.03798   1.12526   16.140   1.11418
 4977.00    1.02593   1.11662   16.140   1.11024
 4978.00    1.05973   1.10590   16.140   1.10487
 4979.00    1.09028   1.09398   16.140   1.09867
 4980.00    1.06511   1.08186   16.140   1.09249
 4981.00    1.07890   1.07083   16.140   1.08735
 4982.00    1.04640   1.06250   16.140   1.08412
 4983.00    1.10790   1.05837   16.140   1.08330
 4984.00    1.33838   1.05925   -1.000   1.08471
 4985.00    1.54404   1.06462   -1.000   1.08756
 4986.00    1.59574   1.07276   -1.000   1.09076
 4987.00    1.46178   1.08136    0.000   1.09335
 4988.00    1.20004   1.08846    0.000   1.09481
 4989.00    1.07163   1.09310    0.000   1.09509
 4990.00    1.03994   1.09542    0.000   1.09453
 4991.00    1.03733   1.09621    0.000   1.09361
 4992.00    1.05995   1.09632    0.000   1.09271
 4993.00    1.08954   1.09620    0.000   1.09197
 4994.00    1.11343   1.09578    0.000   1.09116
 4995.00    1.14022   1.09459    0.000   1.08968
 4996.00    1.09397   1.09197    0.000   1.08667
 4997.00    1.12807   1.08743    0.000   1.08137
 4998.00    1.16743   1.08100    0.000   1.07356
 4999.00    1.16222   1.07328    0.000   1.06398
 5000.00    1.23202   1.06524    0.000   1.05415
 5001.00    1.46409   1.05770    0.000   1.04569
 5002.00    2.08944   1.05109    0.000   1.03963
 5003.00    5.75286   1.04553    0.000   1.03606
 5004.00   20.75240   1.04125    0.000   1.03445
 5005.00  110.47833   1.03880    0.000   1.03419
 5006.00  228.49054   1.03870    0.000   1.03490
 5007.00  254.66777   1.04078    0.000   1.03623
 5008.00  150.40720   1.04373    0.000   1.03759
 5009.00   45.18125   1.04541    0.000   1.03803
 5010.00   11.46469   1.04395    0.000   1.03645
 5011.00    3.89243   1.03874    0.000   1.03218
 5012.00    1.97147   1.03086    0.000   1.02546
 5013.00    1.49782   1.02259    0.000   1.01766
 5014.00    1.72596   1.01633    0.000   1.01108
 5015.00    2.10678   1.01360    0.000   1.00811
 5016.00    1.98772   1.01452    0.000   1.01010
 5017.00    1.51009   1.01807    0.000   1.01662
 5018.00    1.25391   1.02271    0.000   1.02567
 5019.00    1.12005   1.02715    0.000   1.03472
 5020.00    1.03472   1.03076    0.000   1.04189
 5021.00    1.03022   1.03361    0.000   1.04654
 5022.00    1.05941   1.03614    0.000   1.04914
 5023.00    1.04023   1.03871    0.000   1.05057
 5024.00    1.05911   1.04133    0.000   1.05162
 5025.00    0.99637   1.04379    0.000   1.05279
 5026.00    0.98710   1.04611    0.000   1.05431
 5027.00    1.03209   1.04878    0.000   1.05632
 5028.00    1.03628   1.05248   16.140   1.05885
 5029.00    0.98078   1.05755   16.140   1.06171
 5030.00    0.96374   1.06346   16.140   1.06446
 5031.00    1.04343   1.06888   16.140   1.06651
 5032.00    1.03961   1.07209   16.140   1.06727
 5033.00    1.06948   1.07166   16.140   1.06631
 5034.00    1.07535   1.06705   16.140   1.06346
 5035.00    0.97839   1.05868   16.140   1.05883
 5036.00    0.94621   1.04774   16.140   1.05280
 5037.00    1.02429   1.03563   16.140   1.04587
 5038.00    0.99307   1.02382   16.140   1.03881
 5039.00    1.06799   1.01401   16.140   1.03274
 5040.00    1.12594   1.00826   16.140   1.02904
 5041.00    1.12260   1.00836   16.140   1.02883
 5042.00    1.08504   1.01476   16.140   1.03219
 5043.00    1.00441   1.02584   16.140   1.03785
 5044.00    0.93606   1.03817   16.140   1.04368
 5045.00    0.96616   1.04793   16.140   1.04777
 5046.00    0.99416   1.05241   16.140   1.04916
 5047.00    1.08391   1.05106   16.140   1.04815
 5048.00    1.15114   1.04555   16.140   1.04593
 5049.00    1.09557   1.03884   16.140   1.04384
 5050.00    1.01399   1.03385   16.140   1.04271
 5051.00    0.96455   1.03235   16.140   1.04264
 5052.00    0.91989   1.03468   16.140   1.04331
 5053.00    0.97432   1.03999   16.140   1.04433
 5054.00    1.06128   1.04686   16.140   1.04563
 5055.00    1.10230   1.05389   16.140   1.04754
 5056.00    1.06763   1.06015   16.140   1.05050
 5057.00    1.00561   1.06520   16.140   1.05460
 5058.00    0.97653   1.06891   16.140   1.05923
 5059.00    0.99207   1.07101   16.140   1.06323
 5060.00    1.00267   1.07099   16.140   1.06535
 5061.00    0.97186   1.06822   16.140   1.06478
 5062.00    0.96297   1.06237   16.140   1.06149
 5063.00    1.01674   1.05393   16.140   1.05630
 5064.00    1.01402   1.04432   16.140   1.05063
 5065.00    0.98689   1.03545   16.140   1.04593
 5066.00    1.02470   1.02885   16.140   1.04303
 5067.00    0.98128   1.02510   16.140   1.04198
 5068.00    1.01859   1.02380   16.140   1.04218
 5069.00    1.07953   1.02406   16.140   1.04289
 5070.00    1.03285   1.02494   16.140   1.04350
 5071.00    0.95989   1.02570   16.140   1.04371
 5072.00    0.94244   1.02603   16.140   1.04349
 5073.00    0.97440   1.02578   16.140   1.04296
 5074.00    1.03609   1.02467   16.140   1.04206
 5075.00    0.98430   1.02213   16.140   1.04054
 5076.00    0.93436   1.01764   16.140   1.03812
 5077.00    1.01148   1.01110   16.140   1.03468
 5078.00    1.01067   1.00313   16.140   1.03043
 5079.00    0.94048   0.99516   16.140   1.02597
 5080.00    0.99920   0.98905   16.140   1.02216
 5081.00    1.01181   0.98626   16.140   1.01976
 5082.00    0.96147   0.98722   16.140   1.01913
 5083.00    0.95435   0.99135   16.140   1.02020
 5084.00    1.03439   0.99748   16.140   1.02252
 5085.00    1.01259   1.00435   16.140   1.02551
 5086.00    0.93885   1.01095   16.140   1.02857
 5087.00    1.02967   1.01672   16.140   1.03128
 5088.00    1.03748   1.02159   16.140   1.03347
 5089.00    0.99638   1.02572   16.140   1.03512
 5090.00    0.96623   1.02917   16.140   1.03632
 5091.00    0.97097   1.03175   16.140   1.03716
 5092.00    0.99208   1.03290   16.140   1.03755
 5093.00    1.00000   1.03184   16.140   1.03723
 5094.00    1.00062   1.02797   16.140   1.03587
 5095.00    1.04035   1.02136   16.140   1.03341
 5096.00    1.02919   1.01299   16.140   1.03011
 5097.00    0.99242   1.00455   16.140   1.02641
 5098.00    0.98871   0.99789   16.140   1.02285
 5099.00    0.96295   0.99429   16.140   1.01986
 5100.00    0.91954   0.99391   16.140   1.01774
 5101.00    0.97760   0.99566   16.140   1.01645
 5102.00    0.98378   0.99773   16.140   1.01565
 5103.00    1.01617   0.99852   16.140   1.01494
 5104.00    1.04243   0.99729   16.140   1.01402
 5105.00    1.00819   0.99421   16.140   1.01278
 5106.00    1.00898   0.99008   16.140   1.01128
 5107.00    1.07803   0.98599   16.140   1.00968
 5108.00    1.01035   0.98305   16.140   1.00820
 5109.00    1.01887   0.98208   16.140   1.00709
 5110.00    1.05170   0.98347   16.140   1.00665
 5111.00    1.07655   0.98717   16.140   1.00718
 5112.00    1.09798   0.99262   16.140   1.00897
 5113.00    1.09232   0.99899   16.140   1.01209
 5114.00    1.02653   1.00543   16.140   1.01634
 5115.00    0.96022   1.01111   16.140   1.02101
 5116.00    0.97325   1.01522   16.140   1.02495
 5117.00    1.00989   1.01698   16.140   1.02698
 5118.00    1.02244   1.01568   16.140   1.02620
 5119.00    1.00250   1.01096   16.140   1.02236
 5120.00    0.96290   1.00308   16.140   1.01600
 5121.00    0.92886   0.99298   16.140   1.00821
 5122.00    0.93826   0.98211   16.140   1.00031
 5123.00    0.93013   0.97202   16.140   0.99340
 5124.00    0.89968   0.96400   16.140   0.98813
 5125.00    0.88006   0.95873   16.140   0.98464
 5126.00    0.89429   0.95618   16.140   0.98277
 5127.00    0.91499   0.95599   16.140   0.98244
 5128.00    0.89208   0.95778   16.140   0.98363
 5129.00    0.93419   0.96126   16.140   0.98619
 5130.00    0.92942   0.96608   16.140   0.98975
 5131.00    0.90817   0.97165   16.140   0.99383
 5132.00    0.91000   0.97706   16.140   0.99798
 5133.00    0.92559   0.98130   16.140   1.00185
 5134.00    0.92317   0.98354   16.140   1.00514
 5135.00    0.91012   0.98327   16.140   1.00744
 5136.00    0.94810   0.98054   16.140   1.00829
 5137.00    0.97826   0.97603   16.140   1.00758
 5138.00    0.97813   0.97091   16.140   1.00549
 5139.00    0.97315   0.96626   16.140   1.00239
 5140.00    0.99769   0.96269   16.140   0.99854
 5141.00    1.04153   0.96012   16.140   0.99405
 5142.00    1.02126   0.95808   16.140   0.98909
 5143.00    0.96222   0.95625   16.140   0.98421
 5144.00    0.91817   0.95445   16.140   0.98011
 5145.00    0.91659   0.95255   16.140   0.97729
 5146.00    0.95270   0.95065   16.140   0.97580
 5147.00    0.99707   0.94897   16.140   0.97518
 5148.00    1.00736   0.94762   16.140   0.97460
 5149.00    0.95293   0.94655   16.140   0.97347
 5150.00    0.91032   0.94572    0.000   0.97177
 5151.00    0.90386   0.94536    0.000   0.97022
 5152.00    0.90746   0.94608    0.000   0.96990
 5153.00    0.88982   0.94854    0.000   0.97177
 5154.00    0.85684   0.95310    0.000   0.97619
 5155.00    0.86235   0.95948    0.000   0.98281
 5156.00    0.98201   0.96666    0.000   0.99070
 5157.00    1.01049   0.97318    0.000   0.99860
 5158.00    0.96826   0.97755    0.000   1.00526
 5159.00    0.98813   0.97861    0.000   1.00973
 5160.00    0.97483   0.97563    0.000   1.01142
 5161.00    0.95797   0.96818    0.000   1.00980
 5162.00    1.00171   0.95608    0.000   1.00417
 5163.00    1.00392   0.93966    0.000   0.99397
 5164.00    0.98237   0.91995    0.000   0.97923
 5165.00    0.97828   0.89876    0.000   0.96080
 5166.00    0.94425   0.87867    0.000   0.94068
 5167.00    0.89358   0.86214    0.000   0.92145
 5168.00    0.87612   0.85059    0.000   0.90535
 5169.00    0.91301   0.84391    0.000   0.89358
 5170.00    0.93054   0.84104    0.000   0.88616
 5171.00    0.91232   0.84127    0.000   0.88239
 5172.00    0.91525   0.84492    0.000   0.88148
 5173.00    0.91597   0.85291    0.000   0.88285
 5174.00    0.94301   0.86522    0.000   0.88597
 5175.00    0.95196   0.87991    0.000   0.89010
 5176.00    0.89737   0.89378    0.000   0.89431
 5177.00    0.83785   0.90368    0.000   0.89770
 5178.00    0.86356   0.90734    0.000   0.89959
 5179.00    0.92490   0.90399    0.000   0.89972
 5180.00    0.92784   0.89466    0.000   0.89847
 5181.00    0.89953   0.88214    0.000   0.89673
 5182.00    0.86877   0.87044    0.000   0.89572
 5183.00    0.85111   0.86372    0.000   0.89663
 5184.00    0.87194   0.86495    0.000   0.90015
 5185.00    0.94119   0.87429    0.000   0.90599
 5186.00    0.92468   0.88898    0.000   0.91286
 5187.00    0.89794   0.90468    0.000   0.91905
 5188.00    0.88610   0.91739    0.000   0.92311
 5189.00    0.89167   0.92478    0.000   0.92434
 5190.00    0.91650   0.92653    0.000   0.92304
 5191.00    0.95237   0.92415    0.000   0.92036
 5192.00    0.96193   0.92032    0.000   0.91795
 5193.00    0.89500   0.91790    0.000   0.91729
 5194.00    0.86815   0.91845    0.000   0.91906
 5195.00    0.91038   0.92212    0.000   0.92289
 5196.00    0.98708   0.92808    0.000   0.92762
 5197.00    1.08671   0.93487    0.000   0.93174
 5198.00    1.20038   0.94072    0.000   0.93392
 5199.00    1.25487   0.94408    0.000   0.93340
 5200.00    1.12939   0.94375    0.000   0.93000
 5201.00    0.97775   0.93912    0.000   0.92406
 5202.00    0.94369   0.93032    0.000   0.91616
 5203.00    0.95199   0.91827    0.000   0.90698
 5204.00    0.93631   0.90456    0.000   0.89737
 5205.00    0.89670   0.89143    0.000   0.88850
 5206.00    0.88476   0.88125   16.140   0.88165
 5207.00    0.91205   0.87588   16.140   0.87790
 5208.00    0.94240   0.87625   16.140   0.87785
 5209.00    0.93065   0.88233   16.140   0.88160
 5210.00    0.89396   0.89290   16.140   0.88873
 5211.00    0.86208   0.90567   16.140   0.89827
 5212.00    0.85982   0.91798   16.140   0.90895
 5213.00    0.89632   0.92776   16.140   0.91946
 5214.00    0.91506   0.93421   16.140   0.92873
 5215.00    0.85864   0.93800   16.140   0.93620
 5216.00    0.87340   0.94065   16.140   0.94192
 5217.00    0.93550   0.94349   16.140   0.94623
 5218.00    0.96960   0.94679   16.140   0.94935
 5219.00    0.93422   0.94958   16.140   0.95112
 5220.00    0.87173   0.95025   16.140   0.95116
 5221.00    0.87069   0.94733   16.140   0.94903
 5222.00    0.89940   0.94018   16.140   0.94458
 5223.00    0.89053   0.92949   16.140   0.93842
 5224.00    0.88512   0.91734   16.140   0.93195
 5225.00    0.88582   0.90669   16.140   0.92705
 5226.00    0.86101   0.90034   16.140   0.92538
 5227.00    0.82494   0.89985   16.140   0.92766
 5228.00    0.89939   0.90483   16.140   0.93337
 5229.00    0.92158   0.91292   16.140   0.94074
 5230.00    0.89873   0.92114   16.140   0.94767
 5231.00    0.88390   0.92746   16.140   0.95271
 5232.00    0.89284   0.93148   16.140   0.95549
 5233.00    0.89015   0.93426   16.140   0.95662
 5234.00    0.85569   0.93743   16.140   0.95723
 5235.00    0.87889   0.94195   16.140   0.95808
 5236.00    0.88090   0.94768   16.140   0.95917
 5237.00    0.86385   0.95358   16.140   0.95993
 5238.00    0.87354   0.95847   16.140   0.95972
 5239.00    0.88561   0.96169   16.140   0.95834
 5240.00    0.87959   0.96322   16.140   0.95601
 5241.00    0.86336   0.96334   16.140   0.95315
 5242.00    0.87651   0.96214   16.140   0.94990
 5243.00    0.89481   0.95944   16.140   0.94606
 5244.00    0.88787   0.95492   16.140   0.94128
 5245.00    0.89859   0.94835   16.140   0.93540
 5246.00    0.87577   0.94009   16.140   0.92879
 5247.00    0.83519   0.93141   16.140   0.92253
 5248.00    0.82215   0.92390   16.140   0.91781
 5249.00    0.82355   0.91856   16.140   0.91521
 5250.00    0.83679   0.91573   16.140   0.91475
 5251.00    0.94834   0.91543   16.140   0.91629
 5252.00    0.89802   0.91737   16.140   0.91949
 5253.00    0.82902   0.92101   16.140   0.92383
 5254.00    0.83094   0.92592   16.140   0.92877
 5255.00    0.86935   0.93174   16.140   0.93390
 5256.00    0.87557   0.93786   16.140   0.93874
 5257.00    0.88508   0.94276   16.140   0.94241
 5258.00    0.86406   0.94436   16.140   0.94381
 5259.00    0.87193   0.94095   16.140   0.94212
 5260.00    0.89932   0.93189   16.140   0.93714
 5261.00    0.91057   0.91788   16.140   0.92939
 5262.00    0.90402   0.90081   16.140   0.91995
 5263.00    0.88475   0.88317   16.140   0.91012
 5264.00    0.79843   0.86726   16.140   0.90120
 5265.00    0.77621   0.85456   16.140   0.89402
 5266.00    0.81153   0.84559   16.140   0.88880
 5267.00    0.83894   0.84029   16.140   0.88538
 5268.00    0.91267   0.83829   16.140   0.88352
 5269.00    1.01741   0.83963   -1.000   0.88346
 5270.00    1.08305   0.84494   -1.000   0.88591
 5271.00    1.08156   0.85432   -1.000   0.89124
 5272.00    1.02201   0.86655   -1.000   0.89886
 5273.00    0.94581   0.87982   16.140   0.90762
 5274.00    0.91183   0.89273   16.140   0.91635
 5275.00    0.88224   0.90449   16.140   0.92427
 5276.00    0.86459   0.91465   16.140   0.93098
 5277.00    0.88924   0.92266   16.140   0.93626
 5278.00    0.94430   0.92763   16.140   0.93974
 5279.00    0.95421   0.92904   16.140   0.94114
 5280.00    0.86573   0.92737   16.140   0.94073
 5281.00    0.79999   0.92422   16.140   0.93938
 5282.00    0.81343   0.92181   16.140   0.93836
 5283.00    0.86468   0.92208   16.140   0.93883
 5284.00    0.87342   0.92600   16.140   0.94125
 5285.00    0.82735   0.93316   16.140   0.94520
 5286.00    0.89145   0.94189   16.140   0.94952
 5287.00    0.90162   0.95017   16.140   0.95304
 5288.00    0.88108   0.95657   16.140   0.95512
 5289.00    0.85573   0.96048   16.140   0.95574
 5290.00    0.79573   0.96169   16.140   0.95520
 5291.00    0.76263   0.96007   16.140   0.95366
 5292.00    0.83174   0.95550   16.140   0.95100
 5293.00    0.91077   0.94808   16.140   0.94694
 5294.00    0.89645   0.93829   16.140   0.94128
 5295.00    0.81422   0.92705   16.140   0.93425
 5296.00    0.81930   0.91585   16.140   0.92667
 5297.00    0.87160   0.90663   16.140   0.91999
 5298.00    0.91192   0.90129   16.140   0.91573
 5299.00    0.91258   0.90077   16.140   0.91476
 5300.00    0.88135   0.90467   16.140   0.91706
 5301.00    0.86097   0.91179   16.140   0.92190
 5302.00    0.89682   0.92094   16.140   0.92834
 5303.00    0.87288   0.93081   16.140   0.93517
 5304.00    0.83988   0.94008   16.140   0.94119
 5305.00    0.84252   0.94765   16.140   0.94546
 5306.00    0.87311   0.95303   16.140   0.94763
 5307.00    0.88350   0.95637   16.140   0.94802
 5308.00    0.85007   0.95818   16.140   0.94733
 5309.00    0.83018   0.95886   16.140   0.94610
 5310.00    0.84872   0.95844   16.140   0.94459
 5311.00    0.88041   0.95686   16.140   0.94294
 5312.00    0.89191   0.95421   16.140   0.94128
 5313.00    0.90603   0.95076   16.140   0.93968
 5314.00    0.94075   0.94691   16.140   0.93816
 5315.00    0.88916   0.94306   16.140   0.93667
 5316.00    0.84780   0.93943   16.140   0.93507
 5317.00    0.88988   0.93612   16.140   0.93329
 5318.00    0.90888   0.93294   16.140   0.93132
 5319.00    0.88404   0.92941   16.140   0.92919
 5320.00    0.84436   0.92501   16.140   0.92691
 5321.00    0.83282   0.91929   16.140   0.92444
 5322.00    0.86572   0.91188   16.140   0.92146
 5323.00    0.91833   0.90267   16.140   0.91749
 5324.00    0.93065   0.89200   16.140   0.91214
 5325.00    0.87480   0.88070   16.140   0.90540
 5326.00    0.79370   0.86996   16.140   0.89771
 5327.00    0.74770   0.86137   16.140   0.89022
 5328.00    0.77326   0.85706   16.140   0.88477
 5329.00    0.83997   0.85880   16.140   0.88305
 5330.00    0.82805   0.86637   16.140   0.88546
 5331.00    0.82128   0.87774   16.140   0.89102
 5332.00    0.83732   0.89035   16.140   0.89817
 5333.00    0.85992   0.90202   16.140   0.90528
 5334.00    0.87328   0.91119   16.140   0.91108
 5335.00    0.86058   0.91678   16.140   0.91467
 5336.00    0.83766   0.91832   16.140   0.91566
 5337.00    0.89266   0.91617   16.140   0.91427
 5338.00    0.90703   0.91145   16.140   0.91109
 5339.00    0.79550   0.90571   16.140   0.90694
 5340.00    0.81468   0.90069   16.140   0.90280
 5341.00    0.86562   0.89787   16.140   0.89956
 5342.00    0.86986   0.89754   16.140   0.89762
 5343.00    0.83446   0.89872   16.140   0.89679
 5344.00    0.80968   0.90006   16.140   0.89665
 5345.00    0.83665   0.90068   16.140   0.89685
 5346.00    0.87761   0.90057   16.140   0.89754
 5347.00    0.87456   0.90040   16.140   0.89903
 5348.00    0.85098   0.90105   16.140   0.90163
 5349.00    0.83299   0.90343   16.140   0.90566
 5350.00    0.81666   0.90814   16.140   0.91139
 5351.00    0.79199   0.91494   16.140   0.91849
 5352.00    0.81732   0.92291   16.140   0.92610
 5353.00    0.87769   0.93099   16.140   0.93319
 5354.00    0.89063   0.93831   16.140   0.93893
 5355.00    0.83002   0.94411   16.140   0.94272
 5356.00    0.83373   0.94775   16.140   0.94429
 5357.00    0.87049   0.94899   16.140   0.94376
 5358.00    0.84409   0.94785   16.140   0.94139
 5359.00    0.86337   0.94452   16.140   0.93759
 5360.00    0.95173   0.93937   16.140   0.93290
 5361.00    0.90569   0.93292   16.140   0.92795
 5362.00    0.83986   0.92578   16.140   0.92333
 5363.00    0.83577   0.91849   16.140   0.91937
 5364.00    0.86384   0.91121   16.140   0.91598
 5365.00    0.85305   0.90385   16.140   0.91277
 5366.00    0.78473   0.89633   16.140   0.90925
 5367.00    0.80554   0.88856   16.140   0.90508
 5368.00    0.83416   0.88084   16.140   0.90031
 5369.00    0.84016   0.87413   16.140   0.89556
 5370.00    0.82925   0.86993   16.140   0.89195
 5371.00    0.82188   0.86979   16.140   0.89078
 5372.00    0.84188   0.87444   16.140   0.89281
 5373.00    0.87404   0.88290   16.140   0.89771
 5374.00    0.81541   0.89286   16.140   0.90414
 5375.00    0.79524   0.90208   16.140   0.91061
 5376.00    0.89836   0.90904   16.140   0.91608
 5377.00    0.84179   0.91325   16.140   0.92008
 5378.00    0.83705   0.91500   16.140   0.92251
 5379.00    0.89197   0.91482   16.140   0.92332
 5380.00    0.87424   0.91324   16.140   0.92261
 5381.00    0.76489   0.91094   16.140   0.92081
 5382.00    0.76081   0.90857   16.140   0.91849
 5383.00    0.77635   0.90650   16.140   0.91611
 5384.00    0.81645   0.90482   16.140   0.91391
 5385.00    0.81620   0.90314   16.140   0.91184
 5386.00    0.76180   0.90077   16.140   0.90961
 5387.00    0.76214   0.89721   16.140   0.90688
 5388.00    0.89564   0.89238   16.140   0.90351
 5389.00    0.86870   0.88657   16.140   0.89963
 5390.00    0.79977   0.88039   16.140   0.89561
 5391.00    0.82535   0.87444   16.140   0.89184
 5392.00    0.89496   0.86899   16.140   0.88843
 5393.00    0.89854   0.86403   16.140   0.88518
 5394.00    0.83411   0.85956   16.140   0.88204
 5395.00    0.78015   0.85582   16.140   0.87929
 5396.00    0.78778   0.85323   16.140   0.87746
 5397.00    0.83466   0.85239   16.140   0.87716
 5398.00    0.82795   0.85357   16.140   0.87863
 5399.00    0.81519   0.85590   16.140   0.88109
 5400.00    0.81618   0.85752   16.140   0.88312
 5401.00    0.82537   0.85697   16.140   0.88362
 5402.00    0.82731   0.85345   16.140   0.88204
 5403.00    0.81634   0.84694   16.140   0.87835
 5404.00    0.82336   0.83853   16.140   0.87315
 5405.00    0.81313   0.83014   16.140   0.86763
 5406.00    0.80287   0.82359   16.140   0.86317
 5407.00    0.82846   0.81986   16.140   0.86073
 5408.00    0.84725   0.81892   16.140   0.86053
 5409.00    0.84137   0.82039   16.140   0.86247
 5410.00    0.82790   0.82438   16.140   0.86659
 5411.00    0.82674   0.83107   16.140   0.87266
 5412.00    0.83572   0.84001   16.140   0.87995
 5413.00    0.82234   0.85018   16.140   0.88752
 5414.00    0.83015   0.86043   16.140   0.89456
 5415.00    0.83064   0.86980   16.140   0.90051
 5416.00    0.81889   0.87748   16.140   0.90497
 5417.00    0.82153   0.88280   16.140   0.90778
 5418.00    0.86073   0.88540   16.140   0.90896
 5419.00    0.85811   0.88560   16.140   0.90880
 5420.00    0.85967   0.88420   16.140   0.90782
 5421.00    0.86296   0.88216   16.140   0.90651
 5422.00    0.84149   0.88018   16.140   0.90512
 5423.00    0.81296   0.87849   16.140   0.90357
 5424.00    0.81451   0.87710   16.140   0.90166
 5425.00    0.85734   0.87586   16.140   0.89917
 5426.00    0.88165   0.87406   16.140   0.89574
 5427.00    0.85457   0.87077   16.140   0.89097
 5428.00    0.85080   0.86561   16.140   0.88476
 5429.00    0.83521   0.85916   16.140   0.87771
 5430.00    0.80266   0.85281   16.140   0.87097
 5431.00    0.80168   0.84758   16.140   0.86545
 5432.00    0.87786   0.84372   16.140   0.86150
 5433.00    0.96401   0.84158   -1.000   0.85944
 5434.00    0.73674   0.84191   16.140   0.85963
 5435.00    0.89810   0.84530   16.140   0.86229
 5436.00    1.12709   0.85185   -1.000   0.86731
 5437.00    0.92099   0.86089   16.140   0.87425
 5438.00    0.77157   0.87104   16.140   0.88231
 5439.00    0.82587   0.88045   16.140   0.89040
 5440.00    0.84750   0.88733   16.140   0.89717
 5441.00    0.80743   0.89034   16.140   0.90128
 5442.00    0.79978   0.88894   16.140   0.90165
 5443.00    0.82186   0.88340   16.140   0.89764
 5444.00    0.83132   0.87487   16.140   0.88923
 5445.00    0.80142   0.86522   16.140   0.87709
 5446.00    0.75965   0.85673   16.140   0.86284
 5447.00    0.76168   0.85133   16.140   0.84853
 5448.00    0.82597   0.84963   16.140   0.83582
 5449.00    0.80527   0.85045   16.140   0.82539
 5450.00    0.80588   0.85176   16.140   0.81716
 5451.00    0.83221   0.85184   16.140   0.81067
 5452.00    0.81812   0.84994   16.140   0.80549
 5453.00    0.79430   0.84641   16.140   0.80145
 5454.00    0.79137   0.84250   16.140   0.79874
 5455.00    0.80650   0.83982   16.140   0.79763
 5456.00    0.80514   0.83960   16.140   0.79832
 5457.00    0.77370   0.84181   16.140   0.80052
 5458.00    0.79199   0.84509   16.140   0.80359
 5459.00    0.82659   0.84779   16.140   0.80676
 5460.00    0.84846   0.84892   16.140   0.80954
 5461.00    0.84358   0.84849   16.140   0.81187
 5462.00    0.81323   0.84726   16.140   0.81387
 5463.00    0.78097   0.84619   16.140   0.81564
 5464.00    0.79359   0.84608   16.140   0.81730
 5465.00    0.82370   0.84689   16.140   0.81887
 5466.00    0.83929   0.84796   16.140   0.82022
 5467.00    0.83021   0.84862   16.140   0.82121
 5468.00    0.80772   0.84832   16.140   0.82154
 5469.00    0.81054   0.84668   16.140   0.82097
 5470.00    0.84695   0.84368   16.140   0.81948
 5471.00    0.83972   0.83964   16.140   0.81738
 5472.00    0.72156   0.83487   16.140   0.81500
 5473.00    0.80001   0.82965   16.140   0.81268
 5474.00    0.83379   0.82460   16.140   0.81090
 5475.00    0.81486   0.82034   16.140   0.80997
 5476.00    0.82101   0.81732   16.140   0.80990
 5477.00    0.85242   0.81607   16.140   0.81065
 5478.00    0.82639   0.81677   16.140   0.81214
 5479.00    0.79039   0.81875   16.140   0.81400
 5480.00    0.81496   0.82112   16.140   0.81586
 5481.00    0.88136   0.82369   16.140   0.81764
 5482.00    0.84278   0.82680   16.140   0.81964
 5483.00    0.78459   0.83036   16.140   0.82193
 5484.00    0.76915   0.83380   16.140   0.82425
 5485.00    0.79026   0.83640   16.140   0.82614
 5486.00    0.79568   0.83769   16.140   0.82734
 5487.00    0.74520   0.83780   16.140   0.82784
 5488.00    0.79324   0.83743   16.140   0.82792
 5489.00    0.82402   0.83719   16.140   0.82785
 5490.00    0.80496   0.83718   16.140   0.82771
 5491.00    0.80731   0.83738   16.140   0.82752
 5492.00    0.83125   0.83755   16.140   0.82711
 5493.00    0.81709   0.83743   16.140   0.82614
 5494.00    0.81959   0.83709   16.140   0.82446
 5495.00    0.83855   0.83665   16.140   0.82212
 5496.00    0.81531   0.83610   16.140   0.81931
 5497.00    0.84302   0.83544   16.140   0.81635
 5498.00    0.81771   0.83485   16.140   0.81366
 5499.00    0.74960   0.83410   16.140   0.81141
 5500.00    0.72992   0.83256   16.140   0.80938
 5501.00    0.82294   0.83008   16.140   0.80745
 5502.00    0.77586   0.82712   16.140   0.80573
 5503.00    0.80055   0.82423   16.140   0.80429
 5504.00    0.86449   0.82173   16.140   0.80311
 5505.00    0.83960   0.81979   16.140   0.80216
 5506.00    0.77984   0.81850   16.140   0.80151
 5507.00    0.75784   0.81791   16.140   0.80123
 5508.00    0.79049   0.81759   16.140   0.80112
 5509.00    0.82565   0.81663   16.140   0.80059
 5510.00    0.81264   0.81466   16.140   0.79928
 5511.00    0.82995   0.81198   16.140   0.79733
 5512.00    0.84630   0.80941   16.140   0.79529
 5513.00    0.82820   0.80808   16.140   0.79402
 5514.00    0.78529   0.80879   16.140   0.79430
 5515.00    0.77693   0.81175   16.140   0.79658
 5516.00    0.86002   0.81661   16.140   0.80088
 5517.00    0.93770   0.82256   -1.000   0.80660
 5518.00    0.94489   0.82857   -1.000   0.81274
 5519.00    0.88583   0.83353   16.140   0.81826
 5520.00    0.83415   0.83668   16.140   0.82235
 5521.00    0.80758   0.83781   16.140   0.82471
 5522.00    0.81039   0.83701   16.140   0.82537
 5523.00    0.83495   0.83446   16.140   0.82455
 5524.00    0.85165   0.83050   16.140   0.82264
 5525.00    0.80585   0.82570   16.140   0.82014
 5526.00    0.75353   0.82082   16.140   0.81758
 5527.00    0.73435   0.81669   16.140   0.81549
 5528.00    0.75489   0.81414   16.140   0.81422
 5529.00    0.79080   0.81363   16.140   0.81393
 5530.00    0.80116   0.81478   16.140   0.81429
 5531.00    0.76879   0.81657   16.140   0.81476
 5532.00    0.74828   0.81818   16.140   0.81494
 5533.00    0.77645   0.81924   16.140   0.81478
 5534.00    0.81691   0.81978   16.140   0.81449
 5535.00    0.84781   0.82012   16.140   0.81442
 5536.00    0.89684   0.82075   16.140   0.81493
 5537.00    0.94888   0.82192   -1.000   0.81611
 5538.00    0.95014   0.82356   -1.000   0.81777
 5539.00    0.86423   0.82550   16.140   0.81967
 5540.00    0.85691   0.82728   16.140   0.82142
 5541.00    0.84718   0.82841   16.140   0.82259
 5542.00    0.79252   0.82868   16.140   0.82292
 5543.00    0.75855   0.82839   16.140   0.82256
 5544.00    0.73078   0.82821   16.140   0.82194
 5545.00    0.72429   0.82857   16.140   0.82142
 5546.00    0.75805   0.82961   16.140   0.82125
 5547.00    0.80260   0.83138   16.140   0.82149
 5548.00    0.76289   0.83350   16.140   0.82197
 5549.00    0.72740   0.83518   16.140   0.82221
 5550.00    0.77014   0.83582   16.140   0.82176
 5551.00    0.84751   0.83516   16.140   0.82044
 5552.00    0.85386   0.83330   16.140   0.81828
 5553.00    0.79700   0.83063   16.140   0.81549
 5554.00    0.78378   0.82774   16.140   0.81246
 5555.00    0.81512   0.82518   16.140   0.80955
 5556.00    0.83082   0.82310   16.140   0.80702
 5557.00    0.77859   0.82134   16.140   0.80498
 5558.00    0.80307   0.81971   16.140   0.80348
 5559.00    0.81664   0.81806   16.140   0.80236
 5560.00    0.77904   0.81612   16.140   0.80131
 5561.00    0.73507   0.81375   16.140   0.80014
 5562.00    0.77851   0.81105   16.140   0.79880
 5563.00    0.77676   0.80830   16.140   0.79736
 5564.00    0.73573   0.80572   16.140   0.79591
 5565.00    0.71071   0.80333   16.140   0.79460
 5566.00    0.74280   0.80130   16.140   0.79367
 5567.00    0.77947   0.79985   16.140   0.79331
 5568.00    0.77526   0.79901   16.140   0.79344
 5569.00    0.73213   0.79868   16.140   0.79388
 5570.00    0.70437   0.79888   16.140   0.79448
 5571.00    0.78058   0.79957   16.140   0.79512
 5572.00    0.82758   0.80043   16.140   0.79562
 5573.00    0.80837   0.80160   16.140   0.79598
 5574.00    0.76421   0.80327   16.140   0.79635
 5575.00    0.77135   0.80514   16.140   0.79674
 5576.00    0.82373   0.80681   16.140   0.79700
 5577.00    0.84659   0.80812   16.140   0.79703
 5578.00    0.82141   0.80883   16.140   0.79671
 5579.00    0.78889   0.80864   16.140   0.79600
 5580.00    0.81867   0.80738   16.140   0.79487
 5581.00    0.76828   0.80472   16.140   0.79317
 5582.00    0.70102   0.80047   16.140   0.79084
 5583.00    0.69816   0.79471   16.140   0.78795
 5584.00    0.78139   0.78767   16.140   0.78457
 5585.00    0.85110   0.77988   16.140   0.78080
 5586.00    0.75081   0.77230   16.140   0.77692
 5587.00    0.66935   0.76604   16.140   0.77333
 5588.00    0.76060   0.76210   16.140   0.77051
 5589.00    0.79385   0.76090   16.140   0.76888
 5590.00    0.79528   0.76223   16.140   0.76854
 5591.00    0.80232   0.76549   16.140   0.76923
 5592.00    0.81370   0.76979   16.140   0.77041
 5593.00    0.78876   0.77430   16.140   0.77151
 5594.00    0.69305   0.77836   16.140   0.77192
 5595.00    0.68199   0.78151   16.140   0.77116
 5596.00    0.72327   0.78322   16.140   0.76896
 5597.00    0.73034   0.78292   16.140   0.76528
 5598.00    0.73020   0.78079   16.140   0.76073
 5599.00    0.73741   0.77800   16.140   0.75647
 5600.00    0.73811   0.77566   16.140   0.75334
 5601.00    0.73586   0.77467   16.140   0.75166
 5602.00    0.74974   0.77583   16.140   0.75144
 5603.00    0.74729   0.77953   16.140   0.75255
 5604.00    0.75413   0.78537   16.140   0.75468
 5605.00    0.76706   0.79220   16.140   0.75745
 5606.00    0.77215   0.79873   16.140   0.76054
 5607.00    0.78229   0.80397   16.140   0.76359
 5608.00    0.81223   0.80734   16.140   0.76624
 5609.00    0.77817   0.80857   16.140   0.76814
 5610.00    0.70723   0.80751   16.140   0.76906
 5611.00    0.75577   0.80420   16.140   0.76888
 5612.00    0.78070   0.79895   16.140   0.76755
 5613.00    0.77876   0.79221   16.140   0.76506
 5614.00    0.76679   0.78469   16.140   0.76159
 5615.00    0.75253   0.77765   16.140   0.75769
 5616.00    0.73467   0.77278   16.140   0.75419
 5617.00    0.78868   0.77065   16.140   0.75164
 5618.00    0.81492   0.77048   16.140   0.75003
 5619.00    0.77059   0.77124   16.140   0.74915
 5620.00    0.78914   0.77213   16.140   0.74876
 5621.00    0.80031   0.77250   16.140   0.74859
 5622.00    0.78515   0.77187   16.140   0.74830
 5623.00    0.77468   0.77031   16.140   0.74763
 5624.00    0.80271   0.76863   16.140   0.74664
 5625.00    0.78347   0.76815   16.140   0.74572
 5626.00    0.75362   0.76964   16.140   0.74514
 5627.00    0.75275   0.77284   16.140   0.74487
 5628.00    0.78771   0.77704   16.140   0.74480
 5629.00    0.80709   0.78148   16.140   0.74500
 5630.00    0.78943   0.78516   16.140   0.74551
 5631.00    0.75820   0.78720   16.140   0.74624
 5632.00    0.75005   0.78724   16.140   0.74689
 5633.00    0.78264   0.78551   16.140   0.74713
 5634.00    0.75519   0.78251   16.140   0.74657
 5635.00    0.72379   0.77891   16.140   0.74500
 5636.00    0.71864   0.77531   16.140   0.74251
 5637.00    0.73487   0.77216   16.140   0.73951
 5638.00    0.77679   0.76979   16.140   0.73649
 5639.00    0.83623   0.76822   16.140   0.73382
 5640.00    0.80352   0.76723   16.140   0.73195
 5641.00    0.69554   0.76673   16.140   0.73112
 5642.00    0.79419   0.76688   16.140   0.73128
 5643.00    0.80091   0.76768   16.140   0.73208
 5644.00    0.75176   0.76888   16.140   0.73327
 5645.00    0.73275   0.77030   16.140   0.73483
 5646.00    0.75775   0.77180   16.140   0.73680
 5647.00    0.72975   0.77327   16.140   0.73926
 5648.00    0.71956   0.77452   16.140   0.74233
 5649.00    0.74485   0.77545   16.140   0.74596
 5650.00    0.77275   0.77604   16.140   0.74986
 5651.00    0.78754   0.77622   16.140   0.75351
 5652.00    0.77445   0.77565   16.140   0.75634
 5653.00    0.74586   0.77383   16.140   0.75780
 5654.00    0.72901   0.77060   16.140   0.75755
 5655.00    0.75059   0.76639   16.140   0.75567
 5656.00    0.76755   0.76185   16.140   0.75256
 5657.00    0.79089   0.75722   16.140   0.74854
 5658.00    0.80948   0.75305   16.140   0.74414
 5659.00    0.78080   0.75049   16.140   0.74016
 5660.00    0.75127   0.75009   16.140   0.73709
 5661.00    0.73920   0.75115   16.140   0.73463
 5662.00    0.73176   0.75312   16.140   0.73270
 5663.00    0.70542   0.75584   16.140   0.73146
 5664.00    0.67423   0.75886   16.140   0.73078
 5665.00    0.69871   0.76140   16.140   0.73031
 5666.00    0.74133   0.76309   16.140   0.72996
 5667.00    0.74525   0.76416   16.140   0.72984
 5668.00    0.72863   0.76515   16.140   0.73010
 5669.00    0.73333   0.76655   16.140   0.73095
 5670.00    0.77264   0.76854   16.140   0.73236
 5671.00    0.80678   0.77115   16.140   0.73425
 5672.00    0.75846   0.77431   16.140   0.73652
 5673.00    0.75546   0.77752   16.140   0.73891
 5674.00    0.76413   0.78002   16.140   0.74089
 5675.00    0.75350   0.78144   16.140   0.74219
 5676.00    0.73378   0.78177   16.140   0.74294
 5677.00    0.73449   0.78093   16.140   0.74328
 5678.00    0.76288   0.77879   16.140   0.74322
 5679.00    0.76795   0.77569   16.140   0.74300
 5680.00    0.71947   0.77222   16.140   0.74314
 5681.00    0.75544   0.76864   16.140   0.74369
 5682.00    0.76035   0.76511   16.140   0.74437
 5683.00    0.73326   0.76204   16.140   0.74494
 5684.00    0.72144   0.75978   16.140   0.74538
 5685.00    0.73847   0.75822   16.140   0.74547
 5686.00    0.74210   0.75726   16.140   0.74523
 5687.00    0.75766   0.75715   16.140   0.74507
 5688.00    0.78057   0.75830   16.140   0.74553
 5689.00    0.74532   0.76065   16.140   0.74668
 5690.00    0.69932   0.76374   16.140   0.74825
 5691.00    0.69378   0.76697   16.140   0.74970
 5692.00    0.73061   0.76975   16.140   0.75050
 5693.00    0.75634   0.77140   16.140   0.75021
 5694.00    0.70160   0.77142   16.140   0.74866
 5695.00    0.68062   0.76984   16.140   0.74609
 5696.00    0.71138   0.76697   16.140   0.74316
 5697.00    0.74484   0.76301   16.140   0.74046
 5698.00    0.80388   0.75835   16.140   0.73821
 5699.00    0.81040   0.75373   16.140   0.73655
 5700.00    0.75797   0.74964   16.140   0.73551
 5701.00    0.70277   0.74613   16.140   0.73495
 5702.00    0.73325   0.74324   16.140   0.73463
 5703.00    0.70804   0.74092   16.140   0.73443
 5704.00    0.68494   0.73865   16.140   0.73418
 5705.00    0.72632   0.73584   16.140   0.73361
 5706.00    0.75813   0.73245   16.140   0.73252
 5707.00    0.77578   0.72898   16.140   0.73116
 5708.00    0.77885   0.72606   16.140   0.72992
 5709.00    0.76432   0.72447   16.140   0.72928
 5710.00    0.73149   0.72487   16.140   0.72961
 5711.00    0.71798   0.72737   16.140   0.73094
 5712.00    0.70959   0.73172   16.140   0.73308
 5713.00    0.70839   0.73752   16.140   0.73580
 5714.00    0.73425   0.74394   16.140   0.73854
 5715.00    0.74912   0.75006   16.140   0.74075
 5716.00    0.74822   0.75551   16.140   0.74223
 5717.00    0.74927   0.76013   16.140   0.74306
 5718.00    0.76692   0.76392   16.140   0.74343
 5719.00    0.75092   0.76707   16.140   0.74363
 5720.00    0.75740   0.76964   16.140   0.74384
 5721.00    0.77030   0.77157   16.140   0.74392
 5722.00    0.74527   0.77271   16.140   0.74364
 5723.00    0.71752   0.77279   16.140   0.74279
 5724.00    0.71946   0.77173   16.140   0.74131
 5725.00    0.74905   0.76980   16.140   0.73941
 5726.00    0.77036   0.76725   16.140   0.73734
 5727.00    0.72018   0.76447   16.140   0.73557
 5728.00    0.74032   0.76214   16.140   0.73467
 5729.00    0.76816   0.76062   16.140   0.73486
 5730.00    0.73905   0.75969   16.140   0.73583
 5731.00    0.73684   0.75924   16.140   0.73724
 5732.00    0.75096   0.75950   16.140   0.73894
 5733.00    0.70871   0.76037   16.140   0.74059
 5734.00    0.64075   0.76123   16.140   0.74164
 5735.00    0.72145   0.76173   16.140   0.74188
 5736.00    0.72208   0.76184   16.140   0.74144
 5737.00    0.69843   0.76152   16.140   0.74061
 5738.00    0.72693   0.76084   16.140   0.73971
 5739.00    0.80652   0.75998   16.140   0.73908
 5740.00    0.86202   0.75923   -1.000   0.73913
 5741.00    0.82777   0.75874   16.140   0.74007
 5742.00    0.74278   0.75849   16.140   0.74166
 5743.00    0.72273   0.75837   16.140   0.74337
 5744.00    0.67747   0.75826   16.140   0.74506
 5745.00    0.67584   0.75799   16.140   0.74652
 5746.00    0.72842   0.75731   16.140   0.74749
 5747.00    0.77179   0.75603   16.140   0.74786
 5748.00    0.77267   0.75427   16.140   0.74784
 5749.00    0.76445   0.75233   16.140   0.74775
 5750.00    0.78217   0.75033   16.140   0.74775
 5751.00    0.82941   0.74820   16.140   0.74771
 5752.00    0.80403   0.74622   16.140   0.74762
 5753.00    0.79550   0.74491   16.140   0.74764
 5754.00    0.81961   0.74464   16.140   0.74779
 5755.00    0.83424   0.74538   -1.000   0.74788
 5756.00    0.82839   0.74657   16.140   0.74750
 5757.00    0.83671   0.74735   -1.000   0.74621
 5758.00    0.83221   0.74710   16.140   0.74368
 5759.00    0.77376   0.74566   16.140   0.73994
 5760.00    0.70966   0.74349   16.140   0.73550
 5761.00    0.73170   0.74152   16.140   0.73123
 5762.00    0.79634   0.74068   16.140   0.72792
 5763.00    0.81173   0.74162   16.140   0.72610
 5764.00    0.76973   0.74431   16.140   0.72588
 5765.00    0.76491   0.74794   16.140   0.72681
 5766.00    0.77849   0.75146   16.140   0.72827
 5767.00    0.75756   0.75415   16.140   0.72979
 5768.00    0.71552   0.75556   16.140   0.73103
 5769.00    0.70501   0.75553   16.140   0.73178
 5770.00    0.72980   0.75440   16.140   0.73208
 5771.00    0.76630   0.75266   16.140   0.73206
 5772.00    0.77961   0.75077   16.140   0.73182
 5773.00    0.75768   0.74903   16.140   0.73145
 5774.00    0.73415   0.74744   16.140   0.73096
 5775.00    0.74125   0.74574   16.140   0.73030
 5776.00    0.76765   0.74350   16.140   0.72930
 5777.00    0.79139   0.74015   16.140   0.72777
 5778.00    0.79104   0.73537   16.140   0.72561
 5779.00    0.76123   0.72934   16.140   0.72283
 5780.00    0.73177   0.72249   16.140   0.71953
 5781.00    0.74478   0.71565   16.140   0.71607
 5782.00    0.75787   0.71006   16.140   0.71303
 5783.00    0.73912   0.70659   16.140   0.71090
 5784.00    0.73892   0.70535   16.140   0.70985
 5785.00    0.78287   0.70629   16.140   0.70993
 5786.00    0.82162   0.70932   -1.000   0.71116
 5787.00    0.80642   0.71373   16.140   0.71331
 5788.00    0.74476   0.71846   16.140   0.71597
 5789.00    0.71224   0.72303   16.140   0.71899
 5790.00    0.69986   0.72712   16.140   0.72230
 5791.00    0.69315   0.73063   16.140   0.72585
 5792.00    0.72039   0.73373   16.140   0.72965
 5793.00    0.73426   0.73634   16.140   0.73345
 5794.00    0.73661   0.73834   16.140   0.73683
 5795.00    0.74423   0.73990   16.140   0.73961
 5796.00    0.76515   0.74110   16.140   0.74182
 5797.00    0.78036   0.74204   16.140   0.74359
 5798.00    0.77412   0.74318   16.140   0.74534
 5799.00    0.76309   0.74476   16.140   0.74743
 5800.00    0.81237   0.74629   16.140   0.74964
 5801.00    0.80925   0.74718   16.140   0.75155
 5802.00    0.79478   0.74721   16.140   0.75287
 5803.00    0.82552   0.74623   16.140   0.75334
 5804.00    0.86012   0.74434   -1.000   0.75281
 5805.00    0.77408   0.74226   16.140   0.75161
 5806.00    0.72585   0.74062   16.140   0.74996
 5807.00    0.81465   0.73964   16.140   0.74787
 5808.00    0.79635   0.73931   16.140   0.74533
 5809.00    0.76822   0.73944   16.140   0.74228
 5810.00    0.76555   0.73963   16.140   0.73862
 5811.00    0.78284   0.73944   16.140   0.73438
 5812.00    0.79847   0.73864   16.140   0.72979
 5813.00    0.80117   0.73740   16.140   0.72524
 5814.00    0.78345   0.73606   16.140   0.72111
 5815.00    0.74623   0.73505   16.140   0.71773
 5816.00    0.71123   0.73484   16.140   0.71540
 5817.00    0.72022   0.73575   16.140   0.71420
 5818.00    0.74591   0.73758   16.140   0.71392
 5819.00    0.74558   0.73975   16.140   0.71420
 5820.00    0.73013   0.74176   16.140   0.71473
 5821.00    0.76148   0.74326   16.140   0.71534
 5822.00    0.79147   0.74407   16.140   0.71584
 5823.00    0.76894   0.74429   16.140   0.71628
 5824.00    0.80937   0.74421   16.140   0.71687
 5825.00    0.76863   0.74408   16.140   0.71776
 5826.00    0.69190   0.74398   16.140   0.71892
 5827.00    0.70950   0.74387   16.140   0.72027
 5828.00    0.79369   0.74368   16.140   0.72168
 5829.00    0.76057   0.74331   16.140   0.72292
 5830.00    0.69764   0.74258   16.140   0.72375
 5831.00    0.77807   0.74138   16.140   0.72399
 5832.00    0.74483   0.73991   16.140   0.72369
 5833.00    0.74068   0.73832   16.140   0.72291
 5834.00    0.78572   0.73669   16.140   0.72178
 5835.00    0.78686   0.73534   16.140   0.72056
 5836.00    0.74441   0.73464   16.140   0.71954
 5837.00    0.76295   0.73456   16.140   0.71881
 5838.00    0.78979   0.73498   16.140   0.71838
 5839.00    0.68561   0.73593   16.140   0.71839
 5840.00    0.70278   0.73717    0.000   0.71884
 5841.00    0.76650   0.73811    0.000   0.71937
 5842.00    0.80219   0.73834    0.000   0.71947
 5843.00    0.79452   0.73762    0.000   0.71873
 5844.00    0.76408   0.73583    0.000   0.71675
 5845.00    0.73476   0.73313    0.000   0.71341
 5846.00    0.72681   0.72987    0.000   0.70881
 5847.00    0.74909   0.72642    0.000   0.70326
 5848.00    0.73790   0.72305    0.000   0.69725
 5849.00    0.72012   0.71981    0.000   0.69126
 5850.00    0.72425   0.71661    0.000   0.68562
 5851.00    0.74507   0.71336    0.000   0.68064
 5852.00    0.75541   0.70997    0.000   0.67652
 5853.00    0.74045   0.70643    0.000   0.67331
 5854.00    0.71885   0.70301    0.000   0.67103
 5855.00    0.75508   0.69996    0.000   0.66959
 5856.00    0.73556   0.69745    0.000   0.66877
 5857.00    0.70336   0.69570    0.000   0.66835
 5858.00    0.72303   0.69510    0.000   0.66824
 5859.00    0.74968   0.69572    0.000   0.66825
 5860.00    0.74775   0.69715    0.000   0.66811
 5861.00    0.72130   0.69903    0.000   0.66768
 5862.00    0.68805   0.70091    0.000   0.66689
 5863.00    0.65035   0.70245    0.000   0.66580
 5864.00    0.66591   0.70371    0.000   0.66469
 5865.00    0.71675   0.70477    0.000   0.66377
 5866.00    0.74557   0.70567    0.000   0.66303
 5867.00    0.75994   0.70662    0.000   0.66244
 5868.00    0.77487   0.70770    0.000   0.66177
 5869.00    0.79169   0.70842    0.000   0.66043
 5870.00    0.80104   0.70836    0.000   0.65780
 5871.00    0.80564   0.70729    0.000   0.65345
 5872.00    1.00398   0.70511    0.000   0.64743
 5873.00    1.86077   0.70207    0.000   0.64044
 5874.00    3.88961   0.69864    0.000   0.63345
 5875.00    5.49836   0.69535    0.000   0.62765
 5876.00    5.68516   0.69256    0.000   0.62412
 5877.00    4.30660   0.69050    0.000   0.62336
 5878.00    2.33673   0.68918    0.000   0.62498
 5879.00    1.22808   0.68817    0.000   0.62784
 5880.00    0.88516   0.68720    0.000   0.63119
 5881.00    0.81871   0.68596    0.000   0.63416
 5882.00    0.75338   0.68386    0.000   0.63577
 5883.00    0.70823   0.68001    0.000   0.63536
 5884.00    0.70801   0.67358    0.000   0.63251
 5885.00    0.74341   0.66405    0.000   0.62688
 5886.00    0.72721   0.65123    0.000   0.61856
 5887.00    0.71004   0.63587    0.000   0.60836
 5888.00    0.71273   0.61972    0.000   0.59751
 5889.00    0.72426   0.60473    0.000   0.58745
 5890.00    0.70992   0.59302    0.000   0.57963
 5891.00    0.69892   0.58596    0.000   0.57500
 5892.00    0.70327   0.58306    0.000   0.57317
 5893.00    0.70692   0.58339    0.000   0.57330
 5894.00    0.66328   0.58645    0.000   0.57476
 5895.00    0.65376   0.59140    0.000   0.57672
 5896.00    0.69044   0.59835    0.000   0.57914
 5897.00    0.67692   0.60810    0.000   0.58250
 5898.00    0.66873   0.62003    0.000   0.58677
 5899.00    0.67071   0.63290    0.000   0.59172
 5900.00    0.67461   0.64582    0.000   0.59720
 5901.00    0.67955   0.65756    0.000   0.60276
 5902.00    0.70136   0.66692    0.000   0.60773
 5903.00    0.71406   0.67381    0.000   0.61184
 5904.00    0.69421   0.67862    0.000   0.61505
 5905.00    0.68375   0.68174    0.000   0.61734
 5906.00    0.70508   0.68378    0.000   0.61893
 5907.00    0.72496   0.68527    0.000   0.62010
 5908.00    0.69130   0.68635    0.000   0.62097
 5909.00    0.64534   0.68690    0.000   0.62155
 5910.00    0.68631   0.68677    0.000   0.62179
 5911.00    0.76100   0.68592    0.000   0.62172
 5912.00    0.69787   0.68439    0.000   0.62133
 5913.00    0.69634   0.68236    0.000   0.62064
 5914.00    0.69692   0.68037    0.000   0.61992
 5915.00    0.65556   0.67900    0.000   0.61937
 5916.00    0.64189   0.67850    0.000   0.61899
 5917.00    0.67018   0.67897    0.000   0.61886
 5918.00    0.68571   0.68018    0.000   0.61890
 5919.00    0.65443   0.68169    0.000   0.61892
 5920.00    0.65319   0.68324    0.000   0.61899
 5921.00    0.69374   0.68453    0.000   0.61905
 5922.00    0.72928   0.68540    0.000   0.61906
 5923.00    0.70275   0.68602    0.000   0.61918
 5924.00    0.65977   0.68634    0.000   0.61943
 5925.00    0.64589   0.68625    0.000   0.61971
 5926.00    0.67403   0.68580    0.000   0.62004
 5927.00    0.72339   0.68497    0.000   0.62041
 5928.00    0.73835   0.68393    0.000   0.62077
 5929.00    0.71370   0.68287    0.000   0.62122
 5930.00    0.67615   0.68193    0.000   0.62178
 5931.00    0.68250   0.68131    0.000   0.62246
 5932.00    0.70621   0.68101    0.000   0.62329
 5933.00    0.72169   0.68087    0.000   0.62419
 5934.00    0.71521   0.68085    0.000   0.62508
 5935.00    0.70066   0.68101   16.140   0.62592
 5936.00    0.69046   0.68141   16.140   0.62666
 5937.00    0.69882   0.68175   16.140   0.62716
 5938.00    0.72471   0.68190   16.140   0.62730
 5939.00    0.68951   0.68197   16.140   0.62728
 5940.00    0.65410   0.68181   16.140   0.62722
 5941.00    0.65769   0.68152   16.140   0.62727
 5942.00    0.68836   0.68151   16.140   0.62783
 5943.00    0.65116   0.68181   16.140   0.62886
 5944.00    0.62463   0.68223   16.140   0.62999
 5945.00    0.65246   0.68252   16.140   0.63086
 5946.00    0.64030   0.68239   16.140   0.63111
 5947.00    0.64725   0.68170   16.140   0.63044
 5948.00    0.66925   0.68040   16.140   0.62882
 5949.00    0.67701   0.67870   16.140   0.62659
 5950.00    0.67095   0.67700   16.140   0.62415
 5951.00    0.68889   0.67551   16.140   0.62183
 5952.00    0.68795   0.67417   16.140   0.61974
 5953.00    0.59963   0.67307   16.140   0.61794
 5954.00    0.66153   0.67241   16.140   0.61655
 5955.00    0.73101   0.67215   16.140   0.61558
 5956.00    0.71641   0.67224   16.140   0.61506
 5957.00    0.70645   0.67291   16.140   0.61531
 5958.00    0.74124   0.67430   16.140   0.61643
 5959.00    0.76360   0.67615   -1.000   0.61818
 5960.00    0.72730   0.67819   16.140   0.62035
 5961.00    0.71821   0.68018   16.140   0.62261
 5962.00    0.71396   0.68171   16.140   0.62462
 5963.00    0.69704   0.68264   16.140   0.62626
 5964.00    0.66704   0.68317   16.140   0.62764
 5965.00    0.66663   0.68344   16.140   0.62886
 5966.00    0.69698   0.68371   16.140   0.63004
 5967.00    0.73246   0.68435   16.140   0.63133
 5968.00    0.72469   0.68519   16.140   0.63255
 5969.00    0.71614   0.68595   16.140   0.63346
 5970.00    0.71415   0.68644   16.140   0.63393
 5971.00    0.71366   0.68627   16.140   0.63376
 5972.00    0.71167   0.68510   16.140   0.63285
 5973.00    0.71203   0.68302   16.140   0.63129
 5974.00    0.71151   0.68026   16.140   0.62923
 5975.00    0.70114   0.67715   16.140   0.62684
 5976.00    0.67324   0.67418   16.140   0.62444
 5977.00    0.68283   0.67181   16.140   0.62237
 5978.00    0.73782   0.67011   16.140   0.62079
 5979.00    0.77041   0.66892   -1.000   0.61991
 5980.00    0.74052   0.66797   16.140   0.61976
 5981.00    0.68461   0.66684   16.140   0.62013
 5982.00    0.65518   0.66554   16.140   0.62094
 5983.00    0.67494   0.66426   16.140   0.62214
 5984.00    0.70285   0.66320   16.140   0.62354
 5985.00    0.73586   0.66295   16.140   0.62520
 5986.00    0.78138   0.66366   -1.000   0.62721
 5987.00    0.73657   0.66501   16.140   0.62936
 5988.00    0.68789   0.66680   16.140   0.63159
 5989.00    0.68739   0.66874   16.140   0.63400
 5990.00    0.69049   0.67046   16.140   0.63649
 5991.00    0.66787   0.67173   16.140   0.63895
 5992.00    0.64215   0.67249   16.140   0.64121
 5993.00    0.64257   0.67277   16.140   0.64310
 5994.00    0.65227   0.67239   16.140   0.64428
 5995.00    0.67525   0.67135   16.140   0.64448
 5996.00    0.69209   0.66988   16.140   0.64369
 5997.00    0.66779   0.66815   16.140   0.64208
 5998.00    0.63931   0.66645   16.140   0.63989
 5999.00    0.63748   0.66497   16.140   0.63748
 6000.00    0.67255   0.66374   16.140   0.63523
 6001.00    0.71759   0.66273   16.140   0.63342
 6002.00    0.69366   0.66165   16.140   0.63203
 6003.00    0.66765   0.66034   16.140   0.63098
 6004.00    0.72698   0.65895   16.140   0.63030
 6005.00    0.70632   0.65739   16.140   0.62977
 6006.00    0.65549   0.65591   16.140   0.62934
 6007.00    0.63101   0.65491   16.140   0.62920
 6008.00    0.66119   0.65438   16.140   0.62938
 6009.00    0.66851   0.65434   16.140   0.62983
 6010.00    0.67149   0.65466   16.140   0.63057
 6011.00    0.69540   0.65488   16.140   0.63137
 6012.00    0.70262   0.65474   16.140   0.63201
 6013.00    0.68811   0.65420   16.140   0.63242
 6014.00    0.66796   0.65333   16.140   0.63263
 6015.00    0.66835   0.65233   16.140   0.63272
 6016.00    0.67931   0.65126   16.140   0.63280
 6017.00    0.66457   0.65029   16.140   0.63302
 6018.00    0.62667   0.64965   16.140   0.63356
 6019.00    0.63762   0.64929   16.140   0.63441
 6020.00    0.65742   0.64927   16.140   0.63554
 6021.00    0.66060   0.64986   16.140   0.63692
 6022.00    0.63950   0.65108   16.140   0.63850
 6023.00    0.62737   0.65282   16.140   0.64019
 6024.00    0.63500   0.65497   16.140   0.64189
 6025.00    0.65371   0.65748   16.140   0.64359
 6026.00    0.65932   0.66008   16.140   0.64520
 6027.00    0.67892   0.66250   16.140   0.64656
 6028.00    0.69602   0.66478   16.140   0.64762
 6029.00    0.68712   0.66685   16.140   0.64845
 6030.00    0.65385   0.66853   16.140   0.64901
 6031.00    0.64441   0.66989   16.140   0.64941
 6032.00    0.67241   0.67102   16.140   0.64979
 6033.00    0.71304   0.67183   16.140   0.65020
 6034.00    0.68695   0.67228   16.140   0.65057
 6035.00    0.64195   0.67243   16.140   0.65087
 6036.00    0.63094   0.67225   16.140   0.65110
 6037.00    0.65805   0.67179   16.140   0.65131
 6038.00    0.69149   0.67119   16.140   0.65174
 6039.00    0.70908   0.67060   16.140   0.65250
 6040.00    0.69802   0.67024   16.140   0.65368
 6041.00    0.67496   0.67030   16.140   0.65540
 6042.00    0.66883   0.67078   16.140   0.65745
 6043.00    0.68391   0.67165   16.140   0.65960
 6044.00    0.68495   0.67276   16.140   0.66165
 6045.00    0.68025   0.67376   16.140   0.66329
 6046.00    0.67613   0.67451   16.140   0.66439
 6047.00    0.67894   0.67487   16.140   0.66494
 6048.00    0.70075   0.67468   16.140   0.66493
 6049.00    0.72139   0.67394   16.140   0.66443
 6050.00    0.71415   0.67274   16.140   0.66358
 6051.00    0.65654   0.67105   16.140   0.66239
 6052.00    0.66950   0.66895   16.140   0.66083
 6053.00    0.70590   0.66662   16.140   0.65904
 6054.00    0.69160   0.66434   16.140   0.65708
 6055.00    0.70234   0.66237   16.140   0.65512
 6056.00    0.70944   0.66086   16.140   0.65339
 6057.00    0.69152   0.65992   16.140   0.65196
 6058.00    0.65130   0.65941   16.140   0.65089
 6059.00    0.65162   0.65899   16.140   0.65011
 6060.00    0.66530   0.65836   16.140   0.64940
 6061.00    0.65355   0.65733   16.140   0.64860
 6062.00    0.63560   0.65594   16.140   0.64772
 6063.00    0.65445   0.65462   16.140   0.64705
 6064.00    0.69629   0.65394   16.140   0.64702
 6065.00    0.69439   0.65422   16.140   0.64790
 6066.00    0.64078   0.65584   16.140   0.64997
 6067.00    0.60126   0.65869   16.140   0.65316
 6068.00    0.63067   0.66210   16.140   0.65686
 6069.00    0.69625   0.66554   16.140   0.66057
 6070.00    0.69754   0.66849   16.140   0.66383
 6071.00    0.64574   0.67050   16.140   0.66625
 6072.00    0.63968   0.67138   16.140   0.66767
 6073.00    0.64623   0.67110   16.140   0.66807
 6074.00    0.64829   0.66972   16.140   0.66759
 6075.00    0.65086   0.66736   16.140   0.66627
 6076.00    0.69895   0.66422   16.140   0.66419
 6077.00    0.70329   0.66066   16.140   0.66154
 6078.00    0.66400   0.65693   16.140   0.65851
 6079.00    0.65477   0.65335   16.140   0.65541
 6080.00    0.66792   0.65036   16.140   0.65266
 6081.00    0.69498   0.64802   16.140   0.65053
 6082.00    0.72331   0.64630   16.140   0.64913
 6083.00    0.72696   0.64539   16.140   0.64862
 6084.00    0.68711   0.64504   16.140   0.64877
 6085.00    0.64656   0.64485   16.140   0.64913
 6086.00    0.68339   0.64474   16.140   0.64950
 6087.00    0.68875   0.64448   16.140   0.64968
 6088.00    0.67412   0.64399   16.140   0.64954
 6089.00    0.66807   0.64335   16.140   0.64927
 6090.00    0.65974   0.64271   16.140   0.64905
 6091.00    0.64898   0.64244   16.140   0.64924
 6092.00    0.64794   0.64276   16.140   0.65009
 6093.00    0.67282   0.64351   16.140   0.65139
 6094.00    0.67256   0.64463   16.140   0.65304
 6095.00    0.66214   0.64586   16.140   0.65480
 6096.00    0.66609   0.64663   16.140   0.65613
 6097.00    0.68306   0.64662   16.140   0.65671
 6098.00    0.69228   0.64566   16.140   0.65642
 6099.00    0.68668   0.64363   16.140   0.65512
 6100.00    0.67478   0.64085   16.140   0.65299
 6101.00    0.68681   0.63790   16.140   0.65047
 6102.00    0.68799   0.63524   16.140   0.64794
 6103.00    0.65537   0.63369   16.140   0.64609
 6104.00    0.66860   0.63375   16.140   0.64538
 6105.00    0.68436   0.63507   16.140   0.64568
 6106.00    0.67940   0.63727   16.140   0.64679
 6107.00    0.66249   0.63991   16.140   0.64838
 6108.00    0.65349   0.64236   16.140   0.65003
 6109.00    0.65671   0.64448   16.140   0.65166
 6110.00    0.66707   0.64618   16.140   0.65322
 6111.00    0.66556   0.64727   16.140   0.65461
 6112.00    0.66103   0.64798   16.140   0.65596
 6113.00    0.66122   0.64827   16.140   0.65707
 6114.00    0.66783   0.64787   16.140   0.65756
 6115.00    0.66001   0.64668   16.140   0.65715
 6116.00    0.63727   0.64451   16.140   0.65553
 6117.00    0.61409   0.64143   16.140   0.65269
 6118.00    0.62779   0.63773   16.140   0.64901
 6119.00    0.63714   0.63365   16.140   0.64484
 6120.00    0.62175   0.62983   16.140   0.64091
 6121.00    0.61023   0.62698   16.140   0.63803
 6122.00    0.61920   0.62530   16.140   0.63651
 6123.00    0.63263   0.62508   16.140   0.63653
 6124.00    0.62094   0.62616   16.140   0.63787
 6125.00    0.59963   0.62782   16.140   0.63987
 6126.00    0.62128   0.62974   16.140   0.64218
 6127.00    0.68675   0.63168   16.140   0.64456
 6128.00    0.67530   0.63328   16.140   0.64664
 6129.00    0.65134   0.63442   16.140   0.64823
 6130.00    0.63836   0.63486   16.140   0.64904
 6131.00    0.62498   0.63412   16.140   0.64858
 6132.00    0.62196   0.63185   16.140   0.64655
 6133.00    0.62897   0.62805   16.140   0.64316
 6134.00    0.63707   0.62306   16.140   0.63887
 6135.00    0.62053   0.61783   16.140   0.63458
 6136.00    0.58487   0.61352   16.140   0.63139
 6137.00    0.55768   0.61102   16.140   0.62998
 6138.00    0.59007   0.61117   16.140   0.63077
 6139.00    0.67156   0.61378   16.140   0.63359
 6140.00    0.72588   0.61798   -1.000   0.63761
 6141.00    0.67282   0.62289   16.140   0.64203
 6142.00    0.55590   0.62768   16.140   0.64620
 6143.00    0.53854   0.63179   16.140   0.64949
 6144.00    0.64146   0.63471   16.140   0.65136
 6145.00    0.64843   0.63618   16.140   0.65140
 6146.00    0.65195   0.63630   16.140   0.64943
 6147.00    0.66218   0.63531   16.140   0.64576
 6148.00    0.64200   0.63354   16.140   0.64093
 6149.00    0.63038   0.63142   16.140   0.63560
 6150.00    0.63917   0.62936   16.140   0.63062
 6151.00    0.65795   0.62755   16.140   0.62650
 6152.00    0.63759   0.62596   16.140   0.62307
 6153.00    0.63467   0.62441   16.140   0.61984
 6154.00    0.65129   0.62247   16.140   0.61602
 6155.00    0.63802   0.61981   16.140   0.61087
 6156.00    0.64140   0.61623   16.140   0.60409
 6157.00    0.64980   0.61135   16.140   0.59548
 6158.00    0.63655   0.60520   16.140   0.58541
 6159.00    0.60807   0.59822   16.140   0.57467
 6160.00    0.61910   0.59107   16.140   0.56422
 6161.00    0.66683   0.58467   16.140   0.55504
 6162.00    0.65268   0.58007   16.140   0.54783
 6163.00    0.61853   0.57785   16.140   0.54308
 6164.00    0.59537   0.57796   16.140   0.54074
 6165.00    0.60388   0.57968   16.140   0.54025
 6166.00    0.63176   0.58209   16.140   0.54099
 6167.00    0.65242   0.58456   16.140   0.54238
 6168.00    0.64105   0.58669   16.140   0.54397
 6169.00    0.58585   0.58838   16.140   0.54545
 6170.00    0.58299   0.59008   16.140   0.54684
 6171.00    0.62962   0.59221   16.140   0.54819
 6172.00    0.61731   0.59473   16.140   0.54947
 6173.00    0.63124   0.59734   16.140   0.55064
 6174.00    0.66008   0.59995   16.140   0.55179
 6175.00    0.65394   0.60238   16.140   0.55310
 6176.00    0.60511   0.60442   16.140   0.55461
 6177.00    0.58866   0.60615   16.140   0.55628
 6178.00    0.62751   0.60766   16.140   0.55797
 6179.00    0.62024   0.60899   16.140   0.55941
 6180.00    0.62858   0.60996   16.140   0.56023
 6181.00    0.65269   0.61051   16.140   0.56011
 6182.00    0.64085   0.61048   16.140   0.55882
 6183.00    0.63404   0.60951   16.140   0.55622
 6184.00    0.64799   0.60760   16.140   0.55240
 6185.00    0.67594   0.60477   16.140   0.54765
 6186.00    0.65577   0.60108   16.140   0.54229
 6187.00    0.62629   0.59699   16.140   0.53682
 6188.00    0.61459   0.59296   16.140   0.53179
 6189.00    0.61270   0.58948   16.140   0.52758
 6190.00    0.61589   0.58716   16.140   0.52454
 6191.00    0.62079   0.58616   16.140   0.52285
 6192.00    0.62479   0.58681   16.140   0.52260
 6193.00    0.63205   0.58899   16.140   0.52364
 6194.00    0.64598   0.59184   16.140   0.52554
 6195.00    0.66008   0.59473   16.140   0.52790
 6196.00    0.63447   0.59710   16.140   0.53032
 6197.00    0.60743   0.59860   16.140   0.53249
 6198.00    0.60048   0.59932   16.140   0.53436
 6199.00    0.60330   0.59952   16.140   0.53595
 6200.00    0.61102   0.59973   16.140   0.53744
 6201.00    0.62172   0.60044   16.140   0.53903
 6202.00    0.63414   0.60160   16.140   0.54072
 6203.00    0.64327   0.60299   16.140   0.54241
 6204.00    0.62512   0.60431   16.140   0.54393
 6205.00    0.57883   0.60519   16.140   0.54505
 6206.00    0.59726   0.60538   16.140   0.54559
 6207.00    0.63304   0.60464   16.140   0.54532
 6208.00    0.65084   0.60282   16.140   0.54403
 6209.00    0.64690   0.59993   16.140   0.54165
 6210.00    0.63926   0.59599   16.140   0.53818
 6211.00    0.63810   0.59125   16.140   0.53379
 6212.00    0.64637   0.58615   16.140   0.52888
 6213.00    0.63869   0.58112   16.140   0.52382
 6214.00    0.62637   0.57670   16.140   0.51911
 6215.00    0.62455   0.57337   16.140   0.51520
 6216.00    0.62626   0.57123   16.140   0.51228
 6217.00    0.62565   0.57026   16.140   0.51038
 6218.00    0.62121   0.57020   16.140   0.50920
 6219.00    0.61751   0.57064   16.140   0.50831
 6220.00    0.62294   0.57151   16.140   0.50741
 6221.00    0.62359   0.57267   16.140   0.50629
 6222.00    0.59730   0.57392   16.140   0.50486
 6223.00    0.61128   0.57508   16.140   0.50328
 6224.00    0.64139   0.57580   16.140   0.50173
 6225.00    0.64737   0.57590   16.140   0.50039
 6226.00    0.64341   0.57521   16.140   0.49932
 6227.00    0.64206   0.57363   16.140   0.49851
 6228.00    0.64429   0.57145   16.140   0.49795
 6229.00    0.63309   0.56919   16.140   0.49772
 6230.00    0.64210   0.56743   16.140   0.49791
 6231.00    0.65821   0.56687   16.140   0.49866
 6232.00    0.63260   0.56783   16.140   0.50001
 6233.00    0.62496   0.56997   16.140   0.50171
 6234.00    0.63492   0.57268   16.140   0.50342
 6235.00    0.63937   0.57512   16.140   0.50472
 6236.00    0.62436   0.57649   16.140   0.50525
 6237.00    0.61712   0.57635   16.140   0.50490
 6238.00    0.63024   0.57473   16.140   0.50376
 6239.00    0.62856   0.57202   16.140   0.50220
 6240.00    0.64491   0.56882   16.140   0.50068
 6241.00    0.67112   0.56582   -1.000   0.49966
 6242.00    0.64985   0.56357   16.140   0.49942
 6243.00    0.62423   0.56231   16.140   0.50004
 6244.00    0.61713   0.56231   16.140   0.50158
 6245.00    0.63323   0.56346   16.140   0.50388
 6246.00    0.61302   0.56520   16.140   0.50652
 6247.00    0.59893   0.56711   16.140   0.50918
 6248.00    0.62749   0.56850   16.140   0.51148
 6249.00    0.62856   0.56879   16.140   0.51313
 6250.00    0.62425   0.56778   16.140   0.51403
 6251.00    0.62896   0.56547   16.140   0.51416
 6252.00    0.62944   0.56217   16.140   0.51356
 6253.00    0.61509   0.55846   16.140   0.51242
 6254.00    0.59136   0.55488   16.140   0.51095
 6255.00    0.57897   0.55190   16.140   0.50933
 6256.00    0.60343   0.54989   16.140   0.50785
 6257.00    0.62371   0.54923   16.140   0.50690
 6258.00    0.59164   0.55011   16.140   0.50685
 6259.00    0.58508   0.55251   16.140   0.50794
 6260.00    0.59863   0.55615   16.140   0.51016
 6261.00    0.61160   0.56037   16.140   0.51310
 6262.00    0.60314   0.56454   16.140   0.51630
 6263.00    0.59897   0.56820   16.140   0.51931
 6264.00    0.60907   0.57086   16.140   0.52165
 6265.00    0.61987   0.57252   16.140   0.52316
 6266.00    0.62379   0.57347   16.140   0.52397
 6267.00    0.62712   0.57400   16.140   0.52431
 6268.00    0.64269   0.57437   16.140   0.52447
 6269.00    0.64510   0.57474   16.140   0.52466
 6270.00    0.63230   0.57526   16.140   0.52502
 6271.00    0.61749   0.57594   16.140   0.52551
 6272.00    0.64770   0.57666   16.140   0.52599
 6273.00    0.65983   0.57729   16.140   0.52638
 6274.00    0.61939   0.57763   16.140   0.52663
 6275.00    0.59932   0.57763   16.140   0.52683
 6276.00    0.59888   0.57729   16.140   0.52704
 6277.00    0.61106   0.57660   16.140   0.52736
 6278.00    0.62747   0.57572   16.140   0.52785
 6279.00    0.63700   0.57489   16.140   0.52857
 6280.00    0.63250   0.57431    0.000   0.52956
 6281.00    0.61347   0.57431    0.000   0.53093
 6282.00    0.63014   0.57506    0.000   0.53278
 6283.00    0.65002   0.57642    0.000   0.53503
 6284.00    0.62633   0.57830    0.000   0.53763
 6285.00    0.59967   0.58031    0.000   0.54034
 6286.00    0.58719   0.58219    0.000   0.54296
 6287.00    0.59471   0.58368    0.000   0.54525
 6288.00    0.61177   0.58443    0.000   0.54686
 6289.00    0.62184   0.58438    0.000   0.54762
 6290.00    0.62254   0.58345    0.000   0.54741
 6291.00    0.62997   0.58176    0.000   0.54628
 6292.00    0.62944   0.57960    0.000   0.54447
 6293.00    0.62422   0.57711    0.000   0.54229
 6294.00    0.63263   0.57456    0.000   0.54019
 6295.00    0.65924   0.57207    0.000   0.53851
 6296.00    0.74216   0.56973    0.000   0.53749
 6297.00    0.94474   0.56772    0.000   0.53735
 6298.00    1.35726   0.56615    0.000   0.53804
 6299.00    1.85899   0.56511    0.000   0.53933
 6300.00    2.22891   0.56458    0.000   0.54093
 6301.00    2.03932   0.56459    0.000   0.54261
 6302.00    1.57893   0.56524    0.000   0.54430
 6303.00    1.11849   0.56658    0.000   0.54605
 6304.00    0.82451   0.56847    0.000   0.54790
 6305.00    0.68380   0.57067    0.000   0.54995
 6306.00    0.64733   0.57284    0.000   0.55217
 6307.00    0.62914   0.57465    0.000   0.55448
 6308.00    0.63062   0.57572    0.000   0.55664
 6309.00    0.72114   0.57577    0.000   0.55832
 6310.00    0.98832   0.57477    0.000   0.55948
 6311.00    1.20769   0.57290    0.000   0.56012
 6312.00    1.27918   0.57045    0.000   0.56040
 6313.00    1.16171   0.56771    0.000   0.56051
 6314.00    0.94124   0.56499    0.000   0.56057
 6315.00    0.74813   0.56249    0.000   0.56066
 6316.00    0.66054   0.56058    0.000   0.56083
 6317.00    0.60329   0.55946    0.000   0.56112
 6318.00    0.59411   0.55916    0.000   0.56143
 6319.00    0.62409   0.55992    0.000   0.56189
 6320.00    0.61946   0.56161    0.000   0.56245
 6321.00    0.59431   0.56396   16.140   0.56309
 6322.00    0.57044   0.56669   16.140   0.56384
 6323.00    0.57712   0.56946   16.140   0.56470
 6324.00    0.60413   0.57207   16.140   0.56572
 6325.00    0.63241   0.57425   16.140   0.56686
 6326.00    0.63846   0.57593   16.140   0.56816
 6327.00    0.63965   0.57706   16.140   0.56960
 6328.00    0.63242   0.57766   16.140   0.57104
 6329.00    0.61125   0.57776   16.140   0.57245
 6330.00    0.60000   0.57720   16.140   0.57358
 6331.00    0.60785   0.57604   16.140   0.57437
 6332.00    0.63217   0.57430   16.140   0.57476
 6333.00    0.64168   0.57203   16.140   0.57468
 6334.00    0.63152   0.56953   16.140   0.57435
 6335.00    0.60713   0.56708   16.140   0.57395
 6336.00    0.58914   0.56516   16.140   0.57382
 6337.00    0.58436   0.56408   16.140   0.57413
 6338.00    0.58925   0.56376   16.140   0.57469
 6339.00    0.58904   0.56395   16.140   0.57520
 6340.00    0.58720   0.56438   16.140   0.57528
 6341.00    0.59743   0.56476   16.140   0.57463
 6342.00    0.63683   0.56495   16.140   0.57320
 6343.00    0.64014   0.56508   16.140   0.57125
 6344.00    0.61507   0.56535   16.140   0.56923
 6345.00    0.60228   0.56606   16.140   0.56775
 6346.00    0.63000   0.56718   16.140   0.56712
 6347.00    0.66624   0.56855   -1.000   0.56747
 6348.00    0.66979   0.56993   -1.000   0.56842
 6349.00    0.63631   0.57094   16.140   0.56953
 6350.00    0.62721   0.57127   16.140   0.57018
 6351.00    0.66206   0.57071   -1.000   0.56995
 6352.00    0.61898   0.56920   16.140   0.56863
 6353.00    0.59708   0.56677   16.140   0.56627
 6354.00    0.63430   0.56356   16.140   0.56308
 6355.00    0.63487   0.55981   16.140   0.55936
 6356.00    0.61882   0.55579   16.140   0.55549
 6357.00    0.60639   0.55172   16.140   0.55177
 6358.00    0.61370   0.54783   16.140   0.54847
 6359.00    0.59980   0.54447   16.140   0.54591
 6360.00    0.61544   0.54200   16.140   0.54437
 6361.00    0.77654   0.54070   -1.000   0.54399
 6362.00    0.94475   0.54074   -1.000   0.54483
 6363.00    1.05693   0.54223   -1.000   0.54689
 6364.00    1.07812   0.54501   -1.000   0.55003
 6365.00    1.00085   0.54878   -1.000   0.55398
 6366.00    0.85845   0.55311   -1.000   0.55842
 6367.00    0.70773   0.55758   -1.000   0.56298
 6368.00    0.64655   0.56184   -1.000   0.56735
 6369.00    0.64266   0.56561   16.140   0.57133
 6370.00    0.65139   0.56875   -1.000   0.57473
 6371.00    0.67028   0.57125   -1.000   0.57759
 6372.00    0.66817   0.57313   -1.000   0.57986
 6373.00    0.63348   0.57433   16.140   0.58145
 6374.00    0.60431   0.57483   16.140   0.58225
 6375.00    0.59774   0.57467   16.140   0.58216
 6376.00    0.60647   0.57395   16.140   0.58125
 6377.00    0.58720   0.57281   16.140   0.57967
 6378.00    0.56507   0.57146   16.140   0.57770
 6379.00    0.56254   0.57016   16.140   0.57566
 6380.00    0.60028   0.56915   16.140   0.57393
 6381.00    0.62687   0.56851   16.140   0.57259
 6382.00    0.63011   0.56832   16.140   0.57167
 6383.00    0.62459   0.56852   16.140   0.57109
 6384.00    0.62668   0.56895   16.140   0.57071
 6385.00    0.63000   0.56947   16.140   0.57045
 6386.00    0.62034   0.56990   16.140   0.57027
 6387.00    0.62727   0.56999   16.140   0.57011
 6388.00    0.62270   0.56954   16.140   0.56993
 6389.00    0.57508   0.56846   16.140   0.56974
 6390.00    0.57665   0.56683   16.140   0.56958
 6391.00    0.60670   0.56482   16.140   0.56953
 6392.00    0.61971   0.56280   16.140   0.56975
 6393.00    0.58163   0.56110   16.140   0.57035
 6394.00    0.54571   0.55999   16.140   0.57145
 6395.00    0.55808   0.55946   16.140   0.57295
 6396.00    0.60965   0.55926   16.140   0.57462
 6397.00    0.62131   0.55916   16.140   0.57625
 6398.00    0.56990   0.55909   16.140   0.57776
 6399.00    0.56195   0.55910   16.140   0.57919
 6400.00    0.58550   0.55941   16.140   0.58075
 6401.00    0.61380   0.56027   16.140   0.58264
 6402.00    0.60320   0.56156   16.140   0.58492
 6403.00    0.57288   0.56288   16.140   0.58728
 6404.00    0.56094   0.56390   16.140   0.58946
 6405.00    0.63128   0.56431   16.140   0.59112
 6406.00    0.65235   0.56401   -1.000   0.59204
 6407.00    0.61143   0.56313   16.140   0.59218
 6408.00    0.59480   0.56190   16.140   0.59155
 6409.00    0.61092   0.56075   16.140   0.59037
 6410.00    0.64063   0.55983   16.140   0.58881
 6411.00    0.64369   0.55920   -1.000   0.58705
 6412.00    0.59466   0.55896   16.140   0.58537
 6413.00    0.54062   0.55902   16.140   0.58389
 6414.00    0.55973   0.55915   16.140   0.58266
 6415.00    0.61209   0.55915   16.140   0.58156
 6416.00    0.65251   0.55888   -1.000   0.58041
 6417.00    0.64067   0.55824   -1.000   0.57908
 6418.00    0.61879   0.55739   16.140   0.57761
 6419.00    0.60976   0.55663   16.140   0.57624
 6420.00    0.62065   0.55630   16.140   0.57525
 6421.00    0.59884   0.55672   16.140   0.57494
 6422.00    0.58554   0.55794   16.140   0.57543
 6423.00    0.61303   0.55973   16.140   0.57657
 6424.00    0.61130   0.56162   16.140   0.57797
 6425.00    0.59587   0.56311   16.140   0.57919
 6426.00    0.58775   0.56388   16.140   0.57991
 6427.00    0.59140   0.56369   16.140   0.57994
 6428.00    0.59561   0.56264   16.140   0.57932
 6429.00    0.58982   0.56102   16.140   0.57835
 6430.00    0.56512   0.55933   16.140   0.57745
 6431.00    0.57105   0.55799   16.140   0.57700
 6432.00    0.60493   0.55733   16.140   0.57729
 6433.00    0.56268   0.55728   16.140   0.57828
 6434.00    0.53947   0.55758   16.140   0.57975
 6435.00    0.57001   0.55793   16.140   0.58146
 6436.00    0.59897   0.55819   16.140   0.58327
 6437.00    0.58752   0.55839   16.140   0.58514
 6438.00    0.55078   0.55875   16.140   0.58713
 6439.00    0.56676   0.55952   16.140   0.58936
 6440.00    0.59878   0.56092   16.140   0.59189
 6441.00    0.61882   0.56278   16.140   0.59448
 6442.00    0.60220   0.56465   16.140   0.59666
 6443.00    0.57729   0.56601   16.140   0.59794
 6444.00    0.56507   0.56632   16.140   0.59784
 6445.00    0.58510   0.56524   16.140   0.59611
 6446.00    0.61584   0.56273   16.140   0.59286
 6447.00    0.62507   0.55907   16.140   0.58855
 6448.00    0.57783   0.55492   16.140   0.58395
 6449.00    0.59788   0.55108   16.140   0.57995
 6450.00    0.64523   0.54834   -1.000   0.57733
 6451.00    0.60627   0.54722   16.140   0.57660
 6452.00    0.58287   0.54772   16.140   0.57772
 6453.00    0.59100   0.54945   16.140   0.58032
 6454.00    0.61091   0.55191   16.140   0.58378
 6455.00    0.60971   0.55451   16.140   0.58743
 6456.00    0.59934   0.55685   16.140   0.59070
 6457.00    0.60476   0.55862   16.140   0.59321
 6458.00    0.61736   0.55956   16.140   0.59464
 6459.00    0.61820   0.55959   16.140   0.59500
 6460.00    0.59450   0.55881   16.140   0.59441
 6461.00    0.60038   0.55755   16.140   0.59335
 6462.00    0.62422   0.55619   16.140   0.59230
 6463.00    0.63820   0.55532   -1.000   0.59185
 6464.00    0.61859   0.55520   16.140   0.59228
 6465.00    0.59256   0.55581   16.140   0.59352
 6466.00    0.59059   0.55688   16.140   0.59520
 6467.00    0.60865   0.55802   16.140   0.59681
 6468.00    0.62310   0.55891   16.140   0.59782
 6469.00    0.61474   0.55933   16.140   0.59786
 6470.00    0.59321   0.55935   16.140   0.59677
 6471.00    0.57693   0.55910   16.140   0.59472
 6472.00    0.57979   0.55878   16.140   0.59199
 6473.00    0.59945   0.55852   16.140   0.58902
 6474.00    0.60926   0.55828   16.140   0.58611
 6475.00    0.59596   0.55797   16.140   0.58350
 6476.00    0.59249   0.55745   16.140   0.58120
 6477.00    0.59317   0.55658   16.140   0.57894
 6478.00    0.59118   0.55522   16.140   0.57644
 6479.00    0.58772   0.55342   16.140   0.57348
 6480.00    0.59508   0.55139   16.140   0.57017
 6481.00    0.61774   0.54939   16.140   0.56673
 6482.00    0.63987   0.54777   -1.000   0.56366
 6483.00    0.62208   0.54680   16.140   0.56134
 6484.00    0.56505   0.54650   16.140   0.56001
 6485.00    0.56392   0.54663   16.140   0.55955
 6486.00    0.58630   0.54675   16.140   0.55962
 6487.00    0.60360   0.54630   16.140   0.55969
 6488.00    0.60579   0.54482   16.140   0.55922
 6489.00    0.60531   0.54188   16.140   0.55777
 6490.00    0.61033   0.53741   16.140   0.55508
 6491.00    0.62134   0.53161   -1.000   0.55117
 6492.00    0.61552   0.52499   -1.000   0.54628
 6493.00    0.59493   0.51832   16.140   0.54088
 6494.00    0.60863   0.51244   -1.000   0.53566
 6495.00    0.60566   0.50824   -1.000   0.53136
 6496.00    0.57361   0.50628   16.140   0.52867
 6497.00    0.56927   0.50668   16.140   0.52792
 6498.00    0.58169   0.50929   16.140   0.52924
 6499.00    0.59578   0.51352   16.140   0.53230
 6500.00    0.59023   0.51878   16.140   0.53664
 6501.00    0.58454   0.52440   16.140   0.54162
 6502.00    0.58883   0.52979   16.140   0.54661
 6503.00    0.60020   0.53455   16.140   0.55112
 6504.00    0.60001   0.53845   16.140   0.55479
 6505.00    0.58776   0.54138   16.140   0.55752
 6506.00    0.58992   0.54342   16.140   0.55939
 6507.00    0.60105   0.54470   16.140   0.56055
 6508.00    0.61195   0.54543   16.140   0.56129
 6509.00    0.60614   0.54581   16.140   0.56181
 6510.00    0.58598   0.54596   16.140   0.56226
 6511.00    0.56982   0.54590   16.140   0.56263
 6512.00    0.60477   0.54558   16.140   0.56282
 6513.00    0.63015   0.54497   -1.000   0.56279
 6514.00    0.62354   0.54409   -1.000   0.56256
 6515.00    0.61141   0.54302   16.140   0.56223
 6516.00    0.60026   0.54198   16.140   0.56200
 6517.00    0.59112   0.54122   16.140   0.56210
 6518.00    0.58028   0.54091   16.140   0.56264
 6519.00    0.57166   0.54113   16.140   0.56371
 6520.00    0.57572   0.54183   16.140   0.56520
 6521.00    0.61542   0.54278   16.140   0.56694
 6522.00    0.62690   0.54374   -1.000   0.56874
 6523.00    0.60109   0.54442   16.140   0.57042
 6524.00    0.60681   0.54471   16.140   0.57191
 6525.00    0.61889   0.54458   16.140   0.57316
 6526.00    0.61702   0.54409   16.140   0.57421
 6527.00    0.58665   0.54340   16.140   0.57509
 6528.00    0.58700   0.54267    0.000   0.57587
 6529.00    0.62097   0.54201    0.000   0.57659
 6530.00    0.60403   0.54150    0.000   0.57730
 6531.00    0.59135   0.54119    0.000   0.57806
 6532.00    0.60710   0.54115    0.000   0.57896
 6533.00    0.62649   0.54142    0.000   0.58004
 6534.00    0.63979   0.54202    0.000   0.58130
 6535.00    0.64383   0.54284    0.000   0.58260
 6536.00    0.64220   0.54374    0.000   0.58376
 6537.00    0.63948   0.54449    0.000   0.58453
 6538.00    0.63418   0.54489    0.000   0.58467
 6539.00    0.61404   0.54474    0.000   0.58394
 6540.00    0.61761   0.54388    0.000   0.58220
 6541.00    0.65078   0.54228    0.000   0.57937
 6542.00    0.65537   0.54000    0.000   0.57561
 6543.00    0.67711   0.53729    0.000   0.57118
 6544.00    0.77623   0.53442    0.000   0.56652
 6545.00    1.06200   0.53169    0.000   0.56196
 6546.00    1.55348   0.52931    0.000   0.55778
 6547.00    2.14682   0.52736    0.000   0.55402
 6548.00    2.41913   0.52573    0.000   0.55066
 6549.00    2.21341   0.52413    0.000   0.54744
 6550.00    1.59432   0.52231    0.000   0.54425
 6551.00    1.13484   0.52002    0.000   0.54092
 6552.00    0.88516   0.51717    0.000   0.53743
 6553.00    0.80879   0.51376    0.000   0.53371
 6554.00    0.78131   0.50981    0.000   0.52966
 6555.00    0.86336   0.50530    0.000   0.52509
 6556.00    1.12744   0.50013    0.000   0.51972
 6557.00    1.65289   0.49412    0.000   0.51317
 6558.00    3.37597   0.48717    0.000   0.50530
 6559.00   10.13103   0.47949    0.000   0.49624
 6560.00   37.29596   0.47172    0.000   0.48685
 6561.00   75.15034   0.46493    0.000   0.47829
 6562.00  109.36567   0.46032    0.000   0.47217
 6563.00  117.68448   0.45890    0.000   0.46978
 6564.00   96.45123   0.46116    0.000   0.47180
 6565.00   51.92191   0.46658    0.000   0.47783
 6566.00   22.77036   0.47407    0.000   0.48660
 6567.00    9.03980   0.48220    0.000   0.49654
 6568.00    3.54905   0.48972    0.000   0.50607
 6569.00    1.58715   0.49576    0.000   0.51405
 6570.00    1.15336   0.50010    0.000   0.51999
 6571.00    0.92744   0.50298    0.000   0.52393
 6572.00    0.80080   0.50490    0.000   0.52628
 6573.00    0.73723   0.50644    0.000   0.52761
 6574.00    0.71549   0.50808    0.000   0.52846
 6575.00    0.71455   0.51004    0.000   0.52919
 6576.00    0.73924   0.51230    0.000   0.53002
 6577.00    0.79269   0.51466    0.000   0.53099
 6578.00    0.78467   0.51684    0.000   0.53219
 6579.00    0.91610   0.51865    0.000   0.53362
 6580.00    1.54444   0.52006    0.000   0.53543
 6581.00    2.85759   0.52112    0.000   0.53768
 6582.00    4.57056   0.52202    0.000   0.54038
 6583.00    6.00825   0.52289    0.000   0.54356
 6584.00    5.82138   0.52375    0.000   0.54688
 6585.00    4.28248   0.52455    0.000   0.55019
 6586.00    2.69836   0.52509    0.000   0.55296
 6587.00    1.58794   0.52514    0.000   0.55494
 6588.00    1.03044   0.52450    0.000   0.55578
 6589.00    0.83340   0.52302    0.000   0.55535
 6590.00    0.73041   0.52082    0.000   0.55379
 6591.00    0.64888   0.51818    0.000   0.55141
 6592.00    0.64531   0.51555    0.000   0.54874
 6593.00    0.64502   0.51341    0.000   0.54628
 6594.00    0.62768   0.51218    0.000   0.54449
 6595.00    0.62572   0.51202    0.000   0.54359
 6596.00    0.62413   0.51283    0.000   0.54357
 6597.00    0.61647   0.51435    0.000   0.54425
 6598.00    0.60782   0.51624    0.000   0.54541
 6599.00    0.60784   0.51813    0.000   0.54673
 6600.00    0.62065   0.51971    0.000   0.54796
 6601.00    0.64263   0.52070    0.000   0.54881
 6602.00    0.65133   0.52096    0.000   0.54908
 6603.00    0.64062   0.52041    0.000   0.54862
 6604.00    0.64119   0.51919    0.000   0.54746
 6605.00    0.63609   0.51751    0.000   0.54579
 6606.00    0.61495   0.51575    0.000   0.54393
 6607.00    0.59709   0.51427    0.000   0.54228
 6608.00    0.59434   0.51341    0.000   0.54118
 6609.00    0.60920   0.51335   -1.000   0.54083
 6610.00    0.61188   0.51410   -1.000   0.54127
 6611.00    0.60132   0.51552   -1.000   0.54239
 6612.00    0.58567   0.51731   16.140   0.54386
 6613.00    0.59595   0.51922   16.140   0.54546
 6614.00    0.60726   0.52097   -1.000   0.54684
 6615.00    0.58840   0.52244   16.140   0.54788
 6616.00    0.57764   0.52350   16.140   0.54836
 6617.00    0.59075   0.52412   16.140   0.54828
 6618.00    0.63051   0.52426   -1.000   0.54756
 6619.00    0.62039   0.52390   -1.000   0.54622
 6620.00    0.58319   0.52302   16.140   0.54430
 6621.00    0.58566   0.52164   16.140   0.54187
 6622.00    0.58483   0.51989   16.140   0.53912
 6623.00    0.57960   0.51792   16.140   0.53629
 6624.00    0.59294   0.51599   16.140   0.53366
 6625.00    0.60905   0.51423   -1.000   0.53150
 6626.00    0.61673   0.51276   -1.000   0.52998
 6627.00    0.60456   0.51150   -1.000   0.52912
 6628.00    0.59549   0.51033   -1.000   0.52881
 6629.00    0.59475   0.50912   -1.000   0.52886
 6630.00    0.58931   0.50782   16.140   0.52906
 6631.00    0.58213   0.50652   16.140   0.52922
 6632.00    0.57776   0.50540   16.140   0.52929
 6633.00    0.58497   0.50466   16.140   0.52921
 6634.00    0.59211   0.50447   -1.000   0.52909
 6635.00    0.59141   0.50482   -1.000   0.52897
 6636.00    0.58225   0.50558   16.140   0.52893
 6637.00    0.58734   0.50652   16.140   0.52897
 6638.00    0.61108   0.50737   -1.000   0.52908
 6639.00    0.59079   0.50794   16.140   0.52920
 6640.00    0.57142   0.50814   16.140   0.52926
 6641.00    0.59394   0.50803   -1.000   0.52921
 6642.00    0.60552   0.50770   -1.000   0.52900
 6643.00    0.60184   0.50732   -1.000   0.52859
 6644.00    0.59031   0.50701   16.140   0.52791
 6645.00    0.58585   0.50685   16.140   0.52685
 6646.00    0.57941   0.50684   16.140   0.52529
 6647.00    0.55746   0.50693   16.140   0.52310
 6648.00    0.56515   0.50702   16.140   0.52027
 6649.00    0.58976   0.50705   16.140   0.51689
 6650.00    0.58789   0.50698   16.140   0.51324
 6651.00    0.57446   0.50679   16.140   0.50964
 6652.00    0.56175   0.50651   16.140   0.50645
 6653.00    0.56515   0.50615   16.140   0.50393
 6654.00    0.58092   0.50573   16.140   0.50218
 6655.00    0.59806   0.50521   -1.000   0.50115
 6656.00    0.59192   0.50453   -1.000   0.50066
 6657.00    0.59042   0.50363   -1.000   0.50052
 6658.00    0.60245   0.50243   -1.000   0.50053
 6659.00    0.60672   0.50095   -1.000   0.50056
 6660.00    0.60551   0.49923   -1.000   0.50056
 6661.00    0.60112   0.49744   -1.000   0.50057
 6662.00    0.59222   0.49576   -1.000   0.50064
 6663.00    0.58339   0.49445   -1.000   0.50091
 6664.00    0.58144   0.49366   -1.000   0.50147
 6665.00    0.60274   0.49354   -1.000   0.50243
 6666.00    0.60732   0.49407   -1.000   0.50379
 6667.00    0.56310   0.49518   16.140   0.50551
 6668.00    0.57284   0.49665   16.140   0.50741
 6669.00    0.61757   0.49824   -1.000   0.50925
 6670.00    0.64000   0.49964   -1.000   0.51065
 6671.00    0.62738   0.50058   -1.000   0.51127
 6672.00    0.59747   0.50080   -1.000   0.51078
 6673.00    0.59248   0.50019   -1.000   0.50893
 6674.00    0.67968   0.49876   -1.000   0.50577
 6675.00    0.89873   0.49673   -1.000   0.50143
 6676.00    1.28270   0.49440   -1.000   0.49644
 6677.00    1.67309   0.49224   -1.000   0.49127
 6678.00    1.90969   0.49063   -1.000   0.48659
 6679.00    1.72879   0.48987   -1.000   0.48277
 6680.00    1.33632   0.49000   -1.000   0.48014
 6681.00    0.92454   0.49091   -1.000   0.47865
 6682.00    0.74671   0.49230   -1.000   0.47816
 6683.00    0.68168   0.49388   -1.000   0.47841
 6684.00    0.62366   0.49534   -1.000   0.47908
 6685.00    0.58767   0.49654   -1.000   0.47998
 6686.00    0.56292   0.49738   16.140   0.48090
 6687.00    0.54313   0.49789   16.140   0.48179
 6688.00    0.57477   0.49810   16.140   0.48256
 6689.00    0.62648   0.49804   -1.000   0.48323
 6690.00    0.64175   0.49771   -1.000   0.48377
 6691.00    0.59980   0.49709   -1.000   0.48419
 6692.00    0.55681   0.49616   16.140   0.48449
 6693.00    0.61508   0.49497   -1.000   0.48474
 6694.00    0.64798   0.49363   -1.000   0.48500
 6695.00    0.63708   0.49234   -1.000   0.48539
 6696.00    0.64350   0.49128    0.000   0.48601
 6697.00    0.64330   0.49063    0.000   0.48691
 6698.00    0.62912   0.49040    0.000   0.48807
 6699.00    0.61634   0.49056    0.000   0.48938
 6700.00    0.61769   0.49092    0.000   0.49069
 6701.00    0.63379   0.49131    0.000   0.49185
 6702.00    0.63721   0.49157    0.000   0.49274
 6703.00    0.63780   0.49169    0.000   0.49333
 6704.00    0.64350   0.49165    0.000   0.49359
 6705.00    0.63743   0.49153    0.000   0.49360
 6706.00    0.62978   0.49130    0.000   0.49334
 6707.00    0.63437   0.49096    0.000   0.49280
 6708.00    0.63961   0.49038    0.000   0.49187
 6709.00    0.64464   0.48950    0.000   0.49041
 6710.00    0.66009   0.48820    0.000   0.48826
 6711.00    0.78988   0.48650    0.000   0.48532
 6712.00    1.11633   0.48446    0.000   0.48156
 6713.00    1.78683   0.48223    0.000   0.47712
 6714.00    3.74710   0.48004    0.000   0.47225
 6715.00    6.59889   0.47817    0.000   0.46737
 6716.00    7.93245   0.47689    0.000   0.46289
 6717.00    7.47021   0.47638    0.000   0.45919
 6718.00    5.45471   0.47665    0.000   0.45649
 6719.00    3.17749   0.47764    0.000   0.45491
 6720.00    1.54155   0.47906    0.000   0.45432
 6721.00    1.02881   0.48067    0.000   0.45457
 6722.00    0.77730   0.48217    0.000   0.45541
 6723.00    0.66302   0.48345    0.000   0.45664
 6724.00    0.68735   0.48441    0.000   0.45808
 6725.00    0.67141   0.48510    0.000   0.45960
 6726.00    0.73576   0.48559    0.000   0.46114
 6727.00    1.17369   0.48599    0.000   0.46262
 6728.00    2.27012   0.48635    0.000   0.46404
 6729.00    3.96469   0.48667    0.000   0.46532
 6730.00    5.84056   0.48689    0.000   0.46645
 6731.00    6.25330   0.48695    0.000   0.46740
 6732.00    4.88083   0.48680    0.000   0.46817
 6733.00    3.17245   0.48642    0.000   0.46874
 6734.00    1.79388   0.48580    0.000   0.46913
 6735.00    1.06715   0.48498    0.000   0.46934
 6736.00    0.79749   0.48402    0.000   0.46941
 6737.00    0.71546   0.48298    0.000   0.46935
 6738.00    0.59857   0.48193    0.000   0.46920
 6739.00    0.53141   0.48096    0.000   0.46898
 6740.00    0.51988   0.48011    0.000   0.46867
 6741.00    0.54612   0.47940    0.000   0.46830
 6742.00    0.57724   0.47879    0.000   0.46776
 6743.00    0.59649   0.47826    0.000   0.46701
 6744.00    0.59012   0.47774    0.000   0.46597
 6745.00    0.58882   0.47722    0.000   0.46463
 6746.00    0.60564   0.47665    0.000   0.46303
 6747.00    0.64059   0.47608    0.000   0.46129
 6748.00    0.63230   0.47556    0.000   0.45958
 6749.00    0.57308   0.47517    0.000   0.45811
 6750.00    0.58323   0.47500    0.000   0.45709
 6751.00    0.60098   0.47516    0.000   0.45667
 6752.00    0.57136   0.47569    0.000   0.45692
 6753.00    0.56083   0.47663   16.140   0.45788
 6754.00    0.56985   0.47797   -1.000   0.45948
 6755.00    0.58109   0.47959   -1.000   0.46158
 6756.00    0.57006   0.48136   -1.000   0.46396
 6757.00    0.55157   0.48309   16.140   0.46639
 6758.00    0.56555   0.48458   16.140   0.46866
 6759.00    0.58004   0.48565   -1.000   0.47060
 6760.00    0.57873   0.48621   -1.000   0.47215
 6761.00    0.55286   0.48621   16.140   0.47329
 6762.00    0.53880   0.48567   16.140   0.47407
 6763.00    0.55108   0.48468   16.140   0.47459
 6764.00    0.56039   0.48337   16.140   0.47495
 6765.00    0.55138   0.48188   16.140   0.47525
 6766.00    0.52276   0.48041   16.140   0.47562
 6767.00    0.53578   0.47913   16.140   0.47613
 6768.00    0.54773   0.47825   16.140   0.47690
 6769.00    0.49617   0.47789   16.140   0.47794
 6770.00    0.50555   0.47810   16.140   0.47926
 6771.00    0.57157   0.47887   -1.000   0.48079
 6772.00    0.61305   0.48011   -1.000   0.48246
 6773.00    0.61507   0.48164   -1.000   0.48408
 6774.00    0.58412   0.48325   -1.000   0.48544
 6775.00    0.55661   0.48467   16.140   0.48628
 6776.00    0.55295   0.48571   16.140   0.48637
 6777.00    0.57285   0.48613   -1.000   0.48547
 6778.00    0.56166   0.48583   16.140   0.48344
 6779.00    0.53441   0.48476   16.140   0.48029
 6780.00    0.51418   0.48298   16.140   0.47620
 6781.00    0.51065   0.48068   16.140   0.47149
 6782.00    0.52462   0.47816   16.140   0.46665
 6783.00    0.55262   0.47577   16.140   0.46219
 6784.00    0.57251   0.47386   -1.000   0.45854
 6785.00    0.56499   0.47266   -1.000   0.45598
 6786.00    0.50387   0.47221   16.140   0.45457
 6787.00    0.48581   0.47241   16.140   0.45417
 6788.00    0.53485   0.47302   16.140   0.45452
 6789.00    0.56128   0.47373   -1.000   0.45534
 6790.00    0.56741   0.47432   -1.000   0.45641
 6791.00    0.56243   0.47467   -1.000   0.45759
 6792.00    0.55257   0.47475   16.140   0.45885
 6793.00    0.54020   0.47465   16.140   0.46021
 6794.00    0.52801   0.47449   16.140   0.46168
 6795.00    0.52587   0.47446   16.140   0.46331
 6796.00    0.53401   0.47456   16.140   0.46505
 6797.00    0.54696   0.47488   16.140   0.46688
 6798.00    0.54764   0.47533   16.140   0.46871
 6799.00    0.53799   0.47584   16.140   0.47045
 6800.00    0.54523   0.47632   16.140   0.47205
 6801.00    0.55547   0.47666   16.140   0.47344
 6802.00    0.55604   0.47683   16.140   0.47456
 6803.00    0.53495   0.47679   16.140   0.47545
 6804.00    0.51846   0.47657   16.140   0.47610
 6805.00    0.53187   0.47624   16.140   0.47661
 6806.00    0.53866   0.47582   16.140   0.47699
 6807.00    0.53604   0.47538   16.140   0.47730
 6808.00    0.53401   0.47496   16.140   0.47753
 6809.00    0.53980   0.47458   16.140   0.47764
 6810.00    0.55060   0.47423   16.140   0.47756
 6811.00    0.55159   0.47397   16.140   0.47727
 6812.00    0.53828   0.47378   16.140   0.47677
 6813.00    0.51570   0.47370   16.140   0.47611
 6814.00    0.51567   0.47374   16.140   0.47544
 6815.00    0.53225   0.47390   16.140   0.47487
 6816.00    0.55273   0.47421   16.140   0.47456
 6817.00    0.55113   0.47463   16.140   0.47460
 6818.00    0.53867   0.47511   16.140   0.47498
 6819.00    0.54122   0.47565   16.140   0.47565
 6820.00    0.54503   0.47620   16.140   0.47652
 6821.00    0.54107   0.47675   16.140   0.47748
 6822.00    0.51907   0.47723   16.140   0.47846
 6823.00    0.51129   0.47755   16.140   0.47930
 6824.00    0.52672   0.47764   16.140   0.47997
 6825.00    0.52637   0.47747   16.140   0.48040
 6826.00    0.52055   0.47708   16.140   0.48063
 6827.00    0.52250   0.47657   16.140   0.48070
 6828.00    0.52931   0.47607   16.140   0.48072
 6829.00    0.53358   0.47571   16.140   0.48085
 6830.00    0.52476   0.47554   16.140   0.48119
 6831.00    0.50829   0.47552   16.140   0.48182
 6832.00    0.49883   0.47552   16.140   0.48274
 6833.00    0.52857   0.47539   16.140   0.48386
 6834.00    0.53591   0.47495   16.140   0.48509
 6835.00    0.50238   0.47407   16.140   0.48621
 6836.00    0.50269   0.47269   16.140   0.48707
 6837.00    0.52237   0.47088   16.140   0.48758
 6838.00    0.53778   0.46885   16.140   0.48773
 6839.00    0.53872   0.46685   16.140   0.48765
 6840.00    0.52832   0.46522   16.140   0.48748
 6841.00    0.51609   0.46424   16.140   0.48741
 6842.00    0.51233   0.46404   16.140   0.48749
 6843.00    0.52465   0.46463   16.140   0.48773
 6844.00    0.56326   0.46583   -1.000   0.48795
 6845.00    0.57665   0.46735   -1.000   0.48796
 6846.00    0.54538   0.46887   16.140   0.48756
 6847.00    0.52785   0.47013   16.140   0.48663
 6848.00    0.52610   0.47093   16.140   0.48519
 6849.00    0.53190   0.47117   16.140   0.48332
 6850.00    0.52459   0.47082   16.140   0.48121
 6851.00    0.51441   0.46996   16.140   0.47910
 6852.00    0.52859   0.46868   16.140   0.47718
 6853.00    0.54442   0.46715   16.140   0.47558
 6854.00    0.55368   0.46551   -1.000   0.47438
 6855.00    0.56055   0.46394   -1.000   0.47356
 6856.00    0.56179   0.46260   -1.000   0.47310
 6857.00    0.55613   0.46162   -1.000   0.47295
 6858.00    0.55022   0.46097   -1.000   0.47304
 6859.00    0.54831   0.46070   -1.000   0.47336
 6860.00    0.55388   0.46074   -1.000   0.47390
 6861.00    0.55971   0.46103   -1.000   0.47464
 6862.00    0.56039   0.46147   -1.000   0.47554
 6863.00    0.54908   0.46195   -1.000   0.47650
 6864.00    0.54944   0.46230   -1.000   0.47735
 6865.00    0.56360   0.46240   -1.000   0.47793
 6866.00    0.55490   0.46223   -1.000   0.47817
 6867.00    0.53932   0.46185   16.140   0.47813
 6868.00    0.53584   0.46138   16.140   0.47792
 6869.00    0.55885   0.46097   -1.000   0.47777
 6870.00    0.57699   0.46073   -1.000   0.47789
 6871.00    0.54041   0.46069   16.140   0.47839
 6872.00    0.52617   0.46087   16.140   0.47937
 6873.00    0.54527   0.46129   16.140   0.48083
 6874.00    0.55162   0.46190   -1.000   0.48266
 6875.00    0.54908   0.46260   -1.000   0.48465
 6876.00    0.54168   0.46326   16.140   0.48660
 6877.00    0.52908   0.46381   16.140   0.48825
 6878.00    0.51462   0.46413   16.140   0.48944
 6879.00    0.50433   0.46418   16.140   0.49004
 6880.00    0.51975   0.46403   16.140   0.49010
 6881.00    0.54432   0.46379   16.140   0.48973
 6882.00    0.53267   0.46365   16.140   0.48920
 6883.00    0.52546   0.46376   16.140   0.48880
 6884.00    0.53874   0.46425   16.140   0.48871
 6885.00    0.55843   0.46511   -1.000   0.48918
 6886.00    0.56260   0.46622   -1.000   0.49011
 6887.00    0.53543   0.46750   16.140   0.49149
 6888.00    0.49011   0.46876   16.140   0.49312
 6889.00    0.46730   0.46987   16.140   0.49482
 6890.00    0.52303   0.47070   16.140   0.49646
 6891.00    0.55302   0.47121   -1.000   0.49790
 6892.00    0.53907   0.47142   16.140   0.49909
 6893.00    0.54121   0.47137   16.140   0.50002
 6894.00    0.54897   0.47122   16.140   0.50070
 6895.00    0.55295   0.47099   -1.000   0.50115
 6896.00    0.55427   0.47082   -1.000   0.50142
 6897.00    0.55383   0.47076   -1.000   0.50159
 6898.00    0.55114   0.47082   16.140   0.50176
 6899.00    0.52791   0.47100   16.140   0.50200
 6900.00    0.49854   0.47128   16.140   0.50242
 6901.00    0.50973   0.47164   16.140   0.50309
 6902.00    0.53710   0.47208   16.140   0.50411
 6903.00    0.56114   0.47250   -1.000   0.50538
 6904.00    0.55871   0.47289   -1.000   0.50682
 6905.00    0.54502   0.47323   16.140   0.50834
 6906.00    0.54072   0.47345   16.140   0.50981
 6907.00    0.56359   0.47350   -1.000   0.51107
 6908.00    0.59733   0.47330   -1.000   0.51199
 6909.00    0.60058   0.47282   -1.000   0.51252
 6910.00    0.56670   0.47206   -1.000   0.51268
 6911.00    0.51235   0.47107   16.140   0.51251
 6912.00    0.50892   0.46996   16.140   0.51211
 6913.00    0.52717   0.46893   16.140   0.51161
 6914.00    0.53595   0.46809   16.140   0.51105
 6915.00    0.53634   0.46760   16.140   0.51049
 6916.00    0.53638   0.46747   16.140   0.50989
 6917.00    0.54842   0.46761   16.140   0.50919
 6918.00    0.55019   0.46790   -1.000   0.50839
 6919.00    0.53897   0.46815   16.140   0.50747
 6920.00    0.53483   0.46815   16.140   0.50649
 6921.00    0.53654   0.46780   16.140   0.50555
 6922.00    0.54053   0.46705   16.140   0.50466
 6923.00    0.53704   0.46603   16.140   0.50400
 6924.00    0.52811   0.46490   16.140   0.50360
 6925.00    0.52001   0.46389   16.140   0.50360
 6926.00    0.51919   0.46319   16.140   0.50400
 6927.00    0.52411   0.46286   16.140   0.50473
 6928.00    0.52369   0.46285   16.140   0.50567
 6929.00    0.52925   0.46305   16.140   0.50665
 6930.00    0.54502   0.46336   16.140   0.50757
 6931.00    0.54770   0.46368   -1.000   0.50835
 6932.00    0.53952   0.46400   16.140   0.50904
 6933.00    0.52943   0.46432   16.140   0.50967
 6934.00    0.52487   0.46471   16.140   0.51038
 6935.00    0.52693   0.46518   16.140   0.51120
 6936.00    0.53185   0.46565   16.140   0.51216
 6937.00    0.52836   0.46609   16.140   0.51321
 6938.00    0.51676   0.46637   16.140   0.51430
 6939.00    0.53700   0.46642   16.140   0.51538
 6940.00    0.54983   0.46615   -1.000   0.51636
 6941.00    0.50155   0.46556   16.140   0.51722
 6942.00    0.47345   0.46471   16.140   0.51794
 6943.00    0.48562   0.46376   16.140   0.51860
 6944.00    0.52328   0.46291   16.140   0.51928
 6945.00    0.54750   0.46229   -1.000   0.52001
 6946.00    0.54015   0.46197   16.140   0.52078
 6947.00    0.52917   0.46193   16.140   0.52152
 6948.00    0.52678   0.46197   16.140   0.52204
 6949.00    0.54062   0.46198   16.140   0.52222
 6950.00    0.53343   0.46188   16.140   0.52206
 6951.00    0.50834   0.46166   16.140   0.52160
 6952.00    0.50311   0.46146   16.140   0.52106
 6953.00    0.51267   0.46141   16.140   0.52067
 6954.00    0.52880   0.46161   16.140   0.52064
 6955.00    0.53058   0.46214   16.140   0.52112
 6956.00    0.52621   0.46295   16.140   0.52215
 6957.00    0.52956   0.46396   16.140   0.52359
 6958.00    0.52924   0.46502   16.140   0.52534
 6959.00    0.52520   0.46604   16.140   0.52724
 6960.00    0.52666   0.46695   16.140   0.52915
 6961.00    0.52485   0.46769   16.140   0.53099
 6962.00    0.51458   0.46828   16.140   0.53265
 6963.00    0.49925   0.46870   16.140   0.53412
 6964.00    0.48647   0.46903   16.140   0.53539
 6965.00    0.48623   0.46926   16.140   0.53641
 6966.00    0.50426   0.46942   16.140   0.53723
 6967.00    0.53325   0.46954   16.140   0.53781
 6968.00    0.54746   0.46955   16.140   0.53817
 6969.00    0.54146   0.46934   16.140   0.53823
 6970.00    0.51682   0.46883   16.140   0.53795
 6971.00    0.49872   0.46792   16.140   0.53734
 6972.00    0.49313   0.46656   16.140   0.53635
 6973.00    0.50207   0.46475   16.140   0.53504
 6974.00    0.51411   0.46249   16.140   0.53341
 6975.00    0.52236   0.45998   16.140   0.53160
 6976.00    0.51836   0.45758   16.140   0.52985
 6977.00    0.51866   0.45562   16.140   0.52846
 6978.00    0.53147   0.45445   16.140   0.52772
 6979.00    0.52702   0.45434   16.140   0.52786
 6980.00    0.51134   0.45538   16.140   0.52901
 6981.00    0.50322   0.45732   16.140   0.53093
 6982.00    0.50130   0.45976   16.140   0.53325
 6983.00    0.50305   0.46230   16.140   0.53558
 6984.00    0.50210   0.46454   16.140   0.53742
 6985.00    0.50954   0.46621   16.140   0.53853
 6986.00    0.53198   0.46725   16.140   0.53873
 6987.00    0.54407   0.46769   16.140   0.53810
 6988.00    0.54195   0.46773   16.140   0.53689
 6989.00    0.52883   0.46752   16.140   0.53542
 6990.00    0.51225   0.46727   16.140   0.53406
 6991.00    0.49716   0.46706   16.140   0.53304
 6992.00    0.48965   0.46689   16.140   0.53247
 6993.00    0.48967   0.46665   16.140   0.53228
 6994.00    0.49559   0.46629   16.140   0.53234
 6995.00    0.49847   0.46573   16.140   0.53254
 6996.00    0.49536   0.46498   16.140   0.53280
 6997.00    0.48534   0.46404   16.140   0.53304
 6998.00    0.49642   0.46299   16.140   0.53327
 6999.00    0.53480   0.46193   16.140   0.53347
 7000.00    0.55692   0.46095   -1.000   0.53368
