    0.329374457231029822E+02    0.525485103294411182E+01    0.645720972474033372E+00   -0.266016873834968806E+03
    0.334223904376516217E+02    0.494795918030623838E+01    0.737207275363641945E+00   -0.265308806989353059E+03
    0.325610285780210873E+02    0.564960101841693429E+01    0.529311212831837463E+00   -0.264750026998110286E+03
    0.325992930346901133E+02    0.560650247603688623E+01    0.551332686203953926E+00   -0.263768317998667612E+03
    0.327238099020801698E+02    0.550079238171524043E+01    0.534493146244765072E+00   -0.262927190363826867E+03
    0.336710801854098492E+02    0.467992815258349282E+01    0.782799804123091802E+00   -0.262291589716899864E+03
    0.327479433856522988E+02    0.548348564644850534E+01    0.538494261402534868E+00   -0.262116084995140511E+03
    0.337114793510748356E+02    0.471057701720688193E+01    0.703680502460670154E+00   -0.262052794907260306E+03
    0.327017801711836356E+02    0.553037976524884378E+01    0.531870469981034044E+00   -0.261986129250929707E+03
    0.335452451552557633E+02    0.476644469983208019E+01    0.834958865612372980E+00   -0.261985492245689727E+03
    0.332997564216948092E+02    0.502883876390524875E+01    0.620296097049366280E+00   -0.261815369813721418E+03
    0.331714849907560989E+02    0.512907341348403545E+01    0.704967453286688639E+00   -0.261782886238689571E+03
    0.338349230981944089E+02    0.457877576065486736E+01    0.828854298679145174E+00   -0.261780604976147970E+03
    0.334896847771376400E+02    0.493116422465453308E+01    0.640319171022037836E+00   -0.261765687770706052E+03
    0.330704879664559783E+02    0.514707318103012135E+01    0.696474255894666383E+00   -0.261722124941504887E+03
    0.332370728210903863E+02    0.514229732439170384E+01    0.589369143325441325E+00   -0.261676009096248606E+03
    0.331206195238578545E+02    0.518540829609682863E+01    0.579492346844788009E+00   -0.261593788466311878E+03
    0.327368949882942246E+02    0.546889541180620053E+01    0.605162878792712244E+00   -0.261533429860615229E+03
    0.336106424763874116E+02    0.477144910436451308E+01    0.697904462600634545E+00   -0.261529135326458061E+03
    0.331605782701136675E+02    0.518670630065809490E+01    0.565322233292032239E+00   -0.261514440592046867E+03
    0.330620060345261635E+02    0.527810662963516553E+01    0.578158692324292955E+00   -0.261454477142431870E+03
    0.337704877472468254E+02    0.463020357642182834E+01    0.765882871446712077E+00   -0.261439888018167608E+03
    0.333721564353263176E+02    0.498250539719776420E+01    0.722058947428232845E+00   -0.261361680204757079E+03
    0.334249246949601968E+02    0.491970047136247857E+01    0.760861273071019362E+00   -0.261289024024506034E+03
    0.327884021448245733E+02    0.545281313433039205E+01    0.593346523227632705E+00   -0.261253181992531836E+03
    0.334098378073168547E+02    0.487060496715953484E+01    0.800851353963023649E+00   -0.261243372661461137E+03
    0.335734367181199787E+02    0.478370796911408824E+01    0.713584428651356406E+00   -0.261176132829528342E+03
    0.336667799982893072E+02    0.471166284531097634E+01    0.817330494735847957E+00   -0.261163262340317317E+03
    0.337397442536791417E+02    0.466305451980359198E+01    0.744762479579430092E+00   -0.261154882373043165E+03
    0.328429439766668736E+02    0.535357814273660892E+01    0.644278676802499395E+00   -0.261136318361227666E+03
    0.332031089770830476E+02    0.514209384488564858E+01    0.650884557853786072E+00   -0.261035522100582966E+03
    0.328436758895563230E+02    0.538837823575014063E+01    0.629357496448535558E+00   -0.261033451363916583E+03
    0.334701058473012978E+02    0.489647928308661928E+01    0.748929653924791938E+00   -0.261031452169121565E+03
    0.336714478295467146E+02    0.467277820022865331E+01    0.826407064470195296E+00   -0.261030763429423075E+03
    0.335711982818291830E+02    0.474683267267676712E+01    0.824502461929095487E+00   -0.261019516981427103E+03
    0.334030926991940049E+02    0.487502931933084227E+01    0.779897069152742928E+00   -0.260976858649259043E+03
    0.329350459768503399E+02    0.534238224091022307E+01    0.552158896323990511E+00   -0.260953075472536113E+03
    0.335322345097818797E+02    0.488969475873031367E+01    0.662510029231361042E+00   -0.260940788883529194E+03
    0.330511341595821975E+02    0.525461351204752347E+01    0.636034397288744113E+00   -0.260937981434584913E+03
    0.332486516225764959E+02    0.501029227036633529E+01    0.766939692280772745E+00   -0.260868499565273737E+03
    0.332959610524962812E+02    0.499974052410059233E+01    0.663766793756621509E+00   -0.260864533499570598E+03
    0.336807097001851901E+02    0.469870163820078712E+01    0.819028827320653185E+00   -0.260840859224735084E+03
    0.327753449637638425E+02    0.548087049438347051E+01    0.539474289039478028E+00   -0.260837809924038254E+03
    0.333332337001844223E+02    0.498293584017922342E+01    0.652485436249699124E+00   -0.260816896860153463E+03
    0.327670698671101022E+02    0.548796106012578022E+01    0.551556279194637789E+00   -0.260786847962566242E+03
    0.327361628617941065E+02    0.550586576151814100E+01    0.548310519805412344E+00   -0.260776826379439285E+03
    0.331860001342553161E+02    0.506839818947721366E+01    0.749228379964121616E+00   -0.260764019522894728E+03
    0.336917110486320581E+02    0.473998960153034687E+01    0.731007284277634728E+00   -0.260745894151821062E+03
    0.333857144710825153E+02    0.501372205480590161E+01    0.632883767840353384E+00   -0.260745208781466602E+03
    0.329790956023928317E+02    0.526747663278071432E+01    0.597733462591080733E+00   -0.260739091068061782E+03
    0.337519588997995541E+02    0.462264504262726206E+01    0.830752215031085095E+00   -0.260716384131713085E+03
    0.333719014785474997E+02    0.496790103002395877E+01    0.740819970735654754E+00   -0.260714537158630435E+03
    0.334635499523134854E+02    0.489562651790474579E+01    0.659091286980549640E+00   -0.260673864402283186E+03
    0.333462832102545832E+02    0.497557304360788333E+01    0.752397895455894528E+00   -0.260660657589515893E+03
    0.330947168707728068E+02    0.523707984118859216E+01    0.613090691080985795E+00   -0.260603216941031349E+03
    0.337601212836668907E+02    0.462404112666485378E+01    0.830241733775240798E+00   -0.260583260571960466E+03
    0.330978592479743199E+02    0.519060579458412352E+01    0.680932495946058092E+00   -0.260559440098334164E+03
    0.335982560292050607E+02    0.473330736158974119E+01    0.827505238982937708E+00   -0.260526842941960069E+03
    0.334548582233053082E+02    0.494421409724634753E+01    0.628572420425943190E+00   -0.260525033815016911E+03
    0.337285220555729452E+02    0.463945518532367096E+01    0.812877733279045778E+00   -0.260519966789338014E+03
    0.338044053845901260E+02    0.460795300381725070E+01    0.785174221296686570E+00   -0.260501984082285389E+03
    0.330233152174853615E+02    0.520810310884085137E+01    0.641784966688746294E+00   -0.260487701254080889E+03
    0.330292832790435682E+02    0.519403523167785153E+01    0.663322806976392676E+00   -0.260487514282156155E+03
    0.333704417221584606E+02    0.494898462973381825E+01    0.764623524286339507E+00   -0.260451028452063497E+03
    0.335464311309632564E+02    0.487360212686055494E+01    0.674992868197839990E+00   -0.260450040170722559E+03
    0.328507492782130583E+02    0.536991838547185552E+01    0.637375745246892333E+00   -0.260341962258423280E+03
    0.327990899831895533E+02    0.546136766648688710E+01    0.560108362570800766E+00   -0.260316677782740101E+03
    0.334633628301404471E+02    0.485852649944140236E+01    0.712640355347662791E+00   -0.260313547872952427E+03
    0.331093786042589500E+02    0.512251502778857137E+01    0.722361464397938580E+00   -0.260300554550808272E+03
    0.332662639938362545E+02    0.510659129865666284E+01    0.591253404235101088E+00   -0.260289574415396373E+03
    0.330817576061002612E+02    0.524424306802303430E+01    0.562482194944091241E+00   -0.260280169464267203E+03
    0.337218540282400099E+02    0.469695754667298004E+01    0.770458807886147401E+00   -0.260278570236277346E+03
    0.328492853090604697E+02    0.535873265023516510E+01    0.640547912455558310E+00   -0.260275655121102091E+03
    0.333347953707355060E+02    0.500565955719739009E+01    0.627735304235882752E+00   -0.260204040561420754E+03
    0.333812790934555110E+02    0.498296710519678054E+01    0.624146701064999698E+00   -0.260201193104293168E+03
    0.328594601300412279E+02    0.534677837653358701E+01    0.641930558005423424E+00   -0.260197009100048490E+03
    0.333558522534477788E+02    0.495871251822794434E+01    0.667821948289822442E+00   -0.260189905291259777E+03
    0.336070529665468456E+02    0.478290536795797205E+01    0.693837058140642560E+00   -0.260187461028397649E+03
    0.334922266876000378E+02    0.481921281358638787E+01    0.810798183517801974E+00   -0.260186921777134273E+03
    0.330543789453259649E+02    0.516939430125455868E+01    0.685393433083283377E+00   -0.260103576054234907E+03
    0.331149729227304519E+02    0.514524606214910207E+01    0.636938578018849566E+00   -0.260101788159438115E+03
    0.327943214235986176E+02    0.543327895079057299E+01    0.566692262114354528E+00   -0.260097774325998273E+03
    0.335933257474723348E+02    0.480225897302889315E+01    0.754695822433674279E+00   -0.260096989016498298E+03
    0.332278621206090463E+02    0.502375902213509384E+01    0.721571911209408778E+00   -0.260096506483536189E+03
    0.334324261967412326E+02    0.492371912300431891E+01    0.651459471682530045E+00   -0.260091759297424062E+03
    0.332266476756112965E+02    0.502276359677175499E+01    0.742641901468902632E+00   -0.260017898627561522E+03
    0.331564051168135236E+02    0.519774786623061580E+01    0.591912623683240269E+00   -0.260016851896251012E+03
    0.330610971081919800E+02    0.526687493335389245E+01    0.595267455770048692E+00   -0.259989579274408811E+03
    0.330964636688826346E+02    0.513297537333467346E+01    0.709244207586026465E+00   -0.259983333627665331E+03
    0.329676084791507336E+02    0.527670846010033934E+01    0.667099456736042873E+00   -0.259962943606806334E+03
    0.329701190445273866E+02    0.524411208627728875E+01    0.669663920997468631E+00   -0.259952493760247137E+03
    0.333803035756567397E+02    0.494703019557714807E+01    0.662909496419414435E+00   -0.259947091534915728E+03
    0.336677796696048190E+02    0.468346563556349160E+01    0.809186488700813000E+00   -0.259946186815386682E+03
    0.330998785326640999E+02    0.514381008116363070E+01    0.659948833305548543E+00   -0.259933717504408492E+03
    0.334961739201406985E+02    0.485739735142212847E+01    0.683985282698973296E+00   -0.259933236117593765E+03
    0.334065723209863279E+02    0.488495184229367396E+01    0.743578696833192665E+00   -0.259903594360094019E+03
    0.337697243706752772E+02    0.464862990711904533E+01    0.759049000601129009E+00   -0.259902215725963799E+03
    0.335836988804312426E+02    0.482503053987235564E+01    0.671282460070628861E+00   -0.259899674529776973E+03
    0.337165752632064155E+02    0.470755741322396126E+01    0.751747136873947008E+00   -0.259896595935628682E+03
    0.333503999742523405E+02    0.498457403954588152E+01    0.733753556384427630E+00   -0.259877744960345296E+03
    0.331261270298689183E+02    0.513266972995564252E+01    0.645724314177383851E+00   -0.259841607932221166E+03
    0.337854753796509044E+02    0.462377545579150873E+01    0.795024431114341068E+00   -0.259840070609756481E+03
    0.334800732542336661E+02    0.482113351754784603E+01    0.791745899562487310E+00   -0.259809052357391693E+03
    0.337593943993908354E+02    0.463862653407514447E+01    0.779000637793850981E+00   -0.259804690656080652E+03
    0.336164102475883197E+02    0.473643525023954481E+01    0.817407803672689282E+00   -0.259802177564751787E+03
    0.335315844337259250E+02    0.481175907580068696E+01    0.718539234424889650E+00   -0.259796401204396091E+03
    0.334755077290436347E+02    0.482491467906287319E+01    0.792958219709970269E+00   -0.259782609020611744E+03
    0.329179073695333031E+02    0.529488916215811845E+01    0.640063404181678619E+00   -0.259765660111750321E+03
    0.333292273291394778E+02    0.495091779481693717E+01    0.717599363381854038E+00   -0.259765577499152982E+03
    0.331211889849148591E+02    0.513083396610253928E+01    0.721469301716688327E+00   -0.259752187772742275E+03
    0.332184366174377033E+02    0.505613293379237305E+01    0.664658191215173777E+00   -0.259744918235926662E+03
    0.331737890243505831E+02    0.510653029444940376E+01    0.719950873299815663E+00   -0.259740948844799334E+03
    0.329235914094726638E+02    0.535304373282083912E+01    0.556698126166692009E+00   -0.259734890811366085E+03
    0.330301819985665972E+02    0.527915781841015175E+01    0.612125672631781748E+00   -0.259730843175415998E+03
    0.335547406670380326E+02    0.486140295797029154E+01    0.684161939013744447E+00   -0.259728313626069450E+03
    0.337375993471878814E+02    0.467995534892439835E+01    0.772321287703239268E+00   -0.259715211243325768E+03
    0.330157652112307787E+02    0.528547597018000914E+01    0.562352949744116426E+00   -0.259714741985581838E+03
    0.330725024895135675E+02    0.524873057423115696E+01    0.565631916329096041E+00   -0.259705995683882975E+03
    0.332207134746289654E+02    0.504657269302187217E+01    0.679635828712908729E+00   -0.259686283991043297E+03
    0.337772280674026746E+02    0.462640569406883007E+01    0.795030235892604575E+00   -0.259679896677543240E+03
    0.335845837143079962E+02    0.479301366601596257E+01    0.699324213364228786E+00   -0.259675331678291229E+03
    0.329671558808525802E+02    0.528411824134635832E+01    0.658678067653295729E+00   -0.259670321759488274E+03
    0.336221794002549217E+02    0.480119577194667979E+01    0.695837244877717143E+00   -0.259669824970556249E+03
    0.328777971241540428E+02    0.534184401655241459E+01    0.606901921497776220E+00   -0.259665388871341463E+03
    0.334124741007595105E+02    0.487975624658395279E+01    0.748996136396568257E+00   -0.259658265608989950E+03
    0.334287744750962332E+02    0.494491332102467229E+01    0.636581919147258923E+00   -0.259654183726443080E+03
    0.327856439475970092E+02    0.544283925671342850E+01    0.591397285729936217E+00   -0.259639309660511799E+03
    0.331408420554560337E+02    0.519853655803285797E+01    0.574411687452879294E+00   -0.259629639213229154E+03
    0.330711649330763322E+02    0.517919347542802111E+01    0.635650844753267164E+00   -0.259614568475027681E+03
    0.328098261225957017E+02    0.542397792201136930E+01    0.567960702303992648E+00   -0.259611344893856369E+03
    0.332428650061974835E+02    0.510078934056085398E+01    0.596604634350382468E+00   -0.259609397462144784E+03
    0.329811249918093239E+02    0.533041771723403990E+01    0.568165422681747190E+00   -0.259594476883645314E+03
    0.337630942229396211E+02    0.465131465649073839E+01    0.763206218829656891E+00   -0.259589456827955587E+03
    0.336261068559999217E+02    0.474785169548307984E+01    0.797635011030381591E+00   -0.259583656890942223E+03
    0.329495975179902985E+02    0.533996723145092478E+01    0.599108292358905503E+00   -0.259575826438185800E+03
    0.332021781792332860E+02    0.506430374454685772E+01    0.671774387882830171E+00   -0.259572412383316134E+03
    0.334344690611378539E+02    0.488649939945393008E+01    0.783726744777195505E+00   -0.259572066479422745E+03
    0.331972149395352290E+02    0.508761326409760528E+01    0.724401389759208314E+00   -0.259566351215738337E+03
    0.332470539546954456E+02    0.512229714928091351E+01    0.609967196757651209E+00   -0.259560438497754205E+03
    0.337145504393264375E+02    0.470691755216556196E+01    0.727807618755463626E+00   -0.259559935803144015E+03
    0.333761914868241831E+02    0.491379061389697824E+01    0.783683778371862982E+00   -0.259538965660309202E+03
    0.335865243260220296E+02    0.477828509458015027E+01    0.718153909579453353E+00   -0.259525399554082298E+03
    0.330427460325207534E+02    0.528104454008744728E+01    0.565133884318527069E+00   -0.259519650594645327E+03
    0.327726228376095392E+02    0.545543935238733368E+01    0.577621408909741674E+00   -0.259516334751095542E+03
    0.332628281922646636E+02    0.510874813655261839E+01    0.615350163404016826E+00   -0.259508252715521962E+03
    0.335412144257717060E+02    0.486885000598715401E+01    0.661064469667734800E+00   -0.259505766065500382E+03
    0.334935950974122818E+02    0.490218760537978593E+01    0.700656711695045287E+00   -0.259492768595710061E+03
    0.332694636178234049E+02    0.508818232054280362E+01    0.597601488813104265E+00   -0.259484942212543672E+03
    0.332124526994801101E+02    0.512104847512160699E+01    0.667549888426710814E+00   -0.259480862821108758E+03
    0.328450812201786562E+02    0.541394329136903174E+01    0.585773192304207768E+00   -0.259472626604782818E+03
    0.335877134178879899E+02    0.474330626823055113E+01    0.808083074345066432E+00   -0.259466607929392467E+03
    0.330512945184158511E+02    0.526940274837238398E+01    0.600530659720976523E+00   -0.259461932157940112E+03
    0.331026568503250544E+02    0.523413622540382928E+01    0.572520422921947492E+00   -0.259454140735373755E+03
    0.330204840716772594E+02    0.520255785182976282E+01    0.680022586670980589E+00   -0.259451022519281651E+03
    0.328003558791374985E+02    0.544615806372155919E+01    0.574239792251810988E+00   -0.259449001076055424E+03
    0.328451666906160042E+02    0.539852713388179506E+01    0.567143219912255581E+00   -0.259433487179842302E+03
    0.329668389045783456E+02    0.530057598150334464E+01    0.639264495777331687E+00   -0.259433251929468668E+03
    0.328883016746321033E+02    0.537448684584608749E+01    0.604940113802514223E+00   -0.259409952431948795E+03
    0.330656082730745808E+02    0.516412438259887807E+01    0.699096308843739744E+00   -0.259401145665700824E+03
    0.333517459800617928E+02    0.493157622850971755E+01    0.728784639084989361E+00   -0.259392929946524930E+03
    0.334816120773137129E+02    0.486480718390539923E+01    0.773777192333968911E+00   -0.259392710962495471E+03
    0.328752115640587022E+02    0.537994241710979892E+01    0.564017635690502117E+00   -0.259384345009344827E+03
    0.336570404325472339E+02    0.471902828288951071E+01    0.804135902622471921E+00   -0.259380370231193524E+03
    0.333030762402030476E+02    0.496582621995746987E+01    0.762486969592881203E+00   -0.259351018900092811E+03
    0.333909734992465204E+02    0.489334539346614505E+01    0.766224322171840666E+00   -0.259349690494400761E+03
    0.328615319150980341E+02    0.537793342790578599E+01    0.576236324682141809E+00   -0.259330201088260026E+03
    0.328611515895607340E+02    0.536043437077549623E+01    0.631553183792157524E+00   -0.259325083559401321E+03
    0.330395280192045817E+02    0.519006901964678846E+01    0.694472653988058131E+00   -0.259322610901887913E+03
    0.328808838085199326E+02    0.534076352407394417E+01    0.608077190822945868E+00   -0.259312426770149671E+03
    0.331170590022675455E+02    0.514433759215574149E+01    0.710960065586885737E+00   -0.259297515851695721E+03
    0.329703641956126745E+02    0.524888992965956547E+01    0.664581650346958708E+00   -0.259288924705729585E+03
    0.328357127505113624E+02    0.542075441744014697E+01    0.558514297829683315E+00   -0.259279618980159682E+03
    0.331556835428915377E+02    0.511926900977018562E+01    0.636926553333556966E+00   -0.259276356441438736E+03
    0.331105573693245816E+02    0.513418817025663721E+01    0.668720828973222270E+00   -0.259269397197565297E+03
    0.329868016982240704E+02    0.527201429613462302E+01    0.657476817601845065E+00   -0.259263911853105697E+03
    0.335638939484508327E+02    0.482327165596041674E+01    0.750176248743681606E+00   -0.259254406021671343E+03
    0.331682346991878063E+02    0.510645972060967512E+01    0.720233756455410101E+00   -0.259249260152402314E+03
    0.333133522912591360E+02    0.501895050396238940E+01    0.717298926537384141E+00   -0.259247253977331297E+03
    0.333912170226048772E+02    0.489408778950962553E+01    0.762523277195041205E+00   -0.259242888323079228E+03
    0.333026181604076683E+02    0.498593580987223284E+01    0.760102881705920108E+00   -0.259211196122307399E+03
    0.330682576383512128E+02    0.519227458034197475E+01    0.691218303066488904E+00   -0.259204745573130140E+03
    0.330689630797165890E+02    0.523962229273612490E+01    0.573333082793909599E+00   -0.259191869205847695E+03
    0.336323084359515576E+02    0.471362283705699348E+01    0.806307650097247475E+00   -0.259177764502497098E+03
    0.335449917851543944E+02    0.478670230705995259E+01    0.754428931772522682E+00   -0.259174736254001459E+03
    0.334608853165923605E+02    0.484958271206395697E+01    0.742076640886376593E+00   -0.259171889775996249E+03
    0.328728792246700152E+02    0.536672154208159036E+01    0.622637502919406005E+00   -0.259171819578438885E+03
    0.328687141063999633E+02    0.540114367324356337E+01    0.578684524425522206E+00   -0.259169421744255033E+03
    0.331531645433654489E+02    0.517296615174016683E+01    0.584477022065657215E+00   -0.259165147809585221E+03
    0.328791341196947968E+02    0.538399218305437977E+01    0.597041455625016315E+00   -0.259151277925408863E+03
    0.332012765504332137E+02    0.508523023358348780E+01    0.722202064458540849E+00   -0.259148440866504814E+03
    0.336599830629612029E+02    0.472104235508910985E+01    0.740514439877078656E+00   -0.259148354846135874E+03
    0.329134175258976995E+02    0.531805951292560763E+01    0.604595967533178458E+00   -0.259138597440913315E+03
    0.333226429473168793E+02    0.495754284869030393E+01    0.768544096005824962E+00   -0.259125946398500787E+03
    0.330184256141835988E+02    0.528317748174456092E+01    0.566337683402475700E+00   -0.259123109635265052E+03
    0.330949541467664758E+02    0.514133526332559221E+01    0.706830192371052601E+00   -0.259116144931785755E+03
    0.336781754730923382E+02    0.474302361288174357E+01    0.722812911288548299E+00   -0.259112892597789653E+03
    0.329363407168198421E+02    0.534654111835973200E+01    0.560234773217438975E+00   -0.259108864575036876E+03
    0.333752289692711770E+02    0.496033446900210429E+01    0.740325238296629662E+00   -0.259099337593945336E+03
    0.336642626319327292E+02    0.472534709730016100E+01    0.786980370689049913E+00   -0.259098339577187630E+03
    0.332026877842706796E+02    0.515495071596725385E+01    0.592893472067467453E+00   -0.259098284719105663E+03
    0.329911008922101701E+02    0.529924930200485722E+01    0.566681127589708900E+00   -0.259097075517983910E+03
    0.335552509839603701E+02    0.476914169046948899E+01    0.796702786073017810E+00   -0.259095466389974774E+03
    0.328852894344962792E+02    0.536484120364547401E+01    0.617046180595025473E+00   -0.259095036693702525E+03
    0.328804204550318460E+02    0.533884314026322571E+01    0.636643257978189325E+00   -0.259092653469227855E+03
    0.334765481153205826E+02    0.488217682742803127E+01    0.672487102708673068E+00   -0.259092319910478523E+03
    0.331503398004005234E+02    0.517462802455056092E+01    0.647134733330495537E+00   -0.259091187349659606E+03
    0.329990983725012015E+02    0.524873778587886086E+01    0.672050569835109024E+00   -0.259090925555126262E+03
    0.335082538266805940E+02    0.482351758978906631E+01    0.729218777303520915E+00   -0.259088235224799348E+03
    0.328842927086075036E+02    0.537521121842661298E+01    0.604526414700055303E+00   -0.259076128641210175E+03
    0.335291353352726418E+02    0.487204999988163312E+01    0.660948774309621179E+00   -0.259075482049255015E+03
    0.332561734837805147E+02    0.500488506657021937E+01    0.747269320471832033E+00   -0.259072560860890462E+03
    0.329325737158874361E+02    0.536028053241466296E+01    0.561867227269274183E+00   -0.259070866308337656E+03
    0.331369471129154078E+02    0.520442954428020244E+01    0.605379398631340160E+00   -0.259068198909010164E+03
    0.330684312103078497E+02    0.516651772884281080E+01    0.700596323063523041E+00   -0.259058665387163217E+03
    0.331381173179319717E+02    0.518056176373902222E+01    0.650796544367706176E+00   -0.259058464787384196E+03
    0.332373708024304193E+02    0.509445523977471204E+01    0.680461434800450959E+00   -0.259047013149349993E+03
    0.335144128292898387E+02    0.488626314692301911E+01    0.697115058250081132E+00   -0.259044025175952015E+03
    0.334732008593817412E+02    0.483500779880741849E+01    0.794980189230965584E+00   -0.259042481544028931E+03
    0.330664808118534950E+02    0.522715408258785175E+01    0.651612191288973186E+00   -0.259038198372167244E+03
    0.336193553155119247E+02    0.472530249793982193E+01    0.809111318062046725E+00   -0.259032364706973681E+03
    0.335744782395515102E+02    0.477066434425937924E+01    0.805361651989703553E+00   -0.259029274476015132E+03
    0.330370952574683585E+02    0.521286803651227970E+01    0.624975158837500544E+00   -0.259025692267757222E+03
    0.329966405298996435E+02    0.527206939579098766E+01    0.649560983164227945E+00   -0.259017287493121330E+03
    0.334206978865922508E+02    0.490440101889372571E+01    0.771153923350444415E+00   -0.259001546508644253E+03
    0.335669192563672922E+02    0.484640504869481514E+01    0.688386168554026012E+00   -0.258998495118670803E+03
    0.337113368401150666E+02    0.466696321291673843E+01    0.789923594791053896E+00   -0.258996641478098070E+03
    0.329875255240562524E+02    0.529031996821082906E+01    0.575335709762162972E+00   -0.258992528439167415E+03
    0.333278721186409683E+02    0.500589448289557026E+01    0.720688157159506515E+00   -0.258986784147503727E+03
    0.336276897624259945E+02    0.477484330490985620E+01    0.700432548227103324E+00   -0.258947081734815640E+03
    0.328985389087162332E+02    0.532005172435538487E+01    0.639174988758880902E+00   -0.258946206452513934E+03
    0.337090442815562170E+02    0.469349047425139876E+01    0.780657960716302668E+00   -0.258943643484943721E+03
    0.333501594420766381E+02    0.502002826749328790E+01    0.671420856426408363E+00   -0.258931163039292699E+03
    0.334586938309241688E+02    0.484940962424848721E+01    0.748994440396605676E+00   -0.258930396550364833E+03
    0.337107954821076561E+02    0.466873557062240785E+01    0.787243735356565999E+00   -0.258926489334522216E+03
    0.336911685727400965E+02    0.472216815310918747E+01    0.753108647280813948E+00   -0.258913597624836598E+03
    0.335252738540919779E+02    0.487186983537285556E+01    0.662194019962277114E+00   -0.258890564254644062E+03
    0.329477630645868587E+02    0.530051208963109843E+01    0.647662464785439318E+00   -0.258888369126727753E+03
    0.336528569001204900E+02    0.471029690910029331E+01    0.770868827205723361E+00   -0.258887206961480786E+03
    0.335991097506544634E+02    0.473948886132640990E+01    0.792521316705098955E+00   -0.258880140218438100E+03
    0.336443639251091255E+02    0.471150482589247765E+01    0.809402753430581212E+00   -0.258878251502157241E+03
    0.336174074382367323E+02    0.476739315568989319E+01    0.712803651500715230E+00   -0.258864039191356767E+03
    0.328783102991494403E+02    0.534548187565885069E+01    0.609034690597785033E+00   -0.258853604008371178E+03
    0.334669058576060792E+02    0.485602839238493633E+01    0.721590659461956552E+00   -0.258848705311663707E+03
    0.335534064495382225E+02    0.477469694269404599E+01    0.776609906824241136E+00   -0.258844439201032628E+03
    0.329259756826726147E+02    0.533788903620434141E+01    0.572272375287249613E+00   -0.258841302064772663E+03
    0.330849330782283744E+02    0.522978209735206434E+01    0.575897095372481016E+00   -0.258840662772714609E+03
    0.334038304219189968E+02    0.489996576782176874E+01    0.720271446349776800E+00   -0.258839154468218226E+03
    0.333714038929472565E+02    0.496373634454147528E+01    0.737813592918175942E+00   -0.258838482151346113E+03
    0.331848065355805062E+02    0.506752956700707280E+01    0.701471933111655899E+00   -0.258828716664871251E+03
    0.334290495697913741E+02    0.495468012445237971E+01    0.636225473071808434E+00   -0.258827153489278373E+03
    0.332975516779249432E+02    0.507656917946718522E+01    0.624146152882791183E+00   -0.258824541531892351E+03
    0.331063748447564308E+02    0.522096407103692073E+01    0.615955469870703043E+00   -0.258823194101047136E+03
    0.333171354845553651E+02    0.496918486144537574E+01    0.763187607556221836E+00   -0.258821374202503421E+03
    0.335836423101947830E+02    0.479426318779748595E+01    0.770453696732119497E+00   -0.258817310223487254E+03
    0.335028961621182333E+02    0.481633941571706092E+01    0.756533459746979497E+00   -0.258780659801740512E+03
    0.333884785887679669E+02    0.494374714643982571E+01    0.665675918774311204E+00   -0.258778359842199109E+03
    0.334504971239534328E+02    0.485018879718644591E+01    0.776313482156088641E+00   -0.258775264125518333E+03
    0.332164586615175210E+02    0.503852441894646752E+01    0.723472823736312276E+00   -0.258771932474982577E+03
    0.329689025110622467E+02    0.532031805177242489E+01    0.604535240727996803E+00   -0.258765748354439438E+03
    0.328190695735389113E+02    0.541265991292162951E+01    0.592621267368454552E+00   -0.258764213748113605E+03
    0.332804964151330864E+02    0.500180337320154411E+01    0.753202464158075791E+00   -0.258758810099652464E+03
    0.336177148699617803E+02    0.477372874061515695E+01    0.706521948423984636E+00   -0.258758327085725341E+03
    0.334041419061197900E+02    0.498471114554022954E+01    0.632074634603521313E+00   -0.258754949102416788E+03
    0.331130493852444729E+02    0.512686128886903258E+01    0.693251495999433143E+00   -0.258752098675252682E+03
    0.337121636494795354E+02    0.467166006328559824E+01    0.798994769314739228E+00   -0.258751362236309262E+03
    0.333673557451005252E+02    0.501841448671831358E+01    0.636275563603015515E+00   -0.258743775128428808E+03
    0.329849914940962350E+02    0.525933387158740295E+01    0.666186336897693909E+00   -0.258737876488798918E+03
    0.335093125157467142E+02    0.488973384939559619E+01    0.695127190767134584E+00   -0.258737745794601494E+03
    0.335940941520482355E+02    0.477247896546756678E+01    0.788870743755702764E+00   -0.258732546520600920E+03
    0.334944323435280182E+02    0.487163600842804279E+01    0.748869147490847431E+00   -0.258728316956223807E+03
    0.333840214283907244E+02    0.492814042932885688E+01    0.693242342951680079E+00   -0.258728066657411034E+03
    0.335861709291832540E+02    0.482233098967205542E+01    0.713342126693358947E+00   -0.258723143657298351E+03
    0.329727421661079134E+02    0.532108901131540435E+01    0.598013904132506546E+00   -0.258719373432757550E+03
    0.330698422598044175E+02    0.524374062042557654E+01    0.620063087833461424E+00   -0.258715916011527213E+03
    0.331031353682421496E+02    0.514141272366430346E+01    0.670326076937353466E+00   -0.258714369527084614E+03
    0.332505206774766506E+02    0.504899010437715479E+01    0.646897330708164020E+00   -0.258713432289405830E+03
    0.336348412018046048E+02    0.477935846482751803E+01    0.703805279909800130E+00   -0.258705809217724550E+03
    0.335169498651824540E+02    0.488745566503187057E+01    0.683391908722624564E+00   -0.258701848756085951E+03
    0.332254648455205626E+02    0.506189538930361316E+01    0.728751736625154578E+00   -0.258695129549300702E+03
    0.337152701720871875E+02    0.469639781408609114E+01    0.748177806104274201E+00   -0.258691893816171671E+03
    0.335241471639448108E+02    0.482341632867875347E+01    0.784715046493467794E+00   -0.258691804048085146E+03
    0.334174383478051737E+02    0.497569362148309757E+01    0.643232378985981845E+00   -0.258677594719661784E+03
    0.330017559651432677E+02    0.524396540296953084E+01    0.671700889466663620E+00   -0.258674380776471423E+03
    0.336489511336821181E+02    0.470789626299068065E+01    0.789722246019302854E+00   -0.258672874566095288E+03
    0.331675606696001353E+02    0.517736662185599794E+01    0.587060304236183161E+00   -0.258664641949922327E+03
    0.335756103588243278E+02    0.479171792575479838E+01    0.713810678175854196E+00   -0.258653925022832652E+03
    0.330209133647082353E+02    0.522709624210412116E+01    0.677793751765872532E+00   -0.258648732174877637E+03
    0.333156381450825165E+02    0.495779313130855925E+01    0.752023909796633472E+00   -0.258644553488585302E+03
    0.329978138834018182E+02    0.523653383780354975E+01    0.638882333355463850E+00   -0.258640761142344502E+03
    0.335474323600721434E+02    0.485729970655625998E+01    0.671319579812316380E+00   -0.258640184299527903E+03
    0.333506567490861343E+02    0.496929051045566350E+01    0.665040886405001919E+00   -0.258633509320557948E+03
    0.335483003184684563E+02    0.479743661438954216E+01    0.794136623668174613E+00   -0.258626654857750339E+03
    0.335747741698093947E+02    0.477422161202846418E+01    0.743578094618627450E+00   -0.258626303643950450E+03
    0.330104624085263794E+02    0.521795273367990298E+01    0.666486713140396536E+00   -0.258618102776775459E+03
    0.335184216523555989E+02    0.480244017842463933E+01    0.795613814376364248E+00   -0.258601654111471532E+03
    0.332669702524095783E+02    0.499796661187815694E+01    0.732007497033096755E+00   -0.258601004382729684E+03
    0.331109663910882617E+02    0.519221848363796479E+01    0.657724666385744450E+00   -0.258590355162390892E+03
    0.330600826115167692E+02    0.526272309682886608E+01    0.576670003343550119E+00   -0.258589497389060398E+03
    0.333717944718837884E+02    0.495895459590317866E+01    0.742254480214183499E+00   -0.258588518750027276E+03
    0.329679153511240983E+02    0.531316345134279722E+01    0.615709413215431045E+00   -0.258587748824794801E+03
    0.334949292335045570E+02    0.490752319242016544E+01    0.670885340487183846E+00   -0.258573187634055159E+03
    0.334276465693317846E+02    0.488521411491829394E+01    0.718638916467429612E+00   -0.258571355819647920E+03
    0.329076862676101314E+02    0.534833698746660069E+01    0.576901227134966943E+00   -0.258569999532721397E+03
    0.336514146341754383E+02    0.476272905143777425E+01    0.713987896232523012E+00   -0.258569781818728472E+03
    0.328875627134576760E+02    0.534112120215082520E+01    0.630931274196273928E+00   -0.258569191049832170E+03
    0.331406578700227357E+02    0.514409413598980514E+01    0.621106475151123494E+00   -0.258562851559318403E+03
    0.333870484478918499E+02    0.492306210388124477E+01    0.699518586363359507E+00   -0.258560641036227594E+03
    0.333993853344102902E+02    0.489315225500889373E+01    0.774367122450861922E+00   -0.258547168675067098E+03
    0.329817384657976760E+02    0.529522167186263903E+01    0.577316319685202695E+00   -0.258537125268615284E+03
    0.332542857611460150E+02    0.500956417620860606E+01    0.741504881853398246E+00   -0.258533830272134367E+03
    0.334549437144331776E+02    0.492662063781769444E+01    0.647338214107780363E+00   -0.258528902184256708E+03
    0.334815802655108499E+02    0.483124495434948997E+01    0.790190119292943915E+00   -0.258525275489517753E+03
    0.332416426607806059E+02    0.504595228229820769E+01    0.733902498050332475E+00   -0.258521994371102664E+03
    0.330060828395714765E+02    0.522962332564373789E+01    0.676219518506523176E+00   -0.258520620620211616E+03
    0.334817174693484532E+02    0.491123990025994228E+01    0.692129257972382006E+00   -0.258519278089384898E+03
    0.335596837885483623E+02    0.480489542957753191E+01    0.709751714145857582E+00   -0.258511865985647660E+03
    0.328671646217002689E+02    0.538079345131360576E+01    0.576628974710532982E+00   -0.258510929155967915E+03
    0.330363833331250873E+02    0.519589127868271916E+01    0.680367233857629317E+00   -0.258508263622492507E+03
    0.330916973509238375E+02    0.523541131868060994E+01    0.578222353433768044E+00   -0.258505893019403857E+03
    0.335833002660862263E+02    0.482197289456406164E+01    0.717484555403753554E+00   -0.258504393043984805E+03
    0.335710170743479495E+02    0.480750268321117336E+01    0.698452051908812432E+00   -0.258503945355071153E+03
    0.333134267167926765E+02    0.497477827504971959E+01    0.758723216790726740E+00   -0.258502759799692171E+03
    0.330662316234985383E+02    0.523887731169747006E+01    0.578853543394790226E+00   -0.258486491710130906E+03
    0.328755866161398203E+02    0.537303616481762880E+01    0.577796062391202847E+00   -0.258482894900239216E+03
    0.334487432493084569E+02    0.488024036971310160E+01    0.774566754648690514E+00   -0.258477518155112023E+03
    0.330827523073344310E+02    0.516622130044013517E+01    0.699263730082092971E+00   -0.258469210645257817E+03
    0.330598598944643385E+02    0.526266922853015018E+01    0.579670606980275394E+00   -0.258469025149060769E+03
    0.329849653720839768E+02    0.531818116242462668E+01    0.573748644122101359E+00   -0.258461285968305162E+03
    0.333181415958341205E+02    0.495954228621085669E+01    0.730312944613133452E+00   -0.258454798794877831E+03
    0.335308297527064028E+02    0.487514592555294257E+01    0.678641784451527119E+00   -0.258450367283066953E+03
    0.331791885177781580E+02    0.507654082794679606E+01    0.726412402041570426E+00   -0.258448961067057780E+03
    0.331119711475401459E+02    0.519972528630329744E+01    0.644572570161515257E+00   -0.258445634803088069E+03
    0.329094651242852620E+02    0.536991651876672016E+01    0.576087691256319756E+00   -0.258441168108894942E+03
    0.332463297452249265E+02    0.502852963157966215E+01    0.743191574304346680E+00   -0.258440932344599389E+03
    0.333407196498545488E+02    0.497369188679426877E+01    0.669103404233939658E+00   -0.258433287251603474E+03
    0.337047209616182428E+02    0.469017697832866354E+01    0.759540664177384306E+00   -0.258432454330509358E+03
    0.335057478123980133E+02    0.485690726658653116E+01    0.756939251869828578E+00   -0.258429004338035668E+03
    0.334263862269435492E+02    0.490800431478453181E+01    0.682749712355585348E+00   -0.258428594808829416E+03
    0.337083756531116165E+02    0.468048669199536604E+01    0.788423209915488643E+00   -0.258421610849454510E+03
    0.328550326507852191E+02    0.538536578499942387E+01    0.603537738012389635E+00   -0.258420630196669208E+03
    0.328685816374052493E+02    0.536066749051045477E+01    0.618273372344378180E+00   -0.258414451823359229E+03
    0.334851827491441441E+02    0.486647391855046152E+01    0.688829648540257189E+00   -0.258405907973886713E+03
    0.329164702896374308E+02    0.536293498946358760E+01    0.583256633225826882E+00   -0.258405204085601213E+03
    0.329838558362783232E+02    0.531499520259714675E+01    0.569430641196210785E+00   -0.258398047799953474E+03
    0.328672621368078453E+02    0.537164076551630654E+01    0.611816444591168462E+00   -0.258392891552996048E+03
    0.333812379430344066E+02    0.499152120695890567E+01    0.679402921690154371E+00   -0.258391810142760676E+03
    0.336188921431914594E+02    0.478382758041860079E+01    0.739383975532811211E+00   -0.258387998340465003E+03
    0.334180655307784349E+02    0.489294508425908070E+01    0.717695209981015991E+00   -0.258384378402115658E+03
    0.331597212861278621E+02    0.509480047440416683E+01    0.720969166301622888E+00   -0.258382867514230782E+03
    0.332277082666921757E+02    0.503575414340258831E+01    0.737863563029299119E+00   -0.258378322737552821E+03
    0.334764655424838153E+02    0.491861500461943635E+01    0.681761336982961152E+00   -0.258374360576784170E+03
    0.334611111262943837E+02    0.493586751576486726E+01    0.661263839221754024E+00   -0.258363197103054858E+03
    0.330625447420126264E+02    0.523511438862702772E+01    0.583534824041013866E+00   -0.258362148059290519E+03
    0.333797225604809427E+02    0.500546566094483758E+01    0.635585256140241528E+00   -0.258357321285642342E+03
    0.336947488266230266E+02    0.469861611619725750E+01    0.782152650950735273E+00   -0.258357270390628173E+03
    0.328478477043053232E+02    0.538435972301755861E+01    0.599872617342339987E+00   -0.258351087233714111E+03
    0.330915280608278977E+02    0.520993715698780413E+01    0.648969588143357368E+00   -0.258345531738655154E+03
    0.330321171084869647E+02    0.523695889173799323E+01    0.661586763678682299E+00   -0.258345277568620645E+03
    0.329879752278364009E+02    0.531365243646401630E+01    0.571858747127499956E+00   -0.258345140476711322E+03
    0.335624566779862832E+02    0.483872057929721500E+01    0.714665395192217390E+00   -0.258334902401173338E+03
    0.335976210693717547E+02    0.480414269466696453E+01    0.730925100753622270E+00   -0.258332640462967277E+03
    0.330562387046744348E+02    0.519271961328659515E+01    0.640008277536435410E+00   -0.258331282587252019E+03
    0.337030605291766179E+02    0.469920730424325939E+01    0.768789653325357536E+00   -0.258329764233594290E+03
    0.332943848227881460E+02    0.502569061739280798E+01    0.720117388570193251E+00   -0.258326240382475646E+03
    0.335773335289099606E+02    0.476472433784984961E+01    0.764510719472545786E+00   -0.258321146447520050E+03
    0.329100854569043477E+02    0.532295244721372374E+01    0.636273493326632522E+00   -0.258320003083610800E+03
    0.331436630089883195E+02    0.511811070270793067E+01    0.658585635979167083E+00   -0.258315340465272698E+03
    0.333714186151562160E+02    0.496153598534978002E+01    0.659362192061420771E+00   -0.258312867443759728E+03
    0.331407474433625069E+02    0.519793500351434545E+01    0.587933249599732477E+00   -0.258312179652652105E+03
    0.336795835961948242E+02    0.470101899651752042E+01    0.792889493662058076E+00   -0.258309766132171831E+03
    0.330642190278406787E+02    0.525603290617751373E+01    0.597418781516339203E+00   -0.258308390472328483E+03
    0.331751784089833919E+02    0.507655444296733016E+01    0.716539321665295881E+00   -0.258294086088801862E+03
    0.332207101216323792E+02    0.503861973545154207E+01    0.729804968598860127E+00   -0.258291070684442161E+03
    0.335980797844784362E+02    0.479564991773085580E+01    0.698589438670550567E+00   -0.258290537681096623E+03
    0.336355454637437532E+02    0.472130888040216057E+01    0.781348176323442889E+00   -0.258289364992791036E+03
    0.331743458845661294E+02    0.515331525987246497E+01    0.650388380048261938E+00   -0.258288641630910206E+03
    0.332614738625468362E+02    0.507336420429298762E+01    0.615117406173522729E+00   -0.258284651810365403E+03
    0.335496097804528475E+02    0.478537755668680553E+01    0.796734245719420531E+00   -0.258284531562879579E+03
    0.329692745034882861E+02    0.525962559419659303E+01    0.645422934572737583E+00   -0.258278428054866538E+03
    0.332456901275363137E+02    0.505396562604643940E+01    0.722462029973983788E+00   -0.258276813301641880E+03
    0.329246931316048403E+02    0.530641470628931344E+01    0.618958959123707020E+00   -0.258276530543872980E+03
    0.330512252926177013E+02    0.522091264570911662E+01    0.666579158502611513E+00   -0.258274119705896169E+03
    0.335607017292866487E+02    0.477139919926049405E+01    0.785942556190567965E+00   -0.258273733627201807E+03
    0.332268560912700579E+02    0.504388271980192648E+01    0.686230491153632549E+00   -0.258271101778013588E+03
    0.335007825237173051E+02    0.487918817706761843E+01    0.726284858828133317E+00   -0.258269129222666209E+03
    0.332268918742638135E+02    0.504959443039938449E+01    0.734677018254598746E+00   -0.258263270025436213E+03
    0.335268454320616343E+02    0.486562782658930360E+01    0.669691798712733655E+00   -0.258260746177409601E+03
    0.330523955740455477E+02    0.526496066340348001E+01    0.594989719000732609E+00   -0.258257761524519367E+03
    0.335025408495263051E+02    0.489042323275634949E+01    0.701062606514099018E+00   -0.258252154968963964E+03
    0.335338922200369538E+02    0.481530924107762104E+01    0.783268661841637348E+00   -0.258251921252677448E+03
    0.330183545335154420E+02    0.521878553983279225E+01    0.647258660707491162E+00   -0.258251749917364748E+03
    0.328773105685597926E+02    0.538185146764826339E+01    0.590670330975914259E+00   -0.258251708801080440E+03
    0.331426146652570282E+02    0.511142254723420120E+01    0.714987450038721439E+00   -0.258249545681632185E+03
    0.335630386704907551E+02    0.481872492496459781E+01    0.692934212707627006E+00   -0.258247287663804002E+03
    0.336631014992203816E+02    0.474768609224881821E+01    0.726529343967396768E+00   -0.258245422141729648E+03
    0.337010237273025268E+02    0.470332124148568109E+01    0.751847439302264275E+00   -0.258243238457202438E+03
    0.331899143061368207E+02    0.512243462839008235E+01    0.610734762977537038E+00   -0.258241148209647804E+03
    0.333435809547980142E+02    0.502644831745904952E+01    0.662481284266579706E+00   -0.258236742368118257E+03
    0.334448246253497672E+02    0.488673374376360226E+01    0.697636206278662963E+00   -0.258236411070769122E+03
    0.328705231641843412E+02    0.537531632300906725E+01    0.604453503343984178E+00   -0.258233512314952236E+03
    0.332172896245983509E+02    0.513695665099534438E+01    0.617805322079164276E+00   -0.258231338163977114E+03
    0.333662829617104251E+02    0.500479216956099471E+01    0.673267115970308971E+00   -0.258227377880187021E+03
    0.333601141972846378E+02    0.492623659414889303E+01    0.763355618776281553E+00   -0.258226617023627398E+03
    0.336978116610851259E+02    0.468724794877200868E+01    0.776583556183326973E+00   -0.258225180260205889E+03
    0.334264261868305468E+02    0.489709520666123233E+01    0.769838457529902542E+00   -0.258221974641959321E+03
    0.331449801578524088E+02    0.516437415966192059E+01    0.663601144575890478E+00   -0.258219787350624529E+03
    0.329408480061334359E+02    0.528658348373596176E+01    0.639181450049051469E+00   -0.258219782779104776E+03
    0.332408196501967765E+02    0.506336610939679943E+01    0.639111084210625680E+00   -0.258214390401141372E+03
    0.334507570525386484E+02    0.487156572823081913E+01    0.717149645677167769E+00   -0.258213624658014453E+03
    0.334244070895860261E+02    0.488007186609587151E+01    0.778853439818189441E+00   -0.258207354691906460E+03
    0.331914666462871537E+02    0.508710095714361543E+01    0.719765325132767475E+00   -0.258205564553819613E+03
    0.328893546486989337E+02    0.533900369137921516E+01    0.622702591886239554E+00   -0.258205503823299694E+03
    0.328880142502220991E+02    0.534306563997448247E+01    0.623909417019180346E+00   -0.258205263031572031E+03
    0.330793946499296112E+02    0.522765184451010612E+01    0.582646410612728149E+00   -0.258203643145571448E+03
    0.331204090169930296E+02    0.515874798469582174E+01    0.622185292592964068E+00   -0.258196853279599736E+03
    0.329220699648470330E+02    0.531455833639256525E+01    0.638517586653600144E+00   -0.258194899603409624E+03
    0.333809228718170274E+02    0.495394131069366583E+01    0.738781796076669606E+00   -0.258192009204768965E+03
    0.330890980614948020E+02    0.517569130040728531E+01    0.689740935308970293E+00   -0.258191396316655357E+03
    0.335407008815102046E+02    0.484277669567471492E+01    0.738311020290993270E+00   -0.258186768469626827E+03
    0.333050699176482254E+02    0.505519042531653806E+01    0.660812536797326544E+00   -0.258186386737501266E+03
    0.333131127360675094E+02    0.505890670917676122E+01    0.619046546793601604E+00   -0.258185653501751460E+03
    0.329738121509963378E+02    0.528856898858645597E+01    0.591161559893182642E+00   -0.258181805730699807E+03
    0.335679922075846733E+02    0.481659865577421265E+01    0.693077292474171269E+00   -0.258180683707029971E+03
    0.333956555184245758E+02    0.495872080864625353E+01    0.647377249219891704E+00   -0.258179920566018950E+03
    0.331597041320891606E+02    0.517591714627700394E+01    0.625936519728755858E+00   -0.258178553647991578E+03
    0.330989720959229885E+02    0.515002734472957080E+01    0.662817441767829307E+00   -0.258176967704252718E+03
    0.330823035854413092E+02    0.522150387646426406E+01    0.585524778944780833E+00   -0.258176923294611811E+03
    0.332924599260456304E+02    0.507438834075024570E+01    0.636316875362293422E+00   -0.258174918106751136E+03
    0.335539738587800827E+02    0.485167266543927767E+01    0.683308109591153512E+00   -0.258174420411541803E+03
    0.336142280871912078E+02    0.479565207535358340E+01    0.706445331109890384E+00   -0.258172520950442390E+03
    0.333752512153911454E+02    0.492854278930486522E+01    0.767035761091961810E+00   -0.258171124752998310E+03
    0.330126252927838593E+02    0.522904887475643854E+01    0.635445846082528631E+00   -0.258168089120412503E+03
    0.330049297357905687E+02    0.526086115344928196E+01    0.651254634689712342E+00   -0.258164188109457371E+03
    0.334892429828049174E+02    0.485429714937884782E+01    0.703875649475214527E+00   -0.258156378884362312E+03
    0.329692826860004473E+02    0.532395848350123657E+01    0.589206720232033132E+00   -0.258148975487002417E+03
    0.330986850479867556E+02    0.514397751615857857E+01    0.696377852748143011E+00   -0.258146973536569476E+03
    0.333137572608613155E+02    0.499701118962688096E+01    0.663008617132399780E+00   -0.258144847486983792E+03
    0.330292099339134211E+02    0.523002322958534638E+01    0.668694006143954911E+00   -0.258144136220787288E+03
    0.330091703609463281E+02    0.528357339748112054E+01    0.575766847548917049E+00   -0.258142904791957392E+03
    0.330346813695798858E+02    0.521267191702246713E+01    0.634793445757233288E+00   -0.258140715847047375E+03
    0.336237662741512082E+02    0.473591037085888189E+01    0.797016267855566563E+00   -0.258140707402261967E+03
    0.334134721878741558E+02    0.490656248642384263E+01    0.699780329858081585E+00   -0.258139466323962949E+03
    0.334969866495158044E+02    0.482447585541402457E+01    0.753088335667451259E+00   -0.258132792671671496E+03
    0.334265665018400426E+02    0.488125045486386622E+01    0.732930068565924464E+00   -0.258132156768166965E+03
    0.329204826964859407E+02    0.530788127422216682E+01    0.629094473040940239E+00   -0.258131905017631937E+03
    0.331707795260633347E+02    0.509616386885218553E+01    0.719277456822671635E+00   -0.258128555185960579E+03
    0.334334018500438930E+02    0.495456158049761619E+01    0.644000837560006478E+00   -0.258126385260568441E+03
    0.330315763601571746E+02    0.528130840597345141E+01    0.582624457973675458E+00   -0.258125528603011730E+03
    0.335840731405386137E+02    0.481709311026899201E+01    0.690169844713120706E+00   -0.258124149241873454E+03
    0.332392910223151716E+02    0.511324536873697610E+01    0.637591743320299664E+00   -0.258122737008292063E+03
    0.331091779194025264E+02    0.513866885543840901E+01    0.672406252867586041E+00   -0.258120963839108526E+03
    0.332056355303669477E+02    0.509413478049821933E+01    0.704058307287608764E+00   -0.258120547088495869E+03
    0.333405618899143690E+02    0.500142501610960011E+01    0.710136068272689491E+00   -0.258118941728728032E+03
    0.334130532386287413E+02    0.490636418703037780E+01    0.767926450581762565E+00   -0.258113634128041497E+03
    0.333695016477487769E+02    0.494235294243982004E+01    0.689588226858645181E+00   -0.258105773127277359E+03
    0.332104147203953914E+02    0.504859754173838127E+01    0.725659049214706475E+00   -0.258099818838119006E+03
    0.334155673133292908E+02    0.488343235588644031E+01    0.772768621452548210E+00   -0.258098819072262074E+03
    0.333915840734578495E+02    0.498694398564978680E+01    0.669926616375894346E+00   -0.258097831753523849E+03
    0.330235730061844350E+02    0.521884613857186341E+01    0.676526287962686323E+00   -0.258095534282641097E+03
    0.331935018731327602E+02    0.511927987407620755E+01    0.612340370551142987E+00   -0.258088155585561651E+03
    0.335097980888322553E+02    0.481449654380798009E+01    0.789612734094889968E+00   -0.258082625039066954E+03
    0.331798019815588390E+02    0.510542568598999580E+01    0.639055263879168667E+00   -0.258080433845828509E+03
    0.336364499687263105E+02    0.477212206480192513E+01    0.726501341144049850E+00   -0.258080272767272277E+03
    0.329896681711753814E+02    0.528680185107561584E+01    0.630018366120546736E+00   -0.258074437543455645E+03
    0.333157921733345148E+02    0.501177475054910193E+01    0.718652980870788549E+00   -0.258074385642345987E+03
    0.331676594673516831E+02    0.510002153985421991E+01    0.661496924163742062E+00   -0.258072840563079126E+03
    0.334408363091897201E+02    0.492682633303705231E+01    0.654199985488688407E+00   -0.258072822407326726E+03
    0.331650026862633354E+02    0.508823618433858460E+01    0.695362739148418063E+00   -0.258071497343402029E+03
    0.333605329334202025E+02    0.493040547533648432E+01    0.728459774891437983E+00   -0.258071175766907061E+03
    0.329742081492486534E+02    0.531660147846448794E+01    0.597607387763946618E+00   -0.258069157121480600E+03
    0.331040600632306337E+02    0.519641771844926748E+01    0.654980990296061272E+00   -0.258066808431155948E+03
    0.331959101464222783E+02    0.508385005317246641E+01    0.654603380744462116E+00   -0.258062221583389203E+03
    0.331136864940377151E+02    0.515194456085060537E+01    0.639516470029236839E+00   -0.258058995596110151E+03
    0.332432615333154686E+02    0.511205087670173697E+01    0.603891385211907661E+00   -0.258057698584971718E+03
    0.328773454683782802E+02    0.536437392552618952E+01    0.591626310115338505E+00   -0.258052875670458775E+03
    0.330532718631373825E+02    0.519286383392217488E+01    0.685729840732520080E+00   -0.258052120075221353E+03
    0.333713418502590002E+02    0.496552117999219700E+01    0.731097685701714406E+00   -0.258045830350451013E+03
    0.336134245507479505E+02    0.474523083825981651E+01    0.794889512828048317E+00   -0.258043740721385461E+03
    0.330413167952311895E+02    0.527040135896320017E+01    0.577713503587439670E+00   -0.258042519421288432E+03
    0.329959765818839657E+02    0.523671103895069301E+01    0.661639243463346127E+00   -0.258029331387923833E+03
    0.336121229368392420E+02    0.479600585432589099E+01    0.706733667126095422E+00   -0.258027909636187985E+03
    0.333682304658561293E+02    0.491985641270387930E+01    0.758924454299458207E+00   -0.258025833041005910E+03
    0.334205912156173923E+02    0.492388298303237182E+01    0.742523503851910127E+00   -0.258025387876209720E+03
    0.331124898832162131E+02    0.515814284220354580E+01    0.631617124946077246E+00   -0.258024856860223565E+03
    0.334300604724477495E+02    0.488818296780055039E+01    0.773808869982694381E+00   -0.258024054023912754E+03
    0.336112928643212427E+02    0.475693840943751756E+01    0.738888267807731203E+00   -0.258019866194761448E+03
    0.333918062317212474E+02    0.490410308000280093E+01    0.769400605062683818E+00   -0.258011654238035533E+03
    0.333392486367481240E+02    0.496276272419416120E+01    0.690693870854595771E+00   -0.258009153424085184E+03
    0.332784340060139883E+02    0.500153590838267981E+01    0.699381267010153129E+00   -0.258008253205096423E+03
    0.336901249389140744E+02    0.469892824125896258E+01    0.765403469100439660E+00   -0.258004126747796363E+03
    0.330593523432457062E+02    0.520431876985540320E+01    0.676779040740943083E+00   -0.258000097191169232E+03
    0.329316251283344883E+02    0.529932548429325667E+01    0.639065654073892597E+00   -0.257997826508966398E+03
    0.334239106332572007E+02    0.487601362461968435E+01    0.765152468040550038E+00   -0.257996813016199042E+03
    0.334321261438038420E+02    0.488506214173350450E+01    0.774890430320733126E+00   -0.257996319905594987E+03
    0.334832747741433323E+02    0.483812430807176774E+01    0.785353478189277476E+00   -0.257985700129300540E+03
    0.334242409541584706E+02    0.495005817580682894E+01    0.696318704326256199E+00   -0.257985056445095836E+03
    0.331057497139883594E+02    0.514293943907565865E+01    0.669803381107113127E+00   -0.257984986165382168E+03
    0.331064922431677502E+02    0.520872854124857732E+01    0.586075037898714957E+00   -0.257984310613300295E+03
    0.333118262302803743E+02    0.502569342752052250E+01    0.702293376575111150E+00   -0.257982508765566081E+03
    0.330683569462657800E+02    0.521917368691244388E+01    0.654334756478818669E+00   -0.257973417350408965E+03
    0.333173684895140809E+02    0.496067173421186780E+01    0.742837336558408556E+00   -0.257969233495590004E+03
    0.332332281596910519E+02    0.503011960138028424E+01    0.718623593164748553E+00   -0.257965887793730133E+03
    0.330093130097706648E+02    0.523361873146076206E+01    0.669630711838074655E+00   -0.257965395539165399E+03
    0.332519430568598153E+02    0.507976318491288747E+01    0.616183740898853749E+00   -0.257961569597236405E+03
    0.330194747546311262E+02    0.525064640540745220E+01    0.598349323369292807E+00   -0.257960537965706465E+03
    0.336057360225216684E+02    0.478665641050035084E+01    0.706397895607683179E+00   -0.257958860380417207E+03
    0.331329248977241662E+02    0.517744166867197109E+01    0.595965023282904127E+00   -0.257957441792286318E+03
    0.335227645861540822E+02    0.481351080980867962E+01    0.738943667765520784E+00   -0.257956119028693138E+03
    0.334223571216022108E+02    0.492198135271165782E+01    0.670469529737955150E+00   -0.257955756104338036E+03
    0.332379737971029527E+02    0.503418038768808351E+01    0.736882459822460478E+00   -0.257953345283065801E+03
    0.330475501401252103E+02    0.521810848841404429E+01    0.613395051807936076E+00   -0.257951937744318911E+03
    0.334354830478730136E+02    0.486837861622331047E+01    0.773055582647692363E+00   -0.257945371705503533E+03
    0.333789757974095096E+02    0.491305659498612890E+01    0.763920646647322732E+00   -0.257940811063402975E+03
    0.336441362942048698E+02    0.471932434677635460E+01    0.790449027385063285E+00   -0.257938103950197672E+03
    0.336280625108058544E+02    0.474601777105994138E+01    0.783905238485261724E+00   -0.257935546796685003E+03
    0.335802803491617397E+02    0.479616936310007258E+01    0.764458086001022608E+00   -0.257930887945864242E+03
    0.331868867606990463E+02    0.506966147656426092E+01    0.704428632091837037E+00   -0.257930691840826967E+03
    0.334289711219985932E+02    0.487431460853852094E+01    0.751930731388136042E+00   -0.257930008839919765E+03
    0.334580157192333445E+02    0.493173273321429928E+01    0.679446741886453820E+00   -0.257929989844815111E+03
    0.333786896369481170E+02    0.499628345240702387E+01    0.631699549212246025E+00   -0.257927006681053115E+03
    0.330919213609993363E+02    0.523386638479835042E+01    0.587816930856822850E+00   -0.257919395169576092E+03
    0.330120916078495412E+02    0.529247742600054050E+01    0.590732059878119165E+00   -0.257917235732399718E+03
    0.330734166957875857E+02    0.524679728904299569E+01    0.583527316892440084E+00   -0.257913754719296719E+03
    0.331121411154083631E+02    0.521523010966694933E+01    0.610009736470410457E+00   -0.257912622694313541E+03
    0.329863378906005806E+02    0.528139017114603782E+01    0.638143614145302740E+00   -0.257911660589100109E+03
    0.335676190082022430E+02    0.482313750970337995E+01    0.735075860907848710E+00   -0.257908289332511060E+03
    0.331244781054644903E+02    0.512254011844756896E+01    0.695708883508274312E+00   -0.257907686012489705E+03
    0.334048936538903760E+02    0.497317299645586175E+01    0.677023330969500736E+00   -0.257906584507476055E+03
    0.331557269460501800E+02    0.510509352146771533E+01    0.670320621885156509E+00   -0.257904323936300898E+03
    0.335845606551884970E+02    0.477674713508590276E+01    0.784463486364998741E+00   -0.257902208686755159E+03
    0.332589294397087514E+02    0.503758496415999790E+01    0.728792321972554391E+00   -0.257900696651287149E+03
    0.330577514592061803E+02    0.523247168678333274E+01    0.644937147886360806E+00   -0.257900688123892508E+03
    0.334554823599670641E+02    0.486247967003849890E+01    0.732008985160822356E+00   -0.257895434063158234E+03
    0.333396121665415492E+02    0.496124211517146385E+01    0.693797112249414538E+00   -0.257895287106011381E+03
    0.329912260301884714E+02    0.529194992117379837E+01    0.579696964497228295E+00   -0.257890020595425085E+03
    0.329858676989701323E+02    0.524774397958084560E+01    0.656966754368909833E+00   -0.257888632748351711E+03
    0.331556687453885530E+02    0.518238375672272866E+01    0.613382928315572840E+00   -0.257887406622200047E+03
    0.336776109235879986E+02    0.471044338001154461E+01    0.757434167159022675E+00   -0.257886266644526017E+03
    0.328782775292563798E+02    0.536471956965395158E+01    0.594080439562365781E+00   -0.257882962478621664E+03
    0.330342507657532778E+02    0.524243546591849530E+01    0.596574228523305883E+00   -0.257881215652394246E+03
    0.332009296493509396E+02    0.509514305589983607E+01    0.634587507670983486E+00   -0.257880768824396114E+03
    0.334384348398593971E+02    0.492772741081714738E+01    0.655677352446404793E+00   -0.257876406325804339E+03
    0.335998367919600796E+02    0.475726102640109794E+01    0.791378932741237495E+00   -0.257875385477031443E+03
    0.336482149193463016E+02    0.471754373344082456E+01    0.779440330750590604E+00   -0.257873500254621945E+03
    0.329046761184951464E+02    0.534023511956875474E+01    0.595469268509322913E+00   -0.257871160511713583E+03
    0.331095871933739261E+02    0.515720132119016839E+01    0.694209925811546946E+00   -0.257869197474205464E+03
    0.329923896107530013E+02    0.530685727081543845E+01    0.586136640169670153E+00   -0.257868915180829845E+03
    0.332309804341758763E+02    0.507085898322371875E+01    0.639770164849233325E+00   -0.257868350583688255E+03
    0.336148933086109309E+02    0.479184747014874635E+01    0.714150033058746470E+00   -0.257867871222762574E+03
    0.331854894788049251E+02    0.507069933051614363E+01    0.714159984964235051E+00   -0.257867145315426399E+03
    0.336067261861251936E+02    0.479110813774155009E+01    0.738014381768423267E+00   -0.257864465320160662E+03
    0.335273853882108597E+02    0.480019299316959280E+01    0.785938958178392877E+00   -0.257862390067903618E+03
    0.331097884762017358E+02    0.513570155303239329E+01    0.690029364982431059E+00   -0.257861259065051229E+03
    0.330739050353569510E+02    0.520871824505580783E+01    0.603243305322806678E+00   -0.257860686616959640E+03
    0.329197581258548411E+02    0.533230770604985782E+01    0.621075575510017130E+00   -0.257858959679549287E+03
    0.330381783171276240E+02    0.527369808217988822E+01    0.583414105840242003E+00   -0.257854287066343204E+03
    0.330992403555511601E+02    0.515201155913561770E+01    0.661289290964634291E+00   -0.257848937970067766E+03
    0.335113517982773601E+02    0.482446078914126719E+01    0.784218112039044124E+00   -0.257847647872651066E+03
    0.334642921230097414E+02    0.492904436535590040E+01    0.659794343305953435E+00   -0.257846178344922123E+03
    0.330547084332493952E+02    0.520466317812998991E+01    0.677214104060666511E+00   -0.257844430650348215E+03
    0.330905450019419476E+02    0.523194602351471527E+01    0.584741699268996440E+00   -0.257843704682250518E+03
    0.333758019718142407E+02    0.497365823230023363E+01    0.713923167682534388E+00   -0.257843105972552792E+03
    0.336095065651181955E+02    0.478087334167949596E+01    0.711184865103223762E+00   -0.257842915320047894E+03
    0.332502419613743783E+02    0.508829582684440140E+01    0.611440564147941568E+00   -0.257842394375694028E+03
    0.328890839325841284E+02    0.535793878129045353E+01    0.590755930022793030E+00   -0.257839582317280019E+03
    0.334502544813160085E+02    0.491894471002024503E+01    0.717581631608502857E+00   -0.257831867710056542E+03
    0.329877316545448593E+02    0.526940280134053030E+01    0.604288451117743985E+00   -0.257831555585844228E+03
    0.334914492977092237E+02    0.483524468162092003E+01    0.738702579313002095E+00   -0.257828547368007037E+03
    0.330396424189585076E+02    0.527258181446198471E+01    0.588149450611879399E+00   -0.257824003929082266E+03
    0.334558812306247546E+02    0.485418025979423895E+01    0.776327371726740711E+00   -0.257823897666150174E+03
    0.333319459044732724E+02    0.503553714002516362E+01    0.657340335123302255E+00   -0.257822707649274719E+03
    0.333152853824191482E+02    0.505322450662333633E+01    0.620660450794612850E+00   -0.257821909301164681E+03
    0.336215738960701742E+02    0.473491631535538904E+01    0.777456897234043987E+00   -0.257821806771674858E+03
    0.336328606370201086E+02    0.474249078786405409E+01    0.744069782526631918E+00   -0.257820483813869942E+03
    0.331153749186877775E+02    0.514101428583171760E+01    0.658861259082232475E+00   -0.257820269050901800E+03
    0.332905918228262792E+02    0.504168433945292538E+01    0.698896258079470867E+00   -0.257818298403439144E+03
    0.333512280921538178E+02    0.493571000414937444E+01    0.756337534819561563E+00   -0.257809232630437407E+03
    0.329816899598609155E+02    0.525979257138454415E+01    0.657348661932630640E+00   -0.257808494441214350E+03
    0.333141534378630553E+02    0.503023501230938308E+01    0.627960123895818567E+00   -0.257807080620276395E+03
    0.331397469705692629E+02    0.511111502542689866E+01    0.690018017287686636E+00   -0.257803872764644609E+03
    0.335998477515998815E+02    0.480042337660056617E+01    0.728469277595770848E+00   -0.257802714915896502E+03
    0.330033740395081594E+02    0.529444094645353935E+01    0.577257719242811440E+00   -0.257802397426100185E+03
    0.332922930645268806E+02    0.505237676462541163E+01    0.620579924400795679E+00   -0.257800914922471065E+03
    0.328928322315348538E+02    0.535023106602741461E+01    0.597032089358929929E+00   -0.257799243612214411E+03
    0.333853324469037318E+02    0.498730135870486180E+01    0.676991899456866331E+00   -0.257797559214339515E+03
    0.336358290257375927E+02    0.475474836841153969E+01    0.726169139739265335E+00   -0.257791084990880677E+03
    0.333749230378025032E+02    0.498144291509710335E+01    0.640152319160978145E+00   -0.257790017702292914E+03
    0.329200614060992223E+02    0.532168161325448441E+01    0.605062087810428251E+00   -0.257789086974071665E+03
    0.332314586446191385E+02    0.504231272196116276E+01    0.733165700698575007E+00   -0.257788375147817419E+03
    0.331497319020385461E+02    0.510181593309659576E+01    0.697974164767546812E+00   -0.257787419045914874E+03
    0.329072397306587163E+02    0.533101336593156105E+01    0.623797974414518341E+00   -0.257785890154495007E+03
    0.335838932484480637E+02    0.476185086232531685E+01    0.790298200869266276E+00   -0.257776800334064319E+03
    0.328886137639701843E+02    0.536813634202284806E+01    0.585314374930097969E+00   -0.257774338246492562E+03
    0.334277649593314976E+02    0.495264383782439666E+01    0.645290951647060851E+00   -0.257773339702247029E+03
    0.330478082652008567E+02    0.522120483759427234E+01    0.610410278666440265E+00   -0.257772978827486099E+03
    0.330232348220399459E+02    0.524416250889194746E+01    0.655258238543975358E+00   -0.257772495410781914E+03
    0.336809402267144407E+02    0.470900040067427561E+01    0.761545309399614734E+00   -0.257771638424479363E+03
    0.333463512684896486E+02    0.495213389335016885E+01    0.757710807507592898E+00   -0.257770287004114209E+03
    0.335951213288449324E+02    0.480988150279817805E+01    0.706872625469655125E+00   -0.257767548718825253E+03
    0.335011897508248992E+02    0.482179092549045230E+01    0.783634106985877765E+00   -0.257766427366053847E+03
    0.332820927025620392E+02    0.501909032147420042E+01    0.664120029206054840E+00   -0.257764975444808613E+03
    0.329565238041306827E+02    0.528158520503863649E+01    0.646869693668418733E+00   -0.257756388353372131E+03
    0.332317452633463972E+02    0.510066968262538367E+01    0.610448568865359809E+00   -0.257756229421875673E+03
    0.332657563928347813E+02    0.500694921127935899E+01    0.739372103112476031E+00   -0.257750311554352209E+03
    0.335264073796067734E+02    0.480361503191760164E+01    0.760531375792803166E+00   -0.257749298337847392E+03
    0.330144609640450142E+02    0.522212828219453584E+01    0.659448332740066201E+00   -0.257746529322590618E+03
    0.332468776424950363E+02    0.510382697202828162E+01    0.642865000656234975E+00   -0.257740660424281998E+03
    0.331591450196706603E+02    0.509402970885513717E+01    0.700830918483695053E+00   -0.257740625355914972E+03
    0.335165363596934185E+02    0.487950998976807515E+01    0.672112426338093094E+00   -0.257740284597770710E+03
    0.330492765946568596E+02    0.520437649379263334E+01    0.678001780991252523E+00   -0.257739443509249327E+03
    0.331584416640498603E+02    0.515011407532259380E+01    0.606444273286637636E+00   -0.257739044881677160E+03
    0.329992690911644218E+02    0.529236604514732623E+01    0.578377354940279642E+00   -0.257735348863601757E+03
    0.332523154513461634E+02    0.508154597399846608E+01    0.615945193364530685E+00   -0.257730586641744821E+03
    0.335195775027274294E+02    0.484905422760448879E+01    0.749422274510476716E+00   -0.257730557250827587E+03
    0.336650887461360071E+02    0.472984732617891179E+01    0.741978806944119884E+00   -0.257729763613870318E+03
    0.334987825865562030E+02    0.483225582866163883E+01    0.735306629081690311E+00   -0.257728290266207523E+03
    0.336806569245611200E+02    0.471350870044746184E+01    0.758618663871056254E+00   -0.257726872175174321E+03
    0.334717094391955072E+02    0.491932403164843901E+01    0.658932719923073007E+00   -0.257726708480484547E+03
    0.330442546491448610E+02    0.522076749123492156E+01    0.666882135665955555E+00   -0.257724139832382832E+03
    0.329046808759914740E+02    0.535222350579312778E+01    0.585182140397383810E+00   -0.257721177417189097E+03
    0.330221090981026606E+02    0.521707213494634647E+01    0.652651383315695388E+00   -0.257720959771990692E+03
    0.329302972234624320E+02    0.534648248769594225E+01    0.585942419964395889E+00   -0.257720662227609296E+03
    0.336445827219946523E+02    0.474178675704033470E+01    0.737428564007278964E+00   -0.257715643108096799E+03
    0.329798211967766122E+02    0.528137526711874639E+01    0.597848365915833457E+00   -0.257711453951399221E+03
    0.329432770624748912E+02    0.532732557557939934E+01    0.609007180381858304E+00   -0.257710043465537694E+03
    0.334928810846121650E+02    0.482572951149283025E+01    0.770408613430465516E+00   -0.257708087140017255E+03
    0.331592564588501730E+02    0.516161784800508983E+01    0.649788229295830799E+00   -0.257707704062908931E+03
    0.333190946297550639E+02    0.499602763447816667E+01    0.661858261278852611E+00   -0.257707544000032158E+03
    0.330488511836044125E+02    0.521747349793265158E+01    0.667552201137960211E+00   -0.257705568893137411E+03
    0.335863613442910136E+02    0.478105347207617903E+01    0.727164915520952970E+00   -0.257703548916921932E+03
    0.336216013480255427E+02    0.478083088333619610E+01    0.730411997547812053E+00   -0.257699432754560746E+03
    0.331419681148466765E+02    0.519178420102397542E+01    0.612141840747813637E+00   -0.257699265663648475E+03
    0.330789382164697443E+02    0.516507331291833616E+01    0.672891830455887296E+00   -0.257698754150646096E+03
    0.335293187880972425E+02    0.480047661697132089E+01    0.765919347647459614E+00   -0.257694185295548493E+03
    0.335529514989331403E+02    0.478501432991566489E+01    0.763212563409649158E+00   -0.257687989888297125E+03
    0.331663098001298522E+02    0.511601350574454550E+01    0.639680964181514655E+00   -0.257686260990269602E+03
    0.335244292649688163E+02    0.486407889796725357E+01    0.716645756744537454E+00   -0.257685507504331895E+03
    0.331357279331294023E+02    0.512182711114993694E+01    0.668706730788124259E+00   -0.257684654515796979E+03
    0.331601086848372262E+02    0.517488864004724025E+01    0.622344736171498547E+00   -0.257683034310385381E+03
    0.336156345612586875E+02    0.474341366163886757E+01    0.788926677826888967E+00   -0.257681710945641953E+03
    0.335761041031472161E+02    0.482648079377421180E+01    0.705872885585572929E+00   -0.257681433027264234E+03
    0.330218648864973261E+02    0.521947246596248604E+01    0.670206403068591472E+00   -0.257680616288104432E+03
    0.334456662349848699E+02    0.488686835218992499E+01    0.700130301944043465E+00   -0.257675542628677135E+03
    0.334855568790534974E+02    0.487913409811911691E+01    0.740121852891220566E+00   -0.257675139894572112E+03
    0.331321066947232765E+02    0.513142639077713181E+01    0.703409719123550770E+00   -0.257671601325561312E+03
    0.333312362389705896E+02    0.495224499168614329E+01    0.736076188260681663E+00   -0.257671064541364842E+03
    0.333127175891594050E+02    0.502691099705026545E+01    0.697653842966501347E+00   -0.257670832834582598E+03
    0.334999107394404376E+02    0.484278996199523881E+01    0.773530388872455399E+00   -0.257669578899220312E+03
    0.334216686340142743E+02    0.488043301891285353E+01    0.765076314025372017E+00   -0.257668265800382471E+03
    0.335471034432292328E+02    0.484546323238240184E+01    0.683083183754704004E+00   -0.257666811523354681E+03
    0.328975177133404060E+02    0.534311497997558060E+01    0.605463269935246018E+00   -0.257664214631113282E+03
    0.332851158593118654E+02    0.505474500842511976E+01    0.683597639826091452E+00   -0.257662798020197670E+03
    0.330443726513599785E+02    0.526179163767897151E+01    0.608779247709604121E+00   -0.257660241996788329E+03
    0.331852897714523323E+02    0.515498832096485238E+01    0.626395389729704766E+00   -0.257659544430804488E+03
    0.335597219431331055E+02    0.483669772178406809E+01    0.716227206047098219E+00   -0.257658892444247556E+03
    0.333516630919157961E+02    0.499745539570510733E+01    0.701646943524092404E+00   -0.257653829621991122E+03
    0.333512360134335069E+02    0.499401714126628171E+01    0.707463651838628249E+00   -0.257650383957784584E+03
    0.335558614863221720E+02    0.483033849439272966E+01    0.735785445619249856E+00   -0.257649418717403421E+03
    0.331442027555069458E+02    0.510750528925800928E+01    0.698204470612390327E+00   -0.257648384797050426E+03
    0.333748480548866837E+02    0.496944978020661665E+01    0.719935719937884855E+00   -0.257645208434073936E+03
    0.331884041487276420E+02    0.506976902714162136E+01    0.710913941834169782E+00   -0.257642222751181635E+03
    0.334159210841887173E+02    0.489395532306738890E+01    0.725174362526655569E+00   -0.257642132502922436E+03
    0.328966555063303616E+02    0.535203791889502867E+01    0.593848094983221775E+00   -0.257641504731129032E+03
    0.329405073584857604E+02    0.533291975137758278E+01    0.601569215130619894E+00   -0.257641248499517189E+03
    0.329031191239084961E+02    0.534137366668267166E+01    0.599851995100830093E+00   -0.257640763280357703E+03
    0.334049232836776326E+02    0.489716420118830165E+01    0.768168300714379138E+00   -0.257639715961485592E+03
    0.331529902709500561E+02    0.510445021679845823E+01    0.679976207669738542E+00   -0.257637521797061993E+03
    0.331859288736265938E+02    0.507296836499073223E+01    0.715797281838523425E+00   -0.257636070997200989E+03
    0.331551914951329252E+02    0.510134825756333310E+01    0.684164618808180358E+00   -0.257634986734954907E+03
    0.336512580688379899E+02    0.474700968656119038E+01    0.749943550980512796E+00   -0.257633336866986724E+03
    0.330600162931489336E+02    0.522405270148697021E+01    0.598783371832752431E+00   -0.257632698502224514E+03
    0.334769916732106054E+02    0.489263954234798870E+01    0.728078886062581088E+00   -0.257628647441418934E+03
    0.334183466434976140E+02    0.496569278175858564E+01    0.665420317648415027E+00   -0.257628092810955081E+03
    0.333250057117831062E+02    0.499836792740895053E+01    0.725470745868175726E+00   -0.257625871384112259E+03
    0.334151659496907598E+02    0.496536062027239566E+01    0.673956914012258435E+00   -0.257624404102377127E+03
    0.331965016090536622E+02    0.513752952404664587E+01    0.600952590996892577E+00   -0.257622277081721052E+03
    0.335349442021350228E+02    0.482724676487493021E+01    0.705699400691748413E+00   -0.257622178270799225E+03
    0.332187844694148779E+02    0.513269947372197777E+01    0.609737860302071666E+00   -0.257622109790191473E+03
    0.329781865228228455E+02    0.530855065276613747E+01    0.602510122050486041E+00   -0.257612958738951249E+03
    0.336391224141239178E+02    0.476348380251643455E+01    0.726557750064752761E+00   -0.257612774200100375E+03
    0.335752539711932201E+02    0.482142652692716656E+01    0.722662378610688494E+00   -0.257612512174334029E+03
    0.333897581625838455E+02    0.497581827834844415E+01    0.692103763538773564E+00   -0.257611637292805312E+03
    0.333209008594445422E+02    0.499269496095237031E+01    0.734885978108282711E+00   -0.257610632200019950E+03
    0.334861791840721139E+02    0.489614310048181434E+01    0.709279605625063869E+00   -0.257606317179441078E+03
    0.335128896734594832E+02    0.486941131011606210E+01    0.675230901676078243E+00   -0.257604156580057122E+03
    0.332647956087092922E+02    0.509557769987814435E+01    0.622536826792290610E+00   -0.257601822547072516E+03
    0.329240114428829429E+02    0.534741572748576388E+01    0.590503873558616110E+00   -0.257597719117677059E+03
    0.331147743931202712E+02    0.514789227762515722E+01    0.648409921573981030E+00   -0.257597654639350367E+03
    0.336422857674539344E+02    0.474225188482880444E+01    0.770553791513794106E+00   -0.257597076387034463E+03
    0.331637521102718580E+02    0.516594639080727269E+01    0.595593353210863596E+00   -0.257596778810497028E+03
    0.335408132614779930E+02    0.479405259226104263E+01    0.785109972286182511E+00   -0.257592923316535462E+03
    0.333273020732514524E+02    0.498857764299304485E+01    0.665293808157057187E+00   -0.257592051452764679E+03
    0.335327446932430107E+02    0.480261599000460215E+01    0.785340732802827124E+00   -0.257586599369827354E+03
    0.336655179872791948E+02    0.472954644920977785E+01    0.757731776338115171E+00   -0.257586577549600008E+03
    0.335291783138483339E+02    0.485759756342684845E+01    0.679321611559683958E+00   -0.257586029930414782E+03
    0.333224291809088768E+02    0.495940917161527040E+01    0.743116517382235386E+00   -0.257580648466536616E+03
    0.329187292537699250E+02    0.531902255351531927E+01    0.618348297636468036E+00   -0.257578838145869497E+03
    0.333309285638852160E+02    0.504042148759865860E+01    0.640430344489395287E+00   -0.257578124273924118E+03
    0.331613729601347274E+02    0.510556796850308103E+01    0.711262161508876001E+00   -0.257578060122784109E+03
    0.330832681845502705E+02    0.520628473145219850E+01    0.601055537527494632E+00   -0.257575878992801506E+03
    0.334316245538610985E+02    0.491308873341026864E+01    0.744019324321784525E+00   -0.257565370807043905E+03
    0.334678549153515164E+02    0.492028762693420596E+01    0.658899484866189322E+00   -0.257565168460239306E+03
    0.335220134153096083E+02    0.482596119761519660E+01    0.774891134300553119E+00   -0.257563562671649663E+03
    0.331472009091901043E+02    0.515722259686458706E+01    0.667603574106021225E+00   -0.257562668128544715E+03
    0.333548328619190926E+02    0.498274873635229376E+01    0.650982528356331969E+00   -0.257561917641473428E+03
    0.332775126946613398E+02    0.503438330311744409E+01    0.648423038819608943E+00   -0.257561050550916377E+03
    0.333618765197615446E+02    0.494780878341649277E+01    0.753858430766614296E+00   -0.257559418946790458E+03
    0.335417787989530751E+02    0.479179883711084997E+01    0.781609879965864174E+00   -0.257557238087235191E+03
    0.331423582171683080E+02    0.518378391678899764E+01    0.592871734494579861E+00   -0.257556697727736491E+03
    0.334876360585647888E+02    0.483316215638815638E+01    0.778836155093007632E+00   -0.257556581150004035E+03
    0.329966493254917026E+02    0.527676769044047589E+01    0.591289235394287238E+00   -0.257554716297780715E+03
    0.336345513750096501E+02    0.476722015760607221E+01    0.732259357113167919E+00   -0.257552295239171031E+03
    0.334161977990832497E+02    0.492826268526994404E+01    0.669873805174436399E+00   -0.257546614837546315E+03
    0.334459941200005062E+02    0.486403897403409413E+01    0.771855413867867934E+00   -0.257545946627995079E+03
    0.333982169018632291E+02    0.496654990635103744E+01    0.697413962369976548E+00   -0.257538984758498316E+03
    0.333995134932734530E+02    0.497954944947208489E+01    0.641384610460367433E+00   -0.257536586125303586E+03
    0.332706060789194069E+02    0.508627736815633291E+01    0.613628287535018413E+00   -0.257531337030213365E+03
    0.331997832776781152E+02    0.506909692889541486E+01    0.722309737553301634E+00   -0.257529293598622644E+03
    0.333995184069703157E+02    0.496682310060792709E+01    0.695083413245153992E+00   -0.257527366482784032E+03
    0.334644802985817051E+02    0.491792447840557667E+01    0.696907508322327951E+00   -0.257526721184338783E+03
    0.330932395611809866E+02    0.522620215759549644E+01    0.610964918437359561E+00   -0.257526599417344073E+03
    0.331332498013897947E+02    0.518609741803013335E+01    0.593489617909809919E+00   -0.257525714088644918E+03
    0.329275492289157157E+02    0.531424461173916818E+01    0.628089598305848984E+00   -0.257524420288635895E+03
    0.330198106300317207E+02    0.523103695067677776E+01    0.665541199141838513E+00   -0.257524249345258568E+03
    0.329892720336767553E+02    0.526864520236456535E+01    0.646701998065129846E+00   -0.257524085030661126E+03
    0.331856133997045220E+02    0.511383798171506854E+01    0.691860206669654088E+00   -0.257523701204736597E+03
    0.330048308731354822E+02    0.528871069297075636E+01    0.581023290241732382E+00   -0.257522313456219308E+03
    0.336564270175742166E+02    0.472010552746053857E+01    0.769577569593877131E+00   -0.257521194700674243E+03
    0.335392681206464403E+02    0.485801280208423769E+01    0.683340737087756112E+00   -0.257518295756006182E+03
    0.333367748405033311E+02    0.495046056231931519E+01    0.752154298816626987E+00   -0.257515611479372808E+03
    0.330738801262369861E+02    0.519638981495151597E+01    0.620089258149608469E+00   -0.257514282740850092E+03
    0.333530101177230307E+02    0.499855438444603806E+01    0.637705100488956456E+00   -0.257513112902089517E+03
    0.333725914653917286E+02    0.493240905132936192E+01    0.708323599619466671E+00   -0.257511444072888992E+03
    0.333633200706423096E+02    0.493597711702817765E+01    0.759494324129006859E+00   -0.257510823975320932E+03
    0.335953944279672214E+02    0.477211863666202607E+01    0.734707181525075526E+00   -0.257505423755315462E+03
    0.335688735828073561E+02    0.481668159571320498E+01    0.741262097993972024E+00   -0.257503043149029736E+03
    0.334585973648859891E+02    0.486631744196413418E+01    0.722784734206580959E+00   -0.257502374136875858E+03
    0.334923904931703333E+02    0.488495430524451724E+01    0.671123513661928794E+00   -0.257501674395729026E+03
    0.335598850672668689E+02    0.478994618125720795E+01    0.742165672769433238E+00   -0.257500808535046815E+03
    0.330835394804081631E+02    0.523694516128544585E+01    0.595875734504125898E+00   -0.257498205546336067E+03
    0.330152749935573979E+02    0.524030420509921946E+01    0.660257184756671833E+00   -0.257497486905873075E+03
    0.333278484583296546E+02    0.502980338462421184E+01    0.626097740160174165E+00   -0.257497263116356805E+03
    0.334808702591556440E+02    0.491061572559492276E+01    0.681401339005502371E+00   -0.257497034264701256E+03
    0.331965002584799720E+02    0.514319873976552788E+01    0.633449625057241561E+00   -0.257495763330822683E+03
    0.330244730971893006E+02    0.521593945505997958E+01    0.656114651707734975E+00   -0.257495448203000024E+03
    0.335786190581001875E+02    0.481020172772135624E+01    0.700607557584366325E+00   -0.257495270457202480E+03
    0.329159287197045600E+02    0.533842821338447493E+01    0.610973761928774284E+00   -0.257494551794920483E+03
    0.335121448423932478E+02    0.487513415796700489E+01    0.673463518580283305E+00   -0.257494072340753348E+03
    0.334241425757656856E+02    0.493151723074322224E+01    0.661629621224322895E+00   -0.257493087552108705E+03
    0.334651555459509282E+02    0.486428724473210838E+01    0.772186359236595843E+00   -0.257492566777795957E+03
    0.333326891346937160E+02    0.503894973824906245E+01    0.634288759141698799E+00   -0.257492556671106570E+03
    0.334965754660269539E+02    0.486289001262298992E+01    0.690326114529210888E+00   -0.257491846312333564E+03
    0.335470619109247394E+02    0.484612036383549238E+01    0.715311586407657130E+00   -0.257487778180172711E+03
    0.329243781770076680E+02    0.531462751872507511E+01    0.619782332583615814E+00   -0.257485094426005617E+03
    0.336666752097729045E+02    0.472356978857973431E+01    0.757299985522864594E+00   -0.257483142523354445E+03
    0.336119292094486397E+02    0.474807182321000631E+01    0.784876468425989682E+00   -0.257483132648660330E+03
    0.330038694549610199E+02    0.523882194674282875E+01    0.660952335695973781E+00   -0.257482471480298557E+03
    0.333338372354625818E+02    0.497076317123765232E+01    0.686756853151623048E+00   -0.257482204460120386E+03
    0.331629666155044305E+02    0.510612566848882388E+01    0.709887267629421226E+00   -0.257477418041420549E+03
    0.332198482210893076E+02    0.504457949494014102E+01    0.713783105841787280E+00   -0.257477167238141931E+03
    0.332814820553736013E+02    0.500191149870426877E+01    0.698508293220866161E+00   -0.257473523592550919E+03
    0.329694712860712045E+02    0.527568543434966042E+01    0.619364701738784773E+00   -0.257472786314103018E+03
    0.335435336907211479E+02    0.485472285063528197E+01    0.687482510754849008E+00   -0.257469610248535957E+03
    0.332392702236338238E+02    0.508492192051250846E+01    0.620996910672127367E+00   -0.257469569530355329E+03
    0.335119652671897583E+02    0.481730153798724814E+01    0.753601443383774328E+00   -0.257466926515406726E+03
    0.333527213368240396E+02    0.494131689068510571E+01    0.756919046634454196E+00   -0.257465280600705796E+03
    0.329700105333029825E+02    0.531725228186611432E+01    0.583865222210140145E+00   -0.257465200688154027E+03
    0.336198997810389528E+02    0.476411481038393259E+01    0.762960889903986361E+00   -0.257462629267236423E+03
    0.336089776477247852E+02    0.478764733173504364E+01    0.711761564605970620E+00   -0.257459655527273696E+03
    0.330233761753626851E+02    0.526246224103304439E+01    0.629745187913074433E+00   -0.257459269147290740E+03
    0.334810345933225264E+02    0.484153137770400210E+01    0.745353839271194030E+00   -0.257458392176357108E+03
    0.334098525097977728E+02    0.493738446375766848E+01    0.730421044054257340E+00   -0.257458080035318403E+03
    0.334366804403288000E+02    0.493184349573370984E+01    0.709347888638338420E+00   -0.257456938254375871E+03
    0.332769200760104553E+02    0.500007769179317130E+01    0.713155115202242063E+00   -0.257456500584451021E+03
    0.332564243039346366E+02    0.509762644784328867E+01    0.611954600216740974E+00   -0.257455949501447265E+03
    0.329149757762439776E+02    0.534346958378433534E+01    0.604149568412237992E+00   -0.257455913066345659E+03
    0.329868322001104204E+02    0.527546235192347002E+01    0.600872890776817825E+00   -0.257455057507594518E+03
    0.335449116840197092E+02    0.484126723484806565E+01    0.687480307968696747E+00   -0.257454980136850509E+03
    0.331686148061311101E+02    0.509114757563142462E+01    0.686427211656775560E+00   -0.257454416040626199E+03
    0.331668382432737232E+02    0.509829445353453536E+01    0.671480528238872276E+00   -0.257453424963683290E+03
    0.335474342356980202E+02    0.485149173145058299E+01    0.693158426893558000E+00   -0.257451927258767512E+03
    0.333864376221392334E+02    0.497823129202521208E+01    0.640900341403243257E+00   -0.257451782195914348E+03
    0.335828455607793117E+02    0.480777448223796178E+01    0.737202465376425753E+00   -0.257450833563035303E+03
    0.333110353356362907E+02    0.497397528051648496E+01    0.715189079119987081E+00   -0.257449862580544163E+03
    0.333778443062449810E+02    0.493746932056018117E+01    0.692643152846283305E+00   -0.257446885311596589E+03
    0.332940294476162890E+02    0.506352684997218994E+01    0.618322735889967889E+00   -0.257446172406588801E+03
    0.329865034088887299E+02    0.527376754464951691E+01    0.603296331007115327E+00   -0.257441769847043304E+03
    0.336312989670387665E+02    0.475283278972815282E+01    0.765875394331241854E+00   -0.257440614724389263E+03
    0.329603461897248238E+02    0.529451273749876172E+01    0.634576022975098963E+00   -0.257439279304430215E+03
    0.336589636882889138E+02    0.472642915759506543E+01    0.755922242014010703E+00   -0.257436542646860403E+03
    0.335426222369006695E+02    0.479176373458829996E+01    0.775876839805485830E+00   -0.257435606135175362E+03
    0.331856504967759633E+02    0.512337220124725512E+01    0.679108679309634589E+00   -0.257435196927366405E+03
    0.332944975815726778E+02    0.498711216409703884E+01    0.743656133062958524E+00   -0.257433526283676997E+03
    0.329892691744458375E+02    0.530249850916864940E+01    0.596426183406533750E+00   -0.257432785920222102E+03
    0.335697321238460518E+02    0.479200784490019949E+01    0.774850637693852984E+00   -0.257430512661838520E+03
    0.331796909791931682E+02    0.509100078469887496E+01    0.714473588700438422E+00   -0.257428750170172748E+03
    0.331032950520802132E+02    0.517572153365450305E+01    0.677117739475815550E+00   -0.257428415892493604E+03
    0.329251130420297073E+02    0.534271769861591839E+01    0.594981094722257020E+00   -0.257426373565971517E+03
    0.329876460203867055E+02    0.530457829544679882E+01    0.592868767543655251E+00   -0.257423989211453033E+03
    0.332598777234204590E+02    0.503908022442135728E+01    0.659015003729632287E+00   -0.257423492264399783E+03
    0.334554150222494258E+02    0.487549392255330716E+01    0.767309974602172984E+00   -0.257421364300484640E+03
    0.330246061583144268E+02    0.527624676492252664E+01    0.602916779100453937E+00   -0.257419449283331062E+03
    0.331137727024685731E+02    0.513652169577568785E+01    0.692428968880508533E+00   -0.257419212518020458E+03
    0.330745007706395739E+02    0.523056628178651284E+01    0.627277186475093784E+00   -0.257418006841032934E+03
    0.335542149489721027E+02    0.482412289564850560E+01    0.746477879943265088E+00   -0.257417221151704041E+03
    0.329870038213975931E+02    0.525220041723417186E+01    0.650763484555746397E+00   -0.257416995026131303E+03
    0.334124251465199791E+02    0.488987598878698737E+01    0.749833582258273790E+00   -0.257415029840130217E+03
    0.329082239095800659E+02    0.534314143548313147E+01    0.597378084517785624E+00   -0.257414029568324224E+03
    0.331857493831141355E+02    0.507486560610691662E+01    0.697891354354032378E+00   -0.257413320108372091E+03
    0.334791328993083397E+02    0.484142347380719773E+01    0.750464511082589381E+00   -0.257413045170804537E+03
    0.329631869882831836E+02    0.531956947016845838E+01    0.595502729906658868E+00   -0.257411753792883587E+03
    0.332515039719330119E+02    0.510173301014032887E+01    0.635556308115564184E+00   -0.257410211811241481E+03
    0.334247653050239961E+02    0.488193819039781829E+01    0.744639327387292660E+00   -0.257409407809776894E+03
    0.336163660833842428E+02    0.477017480324887799E+01    0.723548565355869311E+00   -0.257408988501986983E+03
    0.331237761935255790E+02    0.512780586757812795E+01    0.684065476372545556E+00   -0.257408399906772161E+03
    0.335867509165244229E+02    0.477934815430637272E+01    0.775019592854769845E+00   -0.257406403508034316E+03
    0.331222784638300567E+02    0.513618693813063576E+01    0.662301449150437316E+00   -0.257405484286413923E+03
    0.331393757043243085E+02    0.519359285631555867E+01    0.603576550403832957E+00   -0.257405043293332824E+03
    0.331290672536049442E+02    0.512275033061498419E+01    0.689189868407018014E+00   -0.257402613969717606E+03
    0.332615194699374044E+02    0.506234300009731353E+01    0.629580269777782364E+00   -0.257401423840508187E+03
    0.330603439115092996E+02    0.518537824191545660E+01    0.660824115089545749E+00   -0.257400945468774012E+03
    0.329059417971489054E+02    0.534528520757140857E+01    0.599095357253999206E+00   -0.257398782179428224E+03
    0.330691691865087876E+02    0.521015146188186051E+01    0.660852431637363069E+00   -0.257397695042272176E+03
    0.333434827839087475E+02    0.499863747784553691E+01    0.706894786439276279E+00   -0.257397017174775272E+03
    0.336507975266674464E+02    0.474105896857081976E+01    0.756916739396385374E+00   -0.257395611737053912E+03
    0.331422833658812053E+02    0.515780106990631371E+01    0.669980183840930499E+00   -0.257395540615075674E+03
    0.334844925638442703E+02    0.489376467352620637E+01    0.668311152424096111E+00   -0.257393711002772648E+03
    0.333250513699816153E+02    0.502334192585023764E+01    0.631215226982759336E+00   -0.257390474154898698E+03
    0.330856021347439793E+02    0.523273806004724840E+01    0.589836303662944705E+00   -0.257390411351531782E+03
    0.333450039662633273E+02    0.497657929773535734E+01    0.734607177278828072E+00   -0.257389914228930991E+03
    0.333389129598698446E+02    0.495015462473644607E+01    0.726340343631309837E+00   -0.257387927410617635E+03
    0.335775998217524219E+02    0.481900471056826163E+01    0.698697316954810410E+00   -0.257385263704151839E+03
    0.330285990962936040E+02    0.525192846964764826E+01    0.594742945789541122E+00   -0.257384120418783425E+03
    0.333587245734685922E+02    0.499782454925259589E+01    0.637028288164212642E+00   -0.257382310230951248E+03
    0.334744338158950754E+02    0.484833613698024646E+01    0.776233791810959639E+00   -0.257380836434767559E+03
    0.329466209716221172E+02    0.529742826902991215E+01    0.634346575226373832E+00   -0.257380677916967670E+03
    0.330753074989566755E+02    0.522904744215559703E+01    0.628633092970403373E+00   -0.257379550500830078E+03
    0.336191653953292828E+02    0.475560623368430591E+01    0.773797305780488331E+00   -0.257379092623641327E+03
    0.329422656699851046E+02    0.532692697623645817E+01    0.585977396228883229E+00   -0.257378559275516068E+03
    0.330772991140396257E+02    0.517128097820939381E+01    0.662511377314064620E+00   -0.257375187221182159E+03
    0.329917206570699406E+02    0.529289846240582929E+01    0.584023888451873585E+00   -0.257373610315829978E+03
    0.334421184228805117E+02    0.494305393315236508E+01    0.673900913507450405E+00   -0.257371737023204162E+03
    0.331111006158873877E+02    0.521482935042326368E+01    0.596661828835982067E+00   -0.257367641650347423E+03
    0.329743943559247299E+02    0.528270629269213110E+01    0.604322211689518385E+00   -0.257366319100507269E+03
    0.334036316619915254E+02    0.495866332025271905E+01    0.648893042289542255E+00   -0.257364813727026672E+03
    0.330005759254848812E+02    0.524156270933679913E+01    0.640356220439250001E+00   -0.257363044741734541E+03
    0.336011487576371621E+02    0.479908130665291033E+01    0.716703377855298807E+00   -0.257361526931702315E+03
    0.335702819526648923E+02    0.477579163828138054E+01    0.782897803087722943E+00   -0.257354698387296651E+03
    0.331703793977664532E+02    0.510637219792539909E+01    0.652251951789377671E+00   -0.257352803754516117E+03
    0.332585748812395536E+02    0.502125957295842529E+01    0.734970289125424836E+00   -0.257352751571045189E+03
    0.333743996641194514E+02    0.493177237647534028E+01    0.758310429611800063E+00   -0.257344749536488507E+03
    0.329287035682906932E+02    0.531318042996394801E+01    0.622315733912660374E+00   -0.257343763798711564E+03
    0.329481249537708578E+02    0.531758392224175402E+01    0.589441267394338220E+00   -0.257340496589677628E+03
    0.332756684103415310E+02    0.506910275752424333E+01    0.618540891505461765E+00   -0.257339073199072459E+03
    0.331756114877494284E+02    0.513256787449721674E+01    0.674787796251156924E+00   -0.257337201246845609E+03
    0.332464532287871606E+02    0.504036207691684268E+01    0.672666583701204912E+00   -0.257336644579198321E+03
    0.336483925899014835E+02    0.472939478576360361E+01    0.771958552655018448E+00   -0.257334984964151602E+03
    0.333487879186335121E+02    0.495351866072970193E+01    0.700682559886930179E+00   -0.257334785903868351E+03
    0.330383194883195515E+02    0.525681364700460119E+01    0.587029064326422545E+00   -0.257334714551221964E+03
    0.334097775622804107E+02    0.493396202288215147E+01    0.734350563909276444E+00   -0.257331145171886988E+03
    0.336505925333882701E+02    0.474398498033442984E+01    0.746142239604702273E+00   -0.257328626672415226E+03
    0.333680754044395300E+02    0.492477192928855256E+01    0.745741624999248010E+00   -0.257327096322785962E+03
    0.329497792010321362E+02    0.529490009828915564E+01    0.634633667827850800E+00   -0.257325479971156483E+03
    0.329762906898519361E+02    0.526424501279452617E+01    0.645690769405208753E+00   -0.257325209520416763E+03
    0.331905866692405809E+02    0.513072697191414218E+01    0.608629408085569867E+00   -0.257324288547346839E+03
    0.330258588325518048E+02    0.527660954875531729E+01    0.587040044637290981E+00   -0.257316290704310404E+03
    0.335720373311219120E+02    0.477642439678906428E+01    0.782671149079969375E+00   -0.257316016387691150E+03
    0.330965668939183644E+02    0.522535040656121375E+01    0.600325226771848408E+00   -0.257315969482567084E+03
    0.336143001744625280E+02    0.474584434543148781E+01    0.778441118989651626E+00   -0.257314316807532293E+03
    0.329779801817189551E+02    0.526413261844911684E+01    0.647322182003356783E+00   -0.257312392781787764E+03
    0.331967081084481705E+02    0.507014475026489109E+01    0.718696910325745675E+00   -0.257310948694933643E+03
    0.332447071758653365E+02    0.510566133656053278E+01    0.637267169727232408E+00   -0.257310733628170055E+03
    0.330757922265224664E+02    0.522247088835043627E+01    0.593574728740280610E+00   -0.257309749586561793E+03
    0.336142602144071105E+02    0.478348399746521835E+01    0.730985232393622120E+00   -0.257307996764111522E+03
    0.334774292941188065E+02    0.488030332605592765E+01    0.684371965653594705E+00   -0.257305760375548118E+03
    0.329790489645146820E+02    0.528942443547697128E+01    0.593695193105833185E+00   -0.257304889009505700E+03
    0.332540823732825714E+02    0.502982172900307845E+01    0.731895532752676603E+00   -0.257304814369250039E+03
    0.333581733381031711E+02    0.497490297386932667E+01    0.725688207036830346E+00   -0.257304623706123493E+03
    0.336134060140734903E+02    0.478581113869909025E+01    0.720794274105986510E+00   -0.257304232113334876E+03
    0.335657120609842181E+02    0.483279900565525455E+01    0.700994969058865491E+00   -0.257303780923299882E+03
    0.336505591077397668E+02    0.473601217868432744E+01    0.762697270373208891E+00   -0.257303577494835451E+03
    0.329337875616082769E+02    0.531835250069597620E+01    0.620812308852159767E+00   -0.257302305417914113E+03
    0.336134424649357939E+02    0.476928978488160116E+01    0.760680929348603874E+00   -0.257302272419625751E+03
    0.334836959174267577E+02    0.483715723247880813E+01    0.756922004851013797E+00   -0.257301734131387946E+03
    0.330104812872031204E+02    0.524692637041592924E+01    0.616302771771044089E+00   -0.257300579484247237E+03
    0.336149429873684085E+02    0.474695360947258482E+01    0.779774996024083400E+00   -0.257300219838147939E+03
    0.331283641526631172E+02    0.512585396353294875E+01    0.697416572542087110E+00   -0.257298611295099988E+03
    0.334302285891233737E+02    0.494418781158590548E+01    0.693345245844327440E+00   -0.257297745231621832E+03
    0.335988039922597750E+02    0.477169129886948262E+01    0.772267341897186932E+00   -0.257295025881667073E+03
    0.334705215869158366E+02    0.489924985677702729E+01    0.669537761856842883E+00   -0.257294152586472308E+03
    0.329824690033569254E+02    0.527306405041898518E+01    0.609633960125393504E+00   -0.257293459223084540E+03
    0.330327897383066116E+02    0.523929450086344239E+01    0.650861431474789365E+00   -0.257291104043371547E+03
    0.330910784475679733E+02    0.518770201084359073E+01    0.670839610841341027E+00   -0.257290475187323977E+03
    0.334649554470921231E+02    0.485870332438719021E+01    0.773243983610778507E+00   -0.257287366058227747E+03
    0.329287558659673607E+02    0.533470587248637429E+01    0.603083211062499513E+00   -0.257287282790131826E+03
    0.335484177352245325E+02    0.482003713479535989E+01    0.707557785486003787E+00   -0.257286959371126841E+03
    0.329919781856007077E+02    0.528205361888648284E+01    0.627561709695239278E+00   -0.257283564699728743E+03
    0.329794172149734877E+02    0.530851622640756737E+01    0.586938036932144303E+00   -0.257281710380697632E+03
    0.329634070993668047E+02    0.529915061467506110E+01    0.596050748562655497E+00   -0.257281005018978590E+03
    0.330204188285224731E+02    0.527538791049915901E+01    0.609046316845421321E+00   -0.257278464365250443E+03
    0.329809458168957121E+02    0.528518123391944883E+01    0.596724947637861769E+00   -0.257278410093463492E+03
    0.331513109521707534E+02    0.515277546454278124E+01    0.668177051203502903E+00   -0.257277384968498609E+03
    0.331460030507742758E+02    0.513276692428134851E+01    0.694719988687028223E+00   -0.257275898309218007E+03
    0.330973437528180838E+02    0.521657643735224053E+01    0.590822446203907781E+00   -0.257275865192160268E+03
    0.332368037517093384E+02    0.511528252904845893E+01    0.614555998030999584E+00   -0.257275442050515096E+03
    0.331979571183279063E+02    0.507600069186170089E+01    0.717724171422270407E+00   -0.257275315762637376E+03
    0.332891090541595815E+02    0.505752966706248497E+01    0.671318619132203254E+00   -0.257275085494002269E+03
    0.335735970092388811E+02    0.479779044487699302E+01    0.718000547099369113E+00   -0.257271744000402407E+03
    0.335449346484780904E+02    0.484049488305559628E+01    0.728352778047218541E+00   -0.257270326348981541E+03
    0.331730899279989799E+02    0.509162771896582900E+01    0.711971221064449544E+00   -0.257265912040204398E+03
    0.333070135735540305E+02    0.497551527378783831E+01    0.741699404934484496E+00   -0.257265778003139360E+03
    0.334360494253428087E+02    0.491599369898132377E+01    0.733918020294859086E+00   -0.257265762875497046E+03
    0.335364763827361827E+02    0.482077254344822759E+01    0.767319119986928366E+00   -0.257265111062247627E+03
    0.334409308155271106E+02    0.488371858079894849E+01    0.766211144822206425E+00   -0.257263699933413818E+03
    0.333887380300431929E+02    0.491115307648911514E+01    0.736653323658702286E+00   -0.257262785624917171E+03
    0.331314337512209605E+02    0.519840778593896324E+01    0.604538932392538197E+00   -0.257261808128345194E+03
    0.333103233246749184E+02    0.505127805753236103E+01    0.623797514374810791E+00   -0.257261256586799220E+03
    0.332922347582357645E+02    0.502595277197795820E+01    0.715180199235270875E+00   -0.257259872416771373E+03
    0.336015553028725691E+02    0.475795146431412963E+01    0.780514268009620871E+00   -0.257259340769521998E+03
    0.331593482060172278E+02    0.509933159087715726E+01    0.705652871251140734E+00   -0.257256954357432448E+03
    0.331373766187142635E+02    0.519297693737768640E+01    0.598486050776427914E+00   -0.257255713036488260E+03
    0.334933083926015627E+02    0.486557765109247242E+01    0.748706022945582417E+00   -0.257254397359360553E+03
    0.331830125384534682E+02    0.511482787238052339E+01    0.690826375013362082E+00   -0.257251754711819444E+03
    0.333136539313155922E+02    0.499069154835336892E+01    0.738462759107768596E+00   -0.257250772952397483E+03
    0.336249003034953660E+02    0.475348401765599515E+01    0.741483202297983035E+00   -0.257250329286708563E+03
    0.331227460351131384E+02    0.513344745682447012E+01    0.670160453300743142E+00   -0.257250286728593721E+03
    0.331065206599683819E+02    0.518053366188386288E+01    0.668322394029168376E+00   -0.257249095417674482E+03
    0.332027906153076984E+02    0.513857598291930984E+01    0.604830548396537271E+00   -0.257249021508918077E+03
    0.329883862223927196E+02    0.525939300404889654E+01    0.624597973724359656E+00   -0.257246450940654427E+03
    0.331526650306581061E+02    0.518077601293781953E+01    0.600031074914741058E+00   -0.257246140407648284E+03
    0.334096215283153555E+02    0.496441115695909652E+01    0.646329872827424823E+00   -0.257245524590072989E+03
    0.330868060490873290E+02    0.519355397197747148E+01    0.666796355451838907E+00   -0.257244272167946690E+03
    0.335561113003182427E+02    0.484044865907869237E+01    0.705052810591029311E+00   -0.257242057690089553E+03
    0.334775318338539876E+02    0.484872055631578647E+01    0.735841367688974235E+00   -0.257241253700483185E+03
    0.334116549483420187E+02    0.497025028772532718E+01    0.655534400838147846E+00   -0.257240533618897643E+03
    0.334170380962672837E+02    0.496438607825024825E+01    0.665897429046020561E+00   -0.257240390621811912E+03
    0.330465480312537494E+02    0.519955311203417292E+01    0.655085080631563565E+00   -0.257239027011128485E+03
    0.335369071344621403E+02    0.485778451114785881E+01    0.686717912619281723E+00   -0.257238340645590881E+03
    0.330762104119667697E+02    0.523973443173847997E+01    0.593775878753598163E+00   -0.257235653467389682E+03
    0.336149957958082979E+02    0.474678975917271462E+01    0.776647836171292516E+00   -0.257234640205812639E+03
    0.333063601139350496E+02    0.497788275619079812E+01    0.743281802966111016E+00   -0.257234528508673066E+03
    0.330634472666637222E+02    0.518946185795605075E+01    0.646491573616944315E+00   -0.257234191097692701E+03
    0.334660106248782014E+02    0.488477425883286376E+01    0.748139399969353636E+00   -0.257233057472109806E+03
    0.333867508554805994E+02    0.493408525178305890E+01    0.689878915684412730E+00   -0.257230980345468765E+03
    0.335372416322313569E+02    0.485343521980166592E+01    0.712695717498393555E+00   -0.257230130144659711E+03
    0.331906796975698768E+02    0.513141821251156482E+01    0.660947861920025637E+00   -0.257229008668515917E+03
    0.330401427104238010E+02    0.520382868075374816E+01    0.663639273312767841E+00   -0.257227559665286208E+03
    0.329409137353649797E+02    0.531879403682439555E+01    0.615817774798106732E+00   -0.257226966348999554E+03
    0.331855987604161839E+02    0.515383870483654327E+01    0.603627817233615693E+00   -0.257224871692506156E+03
    0.330731996220219457E+02    0.517743523460211552E+01    0.656970858892543030E+00   -0.257224727873981465E+03
    0.332507685437514624E+02    0.502730305728781079E+01    0.731607033896555015E+00   -0.257224064763956335E+03
    0.336300440395162070E+02    0.475459946529932242E+01    0.737328997994104451E+00   -0.257221043082437291E+03
    0.329271496007903153E+02    0.532373291819609129E+01    0.603828506610295079E+00   -0.257219000194312855E+03
    0.335177814892075716E+02    0.481214541620142189E+01    0.774247319868498263E+00   -0.257218254856298813E+03
    0.332243911570384753E+02    0.505587134761269041E+01    0.674100234151224109E+00   -0.257217998156374279E+03
    0.330855997495205187E+02    0.520680029820739954E+01    0.651090880018670437E+00   -0.257217854423736696E+03
    0.331778053262763706E+02    0.508988353901841961E+01    0.712599386811313185E+00   -0.257217760603759189E+03
    0.333376863511382879E+02    0.502406984708977955E+01    0.629849389812675353E+00   -0.257213900611754525E+03
    0.335249962640477079E+02    0.482552312398318062E+01    0.720507712780268372E+00   -0.257213469718537340E+03
    0.333360266181582645E+02    0.498203342981319519E+01    0.733606764589613825E+00   -0.257210489609013166E+03
    0.334577361163481442E+02    0.486790641206081265E+01    0.769822830541966985E+00   -0.257209870131673540E+03
    0.334713311119886185E+02    0.487997478722201006E+01    0.689864587641266347E+00   -0.257209173187538056E+03
    0.334762118423440498E+02    0.489028225410816297E+01    0.675407000487019293E+00   -0.257208589879615317E+03
    0.332291794329327033E+02    0.509484575259599737E+01    0.619321258874498071E+00   -0.257207954837600198E+03
    0.333369921663583426E+02    0.496176775213491883E+01    0.701915518659927296E+00   -0.257203851394018670E+03
    0.333684520825960362E+02    0.500199776757802006E+01    0.636898511489670804E+00   -0.257203270720248383E+03
    0.329705944927268746E+02    0.531321534075459212E+01    0.589228501180144582E+00   -0.257202698468455594E+03
    0.336033642027207549E+02    0.479452301894272104E+01    0.717732072860914894E+00   -0.257201593590536561E+03
    0.332059587810488139E+02    0.512724558377738937E+01    0.649758061977471102E+00   -0.257200669078055284E+03
    0.335629434711689854E+02    0.479283892474891182E+01    0.776106410849519257E+00   -0.257200345104097778E+03
    0.333733753474635151E+02    0.492344685221194212E+01    0.755429192087641366E+00   -0.257196186997064160E+03
    0.332382336741870290E+02    0.511342288874294049E+01    0.624814557194310671E+00   -0.257192624903663898E+03
    0.334761497079898049E+02    0.484428054141807429E+01    0.771874251302789860E+00   -0.257191667779906368E+03
    0.330413576614340911E+02    0.525588104218763252E+01    0.588082143222232956E+00   -0.257191569872570994E+03
    0.332162975618356597E+02    0.505416404431182187E+01    0.722230430478184138E+00   -0.257191324821912019E+03
    0.332772353811258625E+02    0.507895052746625453E+01    0.642616630112037290E+00   -0.257189490877707215E+03
    0.333787798200614603E+02    0.495384052721870205E+01    0.734390814368433009E+00   -0.257189434971703406E+03
    0.335747546059740074E+02    0.477425892094206539E+01    0.779538560591538920E+00   -0.257186914718370474E+03
    0.333993462263801817E+02    0.490127740737368267E+01    0.753257343993366191E+00   -0.257184908895841943E+03
    0.329420965383579727E+02    0.532539142515426089E+01    0.590637517304475224E+00   -0.257183744216091895E+03
    0.330753921443007144E+02    0.522250658251481248E+01    0.637492305137800974E+00   -0.257182663871661077E+03
    0.334053991764105689E+02    0.494386850702717418E+01    0.723621052825239364E+00   -0.257181388550472036E+03
    0.330120917613003257E+02    0.527642809671215662E+01    0.616089595894637188E+00   -0.257180499264111916E+03
    0.331054053820426191E+02    0.514877855564291576E+01    0.666462721956807336E+00   -0.257179490942396512E+03
    0.331876076490043204E+02    0.515368585504731858E+01    0.607746288840070426E+00   -0.257176634038652992E+03
    0.334568864380734681E+02    0.490166110821026546E+01    0.732992055235300644E+00   -0.257175627971924314E+03
    0.330181235207510611E+02    0.524897767371854940E+01    0.648141793324544913E+00   -0.257175517665501559E+03
    0.334920813696291191E+02    0.484201431597949039E+01    0.773434190300788416E+00   -0.257175331448351358E+03
    0.331149723823292490E+02    0.513724962669293816E+01    0.681658346007297578E+00   -0.257172278050555121E+03
    0.329441088855064947E+02    0.532494614534127031E+01    0.602978117453346174E+00   -0.257170591422019470E+03
    0.333490610193560784E+02    0.501004744742722252E+01    0.634166733235603353E+00   -0.257169856703434846E+03
    0.330197485855806008E+02    0.527961208400181814E+01    0.589641038659395322E+00   -0.257169102249900789E+03
    0.331113323301046378E+02    0.519308533918323434E+01    0.646615333463928854E+00   -0.257168292495414107E+03
    0.336139780654206959E+02    0.478001285501238371E+01    0.721121702248750052E+00   -0.257167257724456135E+03
    0.330506101456029739E+02    0.525062785344939531E+01    0.617030129937832350E+00   -0.257165008756147984E+03
    0.335250260999647622E+02    0.485918087645108443E+01    0.720239366561850614E+00   -0.257164427837275809E+03
    0.334317897038621368E+02    0.489159530341739845E+01    0.711696964123234910E+00   -0.257163787581231077E+03
    0.334742883835819853E+02    0.486224824620941209E+01    0.713794606595366643E+00   -0.257162661271482136E+03
    0.331016560497325969E+02    0.521761133191528614E+01    0.593317501834011884E+00   -0.257158764212344863E+03
    0.330912828509812726E+02    0.516572363594009332E+01    0.686124964945286298E+00   -0.257156555576280539E+03
    0.334294423325898009E+02    0.487820552104847405E+01    0.756176477930355029E+00   -0.257155687472265868E+03
    0.330084011500874368E+02    0.528626972135989615E+01    0.587672868572759355E+00   -0.257155516450299956E+03
    0.334569566087639743E+02    0.487519160503438531E+01    0.764458184306476385E+00   -0.257153746690168134E+03
    0.331656634043260823E+02    0.513830542359839981E+01    0.616597383167860724E+00   -0.257152778121484403E+03
    0.330702841699930019E+02    0.520202534907665992E+01    0.666989318794316444E+00   -0.257151935940291594E+03
    0.332852100961996911E+02    0.506110619273035223E+01    0.668820585655458322E+00   -0.257151597189846655E+03
    0.335835053752309776E+02    0.479128897127760833E+01    0.760363687162247781E+00   -0.257149337337287022E+03
    0.330739800855697581E+02    0.517395014242056561E+01    0.669853512114507943E+00   -0.257148912954652076E+03
    0.334412589905308550E+02    0.490769649240913708E+01    0.678619213919274378E+00   -0.257148754857813742E+03
    0.335661014452115651E+02    0.479941519599801136E+01    0.766482457905931502E+00   -0.257146708418335322E+03
    0.334700952780144334E+02    0.491846908332703059E+01    0.670762188534298587E+00   -0.257146679688462655E+03
    0.329804080722555284E+02    0.529675834810713564E+01    0.614633233828982717E+00   -0.257145012402150030E+03
    0.335778357871824227E+02    0.478494839254732351E+01    0.734768746860777533E+00   -0.257144040525405956E+03
    0.329763529752869573E+02    0.530875754332514482E+01    0.591485402950301831E+00   -0.257143882127438530E+03
    0.336205839879647925E+02    0.475579741529316902E+01    0.743119497914847771E+00   -0.257143824526126252E+03
    0.330732697646848663E+02    0.523615592182137668E+01    0.614961116578610523E+00   -0.257143372791283298E+03
    0.331511622655332729E+02    0.514466178642622829E+01    0.620060033535727695E+00   -0.257143090821324449E+03
    0.334693344067947294E+02    0.487666299827357275E+01    0.696420922813213883E+00   -0.257142879405703582E+03
    0.329546383731682937E+02    0.531171584351082693E+01    0.592805211894904427E+00   -0.257141022269199084E+03
    0.332160437798556316E+02    0.512904782021444650E+01    0.628266088217046548E+00   -0.257141008061050229E+03
    0.335505123421474991E+02    0.480254364422799096E+01    0.774522814380471880E+00   -0.257140709712907267E+03
    0.334579745433861291E+02    0.485711035820430226E+01    0.765844817201415173E+00   -0.257138624791812276E+03
    0.329776299722246620E+02    0.528068008252359444E+01    0.636489026732487972E+00   -0.257137790881260742E+03
    0.331042359255704710E+02    0.516325724272182995E+01    0.685560920159333120E+00   -0.257137019870077154E+03
    0.331768691172463548E+02    0.516077386769621427E+01    0.604208268674095161E+00   -0.257137017043868923E+03
    0.332458070354494950E+02    0.503004616545256589E+01    0.728981625037619985E+00   -0.257134950885418391E+03
    0.332921573913121236E+02    0.505099986807904422E+01    0.678017546722719300E+00   -0.257134595132286961E+03
    0.336133900719287979E+02    0.475082721912655792E+01    0.761975604511108573E+00   -0.257134029035668846E+03
    0.333827697634856264E+02    0.497348745937242143E+01    0.647313663018234120E+00   -0.257133295721886157E+03
    0.329441885959167138E+02    0.530708270557703177E+01    0.607589360520550792E+00   -0.257132927264746058E+03
    0.334847281985131673E+02    0.487790546219096477E+01    0.683620546788274774E+00   -0.257132739392106942E+03
    0.334975696607651727E+02    0.489374758279673561E+01    0.683028269215318451E+00   -0.257132506251140057E+03
    0.333366119965026115E+02    0.502479073954842814E+01    0.667117537759631229E+00   -0.257131290657516388E+03
    0.329641532431111983E+02    0.529487503403723636E+01    0.601947520070902131E+00   -0.257130249419602762E+03
    0.333435077196198577E+02    0.502276705833911485E+01    0.659552908626999335E+00   -0.257129645959906497E+03
    0.332987622901761853E+02    0.506416736710070481E+01    0.630317402158647733E+00   -0.257126820878905448E+03
    0.333027159038181821E+02    0.498166188850500014E+01    0.715538278665952210E+00   -0.257126162992879813E+03
    0.332011113410877243E+02    0.510950007972051168E+01    0.682313516545917542E+00   -0.257125678643690208E+03
    0.330008357217471442E+02    0.524644342185798962E+01    0.653562734227453479E+00   -0.257124231428266341E+03
    0.334008540271783971E+02    0.493903091197259059E+01    0.670944657521923449E+00   -0.257123885438786033E+03
    0.333699262626929638E+02    0.499529123134123676E+01    0.677904257648522468E+00   -0.257123638433664667E+03
    0.335308845791821994E+02    0.485893867970963367E+01    0.684491027006716379E+00   -0.257123325437803089E+03
    0.329521002884851413E+02    0.532268833423890086E+01    0.592242831674564707E+00   -0.257122749636622416E+03
    0.332139404528573721E+02    0.507221373450127544E+01    0.659156479074156199E+00   -0.257122570027280574E+03
    0.329317246017148193E+02    0.533164596041141614E+01    0.598670294153720306E+00   -0.257122142112656832E+03
    0.335923792164991255E+02    0.477662907416454630E+01    0.769898999220083202E+00   -0.257117924634678673E+03
    0.334799844452089559E+02    0.485604978222926142E+01    0.718579179339060348E+00   -0.257117570628794795E+03
    0.332623218550704749E+02    0.501197083859395409E+01    0.724367645621838641E+00   -0.257117235962619930E+03
    0.330482230499410363E+02    0.524763857346098295E+01    0.590623265573162914E+00   -0.257115437781844491E+03
    0.336238769533590371E+02    0.475773158218716663E+01    0.762032491018978519E+00   -0.257113525286423510E+03
    0.332457750372583831E+02    0.508426451402796431E+01    0.620532013986727193E+00   -0.257112783348952860E+03
    0.330886098160682494E+02    0.519706825797058336E+01    0.660440138258048703E+00   -0.257112113387003831E+03
    0.335131792154357910E+02    0.485264035656054382E+01    0.693972338755776574E+00   -0.257108404308750494E+03
    0.332919807987901493E+02    0.498919375035775747E+01    0.718089616921766871E+00   -0.257108156671363645E+03
    0.335287447502573457E+02    0.483404337053088184E+01    0.705650600688910612E+00   -0.257106497807972914E+03
    0.329480541429864573E+02    0.532226858446504547E+01    0.602074870086047320E+00   -0.257104530860161958E+03
    0.336032349858841144E+02    0.478315551189165067E+01    0.720276577340049573E+00   -0.257103486022214042E+03
    0.330714335994661042E+02    0.518602268194757432E+01    0.678132349423873015E+00   -0.257103120803081197E+03
    0.332235158259561203E+02    0.512363698229472053E+01    0.626808626079416009E+00   -0.257101666167001213E+03
    0.332734090247083358E+02    0.501444838609692223E+01    0.687396820904790040E+00   -0.257101629191279187E+03
    0.329852123754278281E+02    0.526111887748698770E+01    0.646453076250941616E+00   -0.257101036194834421E+03
    0.333454005354935106E+02    0.501514494099714625E+01    0.673712715677128871E+00   -0.257100661201068476E+03
    0.334417995104781625E+02    0.490096094242547498E+01    0.747379877296808326E+00   -0.257099122362013816E+03
    0.335461262919206575E+02    0.484783920722964190E+01    0.692296816778998902E+00   -0.257098745376846580E+03
    0.329830271537037163E+02    0.526351822925883095E+01    0.645401799923385533E+00   -0.257096940044423661E+03
    0.333656855145338085E+02    0.500666195911605083E+01    0.656108286312797828E+00   -0.257096883752929500E+03
    0.332783508953770450E+02    0.502054559208084505E+01    0.670167700201982686E+00   -0.257096041253196915E+03
    0.333514275541558902E+02    0.499765826833175897E+01    0.697751517909158903E+00   -0.257095345428685562E+03
    0.331949129659269246E+02    0.509063314599514882E+01    0.707403676608346799E+00   -0.257095199770785086E+03
    0.331890449672328103E+02    0.515212427044380306E+01    0.610143918488508574E+00   -0.257094573320130451E+03
    0.335457951626357840E+02    0.482780439420269047E+01    0.747419940099489200E+00   -0.257094255852432298E+03
    0.333584492200109750E+02    0.496942863762756026E+01    0.730904819736752920E+00   -0.257094034935382126E+03
    0.329622889148385809E+02    0.528930176778594419E+01    0.633367943609532857E+00   -0.257092333219787690E+03
    0.335259947267076654E+02    0.486657867535611377E+01    0.697791169118963106E+00   -0.257092081003750820E+03
    0.335095724835430175E+02    0.484759660636236944E+01    0.756074282813826271E+00   -0.257089100578717364E+03
    0.331385815132207071E+02    0.515435254829399891E+01    0.619123412995876699E+00   -0.257085930363615716E+03
    0.334931850652964300E+02    0.487320634785317619E+01    0.736315062295429090E+00   -0.257083837106529586E+03
    0.335640916818958175E+02    0.482868325690998734E+01    0.718101255167548858E+00   -0.257083265945010453E+03
    0.330477252987015575E+02    0.521929392394657210E+01    0.661220898073235031E+00   -0.257081777543872875E+03
    0.333388242464201028E+02    0.500710874121262961E+01    0.639835897122646990E+00   -0.257080798703775088E+03
    0.333423584962531123E+02    0.495851997406510669E+01    0.748971807042711823E+00   -0.257078018940123172E+03
    0.332297070965226808E+02    0.509801333721348371E+01    0.617437556187081737E+00   -0.257077628150198791E+03
    0.330653902482856950E+02    0.521422775335157951E+01    0.608949724557249161E+00   -0.257075561761552080E+03
    0.331725500146244840E+02    0.511278562677441517E+01    0.642037784824957880E+00   -0.257074549636465179E+03
    0.331985995374994545E+02    0.514279756686900935E+01    0.624272257366305761E+00   -0.257071886029008624E+03
    0.330840462395497568E+02    0.522140491408215190E+01    0.593315291482675145E+00   -0.257070689804203653E+03
    0.330840462395497568E+02    0.522140491408215190E+01    0.593315291482675145E+00   -0.257070689804203653E+03
    0.332556675635657584E+02    0.507021412364279644E+01    0.627562345429348190E+00   -0.257070655152265829E+03
    0.334714048665462585E+02    0.491493081577461055E+01    0.667131189704874950E+00   -0.257069383966662429E+03
    0.332902868528447868E+02    0.507016745654544643E+01    0.635610577881603911E+00   -0.257068385599577425E+03
    0.332221878727216193E+02    0.506211722407664055E+01    0.666741242542863932E+00   -0.257068325698955789E+03
    0.332655322212105347E+02    0.506224267414621032E+01    0.629351171757020156E+00   -0.257067215544924352E+03
    0.332490096050131001E+02    0.504611133884745122E+01    0.662047746548334204E+00   -0.257067098423444861E+03
    0.333961899775903390E+02    0.495922154883147837E+01    0.709002018159403447E+00   -0.257066548170540273E+03
    0.330711538345011604E+02    0.522818983573062912E+01    0.631778256891513790E+00   -0.257066166092471406E+03
    0.332602656613701200E+02    0.504154039630256978E+01    0.657332357270552170E+00   -0.257065810993775699E+03
    0.335658888311353891E+02    0.481303927462626469E+01    0.746682382732209105E+00   -0.257065438243743074E+03
    0.334321435425705147E+02    0.489059559985891745E+01    0.714036519981015361E+00   -0.257063705722900409E+03
    0.329602840307740408E+02    0.531228519990992254E+01    0.607113367350837985E+00   -0.257063400045275330E+03
    0.333206391001630635E+02    0.497680095250918964E+01    0.743996589370197414E+00   -0.257063034606850806E+03
    0.335364578568685943E+02    0.480785416579769276E+01    0.741604927042027295E+00   -0.257062649422057746E+03
    0.334190756919899812E+02    0.492965455943253605E+01    0.669366571414419242E+00   -0.257060467950405041E+03
    0.335207879530703323E+02    0.483322555471552118E+01    0.763641030626105000E+00   -0.257059818227980713E+03
    0.333612644838103591E+02    0.496886581426737273E+01    0.729113532001382403E+00   -0.257058357353826239E+03
    0.331862710820564573E+02    0.508430091523763217E+01    0.674601315159418569E+00   -0.257056527843277706E+03
    0.333512506174534593E+02    0.501423587582588848E+01    0.665578836002983953E+00   -0.257056021252680296E+03
    0.333255872707187706E+02    0.502864622978040288E+01    0.630386471991012387E+00   -0.257055509639835634E+03
    0.332309867401120016E+02    0.509602999284331837E+01    0.618510402366514334E+00   -0.257055201417052331E+03
    0.334986194830388726E+02    0.487785415044224813E+01    0.678064149067811872E+00   -0.257054943358782737E+03
    0.333997807644186082E+02    0.493692720225044468E+01    0.737241825814811569E+00   -0.257054806141143899E+03
    0.332325346430758941E+02    0.510016404958298608E+01    0.615114243997889387E+00   -0.257053408808467850E+03
    0.331771627966596299E+02    0.510113514756476594E+01    0.655158696900752235E+00   -0.257053177546047664E+03
    0.329774121984752711E+02    0.527634672479221223E+01    0.613643366009708702E+00   -0.257050028387034558E+03
    0.329696083678546046E+02    0.531000231199520911E+01    0.590366913317215802E+00   -0.257049481147814504E+03
    0.332107289675533934E+02    0.506363403354927755E+01    0.719184320879690642E+00   -0.257048513575578227E+03
    0.332042611074724476E+02    0.506209207281075813E+01    0.714081923495140547E+00   -0.257048508075596203E+03
    0.335038977795352650E+02    0.486341629404309828E+01    0.739210491711708162E+00   -0.257047154255965040E+03
    0.331023566997398149E+02    0.521693037672428339E+01    0.595488923118494107E+00   -0.257046704761489252E+03
    0.330805219644602033E+02    0.517008008006120967E+01    0.665341261186515709E+00   -0.257046476056366998E+03
    0.331370793405302635E+02    0.517962112901819971E+01    0.639425690857033269E+00   -0.257045895838583419E+03
    0.330141476409076802E+02    0.528077061249168977E+01    0.589445978825224537E+00   -0.257044456347589062E+03
    0.335573211026074461E+02    0.481341789218017801E+01    0.755575208433636680E+00   -0.257043864802803455E+03
    0.335573211026074461E+02    0.481341789218017801E+01    0.755575208433636680E+00   -0.257043864802803455E+03
    0.334592713344569148E+02    0.492301248540526615E+01    0.662409394070991198E+00   -0.257043364615016912E+03
    0.331343612590048906E+02    0.516074346414860230E+01    0.615637100626583389E+00   -0.257039343478280784E+03
    0.332750841978731913E+02    0.500423471397609276E+01    0.711198490145454332E+00   -0.257039271911002857E+03
    0.333222580267842403E+02    0.498861978585312915E+01    0.734236129388543324E+00   -0.257037837804546427E+03
    0.335763990472821519E+02    0.481906007253021329E+01    0.708088805482283923E+00   -0.257036074784236973E+03
    0.332313706460105465E+02    0.511654094989062358E+01    0.613471579195787209E+00   -0.257036034678546400E+03
    0.329722335332539629E+02    0.530446770417611901E+01    0.608078279232568630E+00   -0.257035916082437893E+03
    0.335596438428183248E+02    0.478745220355263257E+01    0.777025381712905805E+00   -0.257033696341615098E+03
    0.329463044489449004E+02    0.530531941170223753E+01    0.622899675089953808E+00   -0.257032668457033424E+03
    0.331883390803505733E+02    0.511843111747123292E+01    0.622424724240654426E+00   -0.257031866479893324E+03
    0.336333346116025282E+02    0.475567351822810647E+01    0.741810121244908305E+00   -0.257029706154161545E+03
    0.335470881505054308E+02    0.484034001113310275E+01    0.722127353233369296E+00   -0.257025085851435961E+03
    0.329520086043130007E+02    0.531751243387762251E+01    0.604953698929742156E+00   -0.257024647805612744E+03
    0.333311306982344675E+02    0.495987695698402309E+01    0.719385815406504814E+00   -0.257024600436339085E+03
    0.336265399765168098E+02    0.476449739203706457E+01    0.742853195368905928E+00   -0.257023728205895509E+03
    0.329418007517070066E+02    0.531026849103322096E+01    0.619242791171038309E+00   -0.257023435798179264E+03
    0.334033077048135922E+02    0.493209490278163898E+01    0.678431047539468812E+00   -0.257023058142111722E+03
    0.335930555705271416E+02    0.476758181357576660E+01    0.752600044598358719E+00   -0.257022059358901970E+03
    0.330661611586370796E+02    0.523102612554352309E+01    0.594418002077122143E+00   -0.257020925997300651E+03
    0.330386575445977684E+02    0.520765485986892873E+01    0.661408908491978198E+00   -0.257020496002247171E+03
    0.332576402389547141E+02    0.509560831999681607E+01    0.633284587579008296E+00   -0.257019672816077957E+03
    0.331624614926223202E+02    0.510728471427430897E+01    0.663797560914437090E+00   -0.257019640209017780E+03
    0.330183991938264896E+02    0.522767495000468152E+01    0.646034124679859989E+00   -0.257018502702464559E+03
    0.331407338858632841E+02    0.515716314392334230E+01    0.615075133548801056E+00   -0.257018366065133989E+03
    0.330237565127009987E+02    0.522326101904509521E+01    0.645559764546896231E+00   -0.257015900074325373E+03
    0.332677500059262599E+02    0.508518993163372013E+01    0.618517489703637624E+00   -0.257014939440017940E+03
    0.335852279288386342E+02    0.480567898492072310E+01    0.709384447193955436E+00   -0.257014093257317541E+03
    0.332444444146727420E+02    0.507873845220092957E+01    0.684789276027432336E+00   -0.257012538452507613E+03
    0.336072285954251129E+02    0.476864451799466238E+01    0.736238808014824109E+00   -0.257011546090339891E+03
    0.334203594425707848E+02    0.488644551762888035E+01    0.755322871847182054E+00   -0.257011319789962158E+03
    0.334832348844856895E+02    0.486138427893547664E+01    0.760264644290736591E+00   -0.257010944118221971E+03
    0.334832348844856895E+02    0.486138427893547664E+01    0.760264644290736591E+00   -0.257010944118221971E+03
    0.330821932001558991E+02    0.522211615723381239E+01    0.629176711709911962E+00   -0.257010533781774200E+03
    0.331095159256167904E+02    0.515717764749523333E+01    0.644013964268493888E+00   -0.257010514300892680E+03
    0.333830045720691899E+02    0.498742621126341135E+01    0.672326894499630123E+00   -0.257010112335468250E+03
    0.335072969494088397E+02    0.488025898393166990E+01    0.678032635786914861E+00   -0.257009636378273569E+03
    0.334910450810099789E+02    0.485221576630239593E+01    0.764281522417954329E+00   -0.257008831049411526E+03
    0.335464968821492135E+02    0.484438943326145299E+01    0.692440085044553122E+00   -0.257006670229191116E+03
    0.330223451343423378E+02    0.524242112355752443E+01    0.650830154459176469E+00   -0.257006307447860593E+03
    0.334863202681863044E+02    0.490000280650289000E+01    0.671620988542308228E+00   -0.257005386929017050E+03
    0.333080661842529366E+02    0.505411556374476856E+01    0.643914995916824884E+00   -0.257005311896635305E+03
    0.332063805179460161E+02    0.508461323799600518E+01    0.649086829770010976E+00   -0.257004693361436182E+03
    0.331427746618430206E+02    0.514914062243291148E+01    0.622326738045122951E+00   -0.257002497055307856E+03
    0.331744380043255873E+02    0.514395322564100699E+01    0.608230539275144921E+00   -0.257001677065106151E+03
    0.332883686642133370E+02    0.502159288339771237E+01    0.659109071195275953E+00   -0.257001579381208842E+03
    0.334352687153244261E+02    0.488509162882909198E+01    0.721575726843555643E+00   -0.256999230173900742E+03
    0.332791218119806231E+02    0.500165918484230776E+01    0.710260275594162382E+00   -0.256999060981860964E+03
    0.335283174558337365E+02    0.482261373816138317E+01    0.768632412724719050E+00   -0.256998549308443501E+03
    0.332971457264450379E+02    0.502885722346118058E+01    0.643352041375867989E+00   -0.256997791148593535E+03
    0.332971457264450379E+02    0.502885722346118058E+01    0.643352041375867989E+00   -0.256997791148593535E+03
    0.330317112961780097E+02    0.525487368864319127E+01    0.628839481974865833E+00   -0.256996298308976634E+03
    0.330158662830590970E+02    0.523071875613548087E+01    0.656012648239564178E+00   -0.256995979723894095E+03
    0.329529176804626900E+02    0.531919784216824176E+01    0.597252696490034318E+00   -0.256995834416150046E+03
    0.329966753985610595E+02    0.527240163382630556E+01    0.600667466797391025E+00   -0.256995731818855347E+03
    0.333177822457778916E+02    0.496790835546064535E+01    0.737766995681764293E+00   -0.256992491799542620E+03
    0.333015428468820858E+02    0.501219470256614841E+01    0.722574542701400535E+00   -0.256992258924226519E+03
    0.333015428468820858E+02    0.501219470256614841E+01    0.722574542701400535E+00   -0.256992258924226519E+03
    0.330222624219241183E+02    0.527051970832947436E+01    0.612288667687821087E+00   -0.256991265055163865E+03
    0.332146280469571025E+02    0.511537710252412925E+01    0.612174230913792305E+00   -0.256990836733673461E+03
    0.333351016044409789E+02    0.495369727995952136E+01    0.736004736623715461E+00   -0.256990780422329408E+03
    0.331332133088009044E+02    0.519235780280408044E+01    0.598991084288950759E+00   -0.256990204050641864E+03
    0.332059213271693281E+02    0.506032010590928838E+01    0.704480372536240518E+00   -0.256989403175185373E+03
    0.329893244013967646E+02    0.526191604837390692E+01    0.645154322039699801E+00   -0.256989190487197163E+03
    0.329575236745431539E+02    0.529796219814721248E+01    0.607110913800900098E+00   -0.256987874915477676E+03
    0.333817775354634207E+02    0.496450239013994743E+01    0.656564399280152311E+00   -0.256987475042684252E+03
    0.332616051209188299E+02    0.502821984198331773E+01    0.678000019950870669E+00   -0.256984857970515350E+03
    0.333226612903576296E+02    0.502027830256846830E+01    0.692712976772182576E+00   -0.256983899648135093E+03
    0.334015876994490668E+02    0.491871999838434704E+01    0.700844165463411217E+00   -0.256983282653172694E+03
    0.332498900226537017E+02    0.502365605480141930E+01    0.713793004186751734E+00   -0.256982781721745766E+03
    0.330283322234289045E+02    0.521899929394038598E+01    0.647849966093201779E+00   -0.256982077282091097E+03
    0.335881355234120704E+02    0.480478739656178000E+01    0.711704595811290197E+00   -0.256982049761174494E+03
    0.330662242633013364E+02    0.524461652729697647E+01    0.597377953081244195E+00   -0.256981663554587783E+03
    0.331282753326598538E+02    0.514938231572348304E+01    0.685961576179625387E+00   -0.256981545120463636E+03
    0.335233708988062631E+02    0.483054283733648138E+01    0.763864231960968976E+00   -0.256980661652246852E+03
    0.329497190736237826E+02    0.530085445577824199E+01    0.623978561914279362E+00   -0.256980400653285301E+03
    0.334839078128077432E+02    0.489689308401135115E+01    0.670980797768058301E+00   -0.256978808009999170E+03
    0.329540061360750016E+02    0.531380738253085738E+01    0.608476642010077784E+00   -0.256978721585001097E+03
    0.331026273601671619E+02    0.516402392562634383E+01    0.641335450730539547E+00   -0.256977974673348456E+03
    0.334148561090622565E+02    0.489369553886099151E+01    0.761009122767125623E+00   -0.256977084492950894E+03
    0.335170415900311127E+02    0.481477837162497391E+01    0.768723656478363493E+00   -0.256972613313129159E+03
    0.331899478158643859E+02    0.510053607800602027E+01    0.699870274916218227E+00   -0.256972035455975970E+03
    0.330041416383249171E+02    0.524150364458585827E+01    0.642764802259727208E+00   -0.256971568747110894E+03
    0.330981427439901736E+02    0.519398050887308926E+01    0.655780177961356570E+00   -0.256964418688080741E+03
    0.333059986303654654E+02    0.500376423142744109E+01    0.728364981741655093E+00   -0.256963060586365714E+03
    0.333059986303654654E+02    0.500376423142744109E+01    0.728364981741655093E+00   -0.256963060586365714E+03
    0.330369644396709106E+02    0.525930680718335708E+01    0.590596917147432010E+00   -0.256962810380532119E+03
    0.336227940539869223E+02    0.475295390757740499E+01    0.750248018377518755E+00   -0.256962011501122333E+03
    0.336227940539869223E+02    0.475295390757740499E+01    0.750248018377518755E+00   -0.256962011501122333E+03
    0.334151572103490793E+02    0.489687259410523446E+01    0.761876716400086251E+00   -0.256961321551777132E+03
    0.332852027553207890E+02    0.499455665207530508E+01    0.729524335901218679E+00   -0.256961211943597164E+03
    0.332454976480077775E+02    0.509822595954804569E+01    0.649537380072057302E+00   -0.256960596912165158E+03
    0.330672332217515219E+02    0.520843203358163453E+01    0.660517684409251515E+00   -0.256959740693101708E+03
    0.329794530933396430E+02    0.526615099552718391E+01    0.634400283491578287E+00   -0.256959690750552852E+03
    0.333560427922133158E+02    0.498924791814526714E+01    0.647537986575873026E+00   -0.256959638818623091E+03
    0.331869118125381135E+02    0.510716105372798790E+01    0.694768383051680205E+00   -0.256959438145764011E+03
    0.332574919043372290E+02    0.507580865539608883E+01    0.675348119793316437E+00   -0.256959107868519425E+03
    0.331698107123762327E+02    0.509665177091588006E+01    0.675865562550028054E+00   -0.256957831020584422E+03
    0.332159547279109546E+02    0.510668087143549698E+01    0.617803710104517956E+00   -0.256957577456160607E+03
    0.335603574321959499E+02    0.480191255049020693E+01    0.766246909558081502E+00   -0.256955089627915868E+03
    0.334847127174481400E+02    0.490038335520632273E+01    0.694105212278184558E+00   -0.256952893459969175E+03
    0.335831420618134615E+02    0.481082700097580940E+01    0.711516020210620104E+00   -0.256952445963039395E+03
    0.335430656976494959E+02    0.481370199732688686E+01    0.766829590353605317E+00   -0.256951415338010520E+03
    0.333377749295149926E+02    0.498642114915986223E+01    0.662920062970697055E+00   -0.256950491184924886E+03
    0.334801780571805594E+02    0.489637496979608144E+01    0.711366142507841692E+00   -0.256950194214304020E+03
    0.331393647338720072E+02    0.517223445402340332E+01    0.603639773045843819E+00   -0.256947863105195609E+03
    0.330216038511802168E+02    0.523639295888325584E+01    0.655408534622192618E+00   -0.256947710377913722E+03
    0.332186186683441775E+02    0.506162751720010284E+01    0.673430542464258597E+00   -0.256947362680758658E+03
    0.333067634636426746E+02    0.497747611670282719E+01    0.736046591358913593E+00   -0.256946767064956759E+03
    0.334717034325875744E+02    0.490399747122838114E+01    0.708779617396928074E+00   -0.256945354491604462E+03
    0.331199678679363174E+02    0.516612359007254440E+01    0.673394441413670997E+00   -0.256939689306849630E+03
    0.332478489556209453E+02    0.502830335377937310E+01    0.726231087243851547E+00   -0.256938961333715156E+03
    0.332691422197531637E+02    0.506410011280654349E+01    0.681175261468287330E+00   -0.256935739955296754E+03
    0.335826213339798016E+02    0.481122794366585982E+01    0.712130633232410659E+00   -0.256933304563320632E+03
    0.335908757269753266E+02    0.476563246416430264E+01    0.769894368522740846E+00   -0.256933194197773503E+03
    0.333428404441520527E+02    0.502266193363439672E+01    0.658316939817576663E+00   -0.256929544165738548E+03
    0.333013507407562983E+02    0.500966204840192830E+01    0.664089472695025496E+00   -0.256929541468766843E+03
    0.331708286285634770E+02    0.510691650472402525E+01    0.702674110858451106E+00   -0.256928835972827642E+03
    0.333166177075468894E+02    0.500576559545697819E+01    0.655987817822462072E+00   -0.256927532656117478E+03
    0.330370697194510186E+02    0.521750718136313818E+01    0.635297353285850352E+00   -0.256926985412447266E+03
    0.329849675512085341E+02    0.526335529216071585E+01    0.628382515402655217E+00   -0.256925706427296802E+03
    0.334681506798871879E+02    0.491802308418093670E+01    0.676935959241427132E+00   -0.256924628309493073E+03
    0.332332163509875684E+02    0.504055563378402560E+01    0.698315611544097159E+00   -0.256924323754596230E+03
    0.335316260772860630E+02    0.481124258884992795E+01    0.743057063066832280E+00   -0.256922192331343354E+03
    0.329848227420237095E+02    0.528079886436390922E+01    0.629955145583129927E+00   -0.256920514154289435E+03
    0.329911604851568825E+02    0.529262715010164264E+01    0.606226045204376396E+00   -0.256919074154414261E+03
    0.330656296071420286E+02    0.524150910051943519E+01    0.592978562229092954E+00   -0.256918631363182897E+03
    0.332087388356438495E+02    0.505871261642198888E+01    0.703091903908217519E+00   -0.256917520702294780E+03
    0.331810744295223259E+02    0.508214995367309363E+01    0.703648946279708087E+00   -0.256917183830075089E+03
    0.332791760710856863E+02    0.502221642161195447E+01    0.667888527779482710E+00   -0.256916850528662451E+03
    0.331717526870730666E+02    0.514546716462504605E+01    0.656466936289011871E+00   -0.256916163735534099E+03
    0.334538310123719000E+02    0.486552694631192306E+01    0.739331222847024350E+00   -0.256914969107224124E+03
    0.330558725409282346E+02    0.519926083157924079E+01    0.642518041494692937E+00   -0.256913675952930134E+03
    0.331082161512493229E+02    0.516656420959598872E+01    0.631669295557950150E+00   -0.256913366292299543E+03
    0.331657147296447761E+02    0.509515910517128034E+01    0.696686283156444097E+00   -0.256912975248309635E+03
    0.330829579988481299E+02    0.523121353133678380E+01    0.604540563911339035E+00   -0.256911515709146556E+03
    0.336100863360970266E+02    0.477756736728688658E+01    0.727314075240135249E+00   -0.256909911836487083E+03
    0.333438735809776716E+02    0.495270228664188039E+01    0.714873407779508252E+00   -0.256909147429555674E+03
    0.335432189304158328E+02    0.479819581282904473E+01    0.758981516532168721E+00   -0.256908544227533525E+03
    0.333726035028850987E+02    0.492875657567432679E+01    0.723695126451560866E+00   -0.256908071901250821E+03
    0.335505102471907151E+02    0.480123686989162390E+01    0.772528976565297509E+00   -0.256908068465714450E+03
    0.330230062075317647E+02    0.524702847079531587E+01    0.607829405508846565E+00   -0.256907399219154343E+03
    0.334564309514947880E+02    0.492790358706396869E+01    0.676042004973840704E+00   -0.256907316359528011E+03
    0.332325594636902650E+02    0.507568403019966752E+01    0.638199523564372040E+00   -0.256904440638633957E+03
    0.329969086141974728E+02    0.526503529174096130E+01    0.639913878311673123E+00   -0.256903041591849330E+03
    0.329655724694286789E+02    0.531011929122211068E+01    0.595674296019788607E+00   -0.256902847149730064E+03
    0.335192518319759714E+02    0.486123320153414884E+01    0.721930362889063315E+00   -0.256901475108847990E+03
    0.335464171872165480E+02    0.484443400780761380E+01    0.710639094955324180E+00   -0.256899671268789177E+03
    0.330733649327565757E+02    0.518352644503895910E+01    0.647108174404251502E+00   -0.256899144893340576E+03
    0.331558272318478089E+02    0.512850443704279968E+01    0.637677331381511836E+00   -0.256898383476403012E+03
    0.335122677316653039E+02    0.484784183132809687E+01    0.702054461477894298E+00   -0.256898309314528376E+03
    0.330998808645951428E+02    0.518942872022535973E+01    0.611174618431407635E+00   -0.256898170823263399E+03
    0.329429258521584245E+02    0.531351453651775163E+01    0.608847869674609021E+00   -0.256898125220795521E+03
    0.329962324817420125E+02    0.525135253734715057E+01    0.635277326269572562E+00   -0.256895847313464685E+03
    0.333627210102569194E+02    0.500211037924500523E+01    0.672178047264674783E+00   -0.256895228440968992E+03
    0.331250460559822386E+02    0.518769159319363382E+01    0.638151048450195879E+00   -0.256894984486661144E+03
    0.331569557236005039E+02    0.516968774292804500E+01    0.630244045547724618E+00   -0.256894844565020946E+03
    0.333302362590255115E+02    0.501139836239094638E+01    0.697834536640165815E+00   -0.256894535664266357E+03
    0.333012554724881653E+02    0.499026643775627310E+01    0.698417641952758128E+00   -0.256894455707493591E+03
    0.334952732317824342E+02    0.484592634098457786E+01    0.766284326019320283E+00   -0.256891867544214506E+03
    0.335145254718878221E+02    0.481736722392888872E+01    0.763374927301963213E+00   -0.256891702309318816E+03
    0.335697344291042654E+02    0.478429800534340632E+01    0.749556205326138425E+00   -0.256890282589413516E+03
    0.333117081306312173E+02    0.502865850773901979E+01    0.635992749526205436E+00   -0.256890056510360751E+03
    0.335871498317880537E+02    0.479917621122400906E+01    0.739255691393449710E+00   -0.256889586563375474E+03
    0.329520429123047691E+02    0.529959507405331909E+01    0.615577842453799540E+00   -0.256888320869303072E+03
    0.329664376174390839E+02    0.530741300412218120E+01    0.605265725863975312E+00   -0.256888060018044939E+03
    0.332410037986298192E+02    0.506352871230654333E+01    0.646318744967649739E+00   -0.256887890816969275E+03
    0.332440013883085825E+02    0.510631990787584567E+01    0.619617760675199247E+00   -0.256887873134330675E+03
    0.330589774065524438E+02    0.524838888951448368E+01    0.602560202162506942E+00   -0.256885665916409152E+03
    0.335143989832021560E+02    0.481930244437814359E+01    0.771476425832504864E+00   -0.256885348668823838E+03
    0.335428759830616059E+02    0.483036635583262086E+01    0.744623232174759342E+00   -0.256882065949003902E+03
    0.329637222818803934E+02    0.529332747774994150E+01    0.626113985834449216E+00   -0.256881306959554479E+03
    0.332633606393702621E+02    0.502603538671024452E+01    0.728185696518946157E+00   -0.256881212527295816E+03
    0.334649123455508928E+02    0.488245236444367592E+01    0.694199416300843031E+00   -0.256879172640764239E+03
    0.334649123455508928E+02    0.488245236444367592E+01    0.694199416300843031E+00   -0.256879172640764239E+03
    0.335357392245574033E+02    0.480710364430609260E+01    0.773596147768735976E+00   -0.256879093497269650E+03
    0.335357392245574033E+02    0.480710364430609260E+01    0.773596147768735976E+00   -0.256879093497269650E+03
    0.336277721304376769E+02    0.475309874272466804E+01    0.751301152259429950E+00   -0.256878965267199590E+03
    0.335287836138697983E+02    0.481241411441446587E+01    0.745458884208847650E+00   -0.256878186921388533E+03
    0.334945062972830314E+02    0.483203224461583325E+01    0.760253256312975356E+00   -0.256877360783790891E+03
    0.334945062972830314E+02    0.483203224461583325E+01    0.760253256312975356E+00   -0.256877360783790891E+03
    0.331843039544045766E+02    0.512671968137207390E+01    0.671880011812944211E+00   -0.256877159070167409E+03
    0.335746709136882089E+02    0.481767554082127791E+01    0.718662449032198558E+00   -0.256876346644112459E+03
    0.333979159884949794E+02    0.491054192031493386E+01    0.724407393054805837E+00   -0.256875689206764264E+03
    0.334478405890086705E+02    0.490062235312019023E+01    0.684262592430327610E+00   -0.256875129957270360E+03
    0.334822516452157188E+02    0.486284460419033859E+01    0.758188004481835431E+00   -0.256873530510217563E+03
    0.332649806624969386E+02    0.501177971434754088E+01    0.719571010840225900E+00   -0.256870275839342696E+03
    0.331052827355651971E+02    0.516077140908358345E+01    0.644561970477163015E+00   -0.256870232923553317E+03
    0.332453634731651562E+02    0.507738632784127475E+01    0.684859888031650765E+00   -0.256869057929177814E+03
    0.333301031400802117E+02    0.496942524485878412E+01    0.699235307353076374E+00   -0.256868820569102638E+03
    0.332060283872801563E+02    0.506667712607882414E+01    0.715735968120254529E+00   -0.256868328673628127E+03
    0.329630289391800630E+02    0.530578320493058175E+01    0.597082661384690683E+00   -0.256865694334037130E+03
    0.330208219125966380E+02    0.522930181374557801E+01    0.656479434588071564E+00   -0.256863811369208577E+03
    0.336241778030090046E+02    0.475744287182860504E+01    0.745810528688330532E+00   -0.256863617676783633E+03
    0.334255685628911081E+02    0.488440881547326367E+01    0.745888077728086074E+00   -0.256861760345349182E+03
    0.331529383631723960E+02    0.517622697864396297E+01    0.603123671198234179E+00   -0.256859972723824683E+03
    0.331929151437743357E+02    0.511912697747165080E+01    0.674528630669878781E+00   -0.256858162106045427E+03
    0.330079213075820945E+02    0.527861068644726483E+01    0.612242525034667584E+00   -0.256854507394008522E+03
    0.335519323577833504E+02    0.483685480025147196E+01    0.718303217058706478E+00   -0.256854152664110245E+03
    0.332206893098433937E+02    0.505962118240383507E+01    0.675316498587453129E+00   -0.256853771028935853E+03
    0.329816150600494211E+02    0.526800636038383363E+01    0.626241263533311998E+00   -0.256853661436100424E+03
    0.329816150600494211E+02    0.526800636038383363E+01    0.626241263533311998E+00   -0.256853661436100424E+03
    0.331504083292611114E+02    0.511180462347184239E+01    0.677016632166424714E+00   -0.256852214186647871E+03
    0.334218570631540501E+02    0.493979288364045566E+01    0.659935706730770733E+00   -0.256851018538189805E+03
    0.334218570631540501E+02    0.493979288364045566E+01    0.659935706730770733E+00   -0.256851018538189805E+03
    0.333182609763790509E+02    0.501128680694281847E+01    0.709456827809896162E+00   -0.256850147741620674E+03
    0.332873463326539749E+02    0.499541065490074754E+01    0.713391153197049044E+00   -0.256848301732469508E+03
    0.329473790075966164E+02    0.530888753439153671E+01    0.610555125709621782E+00   -0.256847796542538447E+03
    0.335803023207467959E+02    0.480573823942672362E+01    0.736517633836997199E+00   -0.256846551224216284E+03
    0.335803023207467959E+02    0.480573823942672362E+01    0.736517633836997199E+00   -0.256846551224216284E+03
    0.335250629573443604E+02    0.486449795001121377E+01    0.688187585987749650E+00   -0.256845557808613421E+03
    0.336230581326319182E+02    0.475323909659516897E+01    0.758583695843889405E+00   -0.256845268346943556E+03
    0.335150440313401532E+02    0.482039586978417400E+01    0.771609590389342181E+00   -0.256844898224470398E+03
    0.330746488730757306E+02    0.518269232497713972E+01    0.676020316366609864E+00   -0.256844825923389919E+03
    0.331954548682024750E+02    0.511878389884144447E+01    0.618985424206065060E+00   -0.256841755690954130E+03
    0.331196518390666768E+02    0.519850526097078713E+01    0.623442568096794769E+00   -0.256839815632496311E+03
    0.333780625240249904E+02    0.492799921961790943E+01    0.716346161545956983E+00   -0.256839239848096724E+03
    0.334997265953781067E+02    0.486177455593115937E+01    0.694427093242573901E+00   -0.256837586540793666E+03
    0.329991731726438786E+02    0.528359775700011269E+01    0.612793951860292396E+00   -0.256835803687223631E+03
    0.330314415850971272E+02    0.525843304870057704E+01    0.593767578444023947E+00   -0.256834860626540546E+03
    0.334137369490954157E+02    0.489305355432992695E+01    0.751316567125295931E+00   -0.256834680211731325E+03
    0.332593029417109847E+02    0.501693278033870627E+01    0.715835767400828549E+00   -0.256833856075732399E+03
    0.332593029417109847E+02    0.501693278033870627E+01    0.715835767400828549E+00   -0.256833856075732399E+03
    0.330408005964632778E+02    0.524615724670553174E+01    0.597366931109249433E+00   -0.256833276746555896E+03
    0.333663274877431277E+02    0.500300934021834731E+01    0.661682206202591994E+00   -0.256832995489252198E+03
    0.334324151118375781E+02    0.488309824091640010E+01    0.733367201912945466E+00   -0.256832599248942699E+03
    0.334290506554067548E+02    0.491411105578934837E+01    0.682118339288142694E+00   -0.256831909716309781E+03
    0.335284577697498207E+02    0.481637549835762613E+01    0.771217500826300251E+00   -0.256828836282615725E+03
    0.335010620105375736E+02    0.485466524271249078E+01    0.702400096602908253E+00   -0.256827883358503072E+03
    0.331592897808187956E+02    0.515255124694742328E+01    0.657652942284737918E+00   -0.256825271499074461E+03
    0.331285864198756173E+02    0.512924061738687165E+01    0.690223423871377917E+00   -0.256825255518919789E+03
    0.331535301661792516E+02    0.516412317098067852E+01    0.645051266593344219E+00   -0.256824628955044773E+03
    0.335277123282908533E+02    0.486025956082883503E+01    0.707629586003329258E+00   -0.256820387790040627E+03
    0.334504312912482931E+02    0.490938551575405846E+01    0.673413251487227527E+00   -0.256820004953102853E+03
    0.330042970239066236E+02    0.524534027558989457E+01    0.648412393861670600E+00   -0.256817557401613783E+03
    0.334610080206410387E+02    0.490003200086149526E+01    0.676894789018079535E+00   -0.256815935853594453E+03
    0.333634419097291754E+02    0.493348286052791174E+01    0.747197692198225294E+00   -0.256814357020867533E+03
    0.335564620977827417E+02    0.479067379869211685E+01    0.757419351248681427E+00   -0.256814008928366263E+03
    0.333945861381069307E+02    0.495531164202049457E+01    0.715034524973742314E+00   -0.256813410489179319E+03
    0.332757229762177644E+02    0.503190551046412970E+01    0.657845476741578228E+00   -0.256812029574036501E+03
    0.329570467492683719E+02    0.530589060166409165E+01    0.613600551951059781E+00   -0.256811069301986947E+03
    0.329570467492683719E+02    0.530589060166409165E+01    0.613600551951059781E+00   -0.256811069301986947E+03
    0.335156042244903603E+02    0.481921528978007085E+01    0.770273717564600280E+00   -0.256810356235915833E+03
    0.335156042244903603E+02    0.481921528978007085E+01    0.770273717564600280E+00   -0.256810356235915833E+03
    0.336228906925023097E+02    0.475584966852249202E+01    0.754279614990939651E+00   -0.256809353851919127E+03
    0.334299555767348764E+02    0.490898984048549281E+01    0.744942216332966201E+00   -0.256808313299539464E+03
    0.330134955075628866E+02    0.523449469465265338E+01    0.645590494837481654E+00   -0.256807518478318457E+03
    0.331431827414999418E+02    0.517233689949448028E+01    0.603453744273741322E+00   -0.256807221602100924E+03
    0.331952235441231807E+02    0.509731992360176100E+01    0.643448088720842581E+00   -0.256807031029389918E+03
    0.336055277571282929E+02    0.478287589015840098E+01    0.738264720505681815E+00   -0.256806357897153362E+03
    0.331074973073759438E+02    0.519055913922646539E+01    0.606092352590937300E+00   -0.256804535085354814E+03
    0.332622338193317617E+02    0.503664621145505809E+01    0.664421958287563674E+00   -0.256802760296372412E+03
    0.335757441605905385E+02    0.481407887220684927E+01    0.709469831795441985E+00   -0.256801968076197227E+03
    0.334082851749970473E+02    0.489881668575685936E+01    0.755780307740553270E+00   -0.256800622902772773E+03
    0.334563837891986822E+02    0.491489611877229038E+01    0.708278771709576871E+00   -0.256800261404558626E+03
    0.334707084214903858E+02    0.486769335924961943E+01    0.711609323510717928E+00   -0.256800258484969504E+03
    0.330938542587168101E+02    0.520998433753288026E+01    0.598670022057170570E+00   -0.256798739851416542E+03
    0.333850877602997045E+02    0.497573187536084038E+01    0.691826836432484216E+00   -0.256798402606264119E+03
    0.331420765397250676E+02    0.518398884547043970E+01    0.619180800798833642E+00   -0.256798309682248146E+03
    0.334773034170301713E+02    0.486191738714198873E+01    0.761511924711981814E+00   -0.256794911377538597E+03
    0.332286946514249593E+02    0.507080502781713793E+01    0.705781860887180201E+00   -0.256793322872441706E+03
    0.332286946514249593E+02    0.507080502781713793E+01    0.705781860887180201E+00   -0.256793322872441706E+03
    0.333263336379298352E+02    0.499275016434453800E+01    0.665443783186467575E+00   -0.256792742003939111E+03
    0.333263336379298352E+02    0.499275016434453800E+01    0.665443783186467575E+00   -0.256792742003939111E+03
    0.332080720662480218E+02    0.509484047834307141E+01    0.692963324486249088E+00   -0.256791572076539751E+03
    0.332147477084317515E+02    0.511595724594105228E+01    0.613433816541597010E+00   -0.256789803924397575E+03
    0.335672751684831852E+02    0.480558279727678439E+01    0.753159641642514810E+00   -0.256787544770709701E+03
    0.331027784821214226E+02    0.521032756582481404E+01    0.622364073031601905E+00   -0.256785970001815429E+03
    0.330147917834196818E+02    0.527753218498933308E+01    0.594952131886173574E+00   -0.256784915016583113E+03
    0.335275715879293301E+02    0.483039335985930940E+01    0.758739502143761735E+00   -0.256784582668388794E+03
    0.331495485563601733E+02    0.512627648352465659E+01    0.694436667132374619E+00   -0.256781841037293873E+03
    0.331862584246999006E+02    0.508084524668643311E+01    0.707785609175658137E+00   -0.256781790454109569E+03
    0.335540891777472652E+02    0.483393351457098408E+01    0.719791424411089453E+00   -0.256780810693465753E+03
    0.333138591209048229E+02    0.504069616783719177E+01    0.665071877813880663E+00   -0.256780673877732397E+03
    0.333570980049305348E+02    0.498630042068601487E+01    0.650874202336431229E+00   -0.256780511563225900E+03
    0.333570980049305348E+02    0.498630042068601487E+01    0.650874202336431229E+00   -0.256780511563225900E+03
    0.332370978630203169E+02    0.504704477361201498E+01    0.677405359471650481E+00   -0.256777908464134100E+03
    0.336115325822247115E+02    0.477674463892746459E+01    0.735249797511281278E+00   -0.256777867702091783E+03
    0.333964891044380892E+02    0.491324094590416660E+01    0.721375599042738180E+00   -0.256777829384275151E+03
    0.334782503685687232E+02    0.484903115178136623E+01    0.767535549464593569E+00   -0.256776785060634722E+03
    0.332542942646299053E+02    0.509053182564541196E+01    0.618148387214499384E+00   -0.256774254077264288E+03
    0.330091779954206572E+02    0.528134910243572619E+01    0.595901561356295018E+00   -0.256773678117017482E+03
    0.330512555774027277E+02    0.520387083834893094E+01    0.666613895167123327E+00   -0.256773559078813776E+03
    0.332432151717926772E+02    0.507580725093873930E+01    0.688413135032055257E+00   -0.256772003512899801E+03
    0.332432151717926772E+02    0.507580725093873930E+01    0.688413135032055257E+00   -0.256772003512899801E+03
    0.331451459255913647E+02    0.513225846321937595E+01    0.644317284585494199E+00   -0.256771759775506609E+03
    0.334894501003520304E+02    0.483778010231289723E+01    0.766353744468028619E+00   -0.256771438541583279E+03
    0.334894501003520304E+02    0.483778010231289723E+01    0.766353744468028619E+00   -0.256771438541583279E+03
    0.336136101909599176E+02    0.476354995912836721E+01    0.744747588332021260E+00   -0.256771308881835978E+03
    0.330314856757547659E+02    0.521955769044654705E+01    0.643690481784278901E+00   -0.256770589161623604E+03
    0.330314856757547659E+02    0.521955769044654705E+01    0.643690481784278901E+00   -0.256770589161623604E+03
    0.331974032706153821E+02    0.507193818628651538E+01    0.711067408896150499E+00   -0.256769755213114252E+03
    0.330778553438443339E+02    0.522671562705872184E+01    0.623248398083892763E+00   -0.256769518732542110E+03
    0.332438268339290062E+02    0.503618952167620204E+01    0.690539295987704804E+00   -0.256768122388077131E+03
    0.332971478419613049E+02    0.503258257941540688E+01    0.641005356078889532E+00   -0.256766057553379483E+03
    0.335901241962097785E+02    0.477343382920220005E+01    0.748876503491947121E+00   -0.256764829014951658E+03
    0.331208098110584643E+02    0.518672802310501080E+01    0.643350197762086129E+00   -0.256762898686809365E+03
    0.333474516263089242E+02    0.501732241964880732E+01    0.637423470909356249E+00   -0.256762365161651871E+03
    0.336039364525876891E+02    0.478320557394227563E+01    0.739481230488504115E+00   -0.256761457873390498E+03
    0.336039364525876891E+02    0.478320557394227563E+01    0.739481230488504115E+00   -0.256761457873390498E+03
    0.332452960650560527E+02    0.509121731476491135E+01    0.661761112528816309E+00   -0.256760828967984310E+03
    0.333877011263612218E+02    0.492756935758320758E+01    0.703827772756244752E+00   -0.256759599719805919E+03
    0.330565184681947173E+02    0.520229109041143278E+01    0.667435409916512845E+00   -0.256759386404268639E+03
    0.332184918127453415E+02    0.512209284417772004E+01    0.612618438772684404E+00   -0.256759138520384795E+03
    0.334610671009597667E+02    0.485925045260086197E+01    0.746651082836800817E+00   -0.256758228345523150E+03
    0.332254442010495623E+02    0.511747168730512403E+01    0.635544030793019910E+00   -0.256757583334033711E+03
    0.329673651412791031E+02    0.528523405162455440E+01    0.627033291279453620E+00   -0.256755122721579767E+03
    0.332296791355039218E+02    0.511604978044695269E+01    0.629661704175852543E+00   -0.256755063961544067E+03
    0.332285281697994890E+02    0.504583300533894796E+01    0.718963776824534939E+00   -0.256752873816394867E+03
    0.332483085566625505E+02    0.507787300551684595E+01    0.626864575297167659E+00   -0.256750659261200326E+03
    0.332015771312481647E+02    0.509396528213985622E+01    0.642461543619753717E+00   -0.256750608707706306E+03
    0.334415469965581593E+02    0.490536221750548318E+01    0.739370293782620314E+00   -0.256750447793562898E+03
    0.330498564633759528E+02    0.525116333511442157E+01    0.610371211900482491E+00   -0.256747954096856859E+03
    0.331150737368432502E+02    0.514238019011387326E+01    0.671414213610264876E+00   -0.256747741303462760E+03
    0.333362807275331008E+02    0.502113315129027349E+01    0.671577734287523098E+00   -0.256747177332276920E+03
    0.334742817841709979E+02    0.484810752248571575E+01    0.757372911322729658E+00   -0.256746423031477605E+03
    0.335017792244799750E+02    0.483196772555912268E+01    0.743758544434842239E+00   -0.256745307484312605E+03
    0.329813768421697020E+02    0.529762417354095838E+01    0.602444492208886184E+00   -0.256742453127790441E+03
    0.333685033408343017E+02    0.498785608435156114E+01    0.645213202001473141E+00   -0.256740812465964041E+03
    0.334409214865176807E+02    0.493472553900344568E+01    0.660882961486880305E+00   -0.256739632369465255E+03
    0.331573966549773402E+02    0.517269004966885149E+01    0.618264405366477643E+00   -0.256739597955703516E+03
    0.331820938622274255E+02    0.510774867516195208E+01    0.695390721008624091E+00   -0.256739064057096812E+03
    0.331128702597127500E+02    0.516188238388729737E+01    0.679855585874158397E+00   -0.256737444636127975E+03
    0.334366252853098445E+02    0.494208397287973167E+01    0.660851075011674949E+00   -0.256736358332302757E+03
    0.332344111969379199E+02    0.508397633279949090E+01    0.629172966080512319E+00   -0.256736157124279032E+03
    0.330885461843158524E+02    0.520674561551949555E+01    0.603677619256737019E+00   -0.256735895183752802E+03
    0.330885461843158524E+02    0.520674561551949555E+01    0.603677619256737019E+00   -0.256735895183752802E+03
    0.331593508247823650E+02    0.510767289727870111E+01    0.671370222481858847E+00   -0.256735725839970314E+03
    0.333331647008607064E+02    0.502524134402047107E+01    0.667436620558450655E+00   -0.256732913092631861E+03
    0.330528819753302159E+02    0.524147754626159745E+01    0.596306230561001405E+00   -0.256732200174409172E+03
    0.334718081320160508E+02    0.486812822871899975E+01    0.758460461008293008E+00   -0.256731038722099299E+03
    0.334807770858442524E+02    0.484464868286297001E+01    0.764965240857597206E+00   -0.256730618505120503E+03
    0.334807770858442524E+02    0.484464868286297001E+01    0.764965240857597206E+00   -0.256730618505120503E+03
    0.331227189172349554E+02    0.518779327653021394E+01    0.639098108997679493E+00   -0.256729277199216369E+03
    0.330063175520929732E+02    0.524278621248469534E+01    0.642922086767669043E+00   -0.256728189726691483E+03
    0.330063175520929732E+02    0.524278621248469534E+01    0.642922086767669043E+00   -0.256728189726691483E+03
    0.335720862231915049E+02    0.481888382820254257E+01    0.715129509668596453E+00   -0.256727108320054811E+03
    0.332084161867246976E+02    0.513135706293671223E+01    0.631003391157929694E+00   -0.256726858488248581E+03
    0.330324431913689480E+02    0.523141665443616422E+01    0.620629617220169627E+00   -0.256725873284009992E+03
    0.330489224596714735E+02    0.522386345323189794E+01    0.614419876546213550E+00   -0.256723210197265757E+03
    0.329698165454381709E+02    0.530326371913851347E+01    0.601901846845786404E+00   -0.256722940602854294E+03
    0.329698165454381709E+02    0.530326371913851347E+01    0.601901846845786404E+00   -0.256722940602854294E+03
    0.333703326711792911E+02    0.498974103783225331E+01    0.644019903102475588E+00   -0.256721935850689420E+03
    0.333703326711792911E+02    0.498974103783225331E+01    0.644019903102475588E+00   -0.256721935850689420E+03
    0.335661138322810189E+02    0.479342560767456671E+01    0.767116383148474967E+00   -0.256719373973442771E+03
    0.331057478655253732E+02    0.519731963906111449E+01    0.602591860658370337E+00   -0.256718492056783020E+03
    0.331799785129514291E+02    0.515263729036474771E+01    0.629274317586731247E+00   -0.256718249062419943E+03
    0.331306734222924888E+02    0.515255584792028465E+01    0.679513988342525743E+00   -0.256717760004296849E+03
    0.335756697285427208E+02    0.477870902599832625E+01    0.766999730901882670E+00   -0.256717104203346821E+03
    0.331665033155152855E+02    0.511826176334875704E+01    0.693451253869382001E+00   -0.256716863920582909E+03
    0.335409936974347431E+02    0.481838210639584830E+01    0.760747172474840139E+00   -0.256716759469206465E+03
    0.333160159598811987E+02    0.504542497945033563E+01    0.633451985485615876E+00   -0.256715555185810672E+03
    0.333160159598811987E+02    0.504542497945033563E+01    0.633451985485615876E+00   -0.256715555185810672E+03
    0.329942600003277420E+02    0.525919246265430473E+01    0.641335742517375129E+00   -0.256715143298154089E+03
    0.334352865257530354E+02    0.491560174651628401E+01    0.731058978493430711E+00   -0.256714200437148065E+03
    0.334352865257530354E+02    0.491560174651628401E+01    0.731058978493430711E+00   -0.256714200437148065E+03
    0.333897864947170859E+02    0.494128830894875914E+01    0.679835550012747647E+00   -0.256714139222872404E+03
    0.331236583479262379E+02    0.513416268959278188E+01    0.678046855222445233E+00   -0.256713095667387165E+03
    0.331977466890884827E+02    0.513575338141729620E+01    0.639284484492756100E+00   -0.256711821573113298E+03
    0.333918451228004614E+02    0.497489795145084290E+01    0.648282279615279844E+00   -0.256711797329943920E+03
    0.335801822806022514E+02    0.478510146808105574E+01    0.738217651252611962E+00   -0.256711423424734051E+03
    0.334566973827879863E+02    0.492080574273269633E+01    0.665909122477871263E+00   -0.256710989441016352E+03
    0.336146544408173895E+02    0.476883820909346490E+01    0.742089092201674405E+00   -0.256710870271933118E+03
    0.331966470108384826E+02    0.512920251233861624E+01    0.611955988004583729E+00   -0.256709331125430879E+03
    0.331966470108384826E+02    0.512920251233861624E+01    0.611955988004583729E+00   -0.256709331125430879E+03
    0.335106775004179838E+02    0.483295246992732963E+01    0.728637097553609614E+00   -0.256709183012509925E+03
    0.330723954865497731E+02    0.518105202512748608E+01    0.659468368934437610E+00   -0.256708394745908208E+03
    0.330723954865497731E+02    0.518105202512748608E+01    0.659468368934437610E+00   -0.256708394745908208E+03
    0.330039603129921417E+02    0.526332472295639153E+01    0.635654387896524842E+00   -0.256708369918098128E+03
    0.332434007139057641E+02    0.510459790993776341E+01    0.632678681399023279E+00   -0.256707580423645993E+03
    0.332434007139057641E+02    0.510459790993776341E+01    0.632678681399023279E+00   -0.256707580423645993E+03
    0.330905252074343821E+02    0.518234225133927939E+01    0.671550346317878577E+00   -0.256706500434728241E+03
    0.329920724979691045E+02    0.528151982244957274E+01    0.620858922956258996E+00   -0.256704683084229259E+03
    0.332455873491559686E+02    0.503375709126165916E+01    0.694338781067069255E+00   -0.256703686860404957E+03
    0.331533831987324064E+02    0.517298532728878691E+01    0.625653257242683725E+00   -0.256703140923503611E+03
    0.334113949789397111E+02    0.494671295849217962E+01    0.659804032158903042E+00   -0.256702846911823201E+03
    0.335978237910128072E+02    0.478413179062094152E+01    0.746985763115071255E+00   -0.256702209616825542E+03
    0.331944035715939023E+02    0.511235586374246331E+01    0.626753808440520754E+00   -0.256702131805020656E+03
    0.330336048774965718E+02    0.523283272669147959E+01    0.651318238200263577E+00   -0.256701453306803955E+03
    0.330398550556700457E+02    0.523491252678596730E+01    0.609555518999928991E+00   -0.256700808304026680E+03
    0.335228210168661462E+02    0.484452949162723723E+01    0.743699306487434542E+00   -0.256700627937435968E+03
    0.333107038643182420E+02    0.505075821743522013E+01    0.638603947130192529E+00   -0.256700060643434767E+03
    0.334840239749968802E+02    0.484169642272844847E+01    0.762428499654993264E+00   -0.256699812402506836E+03
    0.335969362270131313E+02    0.478285335652933608E+01    0.729738740169057043E+00   -0.256698955764838047E+03
    0.335945799886284320E+02    0.478904572068084811E+01    0.742990858591946024E+00   -0.256697610775013345E+03
    0.334675710448677748E+02    0.485406909340983717E+01    0.761236191129628814E+00   -0.256695503748261501E+03
    0.334694810413509316E+02    0.491066582725533962E+01    0.694454875046532916E+00   -0.256695464424090915E+03
    0.331476813558630212E+02    0.511287845937016527E+01    0.688056755612580728E+00   -0.256695322541102882E+03
    0.331476813558630212E+02    0.511287845937016527E+01    0.688056755612580728E+00   -0.256695322541102882E+03
    0.334399522616411957E+02    0.490163341850920276E+01    0.690656337896621730E+00   -0.256694592176890808E+03
    0.334448249018012405E+02    0.488657846061792167E+01    0.756884525448340506E+00   -0.256693648421521516E+03
    0.334541911177842906E+02    0.491283899355073572E+01    0.669927918043496051E+00   -0.256693248416188112E+03
    0.330846416006862540E+02    0.522468530861557134E+01    0.597393977189657588E+00   -0.256692913395781204E+03
    0.332884613951591675E+02    0.504658742340112987E+01    0.633595879742225976E+00   -0.256692080200161740E+03
    0.333329889735973381E+02    0.503123478065815632E+01    0.650091403068339568E+00   -0.256691189907247974E+03
    0.332702886154861943E+02    0.507679832463017178E+01    0.654331314296467403E+00   -0.256690699253184846E+03
    0.333889892044479097E+02    0.495325217114591698E+01    0.722682310008782691E+00   -0.256688914815042324E+03
    0.333593832032293989E+02    0.494923658493053864E+01    0.700327465887480849E+00   -0.256687982027406406E+03
    0.333782130628232423E+02    0.494359854587644509E+01    0.742311055882439730E+00   -0.256687781592644399E+03
    0.331762862876343263E+02    0.513890093367661915E+01    0.613372446474198085E+00   -0.256686144051051883E+03
    0.333938748899385587E+02    0.496560703508133194E+01    0.652468057182936212E+00   -0.256685717966204322E+03
    0.333938748899385587E+02    0.496560703508133194E+01    0.652468057182936212E+00   -0.256685717966204322E+03
    0.329848187397327095E+02    0.529281095581579919E+01    0.597830325145783603E+00   -0.256685237798827018E+03
    0.330283753438577818E+02    0.524520456639744737E+01    0.607723049877415322E+00   -0.256684741296578295E+03
    0.334351814559344120E+02    0.489329481523269560E+01    0.756073808845305506E+00   -0.256682226005182940E+03
    0.332351981794970257E+02    0.511185227378392604E+01    0.621565007188743968E+00   -0.256681801105543343E+03
    0.332797798838873717E+02    0.502982141981107844E+01    0.715716090595011623E+00   -0.256678612536970888E+03
    0.332365861267343803E+02    0.511072241716209419E+01    0.626625255311179741E+00   -0.256678270070958661E+03
    0.335894830816162440E+02    0.477798565691082011E+01    0.763467230506562178E+00   -0.256677394702532467E+03
    0.334870807018676260E+02    0.485007935835894166E+01    0.764583012150667596E+00   -0.256676434619812881E+03
    0.332817623119990174E+02    0.500001128427264341E+01    0.726662133787838838E+00   -0.256675400938667906E+03
    0.330117663690543708E+02    0.525211434265190391E+01    0.642629537643342186E+00   -0.256674814839382520E+03
    0.334259107438018788E+02    0.488653358232847967E+01    0.757133289797312758E+00   -0.256674758685129802E+03
    0.333758261485231600E+02    0.494977042520271482E+01    0.680955935124528788E+00   -0.256673074550371780E+03
    0.333116308122392297E+02    0.500298984765140009E+01    0.723450048393480483E+00   -0.256671423333703444E+03
    0.330341680863035663E+02    0.523189748085944206E+01    0.618740400509011024E+00   -0.256671142170539326E+03
    0.330341680863035663E+02    0.523189748085944206E+01    0.618740400509011024E+00   -0.256671142170539326E+03
    0.333784133561533309E+02    0.496558212396360243E+01    0.659614504625029907E+00   -0.256670706728424648E+03
    0.330433185197902475E+02    0.523835689185193942E+01    0.603929083292367830E+00   -0.256668307248568169E+03
    0.335941636404271975E+02    0.476895654877208752E+01    0.760066907058264296E+00   -0.256668174640101086E+03
    0.330661587660748495E+02    0.523799680432777848E+01    0.596629738454253378E+00   -0.256667350827449695E+03
    0.330661587660748495E+02    0.523799680432777848E+01    0.596629738454253378E+00   -0.256667350827449695E+03
    0.335001401841442430E+02    0.488579855415849984E+01    0.694163710777201071E+00   -0.256666618603019344E+03
    0.329724583402180542E+02    0.529811064941173626E+01    0.610001076991314339E+00   -0.256664640065980564E+03
    0.334751295588278595E+02    0.485322372317118322E+01    0.736659673695326922E+00   -0.256664333049150571E+03
    0.334751295588278595E+02    0.485322372317118322E+01    0.736659673695326922E+00   -0.256664333049150571E+03
    0.331866691822737465E+02    0.509064323759799819E+01    0.665026092253710455E+00   -0.256664261456185500E+03
    0.329769881711561226E+02    0.528103124219192210E+01    0.628388232184191375E+00   -0.256663386439980513E+03
    0.331923025842813786E+02    0.510111798005404182E+01    0.642061056004173958E+00   -0.256662970924282945E+03
    0.332089399509982997E+02    0.507261876597816475E+01    0.668464973989327027E+00   -0.256662903601023345E+03
    0.334377019842317367E+02    0.490344424502736409E+01    0.690359496605751577E+00   -0.256662318968997340E+03
    0.332265434909961570E+02    0.506971332217102955E+01    0.652875544348508585E+00   -0.256660101727920619E+03
    0.334778637586794972E+02    0.484701688176971590E+01    0.762394370046979408E+00   -0.256657515461360788E+03
    0.335820752058541103E+02    0.477570277966071011E+01    0.761692697607469826E+00   -0.256656418807694422E+03
    0.335820752058541103E+02    0.477570277966071011E+01    0.761692697607469826E+00   -0.256656418807694422E+03
    0.332766041157450658E+02    0.500601311831768481E+01    0.708637971877489892E+00   -0.256655357854341389E+03
    0.334769550141029484E+02    0.485065213889763136E+01    0.740470507589712779E+00   -0.256654166101027783E+03
    0.333719892008671692E+02    0.495517878729746997E+01    0.734093156877197561E+00   -0.256654108803383053E+03
    0.334685608443800362E+02    0.485335453605858014E+01    0.758618976364122233E+00   -0.256653548773377622E+03
    0.331096825072451466E+02    0.519522770095458064E+01    0.602965625335349475E+00   -0.256652981888449858E+03
    0.331096825072451466E+02    0.519522770095458064E+01    0.602965625335349475E+00   -0.256652981888449858E+03
    0.330064181750328132E+02    0.527681972106019082E+01    0.613731045186193147E+00   -0.256652782145591061E+03
    0.331430705745515795E+02    0.512076346670888416E+01    0.694672225271997679E+00   -0.256651065318443386E+03
    0.331471242797147028E+02    0.511687474195331138E+01    0.673379511282736876E+00   -0.256650137123762875E+03
    0.331069728527434251E+02    0.520014541704045818E+01    0.601202849524081873E+00   -0.256650116805484288E+03
    0.331069728527434251E+02    0.520014541704045818E+01    0.601202849524081873E+00   -0.256650116805484288E+03
    0.334880868064182877E+02    0.483900013693427500E+01    0.757777245608929562E+00   -0.256648122018092806E+03
    0.335246834721587206E+02    0.486346073495780651E+01    0.699612299107777114E+00   -0.256646907032527054E+03
    0.333860690920823018E+02    0.494041511275183431E+01    0.740282897355792890E+00   -0.256645448619530725E+03
    0.334324312977175708E+02    0.490397403383059505E+01    0.694527079373341460E+00   -0.256645207075482858E+03
    0.332238405233732834E+02    0.512073219063420826E+01    0.622181183770530444E+00   -0.256644851945149185E+03
    0.334161347514121303E+02    0.496111409198549946E+01    0.662596384448726483E+00   -0.256641519505579879E+03
    0.334161347514121303E+02    0.496111409198549946E+01    0.662596384448726483E+00   -0.256641519505579879E+03
    0.332545463162749755E+02    0.503059472435166910E+01    0.686749915705262781E+00   -0.256638685025649522E+03
    0.334952138846522445E+02    0.485855307889758148E+01    0.703568517373144076E+00   -0.256636966424548234E+03
    0.334952138846522445E+02    0.485855307889758148E+01    0.703568517373144076E+00   -0.256636966424548234E+03
    0.329694204712005927E+02    0.529122230245076963E+01    0.620245929076722269E+00   -0.256636392787941929E+03
    0.332459468559027229E+02    0.505199717488746458E+01    0.659401452593006643E+00   -0.256635445712517708E+03
    0.332624030996334241E+02    0.507337362842111528E+01    0.625094381633467089E+00   -0.256635319352843226E+03
    0.335720784604172877E+02    0.481291590671990477E+01    0.731479741945654793E+00   -0.256635097609628190E+03
    0.330947110339281636E+02    0.517823862068284324E+01    0.672604104404139758E+00   -0.256633865173129266E+03
    0.332829397437368613E+02    0.503405943487360297E+01    0.708233931735897992E+00   -0.256631934642276292E+03
    0.335715319660878322E+02    0.479227000128381420E+01    0.735714165626583760E+00   -0.256627592807271697E+03
    0.330048443619407266E+02    0.526130236376170402E+01    0.636194335656727228E+00   -0.256627571494268693E+03
    0.336040807643115187E+02    0.476620466076540428E+01    0.755063280592897512E+00   -0.256627121163695676E+03
    0.336040807643115187E+02    0.476620466076540428E+01    0.755063280592897512E+00   -0.256627121163695676E+03
    0.332475108985767562E+02    0.503221754332215809E+01    0.722687488071909967E+00   -0.256626021509119880E+03
    0.334225719930715996E+02    0.494530813651003598E+01    0.695907381328835450E+00   -0.256625460229213161E+03
    0.331221458170654728E+02    0.519543403418015792E+01    0.601516789159637799E+00   -0.256624015657251903E+03
    0.331221458170654728E+02    0.519543403418015792E+01    0.601516789159637799E+00   -0.256624015657251903E+03
    0.335297780367453555E+02    0.482650901837155999E+01    0.720045596391972520E+00   -0.256623524134285276E+03
    0.335433560693968502E+02    0.480625766292152168E+01    0.741925493088345656E+00   -0.256623502854957110E+03
    0.334926064795172493E+02    0.488630204249837163E+01    0.679109357415134895E+00   -0.256622824688536980E+03
    0.334926064795172493E+02    0.488630204249837163E+01    0.679109357415134895E+00   -0.256622824688536980E+03
    0.334830944687755903E+02    0.484687115106457522E+01    0.765430948509303932E+00   -0.256622643498056505E+03
    0.334137229335993453E+02    0.495930227763059683E+01    0.678975695655043454E+00   -0.256621022144177346E+03
    0.332825245135002632E+02    0.502493043977003140E+01    0.718640804856530924E+00   -0.256620428800951231E+03
    0.332492497821254815E+02    0.506770303590457871E+01    0.692943636980361988E+00   -0.256618566050280378E+03
    0.335279401771164771E+02    0.485522695655492953E+01    0.692013300204228465E+00   -0.256617866892568941E+03
    0.335279401771164771E+02    0.485522695655492953E+01    0.692013300204228465E+00   -0.256617866892568941E+03
    0.333198362893638489E+02    0.503031143796871660E+01    0.634300463091857059E+00   -0.256617167162102589E+03
    0.335156643523147295E+02    0.487033473117992344E+01    0.702134793450400085E+00   -0.256616879315500114E+03
    0.332986700839035734E+02    0.503012398820028750E+01    0.643522491861628909E+00   -0.256615069210072022E+03
    0.332986700839035734E+02    0.503012398820028750E+01    0.643522491861628909E+00   -0.256615069210072022E+03
    0.332867157475583610E+02    0.504174211614572165E+01    0.639333467045695825E+00   -0.256615054993840033E+03
    0.332867157475583610E+02    0.504174211614572165E+01    0.639333467045695825E+00   -0.256615054993840033E+03
    0.333395582122526406E+02    0.496052591754471628E+01    0.743306690232242273E+00   -0.256614932731548265E+03
    0.335234657747751754E+02    0.483136884233555630E+01    0.718524431329562563E+00   -0.256613866940837568E+03
    0.331395923535337928E+02    0.513435110863903432E+01    0.690164828015931930E+00   -0.256611176561243099E+03
    0.333929804305444975E+02    0.498032362819032315E+01    0.653675491017755572E+00   -0.256610964966316374E+03
    0.330275897608891285E+02    0.522609677831915320E+01    0.639018707498660965E+00   -0.256607932979824454E+03
    0.331315017700393781E+02    0.518647496250041140E+01    0.628729472278385271E+00   -0.256607659190114077E+03
    0.331627609832051604E+02    0.515220746586305456E+01    0.610365717691188525E+00   -0.256607375943310274E+03
    0.334230907117441944E+02    0.491035906820278445E+01    0.694288693223376829E+00   -0.256606327060261719E+03
    0.330372049049214667E+02    0.521446390971570217E+01    0.653523276856763480E+00   -0.256604709833320442E+03
    0.330372049049214667E+02    0.521446390971570217E+01    0.653523276856763480E+00   -0.256604709833320442E+03
    0.335883068404970331E+02    0.479234054785793617E+01    0.725090892603373005E+00   -0.256604073164769943E+03
    0.332670915332486814E+02    0.503760096733048801E+01    0.715003627763820981E+00   -0.256603599394119271E+03
    0.334143940235058921E+02    0.491488809136733540E+01    0.747621966303269270E+00   -0.256602862409514216E+03
    0.334143940235058921E+02    0.491488809136733540E+01    0.747621966303269270E+00   -0.256602862409514216E+03
    0.335528427526576962E+02    0.483196630921574322E+01    0.703065048687300020E+00   -0.256598488090763794E+03
    0.332579004717486271E+02    0.509189553954151286E+01    0.623477288060039214E+00   -0.256597337498318268E+03
    0.329736416396482284E+02    0.529654078412773721E+01    0.608366671087824606E+00   -0.256596195038154349E+03
    0.331110336312613782E+02    0.518436166751550687E+01    0.611127932818368746E+00   -0.256593976078316587E+03
    0.330466959170064314E+02    0.523830616269378169E+01    0.635203166808699593E+00   -0.256593931078067669E+03
    0.333852744450161154E+02    0.493185451312217715E+01    0.747842727717879185E+00   -0.256593698567615377E+03
    0.333852744450161154E+02    0.493185451312217715E+01    0.747842727717879185E+00   -0.256593698567615377E+03
    0.329977023054059728E+02    0.528453477761342327E+01    0.606347863380527707E+00   -0.256593455733073426E+03
    0.331049418059648914E+02    0.519673247345839329E+01    0.642385977730609459E+00   -0.256593032454106947E+03
    0.331049418059648914E+02    0.519673247345839329E+01    0.642385977730609459E+00   -0.256593032454106947E+03
    0.332776229489223567E+02    0.501311888380833981E+01    0.729081668110155068E+00   -0.256592734756628602E+03
    0.331878033290408183E+02    0.507989828339862814E+01    0.703526988041452972E+00   -0.256592341238212100E+03
    0.329864142628300527E+02    0.529081820684872550E+01    0.606748309201267211E+00   -0.256592158637172929E+03
    0.331061647291827086E+02    0.517796172755519812E+01    0.666329828320819439E+00   -0.256591364487421743E+03
    0.333443855649600209E+02    0.495142606997185553E+01    0.723171680324239841E+00   -0.256591267555149102E+03
    0.333443855649600209E+02    0.495142606997185553E+01    0.723171680324239841E+00   -0.256591267555149102E+03
    0.334966815481877092E+02    0.486552041828036330E+01    0.694287004287262755E+00   -0.256590041654128186E+03
    0.332647806984756400E+02    0.502094570526519313E+01    0.726692173936174246E+00   -0.256589898110533795E+03
    0.335369389935040800E+02    0.482260936227483406E+01    0.757762039455215586E+00   -0.256588621214815532E+03
    0.330161147862514639E+02    0.523891213503191100E+01    0.648577062123770309E+00   -0.256588324836422316E+03
    0.330161147862514639E+02    0.523891213503191100E+01    0.648577062123770309E+00   -0.256588324836422316E+03
    0.335982322807998557E+02    0.478569800454140015E+01    0.739283321590749720E+00   -0.256586823666634245E+03
    0.330996817199699223E+02    0.521367843726883162E+01    0.600766354301437211E+00   -0.256585650683268568E+03
    0.332642390805057460E+02    0.501634689307756343E+01    0.707045550839410342E+00   -0.256584258495576364E+03
    0.332642390805057460E+02    0.501634689307756343E+01    0.707045550839410342E+00   -0.256584258495576364E+03
    0.330300815786541051E+02    0.526115955816634084E+01    0.614071857999456516E+00   -0.256584160770245148E+03
    0.335617103283812241E+02    0.479064317975316101E+01    0.766120019882770675E+00   -0.256580337447218369E+03
    0.334359230999805987E+02    0.494231773230271720E+01    0.676217985044551106E+00   -0.256580292741681205E+03
    0.335361971628037594E+02    0.481891314416247685E+01    0.726592089661912799E+00   -0.256580264895152709E+03
    0.330470693745060089E+02    0.520707514366745627E+01    0.647142922552505606E+00   -0.256579629664988886E+03
    0.333399434028031152E+02    0.497210707156351805E+01    0.736156897439400826E+00   -0.256579198538477328E+03
    0.330275960609416757E+02    0.525961031708234295E+01    0.620052088303941762E+00   -0.256579077008694981E+03
    0.332881331524760640E+02    0.506818759712674627E+01    0.633423364586848114E+00   -0.256576893781777358E+03
    0.330043606971021788E+02    0.528016355891040767E+01    0.599118143224878663E+00   -0.256576814097186798E+03
    0.330043606971021788E+02    0.528016355891040767E+01    0.599118143224878663E+00   -0.256576814097186798E+03
    0.333228107070824393E+02    0.498129920256397707E+01    0.688715817781845097E+00   -0.256576739757141013E+03
    0.331652384189581966E+02    0.516601265287507516E+01    0.613282394446934664E+00   -0.256576596746795190E+03
    0.331432103522496746E+02    0.517183553929433071E+01    0.641348117184240452E+00   -0.256575000159179581E+03
    0.331432103522496746E+02    0.517183553929433071E+01    0.641348117184240452E+00   -0.256575000159179581E+03
    0.332722697965507166E+02    0.506067745236722111E+01    0.680464666894054160E+00   -0.256574908857889739E+03
    0.332507759108464853E+02    0.509789276030486160E+01    0.623543434805125196E+00   -0.256572375067079975E+03
    0.334626349374079766E+02    0.486129546482664043E+01    0.762033935040455024E+00   -0.256572113519571872E+03
    0.333555110926545666E+02    0.500921988166592502E+01    0.641689500090516174E+00   -0.256569742566153820E+03
    0.335278588679527871E+02    0.485397205467754844E+01    0.718558963336326517E+00   -0.256568804677364710E+03
    0.331007548965401099E+02    0.521450043143451936E+01    0.608754828928495528E+00   -0.256568191412391798E+03
    0.333806776021606808E+02    0.497949192801851215E+01    0.688559107294753114E+00   -0.256567963703430451E+03
    0.335685433431602362E+02    0.479531983461149647E+01    0.761291607133542159E+00   -0.256567883356410391E+03
    0.330338685662193967E+02    0.524586728789372714E+01    0.604411431522028031E+00   -0.256567318457827866E+03
    0.330188883739125458E+02    0.523317864371990904E+01    0.642753407269945898E+00   -0.256567169149845824E+03
    0.335649010797881502E+02    0.481978686963420344E+01    0.709780456119936787E+00   -0.256566864893401998E+03
    0.332887134723087428E+02    0.506404682883527713E+01    0.627322197087742284E+00   -0.256566742594391997E+03
    0.333103975824703014E+02    0.499208399257073232E+01    0.684904579122581625E+00   -0.256566429706005749E+03
    0.330765730721119979E+02    0.517953570203452696E+01    0.656802156064182463E+00   -0.256566062962630383E+03
    0.333336390836626322E+02    0.500063677832974474E+01    0.652042551766395473E+00   -0.256563358372052676E+03
    0.335220100214058903E+02    0.483437406652586699E+01    0.715828606491589303E+00   -0.256563294909665501E+03
    0.334831218011264227E+02    0.486930617248674835E+01    0.747194487114576589E+00   -0.256562302927683504E+03
    0.329933149077679033E+02    0.527936958520869659E+01    0.620341418228357533E+00   -0.256561215375305892E+03
    0.334937193168958629E+02    0.484695122698801484E+01    0.762496201353798475E+00   -0.256561162756114982E+03
    0.333901572520741468E+02    0.491381395130740106E+01    0.743225143108925068E+00   -0.256560372181753905E+03
    0.335952561937713057E+02    0.478811736063464011E+01    0.729698528526869561E+00   -0.256560074709235209E+03
    0.330645549269798380E+02    0.519178489644681207E+01    0.649956957153244197E+00   -0.256558498308924186E+03
    0.334453054855476068E+02    0.487163793387536437E+01    0.753719358751733459E+00   -0.256558024509443726E+03
    0.333339157677905717E+02    0.500783364942175524E+01    0.645143985155331112E+00   -0.256557471213628730E+03
    0.334792360485109910E+02    0.489459292892886744E+01    0.676913989633515012E+00   -0.256555993326684415E+03
    0.334410051162302580E+02    0.488687091007687879E+01    0.756911707956770985E+00   -0.256554582339476724E+03
    0.331304234360485239E+02    0.518452670865331022E+01    0.633616796214821809E+00   -0.256554538745750108E+03
    0.331628376603068915E+02    0.516673431192359800E+01    0.620570403523708403E+00   -0.256553554601664644E+03
    0.330138528524899755E+02    0.527463198700935632E+01    0.603861594242031341E+00   -0.256553343224150808E+03
    0.330138528524899755E+02    0.527463198700935632E+01    0.603861594242031341E+00   -0.256553343224150808E+03
    0.333658981208992458E+02    0.500317200840542320E+01    0.654001948914954889E+00   -0.256553310852490142E+03
    0.333658981208992458E+02    0.500317200840542320E+01    0.654001948914954889E+00   -0.256553310852490142E+03
    0.335074888299156157E+02    0.485441245553167189E+01    0.743985233618868369E+00   -0.256552967702175806E+03
    0.331130013825720440E+02    0.515028830429926554E+01    0.684142747885084002E+00   -0.256552598534999277E+03
    0.335407108045128126E+02    0.480479975063177989E+01    0.752150400888258464E+00   -0.256552590855930930E+03
    0.335407108045128126E+02    0.480479975063177989E+01    0.752150400888258464E+00   -0.256552590855930930E+03
    0.333746176270300339E+02    0.499176487449097017E+01    0.671112671547073880E+00   -0.256552286937105748E+03
    0.333746176270300339E+02    0.499176487449097017E+01    0.671112671547073880E+00   -0.256552286937105748E+03
    0.332473856435405537E+02    0.503520093189793716E+01    0.721984637478827240E+00   -0.256551789536685590E+03
    0.333919160745423369E+02    0.492733972605376813E+01    0.700838883883587505E+00   -0.256551242302685637E+03
    0.329939947538491012E+02    0.528088081517498775E+01    0.601623679166729319E+00   -0.256551229003675758E+03
    0.329939947538491012E+02    0.528088081517498775E+01    0.601623679166729319E+00   -0.256551229003675758E+03
    0.330818944605155849E+02    0.522037378968947419E+01    0.599873927602791124E+00   -0.256548287100578307E+03
    0.331489928231883439E+02    0.516197342174556706E+01    0.609852084449711507E+00   -0.256548191193402431E+03
    0.331489928231883439E+02    0.516197342174556706E+01    0.609852084449711507E+00   -0.256548191193402431E+03
    0.331659910062471326E+02    0.511135118243713116E+01    0.697477747967344519E+00   -0.256548045717857576E+03
    0.331659910062471326E+02    0.511135118243713116E+01    0.697477747967344519E+00   -0.256548045717857576E+03
    0.331532193404340205E+02    0.514036744943462232E+01    0.677060045540926692E+00   -0.256547413165281796E+03
    0.331532193404340205E+02    0.514036744943462232E+01    0.677060045540926692E+00   -0.256547413165281796E+03
    0.334994117873274249E+02    0.483595749542400100E+01    0.740876683092085431E+00   -0.256546456606506808E+03
    0.333147997174870696E+02    0.497752201252559878E+01    0.736964864808586473E+00   -0.256545648729689674E+03
    0.333147997174870696E+02    0.497752201252559878E+01    0.736964864808586473E+00   -0.256545648729689674E+03
    0.334274293648570193E+02    0.490338156063835306E+01    0.750225880082957430E+00   -0.256545556331067303E+03
    0.332026090059592889E+02    0.513596544083358530E+01    0.625368022235532228E+00   -0.256544734909101635E+03
    0.331690163454242608E+02    0.516196964907730127E+01    0.610570519108231125E+00   -0.256544463878705187E+03
    0.335915395966154193E+02    0.477723518611918507E+01    0.745223775796342025E+00   -0.256544430720690798E+03
    0.332303353741095293E+02    0.504352256643472074E+01    0.709880093222368558E+00   -0.256543196993165793E+03
    0.332303353741095293E+02    0.504352256643472074E+01    0.709880093222368558E+00   -0.256543196993165793E+03
    0.331903044449235765E+02    0.510126374558219986E+01    0.644651525035759065E+00   -0.256542840977353194E+03
    0.331820363239440255E+02    0.514086172500558103E+01    0.649144861122617378E+00   -0.256541330573098890E+03
    0.335758640683866929E+02    0.478215540132573036E+01    0.755368070340208919E+00   -0.256540552328175409E+03
    0.333743415313347924E+02    0.492666660219457508E+01    0.736033457447814454E+00   -0.256538235861053352E+03
    0.333769413280725900E+02    0.493377139039359669E+01    0.748494405610205082E+00   -0.256537949045504263E+03
    0.333769413280725900E+02    0.493377139039359669E+01    0.748494405610205082E+00   -0.256537949045504263E+03
    0.332026573623068515E+02    0.511791798416782218E+01    0.664219990224925283E+00   -0.256537871056299593E+03
    0.332055171134660796E+02    0.513131164619285052E+01    0.613619216900046727E+00   -0.256537523833690216E+03
    0.330516347959992203E+02    0.524540897058200262E+01    0.617023672408368529E+00   -0.256537260494093005E+03
    0.330516347959992203E+02    0.524540897058200262E+01    0.617023672408368529E+00   -0.256537260494093005E+03
    0.334926843145956710E+02    0.483794779427619659E+01    0.749643237061207057E+00   -0.256536572745698777E+03
    0.334906555646257331E+02    0.484978892529123229E+01    0.723204712805984751E+00   -0.256535543416479129E+03
    0.334804493217910419E+02    0.484983051064018422E+01    0.738239408177250644E+00   -0.256534944007056936E+03
    0.330846871891550265E+02    0.518834306317236926E+01    0.667122461731683769E+00   -0.256534739217301762E+03
    0.334392399837049581E+02    0.491519994435233798E+01    0.726147911944555968E+00   -0.256534547461302793E+03
    0.330133428437896583E+02    0.524032048115330618E+01    0.645165086576391267E+00   -0.256531289207530676E+03
    0.335298479446548114E+02    0.482951628513388709E+01    0.716504210981624645E+00   -0.256531032219624535E+03
    0.335298479446548114E+02    0.482951628513388709E+01    0.716504210981624645E+00   -0.256531032219624535E+03
    0.332767084811425491E+02    0.505881702459316163E+01    0.630516701703082272E+00   -0.256530605924588428E+03
    0.336017080691053636E+02    0.477664672284728109E+01    0.747075417055411028E+00   -0.256527895864241543E+03
    0.334431006719840767E+02    0.491092695219857234E+01    0.728379079397592721E+00   -0.256527303952653881E+03
    0.334018398576924724E+02    0.494750262201766322E+01    0.716945560581421004E+00   -0.256527096950504074E+03
    0.334018398576924724E+02    0.494750262201766322E+01    0.716945560581421004E+00   -0.256527096950504074E+03
    0.335752960091135222E+02    0.480542889656627370E+01    0.739011686004122481E+00   -0.256525503074143558E+03
    0.335752960091135222E+02    0.480542889656627370E+01    0.739011686004122481E+00   -0.256525503074143558E+03
    0.334559926516522310E+02    0.489966487621438951E+01    0.731539269485465216E+00   -0.256525029268317724E+03
    0.334559926516522310E+02    0.489966487621438951E+01    0.731539269485465216E+00   -0.256525029268317724E+03
    0.334780797437832547E+02    0.485700037004510676E+01    0.761740737827700798E+00   -0.256524054090245727E+03
    0.334188389427845323E+02    0.489454142194807496E+01    0.755171117023650917E+00   -0.256523599383151861E+03
    0.333952209433699281E+02    0.497247899382508685E+01    0.651345080760171058E+00   -0.256522511604397664E+03
    0.331297818812534715E+02    0.518071741044770828E+01    0.605651268092624595E+00   -0.256522058644902813E+03
    0.332856765295935020E+02    0.499779493890524584E+01    0.722955904234433344E+00   -0.256521094228877644E+03
    0.334325279051104332E+02    0.489125333862735978E+01    0.756637088151285386E+00   -0.256521087488141461E+03
    0.332846252500645008E+02    0.500507924152885053E+01    0.730338063866247111E+00   -0.256520321474632510E+03
    0.335946995079194508E+02    0.477322339532210993E+01    0.755900033437412411E+00   -0.256519538156923431E+03
    0.334771672381765839E+02    0.489023806427530161E+01    0.722326079463343262E+00   -0.256518715921525029E+03
    0.330477765327518682E+02    0.521853720821591516E+01    0.655873944753081140E+00   -0.256518696544078807E+03
    0.335502217413053074E+02    0.480749160347262183E+01    0.762200294199766315E+00   -0.256518198996791000E+03
    0.333697252799776294E+02    0.499195664535542427E+01    0.678925049256918323E+00   -0.256518130063441276E+03
    0.330433269443987854E+02    0.521829147094910084E+01    0.657062681374083857E+00   -0.256517985595392418E+03
    0.330175598134912534E+02    0.525987613883739247E+01    0.628151477020447047E+00   -0.256516904126160284E+03
    0.334740165982310174E+02    0.490728892070249323E+01    0.690025767560297432E+00   -0.256516895403074955E+03
    0.330141029338015599E+02    0.524561946725350658E+01    0.644455788166232280E+00   -0.256515682837442739E+03
    0.335803750231624036E+02    0.478234342622376474E+01    0.748002278636951567E+00   -0.256513909283971032E+03
    0.335803750231624036E+02    0.478234342622376474E+01    0.748002278636951567E+00   -0.256513909283971032E+03
    0.335033188189249671E+02    0.483609440258326551E+01    0.734692430101510641E+00   -0.256513692551671681E+03
    0.333552127391736661E+02    0.499377587811323931E+01    0.647415487752684315E+00   -0.256513009364295897E+03
    0.333552127391736661E+02    0.499377587811323931E+01    0.647415487752684315E+00   -0.256513009364295897E+03
    0.331088561544024031E+02    0.516523913092057807E+01    0.676519106592546438E+00   -0.256512126257976149E+03
    0.334497387046385413E+02    0.492345887605941357E+01    0.666952188282867175E+00   -0.256510410441068927E+03
    0.334089441384439993E+02    0.493564014375805726E+01    0.726776053354955431E+00   -0.256510336880564125E+03
    0.332110025436611949E+02    0.510510643855909052E+01    0.624804174291459735E+00   -0.256508824377978101E+03
    0.330288398318350147E+02    0.525971748665554273E+01    0.598848502644472092E+00   -0.256507885421137644E+03
    0.330288398318350147E+02    0.525971748665554273E+01    0.598848502644472092E+00   -0.256507885421137644E+03
    0.335424908325204711E+02    0.482377867591402065E+01    0.750275688777867877E+00   -0.256507229146658347E+03
    0.335659988833740073E+02    0.481660056266365366E+01    0.712403225396596507E+00   -0.256506782149747153E+03
    0.330221921513135896E+02    0.523717829414011149E+01    0.648393683322715075E+00   -0.256506529437073823E+03
    0.334712600797765703E+02    0.487701909604221573E+01    0.699366027084808550E+00   -0.256505731246345420E+03
    0.334576565881457242E+02    0.487820303127254995E+01    0.755292015572468278E+00   -0.256505276285791979E+03
    0.334798947654499202E+02    0.485365051955002169E+01    0.762566421521325921E+00   -0.256504181184957076E+03
    0.334798947654499202E+02    0.485365051955002169E+01    0.762566421521325921E+00   -0.256504181184957076E+03
    0.331229330683838370E+02    0.517842668062443590E+01    0.610217724585038090E+00   -0.256504072949883380E+03
    0.331229330683838370E+02    0.517842668062443590E+01    0.610217724585038090E+00   -0.256504072949883380E+03
    0.332514802224885528E+02    0.504395437507062994E+01    0.667009091878602023E+00   -0.256503366443481184E+03
    0.334906562024590997E+02    0.484416485006056874E+01    0.763858098344432301E+00   -0.256502426605812673E+03
    0.332601904806605759E+02    0.505144709667782266E+01    0.648017629192515265E+00   -0.256502142741246359E+03
    0.332601904806605759E+02    0.505144709667782266E+01    0.648017629192515265E+00   -0.256502142741246359E+03
    0.331929370924535760E+02    0.508250401346652669E+01    0.674088995487013731E+00   -0.256498729209604051E+03
    0.330263494987920438E+02    0.522907833109788456E+01    0.650812780090261445E+00   -0.256495830875664240E+03
    0.331614195133568188E+02    0.511873341551184335E+01    0.693231639271956079E+00   -0.256493003829811812E+03
    0.334786819618895350E+02    0.484952853353623858E+01    0.761874129975267156E+00   -0.256491354120808751E+03
    0.331117846294290530E+02    0.514685093797924864E+01    0.674481443697527494E+00   -0.256490936032175568E+03
    0.331717732113377650E+02    0.509397649485436066E+01    0.692038478917275990E+00   -0.256490071229542650E+03
    0.332766870525903116E+02    0.503219356436464693E+01    0.713732424557864453E+00   -0.256488055903381110E+03
    0.329890615218638317E+02    0.528595066608827757E+01    0.610495596777474892E+00   -0.256487317256921699E+03
    0.330475211212467670E+02    0.520679148523703184E+01    0.657516388457344392E+00   -0.256487256489389665E+03
    0.330475211212467670E+02    0.520679148523703184E+01    0.657516388457344392E+00   -0.256487256489389665E+03
    0.331341564723441451E+02    0.518879969150152220E+01    0.611889565269374658E+00   -0.256486859816535855E+03
    0.334168232722771492E+02    0.495786560004633614E+01    0.659750669691965275E+00   -0.256485273890021006E+03
    0.334300426595788736E+02    0.494426422121789599E+01    0.683250890058372806E+00   -0.256485265663227040E+03
    0.333513604472731942E+02    0.501193557081239582E+01    0.663179466413939100E+00   -0.256484315533024642E+03
    0.331102187268186015E+02    0.519107397359839595E+01    0.644795072648842504E+00   -0.256483480556648658E+03
    0.331102187268186015E+02    0.519107397359839595E+01    0.644795072648842504E+00   -0.256483480556648658E+03
    0.330491285480075163E+02    0.520494154235473516E+01    0.656640513103440404E+00   -0.256482587607067217E+03
    0.330491285480075163E+02    0.520494154235473516E+01    0.656640513103440404E+00   -0.256482587607067217E+03
    0.329961571820890356E+02    0.527877506712206568E+01    0.617066036398470352E+00   -0.256481313303820855E+03
    0.333951853403304710E+02    0.494944695649573152E+01    0.667433164424839576E+00   -0.256480382860395252E+03
    0.330046239157173602E+02    0.526341412906918382E+01    0.610473379162783436E+00   -0.256479605691581469E+03
    0.330046239157173602E+02    0.526341412906918382E+01    0.610473379162783436E+00   -0.256479605691581469E+03
    0.331583169050049946E+02    0.513330222270395620E+01    0.681042945568968605E+00   -0.256479049238603523E+03
    0.333175696427446013E+02    0.500540825680844659E+01    0.714916665435269216E+00   -0.256478581131658530E+03
    0.332301102964498725E+02    0.509497870928063712E+01    0.670744123029319517E+00   -0.256478204676406222E+03
    0.332301102964498725E+02    0.509497870928063712E+01    0.670744123029319517E+00   -0.256478204676406222E+03
    0.330531396562344071E+02    0.523899666276894305E+01    0.600620722598644630E+00   -0.256477635839764332E+03
    0.331296102653562485E+02    0.514924856938729114E+01    0.681023161625838425E+00   -0.256477041270820564E+03
    0.331296102653562485E+02    0.514924856938729114E+01    0.681023161625838425E+00   -0.256477041270820564E+03
    0.335125825204968351E+02    0.482485876707471562E+01    0.763625473500188612E+00   -0.256476732649114695E+03
    0.332719046959444213E+02    0.504746851169084643E+01    0.699129732655590308E+00   -0.256474742450751648E+03
    0.331019130364339205E+02    0.520891680154114134E+01    0.622064251444378602E+00   -0.256474216436143138E+03
    0.331019130364339205E+02    0.520891680154114134E+01    0.622064251444378602E+00   -0.256474216436143138E+03
    0.334716094863579059E+02    0.490321107168795844E+01    0.674587576043041759E+00   -0.256473485623692625E+03
    0.333817452879173970E+02    0.497227852300512918E+01    0.699441492450854740E+00   -0.256472642316247004E+03
    0.335429327221070395E+02    0.483886982603432259E+01    0.701605012112458071E+00   -0.256472218455366146E+03
    0.335429327221070395E+02    0.483886982603432259E+01    0.701605012112458071E+00   -0.256472218455366146E+03
    0.335504188869741853E+02    0.482121949841685193E+01    0.744901332386008086E+00   -0.256471923920193831E+03
    0.335297757593240391E+02    0.484922771242902062E+01    0.696682332882020638E+00   -0.256471362916592057E+03
    0.330690612206154384E+02    0.522942094090077525E+01    0.600371028112156035E+00   -0.256470627448076073E+03
    0.330690612206154384E+02    0.522942094090077525E+01    0.600371028112156035E+00   -0.256470627448076073E+03
    0.335397776442390807E+02    0.484681808230821609E+01    0.703161299332567546E+00   -0.256469930158107388E+03
    0.330955372363347493E+02    0.521040678872219054E+01    0.628040123460359645E+00   -0.256469811607667509E+03
    0.333699455918832797E+02    0.499614922894824787E+01    0.646403139981654551E+00   -0.256465473198068594E+03
    0.332868421390931388E+02    0.506322618928108348E+01    0.654956752640979856E+00   -0.256464678843096806E+03
    0.332868421390931388E+02    0.506322618928108348E+01    0.654956752640979856E+00   -0.256464678843096806E+03
    0.333125705215220904E+02    0.501592395368040211E+01    0.650352182242879606E+00   -0.256462812449722833E+03
    0.331049733675264903E+02    0.520874916130622889E+01    0.616530164591986396E+00   -0.256461915865380547E+03
    0.332762987974659907E+02    0.500638908265694127E+01    0.714071456500876556E+00   -0.256461329274430909E+03
    0.332762987974659907E+02    0.500638908265694127E+01    0.714071456500876556E+00   -0.256461329274430909E+03
    0.331437414519146927E+02    0.514493810354748415E+01    0.677504241173155553E+00   -0.256460961943111784E+03
    0.331437414519146927E+02    0.514493810354748415E+01    0.677504241173155553E+00   -0.256460961943111784E+03
    0.330647334992501598E+02    0.523768021026228237E+01    0.612841232686584969E+00   -0.256460816109721748E+03
    0.330647334992501598E+02    0.523768021026228237E+01    0.612841232686584969E+00   -0.256460816109721748E+03
    0.331034779963136714E+02    0.517732645038377814E+01    0.625555077649495583E+00   -0.256460380363729428E+03
    0.335730128228832143E+02    0.479795424785086233E+01    0.728595409408509198E+00   -0.256459257560205117E+03
    0.335730128228832143E+02    0.479795424785086233E+01    0.728595409408509198E+00   -0.256459257560205117E+03
    0.333844455858600071E+02    0.496545811078389754E+01    0.658041197326139748E+00   -0.256459178627575739E+03
    0.335098537892985462E+02    0.485545772884928439E+01    0.738970783443146262E+00   -0.256456502711021585E+03
    0.330869771907473904E+02    0.520310823980579595E+01    0.610175454141360318E+00   -0.256454837577087801E+03
    0.333405556725196703E+02    0.498934507446681419E+01    0.716050197686329604E+00   -0.256454104945350082E+03
    0.333405556725196703E+02    0.498934507446681419E+01    0.716050197686329604E+00   -0.256454104945350082E+03
    0.335154928207747744E+02    0.482737196496273580E+01    0.737444359287979134E+00   -0.256452804983718408E+03
    0.335154928207747744E+02    0.482737196496273580E+01    0.737444359287979134E+00   -0.256452804983718408E+03
    0.332328738731355458E+02    0.506579564686072015E+01    0.705704289953605790E+00   -0.256452289847188922E+03
    0.331332165430300662E+02    0.512825323445207371E+01    0.683783855014562958E+00   -0.256451860864891387E+03
    0.332895997320266233E+02    0.505778076578614488E+01    0.662543372220407933E+00   -0.256450505064356264E+03
    0.330619707362708581E+02    0.520008396269301798E+01    0.638097216662256050E+00   -0.256450363953325734E+03
    0.334561810407613009E+02    0.491444579439923768E+01    0.670936394152806148E+00   -0.256447655081862990E+03
    0.334677690583514931E+02    0.491331524531751462E+01    0.683713607869962492E+00   -0.256447638304331178E+03
    0.334322157249391907E+02    0.492163389242933214E+01    0.723165582859078060E+00   -0.256447477138485397E+03
    0.333148129008681053E+02    0.498340559898269841E+01    0.735395009102030039E+00   -0.256446998454449442E+03
    0.334763539176355778E+02    0.489820091567171900E+01    0.707585526937213771E+00   -0.256445313420548075E+03
    0.333060905537180432E+02    0.504887657909792686E+01    0.654824616219589761E+00   -0.256445096573459693E+03
    0.333060905537180432E+02    0.504887657909792686E+01    0.654824616219589761E+00   -0.256445096573459693E+03
    0.335593879971845865E+02    0.480507848766118695E+01    0.728898963292519575E+00   -0.256445089012037215E+03
    0.332082379425285978E+02    0.513041977509284841E+01    0.617543538083409560E+00   -0.256444717039608406E+03
    0.334183448482831977E+02    0.489516993226876451E+01    0.753470066935164162E+00   -0.256444505086302513E+03
    0.330433399412024258E+02    0.525103099929306261E+01    0.599911688428180545E+00   -0.256443637871433054E+03
    0.330874328002202631E+02    0.518262652156059112E+01    0.669741314848575131E+00   -0.256443324679011766E+03
    0.333225052285336645E+02    0.497071517022889431E+01    0.715740313515822790E+00   -0.256442633693599760E+03
    0.332446881737465318E+02    0.507300492596688812E+01    0.635591768493194986E+00   -0.256442474109915906E+03
    0.335382490586181774E+02    0.482825769668152205E+01    0.712894169346679818E+00   -0.256441830526232650E+03
    0.335773137988915948E+02    0.479254288721154253E+01    0.754244721181874134E+00   -0.256441394683241526E+03
    0.333008975582304387E+02    0.499669340421146391E+01    0.731517931955173784E+00   -0.256440575595485768E+03
    0.332591971960330994E+02    0.508952502662192519E+01    0.637589390273030632E+00   -0.256437688493498285E+03
    0.334926475993241013E+02    0.485213318455107157E+01    0.717786299572548359E+00   -0.256437366364793490E+03
    0.335700057003160808E+02    0.480199902381737065E+01    0.725602766129220811E+00   -0.256436759387501468E+03
    0.335700057003160808E+02    0.480199902381737065E+01    0.725602766129220811E+00   -0.256436759387501468E+03
    0.332857564429686192E+02    0.504887374257002186E+01    0.683430904256504101E+00   -0.256435978472048987E+03
    0.332244248262494395E+02    0.509533116561570765E+01    0.675693848352230675E+00   -0.256434381463249906E+03
    0.332244248262494395E+02    0.509533116561570765E+01    0.675693848352230675E+00   -0.256434381463249906E+03
    0.330365841092021455E+02    0.522705507802734459E+01    0.626119586817274532E+00   -0.256434370765486108E+03
    0.330365841092021455E+02    0.522705507802734459E+01    0.626119586817274532E+00   -0.256434370765486108E+03
    0.330740679913175200E+02    0.523133210605379428E+01    0.602212242633881845E+00   -0.256432941332909650E+03
    0.335221795351997329E+02    0.485671818500368335E+01    0.720114801038007402E+00   -0.256432305130976431E+03
    0.332403298163661134E+02    0.510236025228115953E+01    0.641722115828421535E+00   -0.256432305068963785E+03
    0.333371639980291334E+02    0.497171455365069193E+01    0.689378629191470305E+00   -0.256432030818061151E+03
    0.333371639980291334E+02    0.497171455365069193E+01    0.689378629191470305E+00   -0.256432030818061151E+03
    0.334907105727324819E+02    0.484186635851310321E+01    0.743281122934637883E+00   -0.256431005006942314E+03
    0.332220821460715996E+02    0.511257139859876553E+01    0.648679081875532804E+00   -0.256430954615688904E+03
    0.332220821460715996E+02    0.511257139859876553E+01    0.648679081875532804E+00   -0.256430954615688904E+03
    0.335725711699524965E+02    0.481195814038919956E+01    0.718798987873436546E+00   -0.256428885789973947E+03
    0.331356559121618162E+02    0.518412858870665083E+01    0.624528090190400897E+00   -0.256427289239295931E+03
    0.334297038924542846E+02    0.494064879254082712E+01    0.692069235186368426E+00   -0.256427012917660136E+03
    0.335156731879142029E+02    0.486833193588608459E+01    0.703271464250331269E+00   -0.256426125187486150E+03
    0.332221417673740262E+02    0.507360446744078253E+01    0.703862761513962654E+00   -0.256424270578298092E+03
    0.333074104347077977E+02    0.499322616183223911E+01    0.731770306766269973E+00   -0.256423467053513264E+03
    0.333155115290069688E+02    0.501278133892491873E+01    0.652043516079515273E+00   -0.256422775138263489E+03
    0.331810625814529914E+02    0.515218700389361217E+01    0.618798548844367025E+00   -0.256421200304240188E+03
    0.331810625814529914E+02    0.515218700389361217E+01    0.618798548844367025E+00   -0.256421200304240188E+03
    0.334759704268341949E+02    0.485917953616538600E+01    0.759844562535217816E+00   -0.256420654608408540E+03
    0.334759704268341949E+02    0.485917953616538600E+01    0.759844562535217816E+00   -0.256420654608408540E+03
    0.331569971915655088E+02    0.512419484667971403E+01    0.689937436018987826E+00   -0.256419739878614223E+03
    0.335512512609617062E+02    0.483476967792927503E+01    0.711130994253119875E+00   -0.256418684177282557E+03
    0.333934798531493442E+02    0.492544985287193704E+01    0.747379840056674905E+00   -0.256417733613962469E+03
    0.332086906121981684E+02    0.511212820372843968E+01    0.665944012542926789E+00   -0.256417397428111997E+03
    0.332191479912335836E+02    0.506461888548334116E+01    0.711550379771275221E+00   -0.256417205861846412E+03
    0.332191479912335836E+02    0.506461888548334116E+01    0.711550379771275221E+00   -0.256417205861846412E+03
    0.331443465489701765E+02    0.515089809531916565E+01    0.669825790402475363E+00   -0.256415932355224868E+03
    0.331103138746171979E+02    0.518181429653750669E+01    0.615515072156594512E+00   -0.256414615423558132E+03
    0.335320854789843708E+02    0.481344710108636420E+01    0.763549220493717762E+00   -0.256413625719331947E+03
    0.333070231426808618E+02    0.498867808039657135E+01    0.698104531204534862E+00   -0.256413576263442565E+03
    0.335567317797756743E+02    0.481603732968741483E+01    0.716752363080116806E+00   -0.256413458103622816E+03
    0.335298935092818127E+02    0.484005391403429641E+01    0.704772968758073826E+00   -0.256412182004991109E+03
    0.335420826290974006E+02    0.481140124503876088E+01    0.762023526521206862E+00   -0.256411507968794240E+03
    0.333972921315721294E+02    0.491502445773714136E+01    0.750888318090671580E+00   -0.256409673346548118E+03
    0.330507501645576056E+02    0.524673170220357665E+01    0.601219921361723530E+00   -0.256409188052092588E+03
    0.332265544409216318E+02    0.509727520310984694E+01    0.670324870376645121E+00   -0.256408214692647618E+03
    0.332890991515946908E+02    0.504543116935078384E+01    0.685030017110558553E+00   -0.256408064462351604E+03
    0.332890991515946908E+02    0.504543116935078384E+01    0.685030017110558553E+00   -0.256408064462351604E+03
    0.333735974615855469E+02    0.498872070256399880E+01    0.647540611732563720E+00   -0.256408061297744950E+03
    0.331053455304011379E+02    0.519222411064754841E+01    0.647016251940688791E+00   -0.256407691823718892E+03
    0.331053455304011379E+02    0.519222411064754841E+01    0.647016251940688791E+00   -0.256407691823718892E+03
    0.335182395161439644E+02    0.483932886309961052E+01    0.751864772715981733E+00   -0.256407662653485943E+03
    0.334659705897415520E+02    0.489866058190650122E+01    0.720803118871319093E+00   -0.256406546670524392E+03
    0.330997202068262624E+02    0.518524022134442841E+01    0.660628888492001631E+00   -0.256406362783075622E+03
    0.331679791912251147E+02    0.513904470024790783E+01    0.665734121211752128E+00   -0.256405606019019672E+03
    0.331679791912251147E+02    0.513904470024790783E+01    0.665734121211752128E+00   -0.256405606019019672E+03
    0.333827186679313428E+02    0.492275988213731353E+01    0.746632742888479806E+00   -0.256403519612945047E+03
    0.332113299611343251E+02    0.506182022157171208E+01    0.694918567292208467E+00   -0.256402727588208677E+03
    0.331389447823053089E+02    0.512660070049315131E+01    0.689533245782457005E+00   -0.256402582891287125E+03
    0.332397536316575213E+02    0.504296608450168993E+01    0.717932706363611617E+00   -0.256402070711650765E+03
    0.330490899235211444E+02    0.522044234658477535E+01    0.652280823353775796E+00   -0.256401094871984412E+03
    0.330490899235211444E+02    0.522044234658477535E+01    0.652280823353775796E+00   -0.256401094871984412E+03
    0.330040352635513301E+02    0.527621977308122414E+01    0.604249909831173992E+00   -0.256400122330464569E+03
    0.335933487049247717E+02    0.478280798675464425E+01    0.741870460925864172E+00   -0.256400068855909410E+03
    0.335933487049247717E+02    0.478280798675464425E+01    0.741870460925864172E+00   -0.256400068855909410E+03
    0.331570970419419808E+02    0.510795928235294738E+01    0.684041530439572276E+00   -0.256399432199503622E+03
    0.331570970419419808E+02    0.510795928235294738E+01    0.684041530439572276E+00   -0.256399432199503622E+03
    0.335349416316452249E+02    0.481684156240425043E+01    0.734408899848210561E+00   -0.256398911730905297E+03
    0.332083666887634337E+02    0.510517996788014816E+01    0.676418985824378649E+00   -0.256394800062573267E+03
    0.331398691191801973E+02    0.513577495966304731E+01    0.648311453661637005E+00   -0.256393589944742189E+03
    0.332426083907415446E+02    0.505878978685828962E+01    0.706541483219155220E+00   -0.256393267595435020E+03
    0.332426083907415446E+02    0.505878978685828962E+01    0.706541483219155220E+00   -0.256393267595435020E+03
    0.334510293595711587E+02    0.487865958885860884E+01    0.756545763197099319E+00   -0.256392085899391304E+03
    0.331383321993284028E+02    0.515141178694735391E+01    0.673243096412455611E+00   -0.256389921483423052E+03
    0.333217512807876020E+02    0.502057968192193371E+01    0.641632277030981246E+00   -0.256389807311772074E+03
    0.333217512807876020E+02    0.502057968192193371E+01    0.641632277030981246E+00   -0.256389807311772074E+03
    0.334723278241054203E+02    0.486025441203497799E+01    0.759804791937987556E+00   -0.256388408447528889E+03
    0.334723278241054203E+02    0.486025441203497799E+01    0.759804791937987556E+00   -0.256388408447528889E+03
    0.335764443129366157E+02    0.479130263465940587E+01    0.755010473035920060E+00   -0.256386432050367830E+03
    0.333693948765013744E+02    0.495907379322571717E+01    0.675938352109795249E+00   -0.256385016298722462E+03
    0.334672553784195514E+02    0.486325170293810594E+01    0.729392902057531156E+00   -0.256384858356434165E+03
    0.334492473110121011E+02    0.488946591755283855E+01    0.748616072922210662E+00   -0.256384622541613567E+03
    0.332078910050003486E+02    0.506615772124916042E+01    0.689126598263973822E+00   -0.256383634309942011E+03
    0.335317392955743188E+02    0.485342935978273804E+01    0.702614843097296160E+00   -0.256382815869838737E+03
    0.335317392955743188E+02    0.485342935978273804E+01    0.702614843097296160E+00   -0.256382815869838737E+03
    0.332009114510321410E+02    0.509187378137201474E+01    0.697515359632480902E+00   -0.256381191901137811E+03
    0.334536480278511448E+02    0.486760112425934821E+01    0.754462166364661568E+00   -0.256380819978068018E+03
    0.334536480278511448E+02    0.486760112425934821E+01    0.754462166364661568E+00   -0.256380819978068018E+03
    0.334910917641706902E+02    0.488802564414547991E+01    0.682331373725659662E+00   -0.256380617677175508E+03
    0.334910917641706902E+02    0.488802564414547991E+01    0.682331373725659662E+00   -0.256380617677175508E+03
    0.333776913281820953E+02    0.494176166628697011E+01    0.693926668297003668E+00   -0.256380478669132401E+03
    0.332821744758366975E+02    0.505429159458050759E+01    0.632794256822190038E+00   -0.256380439332056767E+03
    0.330773531775729026E+02    0.518728835048421111E+01    0.667928065598055953E+00   -0.256376819874348655E+03
    0.330773531775729026E+02    0.518728835048421111E+01    0.667928065598055953E+00   -0.256376819874348655E+03
    0.335089496476025701E+02    0.485114090239568174E+01    0.745093852968424897E+00   -0.256376412216636879E+03
    0.330927490809116307E+02    0.517919678433610642E+01    0.669840938625738902E+00   -0.256376042892755379E+03
    0.330163594425477385E+02    0.526715629333659763E+01    0.614438264890494690E+00   -0.256375699236006596E+03
    0.330676757841289088E+02    0.522812832443553788E+01    0.627785105465739068E+00   -0.256374924342920224E+03
    0.333765654997170458E+02    0.495565554739517111E+01    0.727862030393210069E+00   -0.256374437531851868E+03
    0.333471360377729695E+02    0.500299046543627757E+01    0.687915641958187218E+00   -0.256373549036664997E+03
    0.333471360377729695E+02    0.500299046543627757E+01    0.687915641958187218E+00   -0.256373549036664997E+03
    0.331354810611455406E+02    0.516050966397862609E+01    0.664239843273003006E+00   -0.256373455530848787E+03
    0.331403846544344347E+02    0.513448705431879659E+01    0.650078803249416581E+00   -0.256373169213819267E+03
    0.334687889111352916E+02    0.491186452156880637E+01    0.681790661626068495E+00   -0.256372090453164788E+03
    0.332237178721096029E+02    0.506204539008827226E+01    0.671111662354363481E+00   -0.256371012070260406E+03
    0.332237178721096029E+02    0.506204539008827226E+01    0.671111662354363481E+00   -0.256371012070260406E+03
    0.334454900616999709E+02    0.493228146629979136E+01    0.671038845635090420E+00   -0.256370405581697582E+03
    0.334454900616999709E+02    0.493228146629979136E+01    0.671038845635090420E+00   -0.256370405581697582E+03
    0.335605627374537647E+02    0.481934443499414389E+01    0.713693519525260611E+00   -0.256369625276096031E+03
    0.333974033986618082E+02    0.491869352729920184E+01    0.712337872561576990E+00   -0.256368713305240192E+03
    0.333974033986618082E+02    0.491869352729920184E+01    0.712337872561576990E+00   -0.256368713305240192E+03
    0.331409019840212764E+02    0.517768064388838933E+01    0.606965069595893691E+00   -0.256367351392728267E+03
    0.330158787230180906E+02    0.525170679599913903E+01    0.615483678124148614E+00   -0.256366705096609564E+03
    0.330158787230180906E+02    0.525170679599913903E+01    0.615483678124148614E+00   -0.256366705096609564E+03
    0.331582892852853917E+02    0.510763795179706381E+01    0.692069275464465505E+00   -0.256366625797005838E+03
    0.334666221814466738E+02    0.485841014334041610E+01    0.746164375489632881E+00   -0.256365831014719504E+03
    0.334666221814466738E+02    0.485841014334041610E+01    0.746164375489632881E+00   -0.256365831014719504E+03
    0.333473039148536685E+02    0.497827100143298651E+01    0.723539633174493657E+00   -0.256365609142482640E+03
    0.333035076805375496E+02    0.500530651549988992E+01    0.723531171302721599E+00   -0.256363689271859755E+03
    0.335664781301728965E+02    0.481558201342132630E+01    0.729161373850047534E+00   -0.256363536520122977E+03
    0.335664781301728965E+02    0.481558201342132630E+01    0.729161373850047534E+00   -0.256363536520122977E+03
    0.334403672065770365E+02    0.491045841320051668E+01    0.681914848371220739E+00   -0.256361818202453378E+03
    0.331520243437306661E+02    0.517379285941475153E+01    0.613075380232757872E+00   -0.256361684126310138E+03
    0.330726384023912345E+02    0.520768851076570005E+01    0.652247496097218771E+00   -0.256361569117119302E+03
    0.335711786697907684E+02    0.481258365718020276E+01    0.723087365201786181E+00   -0.256360214984514982E+03
    0.335279071900312573E+02    0.481634603219950908E+01    0.761983804571079615E+00   -0.256359715896509385E+03
    0.332522522790221373E+02    0.504561257558206400E+01    0.713403407560869174E+00   -0.256358247369289700E+03
    0.330170206856407731E+02    0.526164944691557945E+01    0.623306772071045012E+00   -0.256358156701930454E+03
    0.332504734545503169E+02    0.508652856537227915E+01    0.623576207070440924E+00   -0.256357131393591203E+03
    0.332504734545503169E+02    0.508652856537227915E+01    0.623576207070440924E+00   -0.256357131393591203E+03
    0.333387284118552145E+02    0.501169572084340675E+01    0.642251988718552491E+00   -0.256356819017193516E+03
    0.332747841388621879E+02    0.500955199256191364E+01    0.707802251174707298E+00   -0.256356475766806454E+03
    0.334585709679047056E+02    0.486449572799274499E+01    0.744737418994391054E+00   -0.256356456086329445E+03
    0.333697393068178201E+02    0.498671537073424176E+01    0.649000167215262547E+00   -0.256355480549482479E+03
    0.333697393068178201E+02    0.498671537073424176E+01    0.649000167215262547E+00   -0.256355480549482479E+03
    0.333677073722080664E+02    0.494459307804457193E+01    0.701444109643408309E+00   -0.256354932520895147E+03
    0.335271883788553069E+02    0.483855249338656890E+01    0.708646956939831707E+00   -0.256354732351342477E+03
    0.334656400759193104E+02    0.490961195759375091E+01    0.674095067004479409E+00   -0.256354718876567688E+03
    0.334269452882918827E+02    0.493641591638792843E+01    0.665100171360466508E+00   -0.256350185317300202E+03
    0.332100697701344671E+02    0.511717601570370562E+01    0.655179739200140387E+00   -0.256348080301889638E+03
    0.332100697701344671E+02    0.511717601570370562E+01    0.655179739200140387E+00   -0.256348080301889638E+03
    0.332910482227429867E+02    0.502666043097162785E+01    0.708773367146586231E+00   -0.256347923374515574E+03
    0.332910482227429867E+02    0.502666043097162785E+01    0.708773367146586231E+00   -0.256347923374515574E+03
    0.334886793608225730E+02    0.487964454042838902E+01    0.724034548036268877E+00   -0.256347626006956375E+03
    0.332343304158328152E+02    0.506150843059708944E+01    0.659471024750279522E+00   -0.256346641512550207E+03
    0.333424595454999562E+02    0.501958727661451665E+01    0.642713244321712618E+00   -0.256345794081895804E+03
    0.335572175152018346E+02    0.482415527053220305E+01    0.711845677056650361E+00   -0.256345695378187941E+03
    0.331948399656383941E+02    0.507756741637575182E+01    0.685841027240361889E+00   -0.256345674474066186E+03
    0.331948399656383941E+02    0.507756741637575182E+01    0.685841027240361889E+00   -0.256345674474066186E+03
    0.334638625633960913E+02    0.486009954273703926E+01    0.752485108815133086E+00   -0.256341133990819287E+03
    0.334638625633960913E+02    0.486009954273703926E+01    0.752485108815133086E+00   -0.256341133990819287E+03
    0.330219885122158132E+02    0.524658639699540430E+01    0.638533962645693842E+00   -0.256340808715958417E+03
    0.334900944384709476E+02    0.489209628781046213E+01    0.689140818238697661E+00   -0.256340740045738357E+03
    0.334900944384709476E+02    0.489209628781046213E+01    0.689140818238697661E+00   -0.256340740045738357E+03
    0.333891620911950042E+02    0.493415234288057292E+01    0.694159409497215663E+00   -0.256340528765609804E+03
    0.333891620911950042E+02    0.493415234288057292E+01    0.694159409497215663E+00   -0.256340528765609804E+03
    0.331492293188422167E+02    0.516145095523887676E+01    0.611962415241544821E+00   -0.256340274636264439E+03
    0.332309672432240575E+02    0.505139644764724061E+01    0.714721449903510497E+00   -0.256339277476494601E+03
    0.332309672432240575E+02    0.505139644764724061E+01    0.714721449903510497E+00   -0.256339277476494601E+03
    0.335347500559453238E+02    0.482879138886545078E+01    0.715955144113452846E+00   -0.256339174892893595E+03
    0.332431920317518177E+02    0.508703704771799270E+01    0.667916683805436229E+00   -0.256338507386352831E+03
    0.332431920317518177E+02    0.508703704771799270E+01    0.667916683805436229E+00   -0.256338507386352831E+03
    0.329904927473564697E+02    0.527725890649510099E+01    0.613877923947667159E+00   -0.256338504422005428E+03
    0.329904927473564697E+02    0.527725890649510099E+01    0.613877923947667159E+00   -0.256338504422005428E+03
    0.332428163039335800E+02    0.506745732801800219E+01    0.696348764637180095E+00   -0.256338249908545379E+03
    0.330628265962390202E+02    0.521375336399691314E+01    0.618234449006809017E+00   -0.256338199501807424E+03
    0.333375632798480126E+02    0.502507070393526867E+01    0.646327644063404927E+00   -0.256337446775116803E+03
    0.330518860834554502E+02    0.520806964850880316E+01    0.658110005409140442E+00   -0.256337275613560507E+03
    0.330518860834554502E+02    0.520806964850880316E+01    0.658110005409140442E+00   -0.256337275613560507E+03
    0.332330486258689959E+02    0.505188860080894742E+01    0.714642761410552163E+00   -0.256336420741923405E+03
    0.332330486258689959E+02    0.505188860080894742E+01    0.714642761410552163E+00   -0.256336420741923405E+03
    0.334934979296737225E+02    0.487843985762527943E+01    0.686520869691866209E+00   -0.256336385323482205E+03
    0.334934979296737225E+02    0.487843985762527943E+01    0.686520869691866209E+00   -0.256336385323482205E+03
    0.330973676366761680E+02    0.520614026874277513E+01    0.604567824962807698E+00   -0.256335406676739467E+03
    0.330802095175273081E+02    0.520525787854097732E+01    0.649598499459023593E+00   -0.256333290059064495E+03
    0.331063235335122954E+02    0.520764839994833384E+01    0.608942919280014205E+00   -0.256331738574524252E+03
    0.333895603901085565E+02    0.497916660744391937E+01    0.670130359534480746E+00   -0.256329489753244843E+03
    0.330520776503376439E+02    0.523519252406731717E+01    0.605327214090538135E+00   -0.256328259947919946E+03
    0.335699126779345463E+02    0.480978422883714529E+01    0.734454306591043826E+00   -0.256328014360643408E+03
    0.331273687760965032E+02    0.519017412422479563E+01    0.621849358989308265E+00   -0.256327924881504600E+03
    0.331006995928355252E+02    0.517833785279514025E+01    0.666627486086668775E+00   -0.256326968087233240E+03
    0.332876284693501319E+02    0.500412125078461045E+01    0.695977763992175147E+00   -0.256326129310211002E+03
    0.334898602008342436E+02    0.489166880632062551E+01    0.693181942245820304E+00   -0.256325781544369704E+03
    0.331204602234695002E+02    0.516512626928752194E+01    0.668951200952361380E+00   -0.256324124730879078E+03
    0.333098609879336749E+02    0.498283625948185094E+01    0.709274242227614371E+00   -0.256324009257223963E+03
    0.335286311853700738E+02    0.482236809723511595E+01    0.732433666695048724E+00   -0.256323355439754891E+03
    0.335286311853700738E+02    0.482236809723511595E+01    0.732433666695048724E+00   -0.256323355439754891E+03
    0.335572438287406811E+02    0.480419005611805527E+01    0.734564945844654593E+00   -0.256323138358207075E+03
    0.330839915173903734E+02    0.522104902923503289E+01    0.603325011555297941E+00   -0.256323067729715547E+03
    0.333439260803960593E+02    0.497540184352910408E+01    0.728645321679720182E+00   -0.256322794233522757E+03
    0.333439260803960593E+02    0.497540184352910408E+01    0.728645321679720182E+00   -0.256322794233522757E+03
    0.334718774150652862E+02    0.489408521899314408E+01    0.681682868682462195E+00   -0.256321651629045732E+03
    0.334718774150652862E+02    0.489408521899314408E+01    0.681682868682462195E+00   -0.256321651629045732E+03
    0.330382115170975226E+02    0.522310371269227680E+01    0.632622051928689366E+00   -0.256321414189608845E+03
    0.334168606268128627E+02    0.490967115647904784E+01    0.748119199897004705E+00   -0.256320712273694596E+03
    0.334168606268128627E+02    0.490967115647904784E+01    0.748119199897004705E+00   -0.256320712273694596E+03
    0.333064276597746556E+02    0.498277670148768692E+01    0.721658038895183651E+00   -0.256320576347896065E+03
    0.332662873818028615E+02    0.502530477094963590E+01    0.722196213609754389E+00   -0.256320347746016751E+03
    0.331955451485798037E+02    0.507603202300404899E+01    0.702182470094021904E+00   -0.256320310131262659E+03
    0.331955451485798037E+02    0.507603202300404899E+01    0.702182470094021904E+00   -0.256320310131262659E+03
    0.334435812335846521E+02    0.492922307771300705E+01    0.692381926698074190E+00   -0.256318827354217262E+03
    0.334256537679533210E+02    0.494957835840313365E+01    0.669951593598926642E+00   -0.256318330014774517E+03
    0.334256537679533210E+02    0.494957835840313365E+01    0.669951593598926642E+00   -0.256318330014774517E+03
    0.333207373193155547E+02    0.497137305327896417E+01    0.723112433650518693E+00   -0.256318212578905673E+03
    0.335520096256810660E+02    0.482399032865988175E+01    0.735850046592664730E+00   -0.256318081103969462E+03
    0.332223389587457305E+02    0.511605686193548159E+01    0.619063373510533643E+00   -0.256316524156254957E+03
    0.331046612277638346E+02    0.520854327572605502E+01    0.612531329629098287E+00   -0.256316299603714526E+03
    0.335300962677953649E+02    0.481785264026958071E+01    0.740423520223848497E+00   -0.256316256788612293E+03
    0.330089221443183334E+02    0.527191813118665564E+01    0.610068001923541048E+00   -0.256316052214422371E+03
    0.330400734102048901E+02    0.523564587339742982E+01    0.612959220158243001E+00   -0.256315210477593212E+03
    0.332478230767871423E+02    0.508551293104248003E+01    0.625025069554422052E+00   -0.256314245329941684E+03
    0.332742854660958898E+02    0.501312633494242377E+01    0.724824977845387131E+00   -0.256313895358059199E+03
    0.332230964490312317E+02    0.505268112288084659E+01    0.697059899326118892E+00   -0.256313389303470274E+03
    0.334530082150224288E+02    0.487893200476292677E+01    0.754705887325839209E+00   -0.256312690719523630E+03
    0.334530082150224288E+02    0.487893200476292677E+01    0.754705887325839209E+00   -0.256312690719523630E+03
    0.331380781037140792E+02    0.518251284454221839E+01    0.608896996843813376E+00   -0.256311219704904829E+03
    0.333138431121371781E+02    0.501768704573470092E+01    0.648809861050819836E+00   -0.256310558891135713E+03
    0.334465894973729974E+02    0.493101723351168619E+01    0.675841129085618553E+00   -0.256309020934861678E+03
    0.332903611603672118E+02    0.505780385548239053E+01    0.630510171503530392E+00   -0.256308952872344776E+03
    0.332903611603672118E+02    0.505780385548239053E+01    0.630510171503530392E+00   -0.256308952872344776E+03
    0.330832317393765010E+02    0.518451765652628360E+01    0.667795026958094451E+00   -0.256308676366718430E+03
    0.332850722972625661E+02    0.503627601303277395E+01    0.701266031756043517E+00   -0.256308635247521067E+03
    0.334167727686091638E+02    0.489635434586278251E+01    0.738626147549973799E+00   -0.256303349019892323E+03
    0.334167727686091638E+02    0.489635434586278251E+01    0.738626147549973799E+00   -0.256303349019892323E+03
    0.334681120277550406E+02    0.490965943596516663E+01    0.676457795443757059E+00   -0.256301480677715119E+03
    0.334681120277550406E+02    0.490965943596516663E+01    0.676457795443757059E+00   -0.256301480677715119E+03
    0.332894615498586006E+02    0.505128745563561043E+01    0.673797924150422611E+00   -0.256300553043766570E+03
    0.332894615498586006E+02    0.505128745563561043E+01    0.673797924150422611E+00   -0.256300553043766570E+03
    0.331513463628322000E+02    0.511446889535874050E+01    0.679035950715926040E+00   -0.256299911469252606E+03
    0.333471338793254972E+02    0.495071807205324799E+01    0.736359602876058394E+00   -0.256299799566613729E+03
    0.330532423545604885E+02    0.523478042137916244E+01    0.605472482923000155E+00   -0.256296595520135952E+03
    0.330494962091426601E+02    0.521430689114128221E+01    0.632528390374822558E+00   -0.256296488415561441E+03
    0.330494962091426601E+02    0.521430689114128221E+01    0.632528390374822558E+00   -0.256296488415561441E+03
    0.332153663138564781E+02    0.512351173010655359E+01    0.629667564481830477E+00   -0.256295847506255996E+03
    0.330472942289841853E+02    0.522723769798910531E+01    0.645080535123573329E+00   -0.256295133309737992E+03
    0.333224568317726195E+02    0.498703455316089794E+01    0.729393550657839951E+00   -0.256294081146053315E+03
    0.334985496958891673E+02    0.485802862895314558E+01    0.744934109870600603E+00   -0.256294076185790857E+03
    0.332292493920547258E+02    0.505923548570507009E+01    0.711134138921342585E+00   -0.256292707173121755E+03
    0.332080490261609640E+02    0.506708204393076933E+01    0.687722601129870825E+00   -0.256291764868889516E+03
    0.331102176297664670E+02    0.518660979293548685E+01    0.649508603219497327E+00   -0.256291103249080720E+03
    0.331102176297664670E+02    0.518660979293548685E+01    0.649508603219497327E+00   -0.256291103249080720E+03
    0.331225405857942974E+02    0.515453701997728242E+01    0.639647506074069616E+00   -0.256290442985563175E+03
    0.331287640101691494E+02    0.515018161818422282E+01    0.639368194206575646E+00   -0.256290270559594944E+03
    0.331287640101691494E+02    0.515018161818422282E+01    0.639368194206575646E+00   -0.256290270559594944E+03
    0.330428959639944679E+02    0.522414750199246658E+01    0.625128414452588266E+00   -0.256289792925520317E+03
    0.335115471551488753E+02    0.482847543749466546E+01    0.760162217682878838E+00   -0.256289708281696960E+03
    0.335115471551488753E+02    0.482847543749466546E+01    0.760162217682878838E+00   -0.256289708281696960E+03
    0.334028822839678625E+02    0.490750792116254964E+01    0.734315585474120569E+00   -0.256289448939703334E+03
    0.330433260047424540E+02    0.522049935906471596E+01    0.630483489869078761E+00   -0.256286588795727994E+03
    0.332420319679810206E+02    0.509517301258932243E+01    0.622292530299156099E+00   -0.256286397287300304E+03
    0.332420319679810206E+02    0.509517301258932243E+01    0.622292530299156099E+00   -0.256286397287300304E+03
    0.333615515432783738E+02    0.498226486180884010E+01    0.655866573560017874E+00   -0.256285981224979366E+03
    0.335395342661875020E+02    0.480823055841616398E+01    0.756050548487298579E+00   -0.256285396180356088E+03
    0.331185344120686693E+02    0.514835247469967339E+01    0.681369353913385267E+00   -0.256285322486877476E+03
    0.331185344120686693E+02    0.514835247469967339E+01    0.681369353913385267E+00   -0.256285322486877476E+03
    0.335068368707769935E+02    0.486621166379432868E+01    0.692391839169909096E+00   -0.256284644365775591E+03
    0.333515662203845338E+02    0.496557990199986943E+01    0.684468800064393701E+00   -0.256284367842309678E+03
    0.333515662203845338E+02    0.496557990199986943E+01    0.684468800064393701E+00   -0.256284367842309678E+03
    0.334944617514275222E+02    0.488697263995164377E+01    0.688085112566479529E+00   -0.256283916147377568E+03
    0.335000494606300805E+02    0.484813272066347523E+01    0.718489860024819849E+00   -0.256282351520228531E+03
    0.331991015716139586E+02    0.508011052629607995E+01    0.705127116817528821E+00   -0.256281889308024631E+03
    0.334007878521588992E+02    0.491981172993812255E+01    0.706334975479407046E+00   -0.256281632634733114E+03
    0.332504710898292331E+02    0.505564990605939713E+01    0.703996399712302656E+00   -0.256281354278257140E+03
    0.332865851014978915E+02    0.505944137983727416E+01    0.661660827922932127E+00   -0.256280912833214074E+03
    0.331671797572198983E+02    0.515364846463922532E+01    0.611666956184166999E+00   -0.256279394227989599E+03
    0.331671797572198983E+02    0.515364846463922532E+01    0.611666956184166999E+00   -0.256279394227989599E+03
    0.331622400399387516E+02    0.510768773201054493E+01    0.694663515195653947E+00   -0.256279282983286805E+03
    0.334031388375867948E+02    0.490806278791294748E+01    0.748099945456777715E+00   -0.256278575068413772E+03
    0.334031388375867948E+02    0.490806278791294748E+01    0.748099945456777715E+00   -0.256278575068413772E+03
    0.334264585906688581E+02    0.490345352795361755E+01    0.747996103860624872E+00   -0.256277446580483286E+03
    0.331876962379418075E+02    0.514553080947544839E+01    0.621282579976303095E+00   -0.256277079380864961E+03
    0.332542374208046780E+02    0.507549782066018640E+01    0.629554027483885559E+00   -0.256277039199038882E+03
    0.333096010918917074E+02    0.503460006177144681E+01    0.678049017094159656E+00   -0.256276429693152011E+03
    0.333096010918917074E+02    0.503460006177144681E+01    0.678049017094159656E+00   -0.256276429693152011E+03
    0.332105059947870132E+02    0.509206611708139611E+01    0.640590674252303538E+00   -0.256276375456715641E+03
    0.332105059947870132E+02    0.509206611708139611E+01    0.640590674252303538E+00   -0.256276375456715641E+03
    0.335289208102167891E+02    0.483065474385612958E+01    0.718786798850945097E+00   -0.256275341486488458E+03
    0.335289208102167891E+02    0.483065474385612958E+01    0.718786798850945097E+00   -0.256275341486488458E+03
    0.332519035713991400E+02    0.503099188523976615E+01    0.718495739564067537E+00   -0.256274716772179261E+03
    0.332519035713991400E+02    0.503099188523976615E+01    0.718495739564067537E+00   -0.256274716772179261E+03
    0.335546289424179491E+02    0.482850036872633304E+01    0.715794749004353692E+00   -0.256273168806623403E+03
    0.335546289424179491E+02    0.482850036872633304E+01    0.715794749004353692E+00   -0.256273168806623403E+03
    0.332142946487679964E+02    0.511974820002712860E+01    0.643017801650022536E+00   -0.256272594627864635E+03
    0.331019543205859250E+02    0.517204575180878834E+01    0.671031575283252302E+00   -0.256272020833895510E+03
    0.335678086083459419E+02    0.481395593127021737E+01    0.724793529582284490E+00   -0.256271540289996324E+03
    0.330594578409182702E+02    0.524000899617211680E+01    0.607433088967804791E+00   -0.256271493148672334E+03
    0.332985932797440540E+02    0.499084466358102929E+01    0.727591958169896968E+00   -0.256270874602493109E+03
    0.333617805265051004E+02    0.500180670955621576E+01    0.647391202981156599E+00   -0.256268468571452559E+03
    0.334778430323117746E+02    0.489265043173577929E+01    0.714186920483999232E+00   -0.256268390466363940E+03
    0.335536602946413893E+02    0.482031832068989630E+01    0.738907292541894467E+00   -0.256266660846991897E+03
    0.335536602946413893E+02    0.482031832068989630E+01    0.738907292541894467E+00   -0.256266660846991897E+03
    0.330199745009730421E+02    0.526446275975118283E+01    0.611171267654972761E+00   -0.256266421046357493E+03
    0.330199745009730421E+02    0.526446275975118283E+01    0.611171267654972761E+00   -0.256266421046357493E+03
    0.335695827367510873E+02    0.479491957736183583E+01    0.753820548815576141E+00   -0.256266202110795007E+03
    0.334845593271176440E+02    0.489294424764876368E+01    0.682100709704783315E+00   -0.256266069245313247E+03
    0.330526831736655495E+02    0.523898728684446269E+01    0.623578831121955446E+00   -0.256262598257930279E+03
    0.332845617173489288E+02    0.504647544990157826E+01    0.638766453875088347E+00   -0.256262215384665581E+03
    0.334848777607009183E+02    0.489585741324792245E+01    0.687334676811867995E+00   -0.256259507579830199E+03
    0.333982627468867648E+02    0.494730880443297227E+01    0.718601288837871222E+00   -0.256258390603468115E+03
    0.331223106473770699E+02    0.518011583284036625E+01    0.611498848229158787E+00   -0.256257790666822984E+03
    0.334387574205400426E+02    0.492325590867323459E+01    0.711129212462179860E+00   -0.256256705096631606E+03
    0.331568942742965760E+02    0.516800651575591097E+01    0.623362984915726059E+00   -0.256256376868058396E+03
    0.335024945198710640E+02    0.487856100486087918E+01    0.690311891060163219E+00   -0.256255921603683134E+03
    0.332748585839967745E+02    0.505179063578378695E+01    0.688768370923108275E+00   -0.256254113446109329E+03
    0.334840580359359663E+02    0.486813782952353868E+01    0.744681504647906500E+00   -0.256253511696190913E+03
    0.334840580359359663E+02    0.486813782952353868E+01    0.744681504647906500E+00   -0.256253511696190913E+03
    0.331451608315936568E+02    0.512015317614172183E+01    0.678442723731944697E+00   -0.256251166502866113E+03
    0.335685193680870526E+02    0.480178334426877740E+01    0.730742226928520866E+00   -0.256251122473365569E+03
    0.333073672982650493E+02    0.498459998681672101E+01    0.711178157477544426E+00   -0.256249557613021523E+03
    0.331836485444322875E+02    0.510361946472278749E+01    0.650477223436505270E+00   -0.256249503194711053E+03
    0.331723339358935405E+02    0.510520073123406704E+01    0.661808133054047065E+00   -0.256249335769312722E+03
    0.331723339358935405E+02    0.510520073123406704E+01    0.661808133054047065E+00   -0.256249335769312722E+03
    0.332697659094156535E+02    0.503223006654836524E+01    0.715627361022950770E+00   -0.256248815247752816E+03
    0.331013388191327493E+02    0.520519208280057022E+01    0.605477307582971358E+00   -0.256248746651899069E+03
    0.335266866208811010E+02    0.485403541433024621E+01    0.699292496810497211E+00   -0.256247794296228221E+03
    0.335266866208811010E+02    0.485403541433024621E+01    0.699292496810497211E+00   -0.256247794296228221E+03
    0.331186720694879142E+02    0.519494281940503644E+01    0.607023064785410682E+00   -0.256247743469709008E+03
    0.332178637343768060E+02    0.510966932214798675E+01    0.620700436836273184E+00   -0.256246579945066458E+03
    0.330473476147190866E+02    0.524172537602324962E+01    0.624357171165101144E+00   -0.256246102405525278E+03
    0.331355030813132601E+02    0.514328486064155488E+01    0.642834850264001334E+00   -0.256245936527773097E+03
    0.334962020724228609E+02    0.483800812784735879E+01    0.751677724934483149E+00   -0.256245887785868490E+03
    0.334962020724228609E+02    0.483800812784735879E+01    0.751677724934483149E+00   -0.256245887785868490E+03
    0.332566193937465755E+02    0.508180591195827169E+01    0.625706287846668374E+00   -0.256245875496471513E+03
    0.331314381774772073E+02    0.516728164648002597E+01    0.657416543054287095E+00   -0.256244801618557858E+03
    0.335006155564597279E+02    0.483693861190898389E+01    0.742540100178453288E+00   -0.256243482439467869E+03
    0.335006155564597279E+02    0.483693861190898389E+01    0.742540100178453288E+00   -0.256243482439467869E+03
    0.331081251819708484E+02    0.519248863946095085E+01    0.609413934049022998E+00   -0.256243444186700401E+03
    0.331081251819708484E+02    0.519248863946095085E+01    0.609413934049022998E+00   -0.256243444186700401E+03
    0.335040697670725578E+02    0.487246856858581356E+01    0.690056352961404218E+00   -0.256243151514096780E+03
    0.331622139091626096E+02    0.511883839125060280E+01    0.690354260928434216E+00   -0.256243148265825141E+03
    0.331500517222795565E+02    0.516575433867335398E+01    0.640254107459023114E+00   -0.256242896434396130E+03
    0.331319858069166884E+02    0.518545624827358509E+01    0.624099160619047244E+00   -0.256241155965076359E+03
    0.334876992363715189E+02    0.484406157270183346E+01    0.752394996983171582E+00   -0.256238172477087573E+03
    0.332098274940789366E+02    0.507495263154597254E+01    0.667161045757211024E+00   -0.256237941159296440E+03
    0.334381579369135409E+02    0.493619517766221616E+01    0.682874070888965012E+00   -0.256235190474364572E+03
    0.333162752841553385E+02    0.504084146646209064E+01    0.639192676137591898E+00   -0.256234726115591116E+03
    0.334158487904561596E+02    0.495549620405340097E+01    0.677733246781777376E+00   -0.256233337236107332E+03
    0.331312298492334563E+02    0.518552771216970676E+01    0.608455054125275674E+00   -0.256232050749196105E+03
    0.334907383780805503E+02    0.484337073470920387E+01    0.743693900640640004E+00   -0.256232046899470674E+03
    0.335776101555932129E+02    0.479746611416896318E+01    0.733867392218662928E+00   -0.256231700001112642E+03
    0.335776101555932129E+02    0.479746611416896318E+01    0.733867392218662928E+00   -0.256231700001112642E+03
    0.331863206255001799E+02    0.513309863831125135E+01    0.617155814721536022E+00   -0.256231625394285686E+03
    0.331452123344795879E+02    0.516824233289375190E+01    0.610604935617807598E+00   -0.256231541595138708E+03
    0.331452123344795879E+02    0.516824233289375190E+01    0.610604935617807598E+00   -0.256231541595138708E+03
    0.335449258040657128E+02    0.483559368772800013E+01    0.721657931846555023E+00   -0.256231335410675797E+03
    0.330891933136443015E+02    0.521799903538997434E+01    0.606770001821018479E+00   -0.256230802083233186E+03
    0.330340046940142997E+02    0.523788113625730034E+01    0.639891045644595757E+00   -0.256230002837690677E+03
    0.332526178831457457E+02    0.503127571880688329E+01    0.694303199690749828E+00   -0.256228651043385298E+03
    0.334793921244890740E+02    0.490040590814607846E+01    0.685031833094939646E+00   -0.256228570403735318E+03
    0.334793921244890740E+02    0.490040590814607846E+01    0.685031833094939646E+00   -0.256228570403735318E+03
    0.331364886063350710E+02    0.513093058955978165E+01    0.686001735723113737E+00   -0.256228474698955040E+03
    0.332446296783833475E+02    0.509558240378186866E+01    0.647841300789603558E+00   -0.256227317440310287E+03
    0.334631281863079977E+02    0.489578502193960574E+01    0.726884088830879738E+00   -0.256226996436987974E+03
    0.332735260623808031E+02    0.504089955391218325E+01    0.704077961877868974E+00   -0.256226839912684397E+03
    0.332735260623808031E+02    0.504089955391218325E+01    0.704077961877868974E+00   -0.256226839912684397E+03
    0.335790881335884990E+02    0.479335875772523590E+01    0.743310222339117255E+00   -0.256226556070744607E+03
    0.334252247906067197E+02    0.491951835543018934E+01    0.730971032186642278E+00   -0.256226428742863050E+03
    0.334661858578985587E+02    0.490991188803910017E+01    0.694770028168889997E+00   -0.256225772949225131E+03
    0.330679738384944670E+02    0.519764853470881771E+01    0.661104702187992999E+00   -0.256221409255118090E+03
    0.330400457006514259E+02    0.522523181398193071E+01    0.648420869870699912E+00   -0.256220104585186164E+03
    0.333109398161027812E+02    0.502561972413810043E+01    0.643776127514164687E+00   -0.256219787813988717E+03
    0.334871226314823147E+02    0.488341644555478460E+01    0.686135487376448028E+00   -0.256219389295163239E+03
    0.331090053025076259E+02    0.518448149632754074E+01    0.652773374180956045E+00   -0.256218845099360863E+03
    0.330583839940020567E+02    0.523951620219890835E+01    0.606703595723192435E+00   -0.256216808690652272E+03
    0.335237283476522663E+02    0.482009499140606845E+01    0.749502553266401250E+00   -0.256216013736762591E+03
    0.335415109240817699E+02    0.483546211023128425E+01    0.708062747399934356E+00   -0.256215121526378880E+03
    0.332536535783991312E+02    0.509024707933784804E+01    0.644217217950035836E+00   -0.256215044505974959E+03
    0.332536535783991312E+02    0.509024707933784804E+01    0.644217217950035836E+00   -0.256215044505974959E+03
    0.332141234471719002E+02    0.508283528342849511E+01    0.649894442519510784E+00   -0.256214140882465642E+03
    0.332141234471719002E+02    0.508283528342849511E+01    0.649894442519510784E+00   -0.256214140882465642E+03
    0.332686663623644776E+02    0.503372013071371072E+01    0.714541286455879332E+00   -0.256214078533134000E+03
    0.334540890319771194E+02    0.488904985873176035E+01    0.743908665597246888E+00   -0.256211434347583861E+03
    0.334596010482586408E+02    0.489546149620056070E+01    0.687651449984509222E+00   -0.256210462126547554E+03
    0.332340241383671184E+02    0.508060765402833514E+01    0.685732199437017687E+00   -0.256209663438679399E+03
    0.332340241383671184E+02    0.508060765402833514E+01    0.685732199437017687E+00   -0.256209663438679399E+03
    0.335393326934460205E+02    0.481362266713866926E+01    0.739356974511290121E+00   -0.256207098459470217E+03
    0.330831491819632504E+02    0.518082831200954175E+01    0.647343500555552454E+00   -0.256206671435252076E+03
    0.330831491819632504E+02    0.518082831200954175E+01    0.647343500555552454E+00   -0.256206671435252076E+03
    0.333676386382171088E+02    0.499340909809242461E+01    0.675092535622524359E+00   -0.256206665066127130E+03
    0.332236890892798513E+02    0.505433980676344508E+01    0.709618192804179593E+00   -0.256205018718862107E+03
    0.332236890892798513E+02    0.505433980676344508E+01    0.709618192804179593E+00   -0.256205018718862107E+03
    0.331966672792162996E+02    0.507592503129910444E+01    0.699883587973257226E+00   -0.256204079265403607E+03
    0.333107347613670726E+02    0.498424398909046573E+01    0.705448272342167115E+00   -0.256202636371755545E+03
    0.332899071201501187E+02    0.502324281555201946E+01    0.712319224229606140E+00   -0.256201404487297395E+03
    0.332899071201501187E+02    0.502324281555201946E+01    0.712319224229606140E+00   -0.256201404487297395E+03
    0.332554143206907824E+02    0.508711555139603622E+01    0.625575981320724006E+00   -0.256200639038777922E+03
    0.334921795046999122E+02    0.487489202963726154E+01    0.691269657732773490E+00   -0.256200224247947688E+03
    0.331492387647628561E+02    0.516306366045779974E+01    0.645628707312376759E+00   -0.256199622500803287E+03
    0.331492387647628561E+02    0.516306366045779974E+01    0.645628707312376759E+00   -0.256199622500803287E+03
    0.330676196742159831E+02    0.522181882674728293E+01    0.608626243198200578E+00   -0.256199567086112495E+03
    0.332817547796235615E+02    0.502832853564704063E+01    0.661660905884590700E+00   -0.256197015572360556E+03
    0.330114358567770907E+02    0.525055087339778126E+01    0.632038173056799768E+00   -0.256196142695994467E+03
    0.335139509892994880E+02    0.486352362424853357E+01    0.715238793253246907E+00   -0.256196029818810871E+03
    0.334443171778589061E+02    0.489019354560658837E+01    0.748868818855273899E+00   -0.256193800134622165E+03
    0.333733924434895997E+02    0.499138312625078928E+01    0.651340553863656635E+00   -0.256193410670538412E+03
    0.332328967676566123E+02    0.510199600347545967E+01    0.651896289181497557E+00   -0.256193409971015342E+03
    0.332335876860471160E+02    0.504506852174478748E+01    0.710433783731375001E+00   -0.256192694971268736E+03
    0.332335876860471160E+02    0.504506852174478748E+01    0.710433783731375001E+00   -0.256192694971268736E+03
    0.331985974159945982E+02    0.510814530467811867E+01    0.679189157127644272E+00   -0.256189905167785071E+03
    0.333699707440472295E+02    0.493888488101929646E+01    0.712422216594341462E+00   -0.256189604351708113E+03
    0.333699707440472295E+02    0.493888488101929646E+01    0.712422216594341462E+00   -0.256189604351708113E+03
    0.334674435350673889E+02    0.489389860202377935E+01    0.724548294331174958E+00   -0.256189496854112463E+03
    0.333237781691549699E+02    0.501687348392389865E+01    0.690560518944122292E+00   -0.256187904664949770E+03
    0.334199560107201137E+02    0.490042179011191337E+01    0.750538932396386249E+00   -0.256187870099133193E+03
    0.332499347252439037E+02    0.509536472708343346E+01    0.633457330699340293E+00   -0.256187059622876461E+03
    0.330764395889213674E+02    0.521682222197986345E+01    0.634826315559851473E+00   -0.256186968714256182E+03
    0.334842884715284868E+02    0.486877194117393852E+01    0.742942876696063625E+00   -0.256184655518006196E+03
    0.334842884715284868E+02    0.486877194117393852E+01    0.742942876696063625E+00   -0.256184655518006196E+03
    0.332221841429041689E+02    0.505440462727362494E+01    0.706419374666941380E+00   -0.256184377693809324E+03
    0.335179189196407066E+02    0.482591664989203650E+01    0.757933365258018021E+00   -0.256183519785687565E+03
    0.335179189196407066E+02    0.482591664989203650E+01    0.757933365258018021E+00   -0.256183519785687565E+03
    0.332657895022514936E+02    0.507295961855146871E+01    0.663315862377918286E+00   -0.256183238872582763E+03
    0.330895452125581571E+02    0.517114799163923422E+01    0.665309467382071973E+00   -0.256182251478538717E+03
    0.334895398345736339E+02    0.485293711107414349E+01    0.755102812882895380E+00   -0.256181017038927962E+03
    0.333929028369678988E+02    0.491948934956611428E+01    0.720639360974705045E+00   -0.256180727614308012E+03
    0.333929028369678988E+02    0.491948934956611428E+01    0.720639360974705045E+00   -0.256180727614308012E+03
    0.334716200020259009E+02    0.490697162694852729E+01    0.683913017614339980E+00   -0.256180702035290437E+03
    0.334716200020259009E+02    0.490697162694852729E+01    0.683913017614339980E+00   -0.256180702035290437E+03
    0.332953428359577970E+02    0.504074603693278700E+01    0.639044408633156147E+00   -0.256180334480932117E+03
    0.333596017021837099E+02    0.494148131474526320E+01    0.732928216316329872E+00   -0.256178415708031366E+03
    0.335344721025296266E+02    0.484223138427542299E+01    0.725224896733806745E+00   -0.256176228642141666E+03
    0.335344721025296266E+02    0.484223138427542299E+01    0.725224896733806745E+00   -0.256176228642141666E+03
    0.335175895274883473E+02    0.482535538245507212E+01    0.746039417431739293E+00   -0.256176204392493617E+03
    0.331163436099713522E+02    0.514842263493205010E+01    0.662787292633446379E+00   -0.256176140993661136E+03
    0.332396232307431916E+02    0.506168006536180304E+01    0.655248229851122743E+00   -0.256173804678155648E+03
    0.331585543226276869E+02    0.511590626866386788E+01    0.661956342468347225E+00   -0.256173113744662828E+03
    0.330180886005146021E+02    0.524736197436905094E+01    0.635235544525378115E+00   -0.256171758101700618E+03
    0.334359879146148558E+02    0.489789527317704287E+01    0.704770216931087434E+00   -0.256170923391702615E+03
    0.335391343748219413E+02    0.483984313188115145E+01    0.721641078255817137E+00   -0.256170238929089066E+03
    0.334930772859147439E+02    0.485154104769722672E+01    0.754210315996635350E+00   -0.256168453908832248E+03
    0.332832686313092552E+02    0.501875494486372720E+01    0.674932181369773176E+00   -0.256167553437813240E+03
    0.334136589700343620E+02    0.490176221088351838E+01    0.729780341722933379E+00   -0.256166986243568033E+03
    0.334923463729540316E+02    0.484517133781293552E+01    0.757283050680251590E+00   -0.256166693938155333E+03
    0.334767518710596192E+02    0.485374286054845072E+01    0.754570386247950475E+00   -0.256164694487830559E+03
    0.332732139166884835E+02    0.503017886330186847E+01    0.714943923020668226E+00   -0.256162951508531648E+03
    0.330567127139925105E+02    0.520389593419186891E+01    0.655259209912145701E+00   -0.256162749193036291E+03
    0.332947398833852262E+02    0.500178671318735724E+01    0.726847310179146611E+00   -0.256162234762394803E+03
    0.332947398833852262E+02    0.500178671318735724E+01    0.726847310179146611E+00   -0.256162234762394803E+03
    0.331293738295214979E+02    0.515702762105872559E+01    0.630600565423422132E+00   -0.256162116333113715E+03
    0.335570546408439441E+02    0.480686063961373655E+01    0.750841830919130371E+00   -0.256160514567169344E+03
    0.333847595777939432E+02    0.492353564189303050E+01    0.743315037807220635E+00   -0.256160484286445978E+03
    0.330784414375807003E+02    0.520853199508930409E+01    0.644731105371686541E+00   -0.256157911151813892E+03
    0.330784414375807003E+02    0.520853199508930409E+01    0.644731105371686541E+00   -0.256157911151813892E+03
    0.333326263461509669E+02    0.496505794847137771E+01    0.715705799824049471E+00   -0.256155910548084080E+03
    0.332198813869278453E+02    0.510256329436649469E+01    0.666830224563404350E+00   -0.256155747602825500E+03
    0.331239094911922294E+02    0.514346414761921267E+01    0.660245280707745685E+00   -0.256155733262728063E+03
    0.333357004229423808E+02    0.496572496044615708E+01    0.735829292734731411E+00   -0.256154897181000649E+03
    0.330608615574779350E+02    0.520923929668105945E+01    0.628497565364446231E+00   -0.256154173143936077E+03
    0.330608615574779350E+02    0.520923929668105945E+01    0.628497565364446231E+00   -0.256154173143936077E+03
    0.332395577220987519E+02    0.509641540148902639E+01    0.623603375566855633E+00   -0.256153522329927682E+03
    0.335562402932601600E+02    0.481234102349708159E+01    0.726228121903664037E+00   -0.256153443487500454E+03
    0.333276050373106898E+02    0.497947879551792560E+01    0.689975248213870573E+00   -0.256152943897984130E+03
    0.333276050373106898E+02    0.497947879551792560E+01    0.689975248213870573E+00   -0.256152943897984130E+03
    0.334437919270997313E+02    0.490778128403808100E+01    0.684540570205510734E+00   -0.256152715453373787E+03
    0.335675104694795436E+02    0.479986980854804202E+01    0.737616154110165567E+00   -0.256152311007129640E+03
    0.335675104694795436E+02    0.479986980854804202E+01    0.737616154110165567E+00   -0.256152311007129640E+03
    0.335443425168640204E+02    0.480785183783337455E+01    0.751470886250264147E+00   -0.256152282170033573E+03
    0.335443425168640204E+02    0.480785183783337455E+01    0.751470886250264147E+00   -0.256152282170033573E+03
    0.335121763876103529E+02    0.486341398948042158E+01    0.695513878537424524E+00   -0.256151959657926511E+03
    0.332461849015748356E+02    0.504358364635029410E+01    0.677764497657887599E+00   -0.256151564069107565E+03
    0.332461849015748356E+02    0.504358364635029410E+01    0.677764497657887599E+00   -0.256151564069107565E+03
    0.330741936418915827E+02    0.518808906417759808E+01    0.648697903520737307E+00   -0.256151320252858511E+03
    0.330741936418915827E+02    0.518808906417759808E+01    0.648697903520737307E+00   -0.256151320252858511E+03
    0.334559193506365062E+02    0.490327052743969727E+01    0.682281108697386562E+00   -0.256151112164776009E+03
    0.331048838428202501E+02    0.516292931905489638E+01    0.649980575938855387E+00   -0.256150272239785295E+03
    0.334994821635561806E+02    0.484484746049544590E+01    0.755574810720839762E+00   -0.256148673761993848E+03
    0.330710539716962515E+02    0.522809091378358826E+01    0.619043342861849699E+00   -0.256147737504069084E+03
    0.333824461682141589E+02    0.493433404681582388E+01    0.742403055506042686E+00   -0.256147247634301777E+03
    0.331826887064041429E+02    0.509672916595881098E+01    0.664610596725760394E+00   -0.256145889546887474E+03
    0.330221959368467495E+02    0.523993535100921282E+01    0.631849244188985693E+00   -0.256144353247059541E+03
    0.334145764353595780E+02    0.495531277103375523E+01    0.662763411021045634E+00   -0.256143590906781526E+03
    0.334145764353595780E+02    0.495531277103375523E+01    0.662763411021045634E+00   -0.256143590906781526E+03
    0.330374304419369338E+02    0.523393268544168233E+01    0.640790053724492825E+00   -0.256143340705805940E+03
    0.330256267112319080E+02    0.524006482262014472E+01    0.625190781093595715E+00   -0.256141827332565015E+03
    0.334565018917513228E+02    0.490469799763741587E+01    0.719407365886127192E+00   -0.256138681126570532E+03
    0.334565018917513228E+02    0.490469799763741587E+01    0.719407365886127192E+00   -0.256138681126570532E+03
    0.333371416709581752E+02    0.496592104647458399E+01    0.735768727434650383E+00   -0.256138431696066732E+03
    0.333829989061497514E+02    0.493642378574063034E+01    0.740759482943351699E+00   -0.256138155827857929E+03
    0.333829989061497514E+02    0.493642378574063034E+01    0.740759482943351699E+00   -0.256138155827857929E+03
    0.332124750715139854E+02    0.511950748504147413E+01    0.644608362494063614E+00   -0.256137672915614758E+03
    0.335220312945580829E+02    0.485075668652072611E+01    0.702057908816270393E+00   -0.256136658769491987E+03
    0.335220312945580829E+02    0.485075668652072611E+01    0.702057908816270393E+00   -0.256136658769491987E+03
    0.332394570386634740E+02    0.509787974800328314E+01    0.623633330914847406E+00   -0.256136339178033666E+03
    0.335115567652665831E+02    0.483781121431086003E+01    0.754422342350754338E+00   -0.256135718715432574E+03
    0.335115567652665831E+02    0.483781121431086003E+01    0.754422342350754338E+00   -0.256135718715432574E+03
    0.333641439222900331E+02    0.500055723198854274E+01    0.653924810137902157E+00   -0.256135137814833399E+03
    0.333641439222900331E+02    0.500055723198854274E+01    0.653924810137902157E+00   -0.256135137814833399E+03
    0.331980850323331467E+02    0.513319516724887936E+01    0.617821200574000695E+00   -0.256134222983993197E+03
    0.331980850323331467E+02    0.513319516724887936E+01    0.617821200574000695E+00   -0.256134222983993197E+03
    0.333793664283173683E+02    0.496162349795111535E+01    0.715631243913216641E+00   -0.256133829315748926E+03
    0.334761622455756722E+02    0.489654417123268715E+01    0.681812148211065061E+00   -0.256133804093057563E+03
    0.333831133204409838E+02    0.497820542478268990E+01    0.682442476377908447E+00   -0.256132641811399651E+03
    0.335486129593336457E+02    0.482747980088375694E+01    0.730375773332421763E+00   -0.256131574394908796E+03
    0.334434628281631348E+02    0.492851534710852945E+01    0.691073504699751595E+00   -0.256130628399856846E+03
    0.335309679080857066E+02    0.484613913338924096E+01    0.721912729792444030E+00   -0.256130386866477920E+03
    0.335688187639112883E+02    0.480120496045271228E+01    0.743613570129504131E+00   -0.256129945567738559E+03
    0.335688187639112883E+02    0.480120496045271228E+01    0.743613570129504131E+00   -0.256129945567738559E+03
    0.334064514705283599E+02    0.495306706316816125E+01    0.662164149712361372E+00   -0.256129935287487456E+03
    0.330457825069555327E+02    0.521460485271835505E+01    0.648319934490326655E+00   -0.256129285542090713E+03
    0.335650727812633107E+02    0.480120281791159620E+01    0.738054269108621375E+00   -0.256129269511629502E+03
    0.330261699719846575E+02    0.525743371179763841E+01    0.610929341050987507E+00   -0.256128526720693287E+03
    0.330977094141057933E+02    0.520652258962400616E+01    0.607438783199820809E+00   -0.256128130546560840E+03
    0.334395868595930921E+02    0.488330577458601311E+01    0.731201504540019087E+00   -0.256125412681465662E+03
    0.334157052881849310E+02    0.491812326918459153E+01    0.693960076879286736E+00   -0.256123344915777807E+03
    0.335341120740046748E+02    0.484238741784107862E+01    0.724281970984918977E+00   -0.256121816078765562E+03
    0.334150265755268236E+02    0.493919426301703091E+01    0.711743407827529206E+00   -0.256119833610156832E+03
    0.331609969748534397E+02    0.515772062501993211E+01    0.613131332616679625E+00   -0.256119233014834492E+03
    0.331609969748534397E+02    0.515772062501993211E+01    0.613131332616679625E+00   -0.256119233014834492E+03
    0.332926257001567336E+02    0.499595669269125331E+01    0.719330578244812835E+00   -0.256118210709363836E+03
    0.332995890110443895E+02    0.501291115076506610E+01    0.716243382198143319E+00   -0.256116635305481964E+03
    0.332100195820344339E+02    0.512397066495729803E+01    0.637400730015806771E+00   -0.256115708405835619E+03
    0.331435881318806764E+02    0.512332617667568346E+01    0.683531336694213065E+00   -0.256115185894033459E+03
    0.331435881318806764E+02    0.512332617667568346E+01    0.683531336694213065E+00   -0.256115185894033459E+03
    0.330797237658697298E+02    0.519924364199046884E+01    0.654375293652243895E+00   -0.256114075943160969E+03
    0.330797237658697298E+02    0.519924364199046884E+01    0.654375293652243895E+00   -0.256114075943160969E+03
    0.335613808589350526E+02    0.480742368434373635E+01    0.730978781829820345E+00   -0.256114039047424797E+03
    0.335613808589350526E+02    0.480742368434373635E+01    0.730978781829820345E+00   -0.256114039047424797E+03
    0.335378876405679520E+02    0.483765911509562496E+01    0.709078871624145624E+00   -0.256113716901315399E+03
    0.335378876405679520E+02    0.483765911509562496E+01    0.709078871624145624E+00   -0.256113716901315399E+03
    0.331809039189537174E+02    0.509663687229373519E+01    0.697428054466938896E+00   -0.256113231660030692E+03
    0.331051346380271241E+02    0.517313069784152280E+01    0.667001032742896127E+00   -0.256111841298790296E+03
    0.330176303971990990E+02    0.524803790522724256E+01    0.625118335983309681E+00   -0.256111676056617796E+03
    0.333591258551087648E+02    0.494450296487263063E+01    0.720134680011938699E+00   -0.256111654761165369E+03
    0.333591258551087648E+02    0.494450296487263063E+01    0.720134680011938699E+00   -0.256111654761165369E+03
    0.334240346602702161E+02    0.491940955304221639E+01    0.731075802936619779E+00   -0.256111357977218120E+03
    0.333590070846089759E+02    0.497176434030133585E+01    0.720078681155231659E+00   -0.256111279738880853E+03
    0.335198007409265912E+02    0.484352309742822040E+01    0.741190974639812095E+00   -0.256111044884600346E+03
    0.331441693200309544E+02    0.515853442624419500E+01    0.657056269371445234E+00   -0.256111034101289761E+03
    0.331441693200309544E+02    0.515853442624419500E+01    0.657056269371445234E+00   -0.256111034101289761E+03
    0.330976839975623918E+02    0.520688638736075404E+01    0.607722292148710319E+00   -0.256110458346188580E+03
    0.330576639959495537E+02    0.521570173659929193E+01    0.623538073679726468E+00   -0.256109232901819780E+03
    0.334806132293769139E+02    0.489078658055452742E+01    0.711427229502171521E+00   -0.256108344796372080E+03
    0.334806132293769139E+02    0.489078658055452742E+01    0.711427229502171521E+00   -0.256108344796372080E+03
    0.335257112175260659E+02    0.482170978359540836E+01    0.743221122533292311E+00   -0.256108297098779474E+03
    0.333660933859495188E+02    0.497787385591359488E+01    0.658980440393740152E+00   -0.256107698477992074E+03
    0.331900574332741911E+02    0.510980891898972622E+01    0.637262005090265760E+00   -0.256107397811417513E+03
    0.331900574332741911E+02    0.510980891898972622E+01    0.637262005090265760E+00   -0.256107397811417513E+03
    0.332112635159509537E+02    0.509049365517930319E+01    0.643254462188216691E+00   -0.256105418040141956E+03
    0.330437325752767066E+02    0.524121585951870994E+01    0.626269802952704180E+00   -0.256105313969688325E+03
    0.330437325752767066E+02    0.524121585951870994E+01    0.626269802952704180E+00   -0.256105313969688325E+03
    0.332063440280100437E+02    0.508466929197814288E+01    0.698753779343414982E+00   -0.256105188139092604E+03
    0.335483268657506528E+02    0.483132015781936541E+01    0.717142123441893320E+00   -0.256105003478315325E+03
    0.335483268657506528E+02    0.483132015781936541E+01    0.717142123441893320E+00   -0.256105003478315325E+03
    0.331983379933512452E+02    0.511305486390767694E+01    0.628028829209305250E+00   -0.256104643188763475E+03
    0.333592201456037003E+02    0.495278463334441899E+01    0.699595258797934383E+00   -0.256104641240893898E+03
    0.334313141282745079E+02    0.489978902403337990E+01    0.746609985270587972E+00   -0.256104191645482615E+03
    0.331732147056437938E+02    0.515158659429615362E+01    0.614788809121486812E+00   -0.256102221801797953E+03
    0.330686223789307192E+02    0.520369473315301967E+01    0.655120786780740039E+00   -0.256102022634747811E+03
    0.333524652302839826E+02    0.500828527810184632E+01    0.647702907619787549E+00   -0.256100265285233093E+03
    0.335287148766503051E+02    0.482911699247571136E+01    0.750279167494128485E+00   -0.256099627405832337E+03
    0.333701317906507455E+02    0.499517465529850035E+01    0.656720365693481245E+00   -0.256098833129623074E+03
    0.333701317906507455E+02    0.499517465529850035E+01    0.656720365693481245E+00   -0.256098833129623074E+03
    0.333862678767145624E+02    0.495466428227806066E+01    0.718424366210750454E+00   -0.256098385264066394E+03
    0.334226293416265037E+02    0.489395204600072731E+01    0.737878518940945582E+00   -0.256097538648464138E+03
    0.332095026169722587E+02    0.508701057836282899E+01    0.694978953989249026E+00   -0.256097505181855695E+03
    0.331880200874848512E+02    0.508593340911511582E+01    0.681812574531905247E+00   -0.256095433248100051E+03
    0.335261691735139777E+02    0.485206363596904300E+01    0.702927313851651858E+00   -0.256094961470682961E+03
    0.335261691735139777E+02    0.485206363596904300E+01    0.702927313851651858E+00   -0.256094961470682961E+03
    0.331086446062748507E+02    0.515862185500228954E+01    0.674440623297184461E+00   -0.256094164536616802E+03
    0.331355487626834702E+02    0.515071003813474260E+01    0.633713820527297411E+00   -0.256094024712925034E+03
    0.331355487626834702E+02    0.515071003813474260E+01    0.633713820527297411E+00   -0.256094024712925034E+03
    0.334718585420302617E+02    0.485827236443515975E+01    0.741053698430679253E+00   -0.256093161455172321E+03
    0.330975590070703163E+02    0.520660268167778106E+01    0.608086334435293363E+00   -0.256091624854766792E+03
    0.331727963575011486E+02    0.511623374762348249E+01    0.686504368038486801E+00   -0.256088207424905534E+03
    0.331727963575011486E+02    0.511623374762348249E+01    0.686504368038486801E+00   -0.256088207424905534E+03
    0.333139613254509470E+02    0.499488637064641328E+01    0.724860037396455326E+00   -0.256087835134340537E+03
    0.333263956204550666E+02    0.501087769586473009E+01    0.696255487131866246E+00   -0.256087395721497501E+03
    0.332865355727915500E+02    0.500128048016604065E+01    0.717804211322495389E+00   -0.256086914257278238E+03
    0.334277677379692619E+02    0.490823604272649927E+01    0.740786948474733808E+00   -0.256085949513434571E+03
    0.334022146259323662E+02    0.491082739364739229E+01    0.744949127539822120E+00   -0.256085732184050016E+03
    0.332891861950665771E+02    0.503006171409637304E+01    0.653988763339461654E+00   -0.256084708137262339E+03
    0.332891861950665771E+02    0.503006171409637304E+01    0.653988763339461654E+00   -0.256084708137262339E+03
    0.330718686815040996E+02    0.520618838311609711E+01    0.651042932099687555E+00   -0.256084659456644829E+03
    0.330285540763716341E+02    0.523792453720527718E+01    0.638376471204251228E+00   -0.256084563446809625E+03
    0.330285540763716341E+02    0.523792453720527718E+01    0.638376471204251228E+00   -0.256084563446809625E+03
    0.330637007046813238E+02    0.522015060478432780E+01    0.613886664018969297E+00   -0.256082905387176993E+03
    0.331773406285115442E+02    0.514862969555643701E+01    0.615750132864992139E+00   -0.256082738098987136E+03
    0.331773406285115442E+02    0.514862969555643701E+01    0.615750132864992139E+00   -0.256082738098987136E+03
    0.333451028609791393E+02    0.501550410712529704E+01    0.657949049214901605E+00   -0.256082353113559634E+03
    0.332164951676286648E+02    0.506052490852087011E+01    0.693397169884447218E+00   -0.256082171191032216E+03
    0.332164951676286648E+02    0.506052490852087011E+01    0.693397169884447218E+00   -0.256082171191032216E+03
    0.332237904397212205E+02    0.511433055216540566E+01    0.634682566759385947E+00   -0.256081934038563816E+03
    0.332237904397212205E+02    0.511433055216540566E+01    0.634682566759385947E+00   -0.256081934038563816E+03
    0.333018270972384158E+02    0.499089770204670913E+01    0.707740081033181534E+00   -0.256080974635159407E+03
    0.331392768738617036E+02    0.517190920782388819E+01    0.612201624721005810E+00   -0.256079843300224468E+03
    0.333407091395672097E+02    0.499218638261977699E+01    0.709113290452003997E+00   -0.256079827305569609E+03
    0.335407341403397510E+02    0.482660454294430608E+01    0.718835470262286891E+00   -0.256078962782650535E+03
    0.331581624332845664E+02    0.512913411200260594E+01    0.681743315979974285E+00   -0.256078269118969558E+03
    0.334029749021804605E+02    0.491707861641803667E+01    0.745344933588738101E+00   -0.256076705750696135E+03
    0.335525310951722560E+02    0.481293828844876437E+01    0.746511690487640545E+00   -0.256076579002120468E+03
    0.335525310951722560E+02    0.481293828844876437E+01    0.746511690487640545E+00   -0.256076579002120468E+03
    0.331725409243303275E+02    0.512979035921669713E+01    0.628442470979694190E+00   -0.256075913114458729E+03
    0.331725409243303275E+02    0.512979035921669713E+01    0.628442470979694190E+00   -0.256075913114458729E+03
    0.333962850559220215E+02    0.495111969747400149E+01    0.713357203360524328E+00   -0.256074338240407201E+03
    0.333080928796038833E+02    0.498382270193426802E+01    0.719572588314905559E+00   -0.256074176310497933E+03
    0.333080928796038833E+02    0.498382270193426802E+01    0.719572588314905559E+00   -0.256074176310497933E+03
    0.330492519081828533E+02    0.523346038592882312E+01    0.612000580396996119E+00   -0.256073001751390279E+03
    0.330492519081828533E+02    0.523346038592882312E+01    0.612000580396996119E+00   -0.256073001751390279E+03
    0.334744061776675110E+02    0.490274845377695012E+01    0.684964147821231495E+00   -0.256072838796947849E+03
    0.334744061776675110E+02    0.490274845377695012E+01    0.684964147821231495E+00   -0.256072838796947849E+03
    0.333767859073047219E+02    0.493389361399178838E+01    0.742035485789257709E+00   -0.256072155618003876E+03
    0.333767859073047219E+02    0.493389361399178838E+01    0.742035485789257709E+00   -0.256072155618003876E+03
    0.331159587047194108E+02    0.518656612542998108E+01    0.611936745320173836E+00   -0.256071337570679930E+03
    0.331159587047194108E+02    0.518656612542998108E+01    0.611936745320173836E+00   -0.256071337570679930E+03
    0.334246822483490931E+02    0.489236078160097154E+01    0.740975587083013920E+00   -0.256071205580395770E+03
    0.330726647919049270E+02    0.522216646216607661E+01    0.608343022400643529E+00   -0.256070436141909852E+03
    0.335659840753298297E+02    0.480611596010582431E+01    0.734024490442489519E+00   -0.256070048951400622E+03
    0.334037232712908150E+02    0.494808749323557162E+01    0.667409193753735974E+00   -0.256068877963343652E+03
    0.333999840851898711E+02    0.495526407828518600E+01    0.702361122923331527E+00   -0.256068868049789103E+03
    0.333239565716073969E+02    0.501947847810126291E+01    0.684858314731983442E+00   -0.256068115983975247E+03
    0.333239565716073969E+02    0.501947847810126291E+01    0.684858314731983442E+00   -0.256068115983975247E+03
    0.330739053317105913E+02    0.519053599228908702E+01    0.660759120748768747E+00   -0.256068056153906866E+03
    0.333196716330695537E+02    0.503729790798784460E+01    0.646297502514689981E+00   -0.256067886142324937E+03
    0.331154626734955926E+02    0.519138667477731808E+01    0.633366089588744297E+00   -0.256066774643361043E+03
    0.332132799291610681E+02    0.509886984831763446E+01    0.632732895845335652E+00   -0.256064461154441233E+03
    0.331298378983585593E+02    0.514506542682712809E+01    0.679392210119000861E+00   -0.256063681325527170E+03
    0.331298378983585593E+02    0.514506542682712809E+01    0.679392210119000861E+00   -0.256063681325527170E+03
    0.335194601764462305E+02    0.482730355070514783E+01    0.754866268139313679E+00   -0.256062937029909222E+03
    0.333228975011674819E+02    0.497333345497300883E+01    0.729914658053721466E+00   -0.256061210759156722E+03
    0.334922808184281067E+02    0.488610368298705211E+01    0.696526742022032685E+00   -0.256060996101298315E+03
    0.334842183517480052E+02    0.489376338922293819E+01    0.689969630206159090E+00   -0.256060686826598612E+03
    0.335186433694184842E+02    0.482556863514848189E+01    0.749848096961616362E+00   -0.256059566538488582E+03
    0.335186433694184842E+02    0.482556863514848189E+01    0.749848096961616362E+00   -0.256059566538488582E+03
    0.332447318003166430E+02    0.506957089436313169E+01    0.642050462471086325E+00   -0.256059119686549650E+03
    0.333139586815427293E+02    0.498830942295948265E+01    0.692457345371674471E+00   -0.256058808506070136E+03
    0.335126129190830468E+02    0.484367146251852709E+01    0.716488854792590724E+00   -0.256057497042473187E+03
    0.330895424031362779E+02    0.518890530760743474E+01    0.658942250285829312E+00   -0.256057345047602041E+03
    0.334517145037917771E+02    0.488404961710477625E+01    0.712313315013763937E+00   -0.256056627396717204E+03
    0.334406340639814061E+02    0.492669755635186490E+01    0.671578382617433967E+00   -0.256056408582851134E+03
    0.332813031912597381E+02    0.505050438480327823E+01    0.682392071208908768E+00   -0.256055902275766186E+03
    0.335381304419212540E+02    0.481784917263673229E+01    0.752382546889985848E+00   -0.256055419650867520E+03
    0.331209779914056952E+02    0.518679531983143516E+01    0.634966433016173948E+00   -0.256055147981662685E+03
    0.334543914185284450E+02    0.491679701200562569E+01    0.697785343266088876E+00   -0.256055059007708223E+03
    0.335277610122503802E+02    0.482082897195439308E+01    0.744159174179777061E+00   -0.256053844467209217E+03
    0.333300583684432041E+02    0.501236011180927843E+01    0.689533069186171077E+00   -0.256053205592375889E+03
    0.332524644795634998E+02    0.503717263611495447E+01    0.715368911269422814E+00   -0.256052296483287478E+03
    0.335265146315514855E+02    0.483797859497051341E+01    0.713970954129165669E+00   -0.256050684432847845E+03
    0.335617094184562177E+02    0.480411822588597293E+01    0.739402723760219871E+00   -0.256050416398437108E+03
    0.332538013194675841E+02    0.503326087199779515E+01    0.689618129518485001E+00   -0.256050391398215481E+03
    0.330172582301190545E+02    0.525079664527020817E+01    0.625695737129006391E+00   -0.256049915123804169E+03
    0.330172582301190545E+02    0.525079664527020817E+01    0.625695737129006391E+00   -0.256049915123804169E+03
    0.331427675592637598E+02    0.513281458149667547E+01    0.653721241444327084E+00   -0.256048763184646305E+03
    0.332604909828026862E+02    0.503539029367356150E+01    0.714893105803525719E+00   -0.256047937503817252E+03
    0.334297888081524945E+02    0.493566363474694914E+01    0.668562166412535852E+00   -0.256046721204042058E+03
    0.334560877558194179E+02    0.488661611154728170E+01    0.743282550798123332E+00   -0.256046479038589041E+03
    0.331426612969099565E+02    0.515593732883661104E+01    0.622628420572773011E+00   -0.256045890145515841E+03
    0.331426612969099565E+02    0.515593732883661104E+01    0.622628420572773011E+00   -0.256045890145515841E+03
    0.332775490585901892E+02    0.507114561237273698E+01    0.634880051706691262E+00   -0.256045003956382857E+03
    0.332678662912888115E+02    0.506750396402296932E+01    0.669295358285783681E+00   -0.256044152546202952E+03
    0.332678662912888115E+02    0.506750396402296932E+01    0.669295358285783681E+00   -0.256044152546202952E+03
    0.330681301926162661E+02    0.520321880544274418E+01    0.630746686005845270E+00   -0.256043444026732402E+03
    0.330681301926162661E+02    0.520321880544274418E+01    0.630746686005845270E+00   -0.256043444026732402E+03
    0.334977287994586419E+02    0.483989413390690615E+01    0.747499862986175434E+00   -0.256042257915472476E+03
    0.332808618256601250E+02    0.501540837991005883E+01    0.685482798000989213E+00   -0.256042081763439398E+03
    0.333274790677269763E+02    0.497089022500970756E+01    0.731603065493530158E+00   -0.256041019795592149E+03
    0.335390353934427736E+02    0.483367217865774457E+01    0.713232619324023487E+00   -0.256040824777674686E+03
    0.335390353934427736E+02    0.483367217865774457E+01    0.713232619324023487E+00   -0.256040824777674686E+03
    0.330421615316752622E+02    0.522129638057702739E+01    0.644999809128978585E+00   -0.256039144344887745E+03
    0.334295210817853246E+02    0.494260898492644252E+01    0.671044488405295070E+00   -0.256037777284361937E+03
    0.334295210817853246E+02    0.494260898492644252E+01    0.671044488405295070E+00   -0.256037777284361937E+03
    0.334818207304639657E+02    0.485095862789601551E+01    0.747633433528824609E+00   -0.256035608403942888E+03
    0.334682794084949080E+02    0.486538229702041214E+01    0.728510285454529116E+00   -0.256035260819457449E+03
    0.333990344730860897E+02    0.496966987757600442E+01    0.666641481493013943E+00   -0.256035146320108140E+03
    0.332709908510211463E+02    0.501488520305328844E+01    0.708349718221637947E+00   -0.256034615958013319E+03
    0.331061552758247615E+02    0.520356171694219150E+01    0.616900230641406533E+00   -0.256034206221999170E+03
    0.332121722653523861E+02    0.506765765477560493E+01    0.681918264576557687E+00   -0.256034038564146556E+03
    0.334937091260033242E+02    0.488042916663690907E+01    0.710304413232442755E+00   -0.256034022638117222E+03
    0.335242387400779194E+02    0.483973068269158713E+01    0.740547093376494825E+00   -0.256033088503814724E+03
    0.332860654344678508E+02    0.506452324181442037E+01    0.641858179215811453E+00   -0.256032120187285784E+03
    0.332719348528624295E+02    0.505405166404446415E+01    0.686433003864623914E+00   -0.256031772838988445E+03
    0.332719348528624295E+02    0.505405166404446415E+01    0.686433003864623914E+00   -0.256031772838988445E+03
    0.331449694005759810E+02    0.517340598728648882E+01    0.627449277026551511E+00   -0.256030419230371933E+03
    0.331449694005759810E+02    0.517340598728648882E+01    0.627449277026551511E+00   -0.256030419230371933E+03
    0.333392967897759718E+02    0.499122380657318843E+01    0.711217589812679796E+00   -0.256030212049988791E+03
    0.331854039369758596E+02    0.512949490984996537E+01    0.659481984711855596E+00   -0.256029877923974254E+03
    0.331854039369758596E+02    0.512949490984996537E+01    0.659481984711855596E+00   -0.256029877923974254E+03
    0.334402911793569615E+02    0.489677487891369090E+01    0.743414013317656774E+00   -0.256029457269874229E+03
    0.334402911793569615E+02    0.489677487891369090E+01    0.743414013317656774E+00   -0.256029457269874229E+03
    0.331275267699986955E+02    0.514036880208015834E+01    0.679082700012223706E+00   -0.256029026837869253E+03
    0.332514759957333226E+02    0.503179034000860526E+01    0.700363670112090997E+00   -0.256028596041363869E+03
    0.332514759957333226E+02    0.503179034000860526E+01    0.700363670112090997E+00   -0.256028596041363869E+03
    0.332013982875513847E+02    0.512090303222037235E+01    0.655772370897714563E+00   -0.256025806028238662E+03
    0.333446433991660030E+02    0.497623323150237251E+01    0.724666396556548520E+00   -0.256023790807945261E+03
    0.333446433991660030E+02    0.497623323150237251E+01    0.724666396556548520E+00   -0.256023790807945261E+03
    0.332881933591059251E+02    0.504499316487047800E+01    0.683355340682129220E+00   -0.256023783023098986E+03
    0.332881933591059251E+02    0.504499316487047800E+01    0.683355340682129220E+00   -0.256023783023098986E+03
    0.333526816006335309E+02    0.499283167298240116E+01    0.695308755707664816E+00   -0.256023144662524658E+03
    0.333731648440022539E+02    0.498953975226642577E+01    0.670906830510409669E+00   -0.256022535457725041E+03
    0.330711404941632097E+02    0.522623872890743257E+01    0.609365810268392427E+00   -0.256021488984918903E+03
    0.330711404941632097E+02    0.522623872890743257E+01    0.609365810268392427E+00   -0.256021488984918903E+03
    0.330306591962052849E+02    0.524880231664053731E+01    0.613772513969011557E+00   -0.256020774701532901E+03
    0.331575766889320604E+02    0.513580225007841396E+01    0.633642533853778223E+00   -0.256020657114551796E+03
    0.331575766889320604E+02    0.513580225007841396E+01    0.633642533853778223E+00   -0.256020657114551796E+03
    0.335505854572276263E+02    0.480890666195302341E+01    0.748242995281582557E+00   -0.256018337948779958E+03
    0.331557863801499408E+02    0.512475283262571946E+01    0.651241803242676220E+00   -0.256017008812677147E+03
    0.331557863801499408E+02    0.512475283262571946E+01    0.651241803242676220E+00   -0.256017008812677147E+03
    0.330352133962079151E+02    0.522963363780820867E+01    0.640152542687417503E+00   -0.256015338403640328E+03
    0.330352133962079151E+02    0.522963363780820867E+01    0.640152542687417503E+00   -0.256015338403640328E+03
    0.333423291106764097E+02    0.497922278961719300E+01    0.675480467289475861E+00   -0.256013972795476661E+03
    0.333423291106764097E+02    0.497922278961719300E+01    0.675480467289475861E+00   -0.256013972795476661E+03
    0.333386395210136683E+02    0.501536804138208403E+01    0.671488251497605937E+00   -0.256013820322725451E+03
    0.331459499818200101E+02    0.512259478169770688E+01    0.674036773858397997E+00   -0.256013039836553048E+03
    0.330428202917210143E+02    0.524327878121870672E+01    0.620854509140142508E+00   -0.256012020216942858E+03
    0.330428202917210143E+02    0.524327878121870672E+01    0.620854509140142508E+00   -0.256012020216942858E+03
    0.334173151911888198E+02    0.495297247156493992E+01    0.667723188924729483E+00   -0.256011311170702641E+03
    0.334173151911888198E+02    0.495297247156493992E+01    0.667723188924729483E+00   -0.256011311170702641E+03
    0.332000090354950146E+02    0.507519463453730335E+01    0.697989663427824536E+00   -0.256010124023236074E+03
    0.333050448118392026E+02    0.500681179287230460E+01    0.671586991455896731E+00   -0.256009718735357126E+03
    0.333050448118392026E+02    0.500681179287230460E+01    0.671586991455896731E+00   -0.256009718735357126E+03
    0.330482689525467279E+02    0.523700223819869848E+01    0.626783363184446496E+00   -0.256009494939426133E+03
    0.332472362942093156E+02    0.503680834248334719E+01    0.694393909290269118E+00   -0.256009060004164326E+03
    0.331221803176189766E+02    0.515614938866488348E+01    0.640691738010242151E+00   -0.256006335920007075E+03
    0.334700379723290240E+02    0.487745973534755795E+01    0.742375863324265084E+00   -0.256004946692067733E+03
    0.330987686493488127E+02    0.519121218568232035E+01    0.618243334682266443E+00   -0.256004891138574919E+03
    0.334546502239337826E+02    0.490029922262504058E+01    0.687455953412537069E+00   -0.256004743166817775E+03
    0.334546502239337826E+02    0.490029922262504058E+01    0.687455953412537069E+00   -0.256004743166817775E+03
    0.335083334388821612E+02    0.485696660858480644E+01    0.732607578798359471E+00   -0.256002910697877155E+03
    0.335083334388821612E+02    0.485696660858480644E+01    0.732607578798359471E+00   -0.256002910697877155E+03
    0.333785373448845064E+02    0.498094378495547918E+01    0.654607064344618905E+00   -0.256002843180774448E+03
    0.333120371815389404E+02    0.499047638750906941E+01    0.727448679055235914E+00   -0.256002327804275865E+03
    0.333120371815389404E+02    0.499047638750906941E+01    0.727448679055235914E+00   -0.256002327804275865E+03
    0.334683222897666894E+02    0.486593262563646967E+01    0.727734657129548879E+00   -0.256002315914515805E+03
    0.331284195853025594E+02    0.513896497872359248E+01    0.677933149033069116E+00   -0.256001141228691267E+03
    0.333043002224925004E+02    0.501866631637906835E+01    0.705253927073754117E+00   -0.256000948353327828E+03
    0.332460052241027739E+02    0.506132637342199398E+01    0.698343173651568838E+00   -0.256000517261044706E+03
    0.332460052241027739E+02    0.506132637342199398E+01    0.698343173651568838E+00   -0.256000517261044706E+03
    0.330346804910263643E+02    0.523149403708333871E+01    0.639165280912618927E+00   -0.255999344929574647E+03
    0.330346804910263643E+02    0.523149403708333871E+01    0.639165280912618927E+00   -0.255999344929574647E+03
    0.331861046858154438E+02    0.508974348242940611E+01    0.696881253104695175E+00   -0.255998496976400276E+03
    0.333030623415229599E+02    0.499352419794240454E+01    0.726559165710882415E+00   -0.255997856399532509E+03
    0.333030623415229599E+02    0.499352419794240454E+01    0.726559165710882415E+00   -0.255997856399532509E+03
    0.330287219294504482E+02    0.524847352713139514E+01    0.616097220243641663E+00   -0.255996371922391575E+03
    0.330287219294504482E+02    0.524847352713139514E+01    0.616097220243641663E+00   -0.255996371922391575E+03
    0.333578196880632376E+02    0.495203000970339069E+01    0.704554108752565633E+00   -0.255994783010865802E+03
    0.330461778162347315E+02    0.524086436414123824E+01    0.621200883358928424E+00   -0.255993345247779672E+03
    0.335027883671335331E+02    0.483748204103242507E+01    0.745044623807519013E+00   -0.255993047691760353E+03
    0.334264590820024594E+02    0.493360875226295637E+01    0.705766696683277850E+00   -0.255992853965180132E+03
    0.334962894185875655E+02    0.488022952256856257E+01    0.692856975635770755E+00   -0.255992520302210494E+03
    0.330678350396128522E+02    0.521514941139496280E+01    0.641898656957191616E+00   -0.255992288461008883E+03
    0.331339962538411612E+02    0.514559269633900840E+01    0.643707977218011096E+00   -0.255991936259388922E+03
    0.331769313520713922E+02    0.509794793757600928E+01    0.674103872539462357E+00   -0.255991532444107548E+03
    0.331769313520713922E+02    0.509794793757600928E+01    0.674103872539462357E+00   -0.255991532444107548E+03
    0.330252408538968041E+02    0.525177681962936038E+01    0.617909386715398967E+00   -0.255991453914263957E+03
    0.334511576686714349E+02    0.491289631457039278E+01    0.710202628856312135E+00   -0.255991011028360447E+03
    0.334928206193424245E+02    0.487250399790115196E+01    0.695764390289259405E+00   -0.255990614723078238E+03
    0.330511370578012702E+02    0.523936179648818889E+01    0.616939081200703510E+00   -0.255989443893892741E+03
    0.330511370578012702E+02    0.523936179648818889E+01    0.616939081200703510E+00   -0.255989443893892741E+03
    0.333595355432231742E+02    0.499459134396867288E+01    0.682798525812897794E+00   -0.255989064184753119E+03
    0.333595355432231742E+02    0.499459134396867288E+01    0.682798525812897794E+00   -0.255989064184753119E+03
    0.332801889882710711E+02    0.500756032119967553E+01    0.715383121473823325E+00   -0.255988022376229054E+03
    0.333698330057752202E+02    0.493707114374797840E+01    0.738032165682239061E+00   -0.255985827800822392E+03
    0.333698330057752202E+02    0.493707114374797840E+01    0.738032165682239061E+00   -0.255985827800822392E+03
    0.333386363612962242E+02    0.501576753540745557E+01    0.645127128858480670E+00   -0.255985304873747907E+03
    0.333547369935964326E+02    0.500365535462384958E+01    0.670167237727796072E+00   -0.255985024007754333E+03
    0.330490238703492523E+02    0.521901614186627594E+01    0.631251955924044039E+00   -0.255981927441150049E+03
    0.330490238703492523E+02    0.521901614186627594E+01    0.631251955924044039E+00   -0.255981927441150049E+03
    0.333569062915038330E+02    0.494577028744848590E+01    0.731509661883511297E+00   -0.255981797432240057E+03
    0.331323597020875553E+02    0.518398251399836418E+01    0.617371913489190960E+00   -0.255981494577307529E+03
    0.331563078672540357E+02    0.514268323416594786E+01    0.666900606571380283E+00   -0.255980270605257033E+03
    0.330888512576539284E+02    0.521352998048894989E+01    0.621619542281847348E+00   -0.255979978919072408E+03
    0.330343101758734861E+02    0.524455491366442406E+01    0.626025382429163502E+00   -0.255979131502965259E+03
    0.334317100876050972E+02    0.494037349600144182E+01    0.675608634515075912E+00   -0.255978695583520391E+03
    0.333962323572549167E+02    0.497057700648200296E+01    0.661618134875814001E+00   -0.255977175455152008E+03
    0.330262731875154856E+02    0.525054233981257479E+01    0.618401451245465084E+00   -0.255977152671459066E+03
    0.332836571843145634E+02    0.500733623918599857E+01    0.721281269552352722E+00   -0.255976415800673436E+03
    0.332836571843145634E+02    0.500733623918599857E+01    0.721281269552352722E+00   -0.255976415800673436E+03
    0.334899120102069148E+02    0.484728290941975803E+01    0.751806867724424954E+00   -0.255976097370849260E+03
    0.334899120102069148E+02    0.484728290941975803E+01    0.751806867724424954E+00   -0.255976097370849260E+03
    0.333186865516646833E+02    0.497645325921058124E+01    0.718691217990730991E+00   -0.255975121039140674E+03
    0.334012015320155911E+02    0.491318910911309015E+01    0.743279780397720913E+00   -0.255974055130249894E+03
    0.334632604417747643E+02    0.490824783900566963E+01    0.700155436169872192E+00   -0.255973628952306200E+03
    0.334632604417747643E+02    0.490824783900566963E+01    0.700155436169872192E+00   -0.255973628952306200E+03
    0.335169174678398392E+02    0.486023394380343721E+01    0.710909005877589539E+00   -0.255973322620465893E+03
    0.333403830828680228E+02    0.496929713094145420E+01    0.731912801453077466E+00   -0.255972942895513171E+03
    0.333457347715632579E+02    0.501439783967723951E+01    0.655585142526801445E+00   -0.255971887934473642E+03
    0.332214092518234523E+02    0.505849271290473901E+01    0.705196391724882354E+00   -0.255971132390031812E+03
    0.335472891748839714E+02    0.481204348553248185E+01    0.746864948230438808E+00   -0.255970614715715556E+03
    0.335472891748839714E+02    0.481204348553248185E+01    0.746864948230438808E+00   -0.255970614715715556E+03
    0.332452921534430601E+02    0.504960898435131789E+01    0.709249780520498252E+00   -0.255968943448314405E+03
    0.332600869290964241E+02    0.508232635591299076E+01    0.648422422717294777E+00   -0.255968277473771423E+03
    0.334138505780464925E+02    0.495198730171284929E+01    0.664630192884645643E+00   -0.255967857524953217E+03
    0.333954381455419878E+02    0.493946001206700647E+01    0.683433078961832918E+00   -0.255966349954738234E+03
    0.334819534643472991E+02    0.488895963299397085E+01    0.710694562738148350E+00   -0.255965205155219564E+03
    0.330806457577694033E+02    0.519346032909602684E+01    0.632072592199251382E+00   -0.255964347185915756E+03
    0.330806457577694033E+02    0.519346032909602684E+01    0.632072592199251382E+00   -0.255964347185915756E+03
    0.334425948375224493E+02    0.488569846259584750E+01    0.749037906195543446E+00   -0.255963840895359965E+03
    0.331388896233399848E+02    0.515694392700399096E+01    0.662175367162644357E+00   -0.255963327136716799E+03
    0.330804974649301826E+02    0.521214213742076904E+01    0.612342021453094021E+00   -0.255963247710683191E+03
    0.330804974649301826E+02    0.521214213742076904E+01    0.612342021453094021E+00   -0.255963247710683191E+03
    0.330999509377810881E+02    0.519488225416702321E+01    0.614874260080066182E+00   -0.255962931367333880E+03
    0.333090396344563189E+02    0.503540087553432869E+01    0.640231749743217948E+00   -0.255961861784831939E+03
    0.333090396344563189E+02    0.503540087553432869E+01    0.640231749743217948E+00   -0.255961861784831939E+03
    0.335421442048752780E+02    0.483090161887257974E+01    0.729668425655269015E+00   -0.255961844288387738E+03
    0.335484460500749577E+02    0.481859727281379602E+01    0.740679515760672369E+00   -0.255960644421814521E+03
    0.330591269180926943E+02    0.522945323452175170E+01    0.627643331135167348E+00   -0.255960302635363149E+03
    0.330473050963802564E+02    0.521745086808532221E+01    0.638921812472689865E+00   -0.255960056407445194E+03
    0.330473050963802564E+02    0.521745086808532221E+01    0.638921812472689865E+00   -0.255960056407445194E+03
    0.332445196451447629E+02    0.507108437464794815E+01    0.687231347822238159E+00   -0.255959973039623208E+03
    0.330678208287292108E+02    0.522400513682789747E+01    0.627914027440282574E+00   -0.255959390847984253E+03
    0.333262705502936569E+02    0.500390443196476209E+01    0.657955671272491216E+00   -0.255959061848316423E+03
    0.334577037044971348E+02    0.488035411612537473E+01    0.747021889784962090E+00   -0.255958971154025619E+03
    0.331894575794851932E+02    0.512382611470029925E+01    0.663408843992881136E+00   -0.255958738140708277E+03
    0.333262723317431266E+02    0.497050846727876561E+01    0.725881750100406009E+00   -0.255958724832398701E+03
    0.333262723317431266E+02    0.497050846727876561E+01    0.725881750100406009E+00   -0.255958724832398701E+03
    0.334922394440698028E+02    0.484631910916411002E+01    0.739073024729228978E+00   -0.255955888078304866E+03
    0.334922394440698028E+02    0.484631910916411002E+01    0.739073024729228978E+00   -0.255955888078304866E+03
    0.331362144472026543E+02    0.516732896805568664E+01    0.617455770749035571E+00   -0.255953860848762758E+03
    0.333000288246610125E+02    0.503236054992447990E+01    0.645643212619377738E+00   -0.255953430242776903E+03
    0.333000288246610125E+02    0.503236054992447990E+01    0.645643212619377738E+00   -0.255953430242776903E+03
    0.335512860558829971E+02    0.481975480287773905E+01    0.725882986253437834E+00   -0.255953214376786576E+03
    0.335512860558829971E+02    0.481975480287773905E+01    0.725882986253437834E+00   -0.255953214376786576E+03
    0.332931659524730321E+02    0.500200149110510139E+01    0.696755912455842230E+00   -0.255951985218196143E+03
    0.332931659524730321E+02    0.500200149110510139E+01    0.696755912455842230E+00   -0.255951985218196143E+03
    0.334953503771003795E+02    0.485263297668799698E+01    0.748776267578993182E+00   -0.255951533960431760E+03
    0.332085574728164445E+02    0.512420528649779516E+01    0.622829612453923209E+00   -0.255951460704155409E+03
    0.332085574728164445E+02    0.512420528649779516E+01    0.622829612453923209E+00   -0.255951460704155409E+03
    0.330570687675054131E+02    0.520937851445985611E+01    0.649955959211829026E+00   -0.255951191982490485E+03
    0.333683525252604269E+02    0.497935148333784916E+01    0.698581443346620534E+00   -0.255948464480952396E+03
    0.335423461011286932E+02    0.482806920056416722E+01    0.719624753322083310E+00   -0.255948395086097008E+03
    0.332613011685239996E+02    0.508220713312130457E+01    0.631372977331354002E+00   -0.255947962476203799E+03
    0.332613011685239996E+02    0.508220713312130457E+01    0.631372977331354002E+00   -0.255947962476203799E+03
    0.333991232916630736E+02    0.491544483612591421E+01    0.742790747205908541E+00   -0.255947826124617080E+03
    0.331576821410368296E+02    0.513258889151009612E+01    0.638299879932452963E+00   -0.255946661889254869E+03
    0.332056487419079929E+02    0.508553315664149963E+01    0.696702275876036170E+00   -0.255946604129463708E+03
    0.335000317748753886E+02    0.487515853892822015E+01    0.694993469798366403E+00   -0.255946553586607706E+03
    0.333253006676207661E+02    0.501959648589684448E+01    0.645094698439294567E+00   -0.255945161254443121E+03
    0.330787047689680804E+02    0.520866285411209073E+01    0.616209178728625018E+00   -0.255945129667627072E+03
    0.331484748453360254E+02    0.516179931393388802E+01    0.645665452746984392E+00   -0.255944266601193647E+03
    0.332528137183091772E+02    0.509053587186373413E+01    0.634845493774492509E+00   -0.255944181287261756E+03
    0.332927245055067047E+02    0.501624561441502692E+01    0.670563874394041193E+00   -0.255944012121320384E+03
    0.333670241000333334E+02    0.494041527901297428E+01    0.718497626407565759E+00   -0.255943255695190345E+03
    0.333670599929590068E+02    0.497642363303288171E+01    0.661253026746820627E+00   -0.255942735734352567E+03
    0.333670599929590068E+02    0.497642363303288171E+01    0.661253026746820627E+00   -0.255942735734352567E+03
    0.334424420445248742E+02    0.488173195790313841E+01    0.747272486554765525E+00   -0.255941824540474585E+03
    0.333432363677820192E+02    0.501140443070349484E+01    0.646880729588743542E+00   -0.255938651549691031E+03
    0.333432363677820192E+02    0.501140443070349484E+01    0.646880729588743542E+00   -0.255938651549691031E+03
    0.333851697996018260E+02    0.498029060168942284E+01    0.666883807442900656E+00   -0.255937746952704146E+03
    0.334728445584678980E+02    0.489229825876043112E+01    0.687279169122741229E+00   -0.255937717689046963E+03
    0.334728445584678980E+02    0.489229825876043112E+01    0.687279169122741229E+00   -0.255937717689046963E+03
    0.330999489490143191E+02    0.518547789217351429E+01    0.655119098742595884E+00   -0.255937527116000979E+03
    0.332131863027818355E+02    0.508273684268613657E+01    0.695546393659777884E+00   -0.255937105177331034E+03
    0.330351757921816969E+02    0.524588133827175618E+01    0.616684869277568826E+00   -0.255937087766089718E+03
    0.332296658290286757E+02    0.508247483732998262E+01    0.639715554541629761E+00   -0.255936379373772155E+03
    0.332255368893716962E+02    0.506040453007030155E+01    0.706703106019774818E+00   -0.255936078221719924E+03
    0.332255368893716962E+02    0.506040453007030155E+01    0.706703106019774818E+00   -0.255936078221719924E+03
    0.332924120891991748E+02    0.505267414017597538E+01    0.636132630803925125E+00   -0.255934532757456594E+03
    0.332924120891991748E+02    0.505267414017597538E+01    0.636132630803925125E+00   -0.255934532757456594E+03
    0.331485045277591936E+02    0.514807458053728695E+01    0.627640773749504222E+00   -0.255934380230131268E+03
    0.334942286385156507E+02    0.486813562236250519E+01    0.700098122245285337E+00   -0.255934098725789539E+03
    0.334942286385156507E+02    0.486813562236250519E+01    0.700098122245285337E+00   -0.255934098725789539E+03
    0.333297139426168130E+02    0.502403037852171863E+01    0.665276814428394481E+00   -0.255934085026789603E+03
    0.333025998081184014E+02    0.499017671638125471E+01    0.713043298326257458E+00   -0.255934030437765017E+03
    0.333197959205455589E+02    0.503314999815423736E+01    0.660724645377196884E+00   -0.255933636600568008E+03
    0.333197959205455589E+02    0.503314999815423736E+01    0.660724645377196884E+00   -0.255933636600568008E+03
    0.331485701666291277E+02    0.512575178479079430E+01    0.660816343736915224E+00   -0.255932177463895187E+03
    0.331485701666291277E+02    0.512575178479079430E+01    0.660816343736915224E+00   -0.255932177463895187E+03
    0.333430294406109411E+02    0.495754898954081469E+01    0.729530298305437919E+00   -0.255931650819304167E+03
    0.335281264311462621E+02    0.482706272960665217E+01    0.731640534700156220E+00   -0.255930572394767580E+03
    0.331705677527048408E+02    0.511528367497991532E+01    0.686649946635587094E+00   -0.255930042208740701E+03
    0.334024551075438225E+02    0.491153370679150658E+01    0.730670372869256735E+00   -0.255928540275074482E+03
    0.331809689473395864E+02    0.510262787871033119E+01    0.658574160804069830E+00   -0.255928107159414822E+03
    0.330288655888601497E+02    0.524190774068405219E+01    0.627559763860386810E+00   -0.255927668722328065E+03
    0.332521632751448593E+02    0.507168070251959424E+01    0.636511881103165256E+00   -0.255926487145841662E+03
    0.334606209593215738E+02    0.490122533583589970E+01    0.717616372153471738E+00   -0.255926040281463543E+03
    0.332433945946631582E+02    0.504979754819744997E+01    0.672295149530742653E+00   -0.255925992769434743E+03
    0.330368688139585771E+02    0.523108760551700858E+01    0.636743071179853071E+00   -0.255925502433398748E+03
    0.333619848205723102E+02    0.498006216041630001E+01    0.660718287096698775E+00   -0.255925085476301945E+03
    0.333619848205723102E+02    0.498006216041630001E+01    0.660718287096698775E+00   -0.255925085476301945E+03
    0.334776073379933123E+02    0.489591880669132440E+01    0.686558656087772556E+00   -0.255925010494267553E+03
    0.335442372313315929E+02    0.481428217709290429E+01    0.744035425070795231E+00   -0.255923736352732476E+03
    0.331231136941147284E+02    0.515660074685035852E+01    0.639937611390393624E+00   -0.255923727814136953E+03
    0.331231136941147284E+02    0.515660074685035852E+01    0.639937611390393624E+00   -0.255923727814136953E+03
    0.334514214666584024E+02    0.491098784975444325E+01    0.680158401233525334E+00   -0.255923405436129372E+03
    0.334514214666584024E+02    0.491098784975444325E+01    0.680158401233525334E+00   -0.255923405436129372E+03
    0.332402010027384165E+02    0.506825865579872570E+01    0.648149159199442604E+00   -0.255922146017261099E+03
    0.332402010027384165E+02    0.506825865579872570E+01    0.648149159199442604E+00   -0.255922146017261099E+03
    0.334706379448146834E+02    0.489493239570209315E+01    0.686229633459137900E+00   -0.255921209089639547E+03
    0.334706379448146834E+02    0.489493239570209315E+01    0.686229633459137900E+00   -0.255921209089639547E+03
    0.333959209818427496E+02    0.497076739881555874E+01    0.670098247567257110E+00   -0.255920325059184563E+03
    0.331797955480210902E+02    0.510655894072875327E+01    0.689881457178848412E+00   -0.255920301169981059E+03
    0.333299212362699109E+02    0.498370683940343362E+01    0.682156762360102586E+00   -0.255919856607785078E+03
    0.333299212362699109E+02    0.498370683940343362E+01    0.682156762360102586E+00   -0.255919856607785078E+03
    0.334889742443068741E+02    0.487832121794200635E+01    0.720238625546020028E+00   -0.255919795229935943E+03
    0.334305267134110622E+02    0.490006595183444738E+01    0.710145139795807179E+00   -0.255919622565485071E+03
    0.332482238640228829E+02    0.509387246672670191E+01    0.633414382486101823E+00   -0.255918669616371176E+03
    0.335276842430606763E+02    0.484799209452553281E+01    0.709620297277153478E+00   -0.255918537010500387E+03
    0.333585662677251094E+02    0.497391696315893839E+01    0.669559823474600746E+00   -0.255918183590973314E+03
    0.331993899541910054E+02    0.510254222121999490E+01    0.639988940245899585E+00   -0.255917963921848269E+03
    0.331993899541910054E+02    0.510254222121999490E+01    0.639988940245899585E+00   -0.255917963921848269E+03
    0.332599414727843339E+02    0.502522692206865873E+01    0.704944756431831854E+00   -0.255917592501831450E+03
    0.333032874968914570E+02    0.502754986018389882E+01    0.648568757100328575E+00   -0.255917469404948150E+03
    0.331804109214063629E+02    0.510665442851750129E+01    0.652619184230078586E+00   -0.255917352934128502E+03
    0.330678732333192258E+02    0.522713457686621474E+01    0.612723739319869454E+00   -0.255916977238986306E+03
    0.331433856901428712E+02    0.513017705823168946E+01    0.660147651009038605E+00   -0.255916445369792655E+03
    0.332379131750638379E+02    0.504481662722843716E+01    0.694016942654152036E+00   -0.255916384272328798E+03
    0.332060099910503652E+02    0.512636890892008790E+01    0.623772648945969066E+00   -0.255916112352144324E+03
    0.334642158604042876E+02    0.486811376474756763E+01    0.750047422164726418E+00   -0.255915767813676752E+03
    0.331117358706919305E+02    0.517928847208377086E+01    0.621984746265191069E+00   -0.255915207342837874E+03
    0.334859525115587360E+02    0.488940839901937618E+01    0.691340738458061876E+00   -0.255914746100233373E+03
    0.334189168407841564E+02    0.490117442724698282E+01    0.745194646358132595E+00   -0.255913893750255795E+03
    0.332356735767085993E+02    0.508759904321257306E+01    0.631713133351047285E+00   -0.255913010459815922E+03
    0.332356735767085993E+02    0.508759904321257306E+01    0.631713133351047285E+00   -0.255913010459815922E+03
    0.332225440054776442E+02    0.511421733183151517E+01    0.629833129497675781E+00   -0.255911955808097758E+03
    0.330615381710866245E+02    0.521262101280861057E+01    0.646841107706710439E+00   -0.255911716297390257E+03
    0.330615381710866245E+02    0.521262101280861057E+01    0.646841107706710439E+00   -0.255911716297390257E+03
    0.335271953249159367E+02    0.482448696489616058E+01    0.739820759829674657E+00   -0.255911479949759809E+03
    0.332909308007387921E+02    0.503094647813137641E+01    0.699895928158150604E+00   -0.255911025853668491E+03
    0.331297907305389501E+02    0.517940805905046009E+01    0.635619041044723998E+00   -0.255910413780540608E+03
    0.334772802622917141E+02    0.488690478113591631E+01    0.690411846835475407E+00   -0.255910037314063487E+03
    0.332828941208948379E+02    0.501572418878136173E+01    0.683530028402039136E+00   -0.255909905187863785E+03
    0.332828941208948379E+02    0.501572418878136173E+01    0.683530028402039136E+00   -0.255909905187863785E+03
    0.332965516610512537E+02    0.503172314554959144E+01    0.693772226017476901E+00   -0.255908511214349147E+03
    0.332965516610512537E+02    0.503172314554959144E+01    0.693772226017476901E+00   -0.255908511214349147E+03
    0.334968355410573793E+02    0.484371079685227990E+01    0.739431247208078624E+00   -0.255908358827793506E+03
    0.333512143360814974E+02    0.500912050223574390E+01    0.654612999342326862E+00   -0.255907430845841589E+03
    0.331916354320264873E+02    0.513826114471431250E+01    0.626656901161938062E+00   -0.255907098292316704E+03
    0.332398472018192237E+02    0.504606006933175610E+01    0.685980465927632066E+00   -0.255906987601582927E+03
    0.333272856157836372E+02    0.499113571668142519E+01    0.673621275087864957E+00   -0.255906762201411226E+03
    0.335452458954383985E+02    0.482637103874219431E+01    0.730824699297469071E+00   -0.255906750732315203E+03
    0.330489280230334117E+02    0.523612806561917754E+01    0.614367761355706921E+00   -0.255906518669679940E+03
    0.331078123247836587E+02    0.518022181013763383E+01    0.624037072622209088E+00   -0.255905683337728590E+03
    0.331078123247836587E+02    0.518022181013763383E+01    0.624037072622209088E+00   -0.255905683337728590E+03
    0.335361239904774635E+02    0.482316239522318924E+01    0.745857332169678977E+00   -0.255905328854420361E+03
    0.334944019209490875E+02    0.488079022838366328E+01    0.694284671434915346E+00   -0.255904559928740071E+03
    0.334944019209490875E+02    0.488079022838366328E+01    0.694284671434915346E+00   -0.255904559928740071E+03
    0.332567233439315331E+02    0.506462300774396823E+01    0.684642379433016313E+00   -0.255904087546417486E+03
    0.332966699159130002E+02    0.500552627613230694E+01    0.684433954721093585E+00   -0.255903930270462240E+03
    0.334698964369760787E+02    0.486416841101722675E+01    0.750149128139649957E+00   -0.255903926828321204E+03
    0.334698964369760787E+02    0.486416841101722675E+01    0.750149128139649957E+00   -0.255903926828321204E+03
    0.334693947669781338E+02    0.488354635828379191E+01    0.734307921676669917E+00   -0.255903391591048006E+03
    0.334693947669781338E+02    0.488354635828379191E+01    0.734307921676669917E+00   -0.255903391591048006E+03
    0.331401027651274660E+02    0.515321691013707017E+01    0.628684920109283785E+00   -0.255902959596361285E+03
    0.331401027651274660E+02    0.515321691013707017E+01    0.628684920109283785E+00   -0.255902959596361285E+03
    0.333273295879891265E+02    0.499532971055066710E+01    0.667874152012134958E+00   -0.255902351028228992E+03
    0.333273295879891265E+02    0.499532971055066710E+01    0.667874152012134958E+00   -0.255902351028228992E+03
    0.331862103513211792E+02    0.513524995686575103E+01    0.619824626148876345E+00   -0.255901296743027103E+03
    0.334676711384250041E+02    0.488898464829511603E+01    0.693103503144470112E+00   -0.255901010190766868E+03
    0.333244748248413885E+02    0.500021933259065765E+01    0.710994518588199509E+00   -0.255900724707228733E+03
    0.330385668231726939E+02    0.524191157199642799E+01    0.623601018786901662E+00   -0.255898293121877941E+03
    0.330385668231726939E+02    0.524191157199642799E+01    0.623601018786901662E+00   -0.255898293121877941E+03
    0.335328755218817065E+02    0.484210520080278961E+01    0.713634830656989183E+00   -0.255898288949348256E+03
    0.334552711599472161E+02    0.491808621320640871E+01    0.685824462370199450E+00   -0.255898113440322447E+03
    0.332209797986441657E+02    0.511419062562812421E+01    0.625920392966544781E+00   -0.255897180210179613E+03
    0.334830842650755116E+02    0.487518549190266981E+01    0.699219859352044004E+00   -0.255896979112564964E+03
    0.333243949590142705E+02    0.500837887298636009E+01    0.655005479933300383E+00   -0.255896881997580181E+03
    0.332349884321525053E+02    0.506377185373159122E+01    0.701429072960507938E+00   -0.255895835658739571E+03
    0.332349884321525053E+02    0.506377185373159122E+01    0.701429072960507938E+00   -0.255895835658739571E+03
    0.333133158275557264E+02    0.501562520028538827E+01    0.700501907700338267E+00   -0.255895722819701717E+03
    0.331644361914093011E+02    0.512166591317405384E+01    0.683517771913633609E+00   -0.255895668300270245E+03
    0.332215170072503838E+02    0.505847043808723740E+01    0.691650342138229846E+00   -0.255895627864780437E+03
    0.335053500988460655E+02    0.486998405081671049E+01    0.708608459824818793E+00   -0.255895367567765675E+03
    0.331482527325527982E+02    0.512466568340374540E+01    0.664701181471820779E+00   -0.255893770837343055E+03
    0.332306441384196276E+02    0.510201158378194641E+01    0.651222334607391762E+00   -0.255893273587653994E+03
    0.331056494470448825E+02    0.518737718944270121E+01    0.618670974524908046E+00   -0.255891624845048455E+03
    0.333819238151909516E+02    0.492745945234513805E+01    0.728524262982780724E+00   -0.255891174268105175E+03
    0.331708952531191059E+02    0.511287702514522024E+01    0.687853438314962817E+00   -0.255891049210733826E+03
    0.330617613938506310E+02    0.520665974808574106E+01    0.650134228012715809E+00   -0.255890806830395206E+03
    0.332510333954527582E+02    0.507153723109107002E+01    0.679969546256956603E+00   -0.255890562488394238E+03
    0.333993671068983105E+02    0.495563387999247951E+01    0.664995916120643127E+00   -0.255890322804490722E+03
    0.335077151970260942E+02    0.484880390456925170E+01    0.715626862168194822E+00   -0.255889411873485329E+03
    0.331023884012110017E+02    0.516821991660068036E+01    0.647786774253583775E+00   -0.255887958070923844E+03
    0.331023884012110017E+02    0.516821991660068036E+01    0.647786774253583775E+00   -0.255887958070923844E+03
    0.331613998009718856E+02    0.511128256392694968E+01    0.686652139790019822E+00   -0.255886775770441488E+03
    0.330873880588782754E+02    0.519265649314876043E+01    0.627267739820527082E+00   -0.255886018593066467E+03
    0.335502861689941128E+02    0.481693035698904648E+01    0.734095392683095094E+00   -0.255885260956722874E+03
    0.332059021878170171E+02    0.512690609008693432E+01    0.629490155534608298E+00   -0.255885173948569985E+03
    0.331940397161407930E+02    0.508250460775109225E+01    0.695816727630075293E+00   -0.255884469029386338E+03
    0.331940397161407930E+02    0.508250460775109225E+01    0.695816727630075293E+00   -0.255884469029386338E+03
    0.331950370349357087E+02    0.508070732440962836E+01    0.693737363135138008E+00   -0.255884461643287352E+03
    0.335258251544792927E+02    0.484706393611563868E+01    0.709535553141741770E+00   -0.255884415256551137E+03
    0.332243930479466698E+02    0.511011828835059578E+01    0.642152809892471810E+00   -0.255883177628919299E+03
    0.333879143463904313E+02    0.497258582021671636E+01    0.658864523755981035E+00   -0.255883170092169962E+03
    0.334766092503509896E+02    0.487886660553153195E+01    0.699251762978266522E+00   -0.255882482107078800E+03
    0.332816462339829400E+02    0.503317775904929299E+01    0.704160953143264545E+00   -0.255882357046032382E+03
    0.331351007272732829E+02    0.515298900811232752E+01    0.633363556886705537E+00   -0.255881807154285752E+03
    0.334872980436994112E+02    0.488341207097763075E+01    0.691401525056879795E+00   -0.255881403932832313E+03
    0.331211812093423248E+02    0.518821589334639910E+01    0.613635486089000759E+00   -0.255881117512227775E+03
    0.331211812093423248E+02    0.518821589334639910E+01    0.613635486089000759E+00   -0.255881117512227775E+03
    0.331147577896239440E+02    0.519307745118008590E+01    0.627055735313671647E+00   -0.255881013526288967E+03
    0.331147577896239440E+02    0.519307745118008590E+01    0.627055735313671647E+00   -0.255881013526288967E+03
    0.334629010210689231E+02    0.486701317978517700E+01    0.746764055778268432E+00   -0.255880944641669316E+03
    0.333666664373727713E+02    0.495756415118115168E+01    0.728277829593853898E+00   -0.255880795881339111E+03
    0.333666664373727713E+02    0.495756415118115168E+01    0.728277829593853898E+00   -0.255880795881339111E+03
    0.333566150466698019E+02    0.494742604649222795E+01    0.723536925763043071E+00   -0.255879854014983749E+03
    0.333566150466698019E+02    0.494742604649222795E+01    0.723536925763043071E+00   -0.255879854014983749E+03
    0.334398668660588356E+02    0.492004871671433097E+01    0.677668869598364587E+00   -0.255879580372062009E+03
    0.334813030006953340E+02    0.485374970436542874E+01    0.746707906493940143E+00   -0.255879290431654937E+03
    0.334813030006953340E+02    0.485374970436542874E+01    0.746707906493940143E+00   -0.255879290431654937E+03
    0.330642331248321213E+02    0.521984792006920717E+01    0.617050103343132372E+00   -0.255878849485127546E+03
    0.332562983804501613E+02    0.508165291564715815E+01    0.630259169266545682E+00   -0.255878691426686999E+03
    0.334778469082022880E+02    0.489704518146244716E+01    0.691570418762366357E+00   -0.255878662838125507E+03
    0.333781242600151984E+02    0.493035715023270349E+01    0.729225474366893334E+00   -0.255878107712075348E+03
    0.334665701571067231E+02    0.487644488584504021E+01    0.711274128367954450E+00   -0.255877842695391081E+03
    0.330910466923240989E+02    0.519207323566175560E+01    0.624785273207790315E+00   -0.255877709237295733E+03
    0.332188917904050030E+02    0.510597094992840095E+01    0.626164343065894746E+00   -0.255877665426535657E+03
    0.334659455436127473E+02    0.488559490033613031E+01    0.734522825553003855E+00   -0.255877509267432345E+03
    0.334659455436127473E+02    0.488559490033613031E+01    0.734522825553003855E+00   -0.255877509267432345E+03
    0.332041214872242989E+02    0.507812834139834113E+01    0.673831934948563749E+00   -0.255877005016746381E+03
    0.330677957964930442E+02    0.522383832640037582E+01    0.626237226992047979E+00   -0.255876079641523120E+03
    0.330677957964930442E+02    0.522383832640037582E+01    0.626237226992047979E+00   -0.255876079641523120E+03
    0.335148817219823769E+02    0.485904511048711374E+01    0.703759500256741610E+00   -0.255875225258564399E+03
    0.335148817219823769E+02    0.485904511048711374E+01    0.703759500256741610E+00   -0.255875225258564399E+03
    0.335053310080444788E+02    0.487032857837141986E+01    0.706071434106901541E+00   -0.255874601986733779E+03
    0.335053310080444788E+02    0.487032857837141986E+01    0.706071434106901541E+00   -0.255874601986733779E+03
    0.332499775062068039E+02    0.507186681651887650E+01    0.637979690106358022E+00   -0.255874333995683912E+03
    0.332499775062068039E+02    0.507186681651887650E+01    0.637979690106358022E+00   -0.255874333995683912E+03
    0.333917961429546182E+02    0.497394808647299946E+01    0.664384135521345121E+00   -0.255872647346800875E+03
    0.333917961429546182E+02    0.497394808647299946E+01    0.664384135521345121E+00   -0.255872647346800875E+03
    0.334099445953451024E+02    0.494791460704606312E+01    0.667327912808773682E+00   -0.255872472358360966E+03
    0.330515079051613370E+02    0.523313013813870054E+01    0.615518919630358652E+00   -0.255871825464920221E+03
    0.332966813501426984E+02    0.499616696736639021E+01    0.720740636580834870E+00   -0.255871800575748324E+03
    0.332966813501426984E+02    0.499616696736639021E+01    0.720740636580834870E+00   -0.255871800575748324E+03
    0.333018471243046790E+02    0.501428491491044959E+01    0.665206531894461772E+00   -0.255871741806119161E+03
    0.335224584064067415E+02    0.483434572011268227E+01    0.725563849509686554E+00   -0.255871604254837990E+03
    0.335224584064067415E+02    0.483434572011268227E+01    0.725563849509686554E+00   -0.255871604254837990E+03
    0.335257572912512742E+02    0.483822313169135576E+01    0.737937937708544878E+00   -0.255871484876499494E+03
    0.332958634561357627E+02    0.502505680295645707E+01    0.702946972914907486E+00   -0.255871321146460048E+03
    0.332080096483804539E+02    0.507129954821787354E+01    0.700201906659148943E+00   -0.255870852127260036E+03
    0.334779743810474884E+02    0.489438382043349840E+01    0.687789389252142724E+00   -0.255869359227683816E+03
    0.335467112383749111E+02    0.482374383221997149E+01    0.730254710942718210E+00   -0.255868601693338178E+03
    0.335467112383749111E+02    0.482374383221997149E+01    0.730254710942718210E+00   -0.255868601693338178E+03
    0.334851225059075759E+02    0.485135076837870294E+01    0.742608631555818799E+00   -0.255868073588654681E+03
    0.332779730336569983E+02    0.501733182138758860E+01    0.688045498270468792E+00   -0.255867995340571753E+03
    0.332043374730727621E+02    0.508740409657924442E+01    0.694855319276556527E+00   -0.255866010104521877E+03
    0.333820814250076126E+02    0.496665037476671145E+01    0.663334830491626781E+00   -0.255865817585877835E+03
    0.332231564780515214E+02    0.511182188203935617E+01    0.639230662021740836E+00   -0.255865557086562461E+03
    0.332231564780515214E+02    0.511182188203935617E+01    0.639230662021740836E+00   -0.255865557086562461E+03
    0.335252354046778578E+02    0.484922101364157943E+01    0.717679458789994285E+00   -0.255864896875276372E+03
    0.333434097304420050E+02    0.498545872911544485E+01    0.667619038427879619E+00   -0.255864373686008435E+03
    0.332412504662519126E+02    0.504443973463352258E+01    0.709579639428288500E+00   -0.255864310248234801E+03
    0.330575732940313927E+02    0.522949018462387727E+01    0.626707728491196048E+00   -0.255863030364452044E+03
    0.330993208816880866E+02    0.516975388478801889E+01    0.650427108799141784E+00   -0.255862400141315248E+03
    0.331348425379493179E+02    0.513963824128057833E+01    0.654937464597832308E+00   -0.255862363223572402E+03
    0.332408413422287410E+02    0.507058799947586092E+01    0.645395085769311372E+00   -0.255862012196195934E+03
    0.334860818872045485E+02    0.488688747374212706E+01    0.691207700458262631E+00   -0.255861988468601140E+03
    0.331867164245487132E+02    0.509818392360854578E+01    0.659788744958775486E+00   -0.255861535872645561E+03
    0.335110191724553630E+02    0.484024643681812172E+01    0.747752297670274180E+00   -0.255860832719371587E+03
    0.335208067861475456E+02    0.483453734436818916E+01    0.746167612847591366E+00   -0.255860499855345807E+03
    0.334094242640155059E+02    0.492300936306909431E+01    0.735448623190893436E+00   -0.255859557965092534E+03
    0.335012087608844666E+02    0.485833447195427581E+01    0.708168497742259873E+00   -0.255858461124320797E+03
    0.330985831442761480E+02    0.518453240871045029E+01    0.655971901656354106E+00   -0.255857932166380493E+03
    0.330985831442761480E+02    0.518453240871045029E+01    0.655971901656354106E+00   -0.255857932166380493E+03
    0.333053401643347229E+02    0.498968823056127952E+01    0.723078815773996020E+00   -0.255857737780274277E+03
    0.332781762629226776E+02    0.505188999454992071E+01    0.640800361838925636E+00   -0.255855284500014534E+03
    0.332781762629226776E+02    0.505188999454992071E+01    0.640800361838925636E+00   -0.255855284500014534E+03
    0.335007877941015266E+02    0.485896335822509595E+01    0.735778006464301249E+00   -0.255855218339247841E+03
    0.332048650561704903E+02    0.507704677630642198E+01    0.675396934810334471E+00   -0.255855154852219783E+03
    0.331223310945538714E+02    0.517818906607321328E+01    0.645570263457642457E+00   -0.255853991504967695E+03
    0.334692409570330511E+02    0.488538252640206228E+01    0.696783909334189211E+00   -0.255851801613782811E+03
    0.334692409570330511E+02    0.488538252640206228E+01    0.696783909334189211E+00   -0.255851801613782811E+03
    0.333431734817311707E+02    0.496428285322856944E+01    0.731996160900985515E+00   -0.255850831663927465E+03
    0.334877468096862572E+02    0.487999560877272920E+01    0.717708175481597710E+00   -0.255850054416674936E+03
    0.331394241830266907E+02    0.515747338142499512E+01    0.659829357696854357E+00   -0.255849177800975923E+03
    0.334445664121351385E+02    0.489182093291607867E+01    0.743112247333648224E+00   -0.255848278596853078E+03
    0.331886675049434388E+02    0.508770818170150285E+01    0.680877724205917745E+00   -0.255848148640966429E+03
    0.331886675049434388E+02    0.508770818170150285E+01    0.680877724205917745E+00   -0.255848148640966429E+03
    0.332623507183638196E+02    0.508116736133065849E+01    0.634411215204136680E+00   -0.255847753347929540E+03
    0.332541603334490432E+02    0.508605791942363972E+01    0.647744017975082187E+00   -0.255847671041009647E+03
    0.331416132360878635E+02    0.517248214415160579E+01    0.615715472748335269E+00   -0.255847068191579524E+03
    0.334246469889094087E+02    0.490427067104243530E+01    0.710538977973120489E+00   -0.255846190496696352E+03
    0.334545425731135495E+02    0.490913069136174496E+01    0.710486907633536391E+00   -0.255845010213146878E+03
    0.334097794542228002E+02    0.494942684683146261E+01    0.697282335541791420E+00   -0.255844746124924455E+03
    0.334097794542228002E+02    0.494942684683146261E+01    0.697282335541791420E+00   -0.255844746124924455E+03
    0.334397452666128387E+02    0.488412307555618685E+01    0.737418972773920434E+00   -0.255844395757657196E+03
    0.335336741678673320E+02    0.483915963512493441E+01    0.723215520888414343E+00   -0.255843633857791616E+03
    0.335157229523335900E+02    0.485345879675423575E+01    0.725864794789653933E+00   -0.255843223732298327E+03
    0.335157229523335900E+02    0.485345879675423575E+01    0.725864794789653933E+00   -0.255843223732298327E+03
    0.330477471719031968E+02    0.522224034170887119E+01    0.631942525729812576E+00   -0.255842345535172910E+03
    0.333958268350673535E+02    0.493230934084353034E+01    0.694822800169115240E+00   -0.255841157183973195E+03
    0.333958268350673535E+02    0.493230934084353034E+01    0.694822800169115240E+00   -0.255841157183973195E+03
    0.332389617334924310E+02    0.508915604086698536E+01    0.630142361072996149E+00   -0.255841079316405171E+03
    0.332302106022418826E+02    0.510099440213620170E+01    0.626731828257369061E+00   -0.255840776732307148E+03
    0.332302106022418826E+02    0.510099440213620170E+01    0.626731828257369061E+00   -0.255840776732307148E+03
    0.333297595491015386E+02    0.496995959668105947E+01    0.727555976554820294E+00   -0.255840700823922532E+03
    0.333297595491015386E+02    0.496995959668105947E+01    0.727555976554820294E+00   -0.255840700823922532E+03
    0.331414698439499702E+02    0.517465538258423674E+01    0.625401105028145277E+00   -0.255840184483036296E+03
    0.334226187625133448E+02    0.492776693376248787E+01    0.718196332903654922E+00   -0.255840117744589861E+03
    0.334226187625133448E+02    0.492776693376248787E+01    0.718196332903654922E+00   -0.255840117744589861E+03
    0.334681616278454896E+02    0.489671273319581601E+01    0.686780759238485361E+00   -0.255839646311402532E+03
    0.334681616278454896E+02    0.489671273319581601E+01    0.686780759238485361E+00   -0.255839646311402532E+03
    0.334084653261838938E+02    0.495909073469857375E+01    0.672627031388244978E+00   -0.255839496992354896E+03
    0.330384517888289651E+02    0.523828754167801058E+01    0.626244321299186502E+00   -0.255839286723538891E+03
    0.334359301595433394E+02    0.493469051655326485E+01    0.681147786439604608E+00   -0.255838030155873440E+03
    0.334359301595433394E+02    0.493469051655326485E+01    0.681147786439604608E+00   -0.255838030155873440E+03
    0.331496479572674900E+02    0.512163905990538826E+01    0.680898416014009134E+00   -0.255836760684048301E+03
    0.332560137640043365E+02    0.507511574645061447E+01    0.633252477739098429E+00   -0.255836741953232746E+03
    0.334536954782544314E+02    0.487519516667999930E+01    0.746662838753679226E+00   -0.255836584288029115E+03
    0.331354792101903257E+02    0.517457995261317016E+01    0.615475613431500923E+00   -0.255835778395889605E+03
    0.330401642752310210E+02    0.523191029889949455E+01    0.628423421525127868E+00   -0.255835724218372377E+03
    0.331700909465592915E+02    0.515380849697791099E+01    0.623131957804625380E+00   -0.255835325324997171E+03
    0.331700909465592915E+02    0.515380849697791099E+01    0.623131957804625380E+00   -0.255835325324997171E+03
    0.334062899571095500E+02    0.495992349672196653E+01    0.677710176897459160E+00   -0.255834759186988435E+03
    0.334062899571095500E+02    0.495992349672196653E+01    0.677710176897459160E+00   -0.255834759186988435E+03
    0.334357384824372303E+02    0.489713538852397523E+01    0.710312799120964677E+00   -0.255834754764601172E+03
    0.333935489446714584E+02    0.492759156139642762E+01    0.739026827963563671E+00   -0.255833432802256510E+03
    0.334328350331367830E+02    0.493269981605572294E+01    0.695685655184445695E+00   -0.255833333876731217E+03
    0.330426488370933953E+02    0.523577643703656559E+01    0.620924751235476524E+00   -0.255833067109482613E+03
    0.333502926752431819E+02    0.495322667932823268E+01    0.730477168179692993E+00   -0.255833028804270896E+03
    0.332930717663674045E+02    0.500253517184407137E+01    0.721539109656172184E+00   -0.255832367335480910E+03
    0.333742859747163223E+02    0.494994986854273122E+01    0.730520876109984618E+00   -0.255830935430495657E+03
    0.334799974329281653E+02    0.485835282875048513E+01    0.748842608135830479E+00   -0.255830473511431677E+03
    0.331804061132133015E+02    0.513404789749975254E+01    0.655309015577909881E+00   -0.255829864340137931E+03
    0.334782230594519348E+02    0.488977473629285875E+01    0.712648410276778721E+00   -0.255829764792768088E+03
    0.335244870825061199E+02    0.484389719957689735E+01    0.729793432689683219E+00   -0.255829330997791686E+03
    0.335244870825061199E+02    0.484389719957689735E+01    0.729793432689683219E+00   -0.255829330997791686E+03
    0.330836674999396791E+02    0.519433864894331077E+01    0.629606365257734391E+00   -0.255828978592536430E+03
    0.333117048849733237E+02    0.503823855436644674E+01    0.641868315323557148E+00   -0.255828580528077424E+03
    0.330942565149269257E+02    0.517270545297951223E+01    0.660943947233213147E+00   -0.255827944593203227E+03
    0.334757113278084759E+02    0.488682471662292084E+01    0.721580381869231346E+00   -0.255827070836019942E+03
    0.330672101384659953E+02    0.521379171271668085E+01    0.641202835542400651E+00   -0.255826739712198702E+03
    0.333815105881819889E+02    0.493852428936259447E+01    0.736171880161894276E+00   -0.255825468532311987E+03
    0.333815105881819889E+02    0.493852428936259447E+01    0.736171880161894276E+00   -0.255825468532311987E+03
    0.331844914746628277E+02    0.509377684866118408E+01    0.693524765561237766E+00   -0.255825239776332126E+03
    0.330593559896456526E+02    0.520787805439928864E+01    0.645070427485553322E+00   -0.255824074098166619E+03
    0.330607049934210195E+02    0.521720604752559414E+01    0.640906469109649657E+00   -0.255824022398730506E+03
    0.332519481761503712E+02    0.508175480460092821E+01    0.660977956002546829E+00   -0.255823360397501631E+03
    0.332212596880289510E+02    0.506280840929984954E+01    0.680478470068990648E+00   -0.255823104612639185E+03
    0.334766096912047715E+02    0.489595616089248686E+01    0.688798461404734774E+00   -0.255822929743920952E+03
    0.335258154887468862E+02    0.482920068038562622E+01    0.745588894878357000E+00   -0.255822730350372069E+03
    0.335258154887468862E+02    0.482920068038562622E+01    0.745588894878357000E+00   -0.255822730350372069E+03
    0.331277515670399652E+02    0.514709576404036451E+01    0.674910554244658956E+00   -0.255822271285034844E+03
    0.335242557615017134E+02    0.482788545321117368E+01    0.745530539317842633E+00   -0.255821589028915696E+03
    0.334789187455524839E+02    0.487225487473685703E+01    0.738787220411863288E+00   -0.255820767315411217E+03
    0.334789187455524839E+02    0.487225487473685703E+01    0.738787220411863288E+00   -0.255820767315411217E+03
    0.330545768392543096E+02    0.522593480845561675E+01    0.619899491898244781E+00   -0.255820449002675986E+03
    0.330865474298111764E+02    0.521157182875978542E+01    0.625688459591768997E+00   -0.255818149829827092E+03
    0.330865474298111764E+02    0.521157182875978542E+01    0.625688459591768997E+00   -0.255818149829827092E+03
    0.331479369151688061E+02    0.514316417778079504E+01    0.634923955054467637E+00   -0.255816859533764102E+03
    0.332325597335010414E+02    0.505575572485487257E+01    0.677463991643649344E+00   -0.255814085074102707E+03
    0.330989929866083585E+02    0.519339422210639423E+01    0.643987560011729521E+00   -0.255813587856124883E+03
    0.331132365735091554E+02    0.518200849477075565E+01    0.647850285233024459E+00   -0.255813303657840720E+03
    0.334952941630067755E+02    0.486684245525150683E+01    0.702661496742117753E+00   -0.255813075249254268E+03
    0.333707875400621674E+02    0.493947136739545734E+01    0.736166346755511847E+00   -0.255813061606544665E+03
    0.334478275080637246E+02    0.492370034045952831E+01    0.682337448493470333E+00   -0.255812874747847758E+03
    0.332141376373771777E+02    0.509520621235659465E+01    0.638083619895971399E+00   -0.255812203083597950E+03
    0.331386227364570374E+02    0.517114540227675157E+01    0.638653477751614185E+00   -0.255811835530719662E+03
    0.330619558283405439E+02    0.520859155453739220E+01    0.647156358628135475E+00   -0.255811357062172874E+03
    0.335169915274207568E+02    0.485630499011943773E+01    0.707259930089801592E+00   -0.255811117197822313E+03
    0.334048051769566996E+02    0.495575077661371122E+01    0.665121642084801623E+00   -0.255807689631440411E+03
    0.333140800903089627E+02    0.503170353151393002E+01    0.642938802299205303E+00   -0.255807433596100026E+03
    0.331864121862823964E+02    0.512057410680874181E+01    0.669402334742861704E+00   -0.255805981854080187E+03
    0.332790329402196647E+02    0.506084521678982746E+01    0.664091224153170900E+00   -0.255805019402223849E+03
    0.331863059276396015E+02    0.509549578437805994E+01    0.693355153741301744E+00   -0.255804168907014684E+03
    0.334681170102857024E+02    0.487211197709154575E+01    0.745775000047799286E+00   -0.255804071059977957E+03
    0.334703579781352687E+02    0.486247418355775807E+01    0.741879641028254655E+00   -0.255803639767730544E+03
    0.334703579781352687E+02    0.486247418355775807E+01    0.741879641028254655E+00   -0.255803639767730544E+03
    0.333861558816398514E+02    0.493043609442819175E+01    0.711343251442203783E+00   -0.255803099212732462E+03
    0.333861558816398514E+02    0.493043609442819175E+01    0.711343251442203783E+00   -0.255803099212732462E+03
    0.334385885857855953E+02    0.492958272057417268E+01    0.675414029782472891E+00   -0.255802720536550225E+03
    0.332417067849707735E+02    0.506812998209218879E+01    0.691751637506841210E+00   -0.255802471012191688E+03
    0.332417067849707735E+02    0.506812998209218879E+01    0.691751637506841210E+00   -0.255802471012191688E+03
    0.331326993202468927E+02    0.515346269329410411E+01    0.635872509774448980E+00   -0.255802459496398853E+03
    0.333939234386654107E+02    0.491905931016713716E+01    0.735354745566305090E+00   -0.255800296717286159E+03
    0.334625001533712805E+02    0.489398583155331757E+01    0.691956303322085131E+00   -0.255799612522807308E+03
    0.330468124277122328E+02    0.522768715263561390E+01    0.634630700306781259E+00   -0.255798290410970253E+03
    0.330752096492900876E+02    0.520495077226256697E+01    0.646124696028445133E+00   -0.255797830124398558E+03
    0.330752096492900876E+02    0.520495077226256697E+01    0.646124696028445133E+00   -0.255797830124398558E+03
    0.333238787159175445E+02    0.497669601181721966E+01    0.727070431967004938E+00   -0.255796430707606845E+03
    0.334559083321498250E+02    0.487297126501375111E+01    0.743321449107259613E+00   -0.255796418682372916E+03
    0.334184837477787795E+02    0.494481272180648990E+01    0.692473814677591282E+00   -0.255796312488330727E+03
    0.332101359780878695E+02    0.507896822140221005E+01    0.698161507641647860E+00   -0.255796008598244612E+03
    0.332101359780878695E+02    0.507896822140221005E+01    0.698161507641647860E+00   -0.255796008598244612E+03
    0.330516235398910823E+02    0.523322618294267627E+01    0.622139340215455139E+00   -0.255795276861395593E+03
    0.332453961031730927E+02    0.509356601263648567E+01    0.643199673760902924E+00   -0.255795092782746849E+03
    0.334913453650143396E+02    0.488095844341318674E+01    0.707747300863628581E+00   -0.255794330663077659E+03
    0.332919597030788594E+02    0.503369043690228501E+01    0.650422541545677357E+00   -0.255793466066737551E+03
    0.332628169959030231E+02    0.506360684617627932E+01    0.679049469494711788E+00   -0.255793266450572844E+03
    0.332628169959030231E+02    0.506360684617627932E+01    0.679049469494711788E+00   -0.255793266450572844E+03
    0.332432975527215149E+02    0.508771472219436216E+01    0.660810666759885867E+00   -0.255792820503700682E+03
    0.331302736676301848E+02    0.514056618273683696E+01    0.674810032214659294E+00   -0.255792430002769066E+03
    0.333927226717274266E+02    0.492099353691589059E+01    0.737771043765815149E+00   -0.255790889305575689E+03
    0.334517858548427540E+02    0.487884139324241684E+01    0.746298468481442212E+00   -0.255789854566676780E+03
    0.333554487155921890E+02    0.495022580940102674E+01    0.718077463106575831E+00   -0.255788746111645992E+03
    0.333488566172511938E+02    0.495428589272226283E+01    0.726864102366319487E+00   -0.255787672026129798E+03
    0.333114026289013339E+02    0.498589145263752442E+01    0.723626732206980594E+00   -0.255787532230225594E+03
    0.332240931808523712E+02    0.511151641702784865E+01    0.631952830121616960E+00   -0.255786763145881508E+03
    0.332240931808523712E+02    0.511151641702784865E+01    0.631952830121616960E+00   -0.255786763145881508E+03
    0.332676672429850839E+02    0.505360124688945866E+01    0.688859719440973794E+00   -0.255785954573788786E+03
    0.332676672429850839E+02    0.505360124688945866E+01    0.688859719440973794E+00   -0.255785954573788786E+03
    0.332029671427741420E+02    0.508672988713398944E+01    0.660062979990514886E+00   -0.255785544932715851E+03
    0.331727919423794049E+02    0.510195213716626217E+01    0.687401878409262368E+00   -0.255785235329507543E+03
    0.331727919423794049E+02    0.510195213716626217E+01    0.687401878409262368E+00   -0.255785235329507543E+03
    0.334589092089823055E+02    0.488650156268480984E+01    0.738133206891717020E+00   -0.255784150959723917E+03
    0.334589092089823055E+02    0.488650156268480984E+01    0.738133206891717020E+00   -0.255784150959723917E+03
    0.333554903085969272E+02    0.495692630275691926E+01    0.700425657465636564E+00   -0.255783563022657518E+03
    0.333371585298132729E+02    0.500564684390942904E+01    0.689694298309123655E+00   -0.255782992081294651E+03
    0.333371585298132729E+02    0.500564684390942904E+01    0.689694298309123655E+00   -0.255782992081294651E+03
    0.330609190455789133E+02    0.522627575777947850E+01    0.617311646644162382E+00   -0.255781573797199314E+03
    0.334656590349000425E+02    0.489992193708629564E+01    0.710933060974148656E+00   -0.255780978586980609E+03
    0.334656590349000425E+02    0.489992193708629564E+01    0.710933060974148656E+00   -0.255780978586980609E+03
    0.334884943792073386E+02    0.486471974411767416E+01    0.738886829155047331E+00   -0.255780506927517820E+03
    0.331160767703899452E+02    0.518874863536757225E+01    0.615383020326943253E+00   -0.255780347775846593E+03
    0.333219295845684584E+02    0.498639668004898073E+01    0.688531622138951249E+00   -0.255780080440355050E+03
    0.335288203692774545E+02    0.484285948651280407E+01    0.721913564022215959E+00   -0.255780065870984828E+03
    0.334692479066829165E+02    0.490064174043836420E+01    0.686419927473665981E+00   -0.255780012274606520E+03
    0.333645762247864823E+02    0.498710310077359331E+01    0.687709971168478762E+00   -0.255779478536744421E+03
    0.332833968722275273E+02    0.506374523197789106E+01    0.640631521454238295E+00   -0.255779314080091751E+03
    0.332833968722275273E+02    0.506374523197789106E+01    0.640631521454238295E+00   -0.255779314080091751E+03
    0.331547401191608913E+02    0.516224847230927253E+01    0.618286922105141579E+00   -0.255779149337533710E+03
    0.331547401191608913E+02    0.516224847230927253E+01    0.618286922105141579E+00   -0.255779149337533710E+03
    0.335096315449371218E+02    0.485240778718576404E+01    0.711496162206021854E+00   -0.255777651606757900E+03
    0.331880738113067721E+02    0.509573156349403256E+01    0.692787328144421233E+00   -0.255777510462522201E+03
    0.331309499568022758E+02    0.514409283279945662E+01    0.675198931744263042E+00   -0.255774322482432154E+03
    0.330920612007103045E+02    0.520746127379684598E+01    0.615292134389024747E+00   -0.255774157388358390E+03
    0.330920612007103045E+02    0.520746127379684598E+01    0.615292134389024747E+00   -0.255774157388358390E+03
    0.334169113887648521E+02    0.492371172156248349E+01    0.688421137092705138E+00   -0.255773654178649281E+03
    0.331259407155907439E+02    0.518449951674748366E+01    0.626450556928953017E+00   -0.255773208145124187E+03
    0.330915268534578644E+02    0.520940108391112666E+01    0.618721684802343574E+00   -0.255773115220672906E+03
    0.333855593298775801E+02    0.492652045966185970E+01    0.735967080864671441E+00   -0.255773036625093425E+03
    0.333855593298775801E+02    0.492652045966185970E+01    0.735967080864671441E+00   -0.255773036625093425E+03
    0.334486024625302818E+02    0.488607409488913724E+01    0.716222413132281632E+00   -0.255772871685505436E+03
    0.334486024625302818E+02    0.488607409488913724E+01    0.716222413132281632E+00   -0.255772871685505436E+03
    0.333062776945599452E+02    0.500492985695073411E+01    0.675403363201357632E+00   -0.255772364953821040E+03
    0.332380669817243231E+02    0.507328795496767881E+01    0.687971081693775854E+00   -0.255772328147607880E+03
    0.333143643526928059E+02    0.498357176286035308E+01    0.723843103619667971E+00   -0.255770634690327057E+03
    0.331108046697678091E+02    0.518005936743400497E+01    0.623634881851768075E+00   -0.255770595458830286E+03
    0.331108046697678091E+02    0.518005936743400497E+01    0.623634881851768075E+00   -0.255770595458830286E+03
    0.330639537108282724E+02    0.520742455753149436E+01    0.646527072079086440E+00   -0.255767886384218571E+03
    0.330639537108282724E+02    0.520742455753149436E+01    0.646527072079086440E+00   -0.255767886384218571E+03
    0.333428979990687466E+02    0.500069824949503960E+01    0.653693824565713122E+00   -0.255767770553061553E+03
    0.333252612625012787E+02    0.497651150580601254E+01    0.705372540930949032E+00   -0.255767022368064630E+03
    0.333252612625012787E+02    0.497651150580601254E+01    0.705372540930949032E+00   -0.255767022368064630E+03
    0.331481585235452343E+02    0.512548791071960075E+01    0.665718244550053795E+00   -0.255766912331103327E+03
    0.331489663345614858E+02    0.512596547305060923E+01    0.662777350937478582E+00   -0.255766357463940068E+03
    0.335163263190205143E+02    0.485574436259724429E+01    0.708496467369048033E+00   -0.255766140000011319E+03
    0.335163263190205143E+02    0.485574436259724429E+01    0.708496467369048033E+00   -0.255766140000011319E+03
    0.333472950140265851E+02    0.497744539136166608E+01    0.675652328917950462E+00   -0.255765654499074060E+03
    0.333404789183056067E+02    0.496162215319187183E+01    0.718260516227299806E+00   -0.255765334104105477E+03
    0.333404789183056067E+02    0.496162215319187183E+01    0.718260516227299806E+00   -0.255765334104105477E+03
    0.334969892944922307E+02    0.486908132383562720E+01    0.700802999553687633E+00   -0.255764659949583802E+03
    0.332097301999189796E+02    0.512201795317765995E+01    0.634693281428241773E+00   -0.255764387695611845E+03
    0.332097301999189796E+02    0.512201795317765995E+01    0.634693281428241773E+00   -0.255764387695611845E+03
    0.335241499471418223E+02    0.484828991831601375E+01    0.717217527336445060E+00   -0.255764087258089802E+03
    0.331988789672045783E+02    0.511805555175788740E+01    0.660560146738638498E+00   -0.255763221428813495E+03
    0.333545117635441457E+02    0.496657602892353633E+01    0.684655712844022379E+00   -0.255761174762421149E+03
    0.333545117635441457E+02    0.496657602892353633E+01    0.684655712844022379E+00   -0.255761174762421149E+03
    0.331709675386665026E+02    0.511839417426163301E+01    0.646784386043890880E+00   -0.255760257723322894E+03
    0.334204154795703445E+02    0.493995423393266364E+01    0.699159787005508404E+00   -0.255760205718943155E+03
    0.334204154795703445E+02    0.493995423393266364E+01    0.699159787005508404E+00   -0.255760205718943155E+03
    0.331109284235575885E+02    0.516083215281837937E+01    0.651842057210274106E+00   -0.255759913203175330E+03
    0.332359999485979358E+02    0.509757801958179080E+01    0.650416110010632265E+00   -0.255756182478722252E+03
    0.332416802824581907E+02    0.509569656371939139E+01    0.630762582741713262E+00   -0.255756008822407495E+03
    0.331195703493573745E+02    0.517951187168912242E+01    0.644873493367446815E+00   -0.255755917631465252E+03
    0.332381994684131783E+02    0.504877596225662195E+01    0.684935243356737278E+00   -0.255755815649844237E+03
    0.333130385851587505E+02    0.501211450516702506E+01    0.704102502408012976E+00   -0.255755364462561062E+03
    0.335100079335540499E+02    0.485557817590613183E+01    0.728285917737078736E+00   -0.255754809561909980E+03
    0.334989406525799254E+02    0.485639884546403344E+01    0.739100844426600956E+00   -0.255754560511986398E+03
    0.334989406525799254E+02    0.485639884546403344E+01    0.739100844426600956E+00   -0.255754560511986398E+03
    0.334408738430695820E+02    0.492477415869526514E+01    0.698206065208476501E+00   -0.255754448081095575E+03
    0.331125791818883357E+02    0.515812839761391295E+01    0.655445174730140856E+00   -0.255754273620824648E+03
    0.330842530208759058E+02    0.521274063142395772E+01    0.616339570500550993E+00   -0.255753623096783741E+03
    0.330842530208759058E+02    0.521274063142395772E+01    0.616339570500550993E+00   -0.255753623096783741E+03
    0.332686488195270869E+02    0.507454359069918670E+01    0.636073784316875779E+00   -0.255753183862497423E+03
    0.331400512403480931E+02    0.513430606013648116E+01    0.659843375004807386E+00   -0.255753140206967146E+03
    0.331400512403480931E+02    0.513430606013648116E+01    0.659843375004807386E+00   -0.255753140206967146E+03
    0.330614999795574676E+02    0.521686215621264360E+01    0.624876523746115686E+00   -0.255752641657348903E+03
    0.333645824342004431E+02    0.494932297143382627E+01    0.703534679038265498E+00   -0.255751945270820158E+03
    0.333645824342004431E+02    0.494932297143382627E+01    0.703534679038265498E+00   -0.255751945270820158E+03
    0.333916483990630866E+02    0.494896537304716944E+01    0.676511556342059839E+00   -0.255751928777644736E+03
    0.333916483990630866E+02    0.494896537304716944E+01    0.676511556342059839E+00   -0.255751928777644736E+03
    0.331588166383567042E+02    0.511773463414220675E+01    0.664393520772089241E+00   -0.255751105986316418E+03
    0.331562793004954415E+02    0.511690030746039071E+01    0.673161736402888788E+00   -0.255750528649032674E+03
    0.335049532557864751E+02    0.486772679894696036E+01    0.710630789807551899E+00   -0.255749865372353156E+03
    0.334513279817641802E+02    0.488519254493063926E+01    0.714844917302456473E+00   -0.255749221348484951E+03
    0.334713825462905561E+02    0.488099931757425232E+01    0.733733726957263688E+00   -0.255749056299335791E+03
    0.330535961728468664E+02    0.522971689456759403E+01    0.625389212112170467E+00   -0.255747108153586311E+03
    0.333318053427971606E+02    0.500546685222832188E+01    0.654967533758667120E+00   -0.255746826122066011E+03
    0.335066030635574492E+02    0.485692810034396949E+01    0.730304657713008454E+00   -0.255746683418118465E+03
    0.334188665263858695E+02    0.494201681191305209E+01    0.697117276218334525E+00   -0.255746330714927666E+03
    0.335317883645675465E+02    0.482769155327563571E+01    0.733413948691985285E+00   -0.255745517032299489E+03
    0.331692973078511102E+02    0.512066550856310609E+01    0.680449856989082225E+00   -0.255743962434789609E+03
    0.331692973078511102E+02    0.512066550856310609E+01    0.680449856989082225E+00   -0.255743962434789609E+03
    0.330944913514314578E+02    0.520220087923929153E+01    0.632965404385875230E+00   -0.255743665727042213E+03
    0.334889277205222200E+02    0.485583770257835479E+01    0.725568824413509450E+00   -0.255743446974842840E+03
    0.330998572796499744E+02    0.517404420061059778E+01    0.643184702203922765E+00   -0.255743100108784176E+03
    0.330581532091645158E+02    0.521774309364863420E+01    0.627650182128232981E+00   -0.255743092506122423E+03
    0.330483164498100663E+02    0.522968567386565120E+01    0.625672753905666457E+00   -0.255743057032428965E+03
    0.331950950246054717E+02    0.508643938513668914E+01    0.672671571582975081E+00   -0.255742154434118618E+03
    0.331684013439853373E+02    0.510649642619033273E+01    0.675357473436023259E+00   -0.255741176238063360E+03
    0.332768538503639419E+02    0.502893941842638270E+01    0.669736142026822634E+00   -0.255739405788268954E+03
    0.333563759060580836E+02    0.500050705389953976E+01    0.653646440887654889E+00   -0.255739052414959019E+03
    0.334211466594948945E+02    0.494494179033194747E+01    0.685425766978390083E+00   -0.255738716658680431E+03
    0.331910677096332378E+02    0.510773274371550290E+01    0.681032612630068868E+00   -0.255738585170192977E+03
    0.332647430521944472E+02    0.502832982290913755E+01    0.713344180426538133E+00   -0.255737970920723313E+03
    0.332647430521944472E+02    0.502832982290913755E+01    0.713344180426538133E+00   -0.255737970920723313E+03
    0.334635241153010199E+02    0.487168720036283265E+01    0.726962372394230116E+00   -0.255737857851544874E+03
    0.334635241153010199E+02    0.487168720036283265E+01    0.726962372394230116E+00   -0.255737857851544874E+03
    0.331700948651732475E+02    0.513342342596091505E+01    0.665226403608540240E+00   -0.255735737846451030E+03
    0.333927684493899690E+02    0.497135835999345765E+01    0.671027896540241531E+00   -0.255735177710952570E+03
    0.333927684493899690E+02    0.497135835999345765E+01    0.671027896540241531E+00   -0.255735177710952570E+03
    0.332072488154764329E+02    0.510002201566513769E+01    0.638529799158396916E+00   -0.255734437651926214E+03
    0.332072488154764329E+02    0.510002201566513769E+01    0.638529799158396916E+00   -0.255734437651926214E+03
    0.330565695307339666E+02    0.521777664561205867E+01    0.629977685731893722E+00   -0.255734401762822358E+03
    0.330565695307339666E+02    0.521777664561205867E+01    0.629977685731893722E+00   -0.255734401762822358E+03
    0.331146203898024112E+02    0.515708124037526439E+01    0.654380800243002381E+00   -0.255733640704469309E+03
    0.331146203898024112E+02    0.515708124037526439E+01    0.654380800243002381E+00   -0.255733640704469309E+03
    0.332685099631469825E+02    0.504592289827754925E+01    0.654118818440595051E+00   -0.255733253055505543E+03
    0.330915406251713762E+02    0.520584270948346806E+01    0.629084132268238116E+00   -0.255733010920197870E+03
    0.331072530489390573E+02    0.519349857695750750E+01    0.616430809903086963E+00   -0.255732292563377456E+03
    0.332877660134608604E+02    0.502978954373940024E+01    0.658397162597329055E+00   -0.255732148207539126E+03
    0.334601524580500183E+02    0.488120076954528059E+01    0.712093824680057108E+00   -0.255732062029953511E+03
    0.333798256252341474E+02    0.498132356849606062E+01    0.673238850490209595E+00   -0.255731564905440962E+03
    0.333798256252341474E+02    0.498132356849606062E+01    0.673238850490209595E+00   -0.255731564905440962E+03
    0.334249313082705442E+02    0.490907384880405928E+01    0.737612132057191006E+00   -0.255730974475677300E+03
    0.334455494032350060E+02    0.488662063055758900E+01    0.720049183660710357E+00   -0.255729638374699505E+03
    0.334455494032350060E+02    0.488662063055758900E+01    0.720049183660710357E+00   -0.255729638374699505E+03
    0.332328542104394344E+02    0.506467720238194641E+01    0.699877944119709605E+00   -0.255729294870057259E+03
    0.333832599407540016E+02    0.497897618442333378E+01    0.662317663092228615E+00   -0.255728439685263140E+03
    0.333832599407540016E+02    0.497897618442333378E+01    0.662317663092228615E+00   -0.255728439685263140E+03
    0.331414775293595838E+02    0.516529107566665679E+01    0.644660337543113360E+00   -0.255727533136728823E+03
    0.333815817779717747E+02    0.493508487683472463E+01    0.736372426667968982E+00   -0.255727473807226914E+03
    0.332124542002973300E+02    0.511955816984708534E+01    0.634894328703846766E+00   -0.255727051504170873E+03
    0.333228021244091011E+02    0.499858095776962941E+01    0.712533567790295308E+00   -0.255727008861922400E+03
    0.331534929340523234E+02    0.511957155339887215E+01    0.679571885131522668E+00   -0.255726611154460358E+03
    0.334307810906799574E+02    0.493150662976246590E+01    0.674771746283886142E+00   -0.255726165358761421E+03
    0.334307810906799574E+02    0.493150662976246590E+01    0.674771746283886142E+00   -0.255726165358761421E+03
    0.335280511137555308E+02    0.483378502906738650E+01    0.725979564720129145E+00   -0.255726118733034752E+03
    0.335280511137555308E+02    0.483378502906738650E+01    0.725979564720129145E+00   -0.255726118733034752E+03
    0.332969833471051047E+02    0.504736441316273510E+01    0.640231799568694582E+00   -0.255725991869145474E+03
    0.331864438915266433E+02    0.513968028923458142E+01    0.630756991074557627E+00   -0.255725947091562801E+03
    0.333834354519699303E+02    0.494298359226822370E+01    0.692031191945157609E+00   -0.255724853758644684E+03
    0.330832002592837568E+02    0.518695025406663746E+01    0.654955839451603294E+00   -0.255724757658938529E+03
    0.332091148063020327E+02    0.511944776541646185E+01    0.625465987049539818E+00   -0.255724589678083959E+03
    0.334257448195673135E+02    0.494211383920676628E+01    0.680961807267018937E+00   -0.255724534176867934E+03
    0.333966627240048268E+02    0.496613987303031390E+01    0.679352953251438185E+00   -0.255723818596052126E+03
    0.330597721378600795E+02    0.522014030812252550E+01    0.635384392018536914E+00   -0.255723596812527717E+03
    0.330675451219654732E+02    0.520852596148849400E+01    0.629812873703124998E+00   -0.255723206967037214E+03
    0.332508358663391874E+02    0.507926881769620131E+01    0.665873448968191228E+00   -0.255722569168853653E+03
    0.330796887635056009E+02    0.521430722330847640E+01    0.626210434216013412E+00   -0.255721725280588174E+03
    0.333507706526262240E+02    0.499659030644558033E+01    0.687905822377592902E+00   -0.255721450087343698E+03
    0.334818518565656689E+02    0.485706327168638907E+01    0.745276499396944514E+00   -0.255720761366331203E+03
    0.334818518565656689E+02    0.485706327168638907E+01    0.745276499396944514E+00   -0.255720761366331203E+03
    0.333009720982348156E+02    0.501206922593402560E+01    0.712475436044873289E+00   -0.255720360592965619E+03
    0.331965747749552378E+02    0.508526259941164493E+01    0.695117266641014919E+00   -0.255720303693907852E+03
    0.334697327353183027E+02    0.486427432792006442E+01    0.739836463771920805E+00   -0.255720163876173189E+03
    0.334697327353183027E+02    0.486427432792006442E+01    0.739836463771920805E+00   -0.255720163876173189E+03
    0.334937193095023460E+02    0.484977238037115033E+01    0.733635342477005237E+00   -0.255720076419325494E+03
    0.332574342388225261E+02    0.506675331140885721E+01    0.639906000019738519E+00   -0.255720055976297743E+03
    0.332574342388225261E+02    0.506675331140885721E+01    0.639906000019738519E+00   -0.255720055976297743E+03
    0.333694498464565044E+02    0.493967285024911629E+01    0.732384330330165589E+00   -0.255719647879982944E+03
    0.334548523508863482E+02    0.489569271322030897E+01    0.695829454782280310E+00   -0.255719641617594590E+03
    0.334548523508863482E+02    0.489569271322030897E+01    0.695829454782280310E+00   -0.255719641617594590E+03
    0.334175599655562152E+02    0.494102496590448848E+01    0.700641503142400146E+00   -0.255718941024049002E+03
    0.334175599655562152E+02    0.494102496590448848E+01    0.700641503142400146E+00   -0.255718941024049002E+03
    0.333528007715827854E+02    0.498135487639725838E+01    0.666880852902277721E+00   -0.255718520845453156E+03
    0.334065273832694345E+02    0.495520339053208936E+01    0.688133688698552626E+00   -0.255718301112604735E+03
    0.333183460368917821E+02    0.498344685084665251E+01    0.701227116340078060E+00   -0.255718177958281444E+03
    0.331994894844146557E+02    0.512722159565471003E+01    0.640957831355178365E+00   -0.255718106923095633E+03
    0.332983684611317088E+02    0.502434428015796719E+01    0.700364471421790036E+00   -0.255718022104236638E+03
    0.330698900027290321E+02    0.520308200441776769E+01    0.635513226392621755E+00   -0.255717201722276371E+03
    0.331108505170201255E+02    0.517696662099139360E+01    0.627577547301836125E+00   -0.255716700175313179E+03
    0.334532879020775624E+02    0.487589070423058324E+01    0.739504979459977507E+00   -0.255716650617016342E+03
    0.332077417516398725E+02    0.507182315172109632E+01    0.694502863241279078E+00   -0.255716470825899904E+03
    0.331792695523622996E+02    0.509661060961063583E+01    0.686484573543291843E+00   -0.255716308266604159E+03
    0.332733866691790610E+02    0.502902082511189796E+01    0.711223410068297146E+00   -0.255716146093893713E+03
    0.335258731808126171E+02    0.483195930126018780E+01    0.731557813957840475E+00   -0.255715752344215161E+03
    0.333200573733409726E+02    0.503234902907686266E+01    0.647522839927787919E+00   -0.255714929550498397E+03
    0.334504587901390948E+02    0.491849954653079369E+01    0.681666699218700489E+00   -0.255714777896407981E+03
    0.334006236699304679E+02    0.496394636957471302E+01    0.675270253047394853E+00   -0.255714662800344257E+03
    0.334130715006689627E+02    0.495341806901917181E+01    0.675669523282431461E+00   -0.255713322940360200E+03
    0.333259610739495287E+02    0.502123138934335334E+01    0.646955010777735762E+00   -0.255712837884995395E+03
    0.333937930528093290E+02    0.492060515132968668E+01    0.727076432779473536E+00   -0.255712832178517061E+03
    0.334129052395213648E+02    0.494945177375014378E+01    0.668922096103516939E+00   -0.255712338901796159E+03
    0.333652855470898118E+02    0.498351049507908339E+01    0.692566550306698225E+00   -0.255710111669402579E+03
    0.330839088670871533E+02    0.520809409055725236E+01    0.617964999630547629E+00   -0.255709913335354116E+03
    0.334296523573929605E+02    0.489518619250232234E+01    0.726337915285138358E+00   -0.255709661325400162E+03
    0.334296523573929605E+02    0.489518619250232234E+01    0.726337915285138358E+00   -0.255709661325400162E+03
    0.334257928240650983E+02    0.489746202380751328E+01    0.727784352729639483E+00   -0.255708842250331912E+03
    0.330675972959363094E+02    0.520482738672237666E+01    0.646087818987461593E+00   -0.255707973834069492E+03
    0.333552444599472011E+02    0.495071463967763847E+01    0.719741827483397545E+00   -0.255707557967766945E+03
    0.333903899798761543E+02    0.497180647431021328E+01    0.676520776793312129E+00   -0.255706500275351686E+03
    0.333785805898667931E+02    0.496011094304844935E+01    0.714368441196247206E+00   -0.255706248698934104E+03
    0.333785805898667931E+02    0.496011094304844935E+01    0.714368441196247206E+00   -0.255706248698934104E+03
    0.335213217819505758E+02    0.484274964693083110E+01    0.732504036492484190E+00   -0.255705628783035934E+03
    0.334007100955122382E+02    0.493801018859082141E+01    0.723495683773150766E+00   -0.255705472980939163E+03
    0.334007100955122382E+02    0.493801018859082141E+01    0.723495683773150766E+00   -0.255705472980939163E+03
    0.335137124219897515E+02    0.484114634286842271E+01    0.741581378737816044E+00   -0.255705424567272360E+03
    0.335137124219897515E+02    0.484114634286842271E+01    0.741581378737816044E+00   -0.255705424567272360E+03
    0.333378410720345499E+02    0.497160179973643679E+01    0.727769128572110624E+00   -0.255704902800458967E+03
    0.334090350170241379E+02    0.491732548068670994E+01    0.707421385519637291E+00   -0.255704559225094499E+03
    0.333915981670709243E+02    0.496736735248715977E+01    0.685980392834839581E+00   -0.255703120081449555E+03
    0.331713801173709442E+02    0.514924776593825584E+01    0.621634794257708956E+00   -0.255703054675695654E+03
    0.331713801173709442E+02    0.514924776593825584E+01    0.621634794257708956E+00   -0.255703054675695654E+03
    0.335015756678736452E+02    0.485061305757671235E+01    0.721795762098378479E+00   -0.255702249068955695E+03
    0.330591790514632748E+02    0.522021722614880535E+01    0.625018160289598335E+00   -0.255701608515482434E+03
    0.331564559454071244E+02    0.514620705045180404E+01    0.659036673407772500E+00   -0.255701418228161970E+03
    0.333974557126354554E+02    0.496428760982775952E+01    0.682400822708621568E+00   -0.255700818557453459E+03
    0.331099846983431831E+02    0.518481927155033340E+01    0.620861801654168044E+00   -0.255700312517261267E+03
    0.334568594831060935E+02    0.491060278495200642E+01    0.683653933808008318E+00   -0.255699716892033024E+03
    0.330982872980598799E+02    0.517693583020577641E+01    0.641105532137927203E+00   -0.255698759367241877E+03
    0.333985846724985223E+02    0.496545719644429795E+01    0.667307672425561882E+00   -0.255698736469957936E+03
    0.331755877351969417E+02    0.514656638371285524E+01    0.633815875882546398E+00   -0.255697683948831212E+03
    0.332723372841516394E+02    0.502156648655118865E+01    0.714464228387623912E+00   -0.255697291532667521E+03
    0.334888091283491534E+02    0.487566003618210253E+01    0.721364192411642957E+00   -0.255696170191565955E+03
    0.333764346934510954E+02    0.498416249219096130E+01    0.660575857288855373E+00   -0.255695789164297963E+03
    0.333080837138139998E+02    0.499062641309113442E+01    0.702667618623969092E+00   -0.255694367141543921E+03
    0.331937327213044142E+02    0.510192394172716135E+01    0.685026371362871478E+00   -0.255694205213559599E+03
    0.331344303585090074E+02    0.517466147102954821E+01    0.618184325579825722E+00   -0.255693484459601621E+03
    0.331344303585090074E+02    0.517466147102954821E+01    0.618184325579825722E+00   -0.255693484459601621E+03
    0.330643414465729748E+02    0.520785075547103560E+01    0.643286050935193643E+00   -0.255692073510218052E+03
    0.332340849370284843E+02    0.507399933517111990E+01    0.648208903429357219E+00   -0.255691506285872350E+03
    0.334471616378116821E+02    0.491762943646680561E+01    0.680625747623598176E+00   -0.255691097073370742E+03
    0.334471616378116821E+02    0.491762943646680561E+01    0.680625747623598176E+00   -0.255691097073370742E+03
    0.333165744111395625E+02    0.499340244693835356E+01    0.683632606373961282E+00   -0.255690612700088280E+03
    0.331368127245527901E+02    0.513664150328969704E+01    0.675178493270174873E+00   -0.255689788408685700E+03
    0.334753510491457931E+02    0.488167176620144350E+01    0.699415560646539092E+00   -0.255687963642585004E+03
    0.334343822186094570E+02    0.493167785048005491E+01    0.692166175688492258E+00   -0.255687952256391952E+03
    0.334371437031821230E+02    0.488906480588921077E+01    0.730179468261009212E+00   -0.255687792265884525E+03
    0.334371437031821230E+02    0.488906480588921077E+01    0.730179468261009212E+00   -0.255687792265884525E+03
    0.331022625614864410E+02    0.519711250651857082E+01    0.631978358403411988E+00   -0.255687771348092980E+03
    0.331022625614864410E+02    0.519711250651857082E+01    0.631978358403411988E+00   -0.255687771348092980E+03
    0.330772876532624309E+02    0.519257324867503112E+01    0.648599023906198613E+00   -0.255687573326538740E+03
    0.330772876532624309E+02    0.519257324867503112E+01    0.648599023906198613E+00   -0.255687573326538740E+03
    0.333565942847216093E+02    0.498899480014171992E+01    0.658014950014490951E+00   -0.255687321998543950E+03
    0.334663930979870585E+02    0.489710622128330364E+01    0.713667831289883647E+00   -0.255686762276727450E+03
    0.333995806371310451E+02    0.495647149864362291E+01    0.696093638395544501E+00   -0.255686753647547988E+03
    0.332026357220732748E+02    0.509236831058021799E+01    0.689342399102684134E+00   -0.255686070751817709E+03
    0.334478934656557172E+02    0.489422212169204052E+01    0.704049884904274226E+00   -0.255685755875081583E+03
    0.334968951188797845E+02    0.487503276323201984E+01    0.705824686592524841E+00   -0.255685680300872065E+03
    0.333109897246212512E+02    0.498960151208640745E+01    0.722821341039849408E+00   -0.255685511734886688E+03
    0.331287990542341362E+02    0.514482804870458565E+01    0.657636492719888666E+00   -0.255685443208356588E+03
    0.331287990542341362E+02    0.514482804870458565E+01    0.657636492719888666E+00   -0.255685443208356588E+03
    0.335130775190995394E+02    0.483883512453878950E+01    0.742157061200576562E+00   -0.255685378308918217E+03
    0.332358986894588497E+02    0.504937840182658970E+01    0.704039572484328913E+00   -0.255685135511322414E+03
    0.333896193056093935E+02    0.494039268748275173E+01    0.690204841051801576E+00   -0.255685089012133545E+03
    0.333896193056093935E+02    0.494039268748275173E+01    0.690204841051801576E+00   -0.255685089012133545E+03
    0.333870560743303741E+02    0.496970598393083218E+01    0.662399996239525612E+00   -0.255683953629803796E+03
    0.335058898734922366E+02    0.484245138689912213E+01    0.743062387316543171E+00   -0.255683511040387117E+03
    0.335193400862668298E+02    0.483645654756379528E+01    0.740168020478365607E+00   -0.255682565430050857E+03
    0.332337873832407382E+02    0.505016493618538220E+01    0.701372006096700140E+00   -0.255680027947997843E+03
    0.332518303275006701E+02    0.505581788347350702E+01    0.697448556400176112E+00   -0.255680008734045202E+03
    0.333996588621650119E+02    0.494066840109566119E+01    0.681314899682027741E+00   -0.255679629162033166E+03
    0.335057112081732953E+02    0.486094011547908167E+01    0.723166697488618393E+00   -0.255679629154038025E+03
    0.332438490871348975E+02    0.509189287268626689E+01    0.648959859553903451E+00   -0.255679446168849353E+03
    0.331665930285679735E+02    0.513142539830271005E+01    0.634833313316031767E+00   -0.255679343669695129E+03
    0.331915429929423667E+02    0.508640213909301142E+01    0.683752408939491962E+00   -0.255679156214707689E+03
    0.331221652973106018E+02    0.517803105620900173E+01    0.643442190054836938E+00   -0.255678946783241969E+03
    0.334430834081360047E+02    0.489084710343561113E+01    0.741876215674075246E+00   -0.255678396725710513E+03
    0.334964388007932996E+02    0.485561381213902710E+01    0.718877924344380026E+00   -0.255677891317479691E+03
    0.332414497587420215E+02    0.508610106879677382E+01    0.664724332647677718E+00   -0.255677659820187671E+03
    0.332172807122268665E+02    0.511518353175601170E+01    0.636139519459281599E+00   -0.255677062928150008E+03
    0.334856427881239540E+02    0.485528265495939593E+01    0.743967639416962090E+00   -0.255676889394283108E+03
    0.334856427881239540E+02    0.485528265495939593E+01    0.743967639416962090E+00   -0.255676889394283108E+03
    0.331373529417284090E+02    0.513513324373683311E+01    0.666462186941943147E+00   -0.255675182236795735E+03
    0.332143177722113805E+02    0.509140516256017950E+01    0.682991449134305872E+00   -0.255674919463425681E+03
    0.330669139767868501E+02    0.522085887015228955E+01    0.621246820218059548E+00   -0.255674854695124310E+03
    0.332166533958470609E+02    0.506464064228076083E+01    0.691063705947422724E+00   -0.255674553005948553E+03
    0.335134027127951128E+02    0.485730911787383235E+01    0.711480878904189651E+00   -0.255674408601570860E+03
    0.332201636439724552E+02    0.511318816390930042E+01    0.633110753133750537E+00   -0.255674059462992176E+03
    0.331502965583726521E+02    0.515271966928560055E+01    0.624882755446702021E+00   -0.255673152030607781E+03
    0.330852425485280150E+02    0.518660382420493882E+01    0.654273305184134402E+00   -0.255673142622276657E+03
    0.331098635951645335E+02    0.519002918198190066E+01    0.618205510580703277E+00   -0.255672645725472819E+03
    0.333256477570795298E+02    0.497409760492453934E+01    0.717854631404180932E+00   -0.255672544310503127E+03
    0.334900690503519129E+02    0.486585656931760635E+01    0.734265946002871761E+00   -0.255671051738788634E+03
    0.335136333795878869E+02    0.485038053054319729E+01    0.729816430525431104E+00   -0.255670268163613770E+03
    0.330859321148313086E+02    0.520809247692263710E+01    0.629879229317027334E+00   -0.255669865903251178E+03
    0.330859321148313086E+02    0.520809247692263710E+01    0.629879229317027334E+00   -0.255669865903251178E+03
    0.332614365149124538E+02    0.502676138145574924E+01    0.706694305357972508E+00   -0.255669708024236286E+03
    0.335155023400882754E+02    0.484226401365597603E+01    0.723820346565195782E+00   -0.255668354387630245E+03
    0.330937723974063260E+02    0.519295665934438322E+01    0.646370759203941492E+00   -0.255667931972919575E+03
    0.334004126143599436E+02    0.495901864563621775E+01    0.689192726446003157E+00   -0.255667532565976984E+03
    0.332486537831473328E+02    0.508200894142998649E+01    0.662931144119449201E+00   -0.255667519602299961E+03
    0.335162647556261746E+02    0.484351215239472310E+01    0.721373448948396390E+00   -0.255666792727496926E+03
    0.330762119584309886E+02    0.521630149021645639E+01    0.622393821422721372E+00   -0.255666533086581467E+03
    0.330762119584309886E+02    0.521630149021645639E+01    0.622393821422721372E+00   -0.255666533086581467E+03
    0.332092115243840595E+02    0.507157257365044334E+01    0.695244004584690600E+00   -0.255665887912118620E+03
    0.334514213268067451E+02    0.491117182011922893E+01    0.683703575492425220E+00   -0.255665535538259547E+03
    0.333747116078212116E+02    0.498091052756046881E+01    0.659251478754171893E+00   -0.255663546843973023E+03
    0.335252347192095925E+02    0.483739192699333209E+01    0.725135610681987286E+00   -0.255662214806793742E+03
    0.335252347192095925E+02    0.483739192699333209E+01    0.725135610681987286E+00   -0.255662214806793742E+03
    0.332988372534270880E+02    0.499588976182402433E+01    0.712774345622212535E+00   -0.255662138332501996E+03
    0.332161277312187551E+02    0.507121509065671816E+01    0.699161283201349182E+00   -0.255661339277020062E+03
    0.333009136044825027E+02    0.502431121379612300E+01    0.697668070208530500E+00   -0.255660931540501537E+03
    0.333009136044825027E+02    0.502431121379612300E+01    0.697668070208530500E+00   -0.255660931540501537E+03
    0.332008084140399831E+02    0.508224327168059276E+01    0.673839973589962060E+00   -0.255660533346313230E+03
    0.334036812921273807E+02    0.493907402339401091E+01    0.718991536413876475E+00   -0.255660167263569093E+03
    0.333365685128720699E+02    0.501858152701972138E+01    0.655559713938389299E+00   -0.255659804781338011E+03
    0.333365685128720699E+02    0.501858152701972138E+01    0.655559713938389299E+00   -0.255659804781338011E+03
    0.331340411001184094E+02    0.517078265365379686E+01    0.642476862166359353E+00   -0.255659620951293647E+03
    0.334522851254708371E+02    0.488748482068263801E+01    0.710915646930180722E+00   -0.255659420874340952E+03
    0.334522851254708371E+02    0.488748482068263801E+01    0.710915646930180722E+00   -0.255659420874340952E+03
    0.330884493969054461E+02    0.520785821548561234E+01    0.619014334014376333E+00   -0.255658800436674539E+03
    0.331914543195343867E+02    0.508688214542411110E+01    0.682663350178364547E+00   -0.255658604400367750E+03
    0.331914543195343867E+02    0.508688214542411110E+01    0.682663350178364547E+00   -0.255658604400367750E+03
    0.331255024056880529E+02    0.515773820379784809E+01    0.639158631663700127E+00   -0.255655672542842609E+03
    0.331255024056880529E+02    0.515773820379784809E+01    0.639158631663700127E+00   -0.255655672542842609E+03
    0.331622132138509755E+02    0.515537256865731930E+01    0.621530338596833265E+00   -0.255655652911038828E+03
    0.330829211623496846E+02    0.518920497421771643E+01    0.643131733091652946E+00   -0.255655430698306617E+03
    0.334855460260874196E+02    0.488274027027879853E+01    0.696476991005643864E+00   -0.255655043543760229E+03
    0.333617135789929691E+02    0.498554578385273039E+01    0.659053398583137162E+00   -0.255654630461127226E+03
    0.333502372559789961E+02    0.495965601750605689E+01    0.704518124169115634E+00   -0.255654446310001788E+03
    0.333502372559789961E+02    0.495965601750605689E+01    0.704518124169115634E+00   -0.255654446310001788E+03
    0.332007397078937743E+02    0.509528508272738812E+01    0.687221393716329954E+00   -0.255653528983217910E+03
    0.331424654416140783E+02    0.513451851442442120E+01    0.676615983009457134E+00   -0.255653273561027646E+03
    0.333581997423310952E+02    0.495369255362890826E+01    0.731198645014950577E+00   -0.255653096024893472E+03
    0.331670427216548021E+02    0.515158103493332931E+01    0.635658498973699304E+00   -0.255653071516122225E+03
    0.331830663254739733E+02    0.512895726733330815E+01    0.658590609587301645E+00   -0.255652863993959699E+03
    0.331203004290258249E+02    0.517271487010769881E+01    0.652512325253817860E+00   -0.255652079385108436E+03
    0.331203004290258249E+02    0.517271487010769881E+01    0.652512325253817860E+00   -0.255652079385108436E+03
    0.334330405385684415E+02    0.490994942019718916E+01    0.730088891539529605E+00   -0.255649861334750000E+03
    0.334999918416057625E+02    0.486679456832748336E+01    0.704461133631456793E+00   -0.255649529614939411E+03
    0.333248286205581934E+02    0.497514340701194691E+01    0.720498782269024085E+00   -0.255649368888518865E+03
    0.333248286205581934E+02    0.497514340701194691E+01    0.720498782269024085E+00   -0.255649368888518865E+03
    0.334540311219117399E+02    0.487642655954660142E+01    0.737897209981113411E+00   -0.255649201994000919E+03
    0.331509969437260281E+02    0.512388549206562516E+01    0.678694990956294930E+00   -0.255649007739878670E+03
    0.331509969437260281E+02    0.512388549206562516E+01    0.678694990956294930E+00   -0.255649007739878670E+03
    0.333060236276727721E+02    0.499823225307978714E+01    0.720143514520030337E+00   -0.255648873767178685E+03
    0.331349350881931315E+02    0.517482676788193174E+01    0.632645950242467281E+00   -0.255648200375818675E+03
    0.332762809090562968E+02    0.503679606599106755E+01    0.701587949754256313E+00   -0.255647666013657727E+03
    0.335021120545339173E+02    0.485719290077615895E+01    0.732977501283971433E+00   -0.255647493602454375E+03
    0.331488813586193771E+02    0.516286406873959525E+01    0.638494220691995018E+00   -0.255647182434933399E+03
    0.332049006415711361E+02    0.509822907126219071E+01    0.643224420401116270E+00   -0.255646387876097236E+03
    0.332049006415711361E+02    0.509822907126219071E+01    0.643224420401116270E+00   -0.255646387876097236E+03
    0.332681939823344521E+02    0.505109692904717544E+01    0.649229663797260659E+00   -0.255646153689806397E+03
    0.332681939823344521E+02    0.505109692904717544E+01    0.649229663797260659E+00   -0.255646153689806397E+03
    0.332727445016880807E+02    0.504954904329508736E+01    0.688470418793501127E+00   -0.255645903155133794E+03
    0.333218699381046761E+02    0.497907619117577926E+01    0.708085131227321973E+00   -0.255645063485925363E+03
    0.333218699381046761E+02    0.497907619117577926E+01    0.708085131227321973E+00   -0.255645063485925363E+03
    0.335026689549363965E+02    0.484443679465420196E+01    0.740498976630658889E+00   -0.255644768928866057E+03
    0.334664332708925656E+02    0.487584740404997774E+01    0.715966010594862867E+00   -0.255644663479325516E+03
    0.333825314568649389E+02    0.495395399951123494E+01    0.718260901613751446E+00   -0.255644462832993497E+03
    0.333360502256362992E+02    0.498134657833662509E+01    0.720896690053518974E+00   -0.255644360140544165E+03
    0.333360502256362992E+02    0.498134657833662509E+01    0.720896690053518974E+00   -0.255644360140544165E+03
    0.334031410092367054E+02    0.492663703755384574E+01    0.733196828788568178E+00   -0.255643897826743512E+03
    0.333697671040490036E+02    0.495592707181977499E+01    0.725424368202857828E+00   -0.255643840888382755E+03
    0.333849040945324305E+02    0.492826564564167491E+01    0.724820231247925717E+00   -0.255643791616189304E+03
    0.333738596644649519E+02    0.494710289823136939E+01    0.696851961942201115E+00   -0.255642878096679084E+03
    0.332226490450381675E+02    0.510681408372273893E+01    0.649120456092582954E+00   -0.255642835499692836E+03
    0.331255742220416849E+02    0.517872385216208020E+01    0.637656442580682103E+00   -0.255642285322478386E+03
    0.331255742220416849E+02    0.517872385216208020E+01    0.637656442580682103E+00   -0.255642285322478386E+03
    0.331470444264855928E+02    0.513974700493789172E+01    0.642348352781556220E+00   -0.255642131961184560E+03
    0.330615052279291817E+02    0.522137731081211331E+01    0.627998632845186977E+00   -0.255641508204285344E+03
    0.330615052279291817E+02    0.522137731081211331E+01    0.627998632845186977E+00   -0.255641508204285344E+03
    0.334194294486750110E+02    0.491034923501686027E+01    0.708414282211631385E+00   -0.255641309727585195E+03
    0.334194294486750110E+02    0.491034923501686027E+01    0.708414282211631385E+00   -0.255641309727585195E+03
    0.331153803608615007E+02    0.519019260002951555E+01    0.625760976893431908E+00   -0.255640625457164077E+03
    0.331153803608615007E+02    0.519019260002951555E+01    0.625760976893431908E+00   -0.255640625457164077E+03
    0.330672944209386515E+02    0.521520647443355756E+01    0.634576908325346745E+00   -0.255639583359454633E+03
    0.330672944209386515E+02    0.521520647443355756E+01    0.634576908325346745E+00   -0.255639583359454633E+03
    0.334502255575366405E+02    0.489957982022211702E+01    0.695349531703647439E+00   -0.255638701321308616E+03
    0.334502255575366405E+02    0.489957982022211702E+01    0.695349531703647439E+00   -0.255638701321308616E+03
    0.333625776580858684E+02    0.494893922516699192E+01    0.731747923502299003E+00   -0.255638237471295696E+03
    0.333625776580858684E+02    0.494893922516699192E+01    0.731747923502299003E+00   -0.255638237471295696E+03
    0.332475475381066659E+02    0.508971750946968005E+01    0.646300402327492751E+00   -0.255638141351595863E+03
    0.330695513885272874E+02    0.521855541835130499E+01    0.625475993196626723E+00   -0.255637794360901211E+03
    0.332877353267550973E+02    0.500954480044523009E+01    0.693231296799978525E+00   -0.255637700103735455E+03
    0.332974346367726994E+02    0.500679465368513554E+01    0.684215794243023478E+00   -0.255637048850941511E+03
    0.331500869876722533E+02    0.516492165545218462E+01    0.621539671130679761E+00   -0.255636704140086067E+03
    0.334249597520574468E+02    0.489831718058440035E+01    0.729645795114821083E+00   -0.255636674880131181E+03
    0.330787295852698051E+02    0.520019304835337159E+01    0.645959558343682683E+00   -0.255636492386488356E+03
    0.332970604830304850E+02    0.502819572838993523E+01    0.695615815965189954E+00   -0.255635685908352315E+03
    0.331428245282340299E+02    0.516410773772459564E+01    0.620999931080437939E+00   -0.255635652945088225E+03
    0.331428245282340299E+02    0.516410773772459564E+01    0.620999931080437939E+00   -0.255635652945088225E+03
    0.332565028016724966E+02    0.508390503019653917E+01    0.640917885416411703E+00   -0.255635167159238819E+03
    0.334259472021638260E+02    0.490883650563269569E+01    0.703599998211076882E+00   -0.255634261472781560E+03
    0.330838280600065389E+02    0.520880104617659256E+01    0.619945706321895829E+00   -0.255633585273329686E+03
    0.333572146083540133E+02    0.499153054162983167E+01    0.656841880169194758E+00   -0.255633041339377741E+03
    0.332672673274607789E+02    0.503680067884864258E+01    0.706655168898589481E+00   -0.255632622542347377E+03
    0.332709585087913737E+02    0.502117153875928324E+01    0.695810477877413680E+00   -0.255631800832890946E+03
    0.330703446891501684E+02    0.521465776967555250E+01    0.632884492607639904E+00   -0.255631606196885429E+03
    0.330990802651499223E+02    0.518723353489234462E+01    0.627170452326919481E+00   -0.255630395146231763E+03
    0.333957874226380795E+02    0.491975020132130592E+01    0.732256492133485981E+00   -0.255630391637491670E+03
    0.331198794536743719E+02    0.515313934957908870E+01    0.667484629214934899E+00   -0.255630103125013704E+03
    0.334478422939561000E+02    0.490708057819959365E+01    0.688641941483042030E+00   -0.255629799366031961E+03
    0.333587578514369056E+02    0.498555151511587269E+01    0.696111966801798099E+00   -0.255629547109531273E+03
    0.331601213072038234E+02    0.515734735560354451E+01    0.632147321154542086E+00   -0.255628304605043667E+03
    0.331003964577249121E+02    0.519324792179348194E+01    0.639772752340881157E+00   -0.255627982974748903E+03
    0.333658394707909736E+02    0.494990600373906275E+01    0.731370571673936598E+00   -0.255627665875567573E+03
    0.333228293623753018E+02    0.501282309282332150E+01    0.654198424007063961E+00   -0.255626577466609206E+03
    0.331397511653390495E+02    0.517266581468397568E+01    0.628263875250577586E+00   -0.255626133166624982E+03
    0.334000110910294481E+02    0.495821918591400390E+01    0.690929548793900672E+00   -0.255625942406885031E+03
    0.334000110910294481E+02    0.495821918591400390E+01    0.690929548793900672E+00   -0.255625942406885031E+03
    0.335187149798140140E+02    0.483727663638015137E+01    0.736590179371670484E+00   -0.255625895977670183E+03
    0.332694911047608741E+02    0.502169728004088078E+01    0.710990604652343761E+00   -0.255625632329175971E+03
    0.333394697769422024E+02    0.496455285961631620E+01    0.725459014241557787E+00   -0.255623539873668278E+03
    0.332201575325556604E+02    0.509104123925139973E+01    0.678285263344793665E+00   -0.255622547539717942E+03
    0.334347275193076925E+02    0.493224296091242742E+01    0.687038239449475396E+00   -0.255621913730441946E+03
    0.332532737231702953E+02    0.505291906185112971E+01    0.698964055012619601E+00   -0.255621758402443021E+03
    0.331063031361026816E+02    0.516502417593970264E+01    0.659962358635166835E+00   -0.255621630348386873E+03
    0.331063031361026816E+02    0.516502417593970264E+01    0.659962358635166835E+00   -0.255621630348386873E+03
    0.333349101501113267E+02    0.496766639669437637E+01    0.715860011534973584E+00   -0.255620414018456870E+03
    0.332330374027578443E+02    0.506279223935611356E+01    0.665978075603987474E+00   -0.255620388760923731E+03
    0.332474345291263873E+02    0.504803297439839582E+01    0.705396869262507442E+00   -0.255620093026722174E+03
    0.331751977907648765E+02    0.510280996290107147E+01    0.673196420687534602E+00   -0.255619516789796904E+03
    0.333930821793490864E+02    0.494722028181838436E+01    0.717388459362379050E+00   -0.255617701155333663E+03
    0.334874829763862323E+02    0.485462661290937714E+01    0.735814547232580218E+00   -0.255617583423714706E+03
    0.334227569510050557E+02    0.490046845336166914E+01    0.727936594782156554E+00   -0.255617569251488561E+03
    0.334227569510050557E+02    0.490046845336166914E+01    0.727936594782156554E+00   -0.255617569251488561E+03
    0.330749561478415259E+02    0.520622219730026892E+01    0.640862467480898368E+00   -0.255617313223106947E+03
    0.332652519702609339E+02    0.506439714541285024E+01    0.639312663941876358E+00   -0.255616020476587124E+03
    0.332652519702609339E+02    0.506439714541285024E+01    0.639312663941876358E+00   -0.255616020476587124E+03
    0.333010842263238374E+02    0.503730957002314295E+01    0.644872428571545808E+00   -0.255615807675156958E+03
    0.333010842263238374E+02    0.503730957002314295E+01    0.644872428571545808E+00   -0.255615807675156958E+03
    0.332218114833902973E+02    0.510809593013019647E+01    0.629122450147783785E+00   -0.255615807650441440E+03
    0.334006157804156132E+02    0.494661523494205024E+01    0.710744451423511725E+00   -0.255615305820229310E+03
    0.331615993550510382E+02    0.515705089222540991E+01    0.626116561815644235E+00   -0.255615225280392792E+03
    0.335203227076434160E+02    0.484620975109212804E+01    0.723408600276618907E+00   -0.255614772956018754E+03
    0.332461501701193143E+02    0.509036405090529342E+01    0.633715210759165815E+00   -0.255614032942824110E+03
    0.332459009847442744E+02    0.504683830440175196E+01    0.678554745424072570E+00   -0.255613113616036117E+03
    0.332459009847442744E+02    0.504683830440175196E+01    0.678554745424072570E+00   -0.255613113616036117E+03
    0.334311336176849565E+02    0.489835257053272422E+01    0.740246785397431273E+00   -0.255613083181833616E+03
    0.332632650962160596E+02    0.503743257878914719E+01    0.707554627362122934E+00   -0.255612341267552637E+03
    0.332306008788752081E+02    0.510350018515055925E+01    0.641074609282772934E+00   -0.255610828381101896E+03
    0.333941968206778910E+02    0.492947930091686093E+01    0.734552955067710567E+00   -0.255610821350908850E+03
    0.331226074966817805E+02    0.517099755440454345E+01    0.626419103286742440E+00   -0.255610761808531151E+03
    0.332062422275984162E+02    0.510274207008527636E+01    0.674384379433775827E+00   -0.255610681947461842E+03
    0.332408841726250657E+02    0.504845705316463267E+01    0.683408189960796220E+00   -0.255609707413978242E+03
    0.332408841726250657E+02    0.504845705316463267E+01    0.683408189960796220E+00   -0.255609707413978242E+03
    0.333157908761966866E+02    0.499072843954405521E+01    0.721419995783208590E+00   -0.255609686877065656E+03
    0.333157908761966866E+02    0.499072843954405521E+01    0.721419995783208590E+00   -0.255609686877065656E+03
    0.334293413949135640E+02    0.490088281156365912E+01    0.739577545758521748E+00   -0.255609667991133534E+03
    0.332500990116642896E+02    0.507511366989146229E+01    0.637813450489955414E+00   -0.255609402225282167E+03
    0.332592818374615860E+02    0.508131462971055115E+01    0.642238093677221622E+00   -0.255608918852306147E+03
    0.331011608833266422E+02    0.519301470519612263E+01    0.638997392569309763E+00   -0.255608133116330293E+03
    0.334129026456756435E+02    0.492676741051254119E+01    0.725983059268972886E+00   -0.255607987657114649E+03
    0.331495924847978216E+02    0.515236862686919928E+01    0.626390379561707400E+00   -0.255607147009132518E+03
    0.333570114201924000E+02    0.498028141939848279E+01    0.666387268149543077E+00   -0.255606290718917705E+03
    0.334096526753816292E+02    0.492297127774871957E+01    0.732281899255204927E+00   -0.255605509459508909E+03
    0.334096526753816292E+02    0.492297127774871957E+01    0.732281899255204927E+00   -0.255605509459508909E+03
    0.335029242098972802E+02    0.486081748382855228E+01    0.709533931526511785E+00   -0.255603824580116623E+03
    0.330776833869120921E+02    0.521210480721830116E+01    0.622205483054171671E+00   -0.255602988020319799E+03
    0.330776833869120921E+02    0.521210480721830116E+01    0.622205483054171671E+00   -0.255602988020319799E+03
    0.333532122432022717E+02    0.499682020086081202E+01    0.655370905247790958E+00   -0.255602791911432462E+03
    0.333422563436591375E+02    0.500732763874650821E+01    0.652341614611908871E+00   -0.255602627309282269E+03
    0.333422563436591375E+02    0.500732763874650821E+01    0.652341614611908871E+00   -0.255602627309282269E+03
    0.333944148205362410E+02    0.493027657531585817E+01    0.702867611200695741E+00   -0.255601917920745706E+03
    0.333512158715325526E+02    0.499799667730148656E+01    0.655095150868165388E+00   -0.255601815649473650E+03
    0.332564300387858083E+02    0.503346205107124156E+01    0.708040663363994738E+00   -0.255601647755576749E+03
    0.332564300387858083E+02    0.503346205107124156E+01    0.708040663363994738E+00   -0.255601647755576749E+03
    0.335104445091389920E+02    0.485681676348502922E+01    0.720470025688790372E+00   -0.255601463562827718E+03
    0.335104445091389920E+02    0.485681676348502922E+01    0.720470025688790372E+00   -0.255601463562827718E+03
    0.334432849949879341E+02    0.492263309121528891E+01    0.695257367221967959E+00   -0.255601461074735681E+03
    0.334432849949879341E+02    0.492263309121528891E+01    0.695257367221967959E+00   -0.255601461074735681E+03
    0.331327447578258187E+02    0.516485594605042486E+01    0.652251050145278510E+00   -0.255601331128081910E+03
    0.331327447578258187E+02    0.516485594605042486E+01    0.652251050145278510E+00   -0.255601331128081910E+03
    0.331021147770774959E+02    0.518117090893587395E+01    0.632099938836908404E+00   -0.255601171747280603E+03
    0.332691584445331117E+02    0.503397039635381205E+01    0.671727153401547650E+00   -0.255600826265700874E+03
    0.332966991794360894E+02    0.500238965294771276E+01    0.695380832429857598E+00   -0.255600466881613755E+03
    0.332205497933211333E+02    0.510838909218379378E+01    0.629139119854097983E+00   -0.255599946797530094E+03
    0.335196255906036811E+02    0.484446247677879516E+01    0.727687416017857580E+00   -0.255599844951455509E+03
    0.332994957246903382E+02    0.504523164508703559E+01    0.662441883357500094E+00   -0.255599399180358432E+03
    0.333612957044407921E+02    0.499588168405748778E+01    0.658311603546002932E+00   -0.255599223952103614E+03
    0.330867724473977347E+02    0.520588804908906511E+01    0.631061811083039048E+00   -0.255598876755471963E+03
    0.333275930188225331E+02    0.499760829593834721E+01    0.667524316787758032E+00   -0.255598647068063798E+03
    0.333487099054776905E+02    0.495865498999281407E+01    0.727967278885572888E+00   -0.255598302285007094E+03
    0.333621374277503406E+02    0.498297584999187926E+01    0.696042514098859089E+00   -0.255597839519726648E+03
    0.335198966612887546E+02    0.484456040179087921E+01    0.721890347550432576E+00   -0.255596686296733850E+03
    0.331852043430145685E+02    0.513884663066051850E+01    0.627523969832791240E+00   -0.255596303499034036E+03
    0.334464806319961454E+02    0.492147275622346569E+01    0.684968293919816618E+00   -0.255595696552789491E+03
    0.334684123233534194E+02    0.488339483469189961E+01    0.731151347026585796E+00   -0.255595644564886925E+03
    0.333463231640214559E+02    0.498345272687153518E+01    0.711054995754232477E+00   -0.255595213663135496E+03
    0.330776360575049750E+02    0.520875544760444864E+01    0.635035776307860678E+00   -0.255594389903566082E+03
    0.330776360575049750E+02    0.520875544760444864E+01    0.635035776307860678E+00   -0.255594389903566082E+03
    0.332525404263007758E+02    0.505750255553946015E+01    0.654244598742174666E+00   -0.255593540794077711E+03
    0.335088510350484867E+02    0.484478050827724172E+01    0.728325564316208762E+00   -0.255593106289836555E+03
    0.332219979275754653E+02    0.509134594354580727E+01    0.638908135046697412E+00   -0.255592560464227660E+03
    0.332219979275754653E+02    0.509134594354580727E+01    0.638908135046697412E+00   -0.255592560464227660E+03
    0.331154896358144768E+02    0.517697263263776986E+01    0.625876033670573761E+00   -0.255592373266626879E+03
    0.332144415318703921E+02    0.508937527302604842E+01    0.646631807369777878E+00   -0.255592078556418357E+03
    0.332144415318703921E+02    0.508937527302604842E+01    0.646631807369777878E+00   -0.255592078556418357E+03
    0.333980951044594008E+02    0.495197600299330176E+01    0.671610495264611584E+00   -0.255590842137168551E+03
    0.331070944984192295E+02    0.519294426706414392E+01    0.620025047196302914E+00   -0.255590673478719111E+03
    0.332736632513502073E+02    0.502955968221948346E+01    0.673956454793890880E+00   -0.255590088160368680E+03
    0.335197179239838547E+02    0.484174008730189875E+01    0.730715756776507797E+00   -0.255589065462921809E+03
    0.331520228062791489E+02    0.513409243776915858E+01    0.674319272099499045E+00   -0.255588329998177585E+03
    0.330760166065557684E+02    0.521354573116906295E+01    0.625873589457157764E+00   -0.255587747501685556E+03
    0.330760166065557684E+02    0.521354573116906295E+01    0.625873589457157764E+00   -0.255587747501685556E+03
    0.331509942521025636E+02    0.513770239956186980E+01    0.641878578500406416E+00   -0.255587300335786836E+03
    0.333335873094576769E+02    0.496877078243480064E+01    0.719327033114126602E+00   -0.255586944700894634E+03
    0.335141460359258332E+02    0.485291619968661347E+01    0.716466687655801127E+00   -0.255586352703309387E+03
    0.332540368002158147E+02    0.504352547792988659E+01    0.706001582074906486E+00   -0.255585879853026455E+03
    0.333947104196364108E+02    0.494393219470005718E+01    0.719842385070461832E+00   -0.255585476005537174E+03
    0.330867255613562463E+02    0.520765370137719596E+01    0.622753163988364222E+00   -0.255585470301345396E+03
    0.332514134151246310E+02    0.504407588512597194E+01    0.676434518090742731E+00   -0.255584748013036545E+03
    0.331126903523358465E+02    0.518897444451908996E+01    0.632312233436330251E+00   -0.255584457100959753E+03
    0.334652120726548432E+02    0.488433003329802862E+01    0.732670025988968798E+00   -0.255584297139771479E+03
    0.331176249404553147E+02    0.515481572274187805E+01    0.662910312091312459E+00   -0.255583363075339122E+03
    0.332792731561253419E+02    0.501692438883950409E+01    0.713944108624856799E+00   -0.255582861833249723E+03
    0.331184430148196327E+02    0.515404138311218585E+01    0.661161643763983453E+00   -0.255581643300324345E+03
    0.334538920389566741E+02    0.488271919286304623E+01    0.740802888757098987E+00   -0.255581572606940199E+03
    0.331356348458180605E+02    0.516326888866189648E+01    0.651682134021797865E+00   -0.255581368490287275E+03
    0.331356348458180605E+02    0.516326888866189648E+01    0.651682134021797865E+00   -0.255581368490287275E+03
    0.333369968886297556E+02    0.501673479302002878E+01    0.661446919299246150E+00   -0.255580911746666345E+03
    0.334517226504886978E+02    0.491611817143223018E+01    0.686307679289368755E+00   -0.255580737851320862E+03
    0.334517226504886978E+02    0.491611817143223018E+01    0.686307679289368755E+00   -0.255580737851320862E+03
    0.334681338784580618E+02    0.489067855067065427E+01    0.720761571683143254E+00   -0.255580497256387588E+03
    0.332458399412954009E+02    0.506274634538406509E+01    0.692790167781117905E+00   -0.255578916404020390E+03
    0.332205303773931746E+02    0.506241324186620911E+01    0.692525205564761936E+00   -0.255578484282584327E+03
    0.331698036846605930E+02    0.510743532979800907E+01    0.673926042283421789E+00   -0.255578160725995048E+03
    0.331698036846605930E+02    0.510743532979800907E+01    0.673926042283421789E+00   -0.255578160725995048E+03
    0.332265312165789055E+02    0.507443386709804933E+01    0.692496926777800725E+00   -0.255577010184703113E+03
    0.332739936135527756E+02    0.503095550858452700E+01    0.707825422759731593E+00   -0.255576840114146790E+03
    0.332014467981428396E+02    0.507891315465474058E+01    0.687737033586208080E+00   -0.255576561865576139E+03
    0.335058676176414707E+02    0.485127136685982130E+01    0.734680228835320026E+00   -0.255576413600953146E+03
    0.334705603661996491E+02    0.489862927179088548E+01    0.697470239467752329E+00   -0.255576394311639575E+03
    0.334705603661996491E+02    0.489862927179088548E+01    0.697470239467752329E+00   -0.255576394311639575E+03
    0.333984476863661257E+02    0.496443998708361267E+01    0.673058000390893474E+00   -0.255575804639380266E+03
    0.333984476863661257E+02    0.496443998708361267E+01    0.673058000390893474E+00   -0.255575804639380266E+03
    0.331588371428579620E+02    0.515603363417321603E+01    0.636959662121898029E+00   -0.255575470673175175E+03
    0.331341898465330829E+02    0.514590961353078669E+01    0.648837617553618351E+00   -0.255574960265602812E+03
    0.334846111680863814E+02    0.488093559492878271E+01    0.714902624879232063E+00   -0.255573700346718908E+03
    0.332846195274121399E+02    0.503834663475839051E+01    0.652397459208229336E+00   -0.255572770336327523E+03
    0.334126273561726208E+02    0.491393248414917228E+01    0.736979002564224439E+00   -0.255572709647347750E+03
    0.333996939595760907E+02    0.495895659868519356E+01    0.688849562720030173E+00   -0.255572492456232709E+03
    0.334526576098673445E+02    0.489510443645888316E+01    0.730350427938345703E+00   -0.255570998016095928E+03
    0.331650469318080781E+02    0.512581421130637427E+01    0.675617264102689408E+00   -0.255570942121863823E+03
    0.332827319714754353E+02    0.501773773320681737E+01    0.684175286848788256E+00   -0.255568958925551243E+03
    0.335057336803835000E+02    0.486257891980065615E+01    0.712486769745082515E+00   -0.255568533012534914E+03
    0.334833933329231428E+02    0.488583953729842513E+01    0.703480632872171663E+00   -0.255567944205893468E+03
    0.332244893198188862E+02    0.507454705315038446E+01    0.693358102911119767E+00   -0.255567614346134206E+03
    0.333265158226616975E+02    0.497759676811354979E+01    0.723585313495756388E+00   -0.255566770744463980E+03
    0.334917067338548904E+02    0.486271570426950284E+01    0.734475299213159127E+00   -0.255565845169579148E+03
    0.332216628282157131E+02    0.506349229494532338E+01    0.683409732997459218E+00   -0.255564690446459025E+03
    0.333662598041709515E+02    0.498911559234124535E+01    0.677176640073083314E+00   -0.255564373079116166E+03
    0.333204603618887276E+02    0.501279587339569055E+01    0.694397819529686711E+00   -0.255563633950670152E+03
    0.333792271661963014E+02    0.497606153873639201E+01    0.662289911905297624E+00   -0.255563478184706355E+03
    0.335109221331714906E+02    0.485275329161448976E+01    0.716313571037311747E+00   -0.255563068672275762E+03
    0.331117656769928317E+02    0.517115351701054049E+01    0.658124769049064584E+00   -0.255562712838798916E+03
    0.331236361245240474E+02    0.515168778841014152E+01    0.654397618068857212E+00   -0.255562513462085974E+03
    0.332552080135209707E+02    0.503400672691043027E+01    0.695496814845550593E+00   -0.255562469905777931E+03
    0.333211614702913650E+02    0.500733394516045482E+01    0.661248190321705676E+00   -0.255562450021365350E+03
    0.333288779437827429E+02    0.501944508857767779E+01    0.671578591896444976E+00   -0.255561925042119611E+03
    0.331688479542905270E+02    0.510896690357732552E+01    0.671726428662418051E+00   -0.255561765797458122E+03
    0.334790372173142003E+02    0.489011265812858742E+01    0.698823724760510800E+00   -0.255561676941381734E+03
    0.331749521013798372E+02    0.511670297995809431E+01    0.647407391633373908E+00   -0.255561355943091968E+03
    0.332948361627035396E+02    0.504325853922619061E+01    0.643862644973025366E+00   -0.255559397594986137E+03
    0.332397342900004418E+02    0.507959261957031849E+01    0.675792015162094195E+00   -0.255559209967695750E+03
    0.332397342900004418E+02    0.507959261957031849E+01    0.675792015162094195E+00   -0.255559209967695750E+03
    0.331543503875835839E+02    0.514027119975383684E+01    0.666541020936201711E+00   -0.255558099318168502E+03
    0.334313489377299078E+02    0.493482092589383825E+01    0.683828492408351196E+00   -0.255557769110067966E+03
    0.334280182259289944E+02    0.490056793809633007E+01    0.718441481251280156E+00   -0.255556765387059471E+03
    0.331809319460848613E+02    0.510603578572428773E+01    0.657453621360114870E+00   -0.255556320694219352E+03
    0.331878624618344986E+02    0.510681718968784715E+01    0.648414896796349005E+00   -0.255555925529565457E+03
    0.332882490163254019E+02    0.502600082604614684E+01    0.664565436504420681E+00   -0.255555612581113053E+03
    0.334574024066183426E+02    0.489964519852347902E+01    0.718891519395825518E+00   -0.255554308312399854E+03
    0.334574024066183426E+02    0.489964519852347902E+01    0.718891519395825518E+00   -0.255554308312399854E+03
    0.332515954258027975E+02    0.507786479014904657E+01    0.636202095133842738E+00   -0.255554274420720731E+03
    0.331289486642376261E+02    0.517452797621432659E+01    0.621660411429366011E+00   -0.255554191415377204E+03
    0.334211370166428168E+02    0.492520957273768722E+01    0.720004322015036502E+00   -0.255553756306105953E+03
    0.334211370166428168E+02    0.492520957273768722E+01    0.720004322015036502E+00   -0.255553756306105953E+03
    0.334532471206403486E+02    0.491437793413889867E+01    0.693057625036711533E+00   -0.255553545869036071E+03
    0.331441821395075635E+02    0.516795251894657248E+01    0.630992410765180201E+00   -0.255553111072734396E+03
    0.333969413351071935E+02    0.492712203977780838E+01    0.706412355236842759E+00   -0.255553110745330542E+03
    0.332783382621115962E+02    0.506417311597698827E+01    0.640880995958209909E+00   -0.255552795124002557E+03
    0.334473359917289343E+02    0.489099147903178544E+01    0.737820010824846495E+00   -0.255551422491125635E+03
    0.333429395136025875E+02    0.499911369140081252E+01    0.657189388657450135E+00   -0.255551048586152433E+03
    0.333366742749778524E+02    0.496812305849545410E+01    0.724184096504581598E+00   -0.255549366302106904E+03
    0.334920884341868543E+02    0.485748473235257539E+01    0.723112063216382883E+00   -0.255549064973084484E+03
    0.331910328274191215E+02    0.513293566560734238E+01    0.637305155753367991E+00   -0.255548505263895692E+03
    0.333961774899195660E+02    0.492152165506122685E+01    0.722387429434418138E+00   -0.255548330586813393E+03
    0.333961774899195660E+02    0.492152165506122685E+01    0.722387429434418138E+00   -0.255548330586813393E+03
    0.331868303060960272E+02    0.513589758729269175E+01    0.637490596648967012E+00   -0.255547976130613421E+03
    0.334250427977556583E+02    0.490429804391420454E+01    0.737911630392118045E+00   -0.255547279025104672E+03
    0.331833681297728589E+02    0.512836169331697889E+01    0.628780850879091080E+00   -0.255546892865584624E+03
    0.334394618565810262E+02    0.490006126168614120E+01    0.734515730827111746E+00   -0.255545360334038691E+03
    0.332166110085897941E+02    0.510407097614130745E+01    0.661326526651534574E+00   -0.255544686813797426E+03
    0.331377899951509960E+02    0.513949891985021257E+01    0.672340070670751078E+00   -0.255544668778225031E+03
    0.330954721029148757E+02    0.517765787740517069E+01    0.651005764974420864E+00   -0.255544563941448359E+03
    0.330908747341946778E+02    0.518263661897304040E+01    0.647916605216720454E+00   -0.255544209276444292E+03
    0.330908747341946778E+02    0.518263661897304040E+01    0.647916605216720454E+00   -0.255544209276444292E+03
    0.331713936466135664E+02    0.512353892061300442E+01    0.674050364700123694E+00   -0.255543840025511713E+03
    0.331713936466135664E+02    0.512353892061300442E+01    0.674050364700123694E+00   -0.255543840025511713E+03
    0.334092473660580964E+02    0.494710304947154889E+01    0.672326111520494596E+00   -0.255543692141804144E+03
    0.333451387288056083E+02    0.500294667154015915E+01    0.681143912121534467E+00   -0.255542398655713527E+03
    0.334793420478977026E+02    0.486167991404637867E+01    0.739211312389729924E+00   -0.255541859768751834E+03
    0.332694048528541728E+02    0.502501508029181743E+01    0.710780823853633725E+00   -0.255541607168691684E+03
    0.332170058109847375E+02    0.510959088268457862E+01    0.629697128364480663E+00   -0.255541476738754710E+03
    0.333417544974063063E+02    0.498093138209122355E+01    0.716753224879651651E+00   -0.255541209838887255E+03
    0.330755970584514358E+02    0.521143046652500441E+01    0.628096259129086731E+00   -0.255540914160074124E+03
    0.332736745685262463E+02    0.504523803855974329E+01    0.652797492709126903E+00   -0.255540877678529768E+03
    0.334155686128220140E+02    0.492510428607573392E+01    0.690305654795006829E+00   -0.255538409344526372E+03
    0.331474237864098171E+02    0.516360654880916492E+01    0.622515730960346625E+00   -0.255538090125824340E+03
    0.334538898100785786E+02    0.491353250030218724E+01    0.693317018016443853E+00   -0.255536882419367174E+03
    0.334538898100785786E+02    0.491353250030218724E+01    0.693317018016443853E+00   -0.255536882419367174E+03
    0.333354066784012204E+02    0.496981718585577781E+01    0.724201791574575093E+00   -0.255536692927316466E+03
    0.332147519497465993E+02    0.508739065915522204E+01    0.685763334552554338E+00   -0.255536363646210873E+03
    0.332800633910227361E+02    0.505411388361050484E+01    0.641907827075576476E+00   -0.255535968380924260E+03
    0.331440978884749029E+02    0.515501837317060474E+01    0.628297423859232707E+00   -0.255535187996392182E+03
    0.334838913480789557E+02    0.485849916402151116E+01    0.737255721202408232E+00   -0.255534897791263035E+03
    0.330889425376678190E+02    0.519708060907801794E+01    0.627131006125011159E+00   -0.255534098482976844E+03
    0.332587538139379575E+02    0.505055728002516169E+01    0.697060548395528334E+00   -0.255532832690757630E+03
    0.332587538139379575E+02    0.505055728002516169E+01    0.697060548395528334E+00   -0.255532832690757630E+03
    0.334153462744374110E+02    0.494761018474144976E+01    0.685398930415678675E+00   -0.255531761956108852E+03
    0.334153462744374110E+02    0.494761018474144976E+01    0.685398930415678675E+00   -0.255531761956108852E+03
    0.332929090391296043E+02    0.504988437421151826E+01    0.661634533357970622E+00   -0.255531573321004998E+03
    0.334190798402545468E+02    0.492847085007131103E+01    0.683894485204859959E+00   -0.255530977546664872E+03
    0.331598074850077182E+02    0.514103214871143166E+01    0.661158416588353282E+00   -0.255530863956950384E+03
    0.333205027003113798E+02    0.502854350072063827E+01    0.649120812551314486E+00   -0.255530437735358220E+03
    0.333205027003113798E+02    0.502854350072063827E+01    0.649120812551314486E+00   -0.255530437735358220E+03
    0.332783974946172094E+02    0.502677701551160361E+01    0.708719626281302029E+00   -0.255530373999939627E+03
    0.334082376759889570E+02    0.495312826775828441E+01    0.671474585519471256E+00   -0.255529928671677851E+03
    0.334082376759889570E+02    0.495312826775828441E+01    0.671474585519471256E+00   -0.255529928671677851E+03
    0.333702277560688998E+02    0.494088821527720956E+01    0.722012758083365735E+00   -0.255529136756670709E+03
    0.333702277560688998E+02    0.494088821527720956E+01    0.722012758083365735E+00   -0.255529136756670709E+03
    0.333627967756367383E+02    0.496102579857744619E+01    0.687258332282224771E+00   -0.255528431497786983E+03
    0.333627967756367383E+02    0.496102579857744619E+01    0.687258332282224771E+00   -0.255528431497786983E+03
    0.334333083518206990E+02    0.492490667756266554E+01    0.680960695618157419E+00   -0.255528270983532593E+03
    0.333869668175242538E+02    0.496086182059852820E+01    0.669702514454013853E+00   -0.255528166636879888E+03
    0.331465507637384746E+02    0.516659623823760938E+01    0.627176472787329242E+00   -0.255527997548612035E+03
    0.331249735366692377E+02    0.517153900328461003E+01    0.625684088041922104E+00   -0.255527838745132271E+03
    0.332579891659867286E+02    0.508092648887876219E+01    0.638889706693703152E+00   -0.255527761011817176E+03
    0.334801752675213180E+02    0.487872968645959659E+01    0.724113079406588644E+00   -0.255527270827957551E+03
    0.332211353938995586E+02    0.506850932688841915E+01    0.697827246808861323E+00   -0.255527032221215308E+03
    0.331226965755755742E+02    0.516510454531108021E+01    0.634012546469455929E+00   -0.255526839397901512E+03
    0.330765780727989522E+02    0.520975172789053431E+01    0.630647427977533481E+00   -0.255526392779614781E+03
    0.330765780727989522E+02    0.520975172789053431E+01    0.630647427977533481E+00   -0.255526392779614781E+03
    0.330861453898981068E+02    0.519251495898344473E+01    0.647300002502422034E+00   -0.255525760988383780E+03
    0.332035157630194746E+02    0.508902090997250234E+01    0.689785434567613320E+00   -0.255525554009030373E+03
    0.332914403083550852E+02    0.501773240723183722E+01    0.710227776612527006E+00   -0.255525480304183503E+03
    0.332914403083550852E+02    0.501773240723183722E+01    0.710227776612527006E+00   -0.255525480304183503E+03
    0.331732075924042036E+02    0.513843784888415378E+01    0.651966180338038548E+00   -0.255525232074176017E+03
    0.334715602214632568E+02    0.487335279075816707E+01    0.737955222743510664E+00   -0.255524737445925865E+03
    0.333241872571120723E+02    0.498183928417085031E+01    0.722405048786890602E+00   -0.255524007081415419E+03
    0.332976465801168047E+02    0.500492987315498983E+01    0.689242518235708923E+00   -0.255522937786154444E+03
    0.333859736004766177E+02    0.495860325477221053E+01    0.672245208918149761E+00   -0.255522453574183260E+03
    0.332438925160481489E+02    0.509011176308479829E+01    0.634362702159811942E+00   -0.255522349536073534E+03
    0.333848563114734773E+02    0.497328538799540087E+01    0.680322510751627973E+00   -0.255521941044526159E+03
    0.333848563114734773E+02    0.497328538799540087E+01    0.680322510751627973E+00   -0.255521941044526159E+03
    0.335035175593542505E+02    0.485191144499146354E+01    0.722703902365699147E+00   -0.255521828864951800E+03
    0.333045146732771187E+02    0.501615709925542053E+01    0.663752801746648413E+00   -0.255521116427501426E+03
    0.333048041944342188E+02    0.504296794417365213E+01    0.648439098901482325E+00   -0.255520726649062851E+03
    0.333048041944342188E+02    0.504296794417365213E+01    0.648439098901482325E+00   -0.255520726649062851E+03
    0.332564891816318351E+02    0.503780076184609626E+01    0.707164949612344884E+00   -0.255520141603509444E+03
    0.334787139413396204E+02    0.488236703745031075E+01    0.719867146884429099E+00   -0.255520037527963098E+03
    0.333079236255340589E+02    0.502616728586075467E+01    0.686568213822852047E+00   -0.255519595021957855E+03
    0.332336136604778147E+02    0.507640662303792123E+01    0.647428566821888651E+00   -0.255519191943513789E+03
    0.333214484262382840E+02    0.502942499951661226E+01    0.655120276709694971E+00   -0.255519183531375660E+03
    0.331646968531172206E+02    0.511401533819195375E+01    0.680651006960081517E+00   -0.255518957307356061E+03
    0.334240873650619648E+02    0.493842744896624009E+01    0.691654097776433163E+00   -0.255518853393007589E+03
    0.332547349098363867E+02    0.507223332443806996E+01    0.639017786808742105E+00   -0.255518626155055017E+03
    0.332322180732932537E+02    0.509981456137671252E+01    0.632869131029182741E+00   -0.255518608083824432E+03
    0.333157198603964559E+02    0.502765667227747759E+01    0.648106179241535685E+00   -0.255518262549523428E+03
    0.330855003777999528E+02    0.519273907570491744E+01    0.646896135738235678E+00   -0.255517654933605286E+03
    0.334180380969734969E+02    0.493905519785837388E+01    0.675676231745346634E+00   -0.255517553288415655E+03
    0.334189577545715721E+02    0.494539367293569665E+01    0.679060453404172870E+00   -0.255517450241806159E+03
    0.332838425962778217E+02    0.501294645469906097E+01    0.713580619543263461E+00   -0.255517322042313879E+03
    0.333482920294327414E+02    0.497757166581130761E+01    0.715628994819248909E+00   -0.255516769285275245E+03
    0.331489939555353459E+02    0.516052197595262108E+01    0.623195369857749593E+00   -0.255515911874575863E+03
    0.333923836158411973E+02    0.494844802411080487E+01    0.679081317794936856E+00   -0.255515774607202530E+03
    0.334118358308602410E+02    0.491488773448100158E+01    0.735696165226352283E+00   -0.255515434989085122E+03
    0.331884831954756834E+02    0.511298776032020097E+01    0.640468569157256140E+00   -0.255514911305981968E+03
    0.333740585119545869E+02    0.495278702225443546E+01    0.724320714334521609E+00   -0.255514513280303618E+03
    0.330924392352653669E+02    0.520203912153905268E+01    0.627731400752649660E+00   -0.255514076123060306E+03
    0.333821158255334254E+02    0.496775020142882617E+01    0.666482293626742495E+00   -0.255513930439206206E+03
    0.333437162249104375E+02    0.499857911568053837E+01    0.690735515325919036E+00   -0.255513901732132638E+03
    0.333658655610245773E+02    0.496666477368011172E+01    0.676710531421380379E+00   -0.255513855544267699E+03
    0.334373483770056907E+02    0.490846732027000776E+01    0.726443068111361612E+00   -0.255513775335937936E+03
    0.331692421005377867E+02    0.512363396326291376E+01    0.674790994008408918E+00   -0.255513238851775043E+03
    0.332266301970793876E+02    0.510427773384240080E+01    0.632270951728037489E+00   -0.255511539015377792E+03
    0.332266301970793876E+02    0.510427773384240080E+01    0.632270951728037489E+00   -0.255511539015377792E+03
    0.331539834874708035E+02    0.512487607997300465E+01    0.661754485614025167E+00   -0.255511024877561340E+03
    0.333728706365747669E+02    0.494503007817227669E+01    0.704121730386452316E+00   -0.255510503105351205E+03
    0.335066490230178147E+02    0.484712951805488323E+01    0.733090178010879612E+00   -0.255510159971449895E+03
    0.334143973134053596E+02    0.491134257279092878E+01    0.736310658999107526E+00   -0.255510065066530359E+03
    0.334996551357489096E+02    0.485385797481544579E+01    0.735113452573938120E+00   -0.255508269496116071E+03
    0.332418165758869719E+02    0.504594804343421899E+01    0.701347790413844430E+00   -0.255507941272157439E+03
    0.332551061263883554E+02    0.507411771205670359E+01    0.667112459648547707E+00   -0.255507919730310761E+03
    0.334207065751736963E+02    0.492502101187478658E+01    0.720077122688927540E+00   -0.255507216124090121E+03
    0.333754838791007131E+02    0.498169061260411894E+01    0.676654410419861407E+00   -0.255507075128487344E+03
    0.333754838791007131E+02    0.498169061260411894E+01    0.676654410419861407E+00   -0.255507075128487344E+03
    0.331465656973279224E+02    0.513077613573665658E+01    0.674263501486812133E+00   -0.255506840842821248E+03
    0.332252915613777589E+02    0.509643866711237958E+01    0.663825147323252263E+00   -0.255506780429289648E+03
    0.330940241488321618E+02    0.518145155411411729E+01    0.644853256785393736E+00   -0.255506536960311109E+03
    0.333851509236796744E+02    0.496018492027125646E+01    0.705402396765003048E+00   -0.255506313454712625E+03
    0.331776074717562253E+02    0.510093030066350739E+01    0.679744561752984588E+00   -0.255505908630171149E+03
    0.332309387644297658E+02    0.508325411943194183E+01    0.678173449819559071E+00   -0.255504795884038543E+03
    0.333823535472691688E+02    0.495669015244403965E+01    0.713281926176146275E+00   -0.255504708921489112E+03
    0.331831606096242524E+02    0.513879364249731374E+01    0.628242715735073176E+00   -0.255504578545707943E+03
    0.334717760372023818E+02    0.489074041164007589E+01    0.714197520181339307E+00   -0.255504514508777220E+03
    0.334717760372023818E+02    0.489074041164007589E+01    0.714197520181339307E+00   -0.255504514508777220E+03
    0.335008946589451853E+02    0.485820340272239459E+01    0.729188788538427390E+00   -0.255504420636767890E+03
    0.332908157433961236E+02    0.500703287906038241E+01    0.696636557038725401E+00   -0.255502617999951582E+03
    0.332832729197475459E+02    0.503352945689496778E+01    0.698816823086673478E+00   -0.255502451183103943E+03
    0.331769570365723467E+02    0.514122376618400168E+01    0.640824492279730373E+00   -0.255502420048271603E+03
    0.332053672520142484E+02    0.507903100488992987E+01    0.693028653910117920E+00   -0.255502401167123992E+03
    0.332053672520142484E+02    0.507903100488992987E+01    0.693028653910117920E+00   -0.255502401167123992E+03
    0.331880945402055758E+02    0.510199502618275069E+01    0.656143868788747420E+00   -0.255502095247194859E+03
    0.334865284557928717E+02    0.487498929821794302E+01    0.704439044462818797E+00   -0.255501139778547270E+03
    0.334275791952947969E+02    0.492324832828254966E+01    0.684872492221476836E+00   -0.255500723525979538E+03
    0.330915371536886056E+02    0.519113242453840851E+01    0.632190693014353933E+00   -0.255500615399930240E+03
    0.333706676686543346E+02    0.496137305892760239E+01    0.679763530411815475E+00   -0.255500405440668175E+03
    0.332009984133416509E+02    0.508861588333227477E+01    0.690389824447791067E+00   -0.255500091874093044E+03
    0.334700565266106196E+02    0.486820113285782696E+01    0.734619748057756095E+00   -0.255499381936116038E+03
    0.333950274393438491E+02    0.493255908113310504E+01    0.699408241674879694E+00   -0.255499217348417062E+03
    0.333750640344460763E+02    0.496125145320726357E+01    0.676525245207536430E+00   -0.255499143001901018E+03
    0.331613496618837331E+02    0.515515307404603806E+01    0.630989771485668594E+00   -0.255499033960781077E+03
    0.331613496618837331E+02    0.515515307404603806E+01    0.630989771485668594E+00   -0.255499033960781077E+03
    0.334801058020900015E+02    0.486459613355135989E+01    0.724787812210072269E+00   -0.255498360352988698E+03
    0.334801058020900015E+02    0.486459613355135989E+01    0.724787812210072269E+00   -0.255498360352988698E+03
    0.332436067226458931E+02    0.505334166619261005E+01    0.701496145316956254E+00   -0.255498010376108340E+03
    0.333840150019845083E+02    0.495585588919627984E+01    0.676545557526926356E+00   -0.255497057992165651E+03
    0.333840150019845083E+02    0.495585588919627984E+01    0.676545557526926356E+00   -0.255497057992165651E+03
    0.332017370170722756E+02    0.509180842610433437E+01    0.656704398125657396E+00   -0.255496669512385438E+03
    0.332537064533254494E+02    0.503712991259307774E+01    0.690523945812774320E+00   -0.255496531309834495E+03
    0.332959734966112109E+02    0.502486470404723562E+01    0.699419089908711822E+00   -0.255496225804215840E+03
    0.332959734966112109E+02    0.502486470404723562E+01    0.699419089908711822E+00   -0.255496225804215840E+03
    0.332228401909472240E+02    0.510184601416553818E+01    0.632028405214425382E+00   -0.255495671404059777E+03
    0.332228401909472240E+02    0.510184601416553818E+01    0.632028405214425382E+00   -0.255495671404059777E+03
    0.334709771593464751E+02    0.487431304887449635E+01    0.716512844159883810E+00   -0.255495208626783437E+03
    0.332073105999789036E+02    0.509066674933356644E+01    0.652508939759954387E+00   -0.255494987935893192E+03
    0.332592652640896347E+02    0.503157216605457336E+01    0.695119542516503541E+00   -0.255494951641734360E+03
    0.333670452550180343E+02    0.494369179294316297E+01    0.722333286929190188E+00   -0.255493528731832583E+03
    0.334177814419097956E+02    0.494480460466364224E+01    0.686860407853789767E+00   -0.255493033404220796E+03
    0.332097685482528107E+02    0.510430006003498349E+01    0.635301712165173393E+00   -0.255492902869647679E+03
    0.330886887191583128E+02    0.520036481450811827E+01    0.626034467644807302E+00   -0.255491969698210852E+03
    0.333571578469353227E+02    0.498574754104342510E+01    0.662478972957950107E+00   -0.255491958842766053E+03
    0.333485709917609228E+02    0.496761916506534540E+01    0.724194804315361207E+00   -0.255491765200366615E+03
    0.332545085193577421E+02    0.504089085945728321E+01    0.705798432170899215E+00   -0.255491428669197830E+03
    0.332545085193577421E+02    0.504089085945728321E+01    0.705798432170899215E+00   -0.255491428669197830E+03
    0.331565109048238895E+02    0.512023575219194882E+01    0.671898196567310313E+00   -0.255491287680505650E+03
    0.331676694165896606E+02    0.511248172387241162E+01    0.666237442496954047E+00   -0.255490925616475408E+03
    0.331088720560262360E+02    0.518976785303356714E+01    0.633031114119833704E+00   -0.255490897301880153E+03
    0.331932781521385323E+02    0.509127477187591460E+01    0.669449546093810133E+00   -0.255490719684290724E+03
    0.330853216095483731E+02    0.520064303716822884E+01    0.637818616979641484E+00   -0.255490535496648846E+03
    0.331717352975034814E+02    0.510980541180784620E+01    0.664982723067018444E+00   -0.255489958465753404E+03
    0.331948301506442789E+02    0.512047969833872596E+01    0.630149117664656311E+00   -0.255489589243966549E+03
    0.332205360685238986E+02    0.509183981073989322E+01    0.640436376683643949E+00   -0.255489159081389403E+03
    0.330906692293218399E+02    0.520090852302434659E+01    0.625253376990385412E+00   -0.255488731018911125E+03
    0.334625587244637117E+02    0.490443624092201436E+01    0.697265980003151764E+00   -0.255488009698714848E+03
    0.333559437702631740E+02    0.499926115668042037E+01    0.668229332347772487E+00   -0.255487554743880452E+03
    0.330902670254699913E+02    0.520194090525277986E+01    0.630082876364923550E+00   -0.255487439163454127E+03
    0.331291646401861897E+02    0.516973208557683250E+01    0.625484991251000100E+00   -0.255487089334634902E+03
    0.334312275984414100E+02    0.489910762857000037E+01    0.737312632959608472E+00   -0.255487083733125388E+03
    0.331598458963884752E+02    0.515115697284720753E+01    0.624863212307308791E+00   -0.255485889915202137E+03
    0.333952325289345922E+02    0.494993691419443138E+01    0.709880621392648292E+00   -0.255483923053004929E+03
    0.332537680464805447E+02    0.503711956400344807E+01    0.690778707967131034E+00   -0.255483697455040016E+03
    0.331202211041667312E+02    0.515484341148284209E+01    0.662508498476726326E+00   -0.255482832923584851E+03
    0.330893866490232824E+02    0.520270263136809419E+01    0.627249302578660295E+00   -0.255482672292936087E+03
    0.334458934072690468E+02    0.490759916496139414E+01    0.691204755848039420E+00   -0.255482410447847201E+03
    0.330905171621568073E+02    0.519882384472589543E+01    0.626241152462865380E+00   -0.255482313725011551E+03
    0.331323844793285858E+02    0.514957899096004645E+01    0.667022369420444461E+00   -0.255482124837992785E+03
    0.334285332334605059E+02    0.493604313655174654E+01    0.681618604257790528E+00   -0.255481327444944952E+03
    0.334285332334605059E+02    0.493604313655174654E+01    0.681618604257790528E+00   -0.255481327444944952E+03
    0.330950009257614468E+02    0.519093870881992814E+01    0.644113681644363667E+00   -0.255480356844318607E+03
    0.333558717930429651E+02    0.497288197504770135E+01    0.677211241943396658E+00   -0.255480309296571448E+03
    0.333981536410747850E+02    0.493501993825447638E+01    0.692396436456192310E+00   -0.255480308016404337E+03
    0.331429434205759463E+02    0.513398800972260894E+01    0.671882448709591795E+00   -0.255480180017585013E+03
    0.332145358785991647E+02    0.511418703253649376E+01    0.640614943035299200E+00   -0.255479418685185209E+03
    0.333631615125732566E+02    0.496884997022004082E+01    0.676475188101749558E+00   -0.255478616307205755E+03
    0.333631615125732566E+02    0.496884997022004082E+01    0.676475188101749558E+00   -0.255478616307205755E+03
    0.331668666064878863E+02    0.511440611489853580E+01    0.680796799361061300E+00   -0.255478527878342589E+03
    0.332911160180302375E+02    0.504310712815089435E+01    0.677281047623551569E+00   -0.255477794011512742E+03
    0.332151055218031530E+02    0.510066265358862037E+01    0.667633153869891305E+00   -0.255477140742913861E+03
    0.331493091213740669E+02    0.514653392296574630E+01    0.633897031288473856E+00   -0.255477102688998770E+03
    0.333132012887141329E+02    0.502684475811935094E+01    0.678520705743698160E+00   -0.255476914198670698E+03
    0.332897931750601472E+02    0.501811655495751019E+01    0.675623813698692288E+00   -0.255476840552537595E+03
    0.334067371255870071E+02    0.495334037566107099E+01    0.687141079446488612E+00   -0.255476418550707706E+03
    0.332376458156147834E+02    0.508440647441967908E+01    0.669540858127627869E+00   -0.255476209829947067E+03
    0.334752523669095581E+02    0.486903210201005443E+01    0.722216447807391804E+00   -0.255475804712173016E+03
    0.331715069320208897E+02    0.513097147297892597E+01    0.664222287708502446E+00   -0.255475198077099662E+03
    0.333927815258298324E+02    0.496627996081311274E+01    0.681377514382453420E+00   -0.255474522601383313E+03
    0.334833836582793225E+02    0.486097438319781183E+01    0.730330116617331715E+00   -0.255474239956336476E+03
    0.331409577354164142E+02    0.515111356358411765E+01    0.661718054023601177E+00   -0.255473814274408625E+03
    0.331011978979444947E+02    0.518508758601073438E+01    0.630758170352882175E+00   -0.255473762125317705E+03
    0.331011978979444947E+02    0.518508758601073438E+01    0.630758170352882175E+00   -0.255473762125317705E+03
    0.332984544934486593E+02    0.502773571224580973E+01    0.693285919400959405E+00   -0.255473583874983603E+03
    0.333415575834102498E+02    0.499751064619573437E+01    0.659936991713554244E+00   -0.255473003635200683E+03
    0.331119232225124591E+02    0.516288332615760925E+01    0.657592139404853837E+00   -0.255472905519949990E+03
    0.332224531753770052E+02    0.507304529960339323E+01    0.663311274242838200E+00   -0.255472708601560583E+03
    0.333437291952154311E+02    0.498371049660077858E+01    0.711482003584826828E+00   -0.255472319532455856E+03
    0.333437291952154311E+02    0.498371049660077858E+01    0.711482003584826828E+00   -0.255472319532455856E+03
    0.330816994910225262E+02    0.520462849368098368E+01    0.629562062618728380E+00   -0.255472280538037751E+03
    0.333920352617709639E+02    0.494972994536335698E+01    0.713261508161904367E+00   -0.255472068162429565E+03
    0.332474807111173547E+02    0.504673047822821719E+01    0.703710957332263076E+00   -0.255471925094548425E+03
    0.333970220991695612E+02    0.492553830293784678E+01    0.711127631087601797E+00   -0.255471907249004801E+03
    0.331287781901069138E+02    0.516377245268589391E+01    0.654861618779604027E+00   -0.255471773391669274E+03
    0.331198441604363580E+02    0.518205281264054385E+01    0.623458260208242687E+00   -0.255471557795778153E+03
    0.333022443672176536E+02    0.503114017243936651E+01    0.650328666807978073E+00   -0.255469881539409528E+03
    0.334932015760625035E+02    0.485843805238583304E+01    0.734745501127732958E+00   -0.255469850096838570E+03
    0.334718007149317174E+02    0.489488963230845719E+01    0.702279966022891555E+00   -0.255469618635281051E+03
    0.331971618411854905E+02    0.512117516945901663E+01    0.629368540670021792E+00   -0.255469254205318691E+03
    0.334103425611593110E+02    0.492108533144382498E+01    0.731619724243683933E+00   -0.255469244143685984E+03
    0.332499930311023206E+02    0.504297212957689123E+01    0.704605355315657045E+00   -0.255468958022789138E+03
    0.332123024123227566E+02    0.511420275835780025E+01    0.645383626242607589E+00   -0.255468221947440441E+03
    0.333777628899888867E+02    0.495515113320084488E+01    0.682424313309419328E+00   -0.255468137567907462E+03
    0.334562103065690692E+02    0.488130166785127084E+01    0.738046900769159242E+00   -0.255468128700600289E+03
    0.331796195130766591E+02    0.513655433172924347E+01    0.646458735256881911E+00   -0.255467364840172166E+03
    0.333462972484447704E+02    0.500786294508632412E+01    0.661683823025214668E+00   -0.255467180276657331E+03
    0.333598454115414640E+02    0.499261024321838498E+01    0.678600848977954252E+00   -0.255467086164390849E+03
    0.333598454115414640E+02    0.499261024321838498E+01    0.678600848977954252E+00   -0.255467086164390849E+03
    0.334522859190953028E+02    0.490923374218513597E+01    0.688331007804457329E+00   -0.255467050164714067E+03
    0.331227434660403830E+02    0.517792348507567546E+01    0.638866342432106049E+00   -0.255467037972550656E+03
    0.331386698623625193E+02    0.517104779194479303E+01    0.627470479893747379E+00   -0.255466877236073657E+03
    0.332553723816967306E+02    0.504876732209381540E+01    0.700014846774700050E+00   -0.255466592753306713E+03
    0.334004484506872075E+02    0.495008841845959946E+01    0.703450153684354484E+00   -0.255466217765207318E+03
    0.330827458965761068E+02    0.520398282785459987E+01    0.632528818793928749E+00   -0.255465936200287274E+03
    0.334758423500446511E+02    0.488680315530323561E+01    0.714569929539634607E+00   -0.255465613088922254E+03
    0.334813889430658236E+02    0.486649563380123240E+01    0.720189184234772961E+00   -0.255464278176362910E+03
    0.334182432021924853E+02    0.492295222513398212E+01    0.691925212650867927E+00   -0.255463972427599998E+03
    0.331239993758208016E+02    0.515814939933307315E+01    0.643493276246782875E+00   -0.255463017147883818E+03
    0.331247403501834725E+02    0.515697439509329492E+01    0.663340631687665216E+00   -0.255462793885742741E+03
    0.332867178861830837E+02    0.504098518748017632E+01    0.685405062396239995E+00   -0.255462272447789644E+03
    0.332867178861830837E+02    0.504098518748017632E+01    0.685405062396239995E+00   -0.255462272447789644E+03
    0.332724555441457142E+02    0.502013792261061020E+01    0.703736772749970818E+00   -0.255462046260682115E+03
    0.332724555441457142E+02    0.502013792261061020E+01    0.703736772749970818E+00   -0.255462046260682115E+03
    0.332697123194881073E+02    0.506886705169555452E+01    0.655117342275833181E+00   -0.255461820775183952E+03
    0.334496471691996931E+02    0.488510432840692754E+01    0.737709487078891168E+00   -0.255461694666300644E+03
    0.334496471691996931E+02    0.488510432840692754E+01    0.737709487078891168E+00   -0.255461694666300644E+03
    0.331279525147804748E+02    0.515878116096708528E+01    0.660713068927240577E+00   -0.255461203955520858E+03
    0.332309298142145906E+02    0.507068312963167767E+01    0.692356863247526655E+00   -0.255461135841182738E+03
    0.334830619058660517E+02    0.488358840145038897E+01    0.703947223820405199E+00   -0.255460236828627473E+03
    0.334066806642515530E+02    0.495512025463850492E+01    0.674465742729993378E+00   -0.255459805178418577E+03
    0.332283222424595124E+02    0.509303062334387491E+01    0.635731384231487451E+00   -0.255459437515962492E+03
    0.333680853791977583E+02    0.494332847564041877E+01    0.724113406064970322E+00   -0.255459339657263854E+03
    0.334591239640218774E+02    0.490723265163599276E+01    0.695890729157611077E+00   -0.255458804763494697E+03
    0.331691999272721390E+02    0.512749153373051403E+01    0.670001292844043750E+00   -0.255458595093646437E+03
    0.331691999272721390E+02    0.512749153373051403E+01    0.670001292844043750E+00   -0.255458595093646437E+03
    0.334275057950961951E+02    0.492268495232385206E+01    0.715814775580488893E+00   -0.255458580673275065E+03
    0.333214867548713869E+02    0.500590816229441771E+01    0.663674353356555446E+00   -0.255457463546758902E+03
    0.331847461001970316E+02    0.513422590954561819E+01    0.643598330538835861E+00   -0.255456817529501734E+03
    0.330806328705264505E+02    0.520306768629093863E+01    0.634087603883393580E+00   -0.255456663908942431E+03
    0.331785599223430694E+02    0.510361979075610872E+01    0.667918096460496047E+00   -0.255455401706527766E+03
    0.331101147456377873E+02    0.518829292843794310E+01    0.633298465126188814E+00   -0.255454833296963443E+03
    0.332754400945537583E+02    0.502764794125316783E+01    0.676783905598969282E+00   -0.255454555713792701E+03
    0.333484954365878608E+02    0.496084669565203829E+01    0.725192842491045542E+00   -0.255453834806112752E+03
    0.334018157895799988E+02    0.495967843777593576E+01    0.675697299097823167E+00   -0.255453112513457285E+03
    0.334323013509158500E+02    0.492473791337421574E+01    0.682539366169977901E+00   -0.255451798469044292E+03
    0.334875539233335289E+02    0.485877443383271679E+01    0.734762348562609358E+00   -0.255451480272200172E+03
    0.331881828937329431E+02    0.509278580504760736E+01    0.678322691999037941E+00   -0.255451423954782541E+03
    0.331881828937329431E+02    0.509278580504760736E+01    0.678322691999037941E+00   -0.255451423954782541E+03
    0.332713164678559963E+02    0.503504774710557523E+01    0.669295518173276482E+00   -0.255451245205557456E+03
    0.333805504074820547E+02    0.495583718430030462E+01    0.715365197118429164E+00   -0.255450465928305562E+03
    0.330874161957700252E+02    0.520195935014514177E+01    0.630622497108959013E+00   -0.255450328087363914E+03
    0.333367570072261827E+02    0.497337857135295014E+01    0.698442920390017763E+00   -0.255449734475437140E+03
    0.334489225948275504E+02    0.491679844610217565E+01    0.690532712616980682E+00   -0.255449730570822965E+03
    0.333209998001297123E+02    0.498112355038267829E+01    0.717732716165357276E+00   -0.255449167579839099E+03
    0.333684908251889141E+02    0.497085836490847566E+01    0.670807807345203289E+00   -0.255449132386484393E+03
    0.333858332483358922E+02    0.494839849294933831E+01    0.720057269162109104E+00   -0.255448955706518717E+03
    0.331887921022766719E+02    0.513407000735064400E+01    0.633774807919810002E+00   -0.255448795396890688E+03
    0.334616866803794650E+02    0.489074072225713863E+01    0.725567484028638576E+00   -0.255448402455038234E+03
    0.333866648077740678E+02    0.494598027565715714E+01    0.722144354606229943E+00   -0.255448235162717424E+03
    0.331274029794432749E+02    0.515404199236138183E+01    0.646246299283593117E+00   -0.255447803650111410E+03
    0.332206482771336908E+02    0.506468184676556632E+01    0.686340720374589486E+00   -0.255446040835643544E+03
    0.331551654246908925E+02    0.515839164303049103E+01    0.626623146393650465E+00   -0.255444731268515227E+03
    0.334727777622464941E+02    0.488853242823297318E+01    0.715455783490141828E+00   -0.255444384413763714E+03
    0.333509992280826566E+02    0.499026109430080300E+01    0.695140703162777651E+00   -0.255443396625137467E+03
    0.331028446097464553E+02    0.517789781762553680E+01    0.639306770527019896E+00   -0.255443372046656293E+03
    0.332924105872688045E+02    0.504618911102943546E+01    0.644609164392329514E+00   -0.255443052842354064E+03
    0.331585742010923212E+02    0.514977882626259920E+01    0.647639560934255121E+00   -0.255442779254493757E+03
    0.333820003141052268E+02    0.493288846747981058E+01    0.726512477682609736E+00   -0.255442198215509393E+03
    0.332750806113406341E+02    0.503937411816335423E+01    0.697341059487073367E+00   -0.255441788842370698E+03
    0.332665758900261608E+02    0.506380478323564009E+01    0.641323442330550719E+00   -0.255441606564313759E+03
    0.331419461018050399E+02    0.514909924441185041E+01    0.662843652873780220E+00   -0.255441495522856314E+03
    0.333841361668698440E+02    0.495698906136511930E+01    0.710407942649216473E+00   -0.255441138255026914E+03
    0.333590619114320788E+02    0.497960212420957227E+01    0.667616049888762997E+00   -0.255441087849591213E+03
    0.331484676841641175E+02    0.513000701565236383E+01    0.673114395222162543E+00   -0.255440378984889151E+03
    0.332264332461076464E+02    0.509893497185182820E+01    0.656850666014635154E+00   -0.255439765631782734E+03
    0.334126921971137989E+02    0.494934034128939260E+01    0.676436050499512609E+00   -0.255439474794639580E+03
    0.332528468658305911E+02    0.503952117605722627E+01    0.704557670670437064E+00   -0.255439406874173500E+03
    0.333613563940991540E+02    0.496378322906120228E+01    0.685537806512230619E+00   -0.255437612037763472E+03
    0.333501175895445101E+02    0.499547736555079869E+01    0.658767059121219689E+00   -0.255437236990709806E+03
    0.334506824240716298E+02    0.489613493138292633E+01    0.702378702210621819E+00   -0.255436133945111948E+03
    0.334469190836288703E+02    0.488920294872597694E+01    0.736620589416907445E+00   -0.255435982893079085E+03
    0.331598880968153225E+02    0.514697921430396921E+01    0.650872879613550337E+00   -0.255435868804117092E+03
    0.333939358564883406E+02    0.492519588144812470E+01    0.731389419121673989E+00   -0.255435333251483712E+03
    0.332310169279018339E+02    0.510044102038940483E+01    0.634973506541293364E+00   -0.255434943997639806E+03
    0.333705160529314071E+02    0.497099785090653867E+01    0.669693715169624504E+00   -0.255434181274459775E+03
    0.333705160529314071E+02    0.497099785090653867E+01    0.669693715169624504E+00   -0.255434181274459775E+03
    0.333386933224566064E+02    0.497181599404534236E+01    0.699149868543634367E+00   -0.255434015730133723E+03
    0.332947074350397756E+02    0.500362176174877771E+01    0.713537295295664897E+00   -0.255434010804558000E+03
    0.333214799407365660E+02    0.501482624927834042E+01    0.688674228425539159E+00   -0.255432615599514634E+03
    0.332293483153230653E+02    0.510183560266213121E+01    0.644177314184176453E+00   -0.255431884724194731E+03
    0.332293483153230653E+02    0.510183560266213121E+01    0.644177314184176453E+00   -0.255431884724194731E+03
    0.331344965107838192E+02    0.514415293848860511E+01    0.655160588288368650E+00   -0.255431571973556402E+03
    0.330889329706636346E+02    0.518995892136718773E+01    0.644298472390654409E+00   -0.255431421839876890E+03
    0.331656074112837942E+02    0.511385065440127029E+01    0.669142894717700942E+00   -0.255431213037795544E+03
    0.332536862328202645E+02    0.507955905738037483E+01    0.656930615574345067E+00   -0.255430320642871749E+03
    0.332048045823528994E+02    0.512079622318720240E+01    0.640425661052684725E+00   -0.255427909109379584E+03
    0.334407516253527461E+02    0.490910212748189334E+01    0.721121860556819705E+00   -0.255427422811489890E+03
    0.332204490383123385E+02    0.509042376929783025E+01    0.642607020184856159E+00   -0.255427088326669434E+03
    0.332261021977689808E+02    0.510387857723355065E+01    0.645181780557024465E+00   -0.255425962127864778E+03
    0.334355842635682308E+02    0.490518521122731865E+01    0.702632056051894383E+00   -0.255425659962336965E+03
    0.331518680570871282E+02    0.513411996790298630E+01    0.671786382685532701E+00   -0.255425419813079401E+03
    0.333471050568163605E+02    0.496028833612330455E+01    0.717272050440940667E+00   -0.255423745813849877E+03
    0.332144688225626226E+02    0.507271199682619933E+01    0.694052672186892483E+00   -0.255423337611761383E+03
    0.333050982346048130E+02    0.503280800886597568E+01    0.648779649673734804E+00   -0.255423318939157724E+03
    0.334672527424375090E+02    0.489861394719310184E+01    0.699408583297455477E+00   -0.255422986692783354E+03
    0.332788564738337840E+02    0.506311097479570726E+01    0.647908355428662208E+00   -0.255422027845257333E+03
    0.332788564738337840E+02    0.506311097479570726E+01    0.647908355428662208E+00   -0.255422027845257333E+03
    0.334260146948876411E+02    0.492406237431224891E+01    0.714830060902315267E+00   -0.255421791895998496E+03
    0.334627426912429797E+02    0.489501002240656380E+01    0.717438139887649484E+00   -0.255421625984780007E+03
    0.333357995665062887E+02    0.501369880324340222E+01    0.654198000945268365E+00   -0.255421605983271803E+03
    0.332683423399181635E+02    0.506923450018423694E+01    0.655895411218603619E+00   -0.255420684413516625E+03
    0.334237380240722644E+02    0.491122587109483888E+01    0.705070320749052293E+00   -0.255420295803252941E+03
    0.333240612411290940E+02    0.500319482502675772E+01    0.702788327871444407E+00   -0.255420083107425995E+03
    0.332573275500529633E+02    0.503406402161495414E+01    0.694187898309339690E+00   -0.255419566482560072E+03
    0.332503840609590000E+02    0.504058451804821850E+01    0.702753732035735101E+00   -0.255419128379269978E+03
    0.330904865585979877E+02    0.518811319042998154E+01    0.643201065258752314E+00   -0.255419097249770914E+03
    0.334936886242976826E+02    0.486358883736646419E+01    0.727387081310667871E+00   -0.255419022104283130E+03
    0.333018045917413019E+02    0.500218716212936432E+01    0.715424582558456534E+00   -0.255418593452333255E+03
    0.333782623540050452E+02    0.497883571581048212E+01    0.666009371761350222E+00   -0.255418476060320444E+03
    0.331359366228616921E+02    0.514325287894849126E+01    0.668057053015947089E+00   -0.255418251319276351E+03
    0.331912130467020603E+02    0.513180344646117970E+01    0.633511766732364534E+00   -0.255418134466887068E+03
    0.333691857241803547E+02    0.495100080882153915E+01    0.698604765629921909E+00   -0.255418056655125298E+03
    0.334789722589196828E+02    0.488619211018754740E+01    0.702246741119078144E+00   -0.255417929320363385E+03
    0.333411150957544322E+02    0.498568335554822983E+01    0.710533576368757691E+00   -0.255416963415046638E+03
    0.333527240337962994E+02    0.496049418545750775E+01    0.702679275800291103E+00   -0.255416953635595377E+03
    0.332212681295537493E+02    0.510526989573849121E+01    0.632693653937344558E+00   -0.255416867526956764E+03
    0.331295583183443654E+02    0.517493170815114034E+01    0.634196649930790279E+00   -0.255416501265339861E+03
    0.331295583183443654E+02    0.517493170815114034E+01    0.634196649930790279E+00   -0.255416501265339861E+03
    0.331271374819320883E+02    0.515211647352249091E+01    0.664350287887118807E+00   -0.255415952947210741E+03
    0.331271374819320883E+02    0.515211647352249091E+01    0.664350287887118807E+00   -0.255415952947210741E+03
    0.330866899923378810E+02    0.519569997066449485E+01    0.639330207222677860E+00   -0.255414646207232948E+03
    0.331578204408321398E+02    0.512152938975863314E+01    0.675469667739571067E+00   -0.255414209870217405E+03
    0.332974762242150888E+02    0.500089828273906001E+01    0.712714093626656386E+00   -0.255413844448623365E+03
    0.332411952309533660E+02    0.507612097939737517E+01    0.643657121668526955E+00   -0.255413684557720728E+03
    0.331314521947633622E+02    0.515348853992213840E+01    0.642756819941215030E+00   -0.255413209242363507E+03
    0.334472812334968950E+02    0.488603804764407279E+01    0.735172238688191815E+00   -0.255412913084795917E+03
    0.332751976980550381E+02    0.503045736985933267E+01    0.705663861551109828E+00   -0.255412379739252572E+03
    0.332697485436303708E+02    0.506910098438787671E+01    0.652902766130599277E+00   -0.255412346041357381E+03
    0.331185699201966770E+02    0.516839587262067646E+01    0.635800142009366853E+00   -0.255412233488987766E+03
    0.333480409930289454E+02    0.500397215490141622E+01    0.670896597089383651E+00   -0.255412207859686646E+03
    0.331189697641544853E+02    0.517970670225977514E+01    0.638517585178687064E+00   -0.255412140308573640E+03
    0.333674475883082806E+02    0.495005394718769054E+01    0.703080096662322962E+00   -0.255411772518890331E+03
    0.334034439426429657E+02    0.492661500064171243E+01    0.729749711084027641E+00   -0.255410805906279478E+03
    0.334034439426429657E+02    0.492661500064171243E+01    0.729749711084027641E+00   -0.255410805906279478E+03
    0.333196278922308196E+02    0.498487609590657765E+01    0.701322499500613317E+00   -0.255410730130354153E+03
    0.333272111179713590E+02    0.498665184044903320E+01    0.717776477173083793E+00   -0.255410430790958799E+03
    0.332415920490382533E+02    0.509224535528617217E+01    0.637881364635223935E+00   -0.255410400158662924E+03
    0.332008464683073967E+02    0.510412384903295901E+01    0.642163147189675043E+00   -0.255409335192149598E+03
    0.331870668246140710E+02    0.509602864130944333E+01    0.671606186333701949E+00   -0.255409080561968693E+03
    0.331341109931616842E+02    0.517020453692863313E+01    0.625345754373061391E+00   -0.255408610571501811E+03
    0.332291040141142915E+02    0.506265891463863227E+01    0.697622931978947980E+00   -0.255408438806715594E+03
    0.332976554107528244E+02    0.502930744083389314E+01    0.655037523627812646E+00   -0.255407980605410245E+03
    0.331952529935088521E+02    0.508791504047727106E+01    0.687080964163126362E+00   -0.255406823514339948E+03
    0.332965990368151310E+02    0.500662037484730327E+01    0.714031635293168709E+00   -0.255406432776359878E+03
    0.332855042734989155E+02    0.501025923221604153E+01    0.708102125051955689E+00   -0.255406288275369690E+03
    0.334580111756636072E+02    0.489669680070469937E+01    0.720204643979896586E+00   -0.255405897334754258E+03
    0.333717303593945402E+02    0.495904956568708499E+01    0.718011283847235227E+00   -0.255405414243498939E+03
    0.332990379078549665E+02    0.502635101277383356E+01    0.693899105183338083E+00   -0.255405321102364553E+03
    0.331420992608576057E+02    0.516219139130808635E+01    0.643796005552938255E+00   -0.255404729464149369E+03
    0.331542276053195621E+02    0.513821956310099992E+01    0.640561472192859194E+00   -0.255404272669710650E+03
    0.330870097535564298E+02    0.519548968735863870E+01    0.637911523511919487E+00   -0.255403841310977327E+03
    0.333155256643107123E+02    0.500896303152916644E+01    0.665085314778567360E+00   -0.255403184850752609E+03
    0.332097977103441622E+02    0.511720933276762580E+01    0.634260523216169991E+00   -0.255402724996894364E+03
    0.331180883988628096E+02    0.516047636559048328E+01    0.659906248480140123E+00   -0.255402006962038740E+03
    0.333840485361233874E+02    0.497373769733348237E+01    0.677005839768924589E+00   -0.255401339334773240E+03
    0.334476953957661394E+02    0.488992365420185404E+01    0.716588726130419240E+00   -0.255401289663757950E+03
    0.333170987693445255E+02    0.503086338852420933E+01    0.660126270172976093E+00   -0.255401220866804238E+03
    0.333431599140328672E+02    0.496450677703887422E+01    0.711564744978015473E+00   -0.255400970614496345E+03
    0.333686286361961990E+02    0.495302618915886672E+01    0.725345539208638090E+00   -0.255400940065620944E+03
    0.333791400566128260E+02    0.495485915341503791E+01    0.682453817811934926E+00   -0.255400678957338357E+03
    0.333675565337817872E+02    0.498462004127890967E+01    0.662352155373205909E+00   -0.255399637812174774E+03
    0.333675565337817872E+02    0.498462004127890967E+01    0.662352155373205909E+00   -0.255399637812174774E+03
    0.334423144041118903E+02    0.491901161598888326E+01    0.685908989846545358E+00   -0.255398930717908826E+03
    0.333105007275176774E+02    0.500556388171173339E+01    0.674055583857183116E+00   -0.255398671260549690E+03
    0.331801021259330042E+02    0.510073854102387614E+01    0.680827879289270244E+00   -0.255398569384787294E+03
    0.331209010514713071E+02    0.517329082197206702E+01    0.646885745665933487E+00   -0.255398322183797688E+03
    0.332461711943127938E+02    0.507074073571764750E+01    0.680584556328585832E+00   -0.255398253001869364E+03
    0.332313908071271342E+02    0.505839831524261019E+01    0.680861044625045042E+00   -0.255397712250266665E+03
    0.331114038027079545E+02    0.518363765336915350E+01    0.639288202185288812E+00   -0.255397625958162223E+03
    0.334233326139072275E+02    0.493454634910894452E+01    0.699442602547045933E+00   -0.255396291704093755E+03
    0.332741311345419533E+02    0.504549975427073782E+01    0.653669704568949683E+00   -0.255396225713219280E+03
    0.332750723092214571E+02    0.506551091193669922E+01    0.644503996416508351E+00   -0.255396141157456299E+03
    0.332459727621354233E+02    0.506127734925281825E+01    0.657189107924792015E+00   -0.255396053807779424E+03
    0.332459727621354233E+02    0.506127734925281825E+01    0.657189107924792015E+00   -0.255396053807779424E+03
    0.331587128686953747E+02    0.513574562763308506E+01    0.639726981695063035E+00   -0.255395979525181161E+03
    0.331923606297177329E+02    0.513033735604086338E+01    0.636570523835155999E+00   -0.255395460629577087E+03
    0.334990178299076860E+02    0.486156364382541106E+01    0.719852375526328081E+00   -0.255395256867924843E+03
    0.334911783432004881E+02    0.487236526209887000E+01    0.713448059905339660E+00   -0.255395245051792187E+03
    0.333378744508973739E+02    0.501284212283245800E+01    0.656083089975365352E+00   -0.255394072169147080E+03
    0.334261617859127824E+02    0.491007056811413012E+01    0.731086107381885730E+00   -0.255393887063622913E+03
    0.334314149059790537E+02    0.491098323131194547E+01    0.698333886809647808E+00   -0.255393876317788454E+03
    0.334348957104484583E+02    0.491648026559320428E+01    0.689327412021935704E+00   -0.255393465052955378E+03
    0.333542768464500838E+02    0.499987213636269789E+01    0.666572802485851490E+00   -0.255393213593826175E+03
    0.333545255982302251E+02    0.496171501910373269E+01    0.724391161172624143E+00   -0.255393061932848582E+03
    0.332861244248030204E+02    0.505495452724013994E+01    0.644430856085855930E+00   -0.255393045551467623E+03
    0.330934654997821767E+02    0.518615912445795768E+01    0.642355911068948959E+00   -0.255391494624783547E+03
    0.330934654997821767E+02    0.518615912445795768E+01    0.642355911068948959E+00   -0.255391494624783547E+03
    0.334668142547980025E+02    0.489047767025019908E+01    0.699817032629066471E+00   -0.255391423078729417E+03
    0.333660000952323372E+02    0.496723373599120777E+01    0.712658844846170147E+00   -0.255391280924011454E+03
    0.334425537498650272E+02    0.489117397114186581E+01    0.721883549911118916E+00   -0.255391132194317123E+03
    0.332773961280250177E+02    0.506384016478595100E+01    0.646832044459206501E+00   -0.255390173121810875E+03
    0.332881802305132126E+02    0.501331935897444581E+01    0.711918877734131317E+00   -0.255389570898502342E+03
    0.332881802305132126E+02    0.501331935897444581E+01    0.711918877734131317E+00   -0.255389570898502342E+03
    0.331681353878027423E+02    0.511628025060624747E+01    0.678619589857800354E+00   -0.255389331892870558E+03
    0.333422603373433546E+02    0.496761665197475111E+01    0.723033381609030634E+00   -0.255389291077406682E+03
    0.333016987869276946E+02    0.504375051695955090E+01    0.649993667908916106E+00   -0.255388994090110629E+03
    0.334797873119244471E+02    0.487867396085943472E+01    0.721402192175453871E+00   -0.255388707577773573E+03
    0.334121497791092779E+02    0.491851118987638536E+01    0.706070521000558005E+00   -0.255388109312208968E+03
    0.333782806806673662E+02    0.493656220415912106E+01    0.722050219045052732E+00   -0.255387174971400441E+03
    0.334770634876626474E+02    0.488498176308861964E+01    0.702152431947711042E+00   -0.255387013238436111E+03
    0.334770634876626474E+02    0.488498176308861964E+01    0.702152431947711042E+00   -0.255387013238436111E+03
    0.331878638053591004E+02    0.510045270379026139E+01    0.660888108587968093E+00   -0.255386691524883730E+03
    0.333901260025434965E+02    0.496773357871989596E+01    0.680581430608547144E+00   -0.255386411966068550E+03
    0.334470509653895505E+02    0.488736069377596483E+01    0.724530930748452651E+00   -0.255385842518118011E+03
    0.334851914010930898E+02    0.487863728445801748E+01    0.707404288511252144E+00   -0.255385813521754272E+03
    0.334656571012335462E+02    0.487667047276112253E+01    0.734991425520949870E+00   -0.255385579538330973E+03
    0.334510972282979893E+02    0.489053649062676765E+01    0.711619451309902340E+00   -0.255385294354001275E+03
    0.330971857744780493E+02    0.518991974469177819E+01    0.631804743350657949E+00   -0.255385226943505501E+03
    0.334357533797988680E+02    0.489629393410666935E+01    0.734806946557250318E+00   -0.255384482094765218E+03
    0.332126830840916512E+02    0.511481063635335520E+01    0.638490865409750530E+00   -0.255384170106121928E+03
    0.333104380335705628E+02    0.501113715529216819E+01    0.703518603658179087E+00   -0.255383908459614076E+03
    0.332857686623405087E+02    0.501198546183263627E+01    0.696231425331605536E+00   -0.255383858123815855E+03
    0.331951831492641389E+02    0.510037625509832893E+01    0.652306397405642002E+00   -0.255383288107769033E+03
    0.334839189717358821E+02    0.487820250541140954E+01    0.715600096170244671E+00   -0.255383224202102895E+03
    0.331089747530579004E+02    0.518838495562794932E+01    0.629400460318421118E+00   -0.255383028180530630E+03
    0.334977960458599071E+02    0.486074708246036202E+01    0.723403965649640823E+00   -0.255382517810631015E+03
    0.333375708882848301E+02    0.498410612519317109E+01    0.679269165290657173E+00   -0.255381681667301535E+03
    0.333375708882848301E+02    0.498410612519317109E+01    0.679269165290657173E+00   -0.255381681667301535E+03
    0.331992700000505252E+02    0.510909712835891483E+01    0.669075447209959373E+00   -0.255381623911685864E+03
    0.334798243887763292E+02    0.487005723624476605E+01    0.717717653854340831E+00   -0.255381503598056327E+03
    0.333920838414005914E+02    0.496714479836048461E+01    0.674100816227458877E+00   -0.255381199876600050E+03
    0.331954147831370179E+02    0.512404577976425823E+01    0.648287938583247181E+00   -0.255381039773693288E+03
    0.331152502908817183E+02    0.517263439367093625E+01    0.651327208096909693E+00   -0.255380940937081022E+03
    0.332745324951272465E+02    0.506516641073707063E+01    0.643433431955323210E+00   -0.255380650639359231E+03
    0.332975215065518384E+02    0.502813130314753387E+01    0.692550754922270140E+00   -0.255379929252231250E+03
    0.331935095493752215E+02    0.512616286303857382E+01    0.630023916473888335E+00   -0.255379850470023371E+03
    0.331756505963078752E+02    0.513848934321802098E+01    0.628429922965279886E+00   -0.255379628358700018E+03
    0.331652681674660244E+02    0.514063504361023860E+01    0.630587653636386358E+00   -0.255379598653202976E+03
    0.332172281096169542E+02    0.510184164095997872E+01    0.662163615202189471E+00   -0.255379267382561181E+03
    0.332229305004060222E+02    0.508151536607159215E+01    0.685030578117377109E+00   -0.255378708274326073E+03
    0.331612929808810435E+02    0.512123431739805390E+01    0.676302375694683544E+00   -0.255378591083852314E+03
    0.331612929808810435E+02    0.512123431739805390E+01    0.676302375694683544E+00   -0.255378591083852314E+03
    0.332239418667795405E+02    0.510603813776533677E+01    0.637436630442995145E+00   -0.255378546553328050E+03
    0.333162299643324999E+02    0.503151399026752699E+01    0.652965172123858628E+00   -0.255378490046744474E+03
    0.333018357954282251E+02    0.504003929083425728E+01    0.666599332393298383E+00   -0.255378443167490275E+03
    0.332356635771735469E+02    0.506803508704154471E+01    0.657863205401420958E+00   -0.255377868133940268E+03
    0.331806284039174955E+02    0.513886182881053788E+01    0.635172750507871697E+00   -0.255377089317533517E+03
    0.334013928160985714E+02    0.494942360747555554E+01    0.702089592521856876E+00   -0.255376803208587745E+03
    0.331242365802186640E+02    0.515582019344800635E+01    0.661648175639819147E+00   -0.255375515679972580E+03
    0.331242365802186640E+02    0.515582019344800635E+01    0.661648175639819147E+00   -0.255375515679972580E+03
    0.331897678688273956E+02    0.511791932394370352E+01    0.636110480363619168E+00   -0.255375361072789104E+03
    0.332397040159447812E+02    0.505178831925062077E+01    0.682179560639295302E+00   -0.255374764612991356E+03
    0.333166142316483587E+02    0.498589689208933784E+01    0.706684024370638153E+00   -0.255374307957715018E+03
    0.331058600731816526E+02    0.517364604229989311E+01    0.652365432367089326E+00   -0.255374231463303602E+03
    0.334411465061356665E+02    0.492241885512180044E+01    0.688145925149354576E+00   -0.255374187832753677E+03
    0.334558738075049860E+02    0.488105445980315444E+01    0.734296981466569854E+00   -0.255373924669822230E+03
    0.332460286214075040E+02    0.507537760986124908E+01    0.673639422807003063E+00   -0.255373274742824663E+03
    0.333456310455980969E+02    0.500705661338965324E+01    0.663746511377746318E+00   -0.255373269382616513E+03
    0.333519095997409138E+02    0.500139922198323017E+01    0.667527380505906431E+00   -0.255373139548875571E+03
    0.334873588257066714E+02    0.486217941824434519E+01    0.726142494856327980E+00   -0.255372767587097655E+03
    0.334113574421705977E+02    0.492068216849486539E+01    0.703310108823547164E+00   -0.255372764290706499E+03
    0.331684986978685004E+02    0.511800727293894653E+01    0.655634510138446203E+00   -0.255372568619359527E+03
    0.332091913628206967E+02    0.507703132584944239E+01    0.691066312946266859E+00   -0.255372512518220589E+03
    0.334306139760334347E+02    0.491487722468676314E+01    0.694109241802711718E+00   -0.255372421797463431E+03
    0.334306139760334347E+02    0.491487722468676314E+01    0.694109241802711718E+00   -0.255372421797463431E+03
    0.331607832643018341E+02    0.514450791468877178E+01    0.630038382197817159E+00   -0.255372396897734490E+03
    0.334802129201450569E+02    0.486731305381950996E+01    0.732936705238507402E+00   -0.255372252998857476E+03
    0.332868048258176259E+02    0.504620097842880710E+01    0.646704007093986677E+00   -0.255371812888212958E+03
    0.332210876073406993E+02    0.508014008518188653E+01    0.687474923297614948E+00   -0.255371736404668781E+03
    0.332210876073406993E+02    0.508014008518188653E+01    0.687474923297614948E+00   -0.255371736404668781E+03
    0.331340875303629190E+02    0.515335225310651435E+01    0.661413268012497113E+00   -0.255371439267819369E+03
    0.333931465582515230E+02    0.492585558231207887E+01    0.721502791937461030E+00   -0.255371233088944990E+03
    0.333797458499752935E+02    0.494613450261442900E+01    0.695243977072006469E+00   -0.255370828246239654E+03
    0.332796741053887501E+02    0.505727572945715576E+01    0.643204230208963446E+00   -0.255369736267255433E+03
    0.333840576061289553E+02    0.493237494922620012E+01    0.724894072859191274E+00   -0.255369173175017380E+03
    0.333655856645949456E+02    0.495015024738682641E+01    0.706716478348778376E+00   -0.255369078397215304E+03
    0.334185004696432060E+02    0.491340961690257672E+01    0.731792371867134306E+00   -0.255368892166382579E+03
    0.334302395684927873E+02    0.490860058653497333E+01    0.703411773289177811E+00   -0.255367764370127446E+03
    0.333025189087385129E+02    0.504258394204850102E+01    0.649947132961660845E+00   -0.255367560526581400E+03
    0.331468485204179260E+02    0.513245315015465664E+01    0.670158636298458954E+00   -0.255367411228230566E+03
    0.333325785367092209E+02    0.499538279812385788E+01    0.668767391195482785E+00   -0.255367226979394331E+03
    0.332830827233378344E+02    0.505463853848916234E+01    0.664211857528683614E+00   -0.255365251268978113E+03
    0.332653678657413963E+02    0.502933113804944742E+01    0.705782311729535650E+00   -0.255364474397452540E+03
    0.332653678657413963E+02    0.502933113804944742E+01    0.705782311729535650E+00   -0.255364474397452540E+03
    0.333050807223706897E+02    0.503859647931821364E+01    0.648551284098457748E+00   -0.255364270902994775E+03
    0.333575422552269174E+02    0.499393991887703237E+01    0.677390037012565172E+00   -0.255363565461186397E+03
    0.332939746237683423E+02    0.504435673595972656E+01    0.669434568180002909E+00   -0.255363288921918752E+03
    0.332903882759229504E+02    0.505212996645607859E+01    0.646912894403607552E+00   -0.255362876799319196E+03
    0.331111292828430805E+02    0.517692036163013736E+01    0.648299327391906877E+00   -0.255362200350890305E+03
    0.331111292828430805E+02    0.517692036163013736E+01    0.648299327391906877E+00   -0.255362200350890305E+03
    0.333177002429509201E+02    0.500995841881122850E+01    0.698780883785439899E+00   -0.255361088047922152E+03
    0.333177002429509201E+02    0.500995841881122850E+01    0.698780883785439899E+00   -0.255361088047922152E+03
    0.331000061360413298E+02    0.518875069672530298E+01    0.631552335250697983E+00   -0.255360862430178685E+03
    0.333347813247421811E+02    0.497172994406551272E+01    0.719570713159023656E+00   -0.255360722595579205E+03
    0.332424632645207225E+02    0.509115792672013079E+01    0.644172080597106400E+00   -0.255360138363204129E+03
    0.331119464919255080E+02    0.517350298102770800E+01    0.637138847543520792E+00   -0.255359374852265972E+03
    0.334596724608298217E+02    0.487906290636335882E+01    0.733973268517144062E+00   -0.255359368298544581E+03
    0.332433854142343392E+02    0.507350801779974603E+01    0.678796743112967560E+00   -0.255359130718687140E+03
    0.332042045892365252E+02    0.508498362804297876E+01    0.667703758502746547E+00   -0.255358822811127226E+03
    0.333749638388826497E+02    0.495771422101568682E+01    0.716512222460533699E+00   -0.255358788376695429E+03
    0.334657304983657298E+02    0.488211634114107085E+01    0.711578915568484738E+00   -0.255358758158021232E+03
    0.334284727093732528E+02    0.490832013614076246E+01    0.730651555486642623E+00   -0.255358680566448925E+03
    0.331213292761107923E+02    0.515747145256777628E+01    0.659506228993980259E+00   -0.255358595538983707E+03
    0.331471075965371398E+02    0.516061269451751592E+01    0.627104959715250487E+00   -0.255358058705584057E+03
    0.331996384616444118E+02    0.510769935207731596E+01    0.639856114236909912E+00   -0.255357710528295740E+03
    0.331842368840254949E+02    0.511866724681605856E+01    0.668476969999991177E+00   -0.255356990578257978E+03
    0.332955469399142814E+02    0.503963929277885025E+01    0.648280860766619837E+00   -0.255356966902006775E+03
    0.331781462049471187E+02    0.513893549787663595E+01    0.629398346927059316E+00   -0.255356443279045692E+03
    0.331694225134002068E+02    0.511719963089469765E+01    0.656134908211373213E+00   -0.255356053653681954E+03
    0.332446265256032092E+02    0.507720464475674049E+01    0.672022648788894283E+00   -0.255355617626678480E+03
    0.331863080368306100E+02    0.509655895454627839E+01    0.673759779017657823E+00   -0.255355606332569835E+03
    0.332205456448569549E+02    0.510561797800240935E+01    0.649617874878898216E+00   -0.255354987989162254E+03
    0.333142595408843150E+02    0.501966838227079926E+01    0.655482255131478841E+00   -0.255354982868737324E+03
    0.333569127964834706E+02    0.499527305440939173E+01    0.660808329914921000E+00   -0.255354957289336312E+03
    0.332725592920606346E+02    0.503530303071611485E+01    0.702050332055365045E+00   -0.255354640629013801E+03
    0.333233377494724010E+02    0.502553116191576521E+01    0.659017743635722297E+00   -0.255354596486440556E+03
    0.332827486545984357E+02    0.502514821418120317E+01    0.705898833764353473E+00   -0.255354097720036464E+03
    0.332143801863837425E+02    0.510907900046447949E+01    0.633113416791849959E+00   -0.255353804838088422E+03
    0.332138138510084104E+02    0.507156469630644313E+01    0.685535617273568709E+00   -0.255353722531020765E+03
    0.332957103698382326E+02    0.504685079555723348E+01    0.659947774230718043E+00   -0.255353674375910543E+03
    0.334743024218633849E+02    0.486921400886454325E+01    0.730540332466287579E+00   -0.255353435463149481E+03
    0.331551439630486584E+02    0.512536208721365316E+01    0.673057625146609828E+00   -0.255353070118767022E+03
    0.334740854281653810E+02    0.487551814172388021E+01    0.730344157202991173E+00   -0.255352969681413185E+03
    0.333190804679238681E+02    0.502444313164704326E+01    0.672861758610504346E+00   -0.255352634039891512E+03
    0.333820475493189477E+02    0.497383228345455031E+01    0.667749235169622812E+00   -0.255352029184581568E+03
    0.333188578208301678E+02    0.500085355002938403E+01    0.673347570213939650E+00   -0.255352027851548428E+03
    0.332797933580648646E+02    0.502731748284158986E+01    0.673463362726238635E+00   -0.255351553688177347E+03
    0.331713052957162375E+02    0.514168315000179454E+01    0.645101826634364883E+00   -0.255351254521802559E+03
    0.334593163226300305E+02    0.490406314259442588E+01    0.695127891067413795E+00   -0.255350774477839792E+03
    0.333550722627025635E+02    0.499816145229417508E+01    0.661919510960475854E+00   -0.255349840264141051E+03
    0.334416766378402386E+02    0.490099294704983279E+01    0.728875434040700765E+00   -0.255349139503902762E+03
    0.333763252087127569E+02    0.494035048655943676E+01    0.713267421427451254E+00   -0.255348673479762482E+03
    0.333849501780729412E+02    0.495539129175722870E+01    0.678203764711735269E+00   -0.255348568931498107E+03
    0.331976941356571871E+02    0.511436058559666407E+01    0.662431113771225655E+00   -0.255348111135503785E+03
    0.332131476739095319E+02    0.509368738386307207E+01    0.677402812500532026E+00   -0.255348044641207622E+03
    0.334853472677234834E+02    0.487175519822271763E+01    0.712493284832055762E+00   -0.255347275065392978E+03
    0.331220369256405291E+02    0.517383242974532198E+01    0.629152702129344377E+00   -0.255346667200571005E+03
    0.331648621342320808E+02    0.512306301935376762E+01    0.652089703741109528E+00   -0.255346662699981835E+03
    0.331885116415690220E+02    0.510676462800577546E+01    0.650488838856552842E+00   -0.255346226568359754E+03
    0.332177539694138915E+02    0.506931314069823280E+01    0.681380746899770573E+00   -0.255346225699402481E+03
    0.332615002771674000E+02    0.504087819313064855E+01    0.672338132792587695E+00   -0.255345630304256957E+03
    0.332896610122009093E+02    0.505306659773961009E+01    0.648628712596285961E+00   -0.255345591351454857E+03
    0.332003696870250167E+02    0.512117179379752940E+01    0.631638610142564616E+00   -0.255344931986468140E+03
    0.332227664514596910E+02    0.507293351952636407E+01    0.664881161391159048E+00   -0.255344820173940207E+03
    0.334193928458273746E+02    0.494143507448692532E+01    0.687987170227479683E+00   -0.255344722797773414E+03
    0.334800772599024867E+02    0.486651066845813585E+01    0.727524479250288847E+00   -0.255344685222562305E+03
    0.332771694459666350E+02    0.502703962555095618E+01    0.706476137520017033E+00   -0.255344330310607063E+03
    0.334673379675172171E+02    0.489652472520839677E+01    0.701641768243717601E+00   -0.255344201908285839E+03
    0.333573854665357317E+02    0.497373811045183345E+01    0.676406322814941063E+00   -0.255344088968903776E+03
    0.331934939583094391E+02    0.511228900455400392E+01    0.669160340711230539E+00   -0.255343343136033894E+03
    0.333107124258092924E+02    0.499106704641310550E+01    0.714043500359896499E+00   -0.255343090838681547E+03
    0.333920978962603243E+02    0.495631687708213242E+01    0.701381442831787716E+00   -0.255342826797416137E+03
    0.331149836873683086E+02    0.518284973675397431E+01    0.628766020962506778E+00   -0.255342761796591844E+03
    0.331617802203538830E+02    0.512523662024309345E+01    0.673819376868486697E+00   -0.255342140114860825E+03
    0.333727973017716550E+02    0.496204217710888074E+01    0.679049120801534123E+00   -0.255342081495568181E+03
    0.332125500874006505E+02    0.508367337880815739E+01    0.659333994355628450E+00   -0.255342035597437899E+03
    0.331275057000672604E+02    0.515153220400965139E+01    0.661462014510698637E+00   -0.255341286399039035E+03
    0.332686659213488056E+02    0.503847176601622593E+01    0.700988642196062273E+00   -0.255339936102613592E+03
    0.334889053089185467E+02    0.486415109622349373E+01    0.727713161635187289E+00   -0.255339219395009025E+03
    0.332899744464282037E+02    0.501750388598155439E+01    0.678200005432122555E+00   -0.255338986866927939E+03
    0.333309913972984617E+02    0.501427445503548164E+01    0.675747775337330214E+00   -0.255338947908919522E+03
    0.331790483627150294E+02    0.510458931347099210E+01    0.681128428495714089E+00   -0.255336804197591846E+03
    0.331797401625491872E+02    0.511200844918660025E+01    0.677890823565937772E+00   -0.255336492012692673E+03
    0.332716803857171470E+02    0.502267682485136824E+01    0.703565718369058457E+00   -0.255336462465777004E+03
    0.334792516742778261E+02    0.487711176198653806E+01    0.709504593284681295E+00   -0.255335261790031808E+03
    0.332265718425683616E+02    0.510260531179426469E+01    0.644988118238331576E+00   -0.255334415363569946E+03
    0.334000255518021874E+02    0.492088268635033899E+01    0.725922657081791378E+00   -0.255334028339658715E+03
    0.331159674553893169E+02    0.518242112979436698E+01    0.629728325454217752E+00   -0.255333308283074444E+03
    0.333020629486670998E+02    0.503851470500434040E+01    0.648342032502049914E+00   -0.255332815242386175E+03
    0.334730236921693418E+02    0.488806629822606631E+01    0.702277717216900799E+00   -0.255332740805351449E+03
    0.331463876754252169E+02    0.514321687985551534E+01    0.664616591039948856E+00   -0.255331695314469840E+03
    0.331397846076421700E+02    0.514757548556119016E+01    0.663462983829420261E+00   -0.255331502643190589E+03
    0.332467913479688946E+02    0.508572627252182308E+01    0.651584214352092017E+00   -0.255330725496778456E+03
    0.334812941455911286E+02    0.488017592850684068E+01    0.707524062932030073E+00   -0.255330721963725665E+03
    0.331208123685416069E+02    0.515887165020446847E+01    0.651031855116048330E+00   -0.255330541877779808E+03
    0.332047359181820525E+02    0.512010991186922748E+01    0.636634524813885494E+00   -0.255329964692241191E+03
    0.334777556863682548E+02    0.488508433850407719E+01    0.707118877971550930E+00   -0.255329056637759010E+03
    0.333950728506588206E+02    0.495935010342197025E+01    0.691074633775044522E+00   -0.255328675669743319E+03
    0.331054314099889524E+02    0.517556938568139113E+01    0.649307632841065629E+00   -0.255328449098226770E+03
    0.333787960502185967E+02    0.496455602113337768E+01    0.703294163867078215E+00   -0.255328080192300092E+03
    0.334002243151139027E+02    0.492864873799280456E+01    0.702855441355534016E+00   -0.255328052197396971E+03
    0.332444702977913167E+02    0.506161855836120900E+01    0.691993938276794340E+00   -0.255327973047303004E+03
    0.331069767517184275E+02    0.518454401982058055E+01    0.631160475825272127E+00   -0.255327848735156522E+03
    0.332319060379832720E+02    0.506711268016211225E+01    0.693260850514907156E+00   -0.255327536523926000E+03
    0.334759638248484492E+02    0.488479907456919094E+01    0.704332735251923525E+00   -0.255327231335152305E+03
    0.333264389708994457E+02    0.501572610716669587E+01    0.654522357456629789E+00   -0.255326693974076363E+03
    0.333046681872168264E+02    0.500612426740663619E+01    0.711155491827301423E+00   -0.255325874840299917E+03
    0.331839081787346259E+02    0.509985638298630395E+01    0.670496178524602970E+00   -0.255324555310184707E+03
    0.332004125583917897E+02    0.511496903674798986E+01    0.633882892675715404E+00   -0.255324517753862693E+03
    0.330976976935242888E+02    0.518606152204536919E+01    0.639814275402625032E+00   -0.255324465339992940E+03
    0.332223571190897644E+02    0.509860284324623247E+01    0.660933434800319408E+00   -0.255324265007460383E+03
    0.332502103117537899E+02    0.508077327026144143E+01    0.657755515797443180E+00   -0.255324095683840113E+03
    0.334835854783135716E+02    0.487401523093423172E+01    0.721448371892516427E+00   -0.255323150351354570E+03
    0.334659125307475307E+02    0.489735657000942837E+01    0.700864675644692126E+00   -0.255322940390933667E+03
    0.333905603806101254E+02    0.494788543999020547E+01    0.715163597348153046E+00   -0.255322602537892351E+03
    0.334058324230988433E+02    0.491995987764484788E+01    0.713345767170629586E+00   -0.255322492424968090E+03
    0.331908761902755103E+02    0.509214741230546863E+01    0.680529102236732242E+00   -0.255322480649101806E+03
    0.331032664811811941E+02    0.518827031488120127E+01    0.632546717658438951E+00   -0.255321939217420464E+03
    0.334819125772402657E+02    0.486675929976107557E+01    0.729095615278052778E+00   -0.255320048197118979E+03
    0.334609925575454099E+02    0.490218703581981519E+01    0.698310686406379277E+00   -0.255319854197119582E+03
    0.332672739932026431E+02    0.502645573257101574E+01    0.700540007003093712E+00   -0.255319507563458018E+03
    0.333712219933554124E+02    0.496476421904010845E+01    0.677220305614142815E+00   -0.255319431208955223E+03
    0.333691141612000024E+02    0.498476863269784154E+01    0.665047314436678083E+00   -0.255319191097330105E+03
    0.332087857036762273E+02    0.510991833993316114E+01    0.657043127907458446E+00   -0.255318928391849653E+03
    0.334680829107681745E+02    0.488856837156263957E+01    0.718757061951657672E+00   -0.255318761613332640E+03
    0.332600183238684295E+02    0.506730190932143287E+01    0.670576754339988979E+00   -0.255318564571907160E+03
    0.331930154761701743E+02    0.511469314306774692E+01    0.637859088317809797E+00   -0.255317971293260513E+03
    0.331247243306549066E+02    0.517189662764253821E+01    0.643646020305132849E+00   -0.255317752263011954E+03
    0.334189192264948360E+02    0.491256282621608165E+01    0.710322438813314472E+00   -0.255317639266103555E+03
    0.334869626723069658E+02    0.486662773231138424E+01    0.720215862786525829E+00   -0.255317351713344237E+03
    0.331205545169857416E+02    0.516830079790245644E+01    0.636105975856871009E+00   -0.255316916289047725E+03
    0.331193501895066476E+02    0.516023578681710671E+01    0.656407210718219059E+00   -0.255316810933965058E+03
    0.332463774393423535E+02    0.505259776343217837E+01    0.671132135985617828E+00   -0.255315777122651241E+03
    0.333363910314650269E+02    0.500925457642712502E+01    0.677605748438345645E+00   -0.255315753702893716E+03
    0.332423162300090880E+02    0.506714720508322447E+01    0.653746027024798559E+00   -0.255315443608444212E+03
    0.331090609252234742E+02    0.518421681699008463E+01    0.630993966420720254E+00   -0.255314480441028138E+03
    0.334078929685140196E+02    0.494110429058772116E+01    0.680347476969460185E+00   -0.255313552871716752E+03
    0.332212269098804072E+02    0.506631673939307081E+01    0.691896554682979836E+00   -0.255313309061696771E+03
    0.334426202042452800E+02    0.491161102486246204E+01    0.691786530215694029E+00   -0.255312896739926686E+03
    0.332313407713377131E+02    0.506931321143963665E+01    0.661246641793973300E+00   -0.255312517776300609E+03
    0.334536675283267613E+02    0.490846178616643947E+01    0.701180483156995216E+00   -0.255312378740627793E+03
    0.334212883140007051E+02    0.493977639215134090E+01    0.684040920967936450E+00   -0.255311690755117382E+03
    0.332292235543553005E+02    0.505885140559631097E+01    0.691712192088334232E+00   -0.255311207278551819E+03
    0.333868695890624423E+02    0.494723359629571391E+01    0.718798760359839806E+00   -0.255311148525052516E+03
    0.332940754798010587E+02    0.500998392083609634E+01    0.711362578398369250E+00   -0.255311101496570046E+03
    0.333269853432278325E+02    0.502179927685138505E+01    0.657526318277203647E+00   -0.255311012971085290E+03
    0.333394220940809376E+02    0.496903194124832659E+01    0.719769244833362243E+00   -0.255311002816310122E+03
    0.331593678390454585E+02    0.512543257731772250E+01    0.673319039583692325E+00   -0.255310504168988331E+03
    0.332326616500725507E+02    0.505974057232174346E+01    0.677131262907436193E+00   -0.255310102419552607E+03
    0.332010987415133982E+02    0.509807484818979084E+01    0.680007666715391812E+00   -0.255310016534910318E+03
    0.331225631004604182E+02    0.517492243577021060E+01    0.640325087864264675E+00   -0.255310007032457776E+03
    0.332623557034981872E+02    0.506119939004766195E+01    0.677817315741599646E+00   -0.255309916694570489E+03
    0.332745139960643286E+02    0.506401501381196884E+01    0.654483180622189797E+00   -0.255308660262578172E+03
    0.333147063116865922E+02    0.499733745207057289E+01    0.713435779479887344E+00   -0.255308478538145607E+03
    0.332331708618645649E+02    0.508635771368349143E+01    0.640404266140460310E+00   -0.255307907957892127E+03
    0.330993490682951830E+02    0.518581916293542911E+01    0.639447938213325351E+00   -0.255307651148664235E+03
    0.331932047114088036E+02    0.512662392540551881E+01    0.631894927597398848E+00   -0.255307439477497013E+03
    0.332220606778055441E+02    0.508248904808747248E+01    0.651912270737638799E+00   -0.255307258372722288E+03
    0.333011136768574474E+02    0.503163370381022723E+01    0.682730535027167296E+00   -0.255307188167161485E+03
    0.333351766484946737E+02    0.497132334610328819E+01    0.714669197720864680E+00   -0.255307068852433986E+03
    0.331907431784708962E+02    0.510322015358270153E+01    0.653911448446176768E+00   -0.255306932625427180E+03
    0.332453601151647504E+02    0.507169328828014976E+01    0.678893446158618685E+00   -0.255306799354833032E+03
    0.331243661762999508E+02    0.517149035276601765E+01    0.630539897165201202E+00   -0.255306679242573153E+03
    0.333231725528106182E+02    0.498355709560017424E+01    0.717540271252170458E+00   -0.255306057404209440E+03
    0.334351837506623184E+02    0.492022310881370828E+01    0.707932341875664561E+00   -0.255306048992942664E+03
    0.332926999383792719E+02    0.500569121189937682E+01    0.704375373316151743E+00   -0.255305566154850453E+03
    0.331433396760655938E+02    0.515726295220294340E+01    0.630664455026622273E+00   -0.255304841326346320E+03
    0.334818691806095359E+02    0.487049395788575268E+01    0.726991328915254309E+00   -0.255304706576446762E+03
    0.333587561886526416E+02    0.495282825618694833E+01    0.718705120888238569E+00   -0.255304261714107554E+03
    0.331711586462093777E+02    0.512302384473238703E+01    0.645898528659195392E+00   -0.255303234815951328E+03
    0.334224286123406813E+02    0.492445493419715152E+01    0.716228743755068953E+00   -0.255303218790623760E+03
    0.333448194177945680E+02    0.496543674425713810E+01    0.721075152707371991E+00   -0.255302979686721841E+03
    0.331261189242313350E+02    0.517501493068779883E+01    0.629801143986149725E+00   -0.255302385746276315E+03
    0.334263732470785868E+02    0.490270096624569263E+01    0.730460727339256599E+00   -0.255302011709535918E+03
    0.332409402766364295E+02    0.507564723511238025E+01    0.677320334006722757E+00   -0.255301564357844001E+03
    0.334557783261700621E+02    0.489680667658304536E+01    0.700457178370300637E+00   -0.255301285348857704E+03
    0.334192298636555023E+02    0.493016681555806890E+01    0.711166734759660746E+00   -0.255301244355873422E+03
    0.332689401339878330E+02    0.506462514248609441E+01    0.642710285709281126E+00   -0.255300684728601254E+03
    0.331449877926786627E+02    0.515297845061830095E+01    0.653593691046399972E+00   -0.255300677085666166E+03
    0.332077778905671295E+02    0.508501219043956620E+01    0.663559277974871131E+00   -0.255300557446745501E+03
    0.331301517159662353E+02    0.516851637456322344E+01    0.629776871466878108E+00   -0.255300373579819450E+03
    0.332059777893706638E+02    0.511597916440015155E+01    0.633260771509286391E+00   -0.255300024512471083E+03
    0.334512413663015806E+02    0.489524431641436841E+01    0.726705939615757024E+00   -0.255299850664825385E+03
    0.334640016775898204E+02    0.488028881587604157E+01    0.718267122859064688E+00   -0.255299795665565455E+03
    0.333369740497942502E+02    0.497003371576460751E+01    0.713951359643529404E+00   -0.255299406010212039E+03
    0.332006213890397817E+02    0.508614894278580820E+01    0.672703044220621438E+00   -0.255299066046782656E+03
    0.334451474788442340E+02    0.488929743121527771E+01    0.729957352735025600E+00   -0.255298965539588210E+03
    0.333291645709180671E+02    0.499203772960225045E+01    0.676816215797846565E+00   -0.255298544505302090E+03
    0.333936770021633293E+02    0.494220779933984300E+01    0.719138029666450906E+00   -0.255298516947290722E+03
    0.332240100292669496E+02    0.510073728832461093E+01    0.654041599664932471E+00   -0.255298283609655812E+03
    0.331083702222854015E+02    0.518506525101071514E+01    0.633042449430380239E+00   -0.255298202208828201E+03
    0.333003342473728168E+02    0.504063440845257471E+01    0.648676796328490513E+00   -0.255297108239418037E+03
    0.333592319005631879E+02    0.496466256707274134E+01    0.688141564603138467E+00   -0.255296790199570864E+03
    0.333046297105421232E+02    0.503034608895084290E+01    0.652104531730670400E+00   -0.255296490335687082E+03
    0.332872120249176220E+02    0.502254305303139326E+01    0.673584462719130639E+00   -0.255296154317894974E+03
    0.332812296475427090E+02    0.502831730940276778E+01    0.703143737071854957E+00   -0.255295989786868262E+03
    0.334211984076502873E+02    0.490605124582275653E+01    0.726577236710823193E+00   -0.255295925418638262E+03
    0.331747278230716915E+02    0.510967408613424023E+01    0.664601027946431389E+00   -0.255295839198947959E+03
    0.331130505464047431E+02    0.518215553792169636E+01    0.631350847803288318E+00   -0.255295688123217502E+03
    0.334219381635627144E+02    0.493631410255926628E+01    0.681299206333752405E+00   -0.255295439893354967E+03
    0.333378312098000293E+02    0.500889040590205781E+01    0.675593367731068928E+00   -0.255294920230833270E+03
    0.333969399871045312E+02    0.494950773295705915E+01    0.706080003321900129E+00   -0.255294431480627225E+03
    0.333806278684158997E+02    0.493751432018208725E+01    0.726361979182244211E+00   -0.255294270897159947E+03
    0.333798016865338525E+02    0.495173364043905906E+01    0.687486907573590988E+00   -0.255294006449409892E+03
    0.334795973012630839E+02    0.487132452717988151E+01    0.719011431630417031E+00   -0.255293972680493368E+03
    0.334873116343145654E+02    0.486748981234953781E+01    0.721108210260663185E+00   -0.255293719632100448E+03
    0.332903699551326326E+02    0.504422081774644049E+01    0.673661694621568108E+00   -0.255293658747682997E+03
    0.332479619495933818E+02    0.507203699247371098E+01    0.644934264793126877E+00   -0.255293609372549270E+03
    0.333946583652991578E+02    0.494206991412303687E+01    0.718453300014025187E+00   -0.255293312258651014E+03
    0.332772370265066542E+02    0.502750646665967693E+01    0.676996584239871746E+00   -0.255293311457674093E+03
    0.332450114350651802E+02    0.505753474259563074E+01    0.695056299728272986E+00   -0.255293038862696164E+03
    0.333808797509667912E+02    0.494074679930479732E+01    0.705412082496072124E+00   -0.255292338486609736E+03
    0.331563315153264213E+02    0.515051697702591049E+01    0.645925141861160235E+00   -0.255292185111724365E+03
    0.332268924696100356E+02    0.506162899184609394E+01    0.685390054234350732E+00   -0.255292182907783655E+03
    0.331225805639235489E+02    0.516733738597473291E+01    0.651045545064956377E+00   -0.255292123052390565E+03
    0.333961353269829715E+02    0.496121394989512154E+01    0.673901897634817004E+00   -0.255290504916922259E+03
    0.334516886997683685E+02    0.488942116258923853E+01    0.715226847205907346E+00   -0.255290471436343609E+03
    0.333129319922547822E+02    0.503262302747929180E+01    0.661374271875440511E+00   -0.255290114957312312E+03
    0.331193182937477744E+02    0.517513645779413611E+01    0.631364402767403021E+00   -0.255289657755872753E+03
    0.334562117549741060E+02    0.490252775117710460E+01    0.709879125209462725E+00   -0.255289649783758989E+03
    0.333269165921274748E+02    0.497888883062559273E+01    0.707202169871313124E+00   -0.255289108780574594E+03
    0.334095357256106951E+02    0.494713434819783782E+01    0.677252080802579148E+00   -0.255288182907685837E+03
    0.333047932557028759E+02    0.500168481103922602E+01    0.689158373761616816E+00   -0.255287897224098401E+03
    0.332490966804946737E+02    0.504467093363254104E+01    0.684335516493506768E+00   -0.255287718798511520E+03
    0.333186533717108802E+02    0.499762024929975013E+01    0.711133471513399229E+00   -0.255287419154361231E+03
    0.333451223896103954E+02    0.498849396410807344E+01    0.668723189458296785E+00   -0.255287326665002297E+03
    0.333991878080242941E+02    0.495504626187373631E+01    0.692746944292956468E+00   -0.255286276021408355E+03
    0.334172471012828822E+02    0.491372878854242323E+01    0.730284443048526466E+00   -0.255285946909392976E+03
    0.333449347970716516E+02    0.500597011295926642E+01    0.661007873553479008E+00   -0.255285410224855525E+03
    0.333205927610574406E+02    0.500101201914125859E+01    0.706499726131284311E+00   -0.255284395428928860E+03
    0.331130490672679016E+02    0.517224650210113879E+01    0.649876221239457430E+00   -0.255284201522742563E+03
    0.334335975536128842E+02    0.489806876758811693E+01    0.723647440040895984E+00   -0.255284109600908778E+03
    0.334393281843148458E+02    0.491276202190691968E+01    0.714810462388223433E+00   -0.255284070238520798E+03
    0.332314888887288262E+02    0.506858721701311943E+01    0.662596285245303562E+00   -0.255284035568406495E+03
    0.332679054214300152E+02    0.502925910937274168E+01    0.687765551374137529E+00   -0.255283936469876068E+03
    0.332398559140497980E+02    0.506655983201461879E+01    0.689127486076115958E+00   -0.255283829378989907E+03
    0.331911395118843799E+02    0.509349184262954324E+01    0.673861502311369542E+00   -0.255283703897940484E+03
    0.333244044317453927E+02    0.501916344641060341E+01    0.654222153833896369E+00   -0.255283669863947296E+03
    0.332106817243953856E+02    0.508863763276834291E+01    0.683674775811858426E+00   -0.255283452998997433E+03
    0.331682160694154149E+02    0.512328944877387116E+01    0.672170501630597328E+00   -0.255283260413688538E+03
    0.331206521610767339E+02    0.517763779421791881E+01    0.630983647120805013E+00   -0.255283060765585674E+03
    0.332199541134088037E+02    0.508309075052586934E+01    0.653354581839259763E+00   -0.255281671059767149E+03
    0.333239836813067072E+02    0.502308509212838139E+01    0.664756488354882213E+00   -0.255281217236991154E+03
    0.333696402643582672E+02    0.494535365771448721E+01    0.723387408227443407E+00   -0.255281173306483851E+03
    0.333529729419560752E+02    0.497716456762385562E+01    0.709756391410192089E+00   -0.255280946929279366E+03
    0.333481982352731094E+02    0.500129890659433052E+01    0.660025066247285963E+00   -0.255280809321688054E+03
    0.334335460684893135E+02    0.489760380613831003E+01    0.727732913895073774E+00   -0.255280488993191625E+03
    0.333341428835519480E+02    0.498909309880597451E+01    0.710079875212997758E+00   -0.255280271292688866E+03
    0.332482518009129961E+02    0.508430919391744585E+01    0.651009517805488658E+00   -0.255279514803955465E+03
    0.334718749866102456E+02    0.488386971450270568E+01    0.720137812479111128E+00   -0.255279429356239802E+03
    0.332874120496383696E+02    0.501076302413688612E+01    0.700288437304354749E+00   -0.255279318759587596E+03
    0.333007128547244022E+02    0.503796154528608398E+01    0.649370992206411035E+00   -0.255279231135799620E+03
    0.332485728058009897E+02    0.505060087550061709E+01    0.698618154585995632E+00   -0.255278917126532036E+03
    0.333897856372593367E+02    0.494611261525035584E+01    0.686799942559720544E+00   -0.255278120751439928E+03
    0.333947176762753344E+02    0.492697311992988318E+01    0.716757019706039222E+00   -0.255278003960651375E+03
    0.334024532877317313E+02    0.495300712713550340E+01    0.675225505486629629E+00   -0.255277991498752840E+03
    0.333709161553040659E+02    0.496579289472854768E+01    0.708760154182808577E+00   -0.255276309851065093E+03
    0.334676164182681219E+02    0.489214885693993118E+01    0.701945366070511723E+00   -0.255276080494903255E+03
    0.331936404667352534E+02    0.511581223055571765E+01    0.637078886120125754E+00   -0.255276062481262699E+03
    0.332004545794829724E+02    0.510755225865839613E+01    0.668735218816079779E+00   -0.255275240166380115E+03
    0.334096671266937761E+02    0.492440910947010480E+01    0.700398273233778124E+00   -0.255275130620481605E+03
    0.331418007065281017E+02    0.515200303949360006E+01    0.656744725634840210E+00   -0.255274763274276921E+03
    0.331611799437154389E+02    0.514942586370393673E+01    0.630144283757746337E+00   -0.255274592089889978E+03
    0.334790746623153836E+02    0.487214470138723144E+01    0.719025617543809448E+00   -0.255273975203470343E+03
    0.331671960705418982E+02    0.513550829410588427E+01    0.658715098486407524E+00   -0.255273612950045987E+03
    0.332178062377466219E+02    0.507460722200017855E+01    0.691149788793756104E+00   -0.255272895605155554E+03
    0.331823452270487138E+02    0.510590087699732464E+01    0.660573951931724190E+00   -0.255272408425157266E+03
    0.332221444171700568E+02    0.510494350083276771E+01    0.636960418363425207E+00   -0.255272390465059402E+03
    0.331806019338322713E+02    0.510273113385021482E+01    0.678511063517379442E+00   -0.255272255295424117E+03
    0.331740056933040250E+02    0.511851662749158809E+01    0.673690150365968687E+00   -0.255272248669847500E+03
    0.334064788930230208E+02    0.494488289096082223E+01    0.701745688963023362E+00   -0.255272133568120381E+03
    0.332207519800534783E+02    0.507167814866120725E+01    0.692106908931080067E+00   -0.255271781833740050E+03
    0.332605922792743698E+02    0.504233138603015352E+01    0.700376372493494492E+00   -0.255271455383119900E+03
    0.332484971221428651E+02    0.505934795843751850E+01    0.658930172149278626E+00   -0.255271298524702871E+03
    0.334702606292777105E+02    0.489073802456082873E+01    0.704235275543683259E+00   -0.255270781417144747E+03
    0.331086127685751421E+02    0.517564247060511917E+01    0.641747772407346151E+00   -0.255270408579059762E+03
    0.331783407782983772E+02    0.510908588542918007E+01    0.660369332548820021E+00   -0.255270051437022204E+03
    0.332172079695450293E+02    0.508810991907098753E+01    0.680086887957107589E+00   -0.255269641864224866E+03
    0.334541812294341838E+02    0.490747051728516581E+01    0.696404932475029659E+00   -0.255269509045384154E+03
    0.332119744052036054E+02    0.507484089200124888E+01    0.687778536499169757E+00   -0.255269132256054604E+03
    0.331731043609853344E+02    0.513453337194984094E+01    0.633090231024135530E+00   -0.255268533304156080E+03
    0.332880067743084496E+02    0.504942258030009761E+01    0.646827405606592132E+00   -0.255268156823082165E+03
    0.333269462373957950E+02    0.501731900232762129E+01    0.655072993389759106E+00   -0.255267619679645975E+03
    0.332267860782856417E+02    0.510063283263528433E+01    0.648573803210057309E+00   -0.255267147007323103E+03
    0.331472357146747854E+02    0.513369240144727268E+01    0.666326335192900077E+00   -0.255267054471352765E+03
    0.333070890085381137E+02    0.503743374988076997E+01    0.658947872416558500E+00   -0.255266165460365443E+03
    0.331653409870160516E+02    0.514614488371322309E+01    0.630567534453057132E+00   -0.255266080766948193E+03
    0.334428021808068721E+02    0.489519679636057781E+01    0.730857696656991296E+00   -0.255265352042183906E+03
    0.333944336297042170E+02    0.494591042628758437E+01    0.683731458541589121E+00   -0.255264442557202784E+03
    0.332539743478163956E+02    0.504596023653088199E+01    0.674061639697723702E+00   -0.255264410870611727E+03
    0.334711052312410473E+02    0.487581415526508533E+01    0.728677453714996259E+00   -0.255264276352708322E+03
    0.332230437862512673E+02    0.506541178593819286E+01    0.683878326286359028E+00   -0.255263727366735623E+03
    0.331920254534191699E+02    0.512815279984148464E+01    0.639769309176169032E+00   -0.255263725853775298E+03
    0.333288251735534118E+02    0.501073295947257158E+01    0.657628956611366888E+00   -0.255263593264073904E+03
    0.332996969378486227E+02    0.502251720426342896E+01    0.696689696525433444E+00   -0.255263399947790390E+03
    0.334186330744268361E+02    0.493814227469896849E+01    0.696441643027717605E+00   -0.255263385145007106E+03
    0.332122381479526823E+02    0.507464891046507471E+01    0.681887604547481541E+00   -0.255262472981073671E+03
    0.333529287133190735E+02    0.495856454049015660E+01    0.720159126703432406E+00   -0.255262394770530676E+03
    0.332304891390291033E+02    0.509905195145684331E+01    0.643615063001415910E+00   -0.255262295033681085E+03
    0.333934632496580619E+02    0.492700906967903229E+01    0.723646672087103870E+00   -0.255262246223233205E+03
    0.332407129493644078E+02    0.507243108849940949E+01    0.681343087037520112E+00   -0.255260592394352813E+03
    0.331482885626387045E+02    0.515962718733165104E+01    0.635071893596985571E+00   -0.255260183272219990E+03
    0.334139820750691996E+02    0.494130485264611075E+01    0.697367436841945132E+00   -0.255259680072266605E+03
    0.331514585666005530E+02    0.515461585647963094E+01    0.630284285939274769E+00   -0.255259141171039005E+03
    0.334207534164391049E+02    0.491101718992828573E+01    0.729927955726608402E+00   -0.255259137997655529E+03
    0.331103258115410313E+02    0.518097760090474058E+01    0.638912481190058834E+00   -0.255257657800700002E+03
    0.332375051273586308E+02    0.508544182979421855E+01    0.664931673311482951E+00   -0.255257184557809524E+03
    0.334026157434671020E+02    0.494300625864790177E+01    0.681974100523044413E+00   -0.255256534202661840E+03
    0.333360893696690752E+02    0.501246022331531282E+01    0.658506871516272407E+00   -0.255256056301781314E+03
    0.332495861472115521E+02    0.504255749362504346E+01    0.691927072319708625E+00   -0.255255036212466734E+03
    0.332078409846044664E+02    0.511644513975336857E+01    0.639196849154306967E+00   -0.255254078128128469E+03
    0.334181770828633233E+02    0.491224653403319245E+01    0.729787967646416291E+00   -0.255253940241051794E+03
    0.334569243585748168E+02    0.488827885290080921E+01    0.728258002411373617E+00   -0.255253915023810606E+03
    0.333562256077958423E+02    0.498880180031094600E+01    0.663866826787127384E+00   -0.255253528475299390E+03
    0.331693689758608770E+02    0.513983369511407417E+01    0.631705282383581812E+00   -0.255253455515099972E+03
    0.332828031412007590E+02    0.504301650765028420E+01    0.683785686976510876E+00   -0.255252378390927987E+03
    0.334101192577145127E+02    0.494419132480793166E+01    0.678820865589942146E+00   -0.255252170367073802E+03
    0.332482817064757157E+02    0.504346427185468116E+01    0.694358302182916054E+00   -0.255252010339860561E+03
    0.331721214942244629E+02    0.512646637806652894E+01    0.641503700270136812E+00   -0.255251665200817570E+03
    0.331350830492195882E+02    0.515170044316440112E+01    0.644685581100567617E+00   -0.255251537045678958E+03
    0.333366693749734111E+02    0.501187887046208402E+01    0.658715269854537766E+00   -0.255251364899628669E+03
    0.331870265761168639E+02    0.513183899817550770E+01    0.638320148669274556E+00   -0.255251346664341270E+03
    0.334124333203989750E+02    0.491856768668393940E+01    0.728515236929683341E+00   -0.255250240860504562E+03
    0.332171011050486129E+02    0.508380246219275467E+01    0.655541970197387136E+00   -0.255249866218663357E+03
    0.333056051556431783E+02    0.503875674023114151E+01    0.655743825277982806E+00   -0.255249655396851011E+03
    0.333963036829521158E+02    0.496044837667058225E+01    0.675055724426232739E+00   -0.255249259680247206E+03
    0.332761289824994577E+02    0.506133757071852841E+01    0.645585401457138941E+00   -0.255248626348040830E+03
    0.332930368489880593E+02    0.500674049130875520E+01    0.708107734477669393E+00   -0.255248554222830734E+03
    0.332219124684149278E+02    0.509947909668432331E+01    0.637102100104665836E+00   -0.255248502756340031E+03
    0.332229233148013492E+02    0.507694420709401228E+01    0.659590605877944158E+00   -0.255247544343274200E+03
    0.334563709681129211E+02    0.489563552277743597E+01    0.702650608971561064E+00   -0.255247506645058991E+03
    0.333726777618997232E+02    0.498176605900778124E+01    0.673891346239742006E+00   -0.255247247459281908E+03
    0.331477769652383927E+02    0.515734045702692523E+01    0.630593998765889729E+00   -0.255247099170074392E+03
    0.332357702184369259E+02    0.507325433716505625E+01    0.652502165753841235E+00   -0.255247052299970420E+03
    0.332331528531430962E+02    0.509219138586981579E+01    0.638151973006330087E+00   -0.255247015647287128E+03
    0.333452664364299807E+02    0.500130474959011639E+01    0.659948293049525292E+00   -0.255246818527141329E+03
    0.332890034192899478E+02    0.503887447636656383E+01    0.652852392951001614E+00   -0.255246510421707342E+03
    0.332008821552901878E+02    0.508650922784630755E+01    0.685648852781237661E+00   -0.255246102947475265E+03
    0.332541105320088377E+02    0.507625619440368858E+01    0.660050312157886454E+00   -0.255245474265905358E+03
    0.333676391422088585E+02    0.497675468445232205E+01    0.695188061295489268E+00   -0.255245086166720114E+03
    0.333792974322061440E+02    0.497595065691255378E+01    0.675709575278326757E+00   -0.255244819520630841E+03
    0.334787513423294598E+02    0.487247521770610525E+01    0.723868963117416886E+00   -0.255244240140102079E+03
    0.333439059026393210E+02    0.496769220835118297E+01    0.719896235965524878E+00   -0.255244095961693603E+03
    0.333247714518647697E+02    0.498971274189219471E+01    0.714091557540469823E+00   -0.255244039130655096E+03
    0.333229997083047280E+02    0.502419986261828555E+01    0.658583162802102162E+00   -0.255243933193709836E+03
    0.334003393241718527E+02    0.495594368372372962E+01    0.687078708458479737E+00   -0.255243130024836063E+03
    0.332129581908388900E+02    0.509319354223891629E+01    0.676773411205334741E+00   -0.255243093705288828E+03
    0.332838242581116575E+02    0.503152317110474812E+01    0.664556443767402527E+00   -0.255243032777616094E+03
    0.331191908411405507E+02    0.516534841274752221E+01    0.644144811323472233E+00   -0.255243009205878025E+03
    0.332945792326586414E+02    0.504726360250106953E+01    0.650656721626758694E+00   -0.255242611879083739E+03
    0.334709928511082992E+02    0.487707070016284838E+01    0.719020044058792607E+00   -0.255242440824016512E+03
    0.333262864003943093E+02    0.502142243060628157E+01    0.659298473961797415E+00   -0.255242400945840444E+03
    0.333511568925141120E+02    0.496040687718685991E+01    0.711073288857464680E+00   -0.255241898183971813E+03
    0.332731500273948768E+02    0.506471188773119074E+01    0.646741031402801925E+00   -0.255241857830035940E+03
    0.334434630966570978E+02    0.489585441645134978E+01    0.713921814149522493E+00   -0.255241671839597331E+03
    0.331988433228895019E+02    0.512019835202831608E+01    0.633843249842910073E+00   -0.255241025409180935E+03
    0.332344361505658554E+02    0.509448395326447390E+01    0.638959233684344596E+00   -0.255240640107744952E+03
    0.331302772649183197E+02    0.516193004033167568E+01    0.651471992542359324E+00   -0.255240482220615888E+03
    0.333885727821536449E+02    0.493613947916992757E+01    0.705086711755452455E+00   -0.255240338027149079E+03
    0.333112259381477926E+02    0.501843704406614854E+01    0.659552509093510930E+00   -0.255240094720317529E+03
    0.332667085224294610E+02    0.503591647917602447E+01    0.676123633662214507E+00   -0.255240024000164141E+03
    0.334012147672245447E+02    0.492846723765226624E+01    0.726428494629815624E+00   -0.255239786059566882E+03
    0.334335284884710120E+02    0.491953008324997132E+01    0.710015684514356038E+00   -0.255239721833492354E+03
    0.333604227868121299E+02    0.497594233895713955E+01    0.704249893601667121E+00   -0.255239643624427544E+03
    0.333285451825934729E+02    0.499870179044605845E+01    0.669318735535975540E+00   -0.255239617104134595E+03
    0.331720082125717113E+02    0.511964843377852574E+01    0.672950930336663755E+00   -0.255239309856657002E+03
    0.333753442336983781E+02    0.494982029265846979E+01    0.722281951150366419E+00   -0.255238370664069947E+03
    0.333316861283944803E+02    0.497653907381814342E+01    0.717017682785647814E+00   -0.255238034571128338E+03
    0.331956747308683759E+02    0.512520055796352025E+01    0.636092711501367702E+00   -0.255237994442277568E+03
    0.332901023620720764E+02    0.501593463495922620E+01    0.682387712051747419E+00   -0.255237914812888420E+03
    0.334620515683174489E+02    0.489738800660419837E+01    0.700651118395074102E+00   -0.255237896223186084E+03
    0.332214124662808885E+02    0.510417926819387624E+01    0.648572152679178560E+00   -0.255237791085580994E+03
    0.332365863565733690E+02    0.506382637570897387E+01    0.692675378170216294E+00   -0.255237481827817618E+03
    0.333575579174673678E+02    0.497098052673772894E+01    0.712857925104198209E+00   -0.255237160378886585E+03
    0.333146862975563209E+02    0.503049178228650273E+01    0.654699812456172592E+00   -0.255237092177239646E+03
    0.331413291169168645E+02    0.515532836475791356E+01    0.634831998596865343E+00   -0.255236682177762276E+03
    0.333924604863951515E+02    0.494167025989420861E+01    0.719721545006172025E+00   -0.255236464558506270E+03
    0.333353478994407340E+02    0.497296668846239509E+01    0.707974081064855154E+00   -0.255236278096605673E+03
    0.331234252446899688E+02    0.516690956392201706E+01    0.649477153963523790E+00   -0.255235971008608658E+03
    0.331471944431282708E+02    0.515988556107982710E+01    0.634779272304649256E+00   -0.255235902009236298E+03
    0.332974100544030165E+02    0.503562198341139577E+01    0.679358164693529165E+00   -0.255235523166717968E+03
    0.331872656375760187E+02    0.509941314836498094E+01    0.681194581838064250E+00   -0.255235474067117195E+03
    0.334220950286783420E+02    0.493732219375596681E+01    0.684973584689269499E+00   -0.255234920009223089E+03
    0.331170339529504503E+02    0.517013407456476770E+01    0.648749726257011661E+00   -0.255234651027692621E+03
    0.334164674985384025E+02    0.494255701413222681E+01    0.683284533876567846E+00   -0.255234639547304539E+03
    0.333380696083458119E+02    0.501135438432833169E+01    0.664222500564593754E+00   -0.255233449345025775E+03
    0.334661209261926089E+02    0.489373709424675951E+01    0.703764466914927667E+00   -0.255232305218983669E+03
    0.332159391817179284E+02    0.509473174651668259E+01    0.643620611652620189E+00   -0.255232050139194314E+03
    0.333710454957889127E+02    0.494671087447354640E+01    0.723936021600489532E+00   -0.255231782202042751E+03
    0.334550537793574136E+02    0.488960713613801978E+01    0.727721136936225754E+00   -0.255231663934330584E+03
    0.331621086871914414E+02    0.512661465097827396E+01    0.651828110737365019E+00   -0.255231514399800886E+03
    0.332373936834678716E+02    0.509113615579403955E+01    0.639099887283493984E+00   -0.255231362907215868E+03
    0.334326843834315923E+02    0.492747604826010299E+01    0.689512231066684911E+00   -0.255231231757483783E+03
    0.332760091932120687E+02    0.505638152473511404E+01    0.668793661732741351E+00   -0.255231178110990186E+03
    0.333874787445576615E+02    0.493709317709472018E+01    0.725724308897378378E+00   -0.255231087264808394E+03
    0.333888464617070753E+02    0.496219349009190669E+01    0.693032889667044461E+00   -0.255230962558488415E+03
    0.331890325689610677E+02    0.509753903957652810E+01    0.681578211155043912E+00   -0.255230912916924723E+03
    0.331254158378368615E+02    0.517221527949010973E+01    0.632642827363335991E+00   -0.255229990686908167E+03
    0.333520760716850404E+02    0.496504992415768687E+01    0.697191068375482947E+00   -0.255229885150509091E+03
    0.332834770184327056E+02    0.501893764104631046E+01    0.707347976224348196E+00   -0.255229813825725785E+03
    0.331219370518399643E+02    0.517378668829362987E+01    0.633307968028421375E+00   -0.255229482358782434E+03
    0.331602893209653899E+02    0.513137170780532159E+01    0.667411412754140176E+00   -0.255229224927224436E+03
    0.331823163994208841E+02    0.512101125818194625E+01    0.640019896257731702E+00   -0.255228893476171606E+03
    0.332839182532745212E+02    0.505042577753246658E+01    0.647322686497868838E+00   -0.255228521313103556E+03
    0.333160493825963258E+02    0.499524702909041451E+01    0.713097629445550663E+00   -0.255228481106939654E+03
    0.334174048523587430E+02    0.491013766222814318E+01    0.723935795323012665E+00   -0.255228340412022305E+03
    0.331650205365632971E+02    0.513047227857712862E+01    0.643206769552934654E+00   -0.255227902945102016E+03
    0.333268735621415502E+02    0.498929120018851791E+01    0.713285762114532318E+00   -0.255226789305809774E+03
    0.334779885169407407E+02    0.487850351549423422E+01    0.716262636663856256E+00   -0.255225809495795460E+03
    0.331116532482440320E+02    0.517412904679133590E+01    0.643098860586906462E+00   -0.255225679731945490E+03
    0.332487180125105937E+02    0.505244552777140754E+01    0.669806154792050856E+00   -0.255225545131280739E+03
    0.331382780661554932E+02    0.514943449625864602E+01    0.644948934432834187E+00   -0.255225500700846339E+03
    0.334229460985179543E+02    0.492329114178105520E+01    0.716024468667626035E+00   -0.255225287091099773E+03
    0.332701957667551014E+02    0.504790197114642680E+01    0.688203956107402814E+00   -0.255225067425063088E+03
    0.332378321233051395E+02    0.508029370269572134E+01    0.672491055129312842E+00   -0.255224301922828488E+03
    0.332837465923270202E+02    0.501423879343450896E+01    0.702916569461143226E+00   -0.255223751826399734E+03
    0.333248990593132532E+02    0.499321556219587492E+01    0.680278357478019680E+00   -0.255222462462046025E+03
    0.331428011630267818E+02    0.515945844864988601E+01    0.631725669636968190E+00   -0.255222372726884487E+03
    0.334418814919893279E+02    0.491839019657980625E+01    0.696113231120928599E+00   -0.255222246529271331E+03
    0.332446572030737002E+02    0.505554322321413885E+01    0.669542915821775608E+00   -0.255221350715390855E+03
    0.331246916966143630E+02    0.515853210605497559E+01    0.649313550110529603E+00   -0.255221184474988775E+03
    0.333945707791552522E+02    0.493386968493150935E+01    0.725126584086663639E+00   -0.255220053689252694E+03
    0.334306255687151008E+02    0.490103887378942549E+01    0.724483037063670565E+00   -0.255219694071444479E+03
    0.332999663459218169E+02    0.504178037454050099E+01    0.661518251873581598E+00   -0.255219661214373588E+03
    0.331492260642632885E+02    0.513688435065278082E+01    0.651649539909764264E+00   -0.255219441317416255E+03
    0.332110515946295735E+02    0.508250742744324668E+01    0.665132971221384484E+00   -0.255219211805846527E+03
    0.334421134032942931E+02    0.490251325192466592E+01    0.724377319778514384E+00   -0.255219062023256413E+03
    0.333354177635546449E+02    0.501171962528058845E+01    0.658483943116729198E+00   -0.255219019806503411E+03
    0.332679942670898541E+02    0.503839629610283879E+01    0.699698062217494088E+00   -0.255218137098872603E+03
    0.332116219371702641E+02    0.507845564181003883E+01    0.672792627605792171E+00   -0.255217892753637102E+03
    0.333000047682537144E+02    0.502033521505191782E+01    0.665526457506629532E+00   -0.255217873694366006E+03
    0.331529414812634826E+02    0.514129747209091370E+01    0.660966742995544809E+00   -0.255217534409889169E+03
    0.332800227757927232E+02    0.501762009787091490E+01    0.698655430576709091E+00   -0.255217470782265877E+03
    0.331844187238414037E+02    0.512406601721547794E+01    0.658659929929112820E+00   -0.255217377781706602E+03
    0.331655102025090542E+02    0.512608121407788442E+01    0.648903646270182932E+00   -0.255216786217311608E+03
    0.331950547839495442E+02    0.510213601330687272E+01    0.652273430614717431E+00   -0.255216171867602895E+03
    0.331297230347760419E+02    0.515342692801157387E+01    0.657357292469959664E+00   -0.255215678379776335E+03
    0.332657098174374610E+02    0.506691385459825394E+01    0.643838937609777284E+00   -0.255215592589658968E+03
    0.332935079852618543E+02    0.502483069204913679E+01    0.698077557795015791E+00   -0.255215360610385318E+03
    0.331689929885710626E+02    0.513875111755733105E+01    0.633159447528374608E+00   -0.255214967322195633E+03
    0.331391384505005320E+02    0.516285460362385074E+01    0.640798621005767899E+00   -0.255214648717444931E+03
    0.334105571077043706E+02    0.493600103033922721E+01    0.685379754526575957E+00   -0.255214089053141407E+03
    0.331345371225816123E+02    0.516674707167106373E+01    0.638073409466000996E+00   -0.255214079467869624E+03
    0.332682936170741073E+02    0.504211141334738855E+01    0.664775347923997284E+00   -0.255213334008691277E+03
    0.332987825356315170E+02    0.500912849865958609E+01    0.684059113899041948E+00   -0.255212658297419836E+03
    0.332924805145678206E+02    0.504636412958316960E+01    0.664274906052480740E+00   -0.255212349859021771E+03
    0.332658906218722663E+02    0.506415450969243075E+01    0.644644512677083670E+00   -0.255212343236838421E+03
    0.334009859912904048E+02    0.493167592588934678E+01    0.698652273784592381E+00   -0.255212055719887076E+03
    0.331445894604681186E+02    0.514379264053010488E+01    0.646341010131389226E+00   -0.255211903026147610E+03
    0.332600056667418968E+02    0.505242119841892112E+01    0.658523031731725883E+00   -0.255211822897632914E+03
    0.332262932099971877E+02    0.509160799082413007E+01    0.666592268453924164E+00   -0.255211691687971751E+03
    0.333851122845838120E+02    0.493789771209883455E+01    0.725296822015096820E+00   -0.255211063934144136E+03
    0.331859243502909820E+02    0.509898816642036845E+01    0.673196730892016149E+00   -0.255210649209011052E+03
    0.334117510123907735E+02    0.493579275360656755E+01    0.709385989965124364E+00   -0.255210448810908048E+03
    0.333704688134752701E+02    0.498230276069221922E+01    0.677473223911218669E+00   -0.255210306326782330E+03
    0.331357280136352585E+02    0.515997948402447371E+01    0.635135533977832289E+00   -0.255209361034710952E+03
    0.333122124763104068E+02    0.502705451584293783E+01    0.653481029176799511E+00   -0.255208926816208532E+03
    0.331745499280630085E+02    0.511170160132109785E+01    0.662615503993318700E+00   -0.255208886719990801E+03
    0.334201815023317508E+02    0.493621480490286402E+01    0.696558605336345504E+00   -0.255208579956012017E+03
    0.331756176635714723E+02    0.513711667643762127E+01    0.632809106260715737E+00   -0.255206490598426399E+03
    0.334013328150392823E+02    0.493718652924377555E+01    0.690285569208255234E+00   -0.255205931923495370E+03
    0.334007678495102098E+02    0.493864946793736248E+01    0.688835735071082200E+00   -0.255205709573815000E+03
    0.334428883197519298E+02    0.491299907408526515E+01    0.707839640476928378E+00   -0.255205413273864025E+03
    0.333194932224923548E+02    0.499299112553215707E+01    0.687217806324827318E+00   -0.255205331051621414E+03
    0.332594407921748001E+02    0.507283997862928082E+01    0.643037766124723520E+00   -0.255205246328518371E+03
    0.334742031130845419E+02    0.487911824372916936E+01    0.720422189735037133E+00   -0.255205230022755700E+03
    0.333608510110408005E+02    0.499114097349177577E+01    0.672514927494991532E+00   -0.255204586082453346E+03
    0.333929015865924583E+02    0.492913368825102172E+01    0.724926566334492817E+00   -0.255204090228842688E+03
    0.331992436743666133E+02    0.508897911663212099E+01    0.670878787893504747E+00   -0.255203959330061394E+03
    0.333869931594966829E+02    0.495622931651195664E+01    0.678107240466113925E+00   -0.255203860790154124E+03
    0.331291935836300624E+02    0.515350491831060875E+01    0.655133647351311854E+00   -0.255203755448103976E+03
    0.331368792405544639E+02    0.515605565199004268E+01    0.638280647810950286E+00   -0.255202841071050898E+03
    0.332514300225890338E+02    0.504166525263806253E+01    0.692709152649370830E+00   -0.255202832836038084E+03
    0.333204252134211245E+02    0.502572033631728132E+01    0.659181822497639902E+00   -0.255202564515919249E+03
    0.334535904779258431E+02    0.489255456366259533E+01    0.709968829446723459E+00   -0.255202406161100356E+03
    0.331658416575188539E+02    0.514440124886219330E+01    0.643115871803275674E+00   -0.255202401743797566E+03
    0.331745513981361739E+02    0.511507164631629951E+01    0.656024208657610908E+00   -0.255201325496281470E+03
    0.334349920290976073E+02    0.492202921326841203E+01    0.689291280251862259E+00   -0.255200927575750626E+03
    0.332422985488172174E+02    0.508380511926559464E+01    0.660807370594159060E+00   -0.255200489243270795E+03
    0.332007087036516779E+02    0.508949052412395542E+01    0.684430706012515211E+00   -0.255200251309331946E+03
    0.331208042690271043E+02    0.517065107642315880E+01    0.644867788277357690E+00   -0.255200216703426719E+03
    0.331966307371503362E+02    0.511369851781239504E+01    0.638361709337831651E+00   -0.255200029991183158E+03
    0.332305199514564862E+02    0.506082718302911427E+01    0.681615455874191811E+00   -0.255199394810857513E+03
    0.333740119154572454E+02    0.497979560795531029E+01    0.671143675498039327E+00   -0.255198716370370249E+03
    0.333462571580926692E+02    0.497125604680172106E+01    0.718056229608362795E+00   -0.255198558321099682E+03
    0.332424540601791279E+02    0.508678423558573023E+01    0.640638468639413317E+00   -0.255198524680030317E+03
    0.334504126673609861E+02    0.490309398374536798E+01    0.714727649333545045E+00   -0.255198522307528350E+03
    0.333986872927203819E+02    0.494870153261288870E+01    0.703788323730866527E+00   -0.255198329585841549E+03
    0.334722100587826858E+02    0.488455062362025672E+01    0.714003023072371512E+00   -0.255198127526201546E+03
    0.332886329772008338E+02    0.501281068030839094E+01    0.692685916912712307E+00   -0.255197204728015663E+03
    0.331660739761951433E+02    0.511999504507149616E+01    0.672572527130425257E+00   -0.255196450326250272E+03
    0.332722533050124980E+02    0.502460472151768567E+01    0.695332365052563905E+00   -0.255196357087537848E+03
    0.331252036813765756E+02    0.516955042658296016E+01    0.642918712760942146E+00   -0.255195675383954949E+03
    0.331222467547186952E+02    0.516174069233601607E+01    0.650554969666728655E+00   -0.255195465401359229E+03
    0.331324971224636045E+02    0.516723786789940576E+01    0.638903527643746250E+00   -0.255194827538448493E+03
    0.334364741992224737E+02    0.490308312404481761E+01    0.726986673024772712E+00   -0.255193863248975020E+03
    0.333032221898801311E+02    0.502947419463802703E+01    0.682296291922600440E+00   -0.255192832715929313E+03
    0.334413749891743919E+02    0.489445347824432364E+01    0.724030962609793605E+00   -0.255192692840358035E+03
    0.331750790157547044E+02    0.513125379579001795E+01    0.656282481175048837E+00   -0.255192556285000961E+03
    0.333364409406860176E+02    0.499561755237550287E+01    0.699056394424955041E+00   -0.255192277008250443E+03
    0.332484130525660788E+02    0.504599084034146195E+01    0.684843582250001193E+00   -0.255192117284577336E+03
    0.331332755281086122E+02    0.516219302914573053E+01    0.647550870161313519E+00   -0.255191994857465573E+03
    0.333432702757573196E+02    0.500608567575627994E+01    0.667767242395419736E+00   -0.255191929414063793E+03
    0.333533890813644405E+02    0.499657962770684172E+01    0.673970902037976383E+00   -0.255191798069892940E+03
    0.334316980148592151E+02    0.491783407255261995E+01    0.693108819475972027E+00   -0.255191685259525229E+03
    0.331879889624532751E+02    0.513008277850149330E+01    0.638596950677950193E+00   -0.255191391800432712E+03
    0.331331565112610491E+02    0.516738432289898242E+01    0.636329587205393565E+00   -0.255190744792257362E+03
    0.332413199692619941E+02    0.508784443894760408E+01    0.652749673059663138E+00   -0.255190602336008595E+03
    0.332645606369421500E+02    0.505614625777027182E+01    0.681565407331518491E+00   -0.255190438302599745E+03
    0.334444566310811311E+02    0.489298054452652931E+01    0.727569725028354375E+00   -0.255190084865411905E+03
    0.331832963800076897E+02    0.510165909068736667E+01    0.676483200479353286E+00   -0.255189718828880729E+03
    0.331291274742312112E+02    0.516957809590333284E+01    0.635337404632158376E+00   -0.255189373761351391E+03
    0.332759269057072942E+02    0.506142121206625006E+01    0.647825917004817842E+00   -0.255188562500388315E+03
    0.332653961495822941E+02    0.503270831594379509E+01    0.702163881208474505E+00   -0.255188331616569400E+03
    0.333643395215299492E+02    0.498264960640747656E+01    0.666793054933271900E+00   -0.255187555169817699E+03
    0.332137545045045357E+02    0.510832079827161056E+01    0.636868875560446357E+00   -0.255187126865564267E+03
    0.334604305975453826E+02    0.488747395562522691E+01    0.712590529931259709E+00   -0.255186831905919917E+03
    0.334663306224554020E+02    0.488626734109831951E+01    0.719984509782443771E+00   -0.255186401361788199E+03
    0.334073460236232904E+02    0.494587822340587202E+01    0.679651444744819644E+00   -0.255186318131230536E+03
    0.332954259511847539E+02    0.503587754070049609E+01    0.653132844297484527E+00   -0.255186135920145233E+03
    0.333544512969021625E+02    0.498647697443937776E+01    0.667004260887072320E+00   -0.255185977407445534E+03
    0.331853985669939391E+02    0.510056845759049970E+01    0.678494767015238365E+00   -0.255185763025144752E+03
    0.332426029092386059E+02    0.508444432005577074E+01    0.640836530570026208E+00   -0.255185157576445903E+03
    0.333016167162269454E+02    0.503246022402528936E+01    0.653292229409942915E+00   -0.255184879984522468E+03
    0.333760324766559506E+02    0.494314478596118345E+01    0.710675921750822615E+00   -0.255184343395227074E+03
    0.331918645702811261E+02    0.511605322531454831E+01    0.639265405151462240E+00   -0.255184189561330953E+03
    0.333074809912932892E+02    0.503179359317134178E+01    0.672085095038832958E+00   -0.255184163128372461E+03
    0.332221962869031415E+02    0.510000990918136310E+01    0.638100941739265681E+00   -0.255184113806405890E+03
    0.334550179157842891E+02    0.488641053887359966E+01    0.722306149939036413E+00   -0.255183855216538376E+03
    0.332639382958617347E+02    0.507137350538726572E+01    0.646953737556041464E+00   -0.255183806502096701E+03
    0.332282284982475744E+02    0.506582600500104707E+01    0.673651618986723766E+00   -0.255183337745497795E+03
    0.332568390713910134E+02    0.506922008688396186E+01    0.669003155865477428E+00   -0.255182994121999883E+03
    0.332902784449018014E+02    0.504719394329775461E+01    0.665533175691877532E+00   -0.255182994058479693E+03
    0.331183995874877581E+02    0.516810652647882041E+01    0.644900515213781445E+00   -0.255182835768858325E+03
    0.331931149936158505E+02    0.509975186553862780E+01    0.679954853274148285E+00   -0.255182586490827902E+03
    0.334472335969855408E+02    0.490484702354089563E+01    0.715478714288949380E+00   -0.255182382707153124E+03
    0.334168095372689749E+02    0.491645311005519314E+01    0.726658317672477572E+00   -0.255182326927862988E+03
    0.333618616568912358E+02    0.498072762096843746E+01    0.668636785411695800E+00   -0.255181797528586287E+03
    0.331905719210397336E+02    0.509517244598956154E+01    0.675182745365167536E+00   -0.255181450870989266E+03
    0.332165218422443971E+02    0.509925269079695553E+01    0.664241667577830097E+00   -0.255181276555128022E+03
    0.333148398825212269E+02    0.502784109736999341E+01    0.654383065642084372E+00   -0.255181145011868551E+03
    0.331279495360489733E+02    0.516971217256293247E+01    0.635678610054762450E+00   -0.255180930705445718E+03
    0.334059873610663729E+02    0.491977312804395961E+01    0.725357028439426621E+00   -0.255180358476977688E+03
    0.331883237331905363E+02    0.512419224712756183E+01    0.653449126265640556E+00   -0.255179946226513579E+03
    0.332122302579683151E+02    0.507967693991447433E+01    0.669839445519228471E+00   -0.255179727913558708E+03
    0.332674473328538340E+02    0.503982051117155461E+01    0.698192941712995507E+00   -0.255179685665285632E+03
    0.333617505552475819E+02    0.496468061601111899E+01    0.687165299723632272E+00   -0.255179655653633120E+03
    0.334665533098575523E+02    0.489091972667256858E+01    0.707745249384129083E+00   -0.255179509128429487E+03
    0.334490779065011949E+02    0.489732141835400991E+01    0.723379516511399867E+00   -0.255179461907015138E+03
    0.333229830922069965E+02    0.498302807325729624E+01    0.709445847185511735E+00   -0.255179001409360296E+03
    0.332651246667296618E+02    0.506848237290375359E+01    0.644746442862734082E+00   -0.255178997126738182E+03
    0.332357611347255357E+02    0.507075328961290062E+01    0.656560284402900929E+00   -0.255178583275577665E+03
    0.331373882469036687E+02    0.516177215349164697E+01    0.634016914914500962E+00   -0.255178471852037774E+03
    0.334291660080168995E+02    0.490940537830988610E+01    0.725727449464277252E+00   -0.255178378097055827E+03
    0.331250787692638866E+02    0.516956288988750234E+01    0.642063675502504649E+00   -0.255178346969756547E+03
    0.333006444902890095E+02    0.500109058214843305E+01    0.704799825869304231E+00   -0.255177894590309620E+03
    0.331556013022882681E+02    0.515102889536367936E+01    0.633044662904920452E+00   -0.255177843989907643E+03
    0.333963294280840941E+02    0.492662109893721478E+01    0.719109813652432317E+00   -0.255177742106191317E+03
    0.334575110879155844E+02    0.489879144034966441E+01    0.701612946973133256E+00   -0.255177531192084075E+03
    0.332510225241512032E+02    0.506321718488048855E+01    0.653224277742658010E+00   -0.255176495168328870E+03
    0.332968838713743622E+02    0.500957482750864536E+01    0.708772395690600465E+00   -0.255176452337437695E+03
    0.334240126929317114E+02    0.490864052633068848E+01    0.715337528893970731E+00   -0.255176191197140525E+03
    0.334119974057307303E+02    0.493931244343703568E+01    0.702500472261204600E+00   -0.255175997196337050E+03
    0.331892544241932796E+02    0.509661674391075792E+01    0.673844272665589883E+00   -0.255174881499703474E+03
    0.331953650119275068E+02    0.512401882233071504E+01    0.636890164873302966E+00   -0.255174221109997546E+03
    0.331653436138362139E+02    0.514071216222508642E+01    0.650481380389142827E+00   -0.255173583093070761E+03
    0.332580400131191993E+02    0.504737184180464649E+01    0.696022208673667819E+00   -0.255173372480148515E+03
    0.334291946084160259E+02    0.490728436838499515E+01    0.710875143846411373E+00   -0.255173201006240191E+03
    0.332987262578155594E+02    0.501609118175395530E+01    0.673024367490618780E+00   -0.255172671282154226E+03
    0.331900822457502471E+02    0.511457154125680713E+01    0.642005140768101334E+00   -0.255172420551962659E+03
    0.332757000145251567E+02    0.505324283305718236E+01    0.674023565197920282E+00   -0.255172151165186449E+03
    0.331882389387239058E+02    0.509876361902012576E+01    0.679390474241088560E+00   -0.255171381135040633E+03
    0.334677074990667336E+02    0.488902716094592105E+01    0.709657675386890174E+00   -0.255171368329485716E+03
    0.333330903778786620E+02    0.497511705537543492E+01    0.712106583624950273E+00   -0.255170991581644756E+03
    0.332288863241992587E+02    0.508275979316316651E+01    0.676452709221980086E+00   -0.255170980565530755E+03
    0.333139958365384530E+02    0.499424812652015149E+01    0.709483244163243487E+00   -0.255054723168262797E+03
    0.333187422222630545E+02    0.501225583747945613E+01    0.675782907868035077E+00   -0.254610233305609086E+03
    0.333655283577507475E+02    0.497317777781206516E+01    0.698612013170113011E+00   -0.254958432708597087E+03
    0.332808037698974815E+02    0.504656153954040843E+01    0.678850798256028787E+00   -0.255140352932834645E+03
    0.332291076585773766E+02    0.507791748090876460E+01    0.662792455527358548E+00   -0.254707550954584207E+03
    0.332291076585773766E+02    0.507791748090876460E+01    0.662792455527358548E+00   -0.254707550954584207E+03
    0.331683279157833866E+02    0.513920574426456422E+01    0.641375911836510437E+00   -0.255010837278224955E+03
    0.332769770254099484E+02    0.505254630160199625E+01    0.671542755142177206E+00   -0.255047591446857126E+03
    0.333794048134999457E+02    0.495036524337396244E+01    0.708674543750783203E+00   -0.254780260748948223E+03
    0.332992681911166954E+02    0.502469988689426827E+01    0.664643321057245107E+00   -0.254948452343116884E+03
    0.333500456564111332E+02    0.498450870868244067E+01    0.680269549039833832E+00   -0.254706810159732413E+03
    0.333500456564111332E+02    0.498450870868244067E+01    0.680269549039833832E+00   -0.254706810159732413E+03
    0.332709321455210443E+02    0.503771821303335177E+01    0.678488670549756590E+00   -0.254721332011586213E+03
    0.333152128176905151E+02    0.501070614539027304E+01    0.694070411750520755E+00   -0.254930781292611385E+03
    0.331751899511619825E+02    0.512033730132384335E+01    0.657124262274083715E+00   -0.254870591926495848E+03
    0.332303854429994914E+02    0.508516500606297228E+01    0.661154513394266896E+00   -0.254723218175508862E+03
    0.332303854429994914E+02    0.508516500606297228E+01    0.661154513394266896E+00   -0.254723218175508862E+03
    0.331608931742914450E+02    0.513806354288747791E+01    0.655899810068845457E+00   -0.255055996638638334E+03
    0.333025230878205178E+02    0.501258668424547693E+01    0.681444203506146984E+00   -0.254779213303045026E+03
    0.333025230878205178E+02    0.501258668424547693E+01    0.681444203506146984E+00   -0.254779213303045026E+03
    0.333932345206415988E+02    0.493385315434939109E+01    0.723052470856511142E+00   -0.255108893465925746E+03
    0.332023229630174086E+02    0.509799683298998829E+01    0.652390834380029649E+00   -0.255114349035667743E+03
    0.332558539909114259E+02    0.504601979501929776E+01    0.690066462294236516E+00   -0.254857749370772183E+03
    0.333685354163897330E+02    0.497559347577129341E+01    0.682948240948193508E+00   -0.254796136831006322E+03
    0.332518075104878505E+02    0.506103950290959315E+01    0.656390220753540254E+00   -0.255082362386710287E+03
    0.331642073964243167E+02    0.512301398189287838E+01    0.666266570742178987E+00   -0.255065180566013680E+03
    0.332531282902312242E+02    0.506450417643775630E+01    0.673516438571379439E+00   -0.254792435871465983E+03
    0.332992225513567632E+02    0.503265573094342944E+01    0.666177456148262070E+00   -0.254710189869670643E+03
    0.331974441076726663E+02    0.509837137597964141E+01    0.661509173830612474E+00   -0.254924933714718577E+03
    0.332931856480604864E+02    0.504116180396325930E+01    0.658945021153942045E+00   -0.254860782195901095E+03
    0.333051390704498971E+02    0.500821613742350547E+01    0.687302098749347445E+00   -0.254754290541209372E+03
    0.334277913231940431E+02    0.491106486196173186E+01    0.722910373101873449E+00   -0.255089175509508436E+03
    0.332864371527839467E+02    0.502383037687553635E+01    0.676204653549896784E+00   -0.255033607071896654E+03
    0.331635387930662731E+02    0.512924919232595045E+01    0.654730130322134896E+00   -0.254943278697862127E+03
    0.333633127627646644E+02    0.495908661280217800E+01    0.708263450351155788E+00   -0.254824317518007661E+03
    0.331736548716215367E+02    0.512795078779794089E+01    0.655132341606987967E+00   -0.254907701902995541E+03
    0.334147327874386662E+02    0.491393057230199304E+01    0.718520114312642288E+00   -0.255170407697879710E+03
    0.333257821784701562E+02    0.500192889423523646E+01    0.671833199056366848E+00   -0.254932909942287296E+03
    0.331976796750070946E+02    0.509653757402376684E+01    0.666661484214767897E+00   -0.254893499750398746E+03
    0.332846352278046069E+02    0.504149155098734347E+01    0.675745445804329048E+00   -0.254765721909869995E+03
    0.333705501785129286E+02    0.496202666907966528E+01    0.696914268947513293E+00   -0.254662233537675093E+03
    0.333705501785129286E+02    0.496202666907966528E+01    0.696914268947513293E+00   -0.254662233537675093E+03
    0.332145596356639459E+02    0.508802750396601411E+01    0.663004325810917616E+00   -0.254743634591217472E+03
    0.332464012595350553E+02    0.505609485016764193E+01    0.680134642481784457E+00   -0.254743546353549704E+03
    0.333321892413025864E+02    0.500099429813000373E+01    0.665609879031322960E+00   -0.255146603948639154E+03
    0.332067571497702687E+02    0.509766510548517271E+01    0.661545460274129971E+00   -0.254713520279993105E+03
    0.332067571497702687E+02    0.509766510548517271E+01    0.661545460274129971E+00   -0.254713520279993105E+03
    0.333147413244001456E+02    0.501809068967981453E+01    0.669405100219391147E+00   -0.254691947452932254E+03
    0.333147413244001456E+02    0.501809068967981453E+01    0.669405100219391147E+00   -0.254691947452932254E+03
    0.332494639196910100E+02    0.505312162283585842E+01    0.678480142522873697E+00   -0.254775510805778453E+03
    0.332494639196910100E+02    0.505312162283585842E+01    0.678480142522873697E+00   -0.254775510805778453E+03
    0.333715770848614994E+02    0.496066973244485254E+01    0.695005368699933679E+00   -0.254695879780104235E+03
    0.332445653909776837E+02    0.506369605432674241E+01    0.683919371831759881E+00   -0.254932522021434210E+03
    0.333363205400008269E+02    0.499471565009718876E+01    0.688097751870800134E+00   -0.254619175593977673E+03
    0.333046813589338342E+02    0.500867796564511725E+01    0.698394431325177534E+00   -0.254767809826942852E+03
    0.333046813589338342E+02    0.500867796564511725E+01    0.698394431325177534E+00   -0.254767809826942852E+03
    0.332145033418184710E+02    0.508877221815517178E+01    0.679493642726787139E+00   -0.255154425253254601E+03
    0.332400457811203864E+02    0.506653275894575295E+01    0.660973422291112667E+00   -0.254996307856276559E+03
    0.333974323617340190E+02    0.495241012514565071E+01    0.679675815922321958E+00   -0.255081787932607341E+03
    0.332410275227946812E+02    0.508340965720581384E+01    0.654871544772166581E+00   -0.254897438050614710E+03
    0.332893802547341124E+02    0.501705674877269825E+01    0.687686779292950634E+00   -0.254932396073658225E+03
    0.332893802547341124E+02    0.501705674877269825E+01    0.687686779292950634E+00   -0.254932396073658225E+03
    0.332942090522696432E+02    0.501177028410802805E+01    0.699541298366182396E+00   -0.254901467717424822E+03
    0.333442823468391154E+02    0.496740106888464972E+01    0.711039860941520274E+00   -0.255107758509298634E+03
    0.333259809312286777E+02    0.500609191825145139E+01    0.677618485437193940E+00   -0.254612960269664029E+03
    0.332467945896546055E+02    0.506994957075576558E+01    0.675412233106348570E+00   -0.254984922078894499E+03
    0.334246300833466989E+02    0.492625765570192176E+01    0.708559720002061799E+00   -0.255169786153754927E+03
    0.333806362780878132E+02    0.496434465802759917E+01    0.684888126595378344E+00   -0.254803160621544606E+03
    0.333807302032066389E+02    0.494664803971607814E+01    0.704289933114820910E+00   -0.254860817507838533E+03
    0.332276358487090349E+02    0.508513489150926734E+01    0.673140684510180165E+00   -0.255091205804892496E+03
    0.333197433147995312E+02    0.500173438997643593E+01    0.689220777730034651E+00   -0.254582265679657894E+03
    0.333197433147995312E+02    0.500173438997643593E+01    0.689220777730034651E+00   -0.254582265679657894E+03
    0.333875893706537568E+02    0.495972493872091391E+01    0.695786148092943479E+00   -0.255044447474692674E+03
    0.332866811478435096E+02    0.503005972356862152E+01    0.671655659222726520E+00   -0.254754978931308074E+03
    0.332373946144608183E+02    0.507577674455515382E+01    0.657319121580827392E+00   -0.254739798992258699E+03
    0.331375029998696533E+02    0.514669678240298722E+01    0.656149707685439898E+00   -0.255150822367467129E+03
    0.331994419153305316E+02    0.511599968488463563E+01    0.649147936662861857E+00   -0.254982679010122268E+03
    0.334355886582344368E+02    0.491648362057513033E+01    0.701618809573659519E+00   -0.254982303338381939E+03
    0.333932744710462401E+02    0.493400521860955532E+01    0.708834932423164199E+00   -0.255011389303086560E+03
    0.333479140909648777E+02    0.499178086181565028E+01    0.680243385932221556E+00   -0.254729293327122207E+03
    0.333861317182546671E+02    0.494699110168911460E+01    0.710192945582243995E+00   -0.254831539960124957E+03
    0.333861317182546671E+02    0.494699110168911460E+01    0.710192945582243995E+00   -0.254831539960124957E+03
    0.332700968299943014E+02    0.504954356354709066E+01    0.661202592447555304E+00   -0.254771812370226257E+03
    0.332700968299943014E+02    0.504954356354709066E+01    0.661202592447555304E+00   -0.254771812370226257E+03
    0.332155178520318799E+02    0.509096925673561351E+01    0.648833397509791854E+00   -0.255168544935821558E+03
    0.333234655113211460E+02    0.500277623028456997E+01    0.686646904108941469E+00   -0.254569701745178776E+03
    0.334110842793301259E+02    0.492805897770117607E+01    0.708902990715519765E+00   -0.254827788620411411E+03
    0.333047736896809283E+02    0.501438738262313866E+01    0.673951992716102621E+00   -0.254888166167398936E+03
    0.333740074834262117E+02    0.496035176313576898E+01    0.711322641806246825E+00   -0.255154430343513468E+03
    0.333004064306636280E+02    0.501969907997447606E+01    0.678314018654931017E+00   -0.254592734137525724E+03
    0.334398228451946693E+02    0.490983017400087185E+01    0.700448036273587427E+00   -0.255067785664040656E+03
    0.333596818829200714E+02    0.496702708735968557E+01    0.697052311289811266E+00   -0.254702169081230892E+03
    0.334059653273030293E+02    0.492160421622985922E+01    0.725327870203318570E+00   -0.255143802603484772E+03
    0.332729022610932716E+02    0.504934084217616430E+01    0.660248498313998344E+00   -0.254756098681993706E+03
    0.332222394478824370E+02    0.507382084806868860E+01    0.670713998112143273E+00   -0.254994941322727556E+03
    0.332135843449685382E+02    0.508442707013379724E+01    0.684200048224757884E+00   -0.255163380285105802E+03
    0.334422727380142248E+02    0.490063699902678085E+01    0.716695430396509625E+00   -0.255012534270464300E+03
    0.332425238298212236E+02    0.507987716276224877E+01    0.666398470623872807E+00   -0.255117175713201704E+03
    0.332488675772390820E+02    0.505674181509110010E+01    0.686146272226797360E+00   -0.254842901239836692E+03
    0.331959549100966811E+02    0.509175883007941366E+01    0.674278080545116065E+00   -0.255120465527028017E+03
    0.333045546522416060E+02    0.502671767707659978E+01    0.671275419686359065E+00   -0.254662207151796395E+03
    0.334640030994037545E+02    0.488840828089760837E+01    0.711352858211199202E+00   -0.255136329084276184E+03
    0.333149139552566709E+02    0.499549416284720316E+01    0.701870331622918897E+00   -0.254866389692491197E+03
    0.331938395693420034E+02    0.511739913005389724E+01    0.637879813674104401E+00   -0.255144887099458685E+03
    0.331679996856960955E+02    0.512000894723558808E+01    0.661245535253687344E+00   -0.255053962956751349E+03
    0.332819146733029498E+02    0.502488928150116188E+01    0.701854008081016612E+00   -0.255064907323182638E+03
    0.332762679514537609E+02    0.504895832547080659E+01    0.661946397179692836E+00   -0.254685862856522277E+03
    0.332266017555199511E+02    0.507056217789695651E+01    0.674742901702044540E+00   -0.254878862119662642E+03
    0.333510069266734916E+02    0.497695842272423050E+01    0.698370685155443205E+00   -0.254652664740590154E+03
    0.333510069266734916E+02    0.497695842272423050E+01    0.698370685155443205E+00   -0.254652664740590154E+03
    0.332663020464624637E+02    0.503743791143086028E+01    0.699049083511515845E+00   -0.255101583205406968E+03
    0.331233231573088176E+02    0.516249259016574058E+01    0.649341562152978002E+00   -0.255165737807129091E+03
    0.332976440342540911E+02    0.501121818497922344E+01    0.702339146010870552E+00   -0.254920113095591603E+03
    0.332537980550599954E+02    0.504708992239895338E+01    0.681375852090340128E+00   -0.254871764141060851E+03
    0.334438925498085240E+02    0.489972476560396597E+01    0.719624044513507588E+00   -0.255039614480257171E+03
    0.333133673621733166E+02    0.499711399826302394E+01    0.700307546976758566E+00   -0.254846856637587763E+03
    0.333818786656946713E+02    0.494905850459487606E+01    0.712205409547117529E+00   -0.254876244768149775E+03
    0.332363132342337551E+02    0.508383806777395897E+01    0.666170557938276064E+00   -0.255079700158944121E+03
    0.332423319110497602E+02    0.506805016529921915E+01    0.670964559380753500E+00   -0.254619921678793474E+03
    0.332007678924277698E+02    0.510054564183546866E+01    0.652191751674528142E+00   -0.255015937382629915E+03
    0.332469378660337185E+02    0.508247417170486848E+01    0.650947449238618470E+00   -0.255056091086554090E+03
    0.332744281441998595E+02    0.503596806529524699E+01    0.672390722092143567E+00   -0.254903079844265363E+03
    0.333103973856711306E+02    0.501189042368322291E+01    0.694579126346176579E+00   -0.254825653009982943E+03
    0.333037355338953347E+02    0.501729338217401022E+01    0.681750429391789536E+00   -0.254554513467734608E+03
    0.333037355338953347E+02    0.501729338217401022E+01    0.681750429391789536E+00   -0.254554513467734608E+03
    0.333735604058405428E+02    0.496804970398993184E+01    0.684951187959141117E+00   -0.254743887928260762E+03
    0.331929652985597272E+02    0.511270628773916247E+01    0.665837226945300231E+00   -0.255129277565568430E+03
    0.334168193734530448E+02    0.492239177341016365E+01    0.703429050236798359E+00   -0.254955851831187118E+03
    0.331316171613032822E+02    0.516438693069291688E+01    0.644313910726336703E+00   -0.255160472338837423E+03
    0.332651787113589421E+02    0.503830812950412987E+01    0.684982687931627865E+00   -0.254805333625368888E+03
    0.333511128486897519E+02    0.497528095096877987E+01    0.690730189661092231E+00   -0.254724427898301514E+03
    0.333511128486897519E+02    0.497528095096877987E+01    0.690730189661092231E+00   -0.254724427898301514E+03
    0.332783921943066048E+02    0.503064494876945023E+01    0.683582070551941201E+00   -0.254695200664322812E+03
    0.333115598223459983E+02    0.499693931782058076E+01    0.700239912225373740E+00   -0.254923278289243200E+03
    0.332519543114804748E+02    0.506275999314788727E+01    0.677035148145275212E+00   -0.254792634533318051E+03
    0.332519543114804748E+02    0.506275999314788727E+01    0.677035148145275212E+00   -0.254792634533318051E+03
    0.333060763752560405E+02    0.502907574481182262E+01    0.657506405721695275E+00   -0.254989360759190959E+03
    0.333772793407907926E+02    0.495750335199413783E+01    0.687708939866532476E+00   -0.254921597121398008E+03
    0.333404559113632217E+02    0.497590586757767284E+01    0.696242857270843452E+00   -0.254999093437195228E+03
    0.332384238993693231E+02    0.508436770352478451E+01    0.655646778273678787E+00   -0.254857644412448252E+03
    0.332320390828658390E+02    0.507404774505732536E+01    0.665364203481200178E+00   -0.254706553800693626E+03
    0.332320390828658390E+02    0.507404774505732536E+01    0.665364203481200178E+00   -0.254706553800693626E+03
    0.332664138644856280E+02    0.505929368905329557E+01    0.649078251811901930E+00   -0.255098293195311555E+03
    0.333054312436148336E+02    0.499785934484035277E+01    0.707319027212493734E+00   -0.255146407193463034E+03
    0.331923785471237238E+02    0.511294171745809578E+01    0.661771064540683795E+00   -0.254923915054665798E+03
    0.334140145477335153E+02    0.493923420333448515E+01    0.683304376353904841E+00   -0.255143724037532053E+03
    0.332053691783900007E+02    0.508465277265900895E+01    0.674289006513749789E+00   -0.255075956487413606E+03
    0.332271025582116692E+02    0.507969684324072013E+01    0.659564474676690216E+00   -0.254795116830896973E+03
    0.332271025582116692E+02    0.507969684324072013E+01    0.659564474676690216E+00   -0.254795116830896973E+03
    0.331553049467881777E+02    0.513293044969216350E+01    0.653736698325375953E+00   -0.255096203617046228E+03
    0.333926783825325657E+02    0.493641204490696772E+01    0.716297989069742069E+00   -0.254921312837456469E+03
    0.331997348478499603E+02    0.510061993995150065E+01    0.659965308035737719E+00   -0.254781848284767932E+03
    0.331997348478499603E+02    0.510061993995150065E+01    0.659965308035737719E+00   -0.254781848284767932E+03
    0.333770204193145190E+02    0.495224662511451985E+01    0.710722302442965637E+00   -0.254830276278648626E+03
    0.333770204193145190E+02    0.495224662511451985E+01    0.710722302442965637E+00   -0.254830276278648626E+03
    0.332430868271109858E+02    0.507302110274833762E+01    0.662496936237307654E+00   -0.254640068688871253E+03
    0.332430868271109858E+02    0.507302110274833762E+01    0.662496936237307654E+00   -0.254640068688871253E+03
    0.333325982265216254E+02    0.500840787939710008E+01    0.674516194194200391E+00   -0.254872585985743797E+03
    0.332421229352564183E+02    0.508310290594591407E+01    0.656772657325904397E+00   -0.254967854209874758E+03
    0.332329886965192998E+02    0.508346747600406879E+01    0.661871388596023680E+00   -0.254737190728863794E+03
    0.331829931797477329E+02    0.512392699155844067E+01    0.654636368907898558E+00   -0.254961420169470529E+03
    0.333972301204169284E+02    0.494809153938409541E+01    0.686002079265400022E+00   -0.254935023176492223E+03
    0.332267426781277493E+02    0.508284701245983506E+01    0.672828942742807135E+00   -0.254864741738549014E+03
    0.333276494051353041E+02    0.499019981179472438E+01    0.688752070824950380E+00   -0.254852270082360207E+03
    0.332649454134868918E+02    0.503691901145504417E+01    0.680428570162094681E+00   -0.255040732945168060E+03
    0.332921245764817613E+02    0.503705868813430513E+01    0.676761269618072148E+00   -0.254864734976914832E+03
    0.333536288818716571E+02    0.498792016006760708E+01    0.681240941388028820E+00   -0.254771874676097241E+03
    0.331319335276505100E+02    0.516159125092600402E+01    0.648727411144863542E+00   -0.255170236264339479E+03
    0.333003891027080314E+02    0.503768535324863986E+01    0.662679431966482158E+00   -0.254953137373320601E+03
    0.332094142855908103E+02    0.509983225403198404E+01    0.665444884253018065E+00   -0.254916906999566208E+03
    0.332183398490564628E+02    0.507939481996657882E+01    0.680521276094485095E+00   -0.254904413412706759E+03
    0.331833426640928408E+02    0.510512460053446482E+01    0.668375126640500472E+00   -0.255043176198232999E+03
    0.331800385171628065E+02    0.512309933859349265E+01    0.645611275657425154E+00   -0.254931909908409153E+03
    0.332619729971241185E+02    0.505612439445059891E+01    0.674024470171561418E+00   -0.254671164949553486E+03
    0.332619729971241185E+02    0.505612439445059891E+01    0.674024470171561418E+00   -0.254671164949553486E+03
    0.332235440772605273E+02    0.508602956521529226E+01    0.650640047611239836E+00   -0.255010295215860111E+03
    0.333901903492353895E+02    0.495476741422032330E+01    0.694255909826398954E+00   -0.254816761161498874E+03
    0.331951283737232217E+02    0.512283846048304792E+01    0.635706889575699097E+00   -0.255165274236182768E+03
    0.333296470531566484E+02    0.500535978466552756E+01    0.690524074137346844E+00   -0.255119900027881755E+03
    0.334392521127656224E+02    0.491642705008080139E+01    0.694702211558153371E+00   -0.255113892900851937E+03
    0.331562794936510983E+02    0.513558791910823942E+01    0.660062847132584674E+00   -0.255027920331809526E+03
    0.332227131052888325E+02    0.509211796451520815E+01    0.663696409054905234E+00   -0.254895767153482240E+03
    0.331979859662461507E+02    0.509610593456528349E+01    0.667534522796060292E+00   -0.254889509454532771E+03
    0.333539800928454184E+02    0.497442426828483963E+01    0.700817891968144924E+00   -0.254696267483808185E+03
    0.333539800928454184E+02    0.497442426828483963E+01    0.700817891968144924E+00   -0.254696267483808185E+03
    0.332901682016047999E+02    0.501623015712309606E+01    0.695250464042820759E+00   -0.254837205071007048E+03
    0.333495890715641252E+02    0.499207709190980697E+01    0.668129232644199877E+00   -0.254992079275153827E+03
    0.332497352564343203E+02    0.507383174453507646E+01    0.654230420654398293E+00   -0.254787068935003134E+03
    0.333951285811400282E+02    0.494232131704917599E+01    0.692867245692967648E+00   -0.254959017348642334E+03
    0.332829511563453835E+02    0.502838844498115378E+01    0.692579728667590655E+00   -0.254759537439895695E+03
    0.333001204666647155E+02    0.501869527536921733E+01    0.670771504078861103E+00   -0.254979917801277907E+03
    0.333888625262438978E+02    0.494416371197419835E+01    0.712825390653086588E+00   -0.254892169834974709E+03
    0.332852115174134013E+02    0.503326220630830612E+01    0.670926399563555487E+00   -0.254668231712942998E+03
    0.332619030077613971E+02    0.505672148586821635E+01    0.674635673445710848E+00   -0.254717014574291056E+03
    0.332619030077613971E+02    0.505672148586821635E+01    0.674635673445710848E+00   -0.254717014574291056E+03
    0.331847273782634460E+02    0.511467125775017983E+01    0.655386729358719777E+00   -0.254822083355834934E+03
    0.332863606747511653E+02    0.504808861198896697E+01    0.667652120258963810E+00   -0.255078334043397206E+03
    0.334386253905473865E+02    0.490221429340702297E+01    0.721907552043471679E+00   -0.255057956972476831E+03
    0.334285383083136196E+02    0.491765116702619487E+01    0.713826748897659513E+00   -0.255030692487972459E+03
    0.332994121381691173E+02    0.501303036249368184E+01    0.677703766579933475E+00   -0.255127423554285542E+03
    0.334032835972704305E+02    0.492897400625115534E+01    0.704243561065161172E+00   -0.255044744450490583E+03
    0.333579107606977914E+02    0.495698535842024146E+01    0.711447879439069952E+00   -0.255112012339072834E+03
    0.331959877254518787E+02    0.511030761344026452E+01    0.647791316365140979E+00   -0.254890828008389491E+03
    0.332267787403270773E+02    0.506713309717667837E+01    0.686579004431776774E+00   -0.255017333242072567E+03
    0.332684600010897782E+02    0.505476433826724669E+01    0.657232594483292409E+00   -0.254794542492537374E+03
    0.332970545428134130E+02    0.502400151176788956E+01    0.690699443297058679E+00   -0.254841385025963149E+03
    0.333270936115490315E+02    0.499384367962159459E+01    0.684651844714778912E+00   -0.254781316988730822E+03
    0.331877091644049074E+02    0.511224774625447509E+01    0.657052299980562027E+00   -0.254797458807568347E+03
    0.333779456159949675E+02    0.495890759459556207E+01    0.688408051444320490E+00   -0.254799510979475002E+03
    0.333779456159949675E+02    0.495890759459556207E+01    0.688408051444320490E+00   -0.254799510979475002E+03
    0.331783518617259787E+02    0.512554273580514952E+01    0.659868243885704198E+00   -0.255095223741638790E+03
    0.331839036489855701E+02    0.512471063542088423E+01    0.650254215865136653E+00   -0.254921462797353911E+03
    0.331839036489855701E+02    0.512471063542088423E+01    0.650254215865136653E+00   -0.254921462797353911E+03
    0.332280489630099751E+02    0.507459338025832984E+01    0.669746704740089238E+00   -0.254721245003161357E+03
    0.332983199196021360E+02    0.502899644023728598E+01    0.662062078102321760E+00   -0.254885753221913660E+03
    0.331982909057592295E+02    0.511793900909608634E+01    0.640340166976559488E+00   -0.255024550311400105E+03
    0.332250461787746616E+02    0.507345621068652264E+01    0.668525100031437725E+00   -0.254940775356332324E+03
    0.333182389901546543E+02    0.501977747416447873E+01    0.675196674952563747E+00   -0.254925832928579325E+03
    0.333608539111478422E+02    0.495700230213902149E+01    0.707889052322580259E+00   -0.255014101754762720E+03
    0.332662571171424020E+02    0.506689888660744359E+01    0.658032263080116753E+00   -0.255110000959230888E+03
    0.332837848321070595E+02    0.503500566732503074E+01    0.692315427114446824E+00   -0.255137929402072473E+03
    0.332613314535810645E+02    0.504092299207235151E+01    0.678705188918012570E+00   -0.254990921729018851E+03
    0.332645348019090363E+02    0.504934946222462777E+01    0.662419178568106393E+00   -0.254938589105543457E+03
    0.332952587967353963E+02    0.501019795074642893E+01    0.700693343183887762E+00   -0.254935016857164698E+03
    0.332684828262756653E+02    0.504820382292149006E+01    0.663995310267030847E+00   -0.254759773544637426E+03
    0.332684828262756653E+02    0.504820382292149006E+01    0.663995310267030847E+00   -0.254759773544637426E+03
    0.333347102424379571E+02    0.500028272492054260E+01    0.690338779172208872E+00   -0.254960347980868022E+03
    0.332821821189580760E+02    0.502669502225761544E+01    0.684729214318881230E+00   -0.254726849518284581E+03
    0.332821821189580760E+02    0.502669502225761544E+01    0.684729214318881230E+00   -0.254726849518284581E+03
    0.333657008654319895E+02    0.495724906017349820E+01    0.708054778853174582E+00   -0.254824547477825405E+03
    0.333964417758210388E+02    0.494522122120597629E+01    0.710202343532081226E+00   -0.255120691519349947E+03
    0.332231687856396860E+02    0.509603472653557077E+01    0.643842493573569041E+00   -0.254978052998439580E+03
    0.332608767999578419E+02    0.504460215950064406E+01    0.682748968088630503E+00   -0.254708014792283194E+03
    0.332608767999578419E+02    0.504460215950064406E+01    0.682748968088630503E+00   -0.254708014792283194E+03
    0.334183688758321438E+02    0.492863036686828604E+01    0.696119421853971021E+00   -0.254913358893789251E+03
    0.332153625872816036E+02    0.509940344799923917E+01    0.661967508908339441E+00   -0.255002326133435758E+03
    0.334198318685053692E+02    0.493415870356468034E+01    0.693920574277343327E+00   -0.255018357178597512E+03
    0.332355902850673175E+02    0.506613214746226070E+01    0.664840361557742510E+00   -0.255086376835602834E+03
    0.333525910386137667E+02    0.496929869907327415E+01    0.715094927793869850E+00   -0.255087682171792778E+03
    0.333306555512157985E+02    0.500301227038281926E+01    0.692422552617173004E+00   -0.255076266663848827E+03
    0.331673062316738054E+02    0.514218830632235324E+01    0.641615794776250081E+00   -0.255097830367943885E+03
    0.333045217699378640E+02    0.501835461635427293E+01    0.673087402834483761E+00   -0.254693050767018605E+03
    0.332676560045185710E+02    0.506100816470088422E+01    0.668335545050154911E+00   -0.255071979993825323E+03
    0.333323270472774027E+02    0.498716511438582266E+01    0.708043401592656774E+00   -0.254961965664108988E+03
    0.332373316006999886E+02    0.506528695155482733E+01    0.664645156204327958E+00   -0.255059846582026779E+03
    0.331939594439960928E+02    0.511517408194246492E+01    0.658582210574280680E+00   -0.254992181744035975E+03
    0.334099259763724064E+02    0.494639516424378911E+01    0.687206450664295310E+00   -0.255132183521879739E+03
    0.333393651586181647E+02    0.498659564716203718E+01    0.694732583672926229E+00   -0.254614208283937245E+03
    0.332541643525269706E+02    0.504766288422252707E+01    0.673987713387402376E+00   -0.255070621225172545E+03
    0.333431628080898719E+02    0.499507404423546841E+01    0.675347160870876539E+00   -0.254727846470500367E+03
    0.331552297744137547E+02    0.515228778790342545E+01    0.634989552443811389E+00   -0.255159015392023377E+03
    0.332456917180578984E+02    0.506132797799234879E+01    0.679307166146290831E+00   -0.254694343982966672E+03
    0.332486820615631302E+02    0.506003031569845607E+01    0.671710375446117003E+00   -0.254631721004072887E+03
    0.332486820615631302E+02    0.506003031569845607E+01    0.671710375446117003E+00   -0.254631721004072887E+03
    0.333435406177120086E+02    0.499919340926227740E+01    0.672942737066689611E+00   -0.254846739087761989E+03
    0.333435406177120086E+02    0.499919340926227740E+01    0.672942737066689611E+00   -0.254846739087761989E+03
    0.333746535118713155E+02    0.496505747952470866E+01    0.694143944869284768E+00   -0.254726032116777048E+03
    0.332453096761605167E+02    0.507050448538725895E+01    0.653550667387588380E+00   -0.254907527688391468E+03
    0.334276994268850132E+02    0.491636020668208129E+01    0.716285395122987500E+00   -0.255031219467407141E+03
    0.333093780229253866E+02    0.500570837416290004E+01    0.692701819630226368E+00   -0.254661850444220505E+03
    0.333093780229253866E+02    0.500570837416290004E+01    0.692701819630226368E+00   -0.254661850444220505E+03
    0.333741128808727865E+02    0.496787790179619115E+01    0.682474622758570737E+00   -0.254794258257257042E+03
    0.332087768590393324E+02    0.510201336263877980E+01    0.655840910007566280E+00   -0.254753415398053079E+03
    0.333195264420458059E+02    0.500739209994479673E+01    0.681002360897009829E+00   -0.254564767666385080E+03
    0.333195264420458059E+02    0.500739209994479673E+01    0.681002360897009829E+00   -0.254564767666385080E+03
    0.332068601343829854E+02    0.510302053930135457E+01    0.663485054117168072E+00   -0.254933916799381450E+03
    0.332636714756143803E+02    0.504462327142674916E+01    0.681138835734773407E+00   -0.254646953247189060E+03
    0.332636714756143803E+02    0.504462327142674916E+01    0.681138835734773407E+00   -0.254646953247189060E+03
    0.331262951453915733E+02    0.516190208016967933E+01    0.648097054250927340E+00   -0.255130065168043501E+03
    0.333713521732385914E+02    0.497136369919914678E+01    0.678658466496555812E+00   -0.254864068639507025E+03
    0.333574674625006580E+02    0.498995574210720960E+01    0.676194086650238502E+00   -0.254984170286942799E+03
    0.333508280441873950E+02    0.498265786438830283E+01    0.691372816083537844E+00   -0.254643741016352834E+03
    0.333844005741266159E+02    0.493698075733639641E+01    0.711981818352414253E+00   -0.255169676874879997E+03
    0.332923650876079691E+02    0.503798695914931649E+01    0.660676959222209925E+00   -0.254785025894999791E+03
    0.331443419874281275E+02    0.515068340592535101E+01    0.643273088893704603E+00   -0.255036332790959818E+03
    0.332211581768367736E+02    0.507940239625077705E+01    0.672852913992264767E+00   -0.254742159486056295E+03
    0.332211581768367736E+02    0.507940239625077705E+01    0.672852913992264767E+00   -0.254742159486056295E+03
    0.333317410029775587E+02    0.500505638221432392E+01    0.667798162871544698E+00   -0.254850339030341672E+03
    0.332244710318872052E+02    0.508830368320941417E+01    0.667076056910923643E+00   -0.254857942254042996E+03
    0.332981100719602523E+02    0.502433439402972049E+01    0.680177807206446161E+00   -0.254557018209179347E+03
    0.333116992687354951E+02    0.501085210816970061E+01    0.670803186547908936E+00   -0.255000240003570696E+03
    0.332657828297813865E+02    0.506232791453190867E+01    0.665449317881848357E+00   -0.254943384261449722E+03
    0.334458105204744811E+02    0.489987638031874884E+01    0.709285845790719183E+00   -0.255075321939400453E+03
    0.331537872175708088E+02    0.513181617971698945E+01    0.657967555552824157E+00   -0.255126686930026722E+03
    0.333017940697378734E+02    0.502311847017854873E+01    0.686170547865494029E+00   -0.254762628214009425E+03
    0.332219371186697146E+02    0.509213861896947684E+01    0.643740511608060006E+00   -0.255137440842837265E+03
    0.334156953134505130E+02    0.491890828251761558E+01    0.718233316898652996E+00   -0.254960754641010965E+03
    0.333598310366655184E+02    0.497951901190293356E+01    0.688592284671478483E+00   -0.254732192224987443E+03
    0.333598310366655184E+02    0.497951901190293356E+01    0.688592284671478483E+00   -0.254732192224987443E+03
    0.333944230039307826E+02    0.494047103822356881E+01    0.715174980543317851E+00   -0.254991363362131636E+03
    0.333135216805047349E+02    0.501647213002729764E+01    0.662827801997687871E+00   -0.255038847818581928E+03
    0.332971422873079419E+02    0.501920021453290399E+01    0.698573766331438195E+00   -0.254994386919299558E+03
    0.334326475625061903E+02    0.490235358529421283E+01    0.726231279433873000E+00   -0.255144138124181211E+03
    0.332262308494648977E+02    0.509031972503506580E+01    0.646059287454126663E+00   -0.254965873733185305E+03
    0.331352407292365143E+02    0.515669534480769887E+01    0.648366733752323787E+00   -0.255073096496724304E+03
    0.333726050352838968E+02    0.496370802697710900E+01    0.680179586396792990E+00   -0.255118210377065793E+03
    0.331990701878286956E+02    0.509624572764285855E+01    0.675631889820811016E+00   -0.254956592802522124E+03
    0.333407468276736552E+02    0.500553478673910845E+01    0.662675552391257194E+00   -0.255099598947672575E+03
    0.333207258572422944E+02    0.501346562105026194E+01    0.663363836411507757E+00   -0.254956429282906726E+03
    0.332790559926337295E+02    0.504265089284271628E+01    0.662700107182874754E+00   -0.254760124443927680E+03
    0.333388706869201741E+02    0.498956531795582059E+01    0.675774608809141197E+00   -0.254998811940411997E+03
    0.333038492220886866E+02    0.501426178991671190E+01    0.683139611426107907E+00   -0.254602681630058470E+03
    0.333206126070605535E+02    0.500040022410480933E+01    0.675872079909107804E+00   -0.255076810420088520E+03
    0.332034245575408704E+02    0.509032627547757333E+01    0.682869916946953426E+00   -0.255150693353868576E+03
    0.333661323388481890E+02    0.496925025486115146E+01    0.687080671143900035E+00   -0.254706772570631188E+03
    0.333661323388481890E+02    0.496925025486115146E+01    0.687080671143900035E+00   -0.254706772570631188E+03
    0.334511280211877136E+02    0.489939550342680352E+01    0.704816948012206179E+00   -0.255118373703689798E+03
    0.333105800688601619E+02    0.501561573428729446E+01    0.667516693179958764E+00   -0.254907244383999682E+03
    0.331754618420158209E+02    0.511303672610102922E+01    0.666141403657528164E+00   -0.255020457610722474E+03
    0.332604544621994620E+02    0.507064529731253177E+01    0.656096424191547900E+00   -0.255018930139916932E+03
    0.331968159860110745E+02    0.509002767286336422E+01    0.679797983854448118E+00   -0.255159067959929075E+03
    0.331661408407962242E+02    0.513604528269518390E+01    0.653270456348177042E+00   -0.255016496481543754E+03
    0.331904928131454255E+02    0.511238465219362581E+01    0.646804639330493147E+00   -0.255013470736959590E+03
    0.333118812957777521E+02    0.502739408168620283E+01    0.668520769402832116E+00   -0.254954344477751022E+03
    0.331647516680422996E+02    0.512570145048421022E+01    0.655067136835082886E+00   -0.255035091716411898E+03
    0.331387115253816447E+02    0.515731480146887744E+01    0.643492982358161325E+00   -0.255057354836014298E+03
    0.333365691681469087E+02    0.499882972572880124E+01    0.688173102681180371E+00   -0.254843209174218742E+03
    0.333191782821862006E+02    0.499695835464456106E+01    0.694076526204585487E+00   -0.254691716250301880E+03
    0.333191782821862006E+02    0.499695835464456106E+01    0.694076526204585487E+00   -0.254691716250301880E+03
    0.333951439588897543E+02    0.493979793215387186E+01    0.710166809431663548E+00   -0.254818155977221409E+03
    0.333523812852132551E+02    0.499073956312150191E+01    0.683960636217546103E+00   -0.254947489764154454E+03
    0.334444312041529841E+02    0.490955542939149403E+01    0.699862823490017716E+00   -0.255071663654175154E+03
    0.334265481952299268E+02    0.490557207454413646E+01    0.724546194683891809E+00   -0.255146685459183800E+03
    0.332532943835506529E+02    0.507941362805767582E+01    0.645682281633707778E+00   -0.255158636885469917E+03
    0.332689267084657700E+02    0.506195282897661336E+01    0.663464286695032324E+00   -0.255028637584331875E+03
    0.333233831469716648E+02    0.501849035086814421E+01    0.656544432178452153E+00   -0.255167623020659278E+03
    0.333657177777243632E+02    0.497509690598857546E+01    0.697858630939225288E+00   -0.255096542346161044E+03
    0.331574400533381137E+02    0.513588557202719986E+01    0.656209270662963418E+00   -0.254959630181479184E+03
    0.332202472962246631E+02    0.507998401963377688E+01    0.666491285799251099E+00   -0.254821362639360700E+03
    0.333826941221487914E+02    0.496554253842680016E+01    0.677796001169742590E+00   -0.254973221182667089E+03
    0.334143456939052896E+02    0.493360023380288926E+01    0.693461412088630436E+00   -0.254910476657350273E+03
    0.331887628453090144E+02    0.512326249231709419E+01    0.649160565639159692E+00   -0.254985377067389152E+03
    0.333218412736831198E+02    0.499643234694966498E+01    0.701587059895505072E+00   -0.254787720142630405E+03
    0.333240461156461123E+02    0.501494858088329742E+01    0.669476064250245084E+00   -0.254809897321218642E+03
    0.333076172728440412E+02    0.502631918822323698E+01    0.670439077530182725E+00   -0.254731336045488916E+03
    0.333076172728440412E+02    0.502631918822323698E+01    0.670439077530182725E+00   -0.254731336045488916E+03
    0.334201113415972912E+02    0.493235910793934629E+01    0.700300725975111282E+00   -0.255045700470425004E+03
    0.332279802598809724E+02    0.509668965183076583E+01    0.647500181374919270E+00   -0.255025050539989053E+03
    0.332576795028990801E+02    0.503724421973975733E+01    0.694653889129256408E+00   -0.255146326967585878E+03
    0.332373294986749528E+02    0.508012460740607175E+01    0.648496324215064535E+00   -0.254967271258209394E+03
    0.332545267100556998E+02    0.506815216207991615E+01    0.665711144240787034E+00   -0.254800609289705392E+03
    0.334106341393801785E+02    0.494388587869290141E+01    0.689679230834244539E+00   -0.255054680843247525E+03
    0.332501739632619717E+02    0.505752404554609747E+01    0.686218045168274227E+00   -0.254899842846978316E+03
    0.334025561764242980E+02    0.494233334673978852E+01    0.691059327292765091E+00   -0.254866805132728899E+03
    0.332861708173988475E+02    0.502650765286597689E+01    0.692411219097308850E+00   -0.254744188681471087E+03
    0.332605452427263799E+02    0.504686206875159638E+01    0.692470410531128344E+00   -0.254997775886343589E+03
    0.333504302085316624E+02    0.499908730542396995E+01    0.665061019389548536E+00   -0.255151712311115944E+03
    0.332297749218266176E+02    0.508392090969819499E+01    0.666380943420011196E+00   -0.254775421125792008E+03
    0.332286774563117291E+02    0.507173246042321502E+01    0.686421539003687742E+00   -0.255049878849306367E+03
    0.332734790814840267E+02    0.503906007736559935E+01    0.685441912042871193E+00   -0.254666813292977366E+03
    0.334481459254547531E+02    0.489441991055422232E+01    0.718116773750928861E+00   -0.255079491532127804E+03
    0.332483508622047452E+02    0.507988318120010529E+01    0.645533660864893610E+00   -0.255040646793777029E+03
    0.333796811004493108E+02    0.496083258733674803E+01    0.690967209759921985E+00   -0.254710533696946953E+03
    0.333709425581559458E+02    0.496652537085885992E+01    0.699818824864177014E+00   -0.254825054676690598E+03
    0.333709425581559458E+02    0.496652537085885992E+01    0.699818824864177014E+00   -0.254825054676690598E+03
    0.331896001425140668E+02    0.509842956110227785E+01    0.672639993882346632E+00   -0.255070038533909326E+03
    0.331884803920797111E+02    0.510536913346517274E+01    0.660544309195109758E+00   -0.254955458599017106E+03
    0.332007515050145940E+02    0.509263004354299831E+01    0.675841826409627089E+00   -0.254939418381760333E+03
    0.331833662979142474E+02    0.511255472445843218E+01    0.657931328791751424E+00   -0.254874812471176000E+03
    0.332558342616195333E+02    0.507132048435235916E+01    0.661496557476784375E+00   -0.254957905320376852E+03
    0.331639001010248506E+02    0.513157292366428663E+01    0.643977422847570091E+00   -0.255165348530203289E+03
    0.333245779393635502E+02    0.500178835822091372E+01    0.671527446074853041E+00   -0.255020336339570747E+03
    0.333605229004895705E+02    0.497241131208906673E+01    0.703187479269702709E+00   -0.254887027087982432E+03
    0.332850258214147914E+02    0.502012917782823642E+01    0.699940213731862659E+00   -0.254935392705362744E+03
    0.334300344796811331E+02    0.491519508394007509E+01    0.713748916908638842E+00   -0.254977659733548023E+03
    0.332611279431540794E+02    0.506470641834769353E+01    0.661725190526240015E+00   -0.254781046272652361E+03
    0.333100159108368388E+02    0.500111306603640138E+01    0.699188943542012220E+00   -0.254799865418010910E+03
    0.332301542336266991E+02    0.506696871909505386E+01    0.678991221571923376E+00   -0.254863489371863750E+03
    0.333106629490577433E+02    0.500953059593218875E+01    0.676700366030722034E+00   -0.254813266892275976E+03
    0.332899853905877308E+02    0.502298905358811698E+01    0.685794356684039652E+00   -0.254627752214930325E+03
    0.332899853905877308E+02    0.502298905358811698E+01    0.685794356684039652E+00   -0.254627752214930325E+03
    0.332194130336754725E+02    0.507904343834619798E+01    0.668710140813891907E+00   -0.254851145822821451E+03
    0.332884497064510043E+02    0.504270506791219297E+01    0.659093689948276218E+00   -0.254807258562412983E+03
    0.332406508994481271E+02    0.506769022633896604E+01    0.683264816181624490E+00   -0.254997766633100923E+03
    0.332413833987748717E+02    0.505272820137956469E+01    0.685331589601853031E+00   -0.255081498578657261E+03
    0.332613729468770032E+02    0.504789344160029785E+01    0.682476376817946706E+00   -0.254658925874507361E+03
    0.332003450539216871E+02    0.511669892996923803E+01    0.639588817513576657E+00   -0.255048167925256536E+03
    0.332971124442565269E+02    0.503989241435895607E+01    0.656858245978861666E+00   -0.254958043401992597E+03
    0.332140537238361873E+02    0.508206546836424078E+01    0.669087634308472401E+00   -0.254910883581690570E+03
    0.332140537238361873E+02    0.508206546836424078E+01    0.669087634308472401E+00   -0.254910883581690570E+03
    0.332910139700295318E+02    0.502114325440035358E+01    0.695528997528450210E+00   -0.254786354289218849E+03
    0.331850681893288311E+02    0.511258583938439681E+01    0.668997966665848764E+00   -0.255008903096330300E+03
    0.333122630194704854E+02    0.499738870620654563E+01    0.698628896316646042E+00   -0.254879972237243152E+03
    0.333558861048514856E+02    0.497707368781131265E+01    0.689859336102227050E+00   -0.254618163406678804E+03
    0.333237246891876566E+02    0.499932529736384712E+01    0.693641710999080452E+00   -0.254632674644442801E+03
    0.333031736896244013E+02    0.502840813513146578E+01    0.667951556048244965E+00   -0.254682998274710599E+03
    0.333358125856699132E+02    0.498605095631816564E+01    0.697616501203252692E+00   -0.254652336414679127E+03
    0.332244014237747720E+02    0.509588318795914219E+01    0.654459421678277642E+00   -0.254925911028265375E+03
    0.332156106891452012E+02    0.510467128993358887E+01    0.647428185538792222E+00   -0.254965730096057513E+03
    0.332251871636910323E+02    0.508302107257385849E+01    0.661241424725939719E+00   -0.254681654336858600E+03
    0.332580891129969629E+02    0.506825866440012174E+01    0.653679459339533975E+00   -0.254827853595534663E+03
    0.332580891129969629E+02    0.506825866440012174E+01    0.653679459339533975E+00   -0.254827853595534663E+03
    0.333993760795675740E+02    0.493866345200273482E+01    0.707449663357134106E+00   -0.254798992692180093E+03
    0.334565837825776526E+02    0.488687374724487977E+01    0.719204419851209420E+00   -0.255165394961708557E+03
    0.332880427513456567E+02    0.504570421145280790E+01    0.653260093365266914E+00   -0.254994303476306385E+03
    0.332392884519105820E+02    0.506040668538531691E+01    0.685424896191378918E+00   -0.254858643713015510E+03
    0.332265095920466393E+02    0.507894220662412010E+01    0.673568918177073206E+00   -0.254731189414997942E+03
    0.334052027333343418E+02    0.494295417496538292E+01    0.701467943020322227E+00   -0.255013076922821909E+03
    0.332777341113576597E+02    0.503081776761241972E+01    0.687483394462200526E+00   -0.254690290934517179E+03
    0.334525023755929709E+02    0.489234918897873250E+01    0.715300347336995657E+00   -0.255102764750303407E+03
    0.333190096182765245E+02    0.501220585308597322E+01    0.666277335652480596E+00   -0.254890634215624175E+03
    0.333190096182765245E+02    0.501220585308597322E+01    0.666277335652480596E+00   -0.254890634215624175E+03
    0.334262641702550241E+02    0.490785934389463296E+01    0.722064163349449339E+00   -0.255070574225678854E+03
    0.333037885644507341E+02    0.501062799991208951E+01    0.691355674892243366E+00   -0.254651731912843047E+03
    0.331958979609904077E+02    0.509735035767214217E+01    0.672537810266209179E+00   -0.254913245422825867E+03
    0.331809989783609751E+02    0.510724415021995526E+01    0.668474358970166826E+00   -0.255039756486552506E+03
    0.332773616623872570E+02    0.504328187844140796E+01    0.681175764977364095E+00   -0.254787526964802510E+03
    0.332773616623872570E+02    0.504328187844140796E+01    0.681175764977364095E+00   -0.254787526964802510E+03
    0.331960221741816142E+02    0.510603984048703108E+01    0.671689071167037355E+00   -0.255119377793317170E+03
    0.332635715620749721E+02    0.505469323479008281E+01    0.681539674838049003E+00   -0.254987735440230182E+03
    0.333709778847953373E+02    0.495894240990436330E+01    0.698910990189862802E+00   -0.254703095084683156E+03
    0.333709778847953373E+02    0.495894240990436330E+01    0.698910990189862802E+00   -0.254703095084683156E+03
    0.332763935960093562E+02    0.504198694872843411E+01    0.668586858617455260E+00   -0.254634653502055301E+03
    0.332763935960093562E+02    0.504198694872843411E+01    0.668586858617455260E+00   -0.254634653502055301E+03
    0.332577850985735708E+02    0.504328741537366287E+01    0.697503469321732350E+00   -0.255099240109901558E+03
    0.333420228090470872E+02    0.499458317894947257E+01    0.676978869206506184E+00   -0.254689291649791528E+03
    0.331668892705000076E+02    0.513893342838581013E+01    0.638896380858814839E+00   -0.255029965885655997E+03
    0.332312565735699792E+02    0.508316568208902986E+01    0.660747788599506114E+00   -0.254677255710935327E+03
    0.332689453066241470E+02    0.505585423138382861E+01    0.659161323083289563E+00   -0.254719920224971673E+03
    0.333309707146258489E+02    0.501394385963110700E+01    0.667684531103980738E+00   -0.255044945664279567E+03
    0.332138341407805484E+02    0.508727908314126509E+01    0.658731764758183846E+00   -0.254955525822851172E+03
    0.331501376913386778E+02    0.513751949668580465E+01    0.657217694959236876E+00   -0.255049605746577981E+03
    0.331643705988158857E+02    0.513706143257819914E+01    0.640465474262327250E+00   -0.255043975434220215E+03
    0.334013815127028835E+02    0.495170199004864475E+01    0.684018315880966954E+00   -0.255023499761720785E+03
    0.332048117094514907E+02    0.511180821717510891E+01    0.644089801169161480E+00   -0.254946889167478560E+03
    0.332544210616287756E+02    0.506514613437765071E+01    0.662493571092656275E+00   -0.254642196567791899E+03
    0.332442633307002637E+02    0.506215906561406648E+01    0.661066628798352207E+00   -0.255121266323886061E+03
    0.331886443605222823E+02    0.512130816025117674E+01    0.643509454478386256E+00   -0.254923468365597472E+03
    0.332681783146809025E+02    0.503813552553666355E+01    0.697936001661009775E+00   -0.255096879213967981E+03
    0.332677592845535344E+02    0.505569602969654852E+01    0.671559259016485388E+00   -0.254780648816508034E+03
    0.333792917008660908E+02    0.496140349451853613E+01    0.702210613230208391E+00   -0.254993013968667611E+03
    0.332739209559835416E+02    0.503484077197253210E+01    0.680799813895193839E+00   -0.254703837738279532E+03
    0.333480918295061954E+02    0.498792971165889565E+01    0.675605049393203094E+00   -0.254797988194061759E+03
    0.333480918295061954E+02    0.498792971165889565E+01    0.675605049393203094E+00   -0.254797988194061759E+03
    0.333484430715857414E+02    0.499334921801236753E+01    0.667097389069829960E+00   -0.255019828981235946E+03
    0.333030785440304058E+02    0.502857946518316279E+01    0.682754571398644372E+00   -0.255113265277001346E+03
    0.332691226997292731E+02    0.505095139377635327E+01    0.679808104196743646E+00   -0.254878175203995369E+03
    0.333975843032803823E+02    0.495004305118488652E+01    0.688312129695980102E+00   -0.254862557979784100E+03
    0.332848576278668276E+02    0.502882379135956725E+01    0.682555914777471684E+00   -0.254599199812827123E+03
    0.332848576278668276E+02    0.502882379135956725E+01    0.682555914777471684E+00   -0.254599199812827123E+03
    0.334269140236188420E+02    0.492968343976356582E+01    0.687169142689319612E+00   -0.255167104193390060E+03
    0.334108888865216187E+02    0.492183096916154561E+01    0.724388816511757794E+00   -0.255126877236016611E+03
    0.333072957122918822E+02    0.500457735878719312E+01    0.697067976952642665E+00   -0.254753289735412238E+03
    0.333313800418978587E+02    0.498263249961301202E+01    0.701597009154277584E+00   -0.254861387036934900E+03
    0.332320483297144875E+02    0.506924339145895875E+01    0.673137641381561624E+00   -0.254754992524938217E+03
    0.332139219339493295E+02    0.509343472567711952E+01    0.672031535491804610E+00   -0.255003248538075695E+03
    0.332961693424034166E+02    0.501110752029721951E+01    0.688558627662471001E+00   -0.254983747181565178E+03
    0.333233650803592809E+02    0.499758930013722935E+01    0.685433137530200964E+00   -0.254683115440637067E+03
    0.333233650803592809E+02    0.499758930013722935E+01    0.685433137530200964E+00   -0.254683115440637067E+03
    0.332865312780723173E+02    0.503544089008133255E+01    0.668613942329140398E+00   -0.254636179119724062E+03
    0.332865312780723173E+02    0.503544089008133255E+01    0.668613942329140398E+00   -0.254636179119724062E+03
    0.332273889766960693E+02    0.508371305345167368E+01    0.658447017394947265E+00   -0.254689351650158301E+03
    0.331729009106848451E+02    0.511901755450745544E+01    0.654344926016137696E+00   -0.255072424687772070E+03
    0.333601042750976760E+02    0.498134891818825132E+01    0.679558784846517883E+00   -0.254756087943524705E+03
    0.334529398681590848E+02    0.489669595729324225E+01    0.715687224166664082E+00   -0.255059851304828697E+03
    0.332247957264161187E+02    0.508458563017875154E+01    0.676660979662910611E+00   -0.255119977308367908E+03
    0.333421020914252040E+02    0.498592542607274414E+01    0.676426126700931274E+00   -0.255090816884762205E+03
    0.333721571862003685E+02    0.496280091804463996E+01    0.698784597244489047E+00   -0.254687835887283455E+03
    0.333851337073602750E+02    0.496327077456310217E+01    0.677736007244163829E+00   -0.255000525431029558E+03
    0.332405180606910591E+02    0.507282463345111534E+01    0.652550868496158176E+00   -0.255015567868447988E+03
    0.332610541157721826E+02    0.504911073702247837E+01    0.674274812113843214E+00   -0.254633469891912142E+03
    0.334160442655527703E+02    0.493623136907629512E+01    0.695346788296598572E+00   -0.254976618954566476E+03
    0.332772728717698811E+02    0.505102227158088546E+01    0.659058714125340561E+00   -0.254758573255578284E+03
    0.332240084001884384E+02    0.509484080459050226E+01    0.644502480320247262E+00   -0.254962340174957006E+03
    0.333563406859953631E+02    0.496868492763532732E+01    0.693789528138947897E+00   -0.254807261184150349E+03
    0.333269375968090102E+02    0.499996740962821207E+01    0.693574452172124878E+00   -0.254722776510397694E+03
    0.331860914011633525E+02    0.513050864523471972E+01    0.635589094951975575E+00   -0.255170437559043620E+03
    0.333142589236487794E+02    0.500050760382276493E+01    0.687829095237437627E+00   -0.254816912923363816E+03
    0.333142589236487794E+02    0.500050760382276493E+01    0.687829095237437627E+00   -0.254816912923363816E+03
    0.333771401981120874E+02    0.496686073567639408E+01    0.682791807622407321E+00   -0.254806144107221030E+03
    0.333923493821249906E+02    0.493918927911977690E+01    0.719865316229171048E+00   -0.255100557642490713E+03
    0.332380307159917479E+02    0.507669271206463257E+01    0.658554634392076066E+00   -0.254679906582431869E+03
    0.332380307159917479E+02    0.507669271206463257E+01    0.658554634392076066E+00   -0.254679906582431869E+03
    0.333767434414231161E+02    0.496231795386292962E+01    0.691126978409138615E+00   -0.254692103894439782E+03
    0.332432431122588099E+02    0.505159362479007701E+01    0.694872874351049719E+00   -0.255132085545838237E+03
    0.332739471860761640E+02    0.504400885105459462E+01    0.668151636511315039E+00   -0.254634362825589136E+03
    0.332045494472008045E+02    0.509677739404704422E+01    0.656853227061541922E+00   -0.254868244061563615E+03
    0.334120730555779630E+02    0.492728139747952287E+01    0.712066320135754438E+00   -0.254874582959767707E+03
    0.332421430557326261E+02    0.505383917463779309E+01    0.679944131290876719E+00   -0.255074830845573274E+03
    0.333001620598728607E+02    0.503060026051357490E+01    0.664029034164812959E+00   -0.254739790523205130E+03
    0.331835102578164864E+02    0.510579853988667587E+01    0.665247107461001352E+00   -0.255047546957472122E+03
    0.334626890002780968E+02    0.489397415175634087E+01    0.706612479423999629E+00   -0.255153835510279663E+03
    0.334032882830389894E+02    0.494906262895397830E+01    0.694308525990962266E+00   -0.255097578896741823E+03
    0.334277500274567103E+02    0.491893715731147818E+01    0.699469330657343957E+00   -0.254975505969575721E+03
    0.333793556034172099E+02    0.495687652312691807E+01    0.704930584736121468E+00   -0.254834251770139645E+03
    0.333338513381825763E+02    0.500732009108549825E+01    0.680705398442551957E+00   -0.255064479687770756E+03
    0.334110582014087427E+02    0.492738810147146022E+01    0.700466444454960646E+00   -0.254970107934298653E+03
    0.333321594912531012E+02    0.499704281737084877E+01    0.696354879758636081E+00   -0.254888037775612759E+03
    0.332020720666550204E+02    0.509133157143201664E+01    0.679393715061660131E+00   -0.255021192919010190E+03
    0.334316796537580458E+02    0.491392010422827852E+01    0.698682952786527922E+00   -0.255137551246140788E+03
    0.334199171065102689E+02    0.492938188733371518E+01    0.697799838827874774E+00   -0.254900428701530899E+03
    0.332295056642137041E+02    0.507717098255306976E+01    0.655260355772085967E+00   -0.255077155061171595E+03
    0.332689906284974697E+02    0.505244441654300491E+01    0.653240699262098934E+00   -0.255115370232603880E+03
    0.332436324534269190E+02    0.507227452480786400E+01    0.663279705943254250E+00   -0.254634830270239007E+03
    0.332436324534269190E+02    0.507227452480786400E+01    0.663279705943254250E+00   -0.254634830270239007E+03
    0.334007841379140871E+02    0.492500796586043421E+01    0.716665328613982133E+00   -0.255108357984746192E+03
    0.332742938909338477E+02    0.504900326453031401E+01    0.660377234184758355E+00   -0.254738850052413198E+03
    0.331538695669286909E+02    0.514309699354078997E+01    0.656520797475549478E+00   -0.255137649994500919E+03
    0.332326971934634514E+02    0.505929323455551128E+01    0.686770359466503888E+00   -0.255107616241605172E+03
    0.334176735323802774E+02    0.491408926399863066E+01    0.724210398972646718E+00   -0.255094612611772732E+03
    0.333483635090749004E+02    0.499207094973991605E+01    0.690449049083789235E+00   -0.255108789894903964E+03
    0.333230780716230015E+02    0.500024009814338566E+01    0.676960211283861857E+00   -0.254881883286953212E+03
    0.332217229027023393E+02    0.509722929046872508E+01    0.651167464457701461E+00   -0.254854874107839748E+03
    0.332272741016833777E+02    0.509203444794123161E+01    0.642919754084014361E+00   -0.255054177976327821E+03
    0.333630456255033749E+02    0.496881705329290568E+01    0.692222272810937955E+00   -0.254656960662425973E+03
    0.333630456255033749E+02    0.496881705329290568E+01    0.692222272810937955E+00   -0.254656960662425973E+03
    0.333827538630942229E+02    0.496415426325233877E+01    0.676007570720827733E+00   -0.255057939084394945E+03
    0.332483160230920873E+02    0.505276015934808420E+01    0.682726383734640230E+00   -0.254796216305654497E+03
    0.334266567718098386E+02    0.491187784389943971E+01    0.724510664081844613E+00   -0.255151062053104027E+03
    0.333576973121610649E+02    0.498455430926529175E+01    0.682734717453831408E+00   -0.254787255565981837E+03
    0.333828303160174897E+02    0.495497327455995773E+01    0.682525280777626975E+00   -0.255168470652419586E+03
    0.331273559396645325E+02    0.516219180391515486E+01    0.645334780148131726E+00   -0.255114578036732610E+03
    0.331443540623592696E+02    0.515403629906113991E+01    0.638310866615241834E+00   -0.255087918416544966E+03
    0.333344967530780565E+02    0.500890549626055659E+01    0.673967229514962352E+00   -0.254998419012599214E+03
    0.332304673313703915E+02    0.507582156355763381E+01    0.674236153703693053E+00   -0.254719012920887081E+03
    0.333589015696676086E+02    0.497054799220953480E+01    0.684424728190974663E+00   -0.254979476990764454E+03
    0.333106233238118605E+02    0.502934559190535246E+01    0.657057730016194608E+00   -0.255035165266342489E+03
    0.331564323454560963E+02    0.513380221422306970E+01    0.654964872099629281E+00   -0.254997860804043967E+03
    0.333790767674074687E+02    0.496797647049670665E+01    0.691593844603728747E+00   -0.255022230135357745E+03
    0.332813676871959814E+02    0.505217906556289709E+01    0.665141133556929942E+00   -0.255022550107576564E+03
    0.333332549222522800E+02    0.498663473259274248E+01    0.696035231924536757E+00   -0.254674042195367321E+03
    0.333332549222522800E+02    0.498663473259274248E+01    0.696035231924536757E+00   -0.254674042195367321E+03
    0.331976939825620292E+02    0.510084634981583829E+01    0.671406765405447414E+00   -0.254901275829012775E+03
    0.333205900252497003E+02    0.500522972630814333E+01    0.680077409351248163E+00   -0.254597241690970492E+03
    0.333205900252497003E+02    0.500522972630814333E+01    0.680077409351248163E+00   -0.254597241690970492E+03
    0.333628729714582519E+02    0.497289602814854703E+01    0.699171113185254045E+00   -0.254832896721978699E+03
    0.332159006152146361E+02    0.510518654049478737E+01    0.653352024952726262E+00   -0.255149189461323772E+03
    0.333660690474123456E+02    0.496040418380506321E+01    0.702987650711667800E+00   -0.254726841116092032E+03
    0.333009383038180005E+02    0.500444954747324644E+01    0.703864302852594714E+00   -0.254997289756460845E+03
    0.332436209948358794E+02    0.506426081945868667E+01    0.671351883961131768E+00   -0.254634029411043400E+03
    0.332436209948358794E+02    0.506426081945868667E+01    0.671351883961131768E+00   -0.254634029411043400E+03
    0.331852725742309147E+02    0.510921723374393189E+01    0.673784187232270404E+00   -0.255098023938471528E+03
    0.332635392594693613E+02    0.506715638842820759E+01    0.654638197145739009E+00   -0.254932702553068907E+03
    0.331834663756178401E+02    0.510438583536067370E+01    0.673681929434672311E+00   -0.255071925478752206E+03
    0.331925686405624560E+02    0.510091017530868562E+01    0.672278808569917063E+00   -0.254926034969655120E+03
    0.332079911925513045E+02    0.508522934594843257E+01    0.677441409013260776E+00   -0.254937531575390096E+03
    0.332570812044021693E+02    0.505922728317803916E+01    0.667701401252232651E+00   -0.254590768782363597E+03
    0.333092820311210218E+02    0.502149842044423700E+01    0.684514067112355074E+00   -0.254946109364428281E+03
    0.333092820311210218E+02    0.502149842044423700E+01    0.684514067112355074E+00   -0.254946109364428281E+03
    0.332952848182728403E+02    0.501358960468743220E+01    0.684639930670896346E+00   -0.254977467692310569E+03
    0.333512150856507077E+02    0.497637431540909603E+01    0.706433324300523080E+00   -0.254919224934860381E+03
    0.333687018462190963E+02    0.496875809891236386E+01    0.682499618152450083E+00   -0.254827744568818360E+03
    0.334126326308481936E+02    0.491804817010598949E+01    0.716957067473493526E+00   -0.255037778312791374E+03
    0.333183634025651969E+02    0.500978592365095210E+01    0.682730290606548773E+00   -0.254584758157986215E+03
    0.332101099677392142E+02    0.510985455745526806E+01    0.647888804392367623E+00   -0.255038396522089187E+03
    0.333246321026931369E+02    0.502032634274883627E+01    0.665003417388941198E+00   -0.255102977143154391E+03
    0.332918515477375792E+02    0.503487500015948264E+01    0.672337039742866294E+00   -0.254617400471457046E+03
    0.333774220715170884E+02    0.495223408516690267E+01    0.692471538854932289E+00   -0.255067196013555844E+03
    0.332620622418767766E+02    0.505623210416099056E+01    0.654402838416394239E+00   -0.255073302700957385E+03
    0.332474329886860147E+02    0.504695476777959584E+01    0.695019780225104022E+00   -0.255131103369734660E+03
    0.332773121832176884E+02    0.502617515947443927E+01    0.691111636197061174E+00   -0.254873360796226990E+03
    0.333686586439381756E+02    0.498210154064198907E+01    0.668262144969646865E+00   -0.255160339286011066E+03
    0.332967650622150231E+02    0.502427760190258432E+01    0.671224507770818768E+00   -0.254722604633968444E+03
    0.332967650622150231E+02    0.502427760190258432E+01    0.671224507770818768E+00   -0.254722604633968444E+03
    0.332590197861004455E+02    0.506934066496068514E+01    0.658932961736853562E+00   -0.254912271612230910E+03
    0.332677320012003435E+02    0.503927455063732932E+01    0.680256084050533838E+00   -0.254727378727191962E+03
    0.332677320012003435E+02    0.503927455063732932E+01    0.680256084050533838E+00   -0.254727378727191962E+03
    0.331758145039873753E+02    0.512665599186805032E+01    0.657947899469785158E+00   -0.254987440809515419E+03
    0.334551758567037680E+02    0.488849433316560056E+01    0.723018637329497449E+00   -0.255127956466164903E+03
    0.334163999496150126E+02    0.494124973249028354E+01    0.686017728572053787E+00   -0.255163544927992888E+03
    0.333513835587893226E+02    0.497908759012610957E+01    0.692367716512844011E+00   -0.254607138041734856E+03
    0.333513835587893226E+02    0.497908759012610957E+01    0.692367716512844011E+00   -0.254607138041734856E+03
    0.332801579962238137E+02    0.503915511473903521E+01    0.665921860132085319E+00   -0.254744551398071565E+03
    0.332406928769101384E+02    0.506892010649834290E+01    0.676632940102046110E+00   -0.254746071512995968E+03
    0.332406928769101384E+02    0.506892010649834290E+01    0.676632940102046110E+00   -0.254746071512995968E+03
    0.332733700356166224E+02    0.503101084707659041E+01    0.686054811319191660E+00   -0.254838865469555770E+03
    0.332304674016004782E+02    0.508693376763843208E+01    0.660549464868209091E+00   -0.254793070931293045E+03
    0.332304674016004782E+02    0.508693376763843208E+01    0.660549464868209091E+00   -0.254793070931293045E+03
    0.331423365826772098E+02    0.514833431532150243E+01    0.653294184957301738E+00   -0.255047532610236146E+03
    0.333281122193091264E+02    0.498843591948608278E+01    0.686352920248195164E+00   -0.255102822200327410E+03
    0.333657750159488842E+02    0.497502648130731284E+01    0.685480279235645806E+00   -0.254715075067884158E+03
    0.333374281713899379E+02    0.499908478177285964E+01    0.690193412101772985E+00   -0.255017955660350282E+03
    0.333290482234780114E+02    0.499585187622112237E+01    0.679217092549516788E+00   -0.254802191586537788E+03
    0.333290482234780114E+02    0.499585187622112237E+01    0.679217092549516788E+00   -0.254802191586537788E+03
    0.332382356665307412E+02    0.507585532353947766E+01    0.667794396015882641E+00   -0.254693644170750673E+03
    0.332382356665307412E+02    0.507585532353947766E+01    0.667794396015882641E+00   -0.254693644170750673E+03
    0.333906354937015237E+02    0.494810974207929632E+01    0.689258308311078705E+00   -0.254938768967051885E+03
    0.333401327733238162E+02    0.499511474129113076E+01    0.690069890437598588E+00   -0.254840232916471820E+03
    0.333479831599048850E+02    0.499554839230726166E+01    0.683794938545515874E+00   -0.255075450963688951E+03
    0.331985258667218730E+02    0.508908080369819693E+01    0.674186804277305374E+00   -0.255157047905735936E+03
    0.333598646766760680E+02    0.496396002027644734E+01    0.711204936936870924E+00   -0.254876932537960641E+03
    0.333846453235466214E+02    0.495439930703974163E+01    0.703079676037863255E+00   -0.254832806724570673E+03
    0.331948227429767400E+02    0.511196313580277817E+01    0.649760211236158458E+00   -0.254819019927709888E+03
    0.332055247830394080E+02    0.511297136618881343E+01    0.641015316383077627E+00   -0.255029466915557038E+03
    0.334206630056691480E+02    0.492125894735814917E+01    0.710531564325070475E+00   -0.254874386511044094E+03
    0.332423907098529483E+02    0.505442063565594424E+01    0.693582972464277914E+00   -0.255084200268268376E+03
    0.333451251030087406E+02    0.498063418565940097E+01    0.701940154804158389E+00   -0.254740939839011958E+03
    0.333451251030087406E+02    0.498063418565940097E+01    0.701940154804158389E+00   -0.254740939839011958E+03
    0.331639888807684358E+02    0.514576249523397955E+01    0.635688736209517602E+00   -0.255139224496111012E+03
    0.334203776266832335E+02    0.492769933523515213E+01    0.707133860291230820E+00   -0.254993244374174907E+03
    0.333423234699750992E+02    0.498581939209218294E+01    0.688354341214845178E+00   -0.254603383262070963E+03
    0.333423234699750992E+02    0.498581939209218294E+01    0.688354341214845178E+00   -0.254603383262070963E+03
    0.332652900502620739E+02    0.504507627896272837E+01    0.666387582070926743E+00   -0.255007951103835808E+03
    0.334089250283745400E+02    0.494140866173942239E+01    0.702012987347043982E+00   -0.255134143104508752E+03
    0.332929020906721007E+02    0.502922772283192998E+01    0.679260676035952971E+00   -0.254570001342491679E+03
    0.331789826123319358E+02    0.511389595583491463E+01    0.654100304082707251E+00   -0.255117420342055624E+03
    0.331600528572780462E+02    0.514540121111299165E+01    0.637957318266187956E+00   -0.255059432831496906E+03
    0.331996250059865616E+02    0.510054512372060476E+01    0.668465268356911224E+00   -0.254823555375690717E+03
    0.331999857907996869E+02    0.510154093531523412E+01    0.649090690909429613E+00   -0.255167841036516620E+03
    0.334012467406858278E+02    0.494166915788121397E+01    0.697284545440629122E+00   -0.254776976158517073E+03
    0.334197935455207116E+02    0.493250252679187184E+01    0.697810631951730764E+00   -0.254987519536602377E+03
    0.332134570923915220E+02    0.508670930401959431E+01    0.657429832115771995E+00   -0.255093644830610998E+03
    0.331470859948272931E+02    0.515599504990235147E+01    0.641836257089415607E+00   -0.255139166213241680E+03
    0.334572889050659938E+02    0.488808523268053285E+01    0.720653595644674461E+00   -0.255112726828994795E+03
    0.333516290285916170E+02    0.499475093502295397E+01    0.674639934790012719E+00   -0.254967717125404249E+03
    0.332420957014183927E+02    0.505008149547574536E+01    0.690765139614020862E+00   -0.255170460949192886E+03
    0.332436058254579194E+02    0.507475411502512763E+01    0.651988107740106404E+00   -0.254853546128655097E+03
    0.332553487629498079E+02    0.505294930353672278E+01    0.690742651015825881E+00   -0.255068931296805971E+03
    0.332142503626325407E+02    0.507832277997024661E+01    0.677492400182695520E+00   -0.254976364526979438E+03
    0.332142503626325407E+02    0.507832277997024661E+01    0.677492400182695520E+00   -0.254976364526979438E+03
    0.333541545580066412E+02    0.497244360825868625E+01    0.688931747677838269E+00   -0.254838825837736294E+03
    0.333020119286187182E+02    0.500012904028839777E+01    0.704996855938752498E+00   -0.255168323242913857E+03
    0.333059488740798599E+02    0.501669580326151632E+01    0.674381599865439219E+00   -0.254678568824248600E+03
    0.333095459377109080E+02    0.501438241036911414E+01    0.673625183124376248E+00   -0.254708213408092831E+03
    0.333027803676069283E+02    0.501192755112083255E+01    0.684658651836668075E+00   -0.254706026756112379E+03
    0.333096709790598098E+02    0.502462099916134974E+01    0.661167066227577038E+00   -0.254887635111211694E+03
    0.334151011248880891E+02    0.492443678888988412E+01    0.706504816154975290E+00   -0.254855061883395564E+03
    0.334186014149181361E+02    0.491178683302834429E+01    0.722036912959027277E+00   -0.255113141538184777E+03
    0.332556762009520384E+02    0.504162501792808371E+01    0.688486965048348831E+00   -0.255012724949893027E+03
    0.332814225368025873E+02    0.502662322762231106E+01    0.688326682469193818E+00   -0.254721640250212403E+03
    0.332550096850772832E+02    0.505626782447190060E+01    0.682488113692300447E+00   -0.254791900401306606E+03
    0.333542160350178776E+02    0.498097681618584875E+01    0.687256127097276792E+00   -0.254629891488675185E+03
    0.333542160350178776E+02    0.498097681618584875E+01    0.687256127097276792E+00   -0.254629891488675185E+03
    0.333854528444477126E+02    0.495850279784966297E+01    0.684045871404309391E+00   -0.254855588810266966E+03
    0.333854528444477126E+02    0.495850279784966297E+01    0.684045871404309391E+00   -0.254855588810266966E+03
    0.333444564232500085E+02    0.499203790790180424E+01    0.690141947373665521E+00   -0.254844926391024302E+03
    0.332517433529312427E+02    0.506518890251842180E+01    0.667405525909594788E+00   -0.254623746081652683E+03
    0.333494074821733335E+02    0.500018693147814108E+01    0.664717293034982282E+00   -0.255161620728971656E+03
    0.332704462272049852E+02    0.505226368517005842E+01    0.675617529651032833E+00   -0.254834966917277171E+03
    0.331840484283287580E+02    0.510641521433653089E+01    0.664489372961738822E+00   -0.255002689332741994E+03
    0.332098324344954605E+02    0.508521245241681541E+01    0.672077991904423966E+00   -0.254875198231197317E+03
    0.333593237496386479E+02    0.497496568663832495E+01    0.702584580091922151E+00   -0.254974271859869816E+03
    0.333506695089208449E+02    0.496686893476384128E+01    0.697848265140964319E+00   -0.255108286448154331E+03
    0.333133726518063042E+02    0.500874051269887399E+01    0.690466006504811602E+00   -0.254621035725579105E+03
    0.333954593676923110E+02    0.493548439863936839E+01    0.722121163916543463E+00   -0.255144898452205751E+03
    0.332065880844294483E+02    0.511221658766598708E+01    0.648139087995218577E+00   -0.255034892301666503E+03
    0.334312153973874757E+02    0.491924811783337379E+01    0.703155186992675318E+00   -0.254947330236684763E+03
    0.332174751497882212E+02    0.507406339056890499E+01    0.683413831939984395E+00   -0.255045140037949977E+03
    0.333391034142032936E+02    0.500633928574769982E+01    0.672865004525537547E+00   -0.255049068226236813E+03
    0.332209251473072911E+02    0.507830948867693976E+01    0.676683383365138891E+00   -0.254796101134423452E+03
    0.334564335236821648E+02    0.489393504997254336E+01    0.713666455136656053E+00   -0.255064093969133438E+03
    0.332244556673175921E+02    0.507229628255767029E+01    0.679137476779979821E+00   -0.254856747698877342E+03
    0.332891557840496333E+02    0.502109471037548882E+01    0.696999970915733069E+00   -0.254826662819953071E+03
    0.333615111407000029E+02    0.495532782067233235E+01    0.708031274977362290E+00   -0.255101299895116625E+03
    0.332531113190432919E+02    0.506434392919273169E+01    0.651674983608238279E+00   -0.255095818396924244E+03
    0.333828745855634281E+02    0.494962943360591190E+01    0.695700293437814032E+00   -0.254854585058046098E+03
    0.333828745855634281E+02    0.494962943360591190E+01    0.695700293437814032E+00   -0.254854585058046098E+03
    0.333718004870379374E+02    0.495691873648705794E+01    0.708178465980063843E+00   -0.254782197274424192E+03
    0.333718004870379374E+02    0.495691873648705794E+01    0.708178465980063843E+00   -0.254782197274424192E+03
    0.332497285749234877E+02    0.506035134665216635E+01    0.662991807130783539E+00   -0.254843144268053919E+03
    0.334051352732783116E+02    0.492859686308889167E+01    0.716887093348843596E+00   -0.254930511820209318E+03
    0.332961105911054887E+02    0.503437420393173962E+01    0.657797338112385610E+00   -0.254946303228541353E+03
    0.333098331375659455E+02    0.502764067185238606E+01    0.671872092432281742E+00   -0.254946548437448115E+03
    0.333548633501075926E+02    0.496401810732854010E+01    0.709542689713302588E+00   -0.254880738174944952E+03
    0.333476637144298849E+02    0.500014277993507505E+01    0.674345325402178619E+00   -0.255123651416162204E+03
    0.332514682122226048E+02    0.505585370171079607E+01    0.667812858869596182E+00   -0.254841154937070115E+03
    0.332161037205877960E+02    0.509442863681465852E+01    0.665831296598950795E+00   -0.254858301953522840E+03
    0.333501222642771253E+02    0.496209580781393278E+01    0.712009050373281660E+00   -0.255157179944691961E+03
    0.332678778793099710E+02    0.506268863044996742E+01    0.650802239539031824E+00   -0.254957482899090508E+03
    0.333835265508868773E+02    0.494322891078406990E+01    0.711667382280732452E+00   -0.254864073017207261E+03
    0.333726083464533900E+02    0.494625959618879918E+01    0.722319297317170150E+00   -0.255165729041179134E+03
    0.334127522210314964E+02    0.492018020116986321E+01    0.719584954328639670E+00   -0.254986466127608111E+03
    0.333066831102751451E+02    0.502051131777789461E+01    0.663833281326585256E+00   -0.254974973410623818E+03
    0.333604338470164237E+02    0.496072975535444094E+01    0.716111322582217324E+00   -0.255013586187890041E+03
    0.333503391306451960E+02    0.497284887633708017E+01    0.697743178259770502E+00   -0.254713759766495457E+03
    0.332947834383814723E+02    0.501175590696555062E+01    0.697464763692800860E+00   -0.254867599236379789E+03
    0.333604571054820411E+02    0.497121261988124985E+01    0.704516192477387393E+00   -0.254878037118553863E+03
    0.332366504180920046E+02    0.505951670761298189E+01    0.689450697307319116E+00   -0.255002738903294784E+03
    0.332302134028610041E+02    0.507477306305220921E+01    0.676957453181723290E+00   -0.254769417757094146E+03
    0.333287917434027676E+02    0.497906371035034923E+01    0.709604486503402576E+00   -0.255138503180743697E+03
    0.333222566920226910E+02    0.498722763230444510E+01    0.709503444505416470E+00   -0.255021587418724494E+03
    0.331639893716819500E+02    0.512843489460977864E+01    0.655555726605691724E+00   -0.254944774470872403E+03
    0.332577286204804068E+02    0.505335556583297851E+01    0.684076370069669815E+00   -0.254801211210052230E+03
    0.331519660570450156E+02    0.513582733132856983E+01    0.655687069631245456E+00   -0.255057242394766433E+03
    0.332658877236201391E+02    0.504982913696794355E+01    0.682175246302217930E+00   -0.254784680687147102E+03
    0.332464863240550272E+02    0.508331195385887202E+01    0.650549662820533836E+00   -0.255084284102295840E+03
    0.332748834214299478E+02    0.504890709831657780E+01    0.657284820502506362E+00   -0.254863823656771501E+03
    0.333470915268088390E+02    0.499237849354708363E+01    0.682252068266250511E+00   -0.254749604176146107E+03
    0.333343007423704307E+02    0.500073561280781753E+01    0.676730282570930708E+00   -0.254658101983019179E+03
    0.332621820250092668E+02    0.504754419295184587E+01    0.665024652332304900E+00   -0.255066486196701447E+03
    0.332585362577845629E+02    0.503769737484647262E+01    0.687255147654111109E+00   -0.255167867055968799E+03
    0.331533290605245199E+02    0.514518401570632467E+01    0.651999253670352052E+00   -0.255060452205668071E+03
    0.332436326876941663E+02    0.506087943382489325E+01    0.675039236322104941E+00   -0.254692573195059708E+03
    0.332436326876941663E+02    0.506087943382489325E+01    0.675039236322104941E+00   -0.254692573195059708E+03
    0.331664646463305246E+02    0.514204498137257993E+01    0.645695002457292722E+00   -0.255145038272922932E+03
    0.334038797720045011E+02    0.492392581498360116E+01    0.725432113861271821E+00   -0.255146993145559946E+03
    0.334474245807109227E+02    0.490504935053721880E+01    0.701636970707698815E+00   -0.255090110299076315E+03
    0.334117413000825252E+02    0.492331251364983835E+01    0.715107173099963411E+00   -0.254904012514014227E+03
    0.331894851690026513E+02    0.511773080955039905E+01    0.642050912058157230E+00   -0.255027666439115023E+03
    0.331746288226108490E+02    0.512106944947662690E+01    0.659191299271264519E+00   -0.254867353538953921E+03
    0.332710210310732748E+02    0.506127239820096531E+01    0.648879168050219501E+00   -0.255044340583530897E+03
    0.331961782295494814E+02    0.511684086910456770E+01    0.654185999970328336E+00   -0.255038031686974250E+03
    0.332938519002747455E+02    0.502100233854199463E+01    0.688731821005964751E+00   -0.254622037312037293E+03
    0.332467352795869928E+02    0.507676714342376201E+01    0.652876619631248767E+00   -0.254811306287780241E+03
    0.332467352795869928E+02    0.507676714342376201E+01    0.652876619631248767E+00   -0.254811306287780241E+03
    0.332169417271661445E+02    0.509759172126545046E+01    0.642055145906604841E+00   -0.255124756875495649E+03
    0.333413296011726601E+02    0.498557916234054321E+01    0.689780238408373547E+00   -0.254604477044236660E+03
    0.333413296011726601E+02    0.498557916234054321E+01    0.689780238408373547E+00   -0.254604477044236660E+03
    0.333331456411370866E+02    0.499331612401188352E+01    0.689760865301023429E+00   -0.254578747133175256E+03
    0.333331456411370866E+02    0.499331612401188352E+01    0.689760865301023429E+00   -0.254578747133175256E+03
    0.334075217056823277E+02    0.493153187241713553E+01    0.701884259968859059E+00   -0.254838122814575030E+03
    0.332170215957265711E+02    0.510488133447403669E+01    0.643914052696950900E+00   -0.255021841591897299E+03
    0.332190329074415729E+02    0.508342844259320437E+01    0.681603380479540055E+00   -0.255107100100617231E+03
    0.332244766980907755E+02    0.509584361244393769E+01    0.659140857427944593E+00   -0.255089820238433617E+03
    0.332637134886236865E+02    0.503589605979348676E+01    0.695390350211637864E+00   -0.254982776161488346E+03
    0.333759420742866055E+02    0.497018449267457108E+01    0.693940233030041043E+00   -0.255117850933776566E+03
    0.332597334028402969E+02    0.504722260443391058E+01    0.675634744300562584E+00   -0.254730266875112420E+03
    0.332597334028402969E+02    0.504722260443391058E+01    0.675634744300562584E+00   -0.254730266875112420E+03
    0.332057773128201035E+02    0.511127197442769887E+01    0.638812154887426042E+00   -0.255085168849792950E+03
    0.332188507715717520E+02    0.508226090062565028E+01    0.659273852046363462E+00   -0.255036255030675591E+03
    0.332480460950712740E+02    0.507983554846540653E+01    0.643064936447159230E+00   -0.255123464210652401E+03
    0.333268823595904777E+02    0.501411777681812332E+01    0.666806241442333025E+00   -0.254881115589095259E+03
    0.333000496947341915E+02    0.500324820175763385E+01    0.707243518741638377E+00   -0.255121268395694813E+03
    0.332750538155909226E+02    0.505940483893488224E+01    0.660259796725948256E+00   -0.255088841084293506E+03
    0.333558309569207978E+02    0.497653283675390323E+01    0.687356346079334157E+00   -0.254654084772510743E+03
    0.333092473112151310E+02    0.501322998293728084E+01    0.696044868977740538E+00   -0.254946320875381844E+03
    0.333508635761955503E+02    0.498010354570411629E+01    0.700675553232010362E+00   -0.254831234992240297E+03
    0.332908186041763301E+02    0.503332813785464683E+01    0.677897050704936888E+00   -0.254625637268189791E+03
    0.331551072732688681E+02    0.514506306603468921E+01    0.647348644329502232E+00   -0.254991268665902936E+03
    0.332519543119828427E+02    0.504772192051659552E+01    0.685703365273198528E+00   -0.254867931577498126E+03
    0.333719545221093838E+02    0.495441273513751490E+01    0.702232199236907606E+00   -0.254805388586741287E+03
    0.332333344976300111E+02    0.506404939867804416E+01    0.674308239300527856E+00   -0.254974257051169928E+03
    0.331880821319339603E+02    0.511927427058141760E+01    0.661219334332859288E+00   -0.255149762886092560E+03
    0.333252022178580276E+02    0.501113792674361758E+01    0.681039947005437574E+00   -0.254861233409900052E+03
    0.333828489092119298E+02    0.496109377233269377E+01    0.690493397794068597E+00   -0.254775079534945945E+03
    0.334074141383316672E+02    0.493818062638128286E+01    0.687737532602066493E+00   -0.255055116007511998E+03
    0.332678040997800082E+02    0.504998570370629007E+01    0.658373465411723813E+00   -0.254986634822913544E+03
    0.333259966562527268E+02    0.499198372069071006E+01    0.693030081002069642E+00   -0.254699913668013977E+03
    0.331790103151088118E+02    0.510804769218224131E+01    0.667938062759603435E+00   -0.255089347542348293E+03
    0.333586988165508700E+02    0.497540834116150776E+01    0.695597481880888102E+00   -0.254689265377814280E+03
    0.333023632591173850E+02    0.501045844347663394E+01    0.687240723359232475E+00   -0.254742441407626671E+03
    0.333718719136526687E+02    0.495133357084971948E+01    0.720981127011871781E+00   -0.255150423851054910E+03
    0.333329317021024139E+02    0.499845165138561676E+01    0.676527470143052478E+00   -0.254682904128975451E+03
    0.332813035626209697E+02    0.503489401231667610E+01    0.686168192376092501E+00   -0.254693575994569017E+03
    0.331999560999852505E+02    0.510154227041821873E+01    0.672659904254504282E+00   -0.255033105352102041E+03
    0.332779825827538787E+02    0.503720535082355703E+01    0.671550045068066037E+00   -0.254691546313762501E+03
    0.332158500410502810E+02    0.510222455617884663E+01    0.640980024178495089E+00   -0.255054338342155972E+03
    0.331408368717631205E+02    0.516200685382323776E+01    0.637149759640268876E+00   -0.255170691422565199E+03
    0.331426053200435149E+02    0.515773784621925202E+01    0.635491902445899148E+00   -0.255134541829256335E+03
    0.333075819564789128E+02    0.502689479017009333E+01    0.659442259253694485E+00   -0.254932598148877958E+03
    0.333689011826994530E+02    0.497347883528074330E+01    0.673402768718956768E+00   -0.255068486088534513E+03
    0.332526889387938382E+02    0.506304989466474176E+01    0.663624633437827960E+00   -0.254630927015401113E+03
    0.333550610737370334E+02    0.497138753456215277E+01    0.706742730416050957E+00   -0.254824142052922440E+03
    0.333239137839275514E+02    0.502064688338353093E+01    0.660410725434411705E+00   -0.255091210717101262E+03
    0.333437440648400241E+02    0.498899064258598202E+01    0.670894315536695651E+00   -0.255144407702442351E+03
    0.334317059089422202E+02    0.490849996283349554E+01    0.724215848161525733E+00   -0.255146036918142613E+03
    0.331937518270464835E+02    0.510250110446718619E+01    0.661172340050701912E+00   -0.254871115952220151E+03
    0.331907896750601950E+02    0.509913516377420972E+01    0.678657390284716389E+00   -0.255111168687327847E+03
    0.333850168676601839E+02    0.494685897927899187E+01    0.700557908779909200E+00   -0.254791076093585502E+03
    0.331962022455317296E+02    0.512043876158425704E+01    0.647911017020269764E+00   -0.255096877515699958E+03
    0.334239694281127697E+02    0.492207668924139874E+01    0.713911747452098400E+00   -0.255086527060551902E+03
    0.333365515473399228E+02    0.500886177367729601E+01    0.662284759757414854E+00   -0.255077866258411007E+03
    0.332732143433890570E+02    0.503517407930957006E+01    0.695684292617451128E+00   -0.254954313199707883E+03
    0.333199748448292183E+02    0.499937586817424506E+01    0.686257629213830156E+00   -0.254687951344791600E+03
    0.332022124128447444E+02    0.511006063387485021E+01    0.639416584137764143E+00   -0.255138750572060246E+03
    0.334395927286484067E+02    0.491508564201760212E+01    0.695977317726011790E+00   -0.255092334979072035E+03
    0.333229164663874400E+02    0.499844236453533419E+01    0.704783946270402639E+00   -0.255071744725814767E+03
    0.333761851211477989E+02    0.495271290307236800E+01    0.702377403612366225E+00   -0.254756242038930793E+03
    0.332637484692661900E+02    0.505248997734945249E+01    0.672214324849166101E+00   -0.254575822612471171E+03
    0.334043931277346857E+02    0.494442417855293392E+01    0.687456863504171123E+00   -0.254932416145264369E+03
    0.334412608672053651E+02    0.491569877953711298E+01    0.701828706580725603E+00   -0.255131837823627109E+03
    0.333911629068529834E+02    0.495575386040446642E+01    0.681858007446695003E+00   -0.254954739679700054E+03
    0.333911629068529834E+02    0.495575386040446642E+01    0.681858007446695003E+00   -0.254954739679700054E+03
    0.331542471625593720E+02    0.514668893111915615E+01    0.639849686908564586E+00   -0.255033633619671434E+03
    0.332556160777871099E+02    0.506731522164176074E+01    0.668211896202155153E+00   -0.254884843472056247E+03
    0.333277116222778602E+02    0.500084415566833496E+01    0.682092775750440805E+00   -0.254577051531351657E+03
    0.332738024368378333E+02    0.504819677367858155E+01    0.661629650824338889E+00   -0.254721885031086003E+03
    0.333429106416181753E+02    0.497780032113822202E+01    0.701013839415587370E+00   -0.254714412717928241E+03
    0.332087972508784190E+02    0.509526245037750325E+01    0.653949401673385111E+00   -0.254899429343824380E+03
    0.333718725529182549E+02    0.495754380173307396E+01    0.709083399628360089E+00   -0.254819723145321319E+03
    0.331734105747489281E+02    0.512788811312239012E+01    0.649088808752196322E+00   -0.254870998349827090E+03
    0.331782345196555326E+02    0.511623410057148931E+01    0.653486086489479812E+00   -0.255021595260662508E+03
    0.333784960891105627E+02    0.494809739320277231E+01    0.708731301677820280E+00   -0.254821150605331837E+03
    0.334508663471976035E+02    0.489388228251092716E+01    0.716183573770476256E+00   -0.255070684524092457E+03
    0.332267237873732597E+02    0.507349837775964208E+01    0.666367505568875140E+00   -0.254929742005959753E+03
    0.332466888793851041E+02    0.507320139267356929E+01    0.655324719289625657E+00   -0.254740882212354705E+03
    0.332466888793851041E+02    0.507320139267356929E+01    0.655324719289625657E+00   -0.254740882212354705E+03
    0.333442670417064875E+02    0.499262814969986568E+01    0.679005661135659411E+00   -0.254673329849252411E+03
    0.333585664832837949E+02    0.497271295079527853E+01    0.697035372719373214E+00   -0.254647877412185437E+03
    0.334301192946152241E+02    0.491659498194169053E+01    0.711192123134468224E+00   -0.254962547221700817E+03
    0.332914810166243456E+02    0.502729242150250144E+01    0.686280827439031960E+00   -0.254647004208561185E+03
    0.333813306034042583E+02    0.496201974128584844E+01    0.682340371493468822E+00   -0.254864603118885412E+03
    0.332102589212720147E+02    0.509152235536317832E+01    0.678339042678565263E+00   -0.255103498054968696E+03
    0.332333318005791227E+02    0.507691316876485477E+01    0.656327544700810783E+00   -0.254850067361249273E+03
    0.332562435311917142E+02    0.506808710111992688E+01    0.663719001915401341E+00   -0.254815584181096767E+03
    0.333215810660208760E+02    0.499582517058950959E+01    0.699777112048926453E+00   -0.254725186883020569E+03
    0.332292080111751176E+02    0.509562539175229734E+01    0.644468779773612610E+00   -0.255030421721426251E+03
    0.332498324393931952E+02    0.505938675441743513E+01    0.660365674589605711E+00   -0.255067823901055277E+03
    0.333316098404360872E+02    0.501493040410496160E+01    0.662951718530082279E+00   -0.255119233552284413E+03
    0.333699057382264073E+02    0.495168690559837454E+01    0.717585582230990227E+00   -0.255011205880870762E+03
    0.334133800965184804E+02    0.493494380166364088E+01    0.694180067779563204E+00   -0.254888217210034213E+03
    0.332103355048526652E+02    0.511282718328677088E+01    0.640302334363888503E+00   -0.255160499186844788E+03
    0.332275595566642252E+02    0.508166332788607900E+01    0.669599433032339153E+00   -0.254716553926917186E+03
    0.333421989694200818E+02    0.497748745481174915E+01    0.692041764466197140E+00   -0.254931512427194917E+03
    0.333862813725544356E+02    0.494591419355928341E+01    0.694373726344800879E+00   -0.255019277635083739E+03
    0.332913611812021415E+02    0.501819247838029625E+01    0.700729070215628247E+00   -0.254935259963406708E+03
    0.334213728526566740E+02    0.493067816718327023E+01    0.698293336591043978E+00   -0.254974762142665782E+03
    0.332311569457956750E+02    0.508109571568112806E+01    0.649974879414523254E+00   -0.255041286333393572E+03
    0.332292467970964367E+02    0.506897658307727461E+01    0.680945716996885220E+00   -0.254837617534724615E+03
    0.333950292020394599E+02    0.494762210129697255E+01    0.692108416385025293E+00   -0.254790649969334169E+03
    0.332216196647625566E+02    0.509581532544641025E+01    0.655616245988425161E+00   -0.254836577811856102E+03
    0.332724430076210638E+02    0.504616265485141469E+01    0.667922180435999269E+00   -0.254610831885737213E+03
    0.332161099967901237E+02    0.509914635342285560E+01    0.659854171629306707E+00   -0.254930720829024409E+03
    0.331673449265298643E+02    0.512458471881384359E+01    0.657780846764375093E+00   -0.254943030346148419E+03
    0.332152073147375688E+02    0.510641069798374936E+01    0.644398539162354456E+00   -0.255025560456902099E+03
    0.333017468234360976E+02    0.501415629548870534E+01    0.703108433908627761E+00   -0.255145646045132764E+03
    0.334675962088322194E+02    0.488325912464981737E+01    0.718893790624153262E+00   -0.255147078642567152E+03
    0.332715591574874949E+02    0.505619086206242230E+01    0.649276237120603339E+00   -0.255099773114828480E+03
    0.333221928022050804E+02    0.500412559852603422E+01    0.671217704465887799E+00   -0.254974950315469982E+03
    0.332685145243294045E+02    0.505289993452703712E+01    0.666132210284124282E+00   -0.254610307511680588E+03
    0.332685145243294045E+02    0.505289993452703712E+01    0.666132210284124282E+00   -0.254610307511680588E+03
    0.334419143547584810E+02    0.489484167048063767E+01    0.722979143693382564E+00   -0.255166793558229784E+03
    0.332189919525531820E+02    0.510099309886293284E+01    0.648840510468208898E+00   -0.254917953018031056E+03
    0.332895610991766944E+02    0.503120460064692665E+01    0.674170898338472657E+00   -0.254568596717851989E+03
    0.332895610991766944E+02    0.503120460064692665E+01    0.674170898338472657E+00   -0.254568596717851989E+03
    0.333821293681472469E+02    0.496540837522695977E+01    0.695293894978204596E+00   -0.255168312258035627E+03
    0.334338607587450412E+02    0.492346791253641936E+01    0.693649133532282636E+00   -0.255118072835131471E+03
    0.333828777446762999E+02    0.496461536743722576E+01    0.692080939271555784E+00   -0.255002935812739906E+03
    0.333418198049230625E+02    0.498589226563469357E+01    0.688912045116789162E+00   -0.254601562997669788E+03
    0.332394604295249252E+02    0.508054323267200658E+01    0.665583855213622400E+00   -0.254946520523927859E+03
    0.332626899047425653E+02    0.506434317645890886E+01    0.660059756353509997E+00   -0.254798983746544877E+03
    0.333885381002107735E+02    0.495605619074420378E+01    0.687952141775879600E+00   -0.254797867279916431E+03
    0.333885381002107735E+02    0.495605619074420378E+01    0.687952141775879600E+00   -0.254797867279916431E+03
    0.332060567465766496E+02    0.508494160986371124E+01    0.675341515097339196E+00   -0.255011726485181697E+03
    0.332256989088686510E+02    0.509859728331354400E+01    0.639634620315221558E+00   -0.255137849256802411E+03
    0.332445474037266422E+02    0.506286239581945186E+01    0.670258412541513415E+00   -0.254664597788587827E+03
    0.332971460240764330E+02    0.502252555042723969E+01    0.670507511973477133E+00   -0.254848496586333738E+03
    0.332344150150882029E+02    0.507756988638248075E+01    0.675523473331243074E+00   -0.254968004799438347E+03
    0.331799857091100137E+02    0.513365097966183459E+01    0.643759472795703558E+00   -0.255137205992699563E+03
    0.333239499237810861E+02    0.501055960973091175E+01    0.673831535615710187E+00   -0.254669600614208463E+03
    0.333456241246427965E+02    0.500010700412420661E+01    0.670523539786688438E+00   -0.254964396243335585E+03
    0.332083594401149682E+02    0.510530989107381927E+01    0.647398811964133625E+00   -0.254849307596118905E+03
    0.332971103960926769E+02    0.503709353847806796E+01    0.671370717216651647E+00   -0.254938509598730320E+03
    0.332895386361388290E+02    0.503446711765807464E+01    0.678983665410584969E+00   -0.254665659646676403E+03
    0.333406284488164744E+02    0.498727344860646848E+01    0.702071820445478334E+00   -0.254920831707689899E+03
    0.332974136134479224E+02    0.503806945446756416E+01    0.655900813819354611E+00   -0.254965335405561348E+03
    0.332457574496696182E+02    0.508201557240783064E+01    0.647056069275703249E+00   -0.255000918537475457E+03
    0.332898250665928046E+02    0.502486639704158211E+01    0.680847580919950790E+00   -0.254622869861059883E+03
    0.334119595148162531E+02    0.492440960215136503E+01    0.711680886039878668E+00   -0.254867293001546130E+03
    0.332736036889547719E+02    0.503178856753493609E+01    0.701539718064526641E+00   -0.255157402162681876E+03
    0.332845574468908012E+02    0.502535773153833798E+01    0.678997329635303903E+00   -0.254871830619561337E+03
    0.334360302186262643E+02    0.491400276693222970E+01    0.713146601121991131E+00   -0.255119617482721935E+03
    0.333278294682330909E+02    0.498875276194438566E+01    0.692314754383970943E+00   -0.254824663515234420E+03
    0.333993839202264908E+02    0.494160383173292672E+01    0.688705063783725757E+00   -0.255056008354649748E+03
    0.333605490081444884E+02    0.498236934942165099E+01    0.673606426186839746E+00   -0.254899808539108591E+03
    0.333776613982582973E+02    0.494240183042521330E+01    0.710955694469255217E+00   -0.255141836922073111E+03
    0.333642553302678664E+02    0.498091485635465148E+01    0.674487623760317900E+00   -0.254902635107608745E+03
    0.332996952441433507E+02    0.501230078953641467E+01    0.685013002567879781E+00   -0.254810971303379006E+03
    0.332674955118150990E+02    0.505566304936532696E+01    0.654976934540292488E+00   -0.254884889913001160E+03
    0.332185359410893923E+02    0.507752195326357025E+01    0.667824951395193711E+00   -0.255034080066245707E+03
    0.333543162104387463E+02    0.498498696516816953E+01    0.691231192056758426E+00   -0.254898242860728914E+03
    0.333543162104387463E+02    0.498498696516816953E+01    0.691231192056758426E+00   -0.254898242860728914E+03
    0.333783215848999788E+02    0.495514367249420751E+01    0.703951208871379519E+00   -0.254728416112459513E+03
    0.331723127565276243E+02    0.513085835796724332E+01    0.641564468977939395E+00   -0.255013322883163397E+03
    0.333698242881112606E+02    0.497423531811602171E+01    0.692033100845780513E+00   -0.254984981515106114E+03
    0.332888849402422196E+02    0.502960544930624032E+01    0.690396783002032555E+00   -0.254850921698232810E+03
    0.332743569109238564E+02    0.503419930405939375E+01    0.679499121964507125E+00   -0.254750999032981071E+03
    0.332743569109238564E+02    0.503419930405939375E+01    0.679499121964507125E+00   -0.254750999032981071E+03
    0.332126169197623682E+02    0.511027584635571497E+01    0.643110241239583824E+00   -0.255118614222631948E+03
    0.332934671588838995E+02    0.502111365140336030E+01    0.684788005997706062E+00   -0.254609824907692627E+03
    0.332852069667153003E+02    0.503607911377269524E+01    0.686556838014708348E+00   -0.254922726477203014E+03
    0.332071671338574106E+02    0.510248629234206419E+01    0.663789948282448306E+00   -0.254924868110752698E+03
    0.333632522193595378E+02    0.495281639101956017E+01    0.713856350803808049E+00   -0.255101823754185176E+03
    0.332729100029031315E+02    0.504798648292705376E+01    0.656056750725329207E+00   -0.255054103670672362E+03
    0.332295885051895823E+02    0.506437011757437894E+01    0.686260270137906137E+00   -0.255006395041261726E+03
    0.334543615896211861E+02    0.490314080436638555E+01    0.704066455394124935E+00   -0.255138030321991693E+03
    0.333016314950516374E+02    0.501633255120230892E+01    0.688842784746408254E+00   -0.254603875675001689E+03
    0.333761134284697221E+02    0.496609196969856903E+01    0.687963328339017188E+00   -0.254735856142181291E+03
    0.332626854927684121E+02    0.506951891803004262E+01    0.655549416543425023E+00   -0.255047773320041642E+03
    0.333589102051796971E+02    0.497716388791268471E+01    0.688738391175487630E+00   -0.254642173523298652E+03
    0.333790141305401420E+02    0.495570280879750147E+01    0.693533094325971433E+00   -0.254746284063107964E+03
    0.331956900710160951E+02    0.511577377219362717E+01    0.640427269362844553E+00   -0.255034558315301808E+03
    0.333307422101067345E+02    0.500604005666517082E+01    0.674632633293934303E+00   -0.254702966371467113E+03
    0.333004338681201162E+02    0.501986120752667020E+01    0.667939115273328721E+00   -0.255051038606496320E+03
    0.331994738230548450E+02    0.510442354137397913E+01    0.665085238016470681E+00   -0.254836941454766247E+03
    0.331994738230548450E+02    0.510442354137397913E+01    0.665085238016470681E+00   -0.254836941454766247E+03
    0.333393248914669229E+02    0.497466348680436088E+01    0.716599960912811862E+00   -0.255142072232932350E+03
    0.333469385612127098E+02    0.497616787450902720E+01    0.705566284313165148E+00   -0.254781686032311114E+03
    0.331633571871305648E+02    0.512611971567313507E+01    0.664047972833984312E+00   -0.255017163265593439E+03
    0.333424013965604900E+02    0.497681926479177950E+01    0.693062219948343605E+00   -0.254932515253870775E+03
    0.332840513493442316E+02    0.503110118514903260E+01    0.692908030969733080E+00   -0.254900121851666569E+03
    0.332840513493442316E+02    0.503110118514903260E+01    0.692908030969733080E+00   -0.254900121851666569E+03
    0.333146086789818838E+02    0.499021846161368998E+01    0.709310684723779117E+00   -0.255158050946423543E+03
    0.332644758801991216E+02    0.505227167542913325E+01    0.681563839598046561E+00   -0.254849807512120265E+03
    0.332535573500368713E+02    0.507536211609348875E+01    0.661043012088350368E+00   -0.255158178927609811E+03
    0.332989314891101102E+02    0.503452924117163025E+01    0.659094472895758843E+00   -0.254868805014360305E+03
    0.332349303079458664E+02    0.507465096256971471E+01    0.659724867132585047E+00   -0.254763471641674272E+03
    0.333003813731005209E+02    0.501287068805707747E+01    0.682372313872206426E+00   -0.254830737597737908E+03
    0.333003813731005209E+02    0.501287068805707747E+01    0.682372313872206426E+00   -0.254830737597737908E+03
    0.333462938082297740E+02    0.496813251458170324E+01    0.717734370782761366E+00   -0.255136125150057154E+03
    0.332313596420733646E+02    0.508991482316289101E+01    0.657593394592460911E+00   -0.254934680765228336E+03
    0.331532668649530109E+02    0.513100209635095084E+01    0.661675898896024961E+00   -0.255141973389777917E+03
    0.333136601683722589E+02    0.501558207853353366E+01    0.686509415714063986E+00   -0.254814987217605818E+03
    0.332051206311157188E+02    0.508733259751080702E+01    0.665365466020572560E+00   -0.255168380124452085E+03
    0.331940463932346930E+02    0.510338650443383468E+01    0.652937029965544147E+00   -0.255128964606608008E+03
    0.333149778411594113E+02    0.502271787120780466E+01    0.673322209713736575E+00   -0.254905901537386342E+03
    0.332857004414156989E+02    0.503540223002848997E+01    0.685788826544640573E+00   -0.254853066443613812E+03
    0.332051006937499267E+02    0.508602550092968375E+01    0.669261291693104221E+00   -0.255123408426251927E+03
    0.333468375623119329E+02    0.498855196651279975E+01    0.683142482216437807E+00   -0.254635043194669947E+03
    0.331732935008141681E+02    0.512543991439644575E+01    0.647954552323913191E+00   -0.254949751414797333E+03
    0.332896802020539724E+02    0.501934487466946067E+01    0.682079915430650163E+00   -0.254934884952101640E+03
    0.333702112295000290E+02    0.495386632565517182E+01    0.706694566693209625E+00   -0.254830824999606875E+03
    0.333763096311461993E+02    0.494985436124066780E+01    0.716271180709773914E+00   -0.254965768201020666E+03
    0.331780913789322369E+02    0.512046058859065312E+01    0.662694058542775410E+00   -0.254937269456568089E+03
    0.334212683389898331E+02    0.493349444640370294E+01    0.691682376184194370E+00   -0.255039587237514041E+03
    0.333749280319869754E+02    0.495782570756276986E+01    0.696168820612833694E+00   -0.254702100481252842E+03
    0.331894705290369458E+02    0.511450350906933782E+01    0.653936571778327869E+00   -0.254787760517076919E+03
    0.331894705290369458E+02    0.511450350906933782E+01    0.653936571778327869E+00   -0.254787760517076919E+03
    0.331510039371767888E+02    0.514818884373520724E+01    0.649121626990012190E+00   -0.255054198260992450E+03
    0.333300049859067755E+02    0.498734130545530796E+01    0.710715528979472877E+00   -0.255060421796525588E+03
    0.333657555456044719E+02    0.498089008366410990E+01    0.680198632287387750E+00   -0.254902541206432460E+03
    0.332909973975571205E+02    0.502875359021966872E+01    0.684265880204817489E+00   -0.254626295248077582E+03
    0.332742000040459942E+02    0.505172685401768984E+01    0.660904071595989295E+00   -0.254702465441896777E+03
    0.332742000040459942E+02    0.505172685401768984E+01    0.660904071595989295E+00   -0.254702465441896777E+03
    0.333969446824587237E+02    0.495253971159298434E+01    0.689833795818968976E+00   -0.254906099834362266E+03
    0.332700693116545239E+02    0.506014554359659829E+01    0.663009913084862790E+00   -0.254932828225294003E+03
    0.333632741661126531E+02    0.497889959674266258E+01    0.688852152814256824E+00   -0.254849264687569558E+03
    0.331760182430507129E+02    0.511986624823434155E+01    0.653313519891179917E+00   -0.254928519528964330E+03
    0.331760182430507129E+02    0.511986624823434155E+01    0.653313519891179917E+00   -0.254928519528964330E+03
    0.333095788894807256E+02    0.502651592569223382E+01    0.668656868890931011E+00   -0.254795371088126558E+03
    0.332524342923503085E+02    0.506859138355975247E+01    0.648782932812177471E+00   -0.255059592916356252E+03
    0.331310068971999527E+02    0.515642207211979642E+01    0.650402383173250054E+00   -0.255112341358380007E+03
    0.333911873930303784E+02    0.494139106890633872E+01    0.697276039708480067E+00   -0.254988547427685916E+03
    0.332238765192520873E+02    0.509866991008736559E+01    0.647663781922475090E+00   -0.254971372333966031E+03
    0.332793452116740127E+02    0.502738526327681878E+01    0.686906992954953277E+00   -0.254770139101384046E+03
    0.333957636827075248E+02    0.493112613821175572E+01    0.721449606382881470E+00   -0.255049711577993662E+03
    0.333421007003331837E+02    0.497523932722909024E+01    0.701633119375628334E+00   -0.254829255195962190E+03
    0.331939094205311633E+02    0.510930593308128156E+01    0.668576580670512288E+00   -0.255077881437078588E+03
    0.331840930828585101E+02    0.512564434664691593E+01    0.646067218621379280E+00   -0.254919485321667423E+03
    0.333811597309094310E+02    0.496606736549280470E+01    0.678964289499509599E+00   -0.254926748389399364E+03
    0.332480717843696496E+02    0.505945895651911570E+01    0.678706824241868123E+00   -0.254668028223583178E+03
    0.332480717843696496E+02    0.505945895651911570E+01    0.678706824241868123E+00   -0.254668028223583178E+03
    0.333638147558012861E+02    0.497637846177802778E+01    0.685911571281571320E+00   -0.254705601262284432E+03
    0.333746319672245804E+02    0.494911951584364651E+01    0.710369487354437279E+00   -0.254879238421870809E+03
    0.333400512490061871E+02    0.499168017302165268E+01    0.684466567459800945E+00   -0.254595207565518990E+03
    0.333400512490061871E+02    0.499168017302165268E+01    0.684466567459800945E+00   -0.254595207565518990E+03
    0.332500831120118363E+02    0.506175472346960387E+01    0.678318573411098358E+00   -0.254737608871559672E+03
    0.334016657295772319E+02    0.492851283621556657E+01    0.704603262015305210E+00   -0.255154785351375494E+03
    0.332990843666724530E+02    0.501849231832971565E+01    0.675212459260500220E+00   -0.254800854975030916E+03
    0.331853994199947095E+02    0.512404227790786226E+01    0.646455877940788293E+00   -0.254900045895900888E+03
    0.332910698433302699E+02    0.503650666147783888E+01    0.672069886233621405E+00   -0.254650282688513016E+03
    0.332055568556391378E+02    0.510712967670870910E+01    0.657488549903559094E+00   -0.254914923019151189E+03
    0.333736189938820829E+02    0.495489475401386592E+01    0.715074232730591675E+00   -0.255017147511433222E+03
    0.331712316319349156E+02    0.512237379448214902E+01    0.656212200213663222E+00   -0.254922758916559616E+03
    0.333553945745536993E+02    0.497911283980706099E+01    0.697937870787808778E+00   -0.254836539880375227E+03
    0.332368857711336645E+02    0.505941630027009115E+01    0.686633046541252456E+00   -0.254943829991576479E+03
    0.333241265223235388E+02    0.500098605526444029E+01    0.683991077617422061E+00   -0.254578607256741719E+03
    0.333241265223235388E+02    0.500098605526444029E+01    0.683991077617422061E+00   -0.254578607256741719E+03
    0.333098291238073756E+02    0.501315391419226319E+01    0.687428739304469794E+00   -0.254602605270712473E+03
    0.333098291238073756E+02    0.501315391419226319E+01    0.687428739304469794E+00   -0.254602605270712473E+03
    0.333481785587226369E+02    0.498104368885378790E+01    0.697864728884688645E+00   -0.254687072715888121E+03
    0.333481785587226369E+02    0.498104368885378790E+01    0.697864728884688645E+00   -0.254687072715888121E+03
    0.333275894072812804E+02    0.501249035643644092E+01    0.678092564599706904E+00   -0.255002553813816206E+03
    0.332535597388416306E+02    0.505063068601235976E+01    0.692465460419371293E+00   -0.255007838241775431E+03
    0.332126371511458558E+02    0.509159216974237072E+01    0.662239415528683151E+00   -0.254705479142935417E+03
    0.332126371511458558E+02    0.509159216974237072E+01    0.662239415528683151E+00   -0.254705479142935417E+03
    0.332222140207115757E+02    0.509980103158027021E+01    0.651101245086786684E+00   -0.255006384131120825E+03
    0.334095224168792981E+02    0.492561585475916885E+01    0.708650695336277670E+00   -0.254892518672990377E+03
    0.331864226916547125E+02    0.511216539449912233E+01    0.669658017909679160E+00   -0.255052615746823392E+03
    0.333783449713917904E+02    0.497345488003336023E+01    0.675446343500930357E+00   -0.255065629835555228E+03
    0.334070585660917203E+02    0.494377510030267331E+01    0.686289747136100470E+00   -0.254982057950297019E+03
    0.331733230031387620E+02    0.511477066607095487E+01    0.660947209552110282E+00   -0.255109495798201436E+03
    0.334046202447631515E+02    0.494345997181295083E+01    0.693670152717267730E+00   -0.254858364182856292E+03
    0.334046202447631515E+02    0.494345997181295083E+01    0.693670152717267730E+00   -0.254858364182856292E+03
    0.333136894366403880E+02    0.500280260216687367E+01    0.680126058079655316E+00   -0.255019372177142827E+03
    0.334209616525161408E+02    0.492250630123346777E+01    0.697163031836922631E+00   -0.255055046980763024E+03
    0.333343990606943095E+02    0.500665909820277832E+01    0.672255990581696050E+00   -0.254831525314236046E+03
    0.333343990606943095E+02    0.500665909820277832E+01    0.672255990581696050E+00   -0.254831525314236046E+03
    0.332681987887948694E+02    0.503463693155548420E+01    0.695567640824859890E+00   -0.254922869517280503E+03
    0.333142466490178180E+02    0.500060316528250137E+01    0.704424304090143893E+00   -0.254912884738711000E+03
    0.332464724036812669E+02    0.504839948623377577E+01    0.685632486677609232E+00   -0.255096484884046646E+03
    0.332015971387875481E+02    0.510175503489280224E+01    0.652254657851882191E+00   -0.254903584789541895E+03
    0.332970834489392402E+02    0.501924263675485705E+01    0.679409554677381067E+00   -0.254676636438285897E+03
    0.332970834489392402E+02    0.501924263675485705E+01    0.679409554677381067E+00   -0.254676636438285897E+03
    0.334022398776085723E+02    0.493248843922887037E+01    0.711961942216699173E+00   -0.254841609729868736E+03
    0.334116671984447748E+02    0.493983603139777294E+01    0.690341682601534279E+00   -0.254952571928385652E+03
    0.332138090828072592E+02    0.509451873075300021E+01    0.655199897969222067E+00   -0.254745968054908133E+03
    0.333464851341179482E+02    0.498106791665576232E+01    0.680831921225217185E+00   -0.254979696530750232E+03
    0.333033003552514515E+02    0.502792911422171951E+01    0.670174758907333135E+00   -0.254665615316360771E+03
    0.333619078767638513E+02    0.495477373474414584E+01    0.710497853272715529E+00   -0.255073231421929819E+03
    0.333579386757597689E+02    0.498113661408011055E+01    0.693756118558205070E+00   -0.254917408630467861E+03
    0.333579386757597689E+02    0.498113661408011055E+01    0.693756118558205070E+00   -0.254917408630467861E+03
    0.334115552048124584E+02    0.492477533014016178E+01    0.704896873154369885E+00   -0.254954196467936868E+03
    0.331927040438409051E+02    0.510902468348486494E+01    0.666013758252639643E+00   -0.254905345759654296E+03
    0.332885453531947348E+02    0.502584507359322075E+01    0.676747685862541193E+00   -0.254728685172909536E+03
    0.333069590730622451E+02    0.502448098226820594E+01    0.682431202924784430E+00   -0.254955397500838700E+03
    0.333069590730622451E+02    0.502448098226820594E+01    0.682431202924784430E+00   -0.254955397500838700E+03
    0.332698108565718229E+02    0.505089592210686789E+01    0.677398826585911440E+00   -0.254789439795741913E+03
    0.332341860944620606E+02    0.508454200041111726E+01    0.657151819483856814E+00   -0.254749318563813659E+03
    0.332341860944620606E+02    0.508454200041111726E+01    0.657151819483856814E+00   -0.254749318563813659E+03
    0.333287060445938010E+02    0.499776040325026116E+01    0.688602146047482822E+00   -0.254575736318338102E+03
    0.333287060445938010E+02    0.499776040325026116E+01    0.688602146047482822E+00   -0.254575736318338102E+03
    0.333197859283840501E+02    0.501812862696096751E+01    0.671360260544287213E+00   -0.254806699119503037E+03
    0.331797217800996265E+02    0.512013828507045332E+01    0.647290691148235786E+00   -0.254993957248019143E+03
    0.332447943730848863E+02    0.506512823480465979E+01    0.685310975817150725E+00   -0.255124788073823169E+03
    0.333045128774859549E+02    0.503215944116546243E+01    0.674640410458824835E+00   -0.255124337231090664E+03
    0.333069344406900285E+02    0.500848197087955960E+01    0.688426028079688557E+00   -0.254655628213843784E+03
    0.333069344406900285E+02    0.500848197087955960E+01    0.688426028079688557E+00   -0.254655628213843784E+03
    0.332865832957586463E+02    0.501831467492538064E+01    0.701136556484819318E+00   -0.254963540994680557E+03
    0.332503286415471138E+02    0.504581284938211638E+01    0.685979158628206021E+00   -0.255055328293200290E+03
    0.334537158324131880E+02    0.489752106016177713E+01    0.709422052318521068E+00   -0.255055903681432795E+03
    0.332422912192858391E+02    0.508582221487638719E+01    0.651160004781931701E+00   -0.255050391341442094E+03
    0.332407415853531631E+02    0.508193868967941320E+01    0.661312041631984981E+00   -0.254951402181354723E+03
    0.332738086717358001E+02    0.503539899992819695E+01    0.675932048936266794E+00   -0.254818333556402195E+03
    0.332603114324193641E+02    0.505154246732498713E+01    0.674163869819318196E+00   -0.254591408796304222E+03
    0.333173433500658689E+02    0.499503821640569701E+01    0.705445158689422147E+00   -0.254891622513683757E+03
    0.331941866162198096E+02    0.512365447287027909E+01    0.644913471070325706E+00   -0.255151601518233178E+03
    0.332028344449369612E+02    0.510106142966684217E+01    0.657238534387010853E+00   -0.254751078778479297E+03
    0.333058595280893002E+02    0.501259433143255162E+01    0.687533849999875213E+00   -0.254582336427795951E+03
    0.333058595280893002E+02    0.501259433143255162E+01    0.687533849999875213E+00   -0.254582336427795951E+03
    0.331807148065451472E+02    0.511249146802848387E+01    0.657771862150921871E+00   -0.254980780668458777E+03
    0.333779908543298376E+02    0.494851452106461132E+01    0.705002931512931585E+00   -0.254847322962577465E+03
    0.333779908543298376E+02    0.494851452106461132E+01    0.705002931512931585E+00   -0.254847322962577465E+03
    0.332652519264183439E+02    0.505400130985278029E+01    0.671300253146548398E+00   -0.254613162184968246E+03
    0.331688797455724540E+02    0.513349452714556431E+01    0.643518623387089761E+00   -0.254953995995240064E+03
    0.333298228054589245E+02    0.498609478552413776E+01    0.690055356009757093E+00   -0.255017791008789999E+03
    0.332357071349745254E+02    0.507733568795194135E+01    0.655598160593710899E+00   -0.254787905133205470E+03
    0.333250630913148882E+02    0.499981763482000208E+01    0.682404223466896331E+00   -0.254621205259457696E+03
    0.333250630913148882E+02    0.499981763482000208E+01    0.682404223466896331E+00   -0.254621205259457696E+03
    0.332694380698131766E+02    0.504618027963836369E+01    0.687371429056477634E+00   -0.254972520715205746E+03
    0.331854303539310109E+02    0.510090308804889681E+01    0.670271759416095403E+00   -0.255157396579545946E+03
    0.333474761647202129E+02    0.498624108995213788E+01    0.688006539568686182E+00   -0.254622292713361531E+03
    0.333474761647202129E+02    0.498624108995213788E+01    0.688006539568686182E+00   -0.254622292713361531E+03
    0.332268833759802931E+02    0.508300871499175422E+01    0.671617261802945120E+00   -0.254825563727819770E+03
    0.334088211382785474E+02    0.492823306140801254E+01    0.715086001316833975E+00   -0.254918080244276979E+03
    0.332587448529735283E+02    0.504637301983260400E+01    0.673842243451055811E+00   -0.254896357174376988E+03
    0.334178651502852730E+02    0.492230832381236461E+01    0.698839438824429449E+00   -0.255103979848454998E+03
    0.333309166663889016E+02    0.499131801162404720E+01    0.687665428752631147E+00   -0.254679601159391098E+03
    0.333309166663889016E+02    0.499131801162404720E+01    0.687665428752631147E+00   -0.254679601159391098E+03
    0.332752044135517693E+02    0.503608230568976722E+01    0.670880021240767066E+00   -0.254929477336218980E+03
    0.333209204818322533E+02    0.498913467699652635E+01    0.713442267282028642E+00   -0.255150487949761100E+03
    0.333833327219850204E+02    0.496193706960966274E+01    0.693431855226771754E+00   -0.254885788413094787E+03
    0.332131732029052529E+02    0.508364325787974192E+01    0.677597013841632956E+00   -0.254872303152704490E+03
    0.332029202761947744E+02    0.509137359422805780E+01    0.679885177288128917E+00   -0.255039164980127310E+03
    0.333566234998280322E+02    0.498914538256237172E+01    0.670133136073416291E+00   -0.254969783617971444E+03
    0.334077819167749794E+02    0.492741760581768506E+01    0.714189810167359829E+00   -0.254881103818042817E+03
    0.332186489177791060E+02    0.510052922632906736E+01    0.645399798269737368E+00   -0.254924359111048460E+03
    0.332899829544686696E+02    0.503832076887819902E+01    0.654009460047321856E+00   -0.255157091920260854E+03
    0.332737125596521679E+02    0.503700418297921093E+01    0.689543865896414032E+00   -0.254752296677918650E+03
    0.332737125596521679E+02    0.503700418297921093E+01    0.689543865896414032E+00   -0.254752296677918650E+03
    0.333690313660712334E+02    0.495246523365128155E+01    0.710475390053101563E+00   -0.254909587303035664E+03
    0.331782458548075283E+02    0.512035659955416733E+01    0.653219872022110515E+00   -0.254855674562417505E+03
    0.332479453729560532E+02    0.506954346634883812E+01    0.670675191280301730E+00   -0.254780804491662821E+03
    0.333732704913890856E+02    0.496391191020503975E+01    0.685236735983293377E+00   -0.254816309655810528E+03
    0.333395785119560060E+02    0.499989736957151454E+01    0.687942641264524646E+00   -0.255119813134057438E+03
    0.331950090848168458E+02    0.509703430509117439E+01    0.672251395789033923E+00   -0.254936719577838232E+03
    0.334284694874892807E+02    0.492143672238181562E+01    0.701817090104510433E+00   -0.254928911999220475E+03
    0.332306594149519583E+02    0.508046150134632590E+01    0.672874302070808672E+00   -0.254867757206346340E+03
    0.332180029888025388E+02    0.510263332891702337E+01    0.653982468412107609E+00   -0.255078785215103039E+03
    0.332891633512984271E+02    0.503659986138787197E+01    0.664529631465765602E+00   -0.254697437042022301E+03
    0.332891633512984271E+02    0.503659986138787197E+01    0.664529631465765602E+00   -0.254697437042022301E+03
    0.333153292568449828E+02    0.499870162055303791E+01    0.689206386232990242E+00   -0.254846481640254467E+03
    0.333206654131242743E+02    0.499380660089120632E+01    0.708517752535463341E+00   -0.255002547760754055E+03
    0.331460075907772946E+02    0.515103899239384511E+01    0.648432513254115106E+00   -0.255044880697445677E+03
    0.332897056541030238E+02    0.503408982664235616E+01    0.662355911721480228E+00   -0.254872572320453031E+03
    0.332897056541030238E+02    0.503408982664235616E+01    0.662355911721480228E+00   -0.254872572320453031E+03
    0.332217555265332578E+02    0.508406581796960833E+01    0.672002090132311825E+00   -0.254760554939506932E+03
    0.333322452794786983E+02    0.498964592391222084E+01    0.698180583227107077E+00   -0.254666481743585024E+03
    0.331656843787064233E+02    0.513663805788134020E+01    0.648847860498386275E+00   -0.254934878740710786E+03
    0.334307592417256956E+02    0.490488224169224374E+01    0.719740681198309806E+00   -0.255069367585110797E+03
    0.331785348668055136E+02    0.512359237457409478E+01    0.652720712583886753E+00   -0.254835958813051775E+03
    0.331575264469910138E+02    0.514627861055841329E+01    0.642788881611980001E+00   -0.255023486313125460E+03
    0.332195172720641310E+02    0.508937922681368882E+01    0.668202247747719968E+00   -0.254792083629358643E+03
    0.333016208526284885E+02    0.501851599793879366E+01    0.667975325169287371E+00   -0.255101155569364607E+03
    0.332169593779242476E+02    0.509764740207925904E+01    0.650004351806011682E+00   -0.254802860763511802E+03
    0.331630531922145622E+02    0.512584889302483671E+01    0.665786764299216571E+00   -0.255053848566729755E+03
    0.332593378523887750E+02    0.505557793555939838E+01    0.678804494137424941E+00   -0.254729811232265916E+03
    0.333658351578134358E+02    0.498545640318154604E+01    0.671440228146964246E+00   -0.255111535982167453E+03
    0.333003747493984861E+02    0.501859363236849276E+01    0.673370404704090042E+00   -0.254823791561250175E+03
    0.332143706051005410E+02    0.508551150385810935E+01    0.678463467098995077E+00   -0.254929915600398033E+03
    0.333573875861683575E+02    0.498305896723230912E+01    0.688573352784452863E+00   -0.254822237615685594E+03
    0.331910610148350997E+02    0.510976769742199277E+01    0.660964190944570040E+00   -0.254785886736480393E+03
    0.334304342640165473E+02    0.490302157796048199E+01    0.725868215008029338E+00   -0.255154110890060906E+03
    0.331567864452514272E+02    0.514181961844034241E+01    0.643347451997909658E+00   -0.254990855991629616E+03
    0.334053050999273893E+02    0.493036191927705403E+01    0.702739708249047412E+00   -0.254923275602057885E+03
    0.332009801134328484E+02    0.511108607137051862E+01    0.649927430717981425E+00   -0.254832395831422957E+03
    0.332157448816148957E+02    0.509133803836222310E+01    0.657493709894743983E+00   -0.254732943853117916E+03
    0.331947141968197030E+02    0.510184534505330411E+01    0.658806325196011011E+00   -0.254932386622791569E+03
    0.332539587320901475E+02    0.506099501976748378E+01    0.653684292415588786E+00   -0.255166161900924209E+03
    0.333244602247041755E+02    0.501033956706109684E+01    0.679061263275984928E+00   -0.254716513332880794E+03
    0.332264831008336898E+02    0.507693285887227486E+01    0.657486617050149214E+00   -0.255139147946522456E+03
    0.333233031939250424E+02    0.501745293113252622E+01    0.673344093927675580E+00   -0.254983455574052840E+03
    0.333548475038929766E+02    0.496787506124625633E+01    0.709751563435929156E+00   -0.254850305253010589E+03
    0.333548475038929766E+02    0.496787506124625633E+01    0.709751563435929156E+00   -0.254850305253010589E+03
    0.332185567606937653E+02    0.509670815045325387E+01    0.659356524954920920E+00   -0.254861229715593282E+03
    0.332185567606937653E+02    0.509670815045325387E+01    0.659356524954920920E+00   -0.254861229715593282E+03
    0.331961990180079738E+02    0.510146119274012122E+01    0.667146755987995221E+00   -0.254809581949824320E+03
    0.331961990180079738E+02    0.510146119274012122E+01    0.667146755987995221E+00   -0.254809581949824320E+03
    0.333775269349518098E+02    0.497160669756758011E+01    0.671510731452642506E+00   -0.255134624353179078E+03
    0.333829435603228575E+02    0.495068534729340559E+01    0.695000867222450358E+00   -0.254818849856342752E+03
    0.333829435603228575E+02    0.495068534729340559E+01    0.695000867222450358E+00   -0.254818849856342752E+03
    0.332664761410449401E+02    0.505852359160447662E+01    0.662920806100446680E+00   -0.254698864835990975E+03
    0.331665790543632966E+02    0.513490899010579316E+01    0.656556910561683527E+00   -0.255090758698712193E+03
    0.332548397726874114E+02    0.506525906153655558E+01    0.663806603669703787E+00   -0.254649992284221099E+03
    0.333121951929997664E+02    0.500519403074833491E+01    0.678754088796229560E+00   -0.254970757614271804E+03
    0.331367447649968625E+02    0.515148393579727415E+01    0.650825857740515712E+00   -0.255078733325223681E+03
    0.331616077296334524E+02    0.514481164557758408E+01    0.639386905468673383E+00   -0.255049899464565954E+03
    0.332775489071418207E+02    0.504723763179778739E+01    0.673616845665070962E+00   -0.254743797667788925E+03
    0.332775489071418207E+02    0.504723763179778739E+01    0.673616845665070962E+00   -0.254743797667788925E+03
    0.334291932879550515E+02    0.491280752687507505E+01    0.713995267289607050E+00   -0.254928795996296429E+03
    0.332442800464464767E+02    0.506916139123828380E+01    0.676559986152832971E+00   -0.254867804463365843E+03
    0.332125259998299782E+02    0.509629275432213724E+01    0.655086283251443025E+00   -0.254735234069823548E+03
    0.332125259998299782E+02    0.509629275432213724E+01    0.655086283251443025E+00   -0.254735234069823548E+03
    0.331610819824088878E+02    0.513809951267133602E+01    0.640053299481229909E+00   -0.255111938283189204E+03
    0.331553855618581608E+02    0.514372036408460787E+01    0.648295122764792842E+00   -0.254972173062137102E+03
    0.333619677488879489E+02    0.496454338494126102E+01    0.699062932863929509E+00   -0.254710642796923480E+03
    0.331825727014432772E+02    0.510699398859051357E+01    0.663871730817089167E+00   -0.255052581772479584E+03
    0.332412263413764677E+02    0.507871712697010658E+01    0.649940259230747941E+00   -0.254873479597304225E+03
    0.332718394979461891E+02    0.505185967741538278E+01    0.673346406535145103E+00   -0.254778196300571523E+03
    0.333607288540277835E+02    0.496158003213864696E+01    0.698403934002887028E+00   -0.254938563264000067E+03
    0.332981384663641862E+02    0.502315398565539084E+01    0.673337209888449695E+00   -0.254654587607912106E+03
    0.333584020595949653E+02    0.496497930463644455E+01    0.715775248582099177E+00   -0.255086757268119072E+03
    0.334449156485897419E+02    0.489769367233533437E+01    0.719745523660581199E+00   -0.255047237616391044E+03
    0.334047310747358353E+02    0.493068606358034778E+01    0.705599665960982669E+00   -0.254857487035786363E+03
    0.333983185536895988E+02    0.493518878893599755E+01    0.709478101734737576E+00   -0.254814856219464019E+03
    0.331218245338906883E+02    0.516527701517746252E+01    0.644240372210415191E+00   -0.255170481141275758E+03
    0.332189163386604775E+02    0.509629474947814831E+01    0.653217366701808078E+00   -0.254769483943996789E+03
    0.332486597812836067E+02    0.504876393673606128E+01    0.691134452757732665E+00   -0.254975002821554227E+03
    0.332069126830567285E+02    0.510082742636145525E+01    0.650657570870840751E+00   -0.254843536716976899E+03
    0.332188122668016703E+02    0.508118110355693542E+01    0.682826883793702044E+00   -0.255054057943245311E+03
    0.332363222131115066E+02    0.507414383070934072E+01    0.659610307936577822E+00   -0.254747122725849522E+03
    0.332161956378340903E+02    0.507641960503068468E+01    0.678901497850385782E+00   -0.254980649636678493E+03
    0.332973335823565435E+02    0.500694175721850421E+01    0.699215748337770115E+00   -0.255000763663659001E+03
    0.332499534808668784E+02    0.506822576235512123E+01    0.663462059348504218E+00   -0.254638656837277864E+03
    0.333132200327568455E+02    0.501045010587152451E+01    0.678360192738381773E+00   -0.254618087267452523E+03
    0.333085781885023238E+02    0.501268794506235515E+01    0.673895163402359776E+00   -0.254830762102458380E+03
    0.331948643425388639E+02    0.510440824478647670E+01    0.665922780868754449E+00   -0.254807974883158323E+03
    0.333133933683302814E+02    0.501572192631405400E+01    0.664827352373767111E+00   -0.254959821994940597E+03
    0.333747739477192980E+02    0.497427870676215722E+01    0.679817111686113473E+00   -0.254951512283615841E+03
    0.331375943333275984E+02    0.515444638115896137E+01    0.645677777134645137E+00   -0.255053572405930680E+03
    0.333753256595097838E+02    0.495541904756962381E+01    0.694474195745372724E+00   -0.254838003499156912E+03
    0.332120293729448903E+02    0.510372144064327671E+01    0.641266140003855734E+00   -0.255052438527921822E+03
    0.332942919913698319E+02    0.503721201388439788E+01    0.672684545753713614E+00   -0.254834889444420583E+03
    0.332942919913698319E+02    0.503721201388439788E+01    0.672684545753713614E+00   -0.254834889444420583E+03
    0.332291364987503570E+02    0.509267723908440040E+01    0.646424531038949146E+00   -0.254926282870120815E+03
    0.332611643426628234E+02    0.504881271835698797E+01    0.678189618464142940E+00   -0.254612364495699182E+03
    0.333088528680815585E+02    0.502118457987636457E+01    0.660834336871470418E+00   -0.255051550581140930E+03
    0.334203150255799741E+02    0.491646602310451719E+01    0.717331919743953494E+00   -0.254948864264442818E+03
    0.332876021583873722E+02    0.502127808645801821E+01    0.685058257373368784E+00   -0.254797661137262196E+03
    0.334275172236163485E+02    0.491240090512629646E+01    0.709645097147597381E+00   -0.254971905449949446E+03
    0.334363128777528331E+02    0.491560099520353866E+01    0.695946603252666662E+00   -0.255085121934984585E+03
    0.333219746561976251E+02    0.501190231684685195E+01    0.681515592585332008E+00   -0.254766638269062980E+03
    0.332264047899830715E+02    0.509038968165052363E+01    0.660794286370933404E+00   -0.254839961805476008E+03
    0.333945185619992202E+02    0.494258932579969823E+01    0.704070852326569963E+00   -0.254748750072315374E+03
    0.333945185619992202E+02    0.494258932579969823E+01    0.704070852326569963E+00   -0.254748750072315374E+03
    0.333011533999714757E+02    0.503056132112024734E+01    0.659690893202051765E+00   -0.254894588901477817E+03
    0.333662054165901623E+02    0.498209768681310550E+01    0.681014663465982384E+00   -0.255012946892266001E+03
    0.334169999170601955E+02    0.492989498941238580E+01    0.707875278427978705E+00   -0.254995260164014610E+03
    0.333212357156580055E+02    0.500595347669019386E+01    0.691459050474170223E+00   -0.254749414106417163E+03
    0.333212357156580055E+02    0.500595347669019386E+01    0.691459050474170223E+00   -0.254749414106417163E+03
    0.333155133499768255E+02    0.502292575731597157E+01    0.659270868162293522E+00   -0.254984033144554900E+03
    0.331656229703842911E+02    0.513431682680991042E+01    0.657034522149740119E+00   -0.255044765323473968E+03
    0.334134777631442432E+02    0.491913609590782652E+01    0.718182242464953657E+00   -0.254978869052919293E+03
    0.331719736016687605E+02    0.513255328927243148E+01    0.654718694657916211E+00   -0.255071633406279744E+03
    0.332426175499765293E+02    0.505867707731197314E+01    0.680993680978918992E+00   -0.254768094894935871E+03
    0.332544617271375671E+02    0.506300756496869830E+01    0.680597579475834435E+00   -0.255144826813461435E+03
    0.332746086070747253E+02    0.505759689734383855E+01    0.664963103472508532E+00   -0.255063324108448199E+03
    0.333918146839288354E+02    0.495422930220876889E+01    0.697115962032138547E+00   -0.254926781317780780E+03
    0.331432699347314497E+02    0.515910370612475511E+01    0.638283040644551991E+00   -0.255129666652284754E+03
    0.334414047136420507E+02    0.490138039119479973E+01    0.723181283393960372E+00   -0.255112538042638505E+03
    0.332617101787107075E+02    0.505213337528156359E+01    0.678900810427552237E+00   -0.254654772783795636E+03
    0.333178093838329090E+02    0.498910178411439897E+01    0.712451896490129521E+00   -0.255152324069880535E+03
    0.333390416372200065E+02    0.498939701915287781E+01    0.702093477371748875E+00   -0.254997947463360731E+03
    0.333843772801438377E+02    0.494227430076649821E+01    0.700408213399638102E+00   -0.255142933461913572E+03
    0.331440116061707926E+02    0.514781064014680112E+01    0.646933133411452976E+00   -0.255039257914985001E+03
    0.332126865372484943E+02    0.509050899022742698E+01    0.658533475093869169E+00   -0.254819122763149807E+03
    0.332126865372484943E+02    0.509050899022742698E+01    0.658533475093869169E+00   -0.254819122763149807E+03
    0.333861043043500842E+02    0.494854816209254444E+01    0.712811047169632506E+00   -0.254997353123089027E+03
    0.333538065778036810E+02    0.497265279938092686E+01    0.684944845279953141E+00   -0.255049530377717161E+03
    0.333011656010112063E+02    0.502452428272522411E+01    0.674318310588594594E+00   -0.254574307936349982E+03
    0.332879187524943276E+02    0.502236062485441259E+01    0.696672328773759286E+00   -0.254828803564891984E+03
    0.334207490033333272E+02    0.491914373819757600E+01    0.703397511246766971E+00   -0.255005940600127815E+03
    0.332551830973483789E+02    0.506490019924485146E+01    0.658776145518972678E+00   -0.254693524999436534E+03
    0.333310905122485579E+02    0.500900360156722346E+01    0.670371937149773611E+00   -0.254813578385596088E+03
    0.333124976303053799E+02    0.499961947055413081E+01    0.697048407700024741E+00   -0.254774823850233275E+03
    0.333231208796021292E+02    0.499439100867106589E+01    0.682472509015088047E+00   -0.255075167828276363E+03
    0.332084980567074979E+02    0.508609672751046649E+01    0.667386586374191570E+00   -0.254979376052726820E+03
    0.332154403448792976E+02    0.507814382118985552E+01    0.674711664134457045E+00   -0.254962439022674147E+03
    0.331730524126449922E+02    0.511366731195662716E+01    0.669283185735025099E+00   -0.255079568375486218E+03
    0.331540433360275273E+02    0.514533986262413201E+01    0.637735530046453225E+00   -0.255130720046093387E+03
    0.333058194875865965E+02    0.501817557347228860E+01    0.666613908865569149E+00   -0.254993956677296836E+03
    0.333605709637432000E+02    0.497794778068302701E+01    0.678330606673068104E+00   -0.254815408776836165E+03
    0.332844866026128940E+02    0.503812871247674110E+01    0.671188127919318811E+00   -0.254575462285071126E+03
    0.332213045866258412E+02    0.507162963618145746E+01    0.688651822202569930E+00   -0.255121874778055968E+03
    0.331515904346611023E+02    0.514051187959118572E+01    0.660499620043898394E+00   -0.255128005397748382E+03
    0.334038404763986918E+02    0.494396166302257356E+01    0.691233873376133623E+00   -0.254862089211958590E+03
    0.334038404763986918E+02    0.494396166302257356E+01    0.691233873376133623E+00   -0.254862089211958590E+03
    0.333698421790680513E+02    0.494928660713708890E+01    0.713653001649997232E+00   -0.255023248406673815E+03
    0.332252856858036409E+02    0.508284648918462167E+01    0.670491011063109377E+00   -0.254737848277487444E+03
    0.334392691388519694E+02    0.491826672697608736E+01    0.694863960163165317E+00   -0.255129996922034309E+03
    0.334042006273239238E+02    0.493555931160375483E+01    0.708522137961824505E+00   -0.254838375686390549E+03
    0.331436514965529980E+02    0.514638150540512385E+01    0.654610266094439730E+00   -0.255048348363528021E+03
    0.333232755183735279E+02    0.499335685279373465E+01    0.684673253462821929E+00   -0.255036765764599352E+03
    0.333552612477266166E+02    0.496542013509804026E+01    0.706736701155734170E+00   -0.254812216700707438E+03
    0.334382220290898005E+02    0.490150825393716261E+01    0.717585147779690846E+00   -0.255038955834515065E+03
    0.333149720223449819E+02    0.500414488116704081E+01    0.688365933464668123E+00   -0.254605259174937629E+03
    0.333149720223449819E+02    0.500414488116704081E+01    0.688365933464668123E+00   -0.254605259174937629E+03
    0.332816622913408864E+02    0.504227978147232214E+01    0.666678358118887426E+00   -0.254620569223966498E+03
    0.332816622913408864E+02    0.504227978147232214E+01    0.666678358118887426E+00   -0.254620569223966498E+03
    0.333348980932726136E+02    0.500121493645177662E+01    0.680851317936375100E+00   -0.254695155738810200E+03
    0.332108088728672186E+02    0.509422044891354986E+01    0.657655475840357218E+00   -0.254754156610195849E+03
    0.333038551828631881E+02    0.502108989504313907E+01    0.692250202926596003E+00   -0.255055589755131678E+03
    0.332223511020078490E+02    0.508148241974738824E+01    0.682071781643787123E+00   -0.255132186975609102E+03
    0.332554804233252810E+02    0.505970424224365800E+01    0.681191598831802581E+00   -0.254952022730365115E+03
    0.332821473359301976E+02    0.503093759794252193E+01    0.691986873970237948E+00   -0.254796029888763201E+03
    0.332936291018192989E+02    0.503347655853625842E+01    0.661677247424212966E+00   -0.254829780888800741E+03
    0.332849810790606853E+02    0.504516818567409597E+01    0.654869432857023259E+00   -0.254936488806127301E+03
    0.332157965994886553E+02    0.507970033611393923E+01    0.682727243616998658E+00   -0.254985974290612774E+03
    0.332039154518408139E+02    0.509089745868457833E+01    0.664164637507171030E+00   -0.254998809197375209E+03
    0.332100298922861725E+02    0.508968691193031031E+01    0.666858092296466531E+00   -0.254758163891108438E+03
    0.332100298922861725E+02    0.508968691193031031E+01    0.666858092296466531E+00   -0.254758163891108438E+03
    0.334081676707595392E+02    0.492305986627323389E+01    0.707414510149292131E+00   -0.255135351952464504E+03
    0.334298350725528479E+02    0.490763118170042745E+01    0.725666437686339760E+00   -0.255141053726060790E+03
    0.332504035933435063E+02    0.507048000223086603E+01    0.648293508545968677E+00   -0.255057188899358380E+03
    0.332005510720445187E+02    0.510591534712388739E+01    0.656541767729190262E+00   -0.254745810092782335E+03
    0.332005510720445187E+02    0.510591534712388739E+01    0.656541767729190262E+00   -0.254745810092782335E+03
    0.333568469421792955E+02    0.498378817643085270E+01    0.684096402842643281E+00   -0.254741105907965988E+03
    0.333261810568490233E+02    0.498903620972469763E+01    0.702308816012252146E+00   -0.254781933232775742E+03
    0.331783361782299835E+02    0.512391176063900300E+01    0.661651806033313750E+00   -0.255072372947486343E+03
    0.332083925568964560E+02    0.509384912910083276E+01    0.672232435762290081E+00   -0.254867045184913110E+03
    0.333891422675938969E+02    0.494944424518358872E+01    0.688525165541648665E+00   -0.254946178463286799E+03
    0.332813532154166793E+02    0.502047613636541179E+01    0.698037235592622318E+00   -0.254983902322205097E+03
    0.333976160559232085E+02    0.493520093620612776E+01    0.698937363349582230E+00   -0.255074391367131710E+03
    0.333629486157883761E+02    0.498735932446336072E+01    0.669807235509295662E+00   -0.255095481197171296E+03
    0.332858799696028171E+02    0.503694944265273481E+01    0.663777801888564944E+00   -0.254775321574174114E+03
    0.331697200338412159E+02    0.512773769901633081E+01    0.650576018007979373E+00   -0.254902904473960348E+03
    0.331896151032527769E+02    0.511732522343918195E+01    0.658134941293482711E+00   -0.254939217056215853E+03
    0.332610432370472680E+02    0.503746232759170454E+01    0.691236263677640905E+00   -0.254980802532074563E+03
    0.331936638604973808E+02    0.509620524672956154E+01    0.677716262941795877E+00   -0.255058897760752416E+03
    0.332383345314215006E+02    0.506401977198987119E+01    0.664533515869922264E+00   -0.255120369913472359E+03
    0.334066299376968914E+02    0.493998201179300267E+01    0.696520248358524885E+00   -0.254832163303507116E+03
    0.332598101853672787E+02    0.506917533627583694E+01    0.653338289693570218E+00   -0.254894461649855685E+03
    0.333315313409166976E+02    0.500618754394770349E+01    0.679881875852372697E+00   -0.254803553719296588E+03
    0.333315313409166976E+02    0.500618754394770349E+01    0.679881875852372697E+00   -0.254803553719296588E+03
    0.332321013176333366E+02    0.509110623907987758E+01    0.648110288287882197E+00   -0.254921934046057572E+03
    0.333525760926237780E+02    0.498134527612628819E+01    0.690803327406928402E+00   -0.254636158185591000E+03
    0.333525760926237780E+02    0.498134527612628819E+01    0.690803327406928402E+00   -0.254636158185591000E+03
    0.333521245819252385E+02    0.497301665710154062E+01    0.700099253185079817E+00   -0.254671372155111470E+03
    0.334174218726600714E+02    0.492145310572359929E+01    0.705407819273855541E+00   -0.254929868098082295E+03
    0.334054908561104114E+02    0.494341534078934242E+01    0.696983330568704096E+00   -0.254922247408335295E+03
    0.332707771980091280E+02    0.504494363812813162E+01    0.679391306017327889E+00   -0.254614689287751389E+03
    0.333049766070356696E+02    0.501096609947494809E+01    0.703403428808913489E+00   -0.255083818001035439E+03
    0.331539841838739306E+02    0.514195547220740501E+01    0.651963542789555373E+00   -0.254970207797118405E+03
    0.331539841838739306E+02    0.514195547220740501E+01    0.651963542789555373E+00   -0.254970207797118405E+03
    0.333351392923001413E+02    0.499123404376269075E+01    0.688722311509047058E+00   -0.254583568603246306E+03
    0.332804599487624415E+02    0.503490618125379985E+01    0.688502975447106813E+00   -0.254765985876597341E+03
    0.334336951892396712E+02    0.490880941148604055E+01    0.713185424694282366E+00   -0.254946676359028714E+03
    0.331608774930405730E+02    0.513757877190573886E+01    0.645903247058771557E+00   -0.254949344755979439E+03
    0.332295980929164614E+02    0.506922798288829313E+01    0.667154989188719405E+00   -0.255074507764155811E+03
    0.331824149526489691E+02    0.510899956154238755E+01    0.669073475432490183E+00   -0.254953404916861643E+03
    0.332121871226456236E+02    0.508562940343101744E+01    0.676685072401279619E+00   -0.254861600038399331E+03
    0.334075460207960262E+02    0.493499020786604525E+01    0.697438907529606023E+00   -0.254832912394373494E+03
    0.333657234965359706E+02    0.497779823994928439E+01    0.675600048931939368E+00   -0.254886394436493021E+03
    0.334476684529424233E+02    0.490373813397292491E+01    0.702012434534550867E+00   -0.255109634951266827E+03
    0.334014475592607596E+02    0.494238094553933927E+01    0.693581228081296297E+00   -0.254815144532837564E+03
    0.334014475592607596E+02    0.494238094553933927E+01    0.693581228081296297E+00   -0.254815144532837564E+03
    0.333002928808504635E+02    0.502400837870166228E+01    0.687538541054312669E+00   -0.254819795893387834E+03
    0.333380195564711173E+02    0.499391817444178443E+01    0.687526054770746020E+00   -0.254623543677387261E+03
    0.332872685441539602E+02    0.502289905925007751E+01    0.683823753192696948E+00   -0.254744272849996719E+03
    0.333516518549521521E+02    0.497113270472993207E+01    0.710992463824882348E+00   -0.254929528999920706E+03
    0.332367174422478371E+02    0.509165826174571645E+01    0.644439127761397557E+00   -0.255112706988729173E+03
    0.334104998585429982E+02    0.492613777669649799E+01    0.712585374403176375E+00   -0.254863296402998884E+03
    0.334104998585429982E+02    0.492613777669649799E+01    0.712585374403176375E+00   -0.254863296402998884E+03
    0.331810767741221042E+02    0.510842321126183219E+01    0.672182544923249914E+00   -0.255032034958640764E+03
    0.333538934620585863E+02    0.497912422835767554E+01    0.679502515346609659E+00   -0.254868726212881029E+03
    0.332680657981815884E+02    0.505200848632619959E+01    0.674577339172321100E+00   -0.254682383068204700E+03
    0.332954919165204615E+02    0.502138116562976045E+01    0.687681842688533385E+00   -0.254606331033107523E+03
    0.332954919165204615E+02    0.502138116562976045E+01    0.687681842688533385E+00   -0.254606331033107523E+03
    0.332863380829182915E+02    0.502487244470465377E+01    0.676037659793579659E+00   -0.254950603259643685E+03
    0.332651363867445227E+02    0.506466235256234043E+01    0.645693158067684236E+00   -0.255147483830589124E+03
    0.332863385927844746E+02    0.503404214082094814E+01    0.674020880105204334E+00   -0.254561832448255046E+03
    0.332863385927844746E+02    0.503404214082094814E+01    0.674020880105204334E+00   -0.254561832448255046E+03
    0.333330347265521425E+02    0.500502232996733465E+01    0.673168800172548876E+00   -0.254735994642598257E+03
    0.332130187903486274E+02    0.510228304590144610E+01    0.641460312584195447E+00   -0.255067429938890655E+03
    0.333287217746229274E+02    0.498807435010450906E+01    0.700446336858304264E+00   -0.254737158921286067E+03
    0.332809725469047066E+02    0.503753855319841115E+01    0.681749235129591180E+00   -0.254639090740151175E+03
    0.332809725469047066E+02    0.503753855319841115E+01    0.681749235129591180E+00   -0.254639090740151175E+03
    0.332031831731378304E+02    0.508807012797684877E+01    0.675954593480251553E+00   -0.254984186689826714E+03
    0.332380835536411183E+02    0.506523497546392942E+01    0.668142429120758496E+00   -0.254849468197073747E+03
    0.332735957719259474E+02    0.505038407702476810E+01    0.668761552183319008E+00   -0.254649180489103969E+03
    0.331373601578320844E+02    0.516112227419783309E+01    0.637490481450693092E+00   -0.255114596421696035E+03
    0.332966117307909215E+02    0.501310120533308634E+01    0.696727630584205393E+00   -0.254778791416285628E+03
    0.332966117307909215E+02    0.501310120533308634E+01    0.696727630584205393E+00   -0.254778791416285628E+03
    0.332275339843160182E+02    0.507593376775379390E+01    0.666235390218638535E+00   -0.254750634448039307E+03
    0.333289049925275336E+02    0.500278312585163576E+01    0.684962873899851110E+00   -0.254647935775355791E+03
    0.332614460968823948E+02    0.506436851338607852E+01    0.665529718088772482E+00   -0.254866663050283847E+03
    0.333628303364399486E+02    0.495648992054795290E+01    0.709373036602463092E+00   -0.254940067413045767E+03
    0.332345268093723547E+02    0.506425460008221506E+01    0.689810991494009262E+00   -0.255057779722157107E+03
    0.333024448891405527E+02    0.501385769381222879E+01    0.674734899333992000E+00   -0.255024363305956257E+03
    0.334335996678716256E+02    0.492477308579686479E+01    0.693666564350911674E+00   -0.255153678732606409E+03
    0.331960400998965355E+02    0.511555994698219418E+01    0.659129078173062766E+00   -0.255154306327533703E+03
    0.332197074842996329E+02    0.507770385692428139E+01    0.675799021151228696E+00   -0.254819508028455147E+03
    0.333008027376118179E+02    0.502708519302603385E+01    0.669291290708922681E+00   -0.254636649497487895E+03
    0.333825016336069638E+02    0.496844573762449304E+01    0.675400167375734273E+00   -0.255054381364883682E+03
    0.332528498971773914E+02    0.504604661461358628E+01    0.686560986779220395E+00   -0.254908167821274418E+03
    0.333185144497598813E+02    0.499657664954152203E+01    0.704844593479974413E+00   -0.254882990587909234E+03
    0.333271120285721949E+02    0.498696587128789304E+01    0.692339482556830643E+00   -0.255008898150163645E+03
    0.333030317262492659E+02    0.503132642305860944E+01    0.671245095785786727E+00   -0.254828057980824042E+03
    0.333340478361572679E+02    0.498330904930558649E+01    0.690474641420993573E+00   -0.254984307970092232E+03
    0.333472629583068496E+02    0.499280240856825674E+01    0.687390688468980660E+00   -0.254944009057467156E+03
    0.331569286456676693E+02    0.512832540126662373E+01    0.666324234181296826E+00   -0.255134850526701115E+03
    0.331826183177065417E+02    0.513068043985617628E+01    0.647720849102740193E+00   -0.255165309255924825E+03
    0.333862790238328841E+02    0.494296009112964274E+01    0.720205633745245599E+00   -0.255113962103705234E+03
    0.332511620827119998E+02    0.504999489499521559E+01    0.685046283208110118E+00   -0.254808199344821418E+03
    0.333679632734919593E+02    0.496483496704031779E+01    0.689437619847202088E+00   -0.254757939031939287E+03
    0.333679632734919593E+02    0.496483496704031779E+01    0.689437619847202088E+00   -0.254757939031939287E+03
    0.333077572868601095E+02    0.502703916216636593E+01    0.667865220992842401E+00   -0.254752024881269932E+03
    0.334363166532590625E+02    0.491223283943372735E+01    0.702624142320092182E+00   -0.254984990500869174E+03
    0.332112432217063684E+02    0.509000097110498739E+01    0.659145129831496313E+00   -0.254882819110952369E+03
    0.332635196421711115E+02    0.505341228637398032E+01    0.679461414878111514E+00   -0.254781915440202852E+03
    0.332458719471140753E+02    0.506471165458281192E+01    0.660490622140224359E+00   -0.254857542133575322E+03
    0.332673992027423537E+02    0.505349982030315648E+01    0.672006470026787150E+00   -0.254661007113434863E+03
    0.332025967697862612E+02    0.510706639382217809E+01    0.660106554630871978E+00   -0.254886085069133202E+03
    0.332025967697862612E+02    0.510706639382217809E+01    0.660106554630871978E+00   -0.254886085069133202E+03
    0.332688026070989480E+02    0.505710964028340726E+01    0.648856998652815320E+00   -0.255152909933358870E+03
    0.332685329549209996E+02    0.505739290014083132E+01    0.663226784350217313E+00   -0.254715522155329381E+03
    0.333781578236562098E+02    0.494148721876711239E+01    0.714983202900074555E+00   -0.255110496114511307E+03
    0.333861141584398382E+02    0.495358704959993101E+01    0.693008046165424552E+00   -0.254727807245880001E+03
    0.331799906304659871E+02    0.511022776054747663E+01    0.664673910943288981E+00   -0.254981759848007584E+03
    0.334027618491587361E+02    0.492831212324559687E+01    0.720850687247289290E+00   -0.255024513970710899E+03
    0.333245798998473575E+02    0.499756418819574755E+01    0.687228942122025566E+00   -0.254612055158042779E+03
    0.333245798998473575E+02    0.499756418819574755E+01    0.687228942122025566E+00   -0.254612055158042779E+03
    0.332952394762823332E+02    0.502370877249748382E+01    0.691603800384469114E+00   -0.254802397505670285E+03
    0.332900794735468253E+02    0.502133181823903119E+01    0.696920192068412270E+00   -0.254834538159822017E+03
    0.334416291013326656E+02    0.490737601231160969E+01    0.708347600250433751E+00   -0.254973380047913878E+03
    0.331814580381704616E+02    0.512850242483490337E+01    0.637447520215854713E+00   -0.255079883534400125E+03
    0.331855168249799064E+02    0.512407815987021031E+01    0.653691540771406787E+00   -0.255037639519852206E+03
    0.334281028964606932E+02    0.492528296142223265E+01    0.690771072310535472E+00   -0.255093072570479791E+03
    0.332525659800639204E+02    0.506505210164388764E+01    0.670654011762010560E+00   -0.254701457989888667E+03
    0.332525659800639204E+02    0.506505210164388764E+01    0.670654011762010560E+00   -0.254701457989888667E+03
    0.332474521627252741E+02    0.507428893742492626E+01    0.654797285983650945E+00   -0.254757538818896847E+03
    0.333587360562692012E+02    0.497696204935896347E+01    0.679269883261162777E+00   -0.254847665218659643E+03
    0.333117573433014584E+02    0.501518577661639231E+01    0.686249929448938367E+00   -0.254697940151140813E+03
    0.333117573433014584E+02    0.501518577661639231E+01    0.686249929448938367E+00   -0.254697940151140813E+03
    0.334339669007815843E+02    0.490916533361818619E+01    0.703926853176897294E+00   -0.255116575080956665E+03
    0.332056917642751515E+02    0.508713188650710535E+01    0.673991987501177725E+00   -0.254933607279322075E+03
    0.332906860620159222E+02    0.503735219125716505E+01    0.664608928340167937E+00   -0.254683506770871531E+03
    0.333692435402236853E+02    0.494978878080614138E+01    0.715961546126413606E+00   -0.255028821130930936E+03
    0.334034130740874957E+02    0.494351853518034989E+01    0.688706247843885677E+00   -0.254906912819200784E+03
    0.332992949410525299E+02    0.503572795697013476E+01    0.660397621852032213E+00   -0.254848109171410812E+03
    0.332992949410525299E+02    0.503572795697013476E+01    0.660397621852032213E+00   -0.254848109171410812E+03
    0.332542517295282423E+02    0.505944659791090423E+01    0.667284680206366887E+00   -0.254609622490143238E+03
    0.332542517295282423E+02    0.505944659791090423E+01    0.667284680206366887E+00   -0.254609622490143238E+03
    0.331518662499687906E+02    0.514512963055035577E+01    0.644532768242445542E+00   -0.254989028096520457E+03
    0.332202565054414762E+02    0.509517860516090071E+01    0.665896000950696898E+00   -0.255124920271496478E+03
    0.333130411727300100E+02    0.502675121910970901E+01    0.662900807817527804E+00   -0.254924173644446142E+03
    0.331675936202840091E+02    0.513442388804774552E+01    0.647975633114185046E+00   -0.254905529847058318E+03
    0.331376805986596210E+02    0.515837036017387174E+01    0.647816558660146979E+00   -0.255137075552470833E+03
    0.333137428480580837E+02    0.501219747627966949E+01    0.689569503864538857E+00   -0.254737294632221335E+03
    0.332009122990691381E+02    0.510577245288195591E+01    0.665047677068949294E+00   -0.254943385763823585E+03
    0.334056422843043208E+02    0.494744234018457085E+01    0.689259264462297905E+00   -0.255011966123857974E+03
    0.334425293703204289E+02    0.489724226154528974E+01    0.726532629146947939E+00   -0.255154864029596723E+03
    0.331858091632068053E+02    0.512646433952595615E+01    0.646099165761325422E+00   -0.254995104623086519E+03
    0.334053387694909958E+02    0.493782196243580973E+01    0.712055898466375625E+00   -0.255143930216717507E+03
    0.333941729407539825E+02    0.494423245318389082E+01    0.692394902567352699E+00   -0.254902564488740211E+03
    0.332975164765409630E+02    0.502576804486790607E+01    0.663872935940230446E+00   -0.255001503791470299E+03
    0.332964236681788108E+02    0.501862651863840981E+01    0.698850668546395215E+00   -0.254954191419361024E+03
    0.332964236681788108E+02    0.501862651863840981E+01    0.698850668546395215E+00   -0.254954191419361024E+03
    0.333876309095734740E+02    0.493815531302610111E+01    0.712465981222222711E+00   -0.254939905393593705E+03
    0.333358581359466299E+02    0.498754401370135447E+01    0.693828021447038368E+00   -0.254615312318359258E+03
    0.333358581359466299E+02    0.498754401370135447E+01    0.693828021447038368E+00   -0.254615312318359258E+03
    0.331999647595875089E+02    0.509131244665666305E+01    0.672190025482785503E+00   -0.254981183021804583E+03
    0.333950208670090234E+02    0.494726812108653569E+01    0.690824486542424010E+00   -0.254825227230567094E+03
    0.332612410185011242E+02    0.505273072258785660E+01    0.662923458796966125E+00   -0.254829147994984481E+03
    0.332737926950612106E+02    0.505174439232975470E+01    0.670731117506483399E+00   -0.254767659062034966E+03
    0.332737926950612106E+02    0.505174439232975470E+01    0.670731117506483399E+00   -0.254767659062034966E+03
    0.332474389757508817E+02    0.507411547079501624E+01    0.669751117498413095E+00   -0.255070489755569639E+03
    0.332578677594558485E+02    0.506570194481817637E+01    0.666690273040732917E+00   -0.254823197937693351E+03
    0.332578677594558485E+02    0.506570194481817637E+01    0.666690273040732917E+00   -0.254823197937693351E+03
    0.333967693606993734E+02    0.493893532856224127E+01    0.711492096301243215E+00   -0.254858193935105447E+03
    0.334053701003099590E+02    0.493317532713559093E+01    0.704348551197351069E+00   -0.254795558775542219E+03
    0.333155918744450901E+02    0.499935846085542845E+01    0.686414778934713032E+00   -0.254887220881346479E+03
    0.332303802428023261E+02    0.508959949980965654E+01    0.647712090090204584E+00   -0.254882341244180054E+03
    0.334074137544657646E+02    0.493424756435734047E+01    0.707812741466357975E+00   -0.254856916419202662E+03
    0.331920745092673428E+02    0.509735436795939201E+01    0.672729427052383033E+00   -0.255019521446839832E+03
    0.332230531499026469E+02    0.508097865697715001E+01    0.655263524175575429E+00   -0.255136937676202791E+03
    0.332591321395796982E+02    0.504409510277259887E+01    0.687046701422332706E+00   -0.254780556734883703E+03
    0.332346888270823158E+02    0.507410505967546310E+01    0.666984291568191390E+00   -0.254632695370046633E+03
    0.332346888270823158E+02    0.507410505967546310E+01    0.666984291568191390E+00   -0.254632695370046633E+03
    0.332183416133347578E+02    0.507775256657742791E+01    0.685436048571640533E+00   -0.255064618989142730E+03
    0.333764614499392920E+02    0.495689074253526041E+01    0.712529789986797280E+00   -0.255094913517781890E+03
    0.332464796782556675E+02    0.506150374205548648E+01    0.681255163547339504E+00   -0.254762953767240873E+03
    0.332464796782556675E+02    0.506150374205548648E+01    0.681255163547339504E+00   -0.254762953767240873E+03
    0.332118755479738894E+02    0.508728450414861477E+01    0.674761733797774932E+00   -0.254826868286442988E+03
    0.332118755479738894E+02    0.508728450414861477E+01    0.674761733797774932E+00   -0.254826868286442988E+03
    0.333028130703696164E+02    0.501203782188178870E+01    0.687615265131302000E+00   -0.254647010485617017E+03
    0.332934381886787989E+02    0.502666457277888146E+01    0.674414900117254357E+00   -0.254608532169684736E+03
    0.334313490650817755E+02    0.491295402708833873E+01    0.712401179185631506E+00   -0.254929723830264862E+03
    0.332876599700497735E+02    0.502852335341522405E+01    0.685103617986493774E+00   -0.254599415117971006E+03
    0.333044669504987567E+02    0.502905519268182388E+01    0.671772083031016987E+00   -0.254766276872369815E+03
    0.334121833482862485E+02    0.493777463122729721E+01    0.694531512093320647E+00   -0.254904018631967290E+03
    0.334035225778829385E+02    0.492872242894777735E+01    0.713124002161974913E+00   -0.254887057574964729E+03
    0.332091259258852176E+02    0.509103073457549371E+01    0.664119159211253196E+00   -0.254772523628900672E+03
    0.334612725283550958E+02    0.489149120792339609E+01    0.708545694148035254E+00   -0.255138863228113905E+03
    0.331538044963304799E+02    0.515221869419842804E+01    0.636815150532913710E+00   -0.255121060909378741E+03
    0.333686466766211396E+02    0.496170684450457244E+01    0.706757156524020269E+00   -0.254797497145963604E+03
    0.333367002367108825E+02    0.498242036722196868E+01    0.703048576428686678E+00   -0.254746806169852874E+03
    0.332717385427506969E+02    0.503875225381519343E+01    0.673589819638327869E+00   -0.254781047196498292E+03
    0.332717385427506969E+02    0.503875225381519343E+01    0.673589819638327869E+00   -0.254781047196498292E+03
    0.333114713773186750E+02    0.501734886551442738E+01    0.680455269848954547E+00   -0.254626886413332642E+03
    0.333114713773186750E+02    0.501734886551442738E+01    0.680455269848954547E+00   -0.254626886413332642E+03
    0.333249842314158826E+02    0.499877521320657348E+01    0.689831286112989495E+00   -0.254578072632042620E+03
    0.332491139080454090E+02    0.506226922011891478E+01    0.683858762510474061E+00   -0.255010933454237403E+03
    0.334301823381538412E+02    0.491280698432667062E+01    0.716623077968500777E+00   -0.254987809393104015E+03
    0.333167313493593014E+02    0.499744823684621231E+01    0.689950624958299286E+00   -0.254840616887883925E+03
    0.332285102008827806E+02    0.508974554077863939E+01    0.647764250606544634E+00   -0.254881358883460052E+03
    0.334246131732634240E+02    0.492515079357155638E+01    0.693302731959443364E+00   -0.255025649312900413E+03
    0.334152630747201869E+02    0.493804835303480427E+01    0.687040137948987217E+00   -0.255045785225027146E+03
    0.333502969612243447E+02    0.497260102714724717E+01    0.713271078315610207E+00   -0.255071436927185744E+03
    0.331970978084170909E+02    0.510672851191464794E+01    0.653398186507805345E+00   -0.254803433945451587E+03
    0.333137804134517665E+02    0.500737527453452635E+01    0.673716644959996058E+00   -0.254991150299839745E+03
    0.333223256951668603E+02    0.501705692210131193E+01    0.666090233393811237E+00   -0.254850043290509973E+03
    0.332706537218415548E+02    0.505714771037336774E+01    0.648304140724770050E+00   -0.255141857299969075E+03
    0.334001177648847758E+02    0.494182743360041954E+01    0.693373606663824638E+00   -0.254839277491931426E+03
    0.332778757856185692E+02    0.503217727582100594E+01    0.692770119695303888E+00   -0.254800952033405281E+03
    0.331793651673745771E+02    0.512903720791345208E+01    0.653455161018140940E+00   -0.255098909386736125E+03
    0.332636007561786471E+02    0.504476902675339733E+01    0.679851585599111408E+00   -0.254646684409424552E+03
    0.332875436899983725E+02    0.502200293738125492E+01    0.691235664098877045E+00   -0.254711778570424059E+03
    0.332753052826254248E+02    0.503966803409960118E+01    0.683920543204782794E+00   -0.254661611143004478E+03
    0.332753052826254248E+02    0.503966803409960118E+01    0.683920543204782794E+00   -0.254661611143004478E+03
    0.333121547148002861E+02    0.500742404373477168E+01    0.688032048680957686E+00   -0.254583516944997314E+03
    0.333121547148002861E+02    0.500742404373477168E+01    0.688032048680957686E+00   -0.254583516944997314E+03
    0.333249169290195155E+02    0.500579499038239195E+01    0.684689541263237222E+00   -0.254645750194927928E+03
    0.332413783422319682E+02    0.508093088344844102E+01    0.649927798434341786E+00   -0.254856595558581830E+03
    0.332813235436460602E+02    0.502141075398976700E+01    0.702925954883710791E+00   -0.255067305418473097E+03
    0.332892256442402115E+02    0.503184413799182195E+01    0.675235187091483668E+00   -0.254555140795664016E+03
    0.333495753664083665E+02    0.497042270386679519E+01    0.694022030875417695E+00   -0.255018763509456676E+03
    0.332769985481845296E+02    0.504350460462786820E+01    0.661892697513192685E+00   -0.254817967584146942E+03
    0.333885824109376017E+02    0.495567040149125759E+01    0.685335334561448017E+00   -0.254853171002327144E+03
    0.332397894807820364E+02    0.507514856916765478E+01    0.672300122549687851E+00   -0.254870203924731129E+03
    0.332397894807820364E+02    0.507514856916765478E+01    0.672300122549687851E+00   -0.254870203924731129E+03
    0.332492425565330620E+02    0.505789830968985132E+01    0.676945768242748436E+00   -0.254644707543414029E+03
    0.333944266773972913E+02    0.493105157419100593E+01    0.710869584974099578E+00   -0.255115870938639489E+03
    0.333330842684974016E+02    0.498853863392796004E+01    0.684385484666671262E+00   -0.254887820857085188E+03
    0.334454730485364138E+02    0.490792884750213787E+01    0.711906749742997169E+00   -0.255153415234276679E+03
    0.331817392478265560E+02    0.512836799311905711E+01    0.642873005709659440E+00   -0.254957327733686412E+03
    0.334319282357267724E+02    0.490777141548404483E+01    0.723620805371345988E+00   -0.255107037040517298E+03
    0.333654179015497121E+02    0.497587634951677948E+01    0.674650322938511460E+00   -0.254971401517218766E+03
    0.332985305168183459E+02    0.503041005658428730E+01    0.681687133148756952E+00   -0.254922176021084056E+03
    0.332985305168183459E+02    0.503041005658428730E+01    0.681687133148756952E+00   -0.254922176021084056E+03
    0.332529565419707751E+02    0.507047001003019204E+01    0.662380540163191034E+00   -0.254786966234449949E+03
    0.332204361141728342E+02    0.508521205120462838E+01    0.655666556345464446E+00   -0.254924181106652242E+03
    0.333300686745008505E+02    0.500988531648417723E+01    0.674652799006576487E+00   -0.254844840181616803E+03
    0.333523740631336807E+02    0.496878721699566128E+01    0.696456205018816332E+00   -0.254895201326311764E+03
    0.333551965682093652E+02    0.497005158485625920E+01    0.709152375924524736E+00   -0.254881505423505473E+03
    0.332133086071018226E+02    0.509386882903846328E+01    0.659685605976692568E+00   -0.254695031719362277E+03
    0.333692936538851797E+02    0.496967030610008820E+01    0.696949219777505014E+00   -0.254829306203975051E+03
    0.333767246832897158E+02    0.495790036554668845E+01    0.711487160466183655E+00   -0.255117127628622001E+03
    0.332753942579759183E+02    0.504769685792204648E+01    0.668451190456107458E+00   -0.254608319768592025E+03
    0.332753942579759183E+02    0.504769685792204648E+01    0.668451190456107458E+00   -0.254608319768592025E+03
    0.331882452691084495E+02    0.510489324465724170E+01    0.660974338379605730E+00   -0.254981874834958688E+03
    0.332832343258855090E+02    0.504078122923033778E+01    0.680925563774890441E+00   -0.254876539857505094E+03
    0.333463702292387012E+02    0.499292005353199997E+01    0.691996982888480217E+00   -0.255144236428983191E+03
    0.333186629086713282E+02    0.501865921102873980E+01    0.660729431656848498E+00   -0.254969001765250454E+03
    0.332038715979183365E+02    0.508795173515333765E+01    0.670411844103617538E+00   -0.255017953311665678E+03
    0.334485244712840739E+02    0.489447805114855594E+01    0.724538198446867510E+00   -0.255130749558931058E+03
    0.333119932364723326E+02    0.501601833989756773E+01    0.685149240861160358E+00   -0.254712545351943589E+03
    0.332555716520163287E+02    0.504667610360944785E+01    0.695125626594421231E+00   -0.255046059181273648E+03
    0.332645861014971445E+02    0.503439826927700196E+01    0.690216743207811678E+00   -0.254997464014587337E+03
    0.333119340806870667E+02    0.502258917092031165E+01    0.680955795093441285E+00   -0.255027218227146392E+03
    0.332620974408798844E+02    0.505857272164193983E+01    0.667076229165878942E+00   -0.254631156030906254E+03
    0.332844121719530932E+02    0.502400703473247034E+01    0.700166360744966187E+00   -0.254984451481324953E+03
    0.332833714546712827E+02    0.502418365567979119E+01    0.678269369506761310E+00   -0.255096469859584573E+03
    0.331639710572980562E+02    0.512203217082199203E+01    0.663307102905949075E+00   -0.255097397316988150E+03
    0.333702903379685694E+02    0.495717914760966583E+01    0.697188920409231194E+00   -0.254837475730151169E+03
    0.332781680871906218E+02    0.504442616046444936E+01    0.658379277526942253E+00   -0.254922412546393673E+03
    0.332781680871906218E+02    0.504442616046444936E+01    0.658379277526942253E+00   -0.254922412546393673E+03
    0.333749903059265023E+02    0.494777486043801940E+01    0.702673389963812456E+00   -0.255116462104365695E+03
    0.333223516055145126E+02    0.501130832024352202E+01    0.678677276878157487E+00   -0.254679438357338370E+03
    0.333267070435038590E+02    0.500180983308690319E+01    0.687850681381629192E+00   -0.254617579115235941E+03
    0.333912617661461510E+02    0.496219786686309128E+01    0.685184230069969979E+00   -0.255115373064243101E+03
    0.332831288633931166E+02    0.504472876958069527E+01    0.675326019170817693E+00   -0.254913779636556512E+03
    0.333772264428451564E+02    0.495352158181287017E+01    0.712036114590144376E+00   -0.254914510081350585E+03
    0.332626787249136626E+02    0.506240383507452663E+01    0.666168163117538459E+00   -0.254811179673670978E+03
    0.332751228944675574E+02    0.502826014911493235E+01    0.682203173795745577E+00   -0.255078205056473337E+03
    0.332349707267955949E+02    0.508612504510319319E+01    0.662609491474009604E+00   -0.255023691900914883E+03
    0.333644737815969137E+02    0.497099867449804034E+01    0.690648003566942781E+00   -0.254643360423168531E+03
    0.333644737815969137E+02    0.497099867449804034E+01    0.690648003566942781E+00   -0.254643360423168531E+03
    0.331612148147922454E+02    0.513179164923241515E+01    0.659736525527645612E+00   -0.254974970724665695E+03
    0.333398485438565473E+02    0.500244989036433019E+01    0.680269677609006140E+00   -0.255004562450485736E+03
    0.332474419257374336E+02    0.506339880740727022E+01    0.658504852811405472E+00   -0.254987674755071936E+03
    0.332470649704238284E+02    0.506165795430029242E+01    0.665146806259868217E+00   -0.254781819558316101E+03
    0.331962018685356881E+02    0.510871698061274593E+01    0.656252278830264935E+00   -0.254757482293560429E+03
    0.334578008033120256E+02    0.489448849778604345E+01    0.708255760620976171E+00   -0.255104398005410189E+03
    0.331687866234621751E+02    0.512080412691348386E+01    0.662291793801232265E+00   -0.254985097426037385E+03
    0.332978462446261787E+02    0.500954234896744666E+01    0.690059112292694454E+00   -0.254960886638161639E+03
    0.332330891335492993E+02    0.507766527777216226E+01    0.663529368953204912E+00   -0.254638394582148464E+03
    0.334014976235647225E+02    0.494592069704740389E+01    0.682062468201188432E+00   -0.255123741780698452E+03
    0.332959528260316517E+02    0.502765074303328419E+01    0.669831178575145070E+00   -0.254657521485814300E+03
    0.334192495605539790E+02    0.493097328620626651E+01    0.703860191955629322E+00   -0.255024940620085431E+03
    0.333328215604618165E+02    0.499737353202167611E+01    0.696669603477739430E+00   -0.254966035470615680E+03
    0.333281415218861952E+02    0.499667351540478588E+01    0.701063666637947391E+00   -0.254944388860128498E+03
    0.331851999850306711E+02    0.510732283175134860E+01    0.674724219252156310E+00   -0.255081117478876962E+03
    0.333197088242371535E+02    0.500396938350308318E+01    0.676154809014501534E+00   -0.254815040294445765E+03
    0.332495683948893586E+02    0.506487753639543037E+01    0.678612715330770055E+00   -0.254910353161968629E+03
    0.332659325349031505E+02    0.503778747114827574E+01    0.682049867107801688E+00   -0.254855975549094381E+03
    0.332659325349031505E+02    0.503778747114827574E+01    0.682049867107801688E+00   -0.254855975549094381E+03
    0.332712255549717852E+02    0.504691519511483833E+01    0.682869830931362332E+00   -0.254847495449924452E+03
    0.332712255549717852E+02    0.504691519511483833E+01    0.682869830931362332E+00   -0.254847495449924452E+03
    0.332742532394769910E+02    0.504150291075497670E+01    0.683046291415271067E+00   -0.254673561246233959E+03
    0.332742532394769910E+02    0.504150291075497670E+01    0.683046291415271067E+00   -0.254673561246233959E+03
    0.334285194597395687E+02    0.492205377678302103E+01    0.693138003416589044E+00   -0.255078583150811710E+03
    0.333137283080579323E+02    0.499388511684221825E+01    0.707715493541723473E+00   -0.255023946533926136E+03
    0.333165749708236376E+02    0.500815052433601515E+01    0.691264280058447311E+00   -0.254695196718762560E+03
    0.333596148878558125E+02    0.498627787182943116E+01    0.678269179112432341E+00   -0.254898849150619839E+03
    0.333596148878558125E+02    0.498627787182943116E+01    0.678269179112432341E+00   -0.254898849150619839E+03
    0.332196478506818877E+02    0.509378445483329223E+01    0.664990690836227305E+00   -0.254927816451734202E+03
    0.333479820359242893E+02    0.498174886378955772E+01    0.691764695479022640E+00   -0.254600276635763862E+03
    0.333479820359242893E+02    0.498174886378955772E+01    0.691764695479022640E+00   -0.254600276635763862E+03
    0.333982459400883158E+02    0.494712899352156210E+01    0.693589041938095230E+00   -0.254800643520749674E+03
    0.333982459400883158E+02    0.494712899352156210E+01    0.693589041938095230E+00   -0.254800643520749674E+03
    0.331842515870102517E+02    0.512277719718053337E+01    0.644013362038282633E+00   -0.254921614203189137E+03
    0.334218386451714409E+02    0.492706005330272756E+01    0.704522171738324321E+00   -0.254948000163474660E+03
    0.333063787038370265E+02    0.501632591039143794E+01    0.673101992022043238E+00   -0.254733527114906735E+03
    0.333063787038370265E+02    0.501632591039143794E+01    0.673101992022043238E+00   -0.254733527114906735E+03
    0.332623165889272698E+02    0.505231332390158094E+01    0.665389741322897077E+00   -0.254704922746066586E+03
    0.332623165889272698E+02    0.505231332390158094E+01    0.665389741322897077E+00   -0.254704922746066586E+03
    0.332141467714311034E+02    0.509173745869001415E+01    0.654613398634305232E+00   -0.254854325034151515E+03
    0.332608506678315337E+02    0.506154389625148404E+01    0.649031792390534323E+00   -0.255153049096364612E+03
    0.331605687994329799E+02    0.514317080063447207E+01    0.634983989477293731E+00   -0.255165697756887795E+03
    0.332045572530874935E+02    0.508501435132832036E+01    0.680416314283375900E+00   -0.255073235414127168E+03
    0.332306002079315235E+02    0.507654448429607630E+01    0.656177788720192501E+00   -0.255007813558141720E+03
    0.333002166217438855E+02    0.502177233850994043E+01    0.686320430300416451E+00   -0.254648216861508217E+03
    0.334346593549028341E+02    0.491236242714511206E+01    0.715384460212929896E+00   -0.255059044925451531E+03
    0.331827175713150950E+02    0.511593729502592520E+01    0.666309461451657814E+00   -0.254986102950846998E+03
    0.333278611744457578E+02    0.498196497717029985E+01    0.710534516892599721E+00   -0.255044058019264043E+03
    0.332654544101662140E+02    0.506047030322681834E+01    0.663053841442844849E+00   -0.254747596406447173E+03
    0.332181259994617051E+02    0.509190045338684261E+01    0.647074050040166493E+00   -0.255087143330159279E+03
    0.332475987161003133E+02    0.506581433269956438E+01    0.662287552080553676E+00   -0.254678276739724595E+03
    0.332475987161003133E+02    0.506581433269956438E+01    0.662287552080553676E+00   -0.254678276739724595E+03
    0.332573278844434697E+02    0.506907286734167606E+01    0.647080591187663035E+00   -0.255044514443336936E+03
    0.333528896109003909E+02    0.498722560526734338E+01    0.669759031230985680E+00   -0.255017861875695786E+03
    0.334131076365024029E+02    0.491764124603974295E+01    0.725254574890416448E+00   -0.255123139982665151E+03
    0.334348972915454752E+02    0.491687526193590507E+01    0.700626784286232152E+00   -0.254980081556073401E+03
    0.331801108322063243E+02    0.513354409320989191E+01    0.642545125193544231E+00   -0.255113127343648443E+03
    0.333367815188029013E+02    0.498767512858103768E+01    0.683135869304825283E+00   -0.254829401189964955E+03
    0.334184110992955752E+02    0.492884839983563960E+01    0.708623226736518008E+00   -0.255024938651110062E+03
    0.332001462883081899E+02    0.509397603946568189E+01    0.674991604111004895E+00   -0.254921862556884065E+03
    0.332432415016900364E+02    0.506414561708192323E+01    0.674135883939941394E+00   -0.254637539895046359E+03
    0.332432415016900364E+02    0.506414561708192323E+01    0.674135883939941394E+00   -0.254637539895046359E+03
    0.332242551517714730E+02    0.508831693761690396E+01    0.652306349144391895E+00   -0.254802145916941754E+03
    0.332670620485567667E+02    0.505675631354550781E+01    0.668746290071585592E+00   -0.254728488265236848E+03
    0.332670620485567667E+02    0.505675631354550781E+01    0.668746290071585592E+00   -0.254728488265236848E+03
    0.331988994051388886E+02    0.509577035622397467E+01    0.675295570460420547E+00   -0.254941391177475083E+03
    0.332614493786661640E+02    0.507154600065264916E+01    0.651703064385909858E+00   -0.255073486981942494E+03
    0.333092483381637194E+02    0.502762450351309287E+01    0.657668174681757867E+00   -0.254996260858442298E+03
    0.333844904096892847E+02    0.495557219982166242E+01    0.685565324848512514E+00   -0.254901168504189826E+03
    0.333648167700760467E+02    0.498516613286763643E+01    0.680271646772473204E+00   -0.255152489541024636E+03
    0.332624452927559560E+02    0.505204411083970317E+01    0.659792117473525064E+00   -0.255004353520915600E+03
    0.332978714904256137E+02    0.502829186461374622E+01    0.685814210236816768E+00   -0.254930962483433461E+03
    0.333935785905471718E+02    0.492889029229397213E+01    0.720397761407417514E+00   -0.255154876919405325E+03
    0.334017149478012385E+02    0.493284074695183516E+01    0.699196675218552333E+00   -0.255042876538466118E+03
    0.332406769088709169E+02    0.505785925757846222E+01    0.677358737560620261E+00   -0.254925201467338184E+03
    0.332541708810221692E+02    0.504873538346171902E+01    0.671219879838605871E+00   -0.255116417462578653E+03
    0.332293509028998884E+02    0.509156693149887740E+01    0.657454946965145393E+00   -0.254948678927806526E+03
    0.332233675636298642E+02    0.508677439611552629E+01    0.664710678684395262E+00   -0.254691978477618648E+03
    0.331733743916894426E+02    0.512725132201004286E+01    0.659731880427226303E+00   -0.255013385296038649E+03
    0.332808210127477224E+02    0.501782799969814430E+01    0.701737333978082134E+00   -0.255155650492506311E+03
    0.333861729942073353E+02    0.496077812058121648E+01    0.687167641120852712E+00   -0.254841971441144295E+03
    0.331935299228057232E+02    0.509417643438127499E+01    0.678383188099983769E+00   -0.255114679074476726E+03
    0.333258411453800747E+02    0.500499635356922035E+01    0.673681025001359846E+00   -0.254697644484755671E+03
    0.333161815790936870E+02    0.500742648946047630E+01    0.675002360396825374E+00   -0.254795996921897199E+03
    0.333748296914573928E+02    0.496846546186838012E+01    0.673477301602776635E+00   -0.255164866717930437E+03
    0.333892605539689029E+02    0.493918594996651006E+01    0.705304487103335043E+00   -0.254939827640141090E+03
    0.333697862939052641E+02    0.494706206645083046E+01    0.714127571085507062E+00   -0.255158919141302164E+03
    0.332264048156755223E+02    0.508203950658776371E+01    0.650792849678322849E+00   -0.255154760891466509E+03
    0.333843325981932111E+02    0.496111587945778698E+01    0.684452943239675982E+00   -0.254828698035872776E+03
    0.332545295752677532E+02    0.507786296753366351E+01    0.645187603680310806E+00   -0.255144311758243504E+03
    0.334053179750579261E+02    0.494779612048295725E+01    0.689167492301393958E+00   -0.255014537388802665E+03
    0.331372048373666033E+02    0.515092788638480314E+01    0.651703094081269807E+00   -0.255077868323499871E+03
    0.332895329105258213E+02    0.502840274682823285E+01    0.695500671281589655E+00   -0.255113812825375533E+03
    0.332275319111666008E+02    0.509576257279033573E+01    0.648583843016677486E+00   -0.254965871067355437E+03
    0.332429129875329323E+02    0.505707692092745997E+01    0.680517975025092037E+00   -0.254815918002697998E+03
    0.332648965751711572E+02    0.504028610811193634E+01    0.682114274943512178E+00   -0.254754955666391368E+03
    0.332736588747349913E+02    0.504535395142467902E+01    0.661493684201483800E+00   -0.254854503209290073E+03
    0.333057888274656193E+02    0.502958243154130624E+01    0.669661682063859454E+00   -0.254815114388472750E+03
    0.332749473482390599E+02    0.504784022576235891E+01    0.655944891208720460E+00   -0.254989911557345437E+03
    0.333442039100199707E+02    0.500177432483342166E+01    0.676933429643257645E+00   -0.255113494966967437E+03
    0.331735958065578416E+02    0.511918515283899112E+01    0.653371219491433397E+00   -0.255064582494881222E+03
    0.333165165466632232E+02    0.499786761370803045E+01    0.697828150610017572E+00   -0.254729294665169903E+03
    0.333967191527678509E+02    0.495252645330977170E+01    0.678506109516649358E+00   -0.255136705741628077E+03
    0.334066331997595398E+02    0.493849181550865701E+01    0.685802350513002645E+00   -0.255164276657320869E+03
    0.334027217136134809E+02    0.494279238434032209E+01    0.703240320512884987E+00   -0.254945264360276354E+03
    0.331912856633610858E+02    0.511939582193520337E+01    0.651581846243787677E+00   -0.254920965711901431E+03
    0.332828625523872859E+02    0.504313586063731023E+01    0.655344280819399660E+00   -0.255026718237479116E+03
    0.332591875257842844E+02    0.505898043059963953E+01    0.662262032444250082E+00   -0.254657508502429266E+03
    0.332591875257842844E+02    0.505898043059963953E+01    0.662262032444250082E+00   -0.254657508502429266E+03
    0.333090057415333689E+02    0.500246981839135163E+01    0.695399214263995757E+00   -0.254776639961798651E+03
    0.333198258235328666E+02    0.501492808209752283E+01    0.686193867072521280E+00   -0.255123818889572107E+03
    0.333963281601365480E+02    0.494749958833196413E+01    0.704327476710690625E+00   -0.254983694908299583E+03
    0.334447762023643733E+02    0.491360812930682034E+01    0.698455446448431272E+00   -0.255149038622431959E+03
    0.334048173459989428E+02    0.493000152159630023E+01    0.721569868601933062E+00   -0.255144579043297085E+03
    0.334102244375998012E+02    0.492912366655576051E+01    0.694545760325916861E+00   -0.255165996848426317E+03
    0.333725287831724771E+02    0.497090029049615989E+01    0.684230024311985319E+00   -0.254769121788512251E+03
    0.332883144420983044E+02    0.502783136026865840E+01    0.679066602470945857E+00   -0.254590050554648087E+03
    0.333246433469850274E+02    0.499823126046432353E+01    0.688667401422161429E+00   -0.254582420404447873E+03
    0.333246433469850274E+02    0.499823126046432353E+01    0.688667401422161429E+00   -0.254582420404447873E+03
    0.333723546167387823E+02    0.495735538732285352E+01    0.706786053154426330E+00   -0.254758766332154892E+03
    0.332441426961762616E+02    0.508610881262737990E+01    0.648937164666932631E+00   -0.255134955852057345E+03
    0.333649080123301474E+02    0.498345883991123451E+01    0.682020286574402834E+00   -0.255067064192237098E+03
    0.334134655349927883E+02    0.492763893693758437E+01    0.711168261038645610E+00   -0.254886719534882388E+03
    0.333172858566563690E+02    0.499927488469503434E+01    0.681565797561556774E+00   -0.255038511572559059E+03
    0.333578024669309130E+02    0.495825969082179530E+01    0.717226503586375519E+00   -0.255080372726302073E+03
    0.334075318854937962E+02    0.493311078703455053E+01    0.713834943624264695E+00   -0.255024057482139625E+03
    0.332303872002406706E+02    0.509509941622123996E+01    0.651076443480010481E+00   -0.255089210523056835E+03
    0.333704760962448006E+02    0.497077145758677830E+01    0.690743308872333595E+00   -0.254757457436571968E+03
    0.333704760962448006E+02    0.497077145758677830E+01    0.690743308872333595E+00   -0.254757457436571968E+03
    0.331786681410969706E+02    0.511167089259069840E+01    0.659717979097784180E+00   -0.255070309637012997E+03
    0.333458721630575710E+02    0.498515022781086792E+01    0.679619009594758849E+00   -0.254795347341486433E+03
    0.333344991620386466E+02    0.499079627982292440E+01    0.675492407106715431E+00   -0.255158427186292613E+03
    0.332234788145100239E+02    0.509187167186357037E+01    0.652259405943554582E+00   -0.254765639480265605E+03
    0.333803884397301971E+02    0.494743501858005885E+01    0.704876652393749414E+00   -0.254823383177594820E+03
    0.332193540917724590E+02    0.509576385240108198E+01    0.642889609838401821E+00   -0.255089149813055030E+03
    0.333838275320055686E+02    0.494858061544900529E+01    0.716442348780452876E+00   -0.255108975469176983E+03
    0.334119166528647540E+02    0.492501300272126485E+01    0.706898265785663615E+00   -0.254886973850497128E+03
    0.333246213018115753E+02    0.499698929260343849E+01    0.677043464202419787E+00   -0.255070832497467421E+03
    0.333252776213148820E+02    0.499591224626304875E+01    0.691849030546546451E+00   -0.254605987482797815E+03
